ISO-10303-21;
HEADER;
/* Generated by software containing ST-Developer
 * from STEP Tools, Inc. (www.steptools.com) 
 */

FILE_DESCRIPTION(
/* description */ ('',
'CAx-IF Rec.Pracs.---Representation and Presentation of Product Manufa
cturing Information (PMI)---4.0---2014-10-13'),
/* implementation_level */ '2;1');

FILE_NAME(
/* name */ '16.000 Crysral.step',
/* time_stamp */ '2024-12-22T18:16:07+05:30',
/* author */ (''),
/* organization */ (''),
/* preprocessor_version */ 'ST-DEVELOPER v20',
/* originating_system */ 'Autodesk Translation Framework v13.20.0.188',

/* authorisation */ '');

FILE_SCHEMA (('AP242_MANAGED_MODEL_BASED_3D_ENGINEERING_MIM_LF { 1 0 10303 442 1 1 4 }'));
ENDSEC;

DATA;
#10=MECHANICAL_DESIGN_GEOMETRIC_PRESENTATION_REPRESENTATION('',(#35,#36,
#37,#38,#39,#40,#41),#5472);
#11=SHAPE_REPRESENTATION_RELATIONSHIP('SRR','None',#5479,#12);
#12=ADVANCED_BREP_SHAPE_REPRESENTATION('',(#13),#5471);
#13=MANIFOLD_SOLID_BREP('Body1',#2630);
#14=TOROIDAL_SURFACE('',#2678,2.27,0.05);
#15=TOROIDAL_SURFACE('',#2685,2.27000000000001,0.05);
#16=TOROIDAL_SURFACE('',#2691,2.27,0.05);
#17=TOROIDAL_SURFACE('',#2697,2.27,0.05);
#18=TOROIDAL_SURFACE('',#2716,1.65,0.25);
#19=TOROIDAL_SURFACE('',#2721,1.65,0.25);
#20=TOROIDAL_SURFACE('',#2726,1.65,0.25);
#21=TOROIDAL_SURFACE('',#2731,1.65,0.25);
#22=FACE_BOUND('',#880,.T.);
#23=FACE_BOUND('',#882,.T.);
#24=FACE_BOUND('',#883,.T.);
#25=FACE_BOUND('',#884,.T.);
#26=FACE_BOUND('',#885,.T.);
#27=FACE_BOUND('',#886,.T.);
#28=FACE_BOUND('',#887,.T.);
#29=FACE_BOUND('',#909,.T.);
#30=FACE_BOUND('',#932,.T.);
#31=FACE_BOUND('',#963,.T.);
#32=FACE_BOUND('',#978,.T.);
#33=FACE_BOUND('',#1001,.T.);
#34=FACE_BOUND('',#1002,.T.);
#35=STYLED_ITEM('',(#5490),#2493);
#36=STYLED_ITEM('',(#5490),#2498);
#37=STYLED_ITEM('',(#5490),#2519);
#38=STYLED_ITEM('',(#5490),#2541);
#39=STYLED_ITEM('',(#5490),#2563);
#40=STYLED_ITEM('',(#5490),#2593);
#41=STYLED_ITEM('',(#5489),#13);
#42=B_SPLINE_CURVE_WITH_KNOTS('',3,(#3169,#3170,#3171,#3172,#3173),
 .UNSPECIFIED.,.F.,.F.,(4,1,4),(0.,0.0132885634729739,0.0288077816047779),
 .UNSPECIFIED.);
#43=B_SPLINE_CURVE_WITH_KNOTS('',3,(#3175,#3176,#3177,#3178,#3179),
 .UNSPECIFIED.,.F.,.F.,(4,1,4),(-0.0288077816047779,-0.0132885634729739,
0.),.UNSPECIFIED.);
#44=B_SPLINE_CURVE_WITH_KNOTS('',3,(#3192,#3193,#3194,#3195,#3196),
 .UNSPECIFIED.,.F.,.F.,(4,1,4),(0.,0.0155358078249504,0.028825553032444),
 .UNSPECIFIED.);
#45=B_SPLINE_CURVE_WITH_KNOTS('',3,(#3198,#3199,#3200,#3201,#3202),
 .UNSPECIFIED.,.F.,.F.,(4,1,4),(-0.028825553032444,-0.0155358078249504,
0.),.UNSPECIFIED.);
#46=B_SPLINE_CURVE_WITH_KNOTS('',3,(#3221,#3222,#3223,#3224,#3225),
 .UNSPECIFIED.,.F.,.F.,(4,1,4),(0.,0.0220758829835966,0.0430998195908448),
 .UNSPECIFIED.);
#47=B_SPLINE_CURVE_WITH_KNOTS('',3,(#3227,#3228,#3229,#3230,#3231),
 .UNSPECIFIED.,.F.,.F.,(4,1,4),(-0.0430998195908448,-0.0220758829835966,
0.),.UNSPECIFIED.);
#48=B_SPLINE_CURVE_WITH_KNOTS('',3,(#3244,#3245,#3246,#3247,#3248),
 .UNSPECIFIED.,.F.,.F.,(4,1,4),(0.,0.0189098547030699,0.034669523888344),
 .UNSPECIFIED.);
#49=B_SPLINE_CURVE_WITH_KNOTS('',3,(#3250,#3251,#3252,#3253,#3254),
 .UNSPECIFIED.,.F.,.F.,(4,1,4),(-0.034669523888344,-0.0189098547030699,
0.),.UNSPECIFIED.);
#50=B_SPLINE_CURVE_WITH_KNOTS('',3,(#3303,#3304,#3305,#3306,#3307),
 .UNSPECIFIED.,.F.,.F.,(4,1,4),(0.,0.0411140930152887,0.0671322115200147),
 .UNSPECIFIED.);
#51=B_SPLINE_CURVE_WITH_KNOTS('',3,(#3311,#3312,#3313,#3314,#3315),
 .UNSPECIFIED.,.F.,.F.,(4,1,4),(-0.0671322115200147,-0.0411140930152887,
0.),.UNSPECIFIED.);
#52=B_SPLINE_CURVE_WITH_KNOTS('',3,(#3328,#3329,#3330,#3331,#3332),
 .UNSPECIFIED.,.F.,.F.,(4,1,4),(0.,0.0177559528779816,0.0338501675283674),
 .UNSPECIFIED.);
#53=B_SPLINE_CURVE_WITH_KNOTS('',3,(#3334,#3335,#3336,#3337,#3338),
 .UNSPECIFIED.,.F.,.F.,(4,1,4),(-0.0338501675283674,-0.0177559528779816,
0.),.UNSPECIFIED.);
#54=B_SPLINE_CURVE_WITH_KNOTS('',3,(#3351,#3352,#3353,#3354,#3355),
 .UNSPECIFIED.,.F.,.F.,(4,1,4),(0.,0.016098518822424,0.0338897271263579),
 .UNSPECIFIED.);
#55=B_SPLINE_CURVE_WITH_KNOTS('',3,(#3357,#3358,#3359,#3360,#3361),
 .UNSPECIFIED.,.F.,.F.,(4,1,4),(-0.0338897271263579,-0.016098518822424,
0.),.UNSPECIFIED.);
#56=B_SPLINE_CURVE_WITH_KNOTS('',3,(#3374,#3375,#3376,#3377,#3378),
 .UNSPECIFIED.,.F.,.F.,(4,1,4),(0.,0.026034207203429,0.0670632459491472),
 .UNSPECIFIED.);
#57=B_SPLINE_CURVE_WITH_KNOTS('',3,(#3380,#3381,#3382,#3383,#3384),
 .UNSPECIFIED.,.F.,.F.,(4,1,4),(-0.0670632459491472,-0.026034207203429,
0.),.UNSPECIFIED.);
#58=B_SPLINE_CURVE_WITH_KNOTS('',3,(#3397,#3398,#3399,#3400,#3401),
 .UNSPECIFIED.,.F.,.F.,(4,1,4),(0.,0.0411991481537291,0.0672011990000746),
 .UNSPECIFIED.);
#59=B_SPLINE_CURVE_WITH_KNOTS('',3,(#3403,#3404,#3405,#3406,#3407),
 .UNSPECIFIED.,.F.,.F.,(4,1,4),(-0.0672011990000746,-0.0411991481537291,
0.),.UNSPECIFIED.);
#60=B_SPLINE_CURVE_WITH_KNOTS('',3,(#3420,#3421,#3422,#3423,#3424),
 .UNSPECIFIED.,.F.,.F.,(4,1,4),(0.,0.0177703700644777,0.0340583637195724),
 .UNSPECIFIED.);
#61=B_SPLINE_CURVE_WITH_KNOTS('',3,(#3426,#3427,#3428,#3429,#3430),
 .UNSPECIFIED.,.F.,.F.,(4,1,4),(-0.0340583637195724,-0.0177703700644777,
0.),.UNSPECIFIED.);
#62=B_SPLINE_CURVE_WITH_KNOTS('',3,(#3443,#3444,#3445,#3446,#3447),
 .UNSPECIFIED.,.F.,.F.,(4,1,4),(0.,0.0156273306865913,0.0315861079404347),
 .UNSPECIFIED.);
#63=B_SPLINE_CURVE_WITH_KNOTS('',3,(#3449,#3450,#3451,#3452,#3453),
 .UNSPECIFIED.,.F.,.F.,(4,1,4),(-0.0315861079404347,-0.0156273306865913,
0.),.UNSPECIFIED.);
#64=B_SPLINE_CURVE_WITH_KNOTS('',3,(#3465,#3466,#3467,#3468,#3469),
 .UNSPECIFIED.,.F.,.F.,(4,1,4),(0.,0.0277083964601083,0.0693369088786598),
 .UNSPECIFIED.);
#65=B_SPLINE_CURVE_WITH_KNOTS('',3,(#3470,#3471,#3472,#3473,#3474),
 .UNSPECIFIED.,.F.,.F.,(4,1,4),(-0.0693369088786598,-0.0277083964601083,
0.),.UNSPECIFIED.);
#66=B_SPLINE_CURVE_WITH_KNOTS('',3,(#3487,#3488,#3489,#3490,#3491),
 .UNSPECIFIED.,.F.,.F.,(4,1,4),(0.,0.0320608391264765,0.0577364186727968),
 .UNSPECIFIED.);
#67=B_SPLINE_CURVE_WITH_KNOTS('',3,(#3495,#3496,#3497,#3498,#3499),
 .UNSPECIFIED.,.F.,.F.,(4,1,4),(-0.0577364186727968,-0.0320608391264765,
0.),.UNSPECIFIED.);
#68=B_SPLINE_CURVE_WITH_KNOTS('',3,(#3512,#3513,#3514,#3515,#3516),
 .UNSPECIFIED.,.F.,.F.,(4,1,4),(0.,0.0211909857535031,0.0401920335923215),
 .UNSPECIFIED.);
#69=B_SPLINE_CURVE_WITH_KNOTS('',3,(#3518,#3519,#3520,#3521,#3522),
 .UNSPECIFIED.,.F.,.F.,(4,1,4),(-0.0401920335923215,-0.0211909857535031,
0.),.UNSPECIFIED.);
#70=B_SPLINE_CURVE_WITH_KNOTS('',3,(#3535,#3536,#3537,#3538,#3539),
 .UNSPECIFIED.,.F.,.F.,(4,1,4),(0.,0.0184810300709019,0.0386646110108818),
 .UNSPECIFIED.);
#71=B_SPLINE_CURVE_WITH_KNOTS('',3,(#3541,#3542,#3543,#3544,#3545),
 .UNSPECIFIED.,.F.,.F.,(4,1,4),(-0.0386646110108818,-0.0184810300709019,
0.),.UNSPECIFIED.);
#72=B_SPLINE_CURVE_WITH_KNOTS('',3,(#3558,#3559,#3560,#3561,#3562),
 .UNSPECIFIED.,.F.,.F.,(4,1,4),(0.,0.0151957276004776,0.0291972763413675),
 .UNSPECIFIED.);
#73=B_SPLINE_CURVE_WITH_KNOTS('',3,(#3564,#3565,#3566,#3567,#3568),
 .UNSPECIFIED.,.F.,.F.,(4,1,4),(-0.0291972763413675,-0.0151957276004776,
0.),.UNSPECIFIED.);
#74=B_SPLINE_CURVE_WITH_KNOTS('',3,(#3581,#3582,#3583,#3584,#3585),
 .UNSPECIFIED.,.F.,.F.,(4,1,4),(0.,0.0136190516578535,0.0276411139440907),
 .UNSPECIFIED.);
#75=B_SPLINE_CURVE_WITH_KNOTS('',3,(#3587,#3588,#3589,#3590,#3591),
 .UNSPECIFIED.,.F.,.F.,(4,1,4),(-0.0276411139440907,-0.0136190516578535,
0.),.UNSPECIFIED.);
#76=B_SPLINE_CURVE_WITH_KNOTS('',3,(#3604,#3605,#3606,#3607,#3608),
 .UNSPECIFIED.,.F.,.F.,(4,1,4),(0.,0.0152703100348924,0.0323328542251258),
 .UNSPECIFIED.);
#77=B_SPLINE_CURVE_WITH_KNOTS('',3,(#3610,#3611,#3612,#3613,#3614),
 .UNSPECIFIED.,.F.,.F.,(4,1,4),(-0.0323328542251258,-0.0152703100348924,
0.),.UNSPECIFIED.);
#78=B_SPLINE_CURVE_WITH_KNOTS('',3,(#3627,#3628,#3629,#3630,#3631),
 .UNSPECIFIED.,.F.,.F.,(4,1,4),(0.,0.0208583386510922,0.0475703238874713),
 .UNSPECIFIED.);
#79=B_SPLINE_CURVE_WITH_KNOTS('',3,(#3633,#3634,#3635,#3636,#3637),
 .UNSPECIFIED.,.F.,.F.,(4,1,4),(-0.0475703238874713,-0.0208583386510922,
0.),.UNSPECIFIED.);
#80=B_SPLINE_CURVE_WITH_KNOTS('',3,(#3650,#3651,#3652,#3653,#3654),
 .UNSPECIFIED.,.F.,.F.,(4,1,4),(0.,0.0318555634249194,0.0574536296887535),
 .UNSPECIFIED.);
#81=B_SPLINE_CURVE_WITH_KNOTS('',3,(#3656,#3657,#3658,#3659,#3660),
 .UNSPECIFIED.,.F.,.F.,(4,1,4),(-0.0574536296887535,-0.0318555634249194,
0.),.UNSPECIFIED.);
#82=B_SPLINE_CURVE_WITH_KNOTS('',3,(#3673,#3674,#3675,#3676,#3677),
 .UNSPECIFIED.,.F.,.F.,(4,1,4),(0.,0.021184564583552,0.0402125925746742),
 .UNSPECIFIED.);
#83=B_SPLINE_CURVE_WITH_KNOTS('',3,(#3679,#3680,#3681,#3682,#3683),
 .UNSPECIFIED.,.F.,.F.,(4,1,4),(-0.0402125925746742,-0.021184564583552,
0.),.UNSPECIFIED.);
#84=B_SPLINE_CURVE_WITH_KNOTS('',3,(#3696,#3697,#3698,#3699,#3700),
 .UNSPECIFIED.,.F.,.F.,(4,1,4),(0.,0.0185353785887226,0.0388226600354153),
 .UNSPECIFIED.);
#85=B_SPLINE_CURVE_WITH_KNOTS('',3,(#3702,#3703,#3704,#3705,#3706),
 .UNSPECIFIED.,.F.,.F.,(4,1,4),(-0.0388226600354153,-0.0185353785887226,
0.),.UNSPECIFIED.);
#86=B_SPLINE_CURVE_WITH_KNOTS('',3,(#3719,#3720,#3721,#3722,#3723),
 .UNSPECIFIED.,.F.,.F.,(4,1,4),(0.,0.026333914574837,0.0513634826096901),
 .UNSPECIFIED.);
#87=B_SPLINE_CURVE_WITH_KNOTS('',3,(#3725,#3726,#3727,#3728,#3729),
 .UNSPECIFIED.,.F.,.F.,(4,1,4),(-0.0513634826096901,-0.026333914574837,
0.),.UNSPECIFIED.);
#88=B_SPLINE_CURVE_WITH_KNOTS('',3,(#3741,#3742,#3743,#3744,#3745),
 .UNSPECIFIED.,.F.,.F.,(4,1,4),(0.,0.0360088304475199,0.0847596463469006),
 .UNSPECIFIED.);
#89=B_SPLINE_CURVE_WITH_KNOTS('',3,(#3746,#3747,#3748,#3749,#3750),
 .UNSPECIFIED.,.F.,.F.,(4,1,4),(-0.0847596463469006,-0.0360088304475199,
0.),.UNSPECIFIED.);
#90=B_SPLINE_CURVE_WITH_KNOTS('',3,(#3771,#3772,#3773,#3774,#3775),
 .UNSPECIFIED.,.F.,.F.,(4,1,4),(0.,0.0320608374303244,0.057736423330548),
 .UNSPECIFIED.);
#91=B_SPLINE_CURVE_WITH_KNOTS('',3,(#3777,#3778,#3779,#3780,#3781),
 .UNSPECIFIED.,.F.,.F.,(4,1,4),(0.,0.0211909857535031,0.0401920335923215),
 .UNSPECIFIED.);
#92=B_SPLINE_CURVE_WITH_KNOTS('',3,(#3783,#3784,#3785,#3786,#3787),
 .UNSPECIFIED.,.F.,.F.,(4,1,4),(0.,0.018481003863559,0.0386646142894838),
 .UNSPECIFIED.);
#93=B_SPLINE_CURVE_WITH_KNOTS('',3,(#3789,#3790,#3791,#3792,#3793),
 .UNSPECIFIED.,.F.,.F.,(4,1,4),(0.,0.0151957276004776,0.0291972763413675),
 .UNSPECIFIED.);
#94=B_SPLINE_CURVE_WITH_KNOTS('',3,(#3795,#3796,#3797,#3798,#3799),
 .UNSPECIFIED.,.F.,.F.,(4,1,4),(0.,0.0136190274016663,0.0276411087526361),
 .UNSPECIFIED.);
#95=B_SPLINE_CURVE_WITH_KNOTS('',3,(#3801,#3802,#3803,#3804,#3805),
 .UNSPECIFIED.,.F.,.F.,(4,1,4),(0.,0.0152703100348924,0.0323328542251258),
 .UNSPECIFIED.);
#96=B_SPLINE_CURVE_WITH_KNOTS('',3,(#3807,#3808,#3809,#3810,#3811),
 .UNSPECIFIED.,.F.,.F.,(4,1,4),(0.,0.0208583386510922,0.0475703238874713),
 .UNSPECIFIED.);
#97=B_SPLINE_CURVE_WITH_KNOTS('',3,(#3813,#3814,#3815,#3816,#3817),
 .UNSPECIFIED.,.F.,.F.,(4,1,4),(0.,0.0318555617337857,0.0574536343112229),
 .UNSPECIFIED.);
#98=B_SPLINE_CURVE_WITH_KNOTS('',3,(#3819,#3820,#3821,#3822,#3823),
 .UNSPECIFIED.,.F.,.F.,(4,1,4),(0.,0.021184564583552,0.0402125925746742),
 .UNSPECIFIED.);
#99=B_SPLINE_CURVE_WITH_KNOTS('',3,(#3825,#3826,#3827,#3828,#3829),
 .UNSPECIFIED.,.F.,.F.,(4,1,4),(0.,0.0185353785887226,0.0388226600354153),
 .UNSPECIFIED.);
#100=B_SPLINE_CURVE_WITH_KNOTS('',3,(#3831,#3832,#3833,#3834,#3835),
 .UNSPECIFIED.,.F.,.F.,(4,1,4),(0.,0.026333914574837,0.0513634826096901),
 .UNSPECIFIED.);
#101=B_SPLINE_CURVE_WITH_KNOTS('',3,(#3836,#3837,#3838,#3839,#3840),
 .UNSPECIFIED.,.F.,.F.,(4,1,4),(0.,0.0360088304475199,0.0847596463469006),
 .UNSPECIFIED.);
#102=B_SPLINE_CURVE_WITH_KNOTS('',3,(#3845,#3846,#3847,#3848,#3849),
 .UNSPECIFIED.,.F.,.F.,(4,1,4),(0.,0.0130949083553099,0.0231453694091825),
 .UNSPECIFIED.);
#103=B_SPLINE_CURVE_WITH_KNOTS('',3,(#3851,#3852,#3853,#3854,#3855),
 .UNSPECIFIED.,.F.,.F.,(4,1,4),(0.,0.0136270708683433,0.0273192124024223),
 .UNSPECIFIED.);
#104=B_SPLINE_CURVE_WITH_KNOTS('',3,(#3857,#3858,#3859,#3860,#3861),
 .UNSPECIFIED.,.F.,.F.,(4,1,4),(0.,0.0111373463285916,0.0219063894702807),
 .UNSPECIFIED.);
#105=B_SPLINE_CURVE_WITH_KNOTS('',3,(#3863,#3864,#3865,#3866,#3867),
 .UNSPECIFIED.,.F.,.F.,(4,1,4),(0.,0.0146872060408958,0.0310221796950176),
 .UNSPECIFIED.);
#106=B_SPLINE_CURVE_WITH_KNOTS('',3,(#3869,#3870,#3871,#3872,#3873),
 .UNSPECIFIED.,.F.,.F.,(4,1,4),(0.,0.0203249745355829,0.046960002218416),
 .UNSPECIFIED.);
#107=B_SPLINE_CURVE_WITH_KNOTS('',3,(#3875,#3876,#3877,#3878,#3879),
 .UNSPECIFIED.,.F.,.F.,(4,1,4),(0.,0.015349615900881,0.0297979489102533),
 .UNSPECIFIED.);
#108=B_SPLINE_CURVE_WITH_KNOTS('',3,(#3881,#3882,#3883,#3884,#3885),
 .UNSPECIFIED.,.F.,.F.,(4,1,4),(0.,0.0140193877886662,0.0278614313197895),
 .UNSPECIFIED.);
#109=B_SPLINE_CURVE_WITH_KNOTS('',3,(#3887,#3888,#3889,#3890,#3891),
 .UNSPECIFIED.,.F.,.F.,(4,1,4),(0.,0.0231767586127387,0.0465849699356144),
 .UNSPECIFIED.);
#110=B_SPLINE_CURVE_WITH_KNOTS('',3,(#3893,#3894,#3895,#3896,#3897),
 .UNSPECIFIED.,.F.,.F.,(4,1,4),(0.,0.024430192079801,0.050791786821135),
 .UNSPECIFIED.);
#111=B_SPLINE_CURVE_WITH_KNOTS('',3,(#3899,#3900,#3901,#3902,#3903),
 .UNSPECIFIED.,.F.,.F.,(4,1,4),(0.,0.018274678425304,0.0361733816545493),
 .UNSPECIFIED.);
#112=B_SPLINE_CURVE_WITH_KNOTS('',3,(#3905,#3906,#3907,#3908,#3909),
 .UNSPECIFIED.,.F.,.F.,(4,1,4),(0.,0.0172211467813182,0.0336691055172004),
 .UNSPECIFIED.);
#113=B_SPLINE_CURVE_WITH_KNOTS('',3,(#3911,#3912,#3913,#3914,#3915),
 .UNSPECIFIED.,.F.,.F.,(4,1,4),(0.,0.01645814042772,0.0336461607516268),
 .UNSPECIFIED.);
#114=B_SPLINE_CURVE_WITH_KNOTS('',3,(#3917,#3918,#3919,#3920,#3921),
 .UNSPECIFIED.,.F.,.F.,(4,1,4),(0.,0.028430917171509,0.0563547468001539),
 .UNSPECIFIED.);
#115=B_SPLINE_CURVE_WITH_KNOTS('',3,(#3923,#3924,#3925,#3926,#3927),
 .UNSPECIFIED.,.F.,.F.,(4,1,4),(0.,0.0332380505440873,0.0780265919616802),
 .UNSPECIFIED.);
#116=B_SPLINE_CURVE_WITH_KNOTS('',3,(#3929,#3930,#3931,#3932,#3933),
 .UNSPECIFIED.,.F.,.F.,(4,1,4),(0.,0.0503537381468864,0.088177381846566),
 .UNSPECIFIED.);
#117=B_SPLINE_CURVE_WITH_KNOTS('',3,(#3935,#3936,#3937,#3938,#3939),
 .UNSPECIFIED.,.F.,.F.,(4,1,4),(0.,0.0278644226327133,0.0568471109924565),
 .UNSPECIFIED.);
#118=B_SPLINE_CURVE_WITH_KNOTS('',3,(#3941,#3942,#3943,#3944,#3945),
 .UNSPECIFIED.,.F.,.F.,(4,1,4),(0.,0.0217234047311458,0.0415873039909401),
 .UNSPECIFIED.);
#119=B_SPLINE_CURVE_WITH_KNOTS('',3,(#3946,#3947,#3948,#3949,#3950),
 .UNSPECIFIED.,.F.,.F.,(4,1,4),(0.,0.0198406174499786,0.0414989184278961),
 .UNSPECIFIED.);
#120=B_SPLINE_CURVE_WITH_KNOTS('',3,(#3953,#3954,#3955,#3956,#3957),
 .UNSPECIFIED.,.F.,.F.,(4,1,4),(0.,0.0320608374303244,0.057736423330548),
 .UNSPECIFIED.);
#121=B_SPLINE_CURVE_WITH_KNOTS('',3,(#3959,#3960,#3961,#3962,#3963),
 .UNSPECIFIED.,.F.,.F.,(4,1,4),(0.,0.0211909857535031,0.0401920335923215),
 .UNSPECIFIED.);
#122=B_SPLINE_CURVE_WITH_KNOTS('',3,(#3965,#3966,#3967,#3968,#3969),
 .UNSPECIFIED.,.F.,.F.,(4,1,4),(0.,0.018481003863559,0.0386646142894838),
 .UNSPECIFIED.);
#123=B_SPLINE_CURVE_WITH_KNOTS('',3,(#3971,#3972,#3973,#3974,#3975),
 .UNSPECIFIED.,.F.,.F.,(4,1,4),(0.,0.0151957868654158,0.0291972797077636),
 .UNSPECIFIED.);
#124=B_SPLINE_CURVE_WITH_KNOTS('',3,(#3977,#3978,#3979,#3980,#3981),
 .UNSPECIFIED.,.F.,.F.,(4,1,4),(0.,0.0136190274016663,0.0276411087526361),
 .UNSPECIFIED.);
#125=B_SPLINE_CURVE_WITH_KNOTS('',3,(#3983,#3984,#3985,#3986,#3987),
 .UNSPECIFIED.,.F.,.F.,(4,1,4),(0.,0.0152703100348924,0.0323328542251258),
 .UNSPECIFIED.);
#126=B_SPLINE_CURVE_WITH_KNOTS('',3,(#3989,#3990,#3991,#3992,#3993),
 .UNSPECIFIED.,.F.,.F.,(4,1,4),(0.,0.0208583386510922,0.0475703238874713),
 .UNSPECIFIED.);
#127=B_SPLINE_CURVE_WITH_KNOTS('',3,(#3995,#3996,#3997,#3998,#3999),
 .UNSPECIFIED.,.F.,.F.,(4,1,4),(0.,0.0318555617337857,0.0574536343112229),
 .UNSPECIFIED.);
#128=B_SPLINE_CURVE_WITH_KNOTS('',3,(#4001,#4002,#4003,#4004,#4005),
 .UNSPECIFIED.,.F.,.F.,(4,1,4),(0.,0.021184564583552,0.0402125925746742),
 .UNSPECIFIED.);
#129=B_SPLINE_CURVE_WITH_KNOTS('',3,(#4007,#4008,#4009,#4010,#4011),
 .UNSPECIFIED.,.F.,.F.,(4,1,4),(0.,0.0185353785887226,0.0388226600354153),
 .UNSPECIFIED.);
#130=B_SPLINE_CURVE_WITH_KNOTS('',3,(#4013,#4014,#4015,#4016,#4017),
 .UNSPECIFIED.,.F.,.F.,(4,1,4),(0.,0.026333914574837,0.0513634826096901),
 .UNSPECIFIED.);
#131=B_SPLINE_CURVE_WITH_KNOTS('',3,(#4018,#4019,#4020,#4021,#4022),
 .UNSPECIFIED.,.F.,.F.,(4,1,4),(0.,0.0360088304475199,0.0847596463469006),
 .UNSPECIFIED.);
#132=B_SPLINE_CURVE_WITH_KNOTS('',3,(#4035,#4036,#4037,#4038,#4039),
 .UNSPECIFIED.,.F.,.F.,(4,1,4),(0.,0.0411140930152887,0.0671322115200147),
 .UNSPECIFIED.);
#133=B_SPLINE_CURVE_WITH_KNOTS('',3,(#4043,#4044,#4045,#4046,#4047),
 .UNSPECIFIED.,.F.,.F.,(4,1,4),(-0.0671322115200147,-0.0411140930152887,
0.),.UNSPECIFIED.);
#134=B_SPLINE_CURVE_WITH_KNOTS('',3,(#4060,#4061,#4062,#4063,#4064),
 .UNSPECIFIED.,.F.,.F.,(4,1,4),(0.,0.0177559744882081,0.0338501603077286),
 .UNSPECIFIED.);
#135=B_SPLINE_CURVE_WITH_KNOTS('',3,(#4066,#4067,#4068,#4069,#4070),
 .UNSPECIFIED.,.F.,.F.,(4,1,4),(-0.0338501603077286,-0.0177559744882081,
0.),.UNSPECIFIED.);
#136=B_SPLINE_CURVE_WITH_KNOTS('',3,(#4083,#4084,#4085,#4086,#4087),
 .UNSPECIFIED.,.F.,.F.,(4,1,4),(0.,0.016098518822424,0.0338897055589784),
 .UNSPECIFIED.);
#137=B_SPLINE_CURVE_WITH_KNOTS('',3,(#4089,#4090,#4091,#4092,#4093),
 .UNSPECIFIED.,.F.,.F.,(4,1,4),(-0.0338897055589784,-0.016098518822424,
0.),.UNSPECIFIED.);
#138=B_SPLINE_CURVE_WITH_KNOTS('',3,(#4106,#4107,#4108,#4109,#4110),
 .UNSPECIFIED.,.F.,.F.,(4,1,4),(0.,0.0260342171008199,0.067063255846538),
 .UNSPECIFIED.);
#139=B_SPLINE_CURVE_WITH_KNOTS('',3,(#4112,#4113,#4114,#4115,#4116),
 .UNSPECIFIED.,.F.,.F.,(4,1,4),(-0.067063255846538,-0.0260342171008199,
0.),.UNSPECIFIED.);
#140=B_SPLINE_CURVE_WITH_KNOTS('',3,(#4129,#4130,#4131,#4132,#4133),
 .UNSPECIFIED.,.F.,.F.,(4,1,4),(0.,0.0411991481537291,0.0672012089097054),
 .UNSPECIFIED.);
#141=B_SPLINE_CURVE_WITH_KNOTS('',3,(#4135,#4136,#4137,#4138,#4139),
 .UNSPECIFIED.,.F.,.F.,(4,1,4),(-0.0672012089097054,-0.0411991481537291,
0.),.UNSPECIFIED.);
#142=B_SPLINE_CURVE_WITH_KNOTS('',3,(#4152,#4153,#4154,#4155,#4156),
 .UNSPECIFIED.,.F.,.F.,(4,1,4),(0.,0.0177703266503479,0.0340583491677098),
 .UNSPECIFIED.);
#143=B_SPLINE_CURVE_WITH_KNOTS('',3,(#4158,#4159,#4160,#4161,#4162),
 .UNSPECIFIED.,.F.,.F.,(4,1,4),(-0.0340583491677098,-0.0177703266503479,
0.),.UNSPECIFIED.);
#144=B_SPLINE_CURVE_WITH_KNOTS('',3,(#4175,#4176,#4177,#4178,#4179),
 .UNSPECIFIED.,.F.,.F.,(4,1,4),(0.,0.0156273306865913,0.0315861079404347),
 .UNSPECIFIED.);
#145=B_SPLINE_CURVE_WITH_KNOTS('',3,(#4181,#4182,#4183,#4184,#4185),
 .UNSPECIFIED.,.F.,.F.,(4,1,4),(-0.0315861079404347,-0.0156273306865913,
0.),.UNSPECIFIED.);
#146=B_SPLINE_CURVE_WITH_KNOTS('',3,(#4197,#4198,#4199,#4200,#4201),
 .UNSPECIFIED.,.F.,.F.,(4,1,4),(0.,0.0277083964601083,0.0693369088786598),
 .UNSPECIFIED.);
#147=B_SPLINE_CURVE_WITH_KNOTS('',3,(#4202,#4203,#4204,#4205,#4206),
 .UNSPECIFIED.,.F.,.F.,(4,1,4),(-0.0693369088786598,-0.0277083964601083,
0.),.UNSPECIFIED.);
#148=B_SPLINE_CURVE_WITH_KNOTS('',3,(#4220,#4221,#4222,#4223,#4224),
 .UNSPECIFIED.,.F.,.F.,(4,1,4),(-0.057736423330548,-0.0320608374303244,
0.),.UNSPECIFIED.);
#149=B_SPLINE_CURVE_WITH_KNOTS('',3,(#4237,#4238,#4239,#4240,#4241),
 .UNSPECIFIED.,.F.,.F.,(4,1,4),(-0.0401920335923215,-0.0211909857535031,
0.),.UNSPECIFIED.);
#150=B_SPLINE_CURVE_WITH_KNOTS('',3,(#4254,#4255,#4256,#4257,#4258),
 .UNSPECIFIED.,.F.,.F.,(4,1,4),(-0.0386646142894838,-0.018481003863559,
0.),.UNSPECIFIED.);
#151=B_SPLINE_CURVE_WITH_KNOTS('',3,(#4271,#4272,#4273,#4274,#4275),
 .UNSPECIFIED.,.F.,.F.,(4,1,4),(-0.0291972763413675,-0.0151957276004776,
0.),.UNSPECIFIED.);
#152=B_SPLINE_CURVE_WITH_KNOTS('',3,(#4288,#4289,#4290,#4291,#4292),
 .UNSPECIFIED.,.F.,.F.,(4,1,4),(-0.0276411087526361,-0.0136190274016663,
0.),.UNSPECIFIED.);
#153=B_SPLINE_CURVE_WITH_KNOTS('',3,(#4305,#4306,#4307,#4308,#4309),
 .UNSPECIFIED.,.F.,.F.,(4,1,4),(-0.0323328542251258,-0.0152703100348924,
0.),.UNSPECIFIED.);
#154=B_SPLINE_CURVE_WITH_KNOTS('',3,(#4322,#4323,#4324,#4325,#4326),
 .UNSPECIFIED.,.F.,.F.,(4,1,4),(-0.0475703238874713,-0.0208583386510922,
0.),.UNSPECIFIED.);
#155=B_SPLINE_CURVE_WITH_KNOTS('',3,(#4339,#4340,#4341,#4342,#4343),
 .UNSPECIFIED.,.F.,.F.,(4,1,4),(-0.0574536343112229,-0.0318555617337857,
0.),.UNSPECIFIED.);
#156=B_SPLINE_CURVE_WITH_KNOTS('',3,(#4356,#4357,#4358,#4359,#4360),
 .UNSPECIFIED.,.F.,.F.,(4,1,4),(-0.0402125925746742,-0.021184564583552,
0.),.UNSPECIFIED.);
#157=B_SPLINE_CURVE_WITH_KNOTS('',3,(#4373,#4374,#4375,#4376,#4377),
 .UNSPECIFIED.,.F.,.F.,(4,1,4),(-0.0388226600354153,-0.0185353785887226,
0.),.UNSPECIFIED.);
#158=B_SPLINE_CURVE_WITH_KNOTS('',3,(#4390,#4391,#4392,#4393,#4394),
 .UNSPECIFIED.,.F.,.F.,(4,1,4),(-0.0513634826096901,-0.026333914574837,
0.),.UNSPECIFIED.);
#159=B_SPLINE_CURVE_WITH_KNOTS('',3,(#4406,#4407,#4408,#4409,#4410),
 .UNSPECIFIED.,.F.,.F.,(4,1,4),(-0.0847596463469006,-0.0360088304475199,
0.),.UNSPECIFIED.);
#160=B_SPLINE_CURVE_WITH_KNOTS('',3,(#4425,#4426,#4427,#4428,#4429),
 .UNSPECIFIED.,.F.,.F.,(4,1,4),(0.,0.0411140930152887,0.0671322115200147),
 .UNSPECIFIED.);
#161=B_SPLINE_CURVE_WITH_KNOTS('',3,(#4433,#4434,#4435,#4436,#4437),
 .UNSPECIFIED.,.F.,.F.,(4,1,4),(-0.0671322115200147,-0.0411140930152887,
0.),.UNSPECIFIED.);
#162=B_SPLINE_CURVE_WITH_KNOTS('',3,(#4450,#4451,#4452,#4453,#4454),
 .UNSPECIFIED.,.F.,.F.,(4,1,4),(0.,0.0177559744882081,0.0338501603077286),
 .UNSPECIFIED.);
#163=B_SPLINE_CURVE_WITH_KNOTS('',3,(#4456,#4457,#4458,#4459,#4460),
 .UNSPECIFIED.,.F.,.F.,(4,1,4),(-0.0338501603077286,-0.0177559744882081,
0.),.UNSPECIFIED.);
#164=B_SPLINE_CURVE_WITH_KNOTS('',3,(#4473,#4474,#4475,#4476,#4477),
 .UNSPECIFIED.,.F.,.F.,(4,1,4),(0.,0.016098518822424,0.0338897055589784),
 .UNSPECIFIED.);
#165=B_SPLINE_CURVE_WITH_KNOTS('',3,(#4479,#4480,#4481,#4482,#4483),
 .UNSPECIFIED.,.F.,.F.,(4,1,4),(-0.0338897055589784,-0.016098518822424,
0.),.UNSPECIFIED.);
#166=B_SPLINE_CURVE_WITH_KNOTS('',3,(#4496,#4497,#4498,#4499,#4500),
 .UNSPECIFIED.,.F.,.F.,(4,1,4),(0.,0.0260342171008199,0.067063255846538),
 .UNSPECIFIED.);
#167=B_SPLINE_CURVE_WITH_KNOTS('',3,(#4502,#4503,#4504,#4505,#4506),
 .UNSPECIFIED.,.F.,.F.,(4,1,4),(-0.067063255846538,-0.0260342171008199,
0.),.UNSPECIFIED.);
#168=B_SPLINE_CURVE_WITH_KNOTS('',3,(#4519,#4520,#4521,#4522,#4523),
 .UNSPECIFIED.,.F.,.F.,(4,1,4),(0.,0.0411991481537291,0.0672012089097054),
 .UNSPECIFIED.);
#169=B_SPLINE_CURVE_WITH_KNOTS('',3,(#4525,#4526,#4527,#4528,#4529),
 .UNSPECIFIED.,.F.,.F.,(4,1,4),(-0.0672012089097054,-0.0411991481537291,
0.),.UNSPECIFIED.);
#170=B_SPLINE_CURVE_WITH_KNOTS('',3,(#4542,#4543,#4544,#4545,#4546),
 .UNSPECIFIED.,.F.,.F.,(4,1,4),(0.,0.0177703266503479,0.0340583491677098),
 .UNSPECIFIED.);
#171=B_SPLINE_CURVE_WITH_KNOTS('',3,(#4548,#4549,#4550,#4551,#4552),
 .UNSPECIFIED.,.F.,.F.,(4,1,4),(-0.0340583491677098,-0.0177703266503479,
0.),.UNSPECIFIED.);
#172=B_SPLINE_CURVE_WITH_KNOTS('',3,(#4565,#4566,#4567,#4568,#4569),
 .UNSPECIFIED.,.F.,.F.,(4,1,4),(0.,0.0156273306865913,0.0315861079404347),
 .UNSPECIFIED.);
#173=B_SPLINE_CURVE_WITH_KNOTS('',3,(#4571,#4572,#4573,#4574,#4575),
 .UNSPECIFIED.,.F.,.F.,(4,1,4),(-0.0315861079404347,-0.0156273306865913,
0.),.UNSPECIFIED.);
#174=B_SPLINE_CURVE_WITH_KNOTS('',3,(#4587,#4588,#4589,#4590,#4591),
 .UNSPECIFIED.,.F.,.F.,(4,1,4),(0.,0.0277083964601083,0.0693369088786598),
 .UNSPECIFIED.);
#175=B_SPLINE_CURVE_WITH_KNOTS('',3,(#4592,#4593,#4594,#4595,#4596),
 .UNSPECIFIED.,.F.,.F.,(4,1,4),(-0.0693369088786598,-0.0277083964601083,
0.),.UNSPECIFIED.);
#176=B_SPLINE_CURVE_WITH_KNOTS('',3,(#4610,#4611,#4612,#4613,#4614),
 .UNSPECIFIED.,.F.,.F.,(4,1,4),(-0.057736423330548,-0.0320608374303244,
0.),.UNSPECIFIED.);
#177=B_SPLINE_CURVE_WITH_KNOTS('',3,(#4627,#4628,#4629,#4630,#4631),
 .UNSPECIFIED.,.F.,.F.,(4,1,4),(-0.0401920335923215,-0.0211909857535031,
0.),.UNSPECIFIED.);
#178=B_SPLINE_CURVE_WITH_KNOTS('',3,(#4644,#4645,#4646,#4647,#4648),
 .UNSPECIFIED.,.F.,.F.,(4,1,4),(-0.0386646142894838,-0.018481003863559,
0.),.UNSPECIFIED.);
#179=B_SPLINE_CURVE_WITH_KNOTS('',3,(#4661,#4662,#4663,#4664,#4665),
 .UNSPECIFIED.,.F.,.F.,(4,1,4),(-0.0291972797077636,-0.0151957868654158,
0.),.UNSPECIFIED.);
#180=B_SPLINE_CURVE_WITH_KNOTS('',3,(#4678,#4679,#4680,#4681,#4682),
 .UNSPECIFIED.,.F.,.F.,(4,1,4),(-0.0276411087526361,-0.0136190274016663,
0.),.UNSPECIFIED.);
#181=B_SPLINE_CURVE_WITH_KNOTS('',3,(#4695,#4696,#4697,#4698,#4699),
 .UNSPECIFIED.,.F.,.F.,(4,1,4),(-0.0323328542251258,-0.0152703100348924,
0.),.UNSPECIFIED.);
#182=B_SPLINE_CURVE_WITH_KNOTS('',3,(#4712,#4713,#4714,#4715,#4716),
 .UNSPECIFIED.,.F.,.F.,(4,1,4),(-0.0475703238874713,-0.0208583386510922,
0.),.UNSPECIFIED.);
#183=B_SPLINE_CURVE_WITH_KNOTS('',3,(#4729,#4730,#4731,#4732,#4733),
 .UNSPECIFIED.,.F.,.F.,(4,1,4),(-0.0574536343112229,-0.0318555617337857,
0.),.UNSPECIFIED.);
#184=B_SPLINE_CURVE_WITH_KNOTS('',3,(#4746,#4747,#4748,#4749,#4750),
 .UNSPECIFIED.,.F.,.F.,(4,1,4),(-0.0402125925746742,-0.021184564583552,
0.),.UNSPECIFIED.);
#185=B_SPLINE_CURVE_WITH_KNOTS('',3,(#4763,#4764,#4765,#4766,#4767),
 .UNSPECIFIED.,.F.,.F.,(4,1,4),(-0.0388226600354153,-0.0185353785887226,
0.),.UNSPECIFIED.);
#186=B_SPLINE_CURVE_WITH_KNOTS('',3,(#4780,#4781,#4782,#4783,#4784),
 .UNSPECIFIED.,.F.,.F.,(4,1,4),(-0.0513634826096901,-0.026333914574837,
0.),.UNSPECIFIED.);
#187=B_SPLINE_CURVE_WITH_KNOTS('',3,(#4796,#4797,#4798,#4799,#4800),
 .UNSPECIFIED.,.F.,.F.,(4,1,4),(-0.0847596463469006,-0.0360088304475199,
0.),.UNSPECIFIED.);
#188=B_SPLINE_CURVE_WITH_KNOTS('',3,(#4815,#4816,#4817,#4818,#4819),
 .UNSPECIFIED.,.F.,.F.,(4,1,4),(0.,0.0124876210016897,0.0250259007649639),
 .UNSPECIFIED.);
#189=B_SPLINE_CURVE_WITH_KNOTS('',3,(#4823,#4824,#4825,#4826,#4827),
 .UNSPECIFIED.,.F.,.F.,(4,1,4),(-0.0250259007649639,-0.0124876210016897,
0.),.UNSPECIFIED.);
#190=B_SPLINE_CURVE_WITH_KNOTS('',3,(#4840,#4841,#4842,#4843,#4844),
 .UNSPECIFIED.,.F.,.F.,(4,1,4),(0.,0.0120878513448898,0.0234764586347269),
 .UNSPECIFIED.);
#191=B_SPLINE_CURVE_WITH_KNOTS('',3,(#4846,#4847,#4848,#4849,#4850),
 .UNSPECIFIED.,.F.,.F.,(4,1,4),(-0.0234764586347269,-0.0120878513448898,
0.),.UNSPECIFIED.);
#192=B_SPLINE_CURVE_WITH_KNOTS('',3,(#4863,#4864,#4865,#4866,#4867),
 .UNSPECIFIED.,.F.,.F.,(4,1,4),(0.,0.0109195472575634,0.0214321560077715),
 .UNSPECIFIED.);
#193=B_SPLINE_CURVE_WITH_KNOTS('',3,(#4869,#4870,#4871,#4872,#4873),
 .UNSPECIFIED.,.F.,.F.,(4,1,4),(-0.0214321560077715,-0.0109195472575634,
0.),.UNSPECIFIED.);
#194=B_SPLINE_CURVE_WITH_KNOTS('',3,(#4886,#4887,#4888,#4889,#4890),
 .UNSPECIFIED.,.F.,.F.,(4,1,4),(0.,0.0147976220342415,0.0302691478993718),
 .UNSPECIFIED.);
#195=B_SPLINE_CURVE_WITH_KNOTS('',3,(#4892,#4893,#4894,#4895,#4896),
 .UNSPECIFIED.,.F.,.F.,(4,1,4),(-0.0302691478993718,-0.0147976220342415,
0.),.UNSPECIFIED.);
#196=B_SPLINE_CURVE_WITH_KNOTS('',3,(#4909,#4910,#4911,#4912,#4913),
 .UNSPECIFIED.,.F.,.F.,(4,1,4),(0.,0.0170147056854286,0.0365204591804995),
 .UNSPECIFIED.);
#197=B_SPLINE_CURVE_WITH_KNOTS('',3,(#4915,#4916,#4917,#4918,#4919),
 .UNSPECIFIED.,.F.,.F.,(4,1,4),(-0.0365204591804995,-0.0170147056854286,
0.),.UNSPECIFIED.);
#198=B_SPLINE_CURVE_WITH_KNOTS('',3,(#4932,#4933,#4934,#4935,#4936),
 .UNSPECIFIED.,.F.,.F.,(4,1,4),(0.,0.0187415521895009,0.0351289419683036),
 .UNSPECIFIED.);
#199=B_SPLINE_CURVE_WITH_KNOTS('',3,(#4938,#4939,#4940,#4941,#4942),
 .UNSPECIFIED.,.F.,.F.,(4,1,4),(-0.0351289419683036,-0.0187415521895009,
0.),.UNSPECIFIED.);
#200=B_SPLINE_CURVE_WITH_KNOTS('',3,(#4955,#4956,#4957,#4958,#4959),
 .UNSPECIFIED.,.F.,.F.,(4,1,4),(0.,0.0153616131176639,0.0309969465892979),
 .UNSPECIFIED.);
#201=B_SPLINE_CURVE_WITH_KNOTS('',3,(#4961,#4962,#4963,#4964,#4965),
 .UNSPECIFIED.,.F.,.F.,(4,1,4),(-0.0309969465892979,-0.0153616131176639,
0.),.UNSPECIFIED.);
#202=B_SPLINE_CURVE_WITH_KNOTS('',3,(#4978,#4979,#4980,#4981,#4982),
 .UNSPECIFIED.,.F.,.F.,(4,1,4),(0.,0.0156688136659331,0.0313368240396488),
 .UNSPECIFIED.);
#203=B_SPLINE_CURVE_WITH_KNOTS('',3,(#4984,#4985,#4986,#4987,#4988),
 .UNSPECIFIED.,.F.,.F.,(4,1,4),(-0.0313368240396488,-0.0156688136659331,
0.),.UNSPECIFIED.);
#204=B_SPLINE_CURVE_WITH_KNOTS('',3,(#5000,#5001,#5002,#5003,#5004),
 .UNSPECIFIED.,.F.,.F.,(4,1,4),(0.,0.0163086122197,0.0340605650133797),
 .UNSPECIFIED.);
#205=B_SPLINE_CURVE_WITH_KNOTS('',3,(#5005,#5006,#5007,#5008,#5009),
 .UNSPECIFIED.,.F.,.F.,(4,1,4),(-0.0340605650133797,-0.0163086122197,0.),
 .UNSPECIFIED.);
#206=B_SPLINE_CURVE_WITH_KNOTS('',3,(#5027,#5028,#5029,#5030,#5031),
 .UNSPECIFIED.,.F.,.F.,(4,1,4),(-0.0231453694091825,-0.0130949083553099,
0.),.UNSPECIFIED.);
#207=B_SPLINE_CURVE_WITH_KNOTS('',3,(#5044,#5045,#5046,#5047,#5048),
 .UNSPECIFIED.,.F.,.F.,(4,1,4),(-0.0273192124024223,-0.0136270708683433,
0.),.UNSPECIFIED.);
#208=B_SPLINE_CURVE_WITH_KNOTS('',3,(#5061,#5062,#5063,#5064,#5065),
 .UNSPECIFIED.,.F.,.F.,(4,1,4),(-0.0219063894702807,-0.0111373463285916,
0.),.UNSPECIFIED.);
#209=B_SPLINE_CURVE_WITH_KNOTS('',3,(#5078,#5079,#5080,#5081,#5082),
 .UNSPECIFIED.,.F.,.F.,(4,1,4),(-0.0310221796950176,-0.0146872060408958,
0.),.UNSPECIFIED.);
#210=B_SPLINE_CURVE_WITH_KNOTS('',3,(#5095,#5096,#5097,#5098,#5099),
 .UNSPECIFIED.,.F.,.F.,(4,1,4),(-0.046960002218416,-0.0203249745355829,
0.),.UNSPECIFIED.);
#211=B_SPLINE_CURVE_WITH_KNOTS('',3,(#5112,#5113,#5114,#5115,#5116),
 .UNSPECIFIED.,.F.,.F.,(4,1,4),(-0.0297979489102533,-0.015349615900881,
0.),.UNSPECIFIED.);
#212=B_SPLINE_CURVE_WITH_KNOTS('',3,(#5129,#5130,#5131,#5132,#5133),
 .UNSPECIFIED.,.F.,.F.,(4,1,4),(-0.0278614313197895,-0.0140193877886662,
0.),.UNSPECIFIED.);
#213=B_SPLINE_CURVE_WITH_KNOTS('',3,(#5146,#5147,#5148,#5149,#5150),
 .UNSPECIFIED.,.F.,.F.,(4,1,4),(-0.0465849699356144,-0.0231767586127387,
0.),.UNSPECIFIED.);
#214=B_SPLINE_CURVE_WITH_KNOTS('',3,(#5163,#5164,#5165,#5166,#5167),
 .UNSPECIFIED.,.F.,.F.,(4,1,4),(-0.050791786821135,-0.024430192079801,0.),
 .UNSPECIFIED.);
#215=B_SPLINE_CURVE_WITH_KNOTS('',3,(#5180,#5181,#5182,#5183,#5184),
 .UNSPECIFIED.,.F.,.F.,(4,1,4),(-0.0361733816545493,-0.018274678425304,
0.),.UNSPECIFIED.);
#216=B_SPLINE_CURVE_WITH_KNOTS('',3,(#5197,#5198,#5199,#5200,#5201),
 .UNSPECIFIED.,.F.,.F.,(4,1,4),(-0.0336691055172004,-0.0172211467813182,
0.),.UNSPECIFIED.);
#217=B_SPLINE_CURVE_WITH_KNOTS('',3,(#5214,#5215,#5216,#5217,#5218),
 .UNSPECIFIED.,.F.,.F.,(4,1,4),(-0.0336461607516268,-0.01645814042772,0.),
 .UNSPECIFIED.);
#218=B_SPLINE_CURVE_WITH_KNOTS('',3,(#5231,#5232,#5233,#5234,#5235),
 .UNSPECIFIED.,.F.,.F.,(4,1,4),(-0.0563547468001539,-0.028430917171509,
0.),.UNSPECIFIED.);
#219=B_SPLINE_CURVE_WITH_KNOTS('',3,(#5248,#5249,#5250,#5251,#5252),
 .UNSPECIFIED.,.F.,.F.,(4,1,4),(-0.0780265919616802,-0.0332380505440873,
0.),.UNSPECIFIED.);
#220=B_SPLINE_CURVE_WITH_KNOTS('',3,(#5265,#5266,#5267,#5268,#5269),
 .UNSPECIFIED.,.F.,.F.,(4,1,4),(-0.088177381846566,-0.0503537381468864,
0.),.UNSPECIFIED.);
#221=B_SPLINE_CURVE_WITH_KNOTS('',3,(#5282,#5283,#5284,#5285,#5286),
 .UNSPECIFIED.,.F.,.F.,(4,1,4),(-0.0568471109924565,-0.0278644226327133,
0.),.UNSPECIFIED.);
#222=B_SPLINE_CURVE_WITH_KNOTS('',3,(#5299,#5300,#5301,#5302,#5303),
 .UNSPECIFIED.,.F.,.F.,(4,1,4),(-0.0415873039909401,-0.0217234047311458,
0.),.UNSPECIFIED.);
#223=B_SPLINE_CURVE_WITH_KNOTS('',3,(#5315,#5316,#5317,#5318,#5319),
 .UNSPECIFIED.,.F.,.F.,(4,1,4),(-0.0414989184278961,-0.0198406174499786,
0.),.UNSPECIFIED.);
#224=B_SPLINE_SURFACE_WITH_KNOTS('',3,1,((#3158,#3159),(#3160,#3161),(#3162,
#3163),(#3164,#3165),(#3166,#3167)),.UNSPECIFIED.,.F.,.F.,.F.,(4,1,4),(2,
2),(-0.0288077816047779,-0.0132885634729739,0.),(0.,9.9999999999989E-5),
 .UNSPECIFIED.);
#225=B_SPLINE_SURFACE_WITH_KNOTS('',3,1,((#3181,#3182),(#3183,#3184),(#3185,
#3186),(#3187,#3188),(#3189,#3190)),.UNSPECIFIED.,.F.,.F.,.F.,(4,1,4),(2,
2),(-0.028825553032444,-0.0155358078249504,0.),(0.,9.9999999999989E-5),
 .UNSPECIFIED.);
#226=B_SPLINE_SURFACE_WITH_KNOTS('',3,1,((#3210,#3211),(#3212,#3213),(#3214,
#3215),(#3216,#3217),(#3218,#3219)),.UNSPECIFIED.,.F.,.F.,.F.,(4,1,4),(2,
2),(-0.0430998195908448,-0.0220758829835966,0.),(0.,9.9999999999989E-5),
 .UNSPECIFIED.);
#227=B_SPLINE_SURFACE_WITH_KNOTS('',3,1,((#3233,#3234),(#3235,#3236),(#3237,
#3238),(#3239,#3240),(#3241,#3242)),.UNSPECIFIED.,.F.,.F.,.F.,(4,1,4),(2,
2),(-0.034669523888344,-0.0189098547030699,0.),(0.,9.9999999999989E-5),
 .UNSPECIFIED.);
#228=B_SPLINE_SURFACE_WITH_KNOTS('',3,1,((#3291,#3292),(#3293,#3294),(#3295,
#3296),(#3297,#3298),(#3299,#3300)),.UNSPECIFIED.,.F.,.F.,.F.,(4,1,4),(2,
2),(-0.0671322115200147,-0.0411140930152887,0.),(0.,9.9999999999989E-5),
 .UNSPECIFIED.);
#229=B_SPLINE_SURFACE_WITH_KNOTS('',3,1,((#3317,#3318),(#3319,#3320),(#3321,
#3322),(#3323,#3324),(#3325,#3326)),.UNSPECIFIED.,.F.,.F.,.F.,(4,1,4),(2,
2),(-0.0338501675283674,-0.0177559528779816,0.),(0.,9.9999999999989E-5),
 .UNSPECIFIED.);
#230=B_SPLINE_SURFACE_WITH_KNOTS('',3,1,((#3340,#3341),(#3342,#3343),(#3344,
#3345),(#3346,#3347),(#3348,#3349)),.UNSPECIFIED.,.F.,.F.,.F.,(4,1,4),(2,
2),(-0.0338897271263579,-0.016098518822424,0.),(0.,9.9999999999989E-5),
 .UNSPECIFIED.);
#231=B_SPLINE_SURFACE_WITH_KNOTS('',3,1,((#3363,#3364),(#3365,#3366),(#3367,
#3368),(#3369,#3370),(#3371,#3372)),.UNSPECIFIED.,.F.,.F.,.F.,(4,1,4),(2,
2),(-0.0670632459491472,-0.026034207203429,0.),(0.,9.9999999999989E-5),
 .UNSPECIFIED.);
#232=B_SPLINE_SURFACE_WITH_KNOTS('',3,1,((#3386,#3387),(#3388,#3389),(#3390,
#3391),(#3392,#3393),(#3394,#3395)),.UNSPECIFIED.,.F.,.F.,.F.,(4,1,4),(2,
2),(-0.0672011990000746,-0.0411991481537291,0.),(0.,9.9999999999989E-5),
 .UNSPECIFIED.);
#233=B_SPLINE_SURFACE_WITH_KNOTS('',3,1,((#3409,#3410),(#3411,#3412),(#3413,
#3414),(#3415,#3416),(#3417,#3418)),.UNSPECIFIED.,.F.,.F.,.F.,(4,1,4),(2,
2),(-0.0340583637195724,-0.0177703700644777,0.),(0.,9.9999999999989E-5),
 .UNSPECIFIED.);
#234=B_SPLINE_SURFACE_WITH_KNOTS('',3,1,((#3432,#3433),(#3434,#3435),(#3436,
#3437),(#3438,#3439),(#3440,#3441)),.UNSPECIFIED.,.F.,.F.,.F.,(4,1,4),(2,
2),(-0.0315861079404347,-0.0156273306865913,0.),(0.,9.9999999999989E-5),
 .UNSPECIFIED.);
#235=B_SPLINE_SURFACE_WITH_KNOTS('',3,1,((#3455,#3456),(#3457,#3458),(#3459,
#3460),(#3461,#3462),(#3463,#3464)),.UNSPECIFIED.,.F.,.F.,.F.,(4,1,4),(2,
2),(-0.0693369088786598,-0.0277083964601083,0.),(0.,9.9999999999989E-5),
 .UNSPECIFIED.);
#236=B_SPLINE_SURFACE_WITH_KNOTS('',3,1,((#3475,#3476),(#3477,#3478),(#3479,
#3480),(#3481,#3482),(#3483,#3484)),.UNSPECIFIED.,.F.,.F.,.F.,(4,1,4),(2,
2),(-0.0577364186727968,-0.0320608391264765,0.),(0.,9.9999999999989E-5),
 .UNSPECIFIED.);
#237=B_SPLINE_SURFACE_WITH_KNOTS('',3,1,((#3501,#3502),(#3503,#3504),(#3505,
#3506),(#3507,#3508),(#3509,#3510)),.UNSPECIFIED.,.F.,.F.,.F.,(4,1,4),(2,
2),(-0.0401920335923215,-0.0211909857535031,0.),(0.,9.9999999999989E-5),
 .UNSPECIFIED.);
#238=B_SPLINE_SURFACE_WITH_KNOTS('',3,1,((#3524,#3525),(#3526,#3527),(#3528,
#3529),(#3530,#3531),(#3532,#3533)),.UNSPECIFIED.,.F.,.F.,.F.,(4,1,4),(2,
2),(-0.0386646110108818,-0.0184810300709019,0.),(0.,9.9999999999989E-5),
 .UNSPECIFIED.);
#239=B_SPLINE_SURFACE_WITH_KNOTS('',3,1,((#3547,#3548),(#3549,#3550),(#3551,
#3552),(#3553,#3554),(#3555,#3556)),.UNSPECIFIED.,.F.,.F.,.F.,(4,1,4),(2,
2),(-0.0291972763413675,-0.0151957276004776,0.),(0.,9.9999999999989E-5),
 .UNSPECIFIED.);
#240=B_SPLINE_SURFACE_WITH_KNOTS('',3,1,((#3570,#3571),(#3572,#3573),(#3574,
#3575),(#3576,#3577),(#3578,#3579)),.UNSPECIFIED.,.F.,.F.,.F.,(4,1,4),(2,
2),(-0.0276411139440907,-0.0136190516578535,0.),(0.,9.9999999999989E-5),
 .UNSPECIFIED.);
#241=B_SPLINE_SURFACE_WITH_KNOTS('',3,1,((#3593,#3594),(#3595,#3596),(#3597,
#3598),(#3599,#3600),(#3601,#3602)),.UNSPECIFIED.,.F.,.F.,.F.,(4,1,4),(2,
2),(-0.0323328542251258,-0.0152703100348924,0.),(0.,9.9999999999989E-5),
 .UNSPECIFIED.);
#242=B_SPLINE_SURFACE_WITH_KNOTS('',3,1,((#3616,#3617),(#3618,#3619),(#3620,
#3621),(#3622,#3623),(#3624,#3625)),.UNSPECIFIED.,.F.,.F.,.F.,(4,1,4),(2,
2),(-0.0475703238874713,-0.0208583386510922,0.),(0.,9.9999999999989E-5),
 .UNSPECIFIED.);
#243=B_SPLINE_SURFACE_WITH_KNOTS('',3,1,((#3639,#3640),(#3641,#3642),(#3643,
#3644),(#3645,#3646),(#3647,#3648)),.UNSPECIFIED.,.F.,.F.,.F.,(4,1,4),(2,
2),(-0.0574536296887535,-0.0318555634249194,0.),(0.,9.9999999999989E-5),
 .UNSPECIFIED.);
#244=B_SPLINE_SURFACE_WITH_KNOTS('',3,1,((#3662,#3663),(#3664,#3665),(#3666,
#3667),(#3668,#3669),(#3670,#3671)),.UNSPECIFIED.,.F.,.F.,.F.,(4,1,4),(2,
2),(-0.0402125925746742,-0.021184564583552,0.),(0.,9.9999999999989E-5),
 .UNSPECIFIED.);
#245=B_SPLINE_SURFACE_WITH_KNOTS('',3,1,((#3685,#3686),(#3687,#3688),(#3689,
#3690),(#3691,#3692),(#3693,#3694)),.UNSPECIFIED.,.F.,.F.,.F.,(4,1,4),(2,
2),(-0.0388226600354153,-0.0185353785887226,0.),(0.,9.9999999999989E-5),
 .UNSPECIFIED.);
#246=B_SPLINE_SURFACE_WITH_KNOTS('',3,1,((#3708,#3709),(#3710,#3711),(#3712,
#3713),(#3714,#3715),(#3716,#3717)),.UNSPECIFIED.,.F.,.F.,.F.,(4,1,4),(2,
2),(-0.0513634826096901,-0.026333914574837,0.),(0.,9.9999999999989E-5),
 .UNSPECIFIED.);
#247=B_SPLINE_SURFACE_WITH_KNOTS('',3,1,((#3731,#3732),(#3733,#3734),(#3735,
#3736),(#3737,#3738),(#3739,#3740)),.UNSPECIFIED.,.F.,.F.,.F.,(4,1,4),(2,
2),(-0.0847596463469006,-0.0360088304475199,0.),(0.,9.9999999999989E-5),
 .UNSPECIFIED.);
#248=B_SPLINE_SURFACE_WITH_KNOTS('',3,1,((#4023,#4024),(#4025,#4026),(#4027,
#4028),(#4029,#4030),(#4031,#4032)),.UNSPECIFIED.,.F.,.F.,.F.,(4,1,4),(2,
2),(-0.0671322115200147,-0.0411140930152887,0.),(0.,9.9999999999989E-5),
 .UNSPECIFIED.);
#249=B_SPLINE_SURFACE_WITH_KNOTS('',3,1,((#4049,#4050),(#4051,#4052),(#4053,
#4054),(#4055,#4056),(#4057,#4058)),.UNSPECIFIED.,.F.,.F.,.F.,(4,1,4),(2,
2),(-0.0338501603077286,-0.0177559744882081,0.),(0.,9.9999999999989E-5),
 .UNSPECIFIED.);
#250=B_SPLINE_SURFACE_WITH_KNOTS('',3,1,((#4072,#4073),(#4074,#4075),(#4076,
#4077),(#4078,#4079),(#4080,#4081)),.UNSPECIFIED.,.F.,.F.,.F.,(4,1,4),(2,
2),(-0.0338897055589784,-0.016098518822424,0.),(0.,9.9999999999989E-5),
 .UNSPECIFIED.);
#251=B_SPLINE_SURFACE_WITH_KNOTS('',3,1,((#4095,#4096),(#4097,#4098),(#4099,
#4100),(#4101,#4102),(#4103,#4104)),.UNSPECIFIED.,.F.,.F.,.F.,(4,1,4),(2,
2),(-0.067063255846538,-0.0260342171008199,0.),(0.,9.9999999999989E-5),
 .UNSPECIFIED.);
#252=B_SPLINE_SURFACE_WITH_KNOTS('',3,1,((#4118,#4119),(#4120,#4121),(#4122,
#4123),(#4124,#4125),(#4126,#4127)),.UNSPECIFIED.,.F.,.F.,.F.,(4,1,4),(2,
2),(-0.0672012089097054,-0.0411991481537291,0.),(0.,9.9999999999989E-5),
 .UNSPECIFIED.);
#253=B_SPLINE_SURFACE_WITH_KNOTS('',3,1,((#4141,#4142),(#4143,#4144),(#4145,
#4146),(#4147,#4148),(#4149,#4150)),.UNSPECIFIED.,.F.,.F.,.F.,(4,1,4),(2,
2),(-0.0340583491677098,-0.0177703266503479,0.),(0.,9.9999999999989E-5),
 .UNSPECIFIED.);
#254=B_SPLINE_SURFACE_WITH_KNOTS('',3,1,((#4164,#4165),(#4166,#4167),(#4168,
#4169),(#4170,#4171),(#4172,#4173)),.UNSPECIFIED.,.F.,.F.,.F.,(4,1,4),(2,
2),(-0.0315861079404347,-0.0156273306865913,0.),(0.,9.9999999999989E-5),
 .UNSPECIFIED.);
#255=B_SPLINE_SURFACE_WITH_KNOTS('',3,1,((#4187,#4188),(#4189,#4190),(#4191,
#4192),(#4193,#4194),(#4195,#4196)),.UNSPECIFIED.,.F.,.F.,.F.,(4,1,4),(2,
2),(-0.0693369088786598,-0.0277083964601083,0.),(0.,9.9999999999989E-5),
 .UNSPECIFIED.);
#256=B_SPLINE_SURFACE_WITH_KNOTS('',3,1,((#4207,#4208),(#4209,#4210),(#4211,
#4212),(#4213,#4214),(#4215,#4216)),.UNSPECIFIED.,.F.,.F.,.F.,(4,1,4),(2,
2),(-0.057736423330548,-0.0320608374303244,0.),(0.,9.9999999999989E-5),
 .UNSPECIFIED.);
#257=B_SPLINE_SURFACE_WITH_KNOTS('',3,1,((#4226,#4227),(#4228,#4229),(#4230,
#4231),(#4232,#4233),(#4234,#4235)),.UNSPECIFIED.,.F.,.F.,.F.,(4,1,4),(2,
2),(-0.0401920335923215,-0.0211909857535031,0.),(0.,9.9999999999989E-5),
 .UNSPECIFIED.);
#258=B_SPLINE_SURFACE_WITH_KNOTS('',3,1,((#4243,#4244),(#4245,#4246),(#4247,
#4248),(#4249,#4250),(#4251,#4252)),.UNSPECIFIED.,.F.,.F.,.F.,(4,1,4),(2,
2),(-0.0386646142894838,-0.018481003863559,0.),(0.,9.9999999999989E-5),
 .UNSPECIFIED.);
#259=B_SPLINE_SURFACE_WITH_KNOTS('',3,1,((#4260,#4261),(#4262,#4263),(#4264,
#4265),(#4266,#4267),(#4268,#4269)),.UNSPECIFIED.,.F.,.F.,.F.,(4,1,4),(2,
2),(-0.0291972763413675,-0.0151957276004776,0.),(0.,9.9999999999989E-5),
 .UNSPECIFIED.);
#260=B_SPLINE_SURFACE_WITH_KNOTS('',3,1,((#4277,#4278),(#4279,#4280),(#4281,
#4282),(#4283,#4284),(#4285,#4286)),.UNSPECIFIED.,.F.,.F.,.F.,(4,1,4),(2,
2),(-0.0276411087526361,-0.0136190274016663,0.),(0.,9.9999999999989E-5),
 .UNSPECIFIED.);
#261=B_SPLINE_SURFACE_WITH_KNOTS('',3,1,((#4294,#4295),(#4296,#4297),(#4298,
#4299),(#4300,#4301),(#4302,#4303)),.UNSPECIFIED.,.F.,.F.,.F.,(4,1,4),(2,
2),(-0.0323328542251258,-0.0152703100348924,0.),(0.,9.9999999999989E-5),
 .UNSPECIFIED.);
#262=B_SPLINE_SURFACE_WITH_KNOTS('',3,1,((#4311,#4312),(#4313,#4314),(#4315,
#4316),(#4317,#4318),(#4319,#4320)),.UNSPECIFIED.,.F.,.F.,.F.,(4,1,4),(2,
2),(-0.0475703238874713,-0.0208583386510922,0.),(0.,9.9999999999989E-5),
 .UNSPECIFIED.);
#263=B_SPLINE_SURFACE_WITH_KNOTS('',3,1,((#4328,#4329),(#4330,#4331),(#4332,
#4333),(#4334,#4335),(#4336,#4337)),.UNSPECIFIED.,.F.,.F.,.F.,(4,1,4),(2,
2),(-0.0574536343112229,-0.0318555617337857,0.),(0.,9.9999999999989E-5),
 .UNSPECIFIED.);
#264=B_SPLINE_SURFACE_WITH_KNOTS('',3,1,((#4345,#4346),(#4347,#4348),(#4349,
#4350),(#4351,#4352),(#4353,#4354)),.UNSPECIFIED.,.F.,.F.,.F.,(4,1,4),(2,
2),(-0.0402125925746742,-0.021184564583552,0.),(0.,9.9999999999989E-5),
 .UNSPECIFIED.);
#265=B_SPLINE_SURFACE_WITH_KNOTS('',3,1,((#4362,#4363),(#4364,#4365),(#4366,
#4367),(#4368,#4369),(#4370,#4371)),.UNSPECIFIED.,.F.,.F.,.F.,(4,1,4),(2,
2),(-0.0388226600354153,-0.0185353785887226,0.),(0.,9.9999999999989E-5),
 .UNSPECIFIED.);
#266=B_SPLINE_SURFACE_WITH_KNOTS('',3,1,((#4379,#4380),(#4381,#4382),(#4383,
#4384),(#4385,#4386),(#4387,#4388)),.UNSPECIFIED.,.F.,.F.,.F.,(4,1,4),(2,
2),(-0.0513634826096901,-0.026333914574837,0.),(0.,9.9999999999989E-5),
 .UNSPECIFIED.);
#267=B_SPLINE_SURFACE_WITH_KNOTS('',3,1,((#4396,#4397),(#4398,#4399),(#4400,
#4401),(#4402,#4403),(#4404,#4405)),.UNSPECIFIED.,.F.,.F.,.F.,(4,1,4),(2,
2),(-0.0847596463469006,-0.0360088304475199,0.),(0.,9.9999999999989E-5),
 .UNSPECIFIED.);
#268=B_SPLINE_SURFACE_WITH_KNOTS('',3,1,((#4413,#4414),(#4415,#4416),(#4417,
#4418),(#4419,#4420),(#4421,#4422)),.UNSPECIFIED.,.F.,.F.,.F.,(4,1,4),(2,
2),(-0.0671322115200147,-0.0411140930152887,0.),(0.,9.9999999999989E-5),
 .UNSPECIFIED.);
#269=B_SPLINE_SURFACE_WITH_KNOTS('',3,1,((#4439,#4440),(#4441,#4442),(#4443,
#4444),(#4445,#4446),(#4447,#4448)),.UNSPECIFIED.,.F.,.F.,.F.,(4,1,4),(2,
2),(-0.0338501603077286,-0.0177559744882081,0.),(0.,9.9999999999989E-5),
 .UNSPECIFIED.);
#270=B_SPLINE_SURFACE_WITH_KNOTS('',3,1,((#4462,#4463),(#4464,#4465),(#4466,
#4467),(#4468,#4469),(#4470,#4471)),.UNSPECIFIED.,.F.,.F.,.F.,(4,1,4),(2,
2),(-0.0338897055589784,-0.016098518822424,0.),(0.,9.9999999999989E-5),
 .UNSPECIFIED.);
#271=B_SPLINE_SURFACE_WITH_KNOTS('',3,1,((#4485,#4486),(#4487,#4488),(#4489,
#4490),(#4491,#4492),(#4493,#4494)),.UNSPECIFIED.,.F.,.F.,.F.,(4,1,4),(2,
2),(-0.067063255846538,-0.0260342171008199,0.),(0.,9.9999999999989E-5),
 .UNSPECIFIED.);
#272=B_SPLINE_SURFACE_WITH_KNOTS('',3,1,((#4508,#4509),(#4510,#4511),(#4512,
#4513),(#4514,#4515),(#4516,#4517)),.UNSPECIFIED.,.F.,.F.,.F.,(4,1,4),(2,
2),(-0.0672012089097054,-0.0411991481537291,0.),(0.,9.9999999999989E-5),
 .UNSPECIFIED.);
#273=B_SPLINE_SURFACE_WITH_KNOTS('',3,1,((#4531,#4532),(#4533,#4534),(#4535,
#4536),(#4537,#4538),(#4539,#4540)),.UNSPECIFIED.,.F.,.F.,.F.,(4,1,4),(2,
2),(-0.0340583491677098,-0.0177703266503479,0.),(0.,9.9999999999989E-5),
 .UNSPECIFIED.);
#274=B_SPLINE_SURFACE_WITH_KNOTS('',3,1,((#4554,#4555),(#4556,#4557),(#4558,
#4559),(#4560,#4561),(#4562,#4563)),.UNSPECIFIED.,.F.,.F.,.F.,(4,1,4),(2,
2),(-0.0315861079404347,-0.0156273306865913,0.),(0.,9.9999999999989E-5),
 .UNSPECIFIED.);
#275=B_SPLINE_SURFACE_WITH_KNOTS('',3,1,((#4577,#4578),(#4579,#4580),(#4581,
#4582),(#4583,#4584),(#4585,#4586)),.UNSPECIFIED.,.F.,.F.,.F.,(4,1,4),(2,
2),(-0.0693369088786598,-0.0277083964601083,0.),(0.,9.9999999999989E-5),
 .UNSPECIFIED.);
#276=B_SPLINE_SURFACE_WITH_KNOTS('',3,1,((#4597,#4598),(#4599,#4600),(#4601,
#4602),(#4603,#4604),(#4605,#4606)),.UNSPECIFIED.,.F.,.F.,.F.,(4,1,4),(2,
2),(-0.057736423330548,-0.0320608374303244,0.),(0.,9.9999999999989E-5),
 .UNSPECIFIED.);
#277=B_SPLINE_SURFACE_WITH_KNOTS('',3,1,((#4616,#4617),(#4618,#4619),(#4620,
#4621),(#4622,#4623),(#4624,#4625)),.UNSPECIFIED.,.F.,.F.,.F.,(4,1,4),(2,
2),(-0.0401920335923215,-0.0211909857535031,0.),(0.,9.9999999999989E-5),
 .UNSPECIFIED.);
#278=B_SPLINE_SURFACE_WITH_KNOTS('',3,1,((#4633,#4634),(#4635,#4636),(#4637,
#4638),(#4639,#4640),(#4641,#4642)),.UNSPECIFIED.,.F.,.F.,.F.,(4,1,4),(2,
2),(-0.0386646142894838,-0.018481003863559,0.),(0.,9.9999999999989E-5),
 .UNSPECIFIED.);
#279=B_SPLINE_SURFACE_WITH_KNOTS('',3,1,((#4650,#4651),(#4652,#4653),(#4654,
#4655),(#4656,#4657),(#4658,#4659)),.UNSPECIFIED.,.F.,.F.,.F.,(4,1,4),(2,
2),(-0.0291972797077636,-0.0151957868654158,0.),(0.,9.9999999999989E-5),
 .UNSPECIFIED.);
#280=B_SPLINE_SURFACE_WITH_KNOTS('',3,1,((#4667,#4668),(#4669,#4670),(#4671,
#4672),(#4673,#4674),(#4675,#4676)),.UNSPECIFIED.,.F.,.F.,.F.,(4,1,4),(2,
2),(-0.0276411087526361,-0.0136190274016663,0.),(0.,9.9999999999989E-5),
 .UNSPECIFIED.);
#281=B_SPLINE_SURFACE_WITH_KNOTS('',3,1,((#4684,#4685),(#4686,#4687),(#4688,
#4689),(#4690,#4691),(#4692,#4693)),.UNSPECIFIED.,.F.,.F.,.F.,(4,1,4),(2,
2),(-0.0323328542251258,-0.0152703100348924,0.),(0.,9.9999999999989E-5),
 .UNSPECIFIED.);
#282=B_SPLINE_SURFACE_WITH_KNOTS('',3,1,((#4701,#4702),(#4703,#4704),(#4705,
#4706),(#4707,#4708),(#4709,#4710)),.UNSPECIFIED.,.F.,.F.,.F.,(4,1,4),(2,
2),(-0.0475703238874713,-0.0208583386510922,0.),(0.,9.9999999999989E-5),
 .UNSPECIFIED.);
#283=B_SPLINE_SURFACE_WITH_KNOTS('',3,1,((#4718,#4719),(#4720,#4721),(#4722,
#4723),(#4724,#4725),(#4726,#4727)),.UNSPECIFIED.,.F.,.F.,.F.,(4,1,4),(2,
2),(-0.0574536343112229,-0.0318555617337857,0.),(0.,9.9999999999989E-5),
 .UNSPECIFIED.);
#284=B_SPLINE_SURFACE_WITH_KNOTS('',3,1,((#4735,#4736),(#4737,#4738),(#4739,
#4740),(#4741,#4742),(#4743,#4744)),.UNSPECIFIED.,.F.,.F.,.F.,(4,1,4),(2,
2),(-0.0402125925746742,-0.021184564583552,0.),(0.,9.9999999999989E-5),
 .UNSPECIFIED.);
#285=B_SPLINE_SURFACE_WITH_KNOTS('',3,1,((#4752,#4753),(#4754,#4755),(#4756,
#4757),(#4758,#4759),(#4760,#4761)),.UNSPECIFIED.,.F.,.F.,.F.,(4,1,4),(2,
2),(-0.0388226600354153,-0.0185353785887226,0.),(0.,9.9999999999989E-5),
 .UNSPECIFIED.);
#286=B_SPLINE_SURFACE_WITH_KNOTS('',3,1,((#4769,#4770),(#4771,#4772),(#4773,
#4774),(#4775,#4776),(#4777,#4778)),.UNSPECIFIED.,.F.,.F.,.F.,(4,1,4),(2,
2),(-0.0513634826096901,-0.026333914574837,0.),(0.,9.9999999999989E-5),
 .UNSPECIFIED.);
#287=B_SPLINE_SURFACE_WITH_KNOTS('',3,1,((#4786,#4787),(#4788,#4789),(#4790,
#4791),(#4792,#4793),(#4794,#4795)),.UNSPECIFIED.,.F.,.F.,.F.,(4,1,4),(2,
2),(-0.0847596463469006,-0.0360088304475199,0.),(0.,9.9999999999989E-5),
 .UNSPECIFIED.);
#288=B_SPLINE_SURFACE_WITH_KNOTS('',3,1,((#4803,#4804),(#4805,#4806),(#4807,
#4808),(#4809,#4810),(#4811,#4812)),.UNSPECIFIED.,.F.,.F.,.F.,(4,1,4),(2,
2),(-0.0250259007649639,-0.0124876210016897,0.),(0.,9.9999999999989E-5),
 .UNSPECIFIED.);
#289=B_SPLINE_SURFACE_WITH_KNOTS('',3,1,((#4829,#4830),(#4831,#4832),(#4833,
#4834),(#4835,#4836),(#4837,#4838)),.UNSPECIFIED.,.F.,.F.,.F.,(4,1,4),(2,
2),(-0.0234764586347269,-0.0120878513448898,0.),(0.,9.9999999999989E-5),
 .UNSPECIFIED.);
#290=B_SPLINE_SURFACE_WITH_KNOTS('',3,1,((#4852,#4853),(#4854,#4855),(#4856,
#4857),(#4858,#4859),(#4860,#4861)),.UNSPECIFIED.,.F.,.F.,.F.,(4,1,4),(2,
2),(-0.0214321560077715,-0.0109195472575634,0.),(0.,9.9999999999989E-5),
 .UNSPECIFIED.);
#291=B_SPLINE_SURFACE_WITH_KNOTS('',3,1,((#4875,#4876),(#4877,#4878),(#4879,
#4880),(#4881,#4882),(#4883,#4884)),.UNSPECIFIED.,.F.,.F.,.F.,(4,1,4),(2,
2),(-0.0302691478993718,-0.0147976220342415,0.),(0.,9.9999999999989E-5),
 .UNSPECIFIED.);
#292=B_SPLINE_SURFACE_WITH_KNOTS('',3,1,((#4898,#4899),(#4900,#4901),(#4902,
#4903),(#4904,#4905),(#4906,#4907)),.UNSPECIFIED.,.F.,.F.,.F.,(4,1,4),(2,
2),(-0.0365204591804995,-0.0170147056854286,0.),(0.,9.9999999999989E-5),
 .UNSPECIFIED.);
#293=B_SPLINE_SURFACE_WITH_KNOTS('',3,1,((#4921,#4922),(#4923,#4924),(#4925,
#4926),(#4927,#4928),(#4929,#4930)),.UNSPECIFIED.,.F.,.F.,.F.,(4,1,4),(2,
2),(-0.0351289419683036,-0.0187415521895009,0.),(0.,9.9999999999989E-5),
 .UNSPECIFIED.);
#294=B_SPLINE_SURFACE_WITH_KNOTS('',3,1,((#4944,#4945),(#4946,#4947),(#4948,
#4949),(#4950,#4951),(#4952,#4953)),.UNSPECIFIED.,.F.,.F.,.F.,(4,1,4),(2,
2),(-0.0309969465892979,-0.0153616131176639,0.),(0.,9.9999999999989E-5),
 .UNSPECIFIED.);
#295=B_SPLINE_SURFACE_WITH_KNOTS('',3,1,((#4967,#4968),(#4969,#4970),(#4971,
#4972),(#4973,#4974),(#4975,#4976)),.UNSPECIFIED.,.F.,.F.,.F.,(4,1,4),(2,
2),(-0.0313368240396488,-0.0156688136659331,0.),(0.,9.9999999999989E-5),
 .UNSPECIFIED.);
#296=B_SPLINE_SURFACE_WITH_KNOTS('',3,1,((#4990,#4991),(#4992,#4993),(#4994,
#4995),(#4996,#4997),(#4998,#4999)),.UNSPECIFIED.,.F.,.F.,.F.,(4,1,4),(2,
2),(-0.0340605650133797,-0.0163086122197,0.),(0.,9.9999999999989E-5),
 .UNSPECIFIED.);
#297=B_SPLINE_SURFACE_WITH_KNOTS('',3,1,((#5016,#5017),(#5018,#5019),(#5020,
#5021),(#5022,#5023),(#5024,#5025)),.UNSPECIFIED.,.F.,.F.,.F.,(4,1,4),(2,
2),(-0.0231453694091825,-0.0130949083553099,0.),(0.,9.9999999999989E-5),
 .UNSPECIFIED.);
#298=B_SPLINE_SURFACE_WITH_KNOTS('',3,1,((#5033,#5034),(#5035,#5036),(#5037,
#5038),(#5039,#5040),(#5041,#5042)),.UNSPECIFIED.,.F.,.F.,.F.,(4,1,4),(2,
2),(-0.0273192124024223,-0.0136270708683433,0.),(0.,9.9999999999989E-5),
 .UNSPECIFIED.);
#299=B_SPLINE_SURFACE_WITH_KNOTS('',3,1,((#5050,#5051),(#5052,#5053),(#5054,
#5055),(#5056,#5057),(#5058,#5059)),.UNSPECIFIED.,.F.,.F.,.F.,(4,1,4),(2,
2),(-0.0219063894702807,-0.0111373463285916,0.),(0.,9.9999999999989E-5),
 .UNSPECIFIED.);
#300=B_SPLINE_SURFACE_WITH_KNOTS('',3,1,((#5067,#5068),(#5069,#5070),(#5071,
#5072),(#5073,#5074),(#5075,#5076)),.UNSPECIFIED.,.F.,.F.,.F.,(4,1,4),(2,
2),(-0.0310221796950176,-0.0146872060408958,0.),(0.,9.9999999999989E-5),
 .UNSPECIFIED.);
#301=B_SPLINE_SURFACE_WITH_KNOTS('',3,1,((#5084,#5085),(#5086,#5087),(#5088,
#5089),(#5090,#5091),(#5092,#5093)),.UNSPECIFIED.,.F.,.F.,.F.,(4,1,4),(2,
2),(-0.046960002218416,-0.0203249745355829,0.),(0.,9.9999999999989E-5),
 .UNSPECIFIED.);
#302=B_SPLINE_SURFACE_WITH_KNOTS('',3,1,((#5101,#5102),(#5103,#5104),(#5105,
#5106),(#5107,#5108),(#5109,#5110)),.UNSPECIFIED.,.F.,.F.,.F.,(4,1,4),(2,
2),(-0.0297979489102533,-0.015349615900881,0.),(0.,9.9999999999989E-5),
 .UNSPECIFIED.);
#303=B_SPLINE_SURFACE_WITH_KNOTS('',3,1,((#5118,#5119),(#5120,#5121),(#5122,
#5123),(#5124,#5125),(#5126,#5127)),.UNSPECIFIED.,.F.,.F.,.F.,(4,1,4),(2,
2),(-0.0278614313197895,-0.0140193877886662,0.),(0.,9.9999999999989E-5),
 .UNSPECIFIED.);
#304=B_SPLINE_SURFACE_WITH_KNOTS('',3,1,((#5135,#5136),(#5137,#5138),(#5139,
#5140),(#5141,#5142),(#5143,#5144)),.UNSPECIFIED.,.F.,.F.,.F.,(4,1,4),(2,
2),(-0.0465849699356144,-0.0231767586127387,0.),(0.,9.9999999999989E-5),
 .UNSPECIFIED.);
#305=B_SPLINE_SURFACE_WITH_KNOTS('',3,1,((#5152,#5153),(#5154,#5155),(#5156,
#5157),(#5158,#5159),(#5160,#5161)),.UNSPECIFIED.,.F.,.F.,.F.,(4,1,4),(2,
2),(-0.050791786821135,-0.024430192079801,0.),(0.,9.9999999999989E-5),
 .UNSPECIFIED.);
#306=B_SPLINE_SURFACE_WITH_KNOTS('',3,1,((#5169,#5170),(#5171,#5172),(#5173,
#5174),(#5175,#5176),(#5177,#5178)),.UNSPECIFIED.,.F.,.F.,.F.,(4,1,4),(2,
2),(-0.0361733816545493,-0.018274678425304,0.),(0.,9.9999999999989E-5),
 .UNSPECIFIED.);
#307=B_SPLINE_SURFACE_WITH_KNOTS('',3,1,((#5186,#5187),(#5188,#5189),(#5190,
#5191),(#5192,#5193),(#5194,#5195)),.UNSPECIFIED.,.F.,.F.,.F.,(4,1,4),(2,
2),(-0.0336691055172004,-0.0172211467813182,0.),(0.,9.9999999999989E-5),
 .UNSPECIFIED.);
#308=B_SPLINE_SURFACE_WITH_KNOTS('',3,1,((#5203,#5204),(#5205,#5206),(#5207,
#5208),(#5209,#5210),(#5211,#5212)),.UNSPECIFIED.,.F.,.F.,.F.,(4,1,4),(2,
2),(-0.0336461607516268,-0.01645814042772,0.),(0.,9.9999999999989E-5),
 .UNSPECIFIED.);
#309=B_SPLINE_SURFACE_WITH_KNOTS('',3,1,((#5220,#5221),(#5222,#5223),(#5224,
#5225),(#5226,#5227),(#5228,#5229)),.UNSPECIFIED.,.F.,.F.,.F.,(4,1,4),(2,
2),(-0.0563547468001539,-0.028430917171509,0.),(0.,9.9999999999989E-5),
 .UNSPECIFIED.);
#310=B_SPLINE_SURFACE_WITH_KNOTS('',3,1,((#5237,#5238),(#5239,#5240),(#5241,
#5242),(#5243,#5244),(#5245,#5246)),.UNSPECIFIED.,.F.,.F.,.F.,(4,1,4),(2,
2),(-0.0780265919616802,-0.0332380505440873,0.),(0.,9.9999999999989E-5),
 .UNSPECIFIED.);
#311=B_SPLINE_SURFACE_WITH_KNOTS('',3,1,((#5254,#5255),(#5256,#5257),(#5258,
#5259),(#5260,#5261),(#5262,#5263)),.UNSPECIFIED.,.F.,.F.,.F.,(4,1,4),(2,
2),(-0.088177381846566,-0.0503537381468864,0.),(0.,9.9999999999989E-5),
 .UNSPECIFIED.);
#312=B_SPLINE_SURFACE_WITH_KNOTS('',3,1,((#5271,#5272),(#5273,#5274),(#5275,
#5276),(#5277,#5278),(#5279,#5280)),.UNSPECIFIED.,.F.,.F.,.F.,(4,1,4),(2,
2),(-0.0568471109924565,-0.0278644226327133,0.),(0.,9.9999999999989E-5),
 .UNSPECIFIED.);
#313=B_SPLINE_SURFACE_WITH_KNOTS('',3,1,((#5288,#5289),(#5290,#5291),(#5292,
#5293),(#5294,#5295),(#5296,#5297)),.UNSPECIFIED.,.F.,.F.,.F.,(4,1,4),(2,
2),(-0.0415873039909401,-0.0217234047311458,0.),(0.,9.9999999999989E-5),
 .UNSPECIFIED.);
#314=B_SPLINE_SURFACE_WITH_KNOTS('',3,1,((#5305,#5306),(#5307,#5308),(#5309,
#5310),(#5311,#5312),(#5313,#5314)),.UNSPECIFIED.,.F.,.F.,.F.,(4,1,4),(2,
2),(-0.0414989184278961,-0.0198406174499786,0.),(0.,9.9999999999989E-5),
 .UNSPECIFIED.);
#315=PLANE('',#2654);
#316=PLANE('',#2655);
#317=PLANE('',#2656);
#318=PLANE('',#2657);
#319=PLANE('',#2658);
#320=PLANE('',#2659);
#321=PLANE('',#2660);
#322=PLANE('',#2661);
#323=PLANE('',#2662);
#324=PLANE('',#2663);
#325=PLANE('',#2664);
#326=PLANE('',#2665);
#327=PLANE('',#2666);
#328=PLANE('',#2671);
#329=PLANE('',#2672);
#330=PLANE('',#2673);
#331=PLANE('',#2674);
#332=PLANE('',#2675);
#333=PLANE('',#2676);
#334=PLANE('',#2677);
#335=PLANE('',#2702);
#336=PLANE('',#2705);
#337=PLANE('',#2708);
#338=PLANE('',#2734);
#339=PLANE('',#2736);
#340=PLANE('',#2737);
#341=PLANE('',#2738);
#342=PLANE('',#2740);
#343=PLANE('',#2742);
#344=PLANE('',#2745);
#345=PLANE('',#2748);
#346=LINE('',#3132,#509);
#347=LINE('',#3141,#510);
#348=LINE('',#3146,#511);
#349=LINE('',#3148,#512);
#350=LINE('',#3150,#513);
#351=LINE('',#3151,#514);
#352=LINE('',#3154,#515);
#353=LINE('',#3156,#516);
#354=LINE('',#3157,#517);
#355=LINE('',#3180,#518);
#356=LINE('',#3203,#519);
#357=LINE('',#3206,#520);
#358=LINE('',#3208,#521);
#359=LINE('',#3209,#522);
#360=LINE('',#3232,#523);
#361=LINE('',#3255,#524);
#362=LINE('',#3258,#525);
#363=LINE('',#3260,#526);
#364=LINE('',#3261,#527);
#365=LINE('',#3263,#528);
#366=LINE('',#3264,#529);
#367=LINE('',#3269,#530);
#368=LINE('',#3271,#531);
#369=LINE('',#3273,#532);
#370=LINE('',#3274,#533);
#371=LINE('',#3277,#534);
#372=LINE('',#3279,#535);
#373=LINE('',#3280,#536);
#374=LINE('',#3283,#537);
#375=LINE('',#3285,#538);
#376=LINE('',#3286,#539);
#377=LINE('',#3288,#540);
#378=LINE('',#3289,#541);
#379=LINE('',#3309,#542);
#380=LINE('',#3316,#543);
#381=LINE('',#3339,#544);
#382=LINE('',#3362,#545);
#383=LINE('',#3385,#546);
#384=LINE('',#3408,#547);
#385=LINE('',#3431,#548);
#386=LINE('',#3454,#549);
#387=LINE('',#3493,#550);
#388=LINE('',#3500,#551);
#389=LINE('',#3523,#552);
#390=LINE('',#3546,#553);
#391=LINE('',#3569,#554);
#392=LINE('',#3592,#555);
#393=LINE('',#3615,#556);
#394=LINE('',#3638,#557);
#395=LINE('',#3661,#558);
#396=LINE('',#3684,#559);
#397=LINE('',#3707,#560);
#398=LINE('',#3730,#561);
#399=LINE('',#3755,#562);
#400=LINE('',#3759,#563);
#401=LINE('',#3763,#564);
#402=LINE('',#3767,#565);
#403=LINE('',#3843,#566);
#404=LINE('',#4041,#567);
#405=LINE('',#4048,#568);
#406=LINE('',#4071,#569);
#407=LINE('',#4094,#570);
#408=LINE('',#4117,#571);
#409=LINE('',#4140,#572);
#410=LINE('',#4163,#573);
#411=LINE('',#4186,#574);
#412=LINE('',#4218,#575);
#413=LINE('',#4225,#576);
#414=LINE('',#4242,#577);
#415=LINE('',#4259,#578);
#416=LINE('',#4276,#579);
#417=LINE('',#4293,#580);
#418=LINE('',#4310,#581);
#419=LINE('',#4327,#582);
#420=LINE('',#4344,#583);
#421=LINE('',#4361,#584);
#422=LINE('',#4378,#585);
#423=LINE('',#4395,#586);
#424=LINE('',#4431,#587);
#425=LINE('',#4438,#588);
#426=LINE('',#4461,#589);
#427=LINE('',#4484,#590);
#428=LINE('',#4507,#591);
#429=LINE('',#4530,#592);
#430=LINE('',#4553,#593);
#431=LINE('',#4576,#594);
#432=LINE('',#4608,#595);
#433=LINE('',#4615,#596);
#434=LINE('',#4632,#597);
#435=LINE('',#4649,#598);
#436=LINE('',#4666,#599);
#437=LINE('',#4683,#600);
#438=LINE('',#4700,#601);
#439=LINE('',#4717,#602);
#440=LINE('',#4734,#603);
#441=LINE('',#4751,#604);
#442=LINE('',#4768,#605);
#443=LINE('',#4785,#606);
#444=LINE('',#4821,#607);
#445=LINE('',#4828,#608);
#446=LINE('',#4851,#609);
#447=LINE('',#4874,#610);
#448=LINE('',#4897,#611);
#449=LINE('',#4920,#612);
#450=LINE('',#4943,#613);
#451=LINE('',#4966,#614);
#452=LINE('',#4989,#615);
#453=LINE('',#5012,#616);
#454=LINE('',#5014,#617);
#455=LINE('',#5015,#618);
#456=LINE('',#5032,#619);
#457=LINE('',#5049,#620);
#458=LINE('',#5066,#621);
#459=LINE('',#5083,#622);
#460=LINE('',#5100,#623);
#461=LINE('',#5117,#624);
#462=LINE('',#5134,#625);
#463=LINE('',#5151,#626);
#464=LINE('',#5168,#627);
#465=LINE('',#5185,#628);
#466=LINE('',#5202,#629);
#467=LINE('',#5219,#630);
#468=LINE('',#5236,#631);
#469=LINE('',#5253,#632);
#470=LINE('',#5270,#633);
#471=LINE('',#5287,#634);
#472=LINE('',#5304,#635);
#473=LINE('',#5335,#636);
#474=LINE('',#5336,#637);
#475=LINE('',#5347,#638);
#476=LINE('',#5348,#639);
#477=LINE('',#5359,#640);
#478=LINE('',#5360,#641);
#479=LINE('',#5368,#642);
#480=LINE('',#5369,#643);
#481=LINE('',#5372,#644);
#482=LINE('',#5374,#645);
#483=LINE('',#5375,#646);
#484=LINE('',#5378,#647);
#485=LINE('',#5382,#648);
#486=LINE('',#5383,#649);
#487=LINE('',#5386,#650);
#488=LINE('',#5391,#651);
#489=LINE('',#5395,#652);
#490=LINE('',#5399,#653);
#491=LINE('',#5403,#654);
#492=LINE('',#5409,#655);
#493=LINE('',#5418,#656);
#494=LINE('',#5426,#657);
#495=LINE('',#5434,#658);
#496=LINE('',#5438,#659);
#497=LINE('',#5439,#660);
#498=LINE('',#5441,#661);
#499=LINE('',#5443,#662);
#500=LINE('',#5445,#663);
#501=LINE('',#5448,#664);
#502=LINE('',#5450,#665);
#503=LINE('',#5452,#666);
#504=LINE('',#5456,#667);
#505=LINE('',#5457,#668);
#506=LINE('',#5460,#669);
#507=LINE('',#5464,#670);
#508=LINE('',#5465,#671);
#509=VECTOR('',#2759,0.225);
#510=VECTOR('',#2770,0.225);
#511=VECTOR('',#2775,10.);
#512=VECTOR('',#2776,10.);
#513=VECTOR('',#2777,10.);
#514=VECTOR('',#2778,10.);
#515=VECTOR('',#2781,10.);
#516=VECTOR('',#2782,10.);
#517=VECTOR('',#2783,10.);
#518=VECTOR('',#2784,10.);
#519=VECTOR('',#2785,10.);
#520=VECTOR('',#2788,10.);
#521=VECTOR('',#2789,10.);
#522=VECTOR('',#2790,10.);
#523=VECTOR('',#2791,10.);
#524=VECTOR('',#2792,10.);
#525=VECTOR('',#2795,10.);
#526=VECTOR('',#2796,10.);
#527=VECTOR('',#2797,10.);
#528=VECTOR('',#2800,10.);
#529=VECTOR('',#2801,10.);
#530=VECTOR('',#2806,10.);
#531=VECTOR('',#2807,10.);
#532=VECTOR('',#2808,10.);
#533=VECTOR('',#2809,10.);
#534=VECTOR('',#2812,10.);
#535=VECTOR('',#2813,10.);
#536=VECTOR('',#2814,10.);
#537=VECTOR('',#2817,10.);
#538=VECTOR('',#2818,10.);
#539=VECTOR('',#2819,10.);
#540=VECTOR('',#2822,10.);
#541=VECTOR('',#2823,10.);
#542=VECTOR('',#2826,10.);
#543=VECTOR('',#2827,10.);
#544=VECTOR('',#2828,10.);
#545=VECTOR('',#2829,10.);
#546=VECTOR('',#2830,10.);
#547=VECTOR('',#2831,10.);
#548=VECTOR('',#2832,10.);
#549=VECTOR('',#2833,10.);
#550=VECTOR('',#2834,10.);
#551=VECTOR('',#2835,10.);
#552=VECTOR('',#2836,10.);
#553=VECTOR('',#2837,10.);
#554=VECTOR('',#2838,10.);
#555=VECTOR('',#2839,10.);
#556=VECTOR('',#2840,10.);
#557=VECTOR('',#2841,10.);
#558=VECTOR('',#2842,10.);
#559=VECTOR('',#2843,10.);
#560=VECTOR('',#2844,10.);
#561=VECTOR('',#2845,10.);
#562=VECTOR('',#2850,10.);
#563=VECTOR('',#2853,10.);
#564=VECTOR('',#2856,10.);
#565=VECTOR('',#2859,10.);
#566=VECTOR('',#2862,10.);
#567=VECTOR('',#2863,10.);
#568=VECTOR('',#2864,10.);
#569=VECTOR('',#2865,10.);
#570=VECTOR('',#2866,10.);
#571=VECTOR('',#2867,10.);
#572=VECTOR('',#2868,10.);
#573=VECTOR('',#2869,10.);
#574=VECTOR('',#2870,10.);
#575=VECTOR('',#2871,10.);
#576=VECTOR('',#2872,10.);
#577=VECTOR('',#2873,10.);
#578=VECTOR('',#2874,10.);
#579=VECTOR('',#2875,10.);
#580=VECTOR('',#2876,10.);
#581=VECTOR('',#2877,10.);
#582=VECTOR('',#2878,10.);
#583=VECTOR('',#2879,10.);
#584=VECTOR('',#2880,10.);
#585=VECTOR('',#2881,10.);
#586=VECTOR('',#2882,10.);
#587=VECTOR('',#2887,10.);
#588=VECTOR('',#2888,10.);
#589=VECTOR('',#2889,10.);
#590=VECTOR('',#2890,10.);
#591=VECTOR('',#2891,10.);
#592=VECTOR('',#2892,10.);
#593=VECTOR('',#2893,10.);
#594=VECTOR('',#2894,10.);
#595=VECTOR('',#2895,10.);
#596=VECTOR('',#2896,10.);
#597=VECTOR('',#2897,10.);
#598=VECTOR('',#2898,10.);
#599=VECTOR('',#2899,10.);
#600=VECTOR('',#2900,10.);
#601=VECTOR('',#2901,10.);
#602=VECTOR('',#2902,10.);
#603=VECTOR('',#2903,10.);
#604=VECTOR('',#2904,10.);
#605=VECTOR('',#2905,10.);
#606=VECTOR('',#2906,10.);
#607=VECTOR('',#2911,10.);
#608=VECTOR('',#2912,10.);
#609=VECTOR('',#2913,10.);
#610=VECTOR('',#2914,10.);
#611=VECTOR('',#2915,10.);
#612=VECTOR('',#2916,10.);
#613=VECTOR('',#2917,10.);
#614=VECTOR('',#2918,10.);
#615=VECTOR('',#2919,10.);
#616=VECTOR('',#2922,10.);
#617=VECTOR('',#2923,10.);
#618=VECTOR('',#2924,10.);
#619=VECTOR('',#2925,10.);
#620=VECTOR('',#2926,10.);
#621=VECTOR('',#2927,10.);
#622=VECTOR('',#2928,10.);
#623=VECTOR('',#2929,10.);
#624=VECTOR('',#2930,10.);
#625=VECTOR('',#2931,10.);
#626=VECTOR('',#2932,10.);
#627=VECTOR('',#2933,10.);
#628=VECTOR('',#2934,10.);
#629=VECTOR('',#2935,10.);
#630=VECTOR('',#2936,10.);
#631=VECTOR('',#2937,10.);
#632=VECTOR('',#2938,10.);
#633=VECTOR('',#2939,10.);
#634=VECTOR('',#2940,10.);
#635=VECTOR('',#2941,10.);
#636=VECTOR('',#2960,10.);
#637=VECTOR('',#2961,10.);
#638=VECTOR('',#2974,10.);
#639=VECTOR('',#2975,10.);
#640=VECTOR('',#2988,10.);
#641=VECTOR('',#2989,10.);
#642=VECTOR('',#3000,10.);
#643=VECTOR('',#3001,10.);
#644=VECTOR('',#3004,10.);
#645=VECTOR('',#3005,10.);
#646=VECTOR('',#3006,10.);
#647=VECTOR('',#3009,10.);
#648=VECTOR('',#3014,10.);
#649=VECTOR('',#3015,10.);
#650=VECTOR('',#3018,10.);
#651=VECTOR('',#3023,10.);
#652=VECTOR('',#3026,10.);
#653=VECTOR('',#3029,10.);
#654=VECTOR('',#3032,10.);
#655=VECTOR('',#3039,10.);
#656=VECTOR('',#3052,10.);
#657=VECTOR('',#3063,10.);
#658=VECTOR('',#3074,10.);
#659=VECTOR('',#3081,10.);
#660=VECTOR('',#3082,10.);
#661=VECTOR('',#3085,10.);
#662=VECTOR('',#3088,10.);
#663=VECTOR('',#3091,10.);
#664=VECTOR('',#3096,10.);
#665=VECTOR('',#3099,10.);
#666=VECTOR('',#3102,10.);
#667=VECTOR('',#3107,10.);
#668=VECTOR('',#3108,10.);
#669=VECTOR('',#3111,10.);
#670=VECTOR('',#3116,10.);
#671=VECTOR('',#3117,10.);
#672=CYLINDRICAL_SURFACE('',#2647,0.225);
#673=CYLINDRICAL_SURFACE('',#2652,0.225);
#674=CYLINDRICAL_SURFACE('',#2683,0.05);
#675=CYLINDRICAL_SURFACE('',#2689,0.05);
#676=CYLINDRICAL_SURFACE('',#2695,0.05);
#677=CYLINDRICAL_SURFACE('',#2701,0.05);
#678=CYLINDRICAL_SURFACE('',#2703,2.32000000000001);
#679=CYLINDRICAL_SURFACE('',#2706,2.32);
#680=CYLINDRICAL_SURFACE('',#2713,0.25);
#681=CYLINDRICAL_SURFACE('',#2719,0.25);
#682=CYLINDRICAL_SURFACE('',#2724,0.25);
#683=CYLINDRICAL_SURFACE('',#2729,0.25);
#684=CYLINDRICAL_SURFACE('',#2733,1.9);
#685=CYLINDRICAL_SURFACE('',#2735,1.9);
#686=CYLINDRICAL_SURFACE('',#2739,1.9);
#687=CYLINDRICAL_SURFACE('',#2741,1.9);
#688=CYLINDRICAL_SURFACE('',#2743,2.32);
#689=CYLINDRICAL_SURFACE('',#2746,2.32);
#690=FACE_OUTER_BOUND('',#840,.T.);
#691=FACE_OUTER_BOUND('',#841,.T.);
#692=FACE_OUTER_BOUND('',#842,.T.);
#693=FACE_OUTER_BOUND('',#843,.T.);
#694=FACE_OUTER_BOUND('',#844,.T.);
#695=FACE_OUTER_BOUND('',#845,.T.);
#696=FACE_OUTER_BOUND('',#846,.T.);
#697=FACE_OUTER_BOUND('',#847,.T.);
#698=FACE_OUTER_BOUND('',#848,.T.);
#699=FACE_OUTER_BOUND('',#849,.T.);
#700=FACE_OUTER_BOUND('',#850,.T.);
#701=FACE_OUTER_BOUND('',#851,.T.);
#702=FACE_OUTER_BOUND('',#852,.T.);
#703=FACE_OUTER_BOUND('',#853,.T.);
#704=FACE_OUTER_BOUND('',#854,.T.);
#705=FACE_OUTER_BOUND('',#855,.T.);
#706=FACE_OUTER_BOUND('',#856,.T.);
#707=FACE_OUTER_BOUND('',#857,.T.);
#708=FACE_OUTER_BOUND('',#858,.T.);
#709=FACE_OUTER_BOUND('',#859,.T.);
#710=FACE_OUTER_BOUND('',#860,.T.);
#711=FACE_OUTER_BOUND('',#861,.T.);
#712=FACE_OUTER_BOUND('',#862,.T.);
#713=FACE_OUTER_BOUND('',#863,.T.);
#714=FACE_OUTER_BOUND('',#864,.T.);
#715=FACE_OUTER_BOUND('',#865,.T.);
#716=FACE_OUTER_BOUND('',#866,.T.);
#717=FACE_OUTER_BOUND('',#867,.T.);
#718=FACE_OUTER_BOUND('',#868,.T.);
#719=FACE_OUTER_BOUND('',#869,.T.);
#720=FACE_OUTER_BOUND('',#870,.T.);
#721=FACE_OUTER_BOUND('',#871,.T.);
#722=FACE_OUTER_BOUND('',#872,.T.);
#723=FACE_OUTER_BOUND('',#873,.T.);
#724=FACE_OUTER_BOUND('',#874,.T.);
#725=FACE_OUTER_BOUND('',#875,.T.);
#726=FACE_OUTER_BOUND('',#876,.T.);
#727=FACE_OUTER_BOUND('',#877,.T.);
#728=FACE_OUTER_BOUND('',#878,.T.);
#729=FACE_OUTER_BOUND('',#879,.T.);
#730=FACE_OUTER_BOUND('',#881,.T.);
#731=FACE_OUTER_BOUND('',#888,.T.);
#732=FACE_OUTER_BOUND('',#889,.T.);
#733=FACE_OUTER_BOUND('',#890,.T.);
#734=FACE_OUTER_BOUND('',#891,.T.);
#735=FACE_OUTER_BOUND('',#892,.T.);
#736=FACE_OUTER_BOUND('',#893,.T.);
#737=FACE_OUTER_BOUND('',#894,.T.);
#738=FACE_OUTER_BOUND('',#895,.T.);
#739=FACE_OUTER_BOUND('',#896,.T.);
#740=FACE_OUTER_BOUND('',#897,.T.);
#741=FACE_OUTER_BOUND('',#898,.T.);
#742=FACE_OUTER_BOUND('',#899,.T.);
#743=FACE_OUTER_BOUND('',#900,.T.);
#744=FACE_OUTER_BOUND('',#901,.T.);
#745=FACE_OUTER_BOUND('',#902,.T.);
#746=FACE_OUTER_BOUND('',#903,.T.);
#747=FACE_OUTER_BOUND('',#904,.T.);
#748=FACE_OUTER_BOUND('',#905,.T.);
#749=FACE_OUTER_BOUND('',#906,.T.);
#750=FACE_OUTER_BOUND('',#907,.T.);
#751=FACE_OUTER_BOUND('',#908,.T.);
#752=FACE_OUTER_BOUND('',#910,.T.);
#753=FACE_OUTER_BOUND('',#911,.T.);
#754=FACE_OUTER_BOUND('',#912,.T.);
#755=FACE_OUTER_BOUND('',#913,.T.);
#756=FACE_OUTER_BOUND('',#914,.T.);
#757=FACE_OUTER_BOUND('',#915,.T.);
#758=FACE_OUTER_BOUND('',#916,.T.);
#759=FACE_OUTER_BOUND('',#917,.T.);
#760=FACE_OUTER_BOUND('',#918,.T.);
#761=FACE_OUTER_BOUND('',#919,.T.);
#762=FACE_OUTER_BOUND('',#920,.T.);
#763=FACE_OUTER_BOUND('',#921,.T.);
#764=FACE_OUTER_BOUND('',#922,.T.);
#765=FACE_OUTER_BOUND('',#923,.T.);
#766=FACE_OUTER_BOUND('',#924,.T.);
#767=FACE_OUTER_BOUND('',#925,.T.);
#768=FACE_OUTER_BOUND('',#926,.T.);
#769=FACE_OUTER_BOUND('',#927,.T.);
#770=FACE_OUTER_BOUND('',#928,.T.);
#771=FACE_OUTER_BOUND('',#929,.T.);
#772=FACE_OUTER_BOUND('',#930,.T.);
#773=FACE_OUTER_BOUND('',#931,.T.);
#774=FACE_OUTER_BOUND('',#933,.T.);
#775=FACE_OUTER_BOUND('',#934,.T.);
#776=FACE_OUTER_BOUND('',#935,.T.);
#777=FACE_OUTER_BOUND('',#936,.T.);
#778=FACE_OUTER_BOUND('',#937,.T.);
#779=FACE_OUTER_BOUND('',#938,.T.);
#780=FACE_OUTER_BOUND('',#939,.T.);
#781=FACE_OUTER_BOUND('',#940,.T.);
#782=FACE_OUTER_BOUND('',#941,.T.);
#783=FACE_OUTER_BOUND('',#942,.T.);
#784=FACE_OUTER_BOUND('',#943,.T.);
#785=FACE_OUTER_BOUND('',#944,.T.);
#786=FACE_OUTER_BOUND('',#945,.T.);
#787=FACE_OUTER_BOUND('',#946,.T.);
#788=FACE_OUTER_BOUND('',#947,.T.);
#789=FACE_OUTER_BOUND('',#948,.T.);
#790=FACE_OUTER_BOUND('',#949,.T.);
#791=FACE_OUTER_BOUND('',#950,.T.);
#792=FACE_OUTER_BOUND('',#951,.T.);
#793=FACE_OUTER_BOUND('',#952,.T.);
#794=FACE_OUTER_BOUND('',#953,.T.);
#795=FACE_OUTER_BOUND('',#954,.T.);
#796=FACE_OUTER_BOUND('',#955,.T.);
#797=FACE_OUTER_BOUND('',#956,.T.);
#798=FACE_OUTER_BOUND('',#957,.T.);
#799=FACE_OUTER_BOUND('',#958,.T.);
#800=FACE_OUTER_BOUND('',#959,.T.);
#801=FACE_OUTER_BOUND('',#960,.T.);
#802=FACE_OUTER_BOUND('',#961,.T.);
#803=FACE_OUTER_BOUND('',#962,.T.);
#804=FACE_OUTER_BOUND('',#964,.T.);
#805=FACE_OUTER_BOUND('',#965,.T.);
#806=FACE_OUTER_BOUND('',#966,.T.);
#807=FACE_OUTER_BOUND('',#967,.T.);
#808=FACE_OUTER_BOUND('',#968,.T.);
#809=FACE_OUTER_BOUND('',#969,.T.);
#810=FACE_OUTER_BOUND('',#970,.T.);
#811=FACE_OUTER_BOUND('',#971,.T.);
#812=FACE_OUTER_BOUND('',#972,.T.);
#813=FACE_OUTER_BOUND('',#973,.T.);
#814=FACE_OUTER_BOUND('',#974,.T.);
#815=FACE_OUTER_BOUND('',#975,.T.);
#816=FACE_OUTER_BOUND('',#976,.T.);
#817=FACE_OUTER_BOUND('',#977,.T.);
#818=FACE_OUTER_BOUND('',#979,.T.);
#819=FACE_OUTER_BOUND('',#980,.T.);
#820=FACE_OUTER_BOUND('',#981,.T.);
#821=FACE_OUTER_BOUND('',#982,.T.);
#822=FACE_OUTER_BOUND('',#983,.T.);
#823=FACE_OUTER_BOUND('',#984,.T.);
#824=FACE_OUTER_BOUND('',#985,.T.);
#825=FACE_OUTER_BOUND('',#986,.T.);
#826=FACE_OUTER_BOUND('',#987,.T.);
#827=FACE_OUTER_BOUND('',#988,.T.);
#828=FACE_OUTER_BOUND('',#989,.T.);
#829=FACE_OUTER_BOUND('',#990,.T.);
#830=FACE_OUTER_BOUND('',#991,.T.);
#831=FACE_OUTER_BOUND('',#992,.T.);
#832=FACE_OUTER_BOUND('',#993,.T.);
#833=FACE_OUTER_BOUND('',#994,.T.);
#834=FACE_OUTER_BOUND('',#995,.T.);
#835=FACE_OUTER_BOUND('',#996,.T.);
#836=FACE_OUTER_BOUND('',#997,.T.);
#837=FACE_OUTER_BOUND('',#998,.T.);
#838=FACE_OUTER_BOUND('',#999,.T.);
#839=FACE_OUTER_BOUND('',#1000,.T.);
#840=EDGE_LOOP('',(#1696,#1697,#1698));
#841=EDGE_LOOP('',(#1699,#1700,#1701,#1702));
#842=EDGE_LOOP('',(#1703,#1704,#1705));
#843=EDGE_LOOP('',(#1706,#1707,#1708,#1709));
#844=EDGE_LOOP('',(#1710,#1711,#1712,#1713));
#845=EDGE_LOOP('',(#1714,#1715,#1716,#1717));
#846=EDGE_LOOP('',(#1718,#1719,#1720,#1721));
#847=EDGE_LOOP('',(#1722,#1723,#1724,#1725));
#848=EDGE_LOOP('',(#1726,#1727,#1728,#1729));
#849=EDGE_LOOP('',(#1730,#1731,#1732,#1733));
#850=EDGE_LOOP('',(#1734,#1735,#1736,#1737));
#851=EDGE_LOOP('',(#1738,#1739,#1740,#1741));
#852=EDGE_LOOP('',(#1742,#1743,#1744,#1745));
#853=EDGE_LOOP('',(#1746,#1747,#1748,#1749,#1750,#1751,#1752,#1753,#1754));
#854=EDGE_LOOP('',(#1755,#1756,#1757,#1758));
#855=EDGE_LOOP('',(#1759,#1760,#1761,#1762));
#856=EDGE_LOOP('',(#1763,#1764,#1765,#1766));
#857=EDGE_LOOP('',(#1767,#1768,#1769,#1770));
#858=EDGE_LOOP('',(#1771,#1772,#1773,#1774));
#859=EDGE_LOOP('',(#1775,#1776,#1777,#1778));
#860=EDGE_LOOP('',(#1779,#1780,#1781,#1782));
#861=EDGE_LOOP('',(#1783,#1784,#1785,#1786));
#862=EDGE_LOOP('',(#1787,#1788,#1789,#1790));
#863=EDGE_LOOP('',(#1791,#1792,#1793,#1794));
#864=EDGE_LOOP('',(#1795,#1796,#1797,#1798));
#865=EDGE_LOOP('',(#1799,#1800,#1801,#1802));
#866=EDGE_LOOP('',(#1803,#1804,#1805,#1806));
#867=EDGE_LOOP('',(#1807,#1808,#1809,#1810));
#868=EDGE_LOOP('',(#1811,#1812,#1813,#1814));
#869=EDGE_LOOP('',(#1815,#1816,#1817,#1818));
#870=EDGE_LOOP('',(#1819,#1820,#1821,#1822));
#871=EDGE_LOOP('',(#1823,#1824,#1825,#1826));
#872=EDGE_LOOP('',(#1827,#1828,#1829,#1830));
#873=EDGE_LOOP('',(#1831,#1832,#1833,#1834));
#874=EDGE_LOOP('',(#1835,#1836,#1837,#1838));
#875=EDGE_LOOP('',(#1839,#1840,#1841,#1842));
#876=EDGE_LOOP('',(#1843,#1844,#1845,#1846));
#877=EDGE_LOOP('',(#1847,#1848,#1849,#1850));
#878=EDGE_LOOP('',(#1851,#1852,#1853,#1854));
#879=EDGE_LOOP('',(#1855,#1856,#1857,#1858,#1859,#1860,#1861,#1862,#1863,
#1864,#1865,#1866));
#880=EDGE_LOOP('',(#1867,#1868,#1869,#1870,#1871,#1872,#1873,#1874));
#881=EDGE_LOOP('',(#1875,#1876,#1877,#1878,#1879,#1880,#1881,#1882));
#882=EDGE_LOOP('',(#1883,#1884,#1885,#1886,#1887,#1888,#1889,#1890,#1891));
#883=EDGE_LOOP('',(#1892,#1893,#1894,#1895));
#884=EDGE_LOOP('',(#1896,#1897,#1898,#1899,#1900,#1901,#1902,#1903,#1904,
#1905,#1906,#1907));
#885=EDGE_LOOP('',(#1908,#1909,#1910,#1911,#1912,#1913,#1914,#1915,#1916,
#1917,#1918,#1919,#1920,#1921,#1922,#1923,#1924,#1925,#1926));
#886=EDGE_LOOP('',(#1927,#1928,#1929,#1930,#1931,#1932,#1933,#1934,#1935,
#1936,#1937,#1938));
#887=EDGE_LOOP('',(#1939,#1940,#1941,#1942,#1943,#1944,#1945,#1946,#1947,
#1948,#1949,#1950));
#888=EDGE_LOOP('',(#1951,#1952,#1953,#1954));
#889=EDGE_LOOP('',(#1955,#1956,#1957,#1958));
#890=EDGE_LOOP('',(#1959,#1960,#1961,#1962));
#891=EDGE_LOOP('',(#1963,#1964,#1965,#1966));
#892=EDGE_LOOP('',(#1967,#1968,#1969,#1970));
#893=EDGE_LOOP('',(#1971,#1972,#1973,#1974));
#894=EDGE_LOOP('',(#1975,#1976,#1977,#1978));
#895=EDGE_LOOP('',(#1979,#1980,#1981,#1982));
#896=EDGE_LOOP('',(#1983,#1984,#1985,#1986));
#897=EDGE_LOOP('',(#1987,#1988,#1989,#1990));
#898=EDGE_LOOP('',(#1991,#1992,#1993,#1994));
#899=EDGE_LOOP('',(#1995,#1996,#1997,#1998));
#900=EDGE_LOOP('',(#1999,#2000,#2001,#2002));
#901=EDGE_LOOP('',(#2003,#2004,#2005,#2006));
#902=EDGE_LOOP('',(#2007,#2008,#2009,#2010));
#903=EDGE_LOOP('',(#2011,#2012,#2013,#2014));
#904=EDGE_LOOP('',(#2015,#2016,#2017,#2018));
#905=EDGE_LOOP('',(#2019,#2020,#2021,#2022));
#906=EDGE_LOOP('',(#2023,#2024,#2025,#2026));
#907=EDGE_LOOP('',(#2027,#2028,#2029,#2030));
#908=EDGE_LOOP('',(#2031,#2032,#2033,#2034,#2035,#2036,#2037,#2038,#2039,
#2040,#2041,#2042));
#909=EDGE_LOOP('',(#2043,#2044,#2045,#2046,#2047,#2048,#2049,#2050));
#910=EDGE_LOOP('',(#2051,#2052,#2053,#2054,#2055,#2056,#2057,#2058));
#911=EDGE_LOOP('',(#2059,#2060,#2061,#2062));
#912=EDGE_LOOP('',(#2063,#2064,#2065,#2066));
#913=EDGE_LOOP('',(#2067,#2068,#2069,#2070));
#914=EDGE_LOOP('',(#2071,#2072,#2073,#2074));
#915=EDGE_LOOP('',(#2075,#2076,#2077,#2078));
#916=EDGE_LOOP('',(#2079,#2080,#2081,#2082));
#917=EDGE_LOOP('',(#2083,#2084,#2085,#2086));
#918=EDGE_LOOP('',(#2087,#2088,#2089,#2090));
#919=EDGE_LOOP('',(#2091,#2092,#2093,#2094));
#920=EDGE_LOOP('',(#2095,#2096,#2097,#2098));
#921=EDGE_LOOP('',(#2099,#2100,#2101,#2102));
#922=EDGE_LOOP('',(#2103,#2104,#2105,#2106));
#923=EDGE_LOOP('',(#2107,#2108,#2109,#2110));
#924=EDGE_LOOP('',(#2111,#2112,#2113,#2114));
#925=EDGE_LOOP('',(#2115,#2116,#2117,#2118));
#926=EDGE_LOOP('',(#2119,#2120,#2121,#2122));
#927=EDGE_LOOP('',(#2123,#2124,#2125,#2126));
#928=EDGE_LOOP('',(#2127,#2128,#2129,#2130));
#929=EDGE_LOOP('',(#2131,#2132,#2133,#2134));
#930=EDGE_LOOP('',(#2135,#2136,#2137,#2138));
#931=EDGE_LOOP('',(#2139,#2140,#2141,#2142,#2143,#2144,#2145,#2146,#2147,
#2148,#2149,#2150));
#932=EDGE_LOOP('',(#2151,#2152,#2153,#2154,#2155,#2156,#2157,#2158));
#933=EDGE_LOOP('',(#2159,#2160,#2161,#2162,#2163,#2164,#2165,#2166));
#934=EDGE_LOOP('',(#2167,#2168,#2169,#2170));
#935=EDGE_LOOP('',(#2171,#2172,#2173,#2174));
#936=EDGE_LOOP('',(#2175,#2176,#2177,#2178));
#937=EDGE_LOOP('',(#2179,#2180,#2181,#2182));
#938=EDGE_LOOP('',(#2183,#2184,#2185,#2186));
#939=EDGE_LOOP('',(#2187,#2188,#2189,#2190));
#940=EDGE_LOOP('',(#2191,#2192,#2193,#2194));
#941=EDGE_LOOP('',(#2195,#2196,#2197,#2198));
#942=EDGE_LOOP('',(#2199,#2200,#2201,#2202));
#943=EDGE_LOOP('',(#2203,#2204,#2205,#2206));
#944=EDGE_LOOP('',(#2207,#2208,#2209,#2210));
#945=EDGE_LOOP('',(#2211,#2212,#2213,#2214));
#946=EDGE_LOOP('',(#2215,#2216,#2217,#2218));
#947=EDGE_LOOP('',(#2219,#2220,#2221,#2222));
#948=EDGE_LOOP('',(#2223,#2224,#2225,#2226));
#949=EDGE_LOOP('',(#2227,#2228,#2229,#2230));
#950=EDGE_LOOP('',(#2231,#2232,#2233,#2234));
#951=EDGE_LOOP('',(#2235,#2236,#2237,#2238));
#952=EDGE_LOOP('',(#2239,#2240,#2241,#2242));
#953=EDGE_LOOP('',(#2243,#2244,#2245,#2246));
#954=EDGE_LOOP('',(#2247,#2248,#2249,#2250));
#955=EDGE_LOOP('',(#2251,#2252,#2253,#2254));
#956=EDGE_LOOP('',(#2255,#2256,#2257,#2258));
#957=EDGE_LOOP('',(#2259,#2260,#2261,#2262));
#958=EDGE_LOOP('',(#2263,#2264,#2265,#2266));
#959=EDGE_LOOP('',(#2267,#2268,#2269,#2270));
#960=EDGE_LOOP('',(#2271,#2272,#2273,#2274));
#961=EDGE_LOOP('',(#2275,#2276,#2277,#2278));
#962=EDGE_LOOP('',(#2279,#2280,#2281,#2282,#2283,#2284,#2285,#2286,#2287,
#2288,#2289,#2290,#2291,#2292,#2293,#2294,#2295,#2296,#2297));
#963=EDGE_LOOP('',(#2298,#2299,#2300,#2301,#2302,#2303,#2304,#2305,#2306));
#964=EDGE_LOOP('',(#2307,#2308,#2309,#2310,#2311,#2312,#2313,#2314));
#965=EDGE_LOOP('',(#2315,#2316,#2317,#2318));
#966=EDGE_LOOP('',(#2319,#2320,#2321,#2322));
#967=EDGE_LOOP('',(#2323,#2324,#2325,#2326));
#968=EDGE_LOOP('',(#2327,#2328,#2329,#2330));
#969=EDGE_LOOP('',(#2331,#2332,#2333,#2334));
#970=EDGE_LOOP('',(#2335,#2336,#2337,#2338));
#971=EDGE_LOOP('',(#2339,#2340,#2341,#2342));
#972=EDGE_LOOP('',(#2343,#2344,#2345,#2346));
#973=EDGE_LOOP('',(#2347,#2348,#2349,#2350));
#974=EDGE_LOOP('',(#2351,#2352,#2353,#2354));
#975=EDGE_LOOP('',(#2355,#2356,#2357,#2358));
#976=EDGE_LOOP('',(#2359,#2360,#2361,#2362));
#977=EDGE_LOOP('',(#2363,#2364,#2365,#2366,#2367,#2368,#2369,#2370));
#978=EDGE_LOOP('',(#2371,#2372,#2373,#2374,#2375,#2376,#2377,#2378));
#979=EDGE_LOOP('',(#2379,#2380,#2381,#2382));
#980=EDGE_LOOP('',(#2383,#2384,#2385,#2386));
#981=EDGE_LOOP('',(#2387,#2388,#2389,#2390));
#982=EDGE_LOOP('',(#2391,#2392,#2393,#2394));
#983=EDGE_LOOP('',(#2395,#2396,#2397,#2398));
#984=EDGE_LOOP('',(#2399,#2400,#2401,#2402));
#985=EDGE_LOOP('',(#2403,#2404,#2405,#2406));
#986=EDGE_LOOP('',(#2407,#2408,#2409,#2410));
#987=EDGE_LOOP('',(#2411,#2412,#2413,#2414));
#988=EDGE_LOOP('',(#2415,#2416,#2417,#2418));
#989=EDGE_LOOP('',(#2419,#2420,#2421,#2422));
#990=EDGE_LOOP('',(#2423,#2424,#2425,#2426));
#991=EDGE_LOOP('',(#2427,#2428,#2429,#2430,#2431,#2432,#2433,#2434,#2435));
#992=EDGE_LOOP('',(#2436,#2437,#2438,#2439));
#993=EDGE_LOOP('',(#2440,#2441,#2442,#2443));
#994=EDGE_LOOP('',(#2444,#2445,#2446,#2447));
#995=EDGE_LOOP('',(#2448,#2449,#2450,#2451));
#996=EDGE_LOOP('',(#2452,#2453,#2454,#2455));
#997=EDGE_LOOP('',(#2456,#2457,#2458,#2459));
#998=EDGE_LOOP('',(#2460,#2461,#2462,#2463));
#999=EDGE_LOOP('',(#2464,#2465,#2466,#2467));
#1000=EDGE_LOOP('',(#2468,#2469,#2470,#2471,#2472,#2473,#2474,#2475));
#1001=EDGE_LOOP('',(#2476));
#1002=EDGE_LOOP('',(#2477));
#1003=CIRCLE('',#2645,0.225);
#1004=CIRCLE('',#2646,0.225);
#1005=CIRCLE('',#2648,0.225);
#1006=CIRCLE('',#2650,0.225);
#1007=CIRCLE('',#2651,0.225);
#1008=CIRCLE('',#2653,0.225);
#1009=CIRCLE('',#2667,1.65);
#1010=CIRCLE('',#2668,1.65);
#1011=CIRCLE('',#2669,1.65);
#1012=CIRCLE('',#2670,1.65);
#1013=CIRCLE('',#2679,0.05);
#1014=CIRCLE('',#2680,2.32);
#1015=CIRCLE('',#2681,0.05);
#1016=CIRCLE('',#2682,2.27);
#1017=CIRCLE('',#2684,0.05);
#1018=CIRCLE('',#2686,0.05);
#1019=CIRCLE('',#2687,2.27000000000001);
#1020=CIRCLE('',#2688,2.32000000000001);
#1021=CIRCLE('',#2690,0.05);
#1022=CIRCLE('',#2692,0.05);
#1023=CIRCLE('',#2693,2.27);
#1024=CIRCLE('',#2694,2.32);
#1025=CIRCLE('',#2696,0.05);
#1026=CIRCLE('',#2698,0.05);
#1027=CIRCLE('',#2699,2.27);
#1028=CIRCLE('',#2700,2.32);
#1029=CIRCLE('',#2704,2.32000000000001);
#1030=CIRCLE('',#2707,2.32);
#1031=CIRCLE('',#2709,1.9);
#1032=CIRCLE('',#2710,1.9);
#1033=CIRCLE('',#2711,1.9);
#1034=CIRCLE('',#2712,1.9);
#1035=CIRCLE('',#2714,0.25);
#1036=CIRCLE('',#2715,0.25);
#1037=CIRCLE('',#2717,0.25);
#1038=CIRCLE('',#2718,1.9);
#1039=CIRCLE('',#2720,0.25);
#1040=CIRCLE('',#2722,0.25);
#1041=CIRCLE('',#2723,1.9);
#1042=CIRCLE('',#2725,0.25);
#1043=CIRCLE('',#2727,0.25);
#1044=CIRCLE('',#2728,1.9);
#1045=CIRCLE('',#2730,0.25);
#1046=CIRCLE('',#2732,1.9);
#1047=CIRCLE('',#2744,2.32);
#1048=CIRCLE('',#2747,2.32);
#1049=VERTEX_POINT('',#3126);
#1050=VERTEX_POINT('',#3128);
#1051=VERTEX_POINT('',#3131);
#1052=VERTEX_POINT('',#3135);
#1053=VERTEX_POINT('',#3137);
#1054=VERTEX_POINT('',#3140);
#1055=VERTEX_POINT('',#3144);
#1056=VERTEX_POINT('',#3145);
#1057=VERTEX_POINT('',#3147);
#1058=VERTEX_POINT('',#3149);
#1059=VERTEX_POINT('',#3153);
#1060=VERTEX_POINT('',#3155);
#1061=VERTEX_POINT('',#3168);
#1062=VERTEX_POINT('',#3174);
#1063=VERTEX_POINT('',#3191);
#1064=VERTEX_POINT('',#3197);
#1065=VERTEX_POINT('',#3205);
#1066=VERTEX_POINT('',#3207);
#1067=VERTEX_POINT('',#3220);
#1068=VERTEX_POINT('',#3226);
#1069=VERTEX_POINT('',#3243);
#1070=VERTEX_POINT('',#3249);
#1071=VERTEX_POINT('',#3257);
#1072=VERTEX_POINT('',#3259);
#1073=VERTEX_POINT('',#3267);
#1074=VERTEX_POINT('',#3268);
#1075=VERTEX_POINT('',#3270);
#1076=VERTEX_POINT('',#3272);
#1077=VERTEX_POINT('',#3276);
#1078=VERTEX_POINT('',#3278);
#1079=VERTEX_POINT('',#3282);
#1080=VERTEX_POINT('',#3284);
#1081=VERTEX_POINT('',#3301);
#1082=VERTEX_POINT('',#3302);
#1083=VERTEX_POINT('',#3308);
#1084=VERTEX_POINT('',#3310);
#1085=VERTEX_POINT('',#3327);
#1086=VERTEX_POINT('',#3333);
#1087=VERTEX_POINT('',#3350);
#1088=VERTEX_POINT('',#3356);
#1089=VERTEX_POINT('',#3373);
#1090=VERTEX_POINT('',#3379);
#1091=VERTEX_POINT('',#3396);
#1092=VERTEX_POINT('',#3402);
#1093=VERTEX_POINT('',#3419);
#1094=VERTEX_POINT('',#3425);
#1095=VERTEX_POINT('',#3442);
#1096=VERTEX_POINT('',#3448);
#1097=VERTEX_POINT('',#3485);
#1098=VERTEX_POINT('',#3486);
#1099=VERTEX_POINT('',#3492);
#1100=VERTEX_POINT('',#3494);
#1101=VERTEX_POINT('',#3511);
#1102=VERTEX_POINT('',#3517);
#1103=VERTEX_POINT('',#3534);
#1104=VERTEX_POINT('',#3540);
#1105=VERTEX_POINT('',#3557);
#1106=VERTEX_POINT('',#3563);
#1107=VERTEX_POINT('',#3580);
#1108=VERTEX_POINT('',#3586);
#1109=VERTEX_POINT('',#3603);
#1110=VERTEX_POINT('',#3609);
#1111=VERTEX_POINT('',#3626);
#1112=VERTEX_POINT('',#3632);
#1113=VERTEX_POINT('',#3649);
#1114=VERTEX_POINT('',#3655);
#1115=VERTEX_POINT('',#3672);
#1116=VERTEX_POINT('',#3678);
#1117=VERTEX_POINT('',#3695);
#1118=VERTEX_POINT('',#3701);
#1119=VERTEX_POINT('',#3718);
#1120=VERTEX_POINT('',#3724);
#1121=VERTEX_POINT('',#3753);
#1122=VERTEX_POINT('',#3754);
#1123=VERTEX_POINT('',#3756);
#1124=VERTEX_POINT('',#3758);
#1125=VERTEX_POINT('',#3760);
#1126=VERTEX_POINT('',#3762);
#1127=VERTEX_POINT('',#3764);
#1128=VERTEX_POINT('',#3766);
#1129=VERTEX_POINT('',#3769);
#1130=VERTEX_POINT('',#3770);
#1131=VERTEX_POINT('',#3776);
#1132=VERTEX_POINT('',#3782);
#1133=VERTEX_POINT('',#3788);
#1134=VERTEX_POINT('',#3794);
#1135=VERTEX_POINT('',#3800);
#1136=VERTEX_POINT('',#3806);
#1137=VERTEX_POINT('',#3812);
#1138=VERTEX_POINT('',#3818);
#1139=VERTEX_POINT('',#3824);
#1140=VERTEX_POINT('',#3830);
#1141=VERTEX_POINT('',#3841);
#1142=VERTEX_POINT('',#3842);
#1143=VERTEX_POINT('',#3844);
#1144=VERTEX_POINT('',#3850);
#1145=VERTEX_POINT('',#3856);
#1146=VERTEX_POINT('',#3862);
#1147=VERTEX_POINT('',#3868);
#1148=VERTEX_POINT('',#3874);
#1149=VERTEX_POINT('',#3880);
#1150=VERTEX_POINT('',#3886);
#1151=VERTEX_POINT('',#3892);
#1152=VERTEX_POINT('',#3898);
#1153=VERTEX_POINT('',#3904);
#1154=VERTEX_POINT('',#3910);
#1155=VERTEX_POINT('',#3916);
#1156=VERTEX_POINT('',#3922);
#1157=VERTEX_POINT('',#3928);
#1158=VERTEX_POINT('',#3934);
#1159=VERTEX_POINT('',#3940);
#1160=VERTEX_POINT('',#3951);
#1161=VERTEX_POINT('',#3952);
#1162=VERTEX_POINT('',#3958);
#1163=VERTEX_POINT('',#3964);
#1164=VERTEX_POINT('',#3970);
#1165=VERTEX_POINT('',#3976);
#1166=VERTEX_POINT('',#3982);
#1167=VERTEX_POINT('',#3988);
#1168=VERTEX_POINT('',#3994);
#1169=VERTEX_POINT('',#4000);
#1170=VERTEX_POINT('',#4006);
#1171=VERTEX_POINT('',#4012);
#1172=VERTEX_POINT('',#4033);
#1173=VERTEX_POINT('',#4034);
#1174=VERTEX_POINT('',#4040);
#1175=VERTEX_POINT('',#4042);
#1176=VERTEX_POINT('',#4059);
#1177=VERTEX_POINT('',#4065);
#1178=VERTEX_POINT('',#4082);
#1179=VERTEX_POINT('',#4088);
#1180=VERTEX_POINT('',#4105);
#1181=VERTEX_POINT('',#4111);
#1182=VERTEX_POINT('',#4128);
#1183=VERTEX_POINT('',#4134);
#1184=VERTEX_POINT('',#4151);
#1185=VERTEX_POINT('',#4157);
#1186=VERTEX_POINT('',#4174);
#1187=VERTEX_POINT('',#4180);
#1188=VERTEX_POINT('',#4217);
#1189=VERTEX_POINT('',#4219);
#1190=VERTEX_POINT('',#4236);
#1191=VERTEX_POINT('',#4253);
#1192=VERTEX_POINT('',#4270);
#1193=VERTEX_POINT('',#4287);
#1194=VERTEX_POINT('',#4304);
#1195=VERTEX_POINT('',#4321);
#1196=VERTEX_POINT('',#4338);
#1197=VERTEX_POINT('',#4355);
#1198=VERTEX_POINT('',#4372);
#1199=VERTEX_POINT('',#4389);
#1200=VERTEX_POINT('',#4423);
#1201=VERTEX_POINT('',#4424);
#1202=VERTEX_POINT('',#4430);
#1203=VERTEX_POINT('',#4432);
#1204=VERTEX_POINT('',#4449);
#1205=VERTEX_POINT('',#4455);
#1206=VERTEX_POINT('',#4472);
#1207=VERTEX_POINT('',#4478);
#1208=VERTEX_POINT('',#4495);
#1209=VERTEX_POINT('',#4501);
#1210=VERTEX_POINT('',#4518);
#1211=VERTEX_POINT('',#4524);
#1212=VERTEX_POINT('',#4541);
#1213=VERTEX_POINT('',#4547);
#1214=VERTEX_POINT('',#4564);
#1215=VERTEX_POINT('',#4570);
#1216=VERTEX_POINT('',#4607);
#1217=VERTEX_POINT('',#4609);
#1218=VERTEX_POINT('',#4626);
#1219=VERTEX_POINT('',#4643);
#1220=VERTEX_POINT('',#4660);
#1221=VERTEX_POINT('',#4677);
#1222=VERTEX_POINT('',#4694);
#1223=VERTEX_POINT('',#4711);
#1224=VERTEX_POINT('',#4728);
#1225=VERTEX_POINT('',#4745);
#1226=VERTEX_POINT('',#4762);
#1227=VERTEX_POINT('',#4779);
#1228=VERTEX_POINT('',#4813);
#1229=VERTEX_POINT('',#4814);
#1230=VERTEX_POINT('',#4820);
#1231=VERTEX_POINT('',#4822);
#1232=VERTEX_POINT('',#4839);
#1233=VERTEX_POINT('',#4845);
#1234=VERTEX_POINT('',#4862);
#1235=VERTEX_POINT('',#4868);
#1236=VERTEX_POINT('',#4885);
#1237=VERTEX_POINT('',#4891);
#1238=VERTEX_POINT('',#4908);
#1239=VERTEX_POINT('',#4914);
#1240=VERTEX_POINT('',#4931);
#1241=VERTEX_POINT('',#4937);
#1242=VERTEX_POINT('',#4954);
#1243=VERTEX_POINT('',#4960);
#1244=VERTEX_POINT('',#4977);
#1245=VERTEX_POINT('',#4983);
#1246=VERTEX_POINT('',#5011);
#1247=VERTEX_POINT('',#5013);
#1248=VERTEX_POINT('',#5026);
#1249=VERTEX_POINT('',#5043);
#1250=VERTEX_POINT('',#5060);
#1251=VERTEX_POINT('',#5077);
#1252=VERTEX_POINT('',#5094);
#1253=VERTEX_POINT('',#5111);
#1254=VERTEX_POINT('',#5128);
#1255=VERTEX_POINT('',#5145);
#1256=VERTEX_POINT('',#5162);
#1257=VERTEX_POINT('',#5179);
#1258=VERTEX_POINT('',#5196);
#1259=VERTEX_POINT('',#5213);
#1260=VERTEX_POINT('',#5230);
#1261=VERTEX_POINT('',#5247);
#1262=VERTEX_POINT('',#5264);
#1263=VERTEX_POINT('',#5281);
#1264=VERTEX_POINT('',#5298);
#1265=VERTEX_POINT('',#5323);
#1266=VERTEX_POINT('',#5324);
#1267=VERTEX_POINT('',#5326);
#1268=VERTEX_POINT('',#5328);
#1269=VERTEX_POINT('',#5332);
#1270=VERTEX_POINT('',#5333);
#1271=VERTEX_POINT('',#5338);
#1272=VERTEX_POINT('',#5339);
#1273=VERTEX_POINT('',#5344);
#1274=VERTEX_POINT('',#5345);
#1275=VERTEX_POINT('',#5350);
#1276=VERTEX_POINT('',#5351);
#1277=VERTEX_POINT('',#5356);
#1278=VERTEX_POINT('',#5357);
#1279=VERTEX_POINT('',#5362);
#1280=VERTEX_POINT('',#5363);
#1281=VERTEX_POINT('',#5371);
#1282=VERTEX_POINT('',#5373);
#1283=VERTEX_POINT('',#5377);
#1284=VERTEX_POINT('',#5381);
#1285=VERTEX_POINT('',#5385);
#1286=VERTEX_POINT('',#5389);
#1287=VERTEX_POINT('',#5390);
#1288=VERTEX_POINT('',#5392);
#1289=VERTEX_POINT('',#5394);
#1290=VERTEX_POINT('',#5396);
#1291=VERTEX_POINT('',#5398);
#1292=VERTEX_POINT('',#5400);
#1293=VERTEX_POINT('',#5402);
#1294=VERTEX_POINT('',#5406);
#1295=VERTEX_POINT('',#5408);
#1296=VERTEX_POINT('',#5412);
#1297=VERTEX_POINT('',#5416);
#1298=VERTEX_POINT('',#5420);
#1299=VERTEX_POINT('',#5424);
#1300=VERTEX_POINT('',#5428);
#1301=VERTEX_POINT('',#5432);
#1302=VERTEX_POINT('',#5455);
#1303=VERTEX_POINT('',#5459);
#1304=VERTEX_POINT('',#5463);
#1305=EDGE_CURVE('',#1049,#1049,#1003,.T.);
#1306=EDGE_CURVE('',#1049,#1050,#1004,.T.);
#1307=EDGE_CURVE('',#1049,#1051,#346,.T.);
#1308=EDGE_CURVE('',#1051,#1051,#1005,.T.);
#1309=EDGE_CURVE('',#1052,#1052,#1006,.T.);
#1310=EDGE_CURVE('',#1052,#1053,#1007,.T.);
#1311=EDGE_CURVE('',#1052,#1054,#347,.T.);
#1312=EDGE_CURVE('',#1054,#1054,#1008,.T.);
#1313=EDGE_CURVE('',#1055,#1056,#348,.T.);
#1314=EDGE_CURVE('',#1055,#1057,#349,.T.);
#1315=EDGE_CURVE('',#1058,#1057,#350,.T.);
#1316=EDGE_CURVE('',#1056,#1058,#351,.T.);
#1317=EDGE_CURVE('',#1056,#1059,#352,.T.);
#1318=EDGE_CURVE('',#1060,#1058,#353,.T.);
#1319=EDGE_CURVE('',#1059,#1060,#354,.T.);
#1320=EDGE_CURVE('',#1059,#1061,#42,.T.);
#1321=EDGE_CURVE('',#1062,#1060,#43,.T.);
#1322=EDGE_CURVE('',#1061,#1062,#355,.T.);
#1323=EDGE_CURVE('',#1061,#1063,#44,.T.);
#1324=EDGE_CURVE('',#1064,#1062,#45,.T.);
#1325=EDGE_CURVE('',#1063,#1064,#356,.T.);
#1326=EDGE_CURVE('',#1063,#1065,#357,.T.);
#1327=EDGE_CURVE('',#1066,#1064,#358,.T.);
#1328=EDGE_CURVE('',#1065,#1066,#359,.T.);
#1329=EDGE_CURVE('',#1065,#1067,#46,.T.);
#1330=EDGE_CURVE('',#1068,#1066,#47,.T.);
#1331=EDGE_CURVE('',#1067,#1068,#360,.T.);
#1332=EDGE_CURVE('',#1067,#1069,#48,.T.);
#1333=EDGE_CURVE('',#1070,#1068,#49,.T.);
#1334=EDGE_CURVE('',#1069,#1070,#361,.T.);
#1335=EDGE_CURVE('',#1069,#1071,#362,.T.);
#1336=EDGE_CURVE('',#1072,#1070,#363,.T.);
#1337=EDGE_CURVE('',#1071,#1072,#364,.T.);
#1338=EDGE_CURVE('',#1071,#1055,#365,.T.);
#1339=EDGE_CURVE('',#1057,#1072,#366,.T.);
#1340=EDGE_CURVE('',#1073,#1074,#367,.T.);
#1341=EDGE_CURVE('',#1073,#1075,#368,.T.);
#1342=EDGE_CURVE('',#1076,#1075,#369,.T.);
#1343=EDGE_CURVE('',#1074,#1076,#370,.T.);
#1344=EDGE_CURVE('',#1074,#1077,#371,.T.);
#1345=EDGE_CURVE('',#1078,#1076,#372,.T.);
#1346=EDGE_CURVE('',#1077,#1078,#373,.T.);
#1347=EDGE_CURVE('',#1077,#1079,#374,.T.);
#1348=EDGE_CURVE('',#1080,#1078,#375,.T.);
#1349=EDGE_CURVE('',#1079,#1080,#376,.T.);
#1350=EDGE_CURVE('',#1079,#1073,#377,.T.);
#1351=EDGE_CURVE('',#1075,#1080,#378,.T.);
#1352=EDGE_CURVE('',#1081,#1082,#50,.T.);
#1353=EDGE_CURVE('',#1081,#1083,#379,.T.);
#1354=EDGE_CURVE('',#1084,#1083,#51,.T.);
#1355=EDGE_CURVE('',#1082,#1084,#380,.T.);
#1356=EDGE_CURVE('',#1082,#1085,#52,.T.);
#1357=EDGE_CURVE('',#1086,#1084,#53,.T.);
#1358=EDGE_CURVE('',#1085,#1086,#381,.T.);
#1359=EDGE_CURVE('',#1085,#1087,#54,.T.);
#1360=EDGE_CURVE('',#1088,#1086,#55,.T.);
#1361=EDGE_CURVE('',#1087,#1088,#382,.T.);
#1362=EDGE_CURVE('',#1087,#1089,#56,.T.);
#1363=EDGE_CURVE('',#1090,#1088,#57,.T.);
#1364=EDGE_CURVE('',#1089,#1090,#383,.T.);
#1365=EDGE_CURVE('',#1089,#1091,#58,.T.);
#1366=EDGE_CURVE('',#1092,#1090,#59,.T.);
#1367=EDGE_CURVE('',#1091,#1092,#384,.T.);
#1368=EDGE_CURVE('',#1091,#1093,#60,.T.);
#1369=EDGE_CURVE('',#1094,#1092,#61,.T.);
#1370=EDGE_CURVE('',#1093,#1094,#385,.T.);
#1371=EDGE_CURVE('',#1093,#1095,#62,.T.);
#1372=EDGE_CURVE('',#1096,#1094,#63,.T.);
#1373=EDGE_CURVE('',#1095,#1096,#386,.T.);
#1374=EDGE_CURVE('',#1095,#1081,#64,.T.);
#1375=EDGE_CURVE('',#1083,#1096,#65,.T.);
#1376=EDGE_CURVE('',#1097,#1098,#66,.T.);
#1377=EDGE_CURVE('',#1097,#1099,#387,.T.);
#1378=EDGE_CURVE('',#1100,#1099,#67,.T.);
#1379=EDGE_CURVE('',#1098,#1100,#388,.T.);
#1380=EDGE_CURVE('',#1098,#1101,#68,.T.);
#1381=EDGE_CURVE('',#1102,#1100,#69,.T.);
#1382=EDGE_CURVE('',#1101,#1102,#389,.T.);
#1383=EDGE_CURVE('',#1101,#1103,#70,.T.);
#1384=EDGE_CURVE('',#1104,#1102,#71,.T.);
#1385=EDGE_CURVE('',#1103,#1104,#390,.T.);
#1386=EDGE_CURVE('',#1103,#1105,#72,.T.);
#1387=EDGE_CURVE('',#1106,#1104,#73,.T.);
#1388=EDGE_CURVE('',#1105,#1106,#391,.T.);
#1389=EDGE_CURVE('',#1105,#1107,#74,.T.);
#1390=EDGE_CURVE('',#1108,#1106,#75,.T.);
#1391=EDGE_CURVE('',#1107,#1108,#392,.T.);
#1392=EDGE_CURVE('',#1107,#1109,#76,.T.);
#1393=EDGE_CURVE('',#1110,#1108,#77,.T.);
#1394=EDGE_CURVE('',#1109,#1110,#393,.T.);
#1395=EDGE_CURVE('',#1109,#1111,#78,.T.);
#1396=EDGE_CURVE('',#1112,#1110,#79,.T.);
#1397=EDGE_CURVE('',#1111,#1112,#394,.T.);
#1398=EDGE_CURVE('',#1111,#1113,#80,.T.);
#1399=EDGE_CURVE('',#1114,#1112,#81,.T.);
#1400=EDGE_CURVE('',#1113,#1114,#395,.T.);
#1401=EDGE_CURVE('',#1113,#1115,#82,.T.);
#1402=EDGE_CURVE('',#1116,#1114,#83,.T.);
#1403=EDGE_CURVE('',#1115,#1116,#396,.T.);
#1404=EDGE_CURVE('',#1115,#1117,#84,.T.);
#1405=EDGE_CURVE('',#1118,#1116,#85,.T.);
#1406=EDGE_CURVE('',#1117,#1118,#397,.T.);
#1407=EDGE_CURVE('',#1117,#1119,#86,.T.);
#1408=EDGE_CURVE('',#1120,#1118,#87,.T.);
#1409=EDGE_CURVE('',#1119,#1120,#398,.T.);
#1410=EDGE_CURVE('',#1119,#1097,#88,.T.);
#1411=EDGE_CURVE('',#1099,#1120,#89,.T.);
#1412=EDGE_CURVE('',#1121,#1122,#399,.T.);
#1413=EDGE_CURVE('',#1123,#1121,#1009,.T.);
#1414=EDGE_CURVE('',#1124,#1123,#400,.T.);
#1415=EDGE_CURVE('',#1125,#1124,#1010,.T.);
#1416=EDGE_CURVE('',#1126,#1125,#401,.T.);
#1417=EDGE_CURVE('',#1127,#1126,#1011,.T.);
#1418=EDGE_CURVE('',#1128,#1127,#402,.T.);
#1419=EDGE_CURVE('',#1122,#1128,#1012,.T.);
#1420=EDGE_CURVE('',#1129,#1130,#90,.T.);
#1421=EDGE_CURVE('',#1130,#1131,#91,.T.);
#1422=EDGE_CURVE('',#1131,#1132,#92,.T.);
#1423=EDGE_CURVE('',#1132,#1133,#93,.T.);
#1424=EDGE_CURVE('',#1133,#1134,#94,.T.);
#1425=EDGE_CURVE('',#1134,#1135,#95,.T.);
#1426=EDGE_CURVE('',#1135,#1136,#96,.T.);
#1427=EDGE_CURVE('',#1136,#1137,#97,.T.);
#1428=EDGE_CURVE('',#1137,#1138,#98,.T.);
#1429=EDGE_CURVE('',#1138,#1139,#99,.T.);
#1430=EDGE_CURVE('',#1139,#1140,#100,.T.);
#1431=EDGE_CURVE('',#1140,#1129,#101,.T.);
#1432=EDGE_CURVE('',#1141,#1142,#403,.T.);
#1433=EDGE_CURVE('',#1142,#1143,#102,.T.);
#1434=EDGE_CURVE('',#1143,#1144,#103,.T.);
#1435=EDGE_CURVE('',#1144,#1145,#104,.T.);
#1436=EDGE_CURVE('',#1145,#1146,#105,.T.);
#1437=EDGE_CURVE('',#1146,#1147,#106,.T.);
#1438=EDGE_CURVE('',#1147,#1148,#107,.T.);
#1439=EDGE_CURVE('',#1148,#1149,#108,.T.);
#1440=EDGE_CURVE('',#1149,#1150,#109,.T.);
#1441=EDGE_CURVE('',#1150,#1151,#110,.T.);
#1442=EDGE_CURVE('',#1151,#1152,#111,.T.);
#1443=EDGE_CURVE('',#1152,#1153,#112,.T.);
#1444=EDGE_CURVE('',#1153,#1154,#113,.T.);
#1445=EDGE_CURVE('',#1154,#1155,#114,.T.);
#1446=EDGE_CURVE('',#1155,#1156,#115,.T.);
#1447=EDGE_CURVE('',#1156,#1157,#116,.T.);
#1448=EDGE_CURVE('',#1157,#1158,#117,.T.);
#1449=EDGE_CURVE('',#1158,#1159,#118,.T.);
#1450=EDGE_CURVE('',#1159,#1141,#119,.T.);
#1451=EDGE_CURVE('',#1160,#1161,#120,.T.);
#1452=EDGE_CURVE('',#1161,#1162,#121,.T.);
#1453=EDGE_CURVE('',#1162,#1163,#122,.T.);
#1454=EDGE_CURVE('',#1163,#1164,#123,.T.);
#1455=EDGE_CURVE('',#1164,#1165,#124,.T.);
#1456=EDGE_CURVE('',#1165,#1166,#125,.T.);
#1457=EDGE_CURVE('',#1166,#1167,#126,.T.);
#1458=EDGE_CURVE('',#1167,#1168,#127,.T.);
#1459=EDGE_CURVE('',#1168,#1169,#128,.T.);
#1460=EDGE_CURVE('',#1169,#1170,#129,.T.);
#1461=EDGE_CURVE('',#1170,#1171,#130,.T.);
#1462=EDGE_CURVE('',#1171,#1160,#131,.T.);
#1463=EDGE_CURVE('',#1172,#1173,#132,.T.);
#1464=EDGE_CURVE('',#1172,#1174,#404,.T.);
#1465=EDGE_CURVE('',#1175,#1174,#133,.T.);
#1466=EDGE_CURVE('',#1173,#1175,#405,.T.);
#1467=EDGE_CURVE('',#1173,#1176,#134,.T.);
#1468=EDGE_CURVE('',#1177,#1175,#135,.T.);
#1469=EDGE_CURVE('',#1176,#1177,#406,.T.);
#1470=EDGE_CURVE('',#1176,#1178,#136,.T.);
#1471=EDGE_CURVE('',#1179,#1177,#137,.T.);
#1472=EDGE_CURVE('',#1178,#1179,#407,.T.);
#1473=EDGE_CURVE('',#1178,#1180,#138,.T.);
#1474=EDGE_CURVE('',#1181,#1179,#139,.T.);
#1475=EDGE_CURVE('',#1180,#1181,#408,.T.);
#1476=EDGE_CURVE('',#1180,#1182,#140,.T.);
#1477=EDGE_CURVE('',#1183,#1181,#141,.T.);
#1478=EDGE_CURVE('',#1182,#1183,#409,.T.);
#1479=EDGE_CURVE('',#1182,#1184,#142,.T.);
#1480=EDGE_CURVE('',#1185,#1183,#143,.T.);
#1481=EDGE_CURVE('',#1184,#1185,#410,.T.);
#1482=EDGE_CURVE('',#1184,#1186,#144,.T.);
#1483=EDGE_CURVE('',#1187,#1185,#145,.T.);
#1484=EDGE_CURVE('',#1186,#1187,#411,.T.);
#1485=EDGE_CURVE('',#1186,#1172,#146,.T.);
#1486=EDGE_CURVE('',#1174,#1187,#147,.T.);
#1487=EDGE_CURVE('',#1129,#1188,#412,.T.);
#1488=EDGE_CURVE('',#1189,#1188,#148,.T.);
#1489=EDGE_CURVE('',#1130,#1189,#413,.T.);
#1490=EDGE_CURVE('',#1190,#1189,#149,.T.);
#1491=EDGE_CURVE('',#1131,#1190,#414,.T.);
#1492=EDGE_CURVE('',#1191,#1190,#150,.T.);
#1493=EDGE_CURVE('',#1132,#1191,#415,.T.);
#1494=EDGE_CURVE('',#1192,#1191,#151,.T.);
#1495=EDGE_CURVE('',#1133,#1192,#416,.T.);
#1496=EDGE_CURVE('',#1193,#1192,#152,.T.);
#1497=EDGE_CURVE('',#1134,#1193,#417,.T.);
#1498=EDGE_CURVE('',#1194,#1193,#153,.T.);
#1499=EDGE_CURVE('',#1135,#1194,#418,.T.);
#1500=EDGE_CURVE('',#1195,#1194,#154,.T.);
#1501=EDGE_CURVE('',#1136,#1195,#419,.T.);
#1502=EDGE_CURVE('',#1196,#1195,#155,.T.);
#1503=EDGE_CURVE('',#1137,#1196,#420,.T.);
#1504=EDGE_CURVE('',#1197,#1196,#156,.T.);
#1505=EDGE_CURVE('',#1138,#1197,#421,.T.);
#1506=EDGE_CURVE('',#1198,#1197,#157,.T.);
#1507=EDGE_CURVE('',#1139,#1198,#422,.T.);
#1508=EDGE_CURVE('',#1199,#1198,#158,.T.);
#1509=EDGE_CURVE('',#1140,#1199,#423,.T.);
#1510=EDGE_CURVE('',#1188,#1199,#159,.T.);
#1511=EDGE_CURVE('',#1200,#1201,#160,.T.);
#1512=EDGE_CURVE('',#1200,#1202,#424,.T.);
#1513=EDGE_CURVE('',#1203,#1202,#161,.T.);
#1514=EDGE_CURVE('',#1201,#1203,#425,.T.);
#1515=EDGE_CURVE('',#1201,#1204,#162,.T.);
#1516=EDGE_CURVE('',#1205,#1203,#163,.T.);
#1517=EDGE_CURVE('',#1204,#1205,#426,.T.);
#1518=EDGE_CURVE('',#1204,#1206,#164,.T.);
#1519=EDGE_CURVE('',#1207,#1205,#165,.T.);
#1520=EDGE_CURVE('',#1206,#1207,#427,.T.);
#1521=EDGE_CURVE('',#1206,#1208,#166,.T.);
#1522=EDGE_CURVE('',#1209,#1207,#167,.T.);
#1523=EDGE_CURVE('',#1208,#1209,#428,.T.);
#1524=EDGE_CURVE('',#1208,#1210,#168,.T.);
#1525=EDGE_CURVE('',#1211,#1209,#169,.T.);
#1526=EDGE_CURVE('',#1210,#1211,#429,.T.);
#1527=EDGE_CURVE('',#1210,#1212,#170,.T.);
#1528=EDGE_CURVE('',#1213,#1211,#171,.T.);
#1529=EDGE_CURVE('',#1212,#1213,#430,.T.);
#1530=EDGE_CURVE('',#1212,#1214,#172,.T.);
#1531=EDGE_CURVE('',#1215,#1213,#173,.T.);
#1532=EDGE_CURVE('',#1214,#1215,#431,.T.);
#1533=EDGE_CURVE('',#1214,#1200,#174,.T.);
#1534=EDGE_CURVE('',#1202,#1215,#175,.T.);
#1535=EDGE_CURVE('',#1160,#1216,#432,.T.);
#1536=EDGE_CURVE('',#1217,#1216,#176,.T.);
#1537=EDGE_CURVE('',#1161,#1217,#433,.T.);
#1538=EDGE_CURVE('',#1218,#1217,#177,.T.);
#1539=EDGE_CURVE('',#1162,#1218,#434,.T.);
#1540=EDGE_CURVE('',#1219,#1218,#178,.T.);
#1541=EDGE_CURVE('',#1163,#1219,#435,.T.);
#1542=EDGE_CURVE('',#1220,#1219,#179,.T.);
#1543=EDGE_CURVE('',#1164,#1220,#436,.T.);
#1544=EDGE_CURVE('',#1221,#1220,#180,.T.);
#1545=EDGE_CURVE('',#1165,#1221,#437,.T.);
#1546=EDGE_CURVE('',#1222,#1221,#181,.T.);
#1547=EDGE_CURVE('',#1166,#1222,#438,.T.);
#1548=EDGE_CURVE('',#1223,#1222,#182,.T.);
#1549=EDGE_CURVE('',#1167,#1223,#439,.T.);
#1550=EDGE_CURVE('',#1224,#1223,#183,.T.);
#1551=EDGE_CURVE('',#1168,#1224,#440,.T.);
#1552=EDGE_CURVE('',#1225,#1224,#184,.T.);
#1553=EDGE_CURVE('',#1169,#1225,#441,.T.);
#1554=EDGE_CURVE('',#1226,#1225,#185,.T.);
#1555=EDGE_CURVE('',#1170,#1226,#442,.T.);
#1556=EDGE_CURVE('',#1227,#1226,#186,.T.);
#1557=EDGE_CURVE('',#1171,#1227,#443,.T.);
#1558=EDGE_CURVE('',#1216,#1227,#187,.T.);
#1559=EDGE_CURVE('',#1228,#1229,#188,.T.);
#1560=EDGE_CURVE('',#1228,#1230,#444,.T.);
#1561=EDGE_CURVE('',#1231,#1230,#189,.T.);
#1562=EDGE_CURVE('',#1229,#1231,#445,.T.);
#1563=EDGE_CURVE('',#1229,#1232,#190,.T.);
#1564=EDGE_CURVE('',#1233,#1231,#191,.T.);
#1565=EDGE_CURVE('',#1232,#1233,#446,.T.);
#1566=EDGE_CURVE('',#1232,#1234,#192,.T.);
#1567=EDGE_CURVE('',#1235,#1233,#193,.T.);
#1568=EDGE_CURVE('',#1234,#1235,#447,.T.);
#1569=EDGE_CURVE('',#1234,#1236,#194,.T.);
#1570=EDGE_CURVE('',#1237,#1235,#195,.T.);
#1571=EDGE_CURVE('',#1236,#1237,#448,.T.);
#1572=EDGE_CURVE('',#1236,#1238,#196,.T.);
#1573=EDGE_CURVE('',#1239,#1237,#197,.T.);
#1574=EDGE_CURVE('',#1238,#1239,#449,.T.);
#1575=EDGE_CURVE('',#1238,#1240,#198,.T.);
#1576=EDGE_CURVE('',#1241,#1239,#199,.T.);
#1577=EDGE_CURVE('',#1240,#1241,#450,.T.);
#1578=EDGE_CURVE('',#1240,#1242,#200,.T.);
#1579=EDGE_CURVE('',#1243,#1241,#201,.T.);
#1580=EDGE_CURVE('',#1242,#1243,#451,.T.);
#1581=EDGE_CURVE('',#1242,#1244,#202,.T.);
#1582=EDGE_CURVE('',#1245,#1243,#203,.T.);
#1583=EDGE_CURVE('',#1244,#1245,#452,.T.);
#1584=EDGE_CURVE('',#1244,#1228,#204,.T.);
#1585=EDGE_CURVE('',#1230,#1245,#205,.T.);
#1586=EDGE_CURVE('',#1141,#1246,#453,.T.);
#1587=EDGE_CURVE('',#1247,#1246,#454,.T.);
#1588=EDGE_CURVE('',#1142,#1247,#455,.T.);
#1589=EDGE_CURVE('',#1248,#1247,#206,.T.);
#1590=EDGE_CURVE('',#1143,#1248,#456,.T.);
#1591=EDGE_CURVE('',#1249,#1248,#207,.T.);
#1592=EDGE_CURVE('',#1144,#1249,#457,.T.);
#1593=EDGE_CURVE('',#1250,#1249,#208,.T.);
#1594=EDGE_CURVE('',#1145,#1250,#458,.T.);
#1595=EDGE_CURVE('',#1251,#1250,#209,.T.);
#1596=EDGE_CURVE('',#1146,#1251,#459,.T.);
#1597=EDGE_CURVE('',#1252,#1251,#210,.T.);
#1598=EDGE_CURVE('',#1147,#1252,#460,.T.);
#1599=EDGE_CURVE('',#1253,#1252,#211,.T.);
#1600=EDGE_CURVE('',#1148,#1253,#461,.T.);
#1601=EDGE_CURVE('',#1254,#1253,#212,.T.);
#1602=EDGE_CURVE('',#1149,#1254,#462,.T.);
#1603=EDGE_CURVE('',#1255,#1254,#213,.T.);
#1604=EDGE_CURVE('',#1150,#1255,#463,.T.);
#1605=EDGE_CURVE('',#1256,#1255,#214,.T.);
#1606=EDGE_CURVE('',#1151,#1256,#464,.T.);
#1607=EDGE_CURVE('',#1257,#1256,#215,.T.);
#1608=EDGE_CURVE('',#1152,#1257,#465,.T.);
#1609=EDGE_CURVE('',#1258,#1257,#216,.T.);
#1610=EDGE_CURVE('',#1153,#1258,#466,.T.);
#1611=EDGE_CURVE('',#1259,#1258,#217,.T.);
#1612=EDGE_CURVE('',#1154,#1259,#467,.T.);
#1613=EDGE_CURVE('',#1260,#1259,#218,.T.);
#1614=EDGE_CURVE('',#1155,#1260,#468,.T.);
#1615=EDGE_CURVE('',#1261,#1260,#219,.T.);
#1616=EDGE_CURVE('',#1156,#1261,#469,.T.);
#1617=EDGE_CURVE('',#1262,#1261,#220,.T.);
#1618=EDGE_CURVE('',#1157,#1262,#470,.T.);
#1619=EDGE_CURVE('',#1263,#1262,#221,.T.);
#1620=EDGE_CURVE('',#1158,#1263,#471,.T.);
#1621=EDGE_CURVE('',#1264,#1263,#222,.T.);
#1622=EDGE_CURVE('',#1159,#1264,#472,.T.);
#1623=EDGE_CURVE('',#1246,#1264,#223,.T.);
#1624=EDGE_CURVE('',#1265,#1266,#1013,.T.);
#1625=EDGE_CURVE('',#1266,#1267,#1014,.T.);
#1626=EDGE_CURVE('',#1267,#1268,#1015,.T.);
#1627=EDGE_CURVE('',#1268,#1265,#1016,.T.);
#1628=EDGE_CURVE('',#1269,#1270,#1017,.T.);
#1629=EDGE_CURVE('',#1270,#1268,#473,.T.);
#1630=EDGE_CURVE('',#1267,#1269,#474,.T.);
#1631=EDGE_CURVE('',#1271,#1272,#1018,.T.);
#1632=EDGE_CURVE('',#1272,#1270,#1019,.T.);
#1633=EDGE_CURVE('',#1269,#1271,#1020,.T.);
#1634=EDGE_CURVE('',#1273,#1274,#1021,.T.);
#1635=EDGE_CURVE('',#1274,#1272,#475,.T.);
#1636=EDGE_CURVE('',#1271,#1273,#476,.T.);
#1637=EDGE_CURVE('',#1275,#1276,#1022,.T.);
#1638=EDGE_CURVE('',#1276,#1274,#1023,.T.);
#1639=EDGE_CURVE('',#1273,#1275,#1024,.T.);
#1640=EDGE_CURVE('',#1277,#1278,#1025,.T.);
#1641=EDGE_CURVE('',#1278,#1276,#477,.T.);
#1642=EDGE_CURVE('',#1275,#1277,#478,.T.);
#1643=EDGE_CURVE('',#1279,#1280,#1026,.T.);
#1644=EDGE_CURVE('',#1280,#1278,#1027,.T.);
#1645=EDGE_CURVE('',#1277,#1279,#1028,.T.);
#1646=EDGE_CURVE('',#1265,#1280,#479,.T.);
#1647=EDGE_CURVE('',#1279,#1266,#480,.T.);
#1648=EDGE_CURVE('',#1281,#1271,#481,.T.);
#1649=EDGE_CURVE('',#1281,#1282,#482,.T.);
#1650=EDGE_CURVE('',#1282,#1273,#483,.T.);
#1651=EDGE_CURVE('',#1283,#1269,#484,.T.);
#1652=EDGE_CURVE('',#1283,#1281,#1029,.T.);
#1653=EDGE_CURVE('',#1284,#1267,#485,.T.);
#1654=EDGE_CURVE('',#1284,#1283,#486,.T.);
#1655=EDGE_CURVE('',#1285,#1266,#487,.T.);
#1656=EDGE_CURVE('',#1285,#1284,#1030,.T.);
#1657=EDGE_CURVE('',#1286,#1287,#488,.T.);
#1658=EDGE_CURVE('',#1287,#1288,#1031,.T.);
#1659=EDGE_CURVE('',#1288,#1289,#489,.T.);
#1660=EDGE_CURVE('',#1289,#1290,#1032,.T.);
#1661=EDGE_CURVE('',#1290,#1291,#490,.T.);
#1662=EDGE_CURVE('',#1291,#1292,#1033,.T.);
#1663=EDGE_CURVE('',#1292,#1293,#491,.T.);
#1664=EDGE_CURVE('',#1293,#1286,#1034,.T.);
#1665=EDGE_CURVE('',#1122,#1294,#1035,.T.);
#1666=EDGE_CURVE('',#1294,#1295,#492,.T.);
#1667=EDGE_CURVE('',#1295,#1121,#1036,.T.);
#1668=EDGE_CURVE('',#1296,#1123,#1037,.T.);
#1669=EDGE_CURVE('',#1295,#1296,#1038,.T.);
#1670=EDGE_CURVE('',#1297,#1124,#1039,.T.);
#1671=EDGE_CURVE('',#1296,#1297,#493,.T.);
#1672=EDGE_CURVE('',#1298,#1125,#1040,.T.);
#1673=EDGE_CURVE('',#1297,#1298,#1041,.T.);
#1674=EDGE_CURVE('',#1299,#1126,#1042,.T.);
#1675=EDGE_CURVE('',#1298,#1299,#494,.T.);
#1676=EDGE_CURVE('',#1300,#1127,#1043,.T.);
#1677=EDGE_CURVE('',#1299,#1300,#1044,.T.);
#1678=EDGE_CURVE('',#1301,#1128,#1045,.T.);
#1679=EDGE_CURVE('',#1300,#1301,#495,.T.);
#1680=EDGE_CURVE('',#1301,#1294,#1046,.T.);
#1681=EDGE_CURVE('',#1288,#1297,#496,.T.);
#1682=EDGE_CURVE('',#1287,#1298,#497,.T.);
#1683=EDGE_CURVE('',#1289,#1296,#498,.T.);
#1684=EDGE_CURVE('',#1290,#1295,#499,.T.);
#1685=EDGE_CURVE('',#1291,#1294,#500,.T.);
#1686=EDGE_CURVE('',#1286,#1299,#501,.T.);
#1687=EDGE_CURVE('',#1292,#1301,#502,.T.);
#1688=EDGE_CURVE('',#1293,#1300,#503,.T.);
#1689=EDGE_CURVE('',#1302,#1279,#504,.T.);
#1690=EDGE_CURVE('',#1302,#1285,#505,.T.);
#1691=EDGE_CURVE('',#1303,#1277,#506,.T.);
#1692=EDGE_CURVE('',#1303,#1302,#1047,.T.);
#1693=EDGE_CURVE('',#1304,#1275,#507,.T.);
#1694=EDGE_CURVE('',#1304,#1303,#508,.T.);
#1695=EDGE_CURVE('',#1282,#1304,#1048,.T.);
#1696=ORIENTED_EDGE('',*,*,#1305,.T.);
#1697=ORIENTED_EDGE('',*,*,#1306,.T.);
#1698=ORIENTED_EDGE('',*,*,#1306,.F.);
#1699=ORIENTED_EDGE('',*,*,#1305,.F.);
#1700=ORIENTED_EDGE('',*,*,#1307,.T.);
#1701=ORIENTED_EDGE('',*,*,#1308,.F.);
#1702=ORIENTED_EDGE('',*,*,#1307,.F.);
#1703=ORIENTED_EDGE('',*,*,#1309,.T.);
#1704=ORIENTED_EDGE('',*,*,#1310,.T.);
#1705=ORIENTED_EDGE('',*,*,#1310,.F.);
#1706=ORIENTED_EDGE('',*,*,#1309,.F.);
#1707=ORIENTED_EDGE('',*,*,#1311,.T.);
#1708=ORIENTED_EDGE('',*,*,#1312,.F.);
#1709=ORIENTED_EDGE('',*,*,#1311,.F.);
#1710=ORIENTED_EDGE('',*,*,#1313,.F.);
#1711=ORIENTED_EDGE('',*,*,#1314,.T.);
#1712=ORIENTED_EDGE('',*,*,#1315,.F.);
#1713=ORIENTED_EDGE('',*,*,#1316,.F.);
#1714=ORIENTED_EDGE('',*,*,#1317,.F.);
#1715=ORIENTED_EDGE('',*,*,#1316,.T.);
#1716=ORIENTED_EDGE('',*,*,#1318,.F.);
#1717=ORIENTED_EDGE('',*,*,#1319,.F.);
#1718=ORIENTED_EDGE('',*,*,#1320,.F.);
#1719=ORIENTED_EDGE('',*,*,#1319,.T.);
#1720=ORIENTED_EDGE('',*,*,#1321,.F.);
#1721=ORIENTED_EDGE('',*,*,#1322,.F.);
#1722=ORIENTED_EDGE('',*,*,#1323,.F.);
#1723=ORIENTED_EDGE('',*,*,#1322,.T.);
#1724=ORIENTED_EDGE('',*,*,#1324,.F.);
#1725=ORIENTED_EDGE('',*,*,#1325,.F.);
#1726=ORIENTED_EDGE('',*,*,#1326,.F.);
#1727=ORIENTED_EDGE('',*,*,#1325,.T.);
#1728=ORIENTED_EDGE('',*,*,#1327,.F.);
#1729=ORIENTED_EDGE('',*,*,#1328,.F.);
#1730=ORIENTED_EDGE('',*,*,#1329,.F.);
#1731=ORIENTED_EDGE('',*,*,#1328,.T.);
#1732=ORIENTED_EDGE('',*,*,#1330,.F.);
#1733=ORIENTED_EDGE('',*,*,#1331,.F.);
#1734=ORIENTED_EDGE('',*,*,#1332,.F.);
#1735=ORIENTED_EDGE('',*,*,#1331,.T.);
#1736=ORIENTED_EDGE('',*,*,#1333,.F.);
#1737=ORIENTED_EDGE('',*,*,#1334,.F.);
#1738=ORIENTED_EDGE('',*,*,#1335,.F.);
#1739=ORIENTED_EDGE('',*,*,#1334,.T.);
#1740=ORIENTED_EDGE('',*,*,#1336,.F.);
#1741=ORIENTED_EDGE('',*,*,#1337,.F.);
#1742=ORIENTED_EDGE('',*,*,#1338,.F.);
#1743=ORIENTED_EDGE('',*,*,#1337,.T.);
#1744=ORIENTED_EDGE('',*,*,#1339,.F.);
#1745=ORIENTED_EDGE('',*,*,#1314,.F.);
#1746=ORIENTED_EDGE('',*,*,#1339,.T.);
#1747=ORIENTED_EDGE('',*,*,#1336,.T.);
#1748=ORIENTED_EDGE('',*,*,#1333,.T.);
#1749=ORIENTED_EDGE('',*,*,#1330,.T.);
#1750=ORIENTED_EDGE('',*,*,#1327,.T.);
#1751=ORIENTED_EDGE('',*,*,#1324,.T.);
#1752=ORIENTED_EDGE('',*,*,#1321,.T.);
#1753=ORIENTED_EDGE('',*,*,#1318,.T.);
#1754=ORIENTED_EDGE('',*,*,#1315,.T.);
#1755=ORIENTED_EDGE('',*,*,#1340,.F.);
#1756=ORIENTED_EDGE('',*,*,#1341,.T.);
#1757=ORIENTED_EDGE('',*,*,#1342,.F.);
#1758=ORIENTED_EDGE('',*,*,#1343,.F.);
#1759=ORIENTED_EDGE('',*,*,#1344,.F.);
#1760=ORIENTED_EDGE('',*,*,#1343,.T.);
#1761=ORIENTED_EDGE('',*,*,#1345,.F.);
#1762=ORIENTED_EDGE('',*,*,#1346,.F.);
#1763=ORIENTED_EDGE('',*,*,#1347,.F.);
#1764=ORIENTED_EDGE('',*,*,#1346,.T.);
#1765=ORIENTED_EDGE('',*,*,#1348,.F.);
#1766=ORIENTED_EDGE('',*,*,#1349,.F.);
#1767=ORIENTED_EDGE('',*,*,#1350,.F.);
#1768=ORIENTED_EDGE('',*,*,#1349,.T.);
#1769=ORIENTED_EDGE('',*,*,#1351,.F.);
#1770=ORIENTED_EDGE('',*,*,#1341,.F.);
#1771=ORIENTED_EDGE('',*,*,#1351,.T.);
#1772=ORIENTED_EDGE('',*,*,#1348,.T.);
#1773=ORIENTED_EDGE('',*,*,#1345,.T.);
#1774=ORIENTED_EDGE('',*,*,#1342,.T.);
#1775=ORIENTED_EDGE('',*,*,#1352,.F.);
#1776=ORIENTED_EDGE('',*,*,#1353,.T.);
#1777=ORIENTED_EDGE('',*,*,#1354,.F.);
#1778=ORIENTED_EDGE('',*,*,#1355,.F.);
#1779=ORIENTED_EDGE('',*,*,#1356,.F.);
#1780=ORIENTED_EDGE('',*,*,#1355,.T.);
#1781=ORIENTED_EDGE('',*,*,#1357,.F.);
#1782=ORIENTED_EDGE('',*,*,#1358,.F.);
#1783=ORIENTED_EDGE('',*,*,#1359,.F.);
#1784=ORIENTED_EDGE('',*,*,#1358,.T.);
#1785=ORIENTED_EDGE('',*,*,#1360,.F.);
#1786=ORIENTED_EDGE('',*,*,#1361,.F.);
#1787=ORIENTED_EDGE('',*,*,#1362,.F.);
#1788=ORIENTED_EDGE('',*,*,#1361,.T.);
#1789=ORIENTED_EDGE('',*,*,#1363,.F.);
#1790=ORIENTED_EDGE('',*,*,#1364,.F.);
#1791=ORIENTED_EDGE('',*,*,#1365,.F.);
#1792=ORIENTED_EDGE('',*,*,#1364,.T.);
#1793=ORIENTED_EDGE('',*,*,#1366,.F.);
#1794=ORIENTED_EDGE('',*,*,#1367,.F.);
#1795=ORIENTED_EDGE('',*,*,#1368,.F.);
#1796=ORIENTED_EDGE('',*,*,#1367,.T.);
#1797=ORIENTED_EDGE('',*,*,#1369,.F.);
#1798=ORIENTED_EDGE('',*,*,#1370,.F.);
#1799=ORIENTED_EDGE('',*,*,#1371,.F.);
#1800=ORIENTED_EDGE('',*,*,#1370,.T.);
#1801=ORIENTED_EDGE('',*,*,#1372,.F.);
#1802=ORIENTED_EDGE('',*,*,#1373,.F.);
#1803=ORIENTED_EDGE('',*,*,#1374,.F.);
#1804=ORIENTED_EDGE('',*,*,#1373,.T.);
#1805=ORIENTED_EDGE('',*,*,#1375,.F.);
#1806=ORIENTED_EDGE('',*,*,#1353,.F.);
#1807=ORIENTED_EDGE('',*,*,#1376,.F.);
#1808=ORIENTED_EDGE('',*,*,#1377,.T.);
#1809=ORIENTED_EDGE('',*,*,#1378,.F.);
#1810=ORIENTED_EDGE('',*,*,#1379,.F.);
#1811=ORIENTED_EDGE('',*,*,#1380,.F.);
#1812=ORIENTED_EDGE('',*,*,#1379,.T.);
#1813=ORIENTED_EDGE('',*,*,#1381,.F.);
#1814=ORIENTED_EDGE('',*,*,#1382,.F.);
#1815=ORIENTED_EDGE('',*,*,#1383,.F.);
#1816=ORIENTED_EDGE('',*,*,#1382,.T.);
#1817=ORIENTED_EDGE('',*,*,#1384,.F.);
#1818=ORIENTED_EDGE('',*,*,#1385,.F.);
#1819=ORIENTED_EDGE('',*,*,#1386,.F.);
#1820=ORIENTED_EDGE('',*,*,#1385,.T.);
#1821=ORIENTED_EDGE('',*,*,#1387,.F.);
#1822=ORIENTED_EDGE('',*,*,#1388,.F.);
#1823=ORIENTED_EDGE('',*,*,#1389,.F.);
#1824=ORIENTED_EDGE('',*,*,#1388,.T.);
#1825=ORIENTED_EDGE('',*,*,#1390,.F.);
#1826=ORIENTED_EDGE('',*,*,#1391,.F.);
#1827=ORIENTED_EDGE('',*,*,#1392,.F.);
#1828=ORIENTED_EDGE('',*,*,#1391,.T.);
#1829=ORIENTED_EDGE('',*,*,#1393,.F.);
#1830=ORIENTED_EDGE('',*,*,#1394,.F.);
#1831=ORIENTED_EDGE('',*,*,#1395,.F.);
#1832=ORIENTED_EDGE('',*,*,#1394,.T.);
#1833=ORIENTED_EDGE('',*,*,#1396,.F.);
#1834=ORIENTED_EDGE('',*,*,#1397,.F.);
#1835=ORIENTED_EDGE('',*,*,#1398,.F.);
#1836=ORIENTED_EDGE('',*,*,#1397,.T.);
#1837=ORIENTED_EDGE('',*,*,#1399,.F.);
#1838=ORIENTED_EDGE('',*,*,#1400,.F.);
#1839=ORIENTED_EDGE('',*,*,#1401,.F.);
#1840=ORIENTED_EDGE('',*,*,#1400,.T.);
#1841=ORIENTED_EDGE('',*,*,#1402,.F.);
#1842=ORIENTED_EDGE('',*,*,#1403,.F.);
#1843=ORIENTED_EDGE('',*,*,#1404,.F.);
#1844=ORIENTED_EDGE('',*,*,#1403,.T.);
#1845=ORIENTED_EDGE('',*,*,#1405,.F.);
#1846=ORIENTED_EDGE('',*,*,#1406,.F.);
#1847=ORIENTED_EDGE('',*,*,#1407,.F.);
#1848=ORIENTED_EDGE('',*,*,#1406,.T.);
#1849=ORIENTED_EDGE('',*,*,#1408,.F.);
#1850=ORIENTED_EDGE('',*,*,#1409,.F.);
#1851=ORIENTED_EDGE('',*,*,#1410,.F.);
#1852=ORIENTED_EDGE('',*,*,#1409,.T.);
#1853=ORIENTED_EDGE('',*,*,#1411,.F.);
#1854=ORIENTED_EDGE('',*,*,#1377,.F.);
#1855=ORIENTED_EDGE('',*,*,#1411,.T.);
#1856=ORIENTED_EDGE('',*,*,#1408,.T.);
#1857=ORIENTED_EDGE('',*,*,#1405,.T.);
#1858=ORIENTED_EDGE('',*,*,#1402,.T.);
#1859=ORIENTED_EDGE('',*,*,#1399,.T.);
#1860=ORIENTED_EDGE('',*,*,#1396,.T.);
#1861=ORIENTED_EDGE('',*,*,#1393,.T.);
#1862=ORIENTED_EDGE('',*,*,#1390,.T.);
#1863=ORIENTED_EDGE('',*,*,#1387,.T.);
#1864=ORIENTED_EDGE('',*,*,#1384,.T.);
#1865=ORIENTED_EDGE('',*,*,#1381,.T.);
#1866=ORIENTED_EDGE('',*,*,#1378,.T.);
#1867=ORIENTED_EDGE('',*,*,#1375,.T.);
#1868=ORIENTED_EDGE('',*,*,#1372,.T.);
#1869=ORIENTED_EDGE('',*,*,#1369,.T.);
#1870=ORIENTED_EDGE('',*,*,#1366,.T.);
#1871=ORIENTED_EDGE('',*,*,#1363,.T.);
#1872=ORIENTED_EDGE('',*,*,#1360,.T.);
#1873=ORIENTED_EDGE('',*,*,#1357,.T.);
#1874=ORIENTED_EDGE('',*,*,#1354,.T.);
#1875=ORIENTED_EDGE('',*,*,#1412,.F.);
#1876=ORIENTED_EDGE('',*,*,#1413,.F.);
#1877=ORIENTED_EDGE('',*,*,#1414,.F.);
#1878=ORIENTED_EDGE('',*,*,#1415,.F.);
#1879=ORIENTED_EDGE('',*,*,#1416,.F.);
#1880=ORIENTED_EDGE('',*,*,#1417,.F.);
#1881=ORIENTED_EDGE('',*,*,#1418,.F.);
#1882=ORIENTED_EDGE('',*,*,#1419,.F.);
#1883=ORIENTED_EDGE('',*,*,#1313,.T.);
#1884=ORIENTED_EDGE('',*,*,#1317,.T.);
#1885=ORIENTED_EDGE('',*,*,#1320,.T.);
#1886=ORIENTED_EDGE('',*,*,#1323,.T.);
#1887=ORIENTED_EDGE('',*,*,#1326,.T.);
#1888=ORIENTED_EDGE('',*,*,#1329,.T.);
#1889=ORIENTED_EDGE('',*,*,#1332,.T.);
#1890=ORIENTED_EDGE('',*,*,#1335,.T.);
#1891=ORIENTED_EDGE('',*,*,#1338,.T.);
#1892=ORIENTED_EDGE('',*,*,#1340,.T.);
#1893=ORIENTED_EDGE('',*,*,#1344,.T.);
#1894=ORIENTED_EDGE('',*,*,#1347,.T.);
#1895=ORIENTED_EDGE('',*,*,#1350,.T.);
#1896=ORIENTED_EDGE('',*,*,#1420,.T.);
#1897=ORIENTED_EDGE('',*,*,#1421,.T.);
#1898=ORIENTED_EDGE('',*,*,#1422,.T.);
#1899=ORIENTED_EDGE('',*,*,#1423,.T.);
#1900=ORIENTED_EDGE('',*,*,#1424,.T.);
#1901=ORIENTED_EDGE('',*,*,#1425,.T.);
#1902=ORIENTED_EDGE('',*,*,#1426,.T.);
#1903=ORIENTED_EDGE('',*,*,#1427,.T.);
#1904=ORIENTED_EDGE('',*,*,#1428,.T.);
#1905=ORIENTED_EDGE('',*,*,#1429,.T.);
#1906=ORIENTED_EDGE('',*,*,#1430,.T.);
#1907=ORIENTED_EDGE('',*,*,#1431,.T.);
#1908=ORIENTED_EDGE('',*,*,#1432,.T.);
#1909=ORIENTED_EDGE('',*,*,#1433,.T.);
#1910=ORIENTED_EDGE('',*,*,#1434,.T.);
#1911=ORIENTED_EDGE('',*,*,#1435,.T.);
#1912=ORIENTED_EDGE('',*,*,#1436,.T.);
#1913=ORIENTED_EDGE('',*,*,#1437,.T.);
#1914=ORIENTED_EDGE('',*,*,#1438,.T.);
#1915=ORIENTED_EDGE('',*,*,#1439,.T.);
#1916=ORIENTED_EDGE('',*,*,#1440,.T.);
#1917=ORIENTED_EDGE('',*,*,#1441,.T.);
#1918=ORIENTED_EDGE('',*,*,#1442,.T.);
#1919=ORIENTED_EDGE('',*,*,#1443,.T.);
#1920=ORIENTED_EDGE('',*,*,#1444,.T.);
#1921=ORIENTED_EDGE('',*,*,#1445,.T.);
#1922=ORIENTED_EDGE('',*,*,#1446,.T.);
#1923=ORIENTED_EDGE('',*,*,#1447,.T.);
#1924=ORIENTED_EDGE('',*,*,#1448,.T.);
#1925=ORIENTED_EDGE('',*,*,#1449,.T.);
#1926=ORIENTED_EDGE('',*,*,#1450,.T.);
#1927=ORIENTED_EDGE('',*,*,#1451,.T.);
#1928=ORIENTED_EDGE('',*,*,#1452,.T.);
#1929=ORIENTED_EDGE('',*,*,#1453,.T.);
#1930=ORIENTED_EDGE('',*,*,#1454,.T.);
#1931=ORIENTED_EDGE('',*,*,#1455,.T.);
#1932=ORIENTED_EDGE('',*,*,#1456,.T.);
#1933=ORIENTED_EDGE('',*,*,#1457,.T.);
#1934=ORIENTED_EDGE('',*,*,#1458,.T.);
#1935=ORIENTED_EDGE('',*,*,#1459,.T.);
#1936=ORIENTED_EDGE('',*,*,#1460,.T.);
#1937=ORIENTED_EDGE('',*,*,#1461,.T.);
#1938=ORIENTED_EDGE('',*,*,#1462,.T.);
#1939=ORIENTED_EDGE('',*,*,#1376,.T.);
#1940=ORIENTED_EDGE('',*,*,#1380,.T.);
#1941=ORIENTED_EDGE('',*,*,#1383,.T.);
#1942=ORIENTED_EDGE('',*,*,#1386,.T.);
#1943=ORIENTED_EDGE('',*,*,#1389,.T.);
#1944=ORIENTED_EDGE('',*,*,#1392,.T.);
#1945=ORIENTED_EDGE('',*,*,#1395,.T.);
#1946=ORIENTED_EDGE('',*,*,#1398,.T.);
#1947=ORIENTED_EDGE('',*,*,#1401,.T.);
#1948=ORIENTED_EDGE('',*,*,#1404,.T.);
#1949=ORIENTED_EDGE('',*,*,#1407,.T.);
#1950=ORIENTED_EDGE('',*,*,#1410,.T.);
#1951=ORIENTED_EDGE('',*,*,#1463,.F.);
#1952=ORIENTED_EDGE('',*,*,#1464,.T.);
#1953=ORIENTED_EDGE('',*,*,#1465,.F.);
#1954=ORIENTED_EDGE('',*,*,#1466,.F.);
#1955=ORIENTED_EDGE('',*,*,#1467,.F.);
#1956=ORIENTED_EDGE('',*,*,#1466,.T.);
#1957=ORIENTED_EDGE('',*,*,#1468,.F.);
#1958=ORIENTED_EDGE('',*,*,#1469,.F.);
#1959=ORIENTED_EDGE('',*,*,#1470,.F.);
#1960=ORIENTED_EDGE('',*,*,#1469,.T.);
#1961=ORIENTED_EDGE('',*,*,#1471,.F.);
#1962=ORIENTED_EDGE('',*,*,#1472,.F.);
#1963=ORIENTED_EDGE('',*,*,#1473,.F.);
#1964=ORIENTED_EDGE('',*,*,#1472,.T.);
#1965=ORIENTED_EDGE('',*,*,#1474,.F.);
#1966=ORIENTED_EDGE('',*,*,#1475,.F.);
#1967=ORIENTED_EDGE('',*,*,#1476,.F.);
#1968=ORIENTED_EDGE('',*,*,#1475,.T.);
#1969=ORIENTED_EDGE('',*,*,#1477,.F.);
#1970=ORIENTED_EDGE('',*,*,#1478,.F.);
#1971=ORIENTED_EDGE('',*,*,#1479,.F.);
#1972=ORIENTED_EDGE('',*,*,#1478,.T.);
#1973=ORIENTED_EDGE('',*,*,#1480,.F.);
#1974=ORIENTED_EDGE('',*,*,#1481,.F.);
#1975=ORIENTED_EDGE('',*,*,#1482,.F.);
#1976=ORIENTED_EDGE('',*,*,#1481,.T.);
#1977=ORIENTED_EDGE('',*,*,#1483,.F.);
#1978=ORIENTED_EDGE('',*,*,#1484,.F.);
#1979=ORIENTED_EDGE('',*,*,#1485,.F.);
#1980=ORIENTED_EDGE('',*,*,#1484,.T.);
#1981=ORIENTED_EDGE('',*,*,#1486,.F.);
#1982=ORIENTED_EDGE('',*,*,#1464,.F.);
#1983=ORIENTED_EDGE('',*,*,#1420,.F.);
#1984=ORIENTED_EDGE('',*,*,#1487,.T.);
#1985=ORIENTED_EDGE('',*,*,#1488,.F.);
#1986=ORIENTED_EDGE('',*,*,#1489,.F.);
#1987=ORIENTED_EDGE('',*,*,#1421,.F.);
#1988=ORIENTED_EDGE('',*,*,#1489,.T.);
#1989=ORIENTED_EDGE('',*,*,#1490,.F.);
#1990=ORIENTED_EDGE('',*,*,#1491,.F.);
#1991=ORIENTED_EDGE('',*,*,#1422,.F.);
#1992=ORIENTED_EDGE('',*,*,#1491,.T.);
#1993=ORIENTED_EDGE('',*,*,#1492,.F.);
#1994=ORIENTED_EDGE('',*,*,#1493,.F.);
#1995=ORIENTED_EDGE('',*,*,#1423,.F.);
#1996=ORIENTED_EDGE('',*,*,#1493,.T.);
#1997=ORIENTED_EDGE('',*,*,#1494,.F.);
#1998=ORIENTED_EDGE('',*,*,#1495,.F.);
#1999=ORIENTED_EDGE('',*,*,#1424,.F.);
#2000=ORIENTED_EDGE('',*,*,#1495,.T.);
#2001=ORIENTED_EDGE('',*,*,#1496,.F.);
#2002=ORIENTED_EDGE('',*,*,#1497,.F.);
#2003=ORIENTED_EDGE('',*,*,#1425,.F.);
#2004=ORIENTED_EDGE('',*,*,#1497,.T.);
#2005=ORIENTED_EDGE('',*,*,#1498,.F.);
#2006=ORIENTED_EDGE('',*,*,#1499,.F.);
#2007=ORIENTED_EDGE('',*,*,#1426,.F.);
#2008=ORIENTED_EDGE('',*,*,#1499,.T.);
#2009=ORIENTED_EDGE('',*,*,#1500,.F.);
#2010=ORIENTED_EDGE('',*,*,#1501,.F.);
#2011=ORIENTED_EDGE('',*,*,#1427,.F.);
#2012=ORIENTED_EDGE('',*,*,#1501,.T.);
#2013=ORIENTED_EDGE('',*,*,#1502,.F.);
#2014=ORIENTED_EDGE('',*,*,#1503,.F.);
#2015=ORIENTED_EDGE('',*,*,#1428,.F.);
#2016=ORIENTED_EDGE('',*,*,#1503,.T.);
#2017=ORIENTED_EDGE('',*,*,#1504,.F.);
#2018=ORIENTED_EDGE('',*,*,#1505,.F.);
#2019=ORIENTED_EDGE('',*,*,#1429,.F.);
#2020=ORIENTED_EDGE('',*,*,#1505,.T.);
#2021=ORIENTED_EDGE('',*,*,#1506,.F.);
#2022=ORIENTED_EDGE('',*,*,#1507,.F.);
#2023=ORIENTED_EDGE('',*,*,#1430,.F.);
#2024=ORIENTED_EDGE('',*,*,#1507,.T.);
#2025=ORIENTED_EDGE('',*,*,#1508,.F.);
#2026=ORIENTED_EDGE('',*,*,#1509,.F.);
#2027=ORIENTED_EDGE('',*,*,#1431,.F.);
#2028=ORIENTED_EDGE('',*,*,#1509,.T.);
#2029=ORIENTED_EDGE('',*,*,#1510,.F.);
#2030=ORIENTED_EDGE('',*,*,#1487,.F.);
#2031=ORIENTED_EDGE('',*,*,#1510,.T.);
#2032=ORIENTED_EDGE('',*,*,#1508,.T.);
#2033=ORIENTED_EDGE('',*,*,#1506,.T.);
#2034=ORIENTED_EDGE('',*,*,#1504,.T.);
#2035=ORIENTED_EDGE('',*,*,#1502,.T.);
#2036=ORIENTED_EDGE('',*,*,#1500,.T.);
#2037=ORIENTED_EDGE('',*,*,#1498,.T.);
#2038=ORIENTED_EDGE('',*,*,#1496,.T.);
#2039=ORIENTED_EDGE('',*,*,#1494,.T.);
#2040=ORIENTED_EDGE('',*,*,#1492,.T.);
#2041=ORIENTED_EDGE('',*,*,#1490,.T.);
#2042=ORIENTED_EDGE('',*,*,#1488,.T.);
#2043=ORIENTED_EDGE('',*,*,#1486,.T.);
#2044=ORIENTED_EDGE('',*,*,#1483,.T.);
#2045=ORIENTED_EDGE('',*,*,#1480,.T.);
#2046=ORIENTED_EDGE('',*,*,#1477,.T.);
#2047=ORIENTED_EDGE('',*,*,#1474,.T.);
#2048=ORIENTED_EDGE('',*,*,#1471,.T.);
#2049=ORIENTED_EDGE('',*,*,#1468,.T.);
#2050=ORIENTED_EDGE('',*,*,#1465,.T.);
#2051=ORIENTED_EDGE('',*,*,#1352,.T.);
#2052=ORIENTED_EDGE('',*,*,#1356,.T.);
#2053=ORIENTED_EDGE('',*,*,#1359,.T.);
#2054=ORIENTED_EDGE('',*,*,#1362,.T.);
#2055=ORIENTED_EDGE('',*,*,#1365,.T.);
#2056=ORIENTED_EDGE('',*,*,#1368,.T.);
#2057=ORIENTED_EDGE('',*,*,#1371,.T.);
#2058=ORIENTED_EDGE('',*,*,#1374,.T.);
#2059=ORIENTED_EDGE('',*,*,#1511,.F.);
#2060=ORIENTED_EDGE('',*,*,#1512,.T.);
#2061=ORIENTED_EDGE('',*,*,#1513,.F.);
#2062=ORIENTED_EDGE('',*,*,#1514,.F.);
#2063=ORIENTED_EDGE('',*,*,#1515,.F.);
#2064=ORIENTED_EDGE('',*,*,#1514,.T.);
#2065=ORIENTED_EDGE('',*,*,#1516,.F.);
#2066=ORIENTED_EDGE('',*,*,#1517,.F.);
#2067=ORIENTED_EDGE('',*,*,#1518,.F.);
#2068=ORIENTED_EDGE('',*,*,#1517,.T.);
#2069=ORIENTED_EDGE('',*,*,#1519,.F.);
#2070=ORIENTED_EDGE('',*,*,#1520,.F.);
#2071=ORIENTED_EDGE('',*,*,#1521,.F.);
#2072=ORIENTED_EDGE('',*,*,#1520,.T.);
#2073=ORIENTED_EDGE('',*,*,#1522,.F.);
#2074=ORIENTED_EDGE('',*,*,#1523,.F.);
#2075=ORIENTED_EDGE('',*,*,#1524,.F.);
#2076=ORIENTED_EDGE('',*,*,#1523,.T.);
#2077=ORIENTED_EDGE('',*,*,#1525,.F.);
#2078=ORIENTED_EDGE('',*,*,#1526,.F.);
#2079=ORIENTED_EDGE('',*,*,#1527,.F.);
#2080=ORIENTED_EDGE('',*,*,#1526,.T.);
#2081=ORIENTED_EDGE('',*,*,#1528,.F.);
#2082=ORIENTED_EDGE('',*,*,#1529,.F.);
#2083=ORIENTED_EDGE('',*,*,#1530,.F.);
#2084=ORIENTED_EDGE('',*,*,#1529,.T.);
#2085=ORIENTED_EDGE('',*,*,#1531,.F.);
#2086=ORIENTED_EDGE('',*,*,#1532,.F.);
#2087=ORIENTED_EDGE('',*,*,#1533,.F.);
#2088=ORIENTED_EDGE('',*,*,#1532,.T.);
#2089=ORIENTED_EDGE('',*,*,#1534,.F.);
#2090=ORIENTED_EDGE('',*,*,#1512,.F.);
#2091=ORIENTED_EDGE('',*,*,#1451,.F.);
#2092=ORIENTED_EDGE('',*,*,#1535,.T.);
#2093=ORIENTED_EDGE('',*,*,#1536,.F.);
#2094=ORIENTED_EDGE('',*,*,#1537,.F.);
#2095=ORIENTED_EDGE('',*,*,#1452,.F.);
#2096=ORIENTED_EDGE('',*,*,#1537,.T.);
#2097=ORIENTED_EDGE('',*,*,#1538,.F.);
#2098=ORIENTED_EDGE('',*,*,#1539,.F.);
#2099=ORIENTED_EDGE('',*,*,#1453,.F.);
#2100=ORIENTED_EDGE('',*,*,#1539,.T.);
#2101=ORIENTED_EDGE('',*,*,#1540,.F.);
#2102=ORIENTED_EDGE('',*,*,#1541,.F.);
#2103=ORIENTED_EDGE('',*,*,#1454,.F.);
#2104=ORIENTED_EDGE('',*,*,#1541,.T.);
#2105=ORIENTED_EDGE('',*,*,#1542,.F.);
#2106=ORIENTED_EDGE('',*,*,#1543,.F.);
#2107=ORIENTED_EDGE('',*,*,#1455,.F.);
#2108=ORIENTED_EDGE('',*,*,#1543,.T.);
#2109=ORIENTED_EDGE('',*,*,#1544,.F.);
#2110=ORIENTED_EDGE('',*,*,#1545,.F.);
#2111=ORIENTED_EDGE('',*,*,#1456,.F.);
#2112=ORIENTED_EDGE('',*,*,#1545,.T.);
#2113=ORIENTED_EDGE('',*,*,#1546,.F.);
#2114=ORIENTED_EDGE('',*,*,#1547,.F.);
#2115=ORIENTED_EDGE('',*,*,#1457,.F.);
#2116=ORIENTED_EDGE('',*,*,#1547,.T.);
#2117=ORIENTED_EDGE('',*,*,#1548,.F.);
#2118=ORIENTED_EDGE('',*,*,#1549,.F.);
#2119=ORIENTED_EDGE('',*,*,#1458,.F.);
#2120=ORIENTED_EDGE('',*,*,#1549,.T.);
#2121=ORIENTED_EDGE('',*,*,#1550,.F.);
#2122=ORIENTED_EDGE('',*,*,#1551,.F.);
#2123=ORIENTED_EDGE('',*,*,#1459,.F.);
#2124=ORIENTED_EDGE('',*,*,#1551,.T.);
#2125=ORIENTED_EDGE('',*,*,#1552,.F.);
#2126=ORIENTED_EDGE('',*,*,#1553,.F.);
#2127=ORIENTED_EDGE('',*,*,#1460,.F.);
#2128=ORIENTED_EDGE('',*,*,#1553,.T.);
#2129=ORIENTED_EDGE('',*,*,#1554,.F.);
#2130=ORIENTED_EDGE('',*,*,#1555,.F.);
#2131=ORIENTED_EDGE('',*,*,#1461,.F.);
#2132=ORIENTED_EDGE('',*,*,#1555,.T.);
#2133=ORIENTED_EDGE('',*,*,#1556,.F.);
#2134=ORIENTED_EDGE('',*,*,#1557,.F.);
#2135=ORIENTED_EDGE('',*,*,#1462,.F.);
#2136=ORIENTED_EDGE('',*,*,#1557,.T.);
#2137=ORIENTED_EDGE('',*,*,#1558,.F.);
#2138=ORIENTED_EDGE('',*,*,#1535,.F.);
#2139=ORIENTED_EDGE('',*,*,#1558,.T.);
#2140=ORIENTED_EDGE('',*,*,#1556,.T.);
#2141=ORIENTED_EDGE('',*,*,#1554,.T.);
#2142=ORIENTED_EDGE('',*,*,#1552,.T.);
#2143=ORIENTED_EDGE('',*,*,#1550,.T.);
#2144=ORIENTED_EDGE('',*,*,#1548,.T.);
#2145=ORIENTED_EDGE('',*,*,#1546,.T.);
#2146=ORIENTED_EDGE('',*,*,#1544,.T.);
#2147=ORIENTED_EDGE('',*,*,#1542,.T.);
#2148=ORIENTED_EDGE('',*,*,#1540,.T.);
#2149=ORIENTED_EDGE('',*,*,#1538,.T.);
#2150=ORIENTED_EDGE('',*,*,#1536,.T.);
#2151=ORIENTED_EDGE('',*,*,#1534,.T.);
#2152=ORIENTED_EDGE('',*,*,#1531,.T.);
#2153=ORIENTED_EDGE('',*,*,#1528,.T.);
#2154=ORIENTED_EDGE('',*,*,#1525,.T.);
#2155=ORIENTED_EDGE('',*,*,#1522,.T.);
#2156=ORIENTED_EDGE('',*,*,#1519,.T.);
#2157=ORIENTED_EDGE('',*,*,#1516,.T.);
#2158=ORIENTED_EDGE('',*,*,#1513,.T.);
#2159=ORIENTED_EDGE('',*,*,#1463,.T.);
#2160=ORIENTED_EDGE('',*,*,#1467,.T.);
#2161=ORIENTED_EDGE('',*,*,#1470,.T.);
#2162=ORIENTED_EDGE('',*,*,#1473,.T.);
#2163=ORIENTED_EDGE('',*,*,#1476,.T.);
#2164=ORIENTED_EDGE('',*,*,#1479,.T.);
#2165=ORIENTED_EDGE('',*,*,#1482,.T.);
#2166=ORIENTED_EDGE('',*,*,#1485,.T.);
#2167=ORIENTED_EDGE('',*,*,#1559,.F.);
#2168=ORIENTED_EDGE('',*,*,#1560,.T.);
#2169=ORIENTED_EDGE('',*,*,#1561,.F.);
#2170=ORIENTED_EDGE('',*,*,#1562,.F.);
#2171=ORIENTED_EDGE('',*,*,#1563,.F.);
#2172=ORIENTED_EDGE('',*,*,#1562,.T.);
#2173=ORIENTED_EDGE('',*,*,#1564,.F.);
#2174=ORIENTED_EDGE('',*,*,#1565,.F.);
#2175=ORIENTED_EDGE('',*,*,#1566,.F.);
#2176=ORIENTED_EDGE('',*,*,#1565,.T.);
#2177=ORIENTED_EDGE('',*,*,#1567,.F.);
#2178=ORIENTED_EDGE('',*,*,#1568,.F.);
#2179=ORIENTED_EDGE('',*,*,#1569,.F.);
#2180=ORIENTED_EDGE('',*,*,#1568,.T.);
#2181=ORIENTED_EDGE('',*,*,#1570,.F.);
#2182=ORIENTED_EDGE('',*,*,#1571,.F.);
#2183=ORIENTED_EDGE('',*,*,#1572,.F.);
#2184=ORIENTED_EDGE('',*,*,#1571,.T.);
#2185=ORIENTED_EDGE('',*,*,#1573,.F.);
#2186=ORIENTED_EDGE('',*,*,#1574,.F.);
#2187=ORIENTED_EDGE('',*,*,#1575,.F.);
#2188=ORIENTED_EDGE('',*,*,#1574,.T.);
#2189=ORIENTED_EDGE('',*,*,#1576,.F.);
#2190=ORIENTED_EDGE('',*,*,#1577,.F.);
#2191=ORIENTED_EDGE('',*,*,#1578,.F.);
#2192=ORIENTED_EDGE('',*,*,#1577,.T.);
#2193=ORIENTED_EDGE('',*,*,#1579,.F.);
#2194=ORIENTED_EDGE('',*,*,#1580,.F.);
#2195=ORIENTED_EDGE('',*,*,#1581,.F.);
#2196=ORIENTED_EDGE('',*,*,#1580,.T.);
#2197=ORIENTED_EDGE('',*,*,#1582,.F.);
#2198=ORIENTED_EDGE('',*,*,#1583,.F.);
#2199=ORIENTED_EDGE('',*,*,#1584,.F.);
#2200=ORIENTED_EDGE('',*,*,#1583,.T.);
#2201=ORIENTED_EDGE('',*,*,#1585,.F.);
#2202=ORIENTED_EDGE('',*,*,#1560,.F.);
#2203=ORIENTED_EDGE('',*,*,#1432,.F.);
#2204=ORIENTED_EDGE('',*,*,#1586,.T.);
#2205=ORIENTED_EDGE('',*,*,#1587,.F.);
#2206=ORIENTED_EDGE('',*,*,#1588,.F.);
#2207=ORIENTED_EDGE('',*,*,#1433,.F.);
#2208=ORIENTED_EDGE('',*,*,#1588,.T.);
#2209=ORIENTED_EDGE('',*,*,#1589,.F.);
#2210=ORIENTED_EDGE('',*,*,#1590,.F.);
#2211=ORIENTED_EDGE('',*,*,#1434,.F.);
#2212=ORIENTED_EDGE('',*,*,#1590,.T.);
#2213=ORIENTED_EDGE('',*,*,#1591,.F.);
#2214=ORIENTED_EDGE('',*,*,#1592,.F.);
#2215=ORIENTED_EDGE('',*,*,#1435,.F.);
#2216=ORIENTED_EDGE('',*,*,#1592,.T.);
#2217=ORIENTED_EDGE('',*,*,#1593,.F.);
#2218=ORIENTED_EDGE('',*,*,#1594,.F.);
#2219=ORIENTED_EDGE('',*,*,#1436,.F.);
#2220=ORIENTED_EDGE('',*,*,#1594,.T.);
#2221=ORIENTED_EDGE('',*,*,#1595,.F.);
#2222=ORIENTED_EDGE('',*,*,#1596,.F.);
#2223=ORIENTED_EDGE('',*,*,#1437,.F.);
#2224=ORIENTED_EDGE('',*,*,#1596,.T.);
#2225=ORIENTED_EDGE('',*,*,#1597,.F.);
#2226=ORIENTED_EDGE('',*,*,#1598,.F.);
#2227=ORIENTED_EDGE('',*,*,#1438,.F.);
#2228=ORIENTED_EDGE('',*,*,#1598,.T.);
#2229=ORIENTED_EDGE('',*,*,#1599,.F.);
#2230=ORIENTED_EDGE('',*,*,#1600,.F.);
#2231=ORIENTED_EDGE('',*,*,#1439,.F.);
#2232=ORIENTED_EDGE('',*,*,#1600,.T.);
#2233=ORIENTED_EDGE('',*,*,#1601,.F.);
#2234=ORIENTED_EDGE('',*,*,#1602,.F.);
#2235=ORIENTED_EDGE('',*,*,#1440,.F.);
#2236=ORIENTED_EDGE('',*,*,#1602,.T.);
#2237=ORIENTED_EDGE('',*,*,#1603,.F.);
#2238=ORIENTED_EDGE('',*,*,#1604,.F.);
#2239=ORIENTED_EDGE('',*,*,#1441,.F.);
#2240=ORIENTED_EDGE('',*,*,#1604,.T.);
#2241=ORIENTED_EDGE('',*,*,#1605,.F.);
#2242=ORIENTED_EDGE('',*,*,#1606,.F.);
#2243=ORIENTED_EDGE('',*,*,#1442,.F.);
#2244=ORIENTED_EDGE('',*,*,#1606,.T.);
#2245=ORIENTED_EDGE('',*,*,#1607,.F.);
#2246=ORIENTED_EDGE('',*,*,#1608,.F.);
#2247=ORIENTED_EDGE('',*,*,#1443,.F.);
#2248=ORIENTED_EDGE('',*,*,#1608,.T.);
#2249=ORIENTED_EDGE('',*,*,#1609,.F.);
#2250=ORIENTED_EDGE('',*,*,#1610,.F.);
#2251=ORIENTED_EDGE('',*,*,#1444,.F.);
#2252=ORIENTED_EDGE('',*,*,#1610,.T.);
#2253=ORIENTED_EDGE('',*,*,#1611,.F.);
#2254=ORIENTED_EDGE('',*,*,#1612,.F.);
#2255=ORIENTED_EDGE('',*,*,#1445,.F.);
#2256=ORIENTED_EDGE('',*,*,#1612,.T.);
#2257=ORIENTED_EDGE('',*,*,#1613,.F.);
#2258=ORIENTED_EDGE('',*,*,#1614,.F.);
#2259=ORIENTED_EDGE('',*,*,#1446,.F.);
#2260=ORIENTED_EDGE('',*,*,#1614,.T.);
#2261=ORIENTED_EDGE('',*,*,#1615,.F.);
#2262=ORIENTED_EDGE('',*,*,#1616,.F.);
#2263=ORIENTED_EDGE('',*,*,#1447,.F.);
#2264=ORIENTED_EDGE('',*,*,#1616,.T.);
#2265=ORIENTED_EDGE('',*,*,#1617,.F.);
#2266=ORIENTED_EDGE('',*,*,#1618,.F.);
#2267=ORIENTED_EDGE('',*,*,#1448,.F.);
#2268=ORIENTED_EDGE('',*,*,#1618,.T.);
#2269=ORIENTED_EDGE('',*,*,#1619,.F.);
#2270=ORIENTED_EDGE('',*,*,#1620,.F.);
#2271=ORIENTED_EDGE('',*,*,#1449,.F.);
#2272=ORIENTED_EDGE('',*,*,#1620,.T.);
#2273=ORIENTED_EDGE('',*,*,#1621,.F.);
#2274=ORIENTED_EDGE('',*,*,#1622,.F.);
#2275=ORIENTED_EDGE('',*,*,#1450,.F.);
#2276=ORIENTED_EDGE('',*,*,#1622,.T.);
#2277=ORIENTED_EDGE('',*,*,#1623,.F.);
#2278=ORIENTED_EDGE('',*,*,#1586,.F.);
#2279=ORIENTED_EDGE('',*,*,#1623,.T.);
#2280=ORIENTED_EDGE('',*,*,#1621,.T.);
#2281=ORIENTED_EDGE('',*,*,#1619,.T.);
#2282=ORIENTED_EDGE('',*,*,#1617,.T.);
#2283=ORIENTED_EDGE('',*,*,#1615,.T.);
#2284=ORIENTED_EDGE('',*,*,#1613,.T.);
#2285=ORIENTED_EDGE('',*,*,#1611,.T.);
#2286=ORIENTED_EDGE('',*,*,#1609,.T.);
#2287=ORIENTED_EDGE('',*,*,#1607,.T.);
#2288=ORIENTED_EDGE('',*,*,#1605,.T.);
#2289=ORIENTED_EDGE('',*,*,#1603,.T.);
#2290=ORIENTED_EDGE('',*,*,#1601,.T.);
#2291=ORIENTED_EDGE('',*,*,#1599,.T.);
#2292=ORIENTED_EDGE('',*,*,#1597,.T.);
#2293=ORIENTED_EDGE('',*,*,#1595,.T.);
#2294=ORIENTED_EDGE('',*,*,#1593,.T.);
#2295=ORIENTED_EDGE('',*,*,#1591,.T.);
#2296=ORIENTED_EDGE('',*,*,#1589,.T.);
#2297=ORIENTED_EDGE('',*,*,#1587,.T.);
#2298=ORIENTED_EDGE('',*,*,#1585,.T.);
#2299=ORIENTED_EDGE('',*,*,#1582,.T.);
#2300=ORIENTED_EDGE('',*,*,#1579,.T.);
#2301=ORIENTED_EDGE('',*,*,#1576,.T.);
#2302=ORIENTED_EDGE('',*,*,#1573,.T.);
#2303=ORIENTED_EDGE('',*,*,#1570,.T.);
#2304=ORIENTED_EDGE('',*,*,#1567,.T.);
#2305=ORIENTED_EDGE('',*,*,#1564,.T.);
#2306=ORIENTED_EDGE('',*,*,#1561,.T.);
#2307=ORIENTED_EDGE('',*,*,#1511,.T.);
#2308=ORIENTED_EDGE('',*,*,#1515,.T.);
#2309=ORIENTED_EDGE('',*,*,#1518,.T.);
#2310=ORIENTED_EDGE('',*,*,#1521,.T.);
#2311=ORIENTED_EDGE('',*,*,#1524,.T.);
#2312=ORIENTED_EDGE('',*,*,#1527,.T.);
#2313=ORIENTED_EDGE('',*,*,#1530,.T.);
#2314=ORIENTED_EDGE('',*,*,#1533,.T.);
#2315=ORIENTED_EDGE('',*,*,#1624,.T.);
#2316=ORIENTED_EDGE('',*,*,#1625,.T.);
#2317=ORIENTED_EDGE('',*,*,#1626,.T.);
#2318=ORIENTED_EDGE('',*,*,#1627,.T.);
#2319=ORIENTED_EDGE('',*,*,#1628,.T.);
#2320=ORIENTED_EDGE('',*,*,#1629,.T.);
#2321=ORIENTED_EDGE('',*,*,#1626,.F.);
#2322=ORIENTED_EDGE('',*,*,#1630,.T.);
#2323=ORIENTED_EDGE('',*,*,#1631,.T.);
#2324=ORIENTED_EDGE('',*,*,#1632,.T.);
#2325=ORIENTED_EDGE('',*,*,#1628,.F.);
#2326=ORIENTED_EDGE('',*,*,#1633,.T.);
#2327=ORIENTED_EDGE('',*,*,#1634,.T.);
#2328=ORIENTED_EDGE('',*,*,#1635,.T.);
#2329=ORIENTED_EDGE('',*,*,#1631,.F.);
#2330=ORIENTED_EDGE('',*,*,#1636,.T.);
#2331=ORIENTED_EDGE('',*,*,#1637,.T.);
#2332=ORIENTED_EDGE('',*,*,#1638,.T.);
#2333=ORIENTED_EDGE('',*,*,#1634,.F.);
#2334=ORIENTED_EDGE('',*,*,#1639,.T.);
#2335=ORIENTED_EDGE('',*,*,#1640,.T.);
#2336=ORIENTED_EDGE('',*,*,#1641,.T.);
#2337=ORIENTED_EDGE('',*,*,#1637,.F.);
#2338=ORIENTED_EDGE('',*,*,#1642,.T.);
#2339=ORIENTED_EDGE('',*,*,#1643,.T.);
#2340=ORIENTED_EDGE('',*,*,#1644,.T.);
#2341=ORIENTED_EDGE('',*,*,#1640,.F.);
#2342=ORIENTED_EDGE('',*,*,#1645,.T.);
#2343=ORIENTED_EDGE('',*,*,#1624,.F.);
#2344=ORIENTED_EDGE('',*,*,#1646,.T.);
#2345=ORIENTED_EDGE('',*,*,#1643,.F.);
#2346=ORIENTED_EDGE('',*,*,#1647,.T.);
#2347=ORIENTED_EDGE('',*,*,#1636,.F.);
#2348=ORIENTED_EDGE('',*,*,#1648,.F.);
#2349=ORIENTED_EDGE('',*,*,#1649,.T.);
#2350=ORIENTED_EDGE('',*,*,#1650,.T.);
#2351=ORIENTED_EDGE('',*,*,#1633,.F.);
#2352=ORIENTED_EDGE('',*,*,#1651,.F.);
#2353=ORIENTED_EDGE('',*,*,#1652,.T.);
#2354=ORIENTED_EDGE('',*,*,#1648,.T.);
#2355=ORIENTED_EDGE('',*,*,#1630,.F.);
#2356=ORIENTED_EDGE('',*,*,#1653,.F.);
#2357=ORIENTED_EDGE('',*,*,#1654,.T.);
#2358=ORIENTED_EDGE('',*,*,#1651,.T.);
#2359=ORIENTED_EDGE('',*,*,#1625,.F.);
#2360=ORIENTED_EDGE('',*,*,#1655,.F.);
#2361=ORIENTED_EDGE('',*,*,#1656,.T.);
#2362=ORIENTED_EDGE('',*,*,#1653,.T.);
#2363=ORIENTED_EDGE('',*,*,#1627,.F.);
#2364=ORIENTED_EDGE('',*,*,#1629,.F.);
#2365=ORIENTED_EDGE('',*,*,#1632,.F.);
#2366=ORIENTED_EDGE('',*,*,#1635,.F.);
#2367=ORIENTED_EDGE('',*,*,#1638,.F.);
#2368=ORIENTED_EDGE('',*,*,#1641,.F.);
#2369=ORIENTED_EDGE('',*,*,#1644,.F.);
#2370=ORIENTED_EDGE('',*,*,#1646,.F.);
#2371=ORIENTED_EDGE('',*,*,#1657,.T.);
#2372=ORIENTED_EDGE('',*,*,#1658,.T.);
#2373=ORIENTED_EDGE('',*,*,#1659,.T.);
#2374=ORIENTED_EDGE('',*,*,#1660,.T.);
#2375=ORIENTED_EDGE('',*,*,#1661,.T.);
#2376=ORIENTED_EDGE('',*,*,#1662,.T.);
#2377=ORIENTED_EDGE('',*,*,#1663,.T.);
#2378=ORIENTED_EDGE('',*,*,#1664,.T.);
#2379=ORIENTED_EDGE('',*,*,#1665,.T.);
#2380=ORIENTED_EDGE('',*,*,#1666,.T.);
#2381=ORIENTED_EDGE('',*,*,#1667,.T.);
#2382=ORIENTED_EDGE('',*,*,#1412,.T.);
#2383=ORIENTED_EDGE('',*,*,#1668,.T.);
#2384=ORIENTED_EDGE('',*,*,#1413,.T.);
#2385=ORIENTED_EDGE('',*,*,#1667,.F.);
#2386=ORIENTED_EDGE('',*,*,#1669,.T.);
#2387=ORIENTED_EDGE('',*,*,#1670,.T.);
#2388=ORIENTED_EDGE('',*,*,#1414,.T.);
#2389=ORIENTED_EDGE('',*,*,#1668,.F.);
#2390=ORIENTED_EDGE('',*,*,#1671,.T.);
#2391=ORIENTED_EDGE('',*,*,#1672,.T.);
#2392=ORIENTED_EDGE('',*,*,#1415,.T.);
#2393=ORIENTED_EDGE('',*,*,#1670,.F.);
#2394=ORIENTED_EDGE('',*,*,#1673,.T.);
#2395=ORIENTED_EDGE('',*,*,#1674,.T.);
#2396=ORIENTED_EDGE('',*,*,#1416,.T.);
#2397=ORIENTED_EDGE('',*,*,#1672,.F.);
#2398=ORIENTED_EDGE('',*,*,#1675,.T.);
#2399=ORIENTED_EDGE('',*,*,#1676,.T.);
#2400=ORIENTED_EDGE('',*,*,#1417,.T.);
#2401=ORIENTED_EDGE('',*,*,#1674,.F.);
#2402=ORIENTED_EDGE('',*,*,#1677,.T.);
#2403=ORIENTED_EDGE('',*,*,#1678,.T.);
#2404=ORIENTED_EDGE('',*,*,#1418,.T.);
#2405=ORIENTED_EDGE('',*,*,#1676,.F.);
#2406=ORIENTED_EDGE('',*,*,#1679,.T.);
#2407=ORIENTED_EDGE('',*,*,#1665,.F.);
#2408=ORIENTED_EDGE('',*,*,#1419,.T.);
#2409=ORIENTED_EDGE('',*,*,#1678,.F.);
#2410=ORIENTED_EDGE('',*,*,#1680,.T.);
#2411=ORIENTED_EDGE('',*,*,#1673,.F.);
#2412=ORIENTED_EDGE('',*,*,#1681,.F.);
#2413=ORIENTED_EDGE('',*,*,#1658,.F.);
#2414=ORIENTED_EDGE('',*,*,#1682,.T.);
#2415=ORIENTED_EDGE('',*,*,#1671,.F.);
#2416=ORIENTED_EDGE('',*,*,#1683,.F.);
#2417=ORIENTED_EDGE('',*,*,#1659,.F.);
#2418=ORIENTED_EDGE('',*,*,#1681,.T.);
#2419=ORIENTED_EDGE('',*,*,#1669,.F.);
#2420=ORIENTED_EDGE('',*,*,#1684,.F.);
#2421=ORIENTED_EDGE('',*,*,#1660,.F.);
#2422=ORIENTED_EDGE('',*,*,#1683,.T.);
#2423=ORIENTED_EDGE('',*,*,#1666,.F.);
#2424=ORIENTED_EDGE('',*,*,#1685,.F.);
#2425=ORIENTED_EDGE('',*,*,#1661,.F.);
#2426=ORIENTED_EDGE('',*,*,#1684,.T.);
#2427=ORIENTED_EDGE('',*,*,#1559,.T.);
#2428=ORIENTED_EDGE('',*,*,#1563,.T.);
#2429=ORIENTED_EDGE('',*,*,#1566,.T.);
#2430=ORIENTED_EDGE('',*,*,#1569,.T.);
#2431=ORIENTED_EDGE('',*,*,#1572,.T.);
#2432=ORIENTED_EDGE('',*,*,#1575,.T.);
#2433=ORIENTED_EDGE('',*,*,#1578,.T.);
#2434=ORIENTED_EDGE('',*,*,#1581,.T.);
#2435=ORIENTED_EDGE('',*,*,#1584,.T.);
#2436=ORIENTED_EDGE('',*,*,#1675,.F.);
#2437=ORIENTED_EDGE('',*,*,#1682,.F.);
#2438=ORIENTED_EDGE('',*,*,#1657,.F.);
#2439=ORIENTED_EDGE('',*,*,#1686,.T.);
#2440=ORIENTED_EDGE('',*,*,#1680,.F.);
#2441=ORIENTED_EDGE('',*,*,#1687,.F.);
#2442=ORIENTED_EDGE('',*,*,#1662,.F.);
#2443=ORIENTED_EDGE('',*,*,#1685,.T.);
#2444=ORIENTED_EDGE('',*,*,#1679,.F.);
#2445=ORIENTED_EDGE('',*,*,#1688,.F.);
#2446=ORIENTED_EDGE('',*,*,#1663,.F.);
#2447=ORIENTED_EDGE('',*,*,#1687,.T.);
#2448=ORIENTED_EDGE('',*,*,#1677,.F.);
#2449=ORIENTED_EDGE('',*,*,#1686,.F.);
#2450=ORIENTED_EDGE('',*,*,#1664,.F.);
#2451=ORIENTED_EDGE('',*,*,#1688,.T.);
#2452=ORIENTED_EDGE('',*,*,#1647,.F.);
#2453=ORIENTED_EDGE('',*,*,#1689,.F.);
#2454=ORIENTED_EDGE('',*,*,#1690,.T.);
#2455=ORIENTED_EDGE('',*,*,#1655,.T.);
#2456=ORIENTED_EDGE('',*,*,#1645,.F.);
#2457=ORIENTED_EDGE('',*,*,#1691,.F.);
#2458=ORIENTED_EDGE('',*,*,#1692,.T.);
#2459=ORIENTED_EDGE('',*,*,#1689,.T.);
#2460=ORIENTED_EDGE('',*,*,#1642,.F.);
#2461=ORIENTED_EDGE('',*,*,#1693,.F.);
#2462=ORIENTED_EDGE('',*,*,#1694,.T.);
#2463=ORIENTED_EDGE('',*,*,#1691,.T.);
#2464=ORIENTED_EDGE('',*,*,#1639,.F.);
#2465=ORIENTED_EDGE('',*,*,#1650,.F.);
#2466=ORIENTED_EDGE('',*,*,#1695,.T.);
#2467=ORIENTED_EDGE('',*,*,#1693,.T.);
#2468=ORIENTED_EDGE('',*,*,#1652,.F.);
#2469=ORIENTED_EDGE('',*,*,#1654,.F.);
#2470=ORIENTED_EDGE('',*,*,#1656,.F.);
#2471=ORIENTED_EDGE('',*,*,#1690,.F.);
#2472=ORIENTED_EDGE('',*,*,#1692,.F.);
#2473=ORIENTED_EDGE('',*,*,#1694,.F.);
#2474=ORIENTED_EDGE('',*,*,#1695,.F.);
#2475=ORIENTED_EDGE('',*,*,#1649,.F.);
#2476=ORIENTED_EDGE('',*,*,#1308,.T.);
#2477=ORIENTED_EDGE('',*,*,#1312,.T.);
#2478=SPHERICAL_SURFACE('',#2644,0.225);
#2479=SPHERICAL_SURFACE('',#2649,0.225);
#2480=ADVANCED_FACE('',(#690),#2478,.T.);
#2481=ADVANCED_FACE('',(#691),#672,.T.);
#2482=ADVANCED_FACE('',(#692),#2479,.T.);
#2483=ADVANCED_FACE('',(#693),#673,.T.);
#2484=ADVANCED_FACE('',(#694),#315,.T.);
#2485=ADVANCED_FACE('',(#695),#316,.T.);
#2486=ADVANCED_FACE('',(#696),#224,.T.);
#2487=ADVANCED_FACE('',(#697),#225,.T.);
#2488=ADVANCED_FACE('',(#698),#317,.T.);
#2489=ADVANCED_FACE('',(#699),#226,.T.);
#2490=ADVANCED_FACE('',(#700),#227,.T.);
#2491=ADVANCED_FACE('',(#701),#318,.T.);
#2492=ADVANCED_FACE('',(#702),#319,.T.);
#2493=ADVANCED_FACE('',(#703),#320,.T.);
#2494=ADVANCED_FACE('',(#704),#321,.T.);
#2495=ADVANCED_FACE('',(#705),#322,.T.);
#2496=ADVANCED_FACE('',(#706),#323,.T.);
#2497=ADVANCED_FACE('',(#707),#324,.T.);
#2498=ADVANCED_FACE('',(#708),#325,.T.);
#2499=ADVANCED_FACE('',(#709),#228,.T.);
#2500=ADVANCED_FACE('',(#710),#229,.T.);
#2501=ADVANCED_FACE('',(#711),#230,.T.);
#2502=ADVANCED_FACE('',(#712),#231,.T.);
#2503=ADVANCED_FACE('',(#713),#232,.T.);
#2504=ADVANCED_FACE('',(#714),#233,.T.);
#2505=ADVANCED_FACE('',(#715),#234,.T.);
#2506=ADVANCED_FACE('',(#716),#235,.T.);
#2507=ADVANCED_FACE('',(#717),#236,.T.);
#2508=ADVANCED_FACE('',(#718),#237,.T.);
#2509=ADVANCED_FACE('',(#719),#238,.T.);
#2510=ADVANCED_FACE('',(#720),#239,.T.);
#2511=ADVANCED_FACE('',(#721),#240,.T.);
#2512=ADVANCED_FACE('',(#722),#241,.T.);
#2513=ADVANCED_FACE('',(#723),#242,.T.);
#2514=ADVANCED_FACE('',(#724),#243,.T.);
#2515=ADVANCED_FACE('',(#725),#244,.T.);
#2516=ADVANCED_FACE('',(#726),#245,.T.);
#2517=ADVANCED_FACE('',(#727),#246,.T.);
#2518=ADVANCED_FACE('',(#728),#247,.T.);
#2519=ADVANCED_FACE('',(#729,#22),#326,.T.);
#2520=ADVANCED_FACE('',(#730,#23,#24,#25,#26,#27,#28),#327,.T.);
#2521=ADVANCED_FACE('',(#731),#248,.T.);
#2522=ADVANCED_FACE('',(#732),#249,.T.);
#2523=ADVANCED_FACE('',(#733),#250,.T.);
#2524=ADVANCED_FACE('',(#734),#251,.T.);
#2525=ADVANCED_FACE('',(#735),#252,.T.);
#2526=ADVANCED_FACE('',(#736),#253,.T.);
#2527=ADVANCED_FACE('',(#737),#254,.T.);
#2528=ADVANCED_FACE('',(#738),#255,.T.);
#2529=ADVANCED_FACE('',(#739),#256,.T.);
#2530=ADVANCED_FACE('',(#740),#257,.T.);
#2531=ADVANCED_FACE('',(#741),#258,.T.);
#2532=ADVANCED_FACE('',(#742),#259,.T.);
#2533=ADVANCED_FACE('',(#743),#260,.T.);
#2534=ADVANCED_FACE('',(#744),#261,.T.);
#2535=ADVANCED_FACE('',(#745),#262,.T.);
#2536=ADVANCED_FACE('',(#746),#263,.T.);
#2537=ADVANCED_FACE('',(#747),#264,.T.);
#2538=ADVANCED_FACE('',(#748),#265,.T.);
#2539=ADVANCED_FACE('',(#749),#266,.T.);
#2540=ADVANCED_FACE('',(#750),#267,.T.);
#2541=ADVANCED_FACE('',(#751,#29),#328,.T.);
#2542=ADVANCED_FACE('',(#752),#329,.T.);
#2543=ADVANCED_FACE('',(#753),#268,.T.);
#2544=ADVANCED_FACE('',(#754),#269,.T.);
#2545=ADVANCED_FACE('',(#755),#270,.T.);
#2546=ADVANCED_FACE('',(#756),#271,.T.);
#2547=ADVANCED_FACE('',(#757),#272,.T.);
#2548=ADVANCED_FACE('',(#758),#273,.T.);
#2549=ADVANCED_FACE('',(#759),#274,.T.);
#2550=ADVANCED_FACE('',(#760),#275,.T.);
#2551=ADVANCED_FACE('',(#761),#276,.T.);
#2552=ADVANCED_FACE('',(#762),#277,.T.);
#2553=ADVANCED_FACE('',(#763),#278,.T.);
#2554=ADVANCED_FACE('',(#764),#279,.T.);
#2555=ADVANCED_FACE('',(#765),#280,.T.);
#2556=ADVANCED_FACE('',(#766),#281,.T.);
#2557=ADVANCED_FACE('',(#767),#282,.T.);
#2558=ADVANCED_FACE('',(#768),#283,.T.);
#2559=ADVANCED_FACE('',(#769),#284,.T.);
#2560=ADVANCED_FACE('',(#770),#285,.T.);
#2561=ADVANCED_FACE('',(#771),#286,.T.);
#2562=ADVANCED_FACE('',(#772),#287,.T.);
#2563=ADVANCED_FACE('',(#773,#30),#330,.T.);
#2564=ADVANCED_FACE('',(#774),#331,.T.);
#2565=ADVANCED_FACE('',(#775),#288,.T.);
#2566=ADVANCED_FACE('',(#776),#289,.T.);
#2567=ADVANCED_FACE('',(#777),#290,.T.);
#2568=ADVANCED_FACE('',(#778),#291,.T.);
#2569=ADVANCED_FACE('',(#779),#292,.T.);
#2570=ADVANCED_FACE('',(#780),#293,.T.);
#2571=ADVANCED_FACE('',(#781),#294,.T.);
#2572=ADVANCED_FACE('',(#782),#295,.T.);
#2573=ADVANCED_FACE('',(#783),#296,.T.);
#2574=ADVANCED_FACE('',(#784),#332,.T.);
#2575=ADVANCED_FACE('',(#785),#297,.T.);
#2576=ADVANCED_FACE('',(#786),#298,.T.);
#2577=ADVANCED_FACE('',(#787),#299,.T.);
#2578=ADVANCED_FACE('',(#788),#300,.T.);
#2579=ADVANCED_FACE('',(#789),#301,.T.);
#2580=ADVANCED_FACE('',(#790),#302,.T.);
#2581=ADVANCED_FACE('',(#791),#303,.T.);
#2582=ADVANCED_FACE('',(#792),#304,.T.);
#2583=ADVANCED_FACE('',(#793),#305,.T.);
#2584=ADVANCED_FACE('',(#794),#306,.T.);
#2585=ADVANCED_FACE('',(#795),#307,.T.);
#2586=ADVANCED_FACE('',(#796),#308,.T.);
#2587=ADVANCED_FACE('',(#797),#309,.T.);
#2588=ADVANCED_FACE('',(#798),#310,.T.);
#2589=ADVANCED_FACE('',(#799),#311,.T.);
#2590=ADVANCED_FACE('',(#800),#312,.T.);
#2591=ADVANCED_FACE('',(#801),#313,.T.);
#2592=ADVANCED_FACE('',(#802),#314,.T.);
#2593=ADVANCED_FACE('',(#803,#31),#333,.T.);
#2594=ADVANCED_FACE('',(#804),#334,.T.);
#2595=ADVANCED_FACE('',(#805),#14,.T.);
#2596=ADVANCED_FACE('',(#806),#674,.T.);
#2597=ADVANCED_FACE('',(#807),#15,.T.);
#2598=ADVANCED_FACE('',(#808),#675,.T.);
#2599=ADVANCED_FACE('',(#809),#16,.T.);
#2600=ADVANCED_FACE('',(#810),#676,.T.);
#2601=ADVANCED_FACE('',(#811),#17,.T.);
#2602=ADVANCED_FACE('',(#812),#677,.T.);
#2603=ADVANCED_FACE('',(#813),#335,.T.);
#2604=ADVANCED_FACE('',(#814),#678,.T.);
#2605=ADVANCED_FACE('',(#815),#336,.T.);
#2606=ADVANCED_FACE('',(#816),#679,.T.);
#2607=ADVANCED_FACE('',(#817,#32),#337,.T.);
#2608=ADVANCED_FACE('',(#818),#680,.T.);
#2609=ADVANCED_FACE('',(#819),#18,.T.);
#2610=ADVANCED_FACE('',(#820),#681,.T.);
#2611=ADVANCED_FACE('',(#821),#19,.T.);
#2612=ADVANCED_FACE('',(#822),#682,.T.);
#2613=ADVANCED_FACE('',(#823),#20,.T.);
#2614=ADVANCED_FACE('',(#824),#683,.T.);
#2615=ADVANCED_FACE('',(#825),#21,.T.);
#2616=ADVANCED_FACE('',(#826),#684,.T.);
#2617=ADVANCED_FACE('',(#827),#338,.T.);
#2618=ADVANCED_FACE('',(#828),#685,.T.);
#2619=ADVANCED_FACE('',(#829),#339,.T.);
#2620=ADVANCED_FACE('',(#830),#340,.T.);
#2621=ADVANCED_FACE('',(#831),#341,.T.);
#2622=ADVANCED_FACE('',(#832),#686,.T.);
#2623=ADVANCED_FACE('',(#833),#342,.T.);
#2624=ADVANCED_FACE('',(#834),#687,.T.);
#2625=ADVANCED_FACE('',(#835),#343,.T.);
#2626=ADVANCED_FACE('',(#836),#688,.T.);
#2627=ADVANCED_FACE('',(#837),#344,.T.);
#2628=ADVANCED_FACE('',(#838),#689,.T.);
#2629=ADVANCED_FACE('',(#839,#33,#34),#345,.F.);
#2630=CLOSED_SHELL('',(#2480,#2481,#2482,#2483,#2484,#2485,#2486,#2487,
#2488,#2489,#2490,#2491,#2492,#2493,#2494,#2495,#2496,#2497,#2498,#2499,
#2500,#2501,#2502,#2503,#2504,#2505,#2506,#2507,#2508,#2509,#2510,#2511,
#2512,#2513,#2514,#2515,#2516,#2517,#2518,#2519,#2520,#2521,#2522,#2523,
#2524,#2525,#2526,#2527,#2528,#2529,#2530,#2531,#2532,#2533,#2534,#2535,
#2536,#2537,#2538,#2539,#2540,#2541,#2542,#2543,#2544,#2545,#2546,#2547,
#2548,#2549,#2550,#2551,#2552,#2553,#2554,#2555,#2556,#2557,#2558,#2559,
#2560,#2561,#2562,#2563,#2564,#2565,#2566,#2567,#2568,#2569,#2570,#2571,
#2572,#2573,#2574,#2575,#2576,#2577,#2578,#2579,#2580,#2581,#2582,#2583,
#2584,#2585,#2586,#2587,#2588,#2589,#2590,#2591,#2592,#2593,#2594,#2595,
#2596,#2597,#2598,#2599,#2600,#2601,#2602,#2603,#2604,#2605,#2606,#2607,
#2608,#2609,#2610,#2611,#2612,#2613,#2614,#2615,#2616,#2617,#2618,#2619,
#2620,#2621,#2622,#2623,#2624,#2625,#2626,#2627,#2628,#2629));
#2631=DERIVED_UNIT_ELEMENT(#2633,1.);
#2632=DERIVED_UNIT_ELEMENT(#5474,-3.);
#2633=(
MASS_UNIT()
NAMED_UNIT(*)
SI_UNIT(.KILO.,.GRAM.)
);
#2634=DERIVED_UNIT((#2631,#2632));
#2635=MEASURE_REPRESENTATION_ITEM('density measure',
POSITIVE_RATIO_MEASURE(7850.),#2634);
#2636=PROPERTY_DEFINITION_REPRESENTATION(#2641,#2638);
#2637=PROPERTY_DEFINITION_REPRESENTATION(#2642,#2639);
#2638=REPRESENTATION('material name',(#2640),#5471);
#2639=REPRESENTATION('density',(#2635),#5471);
#2640=DESCRIPTIVE_REPRESENTATION_ITEM('Steel','Steel');
#2641=PROPERTY_DEFINITION('material property','material name',#5481);
#2642=PROPERTY_DEFINITION('material property','density of part',#5481);
#2643=AXIS2_PLACEMENT_3D('',#3124,#2749,#2750);
#2644=AXIS2_PLACEMENT_3D('',#3125,#2751,#2752);
#2645=AXIS2_PLACEMENT_3D('',#3127,#2753,#2754);
#2646=AXIS2_PLACEMENT_3D('',#3129,#2755,#2756);
#2647=AXIS2_PLACEMENT_3D('',#3130,#2757,#2758);
#2648=AXIS2_PLACEMENT_3D('',#3133,#2760,#2761);
#2649=AXIS2_PLACEMENT_3D('',#3134,#2762,#2763);
#2650=AXIS2_PLACEMENT_3D('',#3136,#2764,#2765);
#2651=AXIS2_PLACEMENT_3D('',#3138,#2766,#2767);
#2652=AXIS2_PLACEMENT_3D('',#3139,#2768,#2769);
#2653=AXIS2_PLACEMENT_3D('',#3142,#2771,#2772);
#2654=AXIS2_PLACEMENT_3D('',#3143,#2773,#2774);
#2655=AXIS2_PLACEMENT_3D('',#3152,#2779,#2780);
#2656=AXIS2_PLACEMENT_3D('',#3204,#2786,#2787);
#2657=AXIS2_PLACEMENT_3D('',#3256,#2793,#2794);
#2658=AXIS2_PLACEMENT_3D('',#3262,#2798,#2799);
#2659=AXIS2_PLACEMENT_3D('',#3265,#2802,#2803);
#2660=AXIS2_PLACEMENT_3D('',#3266,#2804,#2805);
#2661=AXIS2_PLACEMENT_3D('',#3275,#2810,#2811);
#2662=AXIS2_PLACEMENT_3D('',#3281,#2815,#2816);
#2663=AXIS2_PLACEMENT_3D('',#3287,#2820,#2821);
#2664=AXIS2_PLACEMENT_3D('',#3290,#2824,#2825);
#2665=AXIS2_PLACEMENT_3D('',#3751,#2846,#2847);
#2666=AXIS2_PLACEMENT_3D('',#3752,#2848,#2849);
#2667=AXIS2_PLACEMENT_3D('',#3757,#2851,#2852);
#2668=AXIS2_PLACEMENT_3D('',#3761,#2854,#2855);
#2669=AXIS2_PLACEMENT_3D('',#3765,#2857,#2858);
#2670=AXIS2_PLACEMENT_3D('',#3768,#2860,#2861);
#2671=AXIS2_PLACEMENT_3D('',#4411,#2883,#2884);
#2672=AXIS2_PLACEMENT_3D('',#4412,#2885,#2886);
#2673=AXIS2_PLACEMENT_3D('',#4801,#2907,#2908);
#2674=AXIS2_PLACEMENT_3D('',#4802,#2909,#2910);
#2675=AXIS2_PLACEMENT_3D('',#5010,#2920,#2921);
#2676=AXIS2_PLACEMENT_3D('',#5320,#2942,#2943);
#2677=AXIS2_PLACEMENT_3D('',#5321,#2944,#2945);
#2678=AXIS2_PLACEMENT_3D('',#5322,#2946,#2947);
#2679=AXIS2_PLACEMENT_3D('',#5325,#2948,#2949);
#2680=AXIS2_PLACEMENT_3D('',#5327,#2950,#2951);
#2681=AXIS2_PLACEMENT_3D('',#5329,#2952,#2953);
#2682=AXIS2_PLACEMENT_3D('',#5330,#2954,#2955);
#2683=AXIS2_PLACEMENT_3D('',#5331,#2956,#2957);
#2684=AXIS2_PLACEMENT_3D('',#5334,#2958,#2959);
#2685=AXIS2_PLACEMENT_3D('',#5337,#2962,#2963);
#2686=AXIS2_PLACEMENT_3D('',#5340,#2964,#2965);
#2687=AXIS2_PLACEMENT_3D('',#5341,#2966,#2967);
#2688=AXIS2_PLACEMENT_3D('',#5342,#2968,#2969);
#2689=AXIS2_PLACEMENT_3D('',#5343,#2970,#2971);
#2690=AXIS2_PLACEMENT_3D('',#5346,#2972,#2973);
#2691=AXIS2_PLACEMENT_3D('',#5349,#2976,#2977);
#2692=AXIS2_PLACEMENT_3D('',#5352,#2978,#2979);
#2693=AXIS2_PLACEMENT_3D('',#5353,#2980,#2981);
#2694=AXIS2_PLACEMENT_3D('',#5354,#2982,#2983);
#2695=AXIS2_PLACEMENT_3D('',#5355,#2984,#2985);
#2696=AXIS2_PLACEMENT_3D('',#5358,#2986,#2987);
#2697=AXIS2_PLACEMENT_3D('',#5361,#2990,#2991);
#2698=AXIS2_PLACEMENT_3D('',#5364,#2992,#2993);
#2699=AXIS2_PLACEMENT_3D('',#5365,#2994,#2995);
#2700=AXIS2_PLACEMENT_3D('',#5366,#2996,#2997);
#2701=AXIS2_PLACEMENT_3D('',#5367,#2998,#2999);
#2702=AXIS2_PLACEMENT_3D('',#5370,#3002,#3003);
#2703=AXIS2_PLACEMENT_3D('',#5376,#3007,#3008);
#2704=AXIS2_PLACEMENT_3D('',#5379,#3010,#3011);
#2705=AXIS2_PLACEMENT_3D('',#5380,#3012,#3013);
#2706=AXIS2_PLACEMENT_3D('',#5384,#3016,#3017);
#2707=AXIS2_PLACEMENT_3D('',#5387,#3019,#3020);
#2708=AXIS2_PLACEMENT_3D('',#5388,#3021,#3022);
#2709=AXIS2_PLACEMENT_3D('',#5393,#3024,#3025);
#2710=AXIS2_PLACEMENT_3D('',#5397,#3027,#3028);
#2711=AXIS2_PLACEMENT_3D('',#5401,#3030,#3031);
#2712=AXIS2_PLACEMENT_3D('',#5404,#3033,#3034);
#2713=AXIS2_PLACEMENT_3D('',#5405,#3035,#3036);
#2714=AXIS2_PLACEMENT_3D('',#5407,#3037,#3038);
#2715=AXIS2_PLACEMENT_3D('',#5410,#3040,#3041);
#2716=AXIS2_PLACEMENT_3D('',#5411,#3042,#3043);
#2717=AXIS2_PLACEMENT_3D('',#5413,#3044,#3045);
#2718=AXIS2_PLACEMENT_3D('',#5414,#3046,#3047);
#2719=AXIS2_PLACEMENT_3D('',#5415,#3048,#3049);
#2720=AXIS2_PLACEMENT_3D('',#5417,#3050,#3051);
#2721=AXIS2_PLACEMENT_3D('',#5419,#3053,#3054);
#2722=AXIS2_PLACEMENT_3D('',#5421,#3055,#3056);
#2723=AXIS2_PLACEMENT_3D('',#5422,#3057,#3058);
#2724=AXIS2_PLACEMENT_3D('',#5423,#3059,#3060);
#2725=AXIS2_PLACEMENT_3D('',#5425,#3061,#3062);
#2726=AXIS2_PLACEMENT_3D('',#5427,#3064,#3065);
#2727=AXIS2_PLACEMENT_3D('',#5429,#3066,#3067);
#2728=AXIS2_PLACEMENT_3D('',#5430,#3068,#3069);
#2729=AXIS2_PLACEMENT_3D('',#5431,#3070,#3071);
#2730=AXIS2_PLACEMENT_3D('',#5433,#3072,#3073);
#2731=AXIS2_PLACEMENT_3D('',#5435,#3075,#3076);
#2732=AXIS2_PLACEMENT_3D('',#5436,#3077,#3078);
#2733=AXIS2_PLACEMENT_3D('',#5437,#3079,#3080);
#2734=AXIS2_PLACEMENT_3D('',#5440,#3083,#3084);
#2735=AXIS2_PLACEMENT_3D('',#5442,#3086,#3087);
#2736=AXIS2_PLACEMENT_3D('',#5444,#3089,#3090);
#2737=AXIS2_PLACEMENT_3D('',#5446,#3092,#3093);
#2738=AXIS2_PLACEMENT_3D('',#5447,#3094,#3095);
#2739=AXIS2_PLACEMENT_3D('',#5449,#3097,#3098);
#2740=AXIS2_PLACEMENT_3D('',#5451,#3100,#3101);
#2741=AXIS2_PLACEMENT_3D('',#5453,#3103,#3104);
#2742=AXIS2_PLACEMENT_3D('',#5454,#3105,#3106);
#2743=AXIS2_PLACEMENT_3D('',#5458,#3109,#3110);
#2744=AXIS2_PLACEMENT_3D('',#5461,#3112,#3113);
#2745=AXIS2_PLACEMENT_3D('',#5462,#3114,#3115);
#2746=AXIS2_PLACEMENT_3D('',#5466,#3118,#3119);
#2747=AXIS2_PLACEMENT_3D('',#5467,#3120,#3121);
#2748=AXIS2_PLACEMENT_3D('',#5468,#3122,#3123);
#2749=DIRECTION('axis',(0.,0.,1.));
#2750=DIRECTION('refdir',(1.,0.,0.));
#2751=DIRECTION('center_axis',(0.,0.,1.));
#2752=DIRECTION('ref_axis',(1.,0.,0.));
#2753=DIRECTION('center_axis',(0.,0.,-1.));
#2754=DIRECTION('ref_axis',(1.,0.,0.));
#2755=DIRECTION('center_axis',(1.22464679914735E-16,-1.,0.));
#2756=DIRECTION('ref_axis',(-1.,-1.22464679914735E-16,0.));
#2757=DIRECTION('center_axis',(0.,0.,-1.));
#2758=DIRECTION('ref_axis',(1.,0.,0.));
#2759=DIRECTION('',(0.,0.,1.));
#2760=DIRECTION('center_axis',(0.,0.,1.));
#2761=DIRECTION('ref_axis',(1.,0.,0.));
#2762=DIRECTION('center_axis',(0.,0.,1.));
#2763=DIRECTION('ref_axis',(1.,0.,0.));
#2764=DIRECTION('center_axis',(0.,0.,-1.));
#2765=DIRECTION('ref_axis',(1.,0.,0.));
#2766=DIRECTION('center_axis',(1.22464679914735E-16,-1.,0.));
#2767=DIRECTION('ref_axis',(-1.,-1.22464679914735E-16,0.));
#2768=DIRECTION('center_axis',(0.,0.,-1.));
#2769=DIRECTION('ref_axis',(1.,0.,0.));
#2770=DIRECTION('',(0.,0.,1.));
#2771=DIRECTION('center_axis',(0.,0.,1.));
#2772=DIRECTION('ref_axis',(1.,0.,0.));
#2773=DIRECTION('center_axis',(0.,-1.,0.));
#2774=DIRECTION('ref_axis',(1.,0.,0.));
#2775=DIRECTION('',(-1.,0.,0.));
#2776=DIRECTION('',(0.,0.,1.));
#2777=DIRECTION('',(1.,0.,0.));
#2778=DIRECTION('',(0.,0.,1.));
#2779=DIRECTION('center_axis',(-1.,0.,0.));
#2780=DIRECTION('ref_axis',(0.,-1.,0.));
#2781=DIRECTION('',(0.,1.,0.));
#2782=DIRECTION('',(0.,-1.,0.));
#2783=DIRECTION('',(0.,0.,1.));
#2784=DIRECTION('',(0.,0.,1.));
#2785=DIRECTION('',(0.,0.,1.));
#2786=DIRECTION('center_axis',(-1.,0.,0.));
#2787=DIRECTION('ref_axis',(0.,-1.,0.));
#2788=DIRECTION('',(0.,1.,0.));
#2789=DIRECTION('',(0.,-1.,0.));
#2790=DIRECTION('',(0.,0.,1.));
#2791=DIRECTION('',(0.,0.,1.));
#2792=DIRECTION('',(0.,0.,1.));
#2793=DIRECTION('center_axis',(0.,1.,0.));
#2794=DIRECTION('ref_axis',(-1.,0.,0.));
#2795=DIRECTION('',(1.,0.,0.));
#2796=DIRECTION('',(-1.,0.,0.));
#2797=DIRECTION('',(0.,0.,1.));
#2798=DIRECTION('center_axis',(1.,0.,0.));
#2799=DIRECTION('ref_axis',(0.,1.,0.));
#2800=DIRECTION('',(0.,-1.,0.));
#2801=DIRECTION('',(0.,1.,0.));
#2802=DIRECTION('center_axis',(0.,0.,1.));
#2803=DIRECTION('ref_axis',(-1.,0.,0.));
#2804=DIRECTION('center_axis',(-1.,0.,0.));
#2805=DIRECTION('ref_axis',(0.,-1.,0.));
#2806=DIRECTION('',(0.,1.,0.));
#2807=DIRECTION('',(0.,0.,1.));
#2808=DIRECTION('',(0.,-1.,0.));
#2809=DIRECTION('',(0.,0.,1.));
#2810=DIRECTION('center_axis',(0.,1.,0.));
#2811=DIRECTION('ref_axis',(-1.,0.,0.));
#2812=DIRECTION('',(1.,0.,0.));
#2813=DIRECTION('',(-1.,0.,0.));
#2814=DIRECTION('',(0.,0.,1.));
#2815=DIRECTION('center_axis',(1.,0.,0.));
#2816=DIRECTION('ref_axis',(0.,1.,0.));
#2817=DIRECTION('',(0.,-1.,0.));
#2818=DIRECTION('',(0.,1.,0.));
#2819=DIRECTION('',(0.,0.,1.));
#2820=DIRECTION('center_axis',(0.,-1.,0.));
#2821=DIRECTION('ref_axis',(1.,0.,0.));
#2822=DIRECTION('',(-1.,0.,0.));
#2823=DIRECTION('',(1.,0.,0.));
#2824=DIRECTION('center_axis',(0.,0.,1.));
#2825=DIRECTION('ref_axis',(1.,0.,0.));
#2826=DIRECTION('',(0.,0.,1.));
#2827=DIRECTION('',(0.,0.,1.));
#2828=DIRECTION('',(0.,0.,1.));
#2829=DIRECTION('',(0.,0.,1.));
#2830=DIRECTION('',(0.,0.,1.));
#2831=DIRECTION('',(0.,0.,1.));
#2832=DIRECTION('',(0.,0.,1.));
#2833=DIRECTION('',(0.,0.,1.));
#2834=DIRECTION('',(0.,0.,1.));
#2835=DIRECTION('',(0.,0.,1.));
#2836=DIRECTION('',(0.,0.,1.));
#2837=DIRECTION('',(0.,0.,1.));
#2838=DIRECTION('',(0.,0.,1.));
#2839=DIRECTION('',(0.,0.,1.));
#2840=DIRECTION('',(0.,0.,1.));
#2841=DIRECTION('',(0.,0.,1.));
#2842=DIRECTION('',(0.,0.,1.));
#2843=DIRECTION('',(0.,0.,1.));
#2844=DIRECTION('',(0.,0.,1.));
#2845=DIRECTION('',(0.,0.,1.));
#2846=DIRECTION('center_axis',(0.,0.,1.));
#2847=DIRECTION('ref_axis',(-1.,0.,0.));
#2848=DIRECTION('center_axis',(0.,0.,1.));
#2849=DIRECTION('ref_axis',(-1.,0.,0.));
#2850=DIRECTION('',(0.,1.,0.));
#2851=DIRECTION('center_axis',(0.,0.,-1.));
#2852=DIRECTION('ref_axis',(-0.707106781186548,-0.707106781186548,0.));
#2853=DIRECTION('',(-1.,0.,0.));
#2854=DIRECTION('center_axis',(0.,0.,-1.));
#2855=DIRECTION('ref_axis',(0.707106781186548,-0.707106781186548,0.));
#2856=DIRECTION('',(0.,-1.,0.));
#2857=DIRECTION('center_axis',(0.,0.,-1.));
#2858=DIRECTION('ref_axis',(0.707106781186548,0.707106781186548,0.));
#2859=DIRECTION('',(1.,0.,0.));
#2860=DIRECTION('center_axis',(0.,0.,-1.));
#2861=DIRECTION('ref_axis',(-0.707106781186548,0.707106781186547,0.));
#2862=DIRECTION('',(-0.996955383997242,-0.0779741131332165,0.));
#2863=DIRECTION('',(0.,0.,1.));
#2864=DIRECTION('',(0.,0.,1.));
#2865=DIRECTION('',(0.,0.,1.));
#2866=DIRECTION('',(0.,0.,1.));
#2867=DIRECTION('',(0.,0.,1.));
#2868=DIRECTION('',(0.,0.,1.));
#2869=DIRECTION('',(0.,0.,1.));
#2870=DIRECTION('',(0.,0.,1.));
#2871=DIRECTION('',(0.,0.,1.));
#2872=DIRECTION('',(0.,0.,1.));
#2873=DIRECTION('',(0.,0.,1.));
#2874=DIRECTION('',(0.,0.,1.));
#2875=DIRECTION('',(0.,0.,1.));
#2876=DIRECTION('',(0.,0.,1.));
#2877=DIRECTION('',(0.,0.,1.));
#2878=DIRECTION('',(0.,0.,1.));
#2879=DIRECTION('',(0.,0.,1.));
#2880=DIRECTION('',(0.,0.,1.));
#2881=DIRECTION('',(0.,0.,1.));
#2882=DIRECTION('',(0.,0.,1.));
#2883=DIRECTION('center_axis',(0.,0.,1.));
#2884=DIRECTION('ref_axis',(-1.,0.,0.));
#2885=DIRECTION('center_axis',(0.,0.,1.));
#2886=DIRECTION('ref_axis',(-1.,0.,0.));
#2887=DIRECTION('',(0.,0.,1.));
#2888=DIRECTION('',(0.,0.,1.));
#2889=DIRECTION('',(0.,0.,1.));
#2890=DIRECTION('',(0.,0.,1.));
#2891=DIRECTION('',(0.,0.,1.));
#2892=DIRECTION('',(0.,0.,1.));
#2893=DIRECTION('',(0.,0.,1.));
#2894=DIRECTION('',(0.,0.,1.));
#2895=DIRECTION('',(0.,0.,1.));
#2896=DIRECTION('',(0.,0.,1.));
#2897=DIRECTION('',(0.,0.,1.));
#2898=DIRECTION('',(0.,0.,1.));
#2899=DIRECTION('',(0.,0.,1.));
#2900=DIRECTION('',(0.,0.,1.));
#2901=DIRECTION('',(0.,0.,1.));
#2902=DIRECTION('',(0.,0.,1.));
#2903=DIRECTION('',(0.,0.,1.));
#2904=DIRECTION('',(0.,0.,1.));
#2905=DIRECTION('',(0.,0.,1.));
#2906=DIRECTION('',(0.,0.,1.));
#2907=DIRECTION('center_axis',(0.,0.,1.));
#2908=DIRECTION('ref_axis',(-1.,0.,0.));
#2909=DIRECTION('center_axis',(0.,0.,1.));
#2910=DIRECTION('ref_axis',(-1.,0.,0.));
#2911=DIRECTION('',(0.,0.,1.));
#2912=DIRECTION('',(0.,0.,1.));
#2913=DIRECTION('',(0.,0.,1.));
#2914=DIRECTION('',(0.,0.,1.));
#2915=DIRECTION('',(0.,0.,1.));
#2916=DIRECTION('',(0.,0.,1.));
#2917=DIRECTION('',(0.,0.,1.));
#2918=DIRECTION('',(0.,0.,1.));
#2919=DIRECTION('',(0.,0.,1.));
#2920=DIRECTION('center_axis',(0.0779741131332165,-0.996955383997242,0.));
#2921=DIRECTION('ref_axis',(0.996955383997242,0.0779741131332165,0.));
#2922=DIRECTION('',(0.,0.,1.));
#2923=DIRECTION('',(0.996955383997242,0.0779741131332165,0.));
#2924=DIRECTION('',(0.,0.,1.));
#2925=DIRECTION('',(0.,0.,1.));
#2926=DIRECTION('',(0.,0.,1.));
#2927=DIRECTION('',(0.,0.,1.));
#2928=DIRECTION('',(0.,0.,1.));
#2929=DIRECTION('',(0.,0.,1.));
#2930=DIRECTION('',(0.,0.,1.));
#2931=DIRECTION('',(0.,0.,1.));
#2932=DIRECTION('',(0.,0.,1.));
#2933=DIRECTION('',(0.,0.,1.));
#2934=DIRECTION('',(0.,0.,1.));
#2935=DIRECTION('',(0.,0.,1.));
#2936=DIRECTION('',(0.,0.,1.));
#2937=DIRECTION('',(0.,0.,1.));
#2938=DIRECTION('',(0.,0.,1.));
#2939=DIRECTION('',(0.,0.,1.));
#2940=DIRECTION('',(0.,0.,1.));
#2941=DIRECTION('',(0.,0.,1.));
#2942=DIRECTION('center_axis',(0.,0.,1.));
#2943=DIRECTION('ref_axis',(-1.,0.,0.));
#2944=DIRECTION('center_axis',(0.,0.,1.));
#2945=DIRECTION('ref_axis',(-1.,0.,0.));
#2946=DIRECTION('center_axis',(0.,0.,1.));
#2947=DIRECTION('ref_axis',(1.,0.,0.));
#2948=DIRECTION('center_axis',(2.77555756156289E-15,-1.,0.));
#2949=DIRECTION('ref_axis',(0.,0.,1.));
#2950=DIRECTION('center_axis',(0.,0.,1.));
#2951=DIRECTION('ref_axis',(-0.707106781186547,-0.707106781186548,0.));
#2952=DIRECTION('center_axis',(-1.,0.,0.));
#2953=DIRECTION('ref_axis',(0.,-1.,0.));
#2954=DIRECTION('center_axis',(0.,0.,-1.));
#2955=DIRECTION('ref_axis',(-0.707106781186547,-0.707106781186548,0.));
#2956=DIRECTION('center_axis',(1.,0.,0.));
#2957=DIRECTION('ref_axis',(0.,-0.707106781186548,0.707106781186548));
#2958=DIRECTION('center_axis',(-1.,0.,0.));
#2959=DIRECTION('ref_axis',(0.,-1.,0.));
#2960=DIRECTION('',(-1.,0.,0.));
#2961=DIRECTION('',(1.,0.,0.));
#2962=DIRECTION('center_axis',(0.,0.,1.));
#2963=DIRECTION('ref_axis',(1.,0.,0.));
#2964=DIRECTION('center_axis',(-7.41594285980084E-15,-1.,0.));
#2965=DIRECTION('ref_axis',(1.,-7.41594285980084E-15,0.));
#2966=DIRECTION('center_axis',(0.,0.,-1.));
#2967=DIRECTION('ref_axis',(0.707106781186547,-0.707106781186548,0.));
#2968=DIRECTION('center_axis',(0.,0.,1.));
#2969=DIRECTION('ref_axis',(0.707106781186547,-0.707106781186548,0.));
#2970=DIRECTION('center_axis',(0.,1.,0.));
#2971=DIRECTION('ref_axis',(0.70710678118654,0.,0.707106781186555));
#2972=DIRECTION('center_axis',(0.,-1.,0.));
#2973=DIRECTION('ref_axis',(1.,0.,0.));
#2974=DIRECTION('',(0.,-1.,0.));
#2975=DIRECTION('',(0.,1.,0.));
#2976=DIRECTION('center_axis',(0.,0.,1.));
#2977=DIRECTION('ref_axis',(1.,0.,0.));
#2978=DIRECTION('center_axis',(1.,0.,0.));
#2979=DIRECTION('ref_axis',(0.,1.,0.));
#2980=DIRECTION('center_axis',(0.,0.,-1.));
#2981=DIRECTION('ref_axis',(0.707106781186547,0.707106781186548,0.));
#2982=DIRECTION('center_axis',(0.,0.,1.));
#2983=DIRECTION('ref_axis',(0.707106781186547,0.707106781186548,0.));
#2984=DIRECTION('center_axis',(-1.,0.,0.));
#2985=DIRECTION('ref_axis',(0.,0.707106781186548,0.707106781186548));
#2986=DIRECTION('center_axis',(1.,0.,0.));
#2987=DIRECTION('ref_axis',(0.,1.,0.));
#2988=DIRECTION('',(1.,0.,0.));
#2989=DIRECTION('',(-1.,0.,0.));
#2990=DIRECTION('center_axis',(0.,0.,1.));
#2991=DIRECTION('ref_axis',(1.,0.,0.));
#2992=DIRECTION('center_axis',(2.84060969191202E-15,1.,0.));
#2993=DIRECTION('ref_axis',(-1.,2.84060969191202E-15,0.));
#2994=DIRECTION('center_axis',(0.,0.,-1.));
#2995=DIRECTION('ref_axis',(-0.707106781186547,0.707106781186548,0.));
#2996=DIRECTION('center_axis',(0.,0.,1.));
#2997=DIRECTION('ref_axis',(-0.707106781186547,0.707106781186548,0.));
#2998=DIRECTION('center_axis',(0.,-1.,0.));
#2999=DIRECTION('ref_axis',(-0.70710678118654,0.,0.707106781186555));
#3000=DIRECTION('',(0.,1.,0.));
#3001=DIRECTION('',(0.,-1.,0.));
#3002=DIRECTION('center_axis',(1.,0.,0.));
#3003=DIRECTION('ref_axis',(0.,1.,0.));
#3004=DIRECTION('',(0.,0.,1.));
#3005=DIRECTION('',(0.,1.,0.));
#3006=DIRECTION('',(0.,0.,1.));
#3007=DIRECTION('center_axis',(0.,0.,1.));
#3008=DIRECTION('ref_axis',(1.91417762866406E-15,-1.,0.));
#3009=DIRECTION('',(0.,0.,1.));
#3010=DIRECTION('center_axis',(0.,0.,1.));
#3011=DIRECTION('ref_axis',(1.91417762866406E-15,-1.,0.));
#3012=DIRECTION('center_axis',(0.,-1.,0.));
#3013=DIRECTION('ref_axis',(1.,0.,0.));
#3014=DIRECTION('',(0.,0.,1.));
#3015=DIRECTION('',(1.,0.,0.));
#3016=DIRECTION('center_axis',(0.,0.,1.));
#3017=DIRECTION('ref_axis',(-1.,-3.58908305374512E-16,0.));
#3018=DIRECTION('',(0.,0.,1.));
#3019=DIRECTION('center_axis',(0.,0.,1.));
#3020=DIRECTION('ref_axis',(-1.,-3.58908305374512E-16,0.));
#3021=DIRECTION('center_axis',(0.,0.,1.));
#3022=DIRECTION('ref_axis',(1.,0.,0.));
#3023=DIRECTION('',(0.,-1.,0.));
#3024=DIRECTION('center_axis',(0.,0.,-1.));
#3025=DIRECTION('ref_axis',(0.,-1.,0.));
#3026=DIRECTION('',(-1.,0.,0.));
#3027=DIRECTION('center_axis',(0.,0.,-1.));
#3028=DIRECTION('ref_axis',(-1.,-7.30409884621814E-17,0.));
#3029=DIRECTION('',(0.,1.,0.));
#3030=DIRECTION('center_axis',(0.,0.,-1.));
#3031=DIRECTION('ref_axis',(5.84327907697451E-16,1.,0.));
#3032=DIRECTION('',(1.,0.,0.));
#3033=DIRECTION('center_axis',(0.,0.,-1.));
#3034=DIRECTION('ref_axis',(1.,7.30409884621814E-17,0.));
#3035=DIRECTION('center_axis',(0.,-1.,0.));
#3036=DIRECTION('ref_axis',(-0.707106781186548,0.,0.707106781186548));
#3037=DIRECTION('center_axis',(0.,-1.,0.));
#3038=DIRECTION('ref_axis',(0.,0.,1.));
#3039=DIRECTION('',(0.,-1.,0.));
#3040=DIRECTION('center_axis',(0.,1.,0.));
#3041=DIRECTION('ref_axis',(-1.,0.,0.));
#3042=DIRECTION('center_axis',(0.,0.,1.));
#3043=DIRECTION('ref_axis',(1.,0.,0.));
#3044=DIRECTION('center_axis',(-1.,0.,0.));
#3045=DIRECTION('ref_axis',(0.,-1.,0.));
#3046=DIRECTION('center_axis',(0.,0.,1.));
#3047=DIRECTION('ref_axis',(-0.707106781186547,-0.707106781186547,0.));
#3048=DIRECTION('center_axis',(1.,0.,0.));
#3049=DIRECTION('ref_axis',(0.,-0.707106781186547,0.707106781186548));
#3050=DIRECTION('center_axis',(-1.,-2.22044604925031E-15,0.));
#3051=DIRECTION('ref_axis',(2.22044604925031E-15,-1.,0.));
#3052=DIRECTION('',(1.,0.,0.));
#3053=DIRECTION('center_axis',(0.,0.,1.));
#3054=DIRECTION('ref_axis',(1.,0.,0.));
#3055=DIRECTION('center_axis',(-4.64038529823797E-16,-1.,0.));
#3056=DIRECTION('ref_axis',(1.,-4.64038529823796E-16,0.));
#3057=DIRECTION('center_axis',(0.,0.,1.));
#3058=DIRECTION('ref_axis',(0.707106781186547,-0.707106781186547,0.));
#3059=DIRECTION('center_axis',(0.,1.,0.));
#3060=DIRECTION('ref_axis',(0.707106781186548,0.,0.707106781186548));
#3061=DIRECTION('center_axis',(0.,-1.,0.));
#3062=DIRECTION('ref_axis',(1.,0.,0.));
#3063=DIRECTION('',(0.,1.,0.));
#3064=DIRECTION('center_axis',(0.,0.,1.));
#3065=DIRECTION('ref_axis',(1.,0.,0.));
#3066=DIRECTION('center_axis',(1.,0.,0.));
#3067=DIRECTION('ref_axis',(0.,1.,0.));
#3068=DIRECTION('center_axis',(0.,0.,1.));
#3069=DIRECTION('ref_axis',(0.707106781186547,0.707106781186547,0.));
#3070=DIRECTION('center_axis',(-1.,0.,0.));
#3071=DIRECTION('ref_axis',(0.,0.707106781186547,0.707106781186548));
#3072=DIRECTION('center_axis',(1.,0.,0.));
#3073=DIRECTION('ref_axis',(0.,1.,0.));
#3074=DIRECTION('',(-1.,0.,0.));
#3075=DIRECTION('center_axis',(0.,0.,1.));
#3076=DIRECTION('ref_axis',(1.,0.,0.));
#3077=DIRECTION('center_axis',(0.,0.,1.));
#3078=DIRECTION('ref_axis',(-0.707106781186548,0.707106781186547,0.));
#3079=DIRECTION('center_axis',(0.,0.,1.));
#3080=DIRECTION('ref_axis',(0.,-1.,0.));
#3081=DIRECTION('',(0.,0.,1.));
#3082=DIRECTION('',(0.,0.,1.));
#3083=DIRECTION('center_axis',(0.,-1.,0.));
#3084=DIRECTION('ref_axis',(1.,0.,0.));
#3085=DIRECTION('',(0.,0.,1.));
#3086=DIRECTION('center_axis',(0.,0.,1.));
#3087=DIRECTION('ref_axis',(-1.,-7.30409884621814E-17,0.));
#3088=DIRECTION('',(0.,0.,1.));
#3089=DIRECTION('center_axis',(-1.,0.,0.));
#3090=DIRECTION('ref_axis',(0.,-1.,0.));
#3091=DIRECTION('',(0.,0.,1.));
#3092=DIRECTION('center_axis',(0.,0.,1.));
#3093=DIRECTION('ref_axis',(-1.,0.,0.));
#3094=DIRECTION('center_axis',(1.,0.,0.));
#3095=DIRECTION('ref_axis',(0.,1.,0.));
#3096=DIRECTION('',(0.,0.,1.));
#3097=DIRECTION('center_axis',(0.,0.,1.));
#3098=DIRECTION('ref_axis',(5.84327907697451E-16,1.,0.));
#3099=DIRECTION('',(0.,0.,1.));
#3100=DIRECTION('center_axis',(0.,1.,0.));
#3101=DIRECTION('ref_axis',(-1.,0.,0.));
#3102=DIRECTION('',(0.,0.,1.));
#3103=DIRECTION('center_axis',(0.,0.,1.));
#3104=DIRECTION('ref_axis',(1.,7.30409884621814E-17,0.));
#3105=DIRECTION('center_axis',(-1.,0.,0.));
#3106=DIRECTION('ref_axis',(0.,-1.,0.));
#3107=DIRECTION('',(0.,0.,1.));
#3108=DIRECTION('',(0.,-1.,0.));
#3109=DIRECTION('center_axis',(0.,0.,1.));
#3110=DIRECTION('ref_axis',(0.,1.,0.));
#3111=DIRECTION('',(0.,0.,1.));
#3112=DIRECTION('center_axis',(0.,0.,1.));
#3113=DIRECTION('ref_axis',(0.,1.,0.));
#3114=DIRECTION('center_axis',(0.,1.,0.));
#3115=DIRECTION('ref_axis',(-1.,0.,0.));
#3116=DIRECTION('',(0.,0.,1.));
#3117=DIRECTION('',(-1.,0.,0.));
#3118=DIRECTION('center_axis',(0.,0.,1.));
#3119=DIRECTION('ref_axis',(1.,5.9818050895752E-17,0.));
#3120=DIRECTION('center_axis',(0.,0.,1.));
#3121=DIRECTION('ref_axis',(1.,5.9818050895752E-17,0.));
#3122=DIRECTION('center_axis',(0.,0.,1.));
#3123=DIRECTION('ref_axis',(1.,0.,0.));
#3124=CARTESIAN_POINT('',(0.,0.,0.));
#3125=CARTESIAN_POINT('Origin',(-2.44,0.,-12.975));
#3126=CARTESIAN_POINT('',(-2.665,2.75545529808154E-17,-12.975));
#3127=CARTESIAN_POINT('Origin',(-2.44,0.,-12.975));
#3128=CARTESIAN_POINT('',(-2.44,-1.68722975549459E-33,-13.2));
#3129=CARTESIAN_POINT('Origin',(-2.44,0.,-12.975));
#3130=CARTESIAN_POINT('Origin',(-2.44,0.,0.));
#3131=CARTESIAN_POINT('',(-2.665,2.75545529808154E-17,0.));
#3132=CARTESIAN_POINT('',(-2.665,2.75545529808154E-17,0.));
#3133=CARTESIAN_POINT('Origin',(-2.44,0.,0.));
#3134=CARTESIAN_POINT('Origin',(2.44,0.,-12.975));
#3135=CARTESIAN_POINT('',(2.215,2.75545529808154E-17,-12.975));
#3136=CARTESIAN_POINT('Origin',(2.44,0.,-12.975));
#3137=CARTESIAN_POINT('',(2.44,-1.68722975549459E-33,-13.2));
#3138=CARTESIAN_POINT('Origin',(2.44,0.,-12.975));
#3139=CARTESIAN_POINT('Origin',(2.44,0.,0.));
#3140=CARTESIAN_POINT('',(2.215,2.75545529808154E-17,0.));
#3141=CARTESIAN_POINT('',(2.215,2.75545529808154E-17,0.));
#3142=CARTESIAN_POINT('Origin',(2.44,0.,0.));
#3143=CARTESIAN_POINT('Origin',(-3.59792804275636,-1.07456484564316,3.5));
#3144=CARTESIAN_POINT('',(-3.35236189817075,-1.07456484564316,3.5));
#3145=CARTESIAN_POINT('',(-3.59792804275636,-1.07456484564316,3.5));
#3146=CARTESIAN_POINT('',(-1.79896402137818,-1.07456484564316,3.5));
#3147=CARTESIAN_POINT('',(-3.35236189817075,-1.07456484564316,3.501));
#3148=CARTESIAN_POINT('',(-3.35236189817075,-1.07456484564316,3.5));
#3149=CARTESIAN_POINT('',(-3.59792804275636,-1.07456484564316,3.501));
#3150=CARTESIAN_POINT('',(-3.35236189817075,-1.07456484564316,3.501));
#3151=CARTESIAN_POINT('',(-3.59792804275636,-1.07456484564316,3.5));
#3152=CARTESIAN_POINT('Origin',(-3.59792804275636,0.490237383761284,3.5));
#3153=CARTESIAN_POINT('',(-3.59792804275636,0.490237383761284,3.5));
#3154=CARTESIAN_POINT('',(-3.59792804275636,0.245118691880642,3.5));
#3155=CARTESIAN_POINT('',(-3.59792804275636,0.490237383761284,3.501));
#3156=CARTESIAN_POINT('',(-3.59792804275636,-1.07456484564316,3.501));
#3157=CARTESIAN_POINT('',(-3.59792804275636,0.490237383761284,3.5));
#3158=CARTESIAN_POINT('Ctrl Pts',(-3.83053382788782,0.321069567122338,3.5));
#3159=CARTESIAN_POINT('Ctrl Pts',(-3.83053382788782,0.321069567122338,3.501));
#3160=CARTESIAN_POINT('Ctrl Pts',(-3.78622607364184,0.347989377487583,3.5));
#3161=CARTESIAN_POINT('Ctrl Pts',(-3.78622607364184,0.347989377487583,3.501));
#3162=CARTESIAN_POINT('Ctrl Pts',(-3.7039791397515,0.397959679551626,3.5));
#3163=CARTESIAN_POINT('Ctrl Pts',(-3.7039791397515,0.397959679551626,3.501));
#3164=CARTESIAN_POINT('Ctrl Pts',(-3.63140521829727,0.461108058465573,3.5));
#3165=CARTESIAN_POINT('Ctrl Pts',(-3.63140521829727,0.461108058465573,3.501));
#3166=CARTESIAN_POINT('Ctrl Pts',(-3.59792804275636,0.490237383761284,3.5));
#3167=CARTESIAN_POINT('Ctrl Pts',(-3.59792804275636,0.490237383761284,3.501));
#3168=CARTESIAN_POINT('',(-3.83053382788782,0.321069567122338,3.5));
#3169=CARTESIAN_POINT('Ctrl Pts',(-3.59792804275636,0.490237383761284,3.5));
#3170=CARTESIAN_POINT('Ctrl Pts',(-3.63140521829727,0.461108058465573,3.5));
#3171=CARTESIAN_POINT('Ctrl Pts',(-3.7039791397515,0.397959679551626,3.5));
#3172=CARTESIAN_POINT('Ctrl Pts',(-3.78622607364184,0.347989377487583,3.5));
#3173=CARTESIAN_POINT('Ctrl Pts',(-3.83053382788782,0.321069567122338,3.5));
#3174=CARTESIAN_POINT('',(-3.83053382788782,0.321069567122338,3.501));
#3175=CARTESIAN_POINT('Ctrl Pts',(-3.83053382788782,0.321069567122338,3.501));
#3176=CARTESIAN_POINT('Ctrl Pts',(-3.78622607364184,0.347989377487583,3.501));
#3177=CARTESIAN_POINT('Ctrl Pts',(-3.7039791397515,0.397959679551626,3.501));
#3178=CARTESIAN_POINT('Ctrl Pts',(-3.63140521829727,0.461108058465573,3.501));
#3179=CARTESIAN_POINT('Ctrl Pts',(-3.59792804275636,0.490237383761284,3.501));
#3180=CARTESIAN_POINT('',(-3.83053382788782,0.321069567122338,3.5));
#3181=CARTESIAN_POINT('Ctrl Pts',(-4.08906040643339,0.194193630137322,3.5));
#3182=CARTESIAN_POINT('Ctrl Pts',(-4.08906040643339,0.194193630137322,3.501));
#3183=CARTESIAN_POINT('Ctrl Pts',(-4.04802640506604,0.211012629863317,3.5));
#3184=CARTESIAN_POINT('Ctrl Pts',(-4.04802640506604,0.211012629863317,3.501));
#3185=CARTESIAN_POINT('Ctrl Pts',(-3.95902336068256,0.247493161354692,3.5));
#3186=CARTESIAN_POINT('Ctrl Pts',(-3.95902336068256,0.247493161354692,3.501));
#3187=CARTESIAN_POINT('Ctrl Pts',(-3.87553219246536,0.295302348119944,3.5));
#3188=CARTESIAN_POINT('Ctrl Pts',(-3.87553219246536,0.295302348119944,3.501));
#3189=CARTESIAN_POINT('Ctrl Pts',(-3.83053382788782,0.321069567122338,3.5));
#3190=CARTESIAN_POINT('Ctrl Pts',(-3.83053382788782,0.321069567122338,3.501));
#3191=CARTESIAN_POINT('',(-4.08906040643339,0.194193630137322,3.5));
#3192=CARTESIAN_POINT('Ctrl Pts',(-3.83053382788782,0.321069567122338,3.5));
#3193=CARTESIAN_POINT('Ctrl Pts',(-3.87553219246536,0.295302348119944,3.5));
#3194=CARTESIAN_POINT('Ctrl Pts',(-3.95902336068256,0.247493161354692,3.5));
#3195=CARTESIAN_POINT('Ctrl Pts',(-4.04802640506604,0.211012629863317,3.5));
#3196=CARTESIAN_POINT('Ctrl Pts',(-4.08906040643339,0.194193630137322,3.5));
#3197=CARTESIAN_POINT('',(-4.08906040643339,0.194193630137322,3.501));
#3198=CARTESIAN_POINT('Ctrl Pts',(-4.08906040643339,0.194193630137322,3.501));
#3199=CARTESIAN_POINT('Ctrl Pts',(-4.04802640506604,0.211012629863317,3.501));
#3200=CARTESIAN_POINT('Ctrl Pts',(-3.95902336068256,0.247493161354692,3.501));
#3201=CARTESIAN_POINT('Ctrl Pts',(-3.87553219246536,0.295302348119944,3.501));
#3202=CARTESIAN_POINT('Ctrl Pts',(-3.83053382788782,0.321069567122338,3.501));
#3203=CARTESIAN_POINT('',(-4.08906040643339,0.194193630137322,3.5));
#3204=CARTESIAN_POINT('Origin',(-4.08906040643339,0.431574343361733,3.5));
#3205=CARTESIAN_POINT('',(-4.08906040643339,0.431574343361733,3.5));
#3206=CARTESIAN_POINT('',(-4.08906040643339,0.215787171680866,3.5));
#3207=CARTESIAN_POINT('',(-4.08906040643339,0.431574343361733,3.501));
#3208=CARTESIAN_POINT('',(-4.08906040643339,0.194193630137322,3.501));
#3209=CARTESIAN_POINT('',(-4.08906040643339,0.431574343361733,3.5));
#3210=CARTESIAN_POINT('Ctrl Pts',(-3.72889673267488,0.666226355948327,3.5));
#3211=CARTESIAN_POINT('Ctrl Pts',(-3.72889673267488,0.666226355948327,3.501));
#3212=CARTESIAN_POINT('Ctrl Pts',(-3.78324435816254,0.621628445577689,3.5));
#3213=CARTESIAN_POINT('Ctrl Pts',(-3.78324435816254,0.621628445577689,3.501));
#3214=CARTESIAN_POINT('Ctrl Pts',(-3.89465892801533,0.530201139311914,3.5));
#3215=CARTESIAN_POINT('Ctrl Pts',(-3.89465892801533,0.530201139311914,3.501));
#3216=CARTESIAN_POINT('Ctrl Pts',(-4.02321402319734,0.464980559488923,3.5));
#3217=CARTESIAN_POINT('Ctrl Pts',(-4.02321402319734,0.464980559488923,3.501));
#3218=CARTESIAN_POINT('Ctrl Pts',(-4.08906040643339,0.431574343361733,3.5));
#3219=CARTESIAN_POINT('Ctrl Pts',(-4.08906040643339,0.431574343361733,3.501));
#3220=CARTESIAN_POINT('',(-3.72889673267488,0.666226355948327,3.5));
#3221=CARTESIAN_POINT('Ctrl Pts',(-4.08906040643339,0.431574343361733,3.5));
#3222=CARTESIAN_POINT('Ctrl Pts',(-4.02321402319734,0.464980559488923,3.5));
#3223=CARTESIAN_POINT('Ctrl Pts',(-3.89465892801533,0.530201139311914,3.5));
#3224=CARTESIAN_POINT('Ctrl Pts',(-3.78324435816254,0.621628445577689,3.5));
#3225=CARTESIAN_POINT('Ctrl Pts',(-3.72889673267488,0.666226355948327,3.5));
#3226=CARTESIAN_POINT('',(-3.72889673267488,0.666226355948327,3.501));
#3227=CARTESIAN_POINT('Ctrl Pts',(-3.72889673267488,0.666226355948327,3.501));
#3228=CARTESIAN_POINT('Ctrl Pts',(-3.78324435816254,0.621628445577689,3.501));
#3229=CARTESIAN_POINT('Ctrl Pts',(-3.89465892801533,0.530201139311914,3.501));
#3230=CARTESIAN_POINT('Ctrl Pts',(-4.02321402319734,0.464980559488923,3.501));
#3231=CARTESIAN_POINT('Ctrl Pts',(-4.08906040643339,0.431574343361733,3.501));
#3232=CARTESIAN_POINT('',(-3.72889673267488,0.666226355948327,3.5));
#3233=CARTESIAN_POINT('Ctrl Pts',(-3.51061565731649,0.933620690026162,3.5));
#3234=CARTESIAN_POINT('Ctrl Pts',(-3.51061565731649,0.933620690026162,3.501));
#3235=CARTESIAN_POINT('Ctrl Pts',(-3.5377431753604,0.888333973320991,3.5));
#3236=CARTESIAN_POINT('Ctrl Pts',(-3.5377431753604,0.888333973320991,3.501));
#3237=CARTESIAN_POINT('Ctrl Pts',(-3.59742070563074,0.788708220510033,3.5));
#3238=CARTESIAN_POINT('Ctrl Pts',(-3.59742070563074,0.788708220510033,3.501));
#3239=CARTESIAN_POINT('Ctrl Pts',(-3.68249469081283,0.70945407384116,3.5));
#3240=CARTESIAN_POINT('Ctrl Pts',(-3.68249469081283,0.70945407384116,3.501));
#3241=CARTESIAN_POINT('Ctrl Pts',(-3.72889673267488,0.666226355948327,3.5));
#3242=CARTESIAN_POINT('Ctrl Pts',(-3.72889673267488,0.666226355948327,3.501));
#3243=CARTESIAN_POINT('',(-3.51061565731649,0.933620690026162,3.5));
#3244=CARTESIAN_POINT('Ctrl Pts',(-3.72889673267488,0.666226355948327,3.5));
#3245=CARTESIAN_POINT('Ctrl Pts',(-3.68249469081283,0.70945407384116,3.5));
#3246=CARTESIAN_POINT('Ctrl Pts',(-3.59742070563074,0.788708220510033,3.5));
#3247=CARTESIAN_POINT('Ctrl Pts',(-3.5377431753604,0.888333973320991,3.5));
#3248=CARTESIAN_POINT('Ctrl Pts',(-3.51061565731649,0.933620690026162,3.5));
#3249=CARTESIAN_POINT('',(-3.51061565731649,0.933620690026162,3.501));
#3250=CARTESIAN_POINT('Ctrl Pts',(-3.51061565731649,0.933620690026162,3.501));
#3251=CARTESIAN_POINT('Ctrl Pts',(-3.5377431753604,0.888333973320991,3.501));
#3252=CARTESIAN_POINT('Ctrl Pts',(-3.59742070563074,0.788708220510033,3.501));
#3253=CARTESIAN_POINT('Ctrl Pts',(-3.68249469081283,0.70945407384116,3.501));
#3254=CARTESIAN_POINT('Ctrl Pts',(-3.72889673267488,0.666226355948327,3.501));
#3255=CARTESIAN_POINT('',(-3.51061565731649,0.933620690026162,3.5));
#3256=CARTESIAN_POINT('Origin',(-3.35236189817075,0.933620690026162,3.5));
#3257=CARTESIAN_POINT('',(-3.35236189817075,0.933620690026162,3.5));
#3258=CARTESIAN_POINT('',(-1.67618094908538,0.933620690026162,3.5));
#3259=CARTESIAN_POINT('',(-3.35236189817075,0.933620690026162,3.501));
#3260=CARTESIAN_POINT('',(-3.51061565731649,0.933620690026162,3.501));
#3261=CARTESIAN_POINT('',(-3.35236189817075,0.933620690026162,3.5));
#3262=CARTESIAN_POINT('Origin',(-3.35236189817075,-1.07456484564316,3.5));
#3263=CARTESIAN_POINT('',(-3.35236189817075,-0.537282422821583,3.5));
#3264=CARTESIAN_POINT('',(-3.35236189817075,0.933620690026162,3.501));
#3265=CARTESIAN_POINT('Origin',(-0.0351720482576345,-0.0875252647019648,
3.501));
#3266=CARTESIAN_POINT('Origin',(-1.03176167164926,-0.794892401776435,3.5));
#3267=CARTESIAN_POINT('',(-1.03176167164926,-1.07456484564316,3.5));
#3268=CARTESIAN_POINT('',(-1.03176167164926,-0.794892401776435,3.5));
#3269=CARTESIAN_POINT('',(-1.03176167164926,-0.397446200888218,3.5));
#3270=CARTESIAN_POINT('',(-1.03176167164926,-1.07456484564316,3.501));
#3271=CARTESIAN_POINT('',(-1.03176167164926,-1.07456484564316,3.5));
#3272=CARTESIAN_POINT('',(-1.03176167164926,-0.794892401776435,3.501));
#3273=CARTESIAN_POINT('',(-1.03176167164926,-1.07456484564316,3.501));
#3274=CARTESIAN_POINT('',(-1.03176167164926,-0.794892401776435,3.5));
#3275=CARTESIAN_POINT('Origin',(-0.752089227782533,-0.794892401776435,3.5));
#3276=CARTESIAN_POINT('',(-0.752089227782533,-0.794892401776435,3.5));
#3277=CARTESIAN_POINT('',(-0.376044613891267,-0.794892401776435,3.5));
#3278=CARTESIAN_POINT('',(-0.752089227782533,-0.794892401776435,3.501));
#3279=CARTESIAN_POINT('',(-1.03176167164926,-0.794892401776435,3.501));
#3280=CARTESIAN_POINT('',(-0.752089227782533,-0.794892401776435,3.5));
#3281=CARTESIAN_POINT('Origin',(-0.752089227782533,-1.07456484564316,3.5));
#3282=CARTESIAN_POINT('',(-0.752089227782533,-1.07456484564316,3.5));
#3283=CARTESIAN_POINT('',(-0.752089227782533,-0.537282422821583,3.5));
#3284=CARTESIAN_POINT('',(-0.752089227782533,-1.07456484564316,3.501));
#3285=CARTESIAN_POINT('',(-0.752089227782533,-0.794892401776435,3.501));
#3286=CARTESIAN_POINT('',(-0.752089227782533,-1.07456484564316,3.5));
#3287=CARTESIAN_POINT('Origin',(-1.03176167164926,-1.07456484564316,3.5));
#3288=CARTESIAN_POINT('',(-0.515880835824631,-1.07456484564316,3.5));
#3289=CARTESIAN_POINT('',(-0.752089227782533,-1.07456484564316,3.501));
#3290=CARTESIAN_POINT('Origin',(-0.0351720482576345,-0.0875252647019648,
3.501));
#3291=CARTESIAN_POINT('Ctrl Pts',(-0.0256227508652662,-0.743732543072822,
3.5));
#3292=CARTESIAN_POINT('Ctrl Pts',(-0.0256227508652662,-0.743732543072822,
3.501));
#3293=CARTESIAN_POINT('Ctrl Pts',(-0.0588492991766015,-0.66284773173906,
3.5));
#3294=CARTESIAN_POINT('Ctrl Pts',(-0.0588492991766015,-0.66284773173906,
3.501));
#3295=CARTESIAN_POINT('Ctrl Pts',(-0.144580773914539,-0.454147926554135,
3.5));
#3296=CARTESIAN_POINT('Ctrl Pts',(-0.144580773914539,-0.454147926554135,
3.501));
#3297=CARTESIAN_POINT('Ctrl Pts',(-0.142299461174289,-0.227198847196696,
3.5));
#3298=CARTESIAN_POINT('Ctrl Pts',(-0.142299461174289,-0.227198847196696,
3.501));
#3299=CARTESIAN_POINT('Ctrl Pts',(-0.140902306186006,-0.0882073653556131,
3.5));
#3300=CARTESIAN_POINT('Ctrl Pts',(-0.140902306186006,-0.0882073653556131,
3.501));
#3301=CARTESIAN_POINT('',(-0.140902306186006,-0.0882073653556131,3.5));
#3302=CARTESIAN_POINT('',(-0.0256227508652662,-0.743732543072822,3.5));
#3303=CARTESIAN_POINT('Ctrl Pts',(-0.140902306186006,-0.0882073653556131,
3.5));
#3304=CARTESIAN_POINT('Ctrl Pts',(-0.142299461174289,-0.227198847196696,
3.5));
#3305=CARTESIAN_POINT('Ctrl Pts',(-0.144580773914539,-0.454147926554135,
3.5));
#3306=CARTESIAN_POINT('Ctrl Pts',(-0.0588492991766015,-0.66284773173906,
3.5));
#3307=CARTESIAN_POINT('Ctrl Pts',(-0.0256227508652662,-0.743732543072822,
3.5));
#3308=CARTESIAN_POINT('',(-0.140902306186006,-0.0882073653556131,3.501));
#3309=CARTESIAN_POINT('',(-0.140902306186006,-0.0882073653556131,3.5));
#3310=CARTESIAN_POINT('',(-0.0256227508652662,-0.743732543072822,3.501));
#3311=CARTESIAN_POINT('Ctrl Pts',(-0.0256227508652662,-0.743732543072822,
3.501));
#3312=CARTESIAN_POINT('Ctrl Pts',(-0.0588492991766015,-0.66284773173906,
3.501));
#3313=CARTESIAN_POINT('Ctrl Pts',(-0.144580773914539,-0.454147926554135,
3.501));
#3314=CARTESIAN_POINT('Ctrl Pts',(-0.142299461174289,-0.227198847196696,
3.501));
#3315=CARTESIAN_POINT('Ctrl Pts',(-0.140902306186006,-0.0882073653556131,
3.501));
#3316=CARTESIAN_POINT('',(-0.0256227508652662,-0.743732543072822,3.5));
#3317=CARTESIAN_POINT('Ctrl Pts',(0.258824919117644,-0.906761379323127,
3.5));
#3318=CARTESIAN_POINT('Ctrl Pts',(0.258824919117644,-0.906761379323127,
3.501));
#3319=CARTESIAN_POINT('Ctrl Pts',(0.203836293851697,-0.898728334491354,
3.5));
#3320=CARTESIAN_POINT('Ctrl Pts',(0.203836293851697,-0.898728334491354,
3.501));
#3321=CARTESIAN_POINT('Ctrl Pts',(0.0881814316641621,-0.881832827675687,
3.5));
#3322=CARTESIAN_POINT('Ctrl Pts',(0.0881814316641621,-0.881832827675687,
3.501));
#3323=CARTESIAN_POINT('Ctrl Pts',(0.0135334904177176,-0.791248266528419,
3.5));
#3324=CARTESIAN_POINT('Ctrl Pts',(0.0135334904177176,-0.791248266528419,
3.501));
#3325=CARTESIAN_POINT('Ctrl Pts',(-0.0256227508652662,-0.743732543072822,
3.5));
#3326=CARTESIAN_POINT('Ctrl Pts',(-0.0256227508652662,-0.743732543072822,
3.501));
#3327=CARTESIAN_POINT('',(0.258824919117644,-0.906761379323127,3.5));
#3328=CARTESIAN_POINT('Ctrl Pts',(-0.0256227508652662,-0.743732543072822,
3.5));
#3329=CARTESIAN_POINT('Ctrl Pts',(0.0135334904177176,-0.791248266528419,
3.5));
#3330=CARTESIAN_POINT('Ctrl Pts',(0.0881814316641621,-0.881832827675687,
3.5));
#3331=CARTESIAN_POINT('Ctrl Pts',(0.203836293851697,-0.898728334491354,
3.5));
#3332=CARTESIAN_POINT('Ctrl Pts',(0.258824919117644,-0.906761379323127,
3.5));
#3333=CARTESIAN_POINT('',(0.258824919117644,-0.906761379323127,3.501));
#3334=CARTESIAN_POINT('Ctrl Pts',(0.258824919117644,-0.906761379323127,
3.501));
#3335=CARTESIAN_POINT('Ctrl Pts',(0.203836293851697,-0.898728334491354,
3.501));
#3336=CARTESIAN_POINT('Ctrl Pts',(0.0881814316641621,-0.881832827675687,
3.501));
#3337=CARTESIAN_POINT('Ctrl Pts',(0.0135334904177176,-0.791248266528419,
3.501));
#3338=CARTESIAN_POINT('Ctrl Pts',(-0.0256227508652662,-0.743732543072822,
3.501));
#3339=CARTESIAN_POINT('',(0.258824919117644,-0.906761379323127,3.5));
#3340=CARTESIAN_POINT('Ctrl Pts',(0.54327229107733,-0.743050367913368,3.5));
#3341=CARTESIAN_POINT('Ctrl Pts',(0.54327229107733,-0.743050367913368,3.501));
#3342=CARTESIAN_POINT('Ctrl Pts',(0.504144904860823,-0.790763550912466,
3.5));
#3343=CARTESIAN_POINT('Ctrl Pts',(0.504144904860823,-0.790763550912466,
3.501));
#3344=CARTESIAN_POINT('Ctrl Pts',(0.429612786558785,-0.881650393702782,
3.5));
#3345=CARTESIAN_POINT('Ctrl Pts',(0.429612786558785,-0.881650393702782,
3.501));
#3346=CARTESIAN_POINT('Ctrl Pts',(0.31382648291446,-0.898674484754494,3.5));
#3347=CARTESIAN_POINT('Ctrl Pts',(0.31382648291446,-0.898674484754494,3.501));
#3348=CARTESIAN_POINT('Ctrl Pts',(0.258824919117644,-0.906761379323127,
3.5));
#3349=CARTESIAN_POINT('Ctrl Pts',(0.258824919117644,-0.906761379323127,
3.501));
#3350=CARTESIAN_POINT('',(0.54327229107733,-0.743050367913368,3.5));
#3351=CARTESIAN_POINT('Ctrl Pts',(0.258824919117644,-0.906761379323127,
3.5));
#3352=CARTESIAN_POINT('Ctrl Pts',(0.31382648291446,-0.898674484754494,3.5));
#3353=CARTESIAN_POINT('Ctrl Pts',(0.429612786558785,-0.881650393702782,
3.5));
#3354=CARTESIAN_POINT('Ctrl Pts',(0.504144904860823,-0.790763550912466,
3.5));
#3355=CARTESIAN_POINT('Ctrl Pts',(0.54327229107733,-0.743050367913368,3.5));
#3356=CARTESIAN_POINT('',(0.54327229107733,-0.743050367913368,3.501));
#3357=CARTESIAN_POINT('Ctrl Pts',(0.54327229107733,-0.743050367913368,3.501));
#3358=CARTESIAN_POINT('Ctrl Pts',(0.504144904860823,-0.790763550912466,
3.501));
#3359=CARTESIAN_POINT('Ctrl Pts',(0.429612786558785,-0.881650393702782,
3.501));
#3360=CARTESIAN_POINT('Ctrl Pts',(0.31382648291446,-0.898674484754494,3.501));
#3361=CARTESIAN_POINT('Ctrl Pts',(0.258824919117644,-0.906761379323127,
3.501));
#3362=CARTESIAN_POINT('',(0.54327229107733,-0.743050367913368,3.5));
#3363=CARTESIAN_POINT('Ctrl Pts',(0.658552144421294,-0.0882073653556131,
3.5));
#3364=CARTESIAN_POINT('Ctrl Pts',(0.658552144421294,-0.0882073653556131,
3.501));
#3365=CARTESIAN_POINT('Ctrl Pts',(0.659900464846063,-0.226904101946893,
3.5));
#3366=CARTESIAN_POINT('Ctrl Pts',(0.659900464846063,-0.226904101946893,
3.501));
#3367=CARTESIAN_POINT('Ctrl Pts',(0.662104336714106,-0.45360825204926,3.5));
#3368=CARTESIAN_POINT('Ctrl Pts',(0.662104336714106,-0.45360825204926,3.501));
#3369=CARTESIAN_POINT('Ctrl Pts',(0.576503040080151,-0.662109420952601,
3.5));
#3370=CARTESIAN_POINT('Ctrl Pts',(0.576503040080151,-0.662109420952601,
3.501));
#3371=CARTESIAN_POINT('Ctrl Pts',(0.54327229107733,-0.743050367913368,3.5));
#3372=CARTESIAN_POINT('Ctrl Pts',(0.54327229107733,-0.743050367913368,3.501));
#3373=CARTESIAN_POINT('',(0.658552144421294,-0.0882073653556131,3.5));
#3374=CARTESIAN_POINT('Ctrl Pts',(0.54327229107733,-0.743050367913368,3.5));
#3375=CARTESIAN_POINT('Ctrl Pts',(0.576503040080151,-0.662109420952601,
3.5));
#3376=CARTESIAN_POINT('Ctrl Pts',(0.662104336714106,-0.45360825204926,3.5));
#3377=CARTESIAN_POINT('Ctrl Pts',(0.659900464846063,-0.226904101946893,
3.5));
#3378=CARTESIAN_POINT('Ctrl Pts',(0.658552144421294,-0.0882073653556131,
3.5));
#3379=CARTESIAN_POINT('',(0.658552144421294,-0.0882073653556131,3.501));
#3380=CARTESIAN_POINT('Ctrl Pts',(0.658552144421294,-0.0882073653556131,
3.501));
#3381=CARTESIAN_POINT('Ctrl Pts',(0.659900464846063,-0.226904101946893,
3.501));
#3382=CARTESIAN_POINT('Ctrl Pts',(0.662104336714106,-0.45360825204926,3.501));
#3383=CARTESIAN_POINT('Ctrl Pts',(0.576503040080151,-0.662109420952601,
3.501));
#3384=CARTESIAN_POINT('Ctrl Pts',(0.54327229107733,-0.743050367913368,3.501));
#3385=CARTESIAN_POINT('',(0.658552144421294,-0.0882073653556131,3.5));
#3386=CARTESIAN_POINT('Ctrl Pts',(0.54327229107733,0.56799998752105,3.5));
#3387=CARTESIAN_POINT('Ctrl Pts',(0.54327229107733,0.56799998752105,3.501));
#3388=CARTESIAN_POINT('Ctrl Pts',(0.57649486846652,0.48717132492047,3.5));
#3389=CARTESIAN_POINT('Ctrl Pts',(0.57649486846652,0.48717132492047,3.501));
#3390=CARTESIAN_POINT('Ctrl Pts',(0.662357212464669,0.278273070223958,3.5));
#3391=CARTESIAN_POINT('Ctrl Pts',(0.662357212464669,0.278273070223958,3.501));
#3392=CARTESIAN_POINT('Ctrl Pts',(0.659998316561606,0.0510789206879472,
3.5));
#3393=CARTESIAN_POINT('Ctrl Pts',(0.659998316561606,0.0510789206879472,
3.501));
#3394=CARTESIAN_POINT('Ctrl Pts',(0.658552144421294,-0.0882073653556131,
3.5));
#3395=CARTESIAN_POINT('Ctrl Pts',(0.658552144421294,-0.0882073653556131,
3.501));
#3396=CARTESIAN_POINT('',(0.54327229107733,0.56799998752105,3.5));
#3397=CARTESIAN_POINT('Ctrl Pts',(0.658552144421294,-0.0882073653556131,
3.5));
#3398=CARTESIAN_POINT('Ctrl Pts',(0.659998316561606,0.0510789206879472,
3.5));
#3399=CARTESIAN_POINT('Ctrl Pts',(0.662357212464669,0.278273070223958,3.5));
#3400=CARTESIAN_POINT('Ctrl Pts',(0.57649486846652,0.48717132492047,3.5));
#3401=CARTESIAN_POINT('Ctrl Pts',(0.54327229107733,0.56799998752105,3.5));
#3402=CARTESIAN_POINT('',(0.54327229107733,0.56799998752105,3.501));
#3403=CARTESIAN_POINT('Ctrl Pts',(0.54327229107733,0.56799998752105,3.501));
#3404=CARTESIAN_POINT('Ctrl Pts',(0.57649486846652,0.48717132492047,3.501));
#3405=CARTESIAN_POINT('Ctrl Pts',(0.662357212464669,0.278273070223958,3.501));
#3406=CARTESIAN_POINT('Ctrl Pts',(0.659998316561606,0.0510789206879472,
3.501));
#3407=CARTESIAN_POINT('Ctrl Pts',(0.658552144421294,-0.0882073653556131,
3.501));
#3408=CARTESIAN_POINT('',(0.54327229107733,0.56799998752105,3.5));
#3409=CARTESIAN_POINT('Ctrl Pts',(0.256096218479827,0.730346499600289,3.5));
#3410=CARTESIAN_POINT('Ctrl Pts',(0.256096218479827,0.730346499600289,3.501));
#3411=CARTESIAN_POINT('Ctrl Pts',(0.311793906859263,0.722478082085872,3.5));
#3412=CARTESIAN_POINT('Ctrl Pts',(0.311793906859263,0.722478082085872,3.501));
#3413=CARTESIAN_POINT('Ctrl Pts',(0.428258351120197,0.706025139428958,3.5));
#3414=CARTESIAN_POINT('Ctrl Pts',(0.428258351120197,0.706025139428958,3.501));
#3415=CARTESIAN_POINT('Ctrl Pts',(0.503837789664894,0.615324277514878,3.5));
#3416=CARTESIAN_POINT('Ctrl Pts',(0.503837789664894,0.615324277514878,3.501));
#3417=CARTESIAN_POINT('Ctrl Pts',(0.54327229107733,0.56799998752105,3.5));
#3418=CARTESIAN_POINT('Ctrl Pts',(0.54327229107733,0.56799998752105,3.501));
#3419=CARTESIAN_POINT('',(0.256096218479827,0.730346499600289,3.5));
#3420=CARTESIAN_POINT('Ctrl Pts',(0.54327229107733,0.56799998752105,3.5));
#3421=CARTESIAN_POINT('Ctrl Pts',(0.503837789664894,0.615324277514878,3.5));
#3422=CARTESIAN_POINT('Ctrl Pts',(0.428258351120197,0.706025139428958,3.5));
#3423=CARTESIAN_POINT('Ctrl Pts',(0.311793906859263,0.722478082085872,3.5));
#3424=CARTESIAN_POINT('Ctrl Pts',(0.256096218479827,0.730346499600289,3.5));
#3425=CARTESIAN_POINT('',(0.256096218479827,0.730346499600289,3.501));
#3426=CARTESIAN_POINT('Ctrl Pts',(0.256096218479827,0.730346499600289,3.501));
#3427=CARTESIAN_POINT('Ctrl Pts',(0.311793906859263,0.722478082085872,3.501));
#3428=CARTESIAN_POINT('Ctrl Pts',(0.428258351120197,0.706025139428958,3.501));
#3429=CARTESIAN_POINT('Ctrl Pts',(0.503837789664894,0.615324277514878,3.501));
#3430=CARTESIAN_POINT('Ctrl Pts',(0.54327229107733,0.56799998752105,3.501));
#3431=CARTESIAN_POINT('',(0.256096218479827,0.730346499600289,3.5));
#3432=CARTESIAN_POINT('Ctrl Pts',(-0.014026667224214,0.587099550881264,
3.5));
#3433=CARTESIAN_POINT('Ctrl Pts',(-0.014026667224214,0.587099550881264,
3.501));
#3434=CARTESIAN_POINT('Ctrl Pts',(0.0221657194539443,0.62887854503433,3.5));
#3435=CARTESIAN_POINT('Ctrl Pts',(0.0221657194539443,0.62887854503433,3.501));
#3436=CARTESIAN_POINT('Ctrl Pts',(0.0937988160286163,0.71156882875539,3.5));
#3437=CARTESIAN_POINT('Ctrl Pts',(0.0937988160286163,0.71156882875539,3.501));
#3438=CARTESIAN_POINT('Ctrl Pts',(0.202376869679249,0.724131216825922,3.5));
#3439=CARTESIAN_POINT('Ctrl Pts',(0.202376869679249,0.724131216825922,3.501));
#3440=CARTESIAN_POINT('Ctrl Pts',(0.256096218479827,0.730346499600289,3.5));
#3441=CARTESIAN_POINT('Ctrl Pts',(0.256096218479827,0.730346499600289,3.501));
#3442=CARTESIAN_POINT('',(-0.014026667224214,0.587099550881264,3.5));
#3443=CARTESIAN_POINT('Ctrl Pts',(0.256096218479827,0.730346499600289,3.5));
#3444=CARTESIAN_POINT('Ctrl Pts',(0.202376869679249,0.724131216825922,3.5));
#3445=CARTESIAN_POINT('Ctrl Pts',(0.0937988160286163,0.71156882875539,3.5));
#3446=CARTESIAN_POINT('Ctrl Pts',(0.0221657194539443,0.62887854503433,3.5));
#3447=CARTESIAN_POINT('Ctrl Pts',(-0.014026667224214,0.587099550881264,
3.5));
#3448=CARTESIAN_POINT('',(-0.014026667224214,0.587099550881264,3.501));
#3449=CARTESIAN_POINT('Ctrl Pts',(-0.014026667224214,0.587099550881264,
3.501));
#3450=CARTESIAN_POINT('Ctrl Pts',(0.0221657194539443,0.62887854503433,3.501));
#3451=CARTESIAN_POINT('Ctrl Pts',(0.0937988160286163,0.71156882875539,3.501));
#3452=CARTESIAN_POINT('Ctrl Pts',(0.202376869679249,0.724131216825922,3.501));
#3453=CARTESIAN_POINT('Ctrl Pts',(0.256096218479827,0.730346499600289,3.501));
#3454=CARTESIAN_POINT('',(-0.014026667224214,0.587099550881264,3.5));
#3455=CARTESIAN_POINT('Ctrl Pts',(-0.140902306186006,-0.0882073653556131,
3.5));
#3456=CARTESIAN_POINT('Ctrl Pts',(-0.140902306186006,-0.0882073653556131,
3.501));
#3457=CARTESIAN_POINT('Ctrl Pts',(-0.141460816705137,0.0525632848274329,
3.5));
#3458=CARTESIAN_POINT('Ctrl Pts',(-0.141460816705137,0.0525632848274329,
3.501));
#3459=CARTESIAN_POINT('Ctrl Pts',(-0.14239107797855,0.287032430551261,3.5));
#3460=CARTESIAN_POINT('Ctrl Pts',(-0.14239107797855,0.287032430551261,3.501));
#3461=CARTESIAN_POINT('Ctrl Pts',(-0.0506773014010375,0.501424322123699,
3.5));
#3462=CARTESIAN_POINT('Ctrl Pts',(-0.0506773014010375,0.501424322123699,
3.501));
#3463=CARTESIAN_POINT('Ctrl Pts',(-0.014026667224214,0.587099550881264,
3.5));
#3464=CARTESIAN_POINT('Ctrl Pts',(-0.014026667224214,0.587099550881264,
3.501));
#3465=CARTESIAN_POINT('Ctrl Pts',(-0.014026667224214,0.587099550881264,
3.5));
#3466=CARTESIAN_POINT('Ctrl Pts',(-0.0506773014010375,0.501424322123699,
3.5));
#3467=CARTESIAN_POINT('Ctrl Pts',(-0.14239107797855,0.287032430551261,3.5));
#3468=CARTESIAN_POINT('Ctrl Pts',(-0.141460816705137,0.0525632848274329,
3.5));
#3469=CARTESIAN_POINT('Ctrl Pts',(-0.140902306186006,-0.0882073653556131,
3.5));
#3470=CARTESIAN_POINT('Ctrl Pts',(-0.140902306186006,-0.0882073653556131,
3.501));
#3471=CARTESIAN_POINT('Ctrl Pts',(-0.141460816705137,0.0525632848274329,
3.501));
#3472=CARTESIAN_POINT('Ctrl Pts',(-0.14239107797855,0.287032430551261,3.501));
#3473=CARTESIAN_POINT('Ctrl Pts',(-0.0506773014010375,0.501424322123699,
3.501));
#3474=CARTESIAN_POINT('Ctrl Pts',(-0.014026667224214,0.587099550881264,
3.501));
#3475=CARTESIAN_POINT('Ctrl Pts',(-0.32030215417032,0.482733904042122,3.5));
#3476=CARTESIAN_POINT('Ctrl Pts',(-0.32030215417032,0.482733904042122,3.501));
#3477=CARTESIAN_POINT('Ctrl Pts',(-0.341523172741626,0.399523071572531,
3.5));
#3478=CARTESIAN_POINT('Ctrl Pts',(-0.341523172741626,0.399523071572531,
3.501));
#3479=CARTESIAN_POINT('Ctrl Pts',(-0.389242664747085,0.212407705669727,
3.5));
#3480=CARTESIAN_POINT('Ctrl Pts',(-0.389242664747085,0.212407705669727,
3.501));
#3481=CARTESIAN_POINT('Ctrl Pts',(-0.391844846860475,0.0191229882358274,
3.5));
#3482=CARTESIAN_POINT('Ctrl Pts',(-0.391844846860475,0.0191229882358274,
3.501));
#3483=CARTESIAN_POINT('Ctrl Pts',(-0.393289829837129,-0.0882073653556131,
3.5));
#3484=CARTESIAN_POINT('Ctrl Pts',(-0.393289829837129,-0.0882073653556131,
3.501));
#3485=CARTESIAN_POINT('',(-0.393289829837129,-0.0882073653556131,3.5));
#3486=CARTESIAN_POINT('',(-0.32030215417032,0.482733904042122,3.5));
#3487=CARTESIAN_POINT('Ctrl Pts',(-0.393289829837129,-0.0882073653556131,
3.5));
#3488=CARTESIAN_POINT('Ctrl Pts',(-0.391844846860475,0.0191229882358274,
3.5));
#3489=CARTESIAN_POINT('Ctrl Pts',(-0.389242664747085,0.212407705669727,
3.5));
#3490=CARTESIAN_POINT('Ctrl Pts',(-0.341523172741626,0.399523071572531,
3.5));
#3491=CARTESIAN_POINT('Ctrl Pts',(-0.32030215417032,0.482733904042122,3.5));
#3492=CARTESIAN_POINT('',(-0.393289829837129,-0.0882073653556131,3.501));
#3493=CARTESIAN_POINT('',(-0.393289829837129,-0.0882073653556131,3.5));
#3494=CARTESIAN_POINT('',(-0.32030215417032,0.482733904042122,3.501));
#3495=CARTESIAN_POINT('Ctrl Pts',(-0.32030215417032,0.482733904042122,3.501));
#3496=CARTESIAN_POINT('Ctrl Pts',(-0.341523172741626,0.399523071572531,
3.501));
#3497=CARTESIAN_POINT('Ctrl Pts',(-0.389242664747085,0.212407705669727,
3.501));
#3498=CARTESIAN_POINT('Ctrl Pts',(-0.391844846860475,0.0191229882358274,
3.501));
#3499=CARTESIAN_POINT('Ctrl Pts',(-0.393289829837129,-0.0882073653556131,
3.501));
#3500=CARTESIAN_POINT('',(-0.32030215417032,0.482733904042122,3.5));
#3501=CARTESIAN_POINT('Ctrl Pts',(-0.103385354625032,0.816294609227059,
3.5));
#3502=CARTESIAN_POINT('Ctrl Pts',(-0.103385354625032,0.816294609227059,
3.501));
#3503=CARTESIAN_POINT('Ctrl Pts',(-0.148983506172641,0.77128079288006,3.5));
#3504=CARTESIAN_POINT('Ctrl Pts',(-0.148983506172641,0.77128079288006,3.501));
#3505=CARTESIAN_POINT('Ctrl Pts',(-0.24543515738133,0.676065158769553,3.5));
#3506=CARTESIAN_POINT('Ctrl Pts',(-0.24543515738133,0.676065158769553,3.501));
#3507=CARTESIAN_POINT('Ctrl Pts',(-0.294456155076908,0.549476790076361,
3.5));
#3508=CARTESIAN_POINT('Ctrl Pts',(-0.294456155076908,0.549476790076361,
3.501));
#3509=CARTESIAN_POINT('Ctrl Pts',(-0.32030215417032,0.482733904042122,3.5));
#3510=CARTESIAN_POINT('Ctrl Pts',(-0.32030215417032,0.482733904042122,3.501));
#3511=CARTESIAN_POINT('',(-0.103385354625032,0.816294609227059,3.5));
#3512=CARTESIAN_POINT('Ctrl Pts',(-0.32030215417032,0.482733904042122,3.5));
#3513=CARTESIAN_POINT('Ctrl Pts',(-0.294456155076908,0.549476790076361,
3.5));
#3514=CARTESIAN_POINT('Ctrl Pts',(-0.24543515738133,0.676065158769553,3.5));
#3515=CARTESIAN_POINT('Ctrl Pts',(-0.148983506172641,0.77128079288006,3.5));
#3516=CARTESIAN_POINT('Ctrl Pts',(-0.103385354625032,0.816294609227059,
3.5));
#3517=CARTESIAN_POINT('',(-0.103385354625032,0.816294609227059,3.501));
#3518=CARTESIAN_POINT('Ctrl Pts',(-0.103385354625032,0.816294609227059,
3.501));
#3519=CARTESIAN_POINT('Ctrl Pts',(-0.148983506172641,0.77128079288006,3.501));
#3520=CARTESIAN_POINT('Ctrl Pts',(-0.24543515738133,0.676065158769553,3.501));
#3521=CARTESIAN_POINT('Ctrl Pts',(-0.294456155076908,0.549476790076361,
3.501));
#3522=CARTESIAN_POINT('Ctrl Pts',(-0.32030215417032,0.482733904042122,3.501));
#3523=CARTESIAN_POINT('',(-0.103385354625032,0.816294609227059,3.5));
#3524=CARTESIAN_POINT('Ctrl Pts',(0.258824919117644,0.933620690026162,3.5));
#3525=CARTESIAN_POINT('Ctrl Pts',(0.258824919117644,0.933620690026162,3.501));
#3526=CARTESIAN_POINT('Ctrl Pts',(0.190328706023589,0.929652610566471,3.5));
#3527=CARTESIAN_POINT('Ctrl Pts',(0.190328706023589,0.929652610566471,3.501));
#3528=CARTESIAN_POINT('Ctrl Pts',(0.0591141587697808,0.922051172089056,
3.5));
#3529=CARTESIAN_POINT('Ctrl Pts',(0.0591141587697808,0.922051172089056,
3.501));
#3530=CARTESIAN_POINT('Ctrl Pts',(-0.0508326430497341,0.850496521769271,
3.5));
#3531=CARTESIAN_POINT('Ctrl Pts',(-0.0508326430497341,0.850496521769271,
3.501));
#3532=CARTESIAN_POINT('Ctrl Pts',(-0.103385354625032,0.816294609227059,
3.5));
#3533=CARTESIAN_POINT('Ctrl Pts',(-0.103385354625032,0.816294609227059,
3.501));
#3534=CARTESIAN_POINT('',(0.258824919117644,0.933620690026162,3.5));
#3535=CARTESIAN_POINT('Ctrl Pts',(-0.103385354625032,0.816294609227059,
3.5));
#3536=CARTESIAN_POINT('Ctrl Pts',(-0.0508326430497341,0.850496521769271,
3.5));
#3537=CARTESIAN_POINT('Ctrl Pts',(0.0591141587697808,0.922051172089056,
3.5));
#3538=CARTESIAN_POINT('Ctrl Pts',(0.190328706023589,0.929652610566471,3.5));
#3539=CARTESIAN_POINT('Ctrl Pts',(0.258824919117644,0.933620690026162,3.5));
#3540=CARTESIAN_POINT('',(0.258824919117644,0.933620690026162,3.501));
#3541=CARTESIAN_POINT('Ctrl Pts',(0.258824919117644,0.933620690026162,3.501));
#3542=CARTESIAN_POINT('Ctrl Pts',(0.190328706023589,0.929652610566471,3.501));
#3543=CARTESIAN_POINT('Ctrl Pts',(0.0591141587697808,0.922051172089056,
3.501));
#3544=CARTESIAN_POINT('Ctrl Pts',(-0.0508326430497341,0.850496521769271,
3.501));
#3545=CARTESIAN_POINT('Ctrl Pts',(-0.103385354625032,0.816294609227059,
3.501));
#3546=CARTESIAN_POINT('',(0.258824919117644,0.933620690026162,3.5));
#3547=CARTESIAN_POINT('Ctrl Pts',(0.541225765598967,0.868818520226357,3.5));
#3548=CARTESIAN_POINT('Ctrl Pts',(0.541225765598967,0.868818520226357,3.501));
#3549=CARTESIAN_POINT('Ctrl Pts',(0.498087925025191,0.887710474413667,3.5));
#3550=CARTESIAN_POINT('Ctrl Pts',(0.498087925025191,0.887710474413667,3.501));
#3551=CARTESIAN_POINT('Ctrl Pts',(0.40813305822362,0.927105659706598,3.5));
#3552=CARTESIAN_POINT('Ctrl Pts',(0.40813305822362,0.927105659706598,3.501));
#3553=CARTESIAN_POINT('Ctrl Pts',(0.309933103041418,0.93139059480272,3.5));
#3554=CARTESIAN_POINT('Ctrl Pts',(0.309933103041418,0.93139059480272,3.501));
#3555=CARTESIAN_POINT('Ctrl Pts',(0.258824919117644,0.933620690026162,3.5));
#3556=CARTESIAN_POINT('Ctrl Pts',(0.258824919117644,0.933620690026162,3.501));
#3557=CARTESIAN_POINT('',(0.541225765598967,0.868818520226357,3.5));
#3558=CARTESIAN_POINT('Ctrl Pts',(0.258824919117644,0.933620690026162,3.5));
#3559=CARTESIAN_POINT('Ctrl Pts',(0.309933103041418,0.93139059480272,3.5));
#3560=CARTESIAN_POINT('Ctrl Pts',(0.40813305822362,0.927105659706598,3.5));
#3561=CARTESIAN_POINT('Ctrl Pts',(0.498087925025191,0.887710474413667,3.5));
#3562=CARTESIAN_POINT('Ctrl Pts',(0.541225765598967,0.868818520226357,3.5));
#3563=CARTESIAN_POINT('',(0.541225765598967,0.868818520226357,3.501));
#3564=CARTESIAN_POINT('Ctrl Pts',(0.541225765598967,0.868818520226357,3.501));
#3565=CARTESIAN_POINT('Ctrl Pts',(0.498087925025191,0.887710474413667,3.501));
#3566=CARTESIAN_POINT('Ctrl Pts',(0.40813305822362,0.927105659706598,3.501));
#3567=CARTESIAN_POINT('Ctrl Pts',(0.309933103041418,0.93139059480272,3.501));
#3568=CARTESIAN_POINT('Ctrl Pts',(0.258824919117644,0.933620690026162,3.501));
#3569=CARTESIAN_POINT('',(0.541225765598967,0.868818520226357,3.5));
#3570=CARTESIAN_POINT('Ctrl Pts',(0.741771553410246,0.681915341534493,3.5));
#3571=CARTESIAN_POINT('Ctrl Pts',(0.741771553410246,0.681915341534493,3.501));
#3572=CARTESIAN_POINT('Ctrl Pts',(0.713936761241202,0.720065103421872,3.5));
#3573=CARTESIAN_POINT('Ctrl Pts',(0.713936761241202,0.720065103421872,3.501));
#3574=CARTESIAN_POINT('Ctrl Pts',(0.659067181699414,0.795268157989957,3.5));
#3575=CARTESIAN_POINT('Ctrl Pts',(0.659067181699414,0.795268157989957,3.501));
#3576=CARTESIAN_POINT('Ctrl Pts',(0.58012256375508,0.844541201700419,3.5));
#3577=CARTESIAN_POINT('Ctrl Pts',(0.58012256375508,0.844541201700419,3.501));
#3578=CARTESIAN_POINT('Ctrl Pts',(0.541225765598967,0.868818520226357,3.5));
#3579=CARTESIAN_POINT('Ctrl Pts',(0.541225765598967,0.868818520226357,3.501));
#3580=CARTESIAN_POINT('',(0.741771553410246,0.681915341534493,3.5));
#3581=CARTESIAN_POINT('Ctrl Pts',(0.541225765598967,0.868818520226357,3.5));
#3582=CARTESIAN_POINT('Ctrl Pts',(0.58012256375508,0.844541201700419,3.5));
#3583=CARTESIAN_POINT('Ctrl Pts',(0.659067181699414,0.795268157989957,3.5));
#3584=CARTESIAN_POINT('Ctrl Pts',(0.713936761241202,0.720065103421872,3.5));
#3585=CARTESIAN_POINT('Ctrl Pts',(0.741771553410246,0.681915341534493,3.5));
#3586=CARTESIAN_POINT('',(0.741771553410246,0.681915341534493,3.501));
#3587=CARTESIAN_POINT('Ctrl Pts',(0.741771553410246,0.681915341534493,3.501));
#3588=CARTESIAN_POINT('Ctrl Pts',(0.713936761241202,0.720065103421872,3.501));
#3589=CARTESIAN_POINT('Ctrl Pts',(0.659067181699414,0.795268157989957,3.501));
#3590=CARTESIAN_POINT('Ctrl Pts',(0.58012256375508,0.844541201700419,3.501));
#3591=CARTESIAN_POINT('Ctrl Pts',(0.541225765598967,0.868818520226357,3.501));
#3592=CARTESIAN_POINT('',(0.741771553410246,0.681915341534493,3.5));
#3593=CARTESIAN_POINT('Ctrl Pts',(0.865919087780669,0.384507535614846,3.5));
#3594=CARTESIAN_POINT('Ctrl Pts',(0.865919087780669,0.384507535614846,3.501));
#3595=CARTESIAN_POINT('Ctrl Pts',(0.850298768604597,0.439451424708352,3.5));
#3596=CARTESIAN_POINT('Ctrl Pts',(0.850298768604597,0.439451424708352,3.501));
#3597=CARTESIAN_POINT('Ctrl Pts',(0.820698874401308,0.543567946653459,3.5));
#3598=CARTESIAN_POINT('Ctrl Pts',(0.820698874401308,0.543567946653459,3.501));
#3599=CARTESIAN_POINT('Ctrl Pts',(0.767090136334139,0.637535778847997,3.5));
#3600=CARTESIAN_POINT('Ctrl Pts',(0.767090136334139,0.637535778847997,3.501));
#3601=CARTESIAN_POINT('Ctrl Pts',(0.741771553410246,0.681915341534493,3.5));
#3602=CARTESIAN_POINT('Ctrl Pts',(0.741771553410246,0.681915341534493,3.501));
#3603=CARTESIAN_POINT('',(0.865919087780669,0.384507535614846,3.5));
#3604=CARTESIAN_POINT('Ctrl Pts',(0.741771553410246,0.681915341534493,3.5));
#3605=CARTESIAN_POINT('Ctrl Pts',(0.767090136334139,0.637535778847997,3.5));
#3606=CARTESIAN_POINT('Ctrl Pts',(0.820698874401308,0.543567946653459,3.5));
#3607=CARTESIAN_POINT('Ctrl Pts',(0.850298768604597,0.439451424708352,3.5));
#3608=CARTESIAN_POINT('Ctrl Pts',(0.865919087780669,0.384507535614846,3.5));
#3609=CARTESIAN_POINT('',(0.865919087780669,0.384507535614846,3.501));
#3610=CARTESIAN_POINT('Ctrl Pts',(0.865919087780669,0.384507535614846,3.501));
#3611=CARTESIAN_POINT('Ctrl Pts',(0.850298768604597,0.439451424708352,3.501));
#3612=CARTESIAN_POINT('Ctrl Pts',(0.820698874401308,0.543567946653459,3.501));
#3613=CARTESIAN_POINT('Ctrl Pts',(0.767090136334139,0.637535778847997,3.501));
#3614=CARTESIAN_POINT('Ctrl Pts',(0.741771553410246,0.681915341534493,3.501));
#3615=CARTESIAN_POINT('',(0.865919087780669,0.384507535614846,3.5));
#3616=CARTESIAN_POINT('Ctrl Pts',(0.910939668072417,-0.0882073653556131,
3.5));
#3617=CARTESIAN_POINT('Ctrl Pts',(0.910939668072417,-0.0882073653556131,
3.501));
#3618=CARTESIAN_POINT('Ctrl Pts',(0.910181464521282,0.00106103591063805,
3.5));
#3619=CARTESIAN_POINT('Ctrl Pts',(0.910181464521282,0.00106103591063805,
3.501));
#3620=CARTESIAN_POINT('Ctrl Pts',(0.908831209638281,0.160035620673771,3.5));
#3621=CARTESIAN_POINT('Ctrl Pts',(0.908831209638281,0.160035620673771,3.501));
#3622=CARTESIAN_POINT('Ctrl Pts',(0.878999506668567,0.316084289480794,3.5));
#3623=CARTESIAN_POINT('Ctrl Pts',(0.878999506668567,0.316084289480794,3.501));
#3624=CARTESIAN_POINT('Ctrl Pts',(0.865919087780669,0.384507535614846,3.5));
#3625=CARTESIAN_POINT('Ctrl Pts',(0.865919087780669,0.384507535614846,3.501));
#3626=CARTESIAN_POINT('',(0.910939668072417,-0.0882073653556131,3.5));
#3627=CARTESIAN_POINT('Ctrl Pts',(0.865919087780669,0.384507535614846,3.5));
#3628=CARTESIAN_POINT('Ctrl Pts',(0.878999506668567,0.316084289480794,3.5));
#3629=CARTESIAN_POINT('Ctrl Pts',(0.908831209638281,0.160035620673771,3.5));
#3630=CARTESIAN_POINT('Ctrl Pts',(0.910181464521282,0.00106103591063805,
3.5));
#3631=CARTESIAN_POINT('Ctrl Pts',(0.910939668072417,-0.0882073653556131,
3.5));
#3632=CARTESIAN_POINT('',(0.910939668072417,-0.0882073653556131,3.501));
#3633=CARTESIAN_POINT('Ctrl Pts',(0.910939668072417,-0.0882073653556131,
3.501));
#3634=CARTESIAN_POINT('Ctrl Pts',(0.910181464521282,0.00106103591063805,
3.501));
#3635=CARTESIAN_POINT('Ctrl Pts',(0.908831209638281,0.160035620673771,3.501));
#3636=CARTESIAN_POINT('Ctrl Pts',(0.878999506668567,0.316084289480794,3.501));
#3637=CARTESIAN_POINT('Ctrl Pts',(0.865919087780669,0.384507535614846,3.501));
#3638=CARTESIAN_POINT('',(0.910939668072417,-0.0882073653556131,3.5));
#3639=CARTESIAN_POINT('Ctrl Pts',(0.838633869541838,-0.656420232138755,
3.5));
#3640=CARTESIAN_POINT('Ctrl Pts',(0.838633869541838,-0.656420232138755,
3.501));
#3641=CARTESIAN_POINT('Ctrl Pts',(0.859658535583706,-0.573430871281125,
3.5));
#3642=CARTESIAN_POINT('Ctrl Pts',(0.859658535583706,-0.573430871281125,
3.501));
#3643=CARTESIAN_POINT('Ctrl Pts',(0.906847388235666,-0.387165238647885,
3.5));
#3644=CARTESIAN_POINT('Ctrl Pts',(0.906847388235666,-0.387165238647885,
3.501));
#3645=CARTESIAN_POINT('Ctrl Pts',(0.909479998856436,-0.194842205085041,
3.5));
#3646=CARTESIAN_POINT('Ctrl Pts',(0.909479998856436,-0.194842205085041,
3.501));
#3647=CARTESIAN_POINT('Ctrl Pts',(0.910939668072417,-0.0882073653556131,
3.5));
#3648=CARTESIAN_POINT('Ctrl Pts',(0.910939668072417,-0.0882073653556131,
3.501));
#3649=CARTESIAN_POINT('',(0.838633869541838,-0.656420232138755,3.5));
#3650=CARTESIAN_POINT('Ctrl Pts',(0.910939668072417,-0.0882073653556131,
3.5));
#3651=CARTESIAN_POINT('Ctrl Pts',(0.909479998856436,-0.194842205085041,
3.5));
#3652=CARTESIAN_POINT('Ctrl Pts',(0.906847388235666,-0.387165238647885,
3.5));
#3653=CARTESIAN_POINT('Ctrl Pts',(0.859658535583706,-0.573430871281125,
3.5));
#3654=CARTESIAN_POINT('Ctrl Pts',(0.838633869541838,-0.656420232138755,
3.5));
#3655=CARTESIAN_POINT('',(0.838633869541838,-0.656420232138755,3.501));
#3656=CARTESIAN_POINT('Ctrl Pts',(0.838633869541838,-0.656420232138755,
3.501));
#3657=CARTESIAN_POINT('Ctrl Pts',(0.859658535583706,-0.573430871281125,
3.501));
#3658=CARTESIAN_POINT('Ctrl Pts',(0.906847388235666,-0.387165238647885,
3.501));
#3659=CARTESIAN_POINT('Ctrl Pts',(0.909479998856436,-0.194842205085041,
3.501));
#3660=CARTESIAN_POINT('Ctrl Pts',(0.910939668072417,-0.0882073653556131,
3.501));
#3661=CARTESIAN_POINT('',(0.838633869541838,-0.656420232138755,3.5));
#3662=CARTESIAN_POINT('Ctrl Pts',(0.622398947132781,-0.990662963471534,
3.5));
#3663=CARTESIAN_POINT('Ctrl Pts',(0.622398947132781,-0.990662963471534,
3.501));
#3664=CARTESIAN_POINT('Ctrl Pts',(0.667955209331763,-0.945475821784889,
3.5));
#3665=CARTESIAN_POINT('Ctrl Pts',(0.667955209331763,-0.945475821784889,
3.501));
#3666=CARTESIAN_POINT('Ctrl Pts',(0.764230840831118,-0.849980265487257,
3.5));
#3667=CARTESIAN_POINT('Ctrl Pts',(0.764230840831118,-0.849980265487257,
3.501));
#3668=CARTESIAN_POINT('Ctrl Pts',(0.812961740083595,-0.72320646813171,3.5));
#3669=CARTESIAN_POINT('Ctrl Pts',(0.812961740083595,-0.72320646813171,3.501));
#3670=CARTESIAN_POINT('Ctrl Pts',(0.838633869541838,-0.656420232138755,
3.5));
#3671=CARTESIAN_POINT('Ctrl Pts',(0.838633869541838,-0.656420232138755,
3.501));
#3672=CARTESIAN_POINT('',(0.622398947132781,-0.990662963471534,3.5));
#3673=CARTESIAN_POINT('Ctrl Pts',(0.838633869541838,-0.656420232138755,
3.5));
#3674=CARTESIAN_POINT('Ctrl Pts',(0.812961740083595,-0.72320646813171,3.5));
#3675=CARTESIAN_POINT('Ctrl Pts',(0.764230840831118,-0.849980265487257,
3.5));
#3676=CARTESIAN_POINT('Ctrl Pts',(0.667955209331763,-0.945475821784889,
3.5));
#3677=CARTESIAN_POINT('Ctrl Pts',(0.622398947132781,-0.990662963471534,
3.5));
#3678=CARTESIAN_POINT('',(0.622398947132781,-0.990662963471534,3.501));
#3679=CARTESIAN_POINT('Ctrl Pts',(0.622398947132781,-0.990662963471534,
3.501));
#3680=CARTESIAN_POINT('Ctrl Pts',(0.667955209331763,-0.945475821784889,
3.501));
#3681=CARTESIAN_POINT('Ctrl Pts',(0.764230840831118,-0.849980265487257,
3.501));
#3682=CARTESIAN_POINT('Ctrl Pts',(0.812961740083595,-0.72320646813171,3.501));
#3683=CARTESIAN_POINT('Ctrl Pts',(0.838633869541838,-0.656420232138755,
3.501));
#3684=CARTESIAN_POINT('',(0.622398947132781,-0.990662963471534,3.5));
#3685=CARTESIAN_POINT('Ctrl Pts',(0.258824919117644,-1.10867121943009,3.5));
#3686=CARTESIAN_POINT('Ctrl Pts',(0.258824919117644,-1.10867121943009,3.501));
#3687=CARTESIAN_POINT('Ctrl Pts',(0.327686962258366,-1.10470473662255,3.5));
#3688=CARTESIAN_POINT('Ctrl Pts',(0.327686962258366,-1.10470473662255,3.501));
#3689=CARTESIAN_POINT('Ctrl Pts',(0.45946448490087,-1.09711429558796,3.5));
#3690=CARTESIAN_POINT('Ctrl Pts',(0.45946448490087,-1.09711429558796,3.501));
#3691=CARTESIAN_POINT('Ctrl Pts',(0.569746310901467,-1.02506294975735,3.5));
#3692=CARTESIAN_POINT('Ctrl Pts',(0.569746310901467,-1.02506294975735,3.501));
#3693=CARTESIAN_POINT('Ctrl Pts',(0.622398947132781,-0.990662963471534,
3.5));
#3694=CARTESIAN_POINT('Ctrl Pts',(0.622398947132781,-0.990662963471534,
3.501));
#3695=CARTESIAN_POINT('',(0.258824919117644,-1.10867121943009,3.5));
#3696=CARTESIAN_POINT('Ctrl Pts',(0.622398947132781,-0.990662963471534,
3.5));
#3697=CARTESIAN_POINT('Ctrl Pts',(0.569746310901467,-1.02506294975735,3.5));
#3698=CARTESIAN_POINT('Ctrl Pts',(0.45946448490087,-1.09711429558796,3.5));
#3699=CARTESIAN_POINT('Ctrl Pts',(0.327686962258366,-1.10470473662255,3.5));
#3700=CARTESIAN_POINT('Ctrl Pts',(0.258824919117644,-1.10867121943009,3.5));
#3701=CARTESIAN_POINT('',(0.258824919117644,-1.10867121943009,3.501));
#3702=CARTESIAN_POINT('Ctrl Pts',(0.258824919117644,-1.10867121943009,3.501));
#3703=CARTESIAN_POINT('Ctrl Pts',(0.327686962258366,-1.10470473662255,3.501));
#3704=CARTESIAN_POINT('Ctrl Pts',(0.45946448490087,-1.09711429558796,3.501));
#3705=CARTESIAN_POINT('Ctrl Pts',(0.569746310901467,-1.02506294975735,3.501));
#3706=CARTESIAN_POINT('Ctrl Pts',(0.622398947132781,-0.990662963471534,
3.501));
#3707=CARTESIAN_POINT('',(0.258824919117644,-1.10867121943009,3.5));
#3708=CARTESIAN_POINT('Ctrl Pts',(-0.195472742663667,-0.901304276070716,
3.5));
#3709=CARTESIAN_POINT('Ctrl Pts',(-0.195472742663667,-0.901304276070716,
3.501));
#3710=CARTESIAN_POINT('Ctrl Pts',(-0.134104998329903,-0.961775433348564,
3.5));
#3711=CARTESIAN_POINT('Ctrl Pts',(-0.134104998329903,-0.961775433348564,
3.501));
#3712=CARTESIAN_POINT('Ctrl Pts',(-0.00817149981749976,-1.08586903460063,
3.5));
#3713=CARTESIAN_POINT('Ctrl Pts',(-0.00817149981749976,-1.08586903460063,
3.501));
#3714=CARTESIAN_POINT('Ctrl Pts',(0.16833204364426,-1.10094289378242,3.5));
#3715=CARTESIAN_POINT('Ctrl Pts',(0.16833204364426,-1.10094289378242,3.501));
#3716=CARTESIAN_POINT('Ctrl Pts',(0.258824919117644,-1.10867121943009,3.5));
#3717=CARTESIAN_POINT('Ctrl Pts',(0.258824919117644,-1.10867121943009,3.501));
#3718=CARTESIAN_POINT('',(-0.195472742663667,-0.901304276070716,3.5));
#3719=CARTESIAN_POINT('Ctrl Pts',(0.258824919117644,-1.10867121943009,3.5));
#3720=CARTESIAN_POINT('Ctrl Pts',(0.16833204364426,-1.10094289378242,3.5));
#3721=CARTESIAN_POINT('Ctrl Pts',(-0.00817149981749976,-1.08586903460063,
3.5));
#3722=CARTESIAN_POINT('Ctrl Pts',(-0.134104998329903,-0.961775433348564,
3.5));
#3723=CARTESIAN_POINT('Ctrl Pts',(-0.195472742663667,-0.901304276070716,
3.5));
#3724=CARTESIAN_POINT('',(-0.195472742663667,-0.901304276070716,3.501));
#3725=CARTESIAN_POINT('Ctrl Pts',(-0.195472742663667,-0.901304276070716,
3.501));
#3726=CARTESIAN_POINT('Ctrl Pts',(-0.134104998329903,-0.961775433348564,
3.501));
#3727=CARTESIAN_POINT('Ctrl Pts',(-0.00817149981749976,-1.08586903460063,
3.501));
#3728=CARTESIAN_POINT('Ctrl Pts',(0.16833204364426,-1.10094289378242,3.501));
#3729=CARTESIAN_POINT('Ctrl Pts',(0.258824919117644,-1.10867121943009,3.501));
#3730=CARTESIAN_POINT('',(-0.195472742663667,-0.901304276070716,3.5));
#3731=CARTESIAN_POINT('Ctrl Pts',(-0.393289829837129,-0.0882073653556131,
3.5));
#3732=CARTESIAN_POINT('Ctrl Pts',(-0.393289829837129,-0.0882073653556131,
3.501));
#3733=CARTESIAN_POINT('Ctrl Pts',(-0.391319327169812,-0.253781763637954,
3.5));
#3734=CARTESIAN_POINT('Ctrl Pts',(-0.391319327169812,-0.253781763637954,
3.501));
#3735=CARTESIAN_POINT('Ctrl Pts',(-0.387893351498919,-0.541654431686786,
3.5));
#3736=CARTESIAN_POINT('Ctrl Pts',(-0.387893351498919,-0.541654431686786,
3.501));
#3737=CARTESIAN_POINT('Ctrl Pts',(-0.252845670285764,-0.794069585275177,
3.5));
#3738=CARTESIAN_POINT('Ctrl Pts',(-0.252845670285764,-0.794069585275177,
3.501));
#3739=CARTESIAN_POINT('Ctrl Pts',(-0.195472742663667,-0.901304276070716,
3.5));
#3740=CARTESIAN_POINT('Ctrl Pts',(-0.195472742663667,-0.901304276070716,
3.501));
#3741=CARTESIAN_POINT('Ctrl Pts',(-0.195472742663667,-0.901304276070716,
3.5));
#3742=CARTESIAN_POINT('Ctrl Pts',(-0.252845670285764,-0.794069585275177,
3.5));
#3743=CARTESIAN_POINT('Ctrl Pts',(-0.387893351498919,-0.541654431686786,
3.5));
#3744=CARTESIAN_POINT('Ctrl Pts',(-0.391319327169812,-0.253781763637954,
3.5));
#3745=CARTESIAN_POINT('Ctrl Pts',(-0.393289829837129,-0.0882073653556131,
3.5));
#3746=CARTESIAN_POINT('Ctrl Pts',(-0.393289829837129,-0.0882073653556131,
3.501));
#3747=CARTESIAN_POINT('Ctrl Pts',(-0.391319327169812,-0.253781763637954,
3.501));
#3748=CARTESIAN_POINT('Ctrl Pts',(-0.387893351498919,-0.541654431686786,
3.501));
#3749=CARTESIAN_POINT('Ctrl Pts',(-0.252845670285764,-0.794069585275177,
3.501));
#3750=CARTESIAN_POINT('Ctrl Pts',(-0.195472742663667,-0.901304276070716,
3.501));
#3751=CARTESIAN_POINT('Origin',(-0.0351720482576345,-0.0875252647019648,
3.501));
#3752=CARTESIAN_POINT('Origin',(0.,-2.77555756156289E-16,3.5));
#3753=CARTESIAN_POINT('',(-4.85,-0.0050000000000007,3.5));
#3754=CARTESIAN_POINT('',(-4.85,0.00500000000000022,3.5));
#3755=CARTESIAN_POINT('',(-4.85,0.00249999999999993,3.5));
#3756=CARTESIAN_POINT('',(-3.2,-1.655,3.5));
#3757=CARTESIAN_POINT('Origin',(-3.2,-0.00500000000000056,3.5));
#3758=CARTESIAN_POINT('',(3.2,-1.655,3.5));
#3759=CARTESIAN_POINT('',(-1.6,-1.655,3.5));
#3760=CARTESIAN_POINT('',(4.85,-0.00500000000000056,3.5));
#3761=CARTESIAN_POINT('Origin',(3.2,-0.00500000000000056,3.5));
#3762=CARTESIAN_POINT('',(4.85,0.00500000000000014,3.5));
#3763=CARTESIAN_POINT('',(4.85,-0.00250000000000042,3.5));
#3764=CARTESIAN_POINT('',(3.2,1.655,3.5));
#3765=CARTESIAN_POINT('Origin',(3.2,0.005,3.5));
#3766=CARTESIAN_POINT('',(-3.2,1.655,3.5));
#3767=CARTESIAN_POINT('',(1.6,1.655,3.5));
#3768=CARTESIAN_POINT('Origin',(-3.2,0.00500000000000195,3.5));
#3769=CARTESIAN_POINT('',(1.16059849108572,-0.0882073653556131,3.5));
#3770=CARTESIAN_POINT('',(1.23358616675253,0.482733904042122,3.5));
#3771=CARTESIAN_POINT('Ctrl Pts',(1.16059849108572,-0.0882073653556131,
3.5));
#3772=CARTESIAN_POINT('Ctrl Pts',(1.16204331521786,0.0191229968589057,3.5));
#3773=CARTESIAN_POINT('Ctrl Pts',(1.16464521162536,0.21240775563995,3.5));
#3774=CARTESIAN_POINT('Ctrl Pts',(1.21236500889127,0.399523077347206,3.5));
#3775=CARTESIAN_POINT('Ctrl Pts',(1.23358616675253,0.482733904042122,3.5));
#3776=CARTESIAN_POINT('',(1.45050296629782,0.816294609227059,3.5));
#3777=CARTESIAN_POINT('Ctrl Pts',(1.23358616675253,0.482733904042122,3.5));
#3778=CARTESIAN_POINT('Ctrl Pts',(1.25943216584594,0.549476790076361,3.5));
#3779=CARTESIAN_POINT('Ctrl Pts',(1.30845316354152,0.676065158769553,3.5));
#3780=CARTESIAN_POINT('Ctrl Pts',(1.40490481475021,0.77128079288006,3.5));
#3781=CARTESIAN_POINT('Ctrl Pts',(1.45050296629782,0.816294609227059,3.5));
#3782=CARTESIAN_POINT('',(1.8127132400405,0.933620690026162,3.5));
#3783=CARTESIAN_POINT('Ctrl Pts',(1.45050296629782,0.816294609227059,3.5));
#3784=CARTESIAN_POINT('Ctrl Pts',(1.50305557742154,0.850496520609385,3.5));
#3785=CARTESIAN_POINT('Ctrl Pts',(1.6130023343188,0.922051276039543,3.5));
#3786=CARTESIAN_POINT('Ctrl Pts',(1.74421691515748,0.929652642631505,3.5));
#3787=CARTESIAN_POINT('Ctrl Pts',(1.8127132400405,0.933620690026162,3.5));
#3788=CARTESIAN_POINT('',(2.09511408652182,0.868818520226357,3.5));
#3789=CARTESIAN_POINT('Ctrl Pts',(1.8127132400405,0.933620690026162,3.5));
#3790=CARTESIAN_POINT('Ctrl Pts',(1.86382142396427,0.93139059480272,3.5));
#3791=CARTESIAN_POINT('Ctrl Pts',(1.96202137914647,0.927105659706598,3.5));
#3792=CARTESIAN_POINT('Ctrl Pts',(2.05197624594804,0.887710474413667,3.5));
#3793=CARTESIAN_POINT('Ctrl Pts',(2.09511408652182,0.868818520226357,3.5));
#3794=CARTESIAN_POINT('',(2.2956598743331,0.681915341534493,3.5));
#3795=CARTESIAN_POINT('Ctrl Pts',(2.09511408652182,0.868818520226357,3.5));
#3796=CARTESIAN_POINT('Ctrl Pts',(2.13401075645941,0.844541171360091,3.5));
#3797=CARTESIAN_POINT('Ctrl Pts',(2.21295523994937,0.795267987567535,3.5));
#3798=CARTESIAN_POINT('Ctrl Pts',(2.26782496518315,0.720065085230798,3.5));
#3799=CARTESIAN_POINT('Ctrl Pts',(2.2956598743331,0.681915341534493,3.5));
#3800=CARTESIAN_POINT('',(2.41980740870352,0.384507535614846,3.5));
#3801=CARTESIAN_POINT('Ctrl Pts',(2.2956598743331,0.681915341534493,3.5));
#3802=CARTESIAN_POINT('Ctrl Pts',(2.32097845725699,0.637535778847997,3.5));
#3803=CARTESIAN_POINT('Ctrl Pts',(2.37458719532416,0.543567946653459,3.5));
#3804=CARTESIAN_POINT('Ctrl Pts',(2.40418708952745,0.439451424708352,3.5));
#3805=CARTESIAN_POINT('Ctrl Pts',(2.41980740870352,0.384507535614846,3.5));
#3806=CARTESIAN_POINT('',(2.46482798899527,-0.0882073653556131,3.5));
#3807=CARTESIAN_POINT('Ctrl Pts',(2.41980740870352,0.384507535614846,3.5));
#3808=CARTESIAN_POINT('Ctrl Pts',(2.43288782759142,0.316084289480794,3.5));
#3809=CARTESIAN_POINT('Ctrl Pts',(2.46271953056113,0.160035620673771,3.5));
#3810=CARTESIAN_POINT('Ctrl Pts',(2.46406978544413,0.00106103591063805,
3.5));
#3811=CARTESIAN_POINT('Ctrl Pts',(2.46482798899527,-0.0882073653556131,
3.5));
#3812=CARTESIAN_POINT('',(2.39252219046469,-0.656420232138755,3.5));
#3813=CARTESIAN_POINT('Ctrl Pts',(2.46482798899527,-0.0882073653556131,
3.5));
#3814=CARTESIAN_POINT('Ctrl Pts',(2.46336847845398,-0.194842213625234,3.5));
#3815=CARTESIAN_POINT('Ctrl Pts',(2.46073615366206,-0.387165288274324,3.5));
#3816=CARTESIAN_POINT('Ctrl Pts',(2.41354699592789,-0.573430877035969,3.5));
#3817=CARTESIAN_POINT('Ctrl Pts',(2.39252219046469,-0.656420232138755,3.5));
#3818=CARTESIAN_POINT('',(2.17628726805563,-0.990662963471534,3.5));
#3819=CARTESIAN_POINT('Ctrl Pts',(2.39252219046469,-0.656420232138755,3.5));
#3820=CARTESIAN_POINT('Ctrl Pts',(2.36685006100645,-0.72320646813171,3.5));
#3821=CARTESIAN_POINT('Ctrl Pts',(2.31811916175397,-0.849980265487257,3.5));
#3822=CARTESIAN_POINT('Ctrl Pts',(2.22184353025461,-0.945475821784889,3.5));
#3823=CARTESIAN_POINT('Ctrl Pts',(2.17628726805563,-0.990662963471534,3.5));
#3824=CARTESIAN_POINT('',(1.8127132400405,-1.10867121943009,3.5));
#3825=CARTESIAN_POINT('Ctrl Pts',(2.17628726805563,-0.990662963471534,3.5));
#3826=CARTESIAN_POINT('Ctrl Pts',(2.12363463182432,-1.02506294975735,3.5));
#3827=CARTESIAN_POINT('Ctrl Pts',(2.01335280582372,-1.09711429558796,3.5));
#3828=CARTESIAN_POINT('Ctrl Pts',(1.88157528318122,-1.10470473662255,3.5));
#3829=CARTESIAN_POINT('Ctrl Pts',(1.8127132400405,-1.10867121943009,3.5));
#3830=CARTESIAN_POINT('',(1.35841557825918,-0.901304276070716,3.5));
#3831=CARTESIAN_POINT('Ctrl Pts',(1.8127132400405,-1.10867121943009,3.5));
#3832=CARTESIAN_POINT('Ctrl Pts',(1.72222036456711,-1.10094289378242,3.5));
#3833=CARTESIAN_POINT('Ctrl Pts',(1.54571682110535,-1.08586903460063,3.5));
#3834=CARTESIAN_POINT('Ctrl Pts',(1.41978332259295,-0.961775433348564,3.5));
#3835=CARTESIAN_POINT('Ctrl Pts',(1.35841557825918,-0.901304276070716,3.5));
#3836=CARTESIAN_POINT('Ctrl Pts',(1.35841557825918,-0.901304276070716,3.5));
#3837=CARTESIAN_POINT('Ctrl Pts',(1.30104265063709,-0.794069585275177,3.5));
#3838=CARTESIAN_POINT('Ctrl Pts',(1.16599496942393,-0.541654431686786,3.5));
#3839=CARTESIAN_POINT('Ctrl Pts',(1.16256899375304,-0.253781763637954,3.5));
#3840=CARTESIAN_POINT('Ctrl Pts',(1.16059849108572,-0.0882073653556131,
3.5));
#3841=CARTESIAN_POINT('',(-1.44922425900583,0.435667096295235,3.5));
#3842=CARTESIAN_POINT('',(-1.69342597876672,0.416567532935021,3.5));
#3843=CARTESIAN_POINT('',(-0.868052267601197,0.481121859201423,3.5));
#3844=CARTESIAN_POINT('',(-1.78619554196481,0.626663027920601,3.5));
#3845=CARTESIAN_POINT('Ctrl Pts',(-1.69342597876672,0.416567532935021,3.5));
#3846=CARTESIAN_POINT('Ctrl Pts',(-1.70380771572633,0.45947245991204,3.5));
#3847=CARTESIAN_POINT('Ctrl Pts',(-1.72215753006021,0.535307307885941,3.5));
#3848=CARTESIAN_POINT('Ctrl Pts',(-1.76680721711688,0.599003918524959,3.5));
#3849=CARTESIAN_POINT('Ctrl Pts',(-1.78619554196481,0.626663027920601,3.5));
#3850=CARTESIAN_POINT('',(-2.03176161204462,0.731710700907586,3.5));
#3851=CARTESIAN_POINT('Ctrl Pts',(-1.78619554196481,0.626663027920601,3.5));
#3852=CARTESIAN_POINT('Ctrl Pts',(-1.82138279944545,0.65730190159303,3.5));
#3853=CARTESIAN_POINT('Ctrl Pts',(-1.89192533718226,0.718725952712669,3.5));
#3854=CARTESIAN_POINT('Ctrl Pts',(-1.98507556334751,0.727375584092266,3.5));
#3855=CARTESIAN_POINT('Ctrl Pts',(-2.03176161204462,0.731710700907586,3.5));
#3856=CARTESIAN_POINT('',(-2.2377643540967,0.666226504959939,3.5));
#3857=CARTESIAN_POINT('Ctrl Pts',(-2.03176161204462,0.731710700907586,3.5));
#3858=CARTESIAN_POINT('Ctrl Pts',(-2.06941889576722,0.729170411383751,3.5));
#3859=CARTESIAN_POINT('Ctrl Pts',(-2.143488166784,0.724173837690649,3.5));
#3860=CARTESIAN_POINT('Ctrl Pts',(-2.20669317164409,0.6853245635391,3.5));
#3861=CARTESIAN_POINT('Ctrl Pts',(-2.2377643540967,0.666226504959939,3.5));
#3862=CARTESIAN_POINT('',(-2.42057477985506,0.419296084561226,3.5));
#3863=CARTESIAN_POINT('Ctrl Pts',(-2.2377643540967,0.666226504959939,3.5));
#3864=CARTESIAN_POINT('Ctrl Pts',(-2.2748930865577,0.633482180946371,3.5));
#3865=CARTESIAN_POINT('Ctrl Pts',(-2.35331604917199,0.564319924986162,3.5));
#3866=CARTESIAN_POINT('Ctrl Pts',(-2.39737512539911,0.469319374497929,3.5));
#3867=CARTESIAN_POINT('Ctrl Pts',(-2.42057477985506,0.419296084561226,3.5));
#3868=CARTESIAN_POINT('',(-2.49015187774782,-0.043186934075477,3.5));
#3869=CARTESIAN_POINT('Ctrl Pts',(-2.42057477985506,0.419296084561226,3.5));
#3870=CARTESIAN_POINT('Ctrl Pts',(-2.44014757761716,0.354127318542895,3.5));
#3871=CARTESIAN_POINT('Ctrl Pts',(-2.48536970691036,0.203557614682525,3.5));
#3872=CARTESIAN_POINT('Ctrl Pts',(-2.48842114602843,0.0461132251278823,
3.5));
#3873=CARTESIAN_POINT('Ctrl Pts',(-2.49015187774782,-0.043186934075477,
3.5));
#3874=CARTESIAN_POINT('',(-2.27323507820253,0.15735870472419,3.5));
#3875=CARTESIAN_POINT('Ctrl Pts',(-2.49015187774782,-0.043186934075477,
3.5));
#3876=CARTESIAN_POINT('Ctrl Pts',(-2.45962823539035,-0.0014217351914389,
3.5));
#3877=CARTESIAN_POINT('Ctrl Pts',(-2.40037320637881,0.0796563367687664,
3.5));
#3878=CARTESIAN_POINT('Ctrl Pts',(-2.31475119965689,0.131985506364245,3.5));
#3879=CARTESIAN_POINT('Ctrl Pts',(-2.27323507820253,0.15735870472419,3.5));
#3880=CARTESIAN_POINT('',(-2.0044765428174,0.222843049683449,3.5));
#3881=CARTESIAN_POINT('Ctrl Pts',(-2.27323507820253,0.15735870472419,3.5));
#3882=CARTESIAN_POINT('Ctrl Pts',(-2.23012774877195,0.17645804541155,3.5));
#3883=CARTESIAN_POINT('Ctrl Pts',(-2.14445839455944,0.214415121486179,3.5));
#3884=CARTESIAN_POINT('Ctrl Pts',(-2.05093873553173,0.220045686888122,3.5));
#3885=CARTESIAN_POINT('Ctrl Pts',(-2.0044765428174,0.222843049683449,3.5));
#3886=CARTESIAN_POINT('',(-1.58633192931299,0.0420790003918387,3.5));
#3887=CARTESIAN_POINT('Ctrl Pts',(-2.0044765428174,0.222843049683449,3.5));
#3888=CARTESIAN_POINT('Ctrl Pts',(-1.9255210075393,0.215162695367476,3.5));
#3889=CARTESIAN_POINT('Ctrl Pts',(-1.76682145430847,0.199725287536519,3.5));
#3890=CARTESIAN_POINT('Ctrl Pts',(-1.64669405126108,0.0948015304640351,
3.5));
#3891=CARTESIAN_POINT('Ctrl Pts',(-1.58633192931299,0.0420790003918387,
3.5));
#3892=CARTESIAN_POINT('',(-1.4137535349,-0.425178797326209,3.5));
#3893=CARTESIAN_POINT('Ctrl Pts',(-1.58633192931299,0.0420790003918387,
3.5));
#3894=CARTESIAN_POINT('Ctrl Pts',(-1.53601670675136,-0.0242760282747145,
3.5));
#3895=CARTESIAN_POINT('Ctrl Pts',(-1.43140843965873,-0.162231982920214,
3.5));
#3896=CARTESIAN_POINT('Ctrl Pts',(-1.4197858232459,-0.335335718260605,3.5));
#3897=CARTESIAN_POINT('Ctrl Pts',(-1.4137535349,-0.425178797326209,3.5));
#3898=CARTESIAN_POINT('',(-1.49492671643381,-0.775110514245155,3.5));
#3899=CARTESIAN_POINT('Ctrl Pts',(-1.4137535349,-0.425178797326209,3.5));
#3900=CARTESIAN_POINT('Ctrl Pts',(-1.41699292058949,-0.486539920015544,
3.5));
#3901=CARTESIAN_POINT('Ctrl Pts',(-1.42340504627211,-0.60799974864484,3.5));
#3902=CARTESIAN_POINT('Ctrl Pts',(-1.47125192839049,-0.719794245114418,
3.5));
#3903=CARTESIAN_POINT('Ctrl Pts',(-1.49492671643381,-0.775110514245155,
3.5));
#3904=CARTESIAN_POINT('',(-1.71798279439096,-1.02272310980332,3.5));
#3905=CARTESIAN_POINT('Ctrl Pts',(-1.49492671643381,-0.775110514245155,
3.5));
#3906=CARTESIAN_POINT('Ctrl Pts',(-1.52394817777024,-0.82549592558444,3.5));
#3907=CARTESIAN_POINT('Ctrl Pts',(-1.58068810667322,-0.924004564553262,
3.5));
#3908=CARTESIAN_POINT('Ctrl Pts',(-1.67292394284224,-0.990324592792433,
3.5));
#3909=CARTESIAN_POINT('Ctrl Pts',(-1.71798279439096,-1.02272310980332,3.5));
#3910=CARTESIAN_POINT('',(-2.03994711791162,-1.10867121943009,3.5));
#3911=CARTESIAN_POINT('Ctrl Pts',(-1.71798279439096,-1.02272310980332,3.5));
#3912=CARTESIAN_POINT('Ctrl Pts',(-1.76749355916414,-1.04778808301566,3.5));
#3913=CARTESIAN_POINT('Ctrl Pts',(-1.86871077491282,-1.09902960216793,3.5));
#3914=CARTESIAN_POINT('Ctrl Pts',(-1.98204879671546,-1.10541120205692,3.5));
#3915=CARTESIAN_POINT('Ctrl Pts',(-2.03994711791162,-1.10867121943009,3.5));
#3916=CARTESIAN_POINT('',(-2.54062941228037,-0.882886738858344,3.5));
#3917=CARTESIAN_POINT('Ctrl Pts',(-2.03994711791162,-1.10867121943009,3.5));
#3918=CARTESIAN_POINT('Ctrl Pts',(-2.13725175968148,-1.09960671348615,3.5));
#3919=CARTESIAN_POINT('Ctrl Pts',(-2.33012553917795,-1.08163937411901,3.5));
#3920=CARTESIAN_POINT('Ctrl Pts',(-2.47088364131747,-0.94873899883276,3.5));
#3921=CARTESIAN_POINT('Ctrl Pts',(-2.54062941228037,-0.882886738858344,
3.5));
#3922=CARTESIAN_POINT('',(-2.73435374652033,-0.13868489988816,3.5));
#3923=CARTESIAN_POINT('Ctrl Pts',(-2.54062941228037,-0.882886738858344,
3.5));
#3924=CARTESIAN_POINT('Ctrl Pts',(-2.59682415756819,-0.78547482643076,3.5));
#3925=CARTESIAN_POINT('Ctrl Pts',(-2.72874177575544,-0.556799575663199,
3.5));
#3926=CARTESIAN_POINT('Ctrl Pts',(-2.73230715846459,-0.29116404442015,3.5));
#3927=CARTESIAN_POINT('Ctrl Pts',(-2.73435374652033,-0.13868489988816,3.5));
#3928=CARTESIAN_POINT('',(-2.52016549860124,0.704425631680367,3.5));
#3929=CARTESIAN_POINT('Ctrl Pts',(-2.73435374652033,-0.13868489988816,3.5));
#3930=CARTESIAN_POINT('Ctrl Pts',(-2.73176234194644,0.0324744380215214,
3.5));
#3931=CARTESIAN_POINT('Ctrl Pts',(-2.72722438152801,0.332201585417045,3.5));
#3932=CARTESIAN_POINT('Ctrl Pts',(-2.58232151184577,0.592689480000001,3.5));
#3933=CARTESIAN_POINT('Ctrl Pts',(-2.52016549860124,0.704425631680367,3.5));
#3934=CARTESIAN_POINT('',(-2.01675495062952,0.933620690026162,3.5));
#3935=CARTESIAN_POINT('Ctrl Pts',(-2.52016549860124,0.704425631680367,3.5));
#3936=CARTESIAN_POINT('Ctrl Pts',(-2.45146256540946,0.771266905277227,3.5));
#3937=CARTESIAN_POINT('Ctrl Pts',(-2.31129948648475,0.907631952173154,3.5));
#3938=CARTESIAN_POINT('Ctrl Pts',(-2.11621565722779,0.924844909402861,3.5));
#3939=CARTESIAN_POINT('Ctrl Pts',(-2.01675495062952,0.933620690026162,3.5));
#3940=CARTESIAN_POINT('',(-1.62998815928583,0.801287798800347,3.5));
#3941=CARTESIAN_POINT('Ctrl Pts',(-2.01675495062952,0.933620690026162,3.5));
#3942=CARTESIAN_POINT('Ctrl Pts',(-1.94287892363692,0.929162250545935,3.5));
#3943=CARTESIAN_POINT('Ctrl Pts',(-1.80145059643832,0.92062701031614,3.5));
#3944=CARTESIAN_POINT('Ctrl Pts',(-1.68541282793778,0.839863806264687,3.5));
#3945=CARTESIAN_POINT('Ctrl Pts',(-1.62998815928583,0.801287798800347,3.5));
#3946=CARTESIAN_POINT('Ctrl Pts',(-1.62998815928583,0.801287798800347,3.5));
#3947=CARTESIAN_POINT('Ctrl Pts',(-1.58458650204931,0.75139483288881,3.5));
#3948=CARTESIAN_POINT('Ctrl Pts',(-1.48962374824894,0.647037993808135,3.5));
#3949=CARTESIAN_POINT('Ctrl Pts',(-1.46307832518565,0.508151834530648,3.5));
#3950=CARTESIAN_POINT('Ctrl Pts',(-1.44922425900583,0.435667096295235,3.5));
#3951=CARTESIAN_POINT('',(2.71448681200857,-0.0882073653556131,3.5));
#3952=CARTESIAN_POINT('',(2.78747448767538,0.482733904042122,3.5));
#3953=CARTESIAN_POINT('Ctrl Pts',(2.71448681200857,-0.0882073653556131,
3.5));
#3954=CARTESIAN_POINT('Ctrl Pts',(2.71593163614071,0.0191229968589057,3.5));
#3955=CARTESIAN_POINT('Ctrl Pts',(2.71853353254821,0.21240775563995,3.5));
#3956=CARTESIAN_POINT('Ctrl Pts',(2.76625332981412,0.399523077347206,3.5));
#3957=CARTESIAN_POINT('Ctrl Pts',(2.78747448767538,0.482733904042122,3.5));
#3958=CARTESIAN_POINT('',(3.00439128722067,0.816294609227059,3.5));
#3959=CARTESIAN_POINT('Ctrl Pts',(2.78747448767538,0.482733904042122,3.5));
#3960=CARTESIAN_POINT('Ctrl Pts',(2.8133204867688,0.549476790076361,3.5));
#3961=CARTESIAN_POINT('Ctrl Pts',(2.86234148446437,0.676065158769553,3.5));
#3962=CARTESIAN_POINT('Ctrl Pts',(2.95879313567306,0.77128079288006,3.5));
#3963=CARTESIAN_POINT('Ctrl Pts',(3.00439128722067,0.816294609227059,3.5));
#3964=CARTESIAN_POINT('',(3.36660156096335,0.933620690026162,3.5));
#3965=CARTESIAN_POINT('Ctrl Pts',(3.00439128722067,0.816294609227059,3.5));
#3966=CARTESIAN_POINT('Ctrl Pts',(3.05694389834439,0.850496520609385,3.5));
#3967=CARTESIAN_POINT('Ctrl Pts',(3.16689065524165,0.922051276039543,3.5));
#3968=CARTESIAN_POINT('Ctrl Pts',(3.29810523608033,0.929652642631505,3.5));
#3969=CARTESIAN_POINT('Ctrl Pts',(3.36660156096335,0.933620690026162,3.5));
#3970=CARTESIAN_POINT('',(3.64900240744467,0.868818520226357,3.5));
#3971=CARTESIAN_POINT('Ctrl Pts',(3.36660156096335,0.933620690026162,3.5));
#3972=CARTESIAN_POINT('Ctrl Pts',(3.4177099566389,0.931390642911716,3.5));
#3973=CARTESIAN_POINT('Ctrl Pts',(3.51590994701586,0.927105816470107,3.5));
#3974=CARTESIAN_POINT('Ctrl Pts',(3.60586476667252,0.887710472774545,3.5));
#3975=CARTESIAN_POINT('Ctrl Pts',(3.64900240744467,0.868818520226357,3.5));
#3976=CARTESIAN_POINT('',(3.84954819525595,0.681915341534493,3.5));
#3977=CARTESIAN_POINT('Ctrl Pts',(3.64900240744467,0.868818520226357,3.5));
#3978=CARTESIAN_POINT('Ctrl Pts',(3.68789907738226,0.844541171360091,3.5));
#3979=CARTESIAN_POINT('Ctrl Pts',(3.76684356087223,0.795267987567535,3.5));
#3980=CARTESIAN_POINT('Ctrl Pts',(3.821713286106,0.720065085230798,3.5));
#3981=CARTESIAN_POINT('Ctrl Pts',(3.84954819525595,0.681915341534493,3.5));
#3982=CARTESIAN_POINT('',(3.97369572962637,0.384507535614846,3.5));
#3983=CARTESIAN_POINT('Ctrl Pts',(3.84954819525595,0.681915341534493,3.5));
#3984=CARTESIAN_POINT('Ctrl Pts',(3.87486677817984,0.637535778847997,3.5));
#3985=CARTESIAN_POINT('Ctrl Pts',(3.92847551624701,0.543567946653459,3.5));
#3986=CARTESIAN_POINT('Ctrl Pts',(3.9580754104503,0.439451424708352,3.5));
#3987=CARTESIAN_POINT('Ctrl Pts',(3.97369572962637,0.384507535614846,3.5));
#3988=CARTESIAN_POINT('',(4.01871630991812,-0.0882073653556131,3.5));
#3989=CARTESIAN_POINT('Ctrl Pts',(3.97369572962637,0.384507535614846,3.5));
#3990=CARTESIAN_POINT('Ctrl Pts',(3.98677614851427,0.316084289480794,3.5));
#3991=CARTESIAN_POINT('Ctrl Pts',(4.01660785148398,0.160035620673771,3.5));
#3992=CARTESIAN_POINT('Ctrl Pts',(4.01795810636698,0.00106103591063805,
3.5));
#3993=CARTESIAN_POINT('Ctrl Pts',(4.01871630991812,-0.0882073653556131,
3.5));
#3994=CARTESIAN_POINT('',(3.94641051138754,-0.656420232138755,3.5));
#3995=CARTESIAN_POINT('Ctrl Pts',(4.01871630991812,-0.0882073653556131,
3.5));
#3996=CARTESIAN_POINT('Ctrl Pts',(4.01725679937683,-0.194842213625234,3.5));
#3997=CARTESIAN_POINT('Ctrl Pts',(4.01462447458491,-0.387165288274324,3.5));
#3998=CARTESIAN_POINT('Ctrl Pts',(3.96743531685074,-0.573430877035969,3.5));
#3999=CARTESIAN_POINT('Ctrl Pts',(3.94641051138754,-0.656420232138755,3.5));
#4000=CARTESIAN_POINT('',(3.73017558897848,-0.990662963471534,3.5));
#4001=CARTESIAN_POINT('Ctrl Pts',(3.94641051138754,-0.656420232138755,3.5));
#4002=CARTESIAN_POINT('Ctrl Pts',(3.9207383819293,-0.72320646813171,3.5));
#4003=CARTESIAN_POINT('Ctrl Pts',(3.87200748267682,-0.849980265487257,3.5));
#4004=CARTESIAN_POINT('Ctrl Pts',(3.77573185117747,-0.945475821784889,3.5));
#4005=CARTESIAN_POINT('Ctrl Pts',(3.73017558897848,-0.990662963471534,3.5));
#4006=CARTESIAN_POINT('',(3.36660156096335,-1.10867121943009,3.5));
#4007=CARTESIAN_POINT('Ctrl Pts',(3.73017558897848,-0.990662963471534,3.5));
#4008=CARTESIAN_POINT('Ctrl Pts',(3.67752295274717,-1.02506294975735,3.5));
#4009=CARTESIAN_POINT('Ctrl Pts',(3.56724112674657,-1.09711429558796,3.5));
#4010=CARTESIAN_POINT('Ctrl Pts',(3.43546360410407,-1.10470473662255,3.5));
#4011=CARTESIAN_POINT('Ctrl Pts',(3.36660156096335,-1.10867121943009,3.5));
#4012=CARTESIAN_POINT('',(2.91230389918204,-0.901304276070716,3.5));
#4013=CARTESIAN_POINT('Ctrl Pts',(3.36660156096335,-1.10867121943009,3.5));
#4014=CARTESIAN_POINT('Ctrl Pts',(3.27610868548996,-1.10094289378242,3.5));
#4015=CARTESIAN_POINT('Ctrl Pts',(3.0996051420282,-1.08586903460063,3.5));
#4016=CARTESIAN_POINT('Ctrl Pts',(2.9736716435158,-0.961775433348564,3.5));
#4017=CARTESIAN_POINT('Ctrl Pts',(2.91230389918204,-0.901304276070716,3.5));
#4018=CARTESIAN_POINT('Ctrl Pts',(2.91230389918204,-0.901304276070716,3.5));
#4019=CARTESIAN_POINT('Ctrl Pts',(2.85493097155994,-0.794069585275177,3.5));
#4020=CARTESIAN_POINT('Ctrl Pts',(2.71988329034679,-0.541654431686786,3.5));
#4021=CARTESIAN_POINT('Ctrl Pts',(2.71645731467589,-0.253781763637954,3.5));
#4022=CARTESIAN_POINT('Ctrl Pts',(2.71448681200857,-0.0882073653556131,
3.5));
#4023=CARTESIAN_POINT('Ctrl Pts',(1.52826557005759,-0.743732543072822,3.5));
#4024=CARTESIAN_POINT('Ctrl Pts',(1.52826557005759,-0.743732543072822,3.501));
#4025=CARTESIAN_POINT('Ctrl Pts',(1.49503902174625,-0.66284773173906,3.5));
#4026=CARTESIAN_POINT('Ctrl Pts',(1.49503902174625,-0.66284773173906,3.501));
#4027=CARTESIAN_POINT('Ctrl Pts',(1.40930754700831,-0.454147926554135,3.5));
#4028=CARTESIAN_POINT('Ctrl Pts',(1.40930754700831,-0.454147926554135,3.501));
#4029=CARTESIAN_POINT('Ctrl Pts',(1.41158885974856,-0.227198847196696,3.5));
#4030=CARTESIAN_POINT('Ctrl Pts',(1.41158885974856,-0.227198847196696,3.501));
#4031=CARTESIAN_POINT('Ctrl Pts',(1.41298601473685,-0.0882073653556131,
3.5));
#4032=CARTESIAN_POINT('Ctrl Pts',(1.41298601473685,-0.0882073653556131,
3.501));
#4033=CARTESIAN_POINT('',(1.41298601473685,-0.0882073653556131,3.5));
#4034=CARTESIAN_POINT('',(1.52826557005759,-0.743732543072822,3.5));
#4035=CARTESIAN_POINT('Ctrl Pts',(1.41298601473685,-0.0882073653556131,
3.5));
#4036=CARTESIAN_POINT('Ctrl Pts',(1.41158885974856,-0.227198847196696,3.5));
#4037=CARTESIAN_POINT('Ctrl Pts',(1.40930754700831,-0.454147926554135,3.5));
#4038=CARTESIAN_POINT('Ctrl Pts',(1.49503902174625,-0.66284773173906,3.5));
#4039=CARTESIAN_POINT('Ctrl Pts',(1.52826557005759,-0.743732543072822,3.5));
#4040=CARTESIAN_POINT('',(1.41298601473685,-0.0882073653556131,3.501));
#4041=CARTESIAN_POINT('',(1.41298601473685,-0.0882073653556131,3.5));
#4042=CARTESIAN_POINT('',(1.52826557005759,-0.743732543072822,3.501));
#4043=CARTESIAN_POINT('Ctrl Pts',(1.52826557005759,-0.743732543072822,3.501));
#4044=CARTESIAN_POINT('Ctrl Pts',(1.49503902174625,-0.66284773173906,3.501));
#4045=CARTESIAN_POINT('Ctrl Pts',(1.40930754700831,-0.454147926554135,3.501));
#4046=CARTESIAN_POINT('Ctrl Pts',(1.41158885974856,-0.227198847196696,3.501));
#4047=CARTESIAN_POINT('Ctrl Pts',(1.41298601473685,-0.0882073653556131,
3.501));
#4048=CARTESIAN_POINT('',(1.52826557005759,-0.743732543072822,3.5));
#4049=CARTESIAN_POINT('Ctrl Pts',(1.8127132400405,-0.906761379323127,3.5));
#4050=CARTESIAN_POINT('Ctrl Pts',(1.8127132400405,-0.906761379323127,3.501));
#4051=CARTESIAN_POINT('Ctrl Pts',(1.75772473619231,-0.898728299307774,3.5));
#4052=CARTESIAN_POINT('Ctrl Pts',(1.75772473619231,-0.898728299307774,3.501));
#4053=CARTESIAN_POINT('Ctrl Pts',(1.64206994686551,-0.881832691829779,3.5));
#4054=CARTESIAN_POINT('Ctrl Pts',(1.64206994686551,-0.881832691829779,3.501));
#4055=CARTESIAN_POINT('Ctrl Pts',(1.56742191492314,-0.791248264369185,3.5));
#4056=CARTESIAN_POINT('Ctrl Pts',(1.56742191492314,-0.791248264369185,3.501));
#4057=CARTESIAN_POINT('Ctrl Pts',(1.52826557005759,-0.743732543072822,3.5));
#4058=CARTESIAN_POINT('Ctrl Pts',(1.52826557005759,-0.743732543072822,3.501));
#4059=CARTESIAN_POINT('',(1.8127132400405,-0.906761379323127,3.5));
#4060=CARTESIAN_POINT('Ctrl Pts',(1.52826557005759,-0.743732543072822,3.5));
#4061=CARTESIAN_POINT('Ctrl Pts',(1.56742191492314,-0.791248264369185,3.5));
#4062=CARTESIAN_POINT('Ctrl Pts',(1.64206994686551,-0.881832691829779,3.5));
#4063=CARTESIAN_POINT('Ctrl Pts',(1.75772473619231,-0.898728299307774,3.5));
#4064=CARTESIAN_POINT('Ctrl Pts',(1.8127132400405,-0.906761379323127,3.5));
#4065=CARTESIAN_POINT('',(1.8127132400405,-0.906761379323127,3.501));
#4066=CARTESIAN_POINT('Ctrl Pts',(1.8127132400405,-0.906761379323127,3.501));
#4067=CARTESIAN_POINT('Ctrl Pts',(1.75772473619231,-0.898728299307774,3.501));
#4068=CARTESIAN_POINT('Ctrl Pts',(1.64206994686551,-0.881832691829779,3.501));
#4069=CARTESIAN_POINT('Ctrl Pts',(1.56742191492314,-0.791248264369185,3.501));
#4070=CARTESIAN_POINT('Ctrl Pts',(1.52826557005759,-0.743732543072822,3.501));
#4071=CARTESIAN_POINT('',(1.8127132400405,-0.906761379323127,3.5));
#4072=CARTESIAN_POINT('Ctrl Pts',(2.09716031397696,-0.743050367913368,3.5));
#4073=CARTESIAN_POINT('Ctrl Pts',(2.09716031397696,-0.743050367913368,3.501));
#4074=CARTESIAN_POINT('Ctrl Pts',(2.05803303274438,-0.790763551802567,3.5));
#4075=CARTESIAN_POINT('Ctrl Pts',(2.05803303274438,-0.790763551802567,3.501));
#4076=CARTESIAN_POINT('Ctrl Pts',(1.98350107150252,-0.881650448625702,3.5));
#4077=CARTESIAN_POINT('Ctrl Pts',(1.98350107150252,-0.881650448625702,3.501));
#4078=CARTESIAN_POINT('Ctrl Pts',(1.86771481598075,-0.898674498953128,3.5));
#4079=CARTESIAN_POINT('Ctrl Pts',(1.86771481598075,-0.898674498953128,3.501));
#4080=CARTESIAN_POINT('Ctrl Pts',(1.8127132400405,-0.906761379323127,3.5));
#4081=CARTESIAN_POINT('Ctrl Pts',(1.8127132400405,-0.906761379323127,3.501));
#4082=CARTESIAN_POINT('',(2.09716031397696,-0.743050367913368,3.5));
#4083=CARTESIAN_POINT('Ctrl Pts',(1.8127132400405,-0.906761379323127,3.5));
#4084=CARTESIAN_POINT('Ctrl Pts',(1.86771481598075,-0.898674498953128,3.5));
#4085=CARTESIAN_POINT('Ctrl Pts',(1.98350107150252,-0.881650448625702,3.5));
#4086=CARTESIAN_POINT('Ctrl Pts',(2.05803303274438,-0.790763551802567,3.5));
#4087=CARTESIAN_POINT('Ctrl Pts',(2.09716031397696,-0.743050367913368,3.5));
#4088=CARTESIAN_POINT('',(2.09716031397696,-0.743050367913368,3.501));
#4089=CARTESIAN_POINT('Ctrl Pts',(2.09716031397696,-0.743050367913368,3.501));
#4090=CARTESIAN_POINT('Ctrl Pts',(2.05803303274438,-0.790763551802567,3.501));
#4091=CARTESIAN_POINT('Ctrl Pts',(1.98350107150252,-0.881650448625702,3.501));
#4092=CARTESIAN_POINT('Ctrl Pts',(1.86771481598075,-0.898674498953128,3.501));
#4093=CARTESIAN_POINT('Ctrl Pts',(1.8127132400405,-0.906761379323127,3.501));
#4094=CARTESIAN_POINT('',(2.09716031397696,-0.743050367913368,3.5));
#4095=CARTESIAN_POINT('Ctrl Pts',(2.21244046534415,-0.0882073653556131,
3.5));
#4096=CARTESIAN_POINT('Ctrl Pts',(2.21244046534415,-0.0882073653556131,
3.501));
#4097=CARTESIAN_POINT('Ctrl Pts',(2.21378882676104,-0.226904116613644,3.5));
#4098=CARTESIAN_POINT('Ctrl Pts',(2.21378882676104,-0.226904116613644,3.501));
#4099=CARTESIAN_POINT('Ctrl Pts',(2.21599276595726,-0.453608324146942,3.5));
#4100=CARTESIAN_POINT('Ctrl Pts',(2.21599276595726,-0.453608324146942,3.501));
#4101=CARTESIAN_POINT('Ctrl Pts',(2.13039118217923,-0.662109427553139,3.5));
#4102=CARTESIAN_POINT('Ctrl Pts',(2.13039118217923,-0.662109427553139,3.501));
#4103=CARTESIAN_POINT('Ctrl Pts',(2.09716031397696,-0.743050367913368,3.5));
#4104=CARTESIAN_POINT('Ctrl Pts',(2.09716031397696,-0.743050367913368,3.501));
#4105=CARTESIAN_POINT('',(2.21244046534415,-0.0882073653556131,3.5));
#4106=CARTESIAN_POINT('Ctrl Pts',(2.09716031397696,-0.743050367913368,3.5));
#4107=CARTESIAN_POINT('Ctrl Pts',(2.13039118217923,-0.662109427553139,3.5));
#4108=CARTESIAN_POINT('Ctrl Pts',(2.21599276595726,-0.453608324146942,3.5));
#4109=CARTESIAN_POINT('Ctrl Pts',(2.21378882676104,-0.226904116613644,3.5));
#4110=CARTESIAN_POINT('Ctrl Pts',(2.21244046534415,-0.0882073653556131,
3.5));
#4111=CARTESIAN_POINT('',(2.21244046534415,-0.0882073653556131,3.501));
#4112=CARTESIAN_POINT('Ctrl Pts',(2.21244046534415,-0.0882073653556131,
3.501));
#4113=CARTESIAN_POINT('Ctrl Pts',(2.21378882676104,-0.226904116613644,3.501));
#4114=CARTESIAN_POINT('Ctrl Pts',(2.21599276595726,-0.453608324146942,3.501));
#4115=CARTESIAN_POINT('Ctrl Pts',(2.13039118217923,-0.662109427553139,3.501));
#4116=CARTESIAN_POINT('Ctrl Pts',(2.09716031397696,-0.743050367913368,3.501));
#4117=CARTESIAN_POINT('',(2.21244046534415,-0.0882073653556131,3.5));
#4118=CARTESIAN_POINT('Ctrl Pts',(2.09716031397696,0.56799998752105,3.5));
#4119=CARTESIAN_POINT('Ctrl Pts',(2.09716031397696,0.56799998752105,3.501));
#4120=CARTESIAN_POINT('Ctrl Pts',(2.13038301050779,0.487171331508676,3.5));
#4121=CARTESIAN_POINT('Ctrl Pts',(2.13038301050779,0.487171331508676,3.501));
#4122=CARTESIAN_POINT('Ctrl Pts',(2.2162456423609,0.278273142647634,3.5));
#4123=CARTESIAN_POINT('Ctrl Pts',(2.2162456423609,0.278273142647634,3.501));
#4124=CARTESIAN_POINT('Ctrl Pts',(2.21388667876919,0.0510789354805003,3.5));
#4125=CARTESIAN_POINT('Ctrl Pts',(2.21388667876919,0.0510789354805003,3.501));
#4126=CARTESIAN_POINT('Ctrl Pts',(2.21244046534415,-0.0882073653556131,
3.5));
#4127=CARTESIAN_POINT('Ctrl Pts',(2.21244046534415,-0.0882073653556131,
3.501));
#4128=CARTESIAN_POINT('',(2.09716031397696,0.56799998752105,3.5));
#4129=CARTESIAN_POINT('Ctrl Pts',(2.21244046534415,-0.0882073653556131,
3.5));
#4130=CARTESIAN_POINT('Ctrl Pts',(2.21388667876919,0.0510789354805002,3.5));
#4131=CARTESIAN_POINT('Ctrl Pts',(2.2162456423609,0.278273142647634,3.5));
#4132=CARTESIAN_POINT('Ctrl Pts',(2.13038301050779,0.487171331508676,3.5));
#4133=CARTESIAN_POINT('Ctrl Pts',(2.09716031397696,0.56799998752105,3.5));
#4134=CARTESIAN_POINT('',(2.09716031397696,0.56799998752105,3.501));
#4135=CARTESIAN_POINT('Ctrl Pts',(2.09716031397696,0.56799998752105,3.501));
#4136=CARTESIAN_POINT('Ctrl Pts',(2.13038301050779,0.487171331508676,3.501));
#4137=CARTESIAN_POINT('Ctrl Pts',(2.2162456423609,0.278273142647634,3.501));
#4138=CARTESIAN_POINT('Ctrl Pts',(2.21388667876919,0.0510789354805002,3.501));
#4139=CARTESIAN_POINT('Ctrl Pts',(2.21244046534415,-0.0882073653556131,
3.501));
#4140=CARTESIAN_POINT('',(2.09716031397696,0.56799998752105,3.5));
#4141=CARTESIAN_POINT('Ctrl Pts',(1.80998453940268,0.730346499600289,3.5));
#4142=CARTESIAN_POINT('Ctrl Pts',(1.80998453940268,0.730346499600289,3.501));
#4143=CARTESIAN_POINT('Ctrl Pts',(1.86568236142022,0.722478132029698,3.5));
#4144=CARTESIAN_POINT('Ctrl Pts',(1.86568236142022,0.722478132029698,3.501));
#4145=CARTESIAN_POINT('Ctrl Pts',(1.98214682898418,0.706025329989829,3.5));
#4146=CARTESIAN_POINT('Ctrl Pts',(1.98214682898418,0.706025329989829,3.501));
#4147=CARTESIAN_POINT('Ctrl Pts',(2.05772602079356,0.61532428016373,3.5));
#4148=CARTESIAN_POINT('Ctrl Pts',(2.05772602079356,0.61532428016373,3.501));
#4149=CARTESIAN_POINT('Ctrl Pts',(2.09716031397696,0.56799998752105,3.5));
#4150=CARTESIAN_POINT('Ctrl Pts',(2.09716031397696,0.56799998752105,3.501));
#4151=CARTESIAN_POINT('',(1.80998453940268,0.730346499600289,3.5));
#4152=CARTESIAN_POINT('Ctrl Pts',(2.09716031397696,0.56799998752105,3.5));
#4153=CARTESIAN_POINT('Ctrl Pts',(2.05772602079356,0.61532428016373,3.5));
#4154=CARTESIAN_POINT('Ctrl Pts',(1.98214682898418,0.706025329989829,3.5));
#4155=CARTESIAN_POINT('Ctrl Pts',(1.86568236142022,0.722478132029698,3.5));
#4156=CARTESIAN_POINT('Ctrl Pts',(1.80998453940268,0.730346499600289,3.5));
#4157=CARTESIAN_POINT('',(1.80998453940268,0.730346499600289,3.501));
#4158=CARTESIAN_POINT('Ctrl Pts',(1.80998453940268,0.730346499600289,3.501));
#4159=CARTESIAN_POINT('Ctrl Pts',(1.86568236142022,0.722478132029698,3.501));
#4160=CARTESIAN_POINT('Ctrl Pts',(1.98214682898418,0.706025329989829,3.501));
#4161=CARTESIAN_POINT('Ctrl Pts',(2.05772602079356,0.61532428016373,3.501));
#4162=CARTESIAN_POINT('Ctrl Pts',(2.09716031397696,0.56799998752105,3.501));
#4163=CARTESIAN_POINT('',(1.80998453940268,0.730346499600289,3.5));
#4164=CARTESIAN_POINT('Ctrl Pts',(1.53986165369864,0.587099550881264,3.5));
#4165=CARTESIAN_POINT('Ctrl Pts',(1.53986165369864,0.587099550881264,3.501));
#4166=CARTESIAN_POINT('Ctrl Pts',(1.5760540403768,0.62887854503433,3.5));
#4167=CARTESIAN_POINT('Ctrl Pts',(1.5760540403768,0.62887854503433,3.501));
#4168=CARTESIAN_POINT('Ctrl Pts',(1.64768713695147,0.71156882875539,3.5));
#4169=CARTESIAN_POINT('Ctrl Pts',(1.64768713695147,0.71156882875539,3.501));
#4170=CARTESIAN_POINT('Ctrl Pts',(1.7562651906021,0.724131216825922,3.5));
#4171=CARTESIAN_POINT('Ctrl Pts',(1.7562651906021,0.724131216825922,3.501));
#4172=CARTESIAN_POINT('Ctrl Pts',(1.80998453940268,0.730346499600289,3.5));
#4173=CARTESIAN_POINT('Ctrl Pts',(1.80998453940268,0.730346499600289,3.501));
#4174=CARTESIAN_POINT('',(1.53986165369864,0.587099550881264,3.5));
#4175=CARTESIAN_POINT('Ctrl Pts',(1.80998453940268,0.730346499600289,3.5));
#4176=CARTESIAN_POINT('Ctrl Pts',(1.7562651906021,0.724131216825922,3.5));
#4177=CARTESIAN_POINT('Ctrl Pts',(1.64768713695147,0.71156882875539,3.5));
#4178=CARTESIAN_POINT('Ctrl Pts',(1.5760540403768,0.62887854503433,3.5));
#4179=CARTESIAN_POINT('Ctrl Pts',(1.53986165369864,0.587099550881264,3.5));
#4180=CARTESIAN_POINT('',(1.53986165369864,0.587099550881264,3.501));
#4181=CARTESIAN_POINT('Ctrl Pts',(1.53986165369864,0.587099550881264,3.501));
#4182=CARTESIAN_POINT('Ctrl Pts',(1.5760540403768,0.62887854503433,3.501));
#4183=CARTESIAN_POINT('Ctrl Pts',(1.64768713695147,0.71156882875539,3.501));
#4184=CARTESIAN_POINT('Ctrl Pts',(1.7562651906021,0.724131216825922,3.501));
#4185=CARTESIAN_POINT('Ctrl Pts',(1.80998453940268,0.730346499600289,3.501));
#4186=CARTESIAN_POINT('',(1.53986165369864,0.587099550881264,3.5));
#4187=CARTESIAN_POINT('Ctrl Pts',(1.41298601473685,-0.0882073653556131,
3.5));
#4188=CARTESIAN_POINT('Ctrl Pts',(1.41298601473685,-0.0882073653556131,
3.501));
#4189=CARTESIAN_POINT('Ctrl Pts',(1.41242750421771,0.0525632848274329,3.5));
#4190=CARTESIAN_POINT('Ctrl Pts',(1.41242750421771,0.0525632848274329,3.501));
#4191=CARTESIAN_POINT('Ctrl Pts',(1.4114972429443,0.287032430551261,3.5));
#4192=CARTESIAN_POINT('Ctrl Pts',(1.4114972429443,0.287032430551261,3.501));
#4193=CARTESIAN_POINT('Ctrl Pts',(1.50321101952182,0.501424322123699,3.5));
#4194=CARTESIAN_POINT('Ctrl Pts',(1.50321101952182,0.501424322123699,3.501));
#4195=CARTESIAN_POINT('Ctrl Pts',(1.53986165369864,0.587099550881264,3.5));
#4196=CARTESIAN_POINT('Ctrl Pts',(1.53986165369864,0.587099550881264,3.501));
#4197=CARTESIAN_POINT('Ctrl Pts',(1.53986165369864,0.587099550881264,3.5));
#4198=CARTESIAN_POINT('Ctrl Pts',(1.50321101952182,0.501424322123699,3.5));
#4199=CARTESIAN_POINT('Ctrl Pts',(1.4114972429443,0.287032430551261,3.5));
#4200=CARTESIAN_POINT('Ctrl Pts',(1.41242750421771,0.0525632848274329,3.5));
#4201=CARTESIAN_POINT('Ctrl Pts',(1.41298601473685,-0.0882073653556131,
3.5));
#4202=CARTESIAN_POINT('Ctrl Pts',(1.41298601473685,-0.0882073653556131,
3.501));
#4203=CARTESIAN_POINT('Ctrl Pts',(1.41242750421771,0.0525632848274329,3.501));
#4204=CARTESIAN_POINT('Ctrl Pts',(1.4114972429443,0.287032430551261,3.501));
#4205=CARTESIAN_POINT('Ctrl Pts',(1.50321101952182,0.501424322123699,3.501));
#4206=CARTESIAN_POINT('Ctrl Pts',(1.53986165369864,0.587099550881264,3.501));
#4207=CARTESIAN_POINT('Ctrl Pts',(1.23358616675253,0.482733904042122,3.5));
#4208=CARTESIAN_POINT('Ctrl Pts',(1.23358616675253,0.482733904042122,3.501));
#4209=CARTESIAN_POINT('Ctrl Pts',(1.21236500889127,0.399523077347206,3.5));
#4210=CARTESIAN_POINT('Ctrl Pts',(1.21236500889127,0.399523077347206,3.501));
#4211=CARTESIAN_POINT('Ctrl Pts',(1.16464521162536,0.21240775563995,3.5));
#4212=CARTESIAN_POINT('Ctrl Pts',(1.16464521162536,0.21240775563995,3.501));
#4213=CARTESIAN_POINT('Ctrl Pts',(1.16204331521786,0.0191229968589057,3.5));
#4214=CARTESIAN_POINT('Ctrl Pts',(1.16204331521786,0.0191229968589057,3.501));
#4215=CARTESIAN_POINT('Ctrl Pts',(1.16059849108572,-0.0882073653556131,
3.5));
#4216=CARTESIAN_POINT('Ctrl Pts',(1.16059849108572,-0.0882073653556131,
3.501));
#4217=CARTESIAN_POINT('',(1.16059849108572,-0.0882073653556131,3.501));
#4218=CARTESIAN_POINT('',(1.16059849108572,-0.0882073653556131,3.5));
#4219=CARTESIAN_POINT('',(1.23358616675253,0.482733904042122,3.501));
#4220=CARTESIAN_POINT('Ctrl Pts',(1.23358616675253,0.482733904042122,3.501));
#4221=CARTESIAN_POINT('Ctrl Pts',(1.21236500889127,0.399523077347206,3.501));
#4222=CARTESIAN_POINT('Ctrl Pts',(1.16464521162536,0.21240775563995,3.501));
#4223=CARTESIAN_POINT('Ctrl Pts',(1.16204331521786,0.0191229968589057,3.501));
#4224=CARTESIAN_POINT('Ctrl Pts',(1.16059849108572,-0.0882073653556131,
3.501));
#4225=CARTESIAN_POINT('',(1.23358616675253,0.482733904042122,3.5));
#4226=CARTESIAN_POINT('Ctrl Pts',(1.45050296629782,0.816294609227059,3.5));
#4227=CARTESIAN_POINT('Ctrl Pts',(1.45050296629782,0.816294609227059,3.501));
#4228=CARTESIAN_POINT('Ctrl Pts',(1.40490481475021,0.77128079288006,3.5));
#4229=CARTESIAN_POINT('Ctrl Pts',(1.40490481475021,0.77128079288006,3.501));
#4230=CARTESIAN_POINT('Ctrl Pts',(1.30845316354152,0.676065158769553,3.5));
#4231=CARTESIAN_POINT('Ctrl Pts',(1.30845316354152,0.676065158769553,3.501));
#4232=CARTESIAN_POINT('Ctrl Pts',(1.25943216584594,0.549476790076361,3.5));
#4233=CARTESIAN_POINT('Ctrl Pts',(1.25943216584594,0.549476790076361,3.501));
#4234=CARTESIAN_POINT('Ctrl Pts',(1.23358616675253,0.482733904042122,3.5));
#4235=CARTESIAN_POINT('Ctrl Pts',(1.23358616675253,0.482733904042122,3.501));
#4236=CARTESIAN_POINT('',(1.45050296629782,0.816294609227059,3.501));
#4237=CARTESIAN_POINT('Ctrl Pts',(1.45050296629782,0.816294609227059,3.501));
#4238=CARTESIAN_POINT('Ctrl Pts',(1.40490481475021,0.77128079288006,3.501));
#4239=CARTESIAN_POINT('Ctrl Pts',(1.30845316354152,0.676065158769553,3.501));
#4240=CARTESIAN_POINT('Ctrl Pts',(1.25943216584594,0.549476790076361,3.501));
#4241=CARTESIAN_POINT('Ctrl Pts',(1.23358616675253,0.482733904042122,3.501));
#4242=CARTESIAN_POINT('',(1.45050296629782,0.816294609227059,3.5));
#4243=CARTESIAN_POINT('Ctrl Pts',(1.8127132400405,0.933620690026162,3.5));
#4244=CARTESIAN_POINT('Ctrl Pts',(1.8127132400405,0.933620690026162,3.501));
#4245=CARTESIAN_POINT('Ctrl Pts',(1.74421691515748,0.929652642631505,3.5));
#4246=CARTESIAN_POINT('Ctrl Pts',(1.74421691515748,0.929652642631505,3.501));
#4247=CARTESIAN_POINT('Ctrl Pts',(1.6130023343188,0.922051276039543,3.5));
#4248=CARTESIAN_POINT('Ctrl Pts',(1.6130023343188,0.922051276039543,3.501));
#4249=CARTESIAN_POINT('Ctrl Pts',(1.50305557742154,0.850496520609385,3.5));
#4250=CARTESIAN_POINT('Ctrl Pts',(1.50305557742154,0.850496520609385,3.501));
#4251=CARTESIAN_POINT('Ctrl Pts',(1.45050296629782,0.816294609227059,3.5));
#4252=CARTESIAN_POINT('Ctrl Pts',(1.45050296629782,0.816294609227059,3.501));
#4253=CARTESIAN_POINT('',(1.8127132400405,0.933620690026162,3.501));
#4254=CARTESIAN_POINT('Ctrl Pts',(1.8127132400405,0.933620690026162,3.501));
#4255=CARTESIAN_POINT('Ctrl Pts',(1.74421691515748,0.929652642631505,3.501));
#4256=CARTESIAN_POINT('Ctrl Pts',(1.6130023343188,0.922051276039543,3.501));
#4257=CARTESIAN_POINT('Ctrl Pts',(1.50305557742154,0.850496520609385,3.501));
#4258=CARTESIAN_POINT('Ctrl Pts',(1.45050296629782,0.816294609227059,3.501));
#4259=CARTESIAN_POINT('',(1.8127132400405,0.933620690026162,3.5));
#4260=CARTESIAN_POINT('Ctrl Pts',(2.09511408652182,0.868818520226357,3.5));
#4261=CARTESIAN_POINT('Ctrl Pts',(2.09511408652182,0.868818520226357,3.501));
#4262=CARTESIAN_POINT('Ctrl Pts',(2.05197624594804,0.887710474413667,3.5));
#4263=CARTESIAN_POINT('Ctrl Pts',(2.05197624594804,0.887710474413667,3.501));
#4264=CARTESIAN_POINT('Ctrl Pts',(1.96202137914647,0.927105659706598,3.5));
#4265=CARTESIAN_POINT('Ctrl Pts',(1.96202137914647,0.927105659706598,3.501));
#4266=CARTESIAN_POINT('Ctrl Pts',(1.86382142396427,0.93139059480272,3.5));
#4267=CARTESIAN_POINT('Ctrl Pts',(1.86382142396427,0.93139059480272,3.501));
#4268=CARTESIAN_POINT('Ctrl Pts',(1.8127132400405,0.933620690026162,3.5));
#4269=CARTESIAN_POINT('Ctrl Pts',(1.8127132400405,0.933620690026162,3.501));
#4270=CARTESIAN_POINT('',(2.09511408652182,0.868818520226357,3.501));
#4271=CARTESIAN_POINT('Ctrl Pts',(2.09511408652182,0.868818520226357,3.501));
#4272=CARTESIAN_POINT('Ctrl Pts',(2.05197624594804,0.887710474413667,3.501));
#4273=CARTESIAN_POINT('Ctrl Pts',(1.96202137914647,0.927105659706598,3.501));
#4274=CARTESIAN_POINT('Ctrl Pts',(1.86382142396427,0.93139059480272,3.501));
#4275=CARTESIAN_POINT('Ctrl Pts',(1.8127132400405,0.933620690026162,3.501));
#4276=CARTESIAN_POINT('',(2.09511408652182,0.868818520226357,3.5));
#4277=CARTESIAN_POINT('Ctrl Pts',(2.2956598743331,0.681915341534493,3.5));
#4278=CARTESIAN_POINT('Ctrl Pts',(2.2956598743331,0.681915341534493,3.501));
#4279=CARTESIAN_POINT('Ctrl Pts',(2.26782496518315,0.720065085230798,3.5));
#4280=CARTESIAN_POINT('Ctrl Pts',(2.26782496518315,0.720065085230798,3.501));
#4281=CARTESIAN_POINT('Ctrl Pts',(2.21295523994937,0.795267987567535,3.5));
#4282=CARTESIAN_POINT('Ctrl Pts',(2.21295523994937,0.795267987567535,3.501));
#4283=CARTESIAN_POINT('Ctrl Pts',(2.13401075645941,0.844541171360091,3.5));
#4284=CARTESIAN_POINT('Ctrl Pts',(2.13401075645941,0.844541171360091,3.501));
#4285=CARTESIAN_POINT('Ctrl Pts',(2.09511408652182,0.868818520226357,3.5));
#4286=CARTESIAN_POINT('Ctrl Pts',(2.09511408652182,0.868818520226357,3.501));
#4287=CARTESIAN_POINT('',(2.2956598743331,0.681915341534493,3.501));
#4288=CARTESIAN_POINT('Ctrl Pts',(2.2956598743331,0.681915341534493,3.501));
#4289=CARTESIAN_POINT('Ctrl Pts',(2.26782496518315,0.720065085230798,3.501));
#4290=CARTESIAN_POINT('Ctrl Pts',(2.21295523994937,0.795267987567535,3.501));
#4291=CARTESIAN_POINT('Ctrl Pts',(2.13401075645941,0.844541171360091,3.501));
#4292=CARTESIAN_POINT('Ctrl Pts',(2.09511408652182,0.868818520226357,3.501));
#4293=CARTESIAN_POINT('',(2.2956598743331,0.681915341534493,3.5));
#4294=CARTESIAN_POINT('Ctrl Pts',(2.41980740870352,0.384507535614846,3.5));
#4295=CARTESIAN_POINT('Ctrl Pts',(2.41980740870352,0.384507535614846,3.501));
#4296=CARTESIAN_POINT('Ctrl Pts',(2.40418708952745,0.439451424708352,3.5));
#4297=CARTESIAN_POINT('Ctrl Pts',(2.40418708952745,0.439451424708352,3.501));
#4298=CARTESIAN_POINT('Ctrl Pts',(2.37458719532416,0.543567946653459,3.5));
#4299=CARTESIAN_POINT('Ctrl Pts',(2.37458719532416,0.543567946653459,3.501));
#4300=CARTESIAN_POINT('Ctrl Pts',(2.32097845725699,0.637535778847997,3.5));
#4301=CARTESIAN_POINT('Ctrl Pts',(2.32097845725699,0.637535778847997,3.501));
#4302=CARTESIAN_POINT('Ctrl Pts',(2.2956598743331,0.681915341534493,3.5));
#4303=CARTESIAN_POINT('Ctrl Pts',(2.2956598743331,0.681915341534493,3.501));
#4304=CARTESIAN_POINT('',(2.41980740870352,0.384507535614846,3.501));
#4305=CARTESIAN_POINT('Ctrl Pts',(2.41980740870352,0.384507535614846,3.501));
#4306=CARTESIAN_POINT('Ctrl Pts',(2.40418708952745,0.439451424708352,3.501));
#4307=CARTESIAN_POINT('Ctrl Pts',(2.37458719532416,0.543567946653459,3.501));
#4308=CARTESIAN_POINT('Ctrl Pts',(2.32097845725699,0.637535778847997,3.501));
#4309=CARTESIAN_POINT('Ctrl Pts',(2.2956598743331,0.681915341534493,3.501));
#4310=CARTESIAN_POINT('',(2.41980740870352,0.384507535614846,3.5));
#4311=CARTESIAN_POINT('Ctrl Pts',(2.46482798899527,-0.0882073653556131,
3.5));
#4312=CARTESIAN_POINT('Ctrl Pts',(2.46482798899527,-0.0882073653556131,
3.501));
#4313=CARTESIAN_POINT('Ctrl Pts',(2.46406978544413,0.00106103591063805,
3.5));
#4314=CARTESIAN_POINT('Ctrl Pts',(2.46406978544413,0.00106103591063805,
3.501));
#4315=CARTESIAN_POINT('Ctrl Pts',(2.46271953056113,0.160035620673771,3.5));
#4316=CARTESIAN_POINT('Ctrl Pts',(2.46271953056113,0.160035620673771,3.501));
#4317=CARTESIAN_POINT('Ctrl Pts',(2.43288782759142,0.316084289480794,3.5));
#4318=CARTESIAN_POINT('Ctrl Pts',(2.43288782759142,0.316084289480794,3.501));
#4319=CARTESIAN_POINT('Ctrl Pts',(2.41980740870352,0.384507535614846,3.5));
#4320=CARTESIAN_POINT('Ctrl Pts',(2.41980740870352,0.384507535614846,3.501));
#4321=CARTESIAN_POINT('',(2.46482798899527,-0.0882073653556131,3.501));
#4322=CARTESIAN_POINT('Ctrl Pts',(2.46482798899527,-0.0882073653556131,
3.501));
#4323=CARTESIAN_POINT('Ctrl Pts',(2.46406978544413,0.00106103591063805,
3.501));
#4324=CARTESIAN_POINT('Ctrl Pts',(2.46271953056113,0.160035620673771,3.501));
#4325=CARTESIAN_POINT('Ctrl Pts',(2.43288782759142,0.316084289480794,3.501));
#4326=CARTESIAN_POINT('Ctrl Pts',(2.41980740870352,0.384507535614846,3.501));
#4327=CARTESIAN_POINT('',(2.46482798899527,-0.0882073653556131,3.5));
#4328=CARTESIAN_POINT('Ctrl Pts',(2.39252219046469,-0.656420232138755,3.5));
#4329=CARTESIAN_POINT('Ctrl Pts',(2.39252219046469,-0.656420232138755,3.501));
#4330=CARTESIAN_POINT('Ctrl Pts',(2.41354699592789,-0.573430877035969,3.5));
#4331=CARTESIAN_POINT('Ctrl Pts',(2.41354699592789,-0.573430877035969,3.501));
#4332=CARTESIAN_POINT('Ctrl Pts',(2.46073615366206,-0.387165288274324,3.5));
#4333=CARTESIAN_POINT('Ctrl Pts',(2.46073615366206,-0.387165288274324,3.501));
#4334=CARTESIAN_POINT('Ctrl Pts',(2.46336847845398,-0.194842213625234,3.5));
#4335=CARTESIAN_POINT('Ctrl Pts',(2.46336847845398,-0.194842213625234,3.501));
#4336=CARTESIAN_POINT('Ctrl Pts',(2.46482798899527,-0.0882073653556131,
3.5));
#4337=CARTESIAN_POINT('Ctrl Pts',(2.46482798899527,-0.0882073653556131,
3.501));
#4338=CARTESIAN_POINT('',(2.39252219046469,-0.656420232138755,3.501));
#4339=CARTESIAN_POINT('Ctrl Pts',(2.39252219046469,-0.656420232138755,3.501));
#4340=CARTESIAN_POINT('Ctrl Pts',(2.41354699592789,-0.573430877035969,3.501));
#4341=CARTESIAN_POINT('Ctrl Pts',(2.46073615366206,-0.387165288274324,3.501));
#4342=CARTESIAN_POINT('Ctrl Pts',(2.46336847845398,-0.194842213625234,3.501));
#4343=CARTESIAN_POINT('Ctrl Pts',(2.46482798899527,-0.0882073653556131,
3.501));
#4344=CARTESIAN_POINT('',(2.39252219046469,-0.656420232138755,3.5));
#4345=CARTESIAN_POINT('Ctrl Pts',(2.17628726805563,-0.990662963471534,3.5));
#4346=CARTESIAN_POINT('Ctrl Pts',(2.17628726805563,-0.990662963471534,3.501));
#4347=CARTESIAN_POINT('Ctrl Pts',(2.22184353025461,-0.945475821784889,3.5));
#4348=CARTESIAN_POINT('Ctrl Pts',(2.22184353025461,-0.945475821784889,3.501));
#4349=CARTESIAN_POINT('Ctrl Pts',(2.31811916175397,-0.849980265487257,3.5));
#4350=CARTESIAN_POINT('Ctrl Pts',(2.31811916175397,-0.849980265487257,3.501));
#4351=CARTESIAN_POINT('Ctrl Pts',(2.36685006100645,-0.72320646813171,3.5));
#4352=CARTESIAN_POINT('Ctrl Pts',(2.36685006100645,-0.72320646813171,3.501));
#4353=CARTESIAN_POINT('Ctrl Pts',(2.39252219046469,-0.656420232138755,3.5));
#4354=CARTESIAN_POINT('Ctrl Pts',(2.39252219046469,-0.656420232138755,3.501));
#4355=CARTESIAN_POINT('',(2.17628726805563,-0.990662963471534,3.501));
#4356=CARTESIAN_POINT('Ctrl Pts',(2.17628726805563,-0.990662963471534,3.501));
#4357=CARTESIAN_POINT('Ctrl Pts',(2.22184353025461,-0.945475821784889,3.501));
#4358=CARTESIAN_POINT('Ctrl Pts',(2.31811916175397,-0.849980265487257,3.501));
#4359=CARTESIAN_POINT('Ctrl Pts',(2.36685006100645,-0.72320646813171,3.501));
#4360=CARTESIAN_POINT('Ctrl Pts',(2.39252219046469,-0.656420232138755,3.501));
#4361=CARTESIAN_POINT('',(2.17628726805563,-0.990662963471534,3.5));
#4362=CARTESIAN_POINT('Ctrl Pts',(1.8127132400405,-1.10867121943009,3.5));
#4363=CARTESIAN_POINT('Ctrl Pts',(1.8127132400405,-1.10867121943009,3.501));
#4364=CARTESIAN_POINT('Ctrl Pts',(1.88157528318122,-1.10470473662255,3.5));
#4365=CARTESIAN_POINT('Ctrl Pts',(1.88157528318122,-1.10470473662255,3.501));
#4366=CARTESIAN_POINT('Ctrl Pts',(2.01335280582372,-1.09711429558796,3.5));
#4367=CARTESIAN_POINT('Ctrl Pts',(2.01335280582372,-1.09711429558796,3.501));
#4368=CARTESIAN_POINT('Ctrl Pts',(2.12363463182432,-1.02506294975735,3.5));
#4369=CARTESIAN_POINT('Ctrl Pts',(2.12363463182432,-1.02506294975735,3.501));
#4370=CARTESIAN_POINT('Ctrl Pts',(2.17628726805563,-0.990662963471534,3.5));
#4371=CARTESIAN_POINT('Ctrl Pts',(2.17628726805563,-0.990662963471534,3.501));
#4372=CARTESIAN_POINT('',(1.8127132400405,-1.10867121943009,3.501));
#4373=CARTESIAN_POINT('Ctrl Pts',(1.8127132400405,-1.10867121943009,3.501));
#4374=CARTESIAN_POINT('Ctrl Pts',(1.88157528318122,-1.10470473662255,3.501));
#4375=CARTESIAN_POINT('Ctrl Pts',(2.01335280582372,-1.09711429558796,3.501));
#4376=CARTESIAN_POINT('Ctrl Pts',(2.12363463182432,-1.02506294975735,3.501));
#4377=CARTESIAN_POINT('Ctrl Pts',(2.17628726805563,-0.990662963471534,3.501));
#4378=CARTESIAN_POINT('',(1.8127132400405,-1.10867121943009,3.5));
#4379=CARTESIAN_POINT('Ctrl Pts',(1.35841557825918,-0.901304276070716,3.5));
#4380=CARTESIAN_POINT('Ctrl Pts',(1.35841557825918,-0.901304276070716,3.501));
#4381=CARTESIAN_POINT('Ctrl Pts',(1.41978332259295,-0.961775433348564,3.5));
#4382=CARTESIAN_POINT('Ctrl Pts',(1.41978332259295,-0.961775433348564,3.501));
#4383=CARTESIAN_POINT('Ctrl Pts',(1.54571682110535,-1.08586903460063,3.5));
#4384=CARTESIAN_POINT('Ctrl Pts',(1.54571682110535,-1.08586903460063,3.501));
#4385=CARTESIAN_POINT('Ctrl Pts',(1.72222036456711,-1.10094289378242,3.5));
#4386=CARTESIAN_POINT('Ctrl Pts',(1.72222036456711,-1.10094289378242,3.501));
#4387=CARTESIAN_POINT('Ctrl Pts',(1.8127132400405,-1.10867121943009,3.5));
#4388=CARTESIAN_POINT('Ctrl Pts',(1.8127132400405,-1.10867121943009,3.501));
#4389=CARTESIAN_POINT('',(1.35841557825918,-0.901304276070716,3.501));
#4390=CARTESIAN_POINT('Ctrl Pts',(1.35841557825918,-0.901304276070716,3.501));
#4391=CARTESIAN_POINT('Ctrl Pts',(1.41978332259295,-0.961775433348564,3.501));
#4392=CARTESIAN_POINT('Ctrl Pts',(1.54571682110535,-1.08586903460063,3.501));
#4393=CARTESIAN_POINT('Ctrl Pts',(1.72222036456711,-1.10094289378242,3.501));
#4394=CARTESIAN_POINT('Ctrl Pts',(1.8127132400405,-1.10867121943009,3.501));
#4395=CARTESIAN_POINT('',(1.35841557825918,-0.901304276070716,3.5));
#4396=CARTESIAN_POINT('Ctrl Pts',(1.16059849108572,-0.0882073653556131,
3.5));
#4397=CARTESIAN_POINT('Ctrl Pts',(1.16059849108572,-0.0882073653556131,
3.501));
#4398=CARTESIAN_POINT('Ctrl Pts',(1.16256899375304,-0.253781763637954,3.5));
#4399=CARTESIAN_POINT('Ctrl Pts',(1.16256899375304,-0.253781763637954,3.501));
#4400=CARTESIAN_POINT('Ctrl Pts',(1.16599496942393,-0.541654431686786,3.5));
#4401=CARTESIAN_POINT('Ctrl Pts',(1.16599496942393,-0.541654431686786,3.501));
#4402=CARTESIAN_POINT('Ctrl Pts',(1.30104265063709,-0.794069585275177,3.5));
#4403=CARTESIAN_POINT('Ctrl Pts',(1.30104265063709,-0.794069585275177,3.501));
#4404=CARTESIAN_POINT('Ctrl Pts',(1.35841557825918,-0.901304276070716,3.5));
#4405=CARTESIAN_POINT('Ctrl Pts',(1.35841557825918,-0.901304276070716,3.501));
#4406=CARTESIAN_POINT('Ctrl Pts',(1.16059849108572,-0.0882073653556131,
3.501));
#4407=CARTESIAN_POINT('Ctrl Pts',(1.16256899375304,-0.253781763637954,3.501));
#4408=CARTESIAN_POINT('Ctrl Pts',(1.16599496942393,-0.541654431686786,3.501));
#4409=CARTESIAN_POINT('Ctrl Pts',(1.30104265063709,-0.794069585275177,3.501));
#4410=CARTESIAN_POINT('Ctrl Pts',(1.35841557825918,-0.901304276070716,3.501));
#4411=CARTESIAN_POINT('Origin',(-0.0351720482576345,-0.0875252647019648,
3.501));
#4412=CARTESIAN_POINT('Origin',(0.,-2.77555756156289E-16,3.5));
#4413=CARTESIAN_POINT('Ctrl Pts',(3.08215389098044,-0.743732543072822,3.5));
#4414=CARTESIAN_POINT('Ctrl Pts',(3.08215389098044,-0.743732543072822,3.501));
#4415=CARTESIAN_POINT('Ctrl Pts',(3.0489273426691,-0.66284773173906,3.5));
#4416=CARTESIAN_POINT('Ctrl Pts',(3.0489273426691,-0.66284773173906,3.501));
#4417=CARTESIAN_POINT('Ctrl Pts',(2.96319586793117,-0.454147926554135,3.5));
#4418=CARTESIAN_POINT('Ctrl Pts',(2.96319586793117,-0.454147926554135,3.501));
#4419=CARTESIAN_POINT('Ctrl Pts',(2.96547718067141,-0.227198847196696,3.5));
#4420=CARTESIAN_POINT('Ctrl Pts',(2.96547718067141,-0.227198847196696,3.501));
#4421=CARTESIAN_POINT('Ctrl Pts',(2.9668743356597,-0.0882073653556131,3.5));
#4422=CARTESIAN_POINT('Ctrl Pts',(2.9668743356597,-0.0882073653556131,3.501));
#4423=CARTESIAN_POINT('',(2.9668743356597,-0.0882073653556131,3.5));
#4424=CARTESIAN_POINT('',(3.08215389098044,-0.743732543072822,3.5));
#4425=CARTESIAN_POINT('Ctrl Pts',(2.9668743356597,-0.0882073653556131,3.5));
#4426=CARTESIAN_POINT('Ctrl Pts',(2.96547718067141,-0.227198847196696,3.5));
#4427=CARTESIAN_POINT('Ctrl Pts',(2.96319586793117,-0.454147926554135,3.5));
#4428=CARTESIAN_POINT('Ctrl Pts',(3.0489273426691,-0.66284773173906,3.5));
#4429=CARTESIAN_POINT('Ctrl Pts',(3.08215389098044,-0.743732543072822,3.5));
#4430=CARTESIAN_POINT('',(2.9668743356597,-0.0882073653556131,3.501));
#4431=CARTESIAN_POINT('',(2.9668743356597,-0.0882073653556131,3.5));
#4432=CARTESIAN_POINT('',(3.08215389098044,-0.743732543072822,3.501));
#4433=CARTESIAN_POINT('Ctrl Pts',(3.08215389098044,-0.743732543072822,3.501));
#4434=CARTESIAN_POINT('Ctrl Pts',(3.0489273426691,-0.66284773173906,3.501));
#4435=CARTESIAN_POINT('Ctrl Pts',(2.96319586793117,-0.454147926554135,3.501));
#4436=CARTESIAN_POINT('Ctrl Pts',(2.96547718067141,-0.227198847196696,3.501));
#4437=CARTESIAN_POINT('Ctrl Pts',(2.9668743356597,-0.0882073653556131,3.501));
#4438=CARTESIAN_POINT('',(3.08215389098044,-0.743732543072822,3.5));
#4439=CARTESIAN_POINT('Ctrl Pts',(3.36660156096335,-0.906761379323127,3.5));
#4440=CARTESIAN_POINT('Ctrl Pts',(3.36660156096335,-0.906761379323127,3.501));
#4441=CARTESIAN_POINT('Ctrl Pts',(3.31161305711517,-0.898728299307774,3.5));
#4442=CARTESIAN_POINT('Ctrl Pts',(3.31161305711517,-0.898728299307774,3.501));
#4443=CARTESIAN_POINT('Ctrl Pts',(3.19595826778836,-0.881832691829779,3.5));
#4444=CARTESIAN_POINT('Ctrl Pts',(3.19595826778836,-0.881832691829779,3.501));
#4445=CARTESIAN_POINT('Ctrl Pts',(3.12131023584599,-0.791248264369185,3.5));
#4446=CARTESIAN_POINT('Ctrl Pts',(3.12131023584599,-0.791248264369185,3.501));
#4447=CARTESIAN_POINT('Ctrl Pts',(3.08215389098044,-0.743732543072822,3.5));
#4448=CARTESIAN_POINT('Ctrl Pts',(3.08215389098044,-0.743732543072822,3.501));
#4449=CARTESIAN_POINT('',(3.36660156096335,-0.906761379323127,3.5));
#4450=CARTESIAN_POINT('Ctrl Pts',(3.08215389098044,-0.743732543072822,3.5));
#4451=CARTESIAN_POINT('Ctrl Pts',(3.12131023584599,-0.791248264369185,3.5));
#4452=CARTESIAN_POINT('Ctrl Pts',(3.19595826778836,-0.881832691829779,3.5));
#4453=CARTESIAN_POINT('Ctrl Pts',(3.31161305711517,-0.898728299307774,3.5));
#4454=CARTESIAN_POINT('Ctrl Pts',(3.36660156096335,-0.906761379323127,3.5));
#4455=CARTESIAN_POINT('',(3.36660156096335,-0.906761379323127,3.501));
#4456=CARTESIAN_POINT('Ctrl Pts',(3.36660156096335,-0.906761379323127,3.501));
#4457=CARTESIAN_POINT('Ctrl Pts',(3.31161305711517,-0.898728299307774,3.501));
#4458=CARTESIAN_POINT('Ctrl Pts',(3.19595826778836,-0.881832691829779,3.501));
#4459=CARTESIAN_POINT('Ctrl Pts',(3.12131023584599,-0.791248264369185,3.501));
#4460=CARTESIAN_POINT('Ctrl Pts',(3.08215389098044,-0.743732543072822,3.501));
#4461=CARTESIAN_POINT('',(3.36660156096335,-0.906761379323127,3.5));
#4462=CARTESIAN_POINT('Ctrl Pts',(3.65104863489981,-0.743050367913368,3.5));
#4463=CARTESIAN_POINT('Ctrl Pts',(3.65104863489981,-0.743050367913368,3.501));
#4464=CARTESIAN_POINT('Ctrl Pts',(3.61192135366723,-0.790763551802567,3.5));
#4465=CARTESIAN_POINT('Ctrl Pts',(3.61192135366723,-0.790763551802567,3.501));
#4466=CARTESIAN_POINT('Ctrl Pts',(3.53738939242537,-0.881650448625702,3.5));
#4467=CARTESIAN_POINT('Ctrl Pts',(3.53738939242537,-0.881650448625702,3.501));
#4468=CARTESIAN_POINT('Ctrl Pts',(3.42160313690361,-0.898674498953128,3.5));
#4469=CARTESIAN_POINT('Ctrl Pts',(3.42160313690361,-0.898674498953128,3.501));
#4470=CARTESIAN_POINT('Ctrl Pts',(3.36660156096335,-0.906761379323127,3.5));
#4471=CARTESIAN_POINT('Ctrl Pts',(3.36660156096335,-0.906761379323127,3.501));
#4472=CARTESIAN_POINT('',(3.65104863489981,-0.743050367913368,3.5));
#4473=CARTESIAN_POINT('Ctrl Pts',(3.36660156096335,-0.906761379323127,3.5));
#4474=CARTESIAN_POINT('Ctrl Pts',(3.42160313690361,-0.898674498953128,3.5));
#4475=CARTESIAN_POINT('Ctrl Pts',(3.53738939242537,-0.881650448625702,3.5));
#4476=CARTESIAN_POINT('Ctrl Pts',(3.61192135366723,-0.790763551802567,3.5));
#4477=CARTESIAN_POINT('Ctrl Pts',(3.65104863489981,-0.743050367913368,3.5));
#4478=CARTESIAN_POINT('',(3.65104863489981,-0.743050367913368,3.501));
#4479=CARTESIAN_POINT('Ctrl Pts',(3.65104863489981,-0.743050367913368,3.501));
#4480=CARTESIAN_POINT('Ctrl Pts',(3.61192135366723,-0.790763551802567,3.501));
#4481=CARTESIAN_POINT('Ctrl Pts',(3.53738939242537,-0.881650448625702,3.501));
#4482=CARTESIAN_POINT('Ctrl Pts',(3.42160313690361,-0.898674498953128,3.501));
#4483=CARTESIAN_POINT('Ctrl Pts',(3.36660156096335,-0.906761379323127,3.501));
#4484=CARTESIAN_POINT('',(3.65104863489981,-0.743050367913368,3.5));
#4485=CARTESIAN_POINT('Ctrl Pts',(3.766328786267,-0.0882073653556131,3.5));
#4486=CARTESIAN_POINT('Ctrl Pts',(3.766328786267,-0.0882073653556131,3.501));
#4487=CARTESIAN_POINT('Ctrl Pts',(3.76767714768389,-0.226904116613644,3.5));
#4488=CARTESIAN_POINT('Ctrl Pts',(3.76767714768389,-0.226904116613644,3.501));
#4489=CARTESIAN_POINT('Ctrl Pts',(3.76988108688012,-0.453608324146942,3.5));
#4490=CARTESIAN_POINT('Ctrl Pts',(3.76988108688012,-0.453608324146942,3.501));
#4491=CARTESIAN_POINT('Ctrl Pts',(3.68427950310208,-0.662109427553139,3.5));
#4492=CARTESIAN_POINT('Ctrl Pts',(3.68427950310208,-0.662109427553139,3.501));
#4493=CARTESIAN_POINT('Ctrl Pts',(3.65104863489981,-0.743050367913368,3.5));
#4494=CARTESIAN_POINT('Ctrl Pts',(3.65104863489981,-0.743050367913368,3.501));
#4495=CARTESIAN_POINT('',(3.766328786267,-0.0882073653556131,3.5));
#4496=CARTESIAN_POINT('Ctrl Pts',(3.65104863489981,-0.743050367913368,3.5));
#4497=CARTESIAN_POINT('Ctrl Pts',(3.68427950310208,-0.662109427553139,3.5));
#4498=CARTESIAN_POINT('Ctrl Pts',(3.76988108688012,-0.453608324146942,3.5));
#4499=CARTESIAN_POINT('Ctrl Pts',(3.76767714768389,-0.226904116613644,3.5));
#4500=CARTESIAN_POINT('Ctrl Pts',(3.766328786267,-0.0882073653556131,3.5));
#4501=CARTESIAN_POINT('',(3.766328786267,-0.0882073653556131,3.501));
#4502=CARTESIAN_POINT('Ctrl Pts',(3.766328786267,-0.0882073653556131,3.501));
#4503=CARTESIAN_POINT('Ctrl Pts',(3.76767714768389,-0.226904116613644,3.501));
#4504=CARTESIAN_POINT('Ctrl Pts',(3.76988108688012,-0.453608324146942,3.501));
#4505=CARTESIAN_POINT('Ctrl Pts',(3.68427950310208,-0.662109427553139,3.501));
#4506=CARTESIAN_POINT('Ctrl Pts',(3.65104863489981,-0.743050367913368,3.501));
#4507=CARTESIAN_POINT('',(3.766328786267,-0.0882073653556131,3.5));
#4508=CARTESIAN_POINT('Ctrl Pts',(3.65104863489981,0.56799998752105,3.5));
#4509=CARTESIAN_POINT('Ctrl Pts',(3.65104863489981,0.56799998752105,3.501));
#4510=CARTESIAN_POINT('Ctrl Pts',(3.68427133143065,0.487171331508676,3.5));
#4511=CARTESIAN_POINT('Ctrl Pts',(3.68427133143065,0.487171331508676,3.501));
#4512=CARTESIAN_POINT('Ctrl Pts',(3.77013396328375,0.278273142647634,3.5));
#4513=CARTESIAN_POINT('Ctrl Pts',(3.77013396328375,0.278273142647634,3.501));
#4514=CARTESIAN_POINT('Ctrl Pts',(3.76777499969204,0.0510789354805003,3.5));
#4515=CARTESIAN_POINT('Ctrl Pts',(3.76777499969204,0.0510789354805003,3.501));
#4516=CARTESIAN_POINT('Ctrl Pts',(3.766328786267,-0.0882073653556131,3.5));
#4517=CARTESIAN_POINT('Ctrl Pts',(3.766328786267,-0.0882073653556131,3.501));
#4518=CARTESIAN_POINT('',(3.65104863489981,0.56799998752105,3.5));
#4519=CARTESIAN_POINT('Ctrl Pts',(3.766328786267,-0.0882073653556131,3.5));
#4520=CARTESIAN_POINT('Ctrl Pts',(3.76777499969204,0.0510789354805002,3.5));
#4521=CARTESIAN_POINT('Ctrl Pts',(3.77013396328375,0.278273142647634,3.5));
#4522=CARTESIAN_POINT('Ctrl Pts',(3.68427133143065,0.487171331508676,3.5));
#4523=CARTESIAN_POINT('Ctrl Pts',(3.65104863489981,0.56799998752105,3.5));
#4524=CARTESIAN_POINT('',(3.65104863489981,0.56799998752105,3.501));
#4525=CARTESIAN_POINT('Ctrl Pts',(3.65104863489981,0.56799998752105,3.501));
#4526=CARTESIAN_POINT('Ctrl Pts',(3.68427133143065,0.487171331508676,3.501));
#4527=CARTESIAN_POINT('Ctrl Pts',(3.77013396328375,0.278273142647634,3.501));
#4528=CARTESIAN_POINT('Ctrl Pts',(3.76777499969204,0.0510789354805002,3.501));
#4529=CARTESIAN_POINT('Ctrl Pts',(3.766328786267,-0.0882073653556131,3.501));
#4530=CARTESIAN_POINT('',(3.65104863489981,0.56799998752105,3.5));
#4531=CARTESIAN_POINT('Ctrl Pts',(3.36387286032553,0.730346499600289,3.5));
#4532=CARTESIAN_POINT('Ctrl Pts',(3.36387286032553,0.730346499600289,3.501));
#4533=CARTESIAN_POINT('Ctrl Pts',(3.41957068234307,0.722478132029698,3.5));
#4534=CARTESIAN_POINT('Ctrl Pts',(3.41957068234307,0.722478132029698,3.501));
#4535=CARTESIAN_POINT('Ctrl Pts',(3.53603514990704,0.706025329989829,3.5));
#4536=CARTESIAN_POINT('Ctrl Pts',(3.53603514990704,0.706025329989829,3.501));
#4537=CARTESIAN_POINT('Ctrl Pts',(3.61161434171641,0.61532428016373,3.5));
#4538=CARTESIAN_POINT('Ctrl Pts',(3.61161434171641,0.61532428016373,3.501));
#4539=CARTESIAN_POINT('Ctrl Pts',(3.65104863489981,0.56799998752105,3.5));
#4540=CARTESIAN_POINT('Ctrl Pts',(3.65104863489981,0.56799998752105,3.501));
#4541=CARTESIAN_POINT('',(3.36387286032553,0.730346499600289,3.5));
#4542=CARTESIAN_POINT('Ctrl Pts',(3.65104863489981,0.56799998752105,3.5));
#4543=CARTESIAN_POINT('Ctrl Pts',(3.61161434171641,0.61532428016373,3.5));
#4544=CARTESIAN_POINT('Ctrl Pts',(3.53603514990704,0.706025329989829,3.5));
#4545=CARTESIAN_POINT('Ctrl Pts',(3.41957068234307,0.722478132029698,3.5));
#4546=CARTESIAN_POINT('Ctrl Pts',(3.36387286032553,0.730346499600289,3.5));
#4547=CARTESIAN_POINT('',(3.36387286032553,0.730346499600289,3.501));
#4548=CARTESIAN_POINT('Ctrl Pts',(3.36387286032553,0.730346499600289,3.501));
#4549=CARTESIAN_POINT('Ctrl Pts',(3.41957068234307,0.722478132029698,3.501));
#4550=CARTESIAN_POINT('Ctrl Pts',(3.53603514990704,0.706025329989829,3.501));
#4551=CARTESIAN_POINT('Ctrl Pts',(3.61161434171641,0.61532428016373,3.501));
#4552=CARTESIAN_POINT('Ctrl Pts',(3.65104863489981,0.56799998752105,3.501));
#4553=CARTESIAN_POINT('',(3.36387286032553,0.730346499600289,3.5));
#4554=CARTESIAN_POINT('Ctrl Pts',(3.09374997462149,0.587099550881264,3.5));
#4555=CARTESIAN_POINT('Ctrl Pts',(3.09374997462149,0.587099550881264,3.501));
#4556=CARTESIAN_POINT('Ctrl Pts',(3.12994236129965,0.62887854503433,3.5));
#4557=CARTESIAN_POINT('Ctrl Pts',(3.12994236129965,0.62887854503433,3.501));
#4558=CARTESIAN_POINT('Ctrl Pts',(3.20157545787432,0.71156882875539,3.5));
#4559=CARTESIAN_POINT('Ctrl Pts',(3.20157545787432,0.71156882875539,3.501));
#4560=CARTESIAN_POINT('Ctrl Pts',(3.31015351152495,0.724131216825922,3.5));
#4561=CARTESIAN_POINT('Ctrl Pts',(3.31015351152495,0.724131216825922,3.501));
#4562=CARTESIAN_POINT('Ctrl Pts',(3.36387286032553,0.730346499600289,3.5));
#4563=CARTESIAN_POINT('Ctrl Pts',(3.36387286032553,0.730346499600289,3.501));
#4564=CARTESIAN_POINT('',(3.09374997462149,0.587099550881264,3.5));
#4565=CARTESIAN_POINT('Ctrl Pts',(3.36387286032553,0.730346499600289,3.5));
#4566=CARTESIAN_POINT('Ctrl Pts',(3.31015351152495,0.724131216825922,3.5));
#4567=CARTESIAN_POINT('Ctrl Pts',(3.20157545787432,0.71156882875539,3.5));
#4568=CARTESIAN_POINT('Ctrl Pts',(3.12994236129965,0.62887854503433,3.5));
#4569=CARTESIAN_POINT('Ctrl Pts',(3.09374997462149,0.587099550881264,3.5));
#4570=CARTESIAN_POINT('',(3.09374997462149,0.587099550881264,3.501));
#4571=CARTESIAN_POINT('Ctrl Pts',(3.09374997462149,0.587099550881264,3.501));
#4572=CARTESIAN_POINT('Ctrl Pts',(3.12994236129965,0.62887854503433,3.501));
#4573=CARTESIAN_POINT('Ctrl Pts',(3.20157545787432,0.71156882875539,3.501));
#4574=CARTESIAN_POINT('Ctrl Pts',(3.31015351152495,0.724131216825922,3.501));
#4575=CARTESIAN_POINT('Ctrl Pts',(3.36387286032553,0.730346499600289,3.501));
#4576=CARTESIAN_POINT('',(3.09374997462149,0.587099550881264,3.5));
#4577=CARTESIAN_POINT('Ctrl Pts',(2.9668743356597,-0.0882073653556131,3.5));
#4578=CARTESIAN_POINT('Ctrl Pts',(2.9668743356597,-0.0882073653556131,3.501));
#4579=CARTESIAN_POINT('Ctrl Pts',(2.96631582514057,0.052563284827433,3.5));
#4580=CARTESIAN_POINT('Ctrl Pts',(2.96631582514057,0.052563284827433,3.501));
#4581=CARTESIAN_POINT('Ctrl Pts',(2.96538556386715,0.287032430551261,3.5));
#4582=CARTESIAN_POINT('Ctrl Pts',(2.96538556386715,0.287032430551261,3.501));
#4583=CARTESIAN_POINT('Ctrl Pts',(3.05709934044467,0.501424322123699,3.5));
#4584=CARTESIAN_POINT('Ctrl Pts',(3.05709934044467,0.501424322123699,3.501));
#4585=CARTESIAN_POINT('Ctrl Pts',(3.09374997462149,0.587099550881264,3.5));
#4586=CARTESIAN_POINT('Ctrl Pts',(3.09374997462149,0.587099550881264,3.501));
#4587=CARTESIAN_POINT('Ctrl Pts',(3.09374997462149,0.587099550881264,3.5));
#4588=CARTESIAN_POINT('Ctrl Pts',(3.05709934044467,0.501424322123699,3.5));
#4589=CARTESIAN_POINT('Ctrl Pts',(2.96538556386715,0.287032430551261,3.5));
#4590=CARTESIAN_POINT('Ctrl Pts',(2.96631582514057,0.0525632848274329,3.5));
#4591=CARTESIAN_POINT('Ctrl Pts',(2.9668743356597,-0.0882073653556131,3.5));
#4592=CARTESIAN_POINT('Ctrl Pts',(2.9668743356597,-0.0882073653556131,3.501));
#4593=CARTESIAN_POINT('Ctrl Pts',(2.96631582514057,0.0525632848274329,3.501));
#4594=CARTESIAN_POINT('Ctrl Pts',(2.96538556386715,0.287032430551261,3.501));
#4595=CARTESIAN_POINT('Ctrl Pts',(3.05709934044467,0.501424322123699,3.501));
#4596=CARTESIAN_POINT('Ctrl Pts',(3.09374997462149,0.587099550881264,3.501));
#4597=CARTESIAN_POINT('Ctrl Pts',(2.78747448767538,0.482733904042122,3.5));
#4598=CARTESIAN_POINT('Ctrl Pts',(2.78747448767538,0.482733904042122,3.501));
#4599=CARTESIAN_POINT('Ctrl Pts',(2.76625332981412,0.399523077347206,3.5));
#4600=CARTESIAN_POINT('Ctrl Pts',(2.76625332981412,0.399523077347206,3.501));
#4601=CARTESIAN_POINT('Ctrl Pts',(2.71853353254821,0.21240775563995,3.5));
#4602=CARTESIAN_POINT('Ctrl Pts',(2.71853353254821,0.21240775563995,3.501));
#4603=CARTESIAN_POINT('Ctrl Pts',(2.71593163614071,0.0191229968589057,3.5));
#4604=CARTESIAN_POINT('Ctrl Pts',(2.71593163614071,0.0191229968589057,3.501));
#4605=CARTESIAN_POINT('Ctrl Pts',(2.71448681200857,-0.0882073653556131,
3.5));
#4606=CARTESIAN_POINT('Ctrl Pts',(2.71448681200857,-0.0882073653556131,
3.501));
#4607=CARTESIAN_POINT('',(2.71448681200857,-0.0882073653556131,3.501));
#4608=CARTESIAN_POINT('',(2.71448681200857,-0.0882073653556131,3.5));
#4609=CARTESIAN_POINT('',(2.78747448767538,0.482733904042122,3.501));
#4610=CARTESIAN_POINT('Ctrl Pts',(2.78747448767538,0.482733904042122,3.501));
#4611=CARTESIAN_POINT('Ctrl Pts',(2.76625332981412,0.399523077347206,3.501));
#4612=CARTESIAN_POINT('Ctrl Pts',(2.71853353254821,0.21240775563995,3.501));
#4613=CARTESIAN_POINT('Ctrl Pts',(2.71593163614071,0.0191229968589057,3.501));
#4614=CARTESIAN_POINT('Ctrl Pts',(2.71448681200857,-0.0882073653556131,
3.501));
#4615=CARTESIAN_POINT('',(2.78747448767538,0.482733904042122,3.5));
#4616=CARTESIAN_POINT('Ctrl Pts',(3.00439128722067,0.816294609227059,3.5));
#4617=CARTESIAN_POINT('Ctrl Pts',(3.00439128722067,0.816294609227059,3.501));
#4618=CARTESIAN_POINT('Ctrl Pts',(2.95879313567306,0.77128079288006,3.5));
#4619=CARTESIAN_POINT('Ctrl Pts',(2.95879313567306,0.77128079288006,3.501));
#4620=CARTESIAN_POINT('Ctrl Pts',(2.86234148446437,0.676065158769553,3.5));
#4621=CARTESIAN_POINT('Ctrl Pts',(2.86234148446437,0.676065158769553,3.501));
#4622=CARTESIAN_POINT('Ctrl Pts',(2.8133204867688,0.549476790076361,3.5));
#4623=CARTESIAN_POINT('Ctrl Pts',(2.8133204867688,0.549476790076361,3.501));
#4624=CARTESIAN_POINT('Ctrl Pts',(2.78747448767538,0.482733904042122,3.5));
#4625=CARTESIAN_POINT('Ctrl Pts',(2.78747448767538,0.482733904042122,3.501));
#4626=CARTESIAN_POINT('',(3.00439128722067,0.816294609227059,3.501));
#4627=CARTESIAN_POINT('Ctrl Pts',(3.00439128722067,0.816294609227059,3.501));
#4628=CARTESIAN_POINT('Ctrl Pts',(2.95879313567306,0.77128079288006,3.501));
#4629=CARTESIAN_POINT('Ctrl Pts',(2.86234148446437,0.676065158769553,3.501));
#4630=CARTESIAN_POINT('Ctrl Pts',(2.8133204867688,0.549476790076361,3.501));
#4631=CARTESIAN_POINT('Ctrl Pts',(2.78747448767538,0.482733904042122,3.501));
#4632=CARTESIAN_POINT('',(3.00439128722067,0.816294609227059,3.5));
#4633=CARTESIAN_POINT('Ctrl Pts',(3.36660156096335,0.933620690026162,3.5));
#4634=CARTESIAN_POINT('Ctrl Pts',(3.36660156096335,0.933620690026162,3.501));
#4635=CARTESIAN_POINT('Ctrl Pts',(3.29810523608033,0.929652642631505,3.5));
#4636=CARTESIAN_POINT('Ctrl Pts',(3.29810523608033,0.929652642631505,3.501));
#4637=CARTESIAN_POINT('Ctrl Pts',(3.16689065524165,0.922051276039543,3.5));
#4638=CARTESIAN_POINT('Ctrl Pts',(3.16689065524165,0.922051276039543,3.501));
#4639=CARTESIAN_POINT('Ctrl Pts',(3.05694389834439,0.850496520609385,3.5));
#4640=CARTESIAN_POINT('Ctrl Pts',(3.05694389834439,0.850496520609385,3.501));
#4641=CARTESIAN_POINT('Ctrl Pts',(3.00439128722067,0.816294609227059,3.5));
#4642=CARTESIAN_POINT('Ctrl Pts',(3.00439128722067,0.816294609227059,3.501));
#4643=CARTESIAN_POINT('',(3.36660156096335,0.933620690026162,3.501));
#4644=CARTESIAN_POINT('Ctrl Pts',(3.36660156096335,0.933620690026162,3.501));
#4645=CARTESIAN_POINT('Ctrl Pts',(3.29810523608033,0.929652642631505,3.501));
#4646=CARTESIAN_POINT('Ctrl Pts',(3.16689065524165,0.922051276039543,3.501));
#4647=CARTESIAN_POINT('Ctrl Pts',(3.05694389834439,0.850496520609385,3.501));
#4648=CARTESIAN_POINT('Ctrl Pts',(3.00439128722067,0.816294609227059,3.501));
#4649=CARTESIAN_POINT('',(3.36660156096335,0.933620690026162,3.5));
#4650=CARTESIAN_POINT('Ctrl Pts',(3.64900240744467,0.868818520226357,3.5));
#4651=CARTESIAN_POINT('Ctrl Pts',(3.64900240744467,0.868818520226357,3.501));
#4652=CARTESIAN_POINT('Ctrl Pts',(3.60586476667252,0.887710472774545,3.5));
#4653=CARTESIAN_POINT('Ctrl Pts',(3.60586476667252,0.887710472774545,3.501));
#4654=CARTESIAN_POINT('Ctrl Pts',(3.51590994701586,0.927105816470107,3.5));
#4655=CARTESIAN_POINT('Ctrl Pts',(3.51590994701586,0.927105816470107,3.501));
#4656=CARTESIAN_POINT('Ctrl Pts',(3.4177099566389,0.931390642911716,3.5));
#4657=CARTESIAN_POINT('Ctrl Pts',(3.4177099566389,0.931390642911716,3.501));
#4658=CARTESIAN_POINT('Ctrl Pts',(3.36660156096335,0.933620690026162,3.5));
#4659=CARTESIAN_POINT('Ctrl Pts',(3.36660156096335,0.933620690026162,3.501));
#4660=CARTESIAN_POINT('',(3.64900240744467,0.868818520226357,3.501));
#4661=CARTESIAN_POINT('Ctrl Pts',(3.64900240744467,0.868818520226357,3.501));
#4662=CARTESIAN_POINT('Ctrl Pts',(3.60586476667252,0.887710472774545,3.501));
#4663=CARTESIAN_POINT('Ctrl Pts',(3.51590994701586,0.927105816470107,3.501));
#4664=CARTESIAN_POINT('Ctrl Pts',(3.4177099566389,0.931390642911716,3.501));
#4665=CARTESIAN_POINT('Ctrl Pts',(3.36660156096335,0.933620690026162,3.501));
#4666=CARTESIAN_POINT('',(3.64900240744467,0.868818520226357,3.5));
#4667=CARTESIAN_POINT('Ctrl Pts',(3.84954819525595,0.681915341534493,3.5));
#4668=CARTESIAN_POINT('Ctrl Pts',(3.84954819525595,0.681915341534493,3.501));
#4669=CARTESIAN_POINT('Ctrl Pts',(3.821713286106,0.720065085230798,3.5));
#4670=CARTESIAN_POINT('Ctrl Pts',(3.821713286106,0.720065085230798,3.501));
#4671=CARTESIAN_POINT('Ctrl Pts',(3.76684356087223,0.795267987567535,3.5));
#4672=CARTESIAN_POINT('Ctrl Pts',(3.76684356087223,0.795267987567535,3.501));
#4673=CARTESIAN_POINT('Ctrl Pts',(3.68789907738226,0.844541171360091,3.5));
#4674=CARTESIAN_POINT('Ctrl Pts',(3.68789907738226,0.844541171360091,3.501));
#4675=CARTESIAN_POINT('Ctrl Pts',(3.64900240744467,0.868818520226357,3.5));
#4676=CARTESIAN_POINT('Ctrl Pts',(3.64900240744467,0.868818520226357,3.501));
#4677=CARTESIAN_POINT('',(3.84954819525595,0.681915341534493,3.501));
#4678=CARTESIAN_POINT('Ctrl Pts',(3.84954819525595,0.681915341534493,3.501));
#4679=CARTESIAN_POINT('Ctrl Pts',(3.821713286106,0.720065085230798,3.501));
#4680=CARTESIAN_POINT('Ctrl Pts',(3.76684356087223,0.795267987567535,3.501));
#4681=CARTESIAN_POINT('Ctrl Pts',(3.68789907738226,0.844541171360091,3.501));
#4682=CARTESIAN_POINT('Ctrl Pts',(3.64900240744467,0.868818520226357,3.501));
#4683=CARTESIAN_POINT('',(3.84954819525595,0.681915341534493,3.5));
#4684=CARTESIAN_POINT('Ctrl Pts',(3.97369572962637,0.384507535614846,3.5));
#4685=CARTESIAN_POINT('Ctrl Pts',(3.97369572962637,0.384507535614846,3.501));
#4686=CARTESIAN_POINT('Ctrl Pts',(3.9580754104503,0.439451424708352,3.5));
#4687=CARTESIAN_POINT('Ctrl Pts',(3.9580754104503,0.439451424708352,3.501));
#4688=CARTESIAN_POINT('Ctrl Pts',(3.92847551624701,0.543567946653459,3.5));
#4689=CARTESIAN_POINT('Ctrl Pts',(3.92847551624701,0.543567946653459,3.501));
#4690=CARTESIAN_POINT('Ctrl Pts',(3.87486677817984,0.637535778847997,3.5));
#4691=CARTESIAN_POINT('Ctrl Pts',(3.87486677817984,0.637535778847997,3.501));
#4692=CARTESIAN_POINT('Ctrl Pts',(3.84954819525595,0.681915341534493,3.5));
#4693=CARTESIAN_POINT('Ctrl Pts',(3.84954819525595,0.681915341534493,3.501));
#4694=CARTESIAN_POINT('',(3.97369572962637,0.384507535614846,3.501));
#4695=CARTESIAN_POINT('Ctrl Pts',(3.97369572962637,0.384507535614846,3.501));
#4696=CARTESIAN_POINT('Ctrl Pts',(3.9580754104503,0.439451424708352,3.501));
#4697=CARTESIAN_POINT('Ctrl Pts',(3.92847551624701,0.543567946653459,3.501));
#4698=CARTESIAN_POINT('Ctrl Pts',(3.87486677817984,0.637535778847997,3.501));
#4699=CARTESIAN_POINT('Ctrl Pts',(3.84954819525595,0.681915341534493,3.501));
#4700=CARTESIAN_POINT('',(3.97369572962637,0.384507535614846,3.5));
#4701=CARTESIAN_POINT('Ctrl Pts',(4.01871630991812,-0.0882073653556131,
3.5));
#4702=CARTESIAN_POINT('Ctrl Pts',(4.01871630991812,-0.0882073653556131,
3.501));
#4703=CARTESIAN_POINT('Ctrl Pts',(4.01795810636698,0.00106103591063807,
3.5));
#4704=CARTESIAN_POINT('Ctrl Pts',(4.01795810636698,0.00106103591063807,
3.501));
#4705=CARTESIAN_POINT('Ctrl Pts',(4.01660785148398,0.160035620673771,3.5));
#4706=CARTESIAN_POINT('Ctrl Pts',(4.01660785148398,0.160035620673771,3.501));
#4707=CARTESIAN_POINT('Ctrl Pts',(3.98677614851427,0.316084289480794,3.5));
#4708=CARTESIAN_POINT('Ctrl Pts',(3.98677614851427,0.316084289480794,3.501));
#4709=CARTESIAN_POINT('Ctrl Pts',(3.97369572962637,0.384507535614846,3.5));
#4710=CARTESIAN_POINT('Ctrl Pts',(3.97369572962637,0.384507535614846,3.501));
#4711=CARTESIAN_POINT('',(4.01871630991812,-0.0882073653556131,3.501));
#4712=CARTESIAN_POINT('Ctrl Pts',(4.01871630991812,-0.0882073653556131,
3.501));
#4713=CARTESIAN_POINT('Ctrl Pts',(4.01795810636698,0.00106103591063805,
3.501));
#4714=CARTESIAN_POINT('Ctrl Pts',(4.01660785148398,0.160035620673771,3.501));
#4715=CARTESIAN_POINT('Ctrl Pts',(3.98677614851427,0.316084289480794,3.501));
#4716=CARTESIAN_POINT('Ctrl Pts',(3.97369572962637,0.384507535614846,3.501));
#4717=CARTESIAN_POINT('',(4.01871630991812,-0.0882073653556131,3.5));
#4718=CARTESIAN_POINT('Ctrl Pts',(3.94641051138754,-0.656420232138755,3.5));
#4719=CARTESIAN_POINT('Ctrl Pts',(3.94641051138754,-0.656420232138755,3.501));
#4720=CARTESIAN_POINT('Ctrl Pts',(3.96743531685074,-0.573430877035969,3.5));
#4721=CARTESIAN_POINT('Ctrl Pts',(3.96743531685074,-0.573430877035969,3.501));
#4722=CARTESIAN_POINT('Ctrl Pts',(4.01462447458491,-0.387165288274324,3.5));
#4723=CARTESIAN_POINT('Ctrl Pts',(4.01462447458491,-0.387165288274324,3.501));
#4724=CARTESIAN_POINT('Ctrl Pts',(4.01725679937683,-0.194842213625234,3.5));
#4725=CARTESIAN_POINT('Ctrl Pts',(4.01725679937683,-0.194842213625234,3.501));
#4726=CARTESIAN_POINT('Ctrl Pts',(4.01871630991812,-0.0882073653556131,
3.5));
#4727=CARTESIAN_POINT('Ctrl Pts',(4.01871630991812,-0.0882073653556131,
3.501));
#4728=CARTESIAN_POINT('',(3.94641051138754,-0.656420232138755,3.501));
#4729=CARTESIAN_POINT('Ctrl Pts',(3.94641051138754,-0.656420232138755,3.501));
#4730=CARTESIAN_POINT('Ctrl Pts',(3.96743531685074,-0.573430877035969,3.501));
#4731=CARTESIAN_POINT('Ctrl Pts',(4.01462447458491,-0.387165288274324,3.501));
#4732=CARTESIAN_POINT('Ctrl Pts',(4.01725679937683,-0.194842213625234,3.501));
#4733=CARTESIAN_POINT('Ctrl Pts',(4.01871630991812,-0.0882073653556131,
3.501));
#4734=CARTESIAN_POINT('',(3.94641051138754,-0.656420232138755,3.5));
#4735=CARTESIAN_POINT('Ctrl Pts',(3.73017558897848,-0.990662963471534,3.5));
#4736=CARTESIAN_POINT('Ctrl Pts',(3.73017558897848,-0.990662963471534,3.501));
#4737=CARTESIAN_POINT('Ctrl Pts',(3.77573185117747,-0.945475821784889,3.5));
#4738=CARTESIAN_POINT('Ctrl Pts',(3.77573185117747,-0.945475821784889,3.501));
#4739=CARTESIAN_POINT('Ctrl Pts',(3.87200748267682,-0.849980265487257,3.5));
#4740=CARTESIAN_POINT('Ctrl Pts',(3.87200748267682,-0.849980265487257,3.501));
#4741=CARTESIAN_POINT('Ctrl Pts',(3.9207383819293,-0.72320646813171,3.5));
#4742=CARTESIAN_POINT('Ctrl Pts',(3.9207383819293,-0.72320646813171,3.501));
#4743=CARTESIAN_POINT('Ctrl Pts',(3.94641051138754,-0.656420232138755,3.5));
#4744=CARTESIAN_POINT('Ctrl Pts',(3.94641051138754,-0.656420232138755,3.501));
#4745=CARTESIAN_POINT('',(3.73017558897848,-0.990662963471534,3.501));
#4746=CARTESIAN_POINT('Ctrl Pts',(3.73017558897848,-0.990662963471534,3.501));
#4747=CARTESIAN_POINT('Ctrl Pts',(3.77573185117747,-0.945475821784889,3.501));
#4748=CARTESIAN_POINT('Ctrl Pts',(3.87200748267682,-0.849980265487257,3.501));
#4749=CARTESIAN_POINT('Ctrl Pts',(3.9207383819293,-0.72320646813171,3.501));
#4750=CARTESIAN_POINT('Ctrl Pts',(3.94641051138754,-0.656420232138755,3.501));
#4751=CARTESIAN_POINT('',(3.73017558897848,-0.990662963471534,3.5));
#4752=CARTESIAN_POINT('Ctrl Pts',(3.36660156096335,-1.10867121943009,3.5));
#4753=CARTESIAN_POINT('Ctrl Pts',(3.36660156096335,-1.10867121943009,3.501));
#4754=CARTESIAN_POINT('Ctrl Pts',(3.43546360410407,-1.10470473662255,3.5));
#4755=CARTESIAN_POINT('Ctrl Pts',(3.43546360410407,-1.10470473662255,3.501));
#4756=CARTESIAN_POINT('Ctrl Pts',(3.56724112674657,-1.09711429558796,3.5));
#4757=CARTESIAN_POINT('Ctrl Pts',(3.56724112674657,-1.09711429558796,3.501));
#4758=CARTESIAN_POINT('Ctrl Pts',(3.67752295274717,-1.02506294975735,3.5));
#4759=CARTESIAN_POINT('Ctrl Pts',(3.67752295274717,-1.02506294975735,3.501));
#4760=CARTESIAN_POINT('Ctrl Pts',(3.73017558897848,-0.990662963471534,3.5));
#4761=CARTESIAN_POINT('Ctrl Pts',(3.73017558897848,-0.990662963471534,3.501));
#4762=CARTESIAN_POINT('',(3.36660156096335,-1.10867121943009,3.501));
#4763=CARTESIAN_POINT('Ctrl Pts',(3.36660156096335,-1.10867121943009,3.501));
#4764=CARTESIAN_POINT('Ctrl Pts',(3.43546360410407,-1.10470473662255,3.501));
#4765=CARTESIAN_POINT('Ctrl Pts',(3.56724112674657,-1.09711429558796,3.501));
#4766=CARTESIAN_POINT('Ctrl Pts',(3.67752295274717,-1.02506294975735,3.501));
#4767=CARTESIAN_POINT('Ctrl Pts',(3.73017558897848,-0.990662963471534,3.501));
#4768=CARTESIAN_POINT('',(3.36660156096335,-1.10867121943009,3.5));
#4769=CARTESIAN_POINT('Ctrl Pts',(2.91230389918204,-0.901304276070716,3.5));
#4770=CARTESIAN_POINT('Ctrl Pts',(2.91230389918204,-0.901304276070716,3.501));
#4771=CARTESIAN_POINT('Ctrl Pts',(2.9736716435158,-0.961775433348564,3.5));
#4772=CARTESIAN_POINT('Ctrl Pts',(2.9736716435158,-0.961775433348564,3.501));
#4773=CARTESIAN_POINT('Ctrl Pts',(3.0996051420282,-1.08586903460063,3.5));
#4774=CARTESIAN_POINT('Ctrl Pts',(3.0996051420282,-1.08586903460063,3.501));
#4775=CARTESIAN_POINT('Ctrl Pts',(3.27610868548996,-1.10094289378242,3.5));
#4776=CARTESIAN_POINT('Ctrl Pts',(3.27610868548996,-1.10094289378242,3.501));
#4777=CARTESIAN_POINT('Ctrl Pts',(3.36660156096335,-1.10867121943009,3.5));
#4778=CARTESIAN_POINT('Ctrl Pts',(3.36660156096335,-1.10867121943009,3.501));
#4779=CARTESIAN_POINT('',(2.91230389918204,-0.901304276070716,3.501));
#4780=CARTESIAN_POINT('Ctrl Pts',(2.91230389918204,-0.901304276070716,3.501));
#4781=CARTESIAN_POINT('Ctrl Pts',(2.9736716435158,-0.961775433348564,3.501));
#4782=CARTESIAN_POINT('Ctrl Pts',(3.0996051420282,-1.08586903460063,3.501));
#4783=CARTESIAN_POINT('Ctrl Pts',(3.27610868548996,-1.10094289378242,3.501));
#4784=CARTESIAN_POINT('Ctrl Pts',(3.36660156096335,-1.10867121943009,3.501));
#4785=CARTESIAN_POINT('',(2.91230389918204,-0.901304276070716,3.5));
#4786=CARTESIAN_POINT('Ctrl Pts',(2.71448681200857,-0.0882073653556131,
3.5));
#4787=CARTESIAN_POINT('Ctrl Pts',(2.71448681200857,-0.0882073653556131,
3.501));
#4788=CARTESIAN_POINT('Ctrl Pts',(2.71645731467589,-0.253781763637954,3.5));
#4789=CARTESIAN_POINT('Ctrl Pts',(2.71645731467589,-0.253781763637954,3.501));
#4790=CARTESIAN_POINT('Ctrl Pts',(2.71988329034679,-0.541654431686786,3.5));
#4791=CARTESIAN_POINT('Ctrl Pts',(2.71988329034679,-0.541654431686786,3.501));
#4792=CARTESIAN_POINT('Ctrl Pts',(2.85493097155994,-0.794069585275177,3.5));
#4793=CARTESIAN_POINT('Ctrl Pts',(2.85493097155994,-0.794069585275177,3.501));
#4794=CARTESIAN_POINT('Ctrl Pts',(2.91230389918204,-0.901304276070716,3.5));
#4795=CARTESIAN_POINT('Ctrl Pts',(2.91230389918204,-0.901304276070716,3.501));
#4796=CARTESIAN_POINT('Ctrl Pts',(2.71448681200857,-0.0882073653556131,
3.501));
#4797=CARTESIAN_POINT('Ctrl Pts',(2.71645731467589,-0.253781763637954,3.501));
#4798=CARTESIAN_POINT('Ctrl Pts',(2.71988329034679,-0.541654431686786,3.501));
#4799=CARTESIAN_POINT('Ctrl Pts',(2.85493097155994,-0.794069585275177,3.501));
#4800=CARTESIAN_POINT('Ctrl Pts',(2.91230389918204,-0.901304276070716,3.501));
#4801=CARTESIAN_POINT('Origin',(-0.0351720482576345,-0.0875252647019648,
3.501));
#4802=CARTESIAN_POINT('Origin',(0.,-2.77555756156289E-16,3.5));
#4803=CARTESIAN_POINT('Ctrl Pts',(-2.39806448970918,-0.669380666098716,
3.5));
#4804=CARTESIAN_POINT('Ctrl Pts',(-2.39806448970918,-0.669380666098716,
3.501));
#4805=CARTESIAN_POINT('Ctrl Pts',(-2.41378185601192,-0.630314972085555,
3.5));
#4806=CARTESIAN_POINT('Ctrl Pts',(-2.41378185601192,-0.630314972085555,
3.501));
#4807=CARTESIAN_POINT('Ctrl Pts',(-2.44515308530376,-0.552341422272808,
3.5));
#4808=CARTESIAN_POINT('Ctrl Pts',(-2.44515308530376,-0.552341422272808,
3.501));
#4809=CARTESIAN_POINT('Ctrl Pts',(-2.44968915716455,-0.468419179888608,
3.5));
#4810=CARTESIAN_POINT('Ctrl Pts',(-2.44968915716455,-0.468419179888608,
3.501));
#4811=CARTESIAN_POINT('Ctrl Pts',(-2.45195260201578,-0.426542998633506,
3.5));
#4812=CARTESIAN_POINT('Ctrl Pts',(-2.45195260201578,-0.426542998633506,
3.501));
#4813=CARTESIAN_POINT('',(-2.45195260201578,-0.426542998633506,3.5));
#4814=CARTESIAN_POINT('',(-2.39806448970918,-0.669380666098716,3.5));
#4815=CARTESIAN_POINT('Ctrl Pts',(-2.45195260201578,-0.426542998633506,
3.5));
#4816=CARTESIAN_POINT('Ctrl Pts',(-2.44968915716455,-0.468419179888608,
3.5));
#4817=CARTESIAN_POINT('Ctrl Pts',(-2.44515308530376,-0.552341422272808,
3.5));
#4818=CARTESIAN_POINT('Ctrl Pts',(-2.41378185601192,-0.630314972085555,
3.5));
#4819=CARTESIAN_POINT('Ctrl Pts',(-2.39806448970918,-0.669380666098716,
3.5));
#4820=CARTESIAN_POINT('',(-2.45195260201578,-0.426542998633506,3.501));
#4821=CARTESIAN_POINT('',(-2.45195260201578,-0.426542998633506,3.5));
#4822=CARTESIAN_POINT('',(-2.39806448970918,-0.669380666098716,3.501));
#4823=CARTESIAN_POINT('Ctrl Pts',(-2.39806448970918,-0.669380666098716,
3.501));
#4824=CARTESIAN_POINT('Ctrl Pts',(-2.41378185601192,-0.630314972085555,
3.501));
#4825=CARTESIAN_POINT('Ctrl Pts',(-2.44515308530376,-0.552341422272808,
3.501));
#4826=CARTESIAN_POINT('Ctrl Pts',(-2.44968915716455,-0.468419179888608,
3.501));
#4827=CARTESIAN_POINT('Ctrl Pts',(-2.45195260201578,-0.426542998633506,
3.501));
#4828=CARTESIAN_POINT('',(-2.39806448970918,-0.669380666098716,3.5));
#4829=CARTESIAN_POINT('Ctrl Pts',(-2.24731421028261,-0.846051962456825,
3.5));
#4830=CARTESIAN_POINT('Ctrl Pts',(-2.24731421028261,-0.846051962456825,
3.501));
#4831=CARTESIAN_POINT('Ctrl Pts',(-2.27805999929758,-0.822967003345405,
3.5));
#4832=CARTESIAN_POINT('Ctrl Pts',(-2.27805999929758,-0.822967003345405,
3.501));
#4833=CARTESIAN_POINT('Ctrl Pts',(-2.34143932441016,-0.775379701942254,
3.5));
#4834=CARTESIAN_POINT('Ctrl Pts',(-2.34143932441016,-0.775379701942254,
3.501));
#4835=CARTESIAN_POINT('Ctrl Pts',(-2.37881832463789,-0.705408374458943,
3.5));
#4836=CARTESIAN_POINT('Ctrl Pts',(-2.37881832463789,-0.705408374458943,
3.501));
#4837=CARTESIAN_POINT('Ctrl Pts',(-2.39806448970918,-0.669380666098716,
3.5));
#4838=CARTESIAN_POINT('Ctrl Pts',(-2.39806448970918,-0.669380666098716,
3.501));
#4839=CARTESIAN_POINT('',(-2.24731421028261,-0.846051962456825,3.5));
#4840=CARTESIAN_POINT('Ctrl Pts',(-2.39806448970918,-0.669380666098716,
3.5));
#4841=CARTESIAN_POINT('Ctrl Pts',(-2.37881832463789,-0.705408374458943,
3.5));
#4842=CARTESIAN_POINT('Ctrl Pts',(-2.34143932441016,-0.775379701942254,
3.5));
#4843=CARTESIAN_POINT('Ctrl Pts',(-2.27805999929758,-0.822967003345405,
3.5));
#4844=CARTESIAN_POINT('Ctrl Pts',(-2.24731421028261,-0.846051962456825,
3.5));
#4845=CARTESIAN_POINT('',(-2.24731421028261,-0.846051962456825,3.501));
#4846=CARTESIAN_POINT('Ctrl Pts',(-2.24731421028261,-0.846051962456825,
3.501));
#4847=CARTESIAN_POINT('Ctrl Pts',(-2.27805999929758,-0.822967003345405,
3.501));
#4848=CARTESIAN_POINT('Ctrl Pts',(-2.34143932441016,-0.775379701942254,
3.501));
#4849=CARTESIAN_POINT('Ctrl Pts',(-2.37881832463789,-0.705408374458943,
3.501));
#4850=CARTESIAN_POINT('Ctrl Pts',(-2.39806448970918,-0.669380666098716,
3.501));
#4851=CARTESIAN_POINT('',(-2.24731421028261,-0.846051962456825,3.5));
#4852=CARTESIAN_POINT('Ctrl Pts',(-2.04403987084512,-0.906761379323127,
3.5));
#4853=CARTESIAN_POINT('Ctrl Pts',(-2.04403987084512,-0.906761379323127,
3.501));
#4854=CARTESIAN_POINT('Ctrl Pts',(-2.07940751660737,-0.904045035377208,
3.5));
#4855=CARTESIAN_POINT('Ctrl Pts',(-2.07940751660737,-0.904045035377208,
3.501));
#4856=CARTESIAN_POINT('Ctrl Pts',(-2.15151187429965,-0.898507198993964,
3.5));
#4857=CARTESIAN_POINT('Ctrl Pts',(-2.15151187429965,-0.898507198993964,
3.501));
#4858=CARTESIAN_POINT('Ctrl Pts',(-2.2149784124864,-0.86375697877625,3.5));
#4859=CARTESIAN_POINT('Ctrl Pts',(-2.2149784124864,-0.86375697877625,3.501));
#4860=CARTESIAN_POINT('Ctrl Pts',(-2.24731421028261,-0.846051962456825,
3.5));
#4861=CARTESIAN_POINT('Ctrl Pts',(-2.24731421028261,-0.846051962456825,
3.501));
#4862=CARTESIAN_POINT('',(-2.04403987084512,-0.906761379323127,3.5));
#4863=CARTESIAN_POINT('Ctrl Pts',(-2.24731421028261,-0.846051962456825,
3.5));
#4864=CARTESIAN_POINT('Ctrl Pts',(-2.2149784124864,-0.86375697877625,3.5));
#4865=CARTESIAN_POINT('Ctrl Pts',(-2.15151187429965,-0.898507198993964,
3.5));
#4866=CARTESIAN_POINT('Ctrl Pts',(-2.07940751660737,-0.904045035377208,
3.5));
#4867=CARTESIAN_POINT('Ctrl Pts',(-2.04403987084512,-0.906761379323127,
3.5));
#4868=CARTESIAN_POINT('',(-2.04403987084512,-0.906761379323127,3.501));
#4869=CARTESIAN_POINT('Ctrl Pts',(-2.04403987084512,-0.906761379323127,
3.501));
#4870=CARTESIAN_POINT('Ctrl Pts',(-2.07940751660737,-0.904045035377208,
3.501));
#4871=CARTESIAN_POINT('Ctrl Pts',(-2.15151187429965,-0.898507198993964,
3.501));
#4872=CARTESIAN_POINT('Ctrl Pts',(-2.2149784124864,-0.86375697877625,3.501));
#4873=CARTESIAN_POINT('Ctrl Pts',(-2.24731421028261,-0.846051962456825,
3.501));
#4874=CARTESIAN_POINT('',(-2.04403987084512,-0.906761379323127,3.5));
#4875=CARTESIAN_POINT('Ctrl Pts',(-1.7766456857789,-0.78124979265702,3.5));
#4876=CARTESIAN_POINT('Ctrl Pts',(-1.7766456857789,-0.78124979265702,3.501));
#4877=CARTESIAN_POINT('Ctrl Pts',(-1.81515282224185,-0.817851998502958,
3.5));
#4878=CARTESIAN_POINT('Ctrl Pts',(-1.81515282224185,-0.817851998502958,
3.501));
#4879=CARTESIAN_POINT('Ctrl Pts',(-1.89048981349525,-0.889462102887746,
3.5));
#4880=CARTESIAN_POINT('Ctrl Pts',(-1.89048981349525,-0.889462102887746,
3.501));
#4881=CARTESIAN_POINT('Ctrl Pts',(-1.99362188625589,-0.901081181817655,
3.5));
#4882=CARTESIAN_POINT('Ctrl Pts',(-1.99362188625589,-0.901081181817655,
3.501));
#4883=CARTESIAN_POINT('Ctrl Pts',(-2.04403987084512,-0.906761379323127,
3.5));
#4884=CARTESIAN_POINT('Ctrl Pts',(-2.04403987084512,-0.906761379323127,
3.501));
#4885=CARTESIAN_POINT('',(-1.7766456857789,-0.78124979265702,3.5));
#4886=CARTESIAN_POINT('Ctrl Pts',(-2.04403987084512,-0.906761379323127,
3.5));
#4887=CARTESIAN_POINT('Ctrl Pts',(-1.99362188625589,-0.901081181817655,
3.5));
#4888=CARTESIAN_POINT('Ctrl Pts',(-1.89048981349525,-0.889462102887746,
3.5));
#4889=CARTESIAN_POINT('Ctrl Pts',(-1.81515282224185,-0.817851998502958,
3.5));
#4890=CARTESIAN_POINT('Ctrl Pts',(-1.7766456857789,-0.78124979265702,3.5));
#4891=CARTESIAN_POINT('',(-1.7766456857789,-0.78124979265702,3.501));
#4892=CARTESIAN_POINT('Ctrl Pts',(-1.7766456857789,-0.78124979265702,3.501));
#4893=CARTESIAN_POINT('Ctrl Pts',(-1.81515282224185,-0.817851998502958,
3.501));
#4894=CARTESIAN_POINT('Ctrl Pts',(-1.89048981349525,-0.889462102887746,
3.501));
#4895=CARTESIAN_POINT('Ctrl Pts',(-1.99362188625589,-0.901081181817655,
3.501));
#4896=CARTESIAN_POINT('Ctrl Pts',(-2.04403987084512,-0.906761379323127,
3.501));
#4897=CARTESIAN_POINT('',(-1.7766456857789,-0.78124979265702,3.5));
#4898=CARTESIAN_POINT('Ctrl Pts',(-1.66477670823221,-0.440185607752921,
3.5));
#4899=CARTESIAN_POINT('Ctrl Pts',(-1.66477670823221,-0.440185607752921,
3.501));
#4900=CARTESIAN_POINT('Ctrl Pts',(-1.66802651401757,-0.506611452637477,
3.5));
#4901=CARTESIAN_POINT('Ctrl Pts',(-1.66802651401757,-0.506611452637477,
3.501));
#4902=CARTESIAN_POINT('Ctrl Pts',(-1.67411109821775,-0.6309800066259,3.5));
#4903=CARTESIAN_POINT('Ctrl Pts',(-1.67411109821775,-0.6309800066259,3.501));
#4904=CARTESIAN_POINT('Ctrl Pts',(-1.74405783750574,-0.733490601308026,
3.5));
#4905=CARTESIAN_POINT('Ctrl Pts',(-1.74405783750574,-0.733490601308026,
3.501));
#4906=CARTESIAN_POINT('Ctrl Pts',(-1.7766456857789,-0.78124979265702,3.5));
#4907=CARTESIAN_POINT('Ctrl Pts',(-1.7766456857789,-0.78124979265702,3.501));
#4908=CARTESIAN_POINT('',(-1.66477670823221,-0.440185607752921,3.5));
#4909=CARTESIAN_POINT('Ctrl Pts',(-1.7766456857789,-0.78124979265702,3.5));
#4910=CARTESIAN_POINT('Ctrl Pts',(-1.74405783750574,-0.733490601308026,
3.5));
#4911=CARTESIAN_POINT('Ctrl Pts',(-1.67411109821775,-0.6309800066259,3.5));
#4912=CARTESIAN_POINT('Ctrl Pts',(-1.66802651401757,-0.506611452637477,
3.5));
#4913=CARTESIAN_POINT('Ctrl Pts',(-1.66477670823221,-0.440185607752921,
3.5));
#4914=CARTESIAN_POINT('',(-1.66477670823221,-0.440185607752921,3.501));
#4915=CARTESIAN_POINT('Ctrl Pts',(-1.66477670823221,-0.440185607752921,
3.501));
#4916=CARTESIAN_POINT('Ctrl Pts',(-1.66802651401757,-0.506611452637477,
3.501));
#4917=CARTESIAN_POINT('Ctrl Pts',(-1.67411109821775,-0.6309800066259,3.501));
#4918=CARTESIAN_POINT('Ctrl Pts',(-1.74405783750574,-0.733490601308026,
3.501));
#4919=CARTESIAN_POINT('Ctrl Pts',(-1.7766456857789,-0.78124979265702,3.501));
#4920=CARTESIAN_POINT('',(-1.66477670823221,-0.440185607752921,3.5));
#4921=CARTESIAN_POINT('Ctrl Pts',(-1.77528133545999,-0.113446207127693,
3.5));
#4922=CARTESIAN_POINT('Ctrl Pts',(-1.77528133545999,-0.113446207127693,
3.501));
#4923=CARTESIAN_POINT('Ctrl Pts',(-1.74308957808476,-0.158959561311623,
3.5));
#4924=CARTESIAN_POINT('Ctrl Pts',(-1.74308957808476,-0.158959561311623,
3.501));
#4925=CARTESIAN_POINT('Ctrl Pts',(-1.67408149370055,-0.256524579260869,
3.5));
#4926=CARTESIAN_POINT('Ctrl Pts',(-1.67408149370055,-0.256524579260869,
3.501));
#4927=CARTESIAN_POINT('Ctrl Pts',(-1.6680138443527,-0.376289911148057,3.5));
#4928=CARTESIAN_POINT('Ctrl Pts',(-1.6680138443527,-0.376289911148057,3.501));
#4929=CARTESIAN_POINT('Ctrl Pts',(-1.66477670823221,-0.440185607752921,
3.5));
#4930=CARTESIAN_POINT('Ctrl Pts',(-1.66477670823221,-0.440185607752921,
3.501));
#4931=CARTESIAN_POINT('',(-1.77528133545999,-0.113446207127693,3.5));
#4932=CARTESIAN_POINT('Ctrl Pts',(-1.66477670823221,-0.440185607752921,
3.5));
#4933=CARTESIAN_POINT('Ctrl Pts',(-1.6680138443527,-0.376289911148057,3.5));
#4934=CARTESIAN_POINT('Ctrl Pts',(-1.67408149370055,-0.256524579260869,
3.5));
#4935=CARTESIAN_POINT('Ctrl Pts',(-1.74308957808476,-0.158959561311623,
3.5));
#4936=CARTESIAN_POINT('Ctrl Pts',(-1.77528133545999,-0.113446207127693,
3.5));
#4937=CARTESIAN_POINT('',(-1.77528133545999,-0.113446207127693,3.501));
#4938=CARTESIAN_POINT('Ctrl Pts',(-1.77528133545999,-0.113446207127693,
3.501));
#4939=CARTESIAN_POINT('Ctrl Pts',(-1.74308957808476,-0.158959561311623,
3.501));
#4940=CARTESIAN_POINT('Ctrl Pts',(-1.67408149370055,-0.256524579260869,
3.501));
#4941=CARTESIAN_POINT('Ctrl Pts',(-1.6680138443527,-0.376289911148057,3.501));
#4942=CARTESIAN_POINT('Ctrl Pts',(-1.66477670823221,-0.440185607752921,
3.501));
#4943=CARTESIAN_POINT('',(-1.77528133545999,-0.113446207127693,3.5));
#4944=CARTESIAN_POINT('Ctrl Pts',(-2.05358972703104,0.00592625013816128,
3.5));
#4945=CARTESIAN_POINT('Ctrl Pts',(-2.05358972703104,0.00592625013816128,
3.501));
#4946=CARTESIAN_POINT('Ctrl Pts',(-2.00020858776498,0.00113041445744699,
3.5));
#4947=CARTESIAN_POINT('Ctrl Pts',(-2.00020858776498,0.00113041445744699,
3.501));
#4948=CARTESIAN_POINT('Ctrl Pts',(-1.89438082747399,-0.00837729848745639,
3.5));
#4949=CARTESIAN_POINT('Ctrl Pts',(-1.89438082747399,-0.00837729848745639,
3.501));
#4950=CARTESIAN_POINT('Ctrl Pts',(-1.81474676170261,-0.0786300278626562,
3.5));
#4951=CARTESIAN_POINT('Ctrl Pts',(-1.81474676170261,-0.0786300278626562,
3.501));
#4952=CARTESIAN_POINT('Ctrl Pts',(-1.77528133545999,-0.113446207127693,
3.5));
#4953=CARTESIAN_POINT('Ctrl Pts',(-1.77528133545999,-0.113446207127693,
3.501));
#4954=CARTESIAN_POINT('',(-2.05358972703104,0.00592625013816128,3.5));
#4955=CARTESIAN_POINT('Ctrl Pts',(-1.77528133545999,-0.113446207127693,
3.5));
#4956=CARTESIAN_POINT('Ctrl Pts',(-1.81474676170261,-0.0786300278626562,
3.5));
#4957=CARTESIAN_POINT('Ctrl Pts',(-1.89438082747399,-0.00837729848745639,
3.5));
#4958=CARTESIAN_POINT('Ctrl Pts',(-2.00020858776498,0.00113041445744699,
3.5));
#4959=CARTESIAN_POINT('Ctrl Pts',(-2.05358972703104,0.00592625013816128,
3.5));
#4960=CARTESIAN_POINT('',(-2.05358972703104,0.00592625013816128,3.501));
#4961=CARTESIAN_POINT('Ctrl Pts',(-2.05358972703104,0.00592625013816128,
3.501));
#4962=CARTESIAN_POINT('Ctrl Pts',(-2.00020858776498,0.00113041445744699,
3.501));
#4963=CARTESIAN_POINT('Ctrl Pts',(-1.89438082747399,-0.00837729848745639,
3.501));
#4964=CARTESIAN_POINT('Ctrl Pts',(-1.81474676170261,-0.0786300278626562,
3.501));
#4965=CARTESIAN_POINT('Ctrl Pts',(-1.77528133545999,-0.113446207127693,
3.501));
#4966=CARTESIAN_POINT('',(-2.05358972703104,0.00592625013816128,3.5));
#4967=CARTESIAN_POINT('Ctrl Pts',(-2.33599087153558,-0.113446207127693,
3.5));
#4968=CARTESIAN_POINT('Ctrl Pts',(-2.33599087153558,-0.113446207127693,
3.501));
#4969=CARTESIAN_POINT('Ctrl Pts',(-2.29523297625435,-0.0786291845532891,
3.5));
#4970=CARTESIAN_POINT('Ctrl Pts',(-2.29523297625435,-0.0786291845532891,
3.501));
#4971=CARTESIAN_POINT('Ctrl Pts',(-2.21371509605194,-0.00899335435056547,
3.5));
#4972=CARTESIAN_POINT('Ctrl Pts',(-2.21371509605194,-0.00899335435056547,
3.501));
#4973=CARTESIAN_POINT('Ctrl Pts',(-2.1069657621801,0.000952963653516603,
3.5));
#4974=CARTESIAN_POINT('Ctrl Pts',(-2.1069657621801,0.000952963653516603,
3.501));
#4975=CARTESIAN_POINT('Ctrl Pts',(-2.05358972703104,0.00592625013816128,
3.5));
#4976=CARTESIAN_POINT('Ctrl Pts',(-2.05358972703104,0.00592625013816128,
3.501));
#4977=CARTESIAN_POINT('',(-2.33599087153558,-0.113446207127693,3.5));
#4978=CARTESIAN_POINT('Ctrl Pts',(-2.05358972703104,0.00592625013816128,
3.5));
#4979=CARTESIAN_POINT('Ctrl Pts',(-2.1069657621801,0.000952963653516603,
3.5));
#4980=CARTESIAN_POINT('Ctrl Pts',(-2.21371509605194,-0.00899335435056547,
3.5));
#4981=CARTESIAN_POINT('Ctrl Pts',(-2.29523297625435,-0.0786291845532891,
3.5));
#4982=CARTESIAN_POINT('Ctrl Pts',(-2.33599087153558,-0.113446207127693,
3.5));
#4983=CARTESIAN_POINT('',(-2.33599087153558,-0.113446207127693,3.501));
#4984=CARTESIAN_POINT('Ctrl Pts',(-2.33599087153558,-0.113446207127693,
3.501));
#4985=CARTESIAN_POINT('Ctrl Pts',(-2.29523297625435,-0.0786291845532891,
3.501));
#4986=CARTESIAN_POINT('Ctrl Pts',(-2.21371509605194,-0.00899335435056547,
3.501));
#4987=CARTESIAN_POINT('Ctrl Pts',(-2.1069657621801,0.000952963653516603,
3.501));
#4988=CARTESIAN_POINT('Ctrl Pts',(-2.05358972703104,0.00592625013816128,
3.501));
#4989=CARTESIAN_POINT('',(-2.33599087153558,-0.113446207127693,3.5));
#4990=CARTESIAN_POINT('Ctrl Pts',(-2.45195260201578,-0.426542998633506,
3.5));
#4991=CARTESIAN_POINT('Ctrl Pts',(-2.45195260201578,-0.426542998633506,
3.501));
#4992=CARTESIAN_POINT('Ctrl Pts',(-2.44799418006559,-0.36599554939437,3.5));
#4993=CARTESIAN_POINT('Ctrl Pts',(-2.44799418006559,-0.36599554939437,3.501));
#4994=CARTESIAN_POINT('Ctrl Pts',(-2.44039917968723,-0.249823522847625,
3.5));
#4995=CARTESIAN_POINT('Ctrl Pts',(-2.44039917968723,-0.249823522847625,
3.501));
#4996=CARTESIAN_POINT('Ctrl Pts',(-2.36979635940927,-0.157602671056973,
3.5));
#4997=CARTESIAN_POINT('Ctrl Pts',(-2.36979635940927,-0.157602671056973,
3.501));
#4998=CARTESIAN_POINT('Ctrl Pts',(-2.33599087153558,-0.113446207127693,
3.5));
#4999=CARTESIAN_POINT('Ctrl Pts',(-2.33599087153558,-0.113446207127693,
3.501));
#5000=CARTESIAN_POINT('Ctrl Pts',(-2.33599087153558,-0.113446207127693,
3.5));
#5001=CARTESIAN_POINT('Ctrl Pts',(-2.36979635940927,-0.157602671056973,
3.5));
#5002=CARTESIAN_POINT('Ctrl Pts',(-2.44039917968723,-0.249823522847625,
3.5));
#5003=CARTESIAN_POINT('Ctrl Pts',(-2.44799418006559,-0.36599554939437,3.5));
#5004=CARTESIAN_POINT('Ctrl Pts',(-2.45195260201578,-0.426542998633506,
3.5));
#5005=CARTESIAN_POINT('Ctrl Pts',(-2.45195260201578,-0.426542998633506,
3.501));
#5006=CARTESIAN_POINT('Ctrl Pts',(-2.44799418006559,-0.36599554939437,3.501));
#5007=CARTESIAN_POINT('Ctrl Pts',(-2.44039917968723,-0.249823522847625,
3.501));
#5008=CARTESIAN_POINT('Ctrl Pts',(-2.36979635940927,-0.157602671056973,
3.501));
#5009=CARTESIAN_POINT('Ctrl Pts',(-2.33599087153558,-0.113446207127693,
3.501));
#5010=CARTESIAN_POINT('Origin',(-1.69342597876672,0.416567532935021,3.5));
#5011=CARTESIAN_POINT('',(-1.44922425900583,0.435667096295235,3.501));
#5012=CARTESIAN_POINT('',(-1.44922425900583,0.435667096295235,3.5));
#5013=CARTESIAN_POINT('',(-1.69342597876672,0.416567532935021,3.501));
#5014=CARTESIAN_POINT('',(-1.44922425900583,0.435667096295235,3.501));
#5015=CARTESIAN_POINT('',(-1.69342597876672,0.416567532935021,3.5));
#5016=CARTESIAN_POINT('Ctrl Pts',(-1.78619554196481,0.626663027920601,3.5));
#5017=CARTESIAN_POINT('Ctrl Pts',(-1.78619554196481,0.626663027920601,3.501));
#5018=CARTESIAN_POINT('Ctrl Pts',(-1.76680721711688,0.599003918524959,3.5));
#5019=CARTESIAN_POINT('Ctrl Pts',(-1.76680721711688,0.599003918524959,3.501));
#5020=CARTESIAN_POINT('Ctrl Pts',(-1.72215753006021,0.535307307885941,3.5));
#5021=CARTESIAN_POINT('Ctrl Pts',(-1.72215753006021,0.535307307885941,3.501));
#5022=CARTESIAN_POINT('Ctrl Pts',(-1.70380771572633,0.45947245991204,3.5));
#5023=CARTESIAN_POINT('Ctrl Pts',(-1.70380771572633,0.45947245991204,3.501));
#5024=CARTESIAN_POINT('Ctrl Pts',(-1.69342597876672,0.416567532935021,3.5));
#5025=CARTESIAN_POINT('Ctrl Pts',(-1.69342597876672,0.416567532935021,3.501));
#5026=CARTESIAN_POINT('',(-1.78619554196481,0.626663027920601,3.501));
#5027=CARTESIAN_POINT('Ctrl Pts',(-1.78619554196481,0.626663027920601,3.501));
#5028=CARTESIAN_POINT('Ctrl Pts',(-1.76680721711688,0.599003918524959,3.501));
#5029=CARTESIAN_POINT('Ctrl Pts',(-1.72215753006021,0.535307307885941,3.501));
#5030=CARTESIAN_POINT('Ctrl Pts',(-1.70380771572633,0.45947245991204,3.501));
#5031=CARTESIAN_POINT('Ctrl Pts',(-1.69342597876672,0.416567532935021,3.501));
#5032=CARTESIAN_POINT('',(-1.78619554196481,0.626663027920601,3.5));
#5033=CARTESIAN_POINT('Ctrl Pts',(-2.03176161204462,0.731710700907586,3.5));
#5034=CARTESIAN_POINT('Ctrl Pts',(-2.03176161204462,0.731710700907586,3.501));
#5035=CARTESIAN_POINT('Ctrl Pts',(-1.98507556334751,0.727375584092266,3.5));
#5036=CARTESIAN_POINT('Ctrl Pts',(-1.98507556334751,0.727375584092266,3.501));
#5037=CARTESIAN_POINT('Ctrl Pts',(-1.89192533718226,0.718725952712669,3.5));
#5038=CARTESIAN_POINT('Ctrl Pts',(-1.89192533718226,0.718725952712669,3.501));
#5039=CARTESIAN_POINT('Ctrl Pts',(-1.82138279944545,0.65730190159303,3.5));
#5040=CARTESIAN_POINT('Ctrl Pts',(-1.82138279944545,0.65730190159303,3.501));
#5041=CARTESIAN_POINT('Ctrl Pts',(-1.78619554196481,0.626663027920601,3.5));
#5042=CARTESIAN_POINT('Ctrl Pts',(-1.78619554196481,0.626663027920601,3.501));
#5043=CARTESIAN_POINT('',(-2.03176161204462,0.731710700907586,3.501));
#5044=CARTESIAN_POINT('Ctrl Pts',(-2.03176161204462,0.731710700907586,3.501));
#5045=CARTESIAN_POINT('Ctrl Pts',(-1.98507556334751,0.727375584092266,3.501));
#5046=CARTESIAN_POINT('Ctrl Pts',(-1.89192533718226,0.718725952712669,3.501));
#5047=CARTESIAN_POINT('Ctrl Pts',(-1.82138279944545,0.65730190159303,3.501));
#5048=CARTESIAN_POINT('Ctrl Pts',(-1.78619554196481,0.626663027920601,3.501));
#5049=CARTESIAN_POINT('',(-2.03176161204462,0.731710700907586,3.5));
#5050=CARTESIAN_POINT('Ctrl Pts',(-2.2377643540967,0.666226504959939,3.5));
#5051=CARTESIAN_POINT('Ctrl Pts',(-2.2377643540967,0.666226504959939,3.501));
#5052=CARTESIAN_POINT('Ctrl Pts',(-2.20669317164409,0.6853245635391,3.5));
#5053=CARTESIAN_POINT('Ctrl Pts',(-2.20669317164409,0.6853245635391,3.501));
#5054=CARTESIAN_POINT('Ctrl Pts',(-2.143488166784,0.724173837690649,3.5));
#5055=CARTESIAN_POINT('Ctrl Pts',(-2.143488166784,0.724173837690649,3.501));
#5056=CARTESIAN_POINT('Ctrl Pts',(-2.06941889576722,0.729170411383751,3.5));
#5057=CARTESIAN_POINT('Ctrl Pts',(-2.06941889576722,0.729170411383751,3.501));
#5058=CARTESIAN_POINT('Ctrl Pts',(-2.03176161204462,0.731710700907586,3.5));
#5059=CARTESIAN_POINT('Ctrl Pts',(-2.03176161204462,0.731710700907586,3.501));
#5060=CARTESIAN_POINT('',(-2.2377643540967,0.666226504959939,3.501));
#5061=CARTESIAN_POINT('Ctrl Pts',(-2.2377643540967,0.666226504959939,3.501));
#5062=CARTESIAN_POINT('Ctrl Pts',(-2.20669317164409,0.6853245635391,3.501));
#5063=CARTESIAN_POINT('Ctrl Pts',(-2.143488166784,0.724173837690649,3.501));
#5064=CARTESIAN_POINT('Ctrl Pts',(-2.06941889576722,0.729170411383751,3.501));
#5065=CARTESIAN_POINT('Ctrl Pts',(-2.03176161204462,0.731710700907586,3.501));
#5066=CARTESIAN_POINT('',(-2.2377643540967,0.666226504959939,3.5));
#5067=CARTESIAN_POINT('Ctrl Pts',(-2.42057477985506,0.419296084561226,3.5));
#5068=CARTESIAN_POINT('Ctrl Pts',(-2.42057477985506,0.419296084561226,3.501));
#5069=CARTESIAN_POINT('Ctrl Pts',(-2.39737512539911,0.469319374497929,3.5));
#5070=CARTESIAN_POINT('Ctrl Pts',(-2.39737512539911,0.469319374497929,3.501));
#5071=CARTESIAN_POINT('Ctrl Pts',(-2.35331604917199,0.564319924986162,3.5));
#5072=CARTESIAN_POINT('Ctrl Pts',(-2.35331604917199,0.564319924986162,3.501));
#5073=CARTESIAN_POINT('Ctrl Pts',(-2.2748930865577,0.633482180946371,3.5));
#5074=CARTESIAN_POINT('Ctrl Pts',(-2.2748930865577,0.633482180946371,3.501));
#5075=CARTESIAN_POINT('Ctrl Pts',(-2.2377643540967,0.666226504959939,3.5));
#5076=CARTESIAN_POINT('Ctrl Pts',(-2.2377643540967,0.666226504959939,3.501));
#5077=CARTESIAN_POINT('',(-2.42057477985506,0.419296084561226,3.501));
#5078=CARTESIAN_POINT('Ctrl Pts',(-2.42057477985506,0.419296084561226,3.501));
#5079=CARTESIAN_POINT('Ctrl Pts',(-2.39737512539911,0.469319374497929,3.501));
#5080=CARTESIAN_POINT('Ctrl Pts',(-2.35331604917199,0.564319924986162,3.501));
#5081=CARTESIAN_POINT('Ctrl Pts',(-2.2748930865577,0.633482180946371,3.501));
#5082=CARTESIAN_POINT('Ctrl Pts',(-2.2377643540967,0.666226504959939,3.501));
#5083=CARTESIAN_POINT('',(-2.42057477985506,0.419296084561226,3.5));
#5084=CARTESIAN_POINT('Ctrl Pts',(-2.49015187774782,-0.043186934075477,
3.5));
#5085=CARTESIAN_POINT('Ctrl Pts',(-2.49015187774782,-0.043186934075477,
3.501));
#5086=CARTESIAN_POINT('Ctrl Pts',(-2.48842114602843,0.0461132251278823,
3.5));
#5087=CARTESIAN_POINT('Ctrl Pts',(-2.48842114602843,0.0461132251278823,
3.501));
#5088=CARTESIAN_POINT('Ctrl Pts',(-2.48536970691036,0.203557614682525,3.5));
#5089=CARTESIAN_POINT('Ctrl Pts',(-2.48536970691036,0.203557614682525,3.501));
#5090=CARTESIAN_POINT('Ctrl Pts',(-2.44014757761716,0.354127318542895,3.5));
#5091=CARTESIAN_POINT('Ctrl Pts',(-2.44014757761716,0.354127318542895,3.501));
#5092=CARTESIAN_POINT('Ctrl Pts',(-2.42057477985506,0.419296084561226,3.5));
#5093=CARTESIAN_POINT('Ctrl Pts',(-2.42057477985506,0.419296084561226,3.501));
#5094=CARTESIAN_POINT('',(-2.49015187774782,-0.043186934075477,3.501));
#5095=CARTESIAN_POINT('Ctrl Pts',(-2.49015187774782,-0.043186934075477,
3.501));
#5096=CARTESIAN_POINT('Ctrl Pts',(-2.48842114602843,0.0461132251278823,
3.501));
#5097=CARTESIAN_POINT('Ctrl Pts',(-2.48536970691036,0.203557614682525,3.501));
#5098=CARTESIAN_POINT('Ctrl Pts',(-2.44014757761716,0.354127318542895,3.501));
#5099=CARTESIAN_POINT('Ctrl Pts',(-2.42057477985506,0.419296084561226,3.501));
#5100=CARTESIAN_POINT('',(-2.49015187774782,-0.043186934075477,3.5));
#5101=CARTESIAN_POINT('Ctrl Pts',(-2.27323507820253,0.15735870472419,3.5));
#5102=CARTESIAN_POINT('Ctrl Pts',(-2.27323507820253,0.15735870472419,3.501));
#5103=CARTESIAN_POINT('Ctrl Pts',(-2.31475119965689,0.131985506364245,3.5));
#5104=CARTESIAN_POINT('Ctrl Pts',(-2.31475119965689,0.131985506364245,3.501));
#5105=CARTESIAN_POINT('Ctrl Pts',(-2.40037320637881,0.0796563367687664,
3.5));
#5106=CARTESIAN_POINT('Ctrl Pts',(-2.40037320637881,0.0796563367687664,
3.501));
#5107=CARTESIAN_POINT('Ctrl Pts',(-2.45962823539035,-0.0014217351914389,
3.5));
#5108=CARTESIAN_POINT('Ctrl Pts',(-2.45962823539035,-0.0014217351914389,
3.501));
#5109=CARTESIAN_POINT('Ctrl Pts',(-2.49015187774782,-0.043186934075477,
3.5));
#5110=CARTESIAN_POINT('Ctrl Pts',(-2.49015187774782,-0.043186934075477,
3.501));
#5111=CARTESIAN_POINT('',(-2.27323507820253,0.15735870472419,3.501));
#5112=CARTESIAN_POINT('Ctrl Pts',(-2.27323507820253,0.15735870472419,3.501));
#5113=CARTESIAN_POINT('Ctrl Pts',(-2.31475119965689,0.131985506364245,3.501));
#5114=CARTESIAN_POINT('Ctrl Pts',(-2.40037320637881,0.0796563367687664,
3.501));
#5115=CARTESIAN_POINT('Ctrl Pts',(-2.45962823539035,-0.0014217351914389,
3.501));
#5116=CARTESIAN_POINT('Ctrl Pts',(-2.49015187774782,-0.043186934075477,
3.501));
#5117=CARTESIAN_POINT('',(-2.27323507820253,0.15735870472419,3.5));
#5118=CARTESIAN_POINT('Ctrl Pts',(-2.0044765428174,0.222843049683449,3.5));
#5119=CARTESIAN_POINT('Ctrl Pts',(-2.0044765428174,0.222843049683449,3.501));
#5120=CARTESIAN_POINT('Ctrl Pts',(-2.05093873553173,0.220045686888122,3.5));
#5121=CARTESIAN_POINT('Ctrl Pts',(-2.05093873553173,0.220045686888122,3.501));
#5122=CARTESIAN_POINT('Ctrl Pts',(-2.14445839455944,0.214415121486179,3.5));
#5123=CARTESIAN_POINT('Ctrl Pts',(-2.14445839455944,0.214415121486179,3.501));
#5124=CARTESIAN_POINT('Ctrl Pts',(-2.23012774877195,0.17645804541155,3.5));
#5125=CARTESIAN_POINT('Ctrl Pts',(-2.23012774877195,0.17645804541155,3.501));
#5126=CARTESIAN_POINT('Ctrl Pts',(-2.27323507820253,0.15735870472419,3.5));
#5127=CARTESIAN_POINT('Ctrl Pts',(-2.27323507820253,0.15735870472419,3.501));
#5128=CARTESIAN_POINT('',(-2.0044765428174,0.222843049683449,3.501));
#5129=CARTESIAN_POINT('Ctrl Pts',(-2.0044765428174,0.222843049683449,3.501));
#5130=CARTESIAN_POINT('Ctrl Pts',(-2.05093873553173,0.220045686888122,3.501));
#5131=CARTESIAN_POINT('Ctrl Pts',(-2.14445839455944,0.214415121486179,3.501));
#5132=CARTESIAN_POINT('Ctrl Pts',(-2.23012774877195,0.17645804541155,3.501));
#5133=CARTESIAN_POINT('Ctrl Pts',(-2.27323507820253,0.15735870472419,3.501));
#5134=CARTESIAN_POINT('',(-2.0044765428174,0.222843049683449,3.5));
#5135=CARTESIAN_POINT('Ctrl Pts',(-1.58633192931299,0.0420790003918387,
3.5));
#5136=CARTESIAN_POINT('Ctrl Pts',(-1.58633192931299,0.0420790003918387,
3.501));
#5137=CARTESIAN_POINT('Ctrl Pts',(-1.64669405126108,0.0948015304640351,
3.5));
#5138=CARTESIAN_POINT('Ctrl Pts',(-1.64669405126108,0.0948015304640351,
3.501));
#5139=CARTESIAN_POINT('Ctrl Pts',(-1.76682145430847,0.199725287536519,3.5));
#5140=CARTESIAN_POINT('Ctrl Pts',(-1.76682145430847,0.199725287536519,3.501));
#5141=CARTESIAN_POINT('Ctrl Pts',(-1.9255210075393,0.215162695367476,3.5));
#5142=CARTESIAN_POINT('Ctrl Pts',(-1.9255210075393,0.215162695367476,3.501));
#5143=CARTESIAN_POINT('Ctrl Pts',(-2.0044765428174,0.222843049683449,3.5));
#5144=CARTESIAN_POINT('Ctrl Pts',(-2.0044765428174,0.222843049683449,3.501));
#5145=CARTESIAN_POINT('',(-1.58633192931299,0.0420790003918387,3.501));
#5146=CARTESIAN_POINT('Ctrl Pts',(-1.58633192931299,0.0420790003918387,
3.501));
#5147=CARTESIAN_POINT('Ctrl Pts',(-1.64669405126108,0.0948015304640351,
3.501));
#5148=CARTESIAN_POINT('Ctrl Pts',(-1.76682145430847,0.199725287536519,3.501));
#5149=CARTESIAN_POINT('Ctrl Pts',(-1.9255210075393,0.215162695367476,3.501));
#5150=CARTESIAN_POINT('Ctrl Pts',(-2.0044765428174,0.222843049683449,3.501));
#5151=CARTESIAN_POINT('',(-1.58633192931299,0.0420790003918387,3.5));
#5152=CARTESIAN_POINT('Ctrl Pts',(-1.4137535349,-0.425178797326209,3.5));
#5153=CARTESIAN_POINT('Ctrl Pts',(-1.4137535349,-0.425178797326209,3.501));
#5154=CARTESIAN_POINT('Ctrl Pts',(-1.4197858232459,-0.335335718260605,3.5));
#5155=CARTESIAN_POINT('Ctrl Pts',(-1.4197858232459,-0.335335718260605,3.501));
#5156=CARTESIAN_POINT('Ctrl Pts',(-1.43140843965873,-0.162231982920214,
3.5));
#5157=CARTESIAN_POINT('Ctrl Pts',(-1.43140843965873,-0.162231982920214,
3.501));
#5158=CARTESIAN_POINT('Ctrl Pts',(-1.53601670675136,-0.0242760282747145,
3.5));
#5159=CARTESIAN_POINT('Ctrl Pts',(-1.53601670675136,-0.0242760282747145,
3.501));
#5160=CARTESIAN_POINT('Ctrl Pts',(-1.58633192931299,0.0420790003918387,
3.5));
#5161=CARTESIAN_POINT('Ctrl Pts',(-1.58633192931299,0.0420790003918387,
3.501));
#5162=CARTESIAN_POINT('',(-1.4137535349,-0.425178797326209,3.501));
#5163=CARTESIAN_POINT('Ctrl Pts',(-1.4137535349,-0.425178797326209,3.501));
#5164=CARTESIAN_POINT('Ctrl Pts',(-1.4197858232459,-0.335335718260605,3.501));
#5165=CARTESIAN_POINT('Ctrl Pts',(-1.43140843965873,-0.162231982920214,
3.501));
#5166=CARTESIAN_POINT('Ctrl Pts',(-1.53601670675136,-0.0242760282747145,
3.501));
#5167=CARTESIAN_POINT('Ctrl Pts',(-1.58633192931299,0.0420790003918387,
3.501));
#5168=CARTESIAN_POINT('',(-1.4137535349,-0.425178797326209,3.5));
#5169=CARTESIAN_POINT('Ctrl Pts',(-1.49492671643381,-0.775110514245155,
3.5));
#5170=CARTESIAN_POINT('Ctrl Pts',(-1.49492671643381,-0.775110514245155,
3.501));
#5171=CARTESIAN_POINT('Ctrl Pts',(-1.47125192839049,-0.719794245114418,
3.5));
#5172=CARTESIAN_POINT('Ctrl Pts',(-1.47125192839049,-0.719794245114418,
3.501));
#5173=CARTESIAN_POINT('Ctrl Pts',(-1.42340504627211,-0.60799974864484,3.5));
#5174=CARTESIAN_POINT('Ctrl Pts',(-1.42340504627211,-0.60799974864484,3.501));
#5175=CARTESIAN_POINT('Ctrl Pts',(-1.41699292058949,-0.486539920015544,
3.5));
#5176=CARTESIAN_POINT('Ctrl Pts',(-1.41699292058949,-0.486539920015544,
3.501));
#5177=CARTESIAN_POINT('Ctrl Pts',(-1.4137535349,-0.425178797326209,3.5));
#5178=CARTESIAN_POINT('Ctrl Pts',(-1.4137535349,-0.425178797326209,3.501));
#5179=CARTESIAN_POINT('',(-1.49492671643381,-0.775110514245155,3.501));
#5180=CARTESIAN_POINT('Ctrl Pts',(-1.49492671643381,-0.775110514245155,
3.501));
#5181=CARTESIAN_POINT('Ctrl Pts',(-1.47125192839049,-0.719794245114418,
3.501));
#5182=CARTESIAN_POINT('Ctrl Pts',(-1.42340504627211,-0.60799974864484,3.501));
#5183=CARTESIAN_POINT('Ctrl Pts',(-1.41699292058949,-0.486539920015544,
3.501));
#5184=CARTESIAN_POINT('Ctrl Pts',(-1.4137535349,-0.425178797326209,3.501));
#5185=CARTESIAN_POINT('',(-1.49492671643381,-0.775110514245155,3.5));
#5186=CARTESIAN_POINT('Ctrl Pts',(-1.71798279439096,-1.02272310980332,3.5));
#5187=CARTESIAN_POINT('Ctrl Pts',(-1.71798279439096,-1.02272310980332,3.501));
#5188=CARTESIAN_POINT('Ctrl Pts',(-1.67292394284224,-0.990324592792433,
3.5));
#5189=CARTESIAN_POINT('Ctrl Pts',(-1.67292394284224,-0.990324592792433,
3.501));
#5190=CARTESIAN_POINT('Ctrl Pts',(-1.58068810667322,-0.924004564553262,
3.5));
#5191=CARTESIAN_POINT('Ctrl Pts',(-1.58068810667322,-0.924004564553262,
3.501));
#5192=CARTESIAN_POINT('Ctrl Pts',(-1.52394817777024,-0.82549592558444,3.5));
#5193=CARTESIAN_POINT('Ctrl Pts',(-1.52394817777024,-0.82549592558444,3.501));
#5194=CARTESIAN_POINT('Ctrl Pts',(-1.49492671643381,-0.775110514245155,
3.5));
#5195=CARTESIAN_POINT('Ctrl Pts',(-1.49492671643381,-0.775110514245155,
3.501));
#5196=CARTESIAN_POINT('',(-1.71798279439096,-1.02272310980332,3.501));
#5197=CARTESIAN_POINT('Ctrl Pts',(-1.71798279439096,-1.02272310980332,3.501));
#5198=CARTESIAN_POINT('Ctrl Pts',(-1.67292394284224,-0.990324592792433,
3.501));
#5199=CARTESIAN_POINT('Ctrl Pts',(-1.58068810667322,-0.924004564553262,
3.501));
#5200=CARTESIAN_POINT('Ctrl Pts',(-1.52394817777024,-0.82549592558444,3.501));
#5201=CARTESIAN_POINT('Ctrl Pts',(-1.49492671643381,-0.775110514245155,
3.501));
#5202=CARTESIAN_POINT('',(-1.71798279439096,-1.02272310980332,3.5));
#5203=CARTESIAN_POINT('Ctrl Pts',(-2.03994711791162,-1.10867121943009,3.5));
#5204=CARTESIAN_POINT('Ctrl Pts',(-2.03994711791162,-1.10867121943009,3.501));
#5205=CARTESIAN_POINT('Ctrl Pts',(-1.98204879671546,-1.10541120205692,3.5));
#5206=CARTESIAN_POINT('Ctrl Pts',(-1.98204879671546,-1.10541120205692,3.501));
#5207=CARTESIAN_POINT('Ctrl Pts',(-1.86871077491282,-1.09902960216793,3.5));
#5208=CARTESIAN_POINT('Ctrl Pts',(-1.86871077491282,-1.09902960216793,3.501));
#5209=CARTESIAN_POINT('Ctrl Pts',(-1.76749355916414,-1.04778808301566,3.5));
#5210=CARTESIAN_POINT('Ctrl Pts',(-1.76749355916414,-1.04778808301566,3.501));
#5211=CARTESIAN_POINT('Ctrl Pts',(-1.71798279439096,-1.02272310980332,3.5));
#5212=CARTESIAN_POINT('Ctrl Pts',(-1.71798279439096,-1.02272310980332,3.501));
#5213=CARTESIAN_POINT('',(-2.03994711791162,-1.10867121943009,3.501));
#5214=CARTESIAN_POINT('Ctrl Pts',(-2.03994711791162,-1.10867121943009,3.501));
#5215=CARTESIAN_POINT('Ctrl Pts',(-1.98204879671546,-1.10541120205692,3.501));
#5216=CARTESIAN_POINT('Ctrl Pts',(-1.86871077491282,-1.09902960216793,3.501));
#5217=CARTESIAN_POINT('Ctrl Pts',(-1.76749355916414,-1.04778808301566,3.501));
#5218=CARTESIAN_POINT('Ctrl Pts',(-1.71798279439096,-1.02272310980332,3.501));
#5219=CARTESIAN_POINT('',(-2.03994711791162,-1.10867121943009,3.5));
#5220=CARTESIAN_POINT('Ctrl Pts',(-2.54062941228037,-0.882886738858344,
3.5));
#5221=CARTESIAN_POINT('Ctrl Pts',(-2.54062941228037,-0.882886738858344,
3.501));
#5222=CARTESIAN_POINT('Ctrl Pts',(-2.47088364131747,-0.94873899883276,3.5));
#5223=CARTESIAN_POINT('Ctrl Pts',(-2.47088364131747,-0.94873899883276,3.501));
#5224=CARTESIAN_POINT('Ctrl Pts',(-2.33012553917795,-1.08163937411901,3.5));
#5225=CARTESIAN_POINT('Ctrl Pts',(-2.33012553917795,-1.08163937411901,3.501));
#5226=CARTESIAN_POINT('Ctrl Pts',(-2.13725175968148,-1.09960671348615,3.5));
#5227=CARTESIAN_POINT('Ctrl Pts',(-2.13725175968148,-1.09960671348615,3.501));
#5228=CARTESIAN_POINT('Ctrl Pts',(-2.03994711791162,-1.10867121943009,3.5));
#5229=CARTESIAN_POINT('Ctrl Pts',(-2.03994711791162,-1.10867121943009,3.501));
#5230=CARTESIAN_POINT('',(-2.54062941228037,-0.882886738858344,3.501));
#5231=CARTESIAN_POINT('Ctrl Pts',(-2.54062941228037,-0.882886738858344,
3.501));
#5232=CARTESIAN_POINT('Ctrl Pts',(-2.47088364131747,-0.94873899883276,3.501));
#5233=CARTESIAN_POINT('Ctrl Pts',(-2.33012553917795,-1.08163937411901,3.501));
#5234=CARTESIAN_POINT('Ctrl Pts',(-2.13725175968148,-1.09960671348615,3.501));
#5235=CARTESIAN_POINT('Ctrl Pts',(-2.03994711791162,-1.10867121943009,3.501));
#5236=CARTESIAN_POINT('',(-2.54062941228037,-0.882886738858344,3.5));
#5237=CARTESIAN_POINT('Ctrl Pts',(-2.73435374652033,-0.13868489988816,3.5));
#5238=CARTESIAN_POINT('Ctrl Pts',(-2.73435374652033,-0.13868489988816,3.501));
#5239=CARTESIAN_POINT('Ctrl Pts',(-2.73230715846459,-0.29116404442015,3.5));
#5240=CARTESIAN_POINT('Ctrl Pts',(-2.73230715846459,-0.29116404442015,3.501));
#5241=CARTESIAN_POINT('Ctrl Pts',(-2.72874177575544,-0.556799575663199,
3.5));
#5242=CARTESIAN_POINT('Ctrl Pts',(-2.72874177575544,-0.556799575663199,
3.501));
#5243=CARTESIAN_POINT('Ctrl Pts',(-2.59682415756819,-0.78547482643076,3.5));
#5244=CARTESIAN_POINT('Ctrl Pts',(-2.59682415756819,-0.78547482643076,3.501));
#5245=CARTESIAN_POINT('Ctrl Pts',(-2.54062941228037,-0.882886738858344,
3.5));
#5246=CARTESIAN_POINT('Ctrl Pts',(-2.54062941228037,-0.882886738858344,
3.501));
#5247=CARTESIAN_POINT('',(-2.73435374652033,-0.13868489988816,3.501));
#5248=CARTESIAN_POINT('Ctrl Pts',(-2.73435374652033,-0.13868489988816,3.501));
#5249=CARTESIAN_POINT('Ctrl Pts',(-2.73230715846459,-0.29116404442015,3.501));
#5250=CARTESIAN_POINT('Ctrl Pts',(-2.72874177575544,-0.556799575663199,
3.501));
#5251=CARTESIAN_POINT('Ctrl Pts',(-2.59682415756819,-0.78547482643076,3.501));
#5252=CARTESIAN_POINT('Ctrl Pts',(-2.54062941228037,-0.882886738858344,
3.501));
#5253=CARTESIAN_POINT('',(-2.73435374652033,-0.13868489988816,3.5));
#5254=CARTESIAN_POINT('Ctrl Pts',(-2.52016549860124,0.704425631680367,3.5));
#5255=CARTESIAN_POINT('Ctrl Pts',(-2.52016549860124,0.704425631680367,3.501));
#5256=CARTESIAN_POINT('Ctrl Pts',(-2.58232151184577,0.592689480000001,3.5));
#5257=CARTESIAN_POINT('Ctrl Pts',(-2.58232151184577,0.592689480000001,3.501));
#5258=CARTESIAN_POINT('Ctrl Pts',(-2.72722438152801,0.332201585417045,3.5));
#5259=CARTESIAN_POINT('Ctrl Pts',(-2.72722438152801,0.332201585417045,3.501));
#5260=CARTESIAN_POINT('Ctrl Pts',(-2.73176234194644,0.0324744380215214,
3.5));
#5261=CARTESIAN_POINT('Ctrl Pts',(-2.73176234194644,0.0324744380215214,
3.501));
#5262=CARTESIAN_POINT('Ctrl Pts',(-2.73435374652033,-0.13868489988816,3.5));
#5263=CARTESIAN_POINT('Ctrl Pts',(-2.73435374652033,-0.13868489988816,3.501));
#5264=CARTESIAN_POINT('',(-2.52016549860124,0.704425631680367,3.501));
#5265=CARTESIAN_POINT('Ctrl Pts',(-2.52016549860124,0.704425631680367,3.501));
#5266=CARTESIAN_POINT('Ctrl Pts',(-2.58232151184577,0.592689480000001,3.501));
#5267=CARTESIAN_POINT('Ctrl Pts',(-2.72722438152801,0.332201585417045,3.501));
#5268=CARTESIAN_POINT('Ctrl Pts',(-2.73176234194644,0.0324744380215214,
3.501));
#5269=CARTESIAN_POINT('Ctrl Pts',(-2.73435374652033,-0.13868489988816,3.501));
#5270=CARTESIAN_POINT('',(-2.52016549860124,0.704425631680367,3.5));
#5271=CARTESIAN_POINT('Ctrl Pts',(-2.01675495062952,0.933620690026162,3.5));
#5272=CARTESIAN_POINT('Ctrl Pts',(-2.01675495062952,0.933620690026162,3.501));
#5273=CARTESIAN_POINT('Ctrl Pts',(-2.11621565722779,0.924844909402861,3.5));
#5274=CARTESIAN_POINT('Ctrl Pts',(-2.11621565722779,0.924844909402861,3.501));
#5275=CARTESIAN_POINT('Ctrl Pts',(-2.31129948648475,0.907631952173154,3.5));
#5276=CARTESIAN_POINT('Ctrl Pts',(-2.31129948648475,0.907631952173154,3.501));
#5277=CARTESIAN_POINT('Ctrl Pts',(-2.45146256540946,0.771266905277227,3.5));
#5278=CARTESIAN_POINT('Ctrl Pts',(-2.45146256540946,0.771266905277227,3.501));
#5279=CARTESIAN_POINT('Ctrl Pts',(-2.52016549860124,0.704425631680367,3.5));
#5280=CARTESIAN_POINT('Ctrl Pts',(-2.52016549860124,0.704425631680367,3.501));
#5281=CARTESIAN_POINT('',(-2.01675495062952,0.933620690026162,3.501));
#5282=CARTESIAN_POINT('Ctrl Pts',(-2.01675495062952,0.933620690026162,3.501));
#5283=CARTESIAN_POINT('Ctrl Pts',(-2.11621565722779,0.924844909402861,3.501));
#5284=CARTESIAN_POINT('Ctrl Pts',(-2.31129948648475,0.907631952173154,3.501));
#5285=CARTESIAN_POINT('Ctrl Pts',(-2.45146256540946,0.771266905277227,3.501));
#5286=CARTESIAN_POINT('Ctrl Pts',(-2.52016549860124,0.704425631680367,3.501));
#5287=CARTESIAN_POINT('',(-2.01675495062952,0.933620690026162,3.5));
#5288=CARTESIAN_POINT('Ctrl Pts',(-1.62998815928583,0.801287798800347,3.5));
#5289=CARTESIAN_POINT('Ctrl Pts',(-1.62998815928583,0.801287798800347,3.501));
#5290=CARTESIAN_POINT('Ctrl Pts',(-1.68541282793778,0.839863806264687,3.5));
#5291=CARTESIAN_POINT('Ctrl Pts',(-1.68541282793778,0.839863806264687,3.501));
#5292=CARTESIAN_POINT('Ctrl Pts',(-1.80145059643832,0.92062701031614,3.5));
#5293=CARTESIAN_POINT('Ctrl Pts',(-1.80145059643832,0.92062701031614,3.501));
#5294=CARTESIAN_POINT('Ctrl Pts',(-1.94287892363692,0.929162250545935,3.5));
#5295=CARTESIAN_POINT('Ctrl Pts',(-1.94287892363692,0.929162250545935,3.501));
#5296=CARTESIAN_POINT('Ctrl Pts',(-2.01675495062952,0.933620690026162,3.5));
#5297=CARTESIAN_POINT('Ctrl Pts',(-2.01675495062952,0.933620690026162,3.501));
#5298=CARTESIAN_POINT('',(-1.62998815928583,0.801287798800347,3.501));
#5299=CARTESIAN_POINT('Ctrl Pts',(-1.62998815928583,0.801287798800347,3.501));
#5300=CARTESIAN_POINT('Ctrl Pts',(-1.68541282793778,0.839863806264687,3.501));
#5301=CARTESIAN_POINT('Ctrl Pts',(-1.80145059643832,0.92062701031614,3.501));
#5302=CARTESIAN_POINT('Ctrl Pts',(-1.94287892363692,0.929162250545935,3.501));
#5303=CARTESIAN_POINT('Ctrl Pts',(-2.01675495062952,0.933620690026162,3.501));
#5304=CARTESIAN_POINT('',(-1.62998815928583,0.801287798800347,3.5));
#5305=CARTESIAN_POINT('Ctrl Pts',(-1.44922425900583,0.435667096295235,3.5));
#5306=CARTESIAN_POINT('Ctrl Pts',(-1.44922425900583,0.435667096295235,3.501));
#5307=CARTESIAN_POINT('Ctrl Pts',(-1.46307832518565,0.508151834530648,3.5));
#5308=CARTESIAN_POINT('Ctrl Pts',(-1.46307832518565,0.508151834530648,3.501));
#5309=CARTESIAN_POINT('Ctrl Pts',(-1.48962374824894,0.647037993808135,3.5));
#5310=CARTESIAN_POINT('Ctrl Pts',(-1.48962374824894,0.647037993808135,3.501));
#5311=CARTESIAN_POINT('Ctrl Pts',(-1.58458650204931,0.75139483288881,3.5));
#5312=CARTESIAN_POINT('Ctrl Pts',(-1.58458650204931,0.75139483288881,3.501));
#5313=CARTESIAN_POINT('Ctrl Pts',(-1.62998815928583,0.801287798800347,3.5));
#5314=CARTESIAN_POINT('Ctrl Pts',(-1.62998815928583,0.801287798800347,3.501));
#5315=CARTESIAN_POINT('Ctrl Pts',(-1.44922425900583,0.435667096295235,3.501));
#5316=CARTESIAN_POINT('Ctrl Pts',(-1.46307832518565,0.508151834530648,3.501));
#5317=CARTESIAN_POINT('Ctrl Pts',(-1.48962374824894,0.647037993808135,3.501));
#5318=CARTESIAN_POINT('Ctrl Pts',(-1.58458650204931,0.75139483288881,3.501));
#5319=CARTESIAN_POINT('Ctrl Pts',(-1.62998815928583,0.801287798800347,3.501));
#5320=CARTESIAN_POINT('Origin',(-0.0351720482576345,-0.0875252647019648,
3.501));
#5321=CARTESIAN_POINT('Origin',(0.,-2.77555756156289E-16,3.5));
#5322=CARTESIAN_POINT('Origin',(-3.205,-0.005,0.45));
#5323=CARTESIAN_POINT('',(-5.475,-0.0050000000000007,0.5));
#5324=CARTESIAN_POINT('',(-5.525,-0.00500000000000084,0.45));
#5325=CARTESIAN_POINT('Origin',(-5.475,-0.0050000000000007,0.45));
#5326=CARTESIAN_POINT('',(-3.205,-2.325,0.45));
#5327=CARTESIAN_POINT('Origin',(-3.205,-0.005,0.45));
#5328=CARTESIAN_POINT('',(-3.205,-2.275,0.5));
#5329=CARTESIAN_POINT('Origin',(-3.205,-2.275,0.45));
#5330=CARTESIAN_POINT('Origin',(-3.205,-0.005,0.5));
#5331=CARTESIAN_POINT('Origin',(-1.6025,-2.275,0.45));
#5332=CARTESIAN_POINT('',(3.205,-2.325,0.45));
#5333=CARTESIAN_POINT('',(3.205,-2.275,0.5));
#5334=CARTESIAN_POINT('Origin',(3.205,-2.275,0.45));
#5335=CARTESIAN_POINT('',(-1.6025,-2.275,0.5));
#5336=CARTESIAN_POINT('',(-1.6025,-2.325,0.45));
#5337=CARTESIAN_POINT('Origin',(3.20499999999999,-0.00499999999999057,0.45));
#5338=CARTESIAN_POINT('',(5.525,-0.00500000000000121,0.45));
#5339=CARTESIAN_POINT('',(5.475,-0.00500000000000084,0.5));
#5340=CARTESIAN_POINT('Origin',(5.475,-0.00500000000000084,0.45));
#5341=CARTESIAN_POINT('Origin',(3.20499999999999,-0.00499999999999057,0.5));
#5342=CARTESIAN_POINT('Origin',(3.20499999999999,-0.00499999999999057,0.45));
#5343=CARTESIAN_POINT('Origin',(5.475,-0.00250000000000042,0.45));
#5344=CARTESIAN_POINT('',(5.525,0.0050000000000007,0.45));
#5345=CARTESIAN_POINT('',(5.475,0.0050000000000007,0.5));
#5346=CARTESIAN_POINT('Origin',(5.475,0.0050000000000007,0.45));
#5347=CARTESIAN_POINT('',(5.475,-0.00250000000000042,0.5));
#5348=CARTESIAN_POINT('',(5.525,-0.00250000000000042,0.45));
#5349=CARTESIAN_POINT('Origin',(3.205,0.00500000000000056,0.45));
#5350=CARTESIAN_POINT('',(3.205,2.325,0.45));
#5351=CARTESIAN_POINT('',(3.205,2.275,0.5));
#5352=CARTESIAN_POINT('Origin',(3.205,2.275,0.45));
#5353=CARTESIAN_POINT('Origin',(3.205,0.00500000000000056,0.5));
#5354=CARTESIAN_POINT('Origin',(3.205,0.00500000000000056,0.45));
#5355=CARTESIAN_POINT('Origin',(1.6025,2.275,0.45));
#5356=CARTESIAN_POINT('',(-3.205,2.325,0.45));
#5357=CARTESIAN_POINT('',(-3.205,2.275,0.5));
#5358=CARTESIAN_POINT('Origin',(-3.205,2.275,0.45));
#5359=CARTESIAN_POINT('',(1.6025,2.275,0.5));
#5360=CARTESIAN_POINT('',(1.6025,2.325,0.45));
#5361=CARTESIAN_POINT('Origin',(-3.205,0.00500000000000056,0.45));
#5362=CARTESIAN_POINT('',(-5.525,0.0050000000000007,0.45));
#5363=CARTESIAN_POINT('',(-5.475,0.00500000000000056,0.5));
#5364=CARTESIAN_POINT('Origin',(-5.475,0.00500000000000056,0.45));
#5365=CARTESIAN_POINT('Origin',(-3.205,0.00500000000000056,0.5));
#5366=CARTESIAN_POINT('Origin',(-3.205,0.00500000000000056,0.45));
#5367=CARTESIAN_POINT('Origin',(-5.475,0.00250000000000042,0.45));
#5368=CARTESIAN_POINT('',(-5.475,0.00250000000000042,0.5));
#5369=CARTESIAN_POINT('',(-5.525,0.00250000000000042,0.45));
#5370=CARTESIAN_POINT('Origin',(5.525,-0.00500000000000111,0.));
#5371=CARTESIAN_POINT('',(5.525,-0.00500000000000121,0.));
#5372=CARTESIAN_POINT('',(5.525,-0.00500000000000121,0.));
#5373=CARTESIAN_POINT('',(5.525,0.0050000000000007,0.));
#5374=CARTESIAN_POINT('',(5.525,-0.00500000000000111,0.));
#5375=CARTESIAN_POINT('',(5.525,0.0050000000000007,0.));
#5376=CARTESIAN_POINT('Origin',(3.20499999999999,-0.00499999999999057,0.));
#5377=CARTESIAN_POINT('',(3.205,-2.325,0.));
#5378=CARTESIAN_POINT('',(3.205,-2.325,0.));
#5379=CARTESIAN_POINT('Origin',(3.20499999999999,-0.00499999999999057,0.));
#5380=CARTESIAN_POINT('Origin',(-3.205,-2.325,0.));
#5381=CARTESIAN_POINT('',(-3.205,-2.325,0.));
#5382=CARTESIAN_POINT('',(-3.205,-2.325,0.));
#5383=CARTESIAN_POINT('',(-3.205,-2.325,0.));
#5384=CARTESIAN_POINT('Origin',(-3.205,-0.005,0.));
#5385=CARTESIAN_POINT('',(-5.525,-0.00500000000000084,0.));
#5386=CARTESIAN_POINT('',(-5.525,-0.00500000000000084,0.));
#5387=CARTESIAN_POINT('Origin',(-3.205,-0.005,0.));
#5388=CARTESIAN_POINT('Origin',(0.,2.77555756156289E-16,0.5));
#5389=CARTESIAN_POINT('',(5.1,0.00500000000000014,0.5));
#5390=CARTESIAN_POINT('',(5.1,-0.00500000000000068,0.5));
#5391=CARTESIAN_POINT('',(5.1,-0.00250000000000014,0.5));
#5392=CARTESIAN_POINT('',(3.2,-1.905,0.5));
#5393=CARTESIAN_POINT('Origin',(3.2,-0.00500000000000056,0.5));
#5394=CARTESIAN_POINT('',(-3.2,-1.905,0.5));
#5395=CARTESIAN_POINT('',(-1.6,-1.905,0.5));
#5396=CARTESIAN_POINT('',(-5.1,-0.0050000000000007,0.5));
#5397=CARTESIAN_POINT('Origin',(-3.2,-0.00500000000000056,0.5));
#5398=CARTESIAN_POINT('',(-5.1,0.00500000000000022,0.5));
#5399=CARTESIAN_POINT('',(-5.1,0.00250000000000021,0.5));
#5400=CARTESIAN_POINT('',(-3.2,1.905,0.5));
#5401=CARTESIAN_POINT('Origin',(-3.2,0.00500000000000195,0.5));
#5402=CARTESIAN_POINT('',(3.2,1.905,0.5));
#5403=CARTESIAN_POINT('',(1.6,1.905,0.5));
#5404=CARTESIAN_POINT('Origin',(3.2,0.005,0.5));
#5405=CARTESIAN_POINT('Origin',(-4.85,0.00249999999999993,3.25));
#5406=CARTESIAN_POINT('',(-5.1,0.00500000000000022,3.25));
#5407=CARTESIAN_POINT('Origin',(-4.85,0.00500000000000022,3.25));
#5408=CARTESIAN_POINT('',(-5.1,-0.0050000000000007,3.25));
#5409=CARTESIAN_POINT('',(-5.1,0.00249999999999993,3.25));
#5410=CARTESIAN_POINT('Origin',(-4.85,-0.0050000000000007,3.25));
#5411=CARTESIAN_POINT('Origin',(-3.2,-0.00500000000000056,3.25));
#5412=CARTESIAN_POINT('',(-3.2,-1.905,3.25));
#5413=CARTESIAN_POINT('Origin',(-3.2,-1.655,3.25));
#5414=CARTESIAN_POINT('Origin',(-3.2,-0.00500000000000056,3.25));
#5415=CARTESIAN_POINT('Origin',(-1.6,-1.655,3.25));
#5416=CARTESIAN_POINT('',(3.2,-1.905,3.25));
#5417=CARTESIAN_POINT('Origin',(3.2,-1.655,3.25));
#5418=CARTESIAN_POINT('',(-1.6,-1.905,3.25));
#5419=CARTESIAN_POINT('Origin',(3.2,-0.00500000000000056,3.25));
#5420=CARTESIAN_POINT('',(5.1,-0.00500000000000068,3.25));
#5421=CARTESIAN_POINT('Origin',(4.85,-0.00500000000000056,3.25));
#5422=CARTESIAN_POINT('Origin',(3.2,-0.00500000000000056,3.25));
#5423=CARTESIAN_POINT('Origin',(4.85,-0.00250000000000042,3.25));
#5424=CARTESIAN_POINT('',(5.1,0.00500000000000014,3.25));
#5425=CARTESIAN_POINT('Origin',(4.85,0.00500000000000014,3.25));
#5426=CARTESIAN_POINT('',(5.1,-0.00250000000000042,3.25));
#5427=CARTESIAN_POINT('Origin',(3.2,0.005,3.25));
#5428=CARTESIAN_POINT('',(3.2,1.905,3.25));
#5429=CARTESIAN_POINT('Origin',(3.2,1.655,3.25));
#5430=CARTESIAN_POINT('Origin',(3.2,0.005,3.25));
#5431=CARTESIAN_POINT('Origin',(1.6,1.655,3.25));
#5432=CARTESIAN_POINT('',(-3.2,1.905,3.25));
#5433=CARTESIAN_POINT('Origin',(-3.2,1.655,3.25));
#5434=CARTESIAN_POINT('',(1.6,1.905,3.25));
#5435=CARTESIAN_POINT('Origin',(-3.2,0.00500000000000195,3.25));
#5436=CARTESIAN_POINT('Origin',(-3.2,0.00500000000000195,3.25));
#5437=CARTESIAN_POINT('Origin',(3.2,-0.00500000000000056,0.5));
#5438=CARTESIAN_POINT('',(3.2,-1.905,0.5));
#5439=CARTESIAN_POINT('',(5.1,-0.00500000000000068,0.5));
#5440=CARTESIAN_POINT('Origin',(-3.2,-1.905,0.5));
#5441=CARTESIAN_POINT('',(-3.2,-1.905,0.5));
#5442=CARTESIAN_POINT('Origin',(-3.2,-0.00500000000000056,0.5));
#5443=CARTESIAN_POINT('',(-5.1,-0.0050000000000007,0.5));
#5444=CARTESIAN_POINT('Origin',(-5.1,0.00500000000000014,0.5));
#5445=CARTESIAN_POINT('',(-5.1,0.00500000000000022,0.5));
#5446=CARTESIAN_POINT('Origin',(0.,-2.77555756156289E-16,3.5));
#5447=CARTESIAN_POINT('Origin',(5.1,-0.00500000000000056,0.5));
#5448=CARTESIAN_POINT('',(5.1,0.00500000000000014,0.5));
#5449=CARTESIAN_POINT('Origin',(-3.2,0.00500000000000195,0.5));
#5450=CARTESIAN_POINT('',(-3.2,1.905,0.5));
#5451=CARTESIAN_POINT('Origin',(3.2,1.905,0.5));
#5452=CARTESIAN_POINT('',(3.2,1.905,0.5));
#5453=CARTESIAN_POINT('Origin',(3.2,0.005,0.5));
#5454=CARTESIAN_POINT('Origin',(-5.525,0.00500000000000056,0.));
#5455=CARTESIAN_POINT('',(-5.525,0.0050000000000007,0.));
#5456=CARTESIAN_POINT('',(-5.525,0.0050000000000007,0.));
#5457=CARTESIAN_POINT('',(-5.525,0.00500000000000056,0.));
#5458=CARTESIAN_POINT('Origin',(-3.205,0.00500000000000056,0.));
#5459=CARTESIAN_POINT('',(-3.205,2.325,0.));
#5460=CARTESIAN_POINT('',(-3.205,2.325,0.));
#5461=CARTESIAN_POINT('Origin',(-3.205,0.00500000000000056,0.));
#5462=CARTESIAN_POINT('Origin',(3.205,2.325,0.));
#5463=CARTESIAN_POINT('',(3.205,2.325,0.));
#5464=CARTESIAN_POINT('',(3.205,2.325,0.));
#5465=CARTESIAN_POINT('',(3.205,2.325,0.));
#5466=CARTESIAN_POINT('Origin',(3.205,0.00500000000000056,0.));
#5467=CARTESIAN_POINT('Origin',(3.205,0.00500000000000056,0.));
#5468=CARTESIAN_POINT('Origin',(0.,2.77555756156289E-16,0.));
#5469=UNCERTAINTY_MEASURE_WITH_UNIT(LENGTH_MEASURE(0.01),#5473,
'DISTANCE_ACCURACY_VALUE',
'Maximum model space distance between geometric entities at asserted c
onnectivities');
#5470=UNCERTAINTY_MEASURE_WITH_UNIT(LENGTH_MEASURE(0.01),#5473,
'DISTANCE_ACCURACY_VALUE',
'Maximum model space distance between geometric entities at asserted c
onnectivities');
#5471=(
GEOMETRIC_REPRESENTATION_CONTEXT(3)
GLOBAL_UNCERTAINTY_ASSIGNED_CONTEXT((#5469))
GLOBAL_UNIT_ASSIGNED_CONTEXT((#5473,#5475,#5476))
REPRESENTATION_CONTEXT('','3D')
);
#5472=(
GEOMETRIC_REPRESENTATION_CONTEXT(3)
GLOBAL_UNCERTAINTY_ASSIGNED_CONTEXT((#5470))
GLOBAL_UNIT_ASSIGNED_CONTEXT((#5473,#5475,#5476))
REPRESENTATION_CONTEXT('','3D')
);
#5473=(
LENGTH_UNIT()
NAMED_UNIT(*)
SI_UNIT(.MILLI.,.METRE.)
);
#5474=(
LENGTH_UNIT()
NAMED_UNIT(*)
SI_UNIT($,.METRE.)
);
#5475=(
NAMED_UNIT(*)
PLANE_ANGLE_UNIT()
SI_UNIT($,.RADIAN.)
);
#5476=(
NAMED_UNIT(*)
SI_UNIT($,.STERADIAN.)
SOLID_ANGLE_UNIT()
);
#5477=SHAPE_DEFINITION_REPRESENTATION(#5478,#5479);
#5478=PRODUCT_DEFINITION_SHAPE('',$,#5481);
#5479=SHAPE_REPRESENTATION('',(#2643),#5471);
#5480=PRODUCT_DEFINITION_CONTEXT('part definition',#5485,'design');
#5481=PRODUCT_DEFINITION('16.000 Crysral','16.000 Crysral v1',#5482,#5480);
#5482=PRODUCT_DEFINITION_FORMATION('',$,#5487);
#5483=PRODUCT_RELATED_PRODUCT_CATEGORY('16.000 Crysral v1',
'16.000 Crysral v1',(#5487));
#5484=APPLICATION_PROTOCOL_DEFINITION('international standard',
'ap242_managed_model_based_3d_engineering',2011,#5485);
#5485=APPLICATION_CONTEXT('Managed model based 3d engineering');
#5486=PRODUCT_CONTEXT('part definition',#5485,'mechanical');
#5487=PRODUCT('16.000 Crysral','16.000 Crysral v1',$,(#5486));
#5488=PRESENTATION_STYLE_ASSIGNMENT((#5491));
#5489=PRESENTATION_STYLE_ASSIGNMENT((#5492));
#5490=PRESENTATION_STYLE_ASSIGNMENT((#5493));
#5491=SURFACE_STYLE_USAGE(.BOTH.,#5494);
#5492=SURFACE_STYLE_USAGE(.BOTH.,#5495);
#5493=SURFACE_STYLE_USAGE(.BOTH.,#5496);
#5494=SURFACE_SIDE_STYLE('',(#5497));
#5495=SURFACE_SIDE_STYLE('',(#5498));
#5496=SURFACE_SIDE_STYLE('',(#5499));
#5497=SURFACE_STYLE_FILL_AREA(#5500);
#5498=SURFACE_STYLE_FILL_AREA(#5501);
#5499=SURFACE_STYLE_FILL_AREA(#5502);
#5500=FILL_AREA_STYLE('Steel - Satin',(#5503));
#5501=FILL_AREA_STYLE('Stainless Steel - Polished',(#5504));
#5502=FILL_AREA_STYLE('LED - SMD 3528 - 8lm (White)',(#5505));
#5503=FILL_AREA_STYLE_COLOUR('Steel - Satin',#5506);
#5504=FILL_AREA_STYLE_COLOUR('Stainless Steel - Polished',#5507);
#5505=FILL_AREA_STYLE_COLOUR('LED - SMD 3528 - 8lm (White)',#5508);
#5506=COLOUR_RGB('Steel - Satin',0.627450980392157,0.627450980392157,0.627450980392157);
#5507=COLOUR_RGB('Stainless Steel - Polished',0.796078431372549,0.796078431372549,
0.796078431372549);
#5508=COLOUR_RGB('LED - SMD 3528 - 8lm (White)',0.929411764705882,0.929411764705882,
0.929411764705882);
ENDSEC;
END-ISO-10303-21;
