ISO-10303-21;
HEADER;
FILE_DESCRIPTION (( 'STEP AP214' ),
    '1' );
FILE_NAME ('AEBF4537-8FF1-405F-A4BA-1C045A6CD29C.STEP',
    '2026-01-29T05:51:11',
    ( '' ),
    ( '' ),
    'SwSTEP 2.0',
    'SolidWorks 2022',
    '' );
FILE_SCHEMA (( 'AUTOMOTIVE_DESIGN' ));
ENDSEC;

DATA;
#1 =( NAMED_UNIT ( * ) SI_UNIT ( $, .STERADIAN. ) SOLID_ANGLE_UNIT ( ) );
#2 = CARTESIAN_POINT ( 'NONE',  ( 3.100009241445716324, 0.9199523185698690320, 0.0000000000000000000 ) ) ;
#3 = CARTESIAN_POINT ( 'NONE',  ( 0.4200624981287628956, 0.09986109713243987440, 0.1700000000000000122 ) ) ;
#4 =( NAMED_UNIT ( * ) PLANE_ANGLE_UNIT ( ) SI_UNIT ( $, .RADIAN. ) );
#5 = EDGE_CURVE ( 'NONE', #4068, #2280, #2377, .T. ) ;
#6 = CARTESIAN_POINT ( 'NONE',  ( 0.4200624981287633397, 2.400138902867559931, 0.0000000000000000000 ) ) ;
#7 = ORIENTED_EDGE ( 'NONE', *, *, #4713, .T. ) ;
#8 = CARTESIAN_POINT ( 'NONE',  ( 2.987942570591160418, 0.07153105875757247156, 0.2899999999999999800 ) ) ;
#9 = FACE_OUTER_BOUND ( 'NONE', #2348, .T. ) ;
#10 = PRESENTATION_STYLE_ASSIGNMENT (( #441 ) ) ;
#11 = CARTESIAN_POINT ( 'NONE',  ( 0.2000000000000000111, 2.500000000000000000, 0.2899999999999999800 ) ) ;
#12 = CARTESIAN_POINT ( 'NONE',  ( 0.0000000000000000000, 2.079959576973092972, 0.2899999999999999800 ) ) ;
#13 = PLANE ( 'NONE',  #3619 ) ;
#14 = ORIENTED_EDGE ( 'NONE', *, *, #5100, .F. ) ;
#15 = EDGE_CURVE ( 'NONE', #400, #163, #174, .T. ) ;
#16 =( GEOMETRIC_REPRESENTATION_CONTEXT ( 3 ) GLOBAL_UNCERTAINTY_ASSIGNED_CONTEXT ( ( #2632 ) ) GLOBAL_UNIT_ASSIGNED_CONTEXT ( ( #7001, #2673, #4286 ) ) REPRESENTATION_CONTEXT ( 'NONE', 'WORKASPACE' ) );
#17 = CARTESIAN_POINT ( 'NONE',  ( 5.174476204162039297E-17, 2.299999999999999822, 0.2899999999999999800 ) ) ;
#18 =( LENGTH_UNIT ( ) NAMED_UNIT ( * ) SI_UNIT ( .MILLI., .METRE. ) );
#19 = DIRECTION ( 'NONE',  ( -0.0000000000000000000, 0.0000000000000000000, 1.000000000000000000 ) ) ;
#20 = SURFACE_STYLE_USAGE ( .BOTH. , #4486 ) ;
#21 = CARTESIAN_POINT ( 'NONE',  ( 0.09999999999999431566, 1.976928110917875792, 0.5000000000000027756 ) ) ;
#22 = LINE ( 'NONE', #3771, #4649 ) ;
#23 = EDGE_CURVE ( 'NONE', #957, #3557, #3421, .T. ) ;
#24 = APPLICATION_PROTOCOL_DEFINITION ( 'draft international standard', 'automotive_design', 1998, #5631 ) ;
#25 = FILL_AREA_STYLE_COLOUR ( '', #4696 ) ;
#26 = CARTESIAN_POINT ( 'NONE',  ( 0.4000000000000001887, 0.1000000000000000472, 0.5000000000000000000 ) ) ;
#27 = DIRECTION ( 'NONE',  ( -1.000000000000000000, 0.0000000000000000000, 0.0000000000000000000 ) ) ;
#28 = PRESENTATION_STYLE_ASSIGNMENT (( #4423 ) ) ;
#29 =( NAMED_UNIT ( * ) SI_UNIT ( $, .STERADIAN. ) SOLID_ANGLE_UNIT ( ) );
#30 = EDGE_LOOP ( 'NONE', ( #2187, #6170, #4446, #5436, #6497, #1585, #3143, #3813, #2151, #1530, #6699, #1156 ) ) ;
#31 = CARTESIAN_POINT ( 'NONE',  ( 3.076814024817596582, 2.127205042957593495, 0.5000000000000000000 ) ) ;
#32 = PRESENTATION_STYLE_ASSIGNMENT (( #6152 ) ) ;
#33 = PRESENTATION_LAYER_ASSIGNMENT (  '', '', ( #1072 ) ) ;
#34 = CARTESIAN_POINT ( 'NONE',  ( 3.100009241445716324, 2.079959576973092972, 0.1700000000000000122 ) ) ;
#35 = CARTESIAN_POINT ( 'NONE',  ( 2.994426580903603696, 2.288180748514550888, 0.5000030481415291828 ) ) ;
#36 = DIRECTION ( 'NONE',  ( -0.0000000000000000000, -0.0000000000000000000, -1.000000000000000000 ) ) ;
#37 = CARTESIAN_POINT ( 'NONE',  ( 0.09999075855428361803, 0.9199523185698690320, 0.0000000000000000000 ) ) ;
#38 = ORIENTED_EDGE ( 'NONE', *, *, #6147, .F. ) ;
#39 = MECHANICAL_DESIGN_GEOMETRIC_PRESENTATION_REPRESENTATION (  '', ( #6207 ), #3350 ) ;
#40 = ORIENTED_EDGE ( 'NONE', *, *, #2634, .T. ) ;
#41 = CARTESIAN_POINT ( 'NONE',  ( 0.09995611466156406610, 0.3944873709770338466, 0.5000000000000097700 ) ) ;
#42 = EDGE_CURVE ( 'NONE', #4073, #135, #4035, .T. ) ;
#43 = CARTESIAN_POINT ( 'NONE',  ( 3.050000000000000711, 2.100000000000000089, 0.5400000000000001465 ) ) ;
#44 = PRESENTATION_STYLE_ASSIGNMENT (( #1683 ) ) ;
#45 = CARTESIAN_POINT ( 'NONE',  ( 2.800000000000000266, 0.1500000000000002442, 0.6000000000000000888 ) ) ;
#46 = FILL_AREA_STYLE ('',( #2745 ) ) ;
#47 = ORIENTED_EDGE ( 'NONE', *, *, #1889, .T. ) ;
#48 = ORIENTED_EDGE ( 'NONE', *, *, #630, .T. ) ;
#49 = UNCERTAINTY_MEASURE_WITH_UNIT (LENGTH_MEASURE( 1.000000000000000082E-05 ), #1226, 'distance_accuracy_value', 'NONE');
#50 = EDGE_CURVE ( 'NONE', #1499, #690, #324, .T. ) ;
#51 = PRESENTATION_STYLE_ASSIGNMENT (( #1064 ) ) ;
#52 = VECTOR ( 'NONE', #1046, 1000.000000000000000 ) ;
#53 = CARTESIAN_POINT ( 'NONE',  ( 3.100000000000000533, 0.4000000000000004108, 0.4800000000000000933 ) ) ;
#54 = EDGE_LOOP ( 'NONE', ( #1183, #2153, #3460, #6848 ) ) ;
#55 =( GEOMETRIC_REPRESENTATION_CONTEXT ( 3 ) GLOBAL_UNCERTAINTY_ASSIGNED_CONTEXT ( ( #5287 ) ) GLOBAL_UNIT_ASSIGNED_CONTEXT ( ( #1308, #3944, #1230 ) ) REPRESENTATION_CONTEXT ( 'NONE', 'WORKASPACE' ) );
#56 = SURFACE_SIDE_STYLE ('',( #1232 ) ) ;
#57 = CARTESIAN_POINT ( 'NONE',  ( 0.2887005768508882353, 0.2100000000000004641, 0.6000000000000000888 ) ) ;
#58 = EDGE_CURVE ( 'NONE', #1951, #3392, #321, .T. ) ;
#59 = ADVANCED_FACE ( 'NONE', ( #6224 ), #359, .F. ) ;
#60 = CARTESIAN_POINT ( 'NONE',  ( 0.1500000000000000500, 2.100000000000000089, 0.5400000000000001465 ) ) ;
#61 = SURFACE_SIDE_STYLE ('',( #6106 ) ) ;
#62 = CIRCLE ( 'NONE', #1321, 0.06000000000000015737 ) ;
#63 =( LENGTH_UNIT ( ) NAMED_UNIT ( * ) SI_UNIT ( .MILLI., .METRE. ) );
#64 = DIRECTION ( 'NONE',  ( -1.000000000000000000, 0.0000000000000000000, 0.0000000000000000000 ) ) ;
#65 = ORIENTED_EDGE ( 'NONE', *, *, #1991, .F. ) ;
#66 = CARTESIAN_POINT ( 'NONE',  ( 2.820822220047799700, 2.398246862283059500, 0.4999999999999996669 ) ) ;
#67 = FILL_AREA_STYLE ('',( #5478 ) ) ;
#68 = UNCERTAINTY_MEASURE_WITH_UNIT (LENGTH_MEASURE( 1.000000000000000082E-05 ), #4028, 'distance_accuracy_value', 'NONE');
#69 = CARTESIAN_POINT ( 'NONE',  ( 0.4002593791103048471, 2.399999999999999911, 0.3525817712029786777 ) ) ;
#70 = VECTOR ( 'NONE', #1976, 1000.000000000000000 ) ;
#71 = EDGE_CURVE ( 'NONE', #1695, #4630, #1323, .T. ) ;
#72 = LINE ( 'NONE', #2262, #6042 ) ;
#73 = CARTESIAN_POINT ( 'NONE',  ( 0.4200624981287632842, 2.500000000000000000, 0.0000000000000000000 ) ) ;
#74 = CARTESIAN_POINT ( 'NONE',  ( 0.1499999999999999944, 0.3999999999999999667, 0.6000000000000000888 ) ) ;
#75 = LINE ( 'NONE', #7010, #999 ) ;
#76 = VERTEX_POINT ( 'NONE', #1900 ) ;
#77 =( GEOMETRIC_REPRESENTATION_CONTEXT ( 3 ) GLOBAL_UNCERTAINTY_ASSIGNED_CONTEXT ( ( #5220 ) ) GLOBAL_UNIT_ASSIGNED_CONTEXT ( ( #6966, #6999, #5470 ) ) REPRESENTATION_CONTEXT ( 'NONE', 'WORKASPACE' ) );
#78 = DIRECTION ( 'NONE',  ( 0.0000000000000000000, 1.000000000000000000, 0.0000000000000000000 ) ) ;
#79 = STYLED_ITEM ( 'NONE', ( #6670 ), #6373 ) ;
#80 = VERTEX_POINT ( 'NONE', #4075 ) ;
#81 = DIRECTION ( 'NONE',  ( -1.000000000000000000, 0.0000000000000000000, -0.0000000000000000000 ) ) ;
#82 = COLOUR_RGB ( '',0.8274509803921568096, 0.6666666666666666297, 0.1254901960784313708 ) ;
#83 = DIRECTION ( 'NONE',  ( 0.0000000000000000000, -0.0000000000000000000, -1.000000000000000000 ) ) ;
#84 = VECTOR ( 'NONE', #3816, 1000.000000000000000 ) ;
#85 =( NAMED_UNIT ( * ) SI_UNIT ( $, .STERADIAN. ) SOLID_ANGLE_UNIT ( ) );
#86 = DIRECTION ( 'NONE',  ( -0.0000000000000000000, -1.000000000000000000, 0.0000000000000000000 ) ) ;
#87 = LINE ( 'NONE', #4479, #1101 ) ;
#88 = ORIENTED_EDGE ( 'NONE', *, *, #5193, .T. ) ;
#89 = LINE ( 'NONE', #2171, #2563 ) ;
#90 = VERTEX_POINT ( 'NONE', #819 ) ;
#91 = ORIENTED_EDGE ( 'NONE', *, *, #5401, .F. ) ;
#92 = COLOUR_RGB ( '',0.8274509803921568096, 0.6666666666666666297, 0.1294117647058823373 ) ;
#93 = PLANE ( 'NONE',  #4884 ) ;
#94 =( LENGTH_UNIT ( ) NAMED_UNIT ( * ) SI_UNIT ( .MILLI., .METRE. ) );
#95 = MECHANICAL_DESIGN_GEOMETRIC_PRESENTATION_REPRESENTATION (  '', ( #3394 ), #3184 ) ;
#96 = CARTESIAN_POINT ( 'NONE',  ( 3.049999999999999822, 0.2535533905932744192, 0.5200000000000000178 ) ) ;
#97 = CARTESIAN_POINT ( 'NONE',  ( 0.1000000000000000056, 2.100000000000000089, 0.4800000000000000933 ) ) ;
#98 = CARTESIAN_POINT ( 'NONE',  ( 3.100000000000000089, 0.4566666661538876792, 0.5000000000000000000 ) ) ;
#99 = DIRECTION ( 'NONE',  ( 0.0000000000000000000, 0.0000000000000000000, 1.000000000000000000 ) ) ;
#100 = ORIENTED_EDGE ( 'NONE', *, *, #1575, .T. ) ;
#101 = COLOUR_RGB ( '',0.6470588235294117974, 0.6196078431372549211, 0.5843137254901961120 ) ;
#102 =( NAMED_UNIT ( * ) PLANE_ANGLE_UNIT ( ) SI_UNIT ( $, .RADIAN. ) );
#103 = FILL_AREA_STYLE ('',( #4495 ) ) ;
#104 = FILL_AREA_STYLE ('',( #5075 ) ) ;
#105 = DIRECTION ( 'NONE',  ( -0.0000000000000000000, -1.000000000000000000, 0.0000000000000000000 ) ) ;
#106 = VECTOR ( 'NONE', #5600, 1000.000000000000000 ) ;
#107 = PRESENTATION_LAYER_ASSIGNMENT (  '', '', ( #4553 ) ) ;
#108 = DIRECTION ( 'NONE',  ( 0.0000000000000000000, -0.0000000000000000000, -1.000000000000000000 ) ) ;
#109 = DIRECTION ( 'NONE',  ( -1.000000000000000000, 0.0000000000000000000, -0.0000000000000000000 ) ) ;
#110 = PRESENTATION_STYLE_ASSIGNMENT (( #1201 ) ) ;
#111 = EDGE_CURVE ( 'NONE', #6142, #6691, #4284, .T. ) ;
#112 = LINE ( 'NONE', #5479, #3492 ) ;
#113 = VECTOR ( 'NONE', #6979, 1000.000000000000000 ) ;
#114 = AXIS2_PLACEMENT_3D ( 'NONE', #4089, #6275, #6455 ) ;
#115 = CARTESIAN_POINT ( 'NONE',  ( 0.09999075855428372905, 1.580047681430130968, 0.1700000000000000122 ) ) ;
#116 = FILL_AREA_STYLE ('',( #4469 ) ) ;
#117 = COLOUR_RGB ( '',0.8274509803921568096, 0.6666666666666666297, 0.1254901960784313708 ) ;
#118 = ORIENTED_EDGE ( 'NONE', *, *, #4477, .T. ) ;
#119 =( GEOMETRIC_REPRESENTATION_CONTEXT ( 3 ) GLOBAL_UNCERTAINTY_ASSIGNED_CONTEXT ( ( #6644 ) ) GLOBAL_UNIT_ASSIGNED_CONTEXT ( ( #2784, #6265, #4152 ) ) REPRESENTATION_CONTEXT ( 'NONE', 'WORKASPACE' ) );
#120 = EDGE_CURVE ( 'NONE', #2896, #1853, #5868, .T. ) ;
#121 = VERTEX_POINT ( 'NONE', #4259 ) ;
#122 = CARTESIAN_POINT ( 'NONE',  ( 0.1210520794890864033, 0.3871268425803999214, 0.5000000000000000000 ) ) ;
#123 = SURFACE_STYLE_FILL_AREA ( #581 ) ;
#124 = PRESENTATION_STYLE_ASSIGNMENT (( #5019 ) ) ;
#125 = CARTESIAN_POINT ( 'NONE',  ( 2.900000000000000355, 0.0000000000000000000, 0.0000000000000000000 ) ) ;
#126 = PLANE ( 'NONE',  #2376 ) ;
#127 = ORIENTED_EDGE ( 'NONE', *, *, #2115, .T. ) ;
#128 = VECTOR ( 'NONE', #2006, 1000.000000000000000 ) ;
#129 = EDGE_LOOP ( 'NONE', ( #909, #3941, #1668, #399 ) ) ;
#130 = UNCERTAINTY_MEASURE_WITH_UNIT (LENGTH_MEASURE( 1.000000000000000082E-05 ), #6775, 'distance_accuracy_value', 'NONE');
#131 = CARTESIAN_POINT ( 'NONE',  ( 2.710087937716594730, 2.399999999999930189, 0.4999999999999396594 ) ) ;
#132 = CARTESIAN_POINT ( 'NONE',  ( 3.025147186257614251, 0.2681118318204313566, 0.6000000000000000888 ) ) ;
#133 =( BOUNDED_SURFACE ( )  B_SPLINE_SURFACE ( 2, 3, ( 
 ( #556, #2730, #1128, #3310, #3177, #204, #3939, #3377, #1305, #5105 ),
 ( #5601, #98, #3407, #5029, #1266, #3437, #2289, #6204, #6681, #1730 ),
 ( #53, #624, #4453, #4017, #3978, #5671, #2797, #3345, #4991, #687 ) ),
 .UNSPECIFIED., .F., .F., .T. ) 
 B_SPLINE_SURFACE_WITH_KNOTS ( ( 3, 3 ),
 ( 4, 2, 2, 2, 4 ),
 ( 0.0000000000000000000, 1.000000000000000000 ),
 ( 3.794707603699265519E-19, 0.0001700000000000003917, 0.0008500000000000003863, 0.001530000000000000327, 0.001700000000000000339 ),
 .UNSPECIFIED. ) 
 GEOMETRIC_REPRESENTATION_ITEM ( )  RATIONAL_B_SPLINE_SURFACE ( (
 ( 1.000000000000000000, 1.000000000000000000, 1.000000000000000000, 1.000000000000000000, 1.000000000000000000, 1.000000000000000000, 1.000000000000000000, 1.000000000000000000, 1.000000000000000000, 1.000000000000000000),
 ( 0.7071067811865475727, 0.7071067811865475727, 0.7071067811865475727, 0.7071067811865475727, 0.7112188927345266531, 0.6818759680560289027, 0.6424633639405874508, 0.6338129692833087692, 0.6336394566949967722, 0.6336872742246376644),
 ( 1.000000000000000000, 1.000000000000000000, 1.000000000000000000, 1.000000000000000000, 1.000000000000000000, 1.000000000000000000, 1.000000000000000000, 1.000000000000000000, 1.000000000000000000, 1.000000000000000000) ) ) 
 REPRESENTATION_ITEM ( '' )  SURFACE ( )  );
#134 = SURFACE_SIDE_STYLE ('',( #656 ) ) ;
#135 = VERTEX_POINT ( 'NONE', #5336 ) ;
#136 = VERTEX_POINT ( 'NONE', #3111 ) ;
#137 = SURFACE_STYLE_USAGE ( .BOTH. , #2945 ) ;
#138 = PRESENTATION_LAYER_ASSIGNMENT (  '', '', ( #6072 ) ) ;
#139 = DIRECTION ( 'NONE',  ( 0.0000000000000000000, 0.0000000000000000000, 1.000000000000000000 ) ) ;
#140 =( GEOMETRIC_REPRESENTATION_CONTEXT ( 3 ) GLOBAL_UNCERTAINTY_ASSIGNED_CONTEXT ( ( #5356 ) ) GLOBAL_UNIT_ASSIGNED_CONTEXT ( ( #2995, #3116, #4484 ) ) REPRESENTATION_CONTEXT ( 'NONE', 'WORKASPACE' ) );
#141 = ADVANCED_FACE ( 'NONE', ( #3349 ), #4328, .F. ) ;
#142 = CARTESIAN_POINT ( 'NONE',  ( 0.4000000000000001887, 2.370000000000000551, 0.5200000000000000178 ) ) ;
#143 = CARTESIAN_POINT ( 'NONE',  ( 3.200000000000000178, 0.2000000000000000111, 0.1700000000000000122 ) ) ;
#144 = SURFACE_STYLE_FILL_AREA ( #6763 ) ;
#145 = DIRECTION ( 'NONE',  ( -1.000000000000000000, 8.909531741489668291E-16, 0.0000000000000000000 ) ) ;
#146 = CARTESIAN_POINT ( 'NONE',  ( 0.4000000000000009104, 0.2100000000000000200, 0.5400000000000001465 ) ) ;
#147 = FILL_AREA_STYLE_COLOUR ( '', #2497 ) ;
#148 = AXIS2_PLACEMENT_3D ( 'NONE', #6318, #5152, #6831 ) ;
#149 = CARTESIAN_POINT ( 'NONE',  ( 0.4000000000000001887, 0.1499999999999999944, 0.6000000000000000888 ) ) ;
#150 = SURFACE_STYLE_USAGE ( .BOTH. , #6116 ) ;
#151 = ORIENTED_EDGE ( 'NONE', *, *, #6892, .F. ) ;
#152 = VERTEX_POINT ( 'NONE', #6914 ) ;
#153 = PRESENTATION_LAYER_ASSIGNMENT (  '', '', ( #597 ) ) ;
#154 =( LENGTH_UNIT ( ) NAMED_UNIT ( * ) SI_UNIT ( .MILLI., .METRE. ) );
#155 = FILL_AREA_STYLE_COLOUR ( '', #2397 ) ;
#156 = EDGE_CURVE ( 'NONE', #4673, #3917, #4857, .T. ) ;
#157 = CARTESIAN_POINT ( 'NONE',  ( 2.900000000000000355, 0.02999999999999998501, 0.0000000000000000000 ) ) ;
#158 = FILL_AREA_STYLE_COLOUR ( '', #6916 ) ;
#159 = ADVANCED_FACE ( 'NONE', ( #4793 ), #1078, .F. ) ;
#160 = CYLINDRICAL_SURFACE ( 'NONE', #1394, 0.3260323503590203953 ) ;
#161 = CARTESIAN_POINT ( 'NONE',  ( 0.4015377163306956820, 2.380059201909494160, 0.5000000000000000000 ) ) ;
#162 = CARTESIAN_POINT ( 'NONE',  ( 3.050000000000000266, 2.099999999999999645, 0.5079235637004544390 ) ) ;
#163 = VERTEX_POINT ( 'NONE', #2579 ) ;
#164 = SURFACE_SIDE_STYLE ('',( #6133 ) ) ;
#165 = MECHANICAL_DESIGN_GEOMETRIC_PRESENTATION_REPRESENTATION (  '', ( #4722 ), #1177 ) ;
#166 = LINE ( 'NONE', #2420, #4632 ) ;
#167 = CARTESIAN_POINT ( 'NONE',  ( 3.070000000000000284, 0.4000000000000001887, 0.5000000000000000000 ) ) ;
#168 = CIRCLE ( 'NONE', #5080, 0.05999999999999999778 ) ;
#169 = ORIENTED_EDGE ( 'NONE', *, *, #3840, .T. ) ;
#170 = VERTEX_POINT ( 'NONE', #5149 ) ;
#171 = PRESENTATION_STYLE_ASSIGNMENT (( #3691 ) ) ;
#172 = PLANE ( 'NONE',  #3734 ) ;
#173 = VECTOR ( 'NONE', #3442, 1000.000000000000000 ) ;
#174 =( BOUNDED_CURVE ( )  B_SPLINE_CURVE ( 3, ( #6738, #3826, #4648, #2411 ),
 .UNSPECIFIED., .F., .F. ) 
 B_SPLINE_CURVE_WITH_KNOTS ( ( 4, 4 ),
 ( 0.0000000000000000000, 1.000000000000000000 ),
 .UNSPECIFIED. ) 
 CURVE ( )  GEOMETRIC_REPRESENTATION_ITEM ( )  RATIONAL_B_SPLINE_CURVE ( ( 1.000000000000000000, 0.8362878377416711473, 0.8362878377416711473, 1.000000000000000000 ) ) 
 REPRESENTATION_ITEM ( '' )  );
#175 = DIRECTION ( 'NONE',  ( 0.0000000000000000000, 0.0000000000000000000, -1.000000000000000000 ) ) ;
#176 = DIRECTION ( 'NONE',  ( -0.0000000000000000000, -0.0000000000000000000, -1.000000000000000000 ) ) ;
#177 = FACE_OUTER_BOUND ( 'NONE', #4584, .T. ) ;
#178 = ORIENTED_EDGE ( 'NONE', *, *, #1151, .T. ) ;
#179 = CYLINDRICAL_SURFACE ( 'NONE', #2294, 0.05999999999999994227 ) ;
#180 = COLOUR_RGB ( '',0.8274509803921568096, 0.6666666666666666297, 0.1294117647058823373 ) ;
#181 = ADVANCED_FACE ( 'NONE', ( #207 ), #4493, .F. ) ;
#182 = CARTESIAN_POINT ( 'NONE',  ( 0.2999999999999999889, 0.0000000000000000000, 0.1700000000000000122 ) ) ;
#183 = DIRECTION ( 'NONE',  ( 0.0000000000000000000, -0.0000000000000000000, -1.000000000000000000 ) ) ;
#184 =( NAMED_UNIT ( * ) PLANE_ANGLE_UNIT ( ) SI_UNIT ( $, .RADIAN. ) );
#185 = PRESENTATION_STYLE_ASSIGNMENT (( #4508 ) ) ;
#186 = ORIENTED_EDGE ( 'NONE', *, *, #5492, .T. ) ;
#187 = ADVANCED_FACE ( 'NONE', ( #3477 ), #5109, .F. ) ;
#188 = ORIENTED_EDGE ( 'NONE', *, *, #6612, .T. ) ;
#189 = DIRECTION ( 'NONE',  ( -0.0000000000000000000, -1.000000000000000000, -0.0000000000000000000 ) ) ;
#190 = MECHANICAL_DESIGN_GEOMETRIC_PRESENTATION_REPRESENTATION (  '', ( #4865 ), #4537 ) ;
#191 =( GEOMETRIC_REPRESENTATION_CONTEXT ( 3 ) GLOBAL_UNCERTAINTY_ASSIGNED_CONTEXT ( ( #1566 ) ) GLOBAL_UNIT_ASSIGNED_CONTEXT ( ( #4054, #4126, #3089 ) ) REPRESENTATION_CONTEXT ( 'NONE', 'WORKASPACE' ) );
#192 =( LENGTH_UNIT ( ) NAMED_UNIT ( * ) SI_UNIT ( .MILLI., .METRE. ) );
#193 = CARTESIAN_POINT ( 'NONE',  ( 3.167300464263262061, 2.202686748610566791, 0.2899999999999999800 ) ) ;
#194 = FILL_AREA_STYLE_COLOUR ( '', #6234 ) ;
#195 = ORIENTED_EDGE ( 'NONE', *, *, #1175, .F. ) ;
#196 = EDGE_LOOP ( 'NONE', ( #4436, #5625, #1687, #4128 ) ) ;
#197 = UNCERTAINTY_MEASURE_WITH_UNIT (LENGTH_MEASURE( 1.000000000000000082E-05 ), #2209, 'distance_accuracy_value', 'NONE');
#198 = EDGE_CURVE ( 'NONE', #2224, #1686, #6758, .T. ) ;
#199 = CARTESIAN_POINT ( 'NONE',  ( 0.3992482400297203138, 0.07336723910810777349, 0.3044100536146749358 ) ) ;
#200 = CIRCLE ( 'NONE', #3499, 0.02000000000000005246 ) ;
#201 = DIRECTION ( 'NONE',  ( 0.0000000000000000000, -1.000000000000000000, 0.0000000000000000000 ) ) ;
#202 =( LENGTH_UNIT ( ) NAMED_UNIT ( * ) SI_UNIT ( .MILLI., .METRE. ) );
#203 = STYLED_ITEM ( 'NONE', ( #5388 ), #1457 ) ;
#204 = CARTESIAN_POINT ( 'NONE',  ( 3.079999999999999627, 1.476666666666667460, 0.5000000000000000000 ) ) ;
#205 = ORIENTED_EDGE ( 'NONE', *, *, #1993, .F. ) ;
#206 = UNCERTAINTY_MEASURE_WITH_UNIT (LENGTH_MEASURE( 1.000000000000000082E-05 ), #645, 'distance_accuracy_value', 'NONE');
#207 = FACE_OUTER_BOUND ( 'NONE', #5754, .T. ) ;
#208 = ADVANCED_FACE ( 'NONE', ( #1845 ), #4019, .F. ) ;
#209 =( LENGTH_UNIT ( ) NAMED_UNIT ( * ) SI_UNIT ( .MILLI., .METRE. ) );
#210 = COLOUR_RGB ( '',0.01176470588235294101, 0.0000000000000000000, 0.05882352941176470507 ) ;
#211 = CARTESIAN_POINT ( 'NONE',  ( 3.169999999999999929, 2.469999999999999751, 0.1700000000000000122 ) ) ;
#212 = LINE ( 'NONE', #3525, #6891 ) ;
#213 = DIRECTION ( 'NONE',  ( -0.0000000000000000000, -1.000000000000000000, -0.0000000000000000000 ) ) ;
#214 = CARTESIAN_POINT ( 'NONE',  ( 2.799999999999999378, 0.4000000000000009104, 0.5400000000000001465 ) ) ;
#215 = PRESENTATION_STYLE_ASSIGNMENT (( #3530 ) ) ;
#216 = ORIENTED_EDGE ( 'NONE', *, *, #4524, .F. ) ;
#217 = DIRECTION ( 'NONE',  ( -0.0000000000000000000, 0.0000000000000000000, 1.000000000000000000 ) ) ;
#218 = DIRECTION ( 'NONE',  ( 0.0000000000000000000, 0.0000000000000000000, 1.000000000000000000 ) ) ;
#219 = SURFACE_STYLE_USAGE ( .BOTH. , #1423 ) ;
#220 = ORIENTED_EDGE ( 'NONE', *, *, #4305, .F. ) ;
#221 = VECTOR ( 'NONE', #5118, 1000.000000000000000 ) ;
#222 = PRESENTATION_STYLE_ASSIGNMENT (( #4681 ) ) ;
#223 = EDGE_CURVE ( 'NONE', #3282, #388, #6581, .T. ) ;
#224 = MECHANICAL_DESIGN_GEOMETRIC_PRESENTATION_REPRESENTATION (  '', ( #1028 ), #5704 ) ;
#225 = SURFACE_STYLE_USAGE ( .BOTH. , #5128 ) ;
#226 = ORIENTED_EDGE ( 'NONE', *, *, #3536, .T. ) ;
#227 = CARTESIAN_POINT ( 'NONE',  ( 3.200000000000000178, 0.2000000000000000111, 0.0000000000000000000 ) ) ;
#228 = VERTEX_POINT ( 'NONE', #882 ) ;
#229 = ORIENTED_EDGE ( 'NONE', *, *, #6147, .T. ) ;
#230 =( GEOMETRIC_REPRESENTATION_CONTEXT ( 3 ) GLOBAL_UNCERTAINTY_ASSIGNED_CONTEXT ( ( #3262 ) ) GLOBAL_UNIT_ASSIGNED_CONTEXT ( ( #4875, #4378, #1185 ) ) REPRESENTATION_CONTEXT ( 'NONE', 'WORKASPACE' ) );
#231 = LINE ( 'NONE', #1986, #5358 ) ;
#232 = CARTESIAN_POINT ( 'NONE',  ( 2.609264482820521813, 1.923971919735854019, 0.6100000000000000977 ) ) ;
#233 = PLANE ( 'NONE',  #3527 ) ;
#234 = EDGE_CURVE ( 'NONE', #3762, #4594, #1450, .T. ) ;
#235 = CARTESIAN_POINT ( 'NONE',  ( 0.1020287438016752174, 0.4043365389824147282, 0.4897717084982458058 ) ) ;
#236 = VERTEX_POINT ( 'NONE', #3638 ) ;
#237 = VERTEX_POINT ( 'NONE', #3091 ) ;
#238 = PRESENTATION_STYLE_ASSIGNMENT (( #137 ) ) ;
#239 = DIRECTION ( 'NONE',  ( -1.000000000000000000, 0.0000000000000000000, -0.0000000000000000000 ) ) ;
#240 = CARTESIAN_POINT ( 'NONE',  ( 2.080276409533067916, 2.400138902867559931, 0.1700000000000000122 ) ) ;
#241 = EDGE_CURVE ( 'NONE', #2031, #329, #6284, .T. ) ;
#242 = DIRECTION ( 'NONE',  ( 0.0000000000000000000, 0.0000000000000000000, 1.000000000000000000 ) ) ;
#243 = SURFACE_STYLE_FILL_AREA ( #2848 ) ;
#244 = EDGE_LOOP ( 'NONE', ( #3317, #6983, #2760, #2921 ) ) ;
#245 = VECTOR ( 'NONE', #530, 1000.000000000000000 ) ;
#246 = DIRECTION ( 'NONE',  ( 1.000000000000000000, 0.0000000000000000000, -0.0000000000000000000 ) ) ;
#247 = FILL_AREA_STYLE ('',( #3573 ) ) ;
#248 = PRESENTATION_LAYER_ASSIGNMENT (  '', '', ( #473 ) ) ;
#249 = CARTESIAN_POINT ( 'NONE',  ( 3.047832264292400062, 0.2359727420083268246, 0.5000000000000063283 ) ) ;
#250 = VERTEX_POINT ( 'NONE', #3559 ) ;
#251 = FILL_AREA_STYLE_COLOUR ( '', #180 ) ;
#252 = CARTESIAN_POINT ( 'NONE',  ( 2.080276409533067916, 0.9199523185698690320, 0.0000000000000000000 ) ) ;
#253 = CARTESIAN_POINT ( 'NONE',  ( 0.4000000000000009104, 2.100000000000000089, 0.5400000000000001465 ) ) ;
#254 = PRESENTATION_STYLE_ASSIGNMENT (( #4683 ) ) ;
#255 = SURFACE_STYLE_USAGE ( .BOTH. , #5591 ) ;
#256 = CYLINDRICAL_SURFACE ( 'NONE', #6125, 0.3260323503590203953 ) ;
#257 = EDGE_LOOP ( 'NONE', ( #6814, #3026, #127, #1403 ) ) ;
#258 = CARTESIAN_POINT ( 'NONE',  ( 2.802737965005764220, 2.474999999999999201, 0.2899999999999999800 ) ) ;
#259 = VERTEX_POINT ( 'NONE', #5221 ) ;
#260 = EDGE_LOOP ( 'NONE', ( #5930, #4419, #3027, #3992 ) ) ;
#261 = UNCERTAINTY_MEASURE_WITH_UNIT (LENGTH_MEASURE( 1.000000000000000082E-05 ), #984, 'distance_accuracy_value', 'NONE');
#263 = EDGE_CURVE ( 'NONE', #4763, #5420, #959, .T. ) ;
#262 = CARTESIAN_POINT ( 'NONE',  ( -1.626303258728256651E-16, -1.626303258728256651E-16, 0.2899999999999999800 ) ) ;
#264 = FACE_OUTER_BOUND ( 'NONE', #6475, .T. ) ;
#265 = STYLED_ITEM ( 'NONE', ( #5528 ), #4643 ) ;
#266 = LINE ( 'NONE', #2584, #2839 ) ;
#267 = CARTESIAN_POINT ( 'NONE',  ( 0.1000000000000000056, 0.5133333333333318649, 0.4800000000000000933 ) ) ;
#268 = PLANE ( 'NONE',  #1779 ) ;
#269 = VERTEX_POINT ( 'NONE', #1926 ) ;
#270 = ORIENTED_EDGE ( 'NONE', *, *, #3056, .F. ) ;
#272 = EDGE_CURVE ( 'NONE', #236, #6206, #6426, .T. ) ;
#271 = DIRECTION ( 'NONE',  ( -0.0000000000000000000, -1.000000000000000000, -0.0000000000000000000 ) ) ;
#273 = DIRECTION ( 'NONE',  ( -1.000000000000000000, 0.0000000000000000000, -0.0000000000000000000 ) ) ;
#274 = DIRECTION ( 'NONE',  ( 0.0000000000000000000, 0.0000000000000000000, 1.000000000000000000 ) ) ;
#275 = LINE ( 'NONE', #2432, #1849 ) ;
#276 = CARTESIAN_POINT ( 'NONE',  ( 0.03000000000000037706, 2.079959576973092972, 0.1700000000000000122 ) ) ;
#277 = CARTESIAN_POINT ( 'NONE',  ( 0.5600000000000000533, 0.1199999999999998845, 0.5000000000000000000 ) ) ;
#278 = SURFACE_STYLE_USAGE ( .BOTH. , #5191 ) ;
#279 = ORIENTED_EDGE ( 'NONE', *, *, #1586, .F. ) ;
#280 = AXIS2_PLACEMENT_3D ( 'NONE', #1253, #2312, #1789 ) ;
#281 = EDGE_CURVE ( 'NONE', #6074, #1075, #1379, .T. ) ;
#282 = CARTESIAN_POINT ( 'NONE',  ( 2.800000000000000266, 2.290000000000000036, 0.6000000000000000888 ) ) ;
#283 =( LENGTH_UNIT ( ) NAMED_UNIT ( * ) SI_UNIT ( .MILLI., .METRE. ) );
#284 = VECTOR ( 'NONE', #6805, 1000.000000000000000 ) ;
#285 = FILL_AREA_STYLE ('',( #6374 ) ) ;
#286 = ORIENTED_EDGE ( 'NONE', *, *, #5132, .F. ) ;
#287 = SURFACE_STYLE_FILL_AREA ( #6223 ) ;
#288 = DIRECTION ( 'NONE',  ( -0.0000000000000000000, -0.0000000000000000000, -1.000000000000000000 ) ) ;
#289 = STYLED_ITEM ( 'NONE', ( #2322 ), #187 ) ;
#290 = SURFACE_STYLE_FILL_AREA ( #323 ) ;
#291 = PRESENTATION_STYLE_ASSIGNMENT (( #6380 ) ) ;
#292 = CARTESIAN_POINT ( 'NONE',  ( 0.4200624981287632842, 2.400138902867559931, 0.1700000000000000122 ) ) ;
#293 = LINE ( 'NONE', #4652, #4507 ) ;
#294 = VERTEX_POINT ( 'NONE', #3598 ) ;
#295 = AXIS2_PLACEMENT_3D ( 'NONE', #1095, #201, #6676 ) ;
#296 = VECTOR ( 'NONE', #2627, 1000.000000000000000 ) ;
#297 = FILL_AREA_STYLE ('',( #5210 ) ) ;
#298 = ORIENTED_EDGE ( 'NONE', *, *, #3123, .T. ) ;
#299 = ORIENTED_EDGE ( 'NONE', *, *, #4827, .F. ) ;
#300 = STYLED_ITEM ( 'NONE', ( #1790 ), #5768 ) ;
#301 = LINE ( 'NONE', #912, #5916 ) ;
#302 = FILL_AREA_STYLE ('',( #1262 ) ) ;
#303 = DIRECTION ( 'NONE',  ( -1.000000000000000000, 0.0000000000000000000, 0.0000000000000000000 ) ) ;
#304 =( NAMED_UNIT ( * ) SI_UNIT ( $, .STERADIAN. ) SOLID_ANGLE_UNIT ( ) );
#305 = CARTESIAN_POINT ( 'NONE',  ( 0.1199407981708986437, 0.4015377163292058738, 0.4999999781956229183 ) ) ;
#306 = ORIENTED_EDGE ( 'NONE', *, *, #1806, .T. ) ;
#307 = COLOUR_RGB ( '',0.01176470588235294101, 0.0000000000000000000, 0.05882352941176470507 ) ;
#308 = CARTESIAN_POINT ( 'NONE',  ( 2.080276409533067916, 2.400138902867559931, 0.1700000000000000122 ) ) ;
#309 = EDGE_CURVE ( 'NONE', #2531, #1130, #3010, .T. ) ;
#310 = CARTESIAN_POINT ( 'NONE',  ( 2.609264482820521813, 1.923971919735854019, 0.6100000000000000977 ) ) ;
#311 = DIRECTION ( 'NONE',  ( 0.0000000000000000000, 0.0000000000000000000, 1.000000000000000000 ) ) ;
#312 = PLANE ( 'NONE',  #6869 ) ;
#313 = ORIENTED_EDGE ( 'NONE', *, *, #518, .F. ) ;
#314 = STYLED_ITEM ( 'NONE', ( #5398 ), #6186 ) ;
#315 =( GEOMETRIC_REPRESENTATION_CONTEXT ( 3 ) GLOBAL_UNCERTAINTY_ASSIGNED_CONTEXT ( ( #691 ) ) GLOBAL_UNIT_ASSIGNED_CONTEXT ( ( #1611, #2764, #1100 ) ) REPRESENTATION_CONTEXT ( 'NONE', 'WORKASPACE' ) );
#316 = CARTESIAN_POINT ( 'NONE',  ( 0.1509749249621632483, 2.261919769664046509, 0.4800000000000000933 ) ) ;
#317 = DIRECTION ( 'NONE',  ( 0.0000000000000000000, 0.0000000000000000000, 1.000000000000000000 ) ) ;
#318 = CARTESIAN_POINT ( 'NONE',  ( 2.800000000000000266, 0.1000000000000001443, 0.4800000000000000933 ) ) ;
#319 = ORIENTED_EDGE ( 'NONE', *, *, #2024, .T. ) ;
#320 = ORIENTED_EDGE ( 'NONE', *, *, #2024, .F. ) ;
#321 = LINE ( 'NONE', #1430, #3599 ) ;
#322 = LINE ( 'NONE', #5726, #5675 ) ;
#323 = FILL_AREA_STYLE ('',( #4591 ) ) ;
#324 = B_SPLINE_CURVE_WITH_KNOTS ( 'NONE', 3,
 ( #5241, #5163, #782, #3617, #739, #5201, #2478, #1943, #5124, #6261 ),
 .UNSPECIFIED., .F., .F.,
 ( 4, 2, 2, 2, 4 ),
 ( 0.0000000000000000000, 0.1000000000000000888, 0.5000000000000001110, 0.8999999999999999112, 1.000000000000000000 ),
 .UNSPECIFIED. ) ;
#325 = FACE_OUTER_BOUND ( 'NONE', #3043, .T. ) ;
#326 = PRESENTATION_STYLE_ASSIGNMENT (( #3039 ) ) ;
#327 = CARTESIAN_POINT ( 'NONE',  ( 0.4098731178319771074, 2.400761356413930958, 0.5000000000000001110 ) ) ;
#328 = EDGE_CURVE ( 'NONE', #6432, #90, #2564, .T. ) ;
#329 = VERTEX_POINT ( 'NONE', #3666 ) ;
#330 = MECHANICAL_DESIGN_GEOMETRIC_PRESENTATION_REPRESENTATION (  '', ( #1362 ), #1029 ) ;
#331 = ORIENTED_EDGE ( 'NONE', *, *, #4957, .F. ) ;
#332 = VERTEX_POINT ( 'NONE', #3053 ) ;
#333 = LINE ( 'NONE', #6925, #3713 ) ;
#334 =( GEOMETRIC_REPRESENTATION_CONTEXT ( 3 ) GLOBAL_UNCERTAINTY_ASSIGNED_CONTEXT ( ( #5852 ) ) GLOBAL_UNIT_ASSIGNED_CONTEXT ( ( #5053, #3898, #85 ) ) REPRESENTATION_CONTEXT ( 'NONE', 'WORKASPACE' ) );
#335 =( NAMED_UNIT ( * ) SI_UNIT ( $, .STERADIAN. ) SOLID_ANGLE_UNIT ( ) );
#336 = CARTESIAN_POINT ( 'NONE',  ( 0.0000000000000000000, 0.4200404230269066952, 0.1700000000000000122 ) ) ;
#337 = FILL_AREA_STYLE ('',( #6786 ) ) ;
#338 = ORIENTED_EDGE ( 'NONE', *, *, #1700, .T. ) ;
#339 = MECHANICAL_DESIGN_GEOMETRIC_PRESENTATION_REPRESENTATION (  '', ( #3758 ), #140 ) ;
#340 = ORIENTED_EDGE ( 'NONE', *, *, #5034, .T. ) ;
#341 = VECTOR ( 'NONE', #2047, 1000.000000000000000 ) ;
#342 = DIRECTION ( 'NONE',  ( 0.0000000000000000000, 0.0000000000000000000, 1.000000000000000000 ) ) ;
#343 = DIRECTION ( 'NONE',  ( -0.0000000000000000000, 1.000000000000000000, 0.0000000000000000000 ) ) ;
#344 = DIRECTION ( 'NONE',  ( -0.0000000000000000000, -1.000000000000000000, -0.0000000000000000000 ) ) ;
#345 =( NAMED_UNIT ( * ) PLANE_ANGLE_UNIT ( ) SI_UNIT ( $, .RADIAN. ) );
#346 = CARTESIAN_POINT ( 'NONE',  ( 0.5600000000000000533, 0.1000000000000000056, 0.4800000000000000933 ) ) ;
#347 = ORIENTED_EDGE ( 'NONE', *, *, #2686, .T. ) ;
#348 = MECHANICAL_DESIGN_GEOMETRIC_PRESENTATION_REPRESENTATION (  '', ( #4914 ), #2185 ) ;
#349 = EDGE_CURVE ( 'NONE', #6176, #2451, #5546, .T. ) ;
#350 = DIRECTION ( 'NONE',  ( 1.000000000000000000, -0.0000000000000000000, 0.0000000000000000000 ) ) ;
#351 = DIRECTION ( 'NONE',  ( 0.7184060015747271155, -0.6956240485358546888, 0.0000000000000000000 ) ) ;
#352 = DIRECTION ( 'NONE',  ( 1.000000000000000000, -0.0000000000000000000, 0.0000000000000000000 ) ) ;
#353 = ORIENTED_EDGE ( 'NONE', *, *, #2005, .T. ) ;
#354 = ORIENTED_EDGE ( 'NONE', *, *, #4741, .F. ) ;
#355 =( NAMED_UNIT ( * ) PLANE_ANGLE_UNIT ( ) SI_UNIT ( $, .RADIAN. ) );
#356 = DIRECTION ( 'NONE',  ( 0.0000000000000000000, -1.000000000000000000, 0.0000000000000000000 ) ) ;
#357 =( BOUNDED_SURFACE ( )  B_SPLINE_SURFACE ( 3, 3, ( 
 ( #3592, #952, #4160, #5390 ),
 ( #3694, #6893, #913, #3201 ),
 ( #6347, #6857, #6926, #3087 ),
 ( #6952, #5881, #2534, #1442 ) ),
 .UNSPECIFIED., .F., .F., .T. ) 
 B_SPLINE_SURFACE_WITH_KNOTS ( ( 4, 4 ),
 ( 4, 4 ),
 ( 0.0000000000000000000, 1.000000000000000000 ),
 ( 0.0000000000000000000, 1.000000000000000000 ),
 .UNSPECIFIED. ) 
 GEOMETRIC_REPRESENTATION_ITEM ( )  RATIONAL_B_SPLINE_SURFACE ( (
 ( 1.000000000000000000, 0.8325095390991906763, 0.8325095390991906763, 1.000000000000000000),
 ( 0.8047378541243649375, 0.6699519400327468288, 0.6699519400327468288, 0.8047378541243649375),
 ( 0.8047378541243649375, 0.6699519400327468288, 0.6699519400327468288, 0.8047378541243649375),
 ( 1.000000000000000000, 0.8325095390991906763, 0.8325095390991906763, 1.000000000000000000) ) ) 
 REPRESENTATION_ITEM ( '' )  SURFACE ( )  );
#358 = AXIS2_PLACEMENT_3D ( 'NONE', #5514, #5483, #2775 ) ;
#359 = PLANE ( 'NONE',  #4167 ) ;
#360 = DIRECTION ( 'NONE',  ( 1.000000000000000000, -0.0000000000000000000, 0.0000000000000000000 ) ) ;
#361 = VECTOR ( 'NONE', #19, 1000.000000000000000 ) ;
#362 = FILL_AREA_STYLE ('',( #431 ) ) ;
#363 = ORIENTED_EDGE ( 'NONE', *, *, #1287, .F. ) ;
#364 =( NAMED_UNIT ( * ) SI_UNIT ( $, .STERADIAN. ) SOLID_ANGLE_UNIT ( ) );
#365 = ORIENTED_EDGE ( 'NONE', *, *, #4417, .F. ) ;
#366 = DIRECTION ( 'NONE',  ( 0.0000000000000000000, 0.0000000000000000000, 1.000000000000000000 ) ) ;
#367 = EDGE_CURVE ( 'NONE', #3311, #2111, #6463, .T. ) ;
#368 = DIRECTION ( 'NONE',  ( 0.0000000000000000000, 0.0000000000000000000, 1.000000000000000000 ) ) ;
#369 = SURFACE_SIDE_STYLE ('',( #1407 ) ) ;
#370 = AXIS2_PLACEMENT_3D ( 'NONE', #3426, #6267, #6668 ) ;
#371 = CARTESIAN_POINT ( 'NONE',  ( 3.050000000000000266, 2.100000000000000089, 0.6000000000000000888 ) ) ;
#372 = SURFACE_SIDE_STYLE ('',( #1444 ) ) ;
#373 = ORIENTED_EDGE ( 'NONE', *, *, #4182, .F. ) ;
#374 = ORIENTED_EDGE ( 'NONE', *, *, #1063, .F. ) ;
#375 = CARTESIAN_POINT ( 'NONE',  ( 2.389931833186331733, 1.580047681430130746, 0.1700000000000000122 ) ) ;
#376 = COLOUR_RGB ( '',0.01176470588235294101, 0.0000000000000000000, 0.05882352941176470507 ) ;
#377 = CARTESIAN_POINT ( 'NONE',  ( 2.779937501871236893, 0.09986109713243987440, 0.1700000000000000122 ) ) ;
#378 = DIRECTION ( 'NONE',  ( -0.0000000000000000000, -0.0000000000000000000, -1.000000000000000000 ) ) ;
#379 = VECTOR ( 'NONE', #4106, 1000.000000000000000 ) ;
#380 = PRESENTATION_STYLE_ASSIGNMENT (( #3566 ) ) ;
#381 = CARTESIAN_POINT ( 'NONE',  ( 2.779937501871236449, 2.500000000000000000, 0.1700000000000000122 ) ) ;
#382 = ORIENTED_EDGE ( 'NONE', *, *, #349, .T. ) ;
#383 = CARTESIAN_POINT ( 'NONE',  ( 3.089847783201395526, 2.267478750143510524, 0.3210660171779814442 ) ) ;
#384 = DIRECTION ( 'NONE',  ( -0.0000000000000000000, -1.000000000000000000, -0.0000000000000000000 ) ) ;
#385 = DIRECTION ( 'NONE',  ( 1.000000000000000000, -0.0000000000000000000, 0.0000000000000000000 ) ) ;
#386 = CARTESIAN_POINT ( 'NONE',  ( 2.961919769664046242, 0.1509749249621630540, 0.4800000000000000933 ) ) ;
#387 = ORIENTED_EDGE ( 'NONE', *, *, #6592, .F. ) ;
#388 = VERTEX_POINT ( 'NONE', #4166 ) ;
#389 = DIRECTION ( 'NONE',  ( 0.0000000000000000000, -1.000000000000000000, -0.0000000000000000000 ) ) ;
#390 =( NAMED_UNIT ( * ) PLANE_ANGLE_UNIT ( ) SI_UNIT ( $, .RADIAN. ) );
#391 = CARTESIAN_POINT ( 'NONE',  ( 1.119723590466932039, 2.400138902867559931, 0.1700000000000000122 ) ) ;
#392 = CARTESIAN_POINT ( 'NONE',  ( 3.200000000000000178, 0.2000000000000003719, 0.2899999999999999800 ) ) ;
#393 = VECTOR ( 'NONE', #3931, 1000.000000000000000 ) ;
#394 = FILL_AREA_STYLE_COLOUR ( '', #1970 ) ;
#395 = DIRECTION ( 'NONE',  ( 0.0000000000000000000, 1.000000000000000000, 0.0000000000000000000 ) ) ;
#396 = LINE ( 'NONE', #2484, #850 ) ;
#397 = CARTESIAN_POINT ( 'NONE',  ( 1.600000000000004974, 0.02500000000000002567, 0.2899999999999999800 ) ) ;
#398 = EDGE_CURVE ( 'NONE', #6026, #6047, #407, .T. ) ;
#399 = ORIENTED_EDGE ( 'NONE', *, *, #4428, .T. ) ;
#400 = VERTEX_POINT ( 'NONE', #2074 ) ;
#401 = STYLED_ITEM ( 'NONE', ( #1793 ), #6404 ) ;
#402 = PRESENTATION_STYLE_ASSIGNMENT (( #3127 ) ) ;
#403 = ORIENTED_EDGE ( 'NONE', *, *, #6395, .F. ) ;
#404 = EDGE_CURVE ( 'NONE', #2697, #2850, #6827, .T. ) ;
#405 = ORIENTED_EDGE ( 'NONE', *, *, #6573, .F. ) ;
#406 = UNCERTAINTY_MEASURE_WITH_UNIT (LENGTH_MEASURE( 1.000000000000000082E-05 ), #3165, 'distance_accuracy_value', 'NONE');
#407 = LINE ( 'NONE', #6354, #3471 ) ;
#408 =( GEOMETRIC_REPRESENTATION_CONTEXT ( 3 ) GLOBAL_UNCERTAINTY_ASSIGNED_CONTEXT ( ( #68 ) ) GLOBAL_UNIT_ASSIGNED_CONTEXT ( ( #4028, #2834, #2317 ) ) REPRESENTATION_CONTEXT ( 'NONE', 'WORKASPACE' ) );
#409 = MECHANICAL_DESIGN_GEOMETRIC_PRESENTATION_REPRESENTATION (  '', ( #6594 ), #1203 ) ;
#410 = PLANE ( 'NONE',  #766 ) ;
#411 = CARTESIAN_POINT ( 'NONE',  ( 0.1000000000001020212, 0.3999999999986773025, 0.4800000000000000933 ) ) ;
#412 = VECTOR ( 'NONE', #6532, 1000.000000000000000 ) ;
#413 = CARTESIAN_POINT ( 'NONE',  ( 2.790097570029880014, 0.09999999999999993616, 0.4999999999999998890 ) ) ;
#414 = FILL_AREA_STYLE_COLOUR ( '', #2857 ) ;
#415 = VERTEX_POINT ( 'NONE', #1651 ) ;
#416 = MECHANICAL_DESIGN_GEOMETRIC_PRESENTATION_REPRESENTATION (  '', ( #6602 ), #4989 ) ;
#417 = STYLED_ITEM ( 'NONE', ( #3379 ), #1274 ) ;
#418 = VECTOR ( 'NONE', #3462, 1000.000000000000000 ) ;
#419 = DIRECTION ( 'NONE',  ( 1.000000000000000000, -0.0000000000000000000, 0.0000000000000000000 ) ) ;
#420 = LINE ( 'NONE', #2674, #3308 ) ;
#421 =( LENGTH_UNIT ( ) NAMED_UNIT ( * ) SI_UNIT ( .MILLI., .METRE. ) );
#422 = ORIENTED_EDGE ( 'NONE', *, *, #1223, .T. ) ;
#423 =( GEOMETRIC_REPRESENTATION_CONTEXT ( 3 ) GLOBAL_UNCERTAINTY_ASSIGNED_CONTEXT ( ( #1270 ) ) GLOBAL_UNIT_ASSIGNED_CONTEXT ( ( #1579, #5942, #2100 ) ) REPRESENTATION_CONTEXT ( 'NONE', 'WORKASPACE' ) );
#424 = CARTESIAN_POINT ( 'NONE',  ( 0.3999999999986773025, 2.399999999999897327, 0.4800000000000000377 ) ) ;
#425 = UNCERTAINTY_MEASURE_WITH_UNIT (LENGTH_MEASURE( 1.000000000000000082E-05 ), #5686, 'distance_accuracy_value', 'NONE');
#426 = CARTESIAN_POINT ( 'NONE',  ( 3.070000000000000284, 2.100000000000000089, 0.5200000000000000178 ) ) ;
#427 = VECTOR ( 'NONE', #343, 1000.000000000000000 ) ;
#428 = CARTESIAN_POINT ( 'NONE',  ( 2.911299423149111831, 2.289999999999999591, 0.6000000000000000888 ) ) ;
#429 = FACE_OUTER_BOUND ( 'NONE', #4800, .T. ) ;
#430 = CARTESIAN_POINT ( 'NONE',  ( 3.089847783199924702, 0.2325212498551154083, 0.3650000000000000466 ) ) ;
#431 = FILL_AREA_STYLE_COLOUR ( '', #5065 ) ;
#432 =( NAMED_UNIT ( * ) SI_UNIT ( $, .STERADIAN. ) SOLID_ANGLE_UNIT ( ) );
#433 = ORIENTED_EDGE ( 'NONE', *, *, #3142, .F. ) ;
#434 = PRESENTATION_STYLE_ASSIGNMENT (( #6982 ) ) ;
#435 = EDGE_LOOP ( 'NONE', ( #5809, #640, #3614, #5168 ) ) ;
#436 = STYLED_ITEM ( 'NONE', ( #3045 ), #1864 ) ;
#437 = CARTESIAN_POINT ( 'NONE',  ( 0.2657067610388570422, 2.345848482575353167, 0.5000000000000000000 ) ) ;
#438 = SURFACE_STYLE_USAGE ( .BOTH. , #1543 ) ;
#439 = ADVANCED_FACE ( 'NONE', ( #5357 ), #549, .F. ) ;
#440 = PRESENTATION_LAYER_ASSIGNMENT (  '', '', ( #2950 ) ) ;
#441 = SURFACE_STYLE_USAGE ( .BOTH. , #4907 ) ;
#442 =( NAMED_UNIT ( * ) PLANE_ANGLE_UNIT ( ) SI_UNIT ( $, .RADIAN. ) );
#443 =( GEOMETRIC_REPRESENTATION_CONTEXT ( 3 ) GLOBAL_UNCERTAINTY_ASSIGNED_CONTEXT ( ( #206 ) ) GLOBAL_UNIT_ASSIGNED_CONTEXT ( ( #645, #2821, #2235 ) ) REPRESENTATION_CONTEXT ( 'NONE', 'WORKASPACE' ) );
#444 =( LENGTH_UNIT ( ) NAMED_UNIT ( * ) SI_UNIT ( .MILLI., .METRE. ) );
#445 =( LENGTH_UNIT ( ) NAMED_UNIT ( * ) SI_UNIT ( .MILLI., .METRE. ) );
#446 = SURFACE_STYLE_USAGE ( .BOTH. , #1092 ) ;
#447 = ORIENTED_EDGE ( 'NONE', *, *, #1788, .T. ) ;
#448 = DIRECTION ( 'NONE',  ( 0.0000000000000000000, -0.0000000000000000000, 1.000000000000000000 ) ) ;
#449 = PRESENTATION_LAYER_ASSIGNMENT (  '', '', ( #1132 ) ) ;
#450 = DIRECTION ( 'NONE',  ( 1.000000000000000000, -2.126443591017727688E-16, 0.0000000000000000000 ) ) ;
#451 = MECHANICAL_DESIGN_GEOMETRIC_PRESENTATION_REPRESENTATION (  '', ( #6048 ), #789 ) ;
#452 = CARTESIAN_POINT ( 'NONE',  ( 0.3846473386338427058, 0.1011839063810400091, 0.4800000000000000933 ) ) ;
#453 = SURFACE_STYLE_FILL_AREA ( #2215 ) ;
#454 =( NAMED_UNIT ( * ) PLANE_ANGLE_UNIT ( ) SI_UNIT ( $, .RADIAN. ) );
#455 = EDGE_CURVE ( 'NONE', #4177, #5896, #4810, .T. ) ;
#456 = EDGE_CURVE ( 'NONE', #3511, #3587, #1689, .T. ) ;
#457 = CARTESIAN_POINT ( 'NONE',  ( 2.779937501871236449, 2.500000000000000000, 0.0000000000000000000 ) ) ;
#458 = ORIENTED_EDGE ( 'NONE', *, *, #5361, .F. ) ;
#459 = ORIENTED_EDGE ( 'NONE', *, *, #2759, .T. ) ;
#460 = CARTESIAN_POINT ( 'NONE',  ( 3.170000000000000373, 0.2999999999999999889, 0.1700000000000000122 ) ) ;
#461 = DIRECTION ( 'NONE',  ( 0.0000000000000000000, 1.000000000000000000, 0.0000000000000000000 ) ) ;
#462 =( NAMED_UNIT ( * ) SI_UNIT ( $, .STERADIAN. ) SOLID_ANGLE_UNIT ( ) );
#463 = DIRECTION ( 'NONE',  ( 1.000000000000000000, -0.0000000000000000000, 0.0000000000000000000 ) ) ;
#464 = CARTESIAN_POINT ( 'NONE',  ( 2.946446609406727202, 2.350000000000000089, 0.5400000000000001465 ) ) ;
#465 = SURFACE_STYLE_FILL_AREA ( #1604 ) ;
#466 = FILL_AREA_STYLE_COLOUR ( '', #3979 ) ;
#467 = CARTESIAN_POINT ( 'NONE',  ( 0.2413906142856351300, 2.352335458987516059, 0.4999999999999901190 ) ) ;
#468 = ORIENTED_EDGE ( 'NONE', *, *, #398, .F. ) ;
#469 = PLANE ( 'NONE',  #3610 ) ;
#470 = COLOUR_RGB ( '',0.6470588235294117974, 0.6196078431372549211, 0.5843137254901961120 ) ;
#471 =( NAMED_UNIT ( * ) SI_UNIT ( $, .STERADIAN. ) SOLID_ANGLE_UNIT ( ) );
#472 = DIRECTION ( 'NONE',  ( 2.126443591017727688E-16, 1.000000000000000000, -0.0000000000000000000 ) ) ;
#473 = STYLED_ITEM ( 'NONE', ( #595 ), #3778 ) ;
#474 = VERTEX_POINT ( 'NONE', #1062 ) ;
#475 = EDGE_CURVE ( 'NONE', #6889, #855, #3232, .T. ) ;
#476 = B_SPLINE_CURVE_WITH_KNOTS ( 'NONE', 3,
 ( #5428, #4874, #2241, #2206, #3874, #2173 ),
 .UNSPECIFIED., .F., .F.,
 ( 4, 2, 4 ),
 ( 0.0000000000000000000, 0.5000000000000000000, 1.000000000000000000 ),
 .UNSPECIFIED. ) ;
#477 = UNCERTAINTY_MEASURE_WITH_UNIT (LENGTH_MEASURE( 1.000000000000000082E-05 ), #3869, 'distance_accuracy_value', 'NONE');
#478 = FACE_OUTER_BOUND ( 'NONE', #5253, .T. ) ;
#479 = VECTOR ( 'NONE', #2786, 1000.000000000000000 ) ;
#480 =( NAMED_UNIT ( * ) PLANE_ANGLE_UNIT ( ) SI_UNIT ( $, .RADIAN. ) );
#481 = FILL_AREA_STYLE ('',( #5397 ) ) ;
#482 =( NAMED_UNIT ( * ) PLANE_ANGLE_UNIT ( ) SI_UNIT ( $, .RADIAN. ) );
#483 = EDGE_CURVE ( 'NONE', #957, #3917, #2724, .T. ) ;
#484 = ORIENTED_EDGE ( 'NONE', *, *, #1031, .T. ) ;
#485 = COLOUR_RGB ( '',0.01176470588235294101, 0.0000000000000000000, 0.05882352941176470507 ) ;
#486 = CARTESIAN_POINT ( 'NONE',  ( 0.02999999999999994338, 0.4200404230269066952, 0.1700000000000000122 ) ) ;
#487 =( LENGTH_UNIT ( ) NAMED_UNIT ( * ) SI_UNIT ( .MILLI., .METRE. ) );
#488 = ORIENTED_EDGE ( 'NONE', *, *, #3963, .F. ) ;
#489 = UNCERTAINTY_MEASURE_WITH_UNIT (LENGTH_MEASURE( 1.000000000000000082E-05 ), #2932, 'distance_accuracy_value', 'NONE');
#490 = EDGE_CURVE ( 'NONE', #4302, #1499, #476, .T. ) ;
#491 = SURFACE_STYLE_FILL_AREA ( #3216 ) ;
#492 = COLOUR_RGB ( '',0.6470588235294117974, 0.6196078431372549211, 0.5843137254901961120 ) ;
#493 = DIRECTION ( 'NONE',  ( 7.228014483236696753E-15, -1.000000000000000000, 0.0000000000000000000 ) ) ;
#494 =( NAMED_UNIT ( * ) SI_UNIT ( $, .STERADIAN. ) SOLID_ANGLE_UNIT ( ) );
#495 = CARTESIAN_POINT ( 'NONE',  ( 0.09999075855428361803, 2.079959576973092972, 0.1700000000000000122 ) ) ;
#496 = DIRECTION ( 'NONE',  ( -0.0000000000000000000, 0.0000000000000000000, 1.000000000000000000 ) ) ;
#497 = AXIS2_PLACEMENT_3D ( 'NONE', #4824, #2343, #5054 ) ;
#498 = LINE ( 'NONE', #3718, #4668 ) ;
#499 = ORIENTED_EDGE ( 'NONE', *, *, #1320, .F. ) ;
#500 = EDGE_LOOP ( 'NONE', ( #6860, #567, #1378, #6648 ) ) ;
#501 = CARTESIAN_POINT ( 'NONE',  ( 0.4015377163292058738, 2.380059201829101578, 0.4999999781956464551 ) ) ;
#502 = DIRECTION ( 'NONE',  ( -1.000000000000000000, 0.0000000000000000000, 0.0000000000000000000 ) ) ;
#503 = VECTOR ( 'NONE', #3457, 1000.000000000000000 ) ;
#504 = SURFACE_SIDE_STYLE ('',( #1055 ) ) ;
#505 = DIRECTION ( 'NONE',  ( -0.0000000000000000000, -1.000000000000000000, -0.0000000000000000000 ) ) ;
#506 = CARTESIAN_POINT ( 'NONE',  ( 0.09999999999998615552, 0.4002593725213290932, 0.3525820866397691433 ) ) ;
#507 =( GEOMETRIC_REPRESENTATION_CONTEXT ( 3 ) GLOBAL_UNCERTAINTY_ASSIGNED_CONTEXT ( ( #3981 ) ) GLOBAL_UNIT_ASSIGNED_CONTEXT ( ( #3538, #6842, #6878 ) ) REPRESENTATION_CONTEXT ( 'NONE', 'WORKASPACE' ) );
#508 =( NAMED_UNIT ( * ) PLANE_ANGLE_UNIT ( ) SI_UNIT ( $, .RADIAN. ) );
#509 = VERTEX_POINT ( 'NONE', #4911 ) ;
#510 = PRESENTATION_LAYER_ASSIGNMENT (  '', '', ( #3827 ) ) ;
#511 = PRESENTATION_STYLE_ASSIGNMENT (( #5464 ) ) ;
#512 = CARTESIAN_POINT ( 'NONE',  ( 3.070769560685124855, 0.2413868636284595415, 0.5000148110754012443 ) ) ;
#513 = CARTESIAN_POINT ( 'NONE',  ( 0.3000000000000004885, 2.469999999999999751, 0.1700000000000000122 ) ) ;
#514 = CARTESIAN_POINT ( 'NONE',  ( 1.119723590466932039, 2.400138902867559931, 0.1700000000000000122 ) ) ;
#515 = DIRECTION ( 'NONE',  ( -1.000000000000000000, 0.0000000000000000000, -0.0000000000000000000 ) ) ;
#516 = EDGE_LOOP ( 'NONE', ( #1994, #3223, #1642, #1404, #763, #5817, #186, #169, #6851, #5695, #3452 ) ) ;
#517 = PRESENTATION_LAYER_ASSIGNMENT (  '', '', ( #2693 ) ) ;
#518 = EDGE_CURVE ( 'NONE', #3336, #2347, #6574, .T. ) ;
#519 = VECTOR ( 'NONE', #4296, 1000.000000000000000 ) ;
#520 = DIRECTION ( 'NONE',  ( -1.000000000000000000, 0.0000000000000000000, 0.0000000000000000000 ) ) ;
#521 = SURFACE_STYLE_USAGE ( .BOTH. , #5439 ) ;
#522 = ORIENTED_EDGE ( 'NONE', *, *, #367, .T. ) ;
#523 = ORIENTED_EDGE ( 'NONE', *, *, #735, .T. ) ;
#524 = CARTESIAN_POINT ( 'NONE',  ( 3.079842557812607406, 2.205779064237683773, 0.4800000000000000933 ) ) ;
#525 = DIRECTION ( 'NONE',  ( -0.0000000000000000000, 1.000000000000000000, 0.0000000000000000000 ) ) ;
#526 = MECHANICAL_DESIGN_GEOMETRIC_PRESENTATION_REPRESENTATION (  '', ( #3036 ), #5563 ) ;
#527 =( GEOMETRIC_REPRESENTATION_CONTEXT ( 3 ) GLOBAL_UNCERTAINTY_ASSIGNED_CONTEXT ( ( #6863 ) ) GLOBAL_UNIT_ASSIGNED_CONTEXT ( ( #209, #4633, #4060 ) ) REPRESENTATION_CONTEXT ( 'NONE', 'WORKASPACE' ) );
#528 = COLOUR_RGB ( '',0.8274509803921568096, 0.6666666666666666297, 0.1294117647058823373 ) ;
#529 = FILL_AREA_STYLE_COLOUR ( '', #1577 ) ;
#530 = DIRECTION ( 'NONE',  ( 1.000000000000000000, 0.0000000000000000000, 0.0000000000000000000 ) ) ;
#531 = CARTESIAN_POINT ( 'NONE',  ( 1.119723590466932039, 0.09986109713243987440, 0.0000000000000000000 ) ) ;
#532 = DIRECTION ( 'NONE',  ( 0.0000000000000000000, 1.000000000000000000, 0.0000000000000000000 ) ) ;
#533 = EDGE_CURVE ( 'NONE', #2510, #5739, #1124, .T. ) ;
#534 = CIRCLE ( 'NONE', #6025, 0.2700000000000002953 ) ;
#535 = AXIS2_PLACEMENT_3D ( 'NONE', #3724, #7047, #1021 ) ;
#536 = CYLINDRICAL_SURFACE ( 'NONE', #3381, 0.2000000000000005107 ) ;
#537 = VERTEX_POINT ( 'NONE', #3173 ) ;
#538 = CARTESIAN_POINT ( 'NONE',  ( 2.797656914287395935, 2.400000000000000355, 0.4842196513366646693 ) ) ;
#539 = VERTEX_POINT ( 'NONE', #4278 ) ;
#540 = CARTESIAN_POINT ( 'NONE',  ( 2.799999999999999378, 2.100000000000000089, 0.5400000000000001465 ) ) ;
#541 = AXIS2_PLACEMENT_3D ( 'NONE', #211, #139, #2325 ) ;
#542 = FILL_AREA_STYLE_COLOUR ( '', #2706 ) ;
#543 = ADVANCED_FACE ( 'NONE', ( #6462 ), #1727, .T. ) ;
#544 = COLOUR_RGB ( '',0.8274509803921568096, 0.6666666666666666297, 0.1294117647058823373 ) ;
#545 = DIRECTION ( 'NONE',  ( 0.0000000000000000000, -1.000000000000000000, 0.0000000000000000000 ) ) ;
#546 = CARTESIAN_POINT ( 'NONE',  ( 3.079968505970319015, 2.099997406541917577, 0.4999999876735901627 ) ) ;
#547 = ORIENTED_EDGE ( 'NONE', *, *, #5005, .F. ) ;
#548 = UNCERTAINTY_MEASURE_WITH_UNIT (LENGTH_MEASURE( 1.000000000000000082E-05 ), #444, 'distance_accuracy_value', 'NONE');
#549 = PLANE ( 'NONE',  #4398 ) ;
#550 = VECTOR ( 'NONE', #6146, 1000.000000000000000 ) ;
#551 = MECHANICAL_DESIGN_GEOMETRIC_PRESENTATION_REPRESENTATION (  '', ( #1804 ), #5705 ) ;
#552 = SURFACE_STYLE_USAGE ( .BOTH. , #6610 ) ;
#553 = CARTESIAN_POINT ( 'NONE',  ( 2.946446609406726314, 0.1500000000000004385, 0.5079235637004544390 ) ) ;
#554 = SURFACE_STYLE_FILL_AREA ( #1656 ) ;
#555 = CARTESIAN_POINT ( 'NONE',  ( 0.1199999999999998845, 0.5133333333333319759, 0.5000000000000003331 ) ) ;
#556 = CARTESIAN_POINT ( 'NONE',  ( 3.079999999999999627, 0.4000000000000004108, 0.5000000000000000000 ) ) ;
#557 = VECTOR ( 'NONE', #2422, 1000.000000000000000 ) ;
#558 = CARTESIAN_POINT ( 'NONE',  ( 0.4200624981287632842, 2.500000000000000000, 0.1700000000000000122 ) ) ;
#559 = ORIENTED_EDGE ( 'NONE', *, *, #5401, .T. ) ;
#560 = FILL_AREA_STYLE_COLOUR ( '', #307 ) ;
#561 = CARTESIAN_POINT ( 'NONE',  ( 0.2289798103863815160, 2.198025072705748872, 0.5999999999999999778 ) ) ;
#562 =( GEOMETRIC_REPRESENTATION_CONTEXT ( 3 ) GLOBAL_UNCERTAINTY_ASSIGNED_CONTEXT ( ( #1758 ) ) GLOBAL_UNIT_ASSIGNED_CONTEXT ( ( #3078, #2017, #5840 ) ) REPRESENTATION_CONTEXT ( 'NONE', 'WORKASPACE' ) );
#563 = FILL_AREA_STYLE ('',( #25 ) ) ;
#564 = FILL_AREA_STYLE_COLOUR ( '', #2208 ) ;
#565 = ORIENTED_EDGE ( 'NONE', *, *, #483, .F. ) ;
#566 = CARTESIAN_POINT ( 'NONE',  ( 1.119723590466932039, -1.626303258728256651E-16, 0.0000000000000000000 ) ) ;
#567 = ORIENTED_EDGE ( 'NONE', *, *, #3004, .T. ) ;
#568 = CARTESIAN_POINT ( 'NONE',  ( 2.800000000000000266, 2.399999999999999911, 0.4800000000000000933 ) ) ;
#569 = EDGE_CURVE ( 'NONE', #6047, #7003, #714, .T. ) ;
#570 = VECTOR ( 'NONE', #1040, 1000.000000000000000 ) ;
#571 = UNCERTAINTY_MEASURE_WITH_UNIT (LENGTH_MEASURE( 1.000000000000000082E-05 ), #7014, 'distance_accuracy_value', 'NONE');
#572 = AXIS2_PLACEMENT_3D ( 'NONE', #1894, #2441, #351 ) ;
#573 = DIRECTION ( 'NONE',  ( -0.0000000000000000000, -1.000000000000000000, 0.0000000000000000000 ) ) ;
#574 = DIRECTION ( 'NONE',  ( -1.000000000000000000, 0.0000000000000000000, -0.0000000000000000000 ) ) ;
#575 = ORIENTED_EDGE ( 'NONE', *, *, #735, .F. ) ;
#576 = CARTESIAN_POINT ( 'NONE',  ( 3.084371351603407252, 2.098004862545068239, 0.4999916966771321691 ) ) ;
#577 = EDGE_CURVE ( 'NONE', #5502, #6329, #1415, .T. ) ;
#578 = VERTEX_POINT ( 'NONE', #684 ) ;
#579 = SURFACE_SIDE_STYLE ('',( #3723 ) ) ;
#580 = FACE_OUTER_BOUND ( 'NONE', #3662, .T. ) ;
#581 = FILL_AREA_STYLE ('',( #3298 ) ) ;
#582 = CARTESIAN_POINT ( 'NONE',  ( 0.07336723910595419063, 0.3992482400295992995, 0.3044100536129769052 ) ) ;
#583 = DIRECTION ( 'NONE',  ( 0.0000000000000000000, 0.0000000000000000000, 1.000000000000000000 ) ) ;
#584 =( BOUNDED_CURVE ( )  B_SPLINE_CURVE ( 2, ( #6780, #5867, #424 ),
 .UNSPECIFIED., .F., .F. ) 
 B_SPLINE_CURVE_WITH_KNOTS ( ( 3, 3 ),
 ( 0.0000000000000000000, 1.000000000000000000 ),
 .UNSPECIFIED. ) 
 CURVE ( )  GEOMETRIC_REPRESENTATION_ITEM ( )  RATIONAL_B_SPLINE_CURVE ( ( 1.000000000000000000, 0.6336872742246170143, 1.000000000000000000 ) ) 
 REPRESENTATION_ITEM ( '' )  );
#585 = STYLED_ITEM ( 'NONE', ( #1527 ), #3760 ) ;
#586 = EDGE_CURVE ( 'NONE', #6887, #752, #1260, .T. ) ;
#587 = FILL_AREA_STYLE ('',( #4811 ) ) ;
#588 = CARTESIAN_POINT ( 'NONE',  ( 2.800000000000000266, 2.399999999999999911, 0.4800000000000000933 ) ) ;
#589 =( GEOMETRIC_REPRESENTATION_CONTEXT ( 3 ) GLOBAL_UNCERTAINTY_ASSIGNED_CONTEXT ( ( #1484 ) ) GLOBAL_UNIT_ASSIGNED_CONTEXT ( ( #4955, #6620, #2359 ) ) REPRESENTATION_CONTEXT ( 'NONE', 'WORKASPACE' ) );
#590 =( NAMED_UNIT ( * ) SI_UNIT ( $, .STERADIAN. ) SOLID_ANGLE_UNIT ( ) );
#591 = DIRECTION ( 'NONE',  ( 0.0000000000000000000, 0.0000000000000000000, -1.000000000000000000 ) ) ;
#592 =( NAMED_UNIT ( * ) PLANE_ANGLE_UNIT ( ) SI_UNIT ( $, .RADIAN. ) );
#593 = ORIENTED_EDGE ( 'NONE', *, *, #3290, .T. ) ;
#594 = CARTESIAN_POINT ( 'NONE',  ( 3.200000000000000178, 0.4200404230269066952, 0.1700000000000000122 ) ) ;
#595 = PRESENTATION_STYLE_ASSIGNMENT (( #6145 ) ) ;
#596 = FACE_OUTER_BOUND ( 'NONE', #1981, .T. ) ;
#597 = STYLED_ITEM ( 'NONE', ( #6885 ), #4297 ) ;
#598 = ORIENTED_EDGE ( 'NONE', *, *, #6445, .F. ) ;
#599 = CARTESIAN_POINT ( 'NONE',  ( 0.0000000000000000000, 2.079959576973092972, 0.0000000000000000000 ) ) ;
#600 = CARTESIAN_POINT ( 'NONE',  ( 0.3992482499182014588, 2.426633143140954907, 0.3044097484780414753 ) ) ;
#601 = CIRCLE ( 'NONE', #835, 0.2500000000000011102 ) ;
#602 = CARTESIAN_POINT ( 'NONE',  ( 0.1200314940270346409, 2.099997406540719425, 0.4999999876735851667 ) ) ;
#603 = DIRECTION ( 'NONE',  ( 0.0000000000000000000, 1.000000000000000000, 0.0000000000000000000 ) ) ;
#604 =( LENGTH_UNIT ( ) NAMED_UNIT ( * ) SI_UNIT ( .MILLI., .METRE. ) );
#605 = ORIENTED_EDGE ( 'NONE', *, *, #5027, .F. ) ;
#606 = SURFACE_STYLE_FILL_AREA ( #2818 ) ;
#607 = COLOUR_RGB ( '',0.01176470588235294101, 0.0000000000000000000, 0.05882352941176470507 ) ;
#608 = ORIENTED_EDGE ( 'NONE', *, *, #4510, .T. ) ;
#609 = ORIENTED_EDGE ( 'NONE', *, *, #5274, .T. ) ;
#610 = FILL_AREA_STYLE ('',( #4000 ) ) ;
#611 = CARTESIAN_POINT ( 'NONE',  ( 0.03000000000000037706, 2.469999999999999751, 0.0000000000000000000 ) ) ;
#612 = MECHANICAL_DESIGN_GEOMETRIC_PRESENTATION_REPRESENTATION (  '', ( #2772 ), #1180 ) ;
#613 = EDGE_CURVE ( 'NONE', #5698, #236, #5063, .T. ) ;
#614 = CARTESIAN_POINT ( 'NONE',  ( 1.119723590466932039, 2.400138902867559931, 0.1700000000000000122 ) ) ;
#615 = EDGE_LOOP ( 'NONE', ( #7034, #1875, #6341, #2906 ) ) ;
#616 = DIRECTION ( 'NONE',  ( 1.000000000000000000, 0.0000000000000000000, 0.0000000000000000000 ) ) ;
#617 = ORIENTED_EDGE ( 'NONE', *, *, #2296, .T. ) ;
#618 = UNCERTAINTY_MEASURE_WITH_UNIT (LENGTH_MEASURE( 1.000000000000000082E-05 ), #4864, 'distance_accuracy_value', 'NONE');
#619 =( GEOMETRIC_REPRESENTATION_CONTEXT ( 3 ) GLOBAL_UNCERTAINTY_ASSIGNED_CONTEXT ( ( #6002 ) ) GLOBAL_UNIT_ASSIGNED_CONTEXT ( ( #604, #1818, #3997 ) ) REPRESENTATION_CONTEXT ( 'NONE', 'WORKASPACE' ) );
#620 = CARTESIAN_POINT ( 'NONE',  ( 0.2999999999999999889, 0.0000000000000000000, 0.1700000000000000122 ) ) ;
#621 = CARTESIAN_POINT ( 'NONE',  ( 2.800000000000000711, 0.1412979323639908524, 0.4995501335457743775 ) ) ;
#622 = ADVANCED_FACE ( 'NONE', ( #6672 ), #5024, .F. ) ;
#623 = CARTESIAN_POINT ( 'NONE',  ( 0.1000000000000451778, 1.477656067995436251, 0.4999999999999757416 ) ) ;
#624 = CARTESIAN_POINT ( 'NONE',  ( 3.100000000000000533, 0.4566666666666683305, 0.4800000000000000933 ) ) ;
#625 = ORIENTED_EDGE ( 'NONE', *, *, #2719, .F. ) ;
#626 = COLOUR_RGB ( '',0.01176470588235294101, 0.0000000000000000000, 0.05882352941176470507 ) ;
#627 = FILL_AREA_STYLE ('',( #1698 ) ) ;
#628 = LINE ( 'NONE', #3913, #5735 ) ;
#629 = DIRECTION ( 'NONE',  ( 0.0000000000000000000, 0.0000000000000000000, 1.000000000000000000 ) ) ;
#630 = EDGE_CURVE ( 'NONE', #5998, #388, #333, .T. ) ;
#631 = MECHANICAL_DESIGN_GEOMETRIC_PRESENTATION_REPRESENTATION (  '', ( #3832 ), #6593 ) ;
#632 = STYLED_ITEM ( 'NONE', ( #2494 ), #694 ) ;
#633 = ORIENTED_EDGE ( 'NONE', *, *, #1897, .T. ) ;
#634 = CARTESIAN_POINT ( 'NONE',  ( 0.4200624981287632842, -1.626303258728256651E-16, 0.0000000000000000000 ) ) ;
#635 = STYLED_ITEM ( 'NONE', ( #6641 ), #5746 ) ;
#636 = COLOUR_RGB ( '',0.6470588235294117974, 0.6196078431372549211, 0.5843137254901961120 ) ;
#637 = CARTESIAN_POINT ( 'NONE',  ( 2.900000000000000355, 0.0000000000000000000, 0.1700000000000000122 ) ) ;
#638 = DIRECTION ( 'NONE',  ( 1.000000000000000000, 0.0000000000000000000, 0.0000000000000000000 ) ) ;
#639 = SURFACE_STYLE_FILL_AREA ( #7042 ) ;
#640 = ORIENTED_EDGE ( 'NONE', *, *, #2121, .F. ) ;
#641 = PRESENTATION_LAYER_ASSIGNMENT (  '', '', ( #4190 ) ) ;
#642 = MECHANICAL_DESIGN_GEOMETRIC_PRESENTATION_REPRESENTATION (  '', ( #4308 ), #1557 ) ;
#643 = ORIENTED_EDGE ( 'NONE', *, *, #1671, .T. ) ;
#644 = CARTESIAN_POINT ( 'NONE',  ( 0.4015377163306956820, 0.1199407980905053822, 0.5000000000000000000 ) ) ;
#645 =( LENGTH_UNIT ( ) NAMED_UNIT ( * ) SI_UNIT ( .MILLI., .METRE. ) );
#646 = DIRECTION ( 'NONE',  ( -0.0000000000000000000, 1.000000000000000000, 0.0000000000000000000 ) ) ;
#647 =( LENGTH_UNIT ( ) NAMED_UNIT ( * ) SI_UNIT ( .MILLI., .METRE. ) );
#648 =( LENGTH_UNIT ( ) NAMED_UNIT ( * ) SI_UNIT ( .MILLI., .METRE. ) );
#649 = ORIENTED_EDGE ( 'NONE', *, *, #2005, .F. ) ;
#650 = COLOUR_RGB ( '',0.8274509803921568096, 0.6666666666666666297, 0.1254901960784313708 ) ;
#651 = ORIENTED_EDGE ( 'NONE', *, *, #702, .F. ) ;
#652 = VECTOR ( 'NONE', #4322, 1000.000000000000000 ) ;
#654 = EDGE_CURVE ( 'NONE', #2007, #5316, #2023, .T. ) ;
#653 = CARTESIAN_POINT ( 'NONE',  ( 0.3972620349942652673, 0.02499999999999999445, 0.2899999999999999800 ) ) ;
#655 = FILL_AREA_STYLE_COLOUR ( '', #1435 ) ;
#656 = SURFACE_STYLE_FILL_AREA ( #4950 ) ;
#657 = EDGE_LOOP ( 'NONE', ( #5795, #6897, #4623, #2475, #2414, #2631, #4320, #1481 ) ) ;
#658 = DIRECTION ( 'NONE',  ( -0.0000000000000000000, -1.000000000000000000, -0.0000000000000000000 ) ) ;
#659 = DIRECTION ( 'NONE',  ( 1.000000000000000000, 0.0000000000000000000, 0.0000000000000000000 ) ) ;
#660 = VECTOR ( 'NONE', #344, 1000.000000000000000 ) ;
#661 = SURFACE_STYLE_USAGE ( .BOTH. , #61 ) ;
#662 = COLOUR_RGB ( '',0.8274509803921568096, 0.6666666666666666297, 0.1254901960784313708 ) ;
#663 = DIRECTION ( 'NONE',  ( -1.000000000000000000, -3.053757688596834341E-16, 0.0000000000000000000 ) ) ;
#664 = DIRECTION ( 'NONE',  ( 0.0000000000000000000, 0.0000000000000000000, 1.000000000000000000 ) ) ;
#665 = SURFACE_SIDE_STYLE ('',( #6834 ) ) ;
#666 = ORIENTED_EDGE ( 'NONE', *, *, #1858, .F. ) ;
#667 = EDGE_CURVE ( 'NONE', #1951, #2595, #3044, .T. ) ;
#668 = CARTESIAN_POINT ( 'NONE',  ( 0.3972620350065750316, 2.475000000000170175, 0.2899999999999999800 ) ) ;
#669 = STYLED_ITEM ( 'NONE', ( #6907 ), #3341 ) ;
#670 = MECHANICAL_DESIGN_GEOMETRIC_PRESENTATION_REPRESENTATION (  '', ( #6855 ), #562 ) ;
#671 = CARTESIAN_POINT ( 'NONE',  ( 2.802737965005745124, 0.02500000000000002220, 0.2899999999999999800 ) ) ;
#672 = FACE_OUTER_BOUND ( 'NONE', #1299, .T. ) ;
#673 = ORIENTED_EDGE ( 'NONE', *, *, #2212, .F. ) ;
#674 = DIRECTION ( 'NONE',  ( -1.000000000000000000, 0.0000000000000000000, 0.0000000000000000000 ) ) ;
#675 = CARTESIAN_POINT ( 'NONE',  ( 0.3000000000000004885, 2.500000000000000000, 0.1700000000000000122 ) ) ;
#676 = CARTESIAN_POINT ( 'NONE',  ( 3.100009241445716324, 1.580047681430130968, 0.1700000000000000122 ) ) ;
#677 =( NAMED_UNIT ( * ) SI_UNIT ( $, .STERADIAN. ) SOLID_ANGLE_UNIT ( ) );
#678 = SURFACE_SIDE_STYLE ('',( #1755 ) ) ;
#679 =( NAMED_UNIT ( * ) SI_UNIT ( $, .STERADIAN. ) SOLID_ANGLE_UNIT ( ) );
#680 = ORIENTED_EDGE ( 'NONE', *, *, #6501, .T. ) ;
#681 =( GEOMETRIC_REPRESENTATION_CONTEXT ( 3 ) GLOBAL_UNCERTAINTY_ASSIGNED_CONTEXT ( ( #4565 ) ) GLOBAL_UNIT_ASSIGNED_CONTEXT ( ( #4992, #5533, #5990 ) ) REPRESENTATION_CONTEXT ( 'NONE', 'WORKASPACE' ) );
#682 = VERTEX_POINT ( 'NONE', #1985 ) ;
#683 = UNCERTAINTY_MEASURE_WITH_UNIT (LENGTH_MEASURE( 1.000000000000000082E-05 ), #6221, 'distance_accuracy_value', 'NONE');
#684 = CARTESIAN_POINT ( 'NONE',  ( 2.779937501871236449, 2.500000000000000000, 0.1700000000000000122 ) ) ;
#685 = EDGE_CURVE ( 'NONE', #237, #3910, #3513, .T. ) ;
#686 =( NAMED_UNIT ( * ) PLANE_ANGLE_UNIT ( ) SI_UNIT ( $, .RADIAN. ) );
#687 = CARTESIAN_POINT ( 'NONE',  ( 3.100000000000000533, 2.100000000000000089, 0.4800000000000000933 ) ) ;
#688 = VECTOR ( 'NONE', #574, 1000.000000000000000 ) ;
#689 = EDGE_LOOP ( 'NONE', ( #5604, #5248, #4325, #4788 ) ) ;
#690 = VERTEX_POINT ( 'NONE', #5846 ) ;
#691 = UNCERTAINTY_MEASURE_WITH_UNIT (LENGTH_MEASURE( 1.000000000000000082E-05 ), #1611, 'distance_accuracy_value', 'NONE');
#692 = VECTOR ( 'NONE', #2768, 1000.000000000000000 ) ;
#693 = CARTESIAN_POINT ( 'NONE',  ( 0.4000000000000000777, 0.1299999999999999767, 0.5000000000000000000 ) ) ;
#694 = ADVANCED_FACE ( 'NONE', ( #3588, #5213 ), #950, .F. ) ;
#695 = DIRECTION ( 'NONE',  ( 0.0000000000000000000, 1.000000000000000000, 0.0000000000000000000 ) ) ;
#696 = FILL_AREA_STYLE ('',( #5645 ) ) ;
#697 = ORIENTED_EDGE ( 'NONE', *, *, #4912, .T. ) ;
#698 = DIRECTION ( 'NONE',  ( -1.000000000000000000, 0.0000000000000000000, 0.0000000000000000000 ) ) ;
#699 = DIRECTION ( 'NONE',  ( -1.000000000000000000, -3.552713678800500929E-15, 0.0000000000000000000 ) ) ;
#700 = CARTESIAN_POINT ( 'NONE',  ( 2.970675504145158019, 2.197680387237268551, 0.6000000000000001998 ) ) ;
#701 = CARTESIAN_POINT ( 'NONE',  ( 2.812873157419602421, 0.1210520794890763280, 0.5000000000000000000 ) ) ;
#702 = EDGE_CURVE ( 'NONE', #6233, #3934, #5355, .T. ) ;
#703 = ORIENTED_EDGE ( 'NONE', *, *, #4535, .T. ) ;
#704 = DIRECTION ( 'NONE',  ( -0.0000000000000000000, 0.0000000000000000000, -1.000000000000000000 ) ) ;
#705 = VERTEX_POINT ( 'NONE', #6416 ) ;
#706 =( GEOMETRIC_REPRESENTATION_CONTEXT ( 3 ) GLOBAL_UNCERTAINTY_ASSIGNED_CONTEXT ( ( #3763 ) ) GLOBAL_UNIT_ASSIGNED_CONTEXT ( ( #63, #2883, #4385 ) ) REPRESENTATION_CONTEXT ( 'NONE', 'WORKASPACE' ) );
#707 = SURFACE_SIDE_STYLE ('',( #2863 ) ) ;
#708 = FILL_AREA_STYLE ('',( #5622 ) ) ;
#709 =( GEOMETRIC_REPRESENTATION_CONTEXT ( 3 ) GLOBAL_UNCERTAINTY_ASSIGNED_CONTEXT ( ( #1123 ) ) GLOBAL_UNIT_ASSIGNED_CONTEXT ( ( #6614, #3406, #4414 ) ) REPRESENTATION_CONTEXT ( 'NONE', 'WORKASPACE' ) );
#710 = CARTESIAN_POINT ( 'NONE',  ( 0.4200624981287628956, 0.0000000000000000000, 0.1700000000000000122 ) ) ;
#711 = CARTESIAN_POINT ( 'NONE',  ( 0.3871268425804011426, 2.378947920510922742, 0.4999999999999998890 ) ) ;
#712 = ORIENTED_EDGE ( 'NONE', *, *, #6721, .T. ) ;
#713 = ORIENTED_EDGE ( 'NONE', *, *, #6054, .F. ) ;
#714 = LINE ( 'NONE', #5562, #2794 ) ;
#715 = VECTOR ( 'NONE', #5593, 1000.000000000000000 ) ;
#716 = SURFACE_STYLE_FILL_AREA ( #4530 ) ;
#717 = B_SPLINE_CURVE_WITH_KNOTS ( 'NONE', 3,
 ( #6040, #6629, #3415, #5580, #1141, #1242 ),
 .UNSPECIFIED., .F., .F.,
 ( 4, 2, 4 ),
 ( 0.0000000000000000000, 0.5000000000000000000, 1.000000000000000000 ),
 .UNSPECIFIED. ) ;
#718 = CARTESIAN_POINT ( 'NONE',  ( 0.1000000000000000056, 1.476666666666667238, 0.4800000000000000933 ) ) ;
#719 = CIRCLE ( 'NONE', #4840, 0.2500000000000007772 ) ;
#720 = VERTEX_POINT ( 'NONE', #3196 ) ;
#721 = VERTEX_POINT ( 'NONE', #3256 ) ;
#722 = FILL_AREA_STYLE ('',( #4574 ) ) ;
#723 = SURFACE_SIDE_STYLE ('',( #5678 ) ) ;
#724 = MECHANICAL_DESIGN_GEOMETRIC_PRESENTATION_REPRESENTATION (  '', ( #3013 ), #977 ) ;
#725 =( NAMED_UNIT ( * ) PLANE_ANGLE_UNIT ( ) SI_UNIT ( $, .RADIAN. ) );
#726 = MECHANICAL_DESIGN_GEOMETRIC_PRESENTATION_REPRESENTATION (  '', ( #4843 ), #3817 ) ;
#727 = DIRECTION ( 'NONE',  ( -2.710505431213753985E-15, 1.000000000000000000, 0.0000000000000000000 ) ) ;
#728 = SURFACE_STYLE_USAGE ( .BOTH. , #2399 ) ;
#729 =( LENGTH_UNIT ( ) NAMED_UNIT ( * ) SI_UNIT ( .MILLI., .METRE. ) );
#730 = DIRECTION ( 'NONE',  ( 0.0000000000000000000, 0.0000000000000000000, 1.000000000000000000 ) ) ;
#731 = SURFACE_SIDE_STYLE ('',( #2885 ) ) ;
#732 = ORIENTED_EDGE ( 'NONE', *, *, #3011, .T. ) ;
#733 = CARTESIAN_POINT ( 'NONE',  ( 2.994426580903603696, 2.288180748514550888, 0.5000030481415291828 ) ) ;
#734 = PRESENTATION_STYLE_ASSIGNMENT (( #5079 ) ) ;
#735 = EDGE_CURVE ( 'NONE', #3271, #5297, #5941, .T. ) ;
#736 = MECHANICAL_DESIGN_GEOMETRIC_PRESENTATION_REPRESENTATION (  '', ( #5216 ), #55 ) ;
#737 = FILL_AREA_STYLE_COLOUR ( '', #5597 ) ;
#738 = CARTESIAN_POINT ( 'NONE',  ( 2.800000000000000266, 2.290000000000000036, 0.5400000000000001465 ) ) ;
#739 = CARTESIAN_POINT ( 'NONE',  ( 2.961919769664047131, 0.1509749249621630540, 0.4800000000000001488 ) ) ;
#740 = AXIS2_PLACEMENT_3D ( 'NONE', #1136, #3780, #64 ) ;
#741 = VECTOR ( 'NONE', #5098, 1000.000000000000000 ) ;
#742 = CARTESIAN_POINT ( 'NONE',  ( 0.1677887373467344401, 0.2495506891988448772, 0.5000000000000002220 ) ) ;
#743 = SURFACE_SIDE_STYLE ('',( #290 ) ) ;
#744 = CARTESIAN_POINT ( 'NONE',  ( 3.200000000000000622, 2.500000000000000444, 0.2899999999999999800 ) ) ;
#745 = CARTESIAN_POINT ( 'NONE',  ( 0.1299999999999999767, 2.100000000000000089, 0.5200000000000000178 ) ) ;
#746 = COLOUR_RGB ( '',0.8274509803921568096, 0.6666666666666666297, 0.1254901960784313708 ) ;
#747 = AXIS2_PLACEMENT_3D ( 'NONE', #2090, #463, #3784 ) ;
#748 = STYLED_ITEM ( 'NONE', ( #402 ), #6345 ) ;
#749 = CARTESIAN_POINT ( 'NONE',  ( 0.3022475213185060183, 2.361138289910919230, 0.4999999999999996669 ) ) ;
#750 = VERTEX_POINT ( 'NONE', #5455 ) ;
#751 = ORIENTED_EDGE ( 'NONE', *, *, #1671, .F. ) ;
#752 = VERTEX_POINT ( 'NONE', #1578 ) ;
#753 = UNCERTAINTY_MEASURE_WITH_UNIT (LENGTH_MEASURE( 1.000000000000000082E-05 ), #5246, 'distance_accuracy_value', 'NONE');
#754 = VECTOR ( 'NONE', #3648, 1000.000000000000000 ) ;
#755 = AXIS2_PLACEMENT_3D ( 'NONE', #5610, #1280, #699 ) ;
#756 = EDGE_CURVE ( 'NONE', #6840, #5998, #2129, .T. ) ;
#757 = FILL_AREA_STYLE_COLOUR ( '', #4527 ) ;
#758 = CARTESIAN_POINT ( 'NONE',  ( 2.080276409533067916, -1.626303258728256651E-16, 0.0000000000000000000 ) ) ;
#759 =( GEOMETRIC_REPRESENTATION_CONTEXT ( 3 ) GLOBAL_UNCERTAINTY_ASSIGNED_CONTEXT ( ( #3547 ) ) GLOBAL_UNIT_ASSIGNED_CONTEXT ( ( #1738, #4612, #3097 ) ) REPRESENTATION_CONTEXT ( 'NONE', 'WORKASPACE' ) );
#760 = ADVANCED_BREP_SHAPE_REPRESENTATION ( 'AEBF4537-8FF1-405F-A4BA-1C045A6CD29C', ( #1348, #6053, #3570, #6018, #1195, #1274, #2969 ), #681 ) ;
#761 = SURFACE_SIDE_STYLE ('',( #2912 ) ) ;
#762 = DIRECTION ( 'NONE',  ( -1.000000000000000000, -0.0000000000000000000, 0.0000000000000000000 ) ) ;
#763 = ORIENTED_EDGE ( 'NONE', *, *, #3767, .T. ) ;
#764 = UNCERTAINTY_MEASURE_WITH_UNIT (LENGTH_MEASURE( 1.000000000000000082E-05 ), #3074, 'distance_accuracy_value', 'NONE');
#765 = SURFACE_STYLE_FILL_AREA ( #1194 ) ;
#766 = AXIS2_PLACEMENT_3D ( 'NONE', #2599, #3524, #5821 ) ;
#767 = DIRECTION ( 'NONE',  ( 0.0000000000000000000, 0.0000000000000000000, 1.000000000000000000 ) ) ;
#768 =( NAMED_UNIT ( * ) SI_UNIT ( $, .STERADIAN. ) SOLID_ANGLE_UNIT ( ) );
#769 = SURFACE_SIDE_STYLE ('',( #2507 ) ) ;
#770 = DIRECTION ( 'NONE',  ( 0.0000000000000000000, 0.0000000000000000000, 1.000000000000000000 ) ) ;
#771 = LINE ( 'NONE', #2920, #4699 ) ;
#772 = ORIENTED_EDGE ( 'NONE', *, *, #3240, .T. ) ;
#773 = COLOUR_RGB ( '',0.8274509803921568096, 0.6666666666666666297, 0.1294117647058823373 ) ;
#774 = PRESENTATION_LAYER_ASSIGNMENT (  '', '', ( #6623 ) ) ;
#775 = STYLED_ITEM ( 'NONE', ( #222 ), #2037 ) ;
#776 = CARTESIAN_POINT ( 'NONE',  ( 0.3846473386338429279, 2.398816093618959755, 0.4800000000000000933 ) ) ;
#777 =( NAMED_UNIT ( * ) SI_UNIT ( $, .STERADIAN. ) SOLID_ANGLE_UNIT ( ) );
#778 = LINE ( 'NONE', #3495, #7070 ) ;
#779 = EDGE_CURVE ( 'NONE', #2385, #3070, #4902, .T. ) ;
#780 = ORIENTED_EDGE ( 'NONE', *, *, #281, .T. ) ;
#781 = PRESENTATION_LAYER_ASSIGNMENT (  '', '', ( #2282 ) ) ;
#782 = CARTESIAN_POINT ( 'NONE',  ( 2.830621172420408449, 0.1034572577486086858, 0.4800000000000001488 ) ) ;
#783 =( GEOMETRIC_REPRESENTATION_CONTEXT ( 3 ) GLOBAL_UNCERTAINTY_ASSIGNED_CONTEXT ( ( #4910 ) ) GLOBAL_UNIT_ASSIGNED_CONTEXT ( ( #4181, #4818, #3102 ) ) REPRESENTATION_CONTEXT ( 'NONE', 'WORKASPACE' ) );
#784 = CARTESIAN_POINT ( 'NONE',  ( 2.800000000000000266, 2.350000000000000089, 0.5200000000000000178 ) ) ;
#785 =( NAMED_UNIT ( * ) PLANE_ANGLE_UNIT ( ) SI_UNIT ( $, .RADIAN. ) );
#786 = VECTOR ( 'NONE', #350, 1000.000000000000000 ) ;
#787 = PLANE ( 'NONE',  #4794 ) ;
#788 = CARTESIAN_POINT ( 'NONE',  ( 0.0000000000000000000, 2.079959576973092972, 0.1700000000000000122 ) ) ;
#789 =( GEOMETRIC_REPRESENTATION_CONTEXT ( 3 ) GLOBAL_UNCERTAINTY_ASSIGNED_CONTEXT ( ( #3129 ) ) GLOBAL_UNIT_ASSIGNED_CONTEXT ( ( #3288, #3716, #1 ) ) REPRESENTATION_CONTEXT ( 'NONE', 'WORKASPACE' ) );
#790 =( NAMED_UNIT ( * ) SI_UNIT ( $, .STERADIAN. ) SOLID_ANGLE_UNIT ( ) );
#791 = SURFACE_STYLE_FILL_AREA ( #1828 ) ;
#792 = EDGE_CURVE ( 'NONE', #3463, #2230, #917, .T. ) ;
#793 = ORIENTED_EDGE ( 'NONE', *, *, #2351, .T. ) ;
#794 = CARTESIAN_POINT ( 'NONE',  ( 3.058702067636009048, 2.099999999999999645, 0.4995501335457741554 ) ) ;
#795 = ORIENTED_EDGE ( 'NONE', *, *, #3123, .F. ) ;
#796 = VERTEX_POINT ( 'NONE', #2196 ) ;
#797 = VECTOR ( 'NONE', #6151, 1000.000000000000000 ) ;
#798 = DIRECTION ( 'NONE',  ( -1.000000000000000000, 0.0000000000000000000, 0.0000000000000000000 ) ) ;
#799 = PRESENTATION_STYLE_ASSIGNMENT (( #2943 ) ) ;
#800 = FILL_AREA_STYLE_COLOUR ( '', #2367 ) ;
#801 = ADVANCED_FACE ( 'NONE', ( #1643 ), #469, .T. ) ;
#802 = ORIENTED_EDGE ( 'NONE', *, *, #4062, .T. ) ;
#803 = ADVANCED_FACE ( 'NONE', ( #6453 ), #5490, .F. ) ;
#804 = ORIENTED_EDGE ( 'NONE', *, *, #4173, .T. ) ;
#805 = CARTESIAN_POINT ( 'NONE',  ( 0.03000000000000037706, 2.469999999999999751, 0.1700000000000000122 ) ) ;
#806 = CARTESIAN_POINT ( 'NONE',  ( 2.080276409533067916, 0.9199523185698690320, 0.1700000000000000122 ) ) ;
#807 = CARTESIAN_POINT ( 'NONE',  ( 3.100009241445716324, 0.4200404230269066952, 0.0000000000000000000 ) ) ;
#808 = SURFACE_STYLE_USAGE ( .BOTH. , #769 ) ;
#809 = FILL_AREA_STYLE ('',( #5114 ) ) ;
#810 = DIRECTION ( 'NONE',  ( 0.0000000000000000000, 1.000000000000000000, 0.0000000000000000000 ) ) ;
#811 = EDGE_CURVE ( 'NONE', #4594, #3824, #6050, .T. ) ;
#812 = FILL_AREA_STYLE ('',( #6252 ) ) ;
#813 = ORIENTED_EDGE ( 'NONE', *, *, #6621, .T. ) ;
#814 =( GEOMETRIC_REPRESENTATION_CONTEXT ( 3 ) GLOBAL_UNCERTAINTY_ASSIGNED_CONTEXT ( ( #2349 ) ) GLOBAL_UNIT_ASSIGNED_CONTEXT ( ( #6975, #1743, #1283 ) ) REPRESENTATION_CONTEXT ( 'NONE', 'WORKASPACE' ) );
#815 = SURFACE_STYLE_FILL_AREA ( #247 ) ;
#816 = VECTOR ( 'NONE', #5606, 1000.000000000000000 ) ;
#817 = FACE_OUTER_BOUND ( 'NONE', #867, .T. ) ;
#818 = VERTEX_POINT ( 'NONE', #4512 ) ;
#819 = CARTESIAN_POINT ( 'NONE',  ( 3.100009241445716324, 1.580047681430130968, 0.1700000000000000122 ) ) ;
#820 = CARTESIAN_POINT ( 'NONE',  ( 0.3999999999999999667, 0.09999999999999993616, 0.4999999999999997780 ) ) ;
#821 = COLOUR_RGB ( '',0.6470588235294117974, 0.6196078431372549211, 0.5843137254901961120 ) ;
#822 = CARTESIAN_POINT ( 'NONE',  ( 3.175000000000043787, 2.102737965002539067, 0.2899999999999999800 ) ) ;
#823 = CARTESIAN_POINT ( 'NONE',  ( 2.779937501871236893, 0.09986109713243988828, 0.1700000000000000122 ) ) ;
#824 = LINE ( 'NONE', #1508, #2678 ) ;
#825 = FILL_AREA_STYLE_COLOUR ( '', #4303 ) ;
#826 = ORIENTED_EDGE ( 'NONE', *, *, #4580, .F. ) ;
#827 = FACE_OUTER_BOUND ( 'NONE', #5408, .T. ) ;
#828 = AXIS2_PLACEMENT_3D ( 'NONE', #1199, #3385, #2361 ) ;
#829 = EDGE_LOOP ( 'NONE', ( #1731, #6969, #598, #6307 ) ) ;
#830 = ORIENTED_EDGE ( 'NONE', *, *, #5047, .T. ) ;
#831 = UNCERTAINTY_MEASURE_WITH_UNIT (LENGTH_MEASURE( 1.000000000000000082E-05 ), #3738, 'distance_accuracy_value', 'NONE');
#832 = CARTESIAN_POINT ( 'NONE',  ( 0.09999075855428361803, 2.079959576973092972, 0.1700000000000000122 ) ) ;
#833 = EDGE_CURVE ( 'NONE', #5698, #4424, #6664, .T. ) ;
#834 = CARTESIAN_POINT ( 'NONE',  ( 0.1292294819680875895, 0.2413863028276952427, 0.5000148479624872966 ) ) ;
#835 = AXIS2_PLACEMENT_3D ( 'NONE', #214, #770, #5188 ) ;
#836 =( NAMED_UNIT ( * ) PLANE_ANGLE_UNIT ( ) SI_UNIT ( $, .RADIAN. ) );
#837 = DIRECTION ( 'NONE',  ( 1.000000000000000000, -0.0000000000000000000, 0.0000000000000000000 ) ) ;
#838 = DIRECTION ( 'NONE',  ( -1.000000000000000000, 0.0000000000000000000, -0.0000000000000000000 ) ) ;
#839 = SURFACE_STYLE_USAGE ( .BOTH. , #372 ) ;
#840 = ORIENTED_EDGE ( 'NONE', *, *, #3806, .F. ) ;
#841 = UNCERTAINTY_MEASURE_WITH_UNIT (LENGTH_MEASURE( 1.000000000000000082E-05 ), #5422, 'distance_accuracy_value', 'NONE');
#842 = CARTESIAN_POINT ( 'NONE',  ( 3.100009241445716324, 1.580047681430130968, 0.1700000000000000122 ) ) ;
#843 = CARTESIAN_POINT ( 'NONE',  ( 1.119723590466932039, 1.580047681430130968, 0.0000000000000000000 ) ) ;
#844 = SURFACE_SIDE_STYLE ('',( #6934 ) ) ;
#845 = SURFACE_STYLE_FILL_AREA ( #4104 ) ;
#846 =( NAMED_UNIT ( * ) PLANE_ANGLE_UNIT ( ) SI_UNIT ( $, .RADIAN. ) );
#847 = DIRECTION ( 'NONE',  ( -1.000000000000000000, -0.0000000000000000000, 0.0000000000000000000 ) ) ;
#848 = SURFACE_STYLE_FILL_AREA ( #3060 ) ;
#849 = EDGE_LOOP ( 'NONE', ( #298, #229, #4960, #5279, #4765, #484 ) ) ;
#850 = VECTOR ( 'NONE', #943, 1000.000000000000000 ) ;
#851 = FACE_OUTER_BOUND ( 'NONE', #4770, .T. ) ;
#852 = DIRECTION ( 'NONE',  ( 0.0000000000000000000, 0.0000000000000000000, 1.000000000000000000 ) ) ;
#853 = SURFACE_STYLE_USAGE ( .BOTH. , #5684 ) ;
#854 = CARTESIAN_POINT ( 'NONE',  ( 3.100009241445716324, 1.580047681430130968, 0.1700000000000000122 ) ) ;
#855 = VERTEX_POINT ( 'NONE', #1250 ) ;
#856 = ORIENTED_EDGE ( 'NONE', *, *, #2189, .T. ) ;
#857 =( BOUNDED_SURFACE ( )  B_SPLINE_SURFACE ( 2, 3, ( 
 ( #2246, #1692, #4990, #1127, #1765, #555, #6065, #2877 ),
 ( #4531, #4917, #21, #623, #2214, #6580, #1165, #3344 ),
 ( #97, #4452, #3594, #718, #5177, #267, #1922, #5104 ) ),
 .UNSPECIFIED., .F., .F., .F. ) 
 B_SPLINE_SURFACE_WITH_KNOTS ( ( 3, 3 ),
 ( 4, 2, 2, 4 ),
 ( 0.0000000000000000000, 1.000000000000000000 ),
 ( -0.001700000000000000339, -0.001530000000000000327, -0.0001700000000000000393, -0.0000000000000000000 ),
 .UNSPECIFIED. ) 
 GEOMETRIC_REPRESENTATION_ITEM ( )  RATIONAL_B_SPLINE_SURFACE ( (
 ( 1.000000000000000000, 1.000000000000000000, 1.000000000000000000, 1.000000000000000000, 1.000000000000000000, 1.000000000000000000, 1.000000000000000000, 1.000000000000000000),
 ( 0.6336872742246432155, 0.6336394661671619355, 0.6338129566714569840, 0.6493837805612477920, 0.6493837805602641344, 0.6338129566715787755, 0.6336394661670691208, 0.6336872742246447698),
 ( 1.000000000000000000, 1.000000000000000000, 1.000000000000000000, 1.000000000000000000, 1.000000000000000000, 1.000000000000000000, 1.000000000000000000, 1.000000000000000000) ) ) 
 REPRESENTATION_ITEM ( '' )  SURFACE ( )  );
#858 = SURFACE_STYLE_USAGE ( .BOTH. , #5800 ) ;
#859 = CARTESIAN_POINT ( 'NONE',  ( 0.1509749249621583078, 0.2380802303359582095, 0.4800000000000000933 ) ) ;
#860 = FACE_OUTER_BOUND ( 'NONE', #7021, .T. ) ;
#861 = SURFACE_STYLE_FILL_AREA ( #4078 ) ;
#862 = CARTESIAN_POINT ( 'NONE',  ( 3.131371325227919389, 0.4033698769564197373, 0.2899999999999999800 ) ) ;
#863 = SURFACE_SIDE_STYLE ('',( #5762 ) ) ;
#864 = CARTESIAN_POINT ( 'NONE',  ( 0.2380802303359540739, 2.349025075037836530, 0.4800000000000000933 ) ) ;
#865 = ORIENTED_EDGE ( 'NONE', *, *, #1896, .F. ) ;
#866 = AXIS2_PLACEMENT_3D ( 'NONE', #540, #1020, #5387 ) ;
#867 = EDGE_LOOP ( 'NONE', ( #2970, #7, #3586, #3779, #5442, #522 ) ) ;
#868 = ORIENTED_EDGE ( 'NONE', *, *, #6994, .T. ) ;
#869 = VECTOR ( 'NONE', #4504, 1000.000000000000000 ) ;
#870 = FILL_AREA_STYLE ('',( #4049 ) ) ;
#871 = VECTOR ( 'NONE', #762, 1000.000000000000000 ) ;
#872 = CARTESIAN_POINT ( 'NONE',  ( 0.2484551905618539724, 2.358703171845482949, 0.4995489630239926537 ) ) ;
#873 = CARTESIAN_POINT ( 'NONE',  ( 0.02999999999999994338, 0.0000000000000000000, 0.1700000000000000122 ) ) ;
#874 = CARTESIAN_POINT ( 'NONE',  ( 2.080276409533067916, 0.09986109713243987440, 0.1700000000000000122 ) ) ;
#875 = ORIENTED_EDGE ( 'NONE', *, *, #1809, .T. ) ;
#876 = EDGE_CURVE ( 'NONE', #3511, #6756, #2580, .T. ) ;
#877 = SURFACE_STYLE_USAGE ( .BOTH. , #5774 ) ;
#878 =( GEOMETRIC_REPRESENTATION_CONTEXT ( 3 ) GLOBAL_UNCERTAINTY_ASSIGNED_CONTEXT ( ( #2771 ) ) GLOBAL_UNIT_ASSIGNED_CONTEXT ( ( #421, #935, #1528 ) ) REPRESENTATION_CONTEXT ( 'NONE', 'WORKASPACE' ) );
#879 = VERTEX_POINT ( 'NONE', #3393 ) ;
#880 = VECTOR ( 'NONE', #273, 1000.000000000000000 ) ;
#881 = VECTOR ( 'NONE', #2550, 1000.000000000000000 ) ;
#882 = CARTESIAN_POINT ( 'NONE',  ( 2.899999999999999911, 2.469999999999999751, 0.1700000000000000122 ) ) ;
#883 = CARTESIAN_POINT ( 'NONE',  ( 3.100009241445716324, 0.02999999999999997113, 0.1700000000000000122 ) ) ;
#884 =( GEOMETRIC_REPRESENTATION_CONTEXT ( 3 ) GLOBAL_UNCERTAINTY_ASSIGNED_CONTEXT ( ( #5212 ) ) GLOBAL_UNIT_ASSIGNED_CONTEXT ( ( #6547, #6108, #5156 ) ) REPRESENTATION_CONTEXT ( 'NONE', 'WORKASPACE' ) );
#885 = CARTESIAN_POINT ( 'NONE',  ( 3.070000000000000284, 2.100000000000000089, 0.5000000000000000000 ) ) ;
#886 =( NAMED_UNIT ( * ) PLANE_ANGLE_UNIT ( ) SI_UNIT ( $, .RADIAN. ) );
#887 = LINE ( 'NONE', #1419, #6200 ) ;
#888 =( NAMED_UNIT ( * ) PLANE_ANGLE_UNIT ( ) SI_UNIT ( $, .RADIAN. ) );
#889 =( GEOMETRIC_REPRESENTATION_CONTEXT ( 3 ) GLOBAL_UNCERTAINTY_ASSIGNED_CONTEXT ( ( #5378 ) ) GLOBAL_UNIT_ASSIGNED_CONTEXT ( ( #2757, #482, #4252 ) ) REPRESENTATION_CONTEXT ( 'NONE', 'WORKASPACE' ) );
#890 = STYLED_ITEM ( 'NONE', ( #5322 ), #1659 ) ;
#891 = CARTESIAN_POINT ( 'NONE',  ( 2.799999999999999378, 2.100000000000000089, 0.5200000000000000178 ) ) ;
#892 =( LENGTH_UNIT ( ) NAMED_UNIT ( * ) SI_UNIT ( .MILLI., .METRE. ) );
#893 = CARTESIAN_POINT ( 'NONE',  ( 3.100009241445716324, 0.9199523185698690320, 0.0000000000000000000 ) ) ;
#894 = ORIENTED_EDGE ( 'NONE', *, *, #3971, .T. ) ;
#895 = ORIENTED_EDGE ( 'NONE', *, *, #1497, .F. ) ;
#896 = CARTESIAN_POINT ( 'NONE',  ( 0.2100000000000001033, 0.4000000000000009104, 0.6000000000000000888 ) ) ;
#897 = EDGE_CURVE ( 'NONE', #6312, #6142, #1209, .T. ) ;
#898 = COLOUR_RGB ( '',0.8274509803921568096, 0.6666666666666666297, 0.1294117647058823373 ) ;
#899 = PRESENTATION_LAYER_ASSIGNMENT (  '', '', ( #2054 ) ) ;
#900 = DIRECTION ( 'NONE',  ( 0.0000000000000000000, 1.000000000000000000, 0.0000000000000000000 ) ) ;
#901 = PRESENTATION_STYLE_ASSIGNMENT (( #5803 ) ) ;
#902 = SURFACE_SIDE_STYLE ('',( #6228 ) ) ;
#903 = CARTESIAN_POINT ( 'NONE',  ( 2.080276409533067916, 0.9199523185698690320, 0.1700000000000000122 ) ) ;
#904 = FILL_AREA_STYLE_COLOUR ( '', #2025 ) ;
#905 = MECHANICAL_DESIGN_GEOMETRIC_PRESENTATION_REPRESENTATION (  '', ( #5481 ), #3064 ) ;
#906 = ORIENTED_EDGE ( 'NONE', *, *, #5744, .F. ) ;
#907 = DIRECTION ( 'NONE',  ( -0.0000000000000000000, -0.0000000000000000000, -1.000000000000000000 ) ) ;
#908 = ORIENTED_EDGE ( 'NONE', *, *, #792, .F. ) ;
#909 = ORIENTED_EDGE ( 'NONE', *, *, #3942, .F. ) ;
#910 =( GEOMETRIC_REPRESENTATION_CONTEXT ( 3 ) GLOBAL_UNCERTAINTY_ASSIGNED_CONTEXT ( ( #5062 ) ) GLOBAL_UNIT_ASSIGNED_CONTEXT ( ( #5144, #6412, #304 ) ) REPRESENTATION_CONTEXT ( 'NONE', 'WORKASPACE' ) );
#911 = VECTOR ( 'NONE', #5303, 1000.000000000000000 ) ;
#912 = CARTESIAN_POINT ( 'NONE',  ( 3.200000000000000178, 0.2999999999999999889, 0.1700000000000000122 ) ) ;
#913 = CARTESIAN_POINT ( 'NONE',  ( 0.1101522168000799440, 0.2325212498551082196, 0.3210660171779821104 ) ) ;
#914 =( LENGTH_UNIT ( ) NAMED_UNIT ( * ) SI_UNIT ( .MILLI., .METRE. ) );
#915 = DIRECTION ( 'NONE',  ( -1.000000000000000000, 0.0000000000000000000, 0.0000000000000000000 ) ) ;
#916 = ORIENTED_EDGE ( 'NONE', *, *, #3122, .F. ) ;
#917 = B_SPLINE_CURVE_WITH_KNOTS ( 'NONE', 3,
 ( #2065, #3296, #4368, #8, #3828, #5877 ),
 .UNSPECIFIED., .F., .F.,
 ( 4, 2, 4 ),
 ( 0.0000000000000000000, 0.5000000000000000000, 1.000000000000000000 ),
 .UNSPECIFIED. ) ;
#918 = COLOUR_RGB ( '',0.6470588235294117974, 0.6196078431372549211, 0.5843137254901961120 ) ;
#919 = ORIENTED_EDGE ( 'NONE', *, *, #5240, .F. ) ;
#920 = AXIS2_PLACEMENT_3D ( 'NONE', #6697, #4506, #2892 ) ;
#921 = UNCERTAINTY_MEASURE_WITH_UNIT (LENGTH_MEASURE( 1.000000000000000082E-05 ), #1344, 'distance_accuracy_value', 'NONE');
#922 = FILL_AREA_STYLE_COLOUR ( '', #1346 ) ;
#923 = PRESENTATION_STYLE_ASSIGNMENT (( #2076 ) ) ;
#924 = SURFACE_STYLE_USAGE ( .BOTH. , #2040 ) ;
#925 = CARTESIAN_POINT ( 'NONE',  ( 0.1509749249621583078, 0.2380802303359582095, 0.4800000000000000933 ) ) ;
#926 = CARTESIAN_POINT ( 'NONE',  ( 1.920852291934954659, 0.1000000000000021844, 0.4999999999999821809 ) ) ;
#927 = ORIENTED_EDGE ( 'NONE', *, *, #5348, .F. ) ;
#928 = AXIS2_PLACEMENT_3D ( 'NONE', #4253, #4140, #6906 ) ;
#929 = DIRECTION ( 'NONE',  ( 0.0000000000000000000, 0.0000000000000000000, -1.000000000000000000 ) ) ;
#930 = CARTESIAN_POINT ( 'NONE',  ( 0.4000000000000001887, 0.09999999999999999167, 0.4800000000000000377 ) ) ;
#931 = EDGE_CURVE ( 'NONE', #5637, #7063, #4399, .T. ) ;
#932 = SURFACE_STYLE_FILL_AREA ( #3775 ) ;
#933 = SURFACE_STYLE_USAGE ( .BOTH. , #4323 ) ;
#934 = CARTESIAN_POINT ( 'NONE',  ( 1.119723590466932039, 0.9199523185698690320, 0.1700000000000000122 ) ) ;
#935 =( NAMED_UNIT ( * ) PLANE_ANGLE_UNIT ( ) SI_UNIT ( $, .RADIAN. ) );
#936 = VERTEX_POINT ( 'NONE', #4472 ) ;
#937 = VERTEX_POINT ( 'NONE', #6086 ) ;
#938 = CARTESIAN_POINT ( 'NONE',  ( 0.1748528137423854267, 2.231888168179569920, 0.6000000000000001998 ) ) ;
#939 = FILL_AREA_STYLE ('',( #6972 ) ) ;
#940 = PRESENTATION_LAYER_ASSIGNMENT (  '', '', ( #5507 ) ) ;
#941 = DIRECTION ( 'NONE',  ( 0.0000000000000000000, 1.000000000000000000, 0.0000000000000000000 ) ) ;
#942 = ADVANCED_FACE ( 'NONE', ( #1179 ), #7018, .T. ) ;
#943 = DIRECTION ( 'NONE',  ( 0.0000000000000000000, -0.0000000000000000000, -1.000000000000000000 ) ) ;
#944 = EDGE_CURVE ( 'NONE', #4763, #578, #2552, .T. ) ;
#945 = SURFACE_SIDE_STYLE ('',( #6301 ) ) ;
#946 = CARTESIAN_POINT ( 'NONE',  ( 0.1000000000000001305, 2.100000000000000089, 0.4800000000000000933 ) ) ;
#947 = VERTEX_POINT ( 'NONE', #5202 ) ;
#948 = ORIENTED_EDGE ( 'NONE', *, *, #1721, .T. ) ;
#949 =( GEOMETRIC_REPRESENTATION_CONTEXT ( 3 ) GLOBAL_UNCERTAINTY_ASSIGNED_CONTEXT ( ( #5918 ) ) GLOBAL_UNIT_ASSIGNED_CONTEXT ( ( #2910, #836, #3006 ) ) REPRESENTATION_CONTEXT ( 'NONE', 'WORKASPACE' ) );
#950 = PLANE ( 'NONE',  #6469 ) ;
#951 = CARTESIAN_POINT ( 'NONE',  ( 0.1500000000000000222, 0.4000000000000009659, 0.5079231107168267201 ) ) ;
#952 = CARTESIAN_POINT ( 'NONE',  ( 0.2325212498551169626, 0.1101522168000745594, 0.3649999999999999911 ) ) ;
#953 = EDGE_CURVE ( 'NONE', #1300, #1255, #322, .T. ) ;
#954 = CARTESIAN_POINT ( 'NONE',  ( 0.4000000000000002442, 2.358703171845483393, 0.4995489630239925982 ) ) ;
#955 = FACE_OUTER_BOUND ( 'NONE', #2162, .T. ) ;
#956 = DIRECTION ( 'NONE',  ( -1.000000000000000000, 2.126443591017727688E-16, 0.0000000000000000000 ) ) ;
#957 = VERTEX_POINT ( 'NONE', #2994 ) ;
#958 = ORIENTED_EDGE ( 'NONE', *, *, #1118, .F. ) ;
#959 = LINE ( 'NONE', #5853, #6806 ) ;
#960 = PLANE ( 'NONE',  #6904 ) ;
#961 = PLANE ( 'NONE',  #6180 ) ;
#962 = ORIENTED_EDGE ( 'NONE', *, *, #3490, .T. ) ;
#963 = CARTESIAN_POINT ( 'NONE',  ( 3.175224135144745219, 2.099299562873229608, 0.2899999999999999800 ) ) ;
#964 =( GEOMETRIC_REPRESENTATION_CONTEXT ( 3 ) GLOBAL_UNCERTAINTY_ASSIGNED_CONTEXT ( ( #4121 ) ) GLOBAL_UNIT_ASSIGNED_CONTEXT ( ( #4268, #2588, #1475 ) ) REPRESENTATION_CONTEXT ( 'NONE', 'WORKASPACE' ) );
#965 = DIRECTION ( 'NONE',  ( -0.0000000000000000000, -0.0000000000000000000, -1.000000000000000000 ) ) ;
#966 = CARTESIAN_POINT ( 'NONE',  ( 3.200000000000000178, 0.2000000000000000111, 0.1700000000000000122 ) ) ;
#967 = CARTESIAN_POINT ( 'NONE',  ( 3.079842557812610515, 0.2942209357623294386, 0.4800000000000000933 ) ) ;
#968 = VERTEX_POINT ( 'NONE', #784 ) ;
#969 = PRESENTATION_LAYER_ASSIGNMENT (  '', '', ( #5204 ) ) ;
#970 = LINE ( 'NONE', #896, #5112 ) ;
#971 = AXIS2_PLACEMENT_3D ( 'NONE', #5548, #5234, #1424 ) ;
#972 = EDGE_CURVE ( 'NONE', #6109, #4238, #6225, .T. ) ;
#973 = DIRECTION ( 'NONE',  ( 0.0000000000000000000, -1.000000000000000000, 0.0000000000000000000 ) ) ;
#974 = CARTESIAN_POINT ( 'NONE',  ( 0.09963729403821228181, 2.094742544035744558, 0.3210660171779820549 ) ) ;
#975 = DIRECTION ( 'NONE',  ( 1.000000000000000000, 0.0000000000000000000, -0.0000000000000000000 ) ) ;
#976 = ORIENTED_EDGE ( 'NONE', *, *, #50, .T. ) ;
#977 =( GEOMETRIC_REPRESENTATION_CONTEXT ( 3 ) GLOBAL_UNCERTAINTY_ASSIGNED_CONTEXT ( ( #6791 ) ) GLOBAL_UNIT_ASSIGNED_CONTEXT ( ( #4295, #390, #462 ) ) REPRESENTATION_CONTEXT ( 'NONE', 'WORKASPACE' ) );
#978 = CARTESIAN_POINT ( 'NONE',  ( 0.2100000000000000200, 0.4000000000000009104, 0.5400000000000001465 ) ) ;
#979 = SURFACE_STYLE_USAGE ( .BOTH. , #504 ) ;
#980 = SURFACE_STYLE_FILL_AREA ( #1056 ) ;
#981 = STYLED_ITEM ( 'NONE', ( #4876 ), #6665 ) ;
#982 = PRESENTATION_LAYER_ASSIGNMENT (  '', '', ( #632 ) ) ;
#983 =( NAMED_UNIT ( * ) PLANE_ANGLE_UNIT ( ) SI_UNIT ( $, .RADIAN. ) );
#984 =( LENGTH_UNIT ( ) NAMED_UNIT ( * ) SI_UNIT ( .MILLI., .METRE. ) );
#985 = ORIENTED_EDGE ( 'NONE', *, *, #6499, .T. ) ;
#986 = UNCERTAINTY_MEASURE_WITH_UNIT (LENGTH_MEASURE( 1.000000000000000082E-05 ), #3918, 'distance_accuracy_value', 'NONE');
#987 = CARTESIAN_POINT ( 'NONE',  ( 0.3999999999999881983, 0.1000000000000008382, 0.4999999999999997780 ) ) ;
#988 = ADVANCED_FACE ( 'NONE', ( #2480 ), #2522, .F. ) ;
#989 = VECTOR ( 'NONE', #5633, 1000.000000000000000 ) ;
#990 = PRESENTATION_LAYER_ASSIGNMENT (  '', '', ( #6936 ) ) ;
#991 = LINE ( 'NONE', #2139, #2875 ) ;
#992 = DIRECTION ( 'NONE',  ( 1.000000000000000000, 0.0000000000000000000, 0.0000000000000000000 ) ) ;
#993 = DIRECTION ( 'NONE',  ( -0.7184060015747271155, 0.6956240485358546888, 0.0000000000000000000 ) ) ;
#994 = AXIS2_PLACEMENT_3D ( 'NONE', #2560, #4602, #5178 ) ;
#995 = CARTESIAN_POINT ( 'NONE',  ( 1.119723590466932039, 0.9199523185698690320, 0.1700000000000000122 ) ) ;
#996 = SURFACE_STYLE_USAGE ( .BOTH. , #2082 ) ;
#997 = ORIENTED_EDGE ( 'NONE', *, *, #1338, .T. ) ;
#998 = LINE ( 'NONE', #3099, #3162 ) ;
#999 = VECTOR ( 'NONE', #6081, 1000.000000000000000 ) ;
#1000 = MECHANICAL_DESIGN_GEOMETRIC_PRESENTATION_REPRESENTATION (  '', ( #6715 ), #5903 ) ;
#1001 = CARTESIAN_POINT ( 'NONE',  ( 2.800000000000000266, 2.399999999999999911, 0.4800000000000000377 ) ) ;
#1002 = ORIENTED_EDGE ( 'NONE', *, *, #6621, .F. ) ;
#1003 = ORIENTED_EDGE ( 'NONE', *, *, #4285, .F. ) ;
#1004 = VECTOR ( 'NONE', #1486, 1000.000000000000000 ) ;
#1005 = CARTESIAN_POINT ( 'NONE',  ( 0.1499999999999995226, 2.100000000000000089, 0.5400000000000001465 ) ) ;
#1006 = LINE ( 'NONE', #1501, #3624 ) ;
#1007 = UNCERTAINTY_MEASURE_WITH_UNIT (LENGTH_MEASURE( 1.000000000000000082E-05 ), #4764, 'distance_accuracy_value', 'NONE');
#1008 = CARTESIAN_POINT ( 'NONE',  ( 0.0000000000000000000, 0.4200404230269066952, 0.0000000000000000000 ) ) ;
#1009 = COLOUR_RGB ( '',0.8274509803921568096, 0.6666666666666666297, 0.1294117647058823373 ) ;
#1010 = CARTESIAN_POINT ( 'NONE',  ( 3.049999999999999822, 2.246446609406725692, 0.5751471862576145178 ) ) ;
#1011 = DIRECTION ( 'NONE',  ( 0.0000000000000000000, 0.0000000000000000000, -1.000000000000000000 ) ) ;
#1012 = ADVANCED_FACE ( 'NONE', ( #3680 ), #3217, .F. ) ;
#1013 = CARTESIAN_POINT ( 'NONE',  ( 2.080276409533067916, 0.09986109713243988828, 0.1700000000000000122 ) ) ;
#1014 = LINE ( 'NONE', #2, #5652 ) ;
#1015 = DIRECTION ( 'NONE',  ( -1.000000000000000000, 0.0000000000000000000, 0.0000000000000000000 ) ) ;
#1016 = DIRECTION ( 'NONE',  ( -5.782411586589358822E-15, -1.000000000000000000, 5.782411586589358822E-15 ) ) ;
#1017 = VERTEX_POINT ( 'NONE', #1008 ) ;
#1018 = ORIENTED_EDGE ( 'NONE', *, *, #586, .F. ) ;
#1019 = COLOUR_RGB ( '',0.8274509803921568096, 0.6666666666666666297, 0.1294117647058823373 ) ;
#1020 = DIRECTION ( 'NONE',  ( 0.0000000000000000000, 0.0000000000000000000, 1.000000000000000000 ) ) ;
#1021 = DIRECTION ( 'NONE',  ( -1.000000000000000000, 0.0000000000000000000, 0.0000000000000000000 ) ) ;
#1022 = CARTESIAN_POINT ( 'NONE',  ( 0.02999999999999998848, 0.3000000000000000444, 0.1700000000000000122 ) ) ;
#1023 = EDGE_CURVE ( 'NONE', #2224, #4687, #3187, .T. ) ;
#1024 = MECHANICAL_DESIGN_GEOMETRIC_PRESENTATION_REPRESENTATION (  '', ( #1238 ), #6507 ) ;
#1025 =( GEOMETRIC_REPRESENTATION_CONTEXT ( 3 ) GLOBAL_UNCERTAINTY_ASSIGNED_CONTEXT ( ( #3400 ) ) GLOBAL_UNIT_ASSIGNED_CONTEXT ( ( #2272, #2341, #4936 ) ) REPRESENTATION_CONTEXT ( 'NONE', 'WORKASPACE' ) );
#1026 = CARTESIAN_POINT ( 'NONE',  ( 0.1499999999999999667, 2.100000000000000533, 0.5079226145318315178 ) ) ;
#1027 = CARTESIAN_POINT ( 'NONE',  ( 3.170000000000000373, 0.09986109713243988828, 0.1700000000000000122 ) ) ;
#1028 = STYLED_ITEM ( 'NONE', ( #2975 ), #3211 ) ;
#1029 =( GEOMETRIC_REPRESENTATION_CONTEXT ( 3 ) GLOBAL_UNCERTAINTY_ASSIGNED_CONTEXT ( ( #3970 ) ) GLOBAL_UNIT_ASSIGNED_CONTEXT ( ( #6531, #3200, #471 ) ) REPRESENTATION_CONTEXT ( 'NONE', 'WORKASPACE' ) );
#1030 =( NAMED_UNIT ( * ) PLANE_ANGLE_UNIT ( ) SI_UNIT ( $, .RADIAN. ) );
#1031 = EDGE_CURVE ( 'NONE', #415, #3934, #2113, .T. ) ;
#1032 = FACE_OUTER_BOUND ( 'NONE', #2676, .T. ) ;
#1033 = SHAPE_DEFINITION_REPRESENTATION ( #3159, #760 ) ;
#1034 = CARTESIAN_POINT ( 'NONE',  ( 2.800000000000000266, 0.1000000000000001582, 0.4800000000000000377 ) ) ;
#1035 = DIRECTION ( 'NONE',  ( 0.0000000000000000000, -1.000000000000000000, -0.0000000000000000000 ) ) ;
#1036 = LINE ( 'NONE', #5295, #6398 ) ;
#1037 = EDGE_CURVE ( 'NONE', #3910, #5950, #3943, .T. ) ;
#1038 = ORIENTED_EDGE ( 'NONE', *, *, #5186, .F. ) ;
#1039 = ORIENTED_EDGE ( 'NONE', *, *, #4783, .F. ) ;
#1040 = DIRECTION ( 'NONE',  ( 0.0000000000000000000, -1.000000000000000000, -0.0000000000000000000 ) ) ;
#1041 = DIRECTION ( 'NONE',  ( 0.0000000000000000000, 0.0000000000000000000, 1.000000000000000000 ) ) ;
#1042 = CARTESIAN_POINT ( 'NONE',  ( 0.1299999999999999767, 2.100000000000000089, 0.5000000000000000000 ) ) ;
#1043 =( NAMED_UNIT ( * ) SI_UNIT ( $, .STERADIAN. ) SOLID_ANGLE_UNIT ( ) );
#1044 =( LENGTH_UNIT ( ) NAMED_UNIT ( * ) SI_UNIT ( .MILLI., .METRE. ) );
#1045 =( NAMED_UNIT ( * ) SI_UNIT ( $, .STERADIAN. ) SOLID_ANGLE_UNIT ( ) );
#1046 = DIRECTION ( 'NONE',  ( -0.0000000000000000000, -0.0000000000000000000, 1.000000000000000000 ) ) ;
#1047 = LINE ( 'NONE', #3787, #4438 ) ;
#1048 = FACE_OUTER_BOUND ( 'NONE', #2123, .T. ) ;
#1049 = ORIENTED_EDGE ( 'NONE', *, *, #4248, .T. ) ;
#1050 = CARTESIAN_POINT ( 'NONE',  ( 2.798462283668249118, 2.380029600947326518, 0.4999999945468928675 ) ) ;
#1051 = ORIENTED_EDGE ( 'NONE', *, *, #4131, .F. ) ;
#1052 = COLOUR_RGB ( '',0.8274509803921568096, 0.6666666666666666297, 0.1294117647058823373 ) ;
#1053 = CARTESIAN_POINT ( 'NONE',  ( 0.03000000000000037706, 1.580047681430130968, 0.1700000000000000122 ) ) ;
#1054 = PRESENTATION_LAYER_ASSIGNMENT (  '', '', ( #4246 ) ) ;
#1055 = SURFACE_STYLE_FILL_AREA ( #5943 ) ;
#1056 = FILL_AREA_STYLE ('',( #5460 ) ) ;
#1057 = COLOUR_RGB ( '',0.01176470588235294101, 0.0000000000000000000, 0.05882352941176470507 ) ;
#1058 = FILL_AREA_STYLE ('',( #2029 ) ) ;
#1059 = CARTESIAN_POINT ( 'NONE',  ( 2.951031606492321213, 2.359913238209564224, 0.4800000000000000933 ) ) ;
#1060 = MECHANICAL_DESIGN_GEOMETRIC_PRESENTATION_REPRESENTATION (  '', ( #4255 ), #3098 ) ;
#1061 = ORIENTED_EDGE ( 'NONE', *, *, #4957, .T. ) ;
#1063 = EDGE_CURVE ( 'NONE', #937, #6194, #4754, .T. ) ;
#1062 = CARTESIAN_POINT ( 'NONE',  ( 0.1000000000000000749, 2.100000000000000089, 0.3649999999999999911 ) ) ;
#1064 = SURFACE_STYLE_USAGE ( .BOTH. , #4377 ) ;
#1065 = MECHANICAL_DESIGN_GEOMETRIC_PRESENTATION_REPRESENTATION (  '', ( #3900 ), #1977 ) ;
#1066 = CARTESIAN_POINT ( 'NONE',  ( 2.639999999999993907, 2.399999999999999911, 0.4800000000000000933 ) ) ;
#1067 = CARTESIAN_POINT ( 'NONE',  ( 0.1200314940270346409, 2.099997406540719425, 0.4999999876735851667 ) ) ;
#1068 = ORIENTED_EDGE ( 'NONE', *, *, #2088, .F. ) ;
#1069 =( GEOMETRIC_REPRESENTATION_CONTEXT ( 3 ) GLOBAL_UNCERTAINTY_ASSIGNED_CONTEXT ( ( #2205 ) ) GLOBAL_UNIT_ASSIGNED_CONTEXT ( ( #5155, #5226, #1351 ) ) REPRESENTATION_CONTEXT ( 'NONE', 'WORKASPACE' ) );
#1070 = PLANE ( 'NONE',  #1555 ) ;
#1071 = EDGE_CURVE ( 'NONE', #4522, #6617, #7038, .T. ) ;
#1072 = STYLED_ITEM ( 'NONE', ( #5291 ), #4598 ) ;
#1073 = SURFACE_SIDE_STYLE ('',( #3647 ) ) ;
#1074 = FILL_AREA_STYLE ('',( #2150 ) ) ;
#1075 = VERTEX_POINT ( 'NONE', #6003 ) ;
#1076 = VERTEX_POINT ( 'NONE', #391 ) ;
#1077 = UNCERTAINTY_MEASURE_WITH_UNIT (LENGTH_MEASURE( 1.000000000000000082E-05 ), #5948, 'distance_accuracy_value', 'NONE');
#1078 = PLANE ( 'NONE',  #6226 ) ;
#1079 = AXIS2_PLACEMENT_3D ( 'NONE', #371, #5947, #6895 ) ;
#1080 = CARTESIAN_POINT ( 'NONE',  ( 2.800000000000000266, 0.2100000000000001310, 0.5400000000000001465 ) ) ;
#1081 = EDGE_CURVE ( 'NONE', #1923, #3463, #717, .T. ) ;
#1082 = CARTESIAN_POINT ( 'NONE',  ( 3.025147186257614251, 2.231888168179568588, 0.6000000000000004219 ) ) ;
#1083 = CARTESIAN_POINT ( 'NONE',  ( 0.4052574559742375682, 2.400362705962395538, 0.3210660171779820549 ) ) ;
#1084 = VECTOR ( 'NONE', #5655, 1000.000000000000000 ) ;
#1085 = PRESENTATION_STYLE_ASSIGNMENT (( #3823 ) ) ;
#1086 = EDGE_LOOP ( 'NONE', ( #1812, #1218, #985, #4481, #609, #6778 ) ) ;
#1087 = CARTESIAN_POINT ( 'NONE',  ( 2.988180369749845688, 0.2055730340098374798, 0.5000030325441262580 ) ) ;
#1088 = ORIENTED_EDGE ( 'NONE', *, *, #4571, .F. ) ;
#1089 = COLOUR_RGB ( '',0.01176470588235294101, 0.0000000000000000000, 0.05882352941176470507 ) ;
#1090 = SURFACE_SIDE_STYLE ('',( #7019 ) ) ;
#1091 = CLOSED_SHELL ( 'NONE', ( #6674, #5658, #801, #2333 ) ) ;
#1092 = SURFACE_SIDE_STYLE ('',( #5353 ) ) ;
#1093 = ORIENTED_EDGE ( 'NONE', *, *, #1762, .F. ) ;
#1094 =( NAMED_UNIT ( * ) PLANE_ANGLE_UNIT ( ) SI_UNIT ( $, .RADIAN. ) );
#1095 = CARTESIAN_POINT ( 'NONE',  ( 3.100009241445716324, 0.4200404230269066952, 0.1700000000000000122 ) ) ;
#1096 = EDGE_CURVE ( 'NONE', #5211, #5808, #6112, .T. ) ;
#1097 = PRESENTATION_STYLE_ASSIGNMENT (( #3309 ) ) ;
#1098 = AXIS2_PLACEMENT_3D ( 'NONE', #11, #2202, #2785 ) ;
#1099 = ORIENTED_EDGE ( 'NONE', *, *, #3069, .F. ) ;
#1100 =( NAMED_UNIT ( * ) SI_UNIT ( $, .STERADIAN. ) SOLID_ANGLE_UNIT ( ) );
#1101 = VECTOR ( 'NONE', #992, 1000.000000000000000 ) ;
#1102 = VECTOR ( 'NONE', #4892, 1000.000000000000000 ) ;
#1103 =( NAMED_UNIT ( * ) SI_UNIT ( $, .STERADIAN. ) SOLID_ANGLE_UNIT ( ) );
#1104 = DIRECTION ( 'NONE',  ( 1.000000000000000000, 0.0000000000000000000, 0.0000000000000000000 ) ) ;
#1105 = ORIENTED_EDGE ( 'NONE', *, *, #3450, .F. ) ;
#1106 = PRESENTATION_LAYER_ASSIGNMENT (  '', '', ( #417 ) ) ;
#1107 =( NAMED_UNIT ( * ) SI_UNIT ( $, .STERADIAN. ) SOLID_ANGLE_UNIT ( ) );
#1108 = FACE_OUTER_BOUND ( 'NONE', #6328, .T. ) ;
#1109 = CARTESIAN_POINT ( 'NONE',  ( 0.1882282494721412847, 2.462290375098602269, 0.2900000000000000355 ) ) ;
#1110 =( NAMED_UNIT ( * ) SI_UNIT ( $, .STERADIAN. ) SOLID_ANGLE_UNIT ( ) );
#1111 = EDGE_CURVE ( 'NONE', #855, #3369, #2366, .T. ) ;
#1112 = ORIENTED_EDGE ( 'NONE', *, *, #6698, .F. ) ;
#1113 = DIRECTION ( 'NONE',  ( -0.0000000000000000000, 1.000000000000000000, -0.0000000000000000000 ) ) ;
#1114 = DIRECTION ( 'NONE',  ( 1.000000000000000000, 0.0000000000000000000, -0.0000000000000000000 ) ) ;
#1115 = VECTOR ( 'NONE', #2981, 1000.000000000000114 ) ;
#1116 = FACE_OUTER_BOUND ( 'NONE', #260, .T. ) ;
#1117 = SURFACE_SIDE_STYLE ('',( #6021 ) ) ;
#1118 = EDGE_CURVE ( 'NONE', #6798, #4888, #4548, .T. ) ;
#1119 = AXIS2_PLACEMENT_3D ( 'NONE', #7059, #1590, #5886 ) ;
#1120 =( NAMED_UNIT ( * ) PLANE_ANGLE_UNIT ( ) SI_UNIT ( $, .RADIAN. ) );
#1121 = SURFACE_SIDE_STYLE ('',( #3429 ) ) ;
#1122 = ORIENTED_EDGE ( 'NONE', *, *, #120, .T. ) ;
#1123 = UNCERTAINTY_MEASURE_WITH_UNIT (LENGTH_MEASURE( 1.000000000000000082E-05 ), #6614, 'distance_accuracy_value', 'NONE');
#1124 = LINE ( 'NONE', #5498, #5891 ) ;
#1125 = CARTESIAN_POINT ( 'NONE',  ( 0.4899120622833962879, 2.399999999999999911, 0.5000000000000044409 ) ) ;
#1126 = CARTESIAN_POINT ( 'NONE',  ( 2.800000000000000266, 0.2099999999999999922, 0.6000000000000000888 ) ) ;
#1127 = CARTESIAN_POINT ( 'NONE',  ( 0.1199999999999998845, 1.476666666666667238, 0.5000000000000000000 ) ) ;
#1128 = CARTESIAN_POINT ( 'NONE',  ( 3.079999999999999627, 0.5133333333333383042, 0.5000000000000000000 ) ) ;
#1129 = COLOUR_RGB ( '',0.01176470588235294101, 0.0000000000000000000, 0.05882352941176470507 ) ;
#1130 = VERTEX_POINT ( 'NONE', #6732 ) ;
#1131 = AXIS2_PLACEMENT_3D ( 'NONE', #5793, #1859, #2516 ) ;
#1132 = STYLED_ITEM ( 'NONE', ( #1085 ), #3249 ) ;
#1133 =( GEOMETRIC_REPRESENTATION_CONTEXT ( 3 ) GLOBAL_UNCERTAINTY_ASSIGNED_CONTEXT ( ( #3903 ) ) GLOBAL_UNIT_ASSIGNED_CONTEXT ( ( #5382, #6481, #1045 ) ) REPRESENTATION_CONTEXT ( 'NONE', 'WORKASPACE' ) );
#1134 = CARTESIAN_POINT ( 'NONE',  ( 0.0000000000000000000, 2.079959576973092972, 0.1700000000000000122 ) ) ;
#1135 = DIRECTION ( 'NONE',  ( 0.0000000000000000000, 0.0000000000000000000, 1.000000000000000000 ) ) ;
#1136 = CARTESIAN_POINT ( 'NONE',  ( 2.799999999999999378, 0.4000000000000009104, 0.5200000000000000178 ) ) ;
#1137 = ORIENTED_EDGE ( 'NONE', *, *, #1511, .F. ) ;
#1138 = SURFACE_SIDE_STYLE ('',( #6039 ) ) ;
#1139 = VECTOR ( 'NONE', #2810, 1000.000000000000000 ) ;
#1140 = UNCERTAINTY_MEASURE_WITH_UNIT (LENGTH_MEASURE( 1.000000000000000082E-05 ), #6896, 'distance_accuracy_value', 'NONE');
#1141 = CARTESIAN_POINT ( 'NONE',  ( 3.148147157866876711, 0.3984341198583905563, 0.2899999999999995914 ) ) ;
#1142 = EDGE_CURVE ( 'NONE', #400, #4073, #2198, .T. ) ;
#1143 = LINE ( 'NONE', #4929, #1239 ) ;
#1144 = CARTESIAN_POINT ( 'NONE',  ( 3.169999999999999929, 2.400138902867559931, 0.1700000000000000122 ) ) ;
#1145 = DIRECTION ( 'NONE',  ( -1.000000000000000000, -0.0000000000000000000, 0.0000000000000000000 ) ) ;
#1146 = SURFACE_SIDE_STYLE ('',( #6045 ) ) ;
#1147 = EDGE_LOOP ( 'NONE', ( #6656, #6970, #1631, #65 ) ) ;
#1148 = FACE_OUTER_BOUND ( 'NONE', #1801, .T. ) ;
#1149 = ORIENTED_EDGE ( 'NONE', *, *, #2738, .T. ) ;
#1150 = PRODUCT_DEFINITION_FORMATION_WITH_SPECIFIED_SOURCE ( 'ANY', '', #5618, .NOT_KNOWN. ) ;
#1151 = EDGE_CURVE ( 'NONE', #2382, #3282, #2854, .T. ) ;
#1152 = EDGE_CURVE ( 'NONE', #6206, #5808, #1202, .T. ) ;
#1153 = DIRECTION ( 'NONE',  ( -0.0000000000000000000, -0.0000000000000000000, -1.000000000000000000 ) ) ;
#1154 = ORIENTED_EDGE ( 'NONE', *, *, #5145, .T. ) ;
#1155 = FILL_AREA_STYLE_COLOUR ( '', #2220 ) ;
#1156 = ORIENTED_EDGE ( 'NONE', *, *, #2086, .T. ) ;
#1157 = ORIENTED_EDGE ( 'NONE', *, *, #3490, .F. ) ;
#1158 = PRESENTATION_LAYER_ASSIGNMENT (  '', '', ( #2191 ) ) ;
#1159 = FILL_AREA_STYLE_COLOUR ( '', #4859 ) ;
#1160 = EDGE_CURVE ( 'NONE', #5211, #2031, #6079, .T. ) ;
#1161 =( GEOMETRIC_REPRESENTATION_CONTEXT ( 3 ) GLOBAL_UNCERTAINTY_ASSIGNED_CONTEXT ( ( #1334 ) ) GLOBAL_UNIT_ASSIGNED_CONTEXT ( ( #2849, #3412, #1353 ) ) REPRESENTATION_CONTEXT ( 'NONE', 'WORKASPACE' ) );
#1162 = COLOUR_RGB ( '',0.6470588235294117974, 0.6196078431372549211, 0.5843137254901961120 ) ;
#1163 = CARTESIAN_POINT ( 'NONE',  ( 2.897680387237270949, 0.2293244958548505685, 0.6000000000000001998 ) ) ;
#1164 = CYLINDRICAL_SURFACE ( 'NONE', #2061, 0.2700000000000002953 ) ;
#1165 = CARTESIAN_POINT ( 'NONE',  ( 0.1000000000000034889, 0.4665769668392813485, 0.4999999999999998890 ) ) ;
#1166 =( NAMED_UNIT ( * ) PLANE_ANGLE_UNIT ( ) SI_UNIT ( $, .RADIAN. ) );
#1167 = ORIENTED_EDGE ( 'NONE', *, *, #518, .T. ) ;
#1168 = PRESENTATION_STYLE_ASSIGNMENT (( #6760 ) ) ;
#1169 = AXIS2_PLACEMENT_3D ( 'NONE', #3565, #730, #1455 ) ;
#1170 = SURFACE_SIDE_STYLE ('',( #243 ) ) ;
#1171 = PRESENTATION_STYLE_ASSIGNMENT (( #6073 ) ) ;
#1172 = CARTESIAN_POINT ( 'NONE',  ( 3.100761356413931136, 2.090126882168023670, 0.4999999999999998890 ) ) ;
#1173 = CARTESIAN_POINT ( 'NONE',  ( 2.779937501871236449, 2.400138902867559931, 0.1700000000000000122 ) ) ;
#1174 = LINE ( 'NONE', #1713, #688 ) ;
#1175 = EDGE_CURVE ( 'NONE', #6756, #6589, #3358, .T. ) ;
#1176 = ORIENTED_EDGE ( 'NONE', *, *, #2287, .T. ) ;
#1177 =( GEOMETRIC_REPRESENTATION_CONTEXT ( 3 ) GLOBAL_UNCERTAINTY_ASSIGNED_CONTEXT ( ( #6590 ) ) GLOBAL_UNIT_ASSIGNED_CONTEXT ( ( #4341, #1120, #5495 ) ) REPRESENTATION_CONTEXT ( 'NONE', 'WORKASPACE' ) );
#1178 = ORIENTED_EDGE ( 'NONE', *, *, #6698, .T. ) ;
#1179 = FACE_OUTER_BOUND ( 'NONE', #3902, .T. ) ;
#1180 =( GEOMETRIC_REPRESENTATION_CONTEXT ( 3 ) GLOBAL_UNCERTAINTY_ASSIGNED_CONTEXT ( ( #7006 ) ) GLOBAL_UNIT_ASSIGNED_CONTEXT ( ( #5798, #355, #5866 ) ) REPRESENTATION_CONTEXT ( 'NONE', 'WORKASPACE' ) );
#1181 = LINE ( 'NONE', #2170, #5101 ) ;
#1182 = SURFACE_STYLE_USAGE ( .BOTH. , #6568 ) ;
#1183 = ORIENTED_EDGE ( 'NONE', *, *, #5790, .T. ) ;
#1184 = ORIENTED_EDGE ( 'NONE', *, *, #5701, .F. ) ;
#1185 =( NAMED_UNIT ( * ) SI_UNIT ( $, .STERADIAN. ) SOLID_ANGLE_UNIT ( ) );
#1186 =( NAMED_UNIT ( * ) SI_UNIT ( $, .STERADIAN. ) SOLID_ANGLE_UNIT ( ) );
#1187 = SURFACE_STYLE_USAGE ( .BOTH. , #2728 ) ;
#1188 = CARTESIAN_POINT ( 'NONE',  ( 0.1575366678356927841, 2.241813514301098653, 0.5000000000000000000 ) ) ;
#1189 =( NAMED_UNIT ( * ) SI_UNIT ( $, .STERADIAN. ) SOLID_ANGLE_UNIT ( ) );
#1190 = FACE_OUTER_BOUND ( 'NONE', #2609, .T. ) ;
#1191 = EDGE_CURVE ( 'NONE', #4919, #3247, #2889, .T. ) ;
#1192 = EDGE_CURVE ( 'NONE', #7029, #1473, #112, .T. ) ;
#1193 = EDGE_LOOP ( 'NONE', ( #1207, #3901, #4258, #4715 ) ) ;
#1194 = FILL_AREA_STYLE ('',( #5677 ) ) ;
#1195 = MANIFOLD_SOLID_BREP ( 'Ressalto-extrus?5[4]', #3928 ) ;
#1196 = CARTESIAN_POINT ( 'NONE',  ( 2.080276409533067916, -1.626303258728256651E-16, 0.0000000000000000000 ) ) ;
#1197 = CARTESIAN_POINT ( 'NONE',  ( 3.200000000000000178, 0.4200404230269066952, 0.2899999999999999800 ) ) ;
#1198 = MECHANICAL_DESIGN_GEOMETRIC_PRESENTATION_REPRESENTATION (  '', ( #6933 ), #2021 ) ;
#1199 = CARTESIAN_POINT ( 'NONE',  ( 0.4000000000000001887, 0.1299999999999999767, 0.5200000000000000178 ) ) ;
#1200 = ORIENTED_EDGE ( 'NONE', *, *, #2838, .F. ) ;
#1201 = SURFACE_STYLE_USAGE ( .BOTH. , #3955 ) ;
#1202 = LINE ( 'NONE', #1711, #5107 ) ;
#1203 =( GEOMETRIC_REPRESENTATION_CONTEXT ( 3 ) GLOBAL_UNCERTAINTY_ASSIGNED_CONTEXT ( ( #5713 ) ) GLOBAL_UNIT_ASSIGNED_CONTEXT ( ( #2512, #6769, #5720 ) ) REPRESENTATION_CONTEXT ( 'NONE', 'WORKASPACE' ) );
#1204 = SURFACE_SIDE_STYLE ('',( #6113 ) ) ;
#1205 = PRESENTATION_STYLE_ASSIGNMENT (( #150 ) ) ;
#1206 = EDGE_LOOP ( 'NONE', ( #3531, #1370, #1368, #4663 ) ) ;
#1207 = ORIENTED_EDGE ( 'NONE', *, *, #6845, .T. ) ;
#1208 = B_SPLINE_CURVE_WITH_KNOTS ( 'NONE', 3,
 ( #3413, #2888, #5078, #733 ),
 .UNSPECIFIED., .F., .F.,
 ( 4, 4 ),
 ( 0.0000000000000000000, 1.000000000000000000 ),
 .UNSPECIFIED. ) ;
#1209 = LINE ( 'NONE', #2270, #3479 ) ;
#1210 = ADVANCED_FACE ( 'NONE', ( #2988 ), #3957, .T. ) ;
#1211 = MECHANICAL_DESIGN_GEOMETRIC_PRESENTATION_REPRESENTATION (  '', ( #6607 ), #3273 ) ;
#1212 = STYLED_ITEM ( 'NONE', ( #7015 ), #1487 ) ;
#1213 = DIRECTION ( 'NONE',  ( -0.0000000000000000000, 1.000000000000000000, -0.0000000000000000000 ) ) ;
#1214 = CARTESIAN_POINT ( 'NONE',  ( 3.069690595368500752, 2.172718794409416176, 0.5000000000000000000 ) ) ;
#1215 = DIRECTION ( 'NONE',  ( -0.0000000000000000000, -0.0000000000000000000, -1.000000000000000000 ) ) ;
#1216 = FILL_AREA_STYLE_COLOUR ( '', #5337 ) ;
#1217 = B_SPLINE_CURVE_WITH_KNOTS ( 'NONE', 3,
 ( #1126, #5988, #1163, #2211, #6535, #2795 ),
 .UNSPECIFIED., .F., .F.,
 ( 4, 2, 4 ),
 ( 0.0000000000000000000, 0.5000000000000000000, 1.000000000000000000 ),
 .UNSPECIFIED. ) ;
#1218 = ORIENTED_EDGE ( 'NONE', *, *, #4034, .T. ) ;
#1219 = MECHANICAL_DESIGN_GEOMETRIC_PRESENTATION_REPRESENTATION (  '', ( #314 ), #889 ) ;
#1220 = ORIENTED_EDGE ( 'NONE', *, *, #1721, .F. ) ;
#1221 = STYLED_ITEM ( 'NONE', ( #1168 ), #1544 ) ;
#1222 = SURFACE_SIDE_STYLE ('',( #2418 ) ) ;
#1223 = EDGE_CURVE ( 'NONE', #2531, #5297, #998, .T. ) ;
#1224 =( LENGTH_UNIT ( ) NAMED_UNIT ( * ) SI_UNIT ( .MILLI., .METRE. ) );
#1225 = CARTESIAN_POINT ( 'NONE',  ( 3.070769560685124855, 0.4000000000000006328, 0.5000148110754012443 ) ) ;
#1226 =( LENGTH_UNIT ( ) NAMED_UNIT ( * ) SI_UNIT ( .MILLI., .METRE. ) );
#1227 = CARTESIAN_POINT ( 'NONE',  ( 0.09999075855428368742, 0.9199523185698690320, 0.0000000000000000000 ) ) ;
#1228 = PRESENTATION_STYLE_ASSIGNMENT (( #2247 ) ) ;
#1229 = ORIENTED_EDGE ( 'NONE', *, *, #4198, .T. ) ;
#1230 =( NAMED_UNIT ( * ) SI_UNIT ( $, .STERADIAN. ) SOLID_ANGLE_UNIT ( ) );
#1231 = VECTOR ( 'NONE', #3914, 1000.000000000000000 ) ;
#1232 = SURFACE_STYLE_FILL_AREA ( #627 ) ;
#1233 = B_SPLINE_CURVE_WITH_KNOTS ( 'NONE', 3,
 ( #822, #6227, #1363, #1395, #5243, #4077 ),
 .UNSPECIFIED., .F., .F.,
 ( 4, 2, 4 ),
 ( 0.0000000000000000000, 0.5000000000000000000, 1.000000000000000000 ),
 .UNSPECIFIED. ) ;
#1234 = SURFACE_STYLE_USAGE ( .BOTH. , #1771 ) ;
#1235 = EDGE_CURVE ( 'NONE', #3587, #2926, #2112, .T. ) ;
#1236 = APPLICATION_CONTEXT ( 'automotive_design' ) ;
#1237 = CARTESIAN_POINT ( 'NONE',  ( 0.1000000000000000056, 0.4000000000000000222, 0.5000000000000000000 ) ) ;
#1238 = STYLED_ITEM ( 'NONE', ( #6212 ), #2984 ) ;
#1239 = VECTOR ( 'NONE', #3359, 1000.000000000000000 ) ;
#1240 = LINE ( 'NONE', #3915, #4710 ) ;
#1241 =( LENGTH_UNIT ( ) NAMED_UNIT ( * ) SI_UNIT ( .MILLI., .METRE. ) );
#1242 = CARTESIAN_POINT ( 'NONE',  ( 3.174999999999999822, 0.3972620349942626583, 0.2899999999999999800 ) ) ;
#1243 = PRESENTATION_LAYER_ASSIGNMENT (  '', '', ( #4333 ) ) ;
#1244 = MECHANICAL_DESIGN_GEOMETRIC_PRESENTATION_REPRESENTATION (  '', ( #6165 ), #4227 ) ;
#1245 = EDGE_CURVE ( 'NONE', #1791, #4215, #3209, .T. ) ;
#1246 = CARTESIAN_POINT ( 'NONE',  ( 2.779937501871236893, 0.0000000000000000000, 0.1700000000000000122 ) ) ;
#1247 =( LENGTH_UNIT ( ) NAMED_UNIT ( * ) SI_UNIT ( .MILLI., .METRE. ) );
#1248 = MECHANICAL_DESIGN_GEOMETRIC_PRESENTATION_REPRESENTATION (  '', ( #2072 ), #6633 ) ;
#1249 = EDGE_LOOP ( 'NONE', ( #91, #4489, #2556, #195 ) ) ;
#1250 = CARTESIAN_POINT ( 'NONE',  ( 2.587238102081019648E-17, 2.299999999999999822, 0.1700000000000000122 ) ) ;
#1251 = FILL_AREA_STYLE_COLOUR ( '', #5474 ) ;
#1252 = DIRECTION ( 'NONE',  ( -0.0000000000000000000, -0.0000000000000000000, -1.000000000000000000 ) ) ;
#1253 = CARTESIAN_POINT ( 'NONE',  ( 1.119723590466932039, 2.400138902867559931, 0.1700000000000000122 ) ) ;
#1254 = CARTESIAN_POINT ( 'NONE',  ( 2.774932736525889787, 0.4250672634741105016, 0.5000000000000000000 ) ) ;
#1255 = VERTEX_POINT ( 'NONE', #7030 ) ;
#1256 = CARTESIAN_POINT ( 'NONE',  ( 2.903979065734411336, 2.467200910856182094, 0.2900000000000000355 ) ) ;
#1257 = SURFACE_STYLE_USAGE ( .BOTH. , #3871 ) ;
#1258 = ORIENTED_EDGE ( 'NONE', *, *, #2304, .F. ) ;
#1259 = UNCERTAINTY_MEASURE_WITH_UNIT (LENGTH_MEASURE( 1.000000000000000082E-05 ), #2184, 'distance_accuracy_value', 'NONE');
#1260 = LINE ( 'NONE', #3935, #741 ) ;
#1261 = PRESENTATION_STYLE_ASSIGNMENT (( #3469 ) ) ;
#1262 = FILL_AREA_STYLE_COLOUR ( '', #3712 ) ;
#1263 = SURFACE_SIDE_STYLE ('',( #716 ) ) ;
#1264 = SURFACE_SIDE_STYLE ('',( #6241 ) ) ;
#1265 = DIRECTION ( 'NONE',  ( -1.000000000000000000, -3.614007241618370464E-16, 0.0000000000000000000 ) ) ;
#1266 = CARTESIAN_POINT ( 'NONE',  ( 3.100000000000001421, 1.026946100947818907, 0.5000000000000001110 ) ) ;
#1267 = MECHANICAL_DESIGN_GEOMETRIC_PRESENTATION_REPRESENTATION (  '', ( #585 ), #2644 ) ;
#1268 = EDGE_LOOP ( 'NONE', ( #338, #5384 ) ) ;
#1269 = ADVANCED_FACE ( 'NONE', ( #5437 ), #1070, .F. ) ;
#1270 = UNCERTAINTY_MEASURE_WITH_UNIT (LENGTH_MEASURE( 1.000000000000000082E-05 ), #1579, 'distance_accuracy_value', 'NONE');
#1271 = SURFACE_STYLE_FILL_AREA ( #103 ) ;
#1272 =( BOUNDED_SURFACE ( )  B_SPLINE_SURFACE ( 3, 3, ( 
 ( #5095, #2415, #5057, #4657 ),
 ( #794, #2905, #4624, #1369 ),
 ( #162, #5697, #2868, #3585 ),
 ( #2967, #4595, #4520, #6236 ) ),
 .UNSPECIFIED., .F., .F., .F. ) 
 B_SPLINE_SURFACE_WITH_KNOTS ( ( 4, 4 ),
 ( 4, 4 ),
 ( 0.0000000000000000000, 1.000000000000000000 ),
 ( 0.0000000000000000000, 1.000000000000000000 ),
 .UNSPECIFIED. ) 
 GEOMETRIC_REPRESENTATION_ITEM ( )  RATIONAL_B_SPLINE_SURFACE ( (
 ( 1.000000000000000000, 0.8047378541243658256, 0.8047378541243658256, 1.000000000000000000),
 ( 0.7955795317417801993, 0.6402329651591479598, 0.6402329651591479598, 0.7955795317417801993),
 ( 0.7955795317417801993, 0.6402329651591479598, 0.6402329651591479598, 0.7955795317417801993),
 ( 1.000000000000000000, 0.8047378541243658256, 0.8047378541243658256, 1.000000000000000000) ) ) 
 REPRESENTATION_ITEM ( '' )  SURFACE ( )  );
#1273 = VECTOR ( 'NONE', #4915, 1000.000000000000000 ) ;
#1274 = MANIFOLD_SOLID_BREP ( '??-??1', #1091 ) ;
#1275 = DIRECTION ( 'NONE',  ( -0.0000000000000000000, -1.000000000000000000, 0.0000000000000000000 ) ) ;
#1276 = CARTESIAN_POINT ( 'NONE',  ( 3.100009241445716324, 2.469999999999999751, 0.1700000000000000122 ) ) ;
#1277 = FACE_OUTER_BOUND ( 'NONE', #4714, .T. ) ;
#1278 = FILL_AREA_STYLE_COLOUR ( '', #4123 ) ;
#1279 = ORIENTED_EDGE ( 'NONE', *, *, #6395, .T. ) ;
#1280 = DIRECTION ( 'NONE',  ( 0.0000000000000000000, 0.0000000000000000000, 1.000000000000000000 ) ) ;
#1281 = LINE ( 'NONE', #3066, #1474 ) ;
#1282 = PRESENTATION_LAYER_ASSIGNMENT (  '', '', ( #1737 ) ) ;
#1283 =( NAMED_UNIT ( * ) SI_UNIT ( $, .STERADIAN. ) SOLID_ANGLE_UNIT ( ) );
#1284 = SURFACE_SIDE_STYLE ('',( #6117 ) ) ;
#1285 = ORIENTED_EDGE ( 'NONE', *, *, #2155, .T. ) ;
#1286 = SURFACE_SIDE_STYLE ('',( #287 ) ) ;
#1287 = EDGE_CURVE ( 'NONE', #6596, #5171, #1739, .T. ) ;
#1288 = CARTESIAN_POINT ( 'NONE',  ( 2.080276409533067916, 2.400138902867559931, 0.1700000000000000122 ) ) ;
#1289 = VECTOR ( 'NONE', #2319, 1000.000000000000000 ) ;
#1290 = CARTESIAN_POINT ( 'NONE',  ( 2.794742544035805132, 2.400362705961783583, 0.3649999999999999911 ) ) ;
#1291 = SURFACE_STYLE_FILL_AREA ( #2015 ) ;
#1292 = PLANE ( 'NONE',  #2066 ) ;
#1293 = CARTESIAN_POINT ( 'NONE',  ( 0.2052604420177458477, 0.2121419212420618539, 0.5000030807121101928 ) ) ;
#1294 = PRESENTATION_STYLE_ASSIGNMENT (( #4517 ) ) ;
#1295 = DIRECTION ( 'NONE',  ( -0.0000000000000000000, -0.0000000000000000000, -1.000000000000000000 ) ) ;
#1296 = ORIENTED_EDGE ( 'NONE', *, *, #3942, .T. ) ;
#1297 = DIRECTION ( 'NONE',  ( -1.000000000000000000, 8.313608843505885044E-16, 0.0000000000000000000 ) ) ;
#1298 = DIRECTION ( 'NONE',  ( -0.0000000000000000000, -1.000000000000000000, -0.0000000000000000000 ) ) ;
#1299 = EDGE_LOOP ( 'NONE', ( #5012, #6306, #4742, #5561, #894, #4243, #6101, #178 ) ) ;
#1300 = VERTEX_POINT ( 'NONE', #2880 ) ;
#1301 = DIRECTION ( 'NONE',  ( -0.0000000000000000000, -0.0000000000000000000, 1.000000000000000000 ) ) ;
#1302 = CARTESIAN_POINT ( 'NONE',  ( 0.4015377163306956820, 0.1199407980905053822, 0.5000000000000000000 ) ) ;
#1303 = AXIS2_PLACEMENT_3D ( 'NONE', #4172, #4212, #2002 ) ;
#1304 = CARTESIAN_POINT ( 'NONE',  ( 0.1000000000001020212, 0.3999999999986773025, 0.4800000000000000933 ) ) ;
#1305 = CARTESIAN_POINT ( 'NONE',  ( 3.079999999999999627, 2.043333333333333446, 0.5000000000000000000 ) ) ;
#1306 = ORIENTED_EDGE ( 'NONE', *, *, #1081, .T. ) ;
#1307 = ORIENTED_EDGE ( 'NONE', *, *, #3004, .F. ) ;
#1308 =( LENGTH_UNIT ( ) NAMED_UNIT ( * ) SI_UNIT ( .MILLI., .METRE. ) );
#1309 = CARTESIAN_POINT ( 'NONE',  ( 0.03000000000000040482, 2.200000000000000178, 0.1700000000000000122 ) ) ;
#1310 = VECTOR ( 'NONE', #1636, 1000.000000000000000 ) ;
#1311 = EDGE_CURVE ( 'NONE', #879, #936, #2324, .T. ) ;
#1312 = SURFACE_STYLE_USAGE ( .BOTH. , #4135 ) ;
#1313 = DIRECTION ( 'NONE',  ( -0.0000000000000000000, -0.0000000000000000000, -1.000000000000000000 ) ) ;
#1314 = DIRECTION ( 'NONE',  ( 0.0000000000000000000, 1.000000000000000000, 0.0000000000000000000 ) ) ;
#1315 = CARTESIAN_POINT ( 'NONE',  ( 0.4200624981287633397, 2.500000000000000000, 0.1700000000000000122 ) ) ;
#1316 = DIRECTION ( 'NONE',  ( -1.000000000000000000, 0.0000000000000000000, 0.0000000000000000000 ) ) ;
#1317 = EDGE_LOOP ( 'NONE', ( #320, #643, #4270, #3773 ) ) ;
#1318 = SURFACE_STYLE_FILL_AREA ( #3052 ) ;
#1319 = STYLED_ITEM ( 'NONE', ( #5301 ), #159 ) ;
#1320 = EDGE_CURVE ( 'NONE', #6570, #3311, #4494, .T. ) ;
#1321 = AXIS2_PLACEMENT_3D ( 'NONE', #4185, #461, #1873 ) ;
#1322 = LINE ( 'NONE', #6327, #2946 ) ;
#1323 = LINE ( 'NONE', #1288, #284 ) ;
#1324 = VECTOR ( 'NONE', #1301, 1000.000000000000000 ) ;
#1325 = CARTESIAN_POINT ( 'NONE',  ( 3.000000000000000000, 2.500000000000000444, 0.1700000000000000122 ) ) ;
#1326 = DIRECTION ( 'NONE',  ( 1.000000000000000000, 0.0000000000000000000, 0.0000000000000000000 ) ) ;
#1327 = EDGE_CURVE ( 'NONE', #4523, #1716, #2254, .T. ) ;
#1328 = STYLED_ITEM ( 'NONE', ( #5694 ), #5791 ) ;
#1329 = FACE_OUTER_BOUND ( 'NONE', #5609, .T. ) ;
#1330 = ORIENTED_EDGE ( 'NONE', *, *, #2881, .T. ) ;
#1331 = CARTESIAN_POINT ( 'NONE',  ( 2.779937501871236893, 0.0000000000000000000, 0.1700000000000000122 ) ) ;
#1332 = ORIENTED_EDGE ( 'NONE', *, *, #6523, .F. ) ;
#1333 = VERTEX_POINT ( 'NONE', #6102 ) ;
#1334 = UNCERTAINTY_MEASURE_WITH_UNIT (LENGTH_MEASURE( 1.000000000000000082E-05 ), #2849, 'distance_accuracy_value', 'NONE');
#1335 =( NAMED_UNIT ( * ) SI_UNIT ( $, .STERADIAN. ) SOLID_ANGLE_UNIT ( ) );
#1336 = STYLED_ITEM ( 'NONE', ( #5559 ), #6405 ) ;
#1337 = SURFACE_STYLE_FILL_AREA ( #5143 ) ;
#1338 = EDGE_CURVE ( 'NONE', #3261, #4215, #4420, .T. ) ;
#1339 = DIRECTION ( 'NONE',  ( 0.9999999992850419073, 3.781423362040943622E-05, 0.0000000000000000000 ) ) ;
#1340 = PLANE ( 'NONE',  #994 ) ;
#1341 = ORIENTED_EDGE ( 'NONE', *, *, #5099, .F. ) ;
#1342 = ORIENTED_EDGE ( 'NONE', *, *, #5258, .F. ) ;
#1343 = UNCERTAINTY_MEASURE_WITH_UNIT (LENGTH_MEASURE( 1.000000000000000082E-05 ), #5595, 'distance_accuracy_value', 'NONE');
#1344 =( LENGTH_UNIT ( ) NAMED_UNIT ( * ) SI_UNIT ( .MILLI., .METRE. ) );
#1345 =( NAMED_UNIT ( * ) PLANE_ANGLE_UNIT ( ) SI_UNIT ( $, .RADIAN. ) );
#1346 = COLOUR_RGB ( '',0.01176470588235294101, 0.0000000000000000000, 0.05882352941176470507 ) ;
#1347 = DIRECTION ( 'NONE',  ( 0.0000000000000000000, 0.0000000000000000000, 1.000000000000000000 ) ) ;
#1348 = MANIFOLD_SOLID_BREP ( 'Filete4', #5992 ) ;
#1349 = FILL_AREA_STYLE ('',( #6796 ) ) ;
#1350 = PRESENTATION_STYLE_ASSIGNMENT (( #808 ) ) ;
#1351 =( NAMED_UNIT ( * ) SI_UNIT ( $, .STERADIAN. ) SOLID_ANGLE_UNIT ( ) );
#1352 = CARTESIAN_POINT ( 'NONE',  ( 3.070000000000000284, 2.100000000000000089, 0.5200000000000000178 ) ) ;
#1353 =( NAMED_UNIT ( * ) SI_UNIT ( $, .STERADIAN. ) SOLID_ANGLE_UNIT ( ) );
#1354 = MECHANICAL_DESIGN_GEOMETRIC_PRESENTATION_REPRESENTATION (  '', ( #436 ), #6150 ) ;
#1355 = CARTESIAN_POINT ( 'NONE',  ( 0.4000000000000009104, 0.4000000000000009104, 0.6000000000000000888 ) ) ;
#1356 = LINE ( 'NONE', #1388, #6862 ) ;
#1357 = SURFACE_STYLE_USAGE ( .BOTH. , #1284 ) ;
#1358 = ORIENTED_EDGE ( 'NONE', *, *, #4266, .T. ) ;
#1359 = CARTESIAN_POINT ( 'NONE',  ( 2.800000000000000266, 2.399999999999999911, 0.4800000000000000377 ) ) ;
#1360 =( BOUNDED_SURFACE ( )  B_SPLINE_SURFACE ( 3, 3, ( 
 ( #4360, #5872, #5935, #3220 ),
 ( #974, #7009, #5970, #1083 ),
 ( #2057, #3153, #4861, #6446 ),
 ( #2650, #5339, #1109, #6976 ) ),
 .UNSPECIFIED., .F., .F., .T. ) 
 B_SPLINE_SURFACE_WITH_KNOTS ( ( 4, 4 ),
 ( 4, 4 ),
 ( 0.0000000000000000000, 1.000000000000000000 ),
 ( 0.0000000000000000000, 1.000000000000000000 ),
 .UNSPECIFIED. ) 
 GEOMETRIC_REPRESENTATION_ITEM ( )  RATIONAL_B_SPLINE_SURFACE ( (
 ( 1.000000000000000000, 0.8325095390923366034, 0.8325095390923366034, 1.000000000000000000),
 ( 0.8047378541243648264, 0.6699519400272310188, 0.6699519400272310188, 0.8047378541243648264),
 ( 0.8047378541243648264, 0.6699519400272310188, 0.6699519400272310188, 0.8047378541243648264),
 ( 1.000000000000000000, 0.8325095390923366034, 0.8325095390923366034, 1.000000000000000000) ) ) 
 REPRESENTATION_ITEM ( '' )  SURFACE ( )  );
#1361 = EDGE_CURVE ( 'NONE', #329, #4120, #6685, .T. ) ;
#1362 = STYLED_ITEM ( 'NONE', ( #10 ), #2431 ) ;
#1363 = CARTESIAN_POINT ( 'NONE',  ( 3.126631734123225925, 2.100751673957118371, 0.3044108732692786812 ) ) ;
#1364 = DIRECTION ( 'NONE',  ( 0.0000000000000000000, 0.0000000000000000000, 1.000000000000000000 ) ) ;
#1365 = COLOUR_RGB ( '',0.01176470588235294101, 0.0000000000000000000, 0.05882352941176470507 ) ;
#1366 = DIRECTION ( 'NONE',  ( -1.000000000000000000, 0.0000000000000000000, 0.0000000000000000000 ) ) ;
#1367 = FACE_OUTER_BOUND ( 'NONE', #4979, .T. ) ;
#1368 = ORIENTED_EDGE ( 'NONE', *, *, #2939, .F. ) ;
#1369 = CARTESIAN_POINT ( 'NONE',  ( 2.799999999999999822, 2.358702067636008870, 0.4995501335457741554 ) ) ;
#1370 = ORIENTED_EDGE ( 'NONE', *, *, #3240, .F. ) ;
#1371 = DIRECTION ( 'NONE',  ( -0.0000000000000000000, -0.0000000000000000000, 1.000000000000000000 ) ) ;
#1372 = EDGE_CURVE ( 'NONE', #2386, #6887, #5183, .T. ) ;
#1373 = CARTESIAN_POINT ( 'NONE',  ( 0.2535533905932736976, 0.1500000000000005218, 0.5079231107168266091 ) ) ;
#1374 = DIRECTION ( 'NONE',  ( -0.0000000000000000000, -0.0000000000000000000, -1.000000000000000000 ) ) ;
#1375 = FACE_OUTER_BOUND ( 'NONE', #129, .T. ) ;
#1376 = CARTESIAN_POINT ( 'NONE',  ( 1.119723590466932039, 0.9199523185698690320, 0.1700000000000000122 ) ) ;
#1377 = ORIENTED_EDGE ( 'NONE', *, *, #2803, .F. ) ;
#1378 = ORIENTED_EDGE ( 'NONE', *, *, #613, .T. ) ;
#1379 = LINE ( 'NONE', #4244, #1769 ) ;
#1380 = FILL_AREA_STYLE_COLOUR ( '', #6835 ) ;
#1381 = DIRECTION ( 'NONE',  ( -0.0000000000000000000, -0.0000000000000000000, -1.000000000000000000 ) ) ;
#1382 = CARTESIAN_POINT ( 'NONE',  ( 1.119723590466932039, 0.9199523185698690320, 0.1700000000000000122 ) ) ;
#1383 = CARTESIAN_POINT ( 'NONE',  ( 0.0000000000000000000, 0.4200404230269066952, 0.2899999999999999800 ) ) ;
#1384 = CARTESIAN_POINT ( 'NONE',  ( 1.920000000000000595, 0.1199999999999998845, 0.5000000000000000000 ) ) ;
#1385 = VERTEX_POINT ( 'NONE', #4575 ) ;
#1386 =( GEOMETRIC_REPRESENTATION_CONTEXT ( 3 ) GLOBAL_UNCERTAINTY_ASSIGNED_CONTEXT ( ( #4294 ) ) GLOBAL_UNIT_ASSIGNED_CONTEXT ( ( #487, #4959, #29 ) ) REPRESENTATION_CONTEXT ( 'NONE', 'WORKASPACE' ) );
#1387 = CARTESIAN_POINT ( 'NONE',  ( 0.02999999999999994338, 0.02999999999999997113, 0.0000000000000000000 ) ) ;
#1388 = CARTESIAN_POINT ( 'NONE',  ( 0.0000000000000000000, 0.2000000000000000111, 0.1700000000000000122 ) ) ;
#1389 = PRESENTATION_LAYER_ASSIGNMENT (  '', '', ( #2649 ) ) ;
#1390 = CARTESIAN_POINT ( 'NONE',  ( 2.815352661366155473, 0.1011839063810402312, 0.4800000000000000933 ) ) ;
#1391 = ORIENTED_EDGE ( 'NONE', *, *, #2828, .F. ) ;
#1392 = FACE_OUTER_BOUND ( 'NONE', #2944, .T. ) ;
#1393 = FILL_AREA_STYLE ('',( #3620 ) ) ;
#1394 = AXIS2_PLACEMENT_3D ( 'NONE', #1254, #1215, #2344 ) ;
#1395 = CARTESIAN_POINT ( 'NONE',  ( 3.103147165844026389, 2.099839018956273229, 0.3358846836583916362 ) ) ;
#1396 = PLANE ( 'NONE',  #1607 ) ;
#1397 = PRESENTATION_STYLE_ASSIGNMENT (( #5691 ) ) ;
#1398 = CARTESIAN_POINT ( 'NONE',  ( 3.169999999999999929, 2.469999999999999751, 0.1700000000000000122 ) ) ;
#1399 = CARTESIAN_POINT ( 'NONE',  ( 0.3944873640324128017, 2.400043885014591094, 0.5000000000000002220 ) ) ;
#1400 = ORIENTED_EDGE ( 'NONE', *, *, #2782, .F. ) ;
#1401 = FILL_AREA_STYLE_COLOUR ( '', #5751 ) ;
#1402 = AXIS2_PLACEMENT_3D ( 'NONE', #4263, #4193, #4685 ) ;
#1403 = ORIENTED_EDGE ( 'NONE', *, *, #4655, .F. ) ;
#1404 = ORIENTED_EDGE ( 'NONE', *, *, #3450, .T. ) ;
#1405 = UNCERTAINTY_MEASURE_WITH_UNIT (LENGTH_MEASURE( 1.000000000000000082E-05 ), #6420, 'distance_accuracy_value', 'NONE');
#1406 = STYLED_ITEM ( 'NONE', ( #799 ), #4724 ) ;
#1407 = SURFACE_STYLE_FILL_AREA ( #3631 ) ;
#1408 = FILL_AREA_STYLE_COLOUR ( '', #6774 ) ;
#1409 = PLANE ( 'NONE',  #4836 ) ;
#1410 = CARTESIAN_POINT ( 'NONE',  ( 0.1542809622069624131, 0.2653855949757138455, 0.5000000000000000000 ) ) ;
#1411 = ORIENTED_EDGE ( 'NONE', *, *, #6501, .F. ) ;
#1412 = CIRCLE ( 'NONE', #5525, 0.2700000000000002953 ) ;
#1413 =( NAMED_UNIT ( * ) PLANE_ANGLE_UNIT ( ) SI_UNIT ( $, .RADIAN. ) );
#1414 = CARTESIAN_POINT ( 'NONE',  ( -1.626303258728256651E-16, 0.9199523185698689209, 0.0000000000000000000 ) ) ;
#1415 = B_SPLINE_CURVE_WITH_KNOTS ( 'NONE', 3,
 ( #4482, #3904, #3432, #199, #6093, #653 ),
 .UNSPECIFIED., .F., .F.,
 ( 4, 2, 4 ),
 ( 0.0000000000000000000, 0.5000000000000000000, 1.000000000000000000 ),
 .UNSPECIFIED. ) ;
#1416 = VECTOR ( 'NONE', #704, 1000.000000000000000 ) ;
#1417 = EDGE_CURVE ( 'NONE', #4909, #170, #4821, .T. ) ;
#1418 = ADVANCED_FACE ( 'NONE', ( #1886 ), #2358, .T. ) ;
#1419 = CARTESIAN_POINT ( 'NONE',  ( 3.169999999999999929, 0.2999999999999999889, 0.1700000000000000122 ) ) ;
#1420 = CIRCLE ( 'NONE', #5205, 0.2699999999999999623 ) ;
#1421 = DIRECTION ( 'NONE',  ( -1.000000000000000000, 0.0000000000000000000, 0.0000000000000000000 ) ) ;
#1422 = LINE ( 'NONE', #6800, #3868 ) ;
#1423 = SURFACE_SIDE_STYLE ('',( #1973 ) ) ;
#1424 = DIRECTION ( 'NONE',  ( 0.0000000000000000000, -0.0000000000000000000, -1.000000000000000000 ) ) ;
#1425 = VECTOR ( 'NONE', #5411, 1000.000000000000000 ) ;
#1426 = CARTESIAN_POINT ( 'NONE',  ( 2.830621172420408449, 0.1034572577486086581, 0.4800000000000000933 ) ) ;
#1427 = ORIENTED_EDGE ( 'NONE', *, *, #5132, .T. ) ;
#1428 = SURFACE_SIDE_STYLE ('',( #2577 ) ) ;
#1429 = DIRECTION ( 'NONE',  ( -0.0000000000000000000, -0.0000000000000000000, -1.000000000000000000 ) ) ;
#1430 = CARTESIAN_POINT ( 'NONE',  ( 0.09999075855428361803, 2.079959576973092972, 0.0000000000000000000 ) ) ;
#1431 = CARTESIAN_POINT ( 'NONE',  ( 0.2000000000000000111, 3.949829405014663533E-17, 0.2899999999999999800 ) ) ;
#1432 = MECHANICAL_DESIGN_GEOMETRIC_PRESENTATION_REPRESENTATION (  '', ( #289 ), #4966 ) ;
#1433 = DIRECTION ( 'NONE',  ( 0.0000000000000000000, 1.000000000000000000, 0.0000000000000000000 ) ) ;
#1434 = EDGE_LOOP ( 'NONE', ( #1296, #3355, #5845, #3241 ) ) ;
#1435 = COLOUR_RGB ( '',0.8274509803921568096, 0.6666666666666666297, 0.1294117647058823373 ) ;
#1436 = VECTOR ( 'NONE', #3663, 1000.000000000000000 ) ;
#1437 = ORIENTED_EDGE ( 'NONE', *, *, #3819, .F. ) ;
#1438 = VERTEX_POINT ( 'NONE', #843 ) ;
#1439 = ADVANCED_FACE ( 'NONE', ( #3161 ), #3561, .F. ) ;
#1440 = PRESENTATION_LAYER_ASSIGNMENT (  '', '', ( #1328 ) ) ;
#1441 = CARTESIAN_POINT ( 'NONE',  ( 0.2484555286993374301, 0.1412974053913095829, 0.4995495749143826214 ) ) ;
#1442 = CARTESIAN_POINT ( 'NONE',  ( 0.02477586485545140577, 0.4007004371235557971, 0.2899999999999999800 ) ) ;
#1443 = DIRECTION ( 'NONE',  ( 0.0000000000000000000, 0.0000000000000000000, 1.000000000000000000 ) ) ;
#1444 = SURFACE_STYLE_FILL_AREA ( #1882 ) ;
#1445 = ORIENTED_EDGE ( 'NONE', *, *, #586, .T. ) ;
#1446 = COLOUR_RGB ( '',0.8274509803921568096, 0.6666666666666666297, 0.1294117647058823373 ) ;
#1447 = ORIENTED_EDGE ( 'NONE', *, *, #6222, .T. ) ;
#1448 =( GEOMETRIC_REPRESENTATION_CONTEXT ( 3 ) GLOBAL_UNCERTAINTY_ASSIGNED_CONTEXT ( ( #5573 ) ) GLOBAL_UNIT_ASSIGNED_CONTEXT ( ( #3272, #5074, #4384 ) ) REPRESENTATION_CONTEXT ( 'NONE', 'WORKASPACE' ) );
#1449 = VECTOR ( 'NONE', #616, 1000.000000000000000 ) ;
#1451 = EDGE_CURVE ( 'NONE', #2007, #5929, #3197, .T. ) ;
#1450 = LINE ( 'NONE', #6864, #5656 ) ;
#1452 = PRESENTATION_LAYER_ASSIGNMENT (  '', '', ( #5911 ) ) ;
#1453 = SURFACE_SIDE_STYLE ('',( #3736 ) ) ;
#1454 = DIRECTION ( 'NONE',  ( 0.0000000000000000000, 1.000000000000000000, 0.0000000000000000000 ) ) ;
#1455 = DIRECTION ( 'NONE',  ( -1.000000000000000000, 0.0000000000000000000, 0.0000000000000000000 ) ) ;
#1456 = FACE_OUTER_BOUND ( 'NONE', #3980, .T. ) ;
#1457 = ADVANCED_FACE ( 'NONE', ( #2126 ), #4903, .F. ) ;
#1458 = FILL_AREA_STYLE_COLOUR ( '', #6714 ) ;
#1459 = EDGE_CURVE ( 'NONE', #5087, #682, #6016, .T. ) ;
#1460 = DIRECTION ( 'NONE',  ( -0.0000000000000000000, -0.0000000000000000000, -1.000000000000000000 ) ) ;
#1461 = DIRECTION ( 'NONE',  ( -1.000000000000000000, -0.0000000000000000000, -0.0000000000000000000 ) ) ;
#1462 = MECHANICAL_DESIGN_GEOMETRIC_PRESENTATION_REPRESENTATION (  '', ( #1928 ), #6495 ) ;
#1463 = SURFACE_STYLE_FILL_AREA ( #285 ) ;
#1464 = VERTEX_POINT ( 'NONE', #4337 ) ;
#1465 = CARTESIAN_POINT ( 'NONE',  ( 0.2099999999999999367, 2.211299423149112542, 0.6000000000000001998 ) ) ;
#1466 =( GEOMETRIC_REPRESENTATION_CONTEXT ( 3 ) GLOBAL_UNCERTAINTY_ASSIGNED_CONTEXT ( ( #5497 ) ) GLOBAL_UNIT_ASSIGNED_CONTEXT ( ( #1247, #5613, #3448 ) ) REPRESENTATION_CONTEXT ( 'NONE', 'WORKASPACE' ) );
#1467 = EDGE_CURVE ( 'NONE', #2043, #5003, #6484, .T. ) ;
#1468 = SURFACE_SIDE_STYLE ('',( #1603 ) ) ;
#1469 = DIRECTION ( 'NONE',  ( -1.000000000000000000, 0.0000000000000000000, 0.0000000000000000000 ) ) ;
#1470 = CARTESIAN_POINT ( 'NONE',  ( 2.794742544035805132, 0.09963729403821572350, 0.3649999999999999911 ) ) ;
#1471 = CARTESIAN_POINT ( 'NONE',  ( 0.2000000000000000111, 1.974914702507331766E-17, 0.1700000000000000122 ) ) ;
#1472 = MECHANICAL_DESIGN_GEOMETRIC_PRESENTATION_REPRESENTATION (  '', ( #2282 ), #4784 ) ;
#1473 = VERTEX_POINT ( 'NONE', #5346 ) ;
#1474 = VECTOR ( 'NONE', #6256, 1000.000000000000000 ) ;
#1475 =( NAMED_UNIT ( * ) SI_UNIT ( $, .STERADIAN. ) SOLID_ANGLE_UNIT ( ) );
#1476 = VERTEX_POINT ( 'NONE', #3257 ) ;
#1477 = AXIS2_PLACEMENT_3D ( 'NONE', #4761, #5176, #4629 ) ;
#1478 = PRESENTATION_LAYER_ASSIGNMENT (  '', '', ( #3655 ) ) ;
#1479 =( NAMED_UNIT ( * ) SI_UNIT ( $, .STERADIAN. ) SOLID_ANGLE_UNIT ( ) );
#1480 =( NAMED_UNIT ( * ) SI_UNIT ( $, .STERADIAN. ) SOLID_ANGLE_UNIT ( ) );
#1481 = ORIENTED_EDGE ( 'NONE', *, *, #5320, .F. ) ;
#1482 = MECHANICAL_DESIGN_GEOMETRIC_PRESENTATION_REPRESENTATION (  '', ( #1592 ), #4338 ) ;
#1483 = STYLED_ITEM ( 'NONE', ( #2010 ), #2758 ) ;
#1484 = UNCERTAINTY_MEASURE_WITH_UNIT (LENGTH_MEASURE( 1.000000000000000082E-05 ), #4955, 'distance_accuracy_value', 'NONE');
#1485 = DIRECTION ( 'NONE',  ( -3.614007241618338910E-15, 1.000000000000000000, 0.0000000000000000000 ) ) ;
#1486 = DIRECTION ( 'NONE',  ( 0.0000000000000000000, -0.0000000000000000000, 1.000000000000000000 ) ) ;
#1487 = ADVANCED_FACE ( 'NONE', ( #9 ), #4365, .T. ) ;
#1488 = CARTESIAN_POINT ( 'NONE',  ( 0.3972620349942652673, 0.02499999999999999445, 0.2899999999999999800 ) ) ;
#1489 = CARTESIAN_POINT ( 'NONE',  ( 0.1000000000001020212, 0.3999999999986773025, 0.4800000000000000933 ) ) ;
#1490 = CARTESIAN_POINT ( 'NONE',  ( 0.4799999997426488418, 0.1000000000000000056, 0.4999999999999999445 ) ) ;
#1491 = DIRECTION ( 'NONE',  ( 0.0000000000000000000, -1.000000000000000000, 0.0000000000000000000 ) ) ;
#1492 = VERTEX_POINT ( 'NONE', #6470 ) ;
#1493 = STYLED_ITEM ( 'NONE', ( #4282 ), #7012 ) ;
#1494 = CARTESIAN_POINT ( 'NONE',  ( 3.089847783201395970, 2.267478750143510080, 0.3649999999999999911 ) ) ;
#1495 = FACE_OUTER_BOUND ( 'NONE', #1960, .T. ) ;
#1496 = SURFACE_STYLE_USAGE ( .BOTH. , #5830 ) ;
#1497 = EDGE_CURVE ( 'NONE', #3282, #5115, #4044, .T. ) ;
#1498 = ORIENTED_EDGE ( 'NONE', *, *, #6917, .F. ) ;
#1499 = VERTEX_POINT ( 'NONE', #1034 ) ;
#1500 = LINE ( 'NONE', #1531, #5756 ) ;
#1501 = CARTESIAN_POINT ( 'NONE',  ( 2.080276409533067916, 2.400138902867559931, 0.1700000000000000122 ) ) ;
#1502 = PRESENTATION_STYLE_ASSIGNMENT (( #2646 ) ) ;
#1503 = SURFACE_STYLE_FILL_AREA ( #3149 ) ;
#1504 = VECTOR ( 'NONE', #3886, 1000.000000000000000 ) ;
#1505 =( NAMED_UNIT ( * ) SI_UNIT ( $, .STERADIAN. ) SOLID_ANGLE_UNIT ( ) );
#1506 = COLOUR_RGB ( '',0.01176470588235294101, 0.0000000000000000000, 0.05882352941176470507 ) ;
#1507 = SURFACE_SIDE_STYLE ('',( #4230 ) ) ;
#1508 = CARTESIAN_POINT ( 'NONE',  ( 2.080276409533067916, 1.879883371806615910, 0.1700000000000000122 ) ) ;
#1509 = CARTESIAN_POINT ( 'NONE',  ( 0.09999075855428361803, 0.4200404230269066952, 0.1700000000000000122 ) ) ;
#1510 = CARTESIAN_POINT ( 'NONE',  ( 1.600000000000039835, 2.474999999999998757, 0.2899999999999999800 ) ) ;
#1511 = EDGE_CURVE ( 'NONE', #3557, #152, #5925, .T. ) ;
#1512 = ADVANCED_FACE ( 'NONE', ( #2252 ), #4421, .T. ) ;
#1513 = ORIENTED_EDGE ( 'NONE', *, *, #2261, .T. ) ;
#1514 = ORIENTED_EDGE ( 'NONE', *, *, #5, .F. ) ;
#1515 = MECHANICAL_DESIGN_GEOMETRIC_PRESENTATION_REPRESENTATION (  '', ( #4014 ), #5059 ) ;
#1516 = DIRECTION ( 'NONE',  ( 1.000000000000000000, -0.0000000000000000000, 0.0000000000000000000 ) ) ;
#1517 = AXIS2_PLACEMENT_3D ( 'NONE', #1736, #27, #1135 ) ;
#1518 = ORIENTED_EDGE ( 'NONE', *, *, #4937, .F. ) ;
#1519 =( NAMED_UNIT ( * ) PLANE_ANGLE_UNIT ( ) SI_UNIT ( $, .RADIAN. ) );
#1520 = LINE ( 'NONE', #4777, #3030 ) ;
#1521 = LINE ( 'NONE', #4845, #3446 ) ;
#1522 =( GEOMETRIC_REPRESENTATION_CONTEXT ( 3 ) GLOBAL_UNCERTAINTY_ASSIGNED_CONTEXT ( ( #6199 ) ) GLOBAL_UNIT_ASSIGNED_CONTEXT ( ( #2423, #4053, #5352 ) ) REPRESENTATION_CONTEXT ( 'NONE', 'WORKASPACE' ) );
#1523 = CARTESIAN_POINT ( 'NONE',  ( 0.09999075855428365966, 0.9199523185698690320, 0.1700000000000000122 ) ) ;
#1524 = ORIENTED_EDGE ( 'NONE', *, *, #3806, .T. ) ;
#1525 = EDGE_CURVE ( 'NONE', #228, #6026, #5801, .T. ) ;
#1526 = CARTESIAN_POINT ( 'NONE',  ( 3.119854487256540576, 2.285825511622885831, 0.2899999999999993139 ) ) ;
#1527 = PRESENTATION_STYLE_ASSIGNMENT (( #3244 ) ) ;
#1528 =( NAMED_UNIT ( * ) SI_UNIT ( $, .STERADIAN. ) SOLID_ANGLE_UNIT ( ) );
#1529 = VERTEX_POINT ( 'NONE', #3945 ) ;
#1530 = ORIENTED_EDGE ( 'NONE', *, *, #5432, .T. ) ;
#1531 = CARTESIAN_POINT ( 'NONE',  ( 1.600000000000019629, 2.399999999999999467, 0.4800000000000000933 ) ) ;
#1532 = CARTESIAN_POINT ( 'NONE',  ( 2.935354209350498511, 0.1548243417504994446, 0.5000000000000000000 ) ) ;
#1533 = ADVANCED_FACE ( 'NONE', ( #5032 ), #172, .F. ) ;
#1534 = CARTESIAN_POINT ( 'NONE',  ( 2.799999999999999822, 2.325147186257614518, 0.6000000000000004219 ) ) ;
#1535 = SURFACE_SIDE_STYLE ('',( #3749 ) ) ;
#1536 = DIRECTION ( 'NONE',  ( 0.0000000000000000000, 0.0000000000000000000, -1.000000000000000000 ) ) ;
#1537 = CYLINDRICAL_SURFACE ( 'NONE', #4639, 0.07499999999999998335 ) ;
#1538 = ORIENTED_EDGE ( 'NONE', *, *, #5283, .F. ) ;
#1539 = FACE_OUTER_BOUND ( 'NONE', #3136, .T. ) ;
#1540 = ORIENTED_EDGE ( 'NONE', *, *, #6573, .T. ) ;
#1541 = PRESENTATION_LAYER_ASSIGNMENT (  '', '', ( #5885 ) ) ;
#1542 = FILL_AREA_STYLE_COLOUR ( '', #5780 ) ;
#1543 = SURFACE_SIDE_STYLE ('',( #2197 ) ) ;
#1544 = ADVANCED_FACE ( 'NONE', ( #6650 ), #4576, .F. ) ;
#1545 = PRESENTATION_STYLE_ASSIGNMENT (( #2101 ) ) ;
#1546 = AXIS2_PLACEMENT_3D ( 'NONE', #3548, #4197, #366 ) ;
#1547 = CARTESIAN_POINT ( 'NONE',  ( 0.1292284333452302647, 2.100000000000000089, 0.5000148884191946141 ) ) ;
#1548 = PLANE ( 'NONE',  #1079 ) ;
#1549 = ORIENTED_EDGE ( 'NONE', *, *, #2685, .F. ) ;
#1550 = UNCERTAINTY_MEASURE_WITH_UNIT (LENGTH_MEASURE( 1.000000000000000082E-05 ), #6578, 'distance_accuracy_value', 'NONE');
#1551 = PRESENTATION_STYLE_ASSIGNMENT (( #6500 ) ) ;
#1552 = AXIS2_PLACEMENT_3D ( 'NONE', #614, #3134, #2604 ) ;
#1553 = B_SPLINE_CURVE_WITH_KNOTS ( 'NONE', 3,
 ( #1050, #3224, #4335, #6527, #538, #1359 ),
 .UNSPECIFIED., .F., .F.,
 ( 4, 2, 4 ),
 ( 0.0000000000000000000, 0.5000000000000000000, 1.000000000000000000 ),
 .UNSPECIFIED. ) ;
#1554 = CARTESIAN_POINT ( 'NONE',  ( 0.1020465880371178580, 2.096149013752264256, 0.4898122048356456926 ) ) ;
#1555 = AXIS2_PLACEMENT_3D ( 'NONE', #2251, #1734, #6143 ) ;
#1556 = FACE_OUTER_BOUND ( 'NONE', #5674, .T. ) ;
#1557 =( GEOMETRIC_REPRESENTATION_CONTEXT ( 3 ) GLOBAL_UNCERTAINTY_ASSIGNED_CONTEXT ( ( #2226 ) ) GLOBAL_UNIT_ASSIGNED_CONTEXT ( ( #4488, #1693, #2354 ) ) REPRESENTATION_CONTEXT ( 'NONE', 'WORKASPACE' ) );
#1558 = AXIS2_PLACEMENT_3D ( 'NONE', #2690, #502, #2628 ) ;
#1559 = CARTESIAN_POINT ( 'NONE',  ( 0.2104299065281961534, 2.153241643230601632, 0.6000000000000000888 ) ) ;
#1560 = FACE_OUTER_BOUND ( 'NONE', #5949, .T. ) ;
#1561 = DIRECTION ( 'NONE',  ( -1.000000000000000000, 0.0000000000000000000, 0.0000000000000000000 ) ) ;
#1562 = VERTEX_POINT ( 'NONE', #1309 ) ;
#1563 = PRESENTATION_LAYER_ASSIGNMENT (  '', '', ( #1795 ) ) ;
#1564 = EDGE_LOOP ( 'NONE', ( #4355, #1832, #3637, #6874, #3924, #3009, #1862, #6451 ) ) ;
#1565 = FACE_OUTER_BOUND ( 'NONE', #2670, .T. ) ;
#1566 = UNCERTAINTY_MEASURE_WITH_UNIT (LENGTH_MEASURE( 1.000000000000000082E-05 ), #4054, 'distance_accuracy_value', 'NONE');
#1567 =( NAMED_UNIT ( * ) SI_UNIT ( $, .STERADIAN. ) SOLID_ANGLE_UNIT ( ) );
#1568 = DIRECTION ( 'NONE',  ( 0.0000000000000000000, 0.0000000000000000000, 1.000000000000000000 ) ) ;
#1569 = DIRECTION ( 'NONE',  ( -1.000000000000000000, 0.0000000000000000000, 0.0000000000000000000 ) ) ;
#1570 = B_SPLINE_CURVE_WITH_KNOTS ( 'NONE', 3,
 ( #5545, #3417, #5044, #3919 ),
 .UNSPECIFIED., .F., .F.,
 ( 4, 4 ),
 ( 0.0000000000000000000, 1.000000000000000000 ),
 .UNSPECIFIED. ) ;
#1571 = SURFACE_STYLE_USAGE ( .BOTH. , #2056 ) ;
#1572 = FILL_AREA_STYLE ('',( #2681 ) ) ;
#1573 =( NAMED_UNIT ( * ) PLANE_ANGLE_UNIT ( ) SI_UNIT ( $, .RADIAN. ) );
#1574 = CARTESIAN_POINT ( 'NONE',  ( 0.09999075855428365966, 0.9199523185698690320, 0.1700000000000000122 ) ) ;
#1575 = EDGE_CURVE ( 'NONE', #1923, #690, #3481, .T. ) ;
#1576 = VERTEX_POINT ( 'NONE', #5150 ) ;
#1577 = COLOUR_RGB ( '',0.6470588235294117974, 0.6196078431372549211, 0.5843137254901961120 ) ;
#1578 = CARTESIAN_POINT ( 'NONE',  ( 0.0000000000000000000, 0.2999999999999999889, 0.0000000000000000000 ) ) ;
#1579 =( LENGTH_UNIT ( ) NAMED_UNIT ( * ) SI_UNIT ( .MILLI., .METRE. ) );
#1580 = FILL_AREA_STYLE_COLOUR ( '', #544 ) ;
#1581 = CARTESIAN_POINT ( 'NONE',  ( -9.035018104045869770E-18, 2.079959576973092972, 0.0000000000000000000 ) ) ;
#1582 = STYLED_ITEM ( 'NONE', ( #5482 ), #2242 ) ;
#1583 = DIRECTION ( 'NONE',  ( -1.000000000000000000, 0.0000000000000000000, 0.0000000000000000000 ) ) ;
#1584 = CARTESIAN_POINT ( 'NONE',  ( 3.059913238209563513, 2.251031606492321036, 0.4800000000000002043 ) ) ;
#1585 = ORIENTED_EDGE ( 'NONE', *, *, #272, .T. ) ;
#1586 = EDGE_CURVE ( 'NONE', #7063, #3261, #6794, .T. ) ;
#1587 =( BOUNDED_SURFACE ( )  B_SPLINE_SURFACE ( 3, 3, ( 
 ( #3145, #5834, #1465, #3186 ),
 ( #3650, #4789, #938, #3109 ),
 ( #5298, #6943, #2050, #4224 ),
 ( #6438, #3707, #5897, #1005 ) ),
 .UNSPECIFIED., .F., .F., .T. ) 
 B_SPLINE_SURFACE_WITH_KNOTS ( ( 4, 4 ),
 ( 4, 4 ),
 ( 0.0000000000000000000, 1.000000000000000000 ),
 ( 0.0000000000000000000, 1.000000000000000000 ),
 .UNSPECIFIED. ) 
 GEOMETRIC_REPRESENTATION_ITEM ( )  RATIONAL_B_SPLINE_SURFACE ( (
 ( 1.000000000000000000, 0.8047378541243662697, 0.8047378541243662697, 1.000000000000000000),
 ( 0.8047378541243649375, 0.6476030138606887476, 0.6476030138606887476, 0.8047378541243649375),
 ( 0.8047378541243649375, 0.6476030138606887476, 0.6476030138606887476, 0.8047378541243649375),
 ( 1.000000000000000000, 0.8047378541243662697, 0.8047378541243662697, 1.000000000000000000) ) ) 
 REPRESENTATION_ITEM ( '' )  SURFACE ( )  );
#1588 = FILL_AREA_STYLE ('',( #3304 ) ) ;
#1589 = PRESENTATION_LAYER_ASSIGNMENT (  '', '', ( #5147 ) ) ;
#1590 = DIRECTION ( 'NONE',  ( -1.000000000000000000, 0.0000000000000000000, 0.0000000000000000000 ) ) ;
#1591 =( NAMED_UNIT ( * ) SI_UNIT ( $, .STERADIAN. ) SOLID_ANGLE_UNIT ( ) );
#1592 = STYLED_ITEM ( 'NONE', ( #110 ), #3416 ) ;
#1593 = EDGE_CURVE ( 'NONE', #4644, #3790, #4210, .T. ) ;
#1594 = FILL_AREA_STYLE ('',( #5435 ) ) ;
#1595 = EDGE_LOOP ( 'NONE', ( #1229, #2978, #793, #1513, #6956, #6608, #5229, #1676, #2132, #5789, #2862 ) ) ;
#1596 = SURFACE_SIDE_STYLE ('',( #2146 ) ) ;
#1597 = CARTESIAN_POINT ( 'NONE',  ( 0.3474566906771679453, 2.289575732259181873, 0.6000000000000000888 ) ) ;
#1598 = EDGE_LOOP ( 'NONE', ( #2741, #3203, #3430, #1051 ) ) ;
#1599 = CARTESIAN_POINT ( 'NONE',  ( 3.200000000000000178, 2.299999999999999822, 0.2899999999999999800 ) ) ;
#1600 = CARTESIAN_POINT ( 'NONE',  ( 2.812873157419599313, 2.378947920510923630, 0.5000000000000000000 ) ) ;
#1601 = CARTESIAN_POINT ( 'NONE',  ( 1.119723590466932039, 0.9199523185698690320, 0.0000000000000000000 ) ) ;
#1602 = PRESENTATION_STYLE_ASSIGNMENT (( #4228 ) ) ;
#1603 = SURFACE_STYLE_FILL_AREA ( #2680 ) ;
#1604 = FILL_AREA_STYLE ('',( #4261 ) ) ;
#1605 = SURFACE_SIDE_STYLE ('',( #6524 ) ) ;
#1606 = FACE_OUTER_BOUND ( 'NONE', #1147, .T. ) ;
#1607 = AXIS2_PLACEMENT_3D ( 'NONE', #4756, #5969, #1011 ) ;
#1608 =( NAMED_UNIT ( * ) SI_UNIT ( $, .STERADIAN. ) SOLID_ANGLE_UNIT ( ) );
#1609 = LINE ( 'NONE', #6636, #3132 ) ;
#1610 = EDGE_LOOP ( 'NONE', ( #6414, #5015, #4117, #5179 ) ) ;
#1611 =( LENGTH_UNIT ( ) NAMED_UNIT ( * ) SI_UNIT ( .MILLI., .METRE. ) );
#1612 = AXIS2_PLACEMENT_3D ( 'NONE', #2000, #3235, #5953 ) ;
#1613 = CARTESIAN_POINT ( 'NONE',  ( 0.4200624981287628401, 0.0000000000000000000, 0.1700000000000000122 ) ) ;
#1614 = MECHANICAL_DESIGN_GEOMETRIC_PRESENTATION_REPRESENTATION (  '', ( #1493 ), #5837 ) ;
#1615 = DIRECTION ( 'NONE',  ( 0.0000000000000000000, 0.0000000000000000000, -1.000000000000000000 ) ) ;
#1616 =( GEOMETRIC_REPRESENTATION_CONTEXT ( 3 ) GLOBAL_UNCERTAINTY_ASSIGNED_CONTEXT ( ( #3338 ) ) GLOBAL_UNIT_ASSIGNED_CONTEXT ( ( #4667, #5187, #2467 ) ) REPRESENTATION_CONTEXT ( 'NONE', 'WORKASPACE' ) );
#1617 = EDGE_LOOP ( 'NONE', ( #3497, #4404, #6875, #48 ) ) ;
#1618 = UNCERTAINTY_MEASURE_WITH_UNIT (LENGTH_MEASURE( 1.000000000000000082E-05 ), #2621, 'distance_accuracy_value', 'NONE');
#1619 = CARTESIAN_POINT ( 'NONE',  ( 0.4015377163306956820, 0.1199407981423787350, 0.4999999824757847544 ) ) ;
#1620 = MECHANICAL_DESIGN_GEOMETRIC_PRESENTATION_REPRESENTATION (  '', ( #6546 ), #949 ) ;
#1621 = SURFACE_STYLE_USAGE ( .BOTH. , #1691 ) ;
#1622 = LINE ( 'NONE', #3798, #361 ) ;
#1623 = FACE_OUTER_BOUND ( 'NONE', #4511, .T. ) ;
#1624 = SURFACE_STYLE_USAGE ( .BOTH. , #4318 ) ;
#1625 = SURFACE_STYLE_FILL_AREA ( #4319 ) ;
#1626 = ORIENTED_EDGE ( 'NONE', *, *, #3414, .F. ) ;
#1627 = EDGE_CURVE ( 'NONE', #5087, #6167, #3667, .T. ) ;
#1628 = SURFACE_STYLE_USAGE ( .BOTH. , #3351 ) ;
#1629 = PRESENTATION_STYLE_ASSIGNMENT (( #4497 ) ) ;
#1630 = ORIENTED_EDGE ( 'NONE', *, *, #6935, .F. ) ;
#1631 = ORIENTED_EDGE ( 'NONE', *, *, #4474, .F. ) ;
#1632 = CARTESIAN_POINT ( 'NONE',  ( 3.061138289910904753, 2.197752478681509913, 0.5000000000000000000 ) ) ;
#1633 = CARTESIAN_POINT ( 'NONE',  ( 0.03000000000000037706, 2.200000000000000178, 0.1700000000000000122 ) ) ;
#1634 = UNCERTAINTY_MEASURE_WITH_UNIT (LENGTH_MEASURE( 1.000000000000000082E-05 ), #2231, 'distance_accuracy_value', 'NONE');
#1635 = CARTESIAN_POINT ( 'NONE',  ( 0.3019749272942523488, 0.2289798103863816270, 0.6000000000000000888 ) ) ;
#1636 = DIRECTION ( 'NONE',  ( -0.0000000000000000000, -1.000000000000000000, 0.0000000000000000000 ) ) ;
#1637 = MECHANICAL_DESIGN_GEOMETRIC_PRESENTATION_REPRESENTATION (  '', ( #3005 ), #5427 ) ;
#1638 = LINE ( 'NONE', #6556, #113 ) ;
#1639 = DIRECTION ( 'NONE',  ( -0.0000000000000000000, -0.0000000000000000000, -1.000000000000000000 ) ) ;
#1640 = ORIENTED_EDGE ( 'NONE', *, *, #1467, .T. ) ;
#1641 = CARTESIAN_POINT ( 'NONE',  ( 2.080276409533067916, 1.879883371806615910, 0.0000000000000000000 ) ) ;
#1642 = ORIENTED_EDGE ( 'NONE', *, *, #2259, .T. ) ;
#1643 = FACE_OUTER_BOUND ( 'NONE', #1268, .T. ) ;
#1644 = VECTOR ( 'NONE', #7040, 1000.000000000000000 ) ;
#1645 = FACE_OUTER_BOUND ( 'NONE', #3212, .T. ) ;
#1646 = CARTESIAN_POINT ( 'NONE',  ( 3.304039148820151262, 2.474999999999999201, 0.3649999999999999911 ) ) ;
#1647 = CARTESIAN_POINT ( 'NONE',  ( 0.1000000000000000056, 0.4000000000000002998, 0.3649999999999999911 ) ) ;
#1648 = FILL_AREA_STYLE ('',( #4940 ) ) ;
#1649 = VECTOR ( 'NONE', #3148, 1000.000000000000000 ) ;
#1650 = ORIENTED_EDGE ( 'NONE', *, *, #5778, .F. ) ;
#1651 = CARTESIAN_POINT ( 'NONE',  ( 0.1299999999999999767, 2.100000000000000089, 0.5000000000000000000 ) ) ;
#1652 = MECHANICAL_DESIGN_GEOMETRIC_PRESENTATION_REPRESENTATION (  '', ( #1319 ), #5770 ) ;
#1653 =( NAMED_UNIT ( * ) PLANE_ANGLE_UNIT ( ) SI_UNIT ( $, .RADIAN. ) );
#1654 = CARTESIAN_POINT ( 'NONE',  ( 1.275032137967690771, 2.399999999999999911, 0.5000000000000000000 ) ) ;
#1655 =( NAMED_UNIT ( * ) PLANE_ANGLE_UNIT ( ) SI_UNIT ( $, .RADIAN. ) );
#1656 = FILL_AREA_STYLE ('',( #3343 ) ) ;
#1657 = DIRECTION ( 'NONE',  ( 1.000000000000000000, 0.0000000000000000000, 0.0000000000000000000 ) ) ;
#1658 = CARTESIAN_POINT ( 'NONE',  ( 0.1200314940056250723, 2.099997406543893330, 0.5000000000000000000 ) ) ;
#1659 = ADVANCED_FACE ( 'NONE', ( #6392 ), #410, .T. ) ;
#1660 = VECTOR ( 'NONE', #1104, 1000.000000000000000 ) ;
#1661 = ORIENTED_EDGE ( 'NONE', *, *, #4535, .F. ) ;
#1662 = AXIS2_PLACEMENT_3D ( 'NONE', #3422, #3867, #2309 ) ;
#1663 =( GEOMETRIC_REPRESENTATION_CONTEXT ( 3 ) GLOBAL_UNCERTAINTY_ASSIGNED_CONTEXT ( ( #4856 ) ) GLOBAL_UNIT_ASSIGNED_CONTEXT ( ( #1722, #5021, #2744 ) ) REPRESENTATION_CONTEXT ( 'NONE', 'WORKASPACE' ) );
#1664 = VECTOR ( 'NONE', #5544, 1000.000000000000000 ) ;
#1665 = PRESENTATION_LAYER_ASSIGNMENT (  '', '', ( #748 ) ) ;
#1666 = PRESENTATION_STYLE_ASSIGNMENT (( #1628 ) ) ;
#1667 = PRESENTATION_STYLE_ASSIGNMENT (( #3851 ) ) ;
#1668 = ORIENTED_EDGE ( 'NONE', *, *, #4112, .T. ) ;
#1669 = CARTESIAN_POINT ( 'NONE',  ( 2.896538129907539894, 2.383763296701764567, 0.4999999999999996669 ) ) ;
#1670 = DIRECTION ( 'NONE',  ( 0.0000000000000000000, -0.0000000000000000000, 1.000000000000000000 ) ) ;
#1671 = EDGE_CURVE ( 'NONE', #5896, #957, #5781, .T. ) ;
#1672 = MECHANICAL_DESIGN_GEOMETRIC_PRESENTATION_REPRESENTATION (  '', ( #4190 ), #3842 ) ;
#1673 = VECTOR ( 'NONE', #2398, 1000.000000000000000 ) ;
#1674 = CARTESIAN_POINT ( 'NONE',  ( 2.989999999999999769, 2.100000000000000089, 0.6000000000000000888 ) ) ;
#1675 = FILL_AREA_STYLE ('',( #3289 ) ) ;
#1676 = ORIENTED_EDGE ( 'NONE', *, *, #156, .T. ) ;
#1677 = SURFACE_SIDE_STYLE ('',( #606 ) ) ;
#1678 = ORIENTED_EDGE ( 'NONE', *, *, #456, .F. ) ;
#1679 = CARTESIAN_POINT ( 'NONE',  ( 0.1162367037098690908, 0.3034618585718876216, 0.5000000000000067724 ) ) ;
#1680 = COLOUR_RGB ( '',0.01176470588235294101, 0.0000000000000000000, 0.05882352941176470507 ) ;
#1681 = CARTESIAN_POINT ( 'NONE',  ( 0.09999075855428361803, 2.079959576973092972, 0.0000000000000000000 ) ) ;
#1682 = SURFACE_STYLE_USAGE ( .BOTH. , #6639 ) ;
#1683 = SURFACE_STYLE_USAGE ( .BOTH. , #4478 ) ;
#1684 = CARTESIAN_POINT ( 'NONE',  ( 0.4200624981287632842, 2.500000000000000000, 0.2899999999999999800 ) ) ;
#1685 =( GEOMETRIC_REPRESENTATION_CONTEXT ( 3 ) GLOBAL_UNCERTAINTY_ASSIGNED_CONTEXT ( ( #3347 ) ) GLOBAL_UNIT_ASSIGNED_CONTEXT ( ( #4346, #1653, #1837 ) ) REPRESENTATION_CONTEXT ( 'NONE', 'WORKASPACE' ) );
#1686 = VERTEX_POINT ( 'NONE', #377 ) ;
#1687 = ORIENTED_EDGE ( 'NONE', *, *, #2535, .F. ) ;
#1688 = UNCERTAINTY_MEASURE_WITH_UNIT (LENGTH_MEASURE( 1.000000000000000082E-05 ), #5892, 'distance_accuracy_value', 'NONE');
#1689 = LINE ( 'NONE', #7022, #2587 ) ;
#1690 = PRESENTATION_LAYER_ASSIGNMENT (  '', '', ( #1238 ) ) ;
#1691 = SURFACE_SIDE_STYLE ('',( #5465 ) ) ;
#1692 = CARTESIAN_POINT ( 'NONE',  ( 0.1199999999999998845, 2.043333333333333446, 0.5000000000000000000 ) ) ;
#1693 =( NAMED_UNIT ( * ) PLANE_ANGLE_UNIT ( ) SI_UNIT ( $, .RADIAN. ) );
#1694 = PRESENTATION_LAYER_ASSIGNMENT (  '', '', ( #669 ) ) ;
#1695 = VERTEX_POINT ( 'NONE', #308 ) ;
#1696 = VECTOR ( 'NONE', #6154, 1000.000000000000000 ) ;
#1697 = UNCERTAINTY_MEASURE_WITH_UNIT (LENGTH_MEASURE( 1.000000000000000082E-05 ), #18, 'distance_accuracy_value', 'NONE');
#1698 = FILL_AREA_STYLE_COLOUR ( '', #4407 ) ;
#1699 = CARTESIAN_POINT ( 'NONE',  ( 0.4000000000000000777, 0.1748528137423856488, 0.6000000000000001998 ) ) ;
#1700 = EDGE_CURVE ( 'NONE', #6194, #937, #6378, .T. ) ;
#1701 = MECHANICAL_DESIGN_GEOMETRIC_PRESENTATION_REPRESENTATION (  '', ( #2950 ), #910 ) ;
#1702 = AXIS2_PLACEMENT_3D ( 'NONE', #1013, #5415, #5449 ) ;
#1703 = LINE ( 'NONE', #2733, #3061 ) ;
#1704 = PRESENTATION_STYLE_ASSIGNMENT (( #661 ) ) ;
#1705 = SURFACE_STYLE_USAGE ( .BOTH. , #6654 ) ;
#1706 = FILL_AREA_STYLE_COLOUR ( '', #3729 ) ;
#1707 = CARTESIAN_POINT ( 'NONE',  ( 0.2000000000000000111, 2.500000000000000000, 0.0000000000000000000 ) ) ;
#1708 = ORIENTED_EDGE ( 'NONE', *, *, #1627, .T. ) ;
#1709 =( GEOMETRIC_REPRESENTATION_CONTEXT ( 3 ) GLOBAL_UNCERTAINTY_ASSIGNED_CONTEXT ( ( #6062 ) ) GLOBAL_UNIT_ASSIGNED_CONTEXT ( ( #5271, #3657, #5206 ) ) REPRESENTATION_CONTEXT ( 'NONE', 'WORKASPACE' ) );
#1710 = UNCERTAINTY_MEASURE_WITH_UNIT (LENGTH_MEASURE( 1.000000000000000082E-05 ), #1241, 'distance_accuracy_value', 'NONE');
#1711 = CARTESIAN_POINT ( 'NONE',  ( 3.100009241445716324, 1.580047681430130968, 0.0000000000000000000 ) ) ;
#1712 = DIRECTION ( 'NONE',  ( 0.0000000000000000000, 0.0000000000000000000, 1.000000000000000000 ) ) ;
#1713 = CARTESIAN_POINT ( 'NONE',  ( -1.626303258728256651E-16, 0.0000000000000000000, 0.2899999999999999800 ) ) ;
#1714 = LINE ( 'NONE', #1144, #6752 ) ;
#1715 = CARTESIAN_POINT ( 'NONE',  ( 3.200000000000000622, -1.626303258728256651E-16, 0.2899999999999999800 ) ) ;
#1716 = VERTEX_POINT ( 'NONE', #4666 ) ;
#1717 = CARTESIAN_POINT ( 'NONE',  ( 3.079968505970319015, 2.099997406541917577, 0.4999999876735901627 ) ) ;
#1718 = CARTESIAN_POINT ( 'NONE',  ( 0.3871268425803993107, 0.1210520794890868473, 0.4999999999999998890 ) ) ;
#1719 = CARTESIAN_POINT ( 'NONE',  ( 0.4000000000000009104, 2.100000000000000089, 0.6000000000000000888 ) ) ;
#1720 = CARTESIAN_POINT ( 'NONE',  ( 0.07336723910596869291, 2.100751759970399313, 0.3044100536129701329 ) ) ;
#1721 = EDGE_CURVE ( 'NONE', #5963, #2850, #4736, .T. ) ;
#1722 =( LENGTH_UNIT ( ) NAMED_UNIT ( * ) SI_UNIT ( .MILLI., .METRE. ) );
#1723 = LINE ( 'NONE', #5523, #6371 ) ;
#1724 = EDGE_LOOP ( 'NONE', ( #3002, #2827, #1220, #2992 ) ) ;
#1725 = ORIENTED_EDGE ( 'NONE', *, *, #2802, .F. ) ;
#1726 = AXIS2_PLACEMENT_3D ( 'NONE', #2846, #3277, #2326 ) ;
#1727 = CYLINDRICAL_SURFACE ( 'NONE', #1774, 0.2500000000000008882 ) ;
#1728 = LINE ( 'NONE', #3404, #1273 ) ;
#1729 = CARTESIAN_POINT ( 'NONE',  ( 3.100000000000000533, 0.4000000000000000222, 0.5000000000000000000 ) ) ;
#1730 = CARTESIAN_POINT ( 'NONE',  ( 3.099999999999999645, 2.090097570029880281, 0.5000000000000002220 ) ) ;
#1731 = ORIENTED_EDGE ( 'NONE', *, *, #4948, .T. ) ;
#1732 = CARTESIAN_POINT ( 'NONE',  ( 3.100009241445716324, 0.9199523185698690320, 0.1700000000000000122 ) ) ;
#1733 =( GEOMETRIC_REPRESENTATION_CONTEXT ( 3 ) GLOBAL_UNCERTAINTY_ASSIGNED_CONTEXT ( ( #2281 ) ) GLOBAL_UNIT_ASSIGNED_CONTEXT ( ( #192, #2487, #790 ) ) REPRESENTATION_CONTEXT ( 'NONE', 'WORKASPACE' ) );
#1734 = DIRECTION ( 'NONE',  ( 0.0000000000000000000, 0.0000000000000000000, 1.000000000000000000 ) ) ;
#1735 = DIRECTION ( 'NONE',  ( 0.0000000000000000000, -0.0000000000000000000, -1.000000000000000000 ) ) ;
#1736 = CARTESIAN_POINT ( 'NONE',  ( 2.779937501871236449, 2.400138902867559931, 0.1700000000000000122 ) ) ;
#1737 = STYLED_ITEM ( 'NONE', ( #1294 ), #4216 ) ;
#1738 =( LENGTH_UNIT ( ) NAMED_UNIT ( * ) SI_UNIT ( .MILLI., .METRE. ) );
#1739 = B_SPLINE_CURVE_WITH_KNOTS ( 'NONE', 3,
 ( #693, #3312, #5504, #4351 ),
 .UNSPECIFIED., .F., .F.,
 ( 4, 4 ),
 ( 0.0000000000000000000, 1.000000000000000000 ),
 .UNSPECIFIED. ) ;
#1740 = DIRECTION ( 'NONE',  ( -0.0000000000000000000, -0.0000000000000000000, -1.000000000000000000 ) ) ;
#1741 = VECTOR ( 'NONE', #1890, 1000.000000000000000 ) ;
#1742 = FILL_AREA_STYLE_COLOUR ( '', #4441 ) ;
#1743 =( NAMED_UNIT ( * ) PLANE_ANGLE_UNIT ( ) SI_UNIT ( $, .RADIAN. ) );
#1744 = FILL_AREA_STYLE ('',( #2302 ) ) ;
#1745 = CARTESIAN_POINT ( 'NONE',  ( 3.032211262653266903, 0.2495506891988449882, 0.5000000000000002220 ) ) ;
#1746 = VERTEX_POINT ( 'NONE', #4773 ) ;
#1747 = CARTESIAN_POINT ( 'NONE',  ( 3.200000000000000178, 2.299999999999999822, 0.1700000000000000122 ) ) ;
#1748 = AXIS2_PLACEMENT_3D ( 'NONE', #3301, #545, #4444 ) ;
#1749 = EDGE_CURVE ( 'NONE', #537, #269, #6960, .T. ) ;
#1750 = ORIENTED_EDGE ( 'NONE', *, *, #5048, .T. ) ;
#1751 = PRESENTATION_STYLE_ASSIGNMENT (( #6190 ) ) ;
#1752 =( GEOMETRIC_REPRESENTATION_CONTEXT ( 3 ) GLOBAL_UNCERTAINTY_ASSIGNED_CONTEXT ( ( #1634 ) ) GLOBAL_UNIT_ASSIGNED_CONTEXT ( ( #2231, #3254, #4900 ) ) REPRESENTATION_CONTEXT ( 'NONE', 'WORKASPACE' ) );
#1753 = DIRECTION ( 'NONE',  ( 0.0000000000000000000, -1.000000000000000000, 0.0000000000000000000 ) ) ;
#1754 = DIRECTION ( 'NONE',  ( 0.0000000000000000000, 0.0000000000000000000, 1.000000000000000000 ) ) ;
#1755 = SURFACE_STYLE_FILL_AREA ( #2314 ) ;
#1756 = EDGE_LOOP ( 'NONE', ( #3017, #625, #4206, #5477 ) ) ;
#1757 = VERTEX_POINT ( 'NONE', #806 ) ;
#1758 = UNCERTAINTY_MEASURE_WITH_UNIT (LENGTH_MEASURE( 1.000000000000000082E-05 ), #3078, 'distance_accuracy_value', 'NONE');
#1759 = COLOUR_RGB ( '',0.8274509803921568096, 0.6666666666666666297, 0.1254901960784313708 ) ;
#1760 = EDGE_CURVE ( 'NONE', #170, #6339, #5257, .T. ) ;
#1761 = DIRECTION ( 'NONE',  ( -0.0000000000000000000, -0.0000000000000000000, -1.000000000000000000 ) ) ;
#1762 = EDGE_CURVE ( 'NONE', #6722, #5087, #2466, .T. ) ;
#1763 =( NAMED_UNIT ( * ) PLANE_ANGLE_UNIT ( ) SI_UNIT ( $, .RADIAN. ) );
#1764 = PRESENTATION_STYLE_ASSIGNMENT (( #2836 ) ) ;
#1765 = CARTESIAN_POINT ( 'NONE',  ( 0.1199999999999998845, 1.023333333333345863, 0.4999999999999975020 ) ) ;
#1766 = CARTESIAN_POINT ( 'NONE',  ( 3.100009241445716324, 2.079959576973092972, 0.0000000000000000000 ) ) ;
#1767 = EDGE_LOOP ( 'NONE', ( #1003, #6981, #5833, #3880, #1518, #6437, #5051, #5797, #3008 ) ) ;
#1768 = ORIENTED_EDGE ( 'NONE', *, *, #6358, .F. ) ;
#1769 = VECTOR ( 'NONE', #4698, 1000.000000000000000 ) ;
#1770 = VECTOR ( 'NONE', #6653, 1000.000000000000000 ) ;
#1771 = SURFACE_SIDE_STYLE ('',( #1271 ) ) ;
#1772 =( NAMED_UNIT ( * ) PLANE_ANGLE_UNIT ( ) SI_UNIT ( $, .RADIAN. ) );
#1773 =( GEOMETRIC_REPRESENTATION_CONTEXT ( 3 ) GLOBAL_UNCERTAINTY_ASSIGNED_CONTEXT ( ( #4792 ) ) GLOBAL_UNIT_ASSIGNED_CONTEXT ( ( #94, #1655, #1186 ) ) REPRESENTATION_CONTEXT ( 'NONE', 'WORKASPACE' ) );
#1774 = AXIS2_PLACEMENT_3D ( 'NONE', #3371, #2316, #2388 ) ;
#1775 = FILL_AREA_STYLE ('',( #6182 ) ) ;
#1776 = LINE ( 'NONE', #5157, #2303 ) ;
#1777 = EDGE_LOOP ( 'NONE', ( #3665, #4454, #3428, #5740 ) ) ;
#1778 = DIRECTION ( 'NONE',  ( -1.000000000000000000, 0.0000000000000000000, -0.0000000000000000000 ) ) ;
#1779 = AXIS2_PLACEMENT_3D ( 'NONE', #4205, #1959, #6822 ) ;
#1780 = FILL_AREA_STYLE_COLOUR ( '', #5280 ) ;
#1781 =( NAMED_UNIT ( * ) SI_UNIT ( $, .STERADIAN. ) SOLID_ANGLE_UNIT ( ) );
#1782 = ORIENTED_EDGE ( 'NONE', *, *, #1235, .F. ) ;
#1783 =( GEOMETRIC_REPRESENTATION_CONTEXT ( 3 ) GLOBAL_UNCERTAINTY_ASSIGNED_CONTEXT ( ( #5072 ) ) GLOBAL_UNIT_ASSIGNED_CONTEXT ( ( #5536, #102, #5742 ) ) REPRESENTATION_CONTEXT ( 'NONE', 'WORKASPACE' ) );
#1784 = DIRECTION ( 'NONE',  ( -1.000000000000000000, -0.0000000000000000000, 0.0000000000000000000 ) ) ;
#1785 =( GEOMETRIC_REPRESENTATION_CONTEXT ( 3 ) GLOBAL_UNCERTAINTY_ASSIGNED_CONTEXT ( ( #6783 ) ) GLOBAL_UNIT_ASSIGNED_CONTEXT ( ( #5541, #3952, #1852 ) ) REPRESENTATION_CONTEXT ( 'NONE', 'WORKASPACE' ) );
#1786 = PRESENTATION_LAYER_ASSIGNMENT (  '', '', ( #203 ) ) ;
#1787 = PLANE ( 'NONE',  #6035 ) ;
#1788 = EDGE_CURVE ( 'NONE', #4933, #1576, #3562, .T. ) ;
#1789 = DIRECTION ( 'NONE',  ( 0.0000000000000000000, -0.0000000000000000000, -1.000000000000000000 ) ) ;
#1790 = PRESENTATION_STYLE_ASSIGNMENT (( #2999 ) ) ;
#1791 = VERTEX_POINT ( 'NONE', #2539 ) ;
#1792 =( LENGTH_UNIT ( ) NAMED_UNIT ( * ) SI_UNIT ( .MILLI., .METRE. ) );
#1793 = PRESENTATION_STYLE_ASSIGNMENT (( #3967 ) ) ;
#1794 = VERTEX_POINT ( 'NONE', #4701 ) ;
#1795 = STYLED_ITEM ( 'NONE', ( #380 ), #6092 ) ;
#1796 = ORIENTED_EDGE ( 'NONE', *, *, #5186, .T. ) ;
#1797 = PRESENTATION_STYLE_ASSIGNMENT (( #3401 ) ) ;
#1798 = PLANE ( 'NONE',  #2472 ) ;
#1799 = ADVANCED_FACE ( 'NONE', ( #6901 ), #6357, .T. ) ;
#1800 = ORIENTED_EDGE ( 'NONE', *, *, #4217, .T. ) ;
#1801 = EDGE_LOOP ( 'NONE', ( #1391, #4237, #1342, #6746, #3628, #6790, #2561, #1377 ) ) ;
#1802 = FILL_AREA_STYLE_COLOUR ( '', #626 ) ;
#1803 = VECTOR ( 'NONE', #629, 1000.000000000000000 ) ;
#1804 = STYLED_ITEM ( 'NONE', ( #2159 ), #2081 ) ;
#1805 = SURFACE_STYLE_FILL_AREA ( #5537 ) ;
#1806 = EDGE_CURVE ( 'NONE', #3311, #968, #4430, .T. ) ;
#1807 = CARTESIAN_POINT ( 'NONE',  ( 3.000000000000000000, 2.500000000000000444, 0.2899999999999999800 ) ) ;
#1808 = PRESENTATION_STYLE_ASSIGNMENT (( #4543 ) ) ;
#1809 = EDGE_CURVE ( 'NONE', #1476, #5731, #6028, .T. ) ;
#1810 = CARTESIAN_POINT ( 'NONE',  ( 0.3276408524792365218, 2.369693466776680690, 0.5000000000000000000 ) ) ;
#1811 = CARTESIAN_POINT ( 'NONE',  ( 2.800000000000000266, 2.370000000000000107, 0.5200000000000000178 ) ) ;
#1812 = ORIENTED_EDGE ( 'NONE', *, *, #5413, .T. ) ;
#1813 =( BOUNDED_SURFACE ( )  B_SPLINE_SURFACE ( 3, 3, ( 
 ( #4879, #5526, #512, #1225 ),
 ( #621, #4945, #7061, #3877 ),
 ( #6138, #553, #6064, #6097 ),
 ( #4485, #2702, #96, #2177 ) ),
 .UNSPECIFIED., .F., .F., .T. ) 
 B_SPLINE_SURFACE_WITH_KNOTS ( ( 4, 4 ),
 ( 4, 4 ),
 ( 0.0000000000000000000, 1.000000000000000000 ),
 ( 0.0000000000000000000, 1.000000000000000000 ),
 .UNSPECIFIED. ) 
 GEOMETRIC_REPRESENTATION_ITEM ( )  RATIONAL_B_SPLINE_SURFACE ( (
 ( 1.000000000000000000, 0.8047378541243658256, 0.8047378541243658256, 1.000000000000000000),
 ( 0.7955795317417835300, 0.6402329651591506243, 0.6402329651591506243, 0.7955795317417835300),
 ( 0.7955795317417835300, 0.6402329651591506243, 0.6402329651591506243, 0.7955795317417835300),
 ( 1.000000000000000000, 0.8047378541243658256, 0.8047378541243658256, 1.000000000000000000) ) ) 
 REPRESENTATION_ITEM ( '' )  SURFACE ( )  );
#1814 = SURFACE_SIDE_STYLE ('',( #3388 ) ) ;
#1815 = AXIS2_PLACEMENT_3D ( 'NONE', #6485, #4300, #1015 ) ;
#1816 = CARTESIAN_POINT ( 'NONE',  ( 0.1034572577486075062, 2.130621172420402942, 0.4800000000000000933 ) ) ;
#1817 = SURFACE_STYLE_USAGE ( .BOTH. , #2776 ) ;
#1818 =( NAMED_UNIT ( * ) PLANE_ANGLE_UNIT ( ) SI_UNIT ( $, .RADIAN. ) );
#1819 = CARTESIAN_POINT ( 'NONE',  ( 3.080059201909494337, 0.4015377163306956820, 0.5000000000000000000 ) ) ;
#1820 = PRESENTATION_LAYER_ASSIGNMENT (  '', '', ( #4578 ) ) ;
#1821 = LINE ( 'NONE', #3420, #3243 ) ;
#1822 = DIRECTION ( 'NONE',  ( 0.0000000000000000000, -0.0000000000000000000, 1.000000000000000000 ) ) ;
#1823 = CARTESIAN_POINT ( 'NONE',  ( 0.4000000000000009104, 0.4000000000000009104, 0.5200000000000000178 ) ) ;
#1824 = CARTESIAN_POINT ( 'NONE',  ( 2.800000000000000266, 2.370000000000000107, 0.5000000000000000000 ) ) ;
#1825 =( NAMED_UNIT ( * ) PLANE_ANGLE_UNIT ( ) SI_UNIT ( $, .RADIAN. ) );
#1826 = LINE ( 'NONE', #6808, #6577 ) ;
#1827 = DIRECTION ( 'NONE',  ( 0.0000000000000000000, 1.000000000000000000, 0.0000000000000000000 ) ) ;
#1828 = FILL_AREA_STYLE ('',( #825 ) ) ;
#1829 = ORIENTED_EDGE ( 'NONE', *, *, #4305, .T. ) ;
#1830 = DIRECTION ( 'NONE',  ( 0.0000000000000000000, -0.0000000000000000000, -1.000000000000000000 ) ) ;
#1831 = DIRECTION ( 'NONE',  ( 1.000000000000000000, 0.0000000000000000000, -0.0000000000000000000 ) ) ;
#1832 = ORIENTED_EDGE ( 'NONE', *, *, #2305, .F. ) ;
#1833 = ORIENTED_EDGE ( 'NONE', *, *, #6761, .F. ) ;
#1834 = UNCERTAINTY_MEASURE_WITH_UNIT (LENGTH_MEASURE( 1.000000000000000082E-05 ), #5522, 'distance_accuracy_value', 'NONE');
#1836 = ADVANCED_FACE ( 'NONE', ( #2106 ), #5394, .F. ) ;
#1835 = DIRECTION ( 'NONE',  ( -0.0000000000000000000, 0.0000000000000000000, -1.000000000000000000 ) ) ;
#1837 =( NAMED_UNIT ( * ) SI_UNIT ( $, .STERADIAN. ) SOLID_ANGLE_UNIT ( ) );
#1838 = DIRECTION ( 'NONE',  ( 1.000000000000000000, 0.0000000000000000000, -0.0000000000000000000 ) ) ;
#1839 = CARTESIAN_POINT ( 'NONE',  ( 3.042389143786229599, 0.2590481056463976306, 0.5000000000000000000 ) ) ;
#1840 = SURFACE_SIDE_STYLE ('',( #6174 ) ) ;
#1841 = AXIS2_PLACEMENT_3D ( 'NONE', #4220, #965, #520 ) ;
#1842 = ORIENTED_EDGE ( 'NONE', *, *, #1037, .F. ) ;
#1843 = ORIENTED_EDGE ( 'NONE', *, *, #5348, .T. ) ;
#1844 = UNCERTAINTY_MEASURE_WITH_UNIT (LENGTH_MEASURE( 1.000000000000000082E-05 ), #4048, 'distance_accuracy_value', 'NONE');
#1846 = ADVANCED_FACE ( 'NONE', ( #478 ), #2207, .F. ) ;
#1845 = FACE_OUTER_BOUND ( 'NONE', #257, .T. ) ;
#1847 = CARTESIAN_POINT ( 'NONE',  ( 0.02999999999999994338, 0.2999999999999999889, 0.1700000000000000122 ) ) ;
#1848 = CARTESIAN_POINT ( 'NONE',  ( 0.4200624981287628401, 0.09986109713243988828, 0.1700000000000000122 ) ) ;
#1849 = VECTOR ( 'NONE', #1275, 1000.000000000000000 ) ;
#1850 =( NAMED_UNIT ( * ) SI_UNIT ( $, .STERADIAN. ) SOLID_ANGLE_UNIT ( ) );
#1851 = LINE ( 'NONE', #4023, #4148 ) ;
#1852 =( NAMED_UNIT ( * ) SI_UNIT ( $, .STERADIAN. ) SOLID_ANGLE_UNIT ( ) );
#1853 = VERTEX_POINT ( 'NONE', #2909 ) ;
#1854 = PLANE ( 'NONE',  #3985 ) ;
#1855 = VECTOR ( 'NONE', #1339, 1000.000000000000114 ) ;
#1856 = ADVANCED_FACE ( 'NONE', ( #6645 ), #93, .T. ) ;
#1857 = SURFACE_STYLE_FILL_AREA ( #6291 ) ;
#1858 = EDGE_CURVE ( 'NONE', #5895, #228, #3630, .T. ) ;
#1859 = DIRECTION ( 'NONE',  ( 0.0000000000000000000, 0.0000000000000000000, 1.000000000000000000 ) ) ;
#1860 = VECTOR ( 'NONE', #4799, 1000.000000000000000 ) ;
#1861 = CARTESIAN_POINT ( 'NONE',  ( 0.09999075855428361803, 1.580047681430130968, 0.1700000000000000122 ) ) ;
#1862 = ORIENTED_EDGE ( 'NONE', *, *, #475, .T. ) ;
#1863 = CARTESIAN_POINT ( 'NONE',  ( 0.03000000000000037706, 2.469999999999999751, 0.1700000000000000122 ) ) ;
#1864 = ADVANCED_FACE ( 'NONE', ( #264 ), #2375, .F. ) ;
#1865 = CARTESIAN_POINT ( 'NONE',  ( 3.070000000000000284, 0.3999999999999999667, 0.5200000000000000178 ) ) ;
#1866 = DIRECTION ( 'NONE',  ( 0.0000000000000000000, 0.0000000000000000000, 1.000000000000000000 ) ) ;
#1867 = FACE_OUTER_BOUND ( 'NONE', #6890, .T. ) ;
#1868 = FILL_AREA_STYLE ('',( #4557 ) ) ;
#1869 = AXIS2_PLACEMENT_3D ( 'NONE', #4042, #4085, #1830 ) ;
#1870 = CARTESIAN_POINT ( 'NONE',  ( 2.080276409533067916, 0.02999999999999997113, 0.1700000000000000122 ) ) ;
#1871 = SURFACE_SIDE_STYLE ('',( #5131 ) ) ;
#1872 = ORIENTED_EDGE ( 'NONE', *, *, #5532, .T. ) ;
#1873 = DIRECTION ( 'NONE',  ( 1.000000000000000000, 0.0000000000000000000, 0.0000000000000000000 ) ) ;
#1874 = EDGE_LOOP ( 'NONE', ( #47, #286, #216, #6682 ) ) ;
#1875 = ORIENTED_EDGE ( 'NONE', *, *, #4376, .F. ) ;
#1876 = VECTOR ( 'NONE', #78, 1000.000000000000000 ) ;
#1877 =( NAMED_UNIT ( * ) PLANE_ANGLE_UNIT ( ) SI_UNIT ( $, .RADIAN. ) );
#1878 = EDGE_CURVE ( 'NONE', #6589, #5950, #231, .T. ) ;
#1879 = PLANE ( 'NONE',  #1477 ) ;
#1880 = MECHANICAL_DESIGN_GEOMETRIC_PRESENTATION_REPRESENTATION (  '', ( #6218 ), #5785 ) ;
#1881 = COLOUR_RGB ( '',0.8274509803921568096, 0.6666666666666666297, 0.1254901960784313708 ) ;
#1882 = FILL_AREA_STYLE ('',( #6351 ) ) ;
#1883 = ORIENTED_EDGE ( 'NONE', *, *, #3019, .T. ) ;
#1884 = ORIENTED_EDGE ( 'NONE', *, *, #3733, .T. ) ;
#1885 = DIRECTION ( 'NONE',  ( 0.0000000000000000000, 0.0000000000000000000, -1.000000000000000000 ) ) ;
#1886 = FACE_OUTER_BOUND ( 'NONE', #2641, .T. ) ;
#1887 = CARTESIAN_POINT ( 'NONE',  ( 0.02999999999999994338, 0.09986109713243988828, 0.1700000000000000122 ) ) ;
#1888 = DIRECTION ( 'NONE',  ( -0.0000000000000000000, -0.0000000000000000000, -1.000000000000000000 ) ) ;
#1889 = EDGE_CURVE ( 'NONE', #537, #1794, #301, .T. ) ;
#1890 = DIRECTION ( 'NONE',  ( -1.000000000000000000, -0.0000000000000000000, 0.0000000000000000000 ) ) ;
#1891 = CARTESIAN_POINT ( 'NONE',  ( 1.920000000000000595, 0.1000000000000000056, 0.4800000000000000933 ) ) ;
#1892 = EDGE_LOOP ( 'NONE', ( #2096, #1341, #4055, #4490 ) ) ;
#1893 = VECTOR ( 'NONE', #3522, 1000.000000000000000 ) ;
#1894 = CARTESIAN_POINT ( 'NONE',  ( 2.080276409533067916, 1.879883371806615910, 0.1700000000000000122 ) ) ;
#1895 = DIRECTION ( 'NONE',  ( 1.000000000000000000, -0.0000000000000000000, 0.0000000000000000000 ) ) ;
#1896 = EDGE_CURVE ( 'NONE', #3917, #152, #2498, .T. ) ;
#1897 = EDGE_CURVE ( 'NONE', #3438, #2386, #3228, .T. ) ;
#1898 = ORIENTED_EDGE ( 'NONE', *, *, #5310, .T. ) ;
#1899 =( NAMED_UNIT ( * ) SI_UNIT ( $, .STERADIAN. ) SOLID_ANGLE_UNIT ( ) );
#1900 = CARTESIAN_POINT ( 'NONE',  ( 3.100009241445716324, 0.4200404230269066952, 0.0000000000000000000 ) ) ;
#1901 = STYLED_ITEM ( 'NONE', ( #3095 ), #5687 ) ;
#1903 = PRESENTATION_LAYER_ASSIGNMENT (  '', '', ( #4866 ) ) ;
#1902 = B_SPLINE_CURVE_WITH_KNOTS ( 'NONE', 3,
 ( #1304, #6203, #235, #6310, #6278, #3473 ),
 .UNSPECIFIED., .F., .F.,
 ( 4, 2, 4 ),
 ( 0.0000000000000000000, 0.5000000000000000000, 1.000000000000000000 ),
 .UNSPECIFIED. ) ;
#1904 = CARTESIAN_POINT ( 'NONE',  ( 3.200000000000000178, 2.079959576973092972, 0.2899999999999999800 ) ) ;
#1905 = PRESENTATION_LAYER_ASSIGNMENT (  '', '', ( #635 ) ) ;
#1906 = AXIS2_PLACEMENT_3D ( 'NONE', #6367, #5924, #929 ) ;
#1907 = COLOUR_RGB ( '',0.8274509803921568096, 0.6666666666666666297, 0.1294117647058823373 ) ;
#1908 = LINE ( 'NONE', #2381, #5632 ) ;
#1909 = ADVANCED_FACE ( 'NONE', ( #1645 ), #2658, .F. ) ;
#1910 = ORIENTED_EDGE ( 'NONE', *, *, #4580, .T. ) ;
#1911 = DIRECTION ( 'NONE',  ( 0.0000000000000000000, -0.0000000000000000000, 1.000000000000000000 ) ) ;
#1912 = ORIENTED_EDGE ( 'NONE', *, *, #2719, .T. ) ;
#1913 = EDGE_LOOP ( 'NONE', ( #2979, #4267, #830, #4304 ) ) ;
#1914 = UNCERTAINTY_MEASURE_WITH_UNIT (LENGTH_MEASURE( 1.000000000000000082E-05 ), #1968, 'distance_accuracy_value', 'NONE');
#1915 = DIRECTION ( 'NONE',  ( 0.0000000000000000000, 0.0000000000000000000, -1.000000000000000000 ) ) ;
#1916 = CARTESIAN_POINT ( 'NONE',  ( 0.1499999999999999389, 0.2535533905932746412, 0.5079231107168266091 ) ) ;
#1917 = CARTESIAN_POINT ( 'NONE',  ( 0.3000000000000000444, 0.0000000000000000000, 0.1700000000000000122 ) ) ;
#1918 = CARTESIAN_POINT ( 'NONE',  ( 0.4200624981287633397, 2.500000000000000000, 0.1700000000000000122 ) ) ;
#1919 = DIRECTION ( 'NONE',  ( 0.7184060015747271155, -0.6956240485358546888, 0.0000000000000000000 ) ) ;
#1920 = MECHANICAL_DESIGN_GEOMETRIC_PRESENTATION_REPRESENTATION (  '', ( #2265 ), #1785 ) ;
#1921 = STYLED_ITEM ( 'NONE', ( #3242 ), #1512 ) ;
#1922 = CARTESIAN_POINT ( 'NONE',  ( 0.1000000000000000056, 0.4566666666666682195, 0.4800000000000000933 ) ) ;
#1923 = VERTEX_POINT ( 'NONE', #4307 ) ;
#1924 = EDGE_LOOP ( 'NONE', ( #633, #6352, #1445, #4500 ) ) ;
#1925 = UNCERTAINTY_MEASURE_WITH_UNIT (LENGTH_MEASURE( 1.000000000000000082E-05 ), #4921, 'distance_accuracy_value', 'NONE');
#1926 = CARTESIAN_POINT ( 'NONE',  ( 3.169999999999999929, 0.2999999999999999889, 0.0000000000000000000 ) ) ;
#1927 = FILL_AREA_STYLE ('',( #6209 ) ) ;
#1928 = STYLED_ITEM ( 'NONE', ( #51 ), #1836 ) ;
#1929 = FILL_AREA_STYLE ('',( #1380 ) ) ;
#1930 = SURFACE_STYLE_USAGE ( .BOTH. , #2505 ) ;
#1931 = DIRECTION ( 'NONE',  ( 0.0000000000000000000, -0.0000000000000000000, 1.000000000000000000 ) ) ;
#1932 = AXIS2_PLACEMENT_3D ( 'NONE', #1865, #900, #3579 ) ;
#1933 = FILL_AREA_STYLE_COLOUR ( '', #5225 ) ;
#1934 = ADVANCED_FACE ( 'NONE', ( #4240 ), #6493, .F. ) ;
#1935 = VECTOR ( 'NONE', #4813, 1000.000000000000000 ) ;
#1936 = COLOUR_RGB ( '',0.8274509803921568096, 0.6666666666666666297, 0.1254901960784313708 ) ;
#1937 = LINE ( 'NONE', #3995, #221 ) ;
#1938 = CYLINDRICAL_SURFACE ( 'NONE', #1841, 0.2500000000000006661 ) ;
#1939 = PLANE ( 'NONE',  #5828 ) ;
#1940 = CARTESIAN_POINT ( 'NONE',  ( 3.050000000000000266, 0.4000000000000001887, 0.6000000000000000888 ) ) ;
#1941 = DIRECTION ( 'NONE',  ( -0.0000000000000000000, 1.000000000000000000, 0.0000000000000000000 ) ) ;
#1942 = MECHANICAL_DESIGN_GEOMETRIC_PRESENTATION_REPRESENTATION (  '', ( #5147 ), #5926 ) ;
#1943 = CARTESIAN_POINT ( 'NONE',  ( 3.096542742251393587, 0.3693788275795957809, 0.4800000000000001488 ) ) ;
#1944 = MECHANICAL_DESIGN_GEOMETRIC_PRESENTATION_REPRESENTATION (  '', ( #1582 ), #2951 ) ;
#1945 = CARTESIAN_POINT ( 'NONE',  ( 0.2380802303359589034, 0.1509749249621588352, 0.4800000000000000933 ) ) ;
#1946 = AXIS2_PLACEMENT_3D ( 'NONE', #253, #1364, #4682 ) ;
#1947 = CARTESIAN_POINT ( 'NONE',  ( 2.800000000000000266, 0.1499999999999999944, 0.6000000000000000888 ) ) ;
#1948 = CARTESIAN_POINT ( 'NONE',  ( 0.3000000000000000444, 0.02999999999999998848, 0.1700000000000000122 ) ) ;
#1949 = PRESENTATION_LAYER_ASSIGNMENT (  '', '', ( #3408 ) ) ;
#1950 = DIRECTION ( 'NONE',  ( 1.000000000000000000, 0.0000000000000000000, -0.0000000000000000000 ) ) ;
#1951 = VERTEX_POINT ( 'NONE', #1681 ) ;
#1952 = SURFACE_STYLE_FILL_AREA ( #297 ) ;
#1953 = ORIENTED_EDGE ( 'NONE', *, *, #4700, .T. ) ;
#1954 = ADVANCED_FACE ( 'NONE', ( #6087 ), #3364, .T. ) ;
#1955 = EDGE_CURVE ( 'NONE', #80, #6840, #3329, .T. ) ;
#1956 =( LENGTH_UNIT ( ) NAMED_UNIT ( * ) SI_UNIT ( .MILLI., .METRE. ) );
#1957 = FACE_OUTER_BOUND ( 'NONE', #1610, .T. ) ;
#1958 = SURFACE_STYLE_FILL_AREA ( #3977 ) ;
#1959 = DIRECTION ( 'NONE',  ( 0.6956240485358546888, 0.7184060015747271155, -0.0000000000000000000 ) ) ;
#1960 = EDGE_LOOP ( 'NONE', ( #6476, #5654, #2913, #1829 ) ) ;
#1961 = DIRECTION ( 'NONE',  ( 0.0000000000000000000, 0.0000000000000000000, -1.000000000000000000 ) ) ;
#1962 =( NAMED_UNIT ( * ) PLANE_ANGLE_UNIT ( ) SI_UNIT ( $, .RADIAN. ) );
#1963 = LINE ( 'NONE', #4634, #5285 ) ;
#1964 = FACE_OUTER_BOUND ( 'NONE', #3185, .T. ) ;
#1965 = SURFACE_STYLE_FILL_AREA ( #5682 ) ;
#1966 = LINE ( 'NONE', #4138, #379 ) ;
#1967 = CARTESIAN_POINT ( 'NONE',  ( 0.5600000003426556239, 0.1000000000000000056, 0.4999999999999999445 ) ) ;
#1968 =( LENGTH_UNIT ( ) NAMED_UNIT ( * ) SI_UNIT ( .MILLI., .METRE. ) );
#1969 = AXIS2_PLACEMENT_3D ( 'NONE', #1811, #1316, #3444 ) ;
#1970 = COLOUR_RGB ( '',0.8274509803921568096, 0.6666666666666666297, 0.1294117647058823373 ) ;
#1971 = FILL_AREA_STYLE ('',( #4782 ) ) ;
#1972 = CARTESIAN_POINT ( 'NONE',  ( 3.070000000000000284, 2.100000000000000089, 0.5000000000000000000 ) ) ;
#1973 = SURFACE_STYLE_FILL_AREA ( #4678 ) ;
#1974 = CARTESIAN_POINT ( 'NONE',  ( 3.169999999999999929, 2.199999999999999734, 0.1700000000000000122 ) ) ;
#1975 = EDGE_CURVE ( 'NONE', #6238, #705, #5621, .T. ) ;
#1976 = DIRECTION ( 'NONE',  ( 0.0000000000000000000, 1.000000000000000000, 0.0000000000000000000 ) ) ;
#1977 =( GEOMETRIC_REPRESENTATION_CONTEXT ( 3 ) GLOBAL_UNCERTAINTY_ASSIGNED_CONTEXT ( ( #548 ) ) GLOBAL_UNIT_ASSIGNED_CONTEXT ( ( #444, #4275, #1479 ) ) REPRESENTATION_CONTEXT ( 'NONE', 'WORKASPACE' ) );
#1978 = CARTESIAN_POINT ( 'NONE',  ( -1.626303258728256651E-16, 0.09986109713243988828, 0.0000000000000000000 ) ) ;
#1979 = CARTESIAN_POINT ( 'NONE',  ( 0.3846473386338429279, 2.398816093618959755, 0.4800000000000000933 ) ) ;
#1980 = ADVANCED_FACE ( 'NONE', ( #580 ), #1787, .F. ) ;
#1981 = EDGE_LOOP ( 'NONE', ( #4366, #2232, #1049, #680 ) ) ;
#1982 =( NAMED_UNIT ( * ) SI_UNIT ( $, .STERADIAN. ) SOLID_ANGLE_UNIT ( ) );
#1983 = VERTEX_POINT ( 'NONE', #6263 ) ;
#1984 = ORIENTED_EDGE ( 'NONE', *, *, #833, .T. ) ;
#1985 = CARTESIAN_POINT ( 'NONE',  ( 0.09999075855428361803, 0.4200404230269066952, 0.0000000000000000000 ) ) ;
#1986 = CARTESIAN_POINT ( 'NONE',  ( 0.4000000000000009104, 0.1500000000000000777, 0.5400000000000001465 ) ) ;
#1987 = VECTOR ( 'NONE', #5825, 1000.000000000000000 ) ;
#1988 =( NAMED_UNIT ( * ) PLANE_ANGLE_UNIT ( ) SI_UNIT ( $, .RADIAN. ) );
#1989 = DIRECTION ( 'NONE',  ( 0.0000000000000000000, -0.0000000000000000000, -1.000000000000000000 ) ) ;
#1990 = CARTESIAN_POINT ( 'NONE',  ( 0.2052604420177458477, 0.2121419212420618539, 0.5000030807121101928 ) ) ;
#1991 = EDGE_CURVE ( 'NONE', #6930, #3853, #1233, .T. ) ;
#1992 = ORIENTED_EDGE ( 'NONE', *, *, #972, .T. ) ;
#1993 = EDGE_CURVE ( 'NONE', #4041, #1385, #5657, .T. ) ;
#1994 = ORIENTED_EDGE ( 'NONE', *, *, #533, .T. ) ;
#1995 = UNCERTAINTY_MEASURE_WITH_UNIT (LENGTH_MEASURE( 1.000000000000000082E-05 ), #7071, 'distance_accuracy_value', 'NONE');
#1996 = PRESENTATION_LAYER_ASSIGNMENT (  '', '', ( #4153 ) ) ;
#1997 = B_SPLINE_CURVE_WITH_KNOTS ( 'NONE', 3,
 ( #6640, #6090, #582, #6565, #506, #1647 ),
 .UNSPECIFIED., .F., .F.,
 ( 4, 2, 4 ),
 ( 0.0000000000000000000, 0.5000000000000000000, 1.000000000000000000 ),
 .UNSPECIFIED. ) ;
#1998 =( LENGTH_UNIT ( ) NAMED_UNIT ( * ) SI_UNIT ( .MILLI., .METRE. ) );
#1999 = COLOUR_RGB ( '',0.01176470588235294101, 0.0000000000000000000, 0.05882352941176470507 ) ;
#2000 = CARTESIAN_POINT ( 'NONE',  ( 0.02999999999999994338, 0.02999999999999997113, 0.1700000000000000122 ) ) ;
#2001 = FACE_OUTER_BOUND ( 'NONE', #6303, .T. ) ;
#2002 = DIRECTION ( 'NONE',  ( -1.000000000000000000, 0.0000000000000000000, 0.0000000000000000000 ) ) ;
#2003 = DIRECTION ( 'NONE',  ( 1.000000000000000000, 0.0000000000000000000, -0.0000000000000000000 ) ) ;
#2004 = CARTESIAN_POINT ( 'NONE',  ( 2.720000000000005080, 0.1000000000000000056, 0.4800000000000000933 ) ) ;
#2005 = EDGE_CURVE ( 'NONE', #705, #5308, #4036, .T. ) ;
#2006 = DIRECTION ( 'NONE',  ( 0.0000000000000000000, -0.0000000000000000000, -1.000000000000000000 ) ) ;
#2007 = VERTEX_POINT ( 'NONE', #252 ) ;
#2008 = VECTOR ( 'NONE', #213, 1000.000000000000000 ) ;
#2009 = FILL_AREA_STYLE_COLOUR ( '', #662 ) ;
#2010 = PRESENTATION_STYLE_ASSIGNMENT (( #219 ) ) ;
#2011 = CARTESIAN_POINT ( 'NONE',  ( 2.800000000000000266, 2.350000000000000089, 0.5400000000000001465 ) ) ;
#2012 = VERTEX_POINT ( 'NONE', #6333 ) ;
#2013 =( NAMED_UNIT ( * ) SI_UNIT ( $, .STERADIAN. ) SOLID_ANGLE_UNIT ( ) );
#2014 =( NAMED_UNIT ( * ) PLANE_ANGLE_UNIT ( ) SI_UNIT ( $, .RADIAN. ) );
#2015 = FILL_AREA_STYLE ('',( #5270 ) ) ;
#2016 = LINE ( 'NONE', #6264, #4231 ) ;
#2017 =( NAMED_UNIT ( * ) PLANE_ANGLE_UNIT ( ) SI_UNIT ( $, .RADIAN. ) );
#2018 = DIRECTION ( 'NONE',  ( -1.000000000000000000, 0.0000000000000000000, -0.0000000000000000000 ) ) ;
#2019 = ORIENTED_EDGE ( 'NONE', *, *, #811, .F. ) ;
#2020 = VECTOR ( 'NONE', #6239, 1000.000000000000000 ) ;
#2021 =( GEOMETRIC_REPRESENTATION_CONTEXT ( 3 ) GLOBAL_UNCERTAINTY_ASSIGNED_CONTEXT ( ( #1343 ) ) GLOBAL_UNIT_ASSIGNED_CONTEXT ( ( #5595, #2908, #5140 ) ) REPRESENTATION_CONTEXT ( 'NONE', 'WORKASPACE' ) );
#2022 = DIRECTION ( 'NONE',  ( 0.0000000000000000000, -0.0000000000000000000, 1.000000000000000000 ) ) ;
#2023 = LINE ( 'NONE', #2532, #3260 ) ;
#2024 = EDGE_CURVE ( 'NONE', #5896, #4673, #5203, .T. ) ;
#2025 = COLOUR_RGB ( '',0.8274509803921568096, 0.6666666666666666297, 0.1254901960784313708 ) ;
#2026 = AXIS2_PLACEMENT_3D ( 'NONE', #4858, #1568, #5446 ) ;
#2027 = VECTOR ( 'NONE', #6279, 1000.000000000000000 ) ;
#2028 = SURFACE_SIDE_STYLE ('',( #5314 ) ) ;
#2029 = FILL_AREA_STYLE_COLOUR ( '', #3238 ) ;
#2030 =( NAMED_UNIT ( * ) PLANE_ANGLE_UNIT ( ) SI_UNIT ( $, .RADIAN. ) );
#2031 = VERTEX_POINT ( 'NONE', #4150 ) ;
#2032 = COLOUR_RGB ( '',0.8274509803921568096, 0.6666666666666666297, 0.1254901960784313708 ) ;
#2033 = VECTOR ( 'NONE', #2183, 1000.000000000000000 ) ;
#2034 = VECTOR ( 'NONE', #4225, 1000.000000000000000 ) ;
#2035 =( LENGTH_UNIT ( ) NAMED_UNIT ( * ) SI_UNIT ( .MILLI., .METRE. ) );
#2036 = CARTESIAN_POINT ( 'NONE',  ( 2.758890075725995666E-18, 0.2000000000000000111, 0.2899999999999999800 ) ) ;
#2037 = ADVANCED_FACE ( 'NONE', ( #860 ), #3621, .F. ) ;
#2038 =( NAMED_UNIT ( * ) PLANE_ANGLE_UNIT ( ) SI_UNIT ( $, .RADIAN. ) );
#2039 = CARTESIAN_POINT ( 'NONE',  ( 3.170000000000000373, 0.9199523185698690320, 0.1700000000000000122 ) ) ;
#2040 = SURFACE_SIDE_STYLE ('',( #1965 ) ) ;
#2041 = SURFACE_STYLE_FILL_AREA ( #5434 ) ;
#2042 = CARTESIAN_POINT ( 'NONE',  ( 2.080276409533067916, 0.09986109713243988828, 0.1700000000000000122 ) ) ;
#2043 = VERTEX_POINT ( 'NONE', #1325 ) ;
#2044 = SURFACE_STYLE_USAGE ( .BOTH. , #2571 ) ;
#2045 = EDGE_CURVE ( 'NONE', #968, #5998, #3503, .T. ) ;
#2046 = EDGE_CURVE ( 'NONE', #2145, #6567, #5135, .T. ) ;
#2047 = DIRECTION ( 'NONE',  ( -0.0000000000000000000, -1.000000000000000000, 0.0000000000000000000 ) ) ;
#2048 = DIRECTION ( 'NONE',  ( -0.0000000000000000000, -1.000000000000000000, 0.0000000000000000000 ) ) ;
#2049 = ORIENTED_EDGE ( 'NONE', *, *, #5729, .T. ) ;
#2050 = CARTESIAN_POINT ( 'NONE',  ( 0.1499999999999997724, 2.246446609406726580, 0.5751471862576144067 ) ) ;
#2051 = CARTESIAN_POINT ( 'NONE',  ( 2.809264482820521991, 1.923971919735854019, 0.6100000000000000977 ) ) ;
#2052 = SURFACE_SIDE_STYLE ('',( #491 ) ) ;
#2053 = VECTOR ( 'NONE', #3535, 1000.000000000000000 ) ;
#2054 = STYLED_ITEM ( 'NONE', ( #4976 ), #1954 ) ;
#2055 = PRESENTATION_STYLE_ASSIGNMENT (( #4260 ) ) ;
#2056 = SURFACE_SIDE_STYLE ('',( #465 ) ) ;
#2057 = CARTESIAN_POINT ( 'NONE',  ( 0.06862867477207786060, 2.096630123043520921, 0.2899999999999999245 ) ) ;
#2058 = LINE ( 'NONE', #1509, #2884 ) ;
#2059 = CARTESIAN_POINT ( 'NONE',  ( 3.200000000000000178, 0.4200404230269066952, 0.0000000000000000000 ) ) ;
#2060 = CARTESIAN_POINT ( 'NONE',  ( 0.1162367032982362103, 2.196538129907547265, 0.4999999999999901745 ) ) ;
#2061 = AXIS2_PLACEMENT_3D ( 'NONE', #6613, #3376, #5570 ) ;
#2062 = ORIENTED_EDGE ( 'NONE', *, *, #6530, .T. ) ;
#2063 = SURFACE_SIDE_STYLE ('',( #2529 ) ) ;
#2064 = ORIENTED_EDGE ( 'NONE', *, *, #6456, .T. ) ;
#2065 = CARTESIAN_POINT ( 'NONE',  ( 3.174999999999999822, 0.3972620349942626583, 0.2899999999999999800 ) ) ;
#2066 = AXIS2_PLACEMENT_3D ( 'NONE', #292, #1469, #4079 ) ;
#2067 = CARTESIAN_POINT ( 'NONE',  ( 2.779937501871236893, 0.09986109713243988828, 0.1700000000000000122 ) ) ;
#2068 = CARTESIAN_POINT ( 'NONE',  ( 0.4000000000000002442, 2.350000000000000977, 0.5079226145318315178 ) ) ;
#2069 = SURFACE_STYLE_FILL_AREA ( #1058 ) ;
#2070 = LINE ( 'NONE', #4342, #412 ) ;
#2071 = ADVANCED_FACE ( 'NONE', ( #3033 ), #3075, .F. ) ;
#2072 = STYLED_ITEM ( 'NONE', ( #5254 ), #3501 ) ;
#2073 = UNCERTAINTY_MEASURE_WITH_UNIT (LENGTH_MEASURE( 1.000000000000000082E-05 ), #4860, 'distance_accuracy_value', 'NONE');
#2074 = CARTESIAN_POINT ( 'NONE',  ( 0.3972620350065750316, 2.475000000000170175, 0.2899999999999999800 ) ) ;
#2075 = SURFACE_STYLE_USAGE ( .BOTH. , #844 ) ;
#2076 = SURFACE_STYLE_USAGE ( .BOTH. , #4775 ) ;
#2077 = CYLINDRICAL_SURFACE ( 'NONE', #6390, 0.3260323503590205618 ) ;
#2078 = FILL_AREA_STYLE ('',( #3700 ) ) ;
#2079 = CARTESIAN_POINT ( 'NONE',  ( 2.389931833186331733, 1.580047681430130746, 0.1700000000000000122 ) ) ;
#2080 = CARTESIAN_POINT ( 'NONE',  ( 0.2000000000000000111, 1.974914702507331766E-17, 0.2899999999999999800 ) ) ;
#2081 = ADVANCED_FACE ( 'NONE', ( #4829 ), #4605, .T. ) ;
#2082 = SURFACE_SIDE_STYLE ('',( #6964 ) ) ;
#2083 = EDGE_LOOP ( 'NONE', ( #1157, #3253, #5468, #2181, #1411, #6216, #732, #4886 ) ) ;
#2084 = DIRECTION ( 'NONE',  ( -0.0000000000000000000, -0.0000000000000000000, -1.000000000000000000 ) ) ;
#2085 = MECHANICAL_DESIGN_GEOMETRIC_PRESENTATION_REPRESENTATION (  '', ( #5847 ), #814 ) ;
#2086 = EDGE_CURVE ( 'NONE', #5420, #4041, #2188, .T. ) ;
#2087 = UNCERTAINTY_MEASURE_WITH_UNIT (LENGTH_MEASURE( 1.000000000000000082E-05 ), #6137, 'distance_accuracy_value', 'NONE');
#2088 = EDGE_CURVE ( 'NONE', #332, #4523, #3115, .T. ) ;
#2089 = SURFACE_SIDE_STYLE ('',( #7007 ) ) ;
#2090 = CARTESIAN_POINT ( 'NONE',  ( 0.3000000000000004885, 2.500000000000000000, 0.1700000000000000122 ) ) ;
#2091 = VECTOR ( 'NONE', #5002, 1000.000000000000000 ) ;
#2092 = PRESENTATION_STYLE_ASSIGNMENT (( #2619 ) ) ;
#2093 = CARTESIAN_POINT ( 'NONE',  ( -1.626303258728256651E-16, -1.626303258728256651E-16, 0.2899999999999999800 ) ) ;
#2094 = CARTESIAN_POINT ( 'NONE',  ( 2.799997406541917755, 0.1200314940296796223, 0.4999999876735897186 ) ) ;
#2095 = FACE_OUTER_BOUND ( 'NONE', #5278, .T. ) ;
#2096 = ORIENTED_EDGE ( 'NONE', *, *, #3905, .T. ) ;
#2097 = CARTESIAN_POINT ( 'NONE',  ( 2.799999999999999378, 2.100000000000000089, 0.6000000000000000888 ) ) ;
#2098 = VERTEX_POINT ( 'NONE', #1173 ) ;
#2099 = COLOUR_RGB ( '',0.8274509803921568096, 0.6666666666666666297, 0.1294117647058823373 ) ;
#2100 =( NAMED_UNIT ( * ) SI_UNIT ( $, .STERADIAN. ) SOLID_ANGLE_UNIT ( ) );
#2101 = SURFACE_STYLE_USAGE ( .BOTH. , #6419 ) ;
#2102 = PRESENTATION_LAYER_ASSIGNMENT (  '', '', ( #5859 ) ) ;
#2103 = SURFACE_STYLE_FILL_AREA ( #6496 ) ;
#2104 =( BOUNDED_CURVE ( )  B_SPLINE_CURVE ( 3, ( #4211, #5855, #3205, #1488 ),
 .UNSPECIFIED., .F., .F. ) 
 B_SPLINE_CURVE_WITH_KNOTS ( ( 4, 4 ),
 ( 0.0000000000000000000, 1.000000000000000000 ),
 .UNSPECIFIED. ) 
 CURVE ( )  GEOMETRIC_REPRESENTATION_ITEM ( )  RATIONAL_B_SPLINE_CURVE ( ( 1.000000000000000000, 0.8362878377483780046, 0.8362878377483780046, 1.000000000000000000 ) ) 
 REPRESENTATION_ITEM ( '' )  );
#2105 =( NAMED_UNIT ( * ) SI_UNIT ( $, .STERADIAN. ) SOLID_ANGLE_UNIT ( ) );
#2106 = FACE_OUTER_BOUND ( 'NONE', #5594, .T. ) ;
#2107 = DIRECTION ( 'NONE',  ( 0.0000000000000000000, 0.0000000000000000000, 1.000000000000000000 ) ) ;
#2108 = CARTESIAN_POINT ( 'NONE',  ( 3.169999999999999929, 0.2999999999999999889, 0.1700000000000000122 ) ) ;
#2109 = DIRECTION ( 'NONE',  ( 1.000000000000000000, 0.0000000000000000000, -0.0000000000000000000 ) ) ;
#2110 = PRESENTATION_STYLE_ASSIGNMENT (( #2608 ) ) ;
#2111 = VERTEX_POINT ( 'NONE', #5009 ) ;
#2112 = LINE ( 'NONE', #4781, #6603 ) ;
#2113 = B_SPLINE_CURVE_WITH_KNOTS ( 'NONE', 3,
 ( #1042, #5967, #6551, #5412 ),
 .UNSPECIFIED., .F., .F.,
 ( 4, 4 ),
 ( 0.0000000000000000000, 1.000000000000000000 ),
 .UNSPECIFIED. ) ;
#2114 = AXIS2_PLACEMENT_3D ( 'NONE', #3825, #2780, #6011 ) ;
#2115 = EDGE_CURVE ( 'NONE', #6432, #7029, #6595, .T. ) ;
#2116 = CARTESIAN_POINT ( 'NONE',  ( 1.119723590466932039, 1.580047681430130746, 0.1700000000000000122 ) ) ;
#2117 = ORIENTED_EDGE ( 'NONE', *, *, #4229, .F. ) ;
#2118 = CARTESIAN_POINT ( 'NONE',  ( 2.897752478681498101, 2.361138289910917898, 0.5000000000000000000 ) ) ;
#2119 = DIRECTION ( 'NONE',  ( 0.0000000000000000000, -0.0000000000000000000, -1.000000000000000000 ) ) ;
#2120 = VECTOR ( 'NONE', #2521, 1000.000000000000000 ) ;
#2121 = EDGE_CURVE ( 'NONE', #6177, #2382, #6015, .T. ) ;
#2122 =( LENGTH_UNIT ( ) NAMED_UNIT ( * ) SI_UNIT ( .MILLI., .METRE. ) );
#2123 = EDGE_LOOP ( 'NONE', ( #4343, #1626, #5039, #2937 ) ) ;
#2124 = ORIENTED_EDGE ( 'NONE', *, *, #5831, .F. ) ;
#2125 =( LENGTH_UNIT ( ) NAMED_UNIT ( * ) SI_UNIT ( .MILLI., .METRE. ) );
#2126 = FACE_OUTER_BOUND ( 'NONE', #5386, .T. ) ;
#2127 = EDGE_CURVE ( 'NONE', #1130, #1951, #1143, .T. ) ;
#2128 = STYLED_ITEM ( 'NONE', ( #5769 ), #6829 ) ;
#2129 = CIRCLE ( 'NONE', #866, 0.2500000000000006661 ) ;
#2130 = SURFACE_STYLE_FILL_AREA ( #2559 ) ;
#2131 = CARTESIAN_POINT ( 'NONE',  ( 3.100000000000000533, 2.100000000000000533, 0.4800000000000000933 ) ) ;
#2132 = ORIENTED_EDGE ( 'NONE', *, *, #1896, .T. ) ;
#2133 = UNCERTAINTY_MEASURE_WITH_UNIT (LENGTH_MEASURE( 1.000000000000000082E-05 ), #6740, 'distance_accuracy_value', 'NONE');
#2134 = DIRECTION ( 'NONE',  ( -0.0000000000000000000, -0.0000000000000000000, -1.000000000000000000 ) ) ;
#2135 =( GEOMETRIC_REPRESENTATION_CONTEXT ( 3 ) GLOBAL_UNCERTAINTY_ASSIGNED_CONTEXT ( ( #2493 ) ) GLOBAL_UNIT_ASSIGNED_CONTEXT ( ( #6166, #4083, #3427 ) ) REPRESENTATION_CONTEXT ( 'NONE', 'WORKASPACE' ) );
#2136 = MECHANICAL_DESIGN_GEOMETRIC_PRESENTATION_REPRESENTATION (  '', ( #4187 ), #2250 ) ;
#2137 = MECHANICAL_DESIGN_GEOMETRIC_PRESENTATION_REPRESENTATION (  '', ( #2144 ), #3838 ) ;
#2138 = DIRECTION ( 'NONE',  ( -1.000000000000000000, 0.0000000000000000000, -0.0000000000000000000 ) ) ;
#2139 = CARTESIAN_POINT ( 'NONE',  ( 1.119723590466932039, 2.400138902867559931, 0.1700000000000000122 ) ) ;
#2140 = CARTESIAN_POINT ( 'NONE',  ( 0.1158016632788907846, 2.097906157308948583, 0.4999999999999998890 ) ) ;
#2141 = VECTOR ( 'NONE', #3751, 1000.000000000000000 ) ;
#2142 = PRESENTATION_LAYER_ASSIGNMENT (  '', '', ( #4306 ) ) ;
#2143 = SURFACE_STYLE_FILL_AREA ( #481 ) ;
#2144 = STYLED_ITEM ( 'NONE', ( #2976 ), #6302 ) ;
#2145 = VERTEX_POINT ( 'NONE', #3321 ) ;
#2146 = SURFACE_STYLE_FILL_AREA ( #3181 ) ;
#2147 = PRESENTATION_LAYER_ASSIGNMENT (  '', '', ( #6607 ) ) ;
#2148 = CARTESIAN_POINT ( 'NONE',  ( 0.2535533905932739751, 0.1500000000000005496, 0.5400000000000001465 ) ) ;
#2149 = CYLINDRICAL_SURFACE ( 'NONE', #114, 0.07499999999999998335 ) ;
#2150 = FILL_AREA_STYLE_COLOUR ( '', #7041 ) ;
#2151 = ORIENTED_EDGE ( 'NONE', *, *, #1361, .T. ) ;
#2152 = FILL_AREA_STYLE ('',( #4853 ) ) ;
#2153 = ORIENTED_EDGE ( 'NONE', *, *, #398, .T. ) ;
#2154 =( NAMED_UNIT ( * ) PLANE_ANGLE_UNIT ( ) SI_UNIT ( $, .RADIAN. ) );
#2155 = EDGE_CURVE ( 'NONE', #1464, #2043, #2814, .T. ) ;
#2156 = UNCERTAINTY_MEASURE_WITH_UNIT (LENGTH_MEASURE( 1.000000000000000082E-05 ), #3396, 'distance_accuracy_value', 'NONE');
#2157 = CARTESIAN_POINT ( 'NONE',  ( 0.09999075855428361803, 0.4200404230269066952, 0.0000000000000000000 ) ) ;
#2158 = MECHANICAL_DESIGN_GEOMETRIC_PRESENTATION_REPRESENTATION (  '', ( #4209 ), #1685 ) ;
#2159 = PRESENTATION_STYLE_ASSIGNMENT (( #6522 ) ) ;
#2160 = DIRECTION ( 'NONE',  ( -1.000000000000000000, -0.0000000000000000000, 0.0000000000000000000 ) ) ;
#2161 = DIRECTION ( 'NONE',  ( -0.0000000000000000000, -0.0000000000000000000, -1.000000000000000000 ) ) ;
#2162 = EDGE_LOOP ( 'NONE', ( #5354, #6009, #2321, #7043 ) ) ;
#2163 = CARTESIAN_POINT ( 'NONE',  ( 3.100139420386025968, 2.098192024294776914, 0.4842193402773201094 ) ) ;
#2164 = VECTOR ( 'NONE', #36, 1000.000000000000000 ) ;
#2165 = ORIENTED_EDGE ( 'NONE', *, *, #4474, .T. ) ;
#2166 = VECTOR ( 'NONE', #6298, 1000.000000000000000 ) ;
#2167 = CARTESIAN_POINT ( 'NONE',  ( 0.3287219835095377407, 2.374176532761111957, 0.5000000000000000000 ) ) ;
#2168 = PRESENTATION_LAYER_ASSIGNMENT (  '', '', ( #5481 ) ) ;
#2169 = CYLINDRICAL_SURFACE ( 'NONE', #5025, 0.07499999999999987232 ) ;
#2170 = CARTESIAN_POINT ( 'NONE',  ( 3.200000000000000178, 2.079959576973092972, 0.0000000000000000000 ) ) ;
#2171 = CARTESIAN_POINT ( 'NONE',  ( 1.119723590466932039, 1.580047681430130746, 0.1700000000000000122 ) ) ;
#2172 = ORIENTED_EDGE ( 'NONE', *, *, #4937, .T. ) ;
#2173 = CARTESIAN_POINT ( 'NONE',  ( 2.800000000000000266, 0.1000000000000001582, 0.4800000000000000377 ) ) ;
#2174 = EDGE_CURVE ( 'NONE', #4687, #1791, #3958, .T. ) ;
#2175 = DIRECTION ( 'NONE',  ( -2.126443591017727688E-16, -1.000000000000000000, 0.0000000000000000000 ) ) ;
#2176 = FACE_OUTER_BOUND ( 'NONE', #6661, .T. ) ;
#2177 = CARTESIAN_POINT ( 'NONE',  ( 3.050000000000000266, 0.4000000000000006328, 0.5200000000000000178 ) ) ;
#2178 = MECHANICAL_DESIGN_GEOMETRIC_PRESENTATION_REPRESENTATION (  '', ( #3965 ), #1466 ) ;
#2179 = LINE ( 'NONE', #7026, #4719 ) ;
#2180 = SURFACE_STYLE_USAGE ( .BOTH. , #3239 ) ;
#2181 = ORIENTED_EDGE ( 'NONE', *, *, #2963, .F. ) ;
#2182 = EDGE_CURVE ( 'NONE', #1438, #2723, #4431, .T. ) ;
#2183 = DIRECTION ( 'NONE',  ( 1.000000000000000000, -0.0000000000000000000, -0.0000000000000000000 ) ) ;
#2184 =( LENGTH_UNIT ( ) NAMED_UNIT ( * ) SI_UNIT ( .MILLI., .METRE. ) );
#2185 =( GEOMETRIC_REPRESENTATION_CONTEXT ( 3 ) GLOBAL_UNCERTAINTY_ASSIGNED_CONTEXT ( ( #5700 ) ) GLOBAL_UNIT_ASSIGNED_CONTEXT ( ( #5826, #454, #4672 ) ) REPRESENTATION_CONTEXT ( 'NONE', 'WORKASPACE' ) );
#2186 = VERTEX_POINT ( 'NONE', #602 ) ;
#2187 = ORIENTED_EDGE ( 'NONE', *, *, #1993, .T. ) ;
#2188 = LINE ( 'NONE', #5838, #5371 ) ;
#2189 = EDGE_CURVE ( 'NONE', #170, #690, #1570, .T. ) ;
#2190 = LINE ( 'NONE', #4968, #1310 ) ;
#2191 = STYLED_ITEM ( 'NONE', ( #3776 ), #3695 ) ;
#2192 = CARTESIAN_POINT ( 'NONE',  ( 2.409264482820521636, 1.923971919735854019, 0.6100000000000000977 ) ) ;
#2193 = VERTEX_POINT ( 'NONE', #4965 ) ;
#2194 = FILL_AREA_STYLE_COLOUR ( '', #6331 ) ;
#2195 = ORIENTED_EDGE ( 'NONE', *, *, #4614, .F. ) ;
#2196 = CARTESIAN_POINT ( 'NONE',  ( 1.119723590466932039, 2.400138902867559931, 0.0000000000000000000 ) ) ;
#2197 = SURFACE_STYLE_FILL_AREA ( #5456 ) ;
#2198 = B_SPLINE_CURVE_WITH_KNOTS ( 'NONE', 3,
 ( #668, #6694, #600, #4964, #69, #2260 ),
 .UNSPECIFIED., .F., .F.,
 ( 4, 2, 4 ),
 ( 0.0000000000000000000, 0.5000000000000000000, 1.000000000000000000 ),
 .UNSPECIFIED. ) ;
#2199 =( NAMED_UNIT ( * ) PLANE_ANGLE_UNIT ( ) SI_UNIT ( $, .RADIAN. ) );
#2200 = EDGE_CURVE ( 'NONE', #1746, #415, #72, .T. ) ;
#2201 =( NAMED_UNIT ( * ) PLANE_ANGLE_UNIT ( ) SI_UNIT ( $, .RADIAN. ) );
#2202 = DIRECTION ( 'NONE',  ( 0.0000000000000000000, -1.000000000000000000, 0.0000000000000000000 ) ) ;
#2203 = DIRECTION ( 'NONE',  ( 0.0000000000000000000, -0.0000000000000000000, 1.000000000000000000 ) ) ;
#2204 = CARTESIAN_POINT ( 'NONE',  ( 0.2000000000000001221, 2.500000000000000000, 0.2899999999999999800 ) ) ;
#2205 = UNCERTAINTY_MEASURE_WITH_UNIT (LENGTH_MEASURE( 1.000000000000000082E-05 ), #5155, 'distance_accuracy_value', 'NONE');
#2206 = CARTESIAN_POINT ( 'NONE',  ( 2.796568098874351982, 0.1017694259712185467, 0.4897840648778905570 ) ) ;
#2207 = PLANE ( 'NONE',  #6031 ) ;
#2208 = COLOUR_RGB ( '',0.8274509803921568096, 0.6666666666666666297, 0.1294117647058823373 ) ;
#2209 =( LENGTH_UNIT ( ) NAMED_UNIT ( * ) SI_UNIT ( .MILLI., .METRE. ) );
#2210 = DIRECTION ( 'NONE',  ( 1.000000000000000000, -0.0000000000000000000, 0.0000000000000000000 ) ) ;
#2211 = CARTESIAN_POINT ( 'NONE',  ( 2.971020189613619245, 0.3019749272942622298, 0.5999999999999999778 ) ) ;
#2212 = EDGE_CURVE ( 'NONE', #5739, #1333, #6631, .T. ) ;
#2213 = DIRECTION ( 'NONE',  ( -1.000000000000000000, 0.0000000000000000000, 0.0000000000000000000 ) ) ;
#2214 = CARTESIAN_POINT ( 'NONE',  ( 0.09999999999999401035, 1.022343932005198130, 0.5000000000000240918 ) ) ;
#2215 = FILL_AREA_STYLE ('',( #6431 ) ) ;
#2216 = SURFACE_STYLE_USAGE ( .BOTH. , #4418 ) ;
#2217 = PRESENTATION_LAYER_ASSIGNMENT (  '', '', ( #5294 ) ) ;
#2218 = SURFACE_STYLE_USAGE ( .BOTH. , #56 ) ;
#2219 = CARTESIAN_POINT ( 'NONE',  ( 0.2681118318204311346, 0.1748528137423861761, 0.6000000000000001998 ) ) ;
#2220 = COLOUR_RGB ( '',0.8274509803921568096, 0.6666666666666666297, 0.1294117647058823373 ) ;
#2221 = DIRECTION ( 'NONE',  ( -0.0000000000000000000, 1.000000000000000000, 0.0000000000000000000 ) ) ;
#2222 = EDGE_CURVE ( 'NONE', #3071, #3873, #3891, .T. ) ;
#2223 =( LENGTH_UNIT ( ) NAMED_UNIT ( * ) SI_UNIT ( .MILLI., .METRE. ) );
#2224 = VERTEX_POINT ( 'NONE', #1246 ) ;
#2225 = CARTESIAN_POINT ( 'NONE',  ( 2.961919769664044022, 2.349025075037838750, 0.4800000000000000933 ) ) ;
#2226 = UNCERTAINTY_MEASURE_WITH_UNIT (LENGTH_MEASURE( 1.000000000000000082E-05 ), #4488, 'distance_accuracy_value', 'NONE');
#2227 = PRESENTATION_LAYER_ASSIGNMENT (  '', '', ( #4030 ) ) ;
#2228 = AXIS2_PLACEMENT_3D ( 'NONE', #2097, #907, #3687 ) ;
#2229 = FILL_AREA_STYLE_COLOUR ( '', #5457 ) ;
#2230 = VERTEX_POINT ( 'NONE', #671 ) ;
#2231 =( LENGTH_UNIT ( ) NAMED_UNIT ( * ) SI_UNIT ( .MILLI., .METRE. ) );
#2232 = ORIENTED_EDGE ( 'NONE', *, *, #475, .F. ) ;
#2233 = DIRECTION ( 'NONE',  ( 0.0000000000000000000, 0.0000000000000000000, 1.000000000000000000 ) ) ;
#2234 = CIRCLE ( 'NONE', #2458, 0.2000000000000001776 ) ;
#2235 =( NAMED_UNIT ( * ) SI_UNIT ( $, .STERADIAN. ) SOLID_ANGLE_UNIT ( ) );
#2236 = PLANE ( 'NONE',  #5020 ) ;
#2237 = PRESENTATION_STYLE_ASSIGNMENT (( #2275 ) ) ;
#2238 = SURFACE_STYLE_FILL_AREA ( #46 ) ;
#2239 = VERTEX_POINT ( 'NONE', #2301 ) ;
#2240 = ORIENTED_EDGE ( 'NONE', *, *, #5338, .F. ) ;
#2242 = ADVANCED_FACE ( 'NONE', ( #4467 ), #6659, .F. ) ;
#2241 = CARTESIAN_POINT ( 'NONE',  ( 2.796453540243011293, 0.1099231157640262330, 0.4979432792594487012 ) ) ;
#2243 = MECHANICAL_DESIGN_GEOMETRIC_PRESENTATION_REPRESENTATION (  '', ( #4760 ), #408 ) ;
#2244 = CARTESIAN_POINT ( 'NONE',  ( 2.800000000000000266, 2.379999999999999893, 0.5000000000000000000 ) ) ;
#2245 = FILL_AREA_STYLE ('',( #655 ) ) ;
#2246 = CARTESIAN_POINT ( 'NONE',  ( 0.1199999999999998845, 2.100000000000000089, 0.5000000000000000000 ) ) ;
#2247 = SURFACE_STYLE_USAGE ( .BOTH. , #134 ) ;
#2248 = VECTOR ( 'NONE', #1740, 1000.000000000000000 ) ;
#2249 = ORIENTED_EDGE ( 'NONE', *, *, #1327, .F. ) ;
#2250 =( GEOMETRIC_REPRESENTATION_CONTEXT ( 3 ) GLOBAL_UNCERTAINTY_ASSIGNED_CONTEXT ( ( #4994 ) ) GLOBAL_UNIT_ASSIGNED_CONTEXT ( ( #154, #2340, #3961 ) ) REPRESENTATION_CONTEXT ( 'NONE', 'WORKASPACE' ) );
#2251 = CARTESIAN_POINT ( 'NONE',  ( 3.170000000000000373, 0.02999999999999997113, 0.0000000000000000000 ) ) ;
#2252 = FACE_OUTER_BOUND ( 'NONE', #1595, .T. ) ;
#2253 =( GEOMETRIC_REPRESENTATION_CONTEXT ( 3 ) GLOBAL_UNCERTAINTY_ASSIGNED_CONTEXT ( ( #3856 ) ) GLOBAL_UNIT_ASSIGNED_CONTEXT ( ( #4137, #886, #3058 ) ) REPRESENTATION_CONTEXT ( 'NONE', 'WORKASPACE' ) );
#2254 = CIRCLE ( 'NONE', #6939, 0.2000000000000005107 ) ;
#2255 =( NAMED_UNIT ( * ) PLANE_ANGLE_UNIT ( ) SI_UNIT ( $, .RADIAN. ) );
#2256 = VERTEX_POINT ( 'NONE', #3572 ) ;
#2257 = CARTESIAN_POINT ( 'NONE',  ( 3.096542742251393143, 2.130621172420401166, 0.4800000000000000933 ) ) ;
#2258 = VECTOR ( 'NONE', #2770, 1000.000000000000000 ) ;
#2259 = EDGE_CURVE ( 'NONE', #2268, #5963, #1937, .T. ) ;
#2260 = CARTESIAN_POINT ( 'NONE',  ( 0.3999999999999998557, 2.399999999999999467, 0.3649999999999999911 ) ) ;
#2261 = EDGE_CURVE ( 'NONE', #3438, #752, #1422, .T. ) ;
#2262 = CARTESIAN_POINT ( 'NONE',  ( 0.1299999999999999767, 2.100000000000000089, 0.5000000000000000000 ) ) ;
#2263 = CARTESIAN_POINT ( 'NONE',  ( 2.899999999999999911, 2.500000000000000000, 0.1700000000000000122 ) ) ;
#2264 = SURFACE_STYLE_USAGE ( .BOTH. , #1605 ) ;
#2265 = STYLED_ITEM ( 'NONE', ( #6726 ), #6077 ) ;
#2266 = VECTOR ( 'NONE', #6865, 1000.000000000000000 ) ;
#2267 = FACE_OUTER_BOUND ( 'NONE', #3865, .T. ) ;
#2268 = VERTEX_POINT ( 'NONE', #2439 ) ;
#2269 = ORIENTED_EDGE ( 'NONE', *, *, #309, .T. ) ;
#2270 = CARTESIAN_POINT ( 'NONE',  ( -1.626303258728256651E-16, 2.500000000000000000, 0.2899999999999999800 ) ) ;
#2271 = PRESENTATION_LAYER_ASSIGNMENT (  '', '', ( #1221 ) ) ;
#2272 =( LENGTH_UNIT ( ) NAMED_UNIT ( * ) SI_UNIT ( .MILLI., .METRE. ) );
#2273 = DIRECTION ( 'NONE',  ( 0.0000000000000000000, -0.0000000000000000000, -1.000000000000000000 ) ) ;
#2274 = CARTESIAN_POINT ( 'NONE',  ( 0.05185199480963852137, 2.101565937482500868, 0.2900000000000020339 ) ) ;
#2275 = SURFACE_STYLE_USAGE ( .BOTH. , #5323 ) ;
#2276 = ORIENTED_EDGE ( 'NONE', *, *, #4606, .F. ) ;
#2277 = AXIS2_PLACEMENT_3D ( 'NONE', #5359, #2175, #450 ) ;
#2278 =( LENGTH_UNIT ( ) NAMED_UNIT ( * ) SI_UNIT ( .MILLI., .METRE. ) );
#2279 = ORIENTED_EDGE ( 'NONE', *, *, #2296, .F. ) ;
#2280 = VERTEX_POINT ( 'NONE', #4586 ) ;
#2281 = UNCERTAINTY_MEASURE_WITH_UNIT (LENGTH_MEASURE( 1.000000000000000082E-05 ), #192, 'distance_accuracy_value', 'NONE');
#2282 = STYLED_ITEM ( 'NONE', ( #3175 ), #3083 ) ;
#2283 = MECHANICAL_DESIGN_GEOMETRIC_PRESENTATION_REPRESENTATION (  '', ( #775 ), #3866 ) ;
#2284 = FILL_AREA_STYLE_COLOUR ( '', #5578 ) ;
#2285 = CARTESIAN_POINT ( 'NONE',  ( 1.280000000000000027, 2.379999999999999893, 0.5000000000000000000 ) ) ;
#2286 = FACE_OUTER_BOUND ( 'NONE', #4032, .T. ) ;
#2287 = EDGE_CURVE ( 'NONE', #2239, #2385, #2924, .T. ) ;
#2288 = SURFACE_SIDE_STYLE ('',( #2756 ) ) ;
#2289 = CARTESIAN_POINT ( 'NONE',  ( 3.099999999999999201, 1.696566974200812705, 0.4999999999999877320 ) ) ;
#2290 = MECHANICAL_DESIGN_GEOMETRIC_PRESENTATION_REPRESENTATION (  '', ( #4333 ), #4577 ) ;
#2291 = SURFACE_STYLE_FILL_AREA ( #1594 ) ;
#2292 = VECTOR ( 'NONE', #4616, 1000.000000000000000 ) ;
#2293 = PRESENTATION_STYLE_ASSIGNMENT (( #1234 ) ) ;
#2294 = AXIS2_PLACEMENT_3D ( 'NONE', #146, #698, #5648 ) ;
#2295 = STYLED_ITEM ( 'NONE', ( #5547 ), #2613 ) ;
#2296 = EDGE_CURVE ( 'NONE', #6058, #509, #5587, .T. ) ;
#2297 = LINE ( 'NONE', #1134, #5473 ) ;
#2298 = CARTESIAN_POINT ( 'NONE',  ( 3.100000000000000533, 0.4000000000000000222, 0.3649999999999999911 ) ) ;
#2299 = ORIENTED_EDGE ( 'NONE', *, *, #1760, .T. ) ;
#2300 = DIRECTION ( 'NONE',  ( 1.000000000000000000, -0.0000000000000000000, 0.0000000000000000000 ) ) ;
#2301 = CARTESIAN_POINT ( 'NONE',  ( 0.3999999999986773025, 2.399999999999897327, 0.4800000000000000377 ) ) ;
#2302 = FILL_AREA_STYLE_COLOUR ( '', #5264 ) ;
#2303 = VECTOR ( 'NONE', #2435, 1000.000000000000000 ) ;
#2304 = EDGE_CURVE ( 'NONE', #4158, #3071, #1281, .T. ) ;
#2305 = EDGE_CURVE ( 'NONE', #1017, #2460, #4642, .T. ) ;
#2306 = ORIENTED_EDGE ( 'NONE', *, *, #4208, .T. ) ;
#2307 = DIRECTION ( 'NONE',  ( 0.0000000000000000000, 1.000000000000000000, 0.0000000000000000000 ) ) ;
#2308 = ORIENTED_EDGE ( 'NONE', *, *, #5603, .T. ) ;
#2309 = DIRECTION ( 'NONE',  ( 0.0000000000000000000, 0.0000000000000000000, -1.000000000000000000 ) ) ;
#2310 = SURFACE_SIDE_STYLE ('',( #6191 ) ) ;
#2311 = SURFACE_STYLE_FILL_AREA ( #6088 ) ;
#2312 = DIRECTION ( 'NONE',  ( 0.0000000000000000000, -1.000000000000000000, 0.0000000000000000000 ) ) ;
#2313 = SURFACE_STYLE_FILL_AREA ( #5557 ) ;
#2314 = FILL_AREA_STYLE ('',( #6642 ) ) ;
#2315 = AXIS2_PLACEMENT_3D ( 'NONE', #1355, #2991, #5195 ) ;
#2316 = DIRECTION ( 'NONE',  ( -0.0000000000000000000, -0.0000000000000000000, -1.000000000000000000 ) ) ;
#2317 =( NAMED_UNIT ( * ) SI_UNIT ( $, .STERADIAN. ) SOLID_ANGLE_UNIT ( ) );
#2318 = VECTOR ( 'NONE', #6866, 1000.000000000000000 ) ;
#2319 = DIRECTION ( 'NONE',  ( 0.0000000000000000000, 1.000000000000000000, 0.0000000000000000000 ) ) ;
#2320 = EDGE_LOOP ( 'NONE', ( #374, #4086, #617, #3195 ) ) ;
#2321 = ORIENTED_EDGE ( 'NONE', *, *, #1955, .F. ) ;
#2322 = PRESENTATION_STYLE_ASSIGNMENT (( #6792 ) ) ;
#2323 =( GEOMETRIC_REPRESENTATION_CONTEXT ( 3 ) GLOBAL_UNCERTAINTY_ASSIGNED_CONTEXT ( ( #1550 ) ) GLOBAL_UNIT_ASSIGNED_CONTEXT ( ( #6578, #1763, #590 ) ) REPRESENTATION_CONTEXT ( 'NONE', 'WORKASPACE' ) );
#2324 = LINE ( 'NONE', #594, #4984 ) ;
#2325 = DIRECTION ( 'NONE',  ( -1.000000000000000000, 0.0000000000000000000, 0.0000000000000000000 ) ) ;
#2326 = DIRECTION ( 'NONE',  ( 0.0000000000000000000, 0.0000000000000000000, -1.000000000000000000 ) ) ;
#2327 = CARTESIAN_POINT ( 'NONE',  ( 0.2000000000000000111, 0.0000000000000000000, 0.1700000000000000122 ) ) ;
#2328 = CIRCLE ( 'NONE', #1402, 0.2000000000000003997 ) ;
#2329 = CARTESIAN_POINT ( 'NONE',  ( 0.0000000000000000000, 0.2999999999999999889, 0.1700000000000000122 ) ) ;
#2330 =( NAMED_UNIT ( * ) SI_UNIT ( $, .STERADIAN. ) SOLID_ANGLE_UNIT ( ) );
#2331 = FILL_AREA_STYLE ('',( #147 ) ) ;
#2332 = CARTESIAN_POINT ( 'NONE',  ( -1.626303258728256651E-16, 2.500000000000000444, 0.1700000000000000122 ) ) ;
#2333 = ADVANCED_FACE ( 'NONE', ( #3534 ), #5721, .F. ) ;
#2334 = AXIS2_PLACEMENT_3D ( 'NONE', #4095, #6242, #1265 ) ;
#2335 = PRESENTATION_STYLE_ASSIGNMENT (( #1357 ) ) ;
#2336 = CARTESIAN_POINT ( 'NONE',  ( -1.626303258728256651E-16, 2.079959576973092972, 0.0000000000000000000 ) ) ;
#2337 = PRESENTATION_LAYER_ASSIGNMENT (  '', '', ( #4496 ) ) ;
#2338 = EDGE_LOOP ( 'NONE', ( #1184, #4010, #6082, #3474 ) ) ;
#2339 = B_SPLINE_CURVE_WITH_KNOTS ( 'NONE', 3,
 ( #35, #3418, #5045, #4468 ),
 .UNSPECIFIED., .F., .F.,
 ( 4, 4 ),
 ( 0.0000000000000000000, 1.000000000000000000 ),
 .UNSPECIFIED. ) ;
#2340 =( NAMED_UNIT ( * ) PLANE_ANGLE_UNIT ( ) SI_UNIT ( $, .RADIAN. ) );
#2341 =( NAMED_UNIT ( * ) PLANE_ANGLE_UNIT ( ) SI_UNIT ( $, .RADIAN. ) );
#2342 = VECTOR ( 'NONE', #6559, 1000.000000000000000 ) ;
#2343 = DIRECTION ( 'NONE',  ( 0.0000000000000000000, 0.0000000000000000000, 1.000000000000000000 ) ) ;
#2344 = DIRECTION ( 'NONE',  ( -1.000000000000000000, 0.0000000000000000000, 0.0000000000000000000 ) ) ;
#2345 = CARTESIAN_POINT ( 'NONE',  ( 0.2495506891988314435, 2.332211262653265837, 0.4999999999999997780 ) ) ;
#2346 = FILL_AREA_STYLE ('',( #194 ) ) ;
#2347 = VERTEX_POINT ( 'NONE', #5752 ) ;
#2348 = EDGE_LOOP ( 'NONE', ( #1112, #4396, #2769, #226 ) ) ;
#2349 = UNCERTAINTY_MEASURE_WITH_UNIT (LENGTH_MEASURE( 1.000000000000000082E-05 ), #6975, 'distance_accuracy_value', 'NONE');
#2350 = VECTOR ( 'NONE', #1145, 1000.000000000000000 ) ;
#2351 = EDGE_CURVE ( 'NONE', #136, #3438, #6274, .T. ) ;
#2352 = PRESENTATION_LAYER_ASSIGNMENT (  '', '', ( #3013 ) ) ;
#2353 = FILL_AREA_STYLE_COLOUR ( '', #1129 ) ;
#2354 =( NAMED_UNIT ( * ) SI_UNIT ( $, .STERADIAN. ) SOLID_ANGLE_UNIT ( ) );
#2355 = EDGE_LOOP ( 'NONE', ( #299, #4560, #4808, #4183 ) ) ;
#2356 = UNCERTAINTY_MEASURE_WITH_UNIT (LENGTH_MEASURE( 1.000000000000000082E-05 ), #3699, 'distance_accuracy_value', 'NONE');
#2357 = SURFACE_SIDE_STYLE ('',( #2842 ) ) ;
#2358 = CYLINDRICAL_SURFACE ( 'NONE', #2373, 0.05999999999999994227 ) ;
#2359 =( NAMED_UNIT ( * ) SI_UNIT ( $, .STERADIAN. ) SOLID_ANGLE_UNIT ( ) );
#2360 = SURFACE_STYLE_FILL_AREA ( #4542 ) ;
#2361 = DIRECTION ( 'NONE',  ( 0.0000000000000000000, 0.0000000000000000000, -1.000000000000000000 ) ) ;
#2362 = FILL_AREA_STYLE_COLOUR ( '', #4199 ) ;
#2363 = LINE ( 'NONE', #3487, #5151 ) ;
#2364 = FILL_AREA_STYLE_COLOUR ( '', #3378 ) ;
#2365 = VECTOR ( 'NONE', #6338, 1000.000000000000000 ) ;
#2366 = CIRCLE ( 'NONE', #6598, 0.2000000000000003997 ) ;
#2367 = COLOUR_RGB ( '',0.8274509803921568096, 0.6666666666666666297, 0.1294117647058823373 ) ;
#2368 = DIRECTION ( 'NONE',  ( 0.0000000000000000000, 0.0000000000000000000, 1.000000000000000000 ) ) ;
#2369 = FACE_OUTER_BOUND ( 'NONE', #6270, .T. ) ;
#2370 = CARTESIAN_POINT ( 'NONE',  ( 3.078947920510922920, 0.3871268425803982560, 0.4999999999999998890 ) ) ;
#2371 = EDGE_CURVE ( 'NONE', #5146, #855, #5194, .T. ) ;
#2372 = AXIS2_PLACEMENT_3D ( 'NONE', #1861, #1895, #2858 ) ;
#2373 = AXIS2_PLACEMENT_3D ( 'NONE', #978, #4239, #6828 ) ;
#2374 = DIRECTION ( 'NONE',  ( 0.0000000000000000000, 0.0000000000000000000, 1.000000000000000000 ) ) ;
#2375 =( BOUNDED_SURFACE ( )  B_SPLINE_SURFACE ( 3, 3, ( 
 ( #3516, #834, #2972, #2533 ),
 ( #3124, #3591, #1441, #6818 ),
 ( #951, #1916, #1373, #5173 ),
 ( #5736, #3550, #4693, #5812 ) ),
 .UNSPECIFIED., .F., .F., .F. ) 
 B_SPLINE_SURFACE_WITH_KNOTS ( ( 4, 4 ),
 ( 4, 4 ),
 ( 0.0000000000000000000, 1.000000000000000000 ),
 ( 0.0000000000000000000, 1.000000000000000000 ),
 .UNSPECIFIED. ) 
 GEOMETRIC_REPRESENTATION_ITEM ( )  RATIONAL_B_SPLINE_SURFACE ( (
 ( 1.000000000000000000, 0.8047378541243656036, 0.8047378541243656036, 1.000000000000000000),
 ( 0.7955680256234394232, 0.6402237057501649620, 0.6402237057501649620, 0.7955680256234394232),
 ( 0.7955680256234394232, 0.6402237057501649620, 0.6402237057501649620, 0.7955680256234394232),
 ( 1.000000000000000000, 0.8047378541243656036, 0.8047378541243656036, 1.000000000000000000) ) ) 
 REPRESENTATION_ITEM ( '' )  SURFACE ( )  );
#2376 = AXIS2_PLACEMENT_3D ( 'NONE', #6168, #5096, #1831 ) ;
#2377 = LINE ( 'NONE', #6700, #3815 ) ;
#2378 = DIRECTION ( 'NONE',  ( 0.0000000000000000000, 0.0000000000000000000, 1.000000000000000000 ) ) ;
#2379 = SURFACE_STYLE_FILL_AREA ( #6162 ) ;
#2380 = CARTESIAN_POINT ( 'NONE',  ( 2.389931833186331733, 1.580047681430130746, 0.0000000000000000000 ) ) ;
#2381 = CARTESIAN_POINT ( 'NONE',  ( 0.4200624981287628401, 0.0000000000000000000, 0.0000000000000000000 ) ) ;
#2382 = VERTEX_POINT ( 'NONE', #282 ) ;
#2383 = CARTESIAN_POINT ( 'NONE',  ( 3.175000000000043787, 2.102737965002539067, 0.2899999999999999800 ) ) ;
#2384 = CARTESIAN_POINT ( 'NONE',  ( 2.800000000000000266, 2.350000000000000089, 0.5200000000000000178 ) ) ;
#2385 = VERTEX_POINT ( 'NONE', #2407 ) ;
#2386 = VERTEX_POINT ( 'NONE', #2957 ) ;
#2387 =( GEOMETRIC_REPRESENTATION_CONTEXT ( 3 ) GLOBAL_UNCERTAINTY_ASSIGNED_CONTEXT ( ( #5776 ) ) GLOBAL_UNIT_ASSIGNED_CONTEXT ( ( #1998, #1962, #3639 ) ) REPRESENTATION_CONTEXT ( 'NONE', 'WORKASPACE' ) );
#2388 = DIRECTION ( 'NONE',  ( -1.000000000000000000, 0.0000000000000000000, 0.0000000000000000000 ) ) ;
#2389 =( NAMED_UNIT ( * ) SI_UNIT ( $, .STERADIAN. ) SOLID_ANGLE_UNIT ( ) );
#2390 = MECHANICAL_DESIGN_GEOMETRIC_PRESENTATION_REPRESENTATION (  '', ( #5351 ), #6729 ) ;
#2391 = CARTESIAN_POINT ( 'NONE',  ( 3.050000000000000266, 0.4000000000000001887, 0.5400000000000001465 ) ) ;
#2392 =( NAMED_UNIT ( * ) PLANE_ANGLE_UNIT ( ) SI_UNIT ( $, .RADIAN. ) );
#2393 = CARTESIAN_POINT ( 'NONE',  ( 2.802737965005764220, 2.474999999999999201, 0.2899999999999999800 ) ) ;
#2394 = ORIENTED_EDGE ( 'NONE', *, *, #792, .T. ) ;
#2395 = EDGE_CURVE ( 'NONE', #3000, #2145, #2473, .T. ) ;
#2396 = COLOUR_RGB ( '',0.6470588235294117974, 0.6196078431372549211, 0.5843137254901961120 ) ;
#2397 = COLOUR_RGB ( '',0.8274509803921568096, 0.6666666666666666297, 0.1294117647058823373 ) ;
#2398 = DIRECTION ( 'NONE',  ( -0.7184060015747271155, 0.6956240485358546888, 0.0000000000000000000 ) ) ;
#2399 = SURFACE_SIDE_STYLE ('',( #3482 ) ) ;
#2400 = VECTOR ( 'NONE', #6181, 1000.000000000000000 ) ;
#2401 = CARTESIAN_POINT ( 'NONE',  ( 0.0000000000000000000, 2.200000000000000178, 0.0000000000000000000 ) ) ;
#2402 = PLANE ( 'NONE',  #2495 ) ;
#2403 = ADVANCED_FACE ( 'NONE', ( #1495 ), #2149, .F. ) ;
#2404 =( NAMED_UNIT ( * ) PLANE_ANGLE_UNIT ( ) SI_UNIT ( $, .RADIAN. ) );
#2405 = ORIENTED_EDGE ( 'NONE', *, *, #1975, .F. ) ;
#2406 = FACE_OUTER_BOUND ( 'NONE', #5982, .T. ) ;
#2407 = CARTESIAN_POINT ( 'NONE',  ( 0.1000000000000000888, 2.100000000000000533, 0.4800000000000000377 ) ) ;
#2408 = CARTESIAN_POINT ( 'NONE',  ( 1.119723590466932039, 1.580047681430130746, 0.0000000000000000000 ) ) ;
#2409 = SURFACE_STYLE_FILL_AREA ( #6802 ) ;
#2410 = AXIS2_PLACEMENT_3D ( 'NONE', #934, #3104, #7002 ) ;
#2411 = CARTESIAN_POINT ( 'NONE',  ( 0.02500000000000001180, 2.102737965005744503, 0.2899999999999999800 ) ) ;
#2412 = DIRECTION ( 'NONE',  ( 0.0000000000000000000, 0.0000000000000000000, -1.000000000000000000 ) ) ;
#2413 = DIRECTION ( 'NONE',  ( -1.000000000000000000, -0.0000000000000000000, 0.0000000000000000000 ) ) ;
#2414 = ORIENTED_EDGE ( 'NONE', *, *, #897, .F. ) ;
#2415 = CARTESIAN_POINT ( 'NONE',  ( 3.070769560685124855, 2.258613136371540708, 0.5000148110754012443 ) ) ;
#2416 = ORIENTED_EDGE ( 'NONE', *, *, #4182, .T. ) ;
#2417 = ORIENTED_EDGE ( 'NONE', *, *, #1467, .F. ) ;
#2418 = SURFACE_STYLE_FILL_AREA ( #2792 ) ;
#2419 = EDGE_CURVE ( 'NONE', #2926, #6176, #5914, .T. ) ;
#2420 = CARTESIAN_POINT ( 'NONE',  ( 0.4000000000000000222, 2.350000000000000533, 0.6000000000000000888 ) ) ;
#2421 = FILL_AREA_STYLE_COLOUR ( '', #2099 ) ;
#2422 = DIRECTION ( 'NONE',  ( -0.0000000000000000000, -1.000000000000000000, 0.0000000000000000000 ) ) ;
#2423 =( LENGTH_UNIT ( ) NAMED_UNIT ( * ) SI_UNIT ( .MILLI., .METRE. ) );
#2424 = CARTESIAN_POINT ( 'NONE',  ( 0.1258404458581393603, 0.3285171107546954183, 0.5000000000000000000 ) ) ;
#2425 = PRESENTATION_LAYER_ASSIGNMENT (  '', '', ( #585 ) ) ;
#2426 = ORIENTED_EDGE ( 'NONE', *, *, #6388, .F. ) ;
#2427 = ORIENTED_EDGE ( 'NONE', *, *, #4982, .T. ) ;
#2428 = COLOUR_RGB ( '',0.6470588235294117974, 0.6196078431372549211, 0.5843137254901961120 ) ;
#2429 =( NAMED_UNIT ( * ) SI_UNIT ( $, .STERADIAN. ) SOLID_ANGLE_UNIT ( ) );
#2430 = COLOUR_RGB ( '',0.01176470588235294101, 0.0000000000000000000, 0.05882352941176470507 ) ;
#2431 = ADVANCED_FACE ( 'NONE', ( #1116 ), #2236, .F. ) ;
#2432 = CARTESIAN_POINT ( 'NONE',  ( 0.4200624981287628401, 0.09986109713243988828, 0.0000000000000000000 ) ) ;
#2433 = DIRECTION ( 'NONE',  ( -1.000000000000000000, 0.0000000000000000000, 0.0000000000000000000 ) ) ;
#2434 = CARTESIAN_POINT ( 'NONE',  ( 2.774932736525889787, 2.074932736525889609, 0.3649999999999999911 ) ) ;
#2435 = DIRECTION ( 'NONE',  ( -0.0000000000000000000, -0.0000000000000000000, -1.000000000000000000 ) ) ;
#2436 = ORIENTED_EDGE ( 'NONE', *, *, #3819, .T. ) ;
#2437 = FACE_OUTER_BOUND ( 'NONE', #5542, .T. ) ;
#2438 = ADVANCED_FACE ( 'NONE', ( #6985 ), #2169, .F. ) ;
#2439 = CARTESIAN_POINT ( 'NONE',  ( 2.779937501871236893, 0.0000000000000000000, 0.0000000000000000000 ) ) ;
#2440 = VECTOR ( 'NONE', #2003, 1000.000000000000000 ) ;
#2441 = DIRECTION ( 'NONE',  ( -0.6956240485358546888, -0.7184060015747271155, 0.0000000000000000000 ) ) ;
#2442 =( NAMED_UNIT ( * ) PLANE_ANGLE_UNIT ( ) SI_UNIT ( $, .RADIAN. ) );
#2443 = CARTESIAN_POINT ( 'NONE',  ( 0.09999999999999996392, 0.4000000000000000222, 0.4800000000000000933 ) ) ;
#2444 = DIRECTION ( 'NONE',  ( 0.0000000000000000000, -0.0000000000000000000, -1.000000000000000000 ) ) ;
#2445 = SURFACE_STYLE_FILL_AREA ( #3540 ) ;
#2446 = SURFACE_SIDE_STYLE ('',( #6300 ) ) ;
#2447 = PLANE ( 'NONE',  #280 ) ;
#2448 = COLOUR_RGB ( '',0.6470588235294117974, 0.6196078431372549211, 0.5843137254901961120 ) ;
#2449 = CARTESIAN_POINT ( 'NONE',  ( 0.09999075855428361803, 0.4200404230269066952, 0.1700000000000000122 ) ) ;
#2450 = CARTESIAN_POINT ( 'NONE',  ( 2.800000000000000266, 0.1300000000000000600, 0.5000000000000000000 ) ) ;
#2451 = VERTEX_POINT ( 'NONE', #2659 ) ;
#2452 = ORIENTED_EDGE ( 'NONE', *, *, #5027, .T. ) ;
#2453 = VERTEX_POINT ( 'NONE', #6020 ) ;
#2454 = COLOUR_RGB ( '',0.6470588235294117974, 0.6196078431372549211, 0.5843137254901961120 ) ;
#2455 = SURFACE_SIDE_STYLE ('',( #6384 ) ) ;
#2456 = SURFACE_STYLE_FILL_AREA ( #302 ) ;
#2457 = LINE ( 'NONE', #3049, #2665 ) ;
#2458 = AXIS2_PLACEMENT_3D ( 'NONE', #2093, #4115, #4262 ) ;
#2459 = LINE ( 'NONE', #4096, #2027 ) ;
#2460 = VERTEX_POINT ( 'NONE', #1581 ) ;
#2461 = ADVANCED_FACE ( 'NONE', ( #5349 ), #3761, .F. ) ;
#2462 = ORIENTED_EDGE ( 'NONE', *, *, #3767, .F. ) ;
#2463 = CARTESIAN_POINT ( 'NONE',  ( 2.800000000000000266, 2.370000000000000107, 0.5000000000000000000 ) ) ;
#2464 = FILL_AREA_STYLE ('',( #6246 ) ) ;
#2465 = CLOSED_SHELL ( 'NONE', ( #6404, #6373, #4151, #1934, #2592, #1909, #3501, #5879, #6665, #622, #5746, #4216, #1269 ) ) ;
#2466 = LINE ( 'NONE', #1414, #3512 ) ;
#2467 =( NAMED_UNIT ( * ) SI_UNIT ( $, .STERADIAN. ) SOLID_ANGLE_UNIT ( ) );
#2468 = FILL_AREA_STYLE_COLOUR ( '', #3972 ) ;
#2469 = SURFACE_STYLE_FILL_AREA ( #809 ) ;
#2470 = CARTESIAN_POINT ( 'NONE',  ( 2.639999999999993907, 0.1199999999999998845, 0.5000000000000000000 ) ) ;
#2471 = ORIENTED_EDGE ( 'NONE', *, *, #5082, .T. ) ;
#2472 = AXIS2_PLACEMENT_3D ( 'NONE', #4569, #4050, #1838 ) ;
#2473 = LINE ( 'NONE', #1972, #6959 ) ;
#2474 =( NAMED_UNIT ( * ) PLANE_ANGLE_UNIT ( ) SI_UNIT ( $, .RADIAN. ) );
#2475 = ORIENTED_EDGE ( 'NONE', *, *, #111, .F. ) ;
#2476 = EDGE_CURVE ( 'NONE', #5808, #329, #3930, .T. ) ;
#2477 = EDGE_CURVE ( 'NONE', #2491, #2280, #4556, .T. ) ;
#2478 = CARTESIAN_POINT ( 'NONE',  ( 3.079842557812611403, 0.2942209357623294386, 0.4800000000000001488 ) ) ;
#2479 = STYLED_ITEM ( 'NONE', ( #2237 ), #5703 ) ;
#2480 = FACE_OUTER_BOUND ( 'NONE', #5425, .T. ) ;
#2481 =( NAMED_UNIT ( * ) SI_UNIT ( $, .STERADIAN. ) SOLID_ANGLE_UNIT ( ) );
#2482 = PLANE ( 'NONE',  #3077 ) ;
#2483 = FILL_AREA_STYLE ('',( #3505 ) ) ;
#2484 = CARTESIAN_POINT ( 'NONE',  ( 2.389931833186331733, 1.580047681430130746, 0.1700000000000000122 ) ) ;
#2485 = VECTOR ( 'NONE', #352, 1000.000000000000000 ) ;
#2486 = COLOUR_RGB ( '',0.8274509803921568096, 0.6666666666666666297, 0.1294117647058823373 ) ;
#2487 =( NAMED_UNIT ( * ) PLANE_ANGLE_UNIT ( ) SI_UNIT ( $, .RADIAN. ) );
#2488 = CARTESIAN_POINT ( 'NONE',  ( 2.774932736525889787, 2.074932736525889609, 0.5000000000000000000 ) ) ;
#2489 = ORIENTED_EDGE ( 'NONE', *, *, #6094, .T. ) ;
#2490 = CARTESIAN_POINT ( 'NONE',  ( 1.119723590466932039, 1.580047681430130968, 0.1700000000000000122 ) ) ;
#2491 = VERTEX_POINT ( 'NONE', #6604 ) ;
#2492 = ORIENTED_EDGE ( 'NONE', *, *, #2838, .T. ) ;
#2493 = UNCERTAINTY_MEASURE_WITH_UNIT (LENGTH_MEASURE( 1.000000000000000082E-05 ), #6166, 'distance_accuracy_value', 'NONE');
#2494 = PRESENTATION_STYLE_ASSIGNMENT (( #5811 ) ) ;
#2495 = AXIS2_PLACEMENT_3D ( 'NONE', #4583, #3411, #108 ) ;
#2496 = VECTOR ( 'NONE', #5913, 1000.000000000000000 ) ;
#2497 = COLOUR_RGB ( '',0.8274509803921568096, 0.6666666666666666297, 0.1294117647058823373 ) ;
#2498 = LINE ( 'NONE', #2558, #3054 ) ;
#2499 = CARTESIAN_POINT ( 'NONE',  ( 0.1553954720497967013, 0.2648351517058223914, 0.5000000000000000000 ) ) ;
#2500 = COLOUR_RGB ( '',0.8274509803921568096, 0.6666666666666666297, 0.1254901960784313708 ) ;
#2501 = FACE_OUTER_BOUND ( 'NONE', #6643, .T. ) ;
#2502 = FACE_OUTER_BOUND ( 'NONE', #2355, .T. ) ;
#2503 = ORIENTED_EDGE ( 'NONE', *, *, #1897, .F. ) ;
#2504 = CARTESIAN_POINT ( 'NONE',  ( 2.609264482820521813, 1.923971919735854019, 0.6100000000000000977 ) ) ;
#2505 = SURFACE_SIDE_STYLE ('',( #5717 ) ) ;
#2506 = CARTESIAN_POINT ( 'NONE',  ( 2.990000000000001101, 0.4000000000000009104, 0.5400000000000001465 ) ) ;
#2507 = SURFACE_STYLE_FILL_AREA ( #2983 ) ;
#2508 = LINE ( 'NONE', #5718, #1741 ) ;
#2509 = CARTESIAN_POINT ( 'NONE',  ( 2.720000000000005080, 0.1199999999999998845, 0.5000000000000000000 ) ) ;
#2510 = VERTEX_POINT ( 'NONE', #157 ) ;
#2511 = MECHANICAL_DESIGN_GEOMETRIC_PRESENTATION_REPRESENTATION (  '', ( #2054 ), #443 ) ;
#2512 =( LENGTH_UNIT ( ) NAMED_UNIT ( * ) SI_UNIT ( .MILLI., .METRE. ) );
#2513 = ADVANCED_FACE ( 'NONE', ( #4439 ), #3330, .F. ) ;
#2514 = AXIS2_PLACEMENT_3D ( 'NONE', #4249, #2667, #3668 ) ;
#2515 = MECHANICAL_DESIGN_GEOMETRIC_PRESENTATION_REPRESENTATION (  '', ( #3065 ), #783 ) ;
#2516 = DIRECTION ( 'NONE',  ( 1.000000000000000000, 0.0000000000000000000, 0.0000000000000000000 ) ) ;
#2517 = FACE_OUTER_BOUND ( 'NONE', #5180, .T. ) ;
#2518 = LINE ( 'NONE', #1940, #4759 ) ;
#2519 = EDGE_LOOP ( 'NONE', ( #1447, #5907, #6709, #5093 ) ) ;
#2520 = ORIENTED_EDGE ( 'NONE', *, *, #6372, .F. ) ;
#2521 = DIRECTION ( 'NONE',  ( 1.000000000000000000, 0.0000000000000000000, 0.0000000000000000000 ) ) ;
#2522 = CYLINDRICAL_SURFACE ( 'NONE', #6704, 0.02000000000000005246 ) ;
#2523 = VECTOR ( 'NONE', #5244, 1000.000000000000000 ) ;
#2524 = CARTESIAN_POINT ( 'NONE',  ( 0.09999075855428372905, 1.580047681430130968, 0.1700000000000000122 ) ) ;
#2525 = CARTESIAN_POINT ( 'NONE',  ( 3.011771750534339986, 0.03770962490837278386, 0.2899999999999999800 ) ) ;
#2526 = ADVANCED_FACE ( 'NONE', ( #4003 ), #1292, .F. ) ;
#2527 = CARTESIAN_POINT ( 'NONE',  ( 0.1201574421873913834, 2.205779064237677556, 0.4800000000000000933 ) ) ;
#2528 = ORIENTED_EDGE ( 'NONE', *, *, #5172, .F. ) ;
#2529 = SURFACE_STYLE_FILL_AREA ( #3661 ) ;
#2530 = ORIENTED_EDGE ( 'NONE', *, *, #3890, .F. ) ;
#2531 = VERTEX_POINT ( 'NONE', #4620 ) ;
#2532 = CARTESIAN_POINT ( 'NONE',  ( 2.080276409533067916, 0.9199523185698690320, 0.1700000000000000122 ) ) ;
#2533 = CARTESIAN_POINT ( 'NONE',  ( 0.4000000000000000222, 0.1292294819680876450, 0.5000148479624872966 ) ) ;
#2534 = CARTESIAN_POINT ( 'NONE',  ( 0.03770962490837377612, 0.1882282494656589145, 0.2899999999999999800 ) ) ;
#2535 = EDGE_CURVE ( 'NONE', #2453, #474, #5245, .T. ) ;
#2536 = DIRECTION ( 'NONE',  ( 0.0000000000000000000, -0.0000000000000000000, -1.000000000000000000 ) ) ;
#2537 = ORIENTED_EDGE ( 'NONE', *, *, #1175, .T. ) ;
#2538 = CARTESIAN_POINT ( 'NONE',  ( 2.994426580903603696, 2.288180748514550888, 0.5000030481415291828 ) ) ;
#2539 = CARTESIAN_POINT ( 'NONE',  ( 0.4200624981287628956, 0.0000000000000000000, 0.0000000000000000000 ) ) ;
#2540 = LINE ( 'NONE', #1807, #6159 ) ;
#2541 = DIRECTION ( 'NONE',  ( -0.0000000000000000000, -0.0000000000000000000, -1.000000000000000000 ) ) ;
#2542 = CARTESIAN_POINT ( 'NONE',  ( 2.800000000000000266, 0.1000000000000000056, 0.4800000000000000933 ) ) ;
#2543 = EDGE_LOOP ( 'NONE', ( #6061, #4625, #6401, #5534 ) ) ;
#2544 = MECHANICAL_DESIGN_GEOMETRIC_PRESENTATION_REPRESENTATION (  '', ( #3672 ), #3328 ) ;
#2545 = CARTESIAN_POINT ( 'NONE',  ( 2.967478750146039346, 2.389847783199850362, 0.3649999999999999911 ) ) ;
#2546 = MECHANICAL_DESIGN_GEOMETRIC_PRESENTATION_REPRESENTATION (  '', ( #4113 ), #6541 ) ;
#2547 = PRESENTATION_STYLE_ASSIGNMENT (( #5651 ) ) ;
#2548 = PRESENTATION_LAYER_ASSIGNMENT (  '', '', ( #4014 ) ) ;
#2549 = ORIENTED_EDGE ( 'NONE', *, *, #3882, .F. ) ;
#2550 = DIRECTION ( 'NONE',  ( 0.0000000000000000000, -1.000000000000000000, -0.0000000000000000000 ) ) ;
#2551 = EDGE_CURVE ( 'NONE', #720, #4470, #4038, .T. ) ;
#2552 = LINE ( 'NONE', #5242, #70 ) ;
#2553 = PRESENTATION_LAYER_ASSIGNMENT (  '', '', ( #3900 ) ) ;
#2554 = CARTESIAN_POINT ( 'NONE',  ( 0.1011839063810405920, 2.115352661366160181, 0.4800000000000000933 ) ) ;
#2555 = ORIENTED_EDGE ( 'NONE', *, *, #1809, .F. ) ;
#2556 = ORIENTED_EDGE ( 'NONE', *, *, #1878, .F. ) ;
#2557 = EDGE_CURVE ( 'NONE', #1130, #3271, #4114, .T. ) ;
#2558 = CARTESIAN_POINT ( 'NONE',  ( 1.119723590466932039, 0.9199523185698690320, 0.0000000000000000000 ) ) ;
#2559 = FILL_AREA_STYLE ('',( #4806 ) ) ;
#2560 = CARTESIAN_POINT ( 'NONE',  ( 3.100009241445716324, 1.580047681430130968, 0.1700000000000000122 ) ) ;
#2561 = ORIENTED_EDGE ( 'NONE', *, *, #2088, .T. ) ;
#2562 = UNCERTAINTY_MEASURE_WITH_UNIT (LENGTH_MEASURE( 1.000000000000000082E-05 ), #6406, 'distance_accuracy_value', 'NONE');
#2563 = VECTOR ( 'NONE', #2789, 1000.000000000000000 ) ;
#2564 = LINE ( 'NONE', #5777, #3705 ) ;
#2565 = ADVANCED_FACE ( 'NONE', ( #2996 ), #787, .F. ) ;
#2566 = DIRECTION ( 'NONE',  ( 1.000000000000000000, -0.0000000000000000000, 0.0000000000000000000 ) ) ;
#2567 = AXIS2_PLACEMENT_3D ( 'NONE', #738, #2860, #3537 ) ;
#2568 = CARTESIAN_POINT ( 'NONE',  ( -1.626303258728256651E-16, 1.580047681430130746, 0.0000000000000000000 ) ) ;
#2569 = STYLED_ITEM ( 'NONE', ( #3189 ), #5517 ) ;
#2570 = SURFACE_STYLE_USAGE ( .BOTH. , #1596 ) ;
#2571 = SURFACE_SIDE_STYLE ('',( #4218 ) ) ;
#2572 = DIRECTION ( 'NONE',  ( -0.0000000000000000000, -0.0000000000000000000, -1.000000000000000000 ) ) ;
#2573 = CARTESIAN_POINT ( 'NONE',  ( 0.0000000000000000000, 2.079959576973092972, 0.1700000000000000122 ) ) ;
#2574 = VECTOR ( 'NONE', #3130, 1000.000000000000000 ) ;
#2575 = CARTESIAN_POINT ( 'NONE',  ( 2.899999999999999911, 2.500000000000000000, 0.0000000000000000000 ) ) ;
#2576 = ORIENTED_EDGE ( 'NONE', *, *, #1037, .T. ) ;
#2577 = SURFACE_STYLE_FILL_AREA ( #3615 ) ;
#2578 = LINE ( 'NONE', #3616, #3948 ) ;
#2579 = CARTESIAN_POINT ( 'NONE',  ( 0.02500000000000001180, 2.102737965005744503, 0.2899999999999999800 ) ) ;
#2580 = CIRCLE ( 'NONE', #6586, 0.2500000000000008882 ) ;
#2581 = ADVANCED_FACE ( 'NONE', ( #1867 ), #1360, .F. ) ;
#2582 = CARTESIAN_POINT ( 'NONE',  ( 3.162290375091631134, 0.1882282494656677685, 0.2899999999999999800 ) ) ;
#2583 = LINE ( 'NONE', #397, #3443 ) ;
#2584 = CARTESIAN_POINT ( 'NONE',  ( 2.080276409533067916, 1.879883371806615910, 0.0000000000000000000 ) ) ;
#2585 = CARTESIAN_POINT ( 'NONE',  ( 0.3791777799521998116, 2.398246862283055947, 0.4999999999999993894 ) ) ;
#2586 = ORIENTED_EDGE ( 'NONE', *, *, #6123, .F. ) ;
#2587 = VECTOR ( 'NONE', #6027, 1000.000000000000000 ) ;
#2588 =( NAMED_UNIT ( * ) PLANE_ANGLE_UNIT ( ) SI_UNIT ( $, .RADIAN. ) );
#2589 = EDGE_LOOP ( 'NONE', ( #1018, #5940, #5061, #6911 ) ) ;
#2590 = DIRECTION ( 'NONE',  ( -1.000000000000000000, -0.0000000000000000000, -0.0000000000000000000 ) ) ;
#2591 = AXIS2_PLACEMENT_3D ( 'NONE', #4977, #5887, #2203 ) ;
#2592 = ADVANCED_FACE ( 'NONE', ( #429 ), #5484, .F. ) ;
#2593 = SURFACE_SIDE_STYLE ('',( #2069 ) ) ;
#2594 = CARTESIAN_POINT ( 'NONE',  ( 3.094080468094796643, 2.176763306830799660, 0.4800000000000000933 ) ) ;
#2595 = VERTEX_POINT ( 'NONE', #495 ) ;
#2596 = VERTEX_POINT ( 'NONE', #531 ) ;
#2597 = MECHANICAL_DESIGN_GEOMETRIC_PRESENTATION_REPRESENTATION (  '', ( #417 ), #1448 ) ;
#2598 = CARTESIAN_POINT ( 'NONE',  ( 2.876143570462633026, 2.369662791898524468, 0.5000000000000000000 ) ) ;
#2599 = CARTESIAN_POINT ( 'NONE',  ( 2.774932736525889787, 2.074932736525889609, 0.5000000000000000000 ) ) ;
#2600 = AXIS2_PLACEMENT_3D ( 'NONE', #4175, #6937, #6867 ) ;
#2601 = FILL_AREA_STYLE_COLOUR ( '', #4927 ) ;
#2602 = EDGE_CURVE ( 'NONE', #2451, #237, #6951, .T. ) ;
#2603 = CARTESIAN_POINT ( 'NONE',  ( 0.02999999999999994338, 0.9199523185698690320, 0.1700000000000000122 ) ) ;
#2604 = DIRECTION ( 'NONE',  ( 0.0000000000000000000, -0.0000000000000000000, 1.000000000000000000 ) ) ;
#2605 = EDGE_CURVE ( 'NONE', #6798, #5292, #5515, .T. ) ;
#2606 = CARTESIAN_POINT ( 'NONE',  ( 0.2942209357623298827, 0.1201574421873896487, 0.4800000000000000933 ) ) ;
#2607 = CARTESIAN_POINT ( 'NONE',  ( 0.4000000000000001887, 0.1000000000000000056, 0.4800000000000000933 ) ) ;
#2608 = SURFACE_STYLE_USAGE ( .BOTH. , #3603 ) ;
#2609 = EDGE_LOOP ( 'NONE', ( #14, #2240, #4748, #2687 ) ) ;
#2610 = VECTOR ( 'NONE', #767, 1000.000000000000000 ) ;
#2611 = DIRECTION ( 'NONE',  ( 0.0000000000000000000, 0.0000000000000000000, -1.000000000000000000 ) ) ;
#2612 = LINE ( 'NONE', #1197, #4339 ) ;
#2613 = ADVANCED_FACE ( 'NONE', ( #2369 ), #6735, .F. ) ;
#2614 = COLOUR_RGB ( '',0.01176470588235294101, 0.0000000000000000000, 0.05882352941176470507 ) ;
#2615 = LINE ( 'NONE', #4790, #881 ) ;
#2616 =( NAMED_UNIT ( * ) SI_UNIT ( $, .STERADIAN. ) SOLID_ANGLE_UNIT ( ) );
#2617 = COLOUR_RGB ( '',0.8274509803921568096, 0.6666666666666666297, 0.1254901960784313708 ) ;
#2618 = MECHANICAL_DESIGN_GEOMETRIC_PRESENTATION_REPRESENTATION (  '', ( #5696 ), #6843 ) ;
#2619 = SURFACE_STYLE_USAGE ( .BOTH. , #1535 ) ;
#2620 = LINE ( 'NONE', #6846, #5760 ) ;
#2621 =( LENGTH_UNIT ( ) NAMED_UNIT ( * ) SI_UNIT ( .MILLI., .METRE. ) );
#2622 = CARTESIAN_POINT ( 'NONE',  ( 0.1509749249621632483, 2.261919769664046509, 0.4800000000000000933 ) ) ;
#2623 = ORIENTED_EDGE ( 'NONE', *, *, #3796, .F. ) ;
#2624 = VECTOR ( 'NONE', #4755, 1000.000000000000000 ) ;
#2625 = FILL_AREA_STYLE_COLOUR ( '', #492 ) ;
#2626 = EDGE_LOOP ( 'NONE', ( #5219, #997, #5138, #340, #2894, #2452, #1872, #6271, #2968 ) ) ;
#2627 = DIRECTION ( 'NONE',  ( 1.000000000000000000, 0.0000000000000000000, -0.0000000000000000000 ) ) ;
#2628 = DIRECTION ( 'NONE',  ( 0.0000000000000000000, 0.0000000000000000000, 1.000000000000000000 ) ) ;
#2629 = PRESENTATION_LAYER_ASSIGNMENT (  '', '', ( #3758 ) ) ;
#2630 =( NAMED_UNIT ( * ) PLANE_ANGLE_UNIT ( ) SI_UNIT ( $, .RADIAN. ) );
#2631 = ORIENTED_EDGE ( 'NONE', *, *, #4248, .F. ) ;
#2632 = UNCERTAINTY_MEASURE_WITH_UNIT (LENGTH_MEASURE( 1.000000000000000082E-05 ), #7001, 'distance_accuracy_value', 'NONE');
#2634 = EDGE_CURVE ( 'NONE', #2491, #4097, #5046, .T. ) ;
#2633 = DIRECTION ( 'NONE',  ( -0.0000000000000000000, -0.0000000000000000000, -1.000000000000000000 ) ) ;
#2635 = DIRECTION ( 'NONE',  ( 0.0000000000000000000, 0.0000000000000000000, -1.000000000000000000 ) ) ;
#2636 = LINE ( 'NONE', #2039, #2830 ) ;
#2637 = CARTESIAN_POINT ( 'NONE',  ( 0.2380802303359589034, 0.1509749249621588352, 0.4800000000000000933 ) ) ;
#2638 =( LENGTH_UNIT ( ) NAMED_UNIT ( * ) SI_UNIT ( .MILLI., .METRE. ) );
#2639 = EDGE_LOOP ( 'NONE', ( #2799, #5049, #3370, #5851 ) ) ;
#2640 = SURFACE_STYLE_USAGE ( .BOTH. , #5372 ) ;
#2641 = EDGE_LOOP ( 'NONE', ( #382, #5489, #4146, #2935 ) ) ;
#2642 = DIRECTION ( 'NONE',  ( 1.000000000000000000, 0.0000000000000000000, -0.0000000000000000000 ) ) ;
#2643 = CARTESIAN_POINT ( 'NONE',  ( 2.900000000000000355, 0.02999999999999998501, 0.1700000000000000122 ) ) ;
#2644 =( GEOMETRIC_REPRESENTATION_CONTEXT ( 3 ) GLOBAL_UNCERTAINTY_ASSIGNED_CONTEXT ( ( #1259 ) ) GLOBAL_UNIT_ASSIGNED_CONTEXT ( ( #2184, #3704, #3103 ) ) REPRESENTATION_CONTEXT ( 'NONE', 'WORKASPACE' ) );
#2645 = UNCERTAINTY_MEASURE_WITH_UNIT (LENGTH_MEASURE( 1.000000000000000082E-05 ), #445, 'distance_accuracy_value', 'NONE');
#2646 = SURFACE_STYLE_USAGE ( .BOTH. , #2052 ) ;
#2647 = EDGE_CURVE ( 'NONE', #5895, #1385, #5583, .T. ) ;
#2648 = MECHANICAL_DESIGN_GEOMETRIC_PRESENTATION_REPRESENTATION (  '', ( #6072 ), #1161 ) ;
#2649 = STYLED_ITEM ( 'NONE', ( #3563 ), #3861 ) ;
#2650 = CARTESIAN_POINT ( 'NONE',  ( 0.02477586485544688161, 2.099299562876368874, 0.2899999999999999800 ) ) ;
#2651 = LINE ( 'NONE', #4299, #52 ) ;
#2652 = CARTESIAN_POINT ( 'NONE',  ( 0.09999075855428365966, 1.580047681430130968, 0.1700000000000000122 ) ) ;
#2653 = ORIENTED_EDGE ( 'NONE', *, *, #5300, .T. ) ;
#2654 =( NAMED_UNIT ( * ) PLANE_ANGLE_UNIT ( ) SI_UNIT ( $, .RADIAN. ) );
#2655 = ORIENTED_EDGE ( 'NONE', *, *, #2182, .F. ) ;
#2656 = MECHANICAL_DESIGN_GEOMETRIC_PRESENTATION_REPRESENTATION (  '', ( #2982 ), #2323 ) ;
#2657 = SURFACE_STYLE_USAGE ( .BOTH. , #579 ) ;
#2658 = PLANE ( 'NONE',  #5810 ) ;
#2659 = CARTESIAN_POINT ( 'NONE',  ( 0.2100000000000000200, 0.4000000000000001887, 0.6000000000000000888 ) ) ;
#2660 = COLOUR_RGB ( '',0.8274509803921568096, 0.6666666666666666297, 0.1294117647058823373 ) ;
#2661 = CARTESIAN_POINT ( 'NONE',  ( 0.4000000000000002442, 2.350000000000000977, 0.5200000000000000178 ) ) ;
#2662 = FACE_OUTER_BOUND ( 'NONE', #1564, .T. ) ;
#2663 = ORIENTED_EDGE ( 'NONE', *, *, #953, .T. ) ;
#2664 = DIRECTION ( 'NONE',  ( 0.0000000000000000000, 1.000000000000000000, 0.0000000000000000000 ) ) ;
#2665 = VECTOR ( 'NONE', #5635, 1000.000000000000000 ) ;
#2666 = FILL_AREA_STYLE ('',( #3765 ) ) ;
#2667 = DIRECTION ( 'NONE',  ( 1.000000000000000000, 3.369016658928397813E-15, 0.0000000000000000000 ) ) ;
#2668 = SURFACE_SIDE_STYLE ('',( #2041 ) ) ;
#2669 = DIRECTION ( 'NONE',  ( 0.0000000000000000000, 0.0000000000000000000, 1.000000000000000000 ) ) ;
#2670 = EDGE_LOOP ( 'NONE', ( #1178, #6038, #1842, #5827 ) ) ;
#2671 = DIRECTION ( 'NONE',  ( 0.0000000000000000000, 0.0000000000000000000, 1.000000000000000000 ) ) ;
#2672 = PRESENTATION_LAYER_ASSIGNMENT (  '', '', ( #2772 ) ) ;
#2673 =( NAMED_UNIT ( * ) PLANE_ANGLE_UNIT ( ) SI_UNIT ( $, .RADIAN. ) );
#2674 = CARTESIAN_POINT ( 'NONE',  ( 2.899999999999999911, 2.469999999999999751, 0.1700000000000000122 ) ) ;
#2675 = ORIENTED_EDGE ( 'NONE', *, *, #5959, .T. ) ;
#2676 = EDGE_LOOP ( 'NONE', ( #565, #6487, #3649, #865 ) ) ;
#2677 =( LENGTH_UNIT ( ) NAMED_UNIT ( * ) SI_UNIT ( .MILLI., .METRE. ) );
#2678 = VECTOR ( 'NONE', #5804, 1000.000000000000000 ) ;
#2679 = SURFACE_SIDE_STYLE ('',( #1503 ) ) ;
#2680 = FILL_AREA_STYLE ('',( #529 ) ) ;
#2681 = FILL_AREA_STYLE_COLOUR ( '', #3533 ) ;
#2682 = LINE ( 'NONE', #74, #6454 ) ;
#2683 = SURFACE_SIDE_STYLE ('',( #5875 ) ) ;
#2684 = LINE ( 'NONE', #2192, #3725 ) ;
#2685 = EDGE_CURVE ( 'NONE', #1695, #4763, #1714, .T. ) ;
#2686 = EDGE_CURVE ( 'NONE', #7045, #1695, #5011, .T. ) ;
#2687 = ORIENTED_EDGE ( 'NONE', *, *, #5318, .F. ) ;
#2688 = CARTESIAN_POINT ( 'NONE',  ( 3.100009241445716324, 0.4200404230269066952, 0.1700000000000000122 ) ) ;
#2689 = ORIENTED_EDGE ( 'NONE', *, *, #5274, .F. ) ;
#2690 = CARTESIAN_POINT ( 'NONE',  ( 2.080276409533067916, 0.9199523185698690320, 0.1700000000000000122 ) ) ;
#2691 = CARTESIAN_POINT ( 'NONE',  ( 0.0000000000000000000, 0.2999999999999999889, 0.1700000000000000122 ) ) ;
#2692 = AXIS2_PLACEMENT_3D ( 'NONE', #232, #5066, #798 ) ;
#2693 = STYLED_ITEM ( 'NONE', ( #4834 ), #803 ) ;
#2694 = ADVANCED_FACE ( 'NONE', ( #3892 ), #3996, .F. ) ;
#2695 =( NAMED_UNIT ( * ) SI_UNIT ( $, .STERADIAN. ) SOLID_ANGLE_UNIT ( ) );
#2696 = FILL_AREA_STYLE ('',( #4908 ) ) ;
#2697 = VERTEX_POINT ( 'NONE', #3067 ) ;
#2698 = AXIS2_PLACEMENT_3D ( 'NONE', #310, #2541, #5824 ) ;
#2699 =( GEOMETRIC_REPRESENTATION_CONTEXT ( 3 ) GLOBAL_UNCERTAINTY_ASSIGNED_CONTEXT ( ( #1077 ) ) GLOBAL_UNIT_ASSIGNED_CONTEXT ( ( #5948, #508, #6955 ) ) REPRESENTATION_CONTEXT ( 'NONE', 'WORKASPACE' ) );
#2700 = DIRECTION ( 'NONE',  ( -1.000000000000000000, 0.0000000000000000000, -0.0000000000000000000 ) ) ;
#2701 = FILL_AREA_STYLE_COLOUR ( '', #117 ) ;
#2702 = CARTESIAN_POINT ( 'NONE',  ( 2.946446609406726314, 0.1500000000000004108, 0.5200000000000000178 ) ) ;
#2703 = CARTESIAN_POINT ( 'NONE',  ( 0.3693788275795958920, 0.1034572577486076589, 0.4800000000000000933 ) ) ;
#2704 = CARTESIAN_POINT ( 'NONE',  ( 2.389931833186331733, 1.580047681430130746, 0.0000000000000000000 ) ) ;
#2705 = ORIENTED_EDGE ( 'NONE', *, *, #756, .F. ) ;
#2706 = COLOUR_RGB ( '',0.01176470588235294101, 0.0000000000000000000, 0.05882352941176470507 ) ;
#2707 = PRESENTATION_STYLE_ASSIGNMENT (( #521 ) ) ;
#2708 = LINE ( 'NONE', #1599, #2248 ) ;
#2709 = ORIENTED_EDGE ( 'NONE', *, *, #4827, .T. ) ;
#2710 = CARTESIAN_POINT ( 'NONE',  ( 0.2000000000000000111, 0.0000000000000000000, 0.2899999999999999800 ) ) ;
#2711 = CARTESIAN_POINT ( 'NONE',  ( 2.080276409533067916, 0.09986109713243988828, 0.1700000000000000122 ) ) ;
#2712 = UNCERTAINTY_MEASURE_WITH_UNIT (LENGTH_MEASURE( 1.000000000000000082E-05 ), #3885, 'distance_accuracy_value', 'NONE');
#2713 = EDGE_CURVE ( 'NONE', #1492, #720, #1322, .T. ) ;
#2714 = CARTESIAN_POINT ( 'NONE',  ( 0.0000000000000000000, -1.626303258728256651E-16, 0.2899999999999999800 ) ) ;
#2715 = SURFACE_STYLE_USAGE ( .BOTH. , #1146 ) ;
#2716 = EDGE_LOOP ( 'NONE', ( #2520, #5496, #2049, #6205 ) ) ;
#2717 = CARTESIAN_POINT ( 'NONE',  ( 0.4200624981287632842, 2.400138902867559931, 0.1700000000000000122 ) ) ;
#2718 = CARTESIAN_POINT ( 'NONE',  ( 2.080276409533067916, 0.9199523185698690320, 0.0000000000000000000 ) ) ;
#2719 = EDGE_CURVE ( 'NONE', #1983, #6432, #778, .T. ) ;
#2720 = FILL_AREA_STYLE_COLOUR ( '', #1009 ) ;
#2721 = SURFACE_STYLE_FILL_AREA ( #6022 ) ;
#2722 = FACE_OUTER_BOUND ( 'NONE', #5939, .T. ) ;
#2723 = VERTEX_POINT ( 'NONE', #6801 ) ;
#2724 = LINE ( 'NONE', #4311, #3936 ) ;
#2725 = COLOUR_RGB ( '',0.01176470588235294101, 0.0000000000000000000, 0.05882352941176470507 ) ;
#2726 = COLOUR_RGB ( '',0.01176470588235294101, 0.0000000000000000000, 0.05882352941176470507 ) ;
#2727 = EDGE_CURVE ( 'NONE', #4644, #6323, #1356, .T. ) ;
#2728 = SURFACE_SIDE_STYLE ('',( #5501 ) ) ;
#2729 = VECTOR ( 'NONE', #3322, 1000.000000000000000 ) ;
#2730 = CARTESIAN_POINT ( 'NONE',  ( 3.079999999999999627, 0.4566666666666636121, 0.5000000000000000000 ) ) ;
#2731 = CARTESIAN_POINT ( 'NONE',  ( 0.1500000000000000222, 0.3999999999999999112, 0.5400000000000001465 ) ) ;
#2732 =( LENGTH_UNIT ( ) NAMED_UNIT ( * ) SI_UNIT ( .MILLI., .METRE. ) );
#2733 = CARTESIAN_POINT ( 'NONE',  ( 0.3000000000000000444, 0.03000000000000000583, 0.1700000000000000122 ) ) ;
#2734 = CARTESIAN_POINT ( 'NONE',  ( 3.052335458987525119, 2.258609385714357209, 0.4999999999999900080 ) ) ;
#2735 = SURFACE_STYLE_FILL_AREA ( #67 ) ;
#2736 = LINE ( 'NONE', #2714, #1644 ) ;
#2737 = VECTOR ( 'NONE', #1035, 1000.000000000000000 ) ;
#2738 = EDGE_CURVE ( 'NONE', #796, #2531, #5196, .T. ) ;
#2739 = ORIENTED_EDGE ( 'NONE', *, *, #5338, .T. ) ;
#2740 = CARTESIAN_POINT ( 'NONE',  ( 3.090076884276263591, 2.096453540460518905, 0.4979432792755521531 ) ) ;
#2741 = ORIENTED_EDGE ( 'NONE', *, *, #3069, .T. ) ;
#2742 =( NAMED_UNIT ( * ) PLANE_ANGLE_UNIT ( ) SI_UNIT ( $, .RADIAN. ) );
#2743 = FACE_OUTER_BOUND ( 'NONE', #689, .T. ) ;
#2744 =( NAMED_UNIT ( * ) SI_UNIT ( $, .STERADIAN. ) SOLID_ANGLE_UNIT ( ) );
#2745 = FILL_AREA_STYLE_COLOUR ( '', #528 ) ;
#2746 = MECHANICAL_DESIGN_GEOMETRIC_PRESENTATION_REPRESENTATION (  '', ( #3226 ), #5288 ) ;
#2747 = ORIENTED_EDGE ( 'NONE', *, *, #6448, .T. ) ;
#2748 = ADVANCED_FACE ( 'NONE', ( #3612 ), #1939, .F. ) ;
#2749 = ORIENTED_EDGE ( 'NONE', *, *, #2182, .T. ) ;
#2750 = UNCERTAINTY_MEASURE_WITH_UNIT (LENGTH_MEASURE( 1.000000000000000082E-05 ), #6098, 'distance_accuracy_value', 'NONE');
#2751 =( LENGTH_UNIT ( ) NAMED_UNIT ( * ) SI_UNIT ( .MILLI., .METRE. ) );
#2752 =( NAMED_UNIT ( * ) PLANE_ANGLE_UNIT ( ) SI_UNIT ( $, .RADIAN. ) );
#2753 = MECHANICAL_DESIGN_GEOMETRIC_PRESENTATION_REPRESENTATION (  '', ( #3114 ), #3681 ) ;
#2754 =( NAMED_UNIT ( * ) SI_UNIT ( $, .STERADIAN. ) SOLID_ANGLE_UNIT ( ) );
#2755 = CARTESIAN_POINT ( 'NONE',  ( 0.2124905980351155799, 2.295076617752148884, 0.5000031419414986411 ) ) ;
#2756 = SURFACE_STYLE_FILL_AREA ( #3908 ) ;
#2757 =( LENGTH_UNIT ( ) NAMED_UNIT ( * ) SI_UNIT ( .MILLI., .METRE. ) );
#2758 = ADVANCED_FACE ( 'NONE', ( #2517 ), #4711, .F. ) ;
#2759 = EDGE_CURVE ( 'NONE', #690, #6382, #1036, .T. ) ;
#2760 = ORIENTED_EDGE ( 'NONE', *, *, #5283, .T. ) ;
#2761 = UNCERTAINTY_MEASURE_WITH_UNIT (LENGTH_MEASURE( 1.000000000000000082E-05 ), #2125, 'distance_accuracy_value', 'NONE');
#2762 = VECTOR ( 'NONE', #6394, 1000.000000000000000 ) ;
#2763 = DIRECTION ( 'NONE',  ( -1.000000000000000000, -3.552713678800500929E-15, 0.0000000000000000000 ) ) ;
#2764 =( NAMED_UNIT ( * ) PLANE_ANGLE_UNIT ( ) SI_UNIT ( $, .RADIAN. ) );
#2765 = VECTOR ( 'NONE', #6779, 1000.000000000000000 ) ;
#2766 = CYLINDRICAL_SURFACE ( 'NONE', #1303, 0.2000000000000003997 ) ;
#2767 = SURFACE_STYLE_FILL_AREA ( #6587 ) ;
#2768 = DIRECTION ( 'NONE',  ( 0.0000000000000000000, 1.000000000000000000, 0.0000000000000000000 ) ) ;
#2769 = ORIENTED_EDGE ( 'NONE', *, *, #349, .F. ) ;
#2770 = DIRECTION ( 'NONE',  ( 0.0000000000000000000, 0.0000000000000000000, -1.000000000000000000 ) ) ;
#2771 = UNCERTAINTY_MEASURE_WITH_UNIT (LENGTH_MEASURE( 1.000000000000000082E-05 ), #421, 'distance_accuracy_value', 'NONE');
#2772 = STYLED_ITEM ( 'NONE', ( #3028 ), #5121 ) ;
#2773 = DIRECTION ( 'NONE',  ( -1.000000000000000000, 0.0000000000000000000, 0.0000000000000000000 ) ) ;
#2774 = CARTESIAN_POINT ( 'NONE',  ( 2.989575732259180718, 2.152543309322850540, 0.6000000000000000888 ) ) ;
#2775 = DIRECTION ( 'NONE',  ( 0.0000000000000000000, -0.0000000000000000000, -1.000000000000000000 ) ) ;
#2776 = SURFACE_SIDE_STYLE ('',( #3859 ) ) ;
#2777 = PRESENTATION_LAYER_ASSIGNMENT (  '', '', ( #5878 ) ) ;
#2778 = SURFACE_SIDE_STYLE ('',( #639 ) ) ;
#2779 = ORIENTED_EDGE ( 'NONE', *, *, #4062, .F. ) ;
#2780 = DIRECTION ( 'NONE',  ( -1.000000000000000000, 0.0000000000000000000, 0.0000000000000000000 ) ) ;
#2781 = ORIENTED_EDGE ( 'NONE', *, *, #6545, .T. ) ;
#2782 = EDGE_CURVE ( 'NONE', #2193, #4177, #6513, .T. ) ;
#2783 = DIRECTION ( 'NONE',  ( 0.0000000000000000000, 0.0000000000000000000, 1.000000000000000000 ) ) ;
#2784 =( LENGTH_UNIT ( ) NAMED_UNIT ( * ) SI_UNIT ( .MILLI., .METRE. ) );
#2785 = DIRECTION ( 'NONE',  ( 0.0000000000000000000, -0.0000000000000000000, -1.000000000000000000 ) ) ;
#2786 = DIRECTION ( 'NONE',  ( -0.0000000000000000000, -0.0000000000000000000, 1.000000000000000000 ) ) ;
#2787 =( NAMED_UNIT ( * ) PLANE_ANGLE_UNIT ( ) SI_UNIT ( $, .RADIAN. ) );
#2788 = VECTOR ( 'NONE', #5819, 1000.000000000000000 ) ;
#2789 = DIRECTION ( 'NONE',  ( 0.0000000000000000000, 0.0000000000000000000, -1.000000000000000000 ) ) ;
#2790 = ORIENTED_EDGE ( 'NONE', *, *, #6917, .T. ) ;
#2791 = ORIENTED_EDGE ( 'NONE', *, *, #5310, .F. ) ;
#2792 = FILL_AREA_STYLE ('',( #4566 ) ) ;
#2793 = EDGE_CURVE ( 'NONE', #228, #1529, #420, .T. ) ;
#2794 = VECTOR ( 'NONE', #1761, 1000.000000000000000 ) ;
#2795 = CARTESIAN_POINT ( 'NONE',  ( 2.990000000000001101, 0.4000000000000004108, 0.6000000000000000888 ) ) ;
#2796 = FACE_OUTER_BOUND ( 'NONE', #6049, .T. ) ;
#2797 = CARTESIAN_POINT ( 'NONE',  ( 3.100000000000000533, 1.703333333333333588, 0.4800000000000000933 ) ) ;
#2798 = DIRECTION ( 'NONE',  ( 0.0000000000000000000, -0.0000000000000000000, -1.000000000000000000 ) ) ;
#2799 = ORIENTED_EDGE ( 'NONE', *, *, #71, .F. ) ;
#2800 =( GEOMETRIC_REPRESENTATION_CONTEXT ( 3 ) GLOBAL_UNCERTAINTY_ASSIGNED_CONTEXT ( ( #1995 ) ) GLOBAL_UNIT_ASSIGNED_CONTEXT ( ( #7071, #6480, #3112 ) ) REPRESENTATION_CONTEXT ( 'NONE', 'WORKASPACE' ) );
#2801 = DIRECTION ( 'NONE',  ( 0.0000000000000000000, -1.000000000000000000, 0.0000000000000000000 ) ) ;
#2802 = EDGE_CURVE ( 'NONE', #76, #3508, #3777, .T. ) ;
#2803 = EDGE_CURVE ( 'NONE', #2966, #4523, #5864, .T. ) ;
#2804 = PLANE ( 'NONE',  #1726 ) ;
#2805 = DIRECTION ( 'NONE',  ( 0.0000000000000000000, 0.0000000000000000000, 1.000000000000000000 ) ) ;
#2806 = LINE ( 'NONE', #3483, #173 ) ;
#2807 = PLANE ( 'NONE',  #1517 ) ;
#2808 = DIRECTION ( 'NONE',  ( 0.0000000000000000000, 0.0000000000000000000, -1.000000000000000000 ) ) ;
#2809 = ORIENTED_EDGE ( 'NONE', *, *, #654, .F. ) ;
#2810 = DIRECTION ( 'NONE',  ( -1.000000000000000000, -0.0000000000000000000, 0.0000000000000000000 ) ) ;
#2811 = LINE ( 'NONE', #2711, #2929 ) ;
#2812 = PRESENTATION_LAYER_ASSIGNMENT (  '', '', ( #6134 ) ) ;
#2813 = AXIS2_PLACEMENT_3D ( 'NONE', #5579, #5041, #3488 ) ;
#2814 = LINE ( 'NONE', #3820, #6391 ) ;
#2815 = DIRECTION ( 'NONE',  ( 1.000000000000000000, -0.0000000000000000000, 0.0000000000000000000 ) ) ;
#2816 = STYLED_ITEM ( 'NONE', ( #2293 ), #1533 ) ;
#2817 = ORIENTED_EDGE ( 'NONE', *, *, #1192, .T. ) ;
#2818 = FILL_AREA_STYLE ('',( #2194 ) ) ;
#2819 = ORIENTED_EDGE ( 'NONE', *, *, #1991, .T. ) ;
#2820 = MECHANICAL_DESIGN_GEOMETRIC_PRESENTATION_REPRESENTATION (  '', ( #5126 ), #7051 ) ;
#2821 =( NAMED_UNIT ( * ) PLANE_ANGLE_UNIT ( ) SI_UNIT ( $, .RADIAN. ) );
#2822 =( NAMED_UNIT ( * ) SI_UNIT ( $, .STERADIAN. ) SOLID_ANGLE_UNIT ( ) );
#2823 = SURFACE_SIDE_STYLE ('',( #4516 ) ) ;
#2824 = B_SPLINE_CURVE_WITH_KNOTS ( 'NONE', 3,
 ( #6164, #5091, #1214, #4080 ),
 .UNSPECIFIED., .F., .F.,
 ( 4, 4 ),
 ( 0.0000000000000000000, 1.000000000000000000 ),
 .UNSPECIFIED. ) ;
#2825 = ORIENTED_EDGE ( 'NONE', *, *, #5860, .T. ) ;
#2826 = SURFACE_STYLE_FILL_AREA ( #5981 ) ;
#2827 = ORIENTED_EDGE ( 'NONE', *, *, #6545, .F. ) ;
#2828 = EDGE_CURVE ( 'NONE', #5334, #2966, #2612, .T. ) ;
#2829 = UNCERTAINTY_MEASURE_WITH_UNIT (LENGTH_MEASURE( 1.000000000000000082E-05 ), #5554, 'distance_accuracy_value', 'NONE');
#2830 = VECTOR ( 'NONE', #4280, 1000.000000000000000 ) ;
#2831 = VECTOR ( 'NONE', #505, 1000.000000000000000 ) ;
#2832 = DIRECTION ( 'NONE',  ( 0.0000000000000000000, 0.0000000000000000000, 1.000000000000000000 ) ) ;
#2833 = CARTESIAN_POINT ( 'NONE',  ( 2.790097570029880458, 2.399999999999999911, 0.5000000000000002220 ) ) ;
#2834 =( NAMED_UNIT ( * ) PLANE_ANGLE_UNIT ( ) SI_UNIT ( $, .RADIAN. ) );
#2835 = CARTESIAN_POINT ( 'NONE',  ( 2.800000000000000711, 0.1748528137423857320, 0.5999999999999999778 ) ) ;
#2836 = SURFACE_STYLE_USAGE ( .BOTH. , #3841 ) ;
#2837 = ORIENTED_EDGE ( 'NONE', *, *, #3414, .T. ) ;
#2838 = EDGE_CURVE ( 'NONE', #5292, #136, #1703, .T. ) ;
#2839 = VECTOR ( 'NONE', #1919, 1000.000000000000000 ) ;
#2840 = MECHANICAL_DESIGN_GEOMETRIC_PRESENTATION_REPRESENTATION (  '', ( #5148 ), #119 ) ;
#2841 = UNCERTAINTY_MEASURE_WITH_UNIT (LENGTH_MEASURE( 1.000000000000000082E-05 ), #2751, 'distance_accuracy_value', 'NONE');
#2842 = SURFACE_STYLE_FILL_AREA ( #722 ) ;
#2843 = DIRECTION ( 'NONE',  ( 0.0000000000000000000, 0.0000000000000000000, -1.000000000000000000 ) ) ;
#2844 = STYLED_ITEM ( 'NONE', ( #901 ), #3556 ) ;
#2845 = MECHANICAL_DESIGN_GEOMETRIC_PRESENTATION_REPRESENTATION (  '', ( #3408 ), #334 ) ;
#2846 = CARTESIAN_POINT ( 'NONE',  ( 0.4200624981287632842, 2.400138902867559931, 0.1700000000000000122 ) ) ;
#2847 = LINE ( 'NONE', #26, #1803 ) ;
#2848 = FILL_AREA_STYLE ('',( #2362 ) ) ;
#2849 =( LENGTH_UNIT ( ) NAMED_UNIT ( * ) SI_UNIT ( .MILLI., .METRE. ) );
#2850 = VERTEX_POINT ( 'NONE', #6652 ) ;
#2851 = FILL_AREA_STYLE_COLOUR ( '', #918 ) ;
#2852 = SURFACE_STYLE_USAGE ( .BOTH. , #3855 ) ;
#2853 = EDGE_CURVE ( 'NONE', #4097, #4068, #3850, .T. ) ;
#2854 = LINE ( 'NONE', #4429, #6362 ) ;
#2855 = SURFACE_STYLE_USAGE ( .BOTH. , #1204 ) ;
#2856 = SURFACE_STYLE_FILL_AREA ( #1744 ) ;
#2857 = COLOUR_RGB ( '',0.8274509803921568096, 0.6666666666666666297, 0.1294117647058823373 ) ;
#2858 = DIRECTION ( 'NONE',  ( 0.0000000000000000000, 0.0000000000000000000, -1.000000000000000000 ) ) ;
#2859 = ORIENTED_EDGE ( 'NONE', *, *, #2686, .F. ) ;
#2860 = DIRECTION ( 'NONE',  ( -1.000000000000000000, -0.0000000000000000000, -0.0000000000000000000 ) ) ;
#2861 = EDGE_CURVE ( 'NONE', #818, #4933, #5607, .T. ) ;
#2862 = ORIENTED_EDGE ( 'NONE', *, *, #3890, .T. ) ;
#2863 = SURFACE_STYLE_FILL_AREA ( #610 ) ;
#2864 = FILL_AREA_STYLE ('',( #155 ) ) ;
#2865 = DIRECTION ( 'NONE',  ( -0.0000000000000000000, -0.0000000000000000000, 1.000000000000000000 ) ) ;
#2866 = LINE ( 'NONE', #5692, #3921 ) ;
#2867 = CARTESIAN_POINT ( 'NONE',  ( 2.988180369749845688, 0.2055730340098374798, 0.5000030325441262580 ) ) ;
#2868 = CARTESIAN_POINT ( 'NONE',  ( 2.946446609406725425, 2.349999999999999201, 0.5079235637004543280 ) ) ;
#2869 = DIRECTION ( 'NONE',  ( -1.000000000000000000, 0.0000000000000000000, 0.0000000000000000000 ) ) ;
#2870 = ORIENTED_EDGE ( 'NONE', *, *, #3709, .T. ) ;
#2871 = ORIENTED_EDGE ( 'NONE', *, *, #5744, .T. ) ;
#2872 = MECHANICAL_DESIGN_GEOMETRIC_PRESENTATION_REPRESENTATION (  '', ( #3218 ), #3320 ) ;
#2873 =( NAMED_UNIT ( * ) PLANE_ANGLE_UNIT ( ) SI_UNIT ( $, .RADIAN. ) );
#2874 = CARTESIAN_POINT ( 'NONE',  ( 3.200000000000000178, 2.299999999999999822, 0.2899999999999999800 ) ) ;
#2875 = VECTOR ( 'NONE', #5822, 1000.000000000000000 ) ;
#2876 = CARTESIAN_POINT ( 'NONE',  ( 2.946446609406726758, 0.1500000000000008826, 0.5751471862576144067 ) ) ;
#2877 = CARTESIAN_POINT ( 'NONE',  ( 0.1199999999999998845, 0.3999999999999999667, 0.5000000000000000000 ) ) ;
#2878 = CARTESIAN_POINT ( 'NONE',  ( 2.409264482820521636, 1.923971919735854019, 0.6100000000000000977 ) ) ;
#2879 = ORIENTED_EDGE ( 'NONE', *, *, #4741, .T. ) ;
#2880 = CARTESIAN_POINT ( 'NONE',  ( 0.3000000000000004885, 2.469999999999999751, 0.1700000000000000122 ) ) ;
#2881 = EDGE_CURVE ( 'NONE', #5003, #1983, #4923, .T. ) ;
#2882 = CARTESIAN_POINT ( 'NONE',  ( -1.626303258728256651E-16, 1.580047681430130968, 0.0000000000000000000 ) ) ;
#2883 =( NAMED_UNIT ( * ) PLANE_ANGLE_UNIT ( ) SI_UNIT ( $, .RADIAN. ) );
#2884 = VECTOR ( 'NONE', #5275, 1000.000000000000000 ) ;
#2885 = SURFACE_STYLE_FILL_AREA ( #696 ) ;
#2886 =( NAMED_UNIT ( * ) SI_UNIT ( $, .STERADIAN. ) SOLID_ANGLE_UNIT ( ) );
#2887 = ORIENTED_EDGE ( 'NONE', *, *, #3198, .T. ) ;
#2888 = CARTESIAN_POINT ( 'NONE',  ( 3.073690169690014962, 2.172626992977455984, 0.5000000000000000000 ) ) ;
#2889 = LINE ( 'NONE', #634, #6472 ) ;
#2890 = MECHANICAL_DESIGN_GEOMETRIC_PRESENTATION_REPRESENTATION (  '', ( #1072 ), #4375 ) ;
#2891 = DIRECTION ( 'NONE',  ( -0.0000000000000000000, 1.000000000000000000, -0.0000000000000000000 ) ) ;
#2892 = DIRECTION ( 'NONE',  ( 1.000000000000000000, 3.053757688596834341E-16, 0.0000000000000000000 ) ) ;
#2893 =( NAMED_UNIT ( * ) PLANE_ANGLE_UNIT ( ) SI_UNIT ( $, .RADIAN. ) );
#2894 = ORIENTED_EDGE ( 'NONE', *, *, #2727, .T. ) ;
#2895 = LINE ( 'NONE', #2336, #1084 ) ;
#2896 = VERTEX_POINT ( 'NONE', #5995 ) ;
#2897 = DIRECTION ( 'NONE',  ( -1.000000000000000000, 0.0000000000000000000, -0.0000000000000000000 ) ) ;
#2898 = AXIS2_PLACEMENT_3D ( 'NONE', #4434, #2307, #3292 ) ;
#2899 = DIRECTION ( 'NONE',  ( 0.0000000000000000000, -1.000000000000000000, 0.0000000000000000000 ) ) ;
#2900 = DIRECTION ( 'NONE',  ( 0.0000000000000000000, 0.0000000000000000000, -1.000000000000000000 ) ) ;
#2901 = EDGE_CURVE ( 'NONE', #5502, #3336, #2847, .T. ) ;
#2902 = FILL_AREA_STYLE_COLOUR ( '', #2660 ) ;
#2903 = SURFACE_STYLE_USAGE ( .BOTH. , #1871 ) ;
#2904 = EDGE_LOOP ( 'NONE', ( #6707, #4846, #5277, #713 ) ) ;
#2905 = CARTESIAN_POINT ( 'NONE',  ( 3.058702067636009048, 2.251544162607211685, 0.4995501335457741554 ) ) ;
#2906 = ORIENTED_EDGE ( 'NONE', *, *, #3168, .F. ) ;
#2907 = UNCERTAINTY_MEASURE_WITH_UNIT (LENGTH_MEASURE( 1.000000000000000082E-05 ), #2732, 'distance_accuracy_value', 'NONE');
#2908 =( NAMED_UNIT ( * ) PLANE_ANGLE_UNIT ( ) SI_UNIT ( $, .RADIAN. ) );
#2909 = CARTESIAN_POINT ( 'NONE',  ( 2.080276409533067916, 1.879883371806615910, 0.1700000000000000122 ) ) ;
#2910 =( LENGTH_UNIT ( ) NAMED_UNIT ( * ) SI_UNIT ( .MILLI., .METRE. ) );
#2911 = FILL_AREA_STYLE_COLOUR ( '', #2725 ) ;
#2912 = SURFACE_STYLE_FILL_AREA ( #337 ) ;
#2913 = ORIENTED_EDGE ( 'NONE', *, *, #577, .T. ) ;
#2914 =( NAMED_UNIT ( * ) PLANE_ANGLE_UNIT ( ) SI_UNIT ( $, .RADIAN. ) );
#2915 =( LENGTH_UNIT ( ) NAMED_UNIT ( * ) SI_UNIT ( .MILLI., .METRE. ) );
#2916 = CARTESIAN_POINT ( 'NONE',  ( 3.200000000000000178, 2.469999999999999751, 0.1700000000000000122 ) ) ;
#2917 = CIRCLE ( 'NONE', #740, 0.2500000000000006661 ) ;
#2918 = DIRECTION ( 'NONE',  ( -1.000000000000000000, -1.330177414960941646E-15, 0.0000000000000000000 ) ) ;
#2919 = SURFACE_STYLE_USAGE ( .BOTH. , #731 ) ;
#2920 = CARTESIAN_POINT ( 'NONE',  ( 3.050000000000000266, 2.100000000000000089, 0.6000000000000000888 ) ) ;
#2921 = ORIENTED_EDGE ( 'NONE', *, *, #3198, .F. ) ;
#2922 = CARTESIAN_POINT ( 'NONE',  ( 3.174999999999999822, 0.3972620349942626583, 0.2899999999999999800 ) ) ;
#2923 = STYLED_ITEM ( 'NONE', ( #6029 ), #6187 ) ;
#2924 = B_SPLINE_CURVE_WITH_KNOTS ( 'NONE', 3,
 ( #3494, #776, #6734, #3609, #4677, #316, #4143, #1816, #6292, #6188 ),
 .UNSPECIFIED., .F., .F.,
 ( 4, 2, 2, 2, 4 ),
 ( 0.0000000000000000000, 0.1000000000000006856, 0.5000000000000003331, 0.8999999999999999112, 1.000000000000000000 ),
 .UNSPECIFIED. ) ;
#2925 = CARTESIAN_POINT ( 'NONE',  ( 2.805512629022965942, 0.09995611466156588409, 0.4999999999999982236 ) ) ;
#2926 = VERTEX_POINT ( 'NONE', #60 ) ;
#2927 = STYLED_ITEM ( 'NONE', ( #171 ), #1418 ) ;
#2928 = DIRECTION ( 'NONE',  ( 0.0000000000000000000, 0.0000000000000000000, 1.000000000000000000 ) ) ;
#2929 = VECTOR ( 'NONE', #1670, 1000.000000000000000 ) ;
#2930 = EDGE_CURVE ( 'NONE', #4823, #1076, #5506, .T. ) ;
#2931 = CARTESIAN_POINT ( 'NONE',  ( 0.2495506891988448772, 0.1677887373467344401, 0.4999999999999997780 ) ) ;
#2932 =( LENGTH_UNIT ( ) NAMED_UNIT ( * ) SI_UNIT ( .MILLI., .METRE. ) );
#2933 = DIRECTION ( 'NONE',  ( 0.0000000000000000000, 1.000000000000000000, 0.0000000000000000000 ) ) ;
#2934 = FILL_AREA_STYLE ('',( #1216 ) ) ;
#2935 = ORIENTED_EDGE ( 'NONE', *, *, #2419, .T. ) ;
#2936 = CARTESIAN_POINT ( 'NONE',  ( 2.872626992977425520, 0.1263098303099827457, 0.5000000000000000000 ) ) ;
#2937 = ORIENTED_EDGE ( 'NONE', *, *, #2127, .F. ) ;
#2938 = EDGE_CURVE ( 'NONE', #1716, #2224, #5035, .T. ) ;
#2939 = EDGE_CURVE ( 'NONE', #3392, #5524, #2297, .T. ) ;
#2940 = CARTESIAN_POINT ( 'NONE',  ( 3.100009241445716324, 1.580047681430130746, 0.0000000000000000000 ) ) ;
#2941 = PRESENTATION_LAYER_ASSIGNMENT (  '', '', ( #5351 ) ) ;
#2942 =( NAMED_UNIT ( * ) SI_UNIT ( $, .STERADIAN. ) SOLID_ANGLE_UNIT ( ) );
#2943 = SURFACE_STYLE_USAGE ( .BOTH. , #761 ) ;
#2944 = EDGE_LOOP ( 'NONE', ( #6169, #895, #6989, #4326 ) ) ;
#2945 = SURFACE_SIDE_STYLE ('',( #765 ) ) ;
#2946 = VECTOR ( 'NONE', #6872, 1000.000000000000000 ) ;
#2947 = ADVANCED_FACE ( 'NONE', ( #5472 ), #3810, .T. ) ;
#2948 =( NAMED_UNIT ( * ) SI_UNIT ( $, .STERADIAN. ) SOLID_ANGLE_UNIT ( ) );
#2949 = FACE_OUTER_BOUND ( 'NONE', #3119, .T. ) ;
#2950 = STYLED_ITEM ( 'NONE', ( #5067 ), #3178 ) ;
#2951 =( GEOMETRIC_REPRESENTATION_CONTEXT ( 3 ) GLOBAL_UNCERTAINTY_ASSIGNED_CONTEXT ( ( #5630 ) ) GLOBAL_UNIT_ASSIGNED_CONTEXT ( ( #4505, #5083, #1107 ) ) REPRESENTATION_CONTEXT ( 'NONE', 'WORKASPACE' ) );
#2952 = CARTESIAN_POINT ( 'NONE',  ( 2.809264482820521991, 1.923971919735854019, 0.6000000000000000888 ) ) ;
#2953 = CARTESIAN_POINT ( 'NONE',  ( 3.200000000000000178, 2.200000000000000178, 0.0000000000000000000 ) ) ;
#2954 = ORIENTED_EDGE ( 'NONE', *, *, #5869, .F. ) ;
#2955 = MECHANICAL_DESIGN_GEOMETRIC_PRESENTATION_REPRESENTATION (  '', ( #669 ), #6512 ) ;
#2956 = PRESENTATION_LAYER_ASSIGNMENT (  '', '', ( #6048 ) ) ;
#2957 = CARTESIAN_POINT ( 'NONE',  ( 0.02999999999999996420, 0.3000000000000000444, 0.1700000000000000122 ) ) ;
#2958 = DIRECTION ( 'NONE',  ( 0.0000000000000000000, 1.000000000000000000, 0.0000000000000000000 ) ) ;
#2959 = CARTESIAN_POINT ( 'NONE',  ( 2.790126882168022959, 0.09923864358606897251, 0.4999999999999998890 ) ) ;
#2960 = CIRCLE ( 'NONE', #1946, 0.2500000000000008327 ) ;
#2961 = CARTESIAN_POINT ( 'NONE',  ( 0.1201574421873909115, 0.2942209357623271626, 0.4800000000000000933 ) ) ;
#2962 = LINE ( 'NONE', #5839, #2523 ) ;
#2963 = EDGE_CURVE ( 'NONE', #3369, #6074, #3014, .T. ) ;
#2964 = FILL_AREA_STYLE_COLOUR ( '', #4899 ) ;
#2965 = CARTESIAN_POINT ( 'NONE',  ( 0.2000000000000000111, 0.0000000000000000000, 0.1700000000000000122 ) ) ;
#2966 = VERTEX_POINT ( 'NONE', #3526 ) ;
#2967 = CARTESIAN_POINT ( 'NONE',  ( 3.050000000000000266, 2.100000000000000089, 0.5200000000000000178 ) ) ;
#2968 = ORIENTED_EDGE ( 'NONE', *, *, #931, .T. ) ;
#2969 = AXIS2_PLACEMENT_3D ( 'NONE', #3772, #99, #3803 ) ;
#2970 = ORIENTED_EDGE ( 'NONE', *, *, #3653, .T. ) ;
#2971 = PRODUCT_DEFINITION_CONTEXT ( 'detailed design', #1236, 'design' ) ;
#2972 = CARTESIAN_POINT ( 'NONE',  ( 0.2413863028276942435, 0.1292294819680881446, 0.5000148479624872966 ) ) ;
#2973 = PRESENTATION_STYLE_ASSIGNMENT (( #5174 ) ) ;
#2974 = CARTESIAN_POINT ( 'NONE',  ( 2.800000000000000711, 0.1500000000000001332, 0.5400000000000001465 ) ) ;
#2975 = PRESENTATION_STYLE_ASSIGNMENT (( #4016 ) ) ;
#2976 = PRESENTATION_STYLE_ASSIGNMENT (( #5252 ) ) ;
#2977 =( GEOMETRIC_REPRESENTATION_CONTEXT ( 3 ) GLOBAL_UNCERTAINTY_ASSIGNED_CONTEXT ( ( #2907 ) ) GLOBAL_UNIT_ASSIGNED_CONTEXT ( ( #2732, #3410, #1103 ) ) REPRESENTATION_CONTEXT ( 'NONE', 'WORKASPACE' ) );
#2978 = ORIENTED_EDGE ( 'NONE', *, *, #3544, .T. ) ;
#2979 = ORIENTED_EDGE ( 'NONE', *, *, #2802, .T. ) ;
#2980 = CARTESIAN_POINT ( 'NONE',  ( 1.119723590466932039, 1.580047681430130746, 0.0000000000000000000 ) ) ;
#2981 = DIRECTION ( 'NONE',  ( -5.339892110068786225E-05, 0.9999999985742775710, 0.0000000000000000000 ) ) ;
#2982 = STYLED_ITEM ( 'NONE', ( #3266 ), #3984 ) ;
#2983 = FILL_AREA_STYLE ('',( #6797 ) ) ;
#2984 = ADVANCED_FACE ( 'NONE', ( #1964 ), #3600, .F. ) ;
#2985 = DIRECTION ( 'NONE',  ( 1.000000000000000000, 0.0000000000000000000, 0.0000000000000000000 ) ) ;
#2986 = SURFACE_STYLE_FILL_AREA ( #812 ) ;
#2987 = MECHANICAL_DESIGN_GEOMETRIC_PRESENTATION_REPRESENTATION (  '', ( #5175 ), #1733 ) ;
#2988 = FACE_OUTER_BOUND ( 'NONE', #1617, .T. ) ;
#2989 = CARTESIAN_POINT ( 'NONE',  ( 0.0000000000000000000, 0.2000000000000000111, 0.1700000000000000122 ) ) ;
#2990 = MECHANICAL_DESIGN_GEOMETRIC_PRESENTATION_REPRESENTATION (  '', ( #4144 ), #1069 ) ;
#2991 = DIRECTION ( 'NONE',  ( 0.0000000000000000000, 0.0000000000000000000, 1.000000000000000000 ) ) ;
#2992 = ORIENTED_EDGE ( 'NONE', *, *, #2259, .F. ) ;
#2993 = DIRECTION ( 'NONE',  ( -0.0000000000000000000, -1.000000000000000000, -0.0000000000000000000 ) ) ;
#2994 = CARTESIAN_POINT ( 'NONE',  ( 1.119723590466932039, 0.9199523185698690320, 0.1700000000000000122 ) ) ;
#2995 =( LENGTH_UNIT ( ) NAMED_UNIT ( * ) SI_UNIT ( .MILLI., .METRE. ) );
#2996 = FACE_OUTER_BOUND ( 'NONE', #1249, .T. ) ;
#2997 = DIRECTION ( 'NONE',  ( -1.000000000000000000, -0.0000000000000000000, -0.0000000000000000000 ) ) ;
#2998 = CARTESIAN_POINT ( 'NONE',  ( 0.09999075855428361803, 2.079959576973092972, 0.1700000000000000122 ) ) ;
#2999 = SURFACE_STYLE_USAGE ( .BOTH. , #5208 ) ;
#3000 = VERTEX_POINT ( 'NONE', #885 ) ;
#3001 = PLANE ( 'NONE',  #3582 ) ;
#3002 = ORIENTED_EDGE ( 'NONE', *, *, #4849, .T. ) ;
#3003 = ORIENTED_EDGE ( 'NONE', *, *, #5082, .F. ) ;
#3004 = EDGE_CURVE ( 'NONE', #6047, #5698, #4609, .T. ) ;
#3005 = STYLED_ITEM ( 'NONE', ( #5385 ), #4891 ) ;
#3006 =( NAMED_UNIT ( * ) SI_UNIT ( $, .STERADIAN. ) SOLID_ANGLE_UNIT ( ) );
#3007 = VECTOR ( 'NONE', #2160, 1000.000000000000000 ) ;
#3008 = ORIENTED_EDGE ( 'NONE', *, *, #198, .T. ) ;
#3009 = ORIENTED_EDGE ( 'NONE', *, *, #5452, .T. ) ;
#3011 = EDGE_CURVE ( 'NONE', #6142, #2043, #2540, .T. ) ;
#3010 = LINE ( 'NONE', #2980, #6927 ) ;
#3012 = PRESENTATION_STYLE_ASSIGNMENT (( #5641 ) ) ;
#3013 = STYLED_ITEM ( 'NONE', ( #1502 ), #141 ) ;
#3014 = LINE ( 'NONE', #4136, #2400 ) ;
#3015 = CARTESIAN_POINT ( 'NONE',  ( 3.100009241445716324, 0.9199523185698690320, 0.1700000000000000122 ) ) ;
#3016 = FACE_OUTER_BOUND ( 'NONE', #6237, .T. ) ;
#3017 = ORIENTED_EDGE ( 'NONE', *, *, #2115, .F. ) ;
#3018 = PRESENTATION_LAYER_ASSIGNMENT (  '', '', ( #1319 ) ) ;
#3019 = EDGE_CURVE ( 'NONE', #2186, #2385, #4709, .T. ) ;
#3020 = EDGE_CURVE ( 'NONE', #4433, #1757, #2636, .T. ) ;
#3021 = FILL_AREA_STYLE ('',( #4708 ) ) ;
#3022 = MECHANICAL_DESIGN_GEOMETRIC_PRESENTATION_REPRESENTATION (  '', ( #981 ), #1773 ) ;
#3023 = CARTESIAN_POINT ( 'NONE',  ( 3.170000000000000373, 0.02999999999999997113, 0.1700000000000000122 ) ) ;
#3024 = COLOUR_RGB ( '',0.6470588235294117974, 0.6196078431372549211, 0.5843137254901961120 ) ;
#3025 = CARTESIAN_POINT ( 'NONE',  ( 3.200000000000000178, 2.079959576973092972, 0.1700000000000000122 ) ) ;
#3026 = ORIENTED_EDGE ( 'NONE', *, *, #328, .F. ) ;
#3027 = ORIENTED_EDGE ( 'NONE', *, *, #1118, .T. ) ;
#3028 = PRESENTATION_STYLE_ASSIGNMENT (( #3576 ) ) ;
#3029 = PRESENTATION_STYLE_ASSIGNMENT (( #858 ) ) ;
#3030 = VECTOR ( 'NONE', #6057, 1000.000000000000000 ) ;
#3031 = STYLED_ITEM ( 'NONE', ( #3569 ), #1210 ) ;
#3032 = PRESENTATION_LAYER_ASSIGNMENT (  '', '', ( #2144 ) ) ;
#3033 = FACE_OUTER_BOUND ( 'NONE', #5399, .T. ) ;
#3034 = SURFACE_SIDE_STYLE ('',( #861 ) ) ;
#3035 = CARTESIAN_POINT ( 'NONE',  ( 2.796630123043587268, 0.06862867477208135780, 0.2899999999999999800 ) ) ;
#3036 = STYLED_ITEM ( 'NONE', ( #4393 ), #5879 ) ;
#3037 = PRESENTATION_LAYER_ASSIGNMENT (  '', '', ( #3947 ) ) ;
#3038 = AXIS2_PLACEMENT_3D ( 'NONE', #6330, #356, #3679 ) ;
#3039 = SURFACE_STYLE_USAGE ( .BOTH. , #863 ) ;
#3040 = PRESENTATION_STYLE_ASSIGNMENT (( #5276 ) ) ;
#3041 = ORIENTED_EDGE ( 'NONE', *, *, #5643, .F. ) ;
#3042 = ORIENTED_EDGE ( 'NONE', *, *, #779, .T. ) ;
#3043 = EDGE_LOOP ( 'NONE', ( #2549, #4787, #5773, #2117 ) ) ;
#3044 = LINE ( 'NONE', #832, #5328 ) ;
#3045 = PRESENTATION_STYLE_ASSIGNMENT (( #6856 ) ) ;
#3046 = FILL_AREA_STYLE_COLOUR ( '', #5222 ) ;
#3047 = CARTESIAN_POINT ( 'NONE',  ( 0.2535533905932738641, 2.350000000000000977, 0.5200000000000000178 ) ) ;
#3048 = AXIS2_PLACEMENT_3D ( 'NONE', #1352, #810, #2985 ) ;
#3049 = CARTESIAN_POINT ( 'NONE',  ( 2.798462283669304718, 2.380029600954747249, 0.5000000000000000000 ) ) ;
#3050 = SURFACE_SIDE_STYLE ('',( #3596 ) ) ;
#3051 = ORIENTED_EDGE ( 'NONE', *, *, #5701, .T. ) ;
#3052 = FILL_AREA_STYLE ('',( #4027 ) ) ;
#3053 = CARTESIAN_POINT ( 'NONE',  ( 3.200000000000000178, 0.2000000000000003719, 0.2899999999999999800 ) ) ;
#3054 = VECTOR ( 'NONE', #5389, 1000.000000000000000 ) ;
#3055 = DIRECTION ( 'NONE',  ( 1.000000000000000000, 0.0000000000000000000, 0.0000000000000000000 ) ) ;
#3056 = EDGE_CURVE ( 'NONE', #6167, #5637, #6506, .T. ) ;
#3057 = DIRECTION ( 'NONE',  ( 0.0000000000000000000, -1.000000000000000000, 0.0000000000000000000 ) ) ;
#3058 =( NAMED_UNIT ( * ) SI_UNIT ( $, .STERADIAN. ) SOLID_ANGLE_UNIT ( ) );
#3059 = CARTESIAN_POINT ( 'NONE',  ( 2.774932736525889787, 2.074932736525889609, 0.5000000000000000000 ) ) ;
#3060 = FILL_AREA_STYLE ('',( #3529 ) ) ;
#3061 = VECTOR ( 'NONE', #176, 1000.000000000000000 ) ;
#3062 = ORIENTED_EDGE ( 'NONE', *, *, #5553, .F. ) ;
#3063 =( NAMED_UNIT ( * ) SI_UNIT ( $, .STERADIAN. ) SOLID_ANGLE_UNIT ( ) );
#3064 =( GEOMETRIC_REPRESENTATION_CONTEXT ( 3 ) GLOBAL_UNCERTAINTY_ASSIGNED_CONTEXT ( ( #2750 ) ) GLOBAL_UNIT_ASSIGNED_CONTEXT ( ( #6098, #3267, #4947 ) ) REPRESENTATION_CONTEXT ( 'NONE', 'WORKASPACE' ) );
#3065 = STYLED_ITEM ( 'NONE', ( #5862 ), #2403 ) ;
#3066 = CARTESIAN_POINT ( 'NONE',  ( 0.09999075855428361803, 2.469999999999999751, 0.1700000000000000122 ) ) ;
#3067 = CARTESIAN_POINT ( 'NONE',  ( 2.080276409533067916, 0.09986109713243987440, 0.1700000000000000122 ) ) ;
#3068 = CARTESIAN_POINT ( 'NONE',  ( 2.800000000000000266, 0.1500000000000000777, 0.5400000000000001465 ) ) ;
#3069 = EDGE_CURVE ( 'NONE', #750, #6329, #2104, .T. ) ;
#3070 = VERTEX_POINT ( 'NONE', #411 ) ;
#3071 = VERTEX_POINT ( 'NONE', #4776 ) ;
#3072 = CARTESIAN_POINT ( 'NONE',  ( 0.4000000000000001332, 2.370000000000000107, 0.5000000000000000000 ) ) ;
#3073 = PRESENTATION_LAYER_ASSIGNMENT (  '', '', ( #5148 ) ) ;
#3074 =( LENGTH_UNIT ( ) NAMED_UNIT ( * ) SI_UNIT ( .MILLI., .METRE. ) );
#3075 = PLANE ( 'NONE',  #3742 ) ;
#3076 = CARTESIAN_POINT ( 'NONE',  ( 0.4000000000000001887, 2.399999999999999911, 0.4800000000000000933 ) ) ;
#3077 = AXIS2_PLACEMENT_3D ( 'NONE', #823, #5165, #6882 ) ;
#3078 =( LENGTH_UNIT ( ) NAMED_UNIT ( * ) SI_UNIT ( .MILLI., .METRE. ) );
#3079 = DIRECTION ( 'NONE',  ( -1.000000000000000000, -0.0000000000000000000, 0.0000000000000000000 ) ) ;
#3080 = PRESENTATION_LAYER_ASSIGNMENT (  '', '', ( #1483 ) ) ;
#3081 = FACE_OUTER_BOUND ( 'NONE', #5843, .T. ) ;
#3082 = SURFACE_STYLE_FILL_AREA ( #6980 ) ;
#3083 = ADVANCED_FACE ( 'NONE', ( #2001 ), #2077, .T. ) ;
#3084 = EDGE_CURVE ( 'NONE', #250, #539, #4100, .T. ) ;
#3085 = VERTEX_POINT ( 'NONE', #2108 ) ;
#3086 = ORIENTED_EDGE ( 'NONE', *, *, #3084, .T. ) ;
#3087 = CARTESIAN_POINT ( 'NONE',  ( 0.06862867477208184352, 0.4033698769564121878, 0.2899999999999999800 ) ) ;
#3088 = SURFACE_STYLE_USAGE ( .BOTH. , #4729 ) ;
#3089 =( NAMED_UNIT ( * ) SI_UNIT ( $, .STERADIAN. ) SOLID_ANGLE_UNIT ( ) );
#3090 = ORIENTED_EDGE ( 'NONE', *, *, #3122, .T. ) ;
#3091 = CARTESIAN_POINT ( 'NONE',  ( 0.4000000000000001887, 0.2100000000000000200, 0.6000000000000000888 ) ) ;
#3092 = FILL_AREA_STYLE ('',( #922 ) ) ;
#3093 = MECHANICAL_DESIGN_GEOMETRIC_PRESENTATION_REPRESENTATION (  '', ( #4592 ), #3893 ) ;
#3094 = FILL_AREA_STYLE ('',( #4738 ) ) ;
#3095 = PRESENTATION_STYLE_ASSIGNMENT (( #924 ) ) ;
#3096 = LINE ( 'NONE', #5888, #1987 ) ;
#3097 =( NAMED_UNIT ( * ) SI_UNIT ( $, .STERADIAN. ) SOLID_ANGLE_UNIT ( ) );
#3098 =( GEOMETRIC_REPRESENTATION_CONTEXT ( 3 ) GLOBAL_UNCERTAINTY_ASSIGNED_CONTEXT ( ( #6990 ) ) GLOBAL_UNIT_ASSIGNED_CONTEXT ( ( #3766, #1519, #1591 ) ) REPRESENTATION_CONTEXT ( 'NONE', 'WORKASPACE' ) );
#3099 = CARTESIAN_POINT ( 'NONE',  ( 1.119723590466932039, 1.580047681430130746, 0.1700000000000000122 ) ) ;
#3100 = EDGE_CURVE ( 'NONE', #3872, #2098, #4844, .T. ) ;
#3101 =( NAMED_UNIT ( * ) PLANE_ANGLE_UNIT ( ) SI_UNIT ( $, .RADIAN. ) );
#3102 =( NAMED_UNIT ( * ) SI_UNIT ( $, .STERADIAN. ) SOLID_ANGLE_UNIT ( ) );
#3103 =( NAMED_UNIT ( * ) SI_UNIT ( $, .STERADIAN. ) SOLID_ANGLE_UNIT ( ) );
#3104 = DIRECTION ( 'NONE',  ( 0.0000000000000000000, 1.000000000000000000, 0.0000000000000000000 ) ) ;
#3105 = VECTOR ( 'NONE', #4052, 1000.000000000000000 ) ;
#3106 = CARTESIAN_POINT ( 'NONE',  ( 3.100000000000000533, 0.3999999999999999667, 0.4800000000000000933 ) ) ;
#3107 = ORIENTED_EDGE ( 'NONE', *, *, #1525, .T. ) ;
#3108 = EDGE_LOOP ( 'NONE', ( #188, #1154, #3386, #5077 ) ) ;
#3109 = CARTESIAN_POINT ( 'NONE',  ( 0.1748528137423851769, 2.100000000000000533, 0.6000000000000001998 ) ) ;
#3110 = LINE ( 'NONE', #3651, #5459 ) ;
#3111 = CARTESIAN_POINT ( 'NONE',  ( 0.3000000000000000444, 0.02999999999999998848, 0.0000000000000000000 ) ) ;
#3112 =( NAMED_UNIT ( * ) SI_UNIT ( $, .STERADIAN. ) SOLID_ANGLE_UNIT ( ) );
#3113 = EDGE_CURVE ( 'NONE', #6120, #6749, #5954, .T. ) ;
#3114 = STYLED_ITEM ( 'NONE', ( #5508 ), #4369 ) ;
#3115 = LINE ( 'NONE', #392, #2624 ) ;
#3116 =( NAMED_UNIT ( * ) PLANE_ANGLE_UNIT ( ) SI_UNIT ( $, .RADIAN. ) );
#3117 = CARTESIAN_POINT ( 'NONE',  ( 2.985825511624396800, 0.08014551274507500378, 0.2899999999999999800 ) ) ;
#3118 = CARTESIAN_POINT ( 'NONE',  ( 0.09923864358606897251, 2.090126882168023670, 0.4999999999999998890 ) ) ;
#3119 = EDGE_LOOP ( 'NONE', ( #4659, #605, #608, #826 ) ) ;
#3120 = PRESENTATION_LAYER_ASSIGNMENT (  '', '', ( #6667 ) ) ;
#3121 = ORIENTED_EDGE ( 'NONE', *, *, #5566, .T. ) ;
#3122 = EDGE_CURVE ( 'NONE', #2280, #1300, #5433, .T. ) ;
#3123 = EDGE_CURVE ( 'NONE', #3934, #2186, #6689, .T. ) ;
#3124 = CARTESIAN_POINT ( 'NONE',  ( 0.1412974053913090555, 0.4000000000000009659, 0.4995495749143826214 ) ) ;
#3125 = PRESENTATION_LAYER_ASSIGNMENT (  '', '', ( #6207 ) ) ;
#3126 = SURFACE_STYLE_USAGE ( .BOTH. , #369 ) ;
#3127 = SURFACE_STYLE_USAGE ( .BOTH. , #5315 ) ;
#3128 = ORIENTED_EDGE ( 'NONE', *, *, #4731, .F. ) ;
#3129 = UNCERTAINTY_MEASURE_WITH_UNIT (LENGTH_MEASURE( 1.000000000000000082E-05 ), #3288, 'distance_accuracy_value', 'NONE');
#3130 = DIRECTION ( 'NONE',  ( -1.000000000000000000, -0.0000000000000000000, 0.0000000000000000000 ) ) ;
#3131 = ADVANCED_FACE ( 'NONE', ( #1623 ), #1164, .F. ) ;
#3132 = VECTOR ( 'NONE', #5013, 1000.000000000000000 ) ;
#3133 = FACE_OUTER_BOUND ( 'NONE', #6823, .T. ) ;
#3134 = DIRECTION ( 'NONE',  ( 0.0000000000000000000, 1.000000000000000000, 0.0000000000000000000 ) ) ;
#3135 = LINE ( 'NONE', #514, #2762 ) ;
#3136 = EDGE_LOOP ( 'NONE', ( #1725, #6923, #5374, #2172 ) ) ;
#3137 = VECTOR ( 'NONE', #4798, 1000.000000000000000 ) ;
#3138 = LINE ( 'NONE', #5329, #786 ) ;
#3139 = PLANE ( 'NONE',  #5952 ) ;
#3140 = AXIS2_PLACEMENT_3D ( 'NONE', #4226, #973, #2119 ) ;
#3141 = CARTESIAN_POINT ( 'NONE',  ( 2.905779064237655973, 0.1201574421873865262, 0.4800000000000000933 ) ) ;
#3142 = EDGE_CURVE ( 'NONE', #947, #4141, #5467, .T. ) ;
#3143 = ORIENTED_EDGE ( 'NONE', *, *, #1152, .T. ) ;
#3144 = ORIENTED_EDGE ( 'NONE', *, *, #4376, .T. ) ;
#3145 = CARTESIAN_POINT ( 'NONE',  ( 0.4000000000000001887, 2.290000000000000924, 0.6000000000000001998 ) ) ;
#3146 = DIRECTION ( 'NONE',  ( 0.0000000000000000000, 0.0000000000000000000, -1.000000000000000000 ) ) ;
#3147 = UNCERTAINTY_MEASURE_WITH_UNIT (LENGTH_MEASURE( 1.000000000000000082E-05 ), #6821, 'distance_accuracy_value', 'NONE');
#3148 = DIRECTION ( 'NONE',  ( 1.000000000000000000, 0.0000000000000000000, 0.0000000000000000000 ) ) ;
#3149 = FILL_AREA_STYLE ('',( #4795 ) ) ;
#3150 = MECHANICAL_DESIGN_GEOMETRIC_PRESENTATION_REPRESENTATION (  '', ( #1336 ), #7037 ) ;
#3151 = PRESENTATION_LAYER_ASSIGNMENT (  '', '', ( #6933 ) ) ;
#3152 = CARTESIAN_POINT ( 'NONE',  ( 0.09999075855428361803, 0.9199523185698690320, 0.1700000000000000122 ) ) ;
#3153 = CARTESIAN_POINT ( 'NONE',  ( 0.08014551274533315839, 2.285825511629206552, 0.2899999999999999800 ) ) ;
#3154 = CYLINDRICAL_SURFACE ( 'NONE', #1815, 0.2700000000000000733 ) ;
#3155 = CARTESIAN_POINT ( 'NONE',  ( 0.2942209357623307708, 2.379842557812610337, 0.4800000000000000933 ) ) ;
#3156 = ADVANCED_FACE ( 'NONE', ( #2796 ), #4451, .F. ) ;
#3157 = MECHANICAL_DESIGN_GEOMETRIC_PRESENTATION_REPRESENTATION (  '', ( #6355 ), #4058 ) ;
#3158 = CARTESIAN_POINT ( 'NONE',  ( 0.2999999999999999889, 0.0000000000000000000, 0.0000000000000000000 ) ) ;
#3159 = PRODUCT_DEFINITION_SHAPE ( 'NONE', 'NONE',  #4842 ) ;
#3160 = ORIENTED_EDGE ( 'NONE', *, *, #1417, .F. ) ;
#3161 = FACE_OUTER_BOUND ( 'NONE', #5085, .T. ) ;
#3162 = VECTOR ( 'NONE', #2671, 1000.000000000000000 ) ;
#3163 = FILL_AREA_STYLE ('',( #2720 ) ) ;
#3164 =( GEOMETRIC_REPRESENTATION_CONTEXT ( 3 ) GLOBAL_UNCERTAINTY_ASSIGNED_CONTEXT ( ( #261 ) ) GLOBAL_UNIT_ASSIGNED_CONTEXT ( ( #984, #5391, #5462 ) ) REPRESENTATION_CONTEXT ( 'NONE', 'WORKASPACE' ) );
#3165 =( LENGTH_UNIT ( ) NAMED_UNIT ( * ) SI_UNIT ( .MILLI., .METRE. ) );
#3166 = DIRECTION ( 'NONE',  ( 0.0000000000000000000, -1.000000000000000000, 0.0000000000000000000 ) ) ;
#3167 = DIRECTION ( 'NONE',  ( 0.0000000000000000000, 0.0000000000000000000, 1.000000000000000000 ) ) ;
#3168 = EDGE_CURVE ( 'NONE', #879, #537, #3976, .T. ) ;
#3169 = ORIENTED_EDGE ( 'NONE', *, *, #1081, .F. ) ;
#3170 = MECHANICAL_DESIGN_GEOMETRIC_PRESENTATION_REPRESENTATION (  '', ( #3946 ), #878 ) ;
#3171 = B_SPLINE_CURVE_WITH_KNOTS ( 'NONE', 3,
 ( #5664, #2936, #1532, #6971 ),
 .UNSPECIFIED., .F., .F.,
 ( 4, 4 ),
 ( 0.0000000000000000000, 1.000000000000000000 ),
 .UNSPECIFIED. ) ;
#3172 = AXIS2_PLACEMENT_3D ( 'NONE', #5627, #2869, #583 ) ;
#3173 = CARTESIAN_POINT ( 'NONE',  ( 3.200000000000000178, 0.2999999999999999889, 0.0000000000000000000 ) ) ;
#3174 = SURFACE_SIDE_STYLE ('',( #4169 ) ) ;
#3175 = PRESENTATION_STYLE_ASSIGNMENT (( #5396 ) ) ;
#3176 = CARTESIAN_POINT ( 'NONE',  ( 2.779937501871236449, 2.400138902867559931, 0.0000000000000000000 ) ) ;
#3177 = CARTESIAN_POINT ( 'NONE',  ( 3.079999999999999627, 1.023333333333334094, 0.5000000000000000000 ) ) ;
#3178 = ADVANCED_FACE ( 'NONE', ( #5218 ), #233, .F. ) ;
#3179 = FILL_AREA_STYLE ('',( #6938 ) ) ;
#3180 = ORIENTED_EDGE ( 'NONE', *, *, #3019, .F. ) ;
#3181 = FILL_AREA_STYLE ('',( #1458 ) ) ;
#3182 = CARTESIAN_POINT ( 'NONE',  ( 0.2100000000000000200, 0.4000000000000001332, 0.6000000000000001998 ) ) ;
#3183 = FILL_AREA_STYLE_COLOUR ( '', #6768 ) ;
#3184 =( GEOMETRIC_REPRESENTATION_CONTEXT ( 3 ) GLOBAL_UNCERTAINTY_ASSIGNED_CONTEXT ( ( #6723 ) ) GLOBAL_UNIT_ASSIGNED_CONTEXT ( ( #4409, #2873, #5281 ) ) REPRESENTATION_CONTEXT ( 'NONE', 'WORKASPACE' ) );
#3185 = EDGE_LOOP ( 'NONE', ( #3689, #6910, #6533, #4283 ) ) ;
#3186 = CARTESIAN_POINT ( 'NONE',  ( 0.2099999999999996869, 2.100000000000000089, 0.6000000000000001998 ) ) ;
#3187 = LINE ( 'NONE', #5380, #519 ) ;
#3188 = CARTESIAN_POINT ( 'NONE',  ( 2.946446609406726314, 2.349999999999999645, 0.5751471862576145178 ) ) ;
#3189 = PRESENTATION_STYLE_ASSIGNMENT (( #2264 ) ) ;
#3190 = LINE ( 'NONE', #4362, #6741 ) ;
#3191 = MECHANICAL_DESIGN_GEOMETRIC_PRESENTATION_REPRESENTATION (  '', ( #1132 ), #4897 ) ;
#3192 = ORIENTED_EDGE ( 'NONE', *, *, #2861, .F. ) ;
#3193 = VECTOR ( 'NONE', #5232, 1000.000000000000000 ) ;
#3194 = SURFACE_STYLE_USAGE ( .BOTH. , #5908 ) ;
#3195 = ORIENTED_EDGE ( 'NONE', *, *, #5860, .F. ) ;
#3196 = CARTESIAN_POINT ( 'NONE',  ( 0.4200624981287628956, 0.0000000000000000000, 0.1700000000000000122 ) ) ;
#3197 = LINE ( 'NONE', #2718, #3274 ) ;
#3198 = EDGE_CURVE ( 'NONE', #4932, #6120, #266, .T. ) ;
#3199 = AXIS2_PLACEMENT_3D ( 'NONE', #6110, #6730, #3993 ) ;
#3200 =( NAMED_UNIT ( * ) PLANE_ANGLE_UNIT ( ) SI_UNIT ( $, .RADIAN. ) );
#3201 = CARTESIAN_POINT ( 'NONE',  ( 0.09963729403821589004, 0.4052574559641943241, 0.3210660171779819994 ) ) ;
#3202 = ORIENTED_EDGE ( 'NONE', *, *, #2045, .T. ) ;
#3203 = ORIENTED_EDGE ( 'NONE', *, *, #577, .F. ) ;
#3204 = UNCERTAINTY_MEASURE_WITH_UNIT (LENGTH_MEASURE( 1.000000000000000082E-05 ), #914, 'distance_accuracy_value', 'NONE');
#3205 = CARTESIAN_POINT ( 'NONE',  ( 0.1879277721598250350, 0.03954902097269009237, 0.2899999999999999800 ) ) ;
#3206 = CARTESIAN_POINT ( 'NONE',  ( 0.1034572577486074368, 0.3693788275795961695, 0.4800000000000000933 ) ) ;
#3207 = PLANE ( 'NONE',  #4877 ) ;
#3208 = ORIENTED_EDGE ( 'NONE', *, *, #6530, .F. ) ;
#3209 = LINE ( 'NONE', #4847, #4640 ) ;
#3210 = SURFACE_STYLE_FILL_AREA ( #6511 ) ;
#3211 = ADVANCED_FACE ( 'NONE', ( #6948 ), #1879, .F. ) ;
#3212 = EDGE_LOOP ( 'NONE', ( #4656, #4697, #2809, #2462 ) ) ;
#3213 = ORIENTED_EDGE ( 'NONE', *, *, #3652, .T. ) ;
#3214 = CARTESIAN_POINT ( 'NONE',  ( 3.098246862283063230, 2.120822220047792417, 0.5000000000000049960 ) ) ;
#3215 = UNCERTAINTY_MEASURE_WITH_UNIT (LENGTH_MEASURE( 1.000000000000000082E-05 ), #647, 'distance_accuracy_value', 'NONE');
#3216 = FILL_AREA_STYLE ('',( #5535 ) ) ;
#3217 = PLANE ( 'NONE',  #747 ) ;
#3218 = STYLED_ITEM ( 'NONE', ( #6616 ), #760 ) ;
#3219 = EDGE_CURVE ( 'NONE', #3557, #1492, #498, .T. ) ;
#3220 = CARTESIAN_POINT ( 'NONE',  ( 0.4052574559742375682, 2.400362705962395538, 0.3649999999999999911 ) ) ;
#3221 = CARTESIAN_POINT ( 'NONE',  ( 0.2052604420177458477, 0.2121419212420618539, 0.5000030807121101928 ) ) ;
#3222 = PLANE ( 'NONE',  #2372 ) ;
#3223 = ORIENTED_EDGE ( 'NONE', *, *, #4458, .T. ) ;
#3224 = CARTESIAN_POINT ( 'NONE',  ( 2.796628194167357861, 2.384254378386440720, 0.4999921912134844826 ) ) ;
#3225 = ORIENTED_EDGE ( 'NONE', *, *, #234, .T. ) ;
#3226 = STYLED_ITEM ( 'NONE', ( #6349 ), #4071 ) ;
#3227 = DIRECTION ( 'NONE',  ( 0.0000000000000000000, -1.000000000000000000, 0.0000000000000000000 ) ) ;
#3228 = LINE ( 'NONE', #1022, #4088 ) ;
#3229 = CARTESIAN_POINT ( 'NONE',  ( 2.900000000000000355, 0.03000000000000000236, 0.1700000000000000122 ) ) ;
#3230 = VECTOR ( 'NONE', #975, 1000.000000000000000 ) ;
#3231 = VERTEX_POINT ( 'NONE', #5973 ) ;
#3232 = LINE ( 'NONE', #17, #3833 ) ;
#3233 = CARTESIAN_POINT ( 'NONE',  ( 1.920000000000052331, 2.399999999999999911, 0.4800000000000000933 ) ) ;
#3234 =( BOUNDED_SURFACE ( )  B_SPLINE_SURFACE ( 2, 3, ( 
 ( #3449, #701, #4031, #3496, #3959, #1745, #4550, #5615, #2370, #1819 ),
 ( #2959, #2925, #4587, #6771, #5161, #249, #5296, #6294, #3613, #4786 ),
 ( #318, #1390, #1426, #3141, #386, #3574, #967, #5753, #4679, #3106 ) ),
 .UNSPECIFIED., .F., .F., .F. ) 
 B_SPLINE_SURFACE_WITH_KNOTS ( ( 3, 3 ),
 ( 4, 2, 2, 2, 4 ),
 ( 0.0000000000000000000, 1.000000000000000000 ),
 ( 1.647758096387820448, 1.789445375148725592, 2.356194490192345725, 2.922943605235965414, 3.064630883996870558 ),
 .UNSPECIFIED. ) 
 GEOMETRIC_REPRESENTATION_ITEM ( )  RATIONAL_B_SPLINE_SURFACE ( (
 ( 1.000000000000000000, 1.000000000000000000, 1.000000000000000000, 1.000000000000000000, 1.000000000000000000, 1.000000000000000000, 1.000000000000000000, 1.000000000000000000, 1.000000000000000000, 1.000000000000000000),
 ( 0.6336872742246432155, 0.6336395313409235452, 0.6338128698948525264, 0.6424637614944160857, 0.6818759437540063972, 0.7112189170365598168, 0.7071067811865476838, 0.7071067811865476838, 0.7071067811865477948, 0.7071067811865477948),
 ( 1.000000000000000000, 1.000000000000000000, 1.000000000000000000, 1.000000000000000000, 1.000000000000000000, 1.000000000000000000, 1.000000000000000000, 1.000000000000000000, 1.000000000000000000, 1.000000000000000000) ) ) 
 REPRESENTATION_ITEM ( '' )  SURFACE ( )  );
#3235 = DIRECTION ( 'NONE',  ( 0.0000000000000000000, 0.0000000000000000000, -1.000000000000000000 ) ) ;
#3236 = DIRECTION ( 'NONE',  ( 1.000000000000000000, -0.0000000000000000000, 0.0000000000000000000 ) ) ;
#3237 =( NAMED_UNIT ( * ) SI_UNIT ( $, .STERADIAN. ) SOLID_ANGLE_UNIT ( ) );
#3238 = COLOUR_RGB ( '',0.6470588235294117974, 0.6196078431372549211, 0.5843137254901961120 ) ;
#3239 = SURFACE_SIDE_STYLE ('',( #453 ) ) ;
#3240 = EDGE_CURVE ( 'NONE', #5524, #2595, #1638, .T. ) ;
#3241 = ORIENTED_EDGE ( 'NONE', *, *, #3732, .F. ) ;
#3242 = PRESENTATION_STYLE_ASSIGNMENT (( #5958 ) ) ;
#3243 = VECTOR ( 'NONE', #5617, 1000.000000000000000 ) ;
#3244 = SURFACE_STYLE_USAGE ( .BOTH. , #1073 ) ;
#3245 =( NAMED_UNIT ( * ) PLANE_ANGLE_UNIT ( ) SI_UNIT ( $, .RADIAN. ) );
#3246 = SURFACE_STYLE_FILL_AREA ( #1074 ) ;
#3247 = VERTEX_POINT ( 'NONE', #5904 ) ;
#3248 = CARTESIAN_POINT ( 'NONE',  ( 3.083763296701754975, 2.196538129907542825, 0.4999999999999802380 ) ) ;
#3249 = ADVANCED_FACE ( 'NONE', ( #2095 ), #3154, .F. ) ;
#3250 = DIRECTION ( 'NONE',  ( 1.000000000000000000, 4.257195078628523439E-15, 0.0000000000000000000 ) ) ;
#3251 = FACE_OUTER_BOUND ( 'NONE', #5965, .T. ) ;
#3252 = LINE ( 'NONE', #37, #2141 ) ;
#3253 = ORIENTED_EDGE ( 'NONE', *, *, #6899, .F. ) ;
#3254 =( NAMED_UNIT ( * ) PLANE_ANGLE_UNIT ( ) SI_UNIT ( $, .RADIAN. ) );
#3255 = EDGE_LOOP ( 'NONE', ( #1332, #373, #2870, #6710 ) ) ;
#3256 = CARTESIAN_POINT ( 'NONE',  ( 3.000000000000000000, 0.0000000000000000000, 0.2899999999999999800 ) ) ;
#3257 = CARTESIAN_POINT ( 'NONE',  ( 3.100009241445716324, 0.9199523185698689209, 0.0000000000000000000 ) ) ;
#3258 = DIRECTION ( 'NONE',  ( 1.000000000000000000, -0.0000000000000000000, 0.0000000000000000000 ) ) ;
#3259 = PRESENTATION_STYLE_ASSIGNMENT (( #7050 ) ) ;
#3260 = VECTOR ( 'NONE', #4690, 1000.000000000000000 ) ;
#3261 = VERTEX_POINT ( 'NONE', #3 ) ;
#3262 = UNCERTAINTY_MEASURE_WITH_UNIT (LENGTH_MEASURE( 1.000000000000000082E-05 ), #4875, 'distance_accuracy_value', 'NONE');
#3263 = MECHANICAL_DESIGN_GEOMETRIC_PRESENTATION_REPRESENTATION (  '', ( #6936 ), #6126 ) ;
#3264 = FILL_AREA_STYLE ('',( #2701 ) ) ;
#3265 = SURFACE_STYLE_FILL_AREA ( #2245 ) ;
#3266 = PRESENTATION_STYLE_ASSIGNMENT (( #1187 ) ) ;
#3267 =( NAMED_UNIT ( * ) PLANE_ANGLE_UNIT ( ) SI_UNIT ( $, .RADIAN. ) );
#3268 = PRESENTATION_LAYER_ASSIGNMENT (  '', '', ( #6602 ) ) ;
#3269 = STYLED_ITEM ( 'NONE', ( #3012 ), #1439 ) ;
#3270 =( NAMED_UNIT ( * ) SI_UNIT ( $, .STERADIAN. ) SOLID_ANGLE_UNIT ( ) );
#3271 = VERTEX_POINT ( 'NONE', #2652 ) ;
#3272 =( LENGTH_UNIT ( ) NAMED_UNIT ( * ) SI_UNIT ( .MILLI., .METRE. ) );
#3273 =( GEOMETRIC_REPRESENTATION_CONTEXT ( 3 ) GLOBAL_UNCERTAINTY_ASSIGNED_CONTEXT ( ( #5933 ) ) GLOBAL_UNIT_ASSIGNED_CONTEXT ( ( #2223, #6514, #6036 ) ) REPRESENTATION_CONTEXT ( 'NONE', 'WORKASPACE' ) );
#3274 = VECTOR ( 'NONE', #5978, 1000.000000000000000 ) ;
#3275 = CARTESIAN_POINT ( 'NONE',  ( 1.119723590466932039, 0.09986109713243988828, 0.1700000000000000122 ) ) ;
#3276 = EDGE_CURVE ( 'NONE', #4073, #474, #5710, .T. ) ;
#3277 = DIRECTION ( 'NONE',  ( 1.000000000000000000, -0.0000000000000000000, 0.0000000000000000000 ) ) ;
#3278 = DIRECTION ( 'NONE',  ( 0.0000000000000000000, -0.0000000000000000000, 1.000000000000000000 ) ) ;
#3279 = PLANE ( 'NONE',  #3906 ) ;
#3280 = SURFACE_SIDE_STYLE ('',( #4386 ) ) ;
#3281 = CARTESIAN_POINT ( 'NONE',  ( 1.119723590466932039, 0.09986109713243988828, 0.1700000000000000122 ) ) ;
#3282 = VERTEX_POINT ( 'NONE', #6525 ) ;
#3283 =( GEOMETRIC_REPRESENTATION_CONTEXT ( 3 ) GLOBAL_UNCERTAINTY_ASSIGNED_CONTEXT ( ( #4207 ) ) GLOBAL_UNIT_ASSIGNED_CONTEXT ( ( #3380, #6144, #5605 ) ) REPRESENTATION_CONTEXT ( 'NONE', 'WORKASPACE' ) );
#3284 = FILL_AREA_STYLE ('',( #3814 ) ) ;
#3285 = CYLINDRICAL_SURFACE ( 'NONE', #2813, 0.02000000000000005246 ) ;
#3286 = FILL_AREA_STYLE ('',( #1742 ) ) ;
#3287 = PLANE ( 'NONE',  #358 ) ;
#3288 =( LENGTH_UNIT ( ) NAMED_UNIT ( * ) SI_UNIT ( .MILLI., .METRE. ) );
#3289 = FILL_AREA_STYLE_COLOUR ( '', #1089 ) ;
#3290 = EDGE_CURVE ( 'NONE', #5334, #76, #1047, .T. ) ;
#3291 = ORIENTED_EDGE ( 'NONE', *, *, #6935, .T. ) ;
#3292 = DIRECTION ( 'NONE',  ( 0.0000000000000000000, -0.0000000000000000000, 1.000000000000000000 ) ) ;
#3293 = MECHANICAL_DESIGN_GEOMETRIC_PRESENTATION_REPRESENTATION (  '', ( #5133 ), #5365 ) ;
#3294 = ORIENTED_EDGE ( 'NONE', *, *, #71, .T. ) ;
#3295 = MECHANICAL_DESIGN_GEOMETRIC_PRESENTATION_REPRESENTATION (  '', ( #4553 ), #6269 ) ;
#3296 = CARTESIAN_POINT ( 'NONE',  ( 3.167200910856239116, 0.2960209342662080134, 0.2900000000000000355 ) ) ;
#3297 = EDGE_CURVE ( 'NONE', #6382, #3853, #3190, .T. ) ;
#3298 = FILL_AREA_STYLE_COLOUR ( '', #6283 ) ;
#3299 = ADVANCED_FACE ( 'NONE', ( #1606 ), #3549, .F. ) ;
#3300 = PRESENTATION_LAYER_ASSIGNMENT (  '', '', ( #1582 ) ) ;
#3301 = CARTESIAN_POINT ( 'NONE',  ( 0.0000000000000000000, 2.200000000000000178, 0.1700000000000000122 ) ) ;
#3302 = PLANE ( 'NONE',  #3038 ) ;
#3303 = ORIENTED_EDGE ( 'NONE', *, *, #2086, .F. ) ;
#3304 = FILL_AREA_STYLE_COLOUR ( '', #3605 ) ;
#3305 = MECHANICAL_DESIGN_GEOMETRIC_PRESENTATION_REPRESENTATION (  '', ( #3655 ), #1133 ) ;
#3306 = CARTESIAN_POINT ( 'NONE',  ( 0.4000000000000001887, 2.379999999999999893, 0.5000000000000000000 ) ) ;
#3307 = CARTESIAN_POINT ( 'NONE',  ( 0.1200314940270346409, 2.099997406540719425, 0.4999999876735851667 ) ) ;
#3308 = VECTOR ( 'NONE', #2572, 1000.000000000000000 ) ;
#3309 = SURFACE_STYLE_USAGE ( .BOTH. , #2288 ) ;
#3310 = CARTESIAN_POINT ( 'NONE',  ( 3.079999999999999627, 0.7966666666666486485, 0.5000000000000000000 ) ) ;
#3311 = VERTEX_POINT ( 'NONE', #1824 ) ;
#3312 = CARTESIAN_POINT ( 'NONE',  ( 0.3236811373699422512, 0.1303386531900338485, 0.5000000000000000000 ) ) ;
#3313 = CARTESIAN_POINT ( 'NONE',  ( 0.2100000000000001033, 2.100000000000000089, 0.6000000000000000888 ) ) ;
#3314 = FILL_AREA_STYLE_COLOUR ( '', #2396 ) ;
#3315 = DIRECTION ( 'NONE',  ( 0.0000000000000000000, 0.0000000000000000000, 1.000000000000000000 ) ) ;
#3316 = LINE ( 'NONE', #2298, #1504 ) ;
#3317 = ORIENTED_EDGE ( 'NONE', *, *, #3709, .F. ) ;
#3318 = CARTESIAN_POINT ( 'NONE',  ( 2.905779064237654641, 2.379842557812613890, 0.4800000000000000933 ) ) ;
#3319 = DIRECTION ( 'NONE',  ( 0.0000000000000000000, 0.0000000000000000000, 1.000000000000000000 ) ) ;
#3320 =( GEOMETRIC_REPRESENTATION_CONTEXT ( 3 ) GLOBAL_UNCERTAINTY_ASSIGNED_CONTEXT ( ( #831 ) ) GLOBAL_UNIT_ASSIGNED_CONTEXT ( ( #3738, #1166, #6539 ) ) REPRESENTATION_CONTEXT ( 'NONE', 'WORKASPACE' ) );
#3321 = CARTESIAN_POINT ( 'NONE',  ( 3.070000000000000284, 0.4000000000000001887, 0.5000000000000000000 ) ) ;
#3322 = DIRECTION ( 'NONE',  ( 0.0000000000000000000, 1.000000000000000000, 0.0000000000000000000 ) ) ;
#3323 =( NAMED_UNIT ( * ) PLANE_ANGLE_UNIT ( ) SI_UNIT ( $, .RADIAN. ) );
#3324 = VERTEX_POINT ( 'NONE', #6324 ) ;
#3325 = PLANE ( 'NONE',  #2114 ) ;
#3326 = EDGE_CURVE ( 'NONE', #121, #968, #6046, .T. ) ;
#3327 = ORIENTED_EDGE ( 'NONE', *, *, #1760, .F. ) ;
#3328 =( GEOMETRIC_REPRESENTATION_CONTEXT ( 3 ) GLOBAL_UNCERTAINTY_ASSIGNED_CONTEXT ( ( #4980 ) ) GLOBAL_UNIT_ASSIGNED_CONTEXT ( ( #5289, #4247, #4812 ) ) REPRESENTATION_CONTEXT ( 'NONE', 'WORKASPACE' ) );
#3329 = LINE ( 'NONE', #4513, #4780 ) ;
#3330 = CYLINDRICAL_SURFACE ( 'NONE', #5261, 0.2000000000000005107 ) ;
#3331 =( NAMED_UNIT ( * ) SI_UNIT ( $, .STERADIAN. ) SOLID_ANGLE_UNIT ( ) );
#3332 = SURFACE_STYLE_FILL_AREA ( #2078 ) ;
#3333 = ORIENTED_EDGE ( 'NONE', *, *, #3963, .T. ) ;
#3334 = CARTESIAN_POINT ( 'NONE',  ( 3.100000000000000533, 2.100000000000000533, 0.4800000000000000933 ) ) ;
#3335 = VECTOR ( 'NONE', #2536, 1000.000000000000000 ) ;
#3336 = VERTEX_POINT ( 'NONE', #930 ) ;
#3337 = ORIENTED_EDGE ( 'NONE', *, *, #5240, .T. ) ;
#3338 = UNCERTAINTY_MEASURE_WITH_UNIT (LENGTH_MEASURE( 1.000000000000000082E-05 ), #4667, 'distance_accuracy_value', 'NONE');
#3339 = EDGE_CURVE ( 'NONE', #2256, #2596, #3138, .T. ) ;
#3340 = FILL_AREA_STYLE ('',( #1159 ) ) ;
#3341 = ADVANCED_FACE ( 'NONE', ( #851 ), #3607, .F. ) ;
#3342 = COLOUR_RGB ( '',0.8274509803921568096, 0.6666666666666666297, 0.1254901960784313708 ) ;
#3343 = FILL_AREA_STYLE_COLOUR ( '', #2617 ) ;
#3344 = CARTESIAN_POINT ( 'NONE',  ( 0.1000000000000000194, 0.4099024299701202745, 0.4999999999999998890 ) ) ;
#3345 = CARTESIAN_POINT ( 'NONE',  ( 3.100000000000000533, 1.986666666666667025, 0.4800000000000000933 ) ) ;
#3346 = ORIENTED_EDGE ( 'NONE', *, *, #1245, .T. ) ;
#3347 = UNCERTAINTY_MEASURE_WITH_UNIT (LENGTH_MEASURE( 1.000000000000000082E-05 ), #4346, 'distance_accuracy_value', 'NONE');
#3348 = PRESENTATION_LAYER_ASSIGNMENT (  '', '', ( #265 ) ) ;
#3349 = FACE_OUTER_BOUND ( 'NONE', #2639, .T. ) ;
#3350 =( GEOMETRIC_REPRESENTATION_CONTEXT ( 3 ) GLOBAL_UNCERTAINTY_ASSIGNED_CONTEXT ( ( #5445 ) ) GLOBAL_UNIT_ASSIGNED_CONTEXT ( ( #1792, #6305, #5732 ) ) REPRESENTATION_CONTEXT ( 'NONE', 'WORKASPACE' ) );
#3351 = SURFACE_SIDE_STYLE ('',( #3848 ) ) ;
#3352 = CARTESIAN_POINT ( 'NONE',  ( 0.4200624981287632842, 2.500000000000000000, 0.1700000000000000122 ) ) ;
#3353 = CARTESIAN_POINT ( 'NONE',  ( 1.119723590466932039, 0.9199523185698690320, 0.1700000000000000122 ) ) ;
#3354 = SURFACE_STYLE_FILL_AREA ( #5407 ) ;
#3355 = ORIENTED_EDGE ( 'NONE', *, *, #2304, .T. ) ;
#3356 = DIRECTION ( 'NONE',  ( 0.0000000000000000000, 1.000000000000000000, 0.0000000000000000000 ) ) ;
#3357 = UNCERTAINTY_MEASURE_WITH_UNIT (LENGTH_MEASURE( 1.000000000000000082E-05 ), #6288, 'distance_accuracy_value', 'NONE');
#3358 = LINE ( 'NONE', #149, #1664 ) ;
#3359 = DIRECTION ( 'NONE',  ( 0.0000000000000000000, 1.000000000000000000, 0.0000000000000000000 ) ) ;
#3360 = FILL_AREA_STYLE ('',( #2229 ) ) ;
#3361 = ORIENTED_EDGE ( 'NONE', *, *, #2793, .F. ) ;
#3362 = CARTESIAN_POINT ( 'NONE',  ( 0.03000000000000040482, 2.200000000000000178, 0.0000000000000000000 ) ) ;
#3363 = ORIENTED_EDGE ( 'NONE', *, *, #15, .F. ) ;
#3364 = CYLINDRICAL_SURFACE ( 'NONE', #3644, 0.2500000000000007772 ) ;
#3365 = ADVANCED_FACE ( 'NONE', ( #4889 ), #3863, .T. ) ;
#3366 = LINE ( 'NONE', #12, #479 ) ;
#3367 = PLANE ( 'NONE',  #1552 ) ;
#3368 = AXIS2_PLACEMENT_3D ( 'NONE', #5741, #5319, #342 ) ;
#3369 = VERTEX_POINT ( 'NONE', #4425 ) ;
#3370 = ORIENTED_EDGE ( 'NONE', *, *, #263, .T. ) ;
#3371 = CARTESIAN_POINT ( 'NONE',  ( 0.4000000000000009104, 0.4000000000000009104, 0.6000000000000000888 ) ) ;
#3372 = PRESENTATION_LAYER_ASSIGNMENT (  '', '', ( #6355 ) ) ;
#3373 = SURFACE_SIDE_STYLE ('',( #6675 ) ) ;
#3374 = CARTESIAN_POINT ( 'NONE',  ( 0.1500000000000000222, 0.4000000000000001887, 0.5200000000000000178 ) ) ;
#3375 = CARTESIAN_POINT ( 'NONE',  ( 2.911299423149112275, 0.2100000000000005196, 0.6000000000000000888 ) ) ;
#3376 = DIRECTION ( 'NONE',  ( -0.0000000000000000000, -0.0000000000000000000, -1.000000000000000000 ) ) ;
#3377 = CARTESIAN_POINT ( 'NONE',  ( 3.079999999999999627, 1.986666666666667025, 0.5000000000000000000 ) ) ;
#3378 = COLOUR_RGB ( '',0.8274509803921568096, 0.6666666666666666297, 0.1254901960784313708 ) ;
#3379 = PRESENTATION_STYLE_ASSIGNMENT (( #2218 ) ) ;
#3380 =( LENGTH_UNIT ( ) NAMED_UNIT ( * ) SI_UNIT ( .MILLI., .METRE. ) );
#3381 = AXIS2_PLACEMENT_3D ( 'NONE', #1715, #2161, #5974 ) ;
#3382 = COLOUR_RGB ( '',0.8274509803921568096, 0.6666666666666666297, 0.1294117647058823373 ) ;
#3383 = CARTESIAN_POINT ( 'NONE',  ( 2.609264482820521813, 1.923971919735854019, 0.6000000000000000888 ) ) ;
#3384 = LINE ( 'NONE', #3353, #1770 ) ;
#3385 = DIRECTION ( 'NONE',  ( 1.000000000000000000, 0.0000000000000000000, 0.0000000000000000000 ) ) ;
#3386 = ORIENTED_EDGE ( 'NONE', *, *, #2901, .T. ) ;
#3387 = LINE ( 'NONE', #6692, #797 ) ;
#3388 = SURFACE_STYLE_FILL_AREA ( #4466 ) ;
#3389 = COLOUR_RGB ( '',0.8274509803921568096, 0.6666666666666666297, 0.1294117647058823373 ) ;
#3390 = CARTESIAN_POINT ( 'NONE',  ( 2.990000000000001101, 0.4000000000000004108, 0.6000000000000000888 ) ) ;
#3391 = ORIENTED_EDGE ( 'NONE', *, *, #3402, .T. ) ;
#3392 = VERTEX_POINT ( 'NONE', #599 ) ;
#3393 = CARTESIAN_POINT ( 'NONE',  ( 3.200000000000000178, 0.4200404230269066952, 0.0000000000000000000 ) ) ;
#3394 = STYLED_ITEM ( 'NONE', ( #1261 ), #1856 ) ;
#3395 = FACE_OUTER_BOUND ( 'NONE', #3464, .T. ) ;
#3396 =( LENGTH_UNIT ( ) NAMED_UNIT ( * ) SI_UNIT ( .MILLI., .METRE. ) );
#3397 = STYLED_ITEM ( 'NONE', ( #4400 ), #1980 ) ;
#3398 = VERTEX_POINT ( 'NONE', #3746 ) ;
#3399 = ORIENTED_EDGE ( 'NONE', *, *, #3297, .T. ) ;
#3400 = UNCERTAINTY_MEASURE_WITH_UNIT (LENGTH_MEASURE( 1.000000000000000082E-05 ), #2272, 'distance_accuracy_value', 'NONE');
#3402 = EDGE_CURVE ( 'NONE', #936, #4933, #6628, .T. ) ;
#3401 = SURFACE_STYLE_USAGE ( .BOTH. , #1222 ) ;
#3403 = VECTOR ( 'NONE', #3236, 1000.000000000000000 ) ;
#3404 = CARTESIAN_POINT ( 'NONE',  ( 3.000000000000000000, 0.0000000000000000000, 0.2899999999999999800 ) ) ;
#3405 =( NAMED_UNIT ( * ) PLANE_ANGLE_UNIT ( ) SI_UNIT ( $, .RADIAN. ) );
#3406 =( NAMED_UNIT ( * ) PLANE_ANGLE_UNIT ( ) SI_UNIT ( $, .RADIAN. ) );
#3407 = CARTESIAN_POINT ( 'NONE',  ( 3.100000000000000089, 0.5133333340160818326, 0.5000000000000000000 ) ) ;
#3408 = STYLED_ITEM ( 'NONE', ( #5018 ), #2461 ) ;
#3409 = VECTOR ( 'NONE', #385, 1000.000000000000000 ) ;
#3410 =( NAMED_UNIT ( * ) PLANE_ANGLE_UNIT ( ) SI_UNIT ( $, .RADIAN. ) );
#3411 = DIRECTION ( 'NONE',  ( 0.0000000000000000000, -1.000000000000000000, 0.0000000000000000000 ) ) ;
#3412 =( NAMED_UNIT ( * ) PLANE_ANGLE_UNIT ( ) SI_UNIT ( $, .RADIAN. ) );
#3413 = CARTESIAN_POINT ( 'NONE',  ( 3.079968505970319015, 2.099997406541917577, 0.4999999876735901627 ) ) ;
#3414 = EDGE_CURVE ( 'NONE', #2595, #3271, #7005, .T. ) ;
#3415 = CARTESIAN_POINT ( 'NONE',  ( 3.103147165840212107, 0.4001609810428449765, 0.3358846836678094916 ) ) ;
#3416 = ADVANCED_FACE ( 'NONE', ( #1565 ), #179, .T. ) ;
#3417 = CARTESIAN_POINT ( 'NONE',  ( 3.089479047547755819, 0.4010251442141251066, 0.4999720287357097837 ) ) ;
#3418 = CARTESIAN_POINT ( 'NONE',  ( 2.940686980857083466, 2.343242922455680333, 0.5000000000000000000 ) ) ;
#3419 = PRESENTATION_LAYER_ASSIGNMENT (  '', '', ( #4914 ) ) ;
#3420 = CARTESIAN_POINT ( 'NONE',  ( 0.02999999999999994338, 0.4200404230269066952, 0.1700000000000000122 ) ) ;
#3421 = LINE ( 'NONE', #5757, #6576 ) ;
#3422 = CARTESIAN_POINT ( 'NONE',  ( 0.0000000000000000000, 0.4200404230269066952, 0.1700000000000000122 ) ) ;
#3423 = EDGE_CURVE ( 'NONE', #5316, #2697, #3387, .T. ) ;
#3424 = MECHANICAL_DESIGN_GEOMETRIC_PRESENTATION_REPRESENTATION (  '', ( #2191 ), #16 ) ;
#3425 = DIRECTION ( 'NONE',  ( -1.000000000000000000, 0.0000000000000000000, 0.0000000000000000000 ) ) ;
#3426 = CARTESIAN_POINT ( 'NONE',  ( 3.170000000000000373, 0.02999999999999997113, 0.1700000000000000122 ) ) ;
#3427 =( NAMED_UNIT ( * ) SI_UNIT ( $, .STERADIAN. ) SOLID_ANGLE_UNIT ( ) );
#3428 = ORIENTED_EDGE ( 'NONE', *, *, #4774, .T. ) ;
#3429 = SURFACE_STYLE_FILL_AREA ( #2346 ) ;
#3430 = ORIENTED_EDGE ( 'NONE', *, *, #5145, .F. ) ;
#3431 = ORIENTED_EDGE ( 'NONE', *, *, #6721, .F. ) ;
#3432 = CARTESIAN_POINT ( 'NONE',  ( 0.4001608950316319913, 0.09685234074867239695, 0.3358834660226512336 ) ) ;
#3433 = COLOUR_RGB ( '',0.8274509803921568096, 0.6666666666666666297, 0.1294117647058823373 ) ;
#3434 = AXIS2_PLACEMENT_3D ( 'NONE', #3552, #303, #3975 ) ;
#3435 = LINE ( 'NONE', #1302, #1855 ) ;
#3436 = PRESENTATION_STYLE_ASSIGNMENT (( #4695 ) ) ;
#3437 = CARTESIAN_POINT ( 'NONE',  ( 3.100000000000000533, 1.475510770105004976, 0.4999999999999998335 ) ) ;
#3438 = VERTEX_POINT ( 'NONE', #4465 ) ;
#3439 = SURFACE_STYLE_USAGE ( .BOTH. , #2357 ) ;
#3440 = FACE_OUTER_BOUND ( 'NONE', #3255, .T. ) ;
#3441 = EDGE_CURVE ( 'NONE', #6339, #2111, #1208, .T. ) ;
#3442 = DIRECTION ( 'NONE',  ( 0.0000000000000000000, 1.000000000000000000, 0.0000000000000000000 ) ) ;
#3443 = VECTOR ( 'NONE', #6449, 1000.000000000000000 ) ;
#3444 = DIRECTION ( 'NONE',  ( 0.0000000000000000000, 0.0000000000000000000, 1.000000000000000000 ) ) ;
#3445 = ORIENTED_EDGE ( 'NONE', *, *, #2938, .F. ) ;
#3446 = VECTOR ( 'NONE', #3669, 1000.000000000000000 ) ;
#3447 = CARTESIAN_POINT ( 'NONE',  ( 0.0000000000000000000, 0.2000000000000000111, 0.0000000000000000000 ) ) ;
#3448 =( NAMED_UNIT ( * ) SI_UNIT ( $, .STERADIAN. ) SOLID_ANGLE_UNIT ( ) );
#3449 = CARTESIAN_POINT ( 'NONE',  ( 2.798462283669304274, 0.1199407980905058124, 0.5000000000000000000 ) ) ;
#3450 = EDGE_CURVE ( 'NONE', #5963, #5333, #2363, .T. ) ;
#3451 = EDGE_CURVE ( 'NONE', #5115, #2926, #5596, .T. ) ;
#3452 = ORIENTED_EDGE ( 'NONE', *, *, #6054, .T. ) ;
#3453 = PRESENTATION_LAYER_ASSIGNMENT (  '', '', ( #4722 ) ) ;
#3454 = CARTESIAN_POINT ( 'NONE',  ( 0.1199407980905053822, 0.4015377163306959041, 0.5000000000000000000 ) ) ;
#3455 =( GEOMETRIC_REPRESENTATION_CONTEXT ( 3 ) GLOBAL_UNCERTAINTY_ASSIGNED_CONTEXT ( ( #2712 ) ) GLOBAL_UNIT_ASSIGNED_CONTEXT ( ( #3885, #1772, #3564 ) ) REPRESENTATION_CONTEXT ( 'NONE', 'WORKASPACE' ) );
#3456 = SURFACE_STYLE_FILL_AREA ( #708 ) ;
#3457 = DIRECTION ( 'NONE',  ( -1.000000000000000000, -0.0000000000000000000, 0.0000000000000000000 ) ) ;
#3458 = FACE_OUTER_BOUND ( 'NONE', #3520, .T. ) ;
#3459 = CARTESIAN_POINT ( 'NONE',  ( 3.169999999999999485, 2.199999999999999734, 0.1700000000000000122 ) ) ;
#3460 = ORIENTED_EDGE ( 'NONE', *, *, #569, .T. ) ;
#3461 = LINE ( 'NONE', #5136, #2765 ) ;
#3462 = DIRECTION ( 'NONE',  ( -0.0000000000000000000, -1.000000000000000000, 0.0000000000000000000 ) ) ;
#3463 = VERTEX_POINT ( 'NONE', #2922 ) ;
#3464 = EDGE_LOOP ( 'NONE', ( #908, #3169, #4254, #3604 ) ) ;
#3465 = UNCERTAINTY_MEASURE_WITH_UNIT (LENGTH_MEASURE( 1.000000000000000082E-05 ), #729, 'distance_accuracy_value', 'NONE');
#3466 = MECHANICAL_DESIGN_GEOMETRIC_PRESENTATION_REPRESENTATION (  '', ( #4962 ), #507 ) ;
#3467 = AXIS2_PLACEMENT_3D ( 'NONE', #745, #1753, #2900 ) ;
#3468 =( NAMED_UNIT ( * ) PLANE_ANGLE_UNIT ( ) SI_UNIT ( $, .RADIAN. ) );
#3469 = SURFACE_STYLE_USAGE ( .BOTH. , #3373 ) ;
#3470 = FACE_OUTER_BOUND ( 'NONE', #1598, .T. ) ;
#3471 = VECTOR ( 'NONE', #6957, 1000.000000000000000 ) ;
#3472 = PRESENTATION_STYLE_ASSIGNMENT (( #6277 ) ) ;
#3473 = CARTESIAN_POINT ( 'NONE',  ( 0.1199407981708986437, 0.4015377163292058738, 0.4999999781956229183 ) ) ;
#3474 = ORIENTED_EDGE ( 'NONE', *, *, #7011, .F. ) ;
#3475 = ORIENTED_EDGE ( 'NONE', *, *, #1575, .F. ) ;
#3476 = UNCERTAINTY_MEASURE_WITH_UNIT (LENGTH_MEASURE( 1.000000000000000082E-05 ), #7049, 'distance_accuracy_value', 'NONE');
#3477 = FACE_OUTER_BOUND ( 'NONE', #1913, .T. ) ;
#3478 = PRESENTATION_LAYER_ASSIGNMENT (  '', '', ( #4760 ) ) ;
#3479 = VECTOR ( 'NONE', #5088, 1000.000000000000000 ) ;
#3480 = SURFACE_SIDE_STYLE ('',( #6417 ) ) ;
#3481 = LINE ( 'NONE', #5679, #2610 ) ;
#3482 = SURFACE_STYLE_FILL_AREA ( #6832 ) ;
#3483 = CARTESIAN_POINT ( 'NONE',  ( 0.09999075855428361803, 0.02999999999999997113, 0.1700000000000000122 ) ) ;
#3484 = PRESENTATION_LAYER_ASSIGNMENT (  '', '', ( #6594 ) ) ;
#3485 = PRESENTATION_STYLE_ASSIGNMENT (( #4065 ) ) ;
#3486 = ORIENTED_EDGE ( 'NONE', *, *, #6211, .F. ) ;
#3487 = CARTESIAN_POINT ( 'NONE',  ( 2.080276409533067916, 0.09986109713243988828, 0.0000000000000000000 ) ) ;
#3488 = DIRECTION ( 'NONE',  ( 0.0000000000000000000, 0.0000000000000000000, -1.000000000000000000 ) ) ;
#3489 = SURFACE_STYLE_USAGE ( .BOTH. , #4029 ) ;
#3490 = EDGE_CURVE ( 'NONE', #3762, #1464, #5116, .T. ) ;
#3491 = PRESENTATION_LAYER_ASSIGNMENT (  '', '', ( #1901 ) ) ;
#3492 = VECTOR ( 'NONE', #2300, 1000.000000000000000 ) ;
#3493 = AXIS2_PLACEMENT_3D ( 'NONE', #3696, #472, #956 ) ;
#3494 = CARTESIAN_POINT ( 'NONE',  ( 0.3999999999986773025, 2.399999999999897327, 0.4800000000000000377 ) ) ;
#3495 = CARTESIAN_POINT ( 'NONE',  ( 3.100009241445716324, 2.079959576973092972, 0.1700000000000000122 ) ) ;
#3496 = CARTESIAN_POINT ( 'NONE',  ( 2.897752478681498101, 0.1388617100890816580, 0.5000000000000000000 ) ) ;
#3497 = ORIENTED_EDGE ( 'NONE', *, *, #223, .F. ) ;
#3498 = CARTESIAN_POINT ( 'NONE',  ( -1.626303258728256651E-16, -1.626303258728256651E-16, 0.1700000000000000122 ) ) ;
#3499 = AXIS2_PLACEMENT_3D ( 'NONE', #4751, #5299, #3146 ) ;
#3500 = FILL_AREA_STYLE ('',( #251 ) ) ;
#3501 = ADVANCED_FACE ( 'NONE', ( #2406 ), #1854, .F. ) ;
#3502 = AXIS2_PLACEMENT_3D ( 'NONE', #4289, #3315, #3743 ) ;
#3503 = LINE ( 'NONE', #6844, #2166 ) ;
#3504 = CARTESIAN_POINT ( 'NONE',  ( 0.1500000000000000500, 2.100000000000000089, 0.5200000000000000178 ) ) ;
#3505 = FILL_AREA_STYLE_COLOUR ( '', #6962 ) ;
#3506 =( LENGTH_UNIT ( ) NAMED_UNIT ( * ) SI_UNIT ( .MILLI., .METRE. ) );
#3507 = CYLINDRICAL_SURFACE ( 'NONE', #6552, 0.2700000000000002953 ) ;
#3508 = VERTEX_POINT ( 'NONE', #4986 ) ;
#3509 = SURFACE_STYLE_USAGE ( .BOTH. , #6708 ) ;
#3510 = EDGE_LOOP ( 'NONE', ( #1796, #1002, #2426, #6118 ) ) ;
#3511 = VERTEX_POINT ( 'NONE', #3374 ) ;
#3512 = VECTOR ( 'NONE', #4103, 1000.000000000000000 ) ;
#3513 = LINE ( 'NONE', #4159, #1436 ) ;
#3514 = ADVANCED_FACE ( 'NONE', ( #2176 ), #4002, .T. ) ;
#3515 = EDGE_CURVE ( 'NONE', #6887, #2193, #2962, .T. ) ;
#3516 = CARTESIAN_POINT ( 'NONE',  ( 0.1292294819680876450, 0.4000000000000010214, 0.5000148479624872966 ) ) ;
#3517 = LINE ( 'NONE', #5706, #989 ) ;
#3518 = VECTOR ( 'NONE', #6784, 1000.000000000000000 ) ;
#3519 = CARTESIAN_POINT ( 'NONE',  ( 2.779937501871236449, 2.500000000000000000, 0.0000000000000000000 ) ) ;
#3520 = EDGE_LOOP ( 'NONE', ( #6067, #6810, #100, #4043 ) ) ;
#3521 = ORIENTED_EDGE ( 'NONE', *, *, #3818, .T. ) ;
#3522 = DIRECTION ( 'NONE',  ( 0.0000000000000000000, 1.000000000000000000, -0.0000000000000000000 ) ) ;
#3523 = AXIS2_PLACEMENT_3D ( 'NONE', #2067, #1516, #3692 ) ;
#3524 = DIRECTION ( 'NONE',  ( 0.0000000000000000000, 0.0000000000000000000, 1.000000000000000000 ) ) ;
#3525 = CARTESIAN_POINT ( 'NONE',  ( 2.779937501871236893, 0.09986109713243988828, 0.1700000000000000122 ) ) ;
#3526 = CARTESIAN_POINT ( 'NONE',  ( 3.200000000000000178, 0.4200404230269066952, 0.1700000000000000122 ) ) ;
#3527 = AXIS2_PLACEMENT_3D ( 'NONE', #1376, #837, #5670 ) ;
#3528 = PLANE ( 'NONE',  #4611 ) ;
#3529 = FILL_AREA_STYLE_COLOUR ( '', #2500 ) ;
#3530 = SURFACE_STYLE_USAGE ( .BOTH. , #5038 ) ;
#3531 = ORIENTED_EDGE ( 'NONE', *, *, #667, .T. ) ;
#3532 = COLOUR_RGB ( '',0.01176470588235294101, 0.0000000000000000000, 0.05882352941176470507 ) ;
#3533 = COLOUR_RGB ( '',0.8274509803921568096, 0.6666666666666666297, 0.1294117647058823373 ) ;
#3534 = FACE_OUTER_BOUND ( 'NONE', #4597, .T. ) ;
#3535 = DIRECTION ( 'NONE',  ( -0.0000000000000000000, -1.000000000000000000, 0.0000000000000000000 ) ) ;
#3536 = EDGE_CURVE ( 'NONE', #6176, #6589, #6051, .T. ) ;
#3537 = DIRECTION ( 'NONE',  ( 0.0000000000000000000, 0.0000000000000000000, -1.000000000000000000 ) ) ;
#3538 =( LENGTH_UNIT ( ) NAMED_UNIT ( * ) SI_UNIT ( .MILLI., .METRE. ) );
#3539 = CARTESIAN_POINT ( 'NONE',  ( 0.1011839063810402589, 0.3846473386338416511, 0.4800000000000000933 ) ) ;
#3540 = FILL_AREA_STYLE ('',( #3580 ) ) ;
#3541 = DIRECTION ( 'NONE',  ( 0.0000000000000000000, 0.0000000000000000000, 1.000000000000000000 ) ) ;
#3542 = CARTESIAN_POINT ( 'NONE',  ( 3.200000000000000178, 0.4200404230269066952, 0.0000000000000000000 ) ) ;
#3543 = FILL_AREA_STYLE ('',( #2902 ) ) ;
#3544 = EDGE_CURVE ( 'NONE', #4888, #136, #2016, .T. ) ;
#3545 = ORIENTED_EDGE ( 'NONE', *, *, #1111, .T. ) ;
#3546 = ORIENTED_EDGE ( 'NONE', *, *, #404, .F. ) ;
#3547 = UNCERTAINTY_MEASURE_WITH_UNIT (LENGTH_MEASURE( 1.000000000000000082E-05 ), #1738, 'distance_accuracy_value', 'NONE');
#3548 = CARTESIAN_POINT ( 'NONE',  ( 3.200000000000000178, 0.4200404230269066952, 0.1700000000000000122 ) ) ;
#3549 =( BOUNDED_SURFACE ( )  B_SPLINE_SURFACE ( 3, 3, ( 
 ( #1290, #2545, #1494, #3673 ),
 ( #4554, #5750, #383, #4142 ),
 ( #5265, #3571, #1526, #6870 ),
 ( #5861, #6370, #6399, #963 ) ),
 .UNSPECIFIED., .F., .F., .F. ) 
 B_SPLINE_SURFACE_WITH_KNOTS ( ( 4, 4 ),
 ( 4, 4 ),
 ( 0.0000000000000000000, 1.000000000000000000 ),
 ( 0.0000000000000000000, 1.000000000000000000 ),
 .UNSPECIFIED. ) 
 GEOMETRIC_REPRESENTATION_ITEM ( )  RATIONAL_B_SPLINE_SURFACE ( (
 ( 1.000000000000000000, 0.8325095390974216469, 0.8325095390974216469, 1.000000000000000000),
 ( 0.8047378541243608296, 0.6699519400313197481, 0.6699519400313197481, 0.8047378541243608296),
 ( 0.8047378541243608296, 0.6699519400313197481, 0.6699519400313197481, 0.8047378541243608296),
 ( 1.000000000000000000, 0.8325095390974216469, 0.8325095390974216469, 1.000000000000000000) ) ) 
 REPRESENTATION_ITEM ( '' )  SURFACE ( )  );
#3550 = CARTESIAN_POINT ( 'NONE',  ( 0.1499999999999999667, 0.2535533905932745302, 0.5200000000000000178 ) ) ;
#3551 = PRESENTATION_STYLE_ASSIGNMENT (( #4090 ) ) ;
#3552 = CARTESIAN_POINT ( 'NONE',  ( 2.899999999999999911, 2.500000000000000000, 0.1700000000000000122 ) ) ;
#3553 = PRESENTATION_LAYER_ASSIGNMENT (  '', '', ( #4592 ) ) ;
#3554 = EDGE_CURVE ( 'NONE', #388, #2926, #2960, .T. ) ;
#3555 = EDGE_LOOP ( 'NONE', ( #4006, #347, #3294, #6852 ) ) ;
#3556 = ADVANCED_FACE ( 'NONE', ( #325 ), #2482, .F. ) ;
#3557 = VERTEX_POINT ( 'NONE', #4721 ) ;
#3558 = UNCERTAINTY_MEASURE_WITH_UNIT (LENGTH_MEASURE( 1.000000000000000082E-05 ), #5642, 'distance_accuracy_value', 'NONE');
#3559 = CARTESIAN_POINT ( 'NONE',  ( 2.800000000000000266, 0.1300000000000000600, 0.5000000000000000000 ) ) ;
#3560 = MECHANICAL_DESIGN_GEOMETRIC_PRESENTATION_REPRESENTATION (  '', ( #5507 ), #1386 ) ;
#3561 = PLANE ( 'NONE',  #3730 ) ;
#3562 = LINE ( 'NONE', #883, #427 ) ;
#3563 = PRESENTATION_STYLE_ASSIGNMENT (( #1312 ) ) ;
#3564 =( NAMED_UNIT ( * ) SI_UNIT ( $, .STERADIAN. ) SOLID_ANGLE_UNIT ( ) );
#3565 = CARTESIAN_POINT ( 'NONE',  ( 0.03000000000000037706, 2.469999999999999751, 0.0000000000000000000 ) ) ;
#3566 = SURFACE_STYLE_USAGE ( .BOTH. , #6833 ) ;
#3567 = ORIENTED_EDGE ( 'NONE', *, *, #6845, .F. ) ;
#3568 = PRESENTATION_LAYER_ASSIGNMENT (  '', '', ( #3226 ) ) ;
#3569 = PRESENTATION_STYLE_ASSIGNMENT (( #3489 ) ) ;
#3570 = MANIFOLD_SOLID_BREP ( 'Ressalto-extrus?5[1]', #2465 ) ;
#3571 = CARTESIAN_POINT ( 'NONE',  ( 2.985825511625654460, 2.419854487254848419, 0.2899999999999993139 ) ) ;
#3572 = CARTESIAN_POINT ( 'NONE',  ( 0.4200624981287628956, 0.09986109713243987440, 0.0000000000000000000 ) ) ;
#3573 = FILL_AREA_STYLE_COLOUR ( '', #898 ) ;
#3574 = CARTESIAN_POINT ( 'NONE',  ( 3.049025075037838040, 0.2380802303359551009, 0.4800000000000000933 ) ) ;
#3575 = ORIENTED_EDGE ( 'NONE', *, *, #5413, .F. ) ;
#3576 = SURFACE_STYLE_USAGE ( .BOTH. , #1428 ) ;
#3577 = AXIS2_PLACEMENT_3D ( 'NONE', #2434, #242, #2918 ) ;
#3578 = PRODUCT_RELATED_PRODUCT_CATEGORY ( 'part', '', ( #5618 ) ) ;
#3579 = DIRECTION ( 'NONE',  ( 0.0000000000000000000, 0.0000000000000000000, 1.000000000000000000 ) ) ;
#3580 = FILL_AREA_STYLE_COLOUR ( '', #3532 ) ;
#3581 = CARTESIAN_POINT ( 'NONE',  ( 2.967478750144890931, 0.1101522168000791946, 0.3650000000000000466 ) ) ;
#3582 = AXIS2_PLACEMENT_3D ( 'NONE', #5844, #6922, #2022 ) ;
#3583 = CARTESIAN_POINT ( 'NONE',  ( 0.09995611498540955819, 2.105512635967591528, 0.4999999999999973910 ) ) ;
#3584 = EDGE_LOOP ( 'NONE', ( #1137, #4978, #5997, #3486 ) ) ;
#3585 = CARTESIAN_POINT ( 'NONE',  ( 2.799999999999999822, 2.350000000000000089, 0.5079235637004544390 ) ) ;
#3586 = ORIENTED_EDGE ( 'NONE', *, *, #702, .T. ) ;
#3587 = VERTEX_POINT ( 'NONE', #3504 ) ;
#3588 = FACE_OUTER_BOUND ( 'NONE', #657, .T. ) ;
#3589 = PRESENTATION_LAYER_ASSIGNMENT (  '', '', ( #6572 ) ) ;
#3590 = ADVANCED_FACE ( 'NONE', ( #1108 ), #1396, .F. ) ;
#3591 = CARTESIAN_POINT ( 'NONE',  ( 0.1412974053913089445, 0.2484555286993384571, 0.4995495749143826214 ) ) ;
#3592 = CARTESIAN_POINT ( 'NONE',  ( 0.4052574559642033725, 0.09963729403821533492, 0.3649999999999999911 ) ) ;
#3593 = PRESENTATION_STYLE_ASSIGNMENT (( #3088 ) ) ;
#3594 = CARTESIAN_POINT ( 'NONE',  ( 0.1000000000000000056, 1.986666666666667025, 0.4800000000000000933 ) ) ;
#3595 = VECTOR ( 'NONE', #3079, 1000.000000000000000 ) ;
#3596 = SURFACE_STYLE_FILL_AREA ( #5284 ) ;
#3597 = ORIENTED_EDGE ( 'NONE', *, *, #490, .T. ) ;
#3598 = CARTESIAN_POINT ( 'NONE',  ( 2.802737965005764220, 2.474999999999999201, 0.2899999999999999800 ) ) ;
#3599 = VECTOR ( 'NONE', #6296, 1000.000000000000000 ) ;
#3600 = CYLINDRICAL_SURFACE ( 'NONE', #5141, 0.2000000000000001776 ) ;
#3601 = LINE ( 'NONE', #5745, #4636 ) ;
#3602 = DIRECTION ( 'NONE',  ( 0.0000000000000000000, -0.0000000000000000000, 1.000000000000000000 ) ) ;
#3603 = SURFACE_SIDE_STYLE ('',( #6366 ) ) ;
#3604 = ORIENTED_EDGE ( 'NONE', *, *, #5928, .F. ) ;
#3605 = COLOUR_RGB ( '',0.01176470588235294101, 0.0000000000000000000, 0.05882352941176470507 ) ;
#3606 =( NAMED_UNIT ( * ) PLANE_ANGLE_UNIT ( ) SI_UNIT ( $, .RADIAN. ) );
#3607 = PLANE ( 'NONE',  #4791 ) ;
#3608 = EDGE_CURVE ( 'NONE', #4532, #4972, #6409, .T. ) ;
#3609 = CARTESIAN_POINT ( 'NONE',  ( 0.2942209357623307708, 2.379842557812610337, 0.4800000000000000933 ) ) ;
#3610 = AXIS2_PLACEMENT_3D ( 'NONE', #6014, #5910, #1114 ) ;
#3611 = SURFACE_STYLE_FILL_AREA ( #6220 ) ;
#3612 = FACE_OUTER_BOUND ( 'NONE', #500, .T. ) ;
#3613 = CARTESIAN_POINT ( 'NONE',  ( 3.098816092981252712, 0.3846473318088269311, 0.5000000000000033307 ) ) ;
#3614 = ORIENTED_EDGE ( 'NONE', *, *, #6445, .T. ) ;
#3615 = FILL_AREA_STYLE ('',( #4750 ) ) ;
#3616 = CARTESIAN_POINT ( 'NONE',  ( 0.02500000000000002567, -1.626303258728256651E-16, 0.2899999999999999800 ) ) ;
#3617 = CARTESIAN_POINT ( 'NONE',  ( 2.905779064237655973, 0.1201574421873865539, 0.4800000000000001488 ) ) ;
#3618 = VECTOR ( 'NONE', #6429, 1000.000000000000000 ) ;
#3619 = AXIS2_PLACEMENT_3D ( 'NONE', #7020, #6569, #1615 ) ;
#3620 = FILL_AREA_STYLE_COLOUR ( '', #636 ) ;
#3621 = PLANE ( 'NONE',  #5008 ) ;
#3622 = CARTESIAN_POINT ( 'NONE',  ( 0.1000000000000000056, 0.4000000000000000222, 0.3649999999999999911 ) ) ;
#3623 = COLOUR_RGB ( '',0.01176470588235294101, 0.0000000000000000000, 0.05882352941176470507 ) ;
#3624 = VECTOR ( 'NONE', #1429, 1000.000000000000000 ) ;
#3625 = SURFACE_STYLE_USAGE ( .BOTH. , #945 ) ;
#3626 = CARTESIAN_POINT ( 'NONE',  ( 0.1034572577486075062, 2.130621172420402942, 0.4800000000000000933 ) ) ;
#3627 = ORIENTED_EDGE ( 'NONE', *, *, #5499, .T. ) ;
#3628 = ORIENTED_EDGE ( 'NONE', *, *, #6900, .F. ) ;
#3629 = MECHANICAL_DESIGN_GEOMETRIC_PRESENTATION_REPRESENTATION (  '', ( #4996 ), #5345 ) ;
#3630 = LINE ( 'NONE', #4728, #3518 ) ;
#3631 = FILL_AREA_STYLE ('',( #3046 ) ) ;
#3632 = CARTESIAN_POINT ( 'NONE',  ( 0.3999999999999998557, 2.399999999999999467, 0.3649999999999999911 ) ) ;
#3633 = CIRCLE ( 'NONE', #3048, 0.02000000000000005246 ) ;
#3634 = CARTESIAN_POINT ( 'NONE',  ( 2.779937501871236449, 2.400138902867559931, 0.1700000000000000122 ) ) ;
#3635 = ORIENTED_EDGE ( 'NONE', *, *, #5, .T. ) ;
#3636 = ADVANCED_FACE ( 'NONE', ( #6006 ), #3287, .F. ) ;
#3637 = ORIENTED_EDGE ( 'NONE', *, *, #4510, .F. ) ;
#3638 = CARTESIAN_POINT ( 'NONE',  ( 3.200000000000000178, 2.079959576973092972, 0.0000000000000000000 ) ) ;
#3639 =( NAMED_UNIT ( * ) SI_UNIT ( $, .STERADIAN. ) SOLID_ANGLE_UNIT ( ) );
#3640 = CARTESIAN_POINT ( 'NONE',  ( 0.1000000000000000888, 2.100000000000000533, 0.4800000000000000377 ) ) ;
#3641 = CARTESIAN_POINT ( 'NONE',  ( 3.100009241445716324, 0.9199523185698690320, 0.1700000000000000122 ) ) ;
#3642 = CARTESIAN_POINT ( 'NONE',  ( 1.285538105784493235, 0.09999999999999784062, 0.5000000000000169864 ) ) ;
#3643 = VECTOR ( 'NONE', #2221, 1000.000000000000000 ) ;
#3644 = AXIS2_PLACEMENT_3D ( 'NONE', #1719, #1153, #674 ) ;
#3645 = SURFACE_SIDE_STYLE ('',( #5792 ) ) ;
#3646 = AXIS2_PLACEMENT_3D ( 'NONE', #1729, #2213, #4379 ) ;
#3647 = SURFACE_STYLE_FILL_AREA ( #3741 ) ;
#3648 = DIRECTION ( 'NONE',  ( 0.0000000000000000000, 0.0000000000000000000, -1.000000000000000000 ) ) ;
#3649 = ORIENTED_EDGE ( 'NONE', *, *, #1511, .T. ) ;
#3650 = CARTESIAN_POINT ( 'NONE',  ( 0.4000000000000000777, 2.325147186257615406, 0.6000000000000001998 ) ) ;
#3651 = CARTESIAN_POINT ( 'NONE',  ( 2.080276409533067916, 2.400138902867559931, 0.0000000000000000000 ) ) ;
#3652 = EDGE_CURVE ( 'NONE', #721, #6109, #1174, .T. ) ;
#3653 = EDGE_CURVE ( 'NONE', #2111, #3398, #2339, .T. ) ;
#3654 = DIRECTION ( 'NONE',  ( 1.000000000000000000, 0.0000000000000000000, -0.0000000000000000000 ) ) ;
#3655 = STYLED_ITEM ( 'NONE', ( #1397 ), #2581 ) ;
#3656 = CARTESIAN_POINT ( 'NONE',  ( 2.800000000000001155, 2.350000000000000089, 0.5751471862576145178 ) ) ;
#3657 =( NAMED_UNIT ( * ) PLANE_ANGLE_UNIT ( ) SI_UNIT ( $, .RADIAN. ) );
#3658 =( NAMED_UNIT ( * ) SI_UNIT ( $, .STERADIAN. ) SOLID_ANGLE_UNIT ( ) );
#3659 = MECHANICAL_DESIGN_GEOMETRIC_PRESENTATION_REPRESENTATION (  '', ( #2295 ), #3864 ) ;
#3660 =( NAMED_UNIT ( * ) PLANE_ANGLE_UNIT ( ) SI_UNIT ( $, .RADIAN. ) );
#3661 = FILL_AREA_STYLE ('',( #2625 ) ) ;
#3662 = EDGE_LOOP ( 'NONE', ( #6528, #40, #4901, #7013, #1149, #2269, #6196, #4993, #802, #4394, #6387 ) ) ;
#3663 = DIRECTION ( 'NONE',  ( 1.000000000000000000, 0.0000000000000000000, -0.0000000000000000000 ) ) ;
#3664 = CARTESIAN_POINT ( 'NONE',  ( 0.4000000000000001887, 2.370771566654770623, 0.5000148884191946141 ) ) ;
#3665 = ORIENTED_EDGE ( 'NONE', *, *, #5983, .T. ) ;
#3666 = CARTESIAN_POINT ( 'NONE',  ( 2.389931833186331733, 1.580047681430130746, 0.0000000000000000000 ) ) ;
#3667 = LINE ( 'NONE', #4133, #1004 ) ;
#3668 = DIRECTION ( 'NONE',  ( 0.0000000000000000000, -1.000000000000000000, 0.0000000000000000000 ) ) ;
#3669 = DIRECTION ( 'NONE',  ( -1.000000000000000000, 0.0000000000000000000, -0.0000000000000000000 ) ) ;
#3670 = CARTESIAN_POINT ( 'NONE',  ( 2.234238974840124570, 0.09999999999996984912, 0.5000000000000344169 ) ) ;
#3671 = ORIENTED_EDGE ( 'NONE', *, *, #5393, .F. ) ;
#3672 = STYLED_ITEM ( 'NONE', ( #923 ), #3940 ) ;
#3673 = CARTESIAN_POINT ( 'NONE',  ( 3.100362705961942300, 2.094742544033191933, 0.3649999999999999911 ) ) ;
#3674 = EDGE_CURVE ( 'NONE', #76, #1476, #5010, .T. ) ;
#3675 = DIRECTION ( 'NONE',  ( 0.0000000000000000000, -0.0000000000000000000, 1.000000000000000000 ) ) ;
#3676 = AXIS2_PLACEMENT_3D ( 'NONE', #5915, #3166, #1989 ) ;
#3677 = PRESENTATION_STYLE_ASSIGNMENT (( #1496 ) ) ;
#3678 = ORIENTED_EDGE ( 'NONE', *, *, #241, .T. ) ;
#3679 = DIRECTION ( 'NONE',  ( 0.0000000000000000000, -0.0000000000000000000, -1.000000000000000000 ) ) ;
#3680 = FACE_OUTER_BOUND ( 'NONE', #5766, .T. ) ;
#3681 =( GEOMETRIC_REPRESENTATION_CONTEXT ( 3 ) GLOBAL_UNCERTAINTY_ASSIGNED_CONTEXT ( ( #5984 ) ) GLOBAL_UNIT_ASSIGNED_CONTEXT ( ( #3951, #2255, #4422 ) ) REPRESENTATION_CONTEXT ( 'NONE', 'WORKASPACE' ) );
#3682 = SURFACE_STYLE_USAGE ( .BOTH. , #1507 ) ;
#3683 = ADVANCED_FACE ( 'NONE', ( #672 ), #6696, .T. ) ;
#3684 = CARTESIAN_POINT ( 'NONE',  ( 1.119723590466932039, 1.580047681430130968, 0.1700000000000000122 ) ) ;
#3685 = CARTESIAN_POINT ( 'NONE',  ( 3.170000000000000373, 0.0000000000000000000, 0.1700000000000000122 ) ) ;
#3686 = ORIENTED_EDGE ( 'NONE', *, *, #6958, .F. ) ;
#3687 = DIRECTION ( 'NONE',  ( -1.000000000000000000, 0.0000000000000000000, 0.0000000000000000000 ) ) ;
#3688 = AXIS2_PLACEMENT_3D ( 'NONE', #3938, #1657, #591 ) ;
#3689 = ORIENTED_EDGE ( 'NONE', *, *, #972, .F. ) ;
#3690 = CARTESIAN_POINT ( 'NONE',  ( 0.1000000000000000056, 1.250000000000004885, 0.4800000000000000933 ) ) ;
#3691 = SURFACE_STYLE_USAGE ( .BOTH. , #723 ) ;
#3692 = DIRECTION ( 'NONE',  ( 0.0000000000000000000, 0.0000000000000000000, -1.000000000000000000 ) ) ;
#3693 = VECTOR ( 'NONE', #1911, 1000.000000000000000 ) ;
#3694 = CARTESIAN_POINT ( 'NONE',  ( 0.4052574559642033725, 0.09963729403821533492, 0.3210660171779819994 ) ) ;
#3695 = ADVANCED_FACE ( 'NONE', ( #6838 ), #1938, .T. ) ;
#3696 = CARTESIAN_POINT ( 'NONE',  ( 1.119723590466932039, 1.580047681430130746, 0.1700000000000000122 ) ) ;
#3697 = ORIENTED_EDGE ( 'NONE', *, *, #4635, .F. ) ;
#3698 = UNCERTAINTY_MEASURE_WITH_UNIT (LENGTH_MEASURE( 1.000000000000000082E-05 ), #6585, 'distance_accuracy_value', 'NONE');
#3699 =( LENGTH_UNIT ( ) NAMED_UNIT ( * ) SI_UNIT ( .MILLI., .METRE. ) );
#3700 = FILL_AREA_STYLE_COLOUR ( '', #6703 ) ;
#3701 = SURFACE_SIDE_STYLE ('',( #1625 ) ) ;
#3702 = ORIENTED_EDGE ( 'NONE', *, *, #6523, .T. ) ;
#3703 = SURFACE_STYLE_USAGE ( .BOTH. , #3645 ) ;
#3704 =( NAMED_UNIT ( * ) PLANE_ANGLE_UNIT ( ) SI_UNIT ( $, .RADIAN. ) );
#3705 = VECTOR ( 'NONE', #4734, 1000.000000000000000 ) ;
#3706 = ORIENTED_EDGE ( 'NONE', *, *, #7039, .T. ) ;
#3707 = CARTESIAN_POINT ( 'NONE',  ( 0.2535533905932736976, 2.350000000000000533, 0.5400000000000001465 ) ) ;
#3708 = LINE ( 'NONE', #227, #418 ) ;
#3709 = EDGE_CURVE ( 'NONE', #1853, #4932, #5829, .T. ) ;
#3710 = UNCERTAINTY_MEASURE_WITH_UNIT (LENGTH_MEASURE( 1.000000000000000082E-05 ), #3860, 'distance_accuracy_value', 'NONE');
#3711 =( NAMED_UNIT ( * ) PLANE_ANGLE_UNIT ( ) SI_UNIT ( $, .RADIAN. ) );
#3712 = COLOUR_RGB ( '',0.8274509803921568096, 0.6666666666666666297, 0.1254901960784313708 ) ;
#3713 = VECTOR ( 'NONE', #2590, 1000.000000000000000 ) ;
#3714 = MECHANICAL_DESIGN_GEOMETRIC_PRESENTATION_REPRESENTATION (  '', ( #5204 ), #3455 ) ;
#3715 = CARTESIAN_POINT ( 'NONE',  ( 3.050000000000000266, 2.099999999999999645, 0.5751471862576145178 ) ) ;
#3716 =( NAMED_UNIT ( * ) PLANE_ANGLE_UNIT ( ) SI_UNIT ( $, .RADIAN. ) );
#3717 = DIRECTION ( 'NONE',  ( -1.000000000000000000, 0.0000000000000000000, 0.0000000000000000000 ) ) ;
#3718 = CARTESIAN_POINT ( 'NONE',  ( 0.02999999999999994338, 0.09986109713243988828, 0.1700000000000000122 ) ) ;
#3719 = ORIENTED_EDGE ( 'NONE', *, *, #2174, .F. ) ;
#3720 = VECTOR ( 'NONE', #4390, 1000.000000000000000 ) ;
#3721 = SURFACE_STYLE_FILL_AREA ( #6340 ) ;
#3722 = ORIENTED_EDGE ( 'NONE', *, *, #1806, .F. ) ;
#3723 = SURFACE_STYLE_FILL_AREA ( #4803 ) ;
#3724 = CARTESIAN_POINT ( 'NONE',  ( 3.200000000000000622, 2.500000000000000444, 0.1700000000000000122 ) ) ;
#3725 = VECTOR ( 'NONE', #1639, 1000.000000000000000 ) ;
#3726 = CARTESIAN_POINT ( 'NONE',  ( 0.1412968281545175508, 2.100000000000000533, 0.4995489630239925982 ) ) ;
#3727 = PRESENTATION_STYLE_ASSIGNMENT (( #446 ) ) ;
#3728 = VERTEX_POINT ( 'NONE', #1001 ) ;
#3729 = COLOUR_RGB ( '',0.8274509803921568096, 0.6666666666666666297, 0.1294117647058823373 ) ;
#3730 = AXIS2_PLACEMENT_3D ( 'NONE', #3982, #6793, #3757 ) ;
#3731 =( GEOMETRIC_REPRESENTATION_CONTEXT ( 3 ) GLOBAL_UNCERTAINTY_ASSIGNED_CONTEXT ( ( #4357 ) ) GLOBAL_UNIT_ASSIGNED_CONTEXT ( ( #2278, #5022, #6059 ) ) REPRESENTATION_CONTEXT ( 'NONE', 'WORKASPACE' ) );
#3732 = EDGE_CURVE ( 'NONE', #4563, #3873, #7032, .T. ) ;
#3733 = EDGE_CURVE ( 'NONE', #5865, #5524, #6473, .T. ) ;
#3734 = AXIS2_PLACEMENT_3D ( 'NONE', #1848, #4061, #4536 ) ;
#3735 = FACE_OUTER_BOUND ( 'NONE', #2626, .T. ) ;
#3736 = SURFACE_STYLE_FILL_AREA ( #3094 ) ;
#3737 = DIRECTION ( 'NONE',  ( 1.000000000000000000, -0.0000000000000000000, 0.0000000000000000000 ) ) ;
#3738 =( LENGTH_UNIT ( ) NAMED_UNIT ( * ) SI_UNIT ( .MILLI., .METRE. ) );
#3739 = ORIENTED_EDGE ( 'NONE', *, *, #309, .F. ) ;
#3740 = CARTESIAN_POINT ( 'NONE',  ( 0.4000000000000001887, 2.290000000000000480, 0.6000000000000000888 ) ) ;
#3741 = FILL_AREA_STYLE ('',( #3183 ) ) ;
#3742 = AXIS2_PLACEMENT_3D ( 'NONE', #3152, #1569, #5934 ) ;
#3743 = DIRECTION ( 'NONE',  ( 1.000000000000000000, 0.0000000000000000000, -0.0000000000000000000 ) ) ;
#3744 = ORIENTED_EDGE ( 'NONE', *, *, #4700, .F. ) ;
#3745 = ORIENTED_EDGE ( 'NONE', *, *, #1031, .F. ) ;
#3746 = CARTESIAN_POINT ( 'NONE',  ( 2.798462283668249118, 2.380029600947326518, 0.4999999945468928675 ) ) ;
#3747 = COLOUR_RGB ( '',0.8274509803921568096, 0.6666666666666666297, 0.1294117647058823373 ) ;
#3748 = PRESENTATION_LAYER_ASSIGNMENT (  '', '', ( #6849 ) ) ;
#3749 = SURFACE_STYLE_FILL_AREA ( #1572 ) ;
#3750 = LINE ( 'NONE', #4862, #3007 ) ;
#3751 = DIRECTION ( 'NONE',  ( 0.0000000000000000000, 1.000000000000000000, 0.0000000000000000000 ) ) ;
#3752 = AXIS2_PLACEMENT_3D ( 'NONE', #891, #2378, #1421 ) ;
#3753 = ORIENTED_EDGE ( 'NONE', *, *, #3011, .F. ) ;
#3754 = PRESENTATION_LAYER_ASSIGNMENT (  '', '', ( #6855 ) ) ;
#3755 =( NAMED_UNIT ( * ) PLANE_ANGLE_UNIT ( ) SI_UNIT ( $, .RADIAN. ) );
#3756 = ORIENTED_EDGE ( 'NONE', *, *, #328, .T. ) ;
#3757 = DIRECTION ( 'NONE',  ( -1.000000000000000000, 0.0000000000000000000, -0.0000000000000000000 ) ) ;
#3758 = STYLED_ITEM ( 'NONE', ( #291 ), #3570 ) ;
#3759 = PRESENTATION_LAYER_ASSIGNMENT (  '', '', ( #3965 ) ) ;
#3760 = ADVANCED_FACE ( 'NONE', ( #1560 ), #3139, .F. ) ;
#3761 = PLANE ( 'NONE',  #4334 ) ;
#3762 = VERTEX_POINT ( 'NONE', #457 ) ;
#3763 = UNCERTAINTY_MEASURE_WITH_UNIT (LENGTH_MEASURE( 1.000000000000000082E-05 ), #63, 'distance_accuracy_value', 'NONE');
#3764 = DIRECTION ( 'NONE',  ( 1.000000000000000000, 0.0000000000000000000, -0.0000000000000000000 ) ) ;
#3765 = FILL_AREA_STYLE_COLOUR ( '', #773 ) ;
#3766 =( LENGTH_UNIT ( ) NAMED_UNIT ( * ) SI_UNIT ( .MILLI., .METRE. ) );
#3767 = EDGE_CURVE ( 'NONE', #5333, #2007, #4998, .T. ) ;
#3768 = DIRECTION ( 'NONE',  ( 1.000000000000000000, -0.0000000000000000000, 0.0000000000000000000 ) ) ;
#3769 = ADVANCED_FACE ( 'NONE', ( #4459 ), #2804, .F. ) ;
#3770 = FACE_OUTER_BOUND ( 'NONE', #5661, .T. ) ;
#3771 = CARTESIAN_POINT ( 'NONE',  ( -1.626303258728256651E-16, 2.400138902867559931, 0.0000000000000000000 ) ) ;
#3772 = CARTESIAN_POINT ( 'NONE',  ( 0.0000000000000000000, 0.0000000000000000000, 0.0000000000000000000 ) ) ;
#3773 = ORIENTED_EDGE ( 'NONE', *, *, #156, .F. ) ;
#3774 = FILL_AREA_STYLE_COLOUR ( '', #92 ) ;
#3775 = FILL_AREA_STYLE ('',( #2009 ) ) ;
#3776 = PRESENTATION_STYLE_ASSIGNMENT (( #933 ) ) ;
#3777 = LINE ( 'NONE', #4746, #6733 ) ;
#3778 = ADVANCED_FACE ( 'NONE', ( #5033 ), #6069, .F. ) ;
#3779 = ORIENTED_EDGE ( 'NONE', *, *, #6056, .T. ) ;
#3780 = DIRECTION ( 'NONE',  ( 0.0000000000000000000, 0.0000000000000000000, 1.000000000000000000 ) ) ;
#3781 = CARTESIAN_POINT ( 'NONE',  ( 3.100043885014594824, 2.105512635967591528, 0.5000000000000057732 ) ) ;
#3782 = PRESENTATION_LAYER_ASSIGNMENT (  '', '', ( #5847 ) ) ;
#3783 = UNCERTAINTY_MEASURE_WITH_UNIT (LENGTH_MEASURE( 1.000000000000000082E-05 ), #4072, 'distance_accuracy_value', 'NONE');
#3784 = DIRECTION ( 'NONE',  ( 0.0000000000000000000, 0.0000000000000000000, -1.000000000000000000 ) ) ;
#3785 = CARTESIAN_POINT ( 'NONE',  ( 3.025147186257614251, 2.099999999999999645, 0.6000000000000004219 ) ) ;
#3786 = STYLED_ITEM ( 'NONE', ( #6285 ), #3897 ) ;
#3787 = CARTESIAN_POINT ( 'NONE',  ( -1.626303258728256651E-16, 0.4200404230269066952, 0.0000000000000000000 ) ) ;
#3788 = EDGE_LOOP ( 'NONE', ( #2817, #2064, #593, #4898, #875, #1524, #353, #4276, #3960, #2871, #4026, #3291, #5629, #6757, #1910, #5975, #1750, #6243, #3121, #2749, #5733, #3794, #4519, #3225, #5602, #4008, #2887, #5060, #4802 ) ) ;
#3789 = SURFACE_STYLE_USAGE ( .BOTH. , #1677 ) ;
#3790 = VERTEX_POINT ( 'NONE', #5539 ) ;
#3791 = DIRECTION ( 'NONE',  ( 0.0000000000000000000, -0.0000000000000000000, 1.000000000000000000 ) ) ;
#3792 = CARTESIAN_POINT ( 'NONE',  ( 0.4200624981287633397, 2.400138902867559931, 0.1700000000000000122 ) ) ;
#3793 = FACE_OUTER_BOUND ( 'NONE', #6314, .T. ) ;
#3794 = ORIENTED_EDGE ( 'NONE', *, *, #1191, .T. ) ;
#3796 = EDGE_CURVE ( 'NONE', #4177, #6617, #628, .T. ) ;
#3795 = DIRECTION ( 'NONE',  ( 0.0000000000000000000, 1.000000000000000000, 0.0000000000000000000 ) ) ;
#3797 = COLOUR_RGB ( '',0.6470588235294117974, 0.6196078431372549211, 0.5843137254901961120 ) ;
#3798 = CARTESIAN_POINT ( 'NONE',  ( 0.09999075855428361803, 2.079959576973092972, 0.1700000000000000122 ) ) ;
#3799 = PRESENTATION_STYLE_ASSIGNMENT (( #20 ) ) ;
#3800 = CARTESIAN_POINT ( 'NONE',  ( 3.100009241445716324, -1.626303258728256651E-16, 0.0000000000000000000 ) ) ;
#3801 =( GEOMETRIC_REPRESENTATION_CONTEXT ( 3 ) GLOBAL_UNCERTAINTY_ASSIGNED_CONTEXT ( ( #3215 ) ) GLOBAL_UNIT_ASSIGNED_CONTEXT ( ( #647, #6130, #4941 ) ) REPRESENTATION_CONTEXT ( 'NONE', 'WORKASPACE' ) );
#3802 = CARTESIAN_POINT ( 'NONE',  ( 0.1500000000000000222, 0.3999999999999999667, 0.5400000000000001465 ) ) ;
#3803 = DIRECTION ( 'NONE',  ( 1.000000000000000000, 0.0000000000000000000, 0.0000000000000000000 ) ) ;
#3804 = ORIENTED_EDGE ( 'NONE', *, *, #455, .F. ) ;
#3805 = CARTESIAN_POINT ( 'NONE',  ( 2.800000000000000266, 2.370000000000000107, 0.5000000000000000000 ) ) ;
#3806 = EDGE_CURVE ( 'NONE', #5731, #705, #6544, .T. ) ;
#3807 = CARTESIAN_POINT ( 'NONE',  ( 0.1500000000000000222, 0.3999999999999999112, 0.5751471862576144067 ) ) ;
#3808 = CIRCLE ( 'NONE', #6913, 0.2000000000000001776 ) ;
#3809 = DIRECTION ( 'NONE',  ( 0.0000000000000000000, 1.000000000000000000, 0.0000000000000000000 ) ) ;
#3810 = CYLINDRICAL_SURFACE ( 'NONE', #4567, 0.05999999999999999778 ) ;
#3811 = DIRECTION ( 'NONE',  ( 0.0000000000000000000, 0.0000000000000000000, 1.000000000000000000 ) ) ;
#3812 = ORIENTED_EDGE ( 'NONE', *, *, #3276, .F. ) ;
#3813 = ORIENTED_EDGE ( 'NONE', *, *, #2476, .T. ) ;
#3814 = FILL_AREA_STYLE_COLOUR ( '', #5370 ) ;
#3815 = VECTOR ( 'NONE', #1784, 1000.000000000000000 ) ;
#3816 = DIRECTION ( 'NONE',  ( -1.000000000000000000, -0.0000000000000000000, 0.0000000000000000000 ) ) ;
#3817 =( GEOMETRIC_REPRESENTATION_CONTEXT ( 3 ) GLOBAL_UNCERTAINTY_ASSIGNED_CONTEXT ( ( #489 ) ) GLOBAL_UNIT_ASSIGNED_CONTEXT ( ( #2932, #5129, #6666 ) ) REPRESENTATION_CONTEXT ( 'NONE', 'WORKASPACE' ) );
#3818 = EDGE_CURVE ( 'NONE', #509, #6058, #4816, .T. ) ;
#3819 = EDGE_CURVE ( 'NONE', #6570, #2012, #5512, .T. ) ;
#3820 = CARTESIAN_POINT ( 'NONE',  ( 0.2000000000000000111, 2.500000000000000000, 0.1700000000000000122 ) ) ;
#3821 = CARTESIAN_POINT ( 'NONE',  ( 0.0000000000000000000, 2.200000000000000178, 0.0000000000000000000 ) ) ;
#3822 = CARTESIAN_POINT ( 'NONE',  ( 0.3243988213386771458, 0.1261898631561421125, 0.5000000000000000000 ) ) ;
#3823 = SURFACE_STYLE_USAGE ( .BOTH. , #2683 ) ;
#3824 = VERTEX_POINT ( 'NONE', #5113 ) ;
#3825 = CARTESIAN_POINT ( 'NONE',  ( 3.200000000000000178, 0.2000000000000000111, 0.2899999999999999800 ) ) ;
#3826 = CARTESIAN_POINT ( 'NONE',  ( 0.1879277721662744871, 2.460450979034205510, 0.2899999999999999800 ) ) ;
#3827 = STYLED_ITEM ( 'NONE', ( #1551 ), #439 ) ;
#3828 = CARTESIAN_POINT ( 'NONE',  ( 2.902686748613096501, 0.03269953573754899590, 0.2899999999999999800 ) ) ;
#3829 = FILL_AREA_STYLE ('',( #6529 ) ) ;
#3830 =( NAMED_UNIT ( * ) SI_UNIT ( $, .STERADIAN. ) SOLID_ANGLE_UNIT ( ) );
#3831 = DIRECTION ( 'NONE',  ( -1.000000000000000000, 0.0000000000000000000, -0.0000000000000000000 ) ) ;
#3832 = STYLED_ITEM ( 'NONE', ( #3551 ), #6804 ) ;
#3833 = VECTOR ( 'NONE', #2134, 1000.000000000000000 ) ;
#3834 = CARTESIAN_POINT ( 'NONE',  ( 3.200000000000000178, 2.079959576973092972, 0.1700000000000000122 ) ) ;
#3835 = ORIENTED_EDGE ( 'NONE', *, *, #3020, .T. ) ;
#3836 = UNCERTAINTY_MEASURE_WITH_UNIT (LENGTH_MEASURE( 1.000000000000000082E-05 ), #4251, 'distance_accuracy_value', 'NONE');
#3837 = COLOUR_RGB ( '',0.8274509803921568096, 0.6666666666666666297, 0.1294117647058823373 ) ;
#3838 =( GEOMETRIC_REPRESENTATION_CONTEXT ( 3 ) GLOBAL_UNCERTAINTY_ASSIGNED_CONTEXT ( ( #1140 ) ) GLOBAL_UNIT_ASSIGNED_CONTEXT ( ( #6896, #2030, #1480 ) ) REPRESENTATION_CONTEXT ( 'NONE', 'WORKASPACE' ) );
#3839 = DIRECTION ( 'NONE',  ( 0.0000000000000000000, -1.000000000000000000, 0.0000000000000000000 ) ) ;
#3840 = EDGE_CURVE ( 'NONE', #818, #879, #4541, .T. ) ;
#3841 = SURFACE_SIDE_STYLE ('',( #554 ) ) ;
#3842 =( GEOMETRIC_REPRESENTATION_CONTEXT ( 3 ) GLOBAL_UNCERTAINTY_ASSIGNED_CONTEXT ( ( #4928 ) ) GLOBAL_UNIT_ASSIGNED_CONTEXT ( ( #6189, #5584, #1781 ) ) REPRESENTATION_CONTEXT ( 'NONE', 'WORKASPACE' ) );
#3843 = LINE ( 'NONE', #3800, #1289 ) ;
#3844 = PRESENTATION_LAYER_ASSIGNMENT (  '', '', ( #6715 ) ) ;
#3845 = SURFACE_STYLE_USAGE ( .BOTH. , #3701 ) ;
#3846 = PRODUCT_CONTEXT ( 'NONE', #5631, 'mechanical' ) ;
#3847 = PRESENTATION_LAYER_ASSIGNMENT (  '', '', ( #1212 ) ) ;
#3848 = SURFACE_STYLE_FILL_AREA ( #563 ) ;
#3849 = EDGE_CURVE ( 'NONE', #1492, #3324, #1963, .T. ) ;
#3850 = LINE ( 'NONE', #3352, #4214 ) ;
#3851 = SURFACE_STYLE_USAGE ( .BOTH. , #5373 ) ;
#3852 = CARTESIAN_POINT ( 'NONE',  ( 2.587238102081019648E-17, 2.299999999999999822, 0.2899999999999999800 ) ) ;
#3853 = VERTEX_POINT ( 'NONE', #6762 ) ;
#3854 = PRESENTATION_LAYER_ASSIGNMENT (  '', '', ( #890 ) ) ;
#3855 = SURFACE_SIDE_STYLE ('',( #2735 ) ) ;
#3856 = UNCERTAINTY_MEASURE_WITH_UNIT (LENGTH_MEASURE( 1.000000000000000082E-05 ), #4137, 'distance_accuracy_value', 'NONE');
#3857 = VECTOR ( 'NONE', #2700, 1000.000000000000000 ) ;
#3858 = CARTESIAN_POINT ( 'NONE',  ( 2.853241643230582714, 2.289570093471803958, 0.6000000000000000888 ) ) ;
#3859 = SURFACE_STYLE_FILL_AREA ( #116 ) ;
#3860 =( LENGTH_UNIT ( ) NAMED_UNIT ( * ) SI_UNIT ( .MILLI., .METRE. ) );
#3861 = ADVANCED_FACE ( 'NONE', ( #2949 ), #3987, .F. ) ;
#3862 = EDGE_LOOP ( 'NONE', ( #2576, #118, #6415, #3887 ) ) ;
#3863 =( BOUNDED_SURFACE ( )  B_SPLINE_SURFACE ( 2, 3, ( 
 ( #4926, #5931, #31, #1632, #7035, #4327, #2118, #6517, #1600, #6075 ),
 ( #1172, #3781, #3214, #3248, #2734, #5409, #1669, #66, #7068, #4292 ),
 ( #4388, #5443, #2257, #524, #5999, #2225, #3318, #5511, #4961, #568 ) ),
 .UNSPECIFIED., .F., .F., .F. ) 
 B_SPLINE_SURFACE_WITH_KNOTS ( ( 3, 3 ),
 ( 4, 2, 2, 2, 4 ),
 ( 0.0000000000000000000, 1.000000000000000000 ),
 ( 0.07696176959292379272, 0.2186490483538287011, 0.7853981633974485010, 1.352147278441068190, 1.493834557201972890 ),
 .UNSPECIFIED. ) 
 GEOMETRIC_REPRESENTATION_ITEM ( )  RATIONAL_B_SPLINE_SURFACE ( (
 ( 1.000000000000000000, 1.000000000000000000, 1.000000000000000000, 1.000000000000000000, 1.000000000000000000, 1.000000000000000000, 1.000000000000000000, 1.000000000000000000, 1.000000000000000000, 1.000000000000000000),
 ( 0.6336872742246432155, 0.6336396591912187848, 0.6338126996666415547, 0.6424644424072483151, 0.7071067811868826380, 0.7071067811862125074, 0.6424644424070097282, 0.6338126996667061697, 0.6336396591911721554, 0.6336872742246432155),
 ( 1.000000000000000000, 1.000000000000000000, 1.000000000000000000, 1.000000000000000000, 1.000000000000000000, 1.000000000000000000, 1.000000000000000000, 1.000000000000000000, 1.000000000000000000, 1.000000000000000000) ) ) 
 REPRESENTATION_ITEM ( '' )  SURFACE ( )  );
#3864 =( GEOMETRIC_REPRESENTATION_CONTEXT ( 3 ) GLOBAL_UNCERTAINTY_ASSIGNED_CONTEXT ( ( #4771 ) ) GLOBAL_UNIT_ASSIGNED_CONTEXT ( ( #4967, #184, #6155 ) ) REPRESENTATION_CONTEXT ( 'NONE', 'WORKASPACE' ) );
#3865 = EDGE_LOOP ( 'NONE', ( #2249, #1068, #3969, #3333 ) ) ;
#3866 =( GEOMETRIC_REPRESENTATION_CONTEXT ( 3 ) GLOBAL_UNCERTAINTY_ASSIGNED_CONTEXT ( ( #130 ) ) GLOBAL_UNIT_ASSIGNED_CONTEXT ( ( #6775, #785, #2481 ) ) REPRESENTATION_CONTEXT ( 'NONE', 'WORKASPACE' ) );
#3867 = DIRECTION ( 'NONE',  ( 1.000000000000000000, -0.0000000000000000000, 0.0000000000000000000 ) ) ;
#3868 = VECTOR ( 'NONE', #4110, 1000.000000000000000 ) ;
#3869 =( LENGTH_UNIT ( ) NAMED_UNIT ( * ) SI_UNIT ( .MILLI., .METRE. ) );
#3870 = FACE_OUTER_BOUND ( 'NONE', #1874, .T. ) ;
#3871 = SURFACE_SIDE_STYLE ('',( #2826 ) ) ;
#3872 = VERTEX_POINT ( 'NONE', #240 ) ;
#3873 = VERTEX_POINT ( 'NONE', #5743 ) ;
#3874 = CARTESIAN_POINT ( 'NONE',  ( 2.798192024295082181, 0.09986057961399874561, 0.4842193402772084210 ) ) ;
#3875 = VECTOR ( 'NONE', #6192, 1000.000000000000000 ) ;
#3876 = PRESENTATION_STYLE_ASSIGNMENT (( #1621 ) ) ;
#3877 = CARTESIAN_POINT ( 'NONE',  ( 3.058702067636009936, 0.4000000000000005773, 0.4995501335457743775 ) ) ;
#3878 =( NAMED_UNIT ( * ) PLANE_ANGLE_UNIT ( ) SI_UNIT ( $, .RADIAN. ) );
#3879 = APPLICATION_PROTOCOL_DEFINITION ( 'draft international standard', 'automotive_design', 1998, #1236 ) ;
#3880 = ORIENTED_EDGE ( 'NONE', *, *, #6591, .F. ) ;
#3881 = SURFACE_STYLE_USAGE ( .BOTH. , #6618 ) ;
#3882 = EDGE_CURVE ( 'NONE', #1686, #5308, #212, .T. ) ;
#3883 = CARTESIAN_POINT ( 'NONE',  ( 0.2100000000000004641, 0.2887005768508883463, 0.6000000000000000888 ) ) ;
#3884 = CARTESIAN_POINT ( 'NONE',  ( 3.100009241445716324, 0.4200404230269066952, 0.1700000000000000122 ) ) ;
#3885 =( LENGTH_UNIT ( ) NAMED_UNIT ( * ) SI_UNIT ( .MILLI., .METRE. ) );
#3886 = DIRECTION ( 'NONE',  ( -0.0000000000000000000, -1.000000000000000000, 0.0000000000000000000 ) ) ;
#3887 = ORIENTED_EDGE ( 'NONE', *, *, #3971, .F. ) ;
#3888 = CARTESIAN_POINT ( 'NONE',  ( 3.170000000000000373, 0.4200404230269066952, 0.1700000000000000122 ) ) ;
#3889 = DIRECTION ( 'NONE',  ( -1.000000000000000000, -0.0000000000000000000, 0.0000000000000000000 ) ) ;
#3890 = EDGE_CURVE ( 'NONE', #3324, #4470, #275, .T. ) ;
#3891 = LINE ( 'NONE', #115, #5016 ) ;
#3892 = FACE_OUTER_BOUND ( 'NONE', #244, .T. ) ;
#3893 =( GEOMETRIC_REPRESENTATION_CONTEXT ( 3 ) GLOBAL_UNCERTAINTY_ASSIGNED_CONTEXT ( ( #6711 ) ) GLOBAL_UNIT_ASSIGNED_CONTEXT ( ( #892, #6258, #777 ) ) REPRESENTATION_CONTEXT ( 'NONE', 'WORKASPACE' ) );
#3894 = CARTESIAN_POINT ( 'NONE',  ( 0.0000000000000000000, 2.200000000000000178, 0.1700000000000000122 ) ) ;
#3895 = ORIENTED_EDGE ( 'NONE', *, *, #3423, .T. ) ;
#3896 = PRESENTATION_LAYER_ASSIGNMENT (  '', '', ( #4255 ) ) ;
#3897 = ADVANCED_FACE ( 'NONE', ( #3440 ), #4608, .F. ) ;
#3898 =( NAMED_UNIT ( * ) PLANE_ANGLE_UNIT ( ) SI_UNIT ( $, .RADIAN. ) );
#3899 = FACE_OUTER_BOUND ( 'NONE', #4564, .T. ) ;
#3900 = STYLED_ITEM ( 'NONE', ( #3593 ), #4081 ) ;
#3901 = ORIENTED_EDGE ( 'NONE', *, *, #6434, .T. ) ;
#3902 = EDGE_LOOP ( 'NONE', ( #3575, #5749, #3744, #7004, #1167 ) ) ;
#3903 = UNCERTAINTY_MEASURE_WITH_UNIT (LENGTH_MEASURE( 1.000000000000000082E-05 ), #5382, 'distance_accuracy_value', 'NONE');
#3904 = CARTESIAN_POINT ( 'NONE',  ( 0.4002593725214065312, 0.09999999999999932554, 0.3525820866415322885 ) ) ;
#3905 = EDGE_CURVE ( 'NONE', #796, #947, #991, .T. ) ;
#3906 = AXIS2_PLACEMENT_3D ( 'NONE', #5037, #6625, #663 ) ;
#3907 = CARTESIAN_POINT ( 'NONE',  ( 2.080276409533067916, 0.9199523185698690320, 0.1700000000000000122 ) ) ;
#3908 = FILL_AREA_STYLE ('',( #5068 ) ) ;
#3909 = CARTESIAN_POINT ( 'NONE',  ( 2.799740620890379450, 2.399999999999999023, 0.3525817712137366833 ) ) ;
#3910 = VERTEX_POINT ( 'NONE', #6902 ) ;
#3911 = CARTESIAN_POINT ( 'NONE',  ( 0.02999999999999994338, 0.02999999999999997113, 0.0000000000000000000 ) ) ;
#3912 =( GEOMETRIC_REPRESENTATION_CONTEXT ( 3 ) GLOBAL_UNCERTAINTY_ASSIGNED_CONTEXT ( ( #1007 ) ) GLOBAL_UNIT_ASSIGNED_CONTEXT ( ( #4764, #2654, #364 ) ) REPRESENTATION_CONTEXT ( 'NONE', 'WORKASPACE' ) );
#3913 = CARTESIAN_POINT ( 'NONE',  ( 0.09999075855428361803, 0.4200404230269066952, 0.1700000000000000122 ) ) ;
#3914 = DIRECTION ( 'NONE',  ( 0.0000000000000000000, 0.0000000000000000000, 1.000000000000000000 ) ) ;
#3915 = CARTESIAN_POINT ( 'NONE',  ( 3.200000000000000178, 0.02999999999999997113, 0.1700000000000000122 ) ) ;
#3916 = CYLINDRICAL_SURFACE ( 'NONE', #1969, 0.02000000000000005246 ) ;
#3917 = VERTEX_POINT ( 'NONE', #6993 ) ;
#3918 =( LENGTH_UNIT ( ) NAMED_UNIT ( * ) SI_UNIT ( .MILLI., .METRE. ) );
#3919 = CARTESIAN_POINT ( 'NONE',  ( 3.100000000000000533, 0.4000000000000001887, 0.4800000000000000933 ) ) ;
#3920 = CARTESIAN_POINT ( 'NONE',  ( 3.100009241445716324, -1.626303258728256651E-16, 0.0000000000000000000 ) ) ;
#3921 = VECTOR ( 'NONE', #6124, 1000.000000000000000 ) ;
#3922 = FILL_AREA_STYLE ('',( #5417 ) ) ;
#3923 = ADVANCED_FACE ( 'NONE', ( #3735 ), #5360, .T. ) ;
#3924 = ORIENTED_EDGE ( 'NONE', *, *, #1593, .T. ) ;
#3925 = B_SPLINE_CURVE_WITH_KNOTS ( 'NONE', 3,
 ( #5530, #3909, #5069, #6100, #6719, #2393 ),
 .UNSPECIFIED., .F., .F.,
 ( 4, 2, 4 ),
 ( 0.0000000000000000000, 0.5000000000000000000, 1.000000000000000000 ),
 .UNSPECIFIED. ) ;
#3926 = ORIENTED_EDGE ( 'NONE', *, *, #1361, .F. ) ;
#3927 = CARTESIAN_POINT ( 'NONE',  ( 0.1017531415025943325, 0.3791777625360268633, 0.4999999999999986122 ) ) ;
#3928 = CLOSED_SHELL ( 'NONE', ( #1439, #3249, #6658, #2431, #1846, #59, #6186, #2461, #4598, #4814, #803, #6973, #1512 ) ) ;
#3929 = SURFACE_STYLE_USAGE ( .BOTH. , #2310 ) ;
#3930 = LINE ( 'NONE', #2380, #3875 ) ;
#3931 = DIRECTION ( 'NONE',  ( -0.0000000000000000000, -0.0000000000000000000, -1.000000000000000000 ) ) ;
#3932 = FACE_OUTER_BOUND ( 'NONE', #6861, .T. ) ;
#3933 = EDGE_LOOP ( 'NONE', ( #2276, #1898, #4111, #2586 ) ) ;
#3934 = VERTEX_POINT ( 'NONE', #6359 ) ;
#3935 = CARTESIAN_POINT ( 'NONE',  ( 0.0000000000000000000, 0.2999999999999999889, 0.1700000000000000122 ) ) ;
#3936 = VECTOR ( 'NONE', #2633, 1000.000000000000000 ) ;
#3937 = CARTESIAN_POINT ( 'NONE',  ( 2.989999999999999769, 0.2887005768508882908, 0.6000000000000000888 ) ) ;
#3938 = CARTESIAN_POINT ( 'NONE',  ( 2.800000000000000266, 0.1299999999999999767, 0.5200000000000000178 ) ) ;
#3939 = CARTESIAN_POINT ( 'NONE',  ( 3.079999999999999627, 1.703333333333333588, 0.5000000000000000000 ) ) ;
#3940 = ADVANCED_FACE ( 'NONE', ( #3133 ), #1813, .F. ) ;
#3941 = ORIENTED_EDGE ( 'NONE', *, *, #5048, .F. ) ;
#3942 = EDGE_CURVE ( 'NONE', #4563, #4158, #1622, .T. ) ;
#3943 = CIRCLE ( 'NONE', #6817, 0.05999999999999999778 ) ;
#3944 =( NAMED_UNIT ( * ) PLANE_ANGLE_UNIT ( ) SI_UNIT ( $, .RADIAN. ) );
#3945 = CARTESIAN_POINT ( 'NONE',  ( 2.899999999999999911, 2.469999999999999751, 0.0000000000000000000 ) ) ;
#3946 = STYLED_ITEM ( 'NONE', ( #3677 ), #6018 ) ;
#3947 = STYLED_ITEM ( 'NONE', ( #4744 ), #1269 ) ;
#3948 = VECTOR ( 'NONE', #1298, 1000.000000000000000 ) ;
#3949 = SURFACE_STYLE_FILL_AREA ( #104 ) ;
#3950 = FACE_OUTER_BOUND ( 'NONE', #3108, .T. ) ;
#3951 =( LENGTH_UNIT ( ) NAMED_UNIT ( * ) SI_UNIT ( .MILLI., .METRE. ) );
#3952 =( NAMED_UNIT ( * ) PLANE_ANGLE_UNIT ( ) SI_UNIT ( $, .RADIAN. ) );
#3953 = FILL_AREA_STYLE ('',( #1278 ) ) ;
#3954 = ORIENTED_EDGE ( 'NONE', *, *, #4034, .F. ) ;
#3955 = SURFACE_SIDE_STYLE ('',( #5040 ) ) ;
#3956 = MECHANICAL_DESIGN_GEOMETRIC_PRESENTATION_REPRESENTATION (  '', ( #6254 ), #884 ) ;
#3957 = CYLINDRICAL_SURFACE ( 'NONE', #1906, 0.05999999999999999778 ) ;
#3958 = LINE ( 'NONE', #4391, #4568 ) ;
#3959 = CARTESIAN_POINT ( 'NONE',  ( 2.950449310801156244, 0.1677887373467347176, 0.4999999999999997780 ) ) ;
#3960 = ORIENTED_EDGE ( 'NONE', *, *, #2174, .T. ) ;
#3961 =( NAMED_UNIT ( * ) SI_UNIT ( $, .STERADIAN. ) SOLID_ANGLE_UNIT ( ) );
#3962 = PRESENTATION_LAYER_ASSIGNMENT (  '', '', ( #436 ) ) ;
#3963 = EDGE_CURVE ( 'NONE', #721, #1716, #1728, .T. ) ;
#3964 = CARTESIAN_POINT ( 'NONE',  ( 3.169999999999999929, 1.580047681430130968, 0.1700000000000000122 ) ) ;
#3965 = STYLED_ITEM ( 'NONE', ( #1205 ), #2694 ) ;
#3966 = VECTOR ( 'NONE', #4618, 1000.000000000000000 ) ;
#3967 = SURFACE_STYLE_USAGE ( .BOTH. , #1121 ) ;
#3968 = ORIENTED_EDGE ( 'NONE', *, *, #4502, .T. ) ;
#3969 = ORIENTED_EDGE ( 'NONE', *, *, #6634, .T. ) ;
#3970 = UNCERTAINTY_MEASURE_WITH_UNIT (LENGTH_MEASURE( 1.000000000000000082E-05 ), #6531, 'distance_accuracy_value', 'NONE');
#3971 = EDGE_CURVE ( 'NONE', #3910, #5909, #1217, .T. ) ;
#3972 = COLOUR_RGB ( '',0.01176470588235294101, 0.0000000000000000000, 0.05882352941176470507 ) ;
#3973 = CARTESIAN_POINT ( 'NONE',  ( 0.4200624981287628401, 0.09986109713243988828, 0.1700000000000000122 ) ) ;
#3974 = DIRECTION ( 'NONE',  ( 0.0000000000000000000, 0.0000000000000000000, 1.000000000000000000 ) ) ;
#3975 = DIRECTION ( 'NONE',  ( 0.0000000000000000000, 0.0000000000000000000, 1.000000000000000000 ) ) ;
#3976 = LINE ( 'NONE', #2059, #557 ) ;
#3977 = FILL_AREA_STYLE ('',( #5251 ) ) ;
#3978 = CARTESIAN_POINT ( 'NONE',  ( 3.100000000000000533, 1.023333333333334094, 0.4800000000000000933 ) ) ;
#3979 = COLOUR_RGB ( '',0.8274509803921568096, 0.6666666666666666297, 0.1294117647058823373 ) ;
#3980 = EDGE_LOOP ( 'NONE', ( #313, #3051, #6663, #3954 ) ) ;
#3981 = UNCERTAINTY_MEASURE_WITH_UNIT (LENGTH_MEASURE( 1.000000000000000082E-05 ), #3538, 'distance_accuracy_value', 'NONE');
#3982 = CARTESIAN_POINT ( 'NONE',  ( 0.02999999999999994338, 0.02999999999999997113, 0.1700000000000000122 ) ) ;
#3983 = SURFACE_SIDE_STYLE ('',( #1805 ) ) ;
#3984 = ADVANCED_FACE ( 'NONE', ( #4987 ), #4514, .T. ) ;
#3985 = AXIS2_PLACEMENT_3D ( 'NONE', #3907, #3839, #6095 ) ;
#3986 = EDGE_CURVE ( 'NONE', #2145, #4909, #5421, .T. ) ;
#3987 = PLANE ( 'NONE',  #148 ) ;
#3988 = DIRECTION ( 'NONE',  ( -0.0000000000000000000, -0.0000000000000000000, -1.000000000000000000 ) ) ;
#3989 = FILL_AREA_STYLE_COLOUR ( '', #1881 ) ;
#3990 = PLANE ( 'NONE',  #2600 ) ;
#3991 = FACE_OUTER_BOUND ( 'NONE', #1924, .T. ) ;
#3992 = ORIENTED_EDGE ( 'NONE', *, *, #4198, .F. ) ;
#3993 = DIRECTION ( 'NONE',  ( 0.0000000000000000000, 0.0000000000000000000, 1.000000000000000000 ) ) ;
#3994 = EDGE_CURVE ( 'NONE', #3824, #4932, #6202, .T. ) ;
#3995 = CARTESIAN_POINT ( 'NONE',  ( 2.779937501871236893, 0.09986109713243988828, 0.0000000000000000000 ) ) ;
#3996 = PLANE ( 'NONE',  #572 ) ;
#3997 =( NAMED_UNIT ( * ) SI_UNIT ( $, .STERADIAN. ) SOLID_ANGLE_UNIT ( ) );
#3998 = ORIENTED_EDGE ( 'NONE', *, *, #4033, .F. ) ;
#3999 = FILL_AREA_STYLE_COLOUR ( '', #5873 ) ;
#4000 = FILL_AREA_STYLE_COLOUR ( '', #5330 ) ;
#4001 = PRESENTATION_STYLE_ASSIGNMENT (( #2044 ) ) ;
#4002 =( BOUNDED_SURFACE ( )  B_SPLINE_SURFACE ( 2, 3, ( 
 ( #2244, #6575, #6063, #5567, #2285, #4449, #6646, #3306 ),
 ( #2833, #131, #4313, #4944, #1654, #4410, #1125, #6504 ),
 ( #588, #5951, #1066, #3233, #7060, #4348, #6807, #3076 ) ),
 .UNSPECIFIED., .F., .F., .F. ) 
 B_SPLINE_SURFACE_WITH_KNOTS ( ( 3, 3 ),
 ( 4, 2, 2, 4 ),
 ( 0.0000000000000000000, 1.000000000000000000 ),
 ( 0.0000000000000000000, 0.0002400000000000000332, 0.002160000000000000461, 0.002400000000000000223 ),
 .UNSPECIFIED. ) 
 GEOMETRIC_REPRESENTATION_ITEM ( )  RATIONAL_B_SPLINE_SURFACE ( (
 ( 1.000000000000000000, 1.000000000000000000, 1.000000000000000000, 1.000000000000000000, 1.000000000000000000, 1.000000000000000000, 1.000000000000000000, 1.000000000000000000),
 ( 0.6336872742246376644, 0.6336394584837794497, 0.6338129669016157042, 0.6493836987199197441, 0.6493836987218384316, 0.6338129669013781164, 0.6336394584839499800, 0.6336872742246386636),
 ( 1.000000000000000000, 1.000000000000000000, 1.000000000000000000, 1.000000000000000000, 1.000000000000000000, 1.000000000000000000, 1.000000000000000000, 1.000000000000000000) ) ) 
 REPRESENTATION_ITEM ( '' )  SURFACE ( )  );
#4003 = FACE_OUTER_BOUND ( 'NONE', #6950, .T. ) ;
#4004 = FILL_AREA_STYLE ('',( #158 ) ) ;
#4005 = FILL_AREA_STYLE_COLOUR ( '', #5961 ) ;
#4006 = ORIENTED_EDGE ( 'NONE', *, *, #5300, .F. ) ;
#4007 = FILL_AREA_STYLE ('',( #1401 ) ) ;
#4008 = ORIENTED_EDGE ( 'NONE', *, *, #3994, .T. ) ;
#4009 = CARTESIAN_POINT ( 'NONE',  ( 2.080276409533067916, 0.9199523185698690320, 0.1700000000000000122 ) ) ;
#4010 = ORIENTED_EDGE ( 'NONE', *, *, #2901, .F. ) ;
#4011 = MECHANICAL_DESIGN_GEOMETRIC_PRESENTATION_REPRESENTATION (  '', ( #3786 ), #6657 ) ;
#4012 =( LENGTH_UNIT ( ) NAMED_UNIT ( * ) SI_UNIT ( .MILLI., .METRE. ) );
#4013 = CARTESIAN_POINT ( 'NONE',  ( 0.4000000000000001332, 0.1500000000000000222, 0.5200000000000000178 ) ) ;
#4014 = STYLED_ITEM ( 'NONE', ( #44 ), #4151 ) ;
#4015 = CARTESIAN_POINT ( 'NONE',  ( 3.049999999999999378, 0.4000000000000001332, 0.5751471862576144067 ) ) ;
#4016 = SURFACE_STYLE_USAGE ( .BOTH. , #1840 ) ;
#4017 = CARTESIAN_POINT ( 'NONE',  ( 3.100000000000000533, 0.7966666666666732954, 0.4800000000000000933 ) ) ;
#4018 = ADVANCED_FACE ( 'NONE', ( #1957 ), #5217, .F. ) ;
#4019 = PLANE ( 'NONE',  #5094 ) ;
#4020 = CARTESIAN_POINT ( 'NONE',  ( 2.080276409533067916, 1.879883371806615910, 0.0000000000000000000 ) ) ;
#4021 = CARTESIAN_POINT ( 'NONE',  ( -1.626303258728256651E-16, -1.626303258728256651E-16, 0.2899999999999999800 ) ) ;
#4022 = CYLINDRICAL_SURFACE ( 'NONE', #5771, 0.3260323503590206728 ) ;
#4023 = CARTESIAN_POINT ( 'NONE',  ( 0.3000000000000004885, 2.500000000000000000, 0.0000000000000000000 ) ) ;
#4024 = MECHANICAL_DESIGN_GEOMETRIC_PRESENTATION_REPRESENTATION (  '', ( #6667 ), #4938 ) ;
#4025 = PLANE ( 'NONE',  #6888 ) ;
#4026 = ORIENTED_EDGE ( 'NONE', *, *, #3339, .T. ) ;
#4027 = FILL_AREA_STYLE_COLOUR ( '', #4676 ) ;
#4028 =( LENGTH_UNIT ( ) NAMED_UNIT ( * ) SI_UNIT ( .MILLI., .METRE. ) );
#4029 = SURFACE_SIDE_STYLE ('',( #1857 ) ) ;
#4030 = STYLED_ITEM ( 'NONE', ( #5558 ), #4767 ) ;
#4031 = CARTESIAN_POINT ( 'NONE',  ( 2.827205042957596781, 0.1231859751824062599, 0.5000000000000000000 ) ) ;
#4032 = EDGE_LOOP ( 'NONE', ( #4925, #5775, #4350, #6260 ) ) ;
#4033 = EDGE_CURVE ( 'NONE', #5171, #1746, #6257, .T. ) ;
#4034 = EDGE_CURVE ( 'NONE', #2347, #4302, #3435, .T. ) ;
#4035 = LINE ( 'NONE', #4718, #2120 ) ;
#4036 = LINE ( 'NONE', #1978, #4092 ) ;
#4037 = PRESENTATION_LAYER_ASSIGNMENT (  '', '', ( #6218 ) ) ;
#4038 = LINE ( 'NONE', #6918, #6393 ) ;
#4039 = PRESENTATION_STYLE_ASSIGNMENT (( #6229 ) ) ;
#4040 = FACE_OUTER_BOUND ( 'NONE', #2904, .T. ) ;
#4041 = VERTEX_POINT ( 'NONE', #3519 ) ;
#4042 = CARTESIAN_POINT ( 'NONE',  ( 0.09999075855428361803, 0.4200404230269066952, 0.1700000000000000122 ) ) ;
#4043 = ORIENTED_EDGE ( 'NONE', *, *, #50, .F. ) ;
#4044 = B_SPLINE_CURVE_WITH_KNOTS ( 'NONE', 3,
 ( #3740, #1597, #4953, #561, #1559, #3313 ),
 .UNSPECIFIED., .F., .F.,
 ( 4, 2, 4 ),
 ( 0.0000000000000000000, 0.5000000000000000000, 1.000000000000000000 ),
 .UNSPECIFIED. ) ;
#4045 = ORIENTED_EDGE ( 'NONE', *, *, #2371, .T. ) ;
#4046 = UNCERTAINTY_MEASURE_WITH_UNIT (LENGTH_MEASURE( 1.000000000000000082E-05 ), #4521, 'distance_accuracy_value', 'NONE');
#4047 = MECHANICAL_DESIGN_GEOMETRIC_PRESENTATION_REPRESENTATION (  '', ( #2569 ), #619 ) ;
#4048 =( LENGTH_UNIT ( ) NAMED_UNIT ( * ) SI_UNIT ( .MILLI., .METRE. ) );
#4049 = FILL_AREA_STYLE_COLOUR ( '', #101 ) ;
#4050 = DIRECTION ( 'NONE',  ( 0.0000000000000000000, 0.0000000000000000000, 1.000000000000000000 ) ) ;
#4051 = AXIS2_PLACEMENT_3D ( 'NONE', #805, #6178, #6208 ) ;
#4052 = DIRECTION ( 'NONE',  ( -0.0000000000000000000, -1.000000000000000000, -0.0000000000000000000 ) ) ;
#4053 =( NAMED_UNIT ( * ) PLANE_ANGLE_UNIT ( ) SI_UNIT ( $, .RADIAN. ) );
#4054 =( LENGTH_UNIT ( ) NAMED_UNIT ( * ) SI_UNIT ( .MILLI., .METRE. ) );
#4055 = ORIENTED_EDGE ( 'NONE', *, *, #1223, .F. ) ;
#4056 = ORIENTED_EDGE ( 'NONE', *, *, #2395, .T. ) ;
#4057 =( NAMED_UNIT ( * ) SI_UNIT ( $, .STERADIAN. ) SOLID_ANGLE_UNIT ( ) );
#4058 =( GEOMETRIC_REPRESENTATION_CONTEXT ( 3 ) GLOBAL_UNCERTAINTY_ASSIGNED_CONTEXT ( ( #2087 ) ) GLOBAL_UNIT_ASSIGNED_CONTEXT ( ( #6137, #1877, #2389 ) ) REPRESENTATION_CONTEXT ( 'NONE', 'WORKASPACE' ) );
#4059 = STYLED_ITEM ( 'NONE', ( #6712 ), #622 ) ;
#4060 =( NAMED_UNIT ( * ) SI_UNIT ( $, .STERADIAN. ) SOLID_ANGLE_UNIT ( ) );
#4061 = DIRECTION ( 'NONE',  ( 1.000000000000000000, -0.0000000000000000000, 0.0000000000000000000 ) ) ;
#4062 = EDGE_CURVE ( 'NONE', #3392, #4532, #5707, .T. ) ;
#4063 =( LENGTH_UNIT ( ) NAMED_UNIT ( * ) SI_UNIT ( .MILLI., .METRE. ) );
#4064 = VECTOR ( 'NONE', #288, 1000.000000000000000 ) ;
#4065 = SURFACE_STYLE_USAGE ( .BOTH. , #6250 ) ;
#4066 = CARTESIAN_POINT ( 'NONE',  ( 2.639999999999993907, 0.1000000000000000056, 0.4800000000000000933 ) ) ;
#4067 = DIRECTION ( 'NONE',  ( 0.0000000000000000000, -0.0000000000000000000, 1.000000000000000000 ) ) ;
#4068 = VERTEX_POINT ( 'NONE', #1918 ) ;
#4069 = PRESENTATION_LAYER_ASSIGNMENT (  '', '', ( #2479 ) ) ;
#4070 = MECHANICAL_DESIGN_GEOMETRIC_PRESENTATION_REPRESENTATION (  '', ( #79 ), #3731 ) ;
#4071 = ADVANCED_FACE ( 'NONE', ( #1375 ), #6309, .F. ) ;
#4072 =( LENGTH_UNIT ( ) NAMED_UNIT ( * ) SI_UNIT ( .MILLI., .METRE. ) );
#4073 = VERTEX_POINT ( 'NONE', #3632 ) ;
#4074 = COLOUR_RGB ( '',0.6470588235294117974, 0.6196078431372549211, 0.5843137254901961120 ) ;
#4075 = CARTESIAN_POINT ( 'NONE',  ( 3.050000000000000711, 0.4000000000000003553, 0.5400000000000001465 ) ) ;
#4076 = CARTESIAN_POINT ( 'NONE',  ( 0.3693788275795958920, 0.1034572577486076589, 0.4800000000000000933 ) ) ;
#4077 = CARTESIAN_POINT ( 'NONE',  ( 3.100000000000000089, 2.100000000000000089, 0.3649999999999999911 ) ) ;
#4078 = FILL_AREA_STYLE ('',( #4188 ) ) ;
#4079 = DIRECTION ( 'NONE',  ( 0.0000000000000000000, 0.0000000000000000000, 1.000000000000000000 ) ) ;
#4080 = CARTESIAN_POINT ( 'NONE',  ( 3.070000000000000284, 2.100000000000000089, 0.5000000000000000000 ) ) ;
#4081 = ADVANCED_FACE ( 'NONE', ( #5350 ), #5972, .F. ) ;
#4082 = PRESENTATION_STYLE_ASSIGNMENT (( #255 ) ) ;
#4083 =( NAMED_UNIT ( * ) PLANE_ANGLE_UNIT ( ) SI_UNIT ( $, .RADIAN. ) );
#4084 = ORIENTED_EDGE ( 'NONE', *, *, #5532, .F. ) ;
#4085 = DIRECTION ( 'NONE',  ( 0.0000000000000000000, -1.000000000000000000, 0.0000000000000000000 ) ) ;
#4086 = ORIENTED_EDGE ( 'NONE', *, *, #6583, .T. ) ;
#4087 = ORIENTED_EDGE ( 'NONE', *, *, #1451, .F. ) ;
#4088 = VECTOR ( 'NONE', #5313, 1000.000000000000000 ) ;
#4089 = CARTESIAN_POINT ( 'NONE',  ( -0.1040391488201267561, 0.02499999999999997016, 0.3649999999999999911 ) ) ;
#4090 = SURFACE_STYLE_USAGE ( .BOTH. , #6276 ) ;
#4091 = EDGE_CURVE ( 'NONE', #2193, #4522, #5250, .T. ) ;
#4092 = VECTOR ( 'NONE', #360, 1000.000000000000000 ) ;
#4093 = CARTESIAN_POINT ( 'NONE',  ( 2.988180369749845688, 0.2055730340098374798, 0.5000030325441262580 ) ) ;
#4094 = FILL_AREA_STYLE ('',( #2353 ) ) ;
#4095 = CARTESIAN_POINT ( 'NONE',  ( 3.174999999999999378, 0.04184085117988314839, 0.3649999999999995470 ) ) ;
#4096 = CARTESIAN_POINT ( 'NONE',  ( 3.200000000000000178, -1.626303258728256651E-16, 0.2899999999999999800 ) ) ;
#4097 = VERTEX_POINT ( 'NONE', #6894 ) ;
#4098 = ORIENTED_EDGE ( 'NONE', *, *, #6056, .F. ) ;
#4099 = DIRECTION ( 'NONE',  ( 1.000000000000000000, -0.0000000000000000000, 0.0000000000000000000 ) ) ;
#4100 = CIRCLE ( 'NONE', #2514, 0.01999999999999999695 ) ;
#4101 = PRESENTATION_LAYER_ASSIGNMENT (  '', '', ( #3397 ) ) ;
#4102 = CARTESIAN_POINT ( 'NONE',  ( 2.988180369749845688, 0.2055730340098374798, 0.5000030325441262580 ) ) ;
#4103 = DIRECTION ( 'NONE',  ( -1.000000000000000000, 0.0000000000000000000, -0.0000000000000000000 ) ) ;
#4104 = FILL_AREA_STYLE ('',( #5681 ) ) ;
#4105 = FACE_OUTER_BOUND ( 'NONE', #1206, .T. ) ;
#4106 = DIRECTION ( 'NONE',  ( -0.0000000000000000000, 1.000000000000000000, 0.0000000000000000000 ) ) ;
#4107 =( NAMED_UNIT ( * ) PLANE_ANGLE_UNIT ( ) SI_UNIT ( $, .RADIAN. ) );
#4108 = SURFACE_STYLE_FILL_AREA ( #3953 ) ;
#4109 = ORIENTED_EDGE ( 'NONE', *, *, #1235, .T. ) ;
#4110 = DIRECTION ( 'NONE',  ( -1.000000000000000000, -0.0000000000000000000, 0.0000000000000000000 ) ) ;
#4111 = ORIENTED_EDGE ( 'NONE', *, *, #6372, .T. ) ;
#4112 = EDGE_CURVE ( 'NONE', #2460, #5146, #3366, .T. ) ;
#4113 = STYLED_ITEM ( 'NONE', ( #5366 ), #7057 ) ;
#4114 = LINE ( 'NONE', #2524, #6744 ) ;
#4115 = DIRECTION ( 'NONE',  ( 0.0000000000000000000, 0.0000000000000000000, 1.000000000000000000 ) ) ;
#4116 = PLANE ( 'NONE',  #4367 ) ;
#4117 = ORIENTED_EDGE ( 'NONE', *, *, #2793, .T. ) ;
#4118 = PRESENTATION_STYLE_ASSIGNMENT (( #3509 ) ) ;
#4119 = ORIENTED_EDGE ( 'NONE', *, *, #6958, .T. ) ;
#4120 = VERTEX_POINT ( 'NONE', #4371 ) ;
#4121 = UNCERTAINTY_MEASURE_WITH_UNIT (LENGTH_MEASURE( 1.000000000000000082E-05 ), #4268, 'distance_accuracy_value', 'NONE');
#4122 = PLANE ( 'NONE',  #1098 ) ;
#4123 = COLOUR_RGB ( '',0.8274509803921568096, 0.6666666666666666297, 0.1294117647058823373 ) ;
#4124 = DIRECTION ( 'NONE',  ( 0.0000000000000000000, 1.000000000000000000, 0.0000000000000000000 ) ) ;
#4125 = LINE ( 'NONE', #873, #4832 ) ;
#4126 =( NAMED_UNIT ( * ) PLANE_ANGLE_UNIT ( ) SI_UNIT ( $, .RADIAN. ) );
#4127 = VECTOR ( 'NONE', #384, 1000.000000000000000 ) ;
#4128 = ORIENTED_EDGE ( 'NONE', *, *, #6612, .F. ) ;
#4129 = ORIENTED_EDGE ( 'NONE', *, *, #876, .F. ) ;
#4130 = CARTESIAN_POINT ( 'NONE',  ( 0.4000000000000001887, 2.290000000000000924, 0.5400000000000001465 ) ) ;
#4131 = EDGE_CURVE ( 'NONE', #750, #2453, #1997, .T. ) ;
#4132 = PRESENTATION_LAYER_ASSIGNMENT (  '', '', ( #6407 ) ) ;
#4133 = CARTESIAN_POINT ( 'NONE',  ( 0.09999075855428372905, 0.9199523185698690320, 0.1700000000000000122 ) ) ;
#4134 = AXIS2_PLACEMENT_3D ( 'NONE', #4316, #4702, #2107 ) ;
#4135 = SURFACE_SIDE_STYLE ('',( #845 ) ) ;
#4136 = CARTESIAN_POINT ( 'NONE',  ( 0.2000000000000000111, 2.500000000000000000, 0.1700000000000000122 ) ) ;
#4137 =( LENGTH_UNIT ( ) NAMED_UNIT ( * ) SI_UNIT ( .MILLI., .METRE. ) );
#4138 = CARTESIAN_POINT ( 'NONE',  ( 2.900000000000000355, 0.02999999999999997113, 0.1700000000000000122 ) ) ;
#4139 = CARTESIAN_POINT ( 'NONE',  ( 0.9599999986293775711, 0.1000000000000000056, 0.4999999999999999445 ) ) ;
#4140 = DIRECTION ( 'NONE',  ( 1.000000000000000000, -0.0000000000000000000, 0.0000000000000000000 ) ) ;
#4141 = VERTEX_POINT ( 'NONE', #3792 ) ;
#4142 = CARTESIAN_POINT ( 'NONE',  ( 3.100362705961942744, 2.094742544033191933, 0.3210660171779814442 ) ) ;
#4143 = CARTESIAN_POINT ( 'NONE',  ( 0.1201574421873913834, 2.205779064237677556, 0.4800000000000000933 ) ) ;
#4144 = STYLED_ITEM ( 'NONE', ( #3485 ), #4435 ) ;
#4145 = FILL_AREA_STYLE_COLOUR ( '', #4869 ) ;
#4146 = ORIENTED_EDGE ( 'NONE', *, *, #3451, .T. ) ;
#4147 = SURFACE_STYLE_FILL_AREA ( #3500 ) ;
#4148 = VECTOR ( 'NONE', #1314, 1000.000000000000000 ) ;
#4149 = CARTESIAN_POINT ( 'NONE',  ( 0.2942209357623298827, 0.1201574421873896487, 0.4800000000000000933 ) ) ;
#4150 = CARTESIAN_POINT ( 'NONE',  ( 2.389931833186331289, 1.580047681430130968, 0.1700000000000000122 ) ) ;
#4151 = ADVANCED_FACE ( 'NONE', ( #2743 ), #4939, .F. ) ;
#4152 =( NAMED_UNIT ( * ) SI_UNIT ( $, .STERADIAN. ) SOLID_ANGLE_UNIT ( ) );
#4153 = STYLED_ITEM ( 'NONE', ( #6421 ), #4733 ) ;
#4154 = CARTESIAN_POINT ( 'NONE',  ( 3.170000000000000373, 0.09986109713243988828, 0.1700000000000000122 ) ) ;
#4155 = LINE ( 'NONE', #1510, #2365 ) ;
#4156 = FILL_AREA_STYLE_COLOUR ( '', #1999 ) ;
#4157 = ORIENTED_EDGE ( 'NONE', *, *, #1245, .F. ) ;
#4158 = VERTEX_POINT ( 'NONE', #2998 ) ;
#4159 = CARTESIAN_POINT ( 'NONE',  ( 0.4000000000000009104, 0.2099999999999999922, 0.6000000000000000888 ) ) ;
#4160 = CARTESIAN_POINT ( 'NONE',  ( 0.1101522168000799162, 0.2325212498551082196, 0.3649999999999999911 ) ) ;
#4161 = COLOUR_RGB ( '',0.01176470588235294101, 0.0000000000000000000, 0.05882352941176470507 ) ;
#4162 = LINE ( 'NONE', #6350, #5305 ) ;
#4163 = VECTOR ( 'NONE', #6071, 1000.000000000000000 ) ;
#4164 = ORIENTED_EDGE ( 'NONE', *, *, #4692, .F. ) ;
#4165 = ORIENTED_EDGE ( 'NONE', *, *, #3986, .F. ) ;
#4166 = CARTESIAN_POINT ( 'NONE',  ( 0.4000000000000000222, 2.350000000000000533, 0.5400000000000001465 ) ) ;
#4167 = AXIS2_PLACEMENT_3D ( 'NONE', #5725, #4590, #1822 ) ;
#4168 = CARTESIAN_POINT ( 'NONE',  ( 3.080059201909494337, 0.4015377163306961261, 0.5000000000000000000 ) ) ;
#4169 = SURFACE_STYLE_FILL_AREA ( #5431 ) ;
#4170 = ADVANCED_FACE ( 'NONE', ( #3458 ), #160, .T. ) ;
#4171 = CARTESIAN_POINT ( 'NONE',  ( 0.1000000000000000056, 2.097902688685209682, 0.4842298308292288245 ) ) ;
#4172 = CARTESIAN_POINT ( 'NONE',  ( -1.626303258728256651E-16, 2.500000000000000444, 0.2899999999999999800 ) ) ;
#4173 = EDGE_CURVE ( 'NONE', #1757, #6238, #5623, .T. ) ;
#4174 = LINE ( 'NONE', #1383, #4492 ) ;
#4175 = CARTESIAN_POINT ( 'NONE',  ( 3.100009241445716324, 2.079959576973092972, 0.1700000000000000122 ) ) ;
#4176 = CARTESIAN_POINT ( 'NONE',  ( 2.080276409533067916, 1.879883371806615910, 0.1700000000000000122 ) ) ;
#4177 = VERTEX_POINT ( 'NONE', #2449 ) ;
#4178 = COLOUR_RGB ( '',0.01176470588235294101, 0.0000000000000000000, 0.05882352941176470507 ) ;
#4179 = DIRECTION ( 'NONE',  ( -0.0000000000000000000, -0.0000000000000000000, 1.000000000000000000 ) ) ;
#4180 =( GEOMETRIC_REPRESENTATION_CONTEXT ( 3 ) GLOBAL_UNCERTAINTY_ASSIGNED_CONTEXT ( ( #1405 ) ) GLOBAL_UNIT_ASSIGNED_CONTEXT ( ( #6420, #442, #5520 ) ) REPRESENTATION_CONTEXT ( 'NONE', 'WORKASPACE' ) );
#4181 =( LENGTH_UNIT ( ) NAMED_UNIT ( * ) SI_UNIT ( .MILLI., .METRE. ) );
#4182 = EDGE_CURVE ( 'NONE', #1853, #3872, #4622, .T. ) ;
#4183 = ORIENTED_EDGE ( 'NONE', *, *, #1152, .F. ) ;
#4184 = ORIENTED_EDGE ( 'NONE', *, *, #5193, .F. ) ;
#4185 = CARTESIAN_POINT ( 'NONE',  ( 2.990000000000000213, 2.100000000000000089, 0.5400000000000001465 ) ) ;
#4186 = CARTESIAN_POINT ( 'NONE',  ( 0.03000000000000037706, 2.469999999999999751, 0.1700000000000000122 ) ) ;
#4187 = STYLED_ITEM ( 'NONE', ( #1751 ), #942 ) ;
#4188 = FILL_AREA_STYLE_COLOUR ( '', #5716 ) ;
#4189 = CARTESIAN_POINT ( 'NONE',  ( 3.089847783199924702, 0.2325212498551154638, 0.3210660171779821659 ) ) ;
#4190 = STYLED_ITEM ( 'NONE', ( #185 ), #5922 ) ;
#4191 = B_SPLINE_CURVE_WITH_KNOTS ( 'NONE', 3,
 ( #5001, #4498, #1810, #4463 ),
 .UNSPECIFIED., .F., .F.,
 ( 4, 4 ),
 ( 0.0000000000000000000, 1.000000000000000000 ),
 .UNSPECIFIED. ) ;
#4192 = CIRCLE ( 'NONE', #4415, 0.2700000000000000733 ) ;
#4193 = DIRECTION ( 'NONE',  ( 0.0000000000000000000, 0.0000000000000000000, 1.000000000000000000 ) ) ;
#4194 = CARTESIAN_POINT ( 'NONE',  ( 0.1017531377169396123, 2.120822220047793749, 0.5000000000000025535 ) ) ;
#4195 = ORIENTED_EDGE ( 'NONE', *, *, #1338, .F. ) ;
#4196 = FACE_OUTER_BOUND ( 'NONE', #4749, .T. ) ;
#4198 = EDGE_CURVE ( 'NONE', #4470, #4888, #1908, .T. ) ;
#4197 = DIRECTION ( 'NONE',  ( -1.000000000000000000, 0.0000000000000000000, 0.0000000000000000000 ) ) ;
#4199 = COLOUR_RGB ( '',0.6470588235294117974, 0.6196078431372549211, 0.5843137254901961120 ) ;
#4200 = COLOUR_RGB ( '',0.6470588235294117974, 0.6196078431372549211, 0.5843137254901961120 ) ;
#4201 = DIRECTION ( 'NONE',  ( 0.0000000000000000000, 0.0000000000000000000, -1.000000000000000000 ) ) ;
#4202 =( NAMED_UNIT ( * ) SI_UNIT ( $, .STERADIAN. ) SOLID_ANGLE_UNIT ( ) );
#4203 = AXIS2_PLACEMENT_3D ( 'NONE', #2504, #274, #3055 ) ;
#4204 = FACE_OUTER_BOUND ( 'NONE', #3510, .T. ) ;
#4205 = CARTESIAN_POINT ( 'NONE',  ( 2.080276409533067916, 1.879883371806615910, 0.1700000000000000122 ) ) ;
#4206 = ORIENTED_EDGE ( 'NONE', *, *, #5258, .T. ) ;
#4207 = UNCERTAINTY_MEASURE_WITH_UNIT (LENGTH_MEASURE( 1.000000000000000082E-05 ), #3380, 'distance_accuracy_value', 'NONE');
#4208 = EDGE_CURVE ( 'NONE', #6549, #3085, #6998, .T. ) ;
#4209 = STYLED_ITEM ( 'NONE', ( #6503 ), #1846 ) ;
#4210 = LINE ( 'NONE', #2036, #4650 ) ;
#4211 = CARTESIAN_POINT ( 'NONE',  ( 0.02500000000000018527, 0.3972620349942541096, 0.2899999999999999800 ) ) ;
#4212 = DIRECTION ( 'NONE',  ( -0.0000000000000000000, -0.0000000000000000000, -1.000000000000000000 ) ) ;
#4213 = CARTESIAN_POINT ( 'NONE',  ( 2.800000000000000266, 0.1199999999999998845, 0.5000000000000000000 ) ) ;
#4214 = VECTOR ( 'NONE', #6622, 1000.000000000000000 ) ;
#4215 = VERTEX_POINT ( 'NONE', #710 ) ;
#4216 = ADVANCED_FACE ( 'NONE', ( #4040 ), #3507, .F. ) ;
#4217 = EDGE_CURVE ( 'NONE', #4588, #682, #2058, .T. ) ;
#4218 = SURFACE_STYLE_FILL_AREA ( #1971 ) ;
#4219 =( GEOMETRIC_REPRESENTATION_CONTEXT ( 3 ) GLOBAL_UNCERTAINTY_ASSIGNED_CONTEXT ( ( #49 ) ) GLOBAL_UNIT_ASSIGNED_CONTEXT ( ( #1226, #3405, #4988 ) ) REPRESENTATION_CONTEXT ( 'NONE', 'WORKASPACE' ) );
#4220 = CARTESIAN_POINT ( 'NONE',  ( 2.799999999999999378, 0.4000000000000009104, 0.6000000000000000888 ) ) ;
#4221 = FILL_AREA_STYLE ('',( #4145 ) ) ;
#4222 = ORIENTED_EDGE ( 'NONE', *, *, #2853, .T. ) ;
#4223 = ORIENTED_EDGE ( 'NONE', *, *, #4912, .F. ) ;
#4224 = CARTESIAN_POINT ( 'NONE',  ( 0.1499999999999995226, 2.100000000000000533, 0.5751471862576144067 ) ) ;
#4225 = DIRECTION ( 'NONE',  ( -0.0000000000000000000, -0.0000000000000000000, -1.000000000000000000 ) ) ;
#4226 = CARTESIAN_POINT ( 'NONE',  ( 2.080276409533067916, 2.400138902867559931, 0.1700000000000000122 ) ) ;
#4227 =( GEOMETRIC_REPRESENTATION_CONTEXT ( 3 ) GLOBAL_UNCERTAINTY_ASSIGNED_CONTEXT ( ( #2829 ) ) GLOBAL_UNIT_ASSIGNED_CONTEXT ( ( #5554, #1825, #2822 ) ) REPRESENTATION_CONTEXT ( 'NONE', 'WORKASPACE' ) );
#4228 = SURFACE_STYLE_USAGE ( .BOTH. , #2679 ) ;
#4229 = EDGE_CURVE ( 'NONE', #5308, #4687, #4234, .T. ) ;
#4230 = SURFACE_STYLE_FILL_AREA ( #6947 ) ;
#4231 = VECTOR ( 'NONE', #1433, 1000.000000000000000 ) ;
#4232 = CARTESIAN_POINT ( 'NONE',  ( 0.3467583567694003110, 0.2104299065281962644, 0.5999999999999998668 ) ) ;
#4233 = CARTESIAN_POINT ( 'NONE',  ( 0.3999999999999999667, 2.399999999999999911, 0.5000000000000000000 ) ) ;
#4234 = LINE ( 'NONE', #5874, #1860 ) ;
#4235 = SURFACE_STYLE_USAGE ( .BOTH. , #1264 ) ;
#4236 = CARTESIAN_POINT ( 'NONE',  ( 0.3693788275795951148, 2.396542742251392522, 0.4800000000000000933 ) ) ;
#4237 = ORIENTED_EDGE ( 'NONE', *, *, #6456, .F. ) ;
#4238 = VERTEX_POINT ( 'NONE', #1471 ) ;
#4239 = DIRECTION ( 'NONE',  ( 0.0000000000000000000, 1.000000000000000000, 0.0000000000000000000 ) ) ;
#4240 = FACE_OUTER_BOUND ( 'NONE', #1724, .T. ) ;
#4241 = CARTESIAN_POINT ( 'NONE',  ( 0.2535533905932738641, 2.350000000000000533, 0.5079226145318315178 ) ) ;
#4242 = PLANE ( 'NONE',  #3172 ) ;
#4243 = ORIENTED_EDGE ( 'NONE', *, *, #6727, .T. ) ;
#4244 = CARTESIAN_POINT ( 'NONE',  ( 0.4200624981287632842, 2.400138902867559931, 0.1700000000000000122 ) ) ;
#4245 = SURFACE_STYLE_FILL_AREA ( #587 ) ;
#4246 = STYLED_ITEM ( 'NONE', ( #1666 ), #3769 ) ;
#4247 =( NAMED_UNIT ( * ) PLANE_ANGLE_UNIT ( ) SI_UNIT ( $, .RADIAN. ) );
#4248 = EDGE_CURVE ( 'NONE', #6889, #6312, #2328, .T. ) ;
#4249 = CARTESIAN_POINT ( 'NONE',  ( 2.800000000000000266, 0.1299999999999998934, 0.5200000000000000178 ) ) ;
#4250 = CARTESIAN_POINT ( 'NONE',  ( 2.080276409533067916, 0.9199523185698689209, 0.0000000000000000000 ) ) ;
#4251 =( LENGTH_UNIT ( ) NAMED_UNIT ( * ) SI_UNIT ( .MILLI., .METRE. ) );
#4252 =( NAMED_UNIT ( * ) SI_UNIT ( $, .STERADIAN. ) SOLID_ANGLE_UNIT ( ) );
#4253 = CARTESIAN_POINT ( 'NONE',  ( 2.080276409533067916, 1.879883371806615910, 0.1700000000000000122 ) ) ;
#4254 = ORIENTED_EDGE ( 'NONE', *, *, #4826, .F. ) ;
#4255 = STYLED_ITEM ( 'NONE', ( #4737 ), #3923 ) ;
#4256 = CARTESIAN_POINT ( 'NONE',  ( 2.080276409533067916, 1.879883371806615910, 0.1700000000000000122 ) ) ;
#4257 = CARTESIAN_POINT ( 'NONE',  ( 2.800000000000000266, 0.1000000000000001860, 0.3649999999999999911 ) ) ;
#4258 = ORIENTED_EDGE ( 'NONE', *, *, #4131, .T. ) ;
#4259 = CARTESIAN_POINT ( 'NONE',  ( 3.050000000000000266, 2.100000000000000089, 0.5200000000000000178 ) ) ;
#4260 = SURFACE_STYLE_USAGE ( .BOTH. , #5127 ) ;
#4261 = FILL_AREA_STYLE_COLOUR ( '', #6299 ) ;
#4262 = DIRECTION ( 'NONE',  ( -1.000000000000000000, 0.0000000000000000000, 0.0000000000000000000 ) ) ;
#4263 = CARTESIAN_POINT ( 'NONE',  ( -1.626303258728256651E-16, 2.500000000000000444, 0.2899999999999999800 ) ) ;
#4264 = DIRECTION ( 'NONE',  ( 0.0000000000000000000, 0.0000000000000000000, 1.000000000000000000 ) ) ;
#4265 = CARTESIAN_POINT ( 'NONE',  ( 3.100009241445716324, 1.580047681430130968, 0.0000000000000000000 ) ) ;
#4266 = EDGE_CURVE ( 'NONE', #4732, #1333, #5342, .T. ) ;
#4267 = ORIENTED_EDGE ( 'NONE', *, *, #6591, .T. ) ;
#4268 =( LENGTH_UNIT ( ) NAMED_UNIT ( * ) SI_UNIT ( .MILLI., .METRE. ) );
#4269 = MECHANICAL_DESIGN_GEOMETRIC_PRESENTATION_REPRESENTATION (  '', ( #5294 ), #5189 ) ;
#4270 = ORIENTED_EDGE ( 'NONE', *, *, #483, .T. ) ;
#4271 = DIRECTION ( 'NONE',  ( -1.000000000000000000, 0.0000000000000000000, -0.0000000000000000000 ) ) ;
#4272 = SURFACE_STYLE_USAGE ( .BOTH. , #6562 ) ;
#4273 = AXIS2_PLACEMENT_3D ( 'NONE', #5626, #6195, #1297 ) ;
#4274 = DIRECTION ( 'NONE',  ( 0.0000000000000000000, 0.0000000000000000000, 1.000000000000000000 ) ) ;
#4275 =( NAMED_UNIT ( * ) PLANE_ANGLE_UNIT ( ) SI_UNIT ( $, .RADIAN. ) );
#4276 = ORIENTED_EDGE ( 'NONE', *, *, #4229, .T. ) ;
#4277 = UNCERTAINTY_MEASURE_WITH_UNIT (LENGTH_MEASURE( 1.000000000000000082E-05 ), #5782, 'distance_accuracy_value', 'NONE');
#4278 = CARTESIAN_POINT ( 'NONE',  ( 2.800000000000000266, 0.1500000000000001055, 0.5200000000000000178 ) ) ;
#4279 =( NAMED_UNIT ( * ) SI_UNIT ( $, .STERADIAN. ) SOLID_ANGLE_UNIT ( ) );
#4280 = DIRECTION ( 'NONE',  ( -1.000000000000000000, -0.0000000000000000000, 0.0000000000000000000 ) ) ;
#4281 =( NAMED_UNIT ( * ) PLANE_ANGLE_UNIT ( ) SI_UNIT ( $, .RADIAN. ) );
#4282 = PRESENTATION_STYLE_ASSIGNMENT (( #278 ) ) ;
#4283 = ORIENTED_EDGE ( 'NONE', *, *, #5034, .F. ) ;
#4284 = CIRCLE ( 'NONE', #6924, 0.2000000000000005107 ) ;
#4285 = EDGE_CURVE ( 'NONE', #6238, #1686, #6978, .T. ) ;
#4286 =( NAMED_UNIT ( * ) SI_UNIT ( $, .STERADIAN. ) SOLID_ANGLE_UNIT ( ) );
#4287 = COLOUR_RGB ( '',0.01176470588235294101, 0.0000000000000000000, 0.05882352941176470507 ) ;
#4288 =( GEOMETRIC_REPRESENTATION_CONTEXT ( 3 ) GLOBAL_UNCERTAINTY_ASSIGNED_CONTEXT ( ( #3465 ) ) GLOBAL_UNIT_ASSIGNED_CONTEXT ( ( #729, #6624, #1850 ) ) REPRESENTATION_CONTEXT ( 'NONE', 'WORKASPACE' ) );
#4289 = CARTESIAN_POINT ( 'NONE',  ( 2.774932736525889787, 2.074932736525889609, 0.5000000000000000000 ) ) ;
#4290 = ORIENTED_EDGE ( 'NONE', *, *, #2647, .T. ) ;
#4291 = ORIENTED_EDGE ( 'NONE', *, *, #2605, .T. ) ;
#4292 = CARTESIAN_POINT ( 'NONE',  ( 2.790126882168022959, 2.400761356413931402, 0.4999999999999998890 ) ) ;
#4293 = CARTESIAN_POINT ( 'NONE',  ( 0.4000000000000000777, 0.1299999999999999767, 0.5000000000000000000 ) ) ;
#4294 = UNCERTAINTY_MEASURE_WITH_UNIT (LENGTH_MEASURE( 1.000000000000000082E-05 ), #487, 'distance_accuracy_value', 'NONE');
#4295 =( LENGTH_UNIT ( ) NAMED_UNIT ( * ) SI_UNIT ( .MILLI., .METRE. ) );
#4296 = DIRECTION ( 'NONE',  ( -0.0000000000000000000, 0.0000000000000000000, -1.000000000000000000 ) ) ;
#4297 = ADVANCED_FACE ( 'NONE', ( #3081 ), #4116, .F. ) ;
#4298 = VECTOR ( 'NONE', #3795, 1000.000000000000000 ) ;
#4299 = CARTESIAN_POINT ( 'NONE',  ( 0.4200624981287628401, 0.09986109713243988828, 0.1700000000000000122 ) ) ;
#4300 = DIRECTION ( 'NONE',  ( -0.0000000000000000000, -0.0000000000000000000, -1.000000000000000000 ) ) ;
#4301 = CARTESIAN_POINT ( 'NONE',  ( 2.899999999999999911, 2.500000000000000000, 0.1700000000000000122 ) ) ;
#4302 = VERTEX_POINT ( 'NONE', #2094 ) ;
#4303 = COLOUR_RGB ( '',0.8274509803921568096, 0.6666666666666666297, 0.1254901960784313708 ) ;
#4304 = ORIENTED_EDGE ( 'NONE', *, *, #3674, .F. ) ;
#4305 = EDGE_CURVE ( 'NONE', #6329, #2230, #2583, .T. ) ;
#4306 = STYLED_ITEM ( 'NONE', ( #6068 ), #1348 ) ;
#4307 = CARTESIAN_POINT ( 'NONE',  ( 3.100000000000000089, 0.4000000000000001887, 0.3649999999999999911 ) ) ;
#4308 = STYLED_ITEM ( 'NONE', ( #1228 ), #6232 ) ;
#4309 = CARTESIAN_POINT ( 'NONE',  ( 0.1500000000000002165, 2.246446609406727024, 0.5200000000000000178 ) ) ;
#4310 = CARTESIAN_POINT ( 'NONE',  ( 0.3972620349942652673, 0.02499999999999999445, 0.2899999999999999800 ) ) ;
#4311 = CARTESIAN_POINT ( 'NONE',  ( 1.119723590466932039, 0.9199523185698690320, 0.1700000000000000122 ) ) ;
#4312 = SURFACE_STYLE_USAGE ( .BOTH. , #5500 ) ;
#4313 = CARTESIAN_POINT ( 'NONE',  ( 2.630325135796682812, 2.399999999999999467, 0.4999999999999913958 ) ) ;
#4314 = PRESENTATION_LAYER_ASSIGNMENT (  '', '', ( #314 ) ) ;
#4315 = AXIS2_PLACEMENT_3D ( 'NONE', #3911, #2843, #239 ) ;
#4316 = CARTESIAN_POINT ( 'NONE',  ( 2.080276409533067916, 1.879883371806615910, 0.1700000000000000122 ) ) ;
#4317 = CARTESIAN_POINT ( 'NONE',  ( 0.1102260934910376383, 2.096150751080388286, 0.4979759570883032782 ) ) ;
#4318 = SURFACE_SIDE_STYLE ('',( #2143 ) ) ;
#4319 = FILL_AREA_STYLE ('',( #6538 ) ) ;
#4320 = ORIENTED_EDGE ( 'NONE', *, *, #5452, .F. ) ;
#4321 = PRESENTATION_LAYER_ASSIGNMENT (  '', '', ( #5126 ) ) ;
#4322 = DIRECTION ( 'NONE',  ( -0.0000000000000000000, 0.0000000000000000000, -1.000000000000000000 ) ) ;
#4323 = SURFACE_SIDE_STYLE ('',( #6435 ) ) ;
#4324 = PRESENTATION_LAYER_ASSIGNMENT (  '', '', ( #5696 ) ) ;
#4325 = ORIENTED_EDGE ( 'NONE', *, *, #4849, .F. ) ;
#4326 = ORIENTED_EDGE ( 'NONE', *, *, #3554, .T. ) ;
#4327 = CARTESIAN_POINT ( 'NONE',  ( 2.950449310801154468, 2.332211262653267170, 0.5000000000000000000 ) ) ;
#4328 = PLANE ( 'NONE',  #3140 ) ;
#4329 = VECTOR ( 'NONE', #1712, 1000.000000000000000 ) ;
#4330 = CARTESIAN_POINT ( 'NONE',  ( 0.4250672634741105016, 2.074932736525889609, 0.3649999999999999911 ) ) ;
#4331 = FILL_AREA_STYLE_COLOUR ( '', #3623 ) ;
#4332 = ADVANCED_FACE ( 'NONE', ( #5996 ), #3279, .F. ) ;
#4333 = STYLED_ITEM ( 'NONE', ( #5543 ), #3365 ) ;
#4334 = AXIS2_PLACEMENT_3D ( 'NONE', #6163, #2899, #2273 ) ;
#4335 = CARTESIAN_POINT ( 'NONE',  ( 2.795139926371875472, 2.389820863922564431, 0.4979442544186603592 ) ) ;
#4336 = ORIENTED_EDGE ( 'NONE', *, *, #6388, .T. ) ;
#4337 = CARTESIAN_POINT ( 'NONE',  ( 2.779937501871236449, 2.500000000000000000, 0.1700000000000000122 ) ) ;
#4338 =( GEOMETRIC_REPRESENTATION_CONTEXT ( 3 ) GLOBAL_UNCERTAINTY_ASSIGNED_CONTEXT ( ( #986 ) ) GLOBAL_UNIT_ASSIGNED_CONTEXT ( ( #3918, #5004, #2330 ) ) REPRESENTATION_CONTEXT ( 'NONE', 'WORKASPACE' ) );
#4339 = VECTOR ( 'NONE', #2805, 1000.000000000000000 ) ;
#4340 = CARTESIAN_POINT ( 'NONE',  ( 2.779937501871236893, 0.0000000000000000000, 0.1700000000000000122 ) ) ;
#4341 =( LENGTH_UNIT ( ) NAMED_UNIT ( * ) SI_UNIT ( .MILLI., .METRE. ) );
#4342 = CARTESIAN_POINT ( 'NONE',  ( 0.4200624981287632842, 2.400138902867559931, 0.1700000000000000122 ) ) ;
#4343 = ORIENTED_EDGE ( 'NONE', *, *, #2557, .T. ) ;
#4344 = UNCERTAINTY_MEASURE_WITH_UNIT (LENGTH_MEASURE( 1.000000000000000082E-05 ), #5302, 'distance_accuracy_value', 'NONE');
#4345 = CARTESIAN_POINT ( 'NONE',  ( 0.4000000000000001887, 0.09999999999999999167, 0.4800000000000000377 ) ) ;
#4346 =( LENGTH_UNIT ( ) NAMED_UNIT ( * ) SI_UNIT ( .MILLI., .METRE. ) );
#4347 =( GEOMETRIC_REPRESENTATION_CONTEXT ( 3 ) GLOBAL_UNCERTAINTY_ASSIGNED_CONTEXT ( ( #3357 ) ) GLOBAL_UNIT_ASSIGNED_CONTEXT ( ( #6288, #2404, #2886 ) ) REPRESENTATION_CONTEXT ( 'NONE', 'WORKASPACE' ) );
#4348 = CARTESIAN_POINT ( 'NONE',  ( 0.5600000000000000533, 2.399999999999999911, 0.4800000000000000933 ) ) ;
#4349 = CYLINDRICAL_SURFACE ( 'NONE', #3688, 0.02000000000000005246 ) ;
#4350 = ORIENTED_EDGE ( 'NONE', *, *, #1311, .F. ) ;
#4351 = CARTESIAN_POINT ( 'NONE',  ( 0.2052604420177458477, 0.2121419212420618539, 0.5000030807121101928 ) ) ;
#4352 = FACE_OUTER_BOUND ( 'NONE', #1892, .T. ) ;
#4353 = ORIENTED_EDGE ( 'NONE', *, *, #4417, .T. ) ;
#4354 = LINE ( 'NONE', #566, #692 ) ;
#4355 = ORIENTED_EDGE ( 'NONE', *, *, #4112, .F. ) ;
#4356 =( NAMED_UNIT ( * ) SI_UNIT ( $, .STERADIAN. ) SOLID_ANGLE_UNIT ( ) );
#4357 = UNCERTAINTY_MEASURE_WITH_UNIT (LENGTH_MEASURE( 1.000000000000000082E-05 ), #2278, 'distance_accuracy_value', 'NONE');
#4358 = DIRECTION ( 'NONE',  ( 0.0000000000000000000, 1.000000000000000000, 0.0000000000000000000 ) ) ;
#4359 = PRESENTATION_LAYER_ASSIGNMENT (  '', '', ( #5175 ) ) ;
#4360 = CARTESIAN_POINT ( 'NONE',  ( 0.09963729403821229569, 2.094742544035744558, 0.3649999999999999911 ) ) ;
#4361 = CARTESIAN_POINT ( 'NONE',  ( 2.080276409533067916, 1.879883371806615910, 0.0000000000000000000 ) ) ;
#4362 = CARTESIAN_POINT ( 'NONE',  ( 3.100000000000000089, 2.100000000000000089, 0.5000000000000000000 ) ) ;
#4363 = EDGE_LOOP ( 'NONE', ( #927, #906, #3346, #4195 ) ) ;
#4364 = LINE ( 'NONE', #2717, #2342 ) ;
#4365 =( BOUNDED_SURFACE ( )  B_SPLINE_SURFACE ( 3, 3, ( 
 ( #3182, #3883, #57, #5994 ),
 ( #4817, #6543, #2219, #1699 ),
 ( #3807, #6584, #5369, #6032 ),
 ( #2731, #7000, #2148, #4848 ) ),
 .UNSPECIFIED., .F., .F., .F. ) 
 B_SPLINE_SURFACE_WITH_KNOTS ( ( 4, 4 ),
 ( 4, 4 ),
 ( 0.0000000000000000000, 1.000000000000000000 ),
 ( 0.0000000000000000000, 1.000000000000000000 ),
 .UNSPECIFIED. ) 
 GEOMETRIC_REPRESENTATION_ITEM ( )  RATIONAL_B_SPLINE_SURFACE ( (
 ( 1.000000000000000000, 0.8047378541243667138, 0.8047378541243667138, 1.000000000000000000),
 ( 0.8047378541243649375, 0.6476030138606890807, 0.6476030138606890807, 0.8047378541243649375),
 ( 0.8047378541243649375, 0.6476030138606890807, 0.6476030138606890807, 0.8047378541243649375),
 ( 1.000000000000000000, 0.8047378541243667138, 0.8047378541243667138, 1.000000000000000000) ) ) 
 REPRESENTATION_ITEM ( '' )  SURFACE ( )  );
#4366 = ORIENTED_EDGE ( 'NONE', *, *, #1111, .F. ) ;
#4367 = AXIS2_PLACEMENT_3D ( 'NONE', #1398, #5306, #2018 ) ;
#4368 = CARTESIAN_POINT ( 'NONE',  ( 3.129068291288711556, 0.2114580793625684962, 0.2899999999999999800 ) ) ;
#4369 = ADVANCED_FACE ( 'NONE', ( #6688 ), #2807, .F. ) ;
#4370 = MECHANICAL_DESIGN_GEOMETRIC_PRESENTATION_REPRESENTATION (  '', ( #265 ), #709 ) ;
#4371 = CARTESIAN_POINT ( 'NONE',  ( 2.080276409533067916, 1.879883371806615910, 0.0000000000000000000 ) ) ;
#4372 = LINE ( 'NONE', #1684, #3618 ) ;
#4373 = ORIENTED_EDGE ( 'NONE', *, *, #3554, .F. ) ;
#4374 = CARTESIAN_POINT ( 'NONE',  ( 2.080276409533067916, 2.400138902867559931, 0.1700000000000000122 ) ) ;
#4375 =( GEOMETRIC_REPRESENTATION_CONTEXT ( 3 ) GLOBAL_UNCERTAINTY_ASSIGNED_CONTEXT ( ( #3836 ) ) GLOBAL_UNIT_ASSIGNED_CONTEXT ( ( #4251, #4281, #3237 ) ) REPRESENTATION_CONTEXT ( 'NONE', 'WORKASPACE' ) );
#4376 = EDGE_CURVE ( 'NONE', #1794, #936, #1240, .T. ) ;
#4377 = SURFACE_SIDE_STYLE ('',( #4245 ) ) ;
#4378 =( NAMED_UNIT ( * ) PLANE_ANGLE_UNIT ( ) SI_UNIT ( $, .RADIAN. ) );
#4379 = DIRECTION ( 'NONE',  ( 0.0000000000000000000, 0.0000000000000000000, 1.000000000000000000 ) ) ;
#4380 = CARTESIAN_POINT ( 'NONE',  ( 1.379445037862997833E-18, 0.2000000000000000111, 0.1700000000000000122 ) ) ;
#4381 = DIRECTION ( 'NONE',  ( -5.339892110068788258E-05, -0.9999999985742775710, 0.0000000000000000000 ) ) ;
#4382 = CARTESIAN_POINT ( 'NONE',  ( 1.119723590466932039, 0.09986109713243987440, 0.1700000000000000122 ) ) ;
#4383 = ORIENTED_EDGE ( 'NONE', *, *, #6094, .F. ) ;
#4384 =( NAMED_UNIT ( * ) SI_UNIT ( $, .STERADIAN. ) SOLID_ANGLE_UNIT ( ) );
#4385 =( NAMED_UNIT ( * ) SI_UNIT ( $, .STERADIAN. ) SOLID_ANGLE_UNIT ( ) );
#4386 = SURFACE_STYLE_FILL_AREA ( #4221 ) ;
#4387 = ORIENTED_EDGE ( 'NONE', *, *, #5266, .F. ) ;
#4388 = CARTESIAN_POINT ( 'NONE',  ( 3.100000000000000533, 2.100000000000000089, 0.4800000000000000933 ) ) ;
#4389 = PRESENTATION_LAYER_ASSIGNMENT (  '', '', ( #5084 ) ) ;
#4390 = DIRECTION ( 'NONE',  ( 0.0000000000000000000, 0.0000000000000000000, -1.000000000000000000 ) ) ;
#4391 = CARTESIAN_POINT ( 'NONE',  ( 0.2000000000000000111, 0.0000000000000000000, 0.0000000000000000000 ) ) ;
#4392 = LINE ( 'NONE', #4895, #2350 ) ;
#4393 = PRESENTATION_STYLE_ASSIGNMENT (( #2715 ) ) ;
#4394 = ORIENTED_EDGE ( 'NONE', *, *, #3608, .T. ) ;
#4395 = CARTESIAN_POINT ( 'NONE',  ( 3.100000000000000533, 2.100000000000000533, 0.4800000000000000933 ) ) ;
#4396 = ORIENTED_EDGE ( 'NONE', *, *, #2602, .F. ) ;
#4397 = PRESENTATION_LAYER_ASSIGNMENT (  '', '', ( #1336 ) ) ;
#4398 = AXIS2_PLACEMENT_3D ( 'NONE', #4374, #2664, #448 ) ;
#4399 = LINE ( 'NONE', #5552, #6010 ) ;
#4400 = PRESENTATION_STYLE_ASSIGNMENT (( #3929 ) ) ;
#4401 = VECTOR ( 'NONE', #1778, 1000.000000000000000 ) ;
#4402 =( NAMED_UNIT ( * ) SI_UNIT ( $, .STERADIAN. ) SOLID_ANGLE_UNIT ( ) );
#4403 = SURFACE_SIDE_STYLE ('',( #2238 ) ) ;
#4404 = ORIENTED_EDGE ( 'NONE', *, *, #1151, .F. ) ;
#4405 = UNCERTAINTY_MEASURE_WITH_UNIT (LENGTH_MEASURE( 1.000000000000000082E-05 ), #202, 'distance_accuracy_value', 'NONE');
#4406 = AXIS2_PLACEMENT_3D ( 'NONE', #5154, #1454, #1931 ) ;
#4407 = COLOUR_RGB ( '',0.7921568627450980005, 0.8196078431372548767, 0.9333333333333333481 ) ;
#4408 = PRESENTATION_LAYER_ASSIGNMENT (  '', '', ( #79 ) ) ;
#4409 =( LENGTH_UNIT ( ) NAMED_UNIT ( * ) SI_UNIT ( .MILLI., .METRE. ) );
#4410 = CARTESIAN_POINT ( 'NONE',  ( 0.5696748642032676280, 2.399999999999999467, 0.5000000000000001110 ) ) ;
#4411 = CARTESIAN_POINT ( 'NONE',  ( 2.800000000000000266, 0.2099999999999999922, 0.6000000000000001998 ) ) ;
#4412 = MECHANICAL_DESIGN_GEOMETRIC_PRESENTATION_REPRESENTATION (  '', ( #6134 ), #6368 ) ;
#4413 = MECHANICAL_DESIGN_GEOMETRIC_PRESENTATION_REPRESENTATION (  '', ( #3031 ), #4539 ) ;
#4414 =( NAMED_UNIT ( * ) SI_UNIT ( $, .STERADIAN. ) SOLID_ANGLE_UNIT ( ) );
#4415 = AXIS2_PLACEMENT_3D ( 'NONE', #6944, #6376, #5335 ) ;
#4416 = DIRECTION ( 'NONE',  ( 0.0000000000000000000, -1.000000000000000000, 0.0000000000000000000 ) ) ;
#4417 = EDGE_CURVE ( 'NONE', #6596, #6756, #5968, .T. ) ;
#4418 = SURFACE_SIDE_STYLE ('',( #2291 ) ) ;
#4419 = ORIENTED_EDGE ( 'NONE', *, *, #4692, .T. ) ;
#4420 = LINE ( 'NONE', #6582, #6245 ) ;
#4421 = PLANE ( 'NONE',  #4315 ) ;
#4422 =( NAMED_UNIT ( * ) SI_UNIT ( $, .STERADIAN. ) SOLID_ANGLE_UNIT ( ) );
#4423 = SURFACE_STYLE_USAGE ( .BOTH. , #3280 ) ;
#4424 = VERTEX_POINT ( 'NONE', #4544 ) ;
#4425 = CARTESIAN_POINT ( 'NONE',  ( 0.2000000000000001221, 2.500000000000000000, 0.1700000000000000122 ) ) ;
#4426 = EDGE_CURVE ( 'NONE', #4972, #1255, #5519, .T. ) ;
#4427 = UNCERTAINTY_MEASURE_WITH_UNIT (LENGTH_MEASURE( 1.000000000000000082E-05 ), #1224, 'distance_accuracy_value', 'NONE');
#4428 = EDGE_CURVE ( 'NONE', #5146, #4158, #4637, .T. ) ;
#4429 = CARTESIAN_POINT ( 'NONE',  ( 0.4000000000000009104, 2.290000000000000036, 0.6000000000000000888 ) ) ;
#4430 = CIRCLE ( 'NONE', #1119, 0.02000000000000005246 ) ;
#4431 = LINE ( 'NONE', #5513, #1696 ) ;
#4432 = CARTESIAN_POINT ( 'NONE',  ( 0.3000000000000000444, 0.02999999999999997113, 0.1700000000000000122 ) ) ;
#4433 = VERTEX_POINT ( 'NONE', #3015 ) ;
#4434 = CARTESIAN_POINT ( 'NONE',  ( 3.100009241445716324, 0.4200404230269066952, 0.1700000000000000122 ) ) ;
#4435 = ADVANCED_FACE ( 'NONE', ( #4610 ), #3528, .T. ) ;
#4436 = ORIENTED_EDGE ( 'NONE', *, *, #779, .F. ) ;
#4437 = CARTESIAN_POINT ( 'NONE',  ( 0.3727949570424060055, 0.1231859751824064958, 0.5000000000000001110 ) ) ;
#4438 = VECTOR ( 'NONE', #4896, 1000.000000000000000 ) ;
#4439 = FACE_OUTER_BOUND ( 'NONE', #4689, .T. ) ;
#4440 = CARTESIAN_POINT ( 'NONE',  ( 0.02500000000000001180, 2.102737965005744503, 0.2899999999999999800 ) ) ;
#4441 = COLOUR_RGB ( '',0.01176470588235294101, 0.0000000000000000000, 0.05882352941176470507 ) ;
#4442 = SURFACE_STYLE_USAGE ( .BOTH. , #1117 ) ;
#4443 = ORIENTED_EDGE ( 'NONE', *, *, #3113, .F. ) ;
#4444 = DIRECTION ( 'NONE',  ( 0.0000000000000000000, -0.0000000000000000000, -1.000000000000000000 ) ) ;
#4445 = SURFACE_STYLE_USAGE ( .BOTH. , #4403 ) ;
#4446 = ORIENTED_EDGE ( 'NONE', *, *, #4731, .T. ) ;
#4447 = EDGE_LOOP ( 'NONE', ( #5616, #5406, #4056, #5122, #4572, #2299 ) ) ;
#4448 = VECTOR ( 'NONE', #603, 1000.000000000000000 ) ;
#4449 = CARTESIAN_POINT ( 'NONE',  ( 0.5600000000000000533, 2.379999999999999893, 0.5000000000000000000 ) ) ;
#4450 = FILL_AREA_STYLE_COLOUR ( '', #1162 ) ;
#4451 = PLANE ( 'NONE',  #3646 ) ;
#4452 = CARTESIAN_POINT ( 'NONE',  ( 0.1000000000000000056, 2.043333333333333446, 0.4800000000000000933 ) ) ;
#4453 = CARTESIAN_POINT ( 'NONE',  ( 3.100000000000000533, 0.5133333333333321979, 0.4800000000000000933 ) ) ;
#4454 = ORIENTED_EDGE ( 'NONE', *, *, #4477, .F. ) ;
#4455 = PRESENTATION_STYLE_ASSIGNMENT (( #3439 ) ) ;
#4456 = DIRECTION ( 'NONE',  ( 0.0000000000000000000, 0.0000000000000000000, 1.000000000000000000 ) ) ;
#4457 = DIRECTION ( 'NONE',  ( -1.000000000000000000, 0.0000000000000000000, -0.0000000000000000000 ) ) ;
#4458 = EDGE_CURVE ( 'NONE', #5739, #2268, #2508, .T. ) ;
#4459 = FACE_OUTER_BOUND ( 'NONE', #2716, .T. ) ;
#4460 =( NAMED_UNIT ( * ) SI_UNIT ( $, .STERADIAN. ) SOLID_ANGLE_UNIT ( ) );
#4461 = LINE ( 'NONE', #2882, #4163 ) ;
#4462 = SURFACE_STYLE_FILL_AREA ( #1775 ) ;
#4463 = CARTESIAN_POINT ( 'NONE',  ( 0.4000000000000001332, 2.370000000000000107, 0.5000000000000000000 ) ) ;
#4464 = ORIENTED_EDGE ( 'NONE', *, *, #1975, .T. ) ;
#4465 = CARTESIAN_POINT ( 'NONE',  ( 0.02999999999999996420, 0.3000000000000000444, 0.0000000000000000000 ) ) ;
#4466 = FILL_AREA_STYLE ('',( #2364 ) ) ;
#4467 = FACE_OUTER_BOUND ( 'NONE', #1767, .T. ) ;
#4468 = CARTESIAN_POINT ( 'NONE',  ( 2.798462283668249118, 2.380029600947326518, 0.4999999945468928675 ) ) ;
#4469 = FILL_AREA_STYLE_COLOUR ( '', #1365 ) ;
#4470 = VERTEX_POINT ( 'NONE', #6287 ) ;
#4471 = ORIENTED_EDGE ( 'NONE', *, *, #1525, .F. ) ;
#4472 = CARTESIAN_POINT ( 'NONE',  ( 3.200000000000000178, 0.4200404230269066952, 0.1700000000000000122 ) ) ;
#4473 = AXIS2_PLACEMENT_3D ( 'NONE', #142, #4579, #727 ) ;
#4474 = EDGE_CURVE ( 'NONE', #3853, #135, #6560, .T. ) ;
#4475 = PRESENTATION_STYLE_ASSIGNMENT (( #1682 ) ) ;
#4476 = LINE ( 'NONE', #2965, #503 ) ;
#4477 = EDGE_CURVE ( 'NONE', #5950, #80, #601, .T. ) ;
#4478 = SURFACE_SIDE_STYLE ('',( #2313 ) ) ;
#4479 = CARTESIAN_POINT ( 'NONE',  ( 1.600000000000000755, 0.1000000000000000056, 0.4800000000000000933 ) ) ;
#4480 = VECTOR ( 'NONE', #6193, 1000.000000000000000 ) ;
#4481 = ORIENTED_EDGE ( 'NONE', *, *, #5778, .T. ) ;
#4482 = CARTESIAN_POINT ( 'NONE',  ( 0.4000000000000000777, 0.1000000000000000056, 0.3649999999999999911 ) ) ;
#4483 = PRESENTATION_LAYER_ASSIGNMENT (  '', '', ( #4144 ) ) ;
#4484 =( NAMED_UNIT ( * ) SI_UNIT ( $, .STERADIAN. ) SOLID_ANGLE_UNIT ( ) );
#4485 = CARTESIAN_POINT ( 'NONE',  ( 2.800000000000000266, 0.1499999999999999112, 0.5200000000000000178 ) ) ;
#4486 = SURFACE_SIDE_STYLE ('',( #5527 ) ) ;
#4487 =( LENGTH_UNIT ( ) NAMED_UNIT ( * ) SI_UNIT ( .MILLI., .METRE. ) );
#4488 =( LENGTH_UNIT ( ) NAMED_UNIT ( * ) SI_UNIT ( .MILLI., .METRE. ) );
#4489 = ORIENTED_EDGE ( 'NONE', *, *, #4774, .F. ) ;
#4490 = ORIENTED_EDGE ( 'NONE', *, *, #2738, .F. ) ;
#4491 = UNCERTAINTY_MEASURE_WITH_UNIT (LENGTH_MEASURE( 1.000000000000000082E-05 ), #4674, 'distance_accuracy_value', 'NONE');
#4492 = VECTOR ( 'NONE', #4704, 1000.000000000000000 ) ;
#4493 = CYLINDRICAL_SURFACE ( 'NONE', #4051, 0.2699999999999999623 ) ;
#4494 = LINE ( 'NONE', #3805, #2033 ) ;
#4495 = FILL_AREA_STYLE_COLOUR ( '', #1680 ) ;
#4496 = STYLED_ITEM ( 'NONE', ( #5807 ), #4871 ) ;
#4497 = SURFACE_STYLE_USAGE ( .BOTH. , #6070 ) ;
#4498 = CARTESIAN_POINT ( 'NONE',  ( 0.2651382021187876914, 2.344718483894086880, 0.5000000000000000000 ) ) ;
#4499 = DIRECTION ( 'NONE',  ( -0.0000000000000000000, -0.0000000000000000000, -1.000000000000000000 ) ) ;
#4500 = ORIENTED_EDGE ( 'NONE', *, *, #2261, .F. ) ;
#4501 = SURFACE_STYLE_FILL_AREA ( #2331 ) ;
#4502 = EDGE_CURVE ( 'NONE', #1333, #6549, #1966, .T. ) ;
#4503 = STYLED_ITEM ( 'NONE', ( #5488 ), #4946 ) ;
#4504 = DIRECTION ( 'NONE',  ( -0.0000000000000000000, -0.0000000000000000000, -1.000000000000000000 ) ) ;
#4505 =( LENGTH_UNIT ( ) NAMED_UNIT ( * ) SI_UNIT ( .MILLI., .METRE. ) );
#4506 = DIRECTION ( 'NONE',  ( 3.053757688596834341E-16, -1.000000000000000000, 0.0000000000000000000 ) ) ;
#4507 = VECTOR ( 'NONE', #496, 1000.000000000000000 ) ;
#4508 = SURFACE_STYLE_USAGE ( .BOTH. , #5653 ) ;
#4509 = ORIENTED_EDGE ( 'NONE', *, *, #2200, .F. ) ;
#4510 = EDGE_CURVE ( 'NONE', #6323, #1017, #4174, .T. ) ;
#4511 = EDGE_LOOP ( 'NONE', ( #3361, #3107, #6788, #3128 ) ) ;
#4512 = CARTESIAN_POINT ( 'NONE',  ( 3.100009241445716324, 0.4200404230269066952, 0.0000000000000000000 ) ) ;
#4513 = CARTESIAN_POINT ( 'NONE',  ( 3.050000000000001155, 0.4000000000000009104, 0.5400000000000001465 ) ) ;
#4514 =( BOUNDED_SURFACE ( )  B_SPLINE_SURFACE ( 3, 3, ( 
 ( #4411, #3375, #3937, #5569 ),
 ( #2835, #5026, #132, #6858 ),
 ( #5102, #2876, #5669, #4015 ),
 ( #2974, #6820, #5634, #2391 ) ),
 .UNSPECIFIED., .F., .F., .T. ) 
 B_SPLINE_SURFACE_WITH_KNOTS ( ( 4, 4 ),
 ( 4, 4 ),
 ( 0.0000000000000000000, 1.000000000000000000 ),
 ( 0.0000000000000000000, 1.000000000000000000 ),
 .UNSPECIFIED. ) 
 GEOMETRIC_REPRESENTATION_ITEM ( )  RATIONAL_B_SPLINE_SURFACE ( (
 ( 1.000000000000000000, 0.8047378541243667138, 0.8047378541243667138, 1.000000000000000000),
 ( 0.8047378541243654926, 0.6476030138606895248, 0.6476030138606895248, 0.8047378541243654926),
 ( 0.8047378541243654926, 0.6476030138606895248, 0.6476030138606895248, 0.8047378541243654926),
 ( 1.000000000000000000, 0.8047378541243667138, 0.8047378541243667138, 1.000000000000000000) ) ) 
 REPRESENTATION_ITEM ( '' )  SURFACE ( )  );
#4515 = SURFACE_STYLE_USAGE ( .BOTH. , #5590 ) ;
#4516 = SURFACE_STYLE_FILL_AREA ( #4004 ) ;
#4517 = SURFACE_STYLE_USAGE ( .BOTH. , #6777 ) ;
#4518 = DIRECTION ( 'NONE',  ( 0.0000000000000000000, 1.000000000000000000, 0.0000000000000000000 ) ) ;
#4519 = ORIENTED_EDGE ( 'NONE', *, *, #6899, .T. ) ;
#4520 = CARTESIAN_POINT ( 'NONE',  ( 2.946446609406725869, 2.349999999999999645, 0.5200000000000000178 ) ) ;
#4521 =( LENGTH_UNIT ( ) NAMED_UNIT ( * ) SI_UNIT ( .MILLI., .METRE. ) );
#4522 = VERTEX_POINT ( 'NONE', #4670 ) ;
#4523 = VERTEX_POINT ( 'NONE', #6319 ) ;
#4524 = EDGE_CURVE ( 'NONE', #269, #3085, #887, .T. ) ;
#4525 = SURFACE_STYLE_USAGE ( .BOTH. , #164 ) ;
#4526 = EDGE_CURVE ( 'NONE', #752, #4522, #5787, .T. ) ;
#4527 = COLOUR_RGB ( '',0.8274509803921568096, 0.6666666666666666297, 0.1254901960784313708 ) ;
#4528 = MECHANICAL_DESIGN_GEOMETRIC_PRESENTATION_REPRESENTATION (  '', ( #2693 ), #4745 ) ;
#4529 = CARTESIAN_POINT ( 'NONE',  ( 1.119723590466932039, 0.9199523185698689209, 0.0000000000000000000 ) ) ;
#4530 = FILL_AREA_STYLE ('',( #2421 ) ) ;
#4531 = CARTESIAN_POINT ( 'NONE',  ( 0.09999999999999993616, 2.090097570029879837, 0.4999999999999998890 ) ) ;
#4532 = VERTEX_POINT ( 'NONE', #2401 ) ;
#4533 = AXIS2_PLACEMENT_3D ( 'NONE', #4559, #4518, #6231 ) ;
#4534 = PRESENTATION_LAYER_ASSIGNMENT (  '', '', ( #2923 ) ) ;
#4535 = EDGE_CURVE ( 'NONE', #5929, #1576, #6363, .T. ) ;
#4536 = DIRECTION ( 'NONE',  ( 0.0000000000000000000, 0.0000000000000000000, -1.000000000000000000 ) ) ;
#4537 =( GEOMETRIC_REPRESENTATION_CONTEXT ( 3 ) GLOBAL_UNCERTAINTY_ASSIGNED_CONTEXT ( ( #753 ) ) GLOBAL_UNIT_ASSIGNED_CONTEXT ( ( #5246, #3660, #432 ) ) REPRESENTATION_CONTEXT ( 'NONE', 'WORKASPACE' ) );
#4539 =( GEOMETRIC_REPRESENTATION_CONTEXT ( 3 ) GLOBAL_UNCERTAINTY_ASSIGNED_CONTEXT ( ( #4491 ) ) GLOBAL_UNIT_ASSIGNED_CONTEXT ( ( #4674, #3606, #3063 ) ) REPRESENTATION_CONTEXT ( 'NONE', 'WORKASPACE' ) );
#4538 = B_SPLINE_CURVE_WITH_KNOTS ( 'NONE', 3,
 ( #2131, #2594, #1584, #1059, #4769, #7052 ),
 .UNSPECIFIED., .F., .F.,
 ( 4, 2, 4 ),
 ( 0.0000000000000000000, 0.5000000000000000000, 1.000000000000000000 ),
 .UNSPECIFIED. ) ;
#4540 = PRESENTATION_LAYER_ASSIGNMENT (  '', '', ( #401 ) ) ;
#4541 = LINE ( 'NONE', #807, #2318 ) ;
#4542 = FILL_AREA_STYLE ('',( #3314 ) ) ;
#4543 = SURFACE_STYLE_USAGE ( .BOTH. , #5644 ) ;
#4544 = CARTESIAN_POINT ( 'NONE',  ( 3.100009241445716324, 2.079959576973092972, 0.1700000000000000122 ) ) ;
#4545 = ORIENTED_EDGE ( 'NONE', *, *, #3882, .T. ) ;
#4546 = DIRECTION ( 'NONE',  ( -1.000000000000000000, -0.0000000000000000000, 0.0000000000000000000 ) ) ;
#4547 = MECHANICAL_DESIGN_GEOMETRIC_PRESENTATION_REPRESENTATION (  '', ( #1212 ), #315 ) ;
#4548 = LINE ( 'NONE', #182, #3720 ) ;
#4549 = PRESENTATION_LAYER_ASSIGNMENT (  '', '', ( #2816 ) ) ;
#4550 = CARTESIAN_POINT ( 'NONE',  ( 3.061138289910919852, 0.3022475213184928622, 0.4999999999999998890 ) ) ;
#4551 = ORIENTED_EDGE ( 'NONE', *, *, #2605, .F. ) ;
#4552 = DIRECTION ( 'NONE',  ( -1.000000000000000000, -5.204170427930404717E-15, 0.0000000000000000000 ) ) ;
#4553 = STYLED_ITEM ( 'NONE', ( #4906 ), #1934 ) ;
#4554 = CARTESIAN_POINT ( 'NONE',  ( 2.794742544035805576, 2.400362705961783583, 0.3210660171779814442 ) ) ;
#4555 = CARTESIAN_POINT ( 'NONE',  ( 2.080276409533067916, 0.09986109713243988828, 0.1700000000000000122 ) ) ;
#4556 = LINE ( 'NONE', #675, #5712 ) ;
#4557 = FILL_AREA_STYLE_COLOUR ( '', #1759 ) ;
#4558 =( NAMED_UNIT ( * ) PLANE_ANGLE_UNIT ( ) SI_UNIT ( $, .RADIAN. ) );
#4559 = CARTESIAN_POINT ( 'NONE',  ( 3.200000000000000178, 0.2999999999999999889, 0.1700000000000000122 ) ) ;
#4560 = ORIENTED_EDGE ( 'NONE', *, *, #5531, .T. ) ;
#4561 = FACE_OUTER_BOUND ( 'NONE', #2543, .T. ) ;
#4562 = ORIENTED_EDGE ( 'NONE', *, *, #3100, .F. ) ;
#4563 = VERTEX_POINT ( 'NONE', #6764 ) ;
#4564 = EDGE_LOOP ( 'NONE', ( #5255, #4383, #4387, #4662, #306 ) ) ;
#4565 = UNCERTAINTY_MEASURE_WITH_UNIT (LENGTH_MEASURE( 1.000000000000000082E-05 ), #4992, 'distance_accuracy_value', 'NONE');
#4566 = FILL_AREA_STYLE_COLOUR ( '', #3024 ) ;
#4567 = AXIS2_PLACEMENT_3D ( 'NONE', #2506, #3057, #6249 ) ;
#4568 = VECTOR ( 'NONE', #6005, 1000.000000000000000 ) ;
#4569 = CARTESIAN_POINT ( 'NONE',  ( 2.774932736525889787, 2.074932736525889609, 0.5000000000000000000 ) ) ;
#4570 = CARTESIAN_POINT ( 'NONE',  ( 3.069662791898525089, 0.3238564295373392299, 0.5000000000000000000 ) ) ;
#4571 = EDGE_CURVE ( 'NONE', #1255, #2491, #1851, .T. ) ;
#4572 = ORIENTED_EDGE ( 'NONE', *, *, #1417, .T. ) ;
#4573 = UNCERTAINTY_MEASURE_WITH_UNIT (LENGTH_MEASURE( 1.000000000000000082E-05 ), #2035, 'distance_accuracy_value', 'NONE');
#4574 = FILL_AREA_STYLE_COLOUR ( '', #4735 ) ;
#4575 = CARTESIAN_POINT ( 'NONE',  ( 2.899999999999999911, 2.500000000000000000, 0.0000000000000000000 ) ) ;
#4576 = PLANE ( 'NONE',  #5685 ) ;
#4577 =( GEOMETRIC_REPRESENTATION_CONTEXT ( 3 ) GLOBAL_UNCERTAINTY_ASSIGNED_CONTEXT ( ( #6571 ) ) GLOBAL_UNIT_ASSIGNED_CONTEXT ( ( #2677, #2154, #4356 ) ) REPRESENTATION_CONTEXT ( 'NONE', 'WORKASPACE' ) );
#4578 = STYLED_ITEM ( 'NONE', ( #5160 ), #2748 ) ;
#4579 = DIRECTION ( 'NONE',  ( -1.000000000000000000, -3.491481338843133355E-15, 0.0000000000000000000 ) ) ;
#4580 = EDGE_CURVE ( 'NONE', #682, #1017, #1521, .T. ) ;
#4581 = EDGE_CURVE ( 'NONE', #3231, #796, #3096, .T. ) ;
#4582 = DIRECTION ( 'NONE',  ( -0.0000000000000000000, 0.0000000000000000000, 1.000000000000000000 ) ) ;
#4583 = CARTESIAN_POINT ( 'NONE',  ( 2.800000000000000266, 2.350000000000000089, 0.6000000000000000888 ) ) ;
#4584 = EDGE_LOOP ( 'NONE', ( #5550, #1984, #2709, #6397 ) ) ;
#4585 = CARTESIAN_POINT ( 'NONE',  ( 2.779937501871236449, 2.500000000000000000, 0.2899999999999999800 ) ) ;
#4586 = CARTESIAN_POINT ( 'NONE',  ( 0.3000000000000004885, 2.500000000000000000, 0.1700000000000000122 ) ) ;
#4587 = CARTESIAN_POINT ( 'NONE',  ( 2.820822237463973980, 0.1017531415025944852, 0.4999999999999987788 ) ) ;
#4588 = VERTEX_POINT ( 'NONE', #5857 ) ;
#4589 = FACE_OUTER_BOUND ( 'NONE', #5158, .T. ) ;
#4590 = DIRECTION ( 'NONE',  ( 0.0000000000000000000, 1.000000000000000000, 0.0000000000000000000 ) ) ;
#4591 = FILL_AREA_STYLE_COLOUR ( '', #1019 ) ;
#4592 = STYLED_ITEM ( 'NONE', ( #2547 ), #3683 ) ;
#4593 = LINE ( 'NONE', #1904, #393 ) ;
#4594 = VERTEX_POINT ( 'NONE', #3176 ) ;
#4595 = CARTESIAN_POINT ( 'NONE',  ( 3.049999999999999822, 2.246446609406726136, 0.5200000000000000178 ) ) ;
#4596 = ORIENTED_EDGE ( 'NONE', *, *, #1160, .F. ) ;
#4597 = EDGE_LOOP ( 'NONE', ( #5518, #2279 ) ) ;
#4598 = ADVANCED_FACE ( 'NONE', ( #3770 ), #960, .F. ) ;
#4599 = FACE_OUTER_BOUND ( 'NONE', #849, .T. ) ;
#4600 = COLOUR_RGB ( '',0.8274509803921568096, 0.6666666666666666297, 0.1294117647058823373 ) ;
#4601 = FACE_OUTER_BOUND ( 'NONE', #1434, .T. ) ;
#4602 = DIRECTION ( 'NONE',  ( -1.000000000000000000, 0.0000000000000000000, 0.0000000000000000000 ) ) ;
#4603 = EDGE_LOOP ( 'NONE', ( #1285, #1640, #1330, #1912, #3756, #3337, #1122, #2416, #5628, #2427 ) ) ;
#4604 = ORIENTED_EDGE ( 'NONE', *, *, #4614, .T. ) ;
#4605 =( BOUNDED_SURFACE ( )  B_SPLINE_SURFACE ( 3, 3, ( 
 ( #5448, #5870, #428, #4796 ),
 ( #3785, #1082, #6974, #1534 ),
 ( #3715, #1010, #3188, #3656 ),
 ( #5381, #4894, #464, #7072 ) ),
 .UNSPECIFIED., .F., .F., .T. ) 
 B_SPLINE_SURFACE_WITH_KNOTS ( ( 4, 4 ),
 ( 4, 4 ),
 ( 0.0000000000000000000, 1.000000000000000000 ),
 ( 0.0000000000000000000, 1.000000000000000000 ),
 .UNSPECIFIED. ) 
 GEOMETRIC_REPRESENTATION_ITEM ( )  RATIONAL_B_SPLINE_SURFACE ( (
 ( 1.000000000000000000, 0.8047378541243660477, 0.8047378541243660477, 1.000000000000000000),
 ( 0.8047378541243632721, 0.6476030138606871933, 0.6476030138606871933, 0.8047378541243632721),
 ( 0.8047378541243632721, 0.6476030138606871933, 0.6476030138606871933, 0.8047378541243632721),
 ( 1.000000000000000000, 0.8047378541243660477, 0.8047378541243660477, 1.000000000000000000) ) ) 
 REPRESENTATION_ITEM ( '' )  SURFACE ( )  );
#4606 = EDGE_CURVE ( 'NONE', #1076, #2723, #3135, .T. ) ;
#4607 = FILL_AREA_STYLE_COLOUR ( '', #210 ) ;
#4608 = PLANE ( 'NONE',  #4134 ) ;
#4609 = LINE ( 'NONE', #2916, #660 ) ;
#4610 = FACE_OUTER_BOUND ( 'NONE', #1086, .T. ) ;
#4611 = AXIS2_PLACEMENT_3D ( 'NONE', #3059, #311, #6214 ) ;
#4612 =( NAMED_UNIT ( * ) PLANE_ANGLE_UNIT ( ) SI_UNIT ( $, .RADIAN. ) );
#4613 = EDGE_CURVE ( 'NONE', #3070, #3336, #6684, .T. ) ;
#4614 = EDGE_CURVE ( 'NONE', #2031, #7045, #6963, .T. ) ;
#4615 = STYLED_ITEM ( 'NONE', ( #434 ), #4863 ) ;
#4616 = DIRECTION ( 'NONE',  ( 0.0000000000000000000, 1.000000000000000000, 0.0000000000000000000 ) ) ;
#4617 = CARTESIAN_POINT ( 'NONE',  ( 0.1462489511294160494, 0.2437602428107760177, 0.4999999999999967248 ) ) ;
#4618 = DIRECTION ( 'NONE',  ( 1.000000000000000000, 0.0000000000000000000, 0.0000000000000000000 ) ) ;
#4619 = VECTOR ( 'NONE', #532, 1000.000000000000000 ) ;
#4620 = CARTESIAN_POINT ( 'NONE',  ( 1.119723590466932039, 1.580047681430130746, 0.0000000000000000000 ) ) ;
#4621 = DIRECTION ( 'NONE',  ( -1.000000000000000000, 0.0000000000000000000, -0.0000000000000000000 ) ) ;
#4622 = LINE ( 'NONE', #6809, #5404 ) ;
#4623 = ORIENTED_EDGE ( 'NONE', *, *, #6311, .F. ) ;
#4624 = CARTESIAN_POINT ( 'NONE',  ( 2.951544162607211419, 2.358702067636008870, 0.4995501335457741554 ) ) ;
#4625 = ORIENTED_EDGE ( 'NONE', *, *, #2782, .T. ) ;
#4626 = UNCERTAINTY_MEASURE_WITH_UNIT (LENGTH_MEASURE( 1.000000000000000082E-05 ), #648, 'distance_accuracy_value', 'NONE');
#4627 =( NAMED_UNIT ( * ) PLANE_ANGLE_UNIT ( ) SI_UNIT ( $, .RADIAN. ) );
#4628 = CARTESIAN_POINT ( 'NONE',  ( 0.0000000000000000000, 2.079959576973092972, 0.0000000000000000000 ) ) ;
#4629 = DIRECTION ( 'NONE',  ( 0.0000000000000000000, 0.0000000000000000000, -1.000000000000000000 ) ) ;
#4630 = VERTEX_POINT ( 'NONE', #7062 ) ;
#4631 =( NAMED_UNIT ( * ) SI_UNIT ( $, .STERADIAN. ) SOLID_ANGLE_UNIT ( ) );
#4632 = VECTOR ( 'NONE', #1374, 1000.000000000000000 ) ;
#4633 =( NAMED_UNIT ( * ) PLANE_ANGLE_UNIT ( ) SI_UNIT ( $, .RADIAN. ) );
#4634 = CARTESIAN_POINT ( 'NONE',  ( 0.4200624981287628401, 0.09986109713243988828, 0.1700000000000000122 ) ) ;
#4635 = EDGE_CURVE ( 'NONE', #3071, #4823, #2179, .T. ) ;
#4636 = VECTOR ( 'NONE', #847, 1000.000000000000000 ) ;
#4637 = LINE ( 'NONE', #276, #2440 ) ;
#4638 = CARTESIAN_POINT ( 'NONE',  ( 0.4000000000000001887, 0.1000000000000000056, 0.4999999999999999445 ) ) ;
#4639 = AXIS2_PLACEMENT_3D ( 'NONE', #4723, #1016, #4931 ) ;
#4640 = VECTOR ( 'NONE', #6510, 1000.000000000000000 ) ;
#4641 = MECHANICAL_DESIGN_GEOMETRIC_PRESENTATION_REPRESENTATION (  '', ( #6705 ), #3164 ) ;
#4642 = LINE ( 'NONE', #3447, #2292 ) ;
#4643 = ADVANCED_FACE ( 'NONE', ( #1556 ), #4349, .F. ) ;
#4644 = VERTEX_POINT ( 'NONE', #4380 ) ;
#4645 = PRESENTATION_LAYER_ASSIGNMENT (  '', '', ( #2265 ) ) ;
#4646 = MECHANICAL_DESIGN_GEOMETRIC_PRESENTATION_REPRESENTATION (  '', ( #203 ), #423 ) ;
#4647 =( GEOMETRIC_REPRESENTATION_CONTEXT ( 3 ) GLOBAL_UNCERTAINTY_ASSIGNED_CONTEXT ( ( #4046 ) ) GLOBAL_UNIT_ASSIGNED_CONTEXT ( ( #4521, #6606, #679 ) ) REPRESENTATION_CONTEXT ( 'NONE', 'WORKASPACE' ) );
#4648 = CARTESIAN_POINT ( 'NONE',  ( 0.03954902097306820657, 2.312072227845551442, 0.2899999999999999800 ) ) ;
#4649 = VECTOR ( 'NONE', #515, 1000.000000000000000 ) ;
#4650 = VECTOR ( 'NONE', #1347, 1000.000000000000000 ) ;
#4651 = CARTESIAN_POINT ( 'NONE',  ( 0.09999075855428372905, 0.9199523185698690320, 0.1700000000000000122 ) ) ;
#4652 = CARTESIAN_POINT ( 'NONE',  ( 2.800000000000000266, 2.399999999999999911, 0.5000000000000000000 ) ) ;
#4653 = FILL_AREA_STYLE ('',( #564 ) ) ;
#4654 = DIRECTION ( 'NONE',  ( -1.000000000000000000, 0.0000000000000000000, 0.0000000000000000000 ) ) ;
#4655 = EDGE_CURVE ( 'NONE', #6749, #7029, #3843, .T. ) ;
#4656 = ORIENTED_EDGE ( 'NONE', *, *, #6592, .T. ) ;
#4657 = CARTESIAN_POINT ( 'NONE',  ( 2.799999999999999822, 2.370769560685124677, 0.5000148110754012443 ) ) ;
#4658 = ORIENTED_EDGE ( 'NONE', *, *, #2351, .F. ) ;
#4659 = ORIENTED_EDGE ( 'NONE', *, *, #4217, .F. ) ;
#4660 = CARTESIAN_POINT ( 'NONE',  ( 3.169999999999999929, 2.469999999999999751, 0.1700000000000000122 ) ) ;
#4661 = CARTESIAN_POINT ( 'NONE',  ( 0.1299999999999999767, 0.4000000000000000222, 0.5000000000000000000 ) ) ;
#4662 = ORIENTED_EDGE ( 'NONE', *, *, #367, .F. ) ;
#4663 = ORIENTED_EDGE ( 'NONE', *, *, #58, .F. ) ;
#4664 = DIRECTION ( 'NONE',  ( -1.000000000000000000, -3.491481338843133355E-15, 0.0000000000000000000 ) ) ;
#4665 = PRESENTATION_LAYER_ASSIGNMENT (  '', '', ( #3065 ) ) ;
#4666 = CARTESIAN_POINT ( 'NONE',  ( 3.000000000000000000, 0.0000000000000000000, 0.1700000000000000122 ) ) ;
#4667 =( LENGTH_UNIT ( ) NAMED_UNIT ( * ) SI_UNIT ( .MILLI., .METRE. ) );
#4668 = VECTOR ( 'NONE', #5450, 1000.000000000000000 ) ;
#4669 = FILL_AREA_STYLE_COLOUR ( '', #746 ) ;
#4670 = CARTESIAN_POINT ( 'NONE',  ( 0.0000000000000000000, 0.4200404230269066952, 0.0000000000000000000 ) ) ;
#4671 = CARTESIAN_POINT ( 'NONE',  ( 0.9600000000000000755, 0.1199999999999998845, 0.5000000000000000000 ) ) ;
#4672 =( NAMED_UNIT ( * ) SI_UNIT ( $, .STERADIAN. ) SOLID_ANGLE_UNIT ( ) );
#4673 = VERTEX_POINT ( 'NONE', #1227 ) ;
#4674 =( LENGTH_UNIT ( ) NAMED_UNIT ( * ) SI_UNIT ( .MILLI., .METRE. ) );
#4675 = ADVANCED_FACE ( 'NONE', ( #6679 ), #857, .T. ) ;
#4676 = COLOUR_RGB ( '',0.8274509803921568096, 0.6666666666666666297, 0.1294117647058823373 ) ;
#4677 = CARTESIAN_POINT ( 'NONE',  ( 0.2380802303359540739, 2.349025075037836530, 0.4800000000000000933 ) ) ;
#4678 = FILL_AREA_STYLE ('',( #737 ) ) ;
#4679 = CARTESIAN_POINT ( 'NONE',  ( 3.098816093618959489, 0.3846473386338425393, 0.4800000000000000933 ) ) ;
#4680 = CARTESIAN_POINT ( 'NONE',  ( 0.1034572577486074368, 0.3693788275795961695, 0.4800000000000000933 ) ) ;
#4681 = SURFACE_STYLE_USAGE ( .BOTH. , #743 ) ;
#4682 = DIRECTION ( 'NONE',  ( 1.000000000000000000, 0.0000000000000000000, 0.0000000000000000000 ) ) ;
#4683 = SURFACE_STYLE_USAGE ( .BOTH. , #902 ) ;
#4684 = CARTESIAN_POINT ( 'NONE',  ( 2.799299562876443215, 0.02477586485545102760, 0.2899999999999999800 ) ) ;
#4685 = DIRECTION ( 'NONE',  ( -1.000000000000000000, 0.0000000000000000000, 0.0000000000000000000 ) ) ;
#4686 = CARTESIAN_POINT ( 'NONE',  ( 0.1388617100890807421, 2.197752478681508137, 0.5000000000000001110 ) ) ;
#4687 = VERTEX_POINT ( 'NONE', #6175 ) ;
#4688 = ORIENTED_EDGE ( 'NONE', *, *, #654, .T. ) ;
#4689 = EDGE_LOOP ( 'NONE', ( #3753, #4873, #6141, #2417 ) ) ;
#4690 = DIRECTION ( 'NONE',  ( -0.0000000000000000000, -0.0000000000000000000, 1.000000000000000000 ) ) ;
#4691 = ADVANCED_FACE ( 'NONE', ( #2501 ), #5772, .F. ) ;
#4692 = EDGE_CURVE ( 'NONE', #720, #6798, #4125, .T. ) ;
#4693 = CARTESIAN_POINT ( 'NONE',  ( 0.2535533905932736976, 0.1500000000000004385, 0.5200000000000000178 ) ) ;
#4694 = CARTESIAN_POINT ( 'NONE',  ( 0.1500000000000002165, 2.246446609406726580, 0.5079226145318315178 ) ) ;
#4695 = SURFACE_STYLE_USAGE ( .BOTH. , #5708 ) ;
#4696 = COLOUR_RGB ( '',0.01176470588235294101, 0.0000000000000000000, 0.05882352941176470507 ) ;
#4697 = ORIENTED_EDGE ( 'NONE', *, *, #3423, .F. ) ;
#4698 = DIRECTION ( 'NONE',  ( -0.0000000000000000000, -1.000000000000000000, -0.0000000000000000000 ) ) ;
#4699 = VECTOR ( 'NONE', #4499, 1000.000000000000000 ) ;
#4700 = EDGE_CURVE ( 'NONE', #3070, #259, #1902, .T. ) ;
#4701 = CARTESIAN_POINT ( 'NONE',  ( 3.200000000000000178, 0.2999999999999999889, 0.1700000000000000122 ) ) ;
#4702 = DIRECTION ( 'NONE',  ( -1.000000000000000000, 0.0000000000000000000, 0.0000000000000000000 ) ) ;
#4703 = PLANE ( 'NONE',  #2591 ) ;
#4704 = DIRECTION ( 'NONE',  ( 0.0000000000000000000, 0.0000000000000000000, -1.000000000000000000 ) ) ;
#4705 = CARTESIAN_POINT ( 'NONE',  ( 0.4800000000000008704, 0.1000000000000000056, 0.4800000000000000933 ) ) ;
#4706 = EDGE_LOOP ( 'NONE', ( #2791, #6013, #3697, #1258, #5956, #4045, #3545, #5723, #780 ) ) ;
#4707 = PRESENTATION_LAYER_ASSIGNMENT (  '', '', ( #6546 ) ) ;
#4708 = FILL_AREA_STYLE_COLOUR ( '', #5589 ) ;
#4709 = B_SPLINE_CURVE_WITH_KNOTS ( 'NONE', 3,
 ( #1067, #2140, #4317, #1554, #4171, #3640 ),
 .UNSPECIFIED., .F., .F.,
 ( 4, 2, 4 ),
 ( 0.0000000000000000000, 0.5000000000000000000, 1.000000000000000000 ),
 .UNSPECIFIED. ) ;
#4710 = VECTOR ( 'NONE', #6107, 1000.000000000000000 ) ;
#4711 = PLANE ( 'NONE',  #2410 ) ;
#4712 = LINE ( 'NONE', #854, #754 ) ;
#4713 = EDGE_CURVE ( 'NONE', #3398, #6233, #2457, .T. ) ;
#4714 = EDGE_LOOP ( 'NONE', ( #403, #3431, #6683, #6515 ) ) ;
#4715 = ORIENTED_EDGE ( 'NONE', *, *, #2535, .T. ) ;
#4716 = CARTESIAN_POINT ( 'NONE',  ( 1.119723590466932039, 2.469999999999999751, 0.1700000000000000122 ) ) ;
#4717 = LINE ( 'NONE', #4009, #5341 ) ;
#4718 = CARTESIAN_POINT ( 'NONE',  ( 2.800000000000000266, 2.399999999999999911, 0.3649999999999999911 ) ) ;
#4719 = VECTOR ( 'NONE', #2109, 1000.000000000000000 ) ;
#4720 = SURFACE_STYLE_USAGE ( .BOTH. , #6879 ) ;
#4721 = CARTESIAN_POINT ( 'NONE',  ( 1.119723590466932039, 0.09986109713243987440, 0.1700000000000000122 ) ) ;
#4722 = STYLED_ITEM ( 'NONE', ( #4872 ), #4785 ) ;
#4723 = CARTESIAN_POINT ( 'NONE',  ( 0.02500000000000002567, 2.458159148820139972, 0.3649999999999999911 ) ) ;
#4724 = ADVANCED_FACE ( 'NONE', ( #4601 ), #1409, .F. ) ;
#4725 = EDGE_LOOP ( 'NONE', ( #2537, #5198, #6060, #6942 ) ) ;
#4726 = SURFACE_SIDE_STYLE ('',( #1952 ) ) ;
#4727 = ORIENTED_EDGE ( 'NONE', *, *, #953, .F. ) ;
#4728 = CARTESIAN_POINT ( 'NONE',  ( 2.899999999999999911, 2.469999999999999751, 0.1700000000000000122 ) ) ;
#4729 = SURFACE_SIDE_STYLE ('',( #2130 ) ) ;
#4730 = CARTESIAN_POINT ( 'NONE',  ( 2.779937501871236893, 0.0000000000000000000, 0.1700000000000000122 ) ) ;
#4731 = EDGE_CURVE ( 'NONE', #1529, #6461, #1412, .T. ) ;
#4732 = VERTEX_POINT ( 'NONE', #4730 ) ;
#4733 = ADVANCED_FACE ( 'NONE', ( #955 ), #1548, .F. ) ;
#4734 = DIRECTION ( 'NONE',  ( -0.0000000000000000000, -1.000000000000000000, -0.0000000000000000000 ) ) ;
#4735 = COLOUR_RGB ( '',0.8274509803921568096, 0.6666666666666666297, 0.1294117647058823373 ) ;
#4736 = LINE ( 'NONE', #6247, #2266 ) ;
#4737 = PRESENTATION_STYLE_ASSIGNMENT (( #6505 ) ) ;
#4738 = FILL_AREA_STYLE_COLOUR ( '', #5585 ) ;
#4739 = DIRECTION ( 'NONE',  ( 0.0000000000000000000, 0.0000000000000000000, -1.000000000000000000 ) ) ;
#4740 =( NAMED_UNIT ( * ) SI_UNIT ( $, .STERADIAN. ) SOLID_ANGLE_UNIT ( ) );
#4741 = EDGE_CURVE ( 'NONE', #4594, #2098, #4162, .T. ) ;
#4742 = ORIENTED_EDGE ( 'NONE', *, *, #2602, .T. ) ;
#4743 =( GEOMETRIC_REPRESENTATION_CONTEXT ( 3 ) GLOBAL_UNCERTAINTY_ASSIGNED_CONTEXT ( ( #2841 ) ) GLOBAL_UNIT_ASSIGNED_CONTEXT ( ( #2751, #6991, #2105 ) ) REPRESENTATION_CONTEXT ( 'NONE', 'WORKASPACE' ) );
#4744 = PRESENTATION_STYLE_ASSIGNMENT (( #2570 ) ) ;
#4745 =( GEOMETRIC_REPRESENTATION_CONTEXT ( 3 ) GLOBAL_UNCERTAINTY_ASSIGNED_CONTEXT ( ( #2761 ) ) GLOBAL_UNIT_ASSIGNED_CONTEXT ( ( #2125, #2742, #4935 ) ) REPRESENTATION_CONTEXT ( 'NONE', 'WORKASPACE' ) );
#4746 = CARTESIAN_POINT ( 'NONE',  ( 3.100009241445716324, 0.4200404230269066952, 0.1700000000000000122 ) ) ;
#4747 = CARTESIAN_POINT ( 'NONE',  ( 2.801565937482500601, 0.05185199480963444824, 0.2900000000000031442 ) ) ;
#4748 = ORIENTED_EDGE ( 'NONE', *, *, #42, .F. ) ;
#4749 = EDGE_LOOP ( 'NONE', ( #3202, #2705, #868, #6600 ) ) ;
#4750 = FILL_AREA_STYLE_COLOUR ( '', #2454 ) ;
#4751 = CARTESIAN_POINT ( 'NONE',  ( 0.1299999999999999767, 0.3999999999999999667, 0.5200000000000000178 ) ) ;
#4752 = DIRECTION ( 'NONE',  ( -1.000000000000000000, 0.0000000000000000000, 0.0000000000000000000 ) ) ;
#4753 =( GEOMETRIC_REPRESENTATION_CONTEXT ( 3 ) GLOBAL_UNCERTAINTY_ASSIGNED_CONTEXT ( ( #2156 ) ) GLOBAL_UNIT_ASSIGNED_CONTEXT ( ( #3396, #5592, #677 ) ) REPRESENTATION_CONTEXT ( 'NONE', 'WORKASPACE' ) );
#4754 = CIRCLE ( 'NONE', #2026, 0.2000000000000000944 ) ;
#4755 = DIRECTION ( 'NONE',  ( -0.0000000000000000000, -0.0000000000000000000, -1.000000000000000000 ) ) ;
#4756 = CARTESIAN_POINT ( 'NONE',  ( 0.0000000000000000000, 2.079959576973092972, 0.1700000000000000122 ) ) ;
#4757 = CARTESIAN_POINT ( 'NONE',  ( 0.2104242677408185713, 0.3474566906771665575, 0.6000000000000001998 ) ) ;
#4758 = LINE ( 'NONE', #5304, #3595 ) ;
#4759 = VECTOR ( 'NONE', #6436, 1000.000000000000000 ) ;
#4760 = STYLED_ITEM ( 'NONE', ( #734 ), #6658 ) ;
#4761 = CARTESIAN_POINT ( 'NONE',  ( 1.119723590466932039, 1.580047681430130746, 0.1700000000000000122 ) ) ;
#4762 = CARTESIAN_POINT ( 'NONE',  ( 0.1231859751824064958, 2.127205042957594383, 0.5000000000000000000 ) ) ;
#4763 = VERTEX_POINT ( 'NONE', #3634 ) ;
#4764 =( LENGTH_UNIT ( ) NAMED_UNIT ( * ) SI_UNIT ( .MILLI., .METRE. ) );
#4765 = ORIENTED_EDGE ( 'NONE', *, *, #2200, .T. ) ;
#4766 = CARTESIAN_POINT ( 'NONE',  ( 3.080059201857620721, 0.4015377163306959596, 0.4999999824757847544 ) ) ;
#4767 = ADVANCED_FACE ( 'NONE', ( #4204 ), #6386, .F. ) ;
#4768 = VECTOR ( 'NONE', #4457, 1000.000000000000000 ) ;
#4769 = CARTESIAN_POINT ( 'NONE',  ( 2.876763306830776301, 2.394080468094798686, 0.4800000000000001488 ) ) ;
#4770 = EDGE_LOOP ( 'NONE', ( #6766, #3445, #488, #3213, #1992, #6803, #4157, #3719 ) ) ;
#4771 = UNCERTAINTY_MEASURE_WITH_UNIT (LENGTH_MEASURE( 1.000000000000000082E-05 ), #4967, 'distance_accuracy_value', 'NONE');
#4772 = CARTESIAN_POINT ( 'NONE',  ( 2.940951894353557972, 2.342389143786246297, 0.5000000000000000000 ) ) ;
#4773 = CARTESIAN_POINT ( 'NONE',  ( 0.1299999999999999767, 0.4000000000000000222, 0.5000000000000000000 ) ) ;
#4774 = EDGE_CURVE ( 'NONE', #5950, #539, #6669, .T. ) ;
#4775 = SURFACE_SIDE_STYLE ('',( #5919 ) ) ;
#4776 = CARTESIAN_POINT ( 'NONE',  ( 0.09999075855428365966, 1.580047681430130968, 0.1700000000000000122 ) ) ;
#4777 = CARTESIAN_POINT ( 'NONE',  ( 0.4200624981287628401, -1.626303258728256651E-16, 0.0000000000000000000 ) ) ;
#4778 = CARTESIAN_POINT ( 'NONE',  ( 2.240000000000026414, 0.1000000000000000056, 0.4800000000000000933 ) ) ;
#4779 = FILL_AREA_STYLE ('',( #414 ) ) ;
#4780 = VECTOR ( 'NONE', #1213, 1000.000000000000000 ) ;
#4781 = CARTESIAN_POINT ( 'NONE',  ( 0.1499999999999999944, 2.100000000000000089, 0.6000000000000000888 ) ) ;
#4782 = FILL_AREA_STYLE_COLOUR ( '', #5017 ) ;
#4783 = EDGE_CURVE ( 'NONE', #4823, #1438, #89, .T. ) ;
#4784 =( GEOMETRIC_REPRESENTATION_CONTEXT ( 3 ) GLOBAL_UNCERTAINTY_ASSIGNED_CONTEXT ( ( #6425 ) ) GLOBAL_UNIT_ASSIGNED_CONTEXT ( ( #5920, #480, #5362 ) ) REPRESENTATION_CONTEXT ( 'NONE', 'WORKASPACE' ) );
#4785 = ADVANCED_FACE ( 'NONE', ( #3899 ), #1272, .F. ) ;
#4786 = CARTESIAN_POINT ( 'NONE',  ( 3.100000000000000977, 0.3999999999999997446, 0.5000000000000000000 ) ) ;
#4787 = ORIENTED_EDGE ( 'NONE', *, *, #198, .F. ) ;
#4788 = ORIENTED_EDGE ( 'NONE', *, *, #4458, .F. ) ;
#4789 = CARTESIAN_POINT ( 'NONE',  ( 0.2681118318204308570, 2.325147186257615406, 0.6000000000000001998 ) ) ;
#4790 = CARTESIAN_POINT ( 'NONE',  ( 2.779937501871236893, 0.02999999999999997113, 0.1700000000000000122 ) ) ;
#4791 = AXIS2_PLACEMENT_3D ( 'NONE', #2710, #3356, #4855 ) ;
#4792 = UNCERTAINTY_MEASURE_WITH_UNIT (LENGTH_MEASURE( 1.000000000000000082E-05 ), #94, 'distance_accuracy_value', 'NONE');
#4793 = FACE_OUTER_BOUND ( 'NONE', #4706, .T. ) ;
#4794 = AXIS2_PLACEMENT_3D ( 'NONE', #1947, #395, #6776 ) ;
#4795 = FILL_AREA_STYLE_COLOUR ( '', #3837 ) ;
#4796 = CARTESIAN_POINT ( 'NONE',  ( 2.799999999999999822, 2.290000000000000036, 0.6000000000000001998 ) ) ;
#4797 = PRESENTATION_LAYER_ASSIGNMENT (  '', '', ( #2844 ) ) ;
#4798 = DIRECTION ( 'NONE',  ( -0.0000000000000000000, -0.0000000000000000000, -1.000000000000000000 ) ) ;
#4799 = DIRECTION ( 'NONE',  ( -0.0000000000000000000, -1.000000000000000000, -0.0000000000000000000 ) ) ;
#4800 = EDGE_LOOP ( 'NONE', ( #948, #3546, #387, #1105 ) ) ;
#4801 = CYLINDRICAL_SURFACE ( 'NONE', #2228, 0.2500000000000006661 ) ;
#4802 = ORIENTED_EDGE ( 'NONE', *, *, #4655, .T. ) ;
#4803 = FILL_AREA_STYLE ('',( #1542 ) ) ;
#4804 = CARTESIAN_POINT ( 'NONE',  ( 0.09999075855428361803, -1.626303258728256651E-16, 0.0000000000000000000 ) ) ;
#4805 = DIRECTION ( 'NONE',  ( 0.0000000000000000000, 1.000000000000000000, 0.0000000000000000000 ) ) ;
#4806 = FILL_AREA_STYLE_COLOUR ( '', #821 ) ;
#4807 = CARTESIAN_POINT ( 'NONE',  ( 0.0000000000000000000, 0.4200404230269066952, 0.1700000000000000122 ) ) ;
#4808 = ORIENTED_EDGE ( 'NONE', *, *, #1096, .T. ) ;
#4809 = EDGE_CURVE ( 'NONE', #294, #6930, #5564, .T. ) ;
#4810 = LINE ( 'NONE', #6609, #4298 ) ;
#4811 = FILL_AREA_STYLE_COLOUR ( '', #2614 ) ;
#4812 =( NAMED_UNIT ( * ) SI_UNIT ( $, .STERADIAN. ) SOLID_ANGLE_UNIT ( ) );
#4813 = DIRECTION ( 'NONE',  ( 1.000000000000000000, -0.0000000000000000000, 0.0000000000000000000 ) ) ;
#4814 = ADVANCED_FACE ( 'NONE', ( #4561 ), #5764, .F. ) ;
#4815 = ORIENTED_EDGE ( 'NONE', *, *, #5318, .T. ) ;
#4816 = CIRCLE ( 'NONE', #5850, 0.2000000000000000944 ) ;
#4817 = CARTESIAN_POINT ( 'NONE',  ( 0.1748528137423857043, 0.4000000000000000222, 0.6000000000000001998 ) ) ;
#4818 =( NAMED_UNIT ( * ) PLANE_ANGLE_UNIT ( ) SI_UNIT ( $, .RADIAN. ) );
#4819 =( NAMED_UNIT ( * ) SI_UNIT ( $, .STERADIAN. ) SOLID_ANGLE_UNIT ( ) );
#4820 = AXIS2_PLACEMENT_3D ( 'NONE', #4340, #2933, #5693 ) ;
#4821 = B_SPLINE_CURVE_WITH_KNOTS ( 'NONE', 3,
 ( #4102, #6725, #6179, #4766 ),
 .UNSPECIFIED., .F., .F.,
 ( 4, 4 ),
 ( 0.0000000000000000000, 1.000000000000000000 ),
 .UNSPECIFIED. ) ;
#4822 = ORIENTED_EDGE ( 'NONE', *, *, #6499, .F. ) ;
#4823 = VERTEX_POINT ( 'NONE', #2490 ) ;
#4824 = CARTESIAN_POINT ( 'NONE',  ( 0.4250672634741105016, 0.4250672634741105016, 0.3649999999999999911 ) ) ;
#4825 = CARTESIAN_POINT ( 'NONE',  ( 3.050000000000000266, 0.4000000000000001332, 0.5200000000000000178 ) ) ;
#4826 = EDGE_CURVE ( 'NONE', #6489, #1923, #6673, .T. ) ;
#4827 = EDGE_CURVE ( 'NONE', #4424, #6206, #3461, .T. ) ;
#4828 = MECHANICAL_DESIGN_GEOMETRIC_PRESENTATION_REPRESENTATION (  '', ( #5859 ), #706 ) ;
#4829 = FACE_OUTER_BOUND ( 'NONE', #435, .T. ) ;
#4830 = CARTESIAN_POINT ( 'NONE',  ( 0.2100000000000000200, 0.4000000000000001887, 0.6000000000000000888 ) ) ;
#4831 = DIRECTION ( 'NONE',  ( -0.0000000000000000000, -0.0000000000000000000, -1.000000000000000000 ) ) ;
#4832 = VECTOR ( 'NONE', #838, 1000.000000000000000 ) ;
#4833 = ORIENTED_EDGE ( 'NONE', *, *, #3441, .F. ) ;
#4834 = PRESENTATION_STYLE_ASSIGNMENT (( #2657 ) ) ;
#4835 = CARTESIAN_POINT ( 'NONE',  ( 2.080276409533067916, 0.9199523185698690320, 0.1700000000000000122 ) ) ;
#4836 = AXIS2_PLACEMENT_3D ( 'NONE', #5849, #915, #3167 ) ;
#4837 = FILL_AREA_STYLE_COLOUR ( '', #1936 ) ;
#4838 = CARTESIAN_POINT ( 'NONE',  ( 0.09685234074764344225, 2.099839104968485248, 0.3358834660201172606 ) ) ;
#4839 = ORIENTED_EDGE ( 'NONE', *, *, #2287, .F. ) ;
#4840 = AXIS2_PLACEMENT_3D ( 'NONE', #5086, #2374, #4552 ) ;
#4841 = SURFACE_STYLE_FILL_AREA ( #2666 ) ;
#4842 = PRODUCT_DEFINITION ( 'UNKNOWN', '', #1150, #2971 ) ;
#4843 = STYLED_ITEM ( 'NONE', ( #124 ), #5239 ) ;
#4844 = LINE ( 'NONE', #7025, #4893 ) ;
#4845 = CARTESIAN_POINT ( 'NONE',  ( -1.626303258728256651E-16, 0.4200404230269066952, 0.0000000000000000000 ) ) ;
#4846 = ORIENTED_EDGE ( 'NONE', *, *, #4208, .F. ) ;
#4847 = CARTESIAN_POINT ( 'NONE',  ( 0.4200624981287628401, 0.0000000000000000000, 0.2899999999999999800 ) ) ;
#4848 = CARTESIAN_POINT ( 'NONE',  ( 0.3999999999999998557, 0.1499999999999999667, 0.5400000000000001465 ) ) ;
#4849 = EDGE_CURVE ( 'NONE', #2268, #4732, #5169, .T. ) ;
#4850 = FILL_AREA_STYLE_COLOUR ( '', #470 ) ;
#4851 = AXIS2_PLACEMENT_3D ( 'NONE', #4130, #4664, #1485 ) ;
#4852 = ORIENTED_EDGE ( 'NONE', *, *, #1160, .T. ) ;
#4853 = FILL_AREA_STYLE_COLOUR ( '', #2428 ) ;
#4854 = ORIENTED_EDGE ( 'NONE', *, *, #6583, .F. ) ;
#4855 = DIRECTION ( 'NONE',  ( 0.0000000000000000000, -0.0000000000000000000, 1.000000000000000000 ) ) ;
#4856 = UNCERTAINTY_MEASURE_WITH_UNIT (LENGTH_MEASURE( 1.000000000000000082E-05 ), #1722, 'distance_accuracy_value', 'NONE');
#4857 = LINE ( 'NONE', #1601, #1649 ) ;
#4858 = CARTESIAN_POINT ( 'NONE',  ( 2.609264482820521813, 1.923971919735854019, 0.6100000000000000977 ) ) ;
#4859 = COLOUR_RGB ( '',0.8274509803921568096, 0.6666666666666666297, 0.1294117647058823373 ) ;
#4860 =( LENGTH_UNIT ( ) NAMED_UNIT ( * ) SI_UNIT ( .MILLI., .METRE. ) );
#4861 = CARTESIAN_POINT ( 'NONE',  ( 0.2141744883813744560, 2.419854487261135834, 0.2899999999999999800 ) ) ;
#4862 = CARTESIAN_POINT ( 'NONE',  ( 2.800000000000000266, 0.1000000000000000056, 0.3649999999999999911 ) ) ;
#4863 = ADVANCED_FACE ( 'NONE', ( #827 ), #3001, .F. ) ;
#4864 =( LENGTH_UNIT ( ) NAMED_UNIT ( * ) SI_UNIT ( .MILLI., .METRE. ) );
#4865 = STYLED_ITEM ( 'NONE', ( #3040 ), #5841 ) ;
#4866 = STYLED_ITEM ( 'NONE', ( #1602 ), #1012 ) ;
#4867 = STYLED_ITEM ( 'NONE', ( #5815 ), #6273 ) ;
#4868 = EDGE_LOOP ( 'NONE', ( #1953, #38, #1883, #3042 ) ) ;
#4869 = COLOUR_RGB ( '',0.8274509803921568096, 0.6666666666666666297, 0.1254901960784313708 ) ;
#4870 = PRESENTATION_LAYER_ASSIGNMENT (  '', '', ( #2927 ) ) ;
#4871 = ADVANCED_FACE ( 'NONE', ( #4196 ), #4801, .T. ) ;
#4872 = PRESENTATION_STYLE_ASSIGNMENT (( #5461 ) ) ;
#4873 = ORIENTED_EDGE ( 'NONE', *, *, #111, .T. ) ;
#4874 = CARTESIAN_POINT ( 'NONE',  ( 2.798004862393366210, 0.1156286484739407761, 0.4999916966769540339 ) ) ;
#4875 =( LENGTH_UNIT ( ) NAMED_UNIT ( * ) SI_UNIT ( .MILLI., .METRE. ) );
#4876 = PRESENTATION_STYLE_ASSIGNMENT (( #552 ) ) ;
#4877 = AXIS2_PLACEMENT_3D ( 'NONE', #995, #4882, #2669 ) ;
#4878 = MECHANICAL_DESIGN_GEOMETRIC_PRESENTATION_REPRESENTATION (  '', ( #890 ), #2387 ) ;
#4879 = CARTESIAN_POINT ( 'NONE',  ( 2.800000000000000266, 0.1292304393148756836, 0.5000148110754012443 ) ) ;
#4880 = CARTESIAN_POINT ( 'NONE',  ( 0.03000000000000037706, 2.400138902867559931, 0.1700000000000000122 ) ) ;
#4881 = CARTESIAN_POINT ( 'NONE',  ( 0.4000000000000001887, 0.09999999999999999167, 0.4800000000000000377 ) ) ;
#4882 = DIRECTION ( 'NONE',  ( -1.000000000000000000, 0.0000000000000000000, 0.0000000000000000000 ) ) ;
#4883 = DIRECTION ( 'NONE',  ( 0.0000000000000000000, -1.000000000000000000, 0.0000000000000000000 ) ) ;
#4884 = AXIS2_PLACEMENT_3D ( 'NONE', #4660, #4201, #6308 ) ;
#4885 = VECTOR ( 'NONE', #105, 1000.000000000000000 ) ;
#4886 = ORIENTED_EDGE ( 'NONE', *, *, #2155, .F. ) ;
#4887 = FILL_AREA_STYLE_COLOUR ( '', #1052 ) ;
#4888 = VERTEX_POINT ( 'NONE', #3158 ) ;
#4889 = FACE_OUTER_BOUND ( 'NONE', #5709, .T. ) ;
#4890 = LINE ( 'NONE', #6478, #2258 ) ;
#4891 = ADVANCED_FACE ( 'NONE', ( #1539 ), #6488, .F. ) ;
#4892 = DIRECTION ( 'NONE',  ( 1.000000000000000000, 0.0000000000000000000, 0.0000000000000000000 ) ) ;
#4893 = VECTOR ( 'NONE', #3768, 1000.000000000000000 ) ;
#4894 = CARTESIAN_POINT ( 'NONE',  ( 3.050000000000000711, 2.246446609406726136, 0.5400000000000001465 ) ) ;
#4895 = CARTESIAN_POINT ( 'NONE',  ( 2.800000000000000266, 0.1499999999999999944, 0.5200000000000000178 ) ) ;
#4896 = DIRECTION ( 'NONE',  ( -1.000000000000000000, 0.0000000000000000000, -0.0000000000000000000 ) ) ;
#4897 =( GEOMETRIC_REPRESENTATION_CONTEXT ( 3 ) GLOBAL_UNCERTAINTY_ASSIGNED_CONTEXT ( ( #618 ) ) GLOBAL_UNIT_ASSIGNED_CONTEXT ( ( #4864, #1573, #1110 ) ) REPRESENTATION_CONTEXT ( 'NONE', 'WORKASPACE' ) );
#4898 = ORIENTED_EDGE ( 'NONE', *, *, #3674, .T. ) ;
#4899 = COLOUR_RGB ( '',0.6470588235294117974, 0.6196078431372549211, 0.5843137254901961120 ) ;
#4900 =( NAMED_UNIT ( * ) SI_UNIT ( $, .STERADIAN. ) SOLID_ANGLE_UNIT ( ) );
#4901 = ORIENTED_EDGE ( 'NONE', *, *, #6761, .T. ) ;
#4902 = LINE ( 'NONE', #3690, #6122 ) ;
#4903 = PLANE ( 'NONE',  #1558 ) ;
#4904 = VECTOR ( 'NONE', #217, 1000.000000000000000 ) ;
#4905 = MECHANICAL_DESIGN_GEOMETRIC_PRESENTATION_REPRESENTATION (  '', ( #4578 ), #6171 ) ;
#4906 = PRESENTATION_STYLE_ASSIGNMENT (( #979 ) ) ;
#4907 = SURFACE_SIDE_STYLE ('',( #980 ) ) ;
#4908 = FILL_AREA_STYLE_COLOUR ( '', #6012 ) ;
#4909 = VERTEX_POINT ( 'NONE', #1087 ) ;
#4910 = UNCERTAINTY_MEASURE_WITH_UNIT (LENGTH_MEASURE( 1.000000000000000082E-05 ), #4181, 'distance_accuracy_value', 'NONE');
#4911 = CARTESIAN_POINT ( 'NONE',  ( 2.409264482820521636, 1.923971919735854019, 0.6000000000000000888 ) ) ;
#4912 = EDGE_CURVE ( 'NONE', #3231, #4141, #4364, .T. ) ;
#4913 = SURFACE_SIDE_STYLE ('',( #5429 ) ) ;
#4914 = STYLED_ITEM ( 'NONE', ( #2110 ), #7048 ) ;
#4915 = DIRECTION ( 'NONE',  ( -0.0000000000000000000, 0.0000000000000000000, -1.000000000000000000 ) ) ;
#4916 = CARTESIAN_POINT ( 'NONE',  ( 0.1267164828646832331, 2.176787632698323982, 0.5000000000000000000 ) ) ;
#4917 = CARTESIAN_POINT ( 'NONE',  ( 0.09999999999999494016, 2.033423033160724369, 0.5000000000000214273 ) ) ;
#4918 = LINE ( 'NONE', #1658, #6491 ) ;
#4919 = VERTEX_POINT ( 'NONE', #6 ) ;
#4920 = CARTESIAN_POINT ( 'NONE',  ( 3.200000000000000622, -1.626303258728256651E-16, 0.1700000000000000122 ) ) ;
#4921 =( LENGTH_UNIT ( ) NAMED_UNIT ( * ) SI_UNIT ( .MILLI., .METRE. ) );
#4922 = PRESENTATION_LAYER_ASSIGNMENT (  '', '', ( #6185 ) ) ;
#4923 = LINE ( 'NONE', #143, #4885 ) ;
#4924 =( NAMED_UNIT ( * ) SI_UNIT ( $, .STERADIAN. ) SOLID_ANGLE_UNIT ( ) );
#4925 = ORIENTED_EDGE ( 'NONE', *, *, #2861, .T. ) ;
#4926 = CARTESIAN_POINT ( 'NONE',  ( 3.080059201909494337, 2.098462283669304984, 0.5000000000000000000 ) ) ;
#4927 = COLOUR_RGB ( '',0.6470588235294117974, 0.6196078431372549211, 0.5843137254901961120 ) ;
#4928 = UNCERTAINTY_MEASURE_WITH_UNIT (LENGTH_MEASURE( 1.000000000000000082E-05 ), #6189, 'distance_accuracy_value', 'NONE');
#4929 = CARTESIAN_POINT ( 'NONE',  ( 0.09999075855428361803, 1.580047681430130968, 0.0000000000000000000 ) ) ;
#4930 = DIRECTION ( 'NONE',  ( -0.0000000000000000000, -1.000000000000000000, 0.0000000000000000000 ) ) ;
#4931 = DIRECTION ( 'NONE',  ( 0.0000000000000000000, -5.782411586589358033E-15, -1.000000000000000000 ) ) ;
#4932 = VERTEX_POINT ( 'NONE', #1641 ) ;
#4933 = VERTEX_POINT ( 'NONE', #2688 ) ;
#4934 = VECTOR ( 'NONE', #1950, 1000.000000000000000 ) ;
#4935 =( NAMED_UNIT ( * ) SI_UNIT ( $, .STERADIAN. ) SOLID_ANGLE_UNIT ( ) );
#4936 =( NAMED_UNIT ( * ) SI_UNIT ( $, .STERADIAN. ) SOLID_ANGLE_UNIT ( ) );
#4937 = EDGE_CURVE ( 'NONE', #2966, #3508, #1609, .T. ) ;
#4938 =( GEOMETRIC_REPRESENTATION_CONTEXT ( 3 ) GLOBAL_UNCERTAINTY_ASSIGNED_CONTEXT ( ( #3147 ) ) GLOBAL_UNIT_ASSIGNED_CONTEXT ( ( #6821, #2392, #6859 ) ) REPRESENTATION_CONTEXT ( 'NONE', 'WORKASPACE' ) );
#4939 = PLANE ( 'NONE',  #4820 ) ;
#4940 = FILL_AREA_STYLE_COLOUR ( '', #6816 ) ;
#4941 =( NAMED_UNIT ( * ) SI_UNIT ( $, .STERADIAN. ) SOLID_ANGLE_UNIT ( ) );
#4942 = ORIENTED_EDGE ( 'NONE', *, *, #2477, .T. ) ;
#4943 = DIRECTION ( 'NONE',  ( -0.0000000000000000000, -1.000000000000000000, 0.0000000000000000000 ) ) ;
#4944 = CARTESIAN_POINT ( 'NONE',  ( 1.924967862030616761, 2.399999999999999467, 0.5000000000000680567 ) ) ;
#4945 = CARTESIAN_POINT ( 'NONE',  ( 2.951544162607212751, 0.1412979323639914075, 0.4995501335457743219 ) ) ;
#4946 = ADVANCED_FACE ( 'NONE', ( #1148 ), #3325, .F. ) ;
#4947 =( NAMED_UNIT ( * ) SI_UNIT ( $, .STERADIAN. ) SOLID_ANGLE_UNIT ( ) );
#4948 = EDGE_CURVE ( 'NONE', #5909, #80, #168, .T. ) ;
#4949 = PRESENTATION_LAYER_ASSIGNMENT (  '', '', ( #4503 ) ) ;
#4950 = FILL_AREA_STYLE ('',( #5572 ) ) ;
#4951 = ORIENTED_EDGE ( 'NONE', *, *, #2395, .F. ) ;
#4952 = FILL_AREA_STYLE ('',( #560 ) ) ;
#4953 = CARTESIAN_POINT ( 'NONE',  ( 0.3023196127627309493, 2.270675504145139190, 0.6000000000000001998 ) ) ;
#4954 = VECTOR ( 'NONE', #695, 1000.000000000000000 ) ;
#4955 =( LENGTH_UNIT ( ) NAMED_UNIT ( * ) SI_UNIT ( .MILLI., .METRE. ) );
#4956 = FILL_AREA_STYLE ('',( #5540 ) ) ;
#4957 = EDGE_CURVE ( 'NONE', #6339, #6382, #5055, .T. ) ;
#4958 =( LENGTH_UNIT ( ) NAMED_UNIT ( * ) SI_UNIT ( .MILLI., .METRE. ) );
#4959 =( NAMED_UNIT ( * ) PLANE_ANGLE_UNIT ( ) SI_UNIT ( $, .RADIAN. ) );
#4960 = ORIENTED_EDGE ( 'NONE', *, *, #6255, .T. ) ;
#4961 = CARTESIAN_POINT ( 'NONE',  ( 2.815352661366155473, 2.398816093618959755, 0.4800000000000000933 ) ) ;
#4962 = STYLED_ITEM ( 'NONE', ( #3029 ), #59 ) ;
#4963 = LINE ( 'NONE', #1633, #84 ) ;
#4964 = CARTESIAN_POINT ( 'NONE',  ( 0.4001609049160056442, 2.403147842942303214, 0.3358830127232617646 ) ) ;
#4965 = CARTESIAN_POINT ( 'NONE',  ( 0.0000000000000000000, 0.4200404230269066952, 0.1700000000000000122 ) ) ;
#4966 =( GEOMETRIC_REPRESENTATION_CONTEXT ( 3 ) GLOBAL_UNCERTAINTY_ASSIGNED_CONTEXT ( ( #921 ) ) GLOBAL_UNIT_ASSIGNED_CONTEXT ( ( #1344, #2914, #4057 ) ) REPRESENTATION_CONTEXT ( 'NONE', 'WORKASPACE' ) );
#4967 =( LENGTH_UNIT ( ) NAMED_UNIT ( * ) SI_UNIT ( .MILLI., .METRE. ) );
#4968 = CARTESIAN_POINT ( 'NONE',  ( 3.050000000000000266, 2.100000000000000089, 0.5200000000000000178 ) ) ;
#4969 = DIRECTION ( 'NONE',  ( 0.0000000000000000000, 0.0000000000000000000, 1.000000000000000000 ) ) ;
#4970 = ORIENTED_EDGE ( 'NONE', *, *, #5005, .T. ) ;
#4971 = DIRECTION ( 'NONE',  ( 0.0000000000000000000, 0.0000000000000000000, -1.000000000000000000 ) ) ;
#4972 = VERTEX_POINT ( 'NONE', #3362 ) ;
#4973 = PRESENTATION_LAYER_ASSIGNMENT (  '', '', ( #981 ) ) ;
#4974 = MECHANICAL_DESIGN_GEOMETRIC_PRESENTATION_REPRESENTATION (  '', ( #632 ), #5551 ) ;
#4975 = CARTESIAN_POINT ( 'NONE',  ( 0.3022475213184929732, 0.1388617100890807976, 0.4999999999999994449 ) ) ;
#4976 = PRESENTATION_STYLE_ASSIGNMENT (( #5493 ) ) ;
#4977 = CARTESIAN_POINT ( 'NONE',  ( 2.800000000000000266, 0.1000000000000000056, 0.5000000000000000000 ) ) ;
#4978 = ORIENTED_EDGE ( 'NONE', *, *, #3219, .T. ) ;
#4979 = EDGE_LOOP ( 'NONE', ( #3399, #2165, #2739, #1768 ) ) ;
#4980 = UNCERTAINTY_MEASURE_WITH_UNIT (LENGTH_MEASURE( 1.000000000000000082E-05 ), #5289, 'distance_accuracy_value', 'NONE');
#4982 = EDGE_CURVE ( 'NONE', #2098, #1464, #5549, .T. ) ;
#4981 =( NAMED_UNIT ( * ) SI_UNIT ( $, .STERADIAN. ) SOLID_ANGLE_UNIT ( ) );
#4983 =( GEOMETRIC_REPRESENTATION_CONTEXT ( 3 ) GLOBAL_UNCERTAINTY_ASSIGNED_CONTEXT ( ( #1834 ) ) GLOBAL_UNIT_ASSIGNED_CONTEXT ( ( #5522, #2787, #4402 ) ) REPRESENTATION_CONTEXT ( 'NONE', 'WORKASPACE' ) );
#4984 = VECTOR ( 'NONE', #6542, 1000.000000000000000 ) ;
#4985 = DIRECTION ( 'NONE',  ( -1.000000000000000000, 0.0000000000000000000, 0.0000000000000000000 ) ) ;
#4986 = CARTESIAN_POINT ( 'NONE',  ( 3.100009241445716324, 0.4200404230269066952, 0.1700000000000000122 ) ) ;
#4987 = FACE_OUTER_BOUND ( 'NONE', #3862, .T. ) ;
#4988 =( NAMED_UNIT ( * ) SI_UNIT ( $, .STERADIAN. ) SOLID_ANGLE_UNIT ( ) );
#4989 =( GEOMETRIC_REPRESENTATION_CONTEXT ( 3 ) GLOBAL_UNCERTAINTY_ASSIGNED_CONTEXT ( ( #6272 ) ) GLOBAL_UNIT_ASSIGNED_CONTEXT ( ( #2122, #3323, #1608 ) ) REPRESENTATION_CONTEXT ( 'NONE', 'WORKASPACE' ) );
#4990 = CARTESIAN_POINT ( 'NONE',  ( 0.1199999999999998845, 1.986666666666667025, 0.5000000000000000000 ) ) ;
#4991 = CARTESIAN_POINT ( 'NONE',  ( 3.100000000000000533, 2.043333333333333446, 0.4800000000000000933 ) ) ;
#4992 =( LENGTH_UNIT ( ) NAMED_UNIT ( * ) SI_UNIT ( .MILLI., .METRE. ) );
#4993 = ORIENTED_EDGE ( 'NONE', *, *, #58, .T. ) ;
#4994 = UNCERTAINTY_MEASURE_WITH_UNIT (LENGTH_MEASURE( 1.000000000000000082E-05 ), #154, 'distance_accuracy_value', 'NONE');
#4995 = FILL_AREA_STYLE ('',( #1802 ) ) ;
#4996 = STYLED_ITEM ( 'NONE', ( #1667 ), #6044 ) ;
#4997 = VECTOR ( 'NONE', #2566, 1000.000000000000000 ) ;
#4998 = LINE ( 'NONE', #6034, #6534 ) ;
#4999 =( NAMED_UNIT ( * ) PLANE_ANGLE_UNIT ( ) SI_UNIT ( $, .RADIAN. ) );
#5000 = CARTESIAN_POINT ( 'NONE',  ( 3.174999999999999378, 1.249999999999977351, 0.2899999999999999800 ) ) ;
#5001 = CARTESIAN_POINT ( 'NONE',  ( 0.2124905980351155799, 2.295076617752148884, 0.5000031419414986411 ) ) ;
#5002 = DIRECTION ( 'NONE',  ( -0.0000000000000000000, 0.0000000000000000000, 1.000000000000000000 ) ) ;
#5003 = VERTEX_POINT ( 'NONE', #1747 ) ;
#5004 =( NAMED_UNIT ( * ) PLANE_ANGLE_UNIT ( ) SI_UNIT ( $, .RADIAN. ) );
#5005 = EDGE_CURVE ( 'NONE', #3398, #3728, #1553, .T. ) ;
#5006 = DIRECTION ( 'NONE',  ( 0.0000000000000000000, 1.000000000000000000, 0.0000000000000000000 ) ) ;
#5007 = EDGE_CURVE ( 'NONE', #2382, #5998, #6210, .T. ) ;
#5008 = AXIS2_PLACEMENT_3D ( 'NONE', #5802, #5690, #6915 ) ;
#5009 = CARTESIAN_POINT ( 'NONE',  ( 2.994426580903603696, 2.288180748514550888, 0.5000030481415291828 ) ) ;
#5010 = LINE ( 'NONE', #3920, #5612 ) ;
#5011 = LINE ( 'NONE', #6660, #2729 ) ;
#5012 = ORIENTED_EDGE ( 'NONE', *, *, #1497, .T. ) ;
#5013 = DIRECTION ( 'NONE',  ( -1.000000000000000000, -0.0000000000000000000, 0.0000000000000000000 ) ) ;
#5014 = VECTOR ( 'NONE', #6678, 1000.000000000000000 ) ;
#5015 = ORIENTED_EDGE ( 'NONE', *, *, #1858, .T. ) ;
#5016 = VECTOR ( 'NONE', #6080, 1000.000000000000000 ) ;
#5017 = COLOUR_RGB ( '',0.8274509803921568096, 0.6666666666666666297, 0.1254901960784313708 ) ;
#5018 = PRESENTATION_STYLE_ASSIGNMENT (( #4515 ) ) ;
#5019 = SURFACE_STYLE_USAGE ( .BOTH. , #2823 ) ;
#5020 = AXIS2_PLACEMENT_3D ( 'NONE', #1613, #4805, #3791 ) ;
#5021 =( NAMED_UNIT ( * ) PLANE_ANGLE_UNIT ( ) SI_UNIT ( $, .RADIAN. ) );
#5022 =( NAMED_UNIT ( * ) PLANE_ANGLE_UNIT ( ) SI_UNIT ( $, .RADIAN. ) );
#5023 = ORIENTED_EDGE ( 'NONE', *, *, #5492, .F. ) ;
#5024 = PLANE ( 'NONE',  #1546 ) ;
#5025 = AXIS2_PLACEMENT_3D ( 'NONE', #1646, #3831, #4274 ) ;
#5026 = CARTESIAN_POINT ( 'NONE',  ( 2.931888168179569654, 0.1748528137423862872, 0.6000000000000000888 ) ) ;
#5027 = EDGE_CURVE ( 'NONE', #6323, #4588, #1821, .T. ) ;
#5028 = FILL_AREA_STYLE_COLOUR ( '', #3747 ) ;
#5029 = CARTESIAN_POINT ( 'NONE',  ( 3.100000000000000089, 0.7966666639356748680, 0.5000000000000000000 ) ) ;
#5030 = EDGE_LOOP ( 'NONE', ( #2790, #5510, #6516, #1630 ) ) ;
#5031 = MECHANICAL_DESIGN_GEOMETRIC_PRESENTATION_REPRESENTATION (  '', ( #6407 ), #4347 ) ;
#5032 = FACE_OUTER_BOUND ( 'NONE', #4363, .T. ) ;
#5033 = FACE_OUTER_BOUND ( 'NONE', #196, .T. ) ;
#5034 = EDGE_CURVE ( 'NONE', #4238, #4644, #3808, .T. ) ;
#5035 = LINE ( 'NONE', #2327, #550 ) ;
#5036 = LINE ( 'NONE', #1276, #2008 ) ;
#5037 = CARTESIAN_POINT ( 'NONE',  ( 2.389931833186331733, 1.580047681430130746, 0.1700000000000000122 ) ) ;
#5038 = SURFACE_SIDE_STYLE ('',( #4108 ) ) ;
#5039 = ORIENTED_EDGE ( 'NONE', *, *, #667, .F. ) ;
#5040 = SURFACE_STYLE_FILL_AREA ( #6767 ) ;
#5041 = DIRECTION ( 'NONE',  ( 0.0000000000000000000, -1.000000000000000000, 0.0000000000000000000 ) ) ;
#5042 = B_SPLINE_CURVE_WITH_KNOTS ( 'NONE', 3,
 ( #305, #2424, #1410, #1990 ),
 .UNSPECIFIED., .F., .F.,
 ( 4, 4 ),
 ( 0.0000000000000000000, 1.000000000000000000 ),
 .UNSPECIFIED. ) ;
#5043 = CARTESIAN_POINT ( 'NONE',  ( 3.169999999999999929, 1.580047681430130968, 0.1700000000000000122 ) ) ;
#5044 = CARTESIAN_POINT ( 'NONE',  ( 3.100000000000000089, 0.4005125721102456016, 0.4894083685797777084 ) ) ;
#5045 = CARTESIAN_POINT ( 'NONE',  ( 2.875366084855926818, 2.373859770886207698, 0.5000000000000000000 ) ) ;
#5046 = LINE ( 'NONE', #73, #6153 ) ;
#5047 = EDGE_CURVE ( 'NONE', #4433, #1476, #5199, .T. ) ;
#5048 = EDGE_CURVE ( 'NONE', #2460, #4563, #2895, .T. ) ;
#5049 = ORIENTED_EDGE ( 'NONE', *, *, #2685, .T. ) ;
#5050 = DIRECTION ( 'NONE',  ( -1.000000000000000000, 0.0000000000000000000, 0.0000000000000000000 ) ) ;
#5051 = ORIENTED_EDGE ( 'NONE', *, *, #1327, .T. ) ;
#5052 = PRESENTATION_LAYER_ASSIGNMENT (  '', '', ( #3218 ) ) ;
#5053 =( LENGTH_UNIT ( ) NAMED_UNIT ( * ) SI_UNIT ( .MILLI., .METRE. ) );
#5054 = DIRECTION ( 'NONE',  ( -1.000000000000000000, 0.0000000000000000000, 0.0000000000000000000 ) ) ;
#5055 = B_SPLINE_CURVE_WITH_KNOTS ( 'NONE', 3,
 ( #1717, #576, #2740, #6662, #2163, #4395 ),
 .UNSPECIFIED., .F., .F.,
 ( 4, 2, 4 ),
 ( 0.0000000000000000000, 0.5000000000000000000, 1.000000000000000000 ),
 .UNSPECIFIED. ) ;
#5056 = DIRECTION ( 'NONE',  ( -0.0000000000000000000, -0.0000000000000000000, -1.000000000000000000 ) ) ;
#5057 = CARTESIAN_POINT ( 'NONE',  ( 2.958613136371540442, 2.370769560685124233, 0.5000148110754012443 ) ) ;
#5058 = LINE ( 'NONE', #2384, #1449 ) ;
#5059 =( GEOMETRIC_REPRESENTATION_CONTEXT ( 3 ) GLOBAL_UNCERTAINTY_ASSIGNED_CONTEXT ( ( #477 ) ) GLOBAL_UNIT_ASSIGNED_CONTEXT ( ( #3869, #5946, #3331 ) ) REPRESENTATION_CONTEXT ( 'NONE', 'WORKASPACE' ) );
#5060 = ORIENTED_EDGE ( 'NONE', *, *, #3113, .T. ) ;
#5061 = ORIENTED_EDGE ( 'NONE', *, *, #4091, .T. ) ;
#5062 = UNCERTAINTY_MEASURE_WITH_UNIT (LENGTH_MEASURE( 1.000000000000000082E-05 ), #5144, 'distance_accuracy_value', 'NONE');
#5063 = LINE ( 'NONE', #6750, #5223 ) ;
#5064 = FILL_AREA_STYLE ('',( #2284 ) ) ;
#5065 = COLOUR_RGB ( '',0.8274509803921568096, 0.6666666666666666297, 0.1294117647058823373 ) ;
#5066 = DIRECTION ( 'NONE',  ( -0.0000000000000000000, -0.0000000000000000000, -1.000000000000000000 ) ) ;
#5067 = PRESENTATION_STYLE_ASSIGNMENT (( #4235 ) ) ;
#5068 = FILL_AREA_STYLE_COLOUR ( '', #5747 ) ;
#5069 = CARTESIAN_POINT ( 'NONE',  ( 2.799839095086049223, 2.403147842936039336, 0.3358830127387217312 ) ) ;
#5070 = ORIENTED_EDGE ( 'NONE', *, *, #4982, .F. ) ;
#5071 = ORIENTED_EDGE ( 'NONE', *, *, #2557, .F. ) ;
#5072 = UNCERTAINTY_MEASURE_WITH_UNIT (LENGTH_MEASURE( 1.000000000000000082E-05 ), #5536, 'distance_accuracy_value', 'NONE');
#5073 = VECTOR ( 'NONE', #4582, 1000.000000000000000 ) ;
#5074 =( NAMED_UNIT ( * ) PLANE_ANGLE_UNIT ( ) SI_UNIT ( $, .RADIAN. ) );
#5075 = FILL_AREA_STYLE_COLOUR ( '', #5957 ) ;
#5076 = PLANE ( 'NONE',  #928 ) ;
#5077 = ORIENTED_EDGE ( 'NONE', *, *, #4613, .F. ) ;
#5078 = CARTESIAN_POINT ( 'NONE',  ( 3.045175658249481998, 2.235354209350546739, 0.5000000000000000000 ) ) ;
#5079 = SURFACE_STYLE_USAGE ( .BOTH. , #6693 ) ;
#5080 = AXIS2_PLACEMENT_3D ( 'NONE', #7044, #1113, #4971 ) ;
#5081 = CARTESIAN_POINT ( 'NONE',  ( 3.100009241445716324, 1.580047681430130968, 0.1700000000000000122 ) ) ;
#5082 = EDGE_CURVE ( 'NONE', #2012, #3587, #719, .T. ) ;
#5083 =( NAMED_UNIT ( * ) PLANE_ANGLE_UNIT ( ) SI_UNIT ( $, .RADIAN. ) );
#5084 = STYLED_ITEM ( 'NONE', ( #4039 ), #5272 ) ;
#5085 = EDGE_LOOP ( 'NONE', ( #4551, #4164, #6353, #5343, #6157, #751, #3804, #1400, #5475, #5286, #6931 ) ) ;
#5086 = CARTESIAN_POINT ( 'NONE',  ( 0.4000000000000009104, 2.100000000000000089, 0.5200000000000000178 ) ) ;
#5087 = VERTEX_POINT ( 'NONE', #6737 ) ;
#5088 = DIRECTION ( 'NONE',  ( 1.000000000000000000, -0.0000000000000000000, 0.0000000000000000000 ) ) ;
#5089 =( NAMED_UNIT ( * ) SI_UNIT ( $, .STERADIAN. ) SOLID_ANGLE_UNIT ( ) );
#5090 = ADVANCED_FACE ( 'NONE', ( #4589 ), #6119, .T. ) ;
#5091 = CARTESIAN_POINT ( 'NONE',  ( 3.044498919259425840, 2.235445146297137420, 0.5000000000000000000 ) ) ;
#5092 = CARTESIAN_POINT ( 'NONE',  ( 0.3727949570424024528, 2.376814024817593296, 0.5000000000000001110 ) ) ;
#5093 = ORIENTED_EDGE ( 'NONE', *, *, #42, .T. ) ;
#5094 = AXIS2_PLACEMENT_3D ( 'NONE', #842, #4099, #1961 ) ;
#5095 = CARTESIAN_POINT ( 'NONE',  ( 3.070769560685124855, 2.100000000000000089, 0.5000148110754012443 ) ) ;
#5096 = DIRECTION ( 'NONE',  ( 0.0000000000000000000, 0.0000000000000000000, 1.000000000000000000 ) ) ;
#5097 = ORIENTED_EDGE ( 'NONE', *, *, #833, .F. ) ;
#5098 = DIRECTION ( 'NONE',  ( 0.0000000000000000000, 0.0000000000000000000, -1.000000000000000000 ) ) ;
#5099 = EDGE_CURVE ( 'NONE', #5297, #947, #6295, .T. ) ;
#5100 = EDGE_CURVE ( 'NONE', #3728, #2239, #1500, .T. ) ;
#5101 = VECTOR ( 'NONE', #86, 1000.000000000000000 ) ;
#5102 = CARTESIAN_POINT ( 'NONE',  ( 2.800000000000001155, 0.1500000000000001332, 0.5751471862576144067 ) ) ;
#5103 = FILL_AREA_STYLE ('',( #2911 ) ) ;
#5104 = CARTESIAN_POINT ( 'NONE',  ( 0.1000000000000000056, 0.4000000000000000222, 0.4800000000000000933 ) ) ;
#5105 = CARTESIAN_POINT ( 'NONE',  ( 3.079999999999999627, 2.100000000000000089, 0.5000000000000000000 ) ) ;
#5106 = MECHANICAL_DESIGN_GEOMETRIC_PRESENTATION_REPRESENTATION (  '', ( #1328 ), #4753 ) ;
#5107 = VECTOR ( 'NONE', #573, 1000.000000000000000 ) ;
#5108 = MECHANICAL_DESIGN_GEOMETRIC_PRESENTATION_REPRESENTATION (  '', ( #4867 ), #191 ) ;
#5109 = PLANE ( 'NONE',  #5438 ) ;
#5110 = CARTESIAN_POINT ( 'NONE',  ( 3.100009241445716324, 2.079959576973092972, 0.1700000000000000122 ) ) ;
#5111 = PRESENTATION_LAYER_ASSIGNMENT (  '', '', ( #3269 ) ) ;
#5112 = VECTOR ( 'NONE', #389, 1000.000000000000000 ) ;
#5113 = CARTESIAN_POINT ( 'NONE',  ( 2.080276409533067916, 2.400138902867559931, 0.0000000000000000000 ) ) ;
#5114 = FILL_AREA_STYLE_COLOUR ( '', #3342 ) ;
#5115 = VERTEX_POINT ( 'NONE', #6912 ) ;
#5116 = LINE ( 'NONE', #4585, #4904 ) ;
#5117 = PLANE ( 'NONE',  #6121 ) ;
#5118 = DIRECTION ( 'NONE',  ( 0.0000000000000000000, 1.000000000000000000, 0.0000000000000000000 ) ) ;
#5119 =( GEOMETRIC_REPRESENTATION_CONTEXT ( 3 ) GLOBAL_UNCERTAINTY_ASSIGNED_CONTEXT ( ( #1925 ) ) GLOBAL_UNIT_ASSIGNED_CONTEXT ( ( #4921, #6619, #5402 ) ) REPRESENTATION_CONTEXT ( 'NONE', 'WORKASPACE' ) );
#5120 = FACE_OUTER_BOUND ( 'NONE', #6268, .T. ) ;
#5121 = ADVANCED_FACE ( 'NONE', ( #1392 ), #1587, .T. ) ;
#5122 = ORIENTED_EDGE ( 'NONE', *, *, #3986, .T. ) ;
#5123 = SURFACE_STYLE_USAGE ( .BOTH. , #1286 ) ;
#5124 = CARTESIAN_POINT ( 'NONE',  ( 3.098816093618960377, 0.3846473386338426503, 0.4800000000000001488 ) ) ;
#5125 = CARTESIAN_POINT ( 'NONE',  ( 0.4000000000000001332, 0.09999999999999992228, 0.4800000000000000933 ) ) ;
#5126 = STYLED_ITEM ( 'NONE', ( #1545 ), #1909 ) ;
#5127 = SURFACE_SIDE_STYLE ('',( #1291 ) ) ;
#5128 = SURFACE_SIDE_STYLE ('',( #3456 ) ) ;
#5129 =( NAMED_UNIT ( * ) PLANE_ANGLE_UNIT ( ) SI_UNIT ( $, .RADIAN. ) );
#5130 =( LENGTH_UNIT ( ) NAMED_UNIT ( * ) SI_UNIT ( .MILLI., .METRE. ) );
#5131 = SURFACE_STYLE_FILL_AREA ( #2934 ) ;
#5132 = EDGE_CURVE ( 'NONE', #3085, #1794, #5376, .T. ) ;
#5133 = STYLED_ITEM ( 'NONE', ( #1629 ), #2947 ) ;
#5134 = ORIENTED_EDGE ( 'NONE', *, *, #404, .T. ) ;
#5135 = CIRCLE ( 'NONE', #1932, 0.02000000000000005246 ) ;
#5136 = CARTESIAN_POINT ( 'NONE',  ( 3.100009241445716324, 2.079959576973092972, 0.1700000000000000122 ) ) ;
#5137 = LINE ( 'NONE', #2051, #2034 ) ;
#5138 = ORIENTED_EDGE ( 'NONE', *, *, #5185, .T. ) ;
#5139 = UNCERTAINTY_MEASURE_WITH_UNIT (LENGTH_MEASURE( 1.000000000000000082E-05 ), #4958, 'distance_accuracy_value', 'NONE');
#5140 =( NAMED_UNIT ( * ) SI_UNIT ( $, .STERADIAN. ) SOLID_ANGLE_UNIT ( ) );
#5141 = AXIS2_PLACEMENT_3D ( 'NONE', #4021, #5153, #2433 ) ;
#5142 = COLOUR_RGB ( '',0.8274509803921568096, 0.6666666666666666297, 0.1294117647058823373 ) ;
#5143 = FILL_AREA_STYLE ('',( #757 ) ) ;
#5144 =( LENGTH_UNIT ( ) NAMED_UNIT ( * ) SI_UNIT ( .MILLI., .METRE. ) );
#5145 = EDGE_CURVE ( 'NONE', #2453, #5502, #6680, .T. ) ;
#5146 = VERTEX_POINT ( 'NONE', #788 ) ;
#5147 = STYLED_ITEM ( 'NONE', ( #4001 ), #3299 ) ;
#5148 = STYLED_ITEM ( 'NONE', ( #6055 ), #2526 ) ;
#5149 = CARTESIAN_POINT ( 'NONE',  ( 3.080059201857620721, 0.4015377163306959596, 0.4999999824757847544 ) ) ;
#5150 = CARTESIAN_POINT ( 'NONE',  ( 3.100009241445716324, 0.9199523185698690320, 0.1700000000000000122 ) ) ;
#5151 = VECTOR ( 'NONE', #4546, 1000.000000000000000 ) ;
#5152 = DIRECTION ( 'NONE',  ( 0.0000000000000000000, 1.000000000000000000, 0.0000000000000000000 ) ) ;
#5153 = DIRECTION ( 'NONE',  ( -0.0000000000000000000, -0.0000000000000000000, -1.000000000000000000 ) ) ;
#5154 = CARTESIAN_POINT ( 'NONE',  ( 0.09999075855428361803, 2.079959576973092972, 0.1700000000000000122 ) ) ;
#5155 =( LENGTH_UNIT ( ) NAMED_UNIT ( * ) SI_UNIT ( .MILLI., .METRE. ) );
#5156 =( NAMED_UNIT ( * ) SI_UNIT ( $, .STERADIAN. ) SOLID_ANGLE_UNIT ( ) );
#5157 = CARTESIAN_POINT ( 'NONE',  ( 2.800000000000000266, 0.1000000000000003109, 0.5000000000000000000 ) ) ;
#5158 = EDGE_LOOP ( 'NONE', ( #3635, #3090, #6508, #813, #1884, #772, #2837, #523, #6561, #6720, #88 ) ) ;
#5159 = SURFACE_SIDE_STYLE ('',( #3611 ) ) ;
#5160 = PRESENTATION_STYLE_ASSIGNMENT (( #853 ) ) ;
#5161 = CARTESIAN_POINT ( 'NONE',  ( 2.956239757189234929, 0.1462489511294279565, 0.4999999999999928946 ) ) ;
#5162 = ORIENTED_EDGE ( 'NONE', *, *, #4285, .T. ) ;
#5163 = CARTESIAN_POINT ( 'NONE',  ( 2.815352661366155473, 0.1011839063810402589, 0.4800000000000001488 ) ) ;
#5164 = MECHANICAL_DESIGN_GEOMETRIC_PRESENTATION_REPRESENTATION (  '', ( #4246 ), #2977 ) ;
#5165 = DIRECTION ( 'NONE',  ( -1.000000000000000000, 0.0000000000000000000, 0.0000000000000000000 ) ) ;
#5166 = FACE_OUTER_BOUND ( 'NONE', #5711, .T. ) ;
#5167 = SURFACE_STYLE_FILL_AREA ( #6128 ) ;
#5168 = ORIENTED_EDGE ( 'NONE', *, *, #756, .T. ) ;
#5169 = LINE ( 'NONE', #1331, #3693 ) ;
#5170 = ORIENTED_EDGE ( 'NONE', *, *, #2046, .T. ) ;
#5171 = VERTEX_POINT ( 'NONE', #1293 ) ;
#5172 = EDGE_CURVE ( 'NONE', #415, #3587, #5430, .T. ) ;
#5173 = CARTESIAN_POINT ( 'NONE',  ( 0.4000000000000000777, 0.1500000000000000222, 0.5079231107168267201 ) ) ;
#5174 = SURFACE_STYLE_USAGE ( .BOTH. , #5668 ) ;
#5175 = STYLED_ITEM ( 'NONE', ( #4082 ), #4170 ) ;
#5176 = DIRECTION ( 'NONE',  ( 1.000000000000000000, -0.0000000000000000000, 0.0000000000000000000 ) ) ;
#5177 = CARTESIAN_POINT ( 'NONE',  ( 0.1000000000000000056, 1.023333333333345641, 0.4800000000000000933 ) ) ;
#5178 = DIRECTION ( 'NONE',  ( 0.0000000000000000000, 0.0000000000000000000, 1.000000000000000000 ) ) ;
#5179 = ORIENTED_EDGE ( 'NONE', *, *, #5989, .F. ) ;
#5180 = EDGE_LOOP ( 'NONE', ( #2308, #270, #6282, #1093 ) ) ;
#5181 = DIRECTION ( 'NONE',  ( 0.0000000000000000000, 0.0000000000000000000, -1.000000000000000000 ) ) ;
#5182 = MECHANICAL_DESIGN_GEOMETRIC_PRESENTATION_REPRESENTATION (  '', ( #597 ), #5293 ) ;
#5183 = LINE ( 'NONE', #1847, #880 ) ;
#5184 = CARTESIAN_POINT ( 'NONE',  ( 3.200000000000000178, 0.2999999999999999889, 0.0000000000000000000 ) ) ;
#5185 = EDGE_CURVE ( 'NONE', #4215, #4238, #4476, .T. ) ;
#5186 = EDGE_CURVE ( 'NONE', #4532, #5865, #2866, .T. ) ;
#5187 =( NAMED_UNIT ( * ) PLANE_ANGLE_UNIT ( ) SI_UNIT ( $, .RADIAN. ) );
#5188 = DIRECTION ( 'NONE',  ( 1.000000000000000000, 0.0000000000000000000, 0.0000000000000000000 ) ) ;
#5189 =( GEOMETRIC_REPRESENTATION_CONTEXT ( 3 ) GLOBAL_UNCERTAINTY_ASSIGNED_CONTEXT ( ( #5767 ) ) GLOBAL_UNIT_ASSIGNED_CONTEXT ( ( #4487, #3878, #1189 ) ) REPRESENTATION_CONTEXT ( 'NONE', 'WORKASPACE' ) );
#5190 = CARTESIAN_POINT ( 'NONE',  ( 0.4000000000000001887, 0.1199999999999998845, 0.5000000000000000000 ) ) ;
#5191 = SURFACE_SIDE_STYLE ('',( #2986 ) ) ;
#5192 = PRESENTATION_LAYER_ASSIGNMENT (  '', '', ( #4615 ) ) ;
#5193 = EDGE_CURVE ( 'NONE', #4141, #4068, #1826, .T. ) ;
#5194 = LINE ( 'NONE', #2989, #3193 ) ;
#5195 = DIRECTION ( 'NONE',  ( 1.000000000000000000, 0.0000000000000000000, -0.0000000000000000000 ) ) ;
#5196 = LINE ( 'NONE', #2408, #2053 ) ;
#5197 = PLANE ( 'NONE',  #3502 ) ;
#5198 = ORIENTED_EDGE ( 'NONE', *, *, #3536, .F. ) ;
#5199 = LINE ( 'NONE', #6772, #1416 ) ;
#5200 = VECTOR ( 'NONE', #2642, 1000.000000000000000 ) ;
#5201 = CARTESIAN_POINT ( 'NONE',  ( 3.049025075037838484, 0.2380802303359551564, 0.4800000000000001488 ) ) ;
#5202 = CARTESIAN_POINT ( 'NONE',  ( 1.119723590466932039, 2.400138902867559931, 0.1700000000000000122 ) ) ;
#5203 = LINE ( 'NONE', #4651, #6953 ) ;
#5204 = STYLED_ITEM ( 'NONE', ( #1704 ), #5611 ) ;
#5205 = AXIS2_PLACEMENT_3D ( 'NONE', #6482, #5936, #3717 ) ;
#5206 =( NAMED_UNIT ( * ) SI_UNIT ( $, .STERADIAN. ) SOLID_ANGLE_UNIT ( ) );
#5207 = CARTESIAN_POINT ( 'NONE',  ( 3.100362705961784204, 0.4052574559642013741, 0.3210660171779819994 ) ) ;
#5208 = SURFACE_SIDE_STYLE ('',( #791 ) ) ;
#5209 = ORIENTED_EDGE ( 'NONE', *, *, #3084, .F. ) ;
#5210 = FILL_AREA_STYLE_COLOUR ( '', #607 ) ;
#5211 = VERTEX_POINT ( 'NONE', #676 ) ;
#5212 = UNCERTAINTY_MEASURE_WITH_UNIT (LENGTH_MEASURE( 1.000000000000000082E-05 ), #6547, 'distance_accuracy_value', 'NONE');
#5213 = FACE_BOUND ( 'NONE', #5560, .T. ) ;
#5214 = DIRECTION ( 'NONE',  ( 1.000000000000000000, -0.0000000000000000000, -0.0000000000000000000 ) ) ;
#5215 = LINE ( 'NONE', #6201, #2020 ) ;
#5216 = STYLED_ITEM ( 'NONE', ( #4455 ), #181 ) ;
#5217 = PLANE ( 'NONE',  #3434 ) ;
#5218 = FACE_OUTER_BOUND ( 'NONE', #5030, .T. ) ;
#5219 = ORIENTED_EDGE ( 'NONE', *, *, #1586, .T. ) ;
#5220 = UNCERTAINTY_MEASURE_WITH_UNIT (LENGTH_MEASURE( 1.000000000000000082E-05 ), #6966, 'distance_accuracy_value', 'NONE');
#5221 = CARTESIAN_POINT ( 'NONE',  ( 0.1199407981708986437, 0.4015377163292058738, 0.4999999781956229183 ) ) ;
#5222 = COLOUR_RGB ( '',0.01176470588235294101, 0.0000000000000000000, 0.05882352941176470507 ) ;
#5223 = VECTOR ( 'NONE', #1835, 1000.000000000000000 ) ;
#5224 = FACE_OUTER_BOUND ( 'NONE', #6627, .T. ) ;
#5225 = COLOUR_RGB ( '',0.6470588235294117974, 0.6196078431372549211, 0.5843137254901961120 ) ;
#5226 =( NAMED_UNIT ( * ) PLANE_ANGLE_UNIT ( ) SI_UNIT ( $, .RADIAN. ) );
#5227 = CARTESIAN_POINT ( 'NONE',  ( 2.240000000000026414, 0.1199999999999998845, 0.5000000000000000000 ) ) ;
#5228 = CARTESIAN_POINT ( 'NONE',  ( 3.100009241445716324, 2.079959576973092972, 0.0000000000000000000 ) ) ;
#5229 = ORIENTED_EDGE ( 'NONE', *, *, #5869, .T. ) ;
#5230 = MECHANICAL_DESIGN_GEOMETRIC_PRESENTATION_REPRESENTATION (  '', ( #3947 ), #77 ) ;
#5231 =( NAMED_UNIT ( * ) PLANE_ANGLE_UNIT ( ) SI_UNIT ( $, .RADIAN. ) );
#5232 = DIRECTION ( 'NONE',  ( 0.0000000000000000000, 1.000000000000000000, 0.0000000000000000000 ) ) ;
#5233 = DIRECTION ( 'NONE',  ( -1.000000000000000000, 0.0000000000000000000, 0.0000000000000000000 ) ) ;
#5234 = DIRECTION ( 'NONE',  ( 0.0000000000000000000, -1.000000000000000000, 0.0000000000000000000 ) ) ;
#5235 = CARTESIAN_POINT ( 'NONE',  ( 2.779937501871236893, 0.09986109713243987440, 0.0000000000000000000 ) ) ;
#5236 = ORIENTED_EDGE ( 'NONE', *, *, #6358, .T. ) ;
#5237 = PRESENTATION_LAYER_ASSIGNMENT (  '', '', ( #4996 ) ) ;
#5238 = DIRECTION ( 'NONE',  ( 1.000000000000000000, 0.0000000000000000000, -0.0000000000000000000 ) ) ;
#5239 = ADVANCED_FACE ( 'NONE', ( #5166 ), #2447, .F. ) ;
#5240 = EDGE_CURVE ( 'NONE', #90, #2896, #5555, .T. ) ;
#5241 = CARTESIAN_POINT ( 'NONE',  ( 2.800000000000000266, 0.1000000000000001582, 0.4800000000000000377 ) ) ;
#5242 = CARTESIAN_POINT ( 'NONE',  ( 2.779937501871236449, 2.469999999999999751, 0.1700000000000000122 ) ) ;
#5243 = CARTESIAN_POINT ( 'NONE',  ( 3.099999999999999201, 2.099740570137374807, 0.3525829339566974308 ) ) ;
#5244 = DIRECTION ( 'NONE',  ( 0.0000000000000000000, 1.000000000000000000, 0.0000000000000000000 ) ) ;
#5245 = LINE ( 'NONE', #3622, #911 ) ;
#5246 =( LENGTH_UNIT ( ) NAMED_UNIT ( * ) SI_UNIT ( .MILLI., .METRE. ) );
#5247 = ORIENTED_EDGE ( 'NONE', *, *, #3733, .F. ) ;
#5248 = ORIENTED_EDGE ( 'NONE', *, *, #4266, .F. ) ;
#5249 = PRESENTATION_LAYER_ASSIGNMENT (  '', '', ( #4209 ) ) ;
#5250 = LINE ( 'NONE', #336, #3335 ) ;
#5251 = FILL_AREA_STYLE_COLOUR ( '', #6089 ) ;
#5252 = SURFACE_STYLE_USAGE ( .BOTH. , #3050 ) ;
#5253 = EDGE_LOOP ( 'NONE', ( #6452, #7053, #6342, #2530 ) ) ;
#5254 = PRESENTATION_STYLE_ASSIGNMENT (( #877 ) ) ;
#5255 = ORIENTED_EDGE ( 'NONE', *, *, #3326, .F. ) ;
#5256 = VECTOR ( 'NONE', #183, 1000.000000000000000 ) ;
#5257 = LINE ( 'NONE', #4168, #1115 ) ;
#5258 = EDGE_CURVE ( 'NONE', #1983, #1473, #4593, .T. ) ;
#5259 =( BOUNDED_SURFACE ( )  B_SPLINE_SURFACE ( 2, 3, ( 
 ( #161, #711, #5092, #749, #2345, #6706, #4686, #4762, #6886, #6413 ),
 ( #327, #1399, #2585, #6847, #467, #5905, #2060, #4194, #3583, #3118 ),
 ( #5383, #1979, #4236, #3155, #864, #2622, #2527, #3626, #2554, #946 ) ),
 .UNSPECIFIED., .F., .F., .F. ) 
 B_SPLINE_SURFACE_WITH_KNOTS ( ( 3, 3 ),
 ( 4, 2, 2, 2, 4 ),
 ( 0.0000000000000000000, 1.000000000000000000 ),
 ( 4.789350749977612232, 4.931038028738518264, 5.497787143782137953, 6.064536258825757642, 6.206223537586662786 ),
 .UNSPECIFIED. ) 
 GEOMETRIC_REPRESENTATION_ITEM ( )  RATIONAL_B_SPLINE_SURFACE ( (
 ( 1.000000000000000000, 1.000000000000000000, 1.000000000000000000, 1.000000000000000000, 1.000000000000000000, 1.000000000000000000, 1.000000000000000000, 1.000000000000000000, 1.000000000000000000, 1.000000000000000000),
 ( 0.6336872742246416612, 0.6336396591911619414, 0.6338126996667219348, 0.6424644424069223536, 0.7071067811867927100, 0.7071067811863004371, 0.6424644424071718207, 0.6338126996666637591, 0.6336396591911994669, 0.6336872742246432155),
 ( 1.000000000000000000, 1.000000000000000000, 1.000000000000000000, 1.000000000000000000, 1.000000000000000000, 1.000000000000000000, 1.000000000000000000, 1.000000000000000000, 1.000000000000000000, 1.000000000000000000) ) ) 
 REPRESENTATION_ITEM ( '' )  SURFACE ( )  );
#5260 = FACE_OUTER_BOUND ( 'NONE', #2338, .T. ) ;
#5261 = AXIS2_PLACEMENT_3D ( 'NONE', #744, #1252, #3425 ) ;
#5262 = CARTESIAN_POINT ( 'NONE',  ( 0.0000000000000000000, 0.4200404230269066952, 0.0000000000000000000 ) ) ;
#5263 = STYLED_ITEM ( 'NONE', ( #3876 ), #3514 ) ;
#5264 = COLOUR_RGB ( '',0.01176470588235294101, 0.0000000000000000000, 0.05882352941176470507 ) ;
#5265 = CARTESIAN_POINT ( 'NONE',  ( 2.796630123043586824, 2.431371325227917879, 0.2899999999999992584 ) ) ;
#5266 = EDGE_CURVE ( 'NONE', #2111, #3000, #2824, .T. ) ;
#5267 = CARTESIAN_POINT ( 'NONE',  ( 3.169999999999999929, 2.500000000000000000, 0.1700000000000000122 ) ) ;
#5268 = ORIENTED_EDGE ( 'NONE', *, *, #15, .T. ) ;
#5269 = CARTESIAN_POINT ( 'NONE',  ( 0.2000000000000000111, 2.500000000000000000, 0.2899999999999999800 ) ) ;
#5270 = FILL_AREA_STYLE_COLOUR ( '', #5581 ) ;
#5271 =( LENGTH_UNIT ( ) NAMED_UNIT ( * ) SI_UNIT ( .MILLI., .METRE. ) );
#5272 = ADVANCED_FACE ( 'NONE', ( #3395 ), #6718, .F. ) ;
#5273 = LINE ( 'NONE', #4233, #3137 ) ;
#5274 = EDGE_CURVE ( 'NONE', #250, #6596, #2620, .T. ) ;
#5275 = DIRECTION ( 'NONE',  ( -0.0000000000000000000, 0.0000000000000000000, -1.000000000000000000 ) ) ;
#5276 = SURFACE_STYLE_USAGE ( .BOTH. , #6920 ) ;
#5277 = ORIENTED_EDGE ( 'NONE', *, *, #6877, .T. ) ;
#5278 = EDGE_LOOP ( 'NONE', ( #1200, #6736, #2503, #4658 ) ) ;
#5279 = ORIENTED_EDGE ( 'NONE', *, *, #4033, .T. ) ;
#5280 = COLOUR_RGB ( '',0.6470588235294117974, 0.6196078431372549211, 0.5843137254901961120 ) ;
#5281 =( NAMED_UNIT ( * ) SI_UNIT ( $, .STERADIAN. ) SOLID_ANGLE_UNIT ( ) );
#5282 = FACE_OUTER_BOUND ( 'NONE', #2083, .T. ) ;
#5283 = EDGE_CURVE ( 'NONE', #2896, #6120, #396, .T. ) ;
#5284 = FILL_AREA_STYLE ('',( #800 ) ) ;
#5285 = VECTOR ( 'NONE', #1381, 1000.000000000000000 ) ;
#5286 = ORIENTED_EDGE ( 'NONE', *, *, #1372, .F. ) ;
#5287 = UNCERTAINTY_MEASURE_WITH_UNIT (LENGTH_MEASURE( 1.000000000000000082E-05 ), #1308, 'distance_accuracy_value', 'NONE');
#5288 =( GEOMETRIC_REPRESENTATION_CONTEXT ( 3 ) GLOBAL_UNCERTAINTY_ASSIGNED_CONTEXT ( ( #3204 ) ) GLOBAL_UNIT_ASSIGNED_CONTEXT ( ( #914, #983, #4202 ) ) REPRESENTATION_CONTEXT ( 'NONE', 'WORKASPACE' ) );
#5289 =( LENGTH_UNIT ( ) NAMED_UNIT ( * ) SI_UNIT ( .MILLI., .METRE. ) );
#5290 = CARTESIAN_POINT ( 'NONE',  ( 0.4250672634741105016, 2.074932736525889609, 0.5000000000000000000 ) ) ;
#5291 = PRESENTATION_STYLE_ASSIGNMENT (( #5363 ) ) ;
#5292 = VERTEX_POINT ( 'NONE', #1948 ) ;
#5293 =( GEOMETRIC_REPRESENTATION_CONTEXT ( 3 ) GLOBAL_UNCERTAINTY_ASSIGNED_CONTEXT ( ( #1618 ) ) GLOBAL_UNIT_ASSIGNED_CONTEXT ( ( #2621, #6381, #5805 ) ) REPRESENTATION_CONTEXT ( 'NONE', 'WORKASPACE' ) );
#5294 = STYLED_ITEM ( 'NONE', ( #1097 ), #4675 ) ;
#5295 = CARTESIAN_POINT ( 'NONE',  ( 3.100000000000000977, 1.250000000000000666, 0.4800000000000001488 ) ) ;
#5296 = CARTESIAN_POINT ( 'NONE',  ( 3.079842549700694931, 0.2942208997768581691, 0.4999999999999833467 ) ) ;
#5297 = VERTEX_POINT ( 'NONE', #3684 ) ;
#5298 = CARTESIAN_POINT ( 'NONE',  ( 0.4000000000000000222, 2.350000000000000977, 0.5751471862576144067 ) ) ;
#5299 = DIRECTION ( 'NONE',  ( -0.0000000000000000000, 1.000000000000000000, -0.0000000000000000000 ) ) ;
#5300 = EDGE_CURVE ( 'NONE', #7045, #4120, #824, .T. ) ;
#5301 = PRESENTATION_STYLE_ASSIGNMENT (( #6442 ) ) ;
#5302 =( LENGTH_UNIT ( ) NAMED_UNIT ( * ) SI_UNIT ( .MILLI., .METRE. ) );
#5303 = DIRECTION ( 'NONE',  ( 0.0000000000000000000, 1.000000000000000000, 0.0000000000000000000 ) ) ;
#5304 = CARTESIAN_POINT ( 'NONE',  ( 0.03000000000000037706, 2.400138902867559931, 0.1700000000000000122 ) ) ;
#5305 = VECTOR ( 'NONE', #1443, 1000.000000000000000 ) ;
#5306 = DIRECTION ( 'NONE',  ( 0.0000000000000000000, 0.0000000000000000000, -1.000000000000000000 ) ) ;
#5307 = ORIENTED_EDGE ( 'NONE', *, *, #456, .T. ) ;
#5308 = VERTEX_POINT ( 'NONE', #6411 ) ;
#5309 = FILL_AREA_STYLE ('',( #5702 ) ) ;
#5310 = EDGE_CURVE ( 'NONE', #1076, #1075, #4758, .T. ) ;
#5311 = COLOUR_RGB ( '',0.8274509803921568096, 0.6666666666666666297, 0.1294117647058823373 ) ;
#5312 = AXIS2_PLACEMENT_3D ( 'NONE', #1863, #6876, #5238 ) ;
#5313 = DIRECTION ( 'NONE',  ( 0.0000000000000000000, 0.0000000000000000000, 1.000000000000000000 ) ) ;
#5314 = SURFACE_STYLE_FILL_AREA ( #5599 ) ;
#5315 = SURFACE_SIDE_STYLE ('',( #2103 ) ) ;
#5316 = VERTEX_POINT ( 'NONE', #903 ) ;
#5317 = ORIENTED_EDGE ( 'NONE', *, *, #2759, .F. ) ;
#5318 = EDGE_CURVE ( 'NONE', #2239, #4073, #5273, .T. ) ;
#5319 = DIRECTION ( 'NONE',  ( 0.0000000000000000000, 1.000000000000000000, 0.0000000000000000000 ) ) ;
#5320 = EDGE_CURVE ( 'NONE', #6109, #3790, #2234, .T. ) ;
#5321 =( GEOMETRIC_REPRESENTATION_CONTEXT ( 3 ) GLOBAL_UNCERTAINTY_ASSIGNED_CONTEXT ( ( #4573 ) ) GLOBAL_UNIT_ASSIGNED_CONTEXT ( ( #2035, #1413, #4631 ) ) REPRESENTATION_CONTEXT ( 'NONE', 'WORKASPACE' ) );
#5322 = PRESENTATION_STYLE_ASSIGNMENT (( #2075 ) ) ;
#5323 = SURFACE_SIDE_STYLE ('',( #3332 ) ) ;
#5324 = CARTESIAN_POINT ( 'NONE',  ( 0.1201574421873909115, 0.2942209357623271626, 0.4800000000000000933 ) ) ;
#5325 = CARTESIAN_POINT ( 'NONE',  ( 2.630325135503922329, 0.1000000000000075134, 0.4999999999999913403 ) ) ;
#5326 = DIRECTION ( 'NONE',  ( 0.0000000000000000000, -0.0000000000000000000, -1.000000000000000000 ) ) ;
#5327 = ORIENTED_EDGE ( 'NONE', *, *, #2476, .F. ) ;
#5328 = VECTOR ( 'NONE', #1371, 1000.000000000000000 ) ;
#5329 = CARTESIAN_POINT ( 'NONE',  ( -1.626303258728256651E-16, 0.09986109713243988828, 0.0000000000000000000 ) ) ;
#5330 = COLOUR_RGB ( '',0.8274509803921568096, 0.6666666666666666297, 0.1254901960784313708 ) ;
#5331 = CARTESIAN_POINT ( 'NONE',  ( 0.1499999999999999944, 2.100000000000000089, 0.6000000000000000888 ) ) ;
#5332 = CARTESIAN_POINT ( 'NONE',  ( 2.800751759970400823, 0.07336723910596391895, 0.3044100536129685231 ) ) ;
#5333 = VERTEX_POINT ( 'NONE', #6447 ) ;
#5334 = VERTEX_POINT ( 'NONE', #3542 ) ;
#5335 = DIRECTION ( 'NONE',  ( -1.000000000000000000, 0.0000000000000000000, 0.0000000000000000000 ) ) ;
#5336 = CARTESIAN_POINT ( 'NONE',  ( 2.799999999999999822, 2.399999999999999467, 0.3649999999999999911 ) ) ;
#5337 = COLOUR_RGB ( '',0.8274509803921568096, 0.6666666666666666297, 0.1254901960784313708 ) ;
#5338 = EDGE_CURVE ( 'NONE', #135, #3728, #293, .T. ) ;
#5339 = CARTESIAN_POINT ( 'NONE',  ( 0.03770962490866242023, 2.311771750539740378, 0.2900000000000000355 ) ) ;
#5340 = AXIS2_PLACEMENT_3D ( 'NONE', #6557, #5938, #4969 ) ;
#5341 = VECTOR ( 'NONE', #2084, 1000.000000000000000 ) ;
#5342 = LINE ( 'NONE', #3685, #3230 ) ;
#5343 = ORIENTED_EDGE ( 'NONE', *, *, #3219, .F. ) ;
#5344 = ORIENTED_EDGE ( 'NONE', *, *, #455, .T. ) ;
#5345 =( GEOMETRIC_REPRESENTATION_CONTEXT ( 3 ) GLOBAL_UNCERTAINTY_ASSIGNED_CONTEXT ( ( #5139 ) ) GLOBAL_UNIT_ASSIGNED_CONTEXT ( ( #4958, #6474, #4924 ) ) REPRESENTATION_CONTEXT ( 'NONE', 'WORKASPACE' ) );
#5346 = CARTESIAN_POINT ( 'NONE',  ( 3.200000000000000178, 2.079959576973092972, 0.0000000000000000000 ) ) ;
#5347 = SURFACE_STYLE_FILL_AREA ( #3163 ) ;
#5348 = EDGE_CURVE ( 'NONE', #2256, #3261, #2651, .T. ) ;
#5349 = FACE_OUTER_BOUND ( 'NONE', #1317, .T. ) ;
#5350 = FACE_OUTER_BOUND ( 'NONE', #5876, .T. ) ;
#5351 = STYLED_ITEM ( 'NONE', ( #511 ), #1799 ) ;
#5352 =( NAMED_UNIT ( * ) SI_UNIT ( $, .STERADIAN. ) SOLID_ANGLE_UNIT ( ) );
#5353 = SURFACE_STYLE_FILL_AREA ( #2696 ) ;
#5354 = ORIENTED_EDGE ( 'NONE', *, *, #5499, .F. ) ;
#5355 = B_SPLINE_CURVE_WITH_KNOTS ( 'NONE', 3,
 ( #501, #2167, #437, #6490 ),
 .UNSPECIFIED., .F., .F.,
 ( 4, 4 ),
 ( 0.0000000000000000000, 1.000000000000000000 ),
 .UNSPECIFIED. ) ;
#5356 = UNCERTAINTY_MEASURE_WITH_UNIT (LENGTH_MEASURE( 1.000000000000000082E-05 ), #2995, 'distance_accuracy_value', 'NONE');
#5357 = FACE_OUTER_BOUND ( 'NONE', #5440, .T. ) ;
#5358 = VECTOR ( 'NONE', #5214, 1000.000000000000000 ) ;
#5359 = CARTESIAN_POINT ( 'NONE',  ( 1.119723590466932039, 1.580047681430130746, 0.1700000000000000122 ) ) ;
#5360 = PLANE ( 'NONE',  #1612 ) ;
#5361 = EDGE_CURVE ( 'NONE', #1300, #1562, #1420, .T. ) ;
#5362 =( NAMED_UNIT ( * ) SI_UNIT ( $, .STERADIAN. ) SOLID_ANGLE_UNIT ( ) );
#5363 = SURFACE_STYLE_USAGE ( .BOTH. , #2668 ) ;
#5364 = FACE_OUTER_BOUND ( 'NONE', #5487, .T. ) ;
#5365 =( GEOMETRIC_REPRESENTATION_CONTEXT ( 3 ) GLOBAL_UNCERTAINTY_ASSIGNED_CONTEXT ( ( #3698 ) ) GLOBAL_UNIT_ASSIGNED_CONTEXT ( ( #6585, #4999, #4460 ) ) REPRESENTATION_CONTEXT ( 'NONE', 'WORKASPACE' ) );
#5366 = PRESENTATION_STYLE_ASSIGNMENT (( #996 ) ) ;
#5367 = ORIENTED_EDGE ( 'NONE', *, *, #4606, .T. ) ;
#5368 = PRESENTATION_LAYER_ASSIGNMENT (  '', '', ( #775 ) ) ;
#5369 = CARTESIAN_POINT ( 'NONE',  ( 0.2535533905932739751, 0.1500000000000005496, 0.5751471862576144067 ) ) ;
#5370 = COLOUR_RGB ( '',0.8274509803921568096, 0.6666666666666666297, 0.1254901960784313708 ) ;
#5371 = VECTOR ( 'NONE', #941, 1000.000000000000000 ) ;
#5372 = SURFACE_SIDE_STYLE ('',( #932 ) ) ;
#5373 = SURFACE_SIDE_STYLE ('',( #2767 ) ) ;
#5374 = ORIENTED_EDGE ( 'NONE', *, *, #2828, .T. ) ;
#5375 = ORIENTED_EDGE ( 'NONE', *, *, #2853, .F. ) ;
#5376 = LINE ( 'NONE', #460, #5200 ) ;
#5377 = DIRECTION ( 'NONE',  ( 1.000000000000000000, 0.0000000000000000000, 0.0000000000000000000 ) ) ;
#5378 = UNCERTAINTY_MEASURE_WITH_UNIT (LENGTH_MEASURE( 1.000000000000000082E-05 ), #2757, 'distance_accuracy_value', 'NONE');
#5379 = PRESENTATION_LAYER_ASSIGNMENT (  '', '', ( #6165 ) ) ;
#5380 = CARTESIAN_POINT ( 'NONE',  ( 2.779937501871236893, 0.0000000000000000000, 0.2899999999999999800 ) ) ;
#5381 = CARTESIAN_POINT ( 'NONE',  ( 3.050000000000000266, 2.100000000000000089, 0.5400000000000001465 ) ) ;
#5382 =( LENGTH_UNIT ( ) NAMED_UNIT ( * ) SI_UNIT ( .MILLI., .METRE. ) );
#5383 = CARTESIAN_POINT ( 'NONE',  ( 0.4000000000000000777, 2.399999999999999911, 0.4800000000000000933 ) ) ;
#5384 = ORIENTED_EDGE ( 'NONE', *, *, #1063, .T. ) ;
#5385 = PRESENTATION_STYLE_ASSIGNMENT (( #3194 ) ) ;
#5386 = EDGE_LOOP ( 'NONE', ( #405, #804, #4464, #840 ) ) ;
#5387 = DIRECTION ( 'NONE',  ( 1.000000000000000000, 0.0000000000000000000, 0.0000000000000000000 ) ) ;
#5388 = PRESENTATION_STYLE_ASSIGNMENT (( #438 ) ) ;
#5389 = DIRECTION ( 'NONE',  ( -0.0000000000000000000, -1.000000000000000000, 0.0000000000000000000 ) ) ;
#5390 = CARTESIAN_POINT ( 'NONE',  ( 0.09963729403821589004, 0.4052574559641943241, 0.3649999999999999911 ) ) ;
#5391 =( NAMED_UNIT ( * ) PLANE_ANGLE_UNIT ( ) SI_UNIT ( $, .RADIAN. ) );
#5392 = ORIENTED_EDGE ( 'NONE', *, *, #3297, .F. ) ;
#5393 = EDGE_CURVE ( 'NONE', #6176, #3511, #2682, .T. ) ;
#5394 = PLANE ( 'NONE',  #2277 ) ;
#5395 = VECTOR ( 'NONE', #1460, 1000.000000000000000 ) ;
#5396 = SURFACE_STYLE_USAGE ( .BOTH. , #1453 ) ;
#5397 = FILL_AREA_STYLE_COLOUR ( '', #3797 ) ;
#5398 = PRESENTATION_STYLE_ASSIGNMENT (( #2180 ) ) ;
#5399 = EDGE_LOOP ( 'NONE', ( #1708, #4084, #1800, #6084 ) ) ;
#5400 = MECHANICAL_DESIGN_GEOMETRIC_PRESENTATION_REPRESENTATION (  '', ( #473 ), #589 ) ;
#5401 = EDGE_CURVE ( 'NONE', #539, #6756, #4392, .T. ) ;
#5402 =( NAMED_UNIT ( * ) SI_UNIT ( $, .STERADIAN. ) SOLID_ANGLE_UNIT ( ) );
#5403 = DIRECTION ( 'NONE',  ( 0.0000000000000000000, 1.000000000000000000, 0.0000000000000000000 ) ) ;
#5404 = VECTOR ( 'NONE', #1827, 1000.000000000000000 ) ;
#5405 = CARTESIAN_POINT ( 'NONE',  ( 3.200000000000000178, 2.200000000000000178, 0.1700000000000000122 ) ) ;
#5406 = ORIENTED_EDGE ( 'NONE', *, *, #5266, .T. ) ;
#5407 = FILL_AREA_STYLE ('',( #4887 ) ) ;
#5408 = EDGE_LOOP ( 'NONE', ( #5672, #3835, #1540, #2555 ) ) ;
#5409 = CARTESIAN_POINT ( 'NONE',  ( 2.958609385714313422, 2.352335458987569794, 0.5000000000000099920 ) ) ;
#5410 = CARTESIAN_POINT ( 'NONE',  ( 0.4000000000000001332, 0.1500000000000000222, 0.5400000000000001465 ) ) ;
#5411 = DIRECTION ( 'NONE',  ( -0.7184060015747271155, 0.6956240485358546888, 0.0000000000000000000 ) ) ;
#5412 = CARTESIAN_POINT ( 'NONE',  ( 0.2124905980351155799, 2.295076617752148884, 0.5000031419414986411 ) ) ;
#5413 = EDGE_CURVE ( 'NONE', #5171, #2347, #5818, .T. ) ;
#5414 =( NAMED_UNIT ( * ) PLANE_ANGLE_UNIT ( ) SI_UNIT ( $, .RADIAN. ) );
#5415 = DIRECTION ( 'NONE',  ( 0.0000000000000000000, 1.000000000000000000, 0.0000000000000000000 ) ) ;
#5416 = CARTESIAN_POINT ( 'NONE',  ( 0.2589736982741033255, 0.1569239867905574681, 0.5000000000000000000 ) ) ;
#5417 = FILL_AREA_STYLE_COLOUR ( '', #1446 ) ;
#5418 = ORIENTED_EDGE ( 'NONE', *, *, #1788, .F. ) ;
#5419 = PRESENTATION_LAYER_ASSIGNMENT (  '', '', ( #1406 ) ) ;
#5420 = VERTEX_POINT ( 'NONE', #5900 ) ;
#5421 = B_SPLINE_CURVE_WITH_KNOTS ( 'NONE', 3,
 ( #167, #4570, #1839, #4093 ),
 .UNSPECIFIED., .F., .F.,
 ( 4, 4 ),
 ( 0.0000000000000000000, 1.000000000000000000 ),
 .UNSPECIFIED. ) ;
#5422 =( LENGTH_UNIT ( ) NAMED_UNIT ( * ) SI_UNIT ( .MILLI., .METRE. ) );
#5423 = MECHANICAL_DESIGN_GEOMETRIC_PRESENTATION_REPRESENTATION (  '', ( #4615 ), #3912 ) ;
#5424 = DIRECTION ( 'NONE',  ( -0.0000000000000000000, -0.0000000000000000000, -1.000000000000000000 ) ) ;
#5425 = EDGE_LOOP ( 'NONE', ( #3627, #5991, #4951, #2489 ) ) ;
#5426 = UNCERTAINTY_MEASURE_WITH_UNIT (LENGTH_MEASURE( 1.000000000000000082E-05 ), #5783, 'distance_accuracy_value', 'NONE');
#5427 =( GEOMETRIC_REPRESENTATION_CONTEXT ( 3 ) GLOBAL_UNCERTAINTY_ASSIGNED_CONTEXT ( ( #571 ) ) GLOBAL_UNIT_ASSIGNED_CONTEXT ( ( #7014, #3755, #1982 ) ) REPRESENTATION_CONTEXT ( 'NONE', 'WORKASPACE' ) );
#5428 = CARTESIAN_POINT ( 'NONE',  ( 2.799997406541917755, 0.1200314940296796223, 0.4999999876735897186 ) ) ;
#5429 = SURFACE_STYLE_FILL_AREA ( #3092 ) ;
#5430 = CIRCLE ( 'NONE', #3467, 0.02000000000000005246 ) ;
#5431 = FILL_AREA_STYLE ('',( #6428 ) ) ;
#5432 = EDGE_CURVE ( 'NONE', #4120, #4630, #5971, .T. ) ;
#5433 = LINE ( 'NONE', #513, #106 ) ;
#5434 = FILL_AREA_STYLE ('',( #5921 ) ) ;
#5435 = FILL_AREA_STYLE_COLOUR ( '', #6304 ) ;
#5436 = ORIENTED_EDGE ( 'NONE', *, *, #5884, .T. ) ;
#5437 = FACE_OUTER_BOUND ( 'NONE', #516, .T. ) ;
#5438 = AXIS2_PLACEMENT_3D ( 'NONE', #1732, #5714, #1885 ) ;
#5439 = SURFACE_SIDE_STYLE ('',( #3246 ) ) ;
#5440 = EDGE_LOOP ( 'NONE', ( #2879, #4562, #3702, #2019 ) ) ;
#5441 = CARTESIAN_POINT ( 'NONE',  ( 3.175000000000043787, 2.102737965002539067, 0.2899999999999999800 ) ) ;
#5442 = ORIENTED_EDGE ( 'NONE', *, *, #1320, .T. ) ;
#5443 = CARTESIAN_POINT ( 'NONE',  ( 3.098816093618959489, 2.115352661366160181, 0.4800000000000000933 ) ) ;
#5444 = CARTESIAN_POINT ( 'NONE',  ( 3.100009241445716324, 0.02999999999999997113, 0.1700000000000000122 ) ) ;
#5445 = UNCERTAINTY_MEASURE_WITH_UNIT (LENGTH_MEASURE( 1.000000000000000082E-05 ), #1792, 'distance_accuracy_value', 'NONE');
#5446 = DIRECTION ( 'NONE',  ( 1.000000000000000000, 0.0000000000000000000, 0.0000000000000000000 ) ) ;
#5447 = MECHANICAL_DESIGN_GEOMETRIC_PRESENTATION_REPRESENTATION (  '', ( #4059 ), #6812 ) ;
#5448 = CARTESIAN_POINT ( 'NONE',  ( 2.989999999999999769, 2.100000000000000089, 0.6000000000000001998 ) ) ;
#5449 = DIRECTION ( 'NONE',  ( 0.0000000000000000000, -0.0000000000000000000, 1.000000000000000000 ) ) ;
#5450 = DIRECTION ( 'NONE',  ( -1.000000000000000000, 0.0000000000000000000, -0.0000000000000000000 ) ) ;
#5451 = PLANE ( 'NONE',  #5340 ) ;
#5452 = EDGE_CURVE ( 'NONE', #3790, #6889, #2736, .T. ) ;
#5453 = PRESENTATION_LAYER_ASSIGNMENT (  '', '', ( #4187 ) ) ;
#5454 = ORIENTED_EDGE ( 'NONE', *, *, #3905, .F. ) ;
#5455 = CARTESIAN_POINT ( 'NONE',  ( 0.02500000000000018527, 0.3972620349942541096, 0.2899999999999999800 ) ) ;
#5456 = FILL_AREA_STYLE ('',( #542 ) ) ;
#5457 = COLOUR_RGB ( '',0.8274509803921568096, 0.6666666666666666297, 0.1294117647058823373 ) ;
#5458 = COLOUR_RGB ( '',0.6470588235294117974, 0.6196078431372549211, 0.5843137254901961120 ) ;
#5459 = VECTOR ( 'NONE', #5377, 1000.000000000000000 ) ;
#5460 = FILL_AREA_STYLE_COLOUR ( '', #5142 ) ;
#5461 = SURFACE_STYLE_USAGE ( .BOTH. , #678 ) ;
#5462 =( NAMED_UNIT ( * ) SI_UNIT ( $, .STERADIAN. ) SOLID_ANGLE_UNIT ( ) );
#5463 = ORIENTED_EDGE ( 'NONE', *, *, #1700, .F. ) ;
#5464 = SURFACE_STYLE_USAGE ( .BOTH. , #4913 ) ;
#5465 = SURFACE_STYLE_FILL_AREA ( #3264 ) ;
#5466 = MECHANICAL_DESIGN_GEOMETRIC_PRESENTATION_REPRESENTATION (  '', ( #1221 ), #6946 ) ;
#5467 = LINE ( 'NONE', #4880, #5014 ) ;
#5468 = ORIENTED_EDGE ( 'NONE', *, *, #5729, .F. ) ;
#5469 = PRESENTATION_LAYER_ASSIGNMENT (  '', '', ( #1928 ) ) ;
#5470 =( NAMED_UNIT ( * ) SI_UNIT ( $, .STERADIAN. ) SOLID_ANGLE_UNIT ( ) );
#5471 = SURFACE_SIDE_STYLE ('',( #3210 ) ) ;
#5472 = FACE_OUTER_BOUND ( 'NONE', #829, .T. ) ;
#5473 = VECTOR ( 'NONE', #3278, 1000.000000000000000 ) ;
#5474 = COLOUR_RGB ( '',0.6470588235294117974, 0.6196078431372549211, 0.5843137254901961120 ) ;
#5475 = ORIENTED_EDGE ( 'NONE', *, *, #3515, .F. ) ;
#5476 = LINE ( 'NONE', #3281, #2091 ) ;
#5477 = ORIENTED_EDGE ( 'NONE', *, *, #1192, .F. ) ;
#5478 = FILL_AREA_STYLE_COLOUR ( '', #4074 ) ;
#5479 = CARTESIAN_POINT ( 'NONE',  ( -1.626303258728256651E-16, 2.079959576973092972, 0.0000000000000000000 ) ) ;
#5480 = EDGE_CURVE ( 'NONE', #6489, #5502, #3750, .T. ) ;
#5481 = STYLED_ITEM ( 'NONE', ( #3799 ), #3131 ) ;
#5482 = PRESENTATION_STYLE_ASSIGNMENT (( #2855 ) ) ;
#5483 = DIRECTION ( 'NONE',  ( 0.0000000000000000000, -1.000000000000000000, 0.0000000000000000000 ) ) ;
#5484 = PLANE ( 'NONE',  #1702 ) ;
#5485 = PLANE ( 'NONE',  #971 ) ;
#5486 = FACE_OUTER_BOUND ( 'NONE', #6671, .T. ) ;
#5487 = EDGE_LOOP ( 'NONE', ( #856, #459, #331, #3327 ) ) ;
#5488 = PRESENTATION_STYLE_ASSIGNMENT (( #3789 ) ) ;
#5489 = ORIENTED_EDGE ( 'NONE', *, *, #6536, .F. ) ;
#5490 = PLANE ( 'NONE',  #1662 ) ;
#5491 = PRESENTATION_LAYER_ASSIGNMENT (  '', '', ( #5263 ) ) ;
#5492 = EDGE_CURVE ( 'NONE', #5929, #818, #1014, .T. ) ;
#5493 = SURFACE_STYLE_USAGE ( .BOTH. , #6052 ) ;
#5494 = CARTESIAN_POINT ( 'NONE',  ( 0.1000000000000000749, 2.100000000000000089, 0.3649999999999999911 ) ) ;
#5495 =( NAMED_UNIT ( * ) SI_UNIT ( $, .STERADIAN. ) SOLID_ANGLE_UNIT ( ) );
#5496 = ORIENTED_EDGE ( 'NONE', *, *, #281, .F. ) ;
#5497 = UNCERTAINTY_MEASURE_WITH_UNIT (LENGTH_MEASURE( 1.000000000000000082E-05 ), #1247, 'distance_accuracy_value', 'NONE');
#5498 = CARTESIAN_POINT ( 'NONE',  ( 2.900000000000000355, 0.0000000000000000000, 0.0000000000000000000 ) ) ;
#5499 = EDGE_CURVE ( 'NONE', #121, #6567, #2190, .T. ) ;
#5500 = SURFACE_SIDE_STYLE ('',( #4841 ) ) ;
#5501 = SURFACE_STYLE_FILL_AREA ( #6677 ) ;
#5502 = VERTEX_POINT ( 'NONE', #6555 ) ;
#5503 = UNCERTAINTY_MEASURE_WITH_UNIT (LENGTH_MEASURE( 1.000000000000000082E-05 ), #4012, 'distance_accuracy_value', 'NONE');
#5504 = CARTESIAN_POINT ( 'NONE',  ( 0.2587685864156002991, 0.1577197095212843347, 0.5000000000000000000 ) ) ;
#5505 = DIRECTION ( 'NONE',  ( 1.000000000000000000, -0.0000000000000000000, 0.0000000000000000000 ) ) ;
#5506 = LINE ( 'NONE', #6105, #3643 ) ;
#5507 = STYLED_ITEM ( 'NONE', ( #1171 ), #6965 ) ;
#5508 = PRESENTATION_STYLE_ASSIGNMENT (( #1705 ) ) ;
#5509 = FACE_OUTER_BOUND ( 'NONE', #30, .T. ) ;
#5510 = ORIENTED_EDGE ( 'NONE', *, *, #931, .F. ) ;
#5511 = CARTESIAN_POINT ( 'NONE',  ( 2.830621172420408893, 2.396542742251391189, 0.4800000000000000933 ) ) ;
#5512 = CIRCLE ( 'NONE', #4473, 0.02000000000000005246 ) ;
#5513 = CARTESIAN_POINT ( 'NONE',  ( 1.119723590466932039, -1.626303258728256651E-16, 0.0000000000000000000 ) ) ;
#5514 = CARTESIAN_POINT ( 'NONE',  ( 3.200000000000000178, 2.200000000000000178, 0.1700000000000000122 ) ) ;
#5515 = LINE ( 'NONE', #4432, #4448 ) ;
#5516 = PRESENTATION_STYLE_ASSIGNMENT (( #6008 ) ) ;
#5517 = ADVANCED_FACE ( 'NONE', ( #3251 ), #5485, .F. ) ;
#5518 = ORIENTED_EDGE ( 'NONE', *, *, #3818, .F. ) ;
#5519 = CIRCLE ( 'NONE', #1169, 0.2699999999999999623 ) ;
#5520 =( NAMED_UNIT ( * ) SI_UNIT ( $, .STERADIAN. ) SOLID_ANGLE_UNIT ( ) );
#5521 = VECTOR ( 'NONE', #6903, 1000.000000000000000 ) ;
#5522 =( LENGTH_UNIT ( ) NAMED_UNIT ( * ) SI_UNIT ( .MILLI., .METRE. ) );
#5523 = CARTESIAN_POINT ( 'NONE',  ( 0.03000000000000043604, 2.200000000000000178, 0.1700000000000000122 ) ) ;
#5524 = VERTEX_POINT ( 'NONE', #2573 ) ;
#5525 = AXIS2_PLACEMENT_3D ( 'NONE', #6929, #6459, #1583 ) ;
#5526 = CARTESIAN_POINT ( 'NONE',  ( 2.958613136371541330, 0.1292304393148762109, 0.5000148110754012443 ) ) ;
#5527 = SURFACE_STYLE_FILL_AREA ( #6579 ) ;
#5528 = PRESENTATION_STYLE_ASSIGNMENT (( #1624 ) ) ;
#5529 = MECHANICAL_DESIGN_GEOMETRIC_PRESENTATION_REPRESENTATION (  '', ( #6572 ), #6099 ) ;
#5530 = CARTESIAN_POINT ( 'NONE',  ( 2.799999999999999822, 2.399999999999999467, 0.3649999999999999911 ) ) ;
#5531 = EDGE_CURVE ( 'NONE', #4424, #5211, #5036, .T. ) ;
#5532 = EDGE_CURVE ( 'NONE', #4588, #6167, #2806, .T. ) ;
#5533 =( NAMED_UNIT ( * ) PLANE_ANGLE_UNIT ( ) SI_UNIT ( $, .RADIAN. ) );
#5534 = ORIENTED_EDGE ( 'NONE', *, *, #1071, .F. ) ;
#5535 = FILL_AREA_STYLE_COLOUR ( '', #6111 ) ;
#5536 =( LENGTH_UNIT ( ) NAMED_UNIT ( * ) SI_UNIT ( .MILLI., .METRE. ) );
#5537 = FILL_AREA_STYLE ('',( #4607 ) ) ;
#5538 = MECHANICAL_DESIGN_GEOMETRIC_PRESENTATION_REPRESENTATION (  '', ( #5084 ), #7016 ) ;
#5539 = CARTESIAN_POINT ( 'NONE',  ( 1.379445037862997833E-18, 0.2000000000000000111, 0.2899999999999999800 ) ) ;
#5540 = FILL_AREA_STYLE_COLOUR ( '', #4161 ) ;
#5541 =( LENGTH_UNIT ( ) NAMED_UNIT ( * ) SI_UNIT ( .MILLI., .METRE. ) );
#5542 = EDGE_LOOP ( 'NONE', ( #958, #4291, #2492, #5699 ) ) ;
#5543 = PRESENTATION_STYLE_ASSIGNMENT (( #5966 ) ) ;
#5544 = DIRECTION ( 'NONE',  ( 0.0000000000000000000, -0.0000000000000000000, 1.000000000000000000 ) ) ;
#5545 = CARTESIAN_POINT ( 'NONE',  ( 3.080059201857620721, 0.4015377163306959596, 0.4999999824757847544 ) ) ;
#5546 = CIRCLE ( 'NONE', #3368, 0.05999999999999994227 ) ;
#5547 = PRESENTATION_STYLE_ASSIGNMENT (( #1817 ) ) ;
#5548 = CARTESIAN_POINT ( 'NONE',  ( 1.119723590466932039, 0.09986109713243988828, 0.1700000000000000122 ) ) ;
#5549 = LINE ( 'NONE', #6599, #1876 ) ;
#5550 = ORIENTED_EDGE ( 'NONE', *, *, #613, .F. ) ;
#5551 =( GEOMETRIC_REPRESENTATION_CONTEXT ( 3 ) GLOBAL_UNCERTAINTY_ASSIGNED_CONTEXT ( ( #1844 ) ) GLOBAL_UNIT_ASSIGNED_CONTEXT ( ( #4048, #6854, #1335 ) ) REPRESENTATION_CONTEXT ( 'NONE', 'WORKASPACE' ) );
#5552 = CARTESIAN_POINT ( 'NONE',  ( 1.119723590466932039, 0.02999999999999997113, 0.1700000000000000122 ) ) ;
#5553 = EDGE_CURVE ( 'NONE', #3463, #6930, #5608, .T. ) ;
#5554 =( LENGTH_UNIT ( ) NAMED_UNIT ( * ) SI_UNIT ( .MILLI., .METRE. ) );
#5555 = LINE ( 'NONE', #3964, #6103 ) ;
#5556 = PRESENTATION_LAYER_ASSIGNMENT (  '', '', ( #300 ) ) ;
#5557 = FILL_AREA_STYLE ('',( #5980 ) ) ;
#5558 = PRESENTATION_STYLE_ASSIGNMENT (( #1182 ) ) ;
#5559 = PRESENTATION_STYLE_ASSIGNMENT (( #4445 ) ) ;
#5560 = EDGE_LOOP ( 'NONE', ( #6253, #3363, #2124, #6558, #3062, #2394, #220, #1099 ) ) ;
#5561 = ORIENTED_EDGE ( 'NONE', *, *, #685, .T. ) ;
#5562 = CARTESIAN_POINT ( 'NONE',  ( 3.200000000000000178, 2.200000000000000178, 0.1700000000000000122 ) ) ;
#5563 =( GEOMETRIC_REPRESENTATION_CONTEXT ( 3 ) GLOBAL_UNCERTAINTY_ASSIGNED_CONTEXT ( ( #3710 ) ) GLOBAL_UNIT_ASSIGNED_CONTEXT ( ( #3860, #4, #6486 ) ) REPRESENTATION_CONTEXT ( 'NONE', 'WORKASPACE' ) );
#5564 = B_SPLINE_CURVE_WITH_KNOTS ( 'NONE', 3,
 ( #258, #1256, #5663, #6850, #193, #2383 ),
 .UNSPECIFIED., .F., .F.,
 ( 4, 2, 4 ),
 ( 0.0000000000000000000, 0.5000000000000000000, 1.000000000000000000 ),
 .UNSPECIFIED. ) ;
#5565 = PRESENTATION_LAYER_ASSIGNMENT (  '', '', ( #4867 ) ) ;
#5566 = EDGE_CURVE ( 'NONE', #3873, #1438, #4461, .T. ) ;
#5567 = CARTESIAN_POINT ( 'NONE',  ( 1.920000000000052331, 2.379999999999999893, 0.5000000000000000000 ) ) ;
#5568 = PLANE ( 'NONE',  #295 ) ;
#5569 = CARTESIAN_POINT ( 'NONE',  ( 2.990000000000000657, 0.4000000000000001887, 0.6000000000000001998 ) ) ;
#5570 = DIRECTION ( 'NONE',  ( -1.000000000000000000, 0.0000000000000000000, 0.0000000000000000000 ) ) ;
#5571 = CIRCLE ( 'NONE', #755, 0.2000000000000005107 ) ;
#5572 = FILL_AREA_STYLE_COLOUR ( '', #7031 ) ;
#5573 = UNCERTAINTY_MEASURE_WITH_UNIT (LENGTH_MEASURE( 1.000000000000000082E-05 ), #3272, 'distance_accuracy_value', 'NONE');
#5574 =( GEOMETRIC_REPRESENTATION_CONTEXT ( 3 ) GLOBAL_UNCERTAINTY_ASSIGNED_CONTEXT ( ( #6853 ) ) GLOBAL_UNIT_ASSIGNED_CONTEXT ( ( #6321, #4107, #4740 ) ) REPRESENTATION_CONTEXT ( 'NONE', 'WORKASPACE' ) );
#5575 = MECHANICAL_DESIGN_GEOMETRIC_PRESENTATION_REPRESENTATION (  '', ( #1921 ), #5119 ) ;
#5576 = ADVANCED_FACE ( 'NONE', ( #3950 ), #4022, .T. ) ;
#5577 = DIRECTION ( 'NONE',  ( 0.0000000000000000000, 0.0000000000000000000, 1.000000000000000000 ) ) ;
#5578 = COLOUR_RGB ( '',0.01176470588235294101, 0.0000000000000000000, 0.05882352941176470507 ) ;
#5579 = CARTESIAN_POINT ( 'NONE',  ( 0.1299999999999999767, 2.100000000000000089, 0.5200000000000000178 ) ) ;
#5580 = CARTESIAN_POINT ( 'NONE',  ( 3.126631734115286054, 0.3992483260409323553, 0.3044108732756183322 ) ) ;
#5581 = COLOUR_RGB ( '',0.01176470588235294101, 0.0000000000000000000, 0.05882352941176470507 ) ;
#5582 = DIRECTION ( 'NONE',  ( 1.000000000000000000, 0.0000000000000000000, 0.0000000000000000000 ) ) ;
#5583 = LINE ( 'NONE', #2263, #2164 ) ;
#5584 =( NAMED_UNIT ( * ) PLANE_ANGLE_UNIT ( ) SI_UNIT ( $, .RADIAN. ) );
#5585 = COLOUR_RGB ( '',0.8274509803921568096, 0.6666666666666666297, 0.1254901960784313708 ) ;
#5586 = ORIENTED_EDGE ( 'NONE', *, *, #2939, .T. ) ;
#5587 = CIRCLE ( 'NONE', #1131, 0.2000000000000000944 ) ;
#5588 = CARTESIAN_POINT ( 'NONE',  ( 3.169999999999999929, 2.079959576973092972, 0.1700000000000000122 ) ) ;
#5589 = COLOUR_RGB ( '',0.01176470588235294101, 0.0000000000000000000, 0.05882352941176470507 ) ;
#5590 = SURFACE_SIDE_STYLE ('',( #123 ) ) ;
#5591 = SURFACE_SIDE_STYLE ('',( #5167 ) ) ;
#5592 =( NAMED_UNIT ( * ) PLANE_ANGLE_UNIT ( ) SI_UNIT ( $, .RADIAN. ) );
#5593 = DIRECTION ( 'NONE',  ( -0.0000000000000000000, -0.0000000000000000000, -1.000000000000000000 ) ) ;
#5594 = EDGE_LOOP ( 'NONE', ( #5832, #5763, #7033, #6824 ) ) ;
#5595 =( LENGTH_UNIT ( ) NAMED_UNIT ( * ) SI_UNIT ( .MILLI., .METRE. ) );
#5596 = CIRCLE ( 'NONE', #3199, 0.05999999999999994227 ) ;
#5597 = COLOUR_RGB ( '',0.01176470588235294101, 0.0000000000000000000, 0.05882352941176470507 ) ;
#5598 = CARTESIAN_POINT ( 'NONE',  ( 0.1000000000000000056, 2.100000000000000089, 0.5000000000000000000 ) ) ;
#5599 = FILL_AREA_STYLE ('',( #1408 ) ) ;
#5600 = DIRECTION ( 'NONE',  ( 0.0000000000000000000, -1.000000000000000000, -0.0000000000000000000 ) ) ;
#5601 = CARTESIAN_POINT ( 'NONE',  ( 3.100000000000000089, 0.4000000000000003553, 0.5000000000000000000 ) ) ;
#5602 = ORIENTED_EDGE ( 'NONE', *, *, #811, .T. ) ;
#5603 = EDGE_CURVE ( 'NONE', #6722, #5637, #3384, .T. ) ;
#5604 = ORIENTED_EDGE ( 'NONE', *, *, #2212, .T. ) ;
#5605 =( NAMED_UNIT ( * ) SI_UNIT ( $, .STERADIAN. ) SOLID_ANGLE_UNIT ( ) );
#5606 = DIRECTION ( 'NONE',  ( -0.0000000000000000000, -1.000000000000000000, -0.0000000000000000000 ) ) ;
#5607 = LINE ( 'NONE', #3884, #1231 ) ;
#5608 = LINE ( 'NONE', #5000, #4954 ) ;
#5609 = EDGE_LOOP ( 'NONE', ( #795, #651, #2062, #1176, #3180 ) ) ;
#5610 = CARTESIAN_POINT ( 'NONE',  ( 3.200000000000000622, -1.626303258728256651E-16, 0.2899999999999999800 ) ) ;
#5611 = ADVANCED_FACE ( 'NONE', ( #596 ), #2766, .F. ) ;
#5612 = VECTOR ( 'NONE', #6115, 1000.000000000000000 ) ;
#5613 =( NAMED_UNIT ( * ) PLANE_ANGLE_UNIT ( ) SI_UNIT ( $, .RADIAN. ) );
#5614 = PRESENTATION_LAYER_ASSIGNMENT (  '', '', ( #3672 ) ) ;
#5615 = CARTESIAN_POINT ( 'NONE',  ( 3.076814024817593474, 0.3727949570424058945, 0.5000000000000000000 ) ) ;
#5616 = ORIENTED_EDGE ( 'NONE', *, *, #3441, .T. ) ;
#5617 = DIRECTION ( 'NONE',  ( 1.000000000000000000, -0.0000000000000000000, 0.0000000000000000000 ) ) ;
#5618 = PRODUCT ( 'AEBF4537-8FF1-405F-A4BA-1C045A6CD29C', 'AEBF4537-8FF1-405F-A4BA-1C045A6CD29C', '', ( #3846 ) ) ;
#5619 = ADVANCED_FACE ( 'NONE', ( #4105 ), #6360, .F. ) ;
#5620 = CARTESIAN_POINT ( 'NONE',  ( -1.626303258728256651E-16, 2.400138902867559931, 0.0000000000000000000 ) ) ;
#5621 = LINE ( 'NONE', #4555, #6502 ) ;
#5622 = FILL_AREA_STYLE_COLOUR ( '', #5927 ) ;
#5623 = LINE ( 'NONE', #1870, #4480 ) ;
#5624 = CARTESIAN_POINT ( 'NONE',  ( 2.872718794409388376, 0.1303094046314993426, 0.5000000000000000000 ) ) ;
#5625 = ORIENTED_EDGE ( 'NONE', *, *, #6789, .F. ) ;
#5626 = CARTESIAN_POINT ( 'NONE',  ( 2.774932736525889787, 0.4250672634741105016, 0.3649999999999999911 ) ) ;
#5627 = CARTESIAN_POINT ( 'NONE',  ( 2.900000000000000355, 0.0000000000000000000, 0.1700000000000000122 ) ) ;
#5628 = ORIENTED_EDGE ( 'NONE', *, *, #3100, .T. ) ;
#5629 = ORIENTED_EDGE ( 'NONE', *, *, #1762, .T. ) ;
#5630 = UNCERTAINTY_MEASURE_WITH_UNIT (LENGTH_MEASURE( 1.000000000000000082E-05 ), #4505, 'distance_accuracy_value', 'NONE');
#5631 = APPLICATION_CONTEXT ( 'automotive_design' ) ;
#5632 = VECTOR ( 'NONE', #2413, 1000.000000000000000 ) ;
#5633 = DIRECTION ( 'NONE',  ( -0.0000000000000000000, 1.000000000000000000, 0.0000000000000000000 ) ) ;
#5634 = CARTESIAN_POINT ( 'NONE',  ( 3.049999999999999822, 0.2535533905932744192, 0.5400000000000001465 ) ) ;
#5635 = DIRECTION ( 'NONE',  ( -0.9999999999237442205, 1.234955623882116389E-05, 0.0000000000000000000 ) ) ;
#5636 = CARTESIAN_POINT ( 'NONE',  ( 1.119723590466932039, 0.09986109713243988828, 0.0000000000000000000 ) ) ;
#5637 = VERTEX_POINT ( 'NONE', #1382 ) ;
#5638 = ORIENTED_EDGE ( 'NONE', *, *, #1142, .F. ) ;
#5639 = UNCERTAINTY_MEASURE_WITH_UNIT (LENGTH_MEASURE( 1.000000000000000082E-05 ), #1956, 'distance_accuracy_value', 'NONE');
#5640 = SURFACE_SIDE_STYLE ('',( #6649 ) ) ;
#5641 = SURFACE_STYLE_USAGE ( .BOTH. , #3480 ) ;
#5642 =( LENGTH_UNIT ( ) NAMED_UNIT ( * ) SI_UNIT ( .MILLI., .METRE. ) );
#5643 = EDGE_CURVE ( 'NONE', #1576, #5316, #3601, .T. ) ;
#5644 = SURFACE_SIDE_STYLE ('',( #144 ) ) ;
#5645 = FILL_AREA_STYLE_COLOUR ( '', #5796 ) ;
#5646 = DIRECTION ( 'NONE',  ( 0.0000000000000000000, 1.000000000000000000, 0.0000000000000000000 ) ) ;
#5647 = EDGE_LOOP ( 'NONE', ( #4109, #4373, #712, #2471 ) ) ;
#5648 = DIRECTION ( 'NONE',  ( 0.0000000000000000000, 0.0000000000000000000, 1.000000000000000000 ) ) ;
#5649 =( NAMED_UNIT ( * ) PLANE_ANGLE_UNIT ( ) SI_UNIT ( $, .RADIAN. ) );
#5650 = CARTESIAN_POINT ( 'NONE',  ( 2.609264482820521813, 1.923971919735854019, 0.6000000000000000888 ) ) ;
#5651 = SURFACE_STYLE_USAGE ( .BOTH. , #5159 ) ;
#5652 = VECTOR ( 'NONE', #4930, 1000.000000000000000 ) ;
#5653 = SURFACE_SIDE_STYLE ('',( #2409 ) ) ;
#5654 = ORIENTED_EDGE ( 'NONE', *, *, #5480, .T. ) ;
#5655 = DIRECTION ( 'NONE',  ( 1.000000000000000000, -0.0000000000000000000, 0.0000000000000000000 ) ) ;
#5656 = VECTOR ( 'NONE', #271, 1000.000000000000000 ) ;
#5657 = LINE ( 'NONE', #5727, #3966 ) ;
#5658 = ADVANCED_FACE ( 'NONE', ( #5224 ), #5784, .T. ) ;
#5659 = CARTESIAN_POINT ( 'NONE',  ( 3.170000000000000373, 0.02999999999999997113, 0.1700000000000000122 ) ) ;
#5660 = CARTESIAN_POINT ( 'NONE',  ( 2.935445146297092744, 0.1555010807405577955, 0.5000000000000000000 ) ) ;
#5661 = EDGE_LOOP ( 'NONE', ( #2623, #5344, #319, #2954 ) ) ;
#5662 = VECTOR ( 'NONE', #81, 1000.000000000000000 ) ;
#5663 = CARTESIAN_POINT ( 'NONE',  ( 2.988541920638418059, 2.429068291288262404, 0.2899999999999999800 ) ) ;
#5664 = CARTESIAN_POINT ( 'NONE',  ( 2.799997406541917755, 0.1200314940296796223, 0.4999999876735897186 ) ) ;
#5665 = ORIENTED_EDGE ( 'NONE', *, *, #6001, .F. ) ;
#5666 = AXIS2_PLACEMENT_3D ( 'NONE', #5737, #6172, #3974 ) ;
#5667 = VECTOR ( 'NONE', #2897, 1000.000000000000000 ) ;
#5668 = SURFACE_SIDE_STYLE ('',( #2456 ) ) ;
#5669 = CARTESIAN_POINT ( 'NONE',  ( 3.049999999999999822, 0.2535533905932744192, 0.5751471862576144067 ) ) ;
#5670 = DIRECTION ( 'NONE',  ( 0.0000000000000000000, 0.0000000000000000000, -1.000000000000000000 ) ) ;
#5671 = CARTESIAN_POINT ( 'NONE',  ( 3.100000000000000533, 1.476666666666667460, 0.4800000000000000933 ) ) ;
#5672 = ORIENTED_EDGE ( 'NONE', *, *, #5047, .F. ) ;
#5673 = MECHANICAL_DESIGN_GEOMETRIC_PRESENTATION_REPRESENTATION (  '', ( #2479 ), #4983 ) ;
#5674 = EDGE_LOOP ( 'NONE', ( #2689, #3086, #559, #365 ) ) ;
#5675 = VECTOR ( 'NONE', #2412, 1000.000000000000000 ) ;
#5676 = MECHANICAL_DESIGN_GEOMETRIC_PRESENTATION_REPRESENTATION (  '', ( #2923 ), #6364 ) ;
#5677 = FILL_AREA_STYLE_COLOUR ( '', #4287 ) ;
#5678 = SURFACE_STYLE_FILL_AREA ( #2464 ) ;
#5679 = CARTESIAN_POINT ( 'NONE',  ( 3.100000000000000533, 0.4000000000000000222, 0.5000000000000000000 ) ) ;
#5680 = MECHANICAL_DESIGN_GEOMETRIC_PRESENTATION_REPRESENTATION (  '', ( #2927 ), #527 ) ;
#5681 = FILL_AREA_STYLE_COLOUR ( '', #2430 ) ;
#5682 = FILL_AREA_STYLE ('',( #4669 ) ) ;
#5683 = ORIENTED_EDGE ( 'NONE', *, *, #2477, .F. ) ;
#5684 = SURFACE_SIDE_STYLE ('',( #815 ) ) ;
#5685 = AXIS2_PLACEMENT_3D ( 'NONE', #5110, #2801, #1735 ) ;
#5686 =( LENGTH_UNIT ( ) NAMED_UNIT ( * ) SI_UNIT ( .MILLI., .METRE. ) );
#5687 = ADVANCED_FACE ( 'NONE', ( #5260 ), #4703, .F. ) ;
#5688 = CARTESIAN_POINT ( 'NONE',  ( 0.2359727420083255200, 0.1521677357076019754, 0.5000000000000035527 ) ) ;
#5689 = PRESENTATION_LAYER_ASSIGNMENT (  '', '', ( #3394 ) ) ;
#5690 = DIRECTION ( 'NONE',  ( 1.000000000000000000, -0.0000000000000000000, 0.0000000000000000000 ) ) ;
#5691 = SURFACE_STYLE_USAGE ( .BOTH. , #2446 ) ;
#5692 = CARTESIAN_POINT ( 'NONE',  ( 0.0000000000000000000, 2.200000000000000178, 0.1700000000000000122 ) ) ;
#5693 = DIRECTION ( 'NONE',  ( 0.0000000000000000000, -0.0000000000000000000, 1.000000000000000000 ) ) ;
#5694 = PRESENTATION_STYLE_ASSIGNMENT (( #2903 ) ) ;
#5695 = ORIENTED_EDGE ( 'NONE', *, *, #1749, .T. ) ;
#5696 = STYLED_ITEM ( 'NONE', ( #2055 ), #2071 ) ;
#5697 = CARTESIAN_POINT ( 'NONE',  ( 3.050000000000000266, 2.246446609406726136, 0.5079235637004543280 ) ) ;
#5698 = VERTEX_POINT ( 'NONE', #3834 ) ;
#5699 = ORIENTED_EDGE ( 'NONE', *, *, #3544, .F. ) ;
#5700 = UNCERTAINTY_MEASURE_WITH_UNIT (LENGTH_MEASURE( 1.000000000000000082E-05 ), #5826, 'distance_accuracy_value', 'NONE');
#5701 = EDGE_CURVE ( 'NONE', #3336, #1499, #87, .T. ) ;
#5702 = FILL_AREA_STYLE_COLOUR ( '', #6235 ) ;
#5703 = ADVANCED_FACE ( 'NONE', ( #5856 ), #3367, .F. ) ;
#5704 =( GEOMETRIC_REPRESENTATION_CONTEXT ( 3 ) GLOBAL_UNCERTAINTY_ASSIGNED_CONTEXT ( ( #4405 ) ) GLOBAL_UNIT_ASSIGNED_CONTEXT ( ( #202, #686, #2942 ) ) REPRESENTATION_CONTEXT ( 'NONE', 'WORKASPACE' ) );
#5705 =( GEOMETRIC_REPRESENTATION_CONTEXT ( 3 ) GLOBAL_UNCERTAINTY_ASSIGNED_CONTEXT ( ( #2073 ) ) GLOBAL_UNIT_ASSIGNED_CONTEXT ( ( #4860, #6408, #1043 ) ) REPRESENTATION_CONTEXT ( 'NONE', 'WORKASPACE' ) );
#5706 = CARTESIAN_POINT ( 'NONE',  ( 2.990000000000001101, 0.4000000000000009104, 0.6000000000000000888 ) ) ;
#5707 = LINE ( 'NONE', #4628, #5854 ) ;
#5708 = SURFACE_SIDE_STYLE ('',( #1958 ) ) ;
#5709 = EDGE_LOOP ( 'NONE', ( #6375, #4833, #1061, #5236, #547 ) ) ;
#5710 = CIRCLE ( 'NONE', #6961, 0.3260323503590205618 ) ;
#5711 = EDGE_LOOP ( 'NONE', ( #697, #433, #5454, #5917 ) ) ;
#5712 = VECTOR ( 'NONE', #2865, 1000.000000000000000 ) ;
#5713 = UNCERTAINTY_MEASURE_WITH_UNIT (LENGTH_MEASURE( 1.000000000000000082E-05 ), #2512, 'distance_accuracy_value', 'NONE');
#5714 = DIRECTION ( 'NONE',  ( 1.000000000000000000, -0.0000000000000000000, 0.0000000000000000000 ) ) ;
#5715 = CARTESIAN_POINT ( 'NONE',  ( 0.02999999999999994338, 0.9199523185698690320, 0.1700000000000000122 ) ) ;
#5716 = COLOUR_RGB ( '',0.8274509803921568096, 0.6666666666666666297, 0.1254901960784313708 ) ;
#5717 = SURFACE_STYLE_FILL_AREA ( #1349 ) ;
#5718 = CARTESIAN_POINT ( 'NONE',  ( 2.779937501871236893, 0.0000000000000000000, 0.0000000000000000000 ) ) ;
#5719 = ORIENTED_EDGE ( 'NONE', *, *, #6001, .T. ) ;
#5720 =( NAMED_UNIT ( * ) SI_UNIT ( $, .STERADIAN. ) SOLID_ANGLE_UNIT ( ) );
#5721 = PLANE ( 'NONE',  #6630 ) ;
#5722 =( NAMED_UNIT ( * ) SI_UNIT ( $, .STERADIAN. ) SOLID_ANGLE_UNIT ( ) );
#5723 = ORIENTED_EDGE ( 'NONE', *, *, #2963, .T. ) ;
#5724 = B_SPLINE_CURVE_WITH_KNOTS ( 'NONE', 3,
 ( #2867, #5660, #5624, #2450 ),
 .UNSPECIFIED., .F., .F.,
 ( 4, 4 ),
 ( 0.0000000000000000000, 1.000000000000000000 ),
 .UNSPECIFIED. ) ;
#5725 = CARTESIAN_POINT ( 'NONE',  ( 1.119723590466932039, 0.09986109713243988828, 0.1700000000000000122 ) ) ;
#5726 = CARTESIAN_POINT ( 'NONE',  ( 0.3000000000000004885, 2.469999999999999751, 0.1700000000000000122 ) ) ;
#5727 = CARTESIAN_POINT ( 'NONE',  ( 2.779937501871236449, 2.500000000000000000, 0.0000000000000000000 ) ) ;
#5728 = SURFACE_SIDE_STYLE ('',( #2445 ) ) ;
#5729 = EDGE_CURVE ( 'NONE', #6074, #3247, #4372, .T. ) ;
#5730 = CARTESIAN_POINT ( 'NONE',  ( 3.100362705961784648, 0.4052574559642013186, 0.3649999999999999911 ) ) ;
#5731 = VERTEX_POINT ( 'NONE', #4250 ) ;
#5732 =( NAMED_UNIT ( * ) SI_UNIT ( $, .STERADIAN. ) SOLID_ANGLE_UNIT ( ) );
#5733 = ORIENTED_EDGE ( 'NONE', *, *, #6123, .T. ) ;
#5734 = EDGE_LOOP ( 'NONE', ( #5765, #5719, #4290, #205 ) ) ;
#5735 = VECTOR ( 'NONE', #6104, 1000.000000000000000 ) ;
#5736 = CARTESIAN_POINT ( 'NONE',  ( 0.1500000000000000222, 0.4000000000000010214, 0.5200000000000000178 ) ) ;
#5737 = CARTESIAN_POINT ( 'NONE',  ( 0.4000000000000002442, 0.2100000000000000200, 0.5400000000000001465 ) ) ;
#5738 = PRESENTATION_LAYER_ASSIGNMENT (  '', '', ( #2982 ) ) ;
#5739 = VERTEX_POINT ( 'NONE', #125 ) ;
#5740 = ORIENTED_EDGE ( 'NONE', *, *, #6892, .T. ) ;
#5741 = CARTESIAN_POINT ( 'NONE',  ( 0.2100000000000000200, 0.4000000000000000222, 0.5400000000000001465 ) ) ;
#5742 =( NAMED_UNIT ( * ) SI_UNIT ( $, .STERADIAN. ) SOLID_ANGLE_UNIT ( ) );
#5743 = CARTESIAN_POINT ( 'NONE',  ( 0.09999075855428365966, 1.580047681430130968, 0.0000000000000000000 ) ) ;
#5744 = EDGE_CURVE ( 'NONE', #1791, #2256, #1520, .T. ) ;
#5745 = CARTESIAN_POINT ( 'NONE',  ( 3.170000000000000373, 0.9199523185698690320, 0.1700000000000000122 ) ) ;
#5746 = ADVANCED_FACE ( 'NONE', ( #3870 ), #6566, .F. ) ;
#5747 = COLOUR_RGB ( '',0.8274509803921568096, 0.6666666666666666297, 0.1254901960784313708 ) ;
#5748 =( NAMED_UNIT ( * ) PLANE_ANGLE_UNIT ( ) SI_UNIT ( $, .RADIAN. ) );
#5749 = ORIENTED_EDGE ( 'NONE', *, *, #6255, .F. ) ;
#5750 = CARTESIAN_POINT ( 'NONE',  ( 2.967478750146039790, 2.389847783199849918, 0.3210660171779814442 ) ) ;
#5751 = COLOUR_RGB ( '',0.8274509803921568096, 0.6666666666666666297, 0.1294117647058823373 ) ;
#5752 = CARTESIAN_POINT ( 'NONE',  ( 0.4015377163306956820, 0.1199407981423787350, 0.4999999824757847544 ) ) ;
#5753 = CARTESIAN_POINT ( 'NONE',  ( 3.096542742251392699, 0.3693788275795956699, 0.4800000000000000933 ) ) ;
#5754 = EDGE_LOOP ( 'NONE', ( #4336, #458, #2663, #6149 ) ) ;
#5755 = DIRECTION ( 'NONE',  ( -1.000000000000000000, 0.0000000000000000000, 0.0000000000000000000 ) ) ;
#5756 = VECTOR ( 'NONE', #5755, 1000.000000000000000 ) ;
#5757 = CARTESIAN_POINT ( 'NONE',  ( 1.119723590466932039, 0.02999999999999997113, 0.1700000000000000122 ) ) ;
#5758 = CARTESIAN_POINT ( 'NONE',  ( 0.3693788365759634873, 0.1034572557206274585, 0.5000000000000008882 ) ) ;
#5759 = DIRECTION ( 'NONE',  ( 1.000000000000000000, 0.0000000000000000000, -0.0000000000000000000 ) ) ;
#5760 = VECTOR ( 'NONE', #2997, 1000.000000000000000 ) ;
#5761 =( NAMED_UNIT ( * ) PLANE_ANGLE_UNIT ( ) SI_UNIT ( $, .RADIAN. ) );
#5762 = SURFACE_STYLE_FILL_AREA ( #4653 ) ;
#5763 = ORIENTED_EDGE ( 'NONE', *, *, #4635, .T. ) ;
#5764 = PLANE ( 'NONE',  #1869 ) ;
#5765 = ORIENTED_EDGE ( 'NONE', *, *, #7039, .F. ) ;
#5766 = EDGE_LOOP ( 'NONE', ( #4727, #916, #5683, #1088 ) ) ;
#5767 = UNCERTAINTY_MEASURE_WITH_UNIT (LENGTH_MEASURE( 1.000000000000000082E-05 ), #4487, 'distance_accuracy_value', 'NONE');
#5768 = ADVANCED_FACE ( 'NONE', ( #1367 ), #256, .T. ) ;
#5769 = PRESENTATION_STYLE_ASSIGNMENT (( #3126 ) ) ;
#5770 =( GEOMETRIC_REPRESENTATION_CONTEXT ( 3 ) GLOBAL_UNCERTAINTY_ASSIGNED_CONTEXT ( ( #2562 ) ) GLOBAL_UNIT_ASSIGNED_CONTEXT ( ( #6406, #3711, #1567 ) ) REPRESENTATION_CONTEXT ( 'NONE', 'WORKASPACE' ) );
#5771 = AXIS2_PLACEMENT_3D ( 'NONE', #6213, #1313, #6687 ) ;
#5772 = CYLINDRICAL_SURFACE ( 'NONE', #2334, 0.07499999999999953926 ) ;
#5773 = ORIENTED_EDGE ( 'NONE', *, *, #1023, .T. ) ;
#5774 = SURFACE_SIDE_STYLE ('',( #1318 ) ) ;
#5775 = ORIENTED_EDGE ( 'NONE', *, *, #3402, .F. ) ;
#5776 = UNCERTAINTY_MEASURE_WITH_UNIT (LENGTH_MEASURE( 1.000000000000000082E-05 ), #1998, 'distance_accuracy_value', 'NONE');
#5778 = EDGE_CURVE ( 'NONE', #4909, #250, #5724, .T. ) ;
#5777 = CARTESIAN_POINT ( 'NONE',  ( 3.100009241445716324, 2.469999999999999751, 0.1700000000000000122 ) ) ;
#5779 = PRESENTATION_LAYER_ASSIGNMENT (  '', '', ( #2128 ) ) ;
#5780 = COLOUR_RGB ( '',0.8274509803921568096, 0.6666666666666666297, 0.1294117647058823373 ) ;
#5781 = LINE ( 'NONE', #5715, #4997 ) ;
#5782 =( LENGTH_UNIT ( ) NAMED_UNIT ( * ) SI_UNIT ( .MILLI., .METRE. ) );
#5783 =( LENGTH_UNIT ( ) NAMED_UNIT ( * ) SI_UNIT ( .MILLI., .METRE. ) );
#5784 = CYLINDRICAL_SURFACE ( 'NONE', #2698, 0.2000000000000000944 ) ;
#5785 =( GEOMETRIC_REPRESENTATION_CONTEXT ( 3 ) GLOBAL_UNCERTAINTY_ASSIGNED_CONTEXT ( ( #6520 ) ) GLOBAL_UNIT_ASSIGNED_CONTEXT ( ( #4063, #345, #6286 ) ) REPRESENTATION_CONTEXT ( 'NONE', 'WORKASPACE' ) );
#5786 = MECHANICAL_DESIGN_GEOMETRIC_PRESENTATION_REPRESENTATION (  '', ( #4866 ), #2800 ) ;
#5787 = LINE ( 'NONE', #5262, #5521 ) ;
#5788 = CARTESIAN_POINT ( 'NONE',  ( 2.710087936736493841, 0.1000000000000433181, 0.4999999999999654721 ) ) ;
#5789 = ORIENTED_EDGE ( 'NONE', *, *, #6211, .T. ) ;
#5790 = EDGE_CURVE ( 'NONE', #6461, #6026, #6129, .T. ) ;
#5791 = ADVANCED_FACE ( 'NONE', ( #1329 ), #5259, .T. ) ;
#5792 = SURFACE_STYLE_FILL_AREA ( #3021 ) ;
#5793 = CARTESIAN_POINT ( 'NONE',  ( 2.609264482820521813, 1.923971919735854019, 0.6000000000000000888 ) ) ;
#5794 = CARTESIAN_POINT ( 'NONE',  ( 2.799740627478671584, 0.09999999999999632794, 0.3525820866397662567 ) ) ;
#5795 = ORIENTED_EDGE ( 'NONE', *, *, #3652, .F. ) ;
#5796 = COLOUR_RGB ( '',0.8274509803921568096, 0.6666666666666666297, 0.1294117647058823373 ) ;
#5797 = ORIENTED_EDGE ( 'NONE', *, *, #2938, .T. ) ;
#5798 =( LENGTH_UNIT ( ) NAMED_UNIT ( * ) SI_UNIT ( .MILLI., .METRE. ) );
#5799 = CARTESIAN_POINT ( 'NONE',  ( 3.169999999999999929, 2.199999999999999734, 0.0000000000000000000 ) ) ;
#5800 = SURFACE_SIDE_STYLE ('',( #4147 ) ) ;
#5801 = CIRCLE ( 'NONE', #541, 0.2700000000000002953 ) ;
#5802 = CARTESIAN_POINT ( 'NONE',  ( 2.779937501871236449, 2.400138902867559931, 0.1700000000000000122 ) ) ;
#5803 = SURFACE_STYLE_USAGE ( .BOTH. , #5728 ) ;
#5804 = DIRECTION ( 'NONE',  ( 0.0000000000000000000, 0.0000000000000000000, -1.000000000000000000 ) ) ;
#5805 =( NAMED_UNIT ( * ) SI_UNIT ( $, .STERADIAN. ) SOLID_ANGLE_UNIT ( ) );
#5806 = FACE_OUTER_BOUND ( 'NONE', #1193, .T. ) ;
#5807 = PRESENTATION_STYLE_ASSIGNMENT (( #6383 ) ) ;
#5808 = VERTEX_POINT ( 'NONE', #4265 ) ;
#5809 = ORIENTED_EDGE ( 'NONE', *, *, #5007, .F. ) ;
#5810 = AXIS2_PLACEMENT_3D ( 'NONE', #4835, #3258, #7017 ) ;
#5811 = SURFACE_STYLE_USAGE ( .BOTH. , #6344 ) ;
#5812 = CARTESIAN_POINT ( 'NONE',  ( 0.4000000000000001332, 0.1500000000000000222, 0.5200000000000000178 ) ) ;
#5813 =( GEOMETRIC_REPRESENTATION_CONTEXT ( 3 ) GLOBAL_UNCERTAINTY_ASSIGNED_CONTEXT ( ( #683 ) ) GLOBAL_UNIT_ASSIGNED_CONTEXT ( ( #6221, #3245, #4819 ) ) REPRESENTATION_CONTEXT ( 'NONE', 'WORKASPACE' ) );
#5814 = PRESENTATION_LAYER_ASSIGNMENT (  '', '', ( #1804 ) ) ;
#5815 = PRESENTATION_STYLE_ASSIGNMENT (( #839 ) ) ;
#5816 = ORIENTED_EDGE ( 'NONE', *, *, #6789, .T. ) ;
#5817 = ORIENTED_EDGE ( 'NONE', *, *, #1451, .T. ) ;
#5818 = B_SPLINE_CURVE_WITH_KNOTS ( 'NONE', 3,
 ( #3221, #5416, #3822, #6007 ),
 .UNSPECIFIED., .F., .F.,
 ( 4, 4 ),
 ( 0.0000000000000000000, 1.000000000000000000 ),
 .UNSPECIFIED. ) ;
#5819 = DIRECTION ( 'NONE',  ( -0.0000000000000000000, -0.0000000000000000000, -1.000000000000000000 ) ) ;
#5820 = PRESENTATION_LAYER_ASSIGNMENT (  '', '', ( #1362 ) ) ;
#5821 = DIRECTION ( 'NONE',  ( 1.000000000000000000, 0.0000000000000000000, -0.0000000000000000000 ) ) ;
#5822 = DIRECTION ( 'NONE',  ( -0.0000000000000000000, 0.0000000000000000000, 1.000000000000000000 ) ) ;
#5823 = PRESENTATION_LAYER_ASSIGNMENT (  '', '', ( #1028 ) ) ;
#5824 = DIRECTION ( 'NONE',  ( -1.000000000000000000, 0.0000000000000000000, 0.0000000000000000000 ) ) ;
#5825 = DIRECTION ( 'NONE',  ( 1.000000000000000000, 0.0000000000000000000, 0.0000000000000000000 ) ) ;
#5826 =( LENGTH_UNIT ( ) NAMED_UNIT ( * ) SI_UNIT ( .MILLI., .METRE. ) );
#5827 = ORIENTED_EDGE ( 'NONE', *, *, #685, .F. ) ;
#5828 = AXIS2_PLACEMENT_3D ( 'NONE', #3025, #5233, #317 ) ;
#5829 = LINE ( 'NONE', #4256, #5395 ) ;
#5830 = SURFACE_SIDE_STYLE ('',( #1463 ) ) ;
#5831 = EDGE_CURVE ( 'NONE', #294, #400, #4155, .T. ) ;
#5832 = ORIENTED_EDGE ( 'NONE', *, *, #2222, .F. ) ;
#5833 = ORIENTED_EDGE ( 'NONE', *, *, #3020, .F. ) ;
#5834 = CARTESIAN_POINT ( 'NONE',  ( 0.2887005768508881798, 2.290000000000000480, 0.6000000000000001998 ) ) ;
#5835 = LINE ( 'NONE', #5269, #6830 ) ;
#5836 = CARTESIAN_POINT ( 'NONE',  ( 0.3846473318088274307, 0.1011839070187519063, 0.5000000000000097700 ) ) ;
#5837 =( GEOMETRIC_REPRESENTATION_CONTEXT ( 3 ) GLOBAL_UNCERTAINTY_ASSIGNED_CONTEXT ( ( #1914 ) ) GLOBAL_UNIT_ASSIGNED_CONTEXT ( ( #1968, #888, #5889 ) ) REPRESENTATION_CONTEXT ( 'NONE', 'WORKASPACE' ) );
#5838 = CARTESIAN_POINT ( 'NONE',  ( 2.779937501871236449, 2.400138902867559931, 0.0000000000000000000 ) ) ;
#5839 = CARTESIAN_POINT ( 'NONE',  ( 0.0000000000000000000, 0.02999999999999997113, 0.1700000000000000122 ) ) ;
#5840 =( NAMED_UNIT ( * ) SI_UNIT ( $, .STERADIAN. ) SOLID_ANGLE_UNIT ( ) );
#5841 = ADVANCED_FACE ( 'NONE', ( #5806 ), #1537, .F. ) ;
#5842 = ADVANCED_FACE ( 'NONE', ( #2267 ), #536, .F. ) ;
#5843 = EDGE_LOOP ( 'NONE', ( #666, #5665, #6184, #1549, #2859, #2195, #4596, #5890, #5097, #1307, #468, #4471 ) ) ;
#5844 = CARTESIAN_POINT ( 'NONE',  ( 2.080276409533067916, 0.9199523185698690320, 0.1700000000000000122 ) ) ;
#5845 = ORIENTED_EDGE ( 'NONE', *, *, #2222, .T. ) ;
#5846 = CARTESIAN_POINT ( 'NONE',  ( 3.100000000000000533, 0.4000000000000001887, 0.4800000000000000933 ) ) ;
#5847 = STYLED_ITEM ( 'NONE', ( #5871 ), #3636 ) ;
#5848 = CARTESIAN_POINT ( 'NONE',  ( 0.1292284333452305423, 2.258614311441354161, 0.5000148884191946141 ) ) ;
#5849 = CARTESIAN_POINT ( 'NONE',  ( 0.09999075855428361803, 1.580047681430130968, 0.1700000000000000122 ) ) ;
#5850 = AXIS2_PLACEMENT_3D ( 'NONE', #3383, #5577, #659 ) ;
#5851 = ORIENTED_EDGE ( 'NONE', *, *, #6427, .F. ) ;
#5852 = UNCERTAINTY_MEASURE_WITH_UNIT (LENGTH_MEASURE( 1.000000000000000082E-05 ), #5053, 'distance_accuracy_value', 'NONE');
#5853 = CARTESIAN_POINT ( 'NONE',  ( 2.779937501871236449, 2.400138902867559931, 0.1700000000000000122 ) ) ;
#5854 = VECTOR ( 'NONE', #4124, 1000.000000000000000 ) ;
#5855 = CARTESIAN_POINT ( 'NONE',  ( 0.03954902097269674677, 0.1879277721598143214, 0.2899999999999999800 ) ) ;
#5856 = FACE_OUTER_BOUND ( 'NONE', #3933, .T. ) ;
#5857 = CARTESIAN_POINT ( 'NONE',  ( 0.09999075855428361803, 0.4200404230269066952, 0.1700000000000000122 ) ) ;
#5858 = CARTESIAN_POINT ( 'NONE',  ( 1.280000000000000471, 0.1199999999999998845, 0.5000000000000000000 ) ) ;
#5859 = STYLED_ITEM ( 'NONE', ( #326 ), #4332 ) ;
#5860 = EDGE_CURVE ( 'NONE', #6194, #509, #2684, .T. ) ;
#5861 = CARTESIAN_POINT ( 'NONE',  ( 2.799299562876443215, 2.475224135144549642, 0.2899999999999999800 ) ) ;
#5862 = PRESENTATION_STYLE_ASSIGNMENT (( #2640 ) ) ;
#5863 = CARTESIAN_POINT ( 'NONE',  ( 0.0000000000000000000, 2.469999999999999751, 0.1700000000000000122 ) ) ;
#5864 = LINE ( 'NONE', #966, #341 ) ;
#5865 = VERTEX_POINT ( 'NONE', #3894 ) ;
#5866 =( NAMED_UNIT ( * ) SI_UNIT ( $, .STERADIAN. ) SOLID_ANGLE_UNIT ( ) );
#5867 = CARTESIAN_POINT ( 'NONE',  ( 0.4098731178240239692, 2.400761356413560144, 0.5000000000000002220 ) ) ;
#5868 = LINE ( 'NONE', #6945, #1425 ) ;
#5869 = EDGE_CURVE ( 'NONE', #6617, #4673, #3252, .T. ) ;
#5870 = CARTESIAN_POINT ( 'NONE',  ( 2.989999999999999769, 2.211299423149112098, 0.6000000000000000888 ) ) ;
#5871 = PRESENTATION_STYLE_ASSIGNMENT (( #3682 ) ) ;
#5872 = CARTESIAN_POINT ( 'NONE',  ( 0.1101522168003146313, 2.267478750149281019, 0.3649999999999999911 ) ) ;
#5873 = COLOUR_RGB ( '',0.8274509803921568096, 0.6666666666666666297, 0.1294117647058823373 ) ;
#5874 = CARTESIAN_POINT ( 'NONE',  ( 2.779937501871236893, -1.626303258728256651E-16, 0.0000000000000000000 ) ) ;
#5875 = SURFACE_STYLE_FILL_AREA ( #6450 ) ;
#5876 = EDGE_LOOP ( 'NONE', ( #3745, #6131, #3003, #1437, #4098 ) ) ;
#5877 = CARTESIAN_POINT ( 'NONE',  ( 2.802737965005745124, 0.02500000000000002220, 0.2899999999999999800 ) ) ;
#5878 = STYLED_ITEM ( 'NONE', ( #1808 ), #5576 ) ;
#5879 = ADVANCED_FACE ( 'NONE', ( #5486 ), #5451, .F. ) ;
#5880 =( NAMED_UNIT ( * ) PLANE_ANGLE_UNIT ( ) SI_UNIT ( $, .RADIAN. ) );
#5881 = CARTESIAN_POINT ( 'NONE',  ( 0.1882282494656696559, 0.03770962490836719111, 0.2899999999999999800 ) ) ;
#5882 = CLOSED_SHELL ( 'NONE', ( #5090, #1012, #7057, #2526, #5239, #6044, #6345, #5906, #5619, #3590, #4767, #181, #1980 ) ) ;
#5883 = ORIENTED_EDGE ( 'NONE', *, *, #234, .F. ) ;
#5884 = EDGE_CURVE ( 'NONE', #6461, #7003, #75, .T. ) ;
#5885 = STYLED_ITEM ( 'NONE', ( #238 ), #208 ) ;
#5886 = DIRECTION ( 'NONE',  ( 0.0000000000000000000, 0.0000000000000000000, 1.000000000000000000 ) ) ;
#5887 = DIRECTION ( 'NONE',  ( 0.0000000000000000000, 1.000000000000000000, 0.0000000000000000000 ) ) ;
#5888 = CARTESIAN_POINT ( 'NONE',  ( 1.119723590466932039, 2.400138902867559931, 0.0000000000000000000 ) ) ;
#5889 =( NAMED_UNIT ( * ) SI_UNIT ( $, .STERADIAN. ) SOLID_ANGLE_UNIT ( ) );
#5890 = ORIENTED_EDGE ( 'NONE', *, *, #5531, .F. ) ;
#5891 = VECTOR ( 'NONE', #4943, 1000.000000000000000 ) ;
#5892 =( LENGTH_UNIT ( ) NAMED_UNIT ( * ) SI_UNIT ( .MILLI., .METRE. ) );
#5893 = MECHANICAL_DESIGN_GEOMETRIC_PRESENTATION_REPRESENTATION (  '', ( #1901 ), #2253 ) ;
#5894 = CARTESIAN_POINT ( 'NONE',  ( 0.09999075855428361803, -1.626303258728256651E-16, 0.0000000000000000000 ) ) ;
#5895 = VERTEX_POINT ( 'NONE', #4301 ) ;
#5896 = VERTEX_POINT ( 'NONE', #1574 ) ;
#5897 = CARTESIAN_POINT ( 'NONE',  ( 0.1499999999999997724, 2.246446609406726580, 0.5400000000000001465 ) ) ;
#5898 = DIRECTION ( 'NONE',  ( 0.0000000000000000000, -0.0000000000000000000, -1.000000000000000000 ) ) ;
#5899 = PRESENTATION_LAYER_ASSIGNMENT (  '', '', ( #4308 ) ) ;
#5900 = CARTESIAN_POINT ( 'NONE',  ( 2.779937501871236449, 2.400138902867559931, 0.0000000000000000000 ) ) ;
#5901 = PRESENTATION_LAYER_ASSIGNMENT (  '', '', ( #3946 ) ) ;
#5902 =( GEOMETRIC_REPRESENTATION_CONTEXT ( 3 ) GLOBAL_UNCERTAINTY_ASSIGNED_CONTEXT ( ( #6932 ) ) GLOBAL_UNIT_ASSIGNED_CONTEXT ( ( #2915, #1345, #2429 ) ) REPRESENTATION_CONTEXT ( 'NONE', 'WORKASPACE' ) );
#5903 =( GEOMETRIC_REPRESENTATION_CONTEXT ( 3 ) GLOBAL_UNCERTAINTY_ASSIGNED_CONTEXT ( ( #1710 ) ) GLOBAL_UNIT_ASSIGNED_CONTEXT ( ( #1241, #5649, #6731 ) ) REPRESENTATION_CONTEXT ( 'NONE', 'WORKASPACE' ) );
#5904 = CARTESIAN_POINT ( 'NONE',  ( 0.4200624981287633397, 2.500000000000000000, 0.0000000000000000000 ) ) ;
#5905 = CARTESIAN_POINT ( 'NONE',  ( 0.1476645410124496349, 2.258609385714333673, 0.5000000000000101030 ) ) ;
#5906 = ADVANCED_FACE ( 'NONE', ( #1048 ), #3222, .F. ) ;
#5907 = ORIENTED_EDGE ( 'NONE', *, *, #5831, .T. ) ;
#5908 = SURFACE_SIDE_STYLE ('',( #3721 ) ) ;
#5909 = VERTEX_POINT ( 'NONE', #3390 ) ;
#5910 = DIRECTION ( 'NONE',  ( 0.0000000000000000000, 0.0000000000000000000, 1.000000000000000000 ) ) ;
#5911 = STYLED_ITEM ( 'NONE', ( #6765 ), #6083 ) ;
#5912 = PRESENTATION_LAYER_ASSIGNMENT (  '', '', ( #1921 ) ) ;
#5913 = DIRECTION ( 'NONE',  ( -0.0000000000000000000, -1.000000000000000000, -0.0000000000000000000 ) ) ;
#5914 = LINE ( 'NONE', #5944, #2831 ) ;
#5915 = CARTESIAN_POINT ( 'NONE',  ( 0.09999075855428361803, 2.079959576973092972, 0.1700000000000000122 ) ) ;
#5916 = VECTOR ( 'NONE', #368, 1000.000000000000000 ) ;
#5917 = ORIENTED_EDGE ( 'NONE', *, *, #4581, .F. ) ;
#5918 = UNCERTAINTY_MEASURE_WITH_UNIT (LENGTH_MEASURE( 1.000000000000000082E-05 ), #2910, 'distance_accuracy_value', 'NONE');
#5919 = SURFACE_STYLE_FILL_AREA ( #6466 ) ;
#5920 =( LENGTH_UNIT ( ) NAMED_UNIT ( * ) SI_UNIT ( .MILLI., .METRE. ) );
#5921 = FILL_AREA_STYLE_COLOUR ( '', #5976 ) ;
#5922 = ADVANCED_FACE ( 'NONE', ( #5120 ), #3234, .T. ) ;
#5923 = ORIENTED_EDGE ( 'NONE', *, *, #2634, .F. ) ;
#5924 = DIRECTION ( 'NONE',  ( 1.000000000000000000, 0.0000000000000000000, 0.0000000000000000000 ) ) ;
#5925 = LINE ( 'NONE', #3275, #652 ) ;
#5926 =( GEOMETRIC_REPRESENTATION_CONTEXT ( 3 ) GLOBAL_UNCERTAINTY_ASSIGNED_CONTEXT ( ( #2133 ) ) GLOBAL_UNIT_ASSIGNED_CONTEXT ( ( #6740, #5231, #6433 ) ) REPRESENTATION_CONTEXT ( 'NONE', 'WORKASPACE' ) );
#5927 = COLOUR_RGB ( '',0.8274509803921568096, 0.6666666666666666297, 0.1294117647058823373 ) ;
#5928 = EDGE_CURVE ( 'NONE', #2230, #6489, #6158, .T. ) ;
#5929 = VERTEX_POINT ( 'NONE', #893 ) ;
#5930 = ORIENTED_EDGE ( 'NONE', *, *, #2551, .F. ) ;
#5931 = CARTESIAN_POINT ( 'NONE',  ( 3.078947920510923808, 2.112873157419602244, 0.5000000000000000000 ) ) ;
#5932 = PRESENTATION_LAYER_ASSIGNMENT (  '', '', ( #1592 ) ) ;
#5933 = UNCERTAINTY_MEASURE_WITH_UNIT (LENGTH_MEASURE( 1.000000000000000082E-05 ), #2223, 'distance_accuracy_value', 'NONE');
#5934 = DIRECTION ( 'NONE',  ( 0.0000000000000000000, 0.0000000000000000000, 1.000000000000000000 ) ) ;
#5935 = CARTESIAN_POINT ( 'NONE',  ( 0.2325212498603782540, 2.389847783205591547, 0.3649999999999999911 ) ) ;
#5936 = DIRECTION ( 'NONE',  ( -0.0000000000000000000, -0.0000000000000000000, -1.000000000000000000 ) ) ;
#5937 = DIRECTION ( 'NONE',  ( -1.000000000000000000, 1.330177414960940858E-15, 0.0000000000000000000 ) ) ;
#5938 = DIRECTION ( 'NONE',  ( -1.000000000000000000, 0.0000000000000000000, 0.0000000000000000000 ) ) ;
#5939 = EDGE_LOOP ( 'NONE', ( #422, #575, #5071, #3739 ) ) ;
#5940 = ORIENTED_EDGE ( 'NONE', *, *, #3515, .T. ) ;
#5941 = LINE ( 'NONE', #1053, #296 ) ;
#5942 =( NAMED_UNIT ( * ) PLANE_ANGLE_UNIT ( ) SI_UNIT ( $, .RADIAN. ) );
#5943 = FILL_AREA_STYLE ('',( #1580 ) ) ;
#5944 = CARTESIAN_POINT ( 'NONE',  ( 0.1500000000000000777, 0.4000000000000009104, 0.5400000000000001465 ) ) ;
#5945 = LINE ( 'NONE', #3229, #6004 ) ;
#5946 =( NAMED_UNIT ( * ) PLANE_ANGLE_UNIT ( ) SI_UNIT ( $, .RADIAN. ) );
#5947 = DIRECTION ( 'NONE',  ( -1.000000000000000000, 0.0000000000000000000, 0.0000000000000000000 ) ) ;
#5948 =( LENGTH_UNIT ( ) NAMED_UNIT ( * ) SI_UNIT ( .MILLI., .METRE. ) );
#5949 = EDGE_LOOP ( 'NONE', ( #1678, #3671, #6280, #1782 ) ) ;
#5950 = VERTEX_POINT ( 'NONE', #3068 ) ;
#5951 = CARTESIAN_POINT ( 'NONE',  ( 2.720000000000005969, 2.399999999999999911, 0.4800000000000000933 ) ) ;
#5952 = AXIS2_PLACEMENT_3D ( 'NONE', #5331, #419, #2611 ) ;
#5953 = DIRECTION ( 'NONE',  ( -1.000000000000000000, 0.0000000000000000000, -0.0000000000000000000 ) ) ;
#5954 = LINE ( 'NONE', #2568, #3403 ) ;
#5955 = CARTESIAN_POINT ( 'NONE',  ( 2.989999999999999769, 2.100000000000000089, 0.6000000000000000888 ) ) ;
#5956 = ORIENTED_EDGE ( 'NONE', *, *, #4428, .F. ) ;
#5957 = COLOUR_RGB ( '',0.8274509803921568096, 0.6666666666666666297, 0.1254901960784313708 ) ;
#5958 = SURFACE_STYLE_USAGE ( .BOTH. , #5471 ) ;
#5959 = EDGE_CURVE ( 'NONE', #90, #6749, #4712, .T. ) ;
#5960 = FILL_AREA_STYLE ('',( #4850 ) ) ;
#5961 = COLOUR_RGB ( '',0.8274509803921568096, 0.6666666666666666297, 0.1254901960784313708 ) ;
#5962 = CARTESIAN_POINT ( 'NONE',  ( 3.170000000000000373, 0.02999999999999997113, 0.0000000000000000000 ) ) ;
#5963 = VERTEX_POINT ( 'NONE', #5235 ) ;
#5964 = CARTESIAN_POINT ( 'NONE',  ( 3.169999999999999929, 2.469999999999999751, 0.0000000000000000000 ) ) ;
#5965 = EDGE_LOOP ( 'NONE', ( #1843, #279, #1498, #7066 ) ) ;
#5966 = SURFACE_STYLE_USAGE ( .BOTH. , #1138 ) ;
#5967 = CARTESIAN_POINT ( 'NONE',  ( 0.1303402189971261949, 2.176508477500805672, 0.5000000000000000000 ) ) ;
#5968 = CIRCLE ( 'NONE', #828, 0.02000000000000005246 ) ;
#5969 = DIRECTION ( 'NONE',  ( 1.000000000000000000, -0.0000000000000000000, 0.0000000000000000000 ) ) ;
#5970 = CARTESIAN_POINT ( 'NONE',  ( 0.2325212498603782818, 2.389847783205591547, 0.3210660171779821104 ) ) ;
#5971 = LINE ( 'NONE', #4361, #4619 ) ;
#5972 =( BOUNDED_SURFACE ( )  B_SPLINE_SURFACE ( 3, 3, ( 
 ( #3664, #6457, #5848, #1547 ),
 ( #954, #872, #6954, #3726 ),
 ( #2068, #4241, #4694, #1026 ),
 ( #2661, #3047, #4309, #6494 ) ),
 .UNSPECIFIED., .F., .F., .F. ) 
 B_SPLINE_SURFACE_WITH_KNOTS ( ( 4, 4 ),
 ( 4, 4 ),
 ( 0.0000000000000000000, 1.000000000000000000 ),
 ( 0.0000000000000000000, 1.000000000000000000 ),
 .UNSPECIFIED. ) 
 GEOMETRIC_REPRESENTATION_ITEM ( )  RATIONAL_B_SPLINE_SURFACE ( (
 ( 1.000000000000000000, 0.8047378541243660477, 0.8047378541243660477, 1.000000000000000000),
 ( 0.7955554221515207525, 0.6402135632592189651, 0.6402135632592189651, 0.7955554221515207525),
 ( 0.7955554221515207525, 0.6402135632592189651, 0.6402135632592189651, 0.7955554221515207525),
 ( 1.000000000000000000, 0.8047378541243660477, 0.8047378541243660477, 1.000000000000000000) ) ) 
 REPRESENTATION_ITEM ( '' )  SURFACE ( )  );
#5973 = CARTESIAN_POINT ( 'NONE',  ( 0.4200624981287633397, 2.400138902867559931, 0.0000000000000000000 ) ) ;
#5974 = DIRECTION ( 'NONE',  ( -1.000000000000000000, 0.0000000000000000000, 0.0000000000000000000 ) ) ;
#5975 = ORIENTED_EDGE ( 'NONE', *, *, #2305, .T. ) ;
#5976 = COLOUR_RGB ( '',0.8274509803921568096, 0.6666666666666666297, 0.1294117647058823373 ) ;
#5977 = ORIENTED_EDGE ( 'NONE', *, *, #2189, .F. ) ;
#5978 = DIRECTION ( 'NONE',  ( 1.000000000000000000, 0.0000000000000000000, 0.0000000000000000000 ) ) ;
#5979 = FILL_AREA_STYLE ('',( #4837 ) ) ;
#5980 = FILL_AREA_STYLE_COLOUR ( '', #4600 ) ;
#5981 = FILL_AREA_STYLE ('',( #6422 ) ) ;
#5982 = EDGE_LOOP ( 'NONE', ( #4688, #3041, #1661, #4087 ) ) ;
#5983 = EDGE_CURVE ( 'NONE', #6567, #80, #2518, .T. ) ;
#5984 = UNCERTAINTY_MEASURE_WITH_UNIT (LENGTH_MEASURE( 1.000000000000000082E-05 ), #3951, 'distance_accuracy_value', 'NONE');
#5985 = MECHANICAL_DESIGN_GEOMETRIC_PRESENTATION_REPRESENTATION (  '', ( #4503 ), #1752 ) ;
#5986 = SURFACE_SIDE_STYLE ('',( #7055 ) ) ;
#5987 = CARTESIAN_POINT ( 'NONE',  ( -1.626303258728256651E-16, -1.626303258728256651E-16, 0.0000000000000000000 ) ) ;
#5988 = CARTESIAN_POINT ( 'NONE',  ( 2.852543309322844056, 0.2104242677408188766, 0.6000000000000000888 ) ) ;
#5989 = EDGE_CURVE ( 'NONE', #1385, #1529, #6400, .T. ) ;
#5990 =( NAMED_UNIT ( * ) SI_UNIT ( $, .STERADIAN. ) SOLID_ANGLE_UNIT ( ) );
#5991 = ORIENTED_EDGE ( 'NONE', *, *, #2046, .F. ) ;
#5992 = CLOSED_SHELL ( 'NONE', ( #3683, #1418, #5121, #1210, #2081, #2947, #3984, #3416, #1487, #3760, #1954, #6077, #4871, #4733, #3695, #2565, #543, #6632, #4081, #6968, #4785, #988, #3940, #4643, #1864, #6753, #6033, #1659, #4435, #4675, #5791, #942, #3514, #3365, #6187, #5922, #6092, #3778, #3083, #5576, #6232, #5768, #3156, #4170, #5687, #5841, #2581, #6804, #2438, #3299, #4691, #5272, #2403, #694, #2984, #3341, #5842, #4946, #2513, #6829, #5611, #6313, #3923, #1799, #3556, #2242, #1533, #4891, #1544, #1856, #4369, #3769, #159, #4071, #3861, #5517, #3178, #2758, #2071, #208, #2613, #2694, #3897, #439, #5703, #3211, #1836, #4724, #7048, #1457, #4863, #187 ) ) ;
#5993 = SURFACE_STYLE_FILL_AREA ( #4952 ) ;
#5994 = CARTESIAN_POINT ( 'NONE',  ( 0.4000000000000000777, 0.2099999999999999645, 0.6000000000000001998 ) ) ;
#5995 = CARTESIAN_POINT ( 'NONE',  ( 2.389931833186331289, 1.580047681430130968, 0.1700000000000000122 ) ) ;
#5996 = FACE_OUTER_BOUND ( 'NONE', #6540, .T. ) ;
#5997 = ORIENTED_EDGE ( 'NONE', *, *, #3849, .T. ) ;
#5998 = VERTEX_POINT ( 'NONE', #2011 ) ;
#5999 = CARTESIAN_POINT ( 'NONE',  ( 3.049025075037838484, 2.261919769664044289, 0.4800000000000000933 ) ) ;
#6000 = FACE_OUTER_BOUND ( 'NONE', #6949, .T. ) ;
#6001 = EDGE_CURVE ( 'NONE', #578, #5895, #6873, .T. ) ;
#6002 = UNCERTAINTY_MEASURE_WITH_UNIT (LENGTH_MEASURE( 1.000000000000000082E-05 ), #604, 'distance_accuracy_value', 'NONE');
#6003 = CARTESIAN_POINT ( 'NONE',  ( 0.4200624981287633397, 2.400138902867559931, 0.1700000000000000122 ) ) ;
#6004 = VECTOR ( 'NONE', #5424, 1000.000000000000000 ) ;
#6005 = DIRECTION ( 'NONE',  ( -1.000000000000000000, -0.0000000000000000000, 0.0000000000000000000 ) ) ;
#6006 = FACE_OUTER_BOUND ( 'NONE', #54, .T. ) ;
#6007 = CARTESIAN_POINT ( 'NONE',  ( 0.4015377163306956820, 0.1199407981423787350, 0.4999999824757847544 ) ) ;
#6008 = SURFACE_STYLE_USAGE ( .BOTH. , #2778 ) ;
#6009 = ORIENTED_EDGE ( 'NONE', *, *, #6994, .F. ) ;
#6010 = VECTOR ( 'NONE', #189, 1000.000000000000000 ) ;
#6011 = DIRECTION ( 'NONE',  ( 0.0000000000000000000, 0.0000000000000000000, 1.000000000000000000 ) ) ;
#6012 = COLOUR_RGB ( '',0.01176470588235294101, 0.0000000000000000000, 0.05882352941176470507 ) ;
#6013 = ORIENTED_EDGE ( 'NONE', *, *, #2930, .F. ) ;
#6014 = CARTESIAN_POINT ( 'NONE',  ( 2.609264482820521813, 1.923971919735854019, 0.6100000000000000977 ) ) ;
#6015 = B_SPLINE_CURVE_WITH_KNOTS ( 'NONE', 3,
 ( #1674, #2774, #700, #6043, #3858, #6553 ),
 .UNSPECIFIED., .F., .F.,
 ( 4, 2, 4 ),
 ( 0.0000000000000000000, 0.5000000000000000000, 1.000000000000000000 ),
 .UNSPECIFIED. ) ;
#6016 = LINE ( 'NONE', #4804, #2496 ) ;
#6017 = MECHANICAL_DESIGN_GEOMETRIC_PRESENTATION_REPRESENTATION (  '', ( #3269 ), #5902 ) ;
#6018 = MANIFOLD_SOLID_BREP ( 'Ressalto-extrus?5[2]', #6343 ) ;
#6019 = VECTOR ( 'NONE', #525, 1000.000000000000000 ) ;
#6020 = CARTESIAN_POINT ( 'NONE',  ( 0.1000000000000000056, 0.4000000000000002998, 0.3649999999999999911 ) ) ;
#6021 = SURFACE_STYLE_FILL_AREA ( #1648 ) ;
#6022 = FILL_AREA_STYLE ('',( #1155 ) ) ;
#6023 = FACE_OUTER_BOUND ( 'NONE', #5734, .T. ) ;
#6024 = ORIENTED_EDGE ( 'NONE', *, *, #5553, .T. ) ;
#6025 = AXIS2_PLACEMENT_3D ( 'NONE', #5962, #664, #145 ) ;
#6026 = VERTEX_POINT ( 'NONE', #1974 ) ;
#6027 = DIRECTION ( 'NONE',  ( 0.0000000000000000000, 1.000000000000000000, 0.0000000000000000000 ) ) ;
#6028 = LINE ( 'NONE', #6465, #3857 ) ;
#6029 = PRESENTATION_STYLE_ASSIGNMENT (( #3845 ) ) ;
#6030 = ORIENTED_EDGE ( 'NONE', *, *, #2930, .T. ) ;
#6031 = AXIS2_PLACEMENT_3D ( 'NONE', #3973, #4985, #2832 ) ;
#6032 = CARTESIAN_POINT ( 'NONE',  ( 0.3999999999999998557, 0.1499999999999999667, 0.5751471862576144067 ) ) ;
#6033 = ADVANCED_FACE ( 'NONE', ( #817 ), #5197, .T. ) ;
#6034 = CARTESIAN_POINT ( 'NONE',  ( 2.080276409533067916, 0.9199523185698690320, 0.0000000000000000000 ) ) ;
#6035 = AXIS2_PLACEMENT_3D ( 'NONE', #611, #2783, #5759 ) ;
#6036 =( NAMED_UNIT ( * ) SI_UNIT ( $, .STERADIAN. ) SOLID_ANGLE_UNIT ( ) );
#6037 = PLANE ( 'NONE',  #6880 ) ;
#6038 = ORIENTED_EDGE ( 'NONE', *, *, #1878, .T. ) ;
#6039 = SURFACE_STYLE_FILL_AREA ( #3284 ) ;
#6040 = CARTESIAN_POINT ( 'NONE',  ( 3.100000000000000089, 0.4000000000000001887, 0.3649999999999999911 ) ) ;
#6041 = MECHANICAL_DESIGN_GEOMETRIC_PRESENTATION_REPRESENTATION (  '', ( #6623 ), #4219 ) ;
#6042 = VECTOR ( 'NONE', #2891, 1000.000000000000000 ) ;
#6043 = CARTESIAN_POINT ( 'NONE',  ( 2.898025072705729954, 2.271020189613618623, 0.5999999999999999778 ) ) ;
#6044 = ADVANCED_FACE ( 'NONE', ( #4352 ), #7065, .F. ) ;
#6045 = SURFACE_STYLE_FILL_AREA ( #3360 ) ;
#6046 = CIRCLE ( 'NONE', #3752, 0.2500000000000006661 ) ;
#6047 = VERTEX_POINT ( 'NONE', #5405 ) ;
#6048 = STYLED_ITEM ( 'NONE', ( #2092 ), #2592 ) ;
#6049 = EDGE_LOOP ( 'NONE', ( #5317, #3475, #3686, #5392 ) ) ;
#6050 = LINE ( 'NONE', #5620, #5667 ) ;
#6051 = CIRCLE ( 'NONE', #6281, 0.2500000000000009437 ) ;
#6052 = SURFACE_SIDE_STYLE ('',( #2379 ) ) ;
#6053 = MANIFOLD_SOLID_BREP ( 'Ressalto-extrus?5[3]', #5882 ) ;
#6054 = EDGE_CURVE ( 'NONE', #269, #2510, #534, .T. ) ;
#6055 = PRESENTATION_STYLE_ASSIGNMENT (( #225 ) ) ;
#6056 = EDGE_CURVE ( 'NONE', #3934, #6570, #4191, .T. ) ;
#6057 = DIRECTION ( 'NONE',  ( 0.0000000000000000000, 1.000000000000000000, 0.0000000000000000000 ) ) ;
#6058 = VERTEX_POINT ( 'NONE', #2952 ) ;
#6059 =( NAMED_UNIT ( * ) SI_UNIT ( $, .STERADIAN. ) SOLID_ANGLE_UNIT ( ) );
#6060 = ORIENTED_EDGE ( 'NONE', *, *, #5393, .T. ) ;
#6061 = ORIENTED_EDGE ( 'NONE', *, *, #4091, .F. ) ;
#6062 = UNCERTAINTY_MEASURE_WITH_UNIT (LENGTH_MEASURE( 1.000000000000000082E-05 ), #5271, 'distance_accuracy_value', 'NONE');
#6063 = CARTESIAN_POINT ( 'NONE',  ( 2.639999999999993907, 2.379999999999999893, 0.5000000000000000000 ) ) ;
#6064 = CARTESIAN_POINT ( 'NONE',  ( 3.049999999999999822, 0.2535533905932744192, 0.5079235637004544390 ) ) ;
#6065 = CARTESIAN_POINT ( 'NONE',  ( 0.1199999999999998845, 0.4566666666666678864, 0.5000000000000001110 ) ) ;
#6066 = CARTESIAN_POINT ( 'NONE',  ( 0.4015377163292058738, 2.380059201829101578, 0.4999999781956464551 ) ) ;
#6067 = ORIENTED_EDGE ( 'NONE', *, *, #7011, .T. ) ;
#6068 = PRESENTATION_STYLE_ASSIGNMENT (( #3881 ) ) ;
#6069 = PLANE ( 'NONE',  #6988 ) ;
#6070 = SURFACE_SIDE_STYLE ('',( #2360 ) ) ;
#6071 = DIRECTION ( 'NONE',  ( 1.000000000000000000, -0.0000000000000000000, 0.0000000000000000000 ) ) ;
#6072 = STYLED_ITEM ( 'NONE', ( #6215 ), #6968 ) ;
#6073 = SURFACE_STYLE_USAGE ( .BOTH. , #6588 ) ;
#6074 = VERTEX_POINT ( 'NONE', #1315 ) ;
#6075 = CARTESIAN_POINT ( 'NONE',  ( 2.798462283669304274, 2.380059201909494160, 0.5000000000000000000 ) ) ;
#6076 = MECHANICAL_DESIGN_GEOMETRIC_PRESENTATION_REPRESENTATION (  '', ( #2649 ), #1616 ) ;
#6077 = ADVANCED_FACE ( 'NONE', ( #1277 ), #2402, .F. ) ;
#6078 = UNCERTAINTY_MEASURE_WITH_UNIT (LENGTH_MEASURE( 1.000000000000000082E-05 ), #6996, 'distance_accuracy_value', 'NONE');
#6079 = LINE ( 'NONE', #5043, #4401 ) ;
#6080 = DIRECTION ( 'NONE',  ( -0.0000000000000000000, -0.0000000000000000000, -1.000000000000000000 ) ) ;
#6081 = DIRECTION ( 'NONE',  ( 1.000000000000000000, 0.0000000000000000000, 0.0000000000000000000 ) ) ;
#6082 = ORIENTED_EDGE ( 'NONE', *, *, #5480, .F. ) ;
#6083 = ADVANCED_FACE ( 'NONE', ( #177 ), #3990, .F. ) ;
#6084 = ORIENTED_EDGE ( 'NONE', *, *, #1459, .F. ) ;
#6085 =( GEOMETRIC_REPRESENTATION_CONTEXT ( 3 ) GLOBAL_UNCERTAINTY_ASSIGNED_CONTEXT ( ( #6498 ) ) GLOBAL_UNIT_ASSIGNED_CONTEXT ( ( #5130, #4558, #6745 ) ) REPRESENTATION_CONTEXT ( 'NONE', 'WORKASPACE' ) );
#6086 = CARTESIAN_POINT ( 'NONE',  ( 2.809264482820521991, 1.923971919735854019, 0.6100000000000000977 ) ) ;
#6087 = FACE_OUTER_BOUND ( 'NONE', #5647, .T. ) ;
#6088 = FILL_AREA_STYLE ('',( #6742 ) ) ;
#6089 = COLOUR_RGB ( '',0.8274509803921568096, 0.6666666666666666297, 0.1254901960784313708 ) ;
#6090 = CARTESIAN_POINT ( 'NONE',  ( 0.05185199480962566360, 0.3984340625174978556, 0.2900000000000119704 ) ) ;
#6091 = DIRECTION ( 'NONE',  ( -0.0000000000000000000, 0.0000000000000000000, 1.000000000000000000 ) ) ;
#6092 = ADVANCED_FACE ( 'NONE', ( #1456 ), #6440, .T. ) ;
#6093 = CARTESIAN_POINT ( 'NONE',  ( 0.3984340625175832873, 0.05185199481140386618, 0.2900000000000004796 ) ) ;
#6094 = EDGE_CURVE ( 'NONE', #3000, #121, #3633, .T. ) ;
#6095 = DIRECTION ( 'NONE',  ( 0.0000000000000000000, -0.0000000000000000000, -1.000000000000000000 ) ) ;
#6096 = DIRECTION ( 'NONE',  ( 0.0000000000000000000, 0.0000000000000000000, -1.000000000000000000 ) ) ;
#6097 = CARTESIAN_POINT ( 'NONE',  ( 3.049999999999999378, 0.4000000000000005773, 0.5079235637004544390 ) ) ;
#6098 =( LENGTH_UNIT ( ) NAMED_UNIT ( * ) SI_UNIT ( .MILLI., .METRE. ) );
#6099 =( GEOMETRIC_REPRESENTATION_CONTEXT ( 3 ) GLOBAL_UNCERTAINTY_ASSIGNED_CONTEXT ( ( #425 ) ) GLOBAL_UNIT_ASSIGNED_CONTEXT ( ( #5686, #2442, #1899 ) ) REPRESENTATION_CONTEXT ( 'NONE', 'WORKASPACE' ) );
#6100 = CARTESIAN_POINT ( 'NONE',  ( 2.800751750087969505, 2.426633143127918224, 0.3044097484884482063 ) ) ;
#6101 = ORIENTED_EDGE ( 'NONE', *, *, #2121, .T. ) ;
#6102 = CARTESIAN_POINT ( 'NONE',  ( 2.900000000000000355, 0.0000000000000000000, 0.1700000000000000122 ) ) ;
#6103 = VECTOR ( 'NONE', #4621, 1000.000000000000000 ) ;
#6104 = DIRECTION ( 'NONE',  ( 0.0000000000000000000, 0.0000000000000000000, -1.000000000000000000 ) ) ;
#6105 = CARTESIAN_POINT ( 'NONE',  ( 1.119723590466932039, 2.469999999999999751, 0.1700000000000000122 ) ) ;
#6106 = SURFACE_STYLE_FILL_AREA ( #4956 ) ;
#6107 = DIRECTION ( 'NONE',  ( -0.0000000000000000000, 1.000000000000000000, 0.0000000000000000000 ) ) ;
#6108 =( NAMED_UNIT ( * ) PLANE_ANGLE_UNIT ( ) SI_UNIT ( $, .RADIAN. ) );
#6109 = VERTEX_POINT ( 'NONE', #2080 ) ;
#6110 = CARTESIAN_POINT ( 'NONE',  ( 0.2100000000000000200, 2.100000000000000089, 0.5400000000000001465 ) ) ;
#6111 = COLOUR_RGB ( '',0.8274509803921568096, 0.6666666666666666297, 0.1294117647058823373 ) ;
#6112 = LINE ( 'NONE', #5081, #869 ) ;
#6113 = SURFACE_STYLE_FILL_AREA ( #3286 ) ;
#6114 = PRESENTATION_LAYER_ASSIGNMENT (  '', '', ( #5216 ) ) ;
#6115 = DIRECTION ( 'NONE',  ( 0.0000000000000000000, 1.000000000000000000, 0.0000000000000000000 ) ) ;
#6116 = SURFACE_SIDE_STYLE ('',( #2856 ) ) ;
#6117 = SURFACE_STYLE_FILL_AREA ( #3922 ) ;
#6118 = ORIENTED_EDGE ( 'NONE', *, *, #3608, .F. ) ;
#6119 = PLANE ( 'NONE',  #5312 ) ;
#6120 = VERTEX_POINT ( 'NONE', #2704 ) ;
#6121 = AXIS2_PLACEMENT_3D ( 'NONE', #620, #2210, #6096 ) ;
#6122 = VECTOR ( 'NONE', #3227, 1000.000000000000000 ) ;
#6123 = EDGE_CURVE ( 'NONE', #2723, #4919, #22, .T. ) ;
#6124 = DIRECTION ( 'NONE',  ( -0.0000000000000000000, -0.0000000000000000000, 1.000000000000000000 ) ) ;
#6125 = AXIS2_PLACEMENT_3D ( 'NONE', #2488, #1295, #4654 ) ;
#6126 =( GEOMETRIC_REPRESENTATION_CONTEXT ( 3 ) GLOBAL_UNCERTAINTY_ASSIGNED_CONTEXT ( ( #764 ) ) GLOBAL_UNIT_ASSIGNED_CONTEXT ( ( #3074, #2014, #2616 ) ) REPRESENTATION_CONTEXT ( 'NONE', 'WORKASPACE' ) );
#6127 = PRESENTATION_LAYER_ASSIGNMENT (  '', '', ( #6705 ) ) ;
#6128 = FILL_AREA_STYLE ('',( #4005 ) ) ;
#6129 = LINE ( 'NONE', #3459, #6597 ) ;
#6130 =( NAMED_UNIT ( * ) PLANE_ANGLE_UNIT ( ) SI_UNIT ( $, .RADIAN. ) );
#6131 = ORIENTED_EDGE ( 'NONE', *, *, #5172, .T. ) ;
#6132 = UNCERTAINTY_MEASURE_WITH_UNIT (LENGTH_MEASURE( 1.000000000000000082E-05 ), #283, 'distance_accuracy_value', 'NONE');
#6133 = SURFACE_STYLE_FILL_AREA ( #3340 ) ;
#6134 = STYLED_ITEM ( 'NONE', ( #2335 ), #5906 ) ;
#6135 = MECHANICAL_DESIGN_GEOMETRIC_PRESENTATION_REPRESENTATION (  '', ( #4306 ), #1783 ) ;
#6136 = AXIS2_PLACEMENT_3D ( 'NONE', #6755, #4416, #6615 ) ;
#6137 =( LENGTH_UNIT ( ) NAMED_UNIT ( * ) SI_UNIT ( .MILLI., .METRE. ) );
#6138 = CARTESIAN_POINT ( 'NONE',  ( 2.800000000000000711, 0.1499999999999999112, 0.5079235637004544390 ) ) ;
#6139 = AXIS2_PLACEMENT_3D ( 'NONE', #2116, #1561, #3811 ) ;
#6140 = PLANE ( 'NONE',  #6136 ) ;
#6141 = ORIENTED_EDGE ( 'NONE', *, *, #6900, .T. ) ;
#6142 = VERTEX_POINT ( 'NONE', #6467 ) ;
#6143 = DIRECTION ( 'NONE',  ( 1.000000000000000000, 0.0000000000000000000, -0.0000000000000000000 ) ) ;
#6144 =( NAMED_UNIT ( * ) PLANE_ANGLE_UNIT ( ) SI_UNIT ( $, .RADIAN. ) );
#6145 = SURFACE_STYLE_USAGE ( .BOTH. , #6651 ) ;
#6146 = DIRECTION ( 'NONE',  ( -1.000000000000000000, -0.0000000000000000000, 0.0000000000000000000 ) ) ;
#6147 = EDGE_CURVE ( 'NONE', #2186, #259, #4918, .T. ) ;
#6148 = FACE_OUTER_BOUND ( 'NONE', #3555, .T. ) ;
#6149 = ORIENTED_EDGE ( 'NONE', *, *, #4426, .F. ) ;
#6150 =( GEOMETRIC_REPRESENTATION_CONTEXT ( 3 ) GLOBAL_UNCERTAINTY_ASSIGNED_CONTEXT ( ( #5639 ) ) GLOBAL_UNIT_ASSIGNED_CONTEXT ( ( #1956, #4627, #6346 ) ) REPRESENTATION_CONTEXT ( 'NONE', 'WORKASPACE' ) );
#6151 = DIRECTION ( 'NONE',  ( 0.0000000000000000000, -1.000000000000000000, -0.0000000000000000000 ) ) ;
#6152 = SURFACE_STYLE_USAGE ( .BOTH. , #1814 ) ;
#6153 = VECTOR ( 'NONE', #638, 1000.000000000000000 ) ;
#6154 = DIRECTION ( 'NONE',  ( 0.0000000000000000000, 1.000000000000000000, 0.0000000000000000000 ) ) ;
#6155 =( NAMED_UNIT ( * ) SI_UNIT ( $, .STERADIAN. ) SOLID_ANGLE_UNIT ( ) );
#6156 = FILL_AREA_STYLE_COLOUR ( '', #2032 ) ;
#6157 = ORIENTED_EDGE ( 'NONE', *, *, #23, .F. ) ;
#6158 = B_SPLINE_CURVE_WITH_KNOTS ( 'NONE', 3,
 ( #6941, #4747, #5332, #6909, #5794, #4257 ),
 .UNSPECIFIED., .F., .F.,
 ( 4, 2, 4 ),
 ( 0.0000000000000000000, 0.5000000000000000000, 1.000000000000000000 ),
 .UNSPECIFIED. ) ;
#6159 = VECTOR ( 'NONE', #3988, 1000.000000000000000 ) ;
#6160 = AXIS2_PLACEMENT_3D ( 'NONE', #1387, #852, #6871 ) ;
#6161 = CARTESIAN_POINT ( 'NONE',  ( 0.09923864358606866720, 0.4098731178319771074, 0.4999999999999996669 ) ) ;
#6162 = FILL_AREA_STYLE ('',( #1251 ) ) ;
#6163 = CARTESIAN_POINT ( 'NONE',  ( 1.119723590466932039, 0.9199523185698690320, 0.1700000000000000122 ) ) ;
#6164 = CARTESIAN_POINT ( 'NONE',  ( 2.994426580903603696, 2.288180748514550888, 0.5000030481415291828 ) ) ;
#6165 = STYLED_ITEM ( 'NONE', ( #4475 ), #2513 ) ;
#6166 =( LENGTH_UNIT ( ) NAMED_UNIT ( * ) SI_UNIT ( .MILLI., .METRE. ) );
#6167 = VERTEX_POINT ( 'NONE', #1523 ) ;
#6168 = CARTESIAN_POINT ( 'NONE',  ( 3.170000000000000373, 0.02999999999999997113, 0.1700000000000000122 ) ) ;
#6169 = ORIENTED_EDGE ( 'NONE', *, *, #3451, .F. ) ;
#6170 = ORIENTED_EDGE ( 'NONE', *, *, #5989, .T. ) ;
#6171 =( GEOMETRIC_REPRESENTATION_CONTEXT ( 3 ) GLOBAL_UNCERTAINTY_ASSIGNED_CONTEXT ( ( #6132 ) ) GLOBAL_UNIT_ASSIGNED_CONTEXT ( ( #283, #2474, #6293 ) ) REPRESENTATION_CONTEXT ( 'NONE', 'WORKASPACE' ) );
#6172 = DIRECTION ( 'NONE',  ( 1.000000000000000000, -0.0000000000000000000, -0.0000000000000000000 ) ) ;
#6173 = CARTESIAN_POINT ( 'NONE',  ( 0.2052604420177458477, 0.2121419212420618539, 0.5000030807121101928 ) ) ;
#6174 = SURFACE_STYLE_FILL_AREA ( #5103 ) ;
#6175 = CARTESIAN_POINT ( 'NONE',  ( 2.779937501871236893, 0.0000000000000000000, 0.0000000000000000000 ) ) ;
#6176 = VERTEX_POINT ( 'NONE', #3802 ) ;
#6177 = VERTEX_POINT ( 'NONE', #5955 ) ;
#6178 = DIRECTION ( 'NONE',  ( -0.0000000000000000000, -0.0000000000000000000, -1.000000000000000000 ) ) ;
#6179 = CARTESIAN_POINT ( 'NONE',  ( 3.073826014089279912, 0.3245913417738003348, 0.5000000000000000000 ) ) ;
#6180 = AXIS2_PLACEMENT_3D ( 'NONE', #2042, #1491, #5326 ) ;
#6181 = DIRECTION ( 'NONE',  ( 1.000000000000000000, 0.0000000000000000000, 0.0000000000000000000 ) ) ;
#6182 = FILL_AREA_STYLE_COLOUR ( '', #376 ) ;
#6183 = SURFACE_STYLE_USAGE ( .BOTH. , #665 ) ;
#6184 = ORIENTED_EDGE ( 'NONE', *, *, #944, .F. ) ;
#6185 = STYLED_ITEM ( 'NONE', ( #6444 ), #3590 ) ;
#6186 = ADVANCED_FACE ( 'NONE', ( #1032 ), #3207, .F. ) ;
#6187 = ADVANCED_FACE ( 'NONE', ( #5364 ), #133, .T. ) ;
#6188 = CARTESIAN_POINT ( 'NONE',  ( 0.1000000000000000888, 2.100000000000000533, 0.4800000000000000377 ) ) ;
#6189 =( LENGTH_UNIT ( ) NAMED_UNIT ( * ) SI_UNIT ( .MILLI., .METRE. ) );
#6190 = SURFACE_STYLE_USAGE ( .BOTH. , #707 ) ;
#6191 = SURFACE_STYLE_FILL_AREA ( #2864 ) ;
#6192 = DIRECTION ( 'NONE',  ( -1.000000000000000000, -3.053757688596834341E-16, 0.0000000000000000000 ) ) ;
#6193 = DIRECTION ( 'NONE',  ( 0.0000000000000000000, -1.000000000000000000, -0.0000000000000000000 ) ) ;
#6194 = VERTEX_POINT ( 'NONE', #2878 ) ;
#6195 = DIRECTION ( 'NONE',  ( 0.0000000000000000000, 0.0000000000000000000, 1.000000000000000000 ) ) ;
#6196 = ORIENTED_EDGE ( 'NONE', *, *, #2127, .T. ) ;
#6197 =( NAMED_UNIT ( * ) PLANE_ANGLE_UNIT ( ) SI_UNIT ( $, .RADIAN. ) );
#6198 = EDGE_LOOP ( 'NONE', ( #1039, #6030, #5367, #2655 ) ) ;
#6199 = UNCERTAINTY_MEASURE_WITH_UNIT (LENGTH_MEASURE( 1.000000000000000082E-05 ), #2423, 'distance_accuracy_value', 'NONE');
#6200 = VECTOR ( 'NONE', #3602, 1000.000000000000000 ) ;
#6201 = CARTESIAN_POINT ( 'NONE',  ( 0.4200624981287632842, 2.400138902867559931, 0.0000000000000000000 ) ) ;
#6202 = LINE ( 'NONE', #758, #3105 ) ;
#6203 = CARTESIAN_POINT ( 'NONE',  ( 0.1000000000000000056, 0.4023382115780308466, 0.4842147268649482084 ) ) ;
#6204 = CARTESIAN_POINT ( 'NONE',  ( 3.099999999999999201, 1.976928110800137528, 0.5000000000000028866 ) ) ;
#6205 = ORIENTED_EDGE ( 'NONE', *, *, #1191, .F. ) ;
#6206 = VERTEX_POINT ( 'NONE', #1766 ) ;
#6207 = STYLED_ITEM ( 'NONE', ( #4118 ), #4814 ) ;
#6208 = DIRECTION ( 'NONE',  ( -1.000000000000000000, 0.0000000000000000000, 0.0000000000000000000 ) ) ;
#6209 = FILL_AREA_STYLE_COLOUR ( '', #6369 ) ;
#6210 = CIRCLE ( 'NONE', #2567, 0.05999999999999999778 ) ;
#6211 = EDGE_CURVE ( 'NONE', #152, #3324, #6647, .T. ) ;
#6212 = PRESENTATION_STYLE_ASSIGNMENT (( #728 ) ) ;
#6213 = CARTESIAN_POINT ( 'NONE',  ( 0.4250672634741105016, 0.4250672634741105016, 0.5000000000000000000 ) ) ;
#6214 = DIRECTION ( 'NONE',  ( 1.000000000000000000, 0.0000000000000000000, -0.0000000000000000000 ) ) ;
#6215 = PRESENTATION_STYLE_ASSIGNMENT (( #6183 ) ) ;
#6216 = ORIENTED_EDGE ( 'NONE', *, *, #897, .T. ) ;
#6217 = PRESENTATION_STYLE_ASSIGNMENT (( #2852 ) ) ;
#6218 = STYLED_ITEM ( 'NONE', ( #1350 ), #5619 ) ;
#6219 = VECTOR ( 'NONE', #1941, 1000.000000000000000 ) ;
#6220 = FILL_AREA_STYLE ('',( #1780 ) ) ;
#6221 =( LENGTH_UNIT ( ) NAMED_UNIT ( * ) SI_UNIT ( .MILLI., .METRE. ) );
#6222 = EDGE_CURVE ( 'NONE', #135, #294, #3925, .T. ) ;
#6223 = FILL_AREA_STYLE ('',( #3999 ) ) ;
#6224 = FACE_OUTER_BOUND ( 'NONE', #3584, .T. ) ;
#6225 = LINE ( 'NONE', #1431, #4064 ) ;
#6226 = AXIS2_PLACEMENT_3D ( 'NONE', #4186, #6377, #3654 ) ;
#6227 = CARTESIAN_POINT ( 'NONE',  ( 3.148147157873428359, 2.101565880139065534, 0.2899999999999990918 ) ) ;
#6228 = SURFACE_STYLE_FILL_AREA ( #6336 ) ;
#6229 = SURFACE_STYLE_USAGE ( .BOTH. , #6743 ) ;
#6230 = SURFACE_STYLE_FILL_AREA ( #3543 ) ;
#6231 = DIRECTION ( 'NONE',  ( 0.0000000000000000000, -0.0000000000000000000, 1.000000000000000000 ) ) ;
#6232 = ADVANCED_FACE ( 'NONE', ( #1190 ), #6140, .F. ) ;
#6233 = VERTEX_POINT ( 'NONE', #6066 ) ;
#6234 = COLOUR_RGB ( '',0.8274509803921568096, 0.6666666666666666297, 0.1294117647058823373 ) ;
#6235 = COLOUR_RGB ( '',0.01176470588235294101, 0.0000000000000000000, 0.05882352941176470507 ) ;
#6236 = CARTESIAN_POINT ( 'NONE',  ( 2.799999999999999822, 2.350000000000000089, 0.5200000000000000178 ) ) ;
#6237 = EDGE_LOOP ( 'NONE', ( #4942, #1514, #5375, #5923 ) ) ;
#6238 = VERTEX_POINT ( 'NONE', #874 ) ;
#6239 = DIRECTION ( 'NONE',  ( -0.0000000000000000000, -1.000000000000000000, 0.0000000000000000000 ) ) ;
#6240 = CARTESIAN_POINT ( 'NONE',  ( 0.1303080230041385179, 0.3274540953745719296, 0.5000000000000000000 ) ) ;
#6241 = SURFACE_STYLE_FILL_AREA ( #4094 ) ;
#6242 = DIRECTION ( 'NONE',  ( -3.614007241618351729E-16, 1.000000000000000000, -3.614007241618330528E-16 ) ) ;
#6243 = ORIENTED_EDGE ( 'NONE', *, *, #3732, .T. ) ;
#6244 = MECHANICAL_DESIGN_GEOMETRIC_PRESENTATION_REPRESENTATION (  '', ( #635 ), #1663 ) ;
#6245 = VECTOR ( 'NONE', #658, 1000.000000000000000 ) ;
#6246 = FILL_AREA_STYLE_COLOUR ( '', #5458 ) ;
#6247 = CARTESIAN_POINT ( 'NONE',  ( 2.779937501871236893, 0.09986109713243988828, 0.1700000000000000122 ) ) ;
#6248 = VECTOR ( 'NONE', #2048, 1000.000000000000000 ) ;
#6249 = DIRECTION ( 'NONE',  ( 0.0000000000000000000, 0.0000000000000000000, -1.000000000000000000 ) ) ;
#6250 = SURFACE_SIDE_STYLE ('',( #2469 ) ) ;
#6251 = CARTESIAN_POINT ( 'NONE',  ( 0.9600000000000000755, 0.1000000000000000056, 0.4800000000000000933 ) ) ;
#6252 = FILL_AREA_STYLE_COLOUR ( '', #3433 ) ;
#6253 = ORIENTED_EDGE ( 'NONE', *, *, #6434, .F. ) ;
#6254 = STYLED_ITEM ( 'NONE', ( #2707 ), #6053 ) ;
#6255 = EDGE_CURVE ( 'NONE', #259, #5171, #5042, .T. ) ;
#6256 = DIRECTION ( 'NONE',  ( 0.0000000000000000000, -1.000000000000000000, -0.0000000000000000000 ) ) ;
#6257 = B_SPLINE_CURVE_WITH_KNOTS ( 'NONE', 3,
 ( #6173, #2499, #6240, #4661 ),
 .UNSPECIFIED., .F., .F.,
 ( 4, 4 ),
 ( 0.0000000000000000000, 1.000000000000000000 ),
 .UNSPECIFIED. ) ;
#6258 =( NAMED_UNIT ( * ) PLANE_ANGLE_UNIT ( ) SI_UNIT ( $, .RADIAN. ) );
#6259 = MECHANICAL_DESIGN_GEOMETRIC_PRESENTATION_REPRESENTATION (  '', ( #2816 ), #3283 ) ;
#6260 = ORIENTED_EDGE ( 'NONE', *, *, #3840, .F. ) ;
#6261 = CARTESIAN_POINT ( 'NONE',  ( 3.100000000000000533, 0.4000000000000001887, 0.4800000000000000933 ) ) ;
#6262 = CARTESIAN_POINT ( 'NONE',  ( 0.3846473386338427058, 0.1011839063810400091, 0.4800000000000000933 ) ) ;
#6263 = CARTESIAN_POINT ( 'NONE',  ( 3.200000000000000178, 2.079959576973092972, 0.1700000000000000122 ) ) ;
#6264 = CARTESIAN_POINT ( 'NONE',  ( 0.2999999999999999889, 0.0000000000000000000, 0.0000000000000000000 ) ) ;
#6265 =( NAMED_UNIT ( * ) PLANE_ANGLE_UNIT ( ) SI_UNIT ( $, .RADIAN. ) );
#6266 = SURFACE_STYLE_FILL_AREA ( #1868 ) ;
#6267 = DIRECTION ( 'NONE',  ( -0.0000000000000000000, -0.0000000000000000000, -1.000000000000000000 ) ) ;
#6268 = EDGE_LOOP ( 'NONE', ( #3597, #976, #5977, #3160, #4822 ) ) ;
#6269 =( GEOMETRIC_REPRESENTATION_CONTEXT ( 3 ) GLOBAL_UNCERTAINTY_ASSIGNED_CONTEXT ( ( #3476 ) ) GLOBAL_UNIT_ASSIGNED_CONTEXT ( ( #7049, #2199, #3830 ) ) REPRESENTATION_CONTEXT ( 'NONE', 'WORKASPACE' ) );
#6270 = EDGE_LOOP ( 'NONE', ( #1538, #919, #2675, #4443 ) ) ;
#6271 = ORIENTED_EDGE ( 'NONE', *, *, #3056, .T. ) ;
#6272 = UNCERTAINTY_MEASURE_WITH_UNIT (LENGTH_MEASURE( 1.000000000000000082E-05 ), #2122, 'distance_accuracy_value', 'NONE');
#6273 = ADVANCED_FACE ( 'NONE', ( #6787 ), #268, .F. ) ;
#6274 = CIRCLE ( 'NONE', #6160, 0.2700000000000000733 ) ;
#6275 = DIRECTION ( 'NONE',  ( 1.000000000000000000, -1.084202172485505420E-15, 1.084202172485505420E-15 ) ) ;
#6276 = SURFACE_SIDE_STYLE ('',( #1337 ) ) ;
#6277 = SURFACE_STYLE_USAGE ( .BOTH. , #1263 ) ;
#6278 = CARTESIAN_POINT ( 'NONE',  ( 0.1157158460520383014, 0.4033704831434490323, 0.4999843357379905595 ) ) ;
#6279 = DIRECTION ( 'NONE',  ( -0.0000000000000000000, -1.000000000000000000, -0.0000000000000000000 ) ) ;
#6280 = ORIENTED_EDGE ( 'NONE', *, *, #2419, .F. ) ;
#6281 = AXIS2_PLACEMENT_3D ( 'NONE', #6335, #1866, #1326 ) ;
#6282 = ORIENTED_EDGE ( 'NONE', *, *, #1627, .F. ) ;
#6283 = COLOUR_RGB ( '',0.8274509803921568096, 0.6666666666666666297, 0.1294117647058823373 ) ;
#6284 = LINE ( 'NONE', #375, #2788 ) ;
#6285 = PRESENTATION_STYLE_ASSIGNMENT (( #1930 ) ) ;
#6286 =( NAMED_UNIT ( * ) SI_UNIT ( $, .STERADIAN. ) SOLID_ANGLE_UNIT ( ) );
#6287 = CARTESIAN_POINT ( 'NONE',  ( 0.4200624981287628956, 0.0000000000000000000, 0.0000000000000000000 ) ) ;
#6288 =( LENGTH_UNIT ( ) NAMED_UNIT ( * ) SI_UNIT ( .MILLI., .METRE. ) );
#6289 = ORIENTED_EDGE ( 'NONE', *, *, #4502, .F. ) ;
#6290 = PRESENTATION_LAYER_ASSIGNMENT (  '', '', ( #1493 ) ) ;
#6291 = FILL_AREA_STYLE ('',( #1933 ) ) ;
#6292 = CARTESIAN_POINT ( 'NONE',  ( 0.1011839063810405920, 2.115352661366160181, 0.4800000000000000933 ) ) ;
#6293 =( NAMED_UNIT ( * ) SI_UNIT ( $, .STERADIAN. ) SOLID_ANGLE_UNIT ( ) );
#6294 = CARTESIAN_POINT ( 'NONE',  ( 3.096542744279371817, 0.3693788365759634318, 0.5000000000000041078 ) ) ;
#6295 = LINE ( 'NONE', #4716, #6219 ) ;
#6296 = DIRECTION ( 'NONE',  ( -1.000000000000000000, -0.0000000000000000000, 0.0000000000000000000 ) ) ;
#6297 = SURFACE_STYLE_FILL_AREA ( #1393 ) ;
#6298 = DIRECTION ( 'NONE',  ( -0.0000000000000000000, 0.0000000000000000000, 1.000000000000000000 ) ) ;
#6299 = COLOUR_RGB ( '',0.8274509803921568096, 0.6666666666666666297, 0.1294117647058823373 ) ;
#6300 = SURFACE_STYLE_FILL_AREA ( #2483 ) ;
#6301 = SURFACE_STYLE_FILL_AREA ( #362 ) ;
#6302 = ADVANCED_FACE ( 'NONE', ( #2502 ), #1340, .F. ) ;
#6303 = EDGE_LOOP ( 'NONE', ( #4815, #6526, #5816, #4839 ) ) ;
#6304 = COLOUR_RGB ( '',0.7921568627450980005, 0.8196078431372548767, 0.9333333333333333481 ) ;
#6305 =( NAMED_UNIT ( * ) PLANE_ANGLE_UNIT ( ) SI_UNIT ( $, .RADIAN. ) );
#6306 = ORIENTED_EDGE ( 'NONE', *, *, #6536, .T. ) ;
#6307 = ORIENTED_EDGE ( 'NONE', *, *, #6727, .F. ) ;
#6308 = DIRECTION ( 'NONE',  ( -1.000000000000000000, 0.0000000000000000000, -0.0000000000000000000 ) ) ;
#6309 = PLANE ( 'NONE',  #3676 ) ;
#6310 = CARTESIAN_POINT ( 'NONE',  ( 0.1101564410808563987, 0.4048539568106441777, 0.4979288735152712086 ) ) ;
#6311 = EDGE_CURVE ( 'NONE', #6691, #332, #2459, .T. ) ;
#6312 = VERTEX_POINT ( 'NONE', #2204 ) ;
#6313 = ADVANCED_FACE ( 'NONE', ( #2662 ), #13, .F. ) ;
#6314 = EDGE_LOOP ( 'NONE', ( #6782, #6289, #673, #6635 ) ) ;
#6315 = CARTESIAN_POINT ( 'NONE',  ( 3.100009241445716324, 2.079959576973092972, 0.0000000000000000000 ) ) ;
#6316 = MECHANICAL_DESIGN_GEOMETRIC_PRESENTATION_REPRESENTATION (  '', ( #1737 ), #6085 ) ;
#6317 = DIRECTION ( 'NONE',  ( -1.000000000000000000, -0.0000000000000000000, 0.0000000000000000000 ) ) ;
#6318 = CARTESIAN_POINT ( 'NONE',  ( 0.09999075855428361803, 0.4200404230269066952, 0.1700000000000000122 ) ) ;
#6319 = CARTESIAN_POINT ( 'NONE',  ( 3.200000000000000178, 0.2000000000000003719, 0.1700000000000000122 ) ) ;
#6320 = MECHANICAL_DESIGN_GEOMETRIC_PRESENTATION_REPRESENTATION (  '', ( #1406 ), #1522 ) ;
#6321 =( LENGTH_UNIT ( ) NAMED_UNIT ( * ) SI_UNIT ( .MILLI., .METRE. ) );
#6322 = LINE ( 'NONE', #381, #128 ) ;
#6323 = VERTEX_POINT ( 'NONE', #4807 ) ;
#6324 = CARTESIAN_POINT ( 'NONE',  ( 0.4200624981287628956, 0.09986109713243987440, 0.0000000000000000000 ) ) ;
#6325 = MECHANICAL_DESIGN_GEOMETRIC_PRESENTATION_REPRESENTATION (  '', ( #4496 ), #964 ) ;
#6326 = DIRECTION ( 'NONE',  ( -0.0000000000000000000, -1.000000000000000000, -0.0000000000000000000 ) ) ;
#6327 = CARTESIAN_POINT ( 'NONE',  ( 0.4200624981287628401, 0.02999999999999997113, 0.1700000000000000122 ) ) ;
#6328 = EDGE_LOOP ( 'NONE', ( #5586, #5247, #1038, #2779 ) ) ;
#6329 = VERTEX_POINT ( 'NONE', #4310 ) ;
#6330 = CARTESIAN_POINT ( 'NONE',  ( 2.779937501871236449, 2.500000000000000000, 0.1700000000000000122 ) ) ;
#6331 = COLOUR_RGB ( '',0.01176470588235294101, 0.0000000000000000000, 0.05882352941176470507 ) ;
#6332 = PRESENTATION_STYLE_ASSIGNMENT (( #4720 ) ) ;
#6333 = CARTESIAN_POINT ( 'NONE',  ( 0.4000000000000000777, 2.350000000000000533, 0.5200000000000000178 ) ) ;
#6334 = PRESENTATION_LAYER_ASSIGNMENT (  '', '', ( #2569 ) ) ;
#6335 = CARTESIAN_POINT ( 'NONE',  ( 0.4000000000000009104, 0.4000000000000009104, 0.5400000000000001465 ) ) ;
#6336 = FILL_AREA_STYLE ('',( #2964 ) ) ;
#6337 = CARTESIAN_POINT ( 'NONE',  ( 2.794742544035804244, 0.09963729403821573738, 0.3210660171779819994 ) ) ;
#6338 = DIRECTION ( 'NONE',  ( -1.000000000000000000, 0.0000000000000000000, 0.0000000000000000000 ) ) ;
#6339 = VERTEX_POINT ( 'NONE', #546 ) ;
#6340 = FILL_AREA_STYLE ('',( #4156 ) ) ;
#6341 = ORIENTED_EDGE ( 'NONE', *, *, #1889, .F. ) ;
#6342 = ORIENTED_EDGE ( 'NONE', *, *, #2551, .T. ) ;
#6343 = CLOSED_SHELL ( 'NONE', ( #4297, #3131, #4018, #6405, #2037, #141, #7012, #6273, #4332, #6302, #6083, #2748, #3636, #6965 ) ) ;
#6344 = SURFACE_SIDE_STYLE ('',( #6815 ) ) ;
#6345 = ADVANCED_FACE ( 'NONE', ( #2722 ), #6460, .F. ) ;
#6346 =( NAMED_UNIT ( * ) SI_UNIT ( $, .STERADIAN. ) SOLID_ANGLE_UNIT ( ) );
#6347 = CARTESIAN_POINT ( 'NONE',  ( 0.4033698769564219022, 0.06862867477208123290, 0.2899999999999999800 ) ) ;
#6348 = MECHANICAL_DESIGN_GEOMETRIC_PRESENTATION_REPRESENTATION (  '', ( #3827 ), #4743 ) ;
#6349 = PRESENTATION_STYLE_ASSIGNMENT (( #6928 ) ) ;
#6350 = CARTESIAN_POINT ( 'NONE',  ( 2.779937501871236449, 2.400138902867559931, 0.1700000000000000122 ) ) ;
#6351 = FILL_AREA_STYLE_COLOUR ( '', #2486 ) ;
#6352 = ORIENTED_EDGE ( 'NONE', *, *, #1372, .T. ) ;
#6353 = ORIENTED_EDGE ( 'NONE', *, *, #2713, .F. ) ;
#6354 = CARTESIAN_POINT ( 'NONE',  ( 3.169999999999999929, 2.200000000000000178, 0.1700000000000000122 ) ) ;
#6355 = STYLED_ITEM ( 'NONE', ( #2973 ), #6753 ) ;
#6356 = PRESENTATION_LAYER_ASSIGNMENT (  '', '', ( #4059 ) ) ;
#6357 = PLANE ( 'NONE',  #6839 ) ;
#6358 = EDGE_CURVE ( 'NONE', #6382, #3728, #4538, .T. ) ;
#6359 = CARTESIAN_POINT ( 'NONE',  ( 0.2124905980351155799, 2.295076617752148884, 0.5000031419414986411 ) ) ;
#6360 = PLANE ( 'NONE',  #4406 ) ;
#6361 = PRESENTATION_LAYER_ASSIGNMENT (  '', '', ( #4865 ) ) ;
#6362 = VECTOR ( 'NONE', #3889, 1000.000000000000000 ) ;
#6363 = LINE ( 'NONE', #3641, #5073 ) ;
#6364 =( GEOMETRIC_REPRESENTATION_CONTEXT ( 3 ) GLOBAL_UNCERTAINTY_ASSIGNED_CONTEXT ( ( #7069 ) ) GLOBAL_UNIT_ASSIGNED_CONTEXT ( ( #2638, #592, #3270 ) ) REPRESENTATION_CONTEXT ( 'NONE', 'WORKASPACE' ) );
#6365 = CARTESIAN_POINT ( 'NONE',  ( 0.4800000000000008704, 0.1199999999999998845, 0.5000000000000000000 ) ) ;
#6366 = SURFACE_STYLE_FILL_AREA ( #3179 ) ;
#6367 = CARTESIAN_POINT ( 'NONE',  ( 0.4000000000000009104, 2.290000000000000036, 0.5400000000000001465 ) ) ;
#6368 =( GEOMETRIC_REPRESENTATION_CONTEXT ( 3 ) GLOBAL_UNCERTAINTY_ASSIGNED_CONTEXT ( ( #3783 ) ) GLOBAL_UNIT_ASSIGNED_CONTEXT ( ( #4072, #2893, #5722 ) ) REPRESENTATION_CONTEXT ( 'NONE', 'WORKASPACE' ) );
#6369 = COLOUR_RGB ( '',0.8274509803921568096, 0.6666666666666666297, 0.1294117647058823373 ) ;
#6370 = CARTESIAN_POINT ( 'NONE',  ( 3.011771750535752634, 2.462290375091541694, 0.2899999999999999800 ) ) ;
#6371 = VECTOR ( 'NONE', #6091, 1000.000000000000000 ) ;
#6372 = EDGE_CURVE ( 'NONE', #1075, #4919, #2070, .T. ) ;
#6373 = ADVANCED_FACE ( 'NONE', ( #3793 ), #4242, .F. ) ;
#6374 = FILL_AREA_STYLE_COLOUR ( '', #82 ) ;
#6375 = ORIENTED_EDGE ( 'NONE', *, *, #3653, .F. ) ;
#6376 = DIRECTION ( 'NONE',  ( 0.0000000000000000000, 0.0000000000000000000, 1.000000000000000000 ) ) ;
#6377 = DIRECTION ( 'NONE',  ( 0.0000000000000000000, 0.0000000000000000000, 1.000000000000000000 ) ) ;
#6378 = CIRCLE ( 'NONE', #4203, 0.2000000000000000944 ) ;
#6379 =( NAMED_UNIT ( * ) PLANE_ANGLE_UNIT ( ) SI_UNIT ( $, .RADIAN. ) );
#6380 = SURFACE_STYLE_USAGE ( .BOTH. , #3034 ) ;
#6381 =( NAMED_UNIT ( * ) PLANE_ANGLE_UNIT ( ) SI_UNIT ( $, .RADIAN. ) );
#6382 = VERTEX_POINT ( 'NONE', #3334 ) ;
#6383 = SURFACE_STYLE_USAGE ( .BOTH. , #2063 ) ;
#6384 = SURFACE_STYLE_FILL_AREA ( #870 ) ;
#6385 = PRESENTATION_LAYER_ASSIGNMENT (  '', '', ( #5133 ) ) ;
#6386 = PLANE ( 'NONE',  #1748 ) ;
#6387 = ORIENTED_EDGE ( 'NONE', *, *, #4426, .T. ) ;
#6388 = EDGE_CURVE ( 'NONE', #4972, #1562, #1723, .T. ) ;
#6389 = DIRECTION ( 'NONE',  ( -1.000000000000000000, 2.126443591017727688E-16, 0.0000000000000000000 ) ) ;
#6390 = AXIS2_PLACEMENT_3D ( 'NONE', #5290, #378, #6995 ) ;
#6391 = VECTOR ( 'NONE', #5582, 1000.000000000000000 ) ;
#6392 = FACE_OUTER_BOUND ( 'NONE', #4447, .T. ) ;
#6393 = VECTOR ( 'NONE', #6883, 1000.000000000000000 ) ;
#6394 = DIRECTION ( 'NONE',  ( -0.0000000000000000000, 0.0000000000000000000, -1.000000000000000000 ) ) ;
#6395 = EDGE_CURVE ( 'NONE', #2012, #968, #5058, .T. ) ;
#6396 = FACE_OUTER_BOUND ( 'NONE', #6997, .T. ) ;
#6397 = ORIENTED_EDGE ( 'NONE', *, *, #272, .F. ) ;
#6398 = VECTOR ( 'NONE', #5403, 1000.000000000000000 ) ;
#6399 = CARTESIAN_POINT ( 'NONE',  ( 3.162290375093443018, 2.311771750532643388, 0.2899999999999999800 ) ) ;
#6400 = LINE ( 'NONE', #2575, #6248 ) ;
#6401 = ORIENTED_EDGE ( 'NONE', *, *, #3796, .T. ) ;
#6402 = ORIENTED_EDGE ( 'NONE', *, *, #4713, .F. ) ;
#6403 = CARTESIAN_POINT ( 'NONE',  ( 3.100009241445716324, 2.079959576973092972, 0.1700000000000000122 ) ) ;
#6404 = ADVANCED_FACE ( 'NONE', ( #3932 ), #126, .T. ) ;
#6405 = ADVANCED_FACE ( 'NONE', ( #6023 ), #3302, .F. ) ;
#6406 =( LENGTH_UNIT ( ) NAMED_UNIT ( * ) SI_UNIT ( .MILLI., .METRE. ) );
#6407 = STYLED_ITEM ( 'NONE', ( #215 ), #6973 ) ;
#6408 =( NAMED_UNIT ( * ) PLANE_ANGLE_UNIT ( ) SI_UNIT ( $, .RADIAN. ) );
#6409 = LINE ( 'NONE', #3821, #245 ) ;
#6410 = CARTESIAN_POINT ( 'NONE',  ( 0.4000000000000001887, 0.2100000000000000200, 0.6000000000000000888 ) ) ;
#6411 = CARTESIAN_POINT ( 'NONE',  ( 2.779937501871236893, 0.09986109713243988828, 0.0000000000000000000 ) ) ;
#6412 =( NAMED_UNIT ( * ) PLANE_ANGLE_UNIT ( ) SI_UNIT ( $, .RADIAN. ) );
#6413 = CARTESIAN_POINT ( 'NONE',  ( 0.1199407980905058124, 2.098462283669304984, 0.5000000000000000000 ) ) ;
#6414 = ORIENTED_EDGE ( 'NONE', *, *, #2647, .F. ) ;
#6415 = ORIENTED_EDGE ( 'NONE', *, *, #4948, .F. ) ;
#6416 = CARTESIAN_POINT ( 'NONE',  ( 2.080276409533067916, 0.09986109713243988828, 0.0000000000000000000 ) ) ;
#6417 = SURFACE_STYLE_FILL_AREA ( #1927 ) ;
#6418 =( GEOMETRIC_REPRESENTATION_CONTEXT ( 3 ) GLOBAL_UNCERTAINTY_ASSIGNED_CONTEXT ( ( #7054 ) ) GLOBAL_UNIT_ASSIGNED_CONTEXT ( ( #1044, #5414, #494 ) ) REPRESENTATION_CONTEXT ( 'NONE', 'WORKASPACE' ) );
#6419 = SURFACE_SIDE_STYLE ('',( #5347 ) ) ;
#6420 =( LENGTH_UNIT ( ) NAMED_UNIT ( * ) SI_UNIT ( .MILLI., .METRE. ) );
#6421 = PRESENTATION_STYLE_ASSIGNMENT (( #6986 ) ) ;
#6422 = FILL_AREA_STYLE_COLOUR ( '', #3382 ) ;
#6423 = PRESENTATION_LAYER_ASSIGNMENT (  '', '', ( #3786 ) ) ;
#6424 = EDGE_LOOP ( 'NONE', ( #354, #5883, #962, #5070 ) ) ;
#6425 = UNCERTAINTY_MEASURE_WITH_UNIT (LENGTH_MEASURE( 1.000000000000000082E-05 ), #5920, 'distance_accuracy_value', 'NONE');
#6426 = LINE ( 'NONE', #6315, #2574 ) ;
#6427 = EDGE_CURVE ( 'NONE', #4630, #5420, #3110, .T. ) ;
#6428 = FILL_AREA_STYLE_COLOUR ( '', #1506 ) ;
#6429 = DIRECTION ( 'NONE',  ( 0.0000000000000000000, -0.0000000000000000000, -1.000000000000000000 ) ) ;
#6430 = CARTESIAN_POINT ( 'NONE',  ( 0.1011839063810402589, 0.3846473386338416511, 0.4800000000000000933 ) ) ;
#6431 = FILL_AREA_STYLE_COLOUR ( '', #3389 ) ;
#6432 = VERTEX_POINT ( 'NONE', #6403 ) ;
#6433 =( NAMED_UNIT ( * ) SI_UNIT ( $, .STERADIAN. ) SOLID_ANGLE_UNIT ( ) );
#6434 = EDGE_CURVE ( 'NONE', #163, #750, #2578, .T. ) ;
#6435 = SURFACE_STYLE_FILL_AREA ( #5960 ) ;
#6436 = DIRECTION ( 'NONE',  ( 0.0000000000000000000, 0.0000000000000000000, 1.000000000000000000 ) ) ;
#6437 = ORIENTED_EDGE ( 'NONE', *, *, #2803, .T. ) ;
#6438 = CARTESIAN_POINT ( 'NONE',  ( 0.3999999999999999667, 2.350000000000000977, 0.5400000000000001465 ) ) ;
#6439 = CARTESIAN_POINT ( 'NONE',  ( 2.800000000000000266, 0.1000000000000001860, 0.3649999999999999911 ) ) ;
#6440 =( BOUNDED_SURFACE ( )  B_SPLINE_SURFACE ( 2, 3, ( 
 ( #5190, #6365, #277, #4671, #5858, #1384, #5227, #2470, #2509, #4213 ),
 ( #4638, #1490, #1967, #4139, #3642, #926, #3670, #5325, #5788, #413 ),
 ( #2607, #4705, #346, #6251, #6905, #1891, #4778, #4066, #2004, #2542 ) ),
 .UNSPECIFIED., .F., .F., .T. ) 
 B_SPLINE_SURFACE_WITH_KNOTS ( ( 3, 3 ),
 ( 4, 2, 2, 2, 4 ),
 ( 0.0000000000000000000, 1.000000000000000000 ),
 ( -0.002400000000000000223, -0.002160000000000000461, -0.001200000000000000329, -0.0002400000000000000332, 0.0000000000000000000 ),
 .UNSPECIFIED. ) 
 GEOMETRIC_REPRESENTATION_ITEM ( )  RATIONAL_B_SPLINE_SURFACE ( (
 ( 1.000000000000000000, 1.000000000000000000, 1.000000000000000000, 1.000000000000000000, 1.000000000000000000, 1.000000000000000000, 1.000000000000000000, 1.000000000000000000, 1.000000000000000000, 1.000000000000000000),
 ( 0.7071067811865496822, 0.7071067811865496822, 0.7071067811865496822, 0.7071067811865496822, 0.7112188917690018819, 0.6818759690215532299, 0.6424633481471354601, 0.6338129732316711840, 0.6336394537295774176, 0.6336872742246432155),
 ( 1.000000000000000000, 1.000000000000000000, 1.000000000000000000, 1.000000000000000000, 1.000000000000000000, 1.000000000000000000, 1.000000000000000000, 1.000000000000000000, 1.000000000000000000, 1.000000000000000000) ) ) 
 REPRESENTATION_ITEM ( '' )  SURFACE ( )  );
#6441 = UNCERTAINTY_MEASURE_WITH_UNIT (LENGTH_MEASURE( 1.000000000000000082E-05 ), #3506, 'distance_accuracy_value', 'NONE');
#6442 = SURFACE_STYLE_USAGE ( .BOTH. , #2089 ) ;
#6443 = MECHANICAL_DESIGN_GEOMETRIC_PRESENTATION_REPRESENTATION (  '', ( #4153 ), #6908 ) ;
#6444 = PRESENTATION_STYLE_ASSIGNMENT (( #1571 ) ) ;
#6445 = EDGE_CURVE ( 'NONE', #6177, #6840, #62, .T. ) ;
#6446 = CARTESIAN_POINT ( 'NONE',  ( 0.4033698769674129436, 2.431371325228587121, 0.2899999999999999245 ) ) ;
#6447 = CARTESIAN_POINT ( 'NONE',  ( 2.080276409533067916, 0.09986109713243990216, 0.0000000000000000000 ) ) ;
#6448 = EDGE_CURVE ( 'NONE', #3511, #1746, #200, .T. ) ;
#6449 = DIRECTION ( 'NONE',  ( 1.000000000000000000, 0.0000000000000000000, 0.0000000000000000000 ) ) ;
#6450 = FILL_AREA_STYLE ('',( #466 ) ) ;
#6451 = ORIENTED_EDGE ( 'NONE', *, *, #2371, .F. ) ;
#6452 = ORIENTED_EDGE ( 'NONE', *, *, #3849, .F. ) ;
#6453 = FACE_OUTER_BOUND ( 'NONE', #2589, .T. ) ;
#6454 = VECTOR ( 'NONE', #1536, 1000.000000000000000 ) ;
#6455 = DIRECTION ( 'NONE',  ( 1.084202172485504631E-15, 0.0000000000000000000, -1.000000000000000000 ) ) ;
#6456 = EDGE_CURVE ( 'NONE', #1473, #5334, #3708, .T. ) ;
#6457 = CARTESIAN_POINT ( 'NONE',  ( 0.2413856885586465051, 2.370771566654770623, 0.5000148884191946141 ) ) ;
#6458 = PRESENTATION_LAYER_ASSIGNMENT (  '', '', ( #4962 ) ) ;
#6459 = DIRECTION ( 'NONE',  ( 0.0000000000000000000, 0.0000000000000000000, 1.000000000000000000 ) ) ;
#6460 = PLANE ( 'NONE',  #3493 ) ;
#6461 = VERTEX_POINT ( 'NONE', #5799 ) ;
#6462 = FACE_OUTER_BOUND ( 'NONE', #4725, .T. ) ;
#6463 = B_SPLINE_CURVE_WITH_KNOTS ( 'NONE', 3,
 ( #2463, #2598, #4772, #2538 ),
 .UNSPECIFIED., .F., .F.,
 ( 4, 4 ),
 ( 0.0000000000000000000, 1.000000000000000000 ),
 .UNSPECIFIED. ) ;
#6464 = MECHANICAL_DESIGN_GEOMETRIC_PRESENTATION_REPRESENTATION (  '', ( #5885 ), #5321 ) ;
#6465 = CARTESIAN_POINT ( 'NONE',  ( -1.626303258728256651E-16, 0.9199523185698689209, 0.0000000000000000000 ) ) ;
#6466 = FILL_AREA_STYLE ('',( #2601 ) ) ;
#6467 = CARTESIAN_POINT ( 'NONE',  ( 3.000000000000000000, 2.500000000000000444, 0.2899999999999999800 ) ) ;
#6468 = ORIENTED_EDGE ( 'NONE', *, *, #241, .F. ) ;
#6469 = AXIS2_PLACEMENT_3D ( 'NONE', #262, #1915, #4271 ) ;
#6470 = CARTESIAN_POINT ( 'NONE',  ( 0.4200624981287628956, 0.09986109713243987440, 0.1700000000000000122 ) ) ;
#6471 = MECHANICAL_DESIGN_GEOMETRIC_PRESENTATION_REPRESENTATION (  '', ( #300 ), #2135 ) ;
#6472 = VECTOR ( 'NONE', #5006, 1000.000000000000000 ) ;
#6473 = LINE ( 'NONE', #5863, #2737 ) ;
#6474 =( NAMED_UNIT ( * ) PLANE_ANGLE_UNIT ( ) SI_UNIT ( $, .RADIAN. ) );
#6475 = EDGE_LOOP ( 'NONE', ( #363, #4353, #4129, #2747, #3998 ) ) ;
#6476 = ORIENTED_EDGE ( 'NONE', *, *, #5928, .T. ) ;
#6477 = CARTESIAN_POINT ( 'NONE',  ( 0.09999075855428361803, 2.469999999999999751, 0.1700000000000000122 ) ) ;
#6478 = CARTESIAN_POINT ( 'NONE',  ( 0.1000000000000000056, 0.4000000000000001332, 0.5000000000000000000 ) ) ;
#6479 = EDGE_CURVE ( 'NONE', #5292, #2386, #4192, .T. ) ;
#6480 =( NAMED_UNIT ( * ) PLANE_ANGLE_UNIT ( ) SI_UNIT ( $, .RADIAN. ) );
#6481 =( NAMED_UNIT ( * ) PLANE_ANGLE_UNIT ( ) SI_UNIT ( $, .RADIAN. ) );
#6482 = CARTESIAN_POINT ( 'NONE',  ( 0.03000000000000037706, 2.469999999999999751, 0.1700000000000000122 ) ) ;
#6483 = MECHANICAL_DESIGN_GEOMETRIC_PRESENTATION_REPRESENTATION (  '', ( #5911 ), #759 ) ;
#6484 = CIRCLE ( 'NONE', #535, 0.2000000000000005107 ) ;
#6485 = CARTESIAN_POINT ( 'NONE',  ( 0.02999999999999994338, 0.02999999999999997113, 0.1700000000000000122 ) ) ;
#6486 =( NAMED_UNIT ( * ) SI_UNIT ( $, .STERADIAN. ) SOLID_ANGLE_UNIT ( ) );
#6487 = ORIENTED_EDGE ( 'NONE', *, *, #23, .T. ) ;
#6488 = PLANE ( 'NONE',  #2898 ) ;
#6489 = VERTEX_POINT ( 'NONE', #6439 ) ;
#6490 = CARTESIAN_POINT ( 'NONE',  ( 0.2124905980351155799, 2.295076617752148884, 0.5000031419414986411 ) ) ;
#6491 = VECTOR ( 'NONE', #4381, 1000.000000000000114 ) ;
#6492 = SURFACE_STYLE_FILL_AREA ( #3829 ) ;
#6493 = PLANE ( 'NONE',  #3523 ) ;
#6494 = CARTESIAN_POINT ( 'NONE',  ( 0.1499999999999999667, 2.100000000000000089, 0.5200000000000000178 ) ) ;
#6495 =( GEOMETRIC_REPRESENTATION_CONTEXT ( 3 ) GLOBAL_UNCERTAINTY_ASSIGNED_CONTEXT ( ( #1697 ) ) GLOBAL_UNIT_ASSIGNED_CONTEXT ( ( #18, #1030, #4279 ) ) REPRESENTATION_CONTEXT ( 'NONE', 'WORKASPACE' ) );
#6496 = FILL_AREA_STYLE ('',( #6987 ) ) ;
#6497 = ORIENTED_EDGE ( 'NONE', *, *, #6836, .T. ) ;
#6498 = UNCERTAINTY_MEASURE_WITH_UNIT (LENGTH_MEASURE( 1.000000000000000082E-05 ), #5130, 'distance_accuracy_value', 'NONE');
#6499 = EDGE_CURVE ( 'NONE', #4302, #4909, #3171, .T. ) ;
#6500 = SURFACE_STYLE_USAGE ( .BOTH. , #5986 ) ;
#6501 = EDGE_CURVE ( 'NONE', #6312, #3369, #5835, .T. ) ;
#6502 = VECTOR ( 'NONE', #83, 1000.000000000000000 ) ;
#6503 = PRESENTATION_STYLE_ASSIGNMENT (( #4312 ) ) ;
#6504 = CARTESIAN_POINT ( 'NONE',  ( 0.4099024299701208851, 2.400000000000000355, 0.5000000000000003331 ) ) ;
#6505 = SURFACE_STYLE_USAGE ( .BOTH. , #3174 ) ;
#6506 = LINE ( 'NONE', #2603, #1935 ) ;
#6507 =( GEOMETRIC_REPRESENTATION_CONTEXT ( 3 ) GLOBAL_UNCERTAINTY_ASSIGNED_CONTEXT ( ( #5426 ) ) GLOBAL_UNIT_ASSIGNED_CONTEXT ( ( #5783, #846, #768 ) ) REPRESENTATION_CONTEXT ( 'NONE', 'WORKASPACE' ) );
#6508 = ORIENTED_EDGE ( 'NONE', *, *, #5361, .T. ) ;
#6509 = AXIS2_PLACEMENT_3D ( 'NONE', #3023, #2368, #246 ) ;
#6510 = DIRECTION ( 'NONE',  ( 0.0000000000000000000, -0.0000000000000000000, 1.000000000000000000 ) ) ;
#6511 = FILL_AREA_STYLE ('',( #3774 ) ) ;
#6512 =( GEOMETRIC_REPRESENTATION_CONTEXT ( 3 ) GLOBAL_UNCERTAINTY_ASSIGNED_CONTEXT ( ( #1688 ) ) GLOBAL_UNIT_ASSIGNED_CONTEXT ( ( #5892, #3101, #5089 ) ) REPRESENTATION_CONTEXT ( 'NONE', 'WORKASPACE' ) );
#6513 = LINE ( 'NONE', #486, #3409 ) ;
#6514 =( NAMED_UNIT ( * ) PLANE_ANGLE_UNIT ( ) SI_UNIT ( $, .RADIAN. ) );
#6515 = ORIENTED_EDGE ( 'NONE', *, *, #2045, .F. ) ;
#6516 = ORIENTED_EDGE ( 'NONE', *, *, #5603, .F. ) ;
#6517 = CARTESIAN_POINT ( 'NONE',  ( 2.827205042957596781, 2.376814024817593296, 0.5000000000000000000 ) ) ;
#6518 = LINE ( 'NONE', #5444, #6019 ) ;
#6519 = MECHANICAL_DESIGN_GEOMETRIC_PRESENTATION_REPRESENTATION (  '', ( #5263 ), #230 ) ;
#6520 = UNCERTAINTY_MEASURE_WITH_UNIT (LENGTH_MEASURE( 1.000000000000000082E-05 ), #4063, 'distance_accuracy_value', 'NONE');
#6521 = MECHANICAL_DESIGN_GEOMETRIC_PRESENTATION_REPRESENTATION (  '', ( #1483 ), #5813 ) ;
#6522 = SURFACE_STYLE_USAGE ( .BOTH. , #1468 ) ;
#6523 = EDGE_CURVE ( 'NONE', #3872, #3824, #1006, .T. ) ;
#6524 = SURFACE_STYLE_FILL_AREA ( #1675 ) ;
#6525 = CARTESIAN_POINT ( 'NONE',  ( 0.4000000000000001887, 2.290000000000000480, 0.6000000000000000888 ) ) ;
#6526 = ORIENTED_EDGE ( 'NONE', *, *, #3276, .T. ) ;
#6527 = CARTESIAN_POINT ( 'NONE',  ( 2.795654931331859050, 2.397965450441259083, 0.4897849084580762624 ) ) ;
#6528 = ORIENTED_EDGE ( 'NONE', *, *, #4571, .T. ) ;
#6529 = FILL_AREA_STYLE_COLOUR ( '', #4200 ) ;
#6530 = EDGE_CURVE ( 'NONE', #6233, #2239, #584, .T. ) ;
#6531 =( LENGTH_UNIT ( ) NAMED_UNIT ( * ) SI_UNIT ( .MILLI., .METRE. ) );
#6532 = DIRECTION ( 'NONE',  ( 0.0000000000000000000, 0.0000000000000000000, -1.000000000000000000 ) ) ;
#6533 = ORIENTED_EDGE ( 'NONE', *, *, #1593, .F. ) ;
#6534 = VECTOR ( 'NONE', #3809, 1000.000000000000000 ) ;
#6535 = CARTESIAN_POINT ( 'NONE',  ( 2.989570093471805468, 0.3467583567694101920, 0.6000000000000000888 ) ) ;
#6536 = EDGE_CURVE ( 'NONE', #5115, #2451, #970, .T. ) ;
#6537 = CARTESIAN_POINT ( 'NONE',  ( 0.09999075855428361803, 0.9199523185698690320, 0.1700000000000000122 ) ) ;
#6538 = FILL_AREA_STYLE_COLOUR ( '', #650 ) ;
#6539 =( NAMED_UNIT ( * ) SI_UNIT ( $, .STERADIAN. ) SOLID_ANGLE_UNIT ( ) );
#6540 = EDGE_LOOP ( 'NONE', ( #6868, #4852, #3678, #5327 ) ) ;
#6541 =( GEOMETRIC_REPRESENTATION_CONTEXT ( 3 ) GLOBAL_UNCERTAINTY_ASSIGNED_CONTEXT ( ( #6078 ) ) GLOBAL_UNIT_ASSIGNED_CONTEXT ( ( #6996, #5748, #7027 ) ) REPRESENTATION_CONTEXT ( 'NONE', 'WORKASPACE' ) );
#6542 = DIRECTION ( 'NONE',  ( -0.0000000000000000000, 0.0000000000000000000, 1.000000000000000000 ) ) ;
#6543 = CARTESIAN_POINT ( 'NONE',  ( 0.1748528137423862594, 0.2681118318204311346, 0.6000000000000001998 ) ) ;
#6544 = LINE ( 'NONE', #1196, #816 ) ;
#6545 = EDGE_CURVE ( 'NONE', #2850, #4732, #2615, .T. ) ;
#6546 = STYLED_ITEM ( 'NONE', ( #3472 ), #4018 ) ;
#6547 =( LENGTH_UNIT ( ) NAMED_UNIT ( * ) SI_UNIT ( .MILLI., .METRE. ) );
#6548 = ORIENTED_EDGE ( 'NONE', *, *, #5643, .T. ) ;
#6549 = VERTEX_POINT ( 'NONE', #2643 ) ;
#6550 = CARTESIAN_POINT ( 'NONE',  ( 0.09999075855428361803, 0.4200404230269066952, 0.0000000000000000000 ) ) ;
#6551 = CARTESIAN_POINT ( 'NONE',  ( 0.1578375686366774722, 2.241533494618211275, 0.5000000000000000000 ) ) ;
#6552 = AXIS2_PLACEMENT_3D ( 'NONE', #5659, #5056, #1366 ) ;
#6553 = CARTESIAN_POINT ( 'NONE',  ( 2.800000000000000266, 2.290000000000000036, 0.6000000000000000888 ) ) ;
#6554 = CARTESIAN_POINT ( 'NONE',  ( 0.2293244958548600609, 0.3023196127627306162, 0.6000000000000001998 ) ) ;
#6555 = CARTESIAN_POINT ( 'NONE',  ( 0.4000000000000000777, 0.1000000000000000056, 0.3649999999999999911 ) ) ;
#6556 = CARTESIAN_POINT ( 'NONE',  ( 0.03000000000000037706, 2.079959576973092972, 0.1700000000000000122 ) ) ;
#6557 = CARTESIAN_POINT ( 'NONE',  ( 3.100009241445716324, 0.9199523185698690320, 0.1700000000000000122 ) ) ;
#6558 = ORIENTED_EDGE ( 'NONE', *, *, #4809, .T. ) ;
#6559 = DIRECTION ( 'NONE',  ( 0.0000000000000000000, 0.0000000000000000000, 1.000000000000000000 ) ) ;
#6560 = CIRCLE ( 'NONE', #3577, 0.3260323503590203953 ) ;
#6561 = ORIENTED_EDGE ( 'NONE', *, *, #5099, .T. ) ;
#6562 = SURFACE_SIDE_STYLE ('',( #6492 ) ) ;
#6563 = MECHANICAL_DESIGN_GEOMETRIC_PRESENTATION_REPRESENTATION (  '', ( #4030 ), #3801 ) ;
#6564 =( NAMED_UNIT ( * ) SI_UNIT ( $, .STERADIAN. ) SOLID_ANGLE_UNIT ( ) );
#6565 = CARTESIAN_POINT ( 'NONE',  ( 0.09685234074762993917, 0.4001608950315146962, 0.3358834660201191480 ) ) ;
#6566 = PLANE ( 'NONE',  #4533 ) ;
#6567 = VERTEX_POINT ( 'NONE', #4825 ) ;
#6568 = SURFACE_SIDE_STYLE ('',( #2721 ) ) ;
#6569 = DIRECTION ( 'NONE',  ( 1.000000000000000000, -0.0000000000000000000, 0.0000000000000000000 ) ) ;
#6570 = VERTEX_POINT ( 'NONE', #3072 ) ;
#6571 = UNCERTAINTY_MEASURE_WITH_UNIT (LENGTH_MEASURE( 1.000000000000000082E-05 ), #2677, 'distance_accuracy_value', 'NONE');
#6572 = STYLED_ITEM ( 'NONE', ( #6841 ), #5090 ) ;
#6573 = EDGE_CURVE ( 'NONE', #1757, #5731, #4717, .T. ) ;
#6574 =( BOUNDED_CURVE ( )  B_SPLINE_CURVE ( 2, ( #4345, #987, #1619 ),
 .UNSPECIFIED., .F., .T. ) 
 B_SPLINE_CURVE_WITH_KNOTS ( ( 3, 3 ),
 ( 0.0000000000000000000, 1.000000000000000000 ),
 .UNSPECIFIED. ) 
 CURVE ( )  GEOMETRIC_REPRESENTATION_ITEM ( )  RATIONAL_B_SPLINE_CURVE ( ( 1.000000000000000000, 0.7071067811865503483, 1.000000000000000000 ) ) 
 REPRESENTATION_ITEM ( '' )  );
#6575 = CARTESIAN_POINT ( 'NONE',  ( 2.720000000000005969, 2.379999999999999893, 0.5000000000000000000 ) ) ;
#6576 = VECTOR ( 'NONE', #2993, 1000.000000000000000 ) ;
#6577 = VECTOR ( 'NONE', #646, 1000.000000000000000 ) ;
#6578 =( LENGTH_UNIT ( ) NAMED_UNIT ( * ) SI_UNIT ( .MILLI., .METRE. ) );
#6579 = FILL_AREA_STYLE ('',( #5028 ) ) ;
#6580 = CARTESIAN_POINT ( 'NONE',  ( 0.1000000000000007827, 0.5230718890821391964, 0.4999999999999970024 ) ) ;
#6581 = CIRCLE ( 'NONE', #4851, 0.06000000000000015737 ) ;
#6582 = CARTESIAN_POINT ( 'NONE',  ( 0.4200624981287628401, 0.02999999999999997113, 0.1700000000000000122 ) ) ;
#6583 = EDGE_CURVE ( 'NONE', #937, #6058, #5137, .T. ) ;
#6584 = CARTESIAN_POINT ( 'NONE',  ( 0.1500000000000005773, 0.2535533905932740306, 0.5751471862576144067 ) ) ;
#6585 =( LENGTH_UNIT ( ) NAMED_UNIT ( * ) SI_UNIT ( .MILLI., .METRE. ) );
#6586 = AXIS2_PLACEMENT_3D ( 'NONE', #1823, #2233, #6702 ) ;
#6587 = FILL_AREA_STYLE ('',( #1706 ) ) ;
#6588 = SURFACE_SIDE_STYLE ('',( #3354 ) ) ;
#6589 = VERTEX_POINT ( 'NONE', #5410 ) ;
#6590 = UNCERTAINTY_MEASURE_WITH_UNIT (LENGTH_MEASURE( 1.000000000000000082E-05 ), #4341, 'distance_accuracy_value', 'NONE');
#6591 = EDGE_CURVE ( 'NONE', #3508, #4433, #6518, .T. ) ;
#6592 = EDGE_CURVE ( 'NONE', #5333, #2697, #2811, .T. ) ;
#6593 =( GEOMETRIC_REPRESENTATION_CONTEXT ( 3 ) GLOBAL_UNCERTAINTY_ASSIGNED_CONTEXT ( ( #4427 ) ) GLOBAL_UNIT_ASSIGNED_CONTEXT ( ( #1224, #1988, #335 ) ) REPRESENTATION_CONTEXT ( 'NONE', 'WORKASPACE' ) );
#6594 = STYLED_ITEM ( 'NONE', ( #32 ), #1195 ) ;
#6595 = LINE ( 'NONE', #34, #5256 ) ;
#6596 = VERTEX_POINT ( 'NONE', #4293 ) ;
#6597 = VECTOR ( 'NONE', #1754, 1000.000000000000000 ) ;
#6598 = AXIS2_PLACEMENT_3D ( 'NONE', #2332, #3319, #2773 ) ;
#6599 = CARTESIAN_POINT ( 'NONE',  ( 2.779937501871236449, 2.469999999999999751, 0.1700000000000000122 ) ) ;
#6600 = ORIENTED_EDGE ( 'NONE', *, *, #3326, .T. ) ;
#6601 = CARTESIAN_POINT ( 'NONE',  ( 0.1231859751824031651, 0.3727949570424044512, 0.5000000000000000000 ) ) ;
#6602 = STYLED_ITEM ( 'NONE', ( #5516 ), #5842 ) ;
#6603 = VECTOR ( 'NONE', #4179, 1000.000000000000000 ) ;
#6604 = CARTESIAN_POINT ( 'NONE',  ( 0.3000000000000004885, 2.500000000000000000, 0.0000000000000000000 ) ) ;
#6605 = CARTESIAN_POINT ( 'NONE',  ( 0.09999999999999757694, 2.099740627478671851, 0.3525820866397688103 ) ) ;
#6606 =( NAMED_UNIT ( * ) PLANE_ANGLE_UNIT ( ) SI_UNIT ( $, .RADIAN. ) );
#6607 = STYLED_ITEM ( 'NONE', ( #28 ), #6033 ) ;
#6608 = ORIENTED_EDGE ( 'NONE', *, *, #1071, .T. ) ;
#6609 = CARTESIAN_POINT ( 'NONE',  ( 0.09999075855428361803, 0.02999999999999997113, 0.1700000000000000122 ) ) ;
#6610 = SURFACE_SIDE_STYLE ('',( #3265 ) ) ;
#6611 = VECTOR ( 'NONE', #6317, 1000.000000000000000 ) ;
#6612 = EDGE_CURVE ( 'NONE', #3070, #2453, #4890, .T. ) ;
#6613 = CARTESIAN_POINT ( 'NONE',  ( 3.169999999999999929, 2.469999999999999751, 0.1700000000000000122 ) ) ;
#6614 =( LENGTH_UNIT ( ) NAMED_UNIT ( * ) SI_UNIT ( .MILLI., .METRE. ) );
#6615 = DIRECTION ( 'NONE',  ( 0.0000000000000000000, -0.0000000000000000000, -1.000000000000000000 ) ) ;
#6616 = PRESENTATION_STYLE_ASSIGNMENT (( #2216 ) ) ;
#6617 = VERTEX_POINT ( 'NONE', #6550 ) ;
#6618 = SURFACE_SIDE_STYLE ('',( #5993 ) ) ;
#6619 =( NAMED_UNIT ( * ) PLANE_ANGLE_UNIT ( ) SI_UNIT ( $, .RADIAN. ) );
#6620 =( NAMED_UNIT ( * ) PLANE_ANGLE_UNIT ( ) SI_UNIT ( $, .RADIAN. ) );
#6621 = EDGE_CURVE ( 'NONE', #1562, #5865, #4963, .T. ) ;
#6622 = DIRECTION ( 'NONE',  ( -0.0000000000000000000, 0.0000000000000000000, 1.000000000000000000 ) ) ;
#6623 = STYLED_ITEM ( 'NONE', ( #1764 ), #3156 ) ;
#6624 =( NAMED_UNIT ( * ) PLANE_ANGLE_UNIT ( ) SI_UNIT ( $, .RADIAN. ) );
#6625 = DIRECTION ( 'NONE',  ( -3.053757688596834341E-16, 1.000000000000000000, 0.0000000000000000000 ) ) ;
#6626 = LINE ( 'NONE', #1707, #1660 ) ;
#6627 = EDGE_LOOP ( 'NONE', ( #4854, #5463, #2825, #3521 ) ) ;
#6628 = LINE ( 'NONE', #3888, #1139 ) ;
#6629 = CARTESIAN_POINT ( 'NONE',  ( 3.100000000000000089, 0.4002594298622154101, 0.3525829339632509662 ) ) ;
#6630 = AXIS2_PLACEMENT_3D ( 'NONE', #5650, #218, #6837 ) ;
#6631 = LINE ( 'NONE', #637, #4329 ) ;
#6632 = ADVANCED_FACE ( 'NONE', ( #6000 ), #3285, .F. ) ;
#6633 =( GEOMETRIC_REPRESENTATION_CONTEXT ( 3 ) GLOBAL_UNCERTAINTY_ASSIGNED_CONTEXT ( ( #197 ) ) GLOBAL_UNIT_ASSIGNED_CONTEXT ( ( #2209, #1094, #2754 ) ) REPRESENTATION_CONTEXT ( 'NONE', 'WORKASPACE' ) );
#6634 = EDGE_CURVE ( 'NONE', #332, #721, #5571, .T. ) ;
#6635 = ORIENTED_EDGE ( 'NONE', *, *, #533, .F. ) ;
#6636 = CARTESIAN_POINT ( 'NONE',  ( 3.170000000000000373, 0.4200404230269066952, 0.1700000000000000122 ) ) ;
#6637 = ORIENTED_EDGE ( 'NONE', *, *, #944, .T. ) ;
#6638 = CARTESIAN_POINT ( 'NONE',  ( 0.1388617100890941203, 0.3022475213184996345, 0.5000000000000000000 ) ) ;
#6639 = SURFACE_SIDE_STYLE ('',( #2311 ) ) ;
#6640 = CARTESIAN_POINT ( 'NONE',  ( 0.02500000000000018527, 0.3972620349942541096, 0.2899999999999999800 ) ) ;
#6641 = PRESENTATION_STYLE_ASSIGNMENT (( #4442 ) ) ;
#6642 = FILL_AREA_STYLE_COLOUR ( '', #2448 ) ;
#6643 = EDGE_LOOP ( 'NONE', ( #2819, #4119, #1306, #6024 ) ) ;
#6644 = UNCERTAINTY_MEASURE_WITH_UNIT (LENGTH_MEASURE( 1.000000000000000082E-05 ), #2784, 'distance_accuracy_value', 'NONE');
#6645 = FACE_OUTER_BOUND ( 'NONE', #4603, .T. ) ;
#6646 = CARTESIAN_POINT ( 'NONE',  ( 0.4799999999999984834, 2.379999999999999893, 0.5000000000000000000 ) ) ;
#6647 = LINE ( 'NONE', #5636, #871 ) ;
#6648 = ORIENTED_EDGE ( 'NONE', *, *, #6836, .F. ) ;
#6649 = SURFACE_STYLE_FILL_AREA ( #4995 ) ;
#6650 = FACE_OUTER_BOUND ( 'NONE', #1756, .T. ) ;
#6651 = SURFACE_SIDE_STYLE ('',( #3949 ) ) ;
#6652 = CARTESIAN_POINT ( 'NONE',  ( 2.779937501871236893, 0.09986109713243987440, 0.1700000000000000122 ) ) ;
#6653 = DIRECTION ( 'NONE',  ( -0.0000000000000000000, -0.0000000000000000000, 1.000000000000000000 ) ) ;
#6654 = SURFACE_SIDE_STYLE ('',( #4462 ) ) ;
#6655 = FACE_OUTER_BOUND ( 'NONE', #6813, .T. ) ;
#6656 = ORIENTED_EDGE ( 'NONE', *, *, #4809, .F. ) ;
#6657 =( GEOMETRIC_REPRESENTATION_CONTEXT ( 3 ) GLOBAL_UNCERTAINTY_ASSIGNED_CONTEXT ( ( #4277 ) ) GLOBAL_UNIT_ASSIGNED_CONTEXT ( ( #5782, #2038, #7024 ) ) REPRESENTATION_CONTEXT ( 'NONE', 'WORKASPACE' ) );
#6658 = ADVANCED_FACE ( 'NONE', ( #2437 ), #5117, .F. ) ;
#6659 = PLANE ( 'NONE',  #6509 ) ;
#6660 = CARTESIAN_POINT ( 'NONE',  ( 2.080276409533067916, 2.469999999999999751, 0.1700000000000000122 ) ) ;
#6661 = EDGE_LOOP ( 'NONE', ( #3208, #6402, #4970, #6728 ) ) ;
#6662 = CARTESIAN_POINT ( 'NONE',  ( 3.098230574024670503, 2.096568098989906037, 0.4897840649109927447 ) ) ;
#6663 = ORIENTED_EDGE ( 'NONE', *, *, #490, .F. ) ;
#6664 = LINE ( 'NONE', #5588, #5662 ) ;
#6665 = ADVANCED_FACE ( 'NONE', ( #2286 ), #5568, .F. ) ;
#6666 =( NAMED_UNIT ( * ) SI_UNIT ( $, .STERADIAN. ) SOLID_ANGLE_UNIT ( ) );
#6667 = STYLED_ITEM ( 'NONE', ( #3436 ), #4691 ) ;
#6668 = DIRECTION ( 'NONE',  ( -1.000000000000000000, 0.0000000000000000000, 0.0000000000000000000 ) ) ;
#6669 = LINE ( 'NONE', #45, #715 ) ;
#6670 = PRESENTATION_STYLE_ASSIGNMENT (( #1257 ) ) ;
#6671 = EDGE_LOOP ( 'NONE', ( #703, #5418, #3192, #5023 ) ) ;
#6672 = FACE_OUTER_BOUND ( 'NONE', #615, .T. ) ;
#6673 = CIRCLE ( 'NONE', #4273, 0.3260323503590203953 ) ;
#6674 = ADVANCED_FACE ( 'NONE', ( #6716 ), #6754, .T. ) ;
#6675 = SURFACE_STYLE_FILL_AREA ( #5064 ) ;
#6676 = DIRECTION ( 'NONE',  ( 0.0000000000000000000, -0.0000000000000000000, -1.000000000000000000 ) ) ;
#6677 = FILL_AREA_STYLE ('',( #4450 ) ) ;
#6678 = DIRECTION ( 'NONE',  ( -1.000000000000000000, -0.0000000000000000000, 0.0000000000000000000 ) ) ;
#6679 = FACE_OUTER_BOUND ( 'NONE', #4868, .T. ) ;
#6680 = CIRCLE ( 'NONE', #497, 0.3260323503590206728 ) ;
#6681 = CARTESIAN_POINT ( 'NONE',  ( 3.099999999999988098, 2.033423031556833571, 0.5000000000000003331 ) ) ;
#6682 = ORIENTED_EDGE ( 'NONE', *, *, #1749, .F. ) ;
#6683 = ORIENTED_EDGE ( 'NONE', *, *, #630, .F. ) ;
#6684 = B_SPLINE_CURVE_WITH_KNOTS ( 'NONE', 3,
 ( #1489, #6430, #3206, #5324, #925, #2637, #2606, #2703, #452, #4881 ),
 .UNSPECIFIED., .F., .F.,
 ( 4, 2, 2, 2, 4 ),
 ( 0.0000000000000000000, 0.1000000000000000056, 0.5000000000000003331, 0.9000000000000005773, 1.000000000000000000 ),
 .UNSPECIFIED. ) ;
#6685 = LINE ( 'NONE', #4020, #1673 ) ;
#6686 = PRESENTATION_LAYER_ASSIGNMENT (  '', '', ( #4843 ) ) ;
#6687 = DIRECTION ( 'NONE',  ( -1.000000000000000000, 0.0000000000000000000, 0.0000000000000000000 ) ) ;
#6688 = FACE_OUTER_BOUND ( 'NONE', #6424, .T. ) ;
#6689 = B_SPLINE_CURVE_WITH_KNOTS ( 'NONE', 3,
 ( #2755, #1188, #4916, #3307 ),
 .UNSPECIFIED., .F., .F.,
 ( 4, 4 ),
 ( 0.0000000000000000000, 1.000000000000000000 ),
 .UNSPECIFIED. ) ;
#6690 = SURFACE_STYLE_USAGE ( .BOTH. , #1170 ) ;
#6691 = VERTEX_POINT ( 'NONE', #2874 ) ;
#6692 = CARTESIAN_POINT ( 'NONE',  ( 2.080276409533067916, 0.02999999999999997113, 0.1700000000000000122 ) ) ;
#6693 = SURFACE_SIDE_STYLE ('',( #4501 ) ) ;
#6694 = CARTESIAN_POINT ( 'NONE',  ( 0.3984340691146957547, 2.448148320627149932, 0.2899999999999998135 ) ) ;
#6695 = VECTOR ( 'NONE', #3764, 1000.000000000000000 ) ;
#6696 = PLANE ( 'NONE',  #2315 ) ;
#6697 = CARTESIAN_POINT ( 'NONE',  ( 2.389931833186331733, 1.580047681430130746, 0.1700000000000000122 ) ) ;
#6698 = EDGE_CURVE ( 'NONE', #237, #6589, #7028, .T. ) ;
#6699 = ORIENTED_EDGE ( 'NONE', *, *, #6427, .T. ) ;
#6700 = CARTESIAN_POINT ( 'NONE',  ( 0.03000000000000037706, 2.500000000000000000, 0.1700000000000000122 ) ) ;
#6701 = MECHANICAL_DESIGN_GEOMETRIC_PRESENTATION_REPRESENTATION (  '', ( #2128 ), #4180 ) ;
#6702 = DIRECTION ( 'NONE',  ( -1.000000000000000000, 0.0000000000000000000, 0.0000000000000000000 ) ) ;
#6703 = COLOUR_RGB ( '',0.01176470588235294101, 0.0000000000000000000, 0.05882352941176470507 ) ;
#6704 = AXIS2_PLACEMENT_3D ( 'NONE', #426, #4358, #7008 ) ;
#6705 = STYLED_ITEM ( 'NONE', ( #3727 ), #6313 ) ;
#6706 = CARTESIAN_POINT ( 'NONE',  ( 0.1677887373467478738, 2.250449310801155178, 0.5000000000000002220 ) ) ;
#6707 = ORIENTED_EDGE ( 'NONE', *, *, #4524, .T. ) ;
#6708 = SURFACE_SIDE_STYLE ('',( #6747 ) ) ;
#6709 = ORIENTED_EDGE ( 'NONE', *, *, #1142, .T. ) ;
#6710 = ORIENTED_EDGE ( 'NONE', *, *, #3994, .F. ) ;
#6711 = UNCERTAINTY_MEASURE_WITH_UNIT (LENGTH_MEASURE( 1.000000000000000082E-05 ), #892, 'distance_accuracy_value', 'NONE');
#6712 = PRESENTATION_STYLE_ASSIGNMENT (( #4525 ) ) ;
#6713 = PRESENTATION_LAYER_ASSIGNMENT (  '', '', ( #3036 ) ) ;
#6714 = COLOUR_RGB ( '',0.8274509803921568096, 0.6666666666666666297, 0.1294117647058823373 ) ;
#6715 = STYLED_ITEM ( 'NONE', ( #6217 ), #6632 ) ;
#6716 = FACE_OUTER_BOUND ( 'NONE', #2320, .T. ) ;
#6717 = PRESENTATION_LAYER_ASSIGNMENT (  '', '', ( #6254 ) ) ;
#6718 =( BOUNDED_SURFACE ( )  B_SPLINE_SURFACE ( 3, 3, ( 
 ( #5730, #430, #3581, #1470 ),
 ( #5207, #4189, #6977, #6337 ),
 ( #862, #6884, #3117, #3035 ),
 ( #6919, #2582, #2525, #4684 ) ),
 .UNSPECIFIED., .F., .F., .T. ) 
 B_SPLINE_SURFACE_WITH_KNOTS ( ( 4, 4 ),
 ( 4, 4 ),
 ( 0.0000000000000000000, 1.000000000000000000 ),
 ( 0.0000000000000000000, 1.000000000000000000 ),
 .UNSPECIFIED. ) 
 GEOMETRIC_REPRESENTATION_ITEM ( )  RATIONAL_B_SPLINE_SURFACE ( (
 ( 1.000000000000000000, 0.8325095390991915645, 0.8325095390991915645, 1.000000000000000000),
 ( 0.8047378541243649375, 0.6699519400327474949, 0.6699519400327474949, 0.8047378541243649375),
 ( 0.8047378541243649375, 0.6699519400327474949, 0.6699519400327474949, 0.8047378541243649375),
 ( 1.000000000000000000, 0.8325095390991915645, 0.8325095390991915645, 1.000000000000000000) ) ) 
 REPRESENTATION_ITEM ( '' )  SURFACE ( )  );
#6719 = CARTESIAN_POINT ( 'NONE',  ( 2.801565930894221790, 2.448148320616390539, 0.2900000000000000355 ) ) ;
#6720 = ORIENTED_EDGE ( 'NONE', *, *, #3142, .T. ) ;
#6721 = EDGE_CURVE ( 'NONE', #388, #2012, #166, .T. ) ;
#6722 = VERTEX_POINT ( 'NONE', #4529 ) ;
#6723 = UNCERTAINTY_MEASURE_WITH_UNIT (LENGTH_MEASURE( 1.000000000000000082E-05 ), #4409, 'distance_accuracy_value', 'NONE');
#6724 = CARTESIAN_POINT ( 'NONE',  ( 2.779937501871236893, 0.09986109713243988828, 0.1700000000000000122 ) ) ;
#6725 = CARTESIAN_POINT ( 'NONE',  ( 3.043199298673819886, 0.2592704457726267009, 0.5000000000000000000 ) ) ;
#6726 = PRESENTATION_STYLE_ASSIGNMENT (( #6690 ) ) ;
#6727 = EDGE_CURVE ( 'NONE', #5909, #6177, #3517, .T. ) ;
#6728 = ORIENTED_EDGE ( 'NONE', *, *, #5100, .T. ) ;
#6729 =( GEOMETRIC_REPRESENTATION_CONTEXT ( 3 ) GLOBAL_UNCERTAINTY_ASSIGNED_CONTEXT ( ( #2356 ) ) GLOBAL_UNIT_ASSIGNED_CONTEXT ( ( #3699, #2752, #6992 ) ) REPRESENTATION_CONTEXT ( 'NONE', 'WORKASPACE' ) );
#6730 = DIRECTION ( 'NONE',  ( -0.0000000000000000000, -1.000000000000000000, -0.0000000000000000000 ) ) ;
#6731 =( NAMED_UNIT ( * ) SI_UNIT ( $, .STERADIAN. ) SOLID_ANGLE_UNIT ( ) );
#6732 = CARTESIAN_POINT ( 'NONE',  ( 0.09999075855428368742, 1.580047681430130968, 0.0000000000000000000 ) ) ;
#6733 = VECTOR ( 'NONE', #3675, 1000.000000000000000 ) ;
#6734 = CARTESIAN_POINT ( 'NONE',  ( 0.3693788275795951148, 2.396542742251392522, 0.4800000000000000933 ) ) ;
#6735 = PLANE ( 'NONE',  #920 ) ;
#6736 = ORIENTED_EDGE ( 'NONE', *, *, #6479, .T. ) ;
#6737 = CARTESIAN_POINT ( 'NONE',  ( 0.09999075855428365966, 0.9199523185698689209, 0.0000000000000000000 ) ) ;
#6738 = CARTESIAN_POINT ( 'NONE',  ( 0.3972620350065750316, 2.475000000000170175, 0.2899999999999999800 ) ) ;
#6739 =( GEOMETRIC_REPRESENTATION_CONTEXT ( 3 ) GLOBAL_UNCERTAINTY_ASSIGNED_CONTEXT ( ( #406 ) ) GLOBAL_UNIT_ASSIGNED_CONTEXT ( ( #3165, #2201, #6564 ) ) REPRESENTATION_CONTEXT ( 'NONE', 'WORKASPACE' ) );
#6740 =( LENGTH_UNIT ( ) NAMED_UNIT ( * ) SI_UNIT ( .MILLI., .METRE. ) );
#6741 = VECTOR ( 'NONE', #4831, 1000.000000000000000 ) ;
#6742 = FILL_AREA_STYLE_COLOUR ( '', #2726 ) ;
#6743 = SURFACE_SIDE_STYLE ('',( #6266 ) ) ;
#6744 = VECTOR ( 'NONE', #3541, 1000.000000000000000 ) ;
#6745 =( NAMED_UNIT ( * ) SI_UNIT ( $, .STERADIAN. ) SOLID_ANGLE_UNIT ( ) );
#6746 = ORIENTED_EDGE ( 'NONE', *, *, #2881, .F. ) ;
#6747 = SURFACE_STYLE_FILL_AREA ( #4007 ) ;
#6748 = ORIENTED_EDGE ( 'NONE', *, *, #263, .F. ) ;
#6749 = VERTEX_POINT ( 'NONE', #2940 ) ;
#6750 = CARTESIAN_POINT ( 'NONE',  ( 3.200000000000000178, 2.079959576973092972, 0.1700000000000000122 ) ) ;
#6751 = PRESENTATION_LAYER_ASSIGNMENT (  '', '', ( #2072 ) ) ;
#6752 = VECTOR ( 'NONE', #2815, 1000.000000000000000 ) ;
#6753 = ADVANCED_FACE ( 'NONE', ( #4599 ), #1798, .T. ) ;
#6754 = CYLINDRICAL_SURFACE ( 'NONE', #2692, 0.2000000000000000944 ) ;
#6755 = CARTESIAN_POINT ( 'NONE',  ( 2.800000000000000266, 2.399999999999999911, 0.5000000000000000000 ) ) ;
#6756 = VERTEX_POINT ( 'NONE', #4013 ) ;
#6757 = ORIENTED_EDGE ( 'NONE', *, *, #1459, .T. ) ;
#6758 = LINE ( 'NONE', #6724, #1893 ) ;
#6759 = PRESENTATION_LAYER_ASSIGNMENT (  '', '', ( #4113 ) ) ;
#6760 = SURFACE_STYLE_USAGE ( .BOTH. , #3983 ) ;
#6761 = EDGE_CURVE ( 'NONE', #4097, #3231, #5215, .T. ) ;
#6762 = CARTESIAN_POINT ( 'NONE',  ( 3.100000000000000089, 2.100000000000000089, 0.3649999999999999911 ) ) ;
#6763 = FILL_AREA_STYLE ('',( #3989 ) ) ;
#6764 = CARTESIAN_POINT ( 'NONE',  ( 0.09999075855428361803, 2.079959576973092972, 0.0000000000000000000 ) ) ;
#6765 = PRESENTATION_STYLE_ASSIGNMENT (( #2919 ) ) ;
#6766 = ORIENTED_EDGE ( 'NONE', *, *, #1023, .F. ) ;
#6767 = FILL_AREA_STYLE ('',( #2851 ) ) ;
#6768 = COLOUR_RGB ( '',0.6470588235294117974, 0.6196078431372549211, 0.5843137254901961120 ) ;
#6769 =( NAMED_UNIT ( * ) PLANE_ANGLE_UNIT ( ) SI_UNIT ( $, .RADIAN. ) );
#6770 = COLOUR_RGB ( '',0.01176470588235294101, 0.0000000000000000000, 0.05882352941176470507 ) ;
#6771 = CARTESIAN_POINT ( 'NONE',  ( 2.896538141428088853, 0.1162367037098671202, 0.5000000000000029976 ) ) ;
#6772 = CARTESIAN_POINT ( 'NONE',  ( 3.100009241445716324, 0.9199523185698690320, 0.1700000000000000122 ) ) ;
#6773 = CARTESIAN_POINT ( 'NONE',  ( 0.2942208997768582801, 0.1201574502993108251, 0.4999999999999967804 ) ) ;
#6774 = COLOUR_RGB ( '',0.01176470588235294101, 0.0000000000000000000, 0.05882352941176470507 ) ;
#6775 =( LENGTH_UNIT ( ) NAMED_UNIT ( * ) SI_UNIT ( .MILLI., .METRE. ) );
#6776 = DIRECTION ( 'NONE',  ( 0.0000000000000000000, -0.0000000000000000000, 1.000000000000000000 ) ) ;
#6777 = SURFACE_SIDE_STYLE ('',( #6230 ) ) ;
#6778 = ORIENTED_EDGE ( 'NONE', *, *, #1287, .T. ) ;
#6779 = DIRECTION ( 'NONE',  ( -0.0000000000000000000, -0.0000000000000000000, -1.000000000000000000 ) ) ;
#6780 = CARTESIAN_POINT ( 'NONE',  ( 0.4015377163292058738, 2.380059201829101578, 0.4999999781956464551 ) ) ;
#6781 = PRESENTATION_LAYER_ASSIGNMENT (  '', '', ( #3114 ) ) ;
#6782 = ORIENTED_EDGE ( 'NONE', *, *, #6877, .F. ) ;
#6783 = UNCERTAINTY_MEASURE_WITH_UNIT (LENGTH_MEASURE( 1.000000000000000082E-05 ), #5541, 'distance_accuracy_value', 'NONE');
#6784 = DIRECTION ( 'NONE',  ( -0.0000000000000000000, -1.000000000000000000, -0.0000000000000000000 ) ) ;
#6785 = VECTOR ( 'NONE', #993, 1000.000000000000000 ) ;
#6786 = FILL_AREA_STYLE_COLOUR ( '', #485 ) ;
#6787 = FACE_OUTER_BOUND ( 'NONE', #6898, .T. ) ;
#6788 = ORIENTED_EDGE ( 'NONE', *, *, #5790, .F. ) ;
#6789 = EDGE_CURVE ( 'NONE', #474, #2385, #6819, .T. ) ;
#6790 = ORIENTED_EDGE ( 'NONE', *, *, #6311, .T. ) ;
#6791 = UNCERTAINTY_MEASURE_WITH_UNIT (LENGTH_MEASURE( 1.000000000000000082E-05 ), #4295, 'distance_accuracy_value', 'NONE');
#6792 = SURFACE_STYLE_USAGE ( .BOTH. , #5640 ) ;
#6793 = DIRECTION ( 'NONE',  ( 0.0000000000000000000, 0.0000000000000000000, -1.000000000000000000 ) ) ;
#6794 = LINE ( 'NONE', #1887, #4768 ) ;
#6795 = PRESENTATION_LAYER_ASSIGNMENT (  '', '', ( #3005 ) ) ;
#6796 = FILL_AREA_STYLE_COLOUR ( '', #6770 ) ;
#6797 = FILL_AREA_STYLE_COLOUR ( '', #5311 ) ;
#6798 = VERTEX_POINT ( 'NONE', #1917 ) ;
#6799 = MECHANICAL_DESIGN_GEOMETRIC_PRESENTATION_REPRESENTATION (  '', ( #5878 ), #4288 ) ;
#6800 = CARTESIAN_POINT ( 'NONE',  ( 0.0000000000000000000, 0.2999999999999999889, 0.0000000000000000000 ) ) ;
#6801 = CARTESIAN_POINT ( 'NONE',  ( 1.119723590466932039, 2.400138902867559931, 0.0000000000000000000 ) ) ;
#6802 = FILL_AREA_STYLE ('',( #6156 ) ) ;
#6803 = ORIENTED_EDGE ( 'NONE', *, *, #5185, .F. ) ;
#6804 = ADVANCED_FACE ( 'NONE', ( #3470 ), #357, .F. ) ;
#6805 = DIRECTION ( 'NONE',  ( 0.0000000000000000000, -0.0000000000000000000, -1.000000000000000000 ) ) ;
#6806 = VECTOR ( 'NONE', #5181, 1000.000000000000000 ) ;
#6807 = CARTESIAN_POINT ( 'NONE',  ( 0.4799999999999984834, 2.399999999999999911, 0.4800000000000000933 ) ) ;
#6808 = CARTESIAN_POINT ( 'NONE',  ( 0.4200624981287632842, 2.469999999999999751, 0.1700000000000000122 ) ) ;
#6809 = CARTESIAN_POINT ( 'NONE',  ( 2.080276409533067916, 2.469999999999999751, 0.1700000000000000122 ) ) ;
#6810 = ORIENTED_EDGE ( 'NONE', *, *, #4826, .T. ) ;
#6811 = PRESENTATION_LAYER_ASSIGNMENT (  '', '', ( #3832 ) ) ;
#6812 =( GEOMETRIC_REPRESENTATION_CONTEXT ( 3 ) GLOBAL_UNCERTAINTY_ASSIGNED_CONTEXT ( ( #5503 ) ) GLOBAL_UNIT_ASSIGNED_CONTEXT ( ( #4012, #3468, #4981 ) ) REPRESENTATION_CONTEXT ( 'NONE', 'WORKASPACE' ) );
#6813 = EDGE_LOOP ( 'NONE', ( #499, #2436, #1279, #3722 ) ) ;
#6814 = ORIENTED_EDGE ( 'NONE', *, *, #5959, .F. ) ;
#6815 = SURFACE_STYLE_FILL_AREA ( #5309 ) ;
#6816 = COLOUR_RGB ( '',0.8274509803921568096, 0.6666666666666666297, 0.1294117647058823373 ) ;
#6817 = AXIS2_PLACEMENT_3D ( 'NONE', #1080, #3250, #493 ) ;
#6818 = CARTESIAN_POINT ( 'NONE',  ( 0.4000000000000000222, 0.1412974053913090555, 0.4995495749143826214 ) ) ;
#6819 = LINE ( 'NONE', #5598, #1324 ) ;
#6820 = CARTESIAN_POINT ( 'NONE',  ( 2.946446609406726758, 0.1500000000000008826, 0.5400000000000001465 ) ) ;
#6821 =( LENGTH_UNIT ( ) NAMED_UNIT ( * ) SI_UNIT ( .MILLI., .METRE. ) );
#6822 = DIRECTION ( 'NONE',  ( -0.7184060015747271155, 0.6956240485358546888, 0.0000000000000000000 ) ) ;
#6823 = EDGE_LOOP ( 'NONE', ( #151, #5209, #1650, #4165, #5170 ) ) ;
#6824 = ORIENTED_EDGE ( 'NONE', *, *, #5566, .F. ) ;
#6825 = PRESENTATION_LAYER_ASSIGNMENT (  '', '', ( #3031 ) ) ;
#6826 = MECHANICAL_DESIGN_GEOMETRIC_PRESENTATION_REPRESENTATION (  '', ( #748 ), #2699 ) ;
#6827 = LINE ( 'NONE', #1027, #6695 ) ;
#6828 = DIRECTION ( 'NONE',  ( 0.0000000000000000000, 0.0000000000000000000, 1.000000000000000000 ) ) ;
#6829 = ADVANCED_FACE ( 'NONE', ( #5282 ), #4122, .F. ) ;
#6830 = VECTOR ( 'NONE', #5898, 1000.000000000000000 ) ;
#6831 = DIRECTION ( 'NONE',  ( 0.0000000000000000000, -0.0000000000000000000, 1.000000000000000000 ) ) ;
#6832 = FILL_AREA_STYLE ('',( #2468 ) ) ;
#6833 = SURFACE_SIDE_STYLE ('',( #848 ) ) ;
#6834 = SURFACE_STYLE_FILL_AREA ( #2152 ) ;
#6835 = COLOUR_RGB ( '',0.8274509803921568096, 0.6666666666666666297, 0.1254901960784313708 ) ;
#6836 = EDGE_CURVE ( 'NONE', #7003, #236, #1181, .T. ) ;
#6837 = DIRECTION ( 'NONE',  ( 1.000000000000000000, 0.0000000000000000000, -0.0000000000000000000 ) ) ;
#6838 = FACE_OUTER_BOUND ( 'NONE', #1777, .T. ) ;
#6839 = AXIS2_PLACEMENT_3D ( 'NONE', #5987, #2635, #2138 ) ;
#6840 = VERTEX_POINT ( 'NONE', #43 ) ;
#6841 = PRESENTATION_STYLE_ASSIGNMENT (( #5123 ) ) ;
#6842 =( NAMED_UNIT ( * ) PLANE_ANGLE_UNIT ( ) SI_UNIT ( $, .RADIAN. ) );
#6843 =( GEOMETRIC_REPRESENTATION_CONTEXT ( 3 ) GLOBAL_UNCERTAINTY_ASSIGNED_CONTEXT ( ( #4344 ) ) GLOBAL_UNIT_ASSIGNED_CONTEXT ( ( #5302, #6379, #1505 ) ) REPRESENTATION_CONTEXT ( 'NONE', 'WORKASPACE' ) );
#6844 = CARTESIAN_POINT ( 'NONE',  ( 2.800000000000000266, 2.350000000000000089, 0.6000000000000000888 ) ) ;
#6845 = EDGE_CURVE ( 'NONE', #474, #163, #7067, .T. ) ;
#6846 = CARTESIAN_POINT ( 'NONE',  ( 2.800000000000000266, 0.1299999999999999767, 0.5000000000000000000 ) ) ;
#6847 = CARTESIAN_POINT ( 'NONE',  ( 0.3034618700924491264, 2.383763296701776557, 0.5000000000000036637 ) ) ;
#6848 = ORIENTED_EDGE ( 'NONE', *, *, #5884, .F. ) ;
#6849 = STYLED_ITEM ( 'NONE', ( #3259 ), #2438 ) ;
#6850 = CARTESIAN_POINT ( 'NONE',  ( 3.128468941243597534, 2.287942570589316826, 0.2899999999999999800 ) ) ;
#6851 = ORIENTED_EDGE ( 'NONE', *, *, #3168, .T. ) ;
#6852 = ORIENTED_EDGE ( 'NONE', *, *, #5432, .F. ) ;
#6853 = UNCERTAINTY_MEASURE_WITH_UNIT (LENGTH_MEASURE( 1.000000000000000082E-05 ), #6321, 'distance_accuracy_value', 'NONE');
#6854 =( NAMED_UNIT ( * ) PLANE_ANGLE_UNIT ( ) SI_UNIT ( $, .RADIAN. ) );
#6855 = STYLED_ITEM ( 'NONE', ( #254 ), #2565 ) ;
#6856 = SURFACE_STYLE_USAGE ( .BOTH. , #2455 ) ;
#6857 = CARTESIAN_POINT ( 'NONE',  ( 0.2141744883756111217, 0.08014551274507017431, 0.2899999999999999800 ) ) ;
#6858 = CARTESIAN_POINT ( 'NONE',  ( 3.025147186257613807, 0.4000000000000001332, 0.5999999999999999778 ) ) ;
#6859 =( NAMED_UNIT ( * ) SI_UNIT ( $, .STERADIAN. ) SOLID_ANGLE_UNIT ( ) );
#6860 = ORIENTED_EDGE ( 'NONE', *, *, #569, .F. ) ;
#6861 = EDGE_LOOP ( 'NONE', ( #1358, #3968, #2306, #1427, #3144, #3391, #447, #6548, #3895, #5134, #2781 ) ) ;
#6862 = VECTOR ( 'NONE', #2958, 1000.000000000000000 ) ;
#6863 = UNCERTAINTY_MEASURE_WITH_UNIT (LENGTH_MEASURE( 1.000000000000000082E-05 ), #209, 'distance_accuracy_value', 'NONE');
#6864 = CARTESIAN_POINT ( 'NONE',  ( 2.779937501871236449, -1.626303258728256651E-16, 0.0000000000000000000 ) ) ;
#6865 = DIRECTION ( 'NONE',  ( -0.0000000000000000000, -0.0000000000000000000, 1.000000000000000000 ) ) ;
#6866 = DIRECTION ( 'NONE',  ( 1.000000000000000000, 0.0000000000000000000, 0.0000000000000000000 ) ) ;
#6867 = DIRECTION ( 'NONE',  ( 0.0000000000000000000, -0.0000000000000000000, 1.000000000000000000 ) ) ;
#6868 = ORIENTED_EDGE ( 'NONE', *, *, #1096, .F. ) ;
#6869 = AXIS2_PLACEMENT_3D ( 'NONE', #558, #4883, #2798 ) ;
#6870 = CARTESIAN_POINT ( 'NONE',  ( 3.131371325228092140, 2.096630123040725824, 0.2899999999999992584 ) ) ;
#6871 = DIRECTION ( 'NONE',  ( -1.000000000000000000, 0.0000000000000000000, 0.0000000000000000000 ) ) ;
#6872 = DIRECTION ( 'NONE',  ( -0.0000000000000000000, -1.000000000000000000, -0.0000000000000000000 ) ) ;
#6873 = LINE ( 'NONE', #5267, #2485 ) ;
#6874 = ORIENTED_EDGE ( 'NONE', *, *, #2727, .F. ) ;
#6875 = ORIENTED_EDGE ( 'NONE', *, *, #5007, .T. ) ;
#6876 = DIRECTION ( 'NONE',  ( 0.0000000000000000000, 0.0000000000000000000, 1.000000000000000000 ) ) ;
#6877 = EDGE_CURVE ( 'NONE', #6549, #2510, #5945, .T. ) ;
#6878 =( NAMED_UNIT ( * ) SI_UNIT ( $, .STERADIAN. ) SOLID_ANGLE_UNIT ( ) );
#6879 = SURFACE_SIDE_STYLE ('',( #6297 ) ) ;
#6880 = AXIS2_PLACEMENT_3D ( 'NONE', #5964, #2808, #109 ) ;
#6881 = MECHANICAL_DESIGN_GEOMETRIC_PRESENTATION_REPRESENTATION (  '', ( #6185 ), #6418 ) ;
#6882 = DIRECTION ( 'NONE',  ( 0.0000000000000000000, 0.0000000000000000000, 1.000000000000000000 ) ) ;
#6883 = DIRECTION ( 'NONE',  ( -0.0000000000000000000, 0.0000000000000000000, -1.000000000000000000 ) ) ;
#6884 = CARTESIAN_POINT ( 'NONE',  ( 3.119854487254929420, 0.2141744883756091511, 0.2899999999999999800 ) ) ;
#6885 = PRESENTATION_STYLE_ASSIGNMENT (( #3625 ) ) ;
#6886 = CARTESIAN_POINT ( 'NONE',  ( 0.1210520794890762586, 2.112873157419601799, 0.5000000000000000000 ) ) ;
#6887 = VERTEX_POINT ( 'NONE', #2691 ) ;
#6888 = AXIS2_PLACEMENT_3D ( 'NONE', #2329, #5646, #4067 ) ;
#6889 = VERTEX_POINT ( 'NONE', #3852 ) ;
#6890 = EDGE_LOOP ( 'NONE', ( #3812, #5638, #5268, #3567 ) ) ;
#6891 = VECTOR ( 'NONE', #1888, 1000.000000000000000 ) ;
#6892 = EDGE_CURVE ( 'NONE', #539, #6567, #2917, .T. ) ;
#6893 = CARTESIAN_POINT ( 'NONE',  ( 0.2325212498551169626, 0.1101522168000745594, 0.3210660171779821104 ) ) ;
#6894 = CARTESIAN_POINT ( 'NONE',  ( 0.4200624981287633397, 2.500000000000000000, 0.0000000000000000000 ) ) ;
#6895 = DIRECTION ( 'NONE',  ( 0.0000000000000000000, 0.0000000000000000000, 1.000000000000000000 ) ) ;
#6896 =( LENGTH_UNIT ( ) NAMED_UNIT ( * ) SI_UNIT ( .MILLI., .METRE. ) );
#6897 = ORIENTED_EDGE ( 'NONE', *, *, #6634, .F. ) ;
#6898 = EDGE_LOOP ( 'NONE', ( #6468, #4604, #2653, #3926 ) ) ;
#6899 = EDGE_CURVE ( 'NONE', #3247, #3762, #6626, .T. ) ;
#6900 = EDGE_CURVE ( 'NONE', #6691, #5003, #2708, .T. ) ;
#6901 = FACE_OUTER_BOUND ( 'NONE', #3788, .T. ) ;
#6902 = CARTESIAN_POINT ( 'NONE',  ( 2.800000000000000266, 0.2099999999999999922, 0.6000000000000000888 ) ) ;
#6903 = DIRECTION ( 'NONE',  ( 0.0000000000000000000, 1.000000000000000000, 0.0000000000000000000 ) ) ;
#6904 = AXIS2_PLACEMENT_3D ( 'NONE', #6537, #3737, #4739 ) ;
#6905 = CARTESIAN_POINT ( 'NONE',  ( 1.280000000000000471, 0.1000000000000000056, 0.4800000000000000933 ) ) ;
#6906 = DIRECTION ( 'NONE',  ( 0.0000000000000000000, 0.0000000000000000000, -1.000000000000000000 ) ) ;
#6907 = PRESENTATION_STYLE_ASSIGNMENT (( #3703 ) ) ;
#6908 =( GEOMETRIC_REPRESENTATION_CONTEXT ( 3 ) GLOBAL_UNCERTAINTY_ASSIGNED_CONTEXT ( ( #2645 ) ) GLOBAL_UNIT_ASSIGNED_CONTEXT ( ( #445, #2630, #2695 ) ) REPRESENTATION_CONTEXT ( 'NONE', 'WORKASPACE' ) );
#6909 = CARTESIAN_POINT ( 'NONE',  ( 2.799839104968484982, 0.09685234074764040302, 0.3358834660201137634 ) ) ;
#6910 = ORIENTED_EDGE ( 'NONE', *, *, #5320, .T. ) ;
#6911 = ORIENTED_EDGE ( 'NONE', *, *, #4526, .F. ) ;
#6912 = CARTESIAN_POINT ( 'NONE',  ( 0.2100000000000001033, 2.100000000000000089, 0.6000000000000000888 ) ) ;
#6913 = AXIS2_PLACEMENT_3D ( 'NONE', #3498, #2928, #5050 ) ;
#6914 = CARTESIAN_POINT ( 'NONE',  ( 1.119723590466932039, 0.09986109713243990216, 0.0000000000000000000 ) ) ;
#6915 = DIRECTION ( 'NONE',  ( 0.0000000000000000000, 0.0000000000000000000, -1.000000000000000000 ) ) ;
#6916 = COLOUR_RGB ( '',0.8274509803921568096, 0.6666666666666666297, 0.1294117647058823373 ) ;
#6917 = EDGE_CURVE ( 'NONE', #2596, #7063, #5476, .T. ) ;
#6918 = CARTESIAN_POINT ( 'NONE',  ( 0.4200624981287628401, 0.0000000000000000000, 0.1700000000000000122 ) ) ;
#6919 = CARTESIAN_POINT ( 'NONE',  ( 3.175224135144549376, 0.4007004371235644014, 0.2899999999999999800 ) ) ;
#6920 = SURFACE_SIDE_STYLE ('',( #3082 ) ) ;
#6921 = ORIENTED_EDGE ( 'NONE', *, *, #6448, .F. ) ;
#6922 = DIRECTION ( 'NONE',  ( 0.0000000000000000000, 1.000000000000000000, 0.0000000000000000000 ) ) ;
#6923 = ORIENTED_EDGE ( 'NONE', *, *, #3290, .F. ) ;
#6924 = AXIS2_PLACEMENT_3D ( 'NONE', #7036, #1041, #4752 ) ;
#6925 = CARTESIAN_POINT ( 'NONE',  ( 0.4000000000000009104, 2.350000000000000089, 0.5400000000000001465 ) ) ;
#6926 = CARTESIAN_POINT ( 'NONE',  ( 0.08014551274507600298, 0.2141744883756015738, 0.2899999999999999800 ) ) ;
#6927 = VECTOR ( 'NONE', #6389, 1000.000000000000000 ) ;
#6928 = SURFACE_STYLE_USAGE ( .BOTH. , #2028 ) ;
#6929 = CARTESIAN_POINT ( 'NONE',  ( 3.169999999999999929, 2.469999999999999751, 0.0000000000000000000 ) ) ;
#6930 = VERTEX_POINT ( 'NONE', #5441 ) ;
#6931 = ORIENTED_EDGE ( 'NONE', *, *, #6479, .F. ) ;
#6932 = UNCERTAINTY_MEASURE_WITH_UNIT (LENGTH_MEASURE( 1.000000000000000082E-05 ), #2915, 'distance_accuracy_value', 'NONE');
#6933 = STYLED_ITEM ( 'NONE', ( #1797 ), #543 ) ;
#6934 = SURFACE_STYLE_FILL_AREA ( #1929 ) ;
#6935 = EDGE_CURVE ( 'NONE', #2596, #6722, #4354, .T. ) ;
#6936 = STYLED_ITEM ( 'NONE', ( #6332 ), #988 ) ;
#6937 = DIRECTION ( 'NONE',  ( 0.0000000000000000000, 1.000000000000000000, 0.0000000000000000000 ) ) ;
#6938 = FILL_AREA_STYLE_COLOUR ( '', #1057 ) ;
#6939 = AXIS2_PLACEMENT_3D ( 'NONE', #4920, #4456, #2763 ) ;
#6940 = MECHANICAL_DESIGN_GEOMETRIC_PRESENTATION_REPRESENTATION (  '', ( #401 ), #4647 ) ;
#6941 = CARTESIAN_POINT ( 'NONE',  ( 2.802737965005745124, 0.02500000000000002220, 0.2899999999999999800 ) ) ;
#6942 = ORIENTED_EDGE ( 'NONE', *, *, #876, .T. ) ;
#6943 = CARTESIAN_POINT ( 'NONE',  ( 0.2535533905932737531, 2.350000000000000977, 0.5751471862576144067 ) ) ;
#6944 = CARTESIAN_POINT ( 'NONE',  ( 0.02999999999999994338, 0.02999999999999997113, 0.1700000000000000122 ) ) ;
#6945 = CARTESIAN_POINT ( 'NONE',  ( 2.389931833186331733, 1.580047681430130746, 0.1700000000000000122 ) ) ;
#6946 =( GEOMETRIC_REPRESENTATION_CONTEXT ( 3 ) GLOBAL_UNCERTAINTY_ASSIGNED_CONTEXT ( ( #3558 ) ) GLOBAL_UNIT_ASSIGNED_CONTEXT ( ( #5642, #725, #2948 ) ) REPRESENTATION_CONTEXT ( 'NONE', 'WORKASPACE' ) );
#6947 = FILL_AREA_STYLE ('',( #394 ) ) ;
#6948 = FACE_OUTER_BOUND ( 'NONE', #6198, .T. ) ;
#6949 = EDGE_LOOP ( 'NONE', ( #4509, #6921, #5307, #2528 ) ) ;
#6950 = EDGE_LOOP ( 'NONE', ( #4222, #4184, #4223, #1833 ) ) ;
#6951 = B_SPLINE_CURVE_WITH_KNOTS ( 'NONE', 3,
 ( #4830, #4757, #6554, #1635, #4232, #6410 ),
 .UNSPECIFIED., .F., .F.,
 ( 4, 2, 4 ),
 ( 0.0000000000000000000, 0.5000000000000001110, 1.000000000000000000 ),
 .UNSPECIFIED. ) ;
#6952 = CARTESIAN_POINT ( 'NONE',  ( 0.4007004371235668994, 0.02477586485545071535, 0.2899999999999999800 ) ) ;
#6953 = VECTOR ( 'NONE', #2444, 1000.000000000000000 ) ;
#6954 = CARTESIAN_POINT ( 'NONE',  ( 0.1412968281545178284, 2.251544809438146721, 0.4995489630239926537 ) ) ;
#6955 =( NAMED_UNIT ( * ) SI_UNIT ( $, .STERADIAN. ) SOLID_ANGLE_UNIT ( ) );
#6956 = ORIENTED_EDGE ( 'NONE', *, *, #4526, .T. ) ;
#6958 = EDGE_CURVE ( 'NONE', #3853, #1923, #3316, .T. ) ;
#6957 = DIRECTION ( 'NONE',  ( 1.000000000000000000, -0.0000000000000000000, 0.0000000000000000000 ) ) ;
#6959 = VECTOR ( 'NONE', #6326, 1000.000000000000000 ) ;
#6960 = LINE ( 'NONE', #5184, #6611 ) ;
#6961 = AXIS2_PLACEMENT_3D ( 'NONE', #4330, #4264, #5937 ) ;
#6962 = COLOUR_RGB ( '',0.8274509803921568096, 0.6666666666666666297, 0.1254901960784313708 ) ;
#6963 = LINE ( 'NONE', #2079, #6785 ) ;
#6964 = SURFACE_STYLE_FILL_AREA ( #4779 ) ;
#6965 = ADVANCED_FACE ( 'NONE', ( #5509 ), #6037, .T. ) ;
#6966 =( LENGTH_UNIT ( ) NAMED_UNIT ( * ) SI_UNIT ( .MILLI., .METRE. ) );
#6967 = MECHANICAL_DESIGN_GEOMETRIC_PRESENTATION_REPRESENTATION (  '', ( #2844 ), #1709 ) ;
#6968 = ADVANCED_FACE ( 'NONE', ( #6655 ), #3916, .F. ) ;
#6969 = ORIENTED_EDGE ( 'NONE', *, *, #1955, .T. ) ;
#6970 = ORIENTED_EDGE ( 'NONE', *, *, #6222, .F. ) ;
#6971 = CARTESIAN_POINT ( 'NONE',  ( 2.988180369749845688, 0.2055730340098374798, 0.5000030325441262580 ) ) ;
#6972 = FILL_AREA_STYLE_COLOUR ( '', #4178 ) ;
#6973 = ADVANCED_FACE ( 'NONE', ( #3991 ), #4025, .F. ) ;
#6974 = CARTESIAN_POINT ( 'NONE',  ( 2.931888168179568765, 2.325147186257614518, 0.6000000000000004219 ) ) ;
#6975 =( LENGTH_UNIT ( ) NAMED_UNIT ( * ) SI_UNIT ( .MILLI., .METRE. ) );
#6976 = CARTESIAN_POINT ( 'NONE',  ( 0.4007004371359094153, 2.475224135145300597, 0.2899999999999999800 ) ) ;
#6977 = CARTESIAN_POINT ( 'NONE',  ( 2.967478750144890487, 0.1101522168000792362, 0.3210660171779821659 ) ) ;
#6978 = LINE ( 'NONE', #4154, #4934 ) ;
#6979 = DIRECTION ( 'NONE',  ( 1.000000000000000000, 0.0000000000000000000, -0.0000000000000000000 ) ) ;
#6980 = FILL_AREA_STYLE ('',( #904 ) ) ;
#6981 = ORIENTED_EDGE ( 'NONE', *, *, #4173, .F. ) ;
#6982 = SURFACE_STYLE_USAGE ( .BOTH. , #4726 ) ;
#6983 = ORIENTED_EDGE ( 'NONE', *, *, #120, .F. ) ;
#6984 =( NAMED_UNIT ( * ) SI_UNIT ( $, .STERADIAN. ) SOLID_ANGLE_UNIT ( ) );
#6985 = FACE_OUTER_BOUND ( 'NONE', #2519, .T. ) ;
#6986 = SURFACE_STYLE_USAGE ( .BOTH. , #2593 ) ;
#6987 = FILL_AREA_STYLE_COLOUR ( '', #1907 ) ;
#6988 = AXIS2_PLACEMENT_3D ( 'NONE', #1237, #5505, #175 ) ;
#6989 = ORIENTED_EDGE ( 'NONE', *, *, #223, .T. ) ;
#6990 = UNCERTAINTY_MEASURE_WITH_UNIT (LENGTH_MEASURE( 1.000000000000000082E-05 ), #3766, 'distance_accuracy_value', 'NONE');
#6991 =( NAMED_UNIT ( * ) PLANE_ANGLE_UNIT ( ) SI_UNIT ( $, .RADIAN. ) );
#6992 =( NAMED_UNIT ( * ) SI_UNIT ( $, .STERADIAN. ) SOLID_ANGLE_UNIT ( ) );
#6993 = CARTESIAN_POINT ( 'NONE',  ( 1.119723590466932039, 0.9199523185698690320, 0.0000000000000000000 ) ) ;
#6994 = EDGE_CURVE ( 'NONE', #6840, #121, #771, .T. ) ;
#6995 = DIRECTION ( 'NONE',  ( -1.000000000000000000, 0.0000000000000000000, 0.0000000000000000000 ) ) ;
#6996 =( LENGTH_UNIT ( ) NAMED_UNIT ( * ) SI_UNIT ( .MILLI., .METRE. ) );
#6997 = EDGE_LOOP ( 'NONE', ( #2405, #5162, #4545, #649 ) ) ;
#6998 = CIRCLE ( 'NONE', #370, 0.2700000000000002953 ) ;
#6999 =( NAMED_UNIT ( * ) PLANE_ANGLE_UNIT ( ) SI_UNIT ( $, .RADIAN. ) );
#7000 = CARTESIAN_POINT ( 'NONE',  ( 0.1500000000000005773, 0.2535533905932740306, 0.5400000000000001465 ) ) ;
#7001 =( LENGTH_UNIT ( ) NAMED_UNIT ( * ) SI_UNIT ( .MILLI., .METRE. ) );
#7002 = DIRECTION ( 'NONE',  ( 0.0000000000000000000, -0.0000000000000000000, 1.000000000000000000 ) ) ;
#7003 = VERTEX_POINT ( 'NONE', #2953 ) ;
#7004 = ORIENTED_EDGE ( 'NONE', *, *, #4613, .T. ) ;
#7005 = LINE ( 'NONE', #6477, #570 ) ;
#7006 = UNCERTAINTY_MEASURE_WITH_UNIT (LENGTH_MEASURE( 1.000000000000000082E-05 ), #5798, 'distance_accuracy_value', 'NONE');
#7007 = SURFACE_STYLE_FILL_AREA ( #939 ) ;
#7008 = DIRECTION ( 'NONE',  ( 0.0000000000000000000, 0.0000000000000000000, 1.000000000000000000 ) ) ;
#7009 = CARTESIAN_POINT ( 'NONE',  ( 0.1101522168003146313, 2.267478750149281908, 0.3210660171779821104 ) ) ;
#7010 = CARTESIAN_POINT ( 'NONE',  ( 3.200000000000000178, 2.200000000000000178, 0.0000000000000000000 ) ) ;
#7011 = EDGE_CURVE ( 'NONE', #1499, #6489, #1776, .T. ) ;
#7012 = ADVANCED_FACE ( 'NONE', ( #6148 ), #5076, .F. ) ;
#7013 = ORIENTED_EDGE ( 'NONE', *, *, #4581, .T. ) ;
#7014 =( LENGTH_UNIT ( ) NAMED_UNIT ( * ) SI_UNIT ( .MILLI., .METRE. ) );
#7015 = PRESENTATION_STYLE_ASSIGNMENT (( #4272 ) ) ;
#7016 =( GEOMETRIC_REPRESENTATION_CONTEXT ( 3 ) GLOBAL_UNCERTAINTY_ASSIGNED_CONTEXT ( ( #6441 ) ) GLOBAL_UNIT_ASSIGNED_CONTEXT ( ( #3506, #5761, #3658 ) ) REPRESENTATION_CONTEXT ( 'NONE', 'WORKASPACE' ) );
#7017 = DIRECTION ( 'NONE',  ( 0.0000000000000000000, 0.0000000000000000000, -1.000000000000000000 ) ) ;
#7018 =( BOUNDED_SURFACE ( )  B_SPLINE_SURFACE ( 2, 3, ( 
 ( #3454, #122, #6601, #6638, #742, #2931, #4975, #4437, #1718, #644 ),
 ( #6161, #41, #3927, #1679, #4617, #5688, #6773, #5758, #5836, #820 ),
 ( #2443, #3539, #4680, #2961, #859, #1945, #4149, #4076, #6262, #5125 ) ),
 .UNSPECIFIED., .F., .F., .F. ) 
 B_SPLINE_SURFACE_WITH_KNOTS ( ( 3, 3 ),
 ( 4, 2, 2, 2, 4 ),
 ( 0.0000000000000000000, 1.000000000000000000 ),
 ( 3.218554423182715674, 3.360241701943620818, 3.926990816987241839, 4.493739932030862860, 4.635427210791767116 ),
 .UNSPECIFIED. ) 
 GEOMETRIC_REPRESENTATION_ITEM ( )  RATIONAL_B_SPLINE_SURFACE ( (
 ( 1.000000000000000000, 1.000000000000000000, 1.000000000000000000, 1.000000000000000000, 1.000000000000000000, 1.000000000000000000, 1.000000000000000000, 1.000000000000000000, 1.000000000000000000, 1.000000000000000000),
 ( 0.6336872742246451029, 0.6336395313408996754, 0.6338128698948888307, 0.6424637614942552144, 0.6818759437539064772, 0.7112189170366377544, 0.7071067811865463515, 0.7071067811865463515, 0.7071067811865503483, 0.7071067811865503483),
 ( 1.000000000000000000, 1.000000000000000000, 1.000000000000000000, 1.000000000000000000, 1.000000000000000000, 1.000000000000000000, 1.000000000000000000, 1.000000000000000000, 1.000000000000000000, 1.000000000000000000) ) ) 
 REPRESENTATION_ITEM ( '' )  SURFACE ( )  );
#7019 = SURFACE_STYLE_FILL_AREA ( #5979 ) ;
#7020 = CARTESIAN_POINT ( 'NONE',  ( 0.0000000000000000000, 0.2000000000000000111, 0.2899999999999999800 ) ) ;
#7021 = EDGE_LOOP ( 'NONE', ( #6748, #6637, #3706, #3303 ) ) ;
#7022 = CARTESIAN_POINT ( 'NONE',  ( 0.1499999999999999944, 2.100000000000000089, 0.5200000000000000178 ) ) ;
#7023 = PRESENTATION_LAYER_ASSIGNMENT (  '', '', ( #289 ) ) ;
#7024 =( NAMED_UNIT ( * ) SI_UNIT ( $, .STERADIAN. ) SOLID_ANGLE_UNIT ( ) );
#7025 = CARTESIAN_POINT ( 'NONE',  ( 3.169999999999999929, 2.400138902867559931, 0.1700000000000000122 ) ) ;
#7026 = CARTESIAN_POINT ( 'NONE',  ( 0.03000000000000037706, 1.580047681430130968, 0.1700000000000000122 ) ) ;
#7027 =( NAMED_UNIT ( * ) SI_UNIT ( $, .STERADIAN. ) SOLID_ANGLE_UNIT ( ) );
#7028 = CIRCLE ( 'NONE', #5666, 0.05999999999999994227 ) ;
#7029 = VERTEX_POINT ( 'NONE', #5228 ) ;
#7030 = CARTESIAN_POINT ( 'NONE',  ( 0.3000000000000004885, 2.469999999999999751, 0.0000000000000000000 ) ) ;
#7031 = COLOUR_RGB ( '',0.8274509803921568096, 0.6666666666666666297, 0.1254901960784313708 ) ;
#7032 = LINE ( 'NONE', #5894, #4127 ) ;
#7033 = ORIENTED_EDGE ( 'NONE', *, *, #4783, .T. ) ;
#7034 = ORIENTED_EDGE ( 'NONE', *, *, #1311, .T. ) ;
#7035 = CARTESIAN_POINT ( 'NONE',  ( 3.032211262653267347, 2.250449310801153846, 0.5000000000000000000 ) ) ;
#7036 = CARTESIAN_POINT ( 'NONE',  ( 3.200000000000000622, 2.500000000000000444, 0.2899999999999999800 ) ) ;
#7037 =( GEOMETRIC_REPRESENTATION_CONTEXT ( 3 ) GLOBAL_UNCERTAINTY_ASSIGNED_CONTEXT ( ( #4626 ) ) GLOBAL_UNIT_ASSIGNED_CONTEXT ( ( #648, #6197, #2013 ) ) REPRESENTATION_CONTEXT ( 'NONE', 'WORKASPACE' ) );
#7038 = LINE ( 'NONE', #2157, #1102 ) ;
#7039 = EDGE_CURVE ( 'NONE', #578, #4041, #6322, .T. ) ;
#7040 = DIRECTION ( 'NONE',  ( 0.0000000000000000000, 1.000000000000000000, 0.0000000000000000000 ) ) ;
#7041 = COLOUR_RGB ( '',0.8274509803921568096, 0.6666666666666666297, 0.1254901960784313708 ) ;
#7042 = FILL_AREA_STYLE ('',( #4331 ) ) ;
#7043 = ORIENTED_EDGE ( 'NONE', *, *, #5983, .F. ) ;
#7044 = CARTESIAN_POINT ( 'NONE',  ( 2.990000000000001101, 0.4000000000000002442, 0.5400000000000001465 ) ) ;
#7045 = VERTEX_POINT ( 'NONE', #4176 ) ;
#7046 = MECHANICAL_DESIGN_GEOMETRIC_PRESENTATION_REPRESENTATION (  '', ( #1795 ), #5574 ) ;
#7047 = DIRECTION ( 'NONE',  ( 0.0000000000000000000, 0.0000000000000000000, 1.000000000000000000 ) ) ;
#7048 = ADVANCED_FACE ( 'NONE', ( #6396 ), #961, .F. ) ;
#7049 =( LENGTH_UNIT ( ) NAMED_UNIT ( * ) SI_UNIT ( .MILLI., .METRE. ) );
#7050 = SURFACE_STYLE_USAGE ( .BOTH. , #1090 ) ;
#7051 =( GEOMETRIC_REPRESENTATION_CONTEXT ( 3 ) GLOBAL_UNCERTAINTY_ASSIGNED_CONTEXT ( ( #841 ) ) GLOBAL_UNIT_ASSIGNED_CONTEXT ( ( #5422, #5880, #6984 ) ) REPRESENTATION_CONTEXT ( 'NONE', 'WORKASPACE' ) );
#7052 = CARTESIAN_POINT ( 'NONE',  ( 2.800000000000000266, 2.399999999999999911, 0.4800000000000000377 ) ) ;
#7053 = ORIENTED_EDGE ( 'NONE', *, *, #2713, .T. ) ;
#7054 = UNCERTAINTY_MEASURE_WITH_UNIT (LENGTH_MEASURE( 1.000000000000000082E-05 ), #1044, 'distance_accuracy_value', 'NONE');
#7055 = SURFACE_STYLE_FILL_AREA ( #1588 ) ;
#7056 = PRESENTATION_LAYER_ASSIGNMENT (  '', '', ( #2295 ) ) ;
#7057 = ADVANCED_FACE ( 'NONE', ( #3016 ), #312, .F. ) ;
#7058 = MECHANICAL_DESIGN_GEOMETRIC_PRESENTATION_REPRESENTATION (  '', ( #3397 ), #1025 ) ;
#7059 = CARTESIAN_POINT ( 'NONE',  ( 2.800000000000000266, 2.370000000000000107, 0.5200000000000000178 ) ) ;
#7060 = CARTESIAN_POINT ( 'NONE',  ( 1.280000000000000027, 2.399999999999999911, 0.4800000000000000933 ) ) ;
#7061 = CARTESIAN_POINT ( 'NONE',  ( 3.058702067636009936, 0.2484558373927881481, 0.4995501335457743219 ) ) ;
#7062 = CARTESIAN_POINT ( 'NONE',  ( 2.080276409533067916, 2.400138902867559931, 0.0000000000000000000 ) ) ;
#7063 = VERTEX_POINT ( 'NONE', #4382 ) ;
#7064 = MECHANICAL_DESIGN_GEOMETRIC_PRESENTATION_REPRESENTATION (  '', ( #6849 ), #6739 ) ;
#7065 = PLANE ( 'NONE',  #6139 ) ;
#7066 = ORIENTED_EDGE ( 'NONE', *, *, #3339, .F. ) ;
#7067 = B_SPLINE_CURVE_WITH_KNOTS ( 'NONE', 3,
 ( #5494, #6605, #4838, #1720, #2274, #4440 ),
 .UNSPECIFIED., .F., .F.,
 ( 4, 2, 4 ),
 ( 0.0000000000000000000, 0.5000000000000000000, 1.000000000000000000 ),
 .UNSPECIFIED. ) ;
#7068 = CARTESIAN_POINT ( 'NONE',  ( 2.805512635967589929, 2.400043885014591094, 0.5000000000000014433 ) ) ;
#7069 = UNCERTAINTY_MEASURE_WITH_UNIT (LENGTH_MEASURE( 1.000000000000000082E-05 ), #2638, 'distance_accuracy_value', 'NONE');
#7070 = VECTOR ( 'NONE', #1461, 1000.000000000000000 ) ;
#7071 =( LENGTH_UNIT ( ) NAMED_UNIT ( * ) SI_UNIT ( .MILLI., .METRE. ) );
#7072 = CARTESIAN_POINT ( 'NONE',  ( 2.800000000000000266, 2.350000000000000533, 0.5400000000000001465 ) ) ;
ENDSEC;
END-ISO-10303-21;
