ISO-10303-21;
HEADER;
FILE_DESCRIPTION (( 'STEP AP214' ),
    '1' );
FILE_NAME ('DS1021_yellow_2x03p_100mil_Type1_rev1.0.STEP',
    '2023-09-02T23:23:23',
    ( '' ),
    ( '' ),
    'SwSTEP 2.0',
    'SolidWorks 2023',
    '' );
FILE_SCHEMA (( 'AUTOMOTIVE_DESIGN' ));
ENDSEC;

DATA;
#1 = DIRECTION ( 'NONE',  ( 0.9848077530122085754, 8.341646135128160883E-17, 0.1736481776669273891 ) ) ;
#2 = CARTESIAN_POINT ( 'NONE',  ( 0.3464101615137756829, -1.046666666666666856, 2.449999999999999734 ) ) ;
#3 =( LENGTH_UNIT ( ) NAMED_UNIT ( * ) SI_UNIT ( .MILLI., .METRE. ) );
#4 = PRESENTATION_LAYER_ASSIGNMENT (  '', '', ( #7913 ) ) ;
#5 = CARTESIAN_POINT ( 'NONE',  ( 0.000000000000000000, 2.332849267653417158, 8.550000000000000711 ) ) ;
#6 = PLANE ( 'NONE',  #632 ) ;
#8 = ORIENTED_EDGE ( 'NONE', *, *, #2387, .F. ) ;
#7 = ORIENTED_EDGE ( 'NONE', *, *, #5416, .T. ) ;
#9 = CARTESIAN_POINT ( 'NONE',  ( -1.269999999999999574, -0.9999999999999988898, 2.500000000000000000 ) ) ;
#10 = LINE ( 'NONE', #6222, #1224 ) ;
#11 = LINE ( 'NONE', #1922, #2610 ) ;
#12 = FILL_AREA_STYLE_COLOUR ( '', #1028 ) ;
#13 = EDGE_CURVE ( 'NONE', #1438, #3506, #6643, .T. ) ;
#14 = COLOUR_RGB ( '',1.000000000000000000, 0.8431372549019607865, 0.000000000000000000 ) ;
#15 = CARTESIAN_POINT ( 'NONE',  ( 3.809999999999999609, 3.499999999999997780, 2.500000000000000000 ) ) ;
#16 = FILL_AREA_STYLE_COLOUR ( '', #2616 ) ;
#17 = CARTESIAN_POINT ( 'NONE',  ( 1.520000000000000240, -0.7700000000000006839, 0.4500000000000001221 ) ) ;
#18 = DIRECTION ( 'NONE',  ( -6.842277657836020854E-49, 5.078189165123089681E-17, -1.000000000000000000 ) ) ;
#19 = PRESENTATION_STYLE_ASSIGNMENT (( #8285 ) ) ;
#20 = CARTESIAN_POINT ( 'NONE',  ( 1.270000000000000462, -0.7700000000000002398, 0.6000000000000000888 ) ) ;
#21 = EDGE_LOOP ( 'NONE', ( #4085, #8653, #960, #4469 ) ) ;
#22 = ORIENTED_EDGE ( 'NONE', *, *, #4853, .T. ) ;
#23 = SURFACE_STYLE_FILL_AREA ( #7060 ) ;
#24 =( GEOMETRIC_REPRESENTATION_CONTEXT ( 3 ) GLOBAL_UNCERTAINTY_ASSIGNED_CONTEXT ( ( #5777 ) ) GLOBAL_UNIT_ASSIGNED_CONTEXT ( ( #8568, #3024, #3065 ) ) REPRESENTATION_CONTEXT ( 'NONE', 'WORKASPACE' ) );
#25 =( NAMED_UNIT ( * ) PLANE_ANGLE_UNIT ( ) SI_UNIT ( $, .RADIAN. ) );
#26 = EDGE_CURVE ( 'NONE', #85, #1177, #5825, .T. ) ;
#27 = LINE ( 'NONE', #3493, #1790 ) ;
#28 = EDGE_CURVE ( 'NONE', #2755, #1489, #5782, .T. ) ;
#29 = ADVANCED_FACE ( 'NONE', ( #8608 ), #1586, .F. ) ;
#30 = ORIENTED_EDGE ( 'NONE', *, *, #4443, .F. ) ;
#31 = CARTESIAN_POINT ( 'NONE',  ( -0.2785596718136650884, -1.129999999999999227, 1.455843592248305507 ) ) ;
#32 = DIRECTION ( 'NONE',  ( 0.000000000000000000, 1.000000000000000000, 0.000000000000000000 ) ) ;
#33 = COLOUR_RGB ( '',0.9686274509803921573, 0.8784313725490195957, 0.5999999999999999778 ) ;
#34 = ORIENTED_EDGE ( 'NONE', *, *, #3639, .F. ) ;
#35 = STYLED_ITEM ( 'NONE', ( #1570 ), #2023 ) ;
#36 = CARTESIAN_POINT ( 'NONE',  ( 5.400000000000000355, 0.3199999999999998401, -2.359999999999988773 ) ) ;
#37 = CARTESIAN_POINT ( 'NONE',  ( 1.019999999999999796, 3.270000000000000462, 0.000000000000000000 ) ) ;
#38 = LINE ( 'NONE', #2722, #187 ) ;
#40 = ORIENTED_EDGE ( 'NONE', *, *, #6331, .F. ) ;
#39 = ORIENTED_EDGE ( 'NONE', *, *, #2908, .F. ) ;
#41 = CARTESIAN_POINT ( 'NONE',  ( 0.3200000000000000622, 0.2559999999999993947, 7.909999999999988596 ) ) ;
#42 = ORIENTED_EDGE ( 'NONE', *, *, #5634, .F. ) ;
#43 = PRODUCT_DEFINITION_SHAPE ( 'NONE', 'NONE',  #4354 ) ;
#44 = DIRECTION ( 'NONE',  ( 0.7071067811865435759, 0.000000000000000000, -0.7071067811865515695 ) ) ;
#45 = AXIS2_PLACEMENT_3D ( 'NONE', #7028, #731, #1361 ) ;
#46 = EDGE_CURVE ( 'NONE', #4086, #1736, #199, .T. ) ;
#47 =( LENGTH_UNIT ( ) NAMED_UNIT ( * ) SI_UNIT ( .MILLI., .METRE. ) );
#48 = DIRECTION ( 'NONE',  ( 0.7071067811865490160, 0.7071067811865460184, -0.000000000000000000 ) ) ;
#49 = ADVANCED_FACE ( 'NONE', ( #2600 ), #3988, .F. ) ;
#50 = MECHANICAL_DESIGN_GEOMETRIC_PRESENTATION_REPRESENTATION (  '', ( #1215 ), #2997 ) ;
#51 = SURFACE_SIDE_STYLE ('',( #4161 ) ) ;
#52 = SURFACE_STYLE_FILL_AREA ( #5811 ) ;
#54 = ORIENTED_EDGE ( 'NONE', *, *, #840, .T. ) ;
#53 = ORIENTED_EDGE ( 'NONE', *, *, #7895, .T. ) ;
#55 = CARTESIAN_POINT ( 'NONE',  ( 2.284000000000000252, -0.3200000000000006728, 7.909999999999988596 ) ) ;
#56 = PLANE ( 'NONE',  #7493 ) ;
#57 = VECTOR ( 'NONE', #5161, 1000.000000000000000 ) ;
#58 = DIRECTION ( 'NONE',  ( 0.7071067811865434649, -0.000000000000000000, -0.7071067811865516806 ) ) ;
#59 = ADVANCED_FACE ( 'NONE', ( #6088 ), #7506, .F. ) ;
#60 = CARTESIAN_POINT ( 'NONE',  ( 0.2349895302559611154, -1.250000000000000888, 1.099020110436262465 ) ) ;
#61 = LINE ( 'NONE', #2695, #4880 ) ;
#62 = SURFACE_STYLE_FILL_AREA ( #4990 ) ;
#63 = CARTESIAN_POINT ( 'NONE',  ( 3.810000000000000053, 3.499999999999998224, 2.350000000000000089 ) ) ;
#64 = EDGE_CURVE ( 'NONE', #4479, #537, #3349, .T. ) ;
#65 = CYLINDRICAL_SURFACE ( 'NONE', #8561, 0.06399999999999982092 ) ;
#66 = STYLED_ITEM ( 'NONE', ( #6407 ), #2643 ) ;
#67 = VERTEX_POINT ( 'NONE', #1200 ) ;
#68 = VERTEX_POINT ( 'NONE', #2652 ) ;
#69 = VECTOR ( 'NONE', #4942, 1000.000000000000000 ) ;
#70 = CARTESIAN_POINT ( 'NONE',  ( 0.1841118460939785983, -1.149999999999999467, 1.804131856196682149 ) ) ;
#71 = PRESENTATION_LAYER_ASSIGNMENT (  '', '', ( #1089 ) ) ;
#72 = CARTESIAN_POINT ( 'NONE',  ( -1.020000000000000684, 3.499999999999997780, 0.4500000000000002887 ) ) ;
#73 = DIRECTION ( 'NONE',  ( 0.000000000000000000, -1.000000000000000000, -5.078189165123089681E-17 ) ) ;
#74 = DIRECTION ( 'NONE',  ( 0.000000000000000000, 0.000000000000000000, -1.000000000000000000 ) ) ;
#75 = VERTEX_POINT ( 'NONE', #3941 ) ;
#76 = CARTESIAN_POINT ( 'NONE',  ( -0.2023345116037619795, -1.250000000000000888, 1.377563203366691802 ) ) ;
#77 = VECTOR ( 'NONE', #259, 1000.000000000000000 ) ;
#78 = VERTEX_POINT ( 'NONE', #6004 ) ;
#79 = CARTESIAN_POINT ( 'NONE',  ( 6.300000000000000711, -0.7700000000000002398, 0.6500000000000003553 ) ) ;
#80 = EDGE_CURVE ( 'NONE', #2755, #7785, #4121, .T. ) ;
#81 = FILL_AREA_STYLE_COLOUR ( '', #8531 ) ;
#82 = DIRECTION ( 'NONE',  ( -6.842277657836020854E-49, 5.078189165123089681E-17, -1.000000000000000000 ) ) ;
#83 = CARTESIAN_POINT ( 'NONE',  ( 2.332849267653418046, -7.584576630186898791E-16, 8.550000000000000711 ) ) ;
#85 = VERTEX_POINT ( 'NONE', #3251 ) ;
#84 = ORIENTED_EDGE ( 'NONE', *, *, #1644, .T. ) ;
#86 = CARTESIAN_POINT ( 'NONE',  ( -0.2713367824627651026, -1.149999999999999911, 0.8481160656645542195 ) ) ;
#87 = ORIENTED_EDGE ( 'NONE', *, *, #2692, .F. ) ;
#88 = FACE_OUTER_BOUND ( 'NONE', #2687, .T. ) ;
#89 = DIRECTION ( 'NONE',  ( -1.000000000000000000, -1.445602896647340396E-16, 0.000000000000000000 ) ) ;
#90 = EDGE_CURVE ( 'NONE', #6746, #3647, #8881, .T. ) ;
#91 =( NAMED_UNIT ( * ) SI_UNIT ( $, .STERADIAN. ) SOLID_ANGLE_UNIT ( ) );
#92 = LINE ( 'NONE', #229, #8844 ) ;
#93 = VERTEX_POINT ( 'NONE', #6784 ) ;
#94 = LINE ( 'NONE', #2915, #518 ) ;
#95 = DIRECTION ( 'NONE',  ( -6.842277657836020854E-49, 5.078189165123089681E-17, -1.000000000000000000 ) ) ;
#96 = FILL_AREA_STYLE ('',( #617 ) ) ;
#97 = ADVANCED_FACE ( 'NONE', ( #6734 ), #8140, .F. ) ;
#98 = FILL_AREA_STYLE_COLOUR ( '', #2786 ) ;
#99 = MECHANICAL_DESIGN_GEOMETRIC_PRESENTATION_REPRESENTATION (  '', ( #8014 ), #6130 ) ;
#100 = DIRECTION ( 'NONE',  ( 0.000000000000000000, -5.078189165123089681E-17, 1.000000000000000000 ) ) ;
#101 = CARTESIAN_POINT ( 'NONE',  ( 1.169999999999999707, -0.7700000000000006839, 0.6000000000000000888 ) ) ;
#102 = CARTESIAN_POINT ( 'NONE',  ( -0.6136029765733796992, -1.150000000000000133, 1.270000000000000018 ) ) ;
#103 = DIRECTION ( 'NONE',  ( 0.9848077530122085754, 8.341646135128160883E-17, 0.1736481776669273891 ) ) ;
#104 = CARTESIAN_POINT ( 'NONE',  ( 0.2560000000000002274, -0.3200000000000007283, 8.550000000000000711 ) ) ;
#105 =( NAMED_UNIT ( * ) SI_UNIT ( $, .STERADIAN. ) SOLID_ANGLE_UNIT ( ) );
#106 = ORIENTED_EDGE ( 'NONE', *, *, #8846, .T. ) ;
#107 = ORIENTED_EDGE ( 'NONE', *, *, #1563, .T. ) ;
#108 = STYLED_ITEM ( 'NONE', ( #4668 ), #5882 ) ;
#109 = PRESENTATION_LAYER_ASSIGNMENT (  '', '', ( #5996 ) ) ;
#110 = EDGE_CURVE ( 'NONE', #1353, #5178, #2526, .T. ) ;
#111 = CARTESIAN_POINT ( 'NONE',  ( 5.336000000000000298, 0.3199999999999998401, -2.359999999999988773 ) ) ;
#112 = DIRECTION ( 'NONE',  ( 0.000000000000000000, 5.078189165123089681E-17, -1.000000000000000000 ) ) ;
#113 =( GEOMETRIC_REPRESENTATION_CONTEXT ( 3 ) GLOBAL_UNCERTAINTY_ASSIGNED_CONTEXT ( ( #6394 ) ) GLOBAL_UNIT_ASSIGNED_CONTEXT ( ( #1800, #7388, #4523 ) ) REPRESENTATION_CONTEXT ( 'NONE', 'WORKASPACE' ) );
#114 = AXIS2_PLACEMENT_3D ( 'NONE', #8544, #7767, #8500 ) ;
#115 = VERTEX_POINT ( 'NONE', #6051 ) ;
#117 = ORIENTED_EDGE ( 'NONE', *, *, #2398, .T. ) ;
#116 = ORIENTED_EDGE ( 'NONE', *, *, #9028, .F. ) ;
#118 = CARTESIAN_POINT ( 'NONE',  ( -0.2890920949374357618, 2.226582426945557636, 7.947330798265291207 ) ) ;
#119 = PRESENTATION_STYLE_ASSIGNMENT (( #4831 ) ) ;
#120 = VERTEX_POINT ( 'NONE', #1870 ) ;
#121 = COLOUR_RGB ( '',0.9686274509803921573, 0.8784313725490195957, 0.5999999999999999778 ) ;
#122 =( BOUNDED_CURVE ( )  B_SPLINE_CURVE ( 3, ( #6082, #8313, #6126, #5392 ),
 .UNSPECIFIED., .F., .F. ) 
 B_SPLINE_CURVE_WITH_KNOTS ( ( 4, 4 ),
 ( 3.141592653589793560, 3.926990816987248056 ),
 .UNSPECIFIED. ) 
 CURVE ( )  GEOMETRIC_REPRESENTATION_ITEM ( )  RATIONAL_B_SPLINE_CURVE ( ( 1.000000000000000000, 0.9492530216741903448, 0.9492530216741903448, 1.000000000000000000 ) ) 
 REPRESENTATION_ITEM ( '' )  );
#123 = ADVANCED_FACE ( 'NONE', ( #8091 ), #4764, .F. ) ;
#124 = SURFACE_STYLE_USAGE ( .BOTH. , #4188 ) ;
#125 = CARTESIAN_POINT ( 'NONE',  ( -0.2607186573092984405, -1.179173059096093379, 1.457410702692492510 ) ) ;
#126 = LINE ( 'NONE', #9081, #5808 ) ;
#127 = DIRECTION ( 'NONE',  ( 1.000000000000000000, 0.000000000000000000, 0.000000000000000000 ) ) ;
#128 = VECTOR ( 'NONE', #2654, 1000.000000000000000 ) ;
#130 = VERTEX_POINT ( 'NONE', #8371 ) ;
#129 = VERTEX_POINT ( 'NONE', #3205 ) ;
#131 = UNCERTAINTY_MEASURE_WITH_UNIT (LENGTH_MEASURE( 1.000000000000000082E-05 ), #2629, 'distance_accuracy_value', 'NONE');
#132 = CARTESIAN_POINT ( 'NONE',  ( 5.400000000000000355, -0.2560000000000002829, -2.359999999999988773 ) ) ;
#133 = CARTESIAN_POINT ( 'NONE',  ( -0.2350048923525311917, -1.250000000000000222, 1.689567392629769849 ) ) ;
#134 = VERTEX_POINT ( 'NONE', #795 ) ;
#135 = CARTESIAN_POINT ( 'NONE',  ( 5.287150732346582949, -0.2071507323465826833, 8.550000000000000711 ) ) ;
#136 = PRESENTATION_LAYER_ASSIGNMENT (  '', '', ( #7897 ) ) ;
#137 = COLOUR_RGB ( '',0.9686274509803921573, 0.8784313725490195957, 0.5999999999999999778 ) ;
#138 = SURFACE_STYLE_USAGE ( .BOTH. , #6261 ) ;
#139 = CARTESIAN_POINT ( 'NONE',  ( 1.269999999999999796, 3.499999999999998224, 2.500000000000000000 ) ) ;
#140 = EDGE_CURVE ( 'NONE', #2675, #4503, #5584, .T. ) ;
#141 = CARTESIAN_POINT ( 'NONE',  ( 5.353200710532140860, -0.3200000000000001177, -2.359999999999988773 ) ) ;
#142 = ORIENTED_EDGE ( 'NONE', *, *, #738, .T. ) ;
#143 = SURFACE_STYLE_USAGE ( .BOTH. , #6492 ) ;
#144 = LINE ( 'NONE', #4531, #4346 ) ;
#145 = DIRECTION ( 'NONE',  ( 0.000000000000000000, -0.000000000000000000, 1.000000000000000000 ) ) ;
#146 = SURFACE_SIDE_STYLE ('',( #7810 ) ) ;
#147 = AXIS2_PLACEMENT_3D ( 'NONE', #7365, #3893, #6690 ) ;
#148 = CARTESIAN_POINT ( 'NONE',  ( 0.2348994894427675895, -1.129999999999999449, 1.210928213070138204 ) ) ;
#149 = CARTESIAN_POINT ( 'NONE',  ( 1.520000000000000462, -0.9999999999999988898, 2.499999999999999112 ) ) ;
#150 = CARTESIAN_POINT ( 'NONE',  ( 0.1572017319022001314, -1.160002928788732124, 0.7372437449079628502 ) ) ;
#151 = DIRECTION ( 'NONE',  ( -6.842277657836020854E-49, 5.078189165123089681E-17, -1.000000000000000000 ) ) ;
#152 = CARTESIAN_POINT ( 'NONE',  ( 2.796000000000000263, 0.3199999999999998401, -2.359999999999988773 ) ) ;
#153 = PRESENTATION_STYLE_ASSIGNMENT (( #5958 ) ) ;
#154 = ORIENTED_EDGE ( 'NONE', *, *, #3031, .T. ) ;
#155 = VECTOR ( 'NONE', #2874, 1000.000000000000000 ) ;
#156 = CARTESIAN_POINT ( 'NONE',  ( 5.336000000000000298, 2.219999999999999307, 8.550000000000000711 ) ) ;
#157 = EDGE_CURVE ( 'NONE', #7348, #6377, #3567, .T. ) ;
#159 = EDGE_LOOP ( 'NONE', ( #1525, #4786, #2746, #5275 ) ) ;
#158 = ORIENTED_EDGE ( 'NONE', *, *, #5151, .T. ) ;
#160 =( LENGTH_UNIT ( ) NAMED_UNIT ( * ) SI_UNIT ( .MILLI., .METRE. ) );
#161 = ORIENTED_EDGE ( 'NONE', *, *, #80, .F. ) ;
#162 = MECHANICAL_DESIGN_GEOMETRIC_PRESENTATION_REPRESENTATION (  '', ( #5598 ), #3849 ) ;
#163 = DIRECTION ( 'NONE',  ( 0.000000000000000000, 0.000000000000000000, -1.000000000000000000 ) ) ;
#164 = PLANE ( 'NONE',  #6011 ) ;
#165 = STYLED_ITEM ( 'NONE', ( #4375 ), #1322 ) ;
#166 = DIRECTION ( 'NONE',  ( -1.000000000000000000, 0.000000000000000000, 0.000000000000000000 ) ) ;
#168 = EDGE_LOOP ( 'NONE', ( #7241, #1199, #2200, #8548 ) ) ;
#167 = ORIENTED_EDGE ( 'NONE', *, *, #2575, .F. ) ;
#169 = EDGE_CURVE ( 'NONE', #7275, #68, #2046, .T. ) ;
#170 =( NAMED_UNIT ( * ) SI_UNIT ( $, .STERADIAN. ) SOLID_ANGLE_UNIT ( ) );
#171 =( NAMED_UNIT ( * ) SI_UNIT ( $, .STERADIAN. ) SOLID_ANGLE_UNIT ( ) );
#172 = VERTEX_POINT ( 'NONE', #7688 ) ;
#173 = PLANE ( 'NONE',  #3511 ) ;
#174 =( BOUNDED_CURVE ( )  B_SPLINE_CURVE ( 3, ( #5576, #5529, #1191, #1992 ),
 .UNSPECIFIED., .F., .F. ) 
 B_SPLINE_CURVE_WITH_KNOTS ( ( 4, 4 ),
 ( 2.356194490192339508, 3.141592653589793116 ),
 .UNSPECIFIED. ) 
 CURVE ( )  GEOMETRIC_REPRESENTATION_ITEM ( )  RATIONAL_B_SPLINE_CURVE ( ( 1.000000000000000000, 0.9492530216741903448, 0.9492530216741903448, 1.000000000000000000 ) ) 
 REPRESENTATION_ITEM ( '' )  );
#175 = CARTESIAN_POINT ( 'NONE',  ( 4.060000000000001386, -0.9999999999999988898, 2.500000000000000000 ) ) ;
#176 = PRESENTATION_LAYER_ASSIGNMENT (  '', '', ( #4166 ) ) ;
#177 = CARTESIAN_POINT ( 'NONE',  ( 0.2652706118112037603, -1.166666666887721915, 1.693097982358320319 ) ) ;
#178 = SURFACE_STYLE_FILL_AREA ( #3612 ) ;
#179 = DIRECTION ( 'NONE',  ( -1.000000000000000000, -0.000000000000000000, 0.000000000000000000 ) ) ;
#180 = CYLINDRICAL_SURFACE ( 'NONE', #6214, 0.06399999999999998745 ) ;
#181 = VERTEX_POINT ( 'NONE', #6269 ) ;
#182 = DIRECTION ( 'NONE',  ( 0.000000000000000000, 1.000000000000000000, 0.000000000000000000 ) ) ;
#183 = DIRECTION ( 'NONE',  ( 8.470329472543003391E-17, -1.000000000000000000, 0.000000000000000000 ) ) ;
#184 = PRESENTATION_LAYER_ASSIGNMENT (  '', '', ( #35 ) ) ;
#185 = SURFACE_STYLE_USAGE ( .BOTH. , #8643 ) ;
#186 = LINE ( 'NONE', #3620, #3231 ) ;
#187 = VECTOR ( 'NONE', #4150, 1000.000000000000000 ) ;
#188 = ADVANCED_FACE ( 'NONE', ( #3480 ), #8414, .F. ) ;
#189 = CARTESIAN_POINT ( 'NONE',  ( -0.3199999999999998956, -0.3200000000000007283, 8.550000000000000711 ) ) ;
#190 = ADVANCED_FACE ( 'NONE', ( #8320 ), #1336, .F. ) ;
#191 = DIRECTION ( 'NONE',  ( 1.000000000000000000, 0.000000000000000000, 0.000000000000000000 ) ) ;
#192 = CARTESIAN_POINT ( 'NONE',  ( 3.559999999999999609, 3.499999999999998224, 0.000000000000000000 ) ) ;
#193 = DIRECTION ( 'NONE',  ( 1.000000000000000000, 8.470329472543003391E-17, 4.301393535249064745E-33 ) ) ;
#194 = CARTESIAN_POINT ( 'NONE',  ( 2.796000000000000263, 2.219999999999999751, -2.359999999999988773 ) ) ;
#195 = DIRECTION ( 'NONE',  ( -0.000000000000000000, -0.000000000000000000, -1.000000000000000000 ) ) ;
#196 = DIRECTION ( 'NONE',  ( 0.000000000000000000, 1.000000000000000000, 0.000000000000000000 ) ) ;
#197 = ORIENTED_EDGE ( 'NONE', *, *, #8459, .T. ) ;
#198 = STYLED_ITEM ( 'NONE', ( #153 ), #2478 ) ;
#199 = LINE ( 'NONE', #2317, #443 ) ;
#200 = CARTESIAN_POINT ( 'NONE',  ( 0.2713137137365562168, -1.149999999999999245, 1.693760853465389848 ) ) ;
#201 = CARTESIAN_POINT ( 'NONE',  ( 5.850000000000000533, 3.749999999999999112, 0.000000000000000000 ) ) ;
#202 = STYLED_ITEM ( 'NONE', ( #4705 ), #3963 ) ;
#203 = VECTOR ( 'NONE', #6172, 1000.000000000000000 ) ;
#204 = SURFACE_STYLE_FILL_AREA ( #6509 ) ;
#205 = EDGE_CURVE ( 'NONE', #134, #347, #5676, .T. ) ;
#207 = VERTEX_POINT ( 'NONE', #2738 ) ;
#206 = ORIENTED_EDGE ( 'NONE', *, *, #7718, .T. ) ;
#208 = DIRECTION ( 'NONE',  ( -0.000000000000000000, -0.000000000000000000, -1.000000000000000000 ) ) ;
#209 = ORIENTED_EDGE ( 'NONE', *, *, #8902, .F. ) ;
#210 = AXIS2_PLACEMENT_3D ( 'NONE', #1508, #5658, #4338 ) ;
#211 =( GEOMETRIC_REPRESENTATION_CONTEXT ( 3 ) GLOBAL_UNCERTAINTY_ASSIGNED_CONTEXT ( ( #1055 ) ) GLOBAL_UNIT_ASSIGNED_CONTEXT ( ( #2892, #2326, #5792 ) ) REPRESENTATION_CONTEXT ( 'NONE', 'WORKASPACE' ) );
#212 = EDGE_CURVE ( 'NONE', #8157, #8889, #6964, .T. ) ;
#213 = CARTESIAN_POINT ( 'NONE',  ( 0.3012548339959391641, -0.3012548339959392751, -2.466309119164537655 ) ) ;
#214 = PRESENTATION_STYLE_ASSIGNMENT (( #7288 ) ) ;
#215 = VECTOR ( 'NONE', #3938, 1000.000000000000000 ) ;
#217 = VERTEX_POINT ( 'NONE', #5629 ) ;
#216 = ORIENTED_EDGE ( 'NONE', *, *, #4912, .F. ) ;
#218 = UNCERTAINTY_MEASURE_WITH_UNIT (LENGTH_MEASURE( 1.000000000000000082E-05 ), #5459, 'distance_accuracy_value', 'NONE');
#219 = DIRECTION ( 'NONE',  ( 0.7071067811865515695, -0.000000000000000000, 0.7071067811865435759 ) ) ;
#220 = CARTESIAN_POINT ( 'NONE',  ( -0.1973794752863957946, -1.250000000000001110, 1.761877297553778643 ) ) ;
#221 = ORIENTED_EDGE ( 'NONE', *, *, #7298, .T. ) ;
#222 = DIRECTION ( 'NONE',  ( 0.9848077530122085754, 8.341646135128160883E-17, 0.1736481776669278332 ) ) ;
#223 = CARTESIAN_POINT ( 'NONE',  ( 4.060000000000000497, 3.270000000000000462, 0.4500000000000001221 ) ) ;
#224 = VECTOR ( 'NONE', #6673, 1000.000000000000000 ) ;
#225 = PLANE ( 'NONE',  #3685 ) ;
#226 = CARTESIAN_POINT ( 'NONE',  ( -0.2608839580572228645, -1.149999999999999689, 0.7919293115025519691 ) ) ;
#227 = LINE ( 'NONE', #5942, #2000 ) ;
#228 = DIRECTION ( 'NONE',  ( -6.842277657836020854E-49, 5.078189165123089681E-17, -1.000000000000000000 ) ) ;
#229 = CARTESIAN_POINT ( 'NONE',  ( 2.747150732346582469, 2.540000000000000036, -3.000000000000000000 ) ) ;
#231 = ORIENTED_EDGE ( 'NONE', *, *, #4212, .T. ) ;
#230 = ORIENTED_EDGE ( 'NONE', *, *, #4485, .F. ) ;
#232 =( BOUNDED_CURVE ( )  B_SPLINE_CURVE ( 3, ( #4438, #2257, #7927, #4345 ),
 .UNSPECIFIED., .F., .F. ) 
 B_SPLINE_CURVE_WITH_KNOTS ( ( 4, 4 ),
 ( 4.653770160119203250E-16, 0.7853981633974501664 ),
 .UNSPECIFIED. ) 
 CURVE ( )  GEOMETRIC_REPRESENTATION_ITEM ( )  RATIONAL_B_SPLINE_CURVE ( ( 1.000000000000000000, 0.9492530216741910110, 0.9492530216741910110, 1.000000000000000000 ) ) 
 REPRESENTATION_ITEM ( '' )  );
#233 = DIRECTION ( 'NONE',  ( -1.000000000000000000, 0.000000000000000000, 0.000000000000000000 ) ) ;
#234 = ADVANCED_FACE ( 'NONE', ( #2134 ), #56, .F. ) ;
#235 = FILL_AREA_STYLE ('',( #1623 ) ) ;
#236 = CARTESIAN_POINT ( 'NONE',  ( 1.270000000000000462, 3.270000000000000462, 0.6000000000000000888 ) ) ;
#237 = CARTESIAN_POINT ( 'NONE',  ( 0.1565682309120676741, -1.210017572091700577, 0.7554475863476846076 ) ) ;
#238 = DIRECTION ( 'NONE',  ( -8.470329472543003391E-17, 1.000000000000000000, 0.000000000000000000 ) ) ;
#239 = CARTESIAN_POINT ( 'NONE',  ( -1.169999999999998153, -0.9999999999999986677, 0.6000000000000000888 ) ) ;
#240 = CARTESIAN_POINT ( 'NONE',  ( 1.019999999999999796, 3.270000000000000462, 0.6000000000000000888 ) ) ;
#241 = ORIENTED_EDGE ( 'NONE', *, *, #6637, .F. ) ;
#242 = EDGE_LOOP ( 'NONE', ( #5790, #7219, #4742, #5614 ) ) ;
#243 = EDGE_CURVE ( 'NONE', #4059, #5764, #6359, .T. ) ;
#244 =( GEOMETRIC_REPRESENTATION_CONTEXT ( 3 ) GLOBAL_UNCERTAINTY_ASSIGNED_CONTEXT ( ( #7477 ) ) GLOBAL_UNIT_ASSIGNED_CONTEXT ( ( #7243, #7284, #2474 ) ) REPRESENTATION_CONTEXT ( 'NONE', 'WORKASPACE' ) );
#245 = CARTESIAN_POINT ( 'NONE',  ( 0.3012548339959392751, 2.238745166004060039, 8.016309119164535701 ) ) ;
#246 = DIRECTION ( 'NONE',  ( -0.000000000000000000, 1.000000000000000000, 0.000000000000000000 ) ) ;
#247 = EDGE_CURVE ( 'NONE', #4541, #3725, #5487, .T. ) ;
#248 = VECTOR ( 'NONE', #7179, 1000.000000000000114 ) ;
#250 = ORIENTED_EDGE ( 'NONE', *, *, #1169, .T. ) ;
#249 = EDGE_LOOP ( 'NONE', ( #3355, #3777, #6554, #7723, #8761, #4644 ) ) ;
#251 = CARTESIAN_POINT ( 'NONE',  ( 2.220000000000000195, 0.3199999999999998401, -2.359999999999988773 ) ) ;
#252 = EDGE_LOOP ( 'NONE', ( #206, #7195, #4610, #1393 ) ) ;
#253 = CARTESIAN_POINT ( 'NONE',  ( 4.760000000000000675, 2.219999999999999751, -2.359999999999988773 ) ) ;
#254 = STYLED_ITEM ( 'NONE', ( #6710 ), #6089 ) ;
#255 = PRESENTATION_STYLE_ASSIGNMENT (( #7246 ) ) ;
#256 = CARTESIAN_POINT ( 'NONE',  ( 0.3134175730544423444, 2.829092094937434521, 7.947330798265291207 ) ) ;
#258 = ORIENTED_EDGE ( 'NONE', *, *, #5124, .T. ) ;
#257 = VERTEX_POINT ( 'NONE', #1478 ) ;
#259 = DIRECTION ( 'NONE',  ( -1.000000000000000000, -0.000000000000000000, -0.000000000000000000 ) ) ;
#260 = FILL_AREA_STYLE ('',( #602 ) ) ;
#261 = EDGE_LOOP ( 'NONE', ( #1346, #6894, #2475, #3629 ) ) ;
#262 =( LENGTH_UNIT ( ) NAMED_UNIT ( * ) SI_UNIT ( .MILLI., .METRE. ) );
#263 = VECTOR ( 'NONE', #2611, 1000.000000000000000 ) ;
#264 = CARTESIAN_POINT ( 'NONE',  ( -0.2713045814163984604, -1.150000000000000355, 0.8473473234546058386 ) ) ;
#265 = COLOUR_RGB ( '',0.9686274509803921573, 0.8784313725490195957, 0.5999999999999999778 ) ;
#266 = DIRECTION ( 'NONE',  ( -6.842277657836020854E-49, 5.078189165123089681E-17, -1.000000000000000000 ) ) ;
#267 = SURFACE_SIDE_STYLE ('',( #7937 ) ) ;
#268 =( NAMED_UNIT ( * ) PLANE_ANGLE_UNIT ( ) SI_UNIT ( $, .RADIAN. ) );
#270 = ORIENTED_EDGE ( 'NONE', *, *, #2798, .F. ) ;
#269 = ORIENTED_EDGE ( 'NONE', *, *, #5599, .T. ) ;
#271 = DIRECTION ( 'NONE',  ( 4.224164308385081333E-16, -1.000000000000000000, -0.000000000000000000 ) ) ;
#272 = DIRECTION ( 'NONE',  ( -6.842277657836020854E-49, 5.078189165123089681E-17, -1.000000000000000000 ) ) ;
#273 = SURFACE_SIDE_STYLE ('',( #3660 ) ) ;
#274 =( GEOMETRIC_REPRESENTATION_CONTEXT ( 3 ) GLOBAL_UNCERTAINTY_ASSIGNED_CONTEXT ( ( #3914 ) ) GLOBAL_UNIT_ASSIGNED_CONTEXT ( ( #6174, #8824, #5344 ) ) REPRESENTATION_CONTEXT ( 'NONE', 'WORKASPACE' ) );
#275 = SURFACE_STYLE_FILL_AREA ( #235 ) ;
#276 = DIRECTION ( 'NONE',  ( 8.470329472543003391E-17, -1.000000000000000000, 0.000000000000000000 ) ) ;
#277 = DIRECTION ( 'NONE',  ( 1.000000000000000000, 0.000000000000000000, -0.000000000000000000 ) ) ;
#278 = CARTESIAN_POINT ( 'NONE',  ( 0.1577505785904932956, -1.129999999999999227, 1.813663502661130744 ) ) ;
#279 = DIRECTION ( 'NONE',  ( 0.000000000000000000, 1.000000000000000000, -0.000000000000000000 ) ) ;
#280 = VECTOR ( 'NONE', #2350, 1000.000000000000000 ) ;
#281 = ORIENTED_EDGE ( 'NONE', *, *, #7989, .F. ) ;
#282 = CARTESIAN_POINT ( 'NONE',  ( 4.760000000000000675, 2.747150732346581581, 8.550000000000000711 ) ) ;
#283 = DIRECTION ( 'NONE',  ( 6.842277657836020854E-49, -5.078189165123089681E-17, 1.000000000000000000 ) ) ;
#284 = ORIENTED_EDGE ( 'NONE', *, *, #7131, .F. ) ;
#285 = ADVANCED_FACE ( 'NONE', ( #8277 ), #4310, .T. ) ;
#286 = ORIENTED_EDGE ( 'NONE', *, *, #8521, .T. ) ;
#287 =( NAMED_UNIT ( * ) PLANE_ANGLE_UNIT ( ) SI_UNIT ( $, .RADIAN. ) );
#288 = SURFACE_STYLE_USAGE ( .BOTH. , #3159 ) ;
#289 = CARTESIAN_POINT ( 'NONE',  ( -0.2153368545994607808, -1.129999999999998783, 0.7379887785981118498 ) ) ;
#290 = DIRECTION ( 'NONE',  ( -6.842277657836020854E-49, 5.078189165123089681E-17, -1.000000000000000000 ) ) ;
#291 = DIRECTION ( 'NONE',  ( -0.9848077530122085754, -8.341646135128160883E-17, 0.1736481776669278332 ) ) ;
#292 = STYLED_ITEM ( 'NONE', ( #5858 ), #301 ) ;
#294 = ORIENTED_EDGE ( 'NONE', *, *, #700, .F. ) ;
#293 = ORIENTED_EDGE ( 'NONE', *, *, #1660, .F. ) ;
#295 = CARTESIAN_POINT ( 'NONE',  ( 0.000000000000000000, 2.332849267653417158, -3.000000000000000000 ) ) ;
#296 = EDGE_LOOP ( 'NONE', ( #3261, #6858 ) ) ;
#297 = PRESENTATION_STYLE_ASSIGNMENT (( #5881 ) ) ;
#299 = EDGE_CURVE ( 'NONE', #5877, #8030, #2226, .T. ) ;
#298 = AXIS2_PLACEMENT_3D ( 'NONE', #1386, #2138, #7779 ) ;
#300 = CARTESIAN_POINT ( 'NONE',  ( 2.338912788997920877, -0.2010872110020796577, 8.584387938363944315 ) ) ;
#301 = ADVANCED_FACE ( 'NONE', ( #5769 ), #1575, .F. ) ;
#302 = PLANE ( 'NONE',  #2065 ) ;
#304 = EDGE_LOOP ( 'NONE', ( #8158, #8716, #40, #5179, #1955, #2482, #3853, #4358, #1031, #8087, #7665, #1749, #4955, #1132, #4841, #4238, #5401, #452, #953, #3419, #6424, #6380 ) ) ;
#303 = ORIENTED_EDGE ( 'NONE', *, *, #7483, .T. ) ;
#305 = UNCERTAINTY_MEASURE_WITH_UNIT (LENGTH_MEASURE( 1.000000000000000082E-05 ), #1827, 'distance_accuracy_value', 'NONE');
#306 = CARTESIAN_POINT ( 'NONE',  ( 2.266799289467859690, 2.859999999999999432, 7.909999999999988596 ) ) ;
#307 = SURFACE_STYLE_FILL_AREA ( #5979 ) ;
#308 = VERTEX_POINT ( 'NONE', #1530 ) ;
#309 = CARTESIAN_POINT ( 'NONE',  ( -0.3199999999999998956, 2.219999999999999751, -2.359999999999988773 ) ) ;
#310 = AXIS2_PLACEMENT_3D ( 'NONE', #496, #1260, #8892 ) ;
#311 = CARTESIAN_POINT ( 'NONE',  ( 1.169999999999999707, 3.499999999999998224, 0.5999999999999998668 ) ) ;
#312 = CARTESIAN_POINT ( 'NONE',  ( -0.3012548339959390531, 2.238745166004060039, 8.016309119164535701 ) ) ;
#313 = CARTESIAN_POINT ( 'NONE',  ( 0.3200000000000001177, -0.3200000000000007283, 7.909999999999988596 ) ) ;
#315 = ORIENTED_EDGE ( 'NONE', *, *, #7024, .F. ) ;
#314 = EDGE_LOOP ( 'NONE', ( #867, #2278, #8317, #3968, #7816, #8873 ) ) ;
#316 = LINE ( 'NONE', #3236, #3623 ) ;
#317 = CARTESIAN_POINT ( 'NONE',  ( 0.1585990556424786702, -1.149999999999990807, 0.7336915246931264845 ) ) ;
#318 = ADVANCED_FACE ( 'NONE', ( #1713 ), #7264, .T. ) ;
#319 = MECHANICAL_DESIGN_GEOMETRIC_PRESENTATION_REPRESENTATION (  '', ( #1198 ), #2690 ) ;
#320 = SURFACE_SIDE_STYLE ('',( #6630 ) ) ;
#321 = EDGE_CURVE ( 'NONE', #4546, #1775, #2591, .T. ) ;
#322 = DIRECTION ( 'NONE',  ( -0.7071067811865469066, 0.7071067811865482389, 0.000000000000000000 ) ) ;
#323 = DIRECTION ( 'NONE',  ( 1.000000000000000000, 0.000000000000000000, -0.000000000000000000 ) ) ;
#324 = PRESENTATION_LAYER_ASSIGNMENT (  '', '', ( #5477 ) ) ;
#325 = SURFACE_SIDE_STYLE ('',( #470 ) ) ;
#326 = CARTESIAN_POINT ( 'NONE',  ( 0.1920371650743205316, -1.250000000000001110, 1.763573935885105248 ) ) ;
#327 = CARTESIAN_POINT ( 'NONE',  ( 2.829092094937436297, 2.226582426945557636, -2.397330798265292273 ) ) ;
#328 = ORIENTED_EDGE ( 'NONE', *, *, #5751, .T. ) ;
#329 = UNCERTAINTY_MEASURE_WITH_UNIT (LENGTH_MEASURE( 1.000000000000000082E-05 ), #47, 'distance_accuracy_value', 'NONE');
#330 = CARTESIAN_POINT ( 'NONE',  ( 1.019999999999999796, -0.7700000000000002398, 0.4500000000000018430 ) ) ;
#331 = FILL_AREA_STYLE ('',( #6640 ) ) ;
#332 = ORIENTED_EDGE ( 'NONE', *, *, #2625, .F. ) ;
#333 = B_SPLINE_CURVE_WITH_KNOTS ( 'NONE', 3,
 ( #8532, #5141, #7919, #1645, #1555, #4474, #7751, #905 ),
 .UNSPECIFIED., .F., .F.,
 ( 4, 2, 2, 4 ),
 ( 0.000000000000000000, 2.207589316411049293E-05, 4.415178632822098587E-05, 8.830357265644197173E-05 ),
 .UNSPECIFIED. ) ;
#334 = CARTESIAN_POINT ( 'NONE',  ( 4.060000000000000497, 0.000000000000000000, 0.000000000000000000 ) ) ;
#335 = EDGE_CURVE ( 'NONE', #2118, #7151, #1883, .T. ) ;
#336 =( BOUNDED_CURVE ( )  B_SPLINE_CURVE ( 3, ( #1769, #3289, #7622, #8826 ),
 .UNSPECIFIED., .F., .F. ) 
 B_SPLINE_CURVE_WITH_KNOTS ( ( 4, 4 ),
 ( 3.141592653589793116, 3.926990816987247612 ),
 .UNSPECIFIED. ) 
 CURVE ( )  GEOMETRIC_REPRESENTATION_ITEM ( )  RATIONAL_B_SPLINE_CURVE ( ( 1.000000000000000000, 0.9492530216741903448, 0.9492530216741903448, 1.000000000000000000 ) ) 
 REPRESENTATION_ITEM ( '' )  );
#337 = LINE ( 'NONE', #3158, #2489 ) ;
#338 = EDGE_CURVE ( 'NONE', #5284, #7572, #3172, .T. ) ;
#339 = PRESENTATION_STYLE_ASSIGNMENT (( #3209 ) ) ;
#340 = CARTESIAN_POINT ( 'NONE',  ( -0.2786410898395588753, -1.129999999999998561, 0.8485582526187541719 ) ) ;
#341 = CARTESIAN_POINT ( 'NONE',  ( 5.381254833995939180, 2.841254833995938256, 8.016309119164537478 ) ) ;
#342 = CARTESIAN_POINT ( 'NONE',  ( 0.3464101615137756829, -1.046666666666666856, 2.449999999999999734 ) ) ;
#343 = SURFACE_STYLE_FILL_AREA ( #8750 ) ;
#344 = VECTOR ( 'NONE', #9062, 1000.000000000000000 ) ;
#346 = ORIENTED_EDGE ( 'NONE', *, *, #26, .F. ) ;
#345 = ORIENTED_EDGE ( 'NONE', *, *, #4102, .F. ) ;
#347 = VERTEX_POINT ( 'NONE', #5390 ) ;
#348 = PRESENTATION_LAYER_ASSIGNMENT (  '', '', ( #202 ) ) ;
#349 = CARTESIAN_POINT ( 'NONE',  ( 0.2713058649105610787, -1.150000000000000133, 1.101537600361817582 ) ) ;
#350 = VECTOR ( 'NONE', #5388, 1000.000000000000000 ) ;
#351 = CARTESIAN_POINT ( 'NONE',  ( -1.019999999999999796, -0.9999999999999986677, 0.4500000000000002887 ) ) ;
#352 = CARTESIAN_POINT ( 'NONE',  ( -0.2275784156327442520, -1.249999999999992228, 0.8074457306935119982 ) ) ;
#354 = ORIENTED_EDGE ( 'NONE', *, *, #110, .T. ) ;
#353 = EDGE_LOOP ( 'NONE', ( #715, #5612, #8727, #6418 ) ) ;
#355 = DIRECTION ( 'NONE',  ( 0.000000000000000000, -1.000000000000000000, 0.000000000000000000 ) ) ;
#356 = CARTESIAN_POINT ( 'NONE',  ( -0.2578255419175424223, -1.129999999999999005, 1.768147135491489941 ) ) ;
#357 = ORIENTED_EDGE ( 'NONE', *, *, #6610, .F. ) ;
#358 = FACE_OUTER_BOUND ( 'NONE', #8753, .T. ) ;
#359 = EDGE_CURVE ( 'NONE', #3762, #7105, #3770, .T. ) ;
#360 = STYLED_ITEM ( 'NONE', ( #8651 ), #4545 ) ;
#361 = AXIS2_PLACEMENT_3D ( 'NONE', #5997, #7313, #8779 ) ;
#362 = DIRECTION ( 'NONE',  ( 0.6524265873585068931, 0.3420201433256697676, 0.6762852724015370187 ) ) ;
#363 = SURFACE_STYLE_USAGE ( .BOTH. , #267 ) ;
#364 = FILL_AREA_STYLE ('',( #1098 ) ) ;
#366 = ORIENTED_EDGE ( 'NONE', *, *, #212, .F. ) ;
#365 = EDGE_LOOP ( 'NONE', ( #7619, #5145, #6659, #1332, #3033, #5741 ) ) ;
#367 = CARTESIAN_POINT ( 'NONE',  ( 4.778745166004060962, -0.3012548339959397747, 8.016309119164535701 ) ) ;
#368 = CARTESIAN_POINT ( 'NONE',  ( 0.3464101615137756829, -1.046666666666666856, 2.500000000000000000 ) ) ;
#369 = ADVANCED_FACE ( 'NONE', ( #516 ), #8172, .T. ) ;
#370 = STYLED_ITEM ( 'NONE', ( #6521 ), #5104 ) ;
#371 = DIRECTION ( 'NONE',  ( -6.842277657836020854E-49, 5.078189165123089681E-17, -1.000000000000000000 ) ) ;
#372 = LINE ( 'NONE', #7988, #6294 ) ;
#373 = CARTESIAN_POINT ( 'NONE',  ( 4.060000000000001386, -0.9999999999999988898, 2.500000000000000000 ) ) ;
#374 = FILL_AREA_STYLE_COLOUR ( '', #1798 ) ;
#375 =( NAMED_UNIT ( * ) SI_UNIT ( $, .STERADIAN. ) SOLID_ANGLE_UNIT ( ) );
#376 = DIRECTION ( 'NONE',  ( 0.000000000000000000, -1.000000000000000000, 0.000000000000000000 ) ) ;
#377 = LINE ( 'NONE', #8045, #1648 ) ;
#378 = ORIENTED_EDGE ( 'NONE', *, *, #4424, .T. ) ;
#379 = DIRECTION ( 'NONE',  ( 0.000000000000000000, 0.9396926207859082059, 0.3420201433256694901 ) ) ;
#380 = EDGE_CURVE ( 'NONE', #1819, #1408, #1151, .T. ) ;
#381 = ORIENTED_EDGE ( 'NONE', *, *, #3894, .T. ) ;
#382 = SURFACE_STYLE_USAGE ( .BOTH. , #6874 ) ;
#383 = PRESENTATION_STYLE_ASSIGNMENT (( #8701 ) ) ;
#384 = FILL_AREA_STYLE ('',( #5875 ) ) ;
#385 = CARTESIAN_POINT ( 'NONE',  ( 3.559999999999999609, -0.9999999999999978906, 0.4500000000000018430 ) ) ;
#386 = SURFACE_STYLE_FILL_AREA ( #5968 ) ;
#387 = CARTESIAN_POINT ( 'NONE',  ( 4.778745166004060962, -0.3012548339959393862, -2.466309119164536767 ) ) ;
#388 = EDGE_CURVE ( 'NONE', #755, #848, #8298, .T. ) ;
#389 = ORIENTED_EDGE ( 'NONE', *, *, #4766, .F. ) ;
#390 = LINE ( 'NONE', #295, #691 ) ;
#391 = ORIENTED_EDGE ( 'NONE', *, *, #6984, .F. ) ;
#392 = STYLED_ITEM ( 'NONE', ( #6358 ), #5696 ) ;
#393 = PLANE ( 'NONE',  #3515 ) ;
#394 = FACE_OUTER_BOUND ( 'NONE', #2374, .T. ) ;
#395 = PRESENTATION_LAYER_ASSIGNMENT (  '', '', ( #5698 ) ) ;
#397 = EDGE_LOOP ( 'NONE', ( #656, #8887, #1078, #8017 ) ) ;
#396 = VERTEX_POINT ( 'NONE', #1903 ) ;
#398 = UNCERTAINTY_MEASURE_WITH_UNIT (LENGTH_MEASURE( 1.000000000000000082E-05 ), #8047, 'distance_accuracy_value', 'NONE');
#399 = DIRECTION ( 'NONE',  ( 1.445602896647340396E-16, -1.000000000000000000, 0.000000000000000000 ) ) ;
#400 = EDGE_LOOP ( 'NONE', ( #1737, #5454, #4895, #676, #1100 ) ) ;
#401 = SURFACE_STYLE_FILL_AREA ( #8021 ) ;
#402 = EDGE_CURVE ( 'NONE', #5241, #975, #7211, .T. ) ;
#403 =( GEOMETRIC_REPRESENTATION_CONTEXT ( 3 ) GLOBAL_UNCERTAINTY_ASSIGNED_CONTEXT ( ( #6757 ) ) GLOBAL_UNIT_ASSIGNED_CONTEXT ( ( #7296, #4484, #3826 ) ) REPRESENTATION_CONTEXT ( 'NONE', 'WORKASPACE' ) );
#404 = COLOUR_RGB ( '',0.9686274509803921573, 0.8784313725490195957, 0.5999999999999999778 ) ;
#405 =( LENGTH_UNIT ( ) NAMED_UNIT ( * ) SI_UNIT ( .MILLI., .METRE. ) );
#406 = CARTESIAN_POINT ( 'NONE',  ( 2.238745166004060927, 2.841254833995939144, -2.466309119164537655 ) ) ;
#407 = MANIFOLD_SOLID_BREP ( 'Metal-Pattern[1]', #6917 ) ;
#408 = COLOUR_RGB ( '',0.9686274509803921573, 0.8784313725490195957, 0.5999999999999999778 ) ;
#410 = ORIENTED_EDGE ( 'NONE', *, *, #2685, .F. ) ;
#409 = ORIENTED_EDGE ( 'NONE', *, *, #8222, .F. ) ;
#411 = AXIS2_PLACEMENT_3D ( 'NONE', #6127, #8919, #2909 ) ;
#412 = LINE ( 'NONE', #3970, #224 ) ;
#413 = CARTESIAN_POINT ( 'NONE',  ( 0.2732007105321403451, 2.219999999999999307, 7.909999999999986819 ) ) ;
#414 = FACE_OUTER_BOUND ( 'NONE', #7607, .T. ) ;
#415 = EDGE_CURVE ( 'NONE', #5098, #8379, #8915, .T. ) ;
#416 = CARTESIAN_POINT ( 'NONE',  ( 5.393417573054443359, 2.829092094937436297, -2.397330798265291385 ) ) ;
#417 = AXIS2_PLACEMENT_3D ( 'NONE', #1249, #3481, #3301 ) ;
#418 = VECTOR ( 'NONE', #864, 999.9999999999998863 ) ;
#419 = EDGE_CURVE ( 'NONE', #2527, #7395, #605, .T. ) ;
#420 = CARTESIAN_POINT ( 'NONE',  ( 2.238745166004060927, 2.841254833995938700, 8.016309119164535701 ) ) ;
#421 = CARTESIAN_POINT ( 'NONE',  ( -0.09036144578313276554, -1.250000000000000000, 1.095301204819277396 ) ) ;
#422 = CARTESIAN_POINT ( 'NONE',  ( 0.1590689512689710539, -1.129999999999999227, 1.813572779289713832 ) ) ;
#423 = CARTESIAN_POINT ( 'NONE',  ( 0.3012548339959392751, 2.841254833995939144, -2.466309119164536767 ) ) ;
#424 = EDGE_CURVE ( 'NONE', #6824, #5338, #1414, .T. ) ;
#425 = EDGE_CURVE ( 'NONE', #3781, #4053, #8310, .T. ) ;
#426 = ORIENTED_EDGE ( 'NONE', *, *, #8929, .T. ) ;
#427 = UNCERTAINTY_MEASURE_WITH_UNIT (LENGTH_MEASURE( 1.000000000000000082E-05 ), #7521, 'distance_accuracy_value', 'NONE');
#428 = LINE ( 'NONE', #4720, #3593 ) ;
#429 =( GEOMETRIC_REPRESENTATION_CONTEXT ( 3 ) GLOBAL_UNCERTAINTY_ASSIGNED_CONTEXT ( ( #7384 ) ) GLOBAL_UNIT_ASSIGNED_CONTEXT ( ( #979, #7322, #3942 ) ) REPRESENTATION_CONTEXT ( 'NONE', 'WORKASPACE' ) );
#430 = EDGE_LOOP ( 'NONE', ( #8329, #4386, #643, #1675, #7383, #7834, #2446, #884, #3634, #7914, #5277, #8160 ) ) ;
#431 = VECTOR ( 'NONE', #8223, 1000.000000000000114 ) ;
#432 = CARTESIAN_POINT ( 'NONE',  ( 3.810000000000000941, -0.9999999999999988898, 2.500000000000000000 ) ) ;
#433 = MANIFOLD_SOLID_BREP ( 'Plastic-Pattern[1]', #3401 ) ;
#434 = DIRECTION ( 'NONE',  ( -0.1710878697460326558, -0.1710878697460326836, 0.9702875252478149193 ) ) ;
#435 = PRESENTATION_LAYER_ASSIGNMENT (  '', '', ( #7184 ) ) ;
#436 = PRESENTATION_LAYER_ASSIGNMENT (  '', '', ( #1612 ) ) ;
#437 = CARTESIAN_POINT ( 'NONE',  ( 1.370000000000000329, 3.499999999999997780, 2.350000000000000089 ) ) ;
#438 = CARTESIAN_POINT ( 'NONE',  ( 2.829092094937436297, -0.3134175730544429550, 7.947330798265289431 ) ) ;
#439 = DIRECTION ( 'NONE',  ( -0.1710878697460331277, 0.1710878697460330722, 0.9702875252478149193 ) ) ;
#440 = ORIENTED_EDGE ( 'NONE', *, *, #1116, .T. ) ;
#441 = LINE ( 'NONE', #8843, #4812 ) ;
#442 = EDGE_CURVE ( 'NONE', #129, #2940, #4157, .T. ) ;
#443 = VECTOR ( 'NONE', #5358, 1000.000000000000000 ) ;
#444 = ORIENTED_EDGE ( 'NONE', *, *, #4060, .F. ) ;
#445 = CARTESIAN_POINT ( 'NONE',  ( 0.2216643011576620581, -1.249999999999998002, 1.157682800369861154 ) ) ;
#446 = MANIFOLD_SOLID_BREP ( 'Plastic-Pattern[2]', #2953 ) ;
#447 = EDGE_CURVE ( 'NONE', #6295, #5707, #5478, .T. ) ;
#448 = CARTESIAN_POINT ( 'NONE',  ( -0.2732007105321401230, -0.3200000000000007283, 7.909999999999986819 ) ) ;
#449 = VECTOR ( 'NONE', #7774, 1000.000000000000000 ) ;
#450 = PRESENTATION_STYLE_ASSIGNMENT (( #3359 ) ) ;
#452 = ORIENTED_EDGE ( 'NONE', *, *, #6892, .F. ) ;
#451 = ORIENTED_EDGE ( 'NONE', *, *, #2825, .F. ) ;
#453 = DIRECTION ( 'NONE',  ( 0.000000000000000000, 1.000000000000000000, 0.000000000000000000 ) ) ;
#454 = ORIENTED_EDGE ( 'NONE', *, *, #2996, .T. ) ;
#455 = PLANE ( 'NONE',  #3061 ) ;
#456 = COLOUR_RGB ( '',0.9686274509803921573, 0.8784313725490195957, 0.5999999999999999778 ) ;
#457 = ADVANCED_FACE ( 'NONE', ( #9089 ), #9007, .F. ) ;
#458 = DIRECTION ( 'NONE',  ( -1.000000000000000000, 0.000000000000000000, 0.000000000000000000 ) ) ;
#459 = VECTOR ( 'NONE', #3196, 999.9999999999998863 ) ;
#461 = VERTEX_POINT ( 'NONE', #5527 ) ;
#460 = VERTEX_POINT ( 'NONE', #4113 ) ;
#462 = CARTESIAN_POINT ( 'NONE',  ( 5.400000000000000355, 0.2559999999999999498, -2.359999999999988773 ) ) ;
#463 = DIRECTION ( 'NONE',  ( 0.000000000000000000, 0.9396926207859082059, 0.3420201433256694901 ) ) ;
#464 = FACE_OUTER_BOUND ( 'NONE', #7582, .T. ) ;
#465 = CARTESIAN_POINT ( 'NONE',  ( -0.2446407098541352743, -1.223346856680331163, 1.691325107251418824 ) ) ;
#466 = COLOUR_RGB ( '',1.000000000000000000, 0.000000000000000000, 0.000000000000000000 ) ;
#467 = DIRECTION ( 'NONE',  ( 1.000000000000000000, 0.000000000000000000, -0.000000000000000000 ) ) ;
#468 =( NAMED_UNIT ( * ) PLANE_ANGLE_UNIT ( ) SI_UNIT ( $, .RADIAN. ) );
#469 = DIRECTION ( 'NONE',  ( -0.7071067811865435759, -0.000000000000000000, 0.7071067811865515695 ) ) ;
#470 = SURFACE_STYLE_FILL_AREA ( #8739 ) ;
#471 = CARTESIAN_POINT ( 'NONE',  ( 0.2349397590361441412, -1.250000000000000888, 1.692439759036144631 ) ) ;
#472 = PRESENTATION_STYLE_ASSIGNMENT (( #1771 ) ) ;
#473 = VERTEX_POINT ( 'NONE', #223 ) ;
#474 = CARTESIAN_POINT ( 'NONE',  ( 4.790907905062565142, -0.3134175730544430105, 7.947330798265291207 ) ) ;
#475 = DIRECTION ( 'NONE',  ( -0.7071067811865482389, -0.7071067811865469066, 0.000000000000000000 ) ) ;
#476 = VECTOR ( 'NONE', #5726, 1000.000000000000000 ) ;
#477 = VERTEX_POINT ( 'NONE', #5152 ) ;
#478 = DIRECTION ( 'NONE',  ( -0.1710878697460331277, 0.1710878697460330722, 0.9702875252478149193 ) ) ;
#479 = MANIFOLD_SOLID_BREP ( 'Metal-Pattern[3]', #1923 ) ;
#480 = EDGE_CURVE ( 'NONE', #1212, #1662, #7931, .T. ) ;
#481 = EDGE_CURVE ( 'NONE', #5056, #4479, #5586, .T. ) ;
#482 = DIRECTION ( 'NONE',  ( 1.000000000000000000, 0.000000000000000000, 0.000000000000000000 ) ) ;
#483 = CARTESIAN_POINT ( 'NONE',  ( 1.520000000000000240, -0.9999999999999988898, 0.000000000000000000 ) ) ;
#484 = LINE ( 'NONE', #5268, #6146 ) ;
#485 =( NAMED_UNIT ( * ) PLANE_ANGLE_UNIT ( ) SI_UNIT ( $, .RADIAN. ) );
#486 = LINE ( 'NONE', #6790, #6381 ) ;
#487 = FACE_OUTER_BOUND ( 'NONE', #8247, .T. ) ;
#488 = ORIENTED_EDGE ( 'NONE', *, *, #6442, .F. ) ;
#489 =( NAMED_UNIT ( * ) PLANE_ANGLE_UNIT ( ) SI_UNIT ( $, .RADIAN. ) );
#490 = VECTOR ( 'NONE', #2127, 999.9999999999998863 ) ;
#491 = ORIENTED_EDGE ( 'NONE', *, *, #3019, .T. ) ;
#492 = SURFACE_STYLE_FILL_AREA ( #6796 ) ;
#493 = LINE ( 'NONE', #7472, #3078 ) ;
#494 = VECTOR ( 'NONE', #4775, 1000.000000000000000 ) ;
#495 = EDGE_CURVE ( 'NONE', #627, #7395, #6485, .T. ) ;
#496 = CARTESIAN_POINT ( 'NONE',  ( 6.250000000000000000, 3.270000000000000462, 0.6000000000000000888 ) ) ;
#497 = DIRECTION ( 'NONE',  ( -0.9848077530122085754, -8.341646135128160883E-17, 0.1736481776669278332 ) ) ;
#498 = FILL_AREA_STYLE_COLOUR ( '', #2942 ) ;
#500 = ORIENTED_EDGE ( 'NONE', *, *, #2372, .T. ) ;
#499 = ORIENTED_EDGE ( 'NONE', *, *, #2742, .F. ) ;
#501 = UNCERTAINTY_MEASURE_WITH_UNIT (LENGTH_MEASURE( 1.000000000000000082E-05 ), #262, 'distance_accuracy_value', 'NONE');
#502 =( LENGTH_UNIT ( ) NAMED_UNIT ( * ) SI_UNIT ( .MILLI., .METRE. ) );
#503 = CARTESIAN_POINT ( 'NONE',  ( -0.1584377493068731824, -1.129999999999999227, 1.813616774373996154 ) ) ;
#504 = ORIENTED_EDGE ( 'NONE', *, *, #1979, .F. ) ;
#505 =( NAMED_UNIT ( * ) SI_UNIT ( $, .STERADIAN. ) SOLID_ANGLE_UNIT ( ) );
#506 = ADVANCED_FACE ( 'NONE', ( #785 ), #3606, .F. ) ;
#507 =( GEOMETRIC_REPRESENTATION_CONTEXT ( 3 ) GLOBAL_UNCERTAINTY_ASSIGNED_CONTEXT ( ( #8669 ) ) GLOBAL_UNIT_ASSIGNED_CONTEXT ( ( #3, #4938, #91 ) ) REPRESENTATION_CONTEXT ( 'NONE', 'WORKASPACE' ) );
#508 = AXIS2_PLACEMENT_3D ( 'NONE', #1584, #803, #6458 ) ;
#509 = VECTOR ( 'NONE', #4195, 1000.000000000000000 ) ;
#510 = PLANE ( 'NONE',  #1666 ) ;
#512 = VERTEX_POINT ( 'NONE', #8543 ) ;
#511 = ORIENTED_EDGE ( 'NONE', *, *, #4224, .F. ) ;
#513 = CARTESIAN_POINT ( 'NONE',  ( 0.2344989567605880731, -1.249999999999982681, 0.8383569884989855447 ) ) ;
#514 = CARTESIAN_POINT ( 'NONE',  ( 0.2890920949374360394, 2.226582426945557636, 7.947330798265291207 ) ) ;
#515 = CARTESIAN_POINT ( 'NONE',  ( 0.05396442235651191521, -1.149999999999999911, 0.9509753366796325214 ) ) ;
#516 = FACE_OUTER_BOUND ( 'NONE', #5200, .T. ) ;
#517 = EDGE_CURVE ( 'NONE', #1877, #755, #5064, .T. ) ;
#518 = VECTOR ( 'NONE', #2223, 1000.000000000000000 ) ;
#519 =( GEOMETRIC_REPRESENTATION_CONTEXT ( 3 ) GLOBAL_UNCERTAINTY_ASSIGNED_CONTEXT ( ( #2162 ) ) GLOBAL_UNIT_ASSIGNED_CONTEXT ( ( #4571, #3865, #3452 ) ) REPRESENTATION_CONTEXT ( 'NONE', 'WORKASPACE' ) );
#520 = DIRECTION ( 'NONE',  ( 0.3420201433256698231, -0.9396926207859079838, 0.000000000000000000 ) ) ;
#521 = CARTESIAN_POINT ( 'NONE',  ( 2.796000000000000263, -0.3200000000000001732, -2.359999999999988773 ) ) ;
#522 = ORIENTED_EDGE ( 'NONE', *, *, #6052, .F. ) ;
#523 = AXIS2_PLACEMENT_3D ( 'NONE', #2395, #271, #4494 ) ;
#524 = PLANE ( 'NONE',  #3742 ) ;
#525 = AXIS2_PLACEMENT_3D ( 'NONE', #8283, #6835, #2006 ) ;
#526 = ORIENTED_EDGE ( 'NONE', *, *, #8482, .F. ) ;
#527 = EDGE_CURVE ( 'NONE', #8624, #1244, #5990, .T. ) ;
#528 = CARTESIAN_POINT ( 'NONE',  ( 2.747150732346582469, 1.754634953454125475E-17, -3.000000000000000000 ) ) ;
#529 = CARTESIAN_POINT ( 'NONE',  ( 5.400000000000000355, -0.2560000000000007825, 7.909999999999988596 ) ) ;
#530 = PRESENTATION_STYLE_ASSIGNMENT (( #6142 ) ) ;
#531 = SURFACE_STYLE_USAGE ( .BOTH. , #8795 ) ;
#532 = CARTESIAN_POINT ( 'NONE',  ( -0.2397902344251239548, -1.236673428368207484, 0.8487764478203836394 ) ) ;
#533 = EDGE_CURVE ( 'NONE', #8444, #4011, #7127, .T. ) ;
#534 = ORIENTED_EDGE ( 'NONE', *, *, #6984, .T. ) ;
#535 =( BOUNDED_CURVE ( )  B_SPLINE_CURVE ( 3, ( #420, #6042, #3146, #2454 ),
 .UNSPECIFIED., .F., .F. ) 
 B_SPLINE_CURVE_WITH_KNOTS ( ( 4, 4 ),
 ( 5.497787143782135288, 6.283185307179586232 ),
 .UNSPECIFIED. ) 
 CURVE ( )  GEOMETRIC_REPRESENTATION_ITEM ( )  RATIONAL_B_SPLINE_CURVE ( ( 1.000000000000000000, 0.9492530216741907889, 0.9492530216741907889, 1.000000000000000000 ) ) 
 REPRESENTATION_ITEM ( '' )  );
#536 = SURFACE_SIDE_STYLE ('',( #2872 ) ) ;
#537 = VERTEX_POINT ( 'NONE', #135 ) ;
#538 = LINE ( 'NONE', #2704, #5270 ) ;
#539 = PLANE ( 'NONE',  #8498 ) ;
#540 = ADVANCED_FACE ( 'NONE', ( #7840 ), #874, .F. ) ;
#541 =( NAMED_UNIT ( * ) PLANE_ANGLE_UNIT ( ) SI_UNIT ( $, .RADIAN. ) );
#542 = PLANE ( 'NONE',  #7320 ) ;
#543 = ADVANCED_FACE ( 'NONE', ( #675 ), #4915, .F. ) ;
#545 = ORIENTED_EDGE ( 'NONE', *, *, #7609, .F. ) ;
#544 = ORIENTED_EDGE ( 'NONE', *, *, #3258, .F. ) ;
#546 = DIRECTION ( 'NONE',  ( 1.000000000000000000, 0.000000000000000000, 0.000000000000000000 ) ) ;
#547 = DIRECTION ( 'NONE',  ( -0.7071067811865435759, -0.000000000000000000, 0.7071067811865515695 ) ) ;
#548 = ORIENTED_EDGE ( 'NONE', *, *, #2774, .T. ) ;
#549 = CARTESIAN_POINT ( 'NONE',  ( -0.3199999999999998401, 2.266799289467859690, -2.359999999999986997 ) ) ;
#550 = AXIS2_PLACEMENT_3D ( 'NONE', #2578, #7618, #2711 ) ;
#551 = CARTESIAN_POINT ( 'NONE',  ( 2.841254833995939144, 2.841254833995938256, 8.016309119164537478 ) ) ;
#552 = CARTESIAN_POINT ( 'NONE',  ( 2.796000000000000263, 2.219999999999999751, -2.359999999999988773 ) ) ;
#554 = ORIENTED_EDGE ( 'NONE', *, *, #1204, .F. ) ;
#553 = VERTEX_POINT ( 'NONE', #7702 ) ;
#555 = CARTESIAN_POINT ( 'NONE',  ( -0.2069451709529526451, -1.249999999999989342, 1.756761588701829524 ) ) ;
#556 = FILL_AREA_STYLE ('',( #2449 ) ) ;
#557 = DIRECTION ( 'NONE',  ( -2.409338161078900167E-16, 1.000000000000000000, 0.000000000000000000 ) ) ;
#558 = VECTOR ( 'NONE', #6212, 1000.000000000000000 ) ;
#559 = AXIS2_PLACEMENT_3D ( 'NONE', #6739, #5267, #8702 ) ;
#560 = FILL_AREA_STYLE ('',( #2125 ) ) ;
#561 = FILL_AREA_STYLE ('',( #1326 ) ) ;
#563 = EDGE_CURVE ( 'NONE', #537, #8424, #27, .T. ) ;
#562 = PRESENTATION_LAYER_ASSIGNMENT (  '', '', ( #2318 ) ) ;
#564 = CARTESIAN_POINT ( 'NONE',  ( 0.2397902344294503274, -1.236673428369795324, 0.8487764478203794205 ) ) ;
#565 = DIRECTION ( 'NONE',  ( 6.842277657836020854E-49, -5.078189165123089681E-17, 1.000000000000000000 ) ) ;
#566 =( NAMED_UNIT ( * ) SI_UNIT ( $, .STERADIAN. ) SOLID_ANGLE_UNIT ( ) );
#567 =( NAMED_UNIT ( * ) PLANE_ANGLE_UNIT ( ) SI_UNIT ( $, .RADIAN. ) );
#568 = ORIENTED_EDGE ( 'NONE', *, *, #6386, .F. ) ;
#569 = SURFACE_STYLE_USAGE ( .BOTH. , #1952 ) ;
#570 = LINE ( 'NONE', #3390, #7097 ) ;
#571 = VECTOR ( 'NONE', #8985, 999.9999999999998863 ) ;
#572 = STYLED_ITEM ( 'NONE', ( #5745 ), #8235 ) ;
#573 =( LENGTH_UNIT ( ) NAMED_UNIT ( * ) SI_UNIT ( .MILLI., .METRE. ) );
#574 = DIRECTION ( 'NONE',  ( 0.9848077530122085754, 8.341646135128160883E-17, 0.1736481776669273891 ) ) ;
#575 =( NAMED_UNIT ( * ) PLANE_ANGLE_UNIT ( ) SI_UNIT ( $, .RADIAN. ) );
#576 = FILL_AREA_STYLE_COLOUR ( '', #1850 ) ;
#577 = COLOUR_RGB ( '',0.9686274509803921573, 0.8784313725490195957, 0.5999999999999999778 ) ;
#578 = EDGE_CURVE ( 'NONE', #4006, #7736, #5289, .T. ) ;
#579 = CARTESIAN_POINT ( 'NONE',  ( -0.3012548339959390531, -0.3012548339959397747, 8.016309119164535701 ) ) ;
#580 = CARTESIAN_POINT ( 'NONE',  ( -0.2446407098541426572, -1.223346856680310957, 0.8486748927485816552 ) ) ;
#581 = EDGE_LOOP ( 'NONE', ( #4305, #8948, #7176, #8046 ) ) ;
#582 = ORIENTED_EDGE ( 'NONE', *, *, #517, .T. ) ;
#583 = VECTOR ( 'NONE', #2705, 1000.000000000000000 ) ;
#584 = VECTOR ( 'NONE', #5850, 1000.000000000000114 ) ;
#585 = LINE ( 'NONE', #8289, #713 ) ;
#586 = CARTESIAN_POINT ( 'NONE',  ( 1.269999999999999352, 3.270000000000000462, 0.6000000000000000888 ) ) ;
#587 = FILL_AREA_STYLE_COLOUR ( '', #4309 ) ;
#588 = CARTESIAN_POINT ( 'NONE',  ( -0.2684810187246345903, -1.149999999999999689, 1.420307087382407074 ) ) ;
#589 = EDGE_CURVE ( 'NONE', #1144, #4556, #7745, .T. ) ;
#591 = ORIENTED_EDGE ( 'NONE', *, *, #6754, .F. ) ;
#590 = ORIENTED_EDGE ( 'NONE', *, *, #6691, .T. ) ;
#592 =( NAMED_UNIT ( * ) SI_UNIT ( $, .STERADIAN. ) SOLID_ANGLE_UNIT ( ) );
#593 = CARTESIAN_POINT ( 'NONE',  ( 5.336000000000000298, 0.3199999999999998401, -2.359999999999988773 ) ) ;
#594 = VERTEX_POINT ( 'NONE', #7660 ) ;
#595 = LINE ( 'NONE', #3414, #1587 ) ;
#596 = STYLED_ITEM ( 'NONE', ( #1821 ), #123 ) ;
#597 = EDGE_CURVE ( 'NONE', #8624, #4721, #2845, .T. ) ;
#598 = DIRECTION ( 'NONE',  ( -0.000000000000000000, -0.000000000000000000, -1.000000000000000000 ) ) ;
#599 = CARTESIAN_POINT ( 'NONE',  ( 0.2349397590361444188, -1.250000000000000000, 1.100007530120482135 ) ) ;
#601 = ORIENTED_EDGE ( 'NONE', *, *, #5198, .T. ) ;
#600 = ORIENTED_EDGE ( 'NONE', *, *, #5355, .T. ) ;
#602 = FILL_AREA_STYLE_COLOUR ( '', #4187 ) ;
#603 = STYLED_ITEM ( 'NONE', ( #6583 ), #285 ) ;
#604 = CARTESIAN_POINT ( 'NONE',  ( 1.169999999999999707, 3.270000000000000462, 0.6000000000000000888 ) ) ;
#605 = LINE ( 'NONE', #8403, #8959 ) ;
#606 = CARTESIAN_POINT ( 'NONE',  ( 1.019999999999999796, 3.499999999999998224, 2.500000000000000888 ) ) ;
#607 = AXIS2_PLACEMENT_3D ( 'NONE', #6330, #8339, #5507 ) ;
#608 = CARTESIAN_POINT ( 'NONE',  ( -0.3012548339959390531, 2.841254833995939144, -2.466309119164537655 ) ) ;
#609 = EDGE_CURVE ( 'NONE', #4054, #5945, #8141, .T. ) ;
#610 = CARTESIAN_POINT ( 'NONE',  ( 4.760000000000000675, -0.2560000000000006715, 8.550000000000000711 ) ) ;
#611 = DIRECTION ( 'NONE',  ( 0.000000000000000000, 1.000000000000000000, 0.000000000000000000 ) ) ;
#612 = DIRECTION ( 'NONE',  ( -0.1710878697460327114, 0.1710878697460326836, -0.9702875252478149193 ) ) ;
#613 = ORIENTED_EDGE ( 'NONE', *, *, #5537, .F. ) ;
#614 = CARTESIAN_POINT ( 'NONE',  ( 0.3012548339959390531, 0.3012548339959383870, 8.016309119164537478 ) ) ;
#615 =( NAMED_UNIT ( * ) SI_UNIT ( $, .STERADIAN. ) SOLID_ANGLE_UNIT ( ) );
#616 = VECTOR ( 'NONE', #9079, 999.9999999999998863 ) ;
#617 = FILL_AREA_STYLE_COLOUR ( '', #2957 ) ;
#618 = ADVANCED_FACE ( 'NONE', ( #1308 ), #631, .F. ) ;
#619 = LINE ( 'NONE', #528, #8187 ) ;
#620 = DIRECTION ( 'NONE',  ( -1.000000000000000000, -0.000000000000000000, -0.000000000000000000 ) ) ;
#621 = FILL_AREA_STYLE ('',( #8375 ) ) ;
#622 = DIRECTION ( 'NONE',  ( -0.000000000000000000, 1.000000000000000000, 0.000000000000000000 ) ) ;
#623 = CARTESIAN_POINT ( 'NONE',  ( 4.823999999999999844, 2.859999999999999876, 7.909999999999988596 ) ) ;
#624 = LINE ( 'NONE', #5543, #1087 ) ;
#625 = CARTESIAN_POINT ( 'NONE',  ( 0.3200000000000000622, 2.859999999999999876, -2.359999999999988773 ) ) ;
#626 = ORIENTED_EDGE ( 'NONE', *, *, #6331, .T. ) ;
#627 = VERTEX_POINT ( 'NONE', #1497 ) ;
#628 = AXIS2_PLACEMENT_3D ( 'NONE', #3574, #7094, #3626 ) ;
#629 = FILL_AREA_STYLE ('',( #1214 ) ) ;
#630 = DIRECTION ( 'NONE',  ( -8.470329472543003391E-17, 1.000000000000000000, 0.000000000000000000 ) ) ;
#631 = PLANE ( 'NONE',  #607 ) ;
#632 = AXIS2_PLACEMENT_3D ( 'NONE', #1331, #8366, #3431 ) ;
#633 = ORIENTED_EDGE ( 'NONE', *, *, #7500, .T. ) ;
#634 = DIRECTION ( 'NONE',  ( -0.1710878697460326558, -0.1710878697460326836, -0.9702875252478149193 ) ) ;
#635 = DIRECTION ( 'NONE',  ( -6.842277657836020854E-49, 5.078189165123089681E-17, -1.000000000000000000 ) ) ;
#636 = ORIENTED_EDGE ( 'NONE', *, *, #3687, .T. ) ;
#637 = CARTESIAN_POINT ( 'NONE',  ( 5.381254833995939180, 0.3012548339959391086, -2.466309119164536767 ) ) ;
#638 = PRESENTATION_LAYER_ASSIGNMENT (  '', '', ( #6655 ) ) ;
#639 =( BOUNDED_CURVE ( )  B_SPLINE_CURVE ( 3, ( #1140, #3372, #4148, #3967 ),
 .UNSPECIFIED., .F., .F. ) 
 B_SPLINE_CURVE_WITH_KNOTS ( ( 4, 4 ),
 ( 5.497787143782135288, 6.283185307179586232 ),
 .UNSPECIFIED. ) 
 CURVE ( )  GEOMETRIC_REPRESENTATION_ITEM ( )  RATIONAL_B_SPLINE_CURVE ( ( 1.000000000000000000, 0.9492530216741907889, 0.9492530216741907889, 1.000000000000000000 ) ) 
 REPRESENTATION_ITEM ( '' )  );
#640 = FACE_OUTER_BOUND ( 'NONE', #8295, .T. ) ;
#641 = DIRECTION ( 'NONE',  ( 0.000000000000000000, 1.000000000000000000, 0.000000000000000000 ) ) ;
#642 = LINE ( 'NONE', #4926, #4486 ) ;
#644 = VERTEX_POINT ( 'NONE', #5645 ) ;
#643 = ORIENTED_EDGE ( 'NONE', *, *, #2680, .F. ) ;
#645 = DIRECTION ( 'NONE',  ( -0.000000000000000000, -0.000000000000000000, -1.000000000000000000 ) ) ;
#646 = DIRECTION ( 'NONE',  ( -1.000000000000000000, 0.000000000000000000, -0.000000000000000000 ) ) ;
#647 = PRESENTATION_LAYER_ASSIGNMENT (  '', '', ( #2852 ) ) ;
#648 = DIRECTION ( 'NONE',  ( -1.000000000000000000, 0.000000000000000000, 0.000000000000000000 ) ) ;
#649 = EDGE_CURVE ( 'NONE', #4418, #8772, #1399, .T. ) ;
#650 = SURFACE_STYLE_FILL_AREA ( #1280 ) ;
#651 = VECTOR ( 'NONE', #2780, 1000.000000000000000 ) ;
#652 = VECTOR ( 'NONE', #2121, 1000.000000000000000 ) ;
#653 = DIRECTION ( 'NONE',  ( -0.1710878697460331277, 0.1710878697460330722, 0.9702875252478149193 ) ) ;
#654 = CARTESIAN_POINT ( 'NONE',  ( -0.2713153150985220807, -1.149999999999996581, 1.692396429142078773 ) ) ;
#655 = CARTESIAN_POINT ( 'NONE',  ( 5.421010862427522170E-17, -0.4466666666666664898, 2.500000000000000000 ) ) ;
#656 = ORIENTED_EDGE ( 'NONE', *, *, #727, .F. ) ;
#657 = DIRECTION ( 'NONE',  ( -0.000000000000000000, 0.9848077530122085754, 0.1736481776669278887 ) ) ;
#658 = LINE ( 'NONE', #3479, #2865 ) ;
#659 = EDGE_CURVE ( 'NONE', #2293, #3073, #6878, .T. ) ;
#660 = AXIS2_PLACEMENT_3D ( 'NONE', #599, #4925, #1406 ) ;
#661 = AXIS2_PLACEMENT_3D ( 'NONE', #7972, #5101, #6566 ) ;
#662 = DIRECTION ( 'NONE',  ( 0.7071067811865463515, 0.7071067811865487940, 0.000000000000000000 ) ) ;
#663 = PLANE ( 'NONE',  #8620 ) ;
#664 = LINE ( 'NONE', #2050, #5453 ) ;
#665 = VECTOR ( 'NONE', #8931, 1000.000000000000000 ) ;
#666 =( NAMED_UNIT ( * ) SI_UNIT ( $, .STERADIAN. ) SOLID_ANGLE_UNIT ( ) );
#667 = FACE_OUTER_BOUND ( 'NONE', #6794, .T. ) ;
#668 = LINE ( 'NONE', #7650, #4780 ) ;
#669 = LINE ( 'NONE', #4369, #344 ) ;
#670 = ORIENTED_EDGE ( 'NONE', *, *, #2742, .T. ) ;
#671 = ORIENTED_EDGE ( 'NONE', *, *, #6743, .T. ) ;
#672 = AXIS2_PLACEMENT_3D ( 'NONE', #3923, #1056, #3138 ) ;
#673 =( LENGTH_UNIT ( ) NAMED_UNIT ( * ) SI_UNIT ( .MILLI., .METRE. ) );
#674 = CARTESIAN_POINT ( 'NONE',  ( -0.09036144578313276554, -1.250000000000000000, 1.625421686746987948 ) ) ;
#675 = FACE_OUTER_BOUND ( 'NONE', #6016, .T. ) ;
#677 = ORIENTED_EDGE ( 'NONE', *, *, #6386, .T. ) ;
#676 = ORIENTED_EDGE ( 'NONE', *, *, #7758, .T. ) ;
#678 = CARTESIAN_POINT ( 'NONE',  ( -0.2130215703124273274, -1.250000000000001110, 1.389336511127182261 ) ) ;
#679 = PLANE ( 'NONE',  #4640 ) ;
#680 = ORIENTED_EDGE ( 'NONE', *, *, #7995, .T. ) ;
#681 = LINE ( 'NONE', #4189, #6444 ) ;
#682 = CARTESIAN_POINT ( 'NONE',  ( 2.540000000000000036, 0.000000000000000000, 0.000000000000000000 ) ) ;
#683 = DIRECTION ( 'NONE',  ( 0.000000000000000000, 1.000000000000000000, -0.000000000000000000 ) ) ;
#685 = ORIENTED_EDGE ( 'NONE', *, *, #321, .F. ) ;
#684 = ORIENTED_EDGE ( 'NONE', *, *, #597, .F. ) ;
#686 = ADVANCED_FACE ( 'NONE', ( #1447 ), #2149, .T. ) ;
#687 = LINE ( 'NONE', #3336, #5963 ) ;
#688 = LINE ( 'NONE', #5570, #3006 ) ;
#689 = ORIENTED_EDGE ( 'NONE', *, *, #2799, .F. ) ;
#690 = PLANE ( 'NONE',  #5993 ) ;
#691 = VECTOR ( 'NONE', #3118, 1000.000000000000000 ) ;
#692 = DIRECTION ( 'NONE',  ( -0.7071067811865460184, 0.7071067811865490160, 0.000000000000000000 ) ) ;
#693 = FACE_OUTER_BOUND ( 'NONE', #3432, .T. ) ;
#694 = DIRECTION ( 'NONE',  ( 6.842277657836020854E-49, -5.078189165123089681E-17, 1.000000000000000000 ) ) ;
#695 = DIRECTION ( 'NONE',  ( -0.5000000000000003331, -0.8660254037844383745, 0.000000000000000000 ) ) ;
#696 =( LENGTH_UNIT ( ) NAMED_UNIT ( * ) SI_UNIT ( .MILLI., .METRE. ) );
#697 = VECTOR ( 'NONE', #4112, 1000.000000000000000 ) ;
#699 = ORIENTED_EDGE ( 'NONE', *, *, #110, .F. ) ;
#698 = VERTEX_POINT ( 'NONE', #2061 ) ;
#700 = EDGE_CURVE ( 'NONE', #1218, #6469, #6572, .T. ) ;
#701 = CARTESIAN_POINT ( 'NONE',  ( 2.220000000000000195, 2.795999999999999819, -2.359999999999988773 ) ) ;
#702 = CARTESIAN_POINT ( 'NONE',  ( 0.1568957002885583152, -1.183333333787205843, 1.794264682119217413 ) ) ;
#703 = DIRECTION ( 'NONE',  ( 6.842277657836020854E-49, -5.078189165123089681E-17, 1.000000000000000000 ) ) ;
#704 = DIRECTION ( 'NONE',  ( -8.470329472543003391E-17, 1.000000000000000000, 0.000000000000000000 ) ) ;
#705 = EDGE_CURVE ( 'NONE', #4272, #1403, #720, .T. ) ;
#706 = MECHANICAL_DESIGN_GEOMETRIC_PRESENTATION_REPRESENTATION (  '', ( #3948 ), #9056 ) ;
#707 = VECTOR ( 'NONE', #8323, 1000.000000000000000 ) ;
#708 = CARTESIAN_POINT ( 'NONE',  ( 4.823999999999999844, 2.219999999999999307, 7.909999999999988596 ) ) ;
#709 = EDGE_CURVE ( 'NONE', #7661, #7120, #3476, .T. ) ;
#710 =( NAMED_UNIT ( * ) SI_UNIT ( $, .STERADIAN. ) SOLID_ANGLE_UNIT ( ) );
#711 = EDGE_CURVE ( 'NONE', #5639, #5038, #4998, .T. ) ;
#712 = LINE ( 'NONE', #4774, #5361 ) ;
#713 = VECTOR ( 'NONE', #4910, 1000.000000000000000 ) ;
#714 = ORIENTED_EDGE ( 'NONE', *, *, #5389, .T. ) ;
#715 = ORIENTED_EDGE ( 'NONE', *, *, #4617, .F. ) ;
#716 = CARTESIAN_POINT ( 'NONE',  ( 0.1577309937155809971, -1.149999999999999467, 1.806368232087112613 ) ) ;
#717 = FILL_AREA_STYLE ('',( #4223 ) ) ;
#718 = MECHANICAL_DESIGN_GEOMETRIC_PRESENTATION_REPRESENTATION (  '', ( #8484 ), #6585 ) ;
#719 = CARTESIAN_POINT ( 'NONE',  ( 5.421010862427522170E-17, -0.4466666666666664898, 2.449999999999999734 ) ) ;
#720 = LINE ( 'NONE', #8477, #747 ) ;
#721 = ADVANCED_FACE ( 'NONE', ( #3446 ), #3438, .T. ) ;
#722 = ORIENTED_EDGE ( 'NONE', *, *, #1700, .T. ) ;
#723 = CARTESIAN_POINT ( 'NONE',  ( -0.2643549876126516929, -1.129999999999999005, 1.389402195694910080 ) ) ;
#724 = CARTESIAN_POINT ( 'NONE',  ( 0.04999999999998733929, -0.7700000000000002398, -0.6199999999999992184 ) ) ;
#725 = VERTEX_POINT ( 'NONE', #4989 ) ;
#726 =( GEOMETRIC_REPRESENTATION_CONTEXT ( 3 ) GLOBAL_UNCERTAINTY_ASSIGNED_CONTEXT ( ( #218 ) ) GLOBAL_UNIT_ASSIGNED_CONTEXT ( ( #5459, #1129, #8946 ) ) REPRESENTATION_CONTEXT ( 'NONE', 'WORKASPACE' ) );
#727 = EDGE_CURVE ( 'NONE', #3725, #2987, #4080, .T. ) ;
#728 = SURFACE_STYLE_FILL_AREA ( #3549 ) ;
#729 = MECHANICAL_DESIGN_GEOMETRIC_PRESENTATION_REPRESENTATION (  '', ( #7766 ), #3392 ) ;
#730 = CARTESIAN_POINT ( 'NONE',  ( 1.770000000000000462, -1.250000000000000000, 0.000000000000000000 ) ) ;
#731 = DIRECTION ( 'NONE',  ( -6.842277657836020854E-49, 5.078189165123089681E-17, -1.000000000000000000 ) ) ;
#733 = VERTEX_POINT ( 'NONE', #2877 ) ;
#732 = VERTEX_POINT ( 'NONE', #1295 ) ;
#734 = CARTESIAN_POINT ( 'NONE',  ( 5.393417573054441583, -0.2890920949374362059, -2.397330798265291385 ) ) ;
#735 = FACE_OUTER_BOUND ( 'NONE', #8251, .T. ) ;
#736 = ORIENTED_EDGE ( 'NONE', *, *, #5677, .F. ) ;
#737 = DIRECTION ( 'NONE',  ( 8.470329472543003391E-17, -1.000000000000000000, 0.000000000000000000 ) ) ;
#738 = EDGE_CURVE ( 'NONE', #5508, #908, #8386, .T. ) ;
#739 =( NAMED_UNIT ( * ) PLANE_ANGLE_UNIT ( ) SI_UNIT ( $, .RADIAN. ) );
#740 = CARTESIAN_POINT ( 'NONE',  ( 2.220000000000000195, 0.3199999999999998401, -2.359999999999988773 ) ) ;
#741 =( GEOMETRIC_REPRESENTATION_CONTEXT ( 3 ) GLOBAL_UNCERTAINTY_ASSIGNED_CONTEXT ( ( #4504 ) ) GLOBAL_UNIT_ASSIGNED_CONTEXT ( ( #7047, #4859, #7596 ) ) REPRESENTATION_CONTEXT ( 'NONE', 'WORKASPACE' ) );
#742 = SURFACE_STYLE_FILL_AREA ( #5673 ) ;
#743 = VERTEX_POINT ( 'NONE', #6275 ) ;
#744 = CARTESIAN_POINT ( 'NONE',  ( 4.766582426945558559, -0.2890920949374364279, 7.947330798265292984 ) ) ;
#745 = CARTESIAN_POINT ( 'NONE',  ( 0.1566872219846692782, -1.200000000451067139, 1.788198511549135228 ) ) ;
#746 = CARTESIAN_POINT ( 'NONE',  ( 0.000000000000000000, 0.000000000000000000, 0.000000000000000000 ) ) ;
#747 = VECTOR ( 'NONE', #2198, 1000.000000000000000 ) ;
#748 = DIRECTION ( 'NONE',  ( -1.000000000000000000, 0.000000000000000000, 0.000000000000000000 ) ) ;
#749 = FACE_OUTER_BOUND ( 'NONE', #1210, .T. ) ;
#750 = CARTESIAN_POINT ( 'NONE',  ( 1.269999999999999352, 3.499999999999997780, 2.500000000000000000 ) ) ;
#751 = LINE ( 'NONE', #3439, #1810 ) ;
#752 = LINE ( 'NONE', #7695, #3607 ) ;
#753 = CARTESIAN_POINT ( 'NONE',  ( 6.100000000000000533, 3.499999999999998224, 2.500000000000000888 ) ) ;
#754 = AXIS2_PLACEMENT_3D ( 'NONE', #421, #7356, #8737 ) ;
#755 = VERTEX_POINT ( 'NONE', #8280 ) ;
#756 = EDGE_LOOP ( 'NONE', ( #6897, #8569, #7396, #4131 ) ) ;
#757 = EDGE_CURVE ( 'NONE', #4372, #2986, #3396, .T. ) ;
#758 = EDGE_CURVE ( 'NONE', #7785, #777, #9059, .T. ) ;
#759 = CARTESIAN_POINT ( 'NONE',  ( 0.2114911774681536016, -1.149999999999999467, 1.795178693253209667 ) ) ;
#760 = AXIS2_PLACEMENT_3D ( 'NONE', #2480, #5836, #5281 ) ;
#761 = LINE ( 'NONE', #7100, #2472 ) ;
#762 = FILL_AREA_STYLE ('',( #4957 ) ) ;
#763 = CARTESIAN_POINT ( 'NONE',  ( 0.3134175730544422334, 2.829092094937436297, -2.397330798265291385 ) ) ;
#764 = EDGE_CURVE ( 'NONE', #93, #5419, #664, .T. ) ;
#766 = VERTEX_POINT ( 'NONE', #6185 ) ;
#765 = ORIENTED_EDGE ( 'NONE', *, *, #5734, .T. ) ;
#767 = UNCERTAINTY_MEASURE_WITH_UNIT (LENGTH_MEASURE( 1.000000000000000082E-05 ), #2574, 'distance_accuracy_value', 'NONE');
#768 = CARTESIAN_POINT ( 'NONE',  ( -0.2354649598020790158, -1.129999999999999227, 1.349078030679466078 ) ) ;
#769 = CARTESIAN_POINT ( 'NONE',  ( 4.060000000000000497, 3.499999999999997780, 2.500000000000000000 ) ) ;
#770 = AXIS2_PLACEMENT_3D ( 'NONE', #6600, #290, #2420 ) ;
#771 = ORIENTED_EDGE ( 'NONE', *, *, #764, .T. ) ;
#772 =( BOUNDED_CURVE ( )  B_SPLINE_CURVE ( 3, ( #7109, #814, #6425, #7747 ),
 .UNSPECIFIED., .F., .F. ) 
 B_SPLINE_CURVE_WITH_KNOTS ( ( 4, 4 ),
 ( 2.356194490192339952, 3.141592653589793560 ),
 .UNSPECIFIED. ) 
 CURVE ( )  GEOMETRIC_REPRESENTATION_ITEM ( )  RATIONAL_B_SPLINE_CURVE ( ( 1.000000000000000000, 0.9492530216741903448, 0.9492530216741903448, 1.000000000000000000 ) ) 
 REPRESENTATION_ITEM ( '' )  );
#773 = CARTESIAN_POINT ( 'NONE',  ( 4.823999999999999844, 0.3199999999999993960, 7.909999999999988596 ) ) ;
#774 = LINE ( 'NONE', #7119, #7403 ) ;
#775 = EDGE_CURVE ( 'NONE', #2102, #207, #4862, .T. ) ;
#777 = VERTEX_POINT ( 'NONE', #6363 ) ;
#776 = ORIENTED_EDGE ( 'NONE', *, *, #5465, .F. ) ;
#778 = UNCERTAINTY_MEASURE_WITH_UNIT (LENGTH_MEASURE( 1.000000000000000082E-05 ), #1572, 'distance_accuracy_value', 'NONE');
#779 = FILL_AREA_STYLE_COLOUR ( '', #5667 ) ;
#780 = DIRECTION ( 'NONE',  ( 1.000000000000000000, 0.000000000000000000, 0.000000000000000000 ) ) ;
#781 = ORIENTED_EDGE ( 'NONE', *, *, #1349, .F. ) ;
#782 = B_SPLINE_SURFACE_WITH_KNOTS ( 'NONE', 1, 3, ( 
 ( #133, #5843, #2950, #3036, #5059, #7207, #3738, #6395, #6522, #220, #2342, #5147, #1652, #5890, #6662, #6030 ),
 ( #5286, #6708, #8114, #6804, #1846, #3960, #4657, #356, #1179, #7480, #2622, #2531, #4010, #503, #6070, #8070 ) ),
 .UNSPECIFIED., .F., .F., .F.,
 ( 2, 2 ),
 ( 4, 3, 2, 2, 2, 3, 4 ),
 ( 0.000000000000000000, 1.000000000000000000 ),
 ( -0.01231340368776220710, 0.000000000000000000, 0.2500000000000000000, 0.5000000000000000000, 0.7500000000000000000, 1.000000000000000000, 1.016462362245815543 ),
 .UNSPECIFIED. ) ;
#783 = SURFACE_STYLE_USAGE ( .BOTH. , #8628 ) ;
#784 = MECHANICAL_DESIGN_GEOMETRIC_PRESENTATION_REPRESENTATION (  '', ( #5044 ), #3876 ) ;
#785 = FACE_OUTER_BOUND ( 'NONE', #3080, .T. ) ;
#786 = CARTESIAN_POINT ( 'NONE',  ( -0.2071507323465819062, 2.539999999999999147, 8.550000000000000711 ) ) ;
#787 = DIRECTION ( 'NONE',  ( -0.7071067811865515695, -0.000000000000000000, -0.7071067811865435759 ) ) ;
#788 = PRESENTATION_LAYER_ASSIGNMENT (  '', '', ( #1215 ) ) ;
#789 = FACE_OUTER_BOUND ( 'NONE', #5218, .T. ) ;
#790 = SURFACE_STYLE_FILL_AREA ( #6404 ) ;
#791 = ORIENTED_EDGE ( 'NONE', *, *, #999, .T. ) ;
#792 = LINE ( 'NONE', #3616, #6668 ) ;
#793 = EDGE_CURVE ( 'NONE', #5338, #5660, #8976, .T. ) ;
#794 = FACE_OUTER_BOUND ( 'NONE', #6289, .T. ) ;
#795 = CARTESIAN_POINT ( 'NONE',  ( 0.1560617469879515551, -1.250000000000000000, 0.7700000000000001288 ) ) ;
#796 = VECTOR ( 'NONE', #2498, 1000.000000000000000 ) ;
#797 = DIRECTION ( 'NONE',  ( 0.000000000000000000, -1.000000000000000000, 0.000000000000000000 ) ) ;
#798 = CARTESIAN_POINT ( 'NONE',  ( 0.2023557992669519356, -1.250000000000001110, 1.181792636748311587 ) ) ;
#799 = CARTESIAN_POINT ( 'NONE',  ( 4.766582426945558559, 2.829092094937435409, 7.947330798265289431 ) ) ;
#800 = FILL_AREA_STYLE_COLOUR ( '', #577 ) ;
#801 = SURFACE_SIDE_STYLE ('',( #6365 ) ) ;
#802 = VECTOR ( 'NONE', #1027, 1000.000000000000000 ) ;
#803 = DIRECTION ( 'NONE',  ( 0.000000000000000000, -1.000000000000000000, -5.078189165123089681E-17 ) ) ;
#804 = FILL_AREA_STYLE_COLOUR ( '', #1829 ) ;
#805 = ORIENTED_EDGE ( 'NONE', *, *, #6285, .F. ) ;
#806 = EDGE_CURVE ( 'NONE', #8379, #6991, #61, .T. ) ;
#807 = ORIENTED_EDGE ( 'NONE', *, *, #4145, .T. ) ;
#808 = VECTOR ( 'NONE', #4032, 1000.000000000000000 ) ;
#809 = DIRECTION ( 'NONE',  ( 0.000000000000000000, 1.000000000000000000, 0.000000000000000000 ) ) ;
#810 = DIRECTION ( 'NONE',  ( 0.000000000000000000, -0.000000000000000000, 1.000000000000000000 ) ) ;
#811 = LINE ( 'NONE', #4225, #1494 ) ;
#812 = ORIENTED_EDGE ( 'NONE', *, *, #757, .F. ) ;
#813 = ORIENTED_EDGE ( 'NONE', *, *, #6558, .F. ) ;
#814 = CARTESIAN_POINT ( 'NONE',  ( 2.226582426945558080, 2.250907905062563774, -2.397330798265291385 ) ) ;
#815 = AXIS2_PLACEMENT_3D ( 'NONE', #7674, #4066, #4194 ) ;
#816 = PLANE ( 'NONE',  #8276 ) ;
#817 = VECTOR ( 'NONE', #1756, 1000.000000000000000 ) ;
#818 = VERTEX_POINT ( 'NONE', #4814 ) ;
#819 = DIRECTION ( 'NONE',  ( -8.470329472543003391E-17, 1.000000000000000000, 0.000000000000000000 ) ) ;
#820 = ADVANCED_FACE ( 'NONE', ( #1339 ), #7005, .F. ) ;
#821 = FACE_OUTER_BOUND ( 'NONE', #8410, .T. ) ;
#822 = ADVANCED_FACE ( 'NONE', ( #2789 ), #5589, .F. ) ;
#823 =( LENGTH_UNIT ( ) NAMED_UNIT ( * ) SI_UNIT ( .MILLI., .METRE. ) );
#825 = VERTEX_POINT ( 'NONE', #8690 ) ;
#824 = ORIENTED_EDGE ( 'NONE', *, *, #2196, .T. ) ;
#826 = CARTESIAN_POINT ( 'NONE',  ( 0.3200000000000000622, 2.795999999999999375, 7.909999999999988596 ) ) ;
#827 = ORIENTED_EDGE ( 'NONE', *, *, #13, .T. ) ;
#828 = FILL_AREA_STYLE_COLOUR ( '', #4100 ) ;
#829 =( BOUNDED_CURVE ( )  B_SPLINE_CURVE ( 3, ( #1576, #841, #4408, #6411 ),
 .UNSPECIFIED., .F., .F. ) 
 B_SPLINE_CURVE_WITH_KNOTS ( ( 4, 4 ),
 ( 2.356194490192341284, 3.141592653589793560 ),
 .UNSPECIFIED. ) 
 CURVE ( )  GEOMETRIC_REPRESENTATION_ITEM ( )  RATIONAL_B_SPLINE_CURVE ( ( 1.000000000000000000, 0.9492530216741906779, 0.9492530216741906779, 1.000000000000000000 ) ) 
 REPRESENTATION_ITEM ( '' )  );
#830 = DIRECTION ( 'NONE',  ( -1.000000000000000000, 0.000000000000000000, 0.000000000000000000 ) ) ;
#831 = PRESENTATION_STYLE_ASSIGNMENT (( #138 ) ) ;
#832 = DIRECTION ( 'NONE',  ( 1.445602896647340396E-16, -1.000000000000000000, 0.000000000000000000 ) ) ;
#833 = CARTESIAN_POINT ( 'NONE',  ( -0.05396442235651247726, -1.149999999999999911, 0.9509753366796325214 ) ) ;
#834 = CARTESIAN_POINT ( 'NONE',  ( 1.270000000000000462, -0.9999999999999978906, 2.350000000000000089 ) ) ;
#835 =( LENGTH_UNIT ( ) NAMED_UNIT ( * ) SI_UNIT ( .MILLI., .METRE. ) );
#836 = ORIENTED_EDGE ( 'NONE', *, *, #80, .T. ) ;
#837 = LINE ( 'NONE', #3658, #7542 ) ;
#838 = SURFACE_SIDE_STYLE ('',( #3750 ) ) ;
#839 =( LENGTH_UNIT ( ) NAMED_UNIT ( * ) SI_UNIT ( .MILLI., .METRE. ) );
#840 = EDGE_CURVE ( 'NONE', #825, #6947, #6497, .T. ) ;
#841 = CARTESIAN_POINT ( 'NONE',  ( 4.766582426945557671, -0.2890920949374362059, -2.397330798265291385 ) ) ;
#842 = DIRECTION ( 'NONE',  ( -0.000000000000000000, 1.000000000000000000, 5.078189165123089681E-17 ) ) ;
#843 = CARTESIAN_POINT ( 'NONE',  ( 0.09036144578313230757, -1.250000000000000000, 1.625421686746987948 ) ) ;
#844 = DIRECTION ( 'NONE',  ( -0.000000000000000000, -0.000000000000000000, -1.000000000000000000 ) ) ;
#845 = CARTESIAN_POINT ( 'NONE',  ( -0.3199999999999999512, 0.2071507323465813233, 8.550000000000000711 ) ) ;
#846 = FACE_OUTER_BOUND ( 'NONE', #8397, .T. ) ;
#847 = LINE ( 'NONE', #1725, #9005 ) ;
#848 = VERTEX_POINT ( 'NONE', #3100 ) ;
#849 = EDGE_LOOP ( 'NONE', ( #5839, #4572, #6578, #4689 ) ) ;
#850 = VECTOR ( 'NONE', #3510, 1000.000000000000000 ) ;
#851 =( GEOMETRIC_REPRESENTATION_CONTEXT ( 3 ) GLOBAL_UNCERTAINTY_ASSIGNED_CONTEXT ( ( #2529 ) ) GLOBAL_UNIT_ASSIGNED_CONTEXT ( ( #5311, #5919, #2416 ) ) REPRESENTATION_CONTEXT ( 'NONE', 'WORKASPACE' ) );
#852 = CARTESIAN_POINT ( 'NONE',  ( 2.220000000000000195, -0.2560000000000006715, 8.550000000000000711 ) ) ;
#853 = FACE_OUTER_BOUND ( 'NONE', #3094, .T. ) ;
#854 = EDGE_CURVE ( 'NONE', #8615, #257, #4945, .T. ) ;
#855 = PRESENTATION_STYLE_ASSIGNMENT (( #3805 ) ) ;
#856 = VECTOR ( 'NONE', #7843, 1000.000000000000114 ) ;
#858 = VERTEX_POINT ( 'NONE', #5211 ) ;
#857 = ORIENTED_EDGE ( 'NONE', *, *, #3527, .F. ) ;
#859 = FACE_OUTER_BOUND ( 'NONE', #2536, .T. ) ;
#860 = ORIENTED_EDGE ( 'NONE', *, *, #2113, .T. ) ;
#861 = MECHANICAL_DESIGN_GEOMETRIC_PRESENTATION_REPRESENTATION (  '', ( #8629 ), #3374 ) ;
#862 =( GEOMETRIC_REPRESENTATION_CONTEXT ( 3 ) GLOBAL_UNCERTAINTY_ASSIGNED_CONTEXT ( ( #869 ) ) GLOBAL_UNIT_ASSIGNED_CONTEXT ( ( #2292, #8013, #3858 ) ) REPRESENTATION_CONTEXT ( 'NONE', 'WORKASPACE' ) );
#863 = CARTESIAN_POINT ( 'NONE',  ( 5.369092094937435000, 2.226582426945557636, -2.397330798265292273 ) ) ;
#864 = DIRECTION ( 'NONE',  ( -0.1710878697460330722, -0.1710878697460330722, -0.9702875252478149193 ) ) ;
#865 = FACE_OUTER_BOUND ( 'NONE', #5283, .T. ) ;
#866 = VECTOR ( 'NONE', #748, 1000.000000000000000 ) ;
#868 = ORIENTED_EDGE ( 'NONE', *, *, #4964, .T. ) ;
#867 = ORIENTED_EDGE ( 'NONE', *, *, #4766, .T. ) ;
#869 = UNCERTAINTY_MEASURE_WITH_UNIT (LENGTH_MEASURE( 1.000000000000000082E-05 ), #2292, 'distance_accuracy_value', 'NONE');
#870 = SURFACE_SIDE_STYLE ('',( #3695 ) ) ;
#871 = DIRECTION ( 'NONE',  ( -0.000000000000000000, 0.9848077530122085754, 0.1736481776669278887 ) ) ;
#872 = ORIENTED_EDGE ( 'NONE', *, *, #8657, .T. ) ;
#873 = CARTESIAN_POINT ( 'NONE',  ( 3.559999999999999609, -0.9999999999999985567, 0.000000000000000000 ) ) ;
#874 = PLANE ( 'NONE',  #4592 ) ;
#875 = EDGE_CURVE ( 'NONE', #918, #7233, #5724, .T. ) ;
#876 = EDGE_CURVE ( 'NONE', #6514, #4237, #8602, .T. ) ;
#877 = VECTOR ( 'NONE', #6993, 1000.000000000000114 ) ;
#878 = MECHANICAL_DESIGN_GEOMETRIC_PRESENTATION_REPRESENTATION (  '', ( #8204 ), #7185 ) ;
#879 = CARTESIAN_POINT ( 'NONE',  ( 2.860000000000000320, 2.795999999999999375, 8.550000000000000711 ) ) ;
#880 = CARTESIAN_POINT ( 'NONE',  ( 5.381254833995939180, -0.3012548339959392751, -2.466309119164537655 ) ) ;
#881 =( NAMED_UNIT ( * ) SI_UNIT ( $, .STERADIAN. ) SOLID_ANGLE_UNIT ( ) );
#882 = SURFACE_STYLE_FILL_AREA ( #2823 ) ;
#883 = LINE ( 'NONE', #2959, #5039 ) ;
#884 = ORIENTED_EDGE ( 'NONE', *, *, #1920, .T. ) ;
#885 =( BOUNDED_CURVE ( )  B_SPLINE_CURVE ( 3, ( #3708, #6536, #5815, #3047 ),
 .UNSPECIFIED., .F., .F. ) 
 B_SPLINE_CURVE_WITH_KNOTS ( ( 4, 4 ),
 ( 4.001096304623763307E-48, 0.7853981633974457255 ),
 .UNSPECIFIED. ) 
 CURVE ( )  GEOMETRIC_REPRESENTATION_ITEM ( )  RATIONAL_B_SPLINE_CURVE ( ( 1.000000000000000000, 0.9492530216741915661, 0.9492530216741915661, 1.000000000000000000 ) ) 
 REPRESENTATION_ITEM ( '' )  );
#886 = PRESENTATION_STYLE_ASSIGNMENT (( #143 ) ) ;
#887 = DIRECTION ( 'NONE',  ( 8.470329472543003391E-17, -1.000000000000000000, 0.000000000000000000 ) ) ;
#888 = EDGE_CURVE ( 'NONE', #1022, #743, #3668, .T. ) ;
#889 = CARTESIAN_POINT ( 'NONE',  ( 1.520000000000000462, -0.9999999999999988898, 2.500000000000000000 ) ) ;
#890 = DIRECTION ( 'NONE',  ( -0.7071067811865463515, -0.7071067811865487940, -0.000000000000000000 ) ) ;
#891 =( LENGTH_UNIT ( ) NAMED_UNIT ( * ) SI_UNIT ( .MILLI., .METRE. ) );
#892 = DIRECTION ( 'NONE',  ( -0.1710878697460326558, -0.1710878697460326836, 0.9702875252478149193 ) ) ;
#893 = UNCERTAINTY_MEASURE_WITH_UNIT (LENGTH_MEASURE( 1.000000000000000082E-05 ), #3946, 'distance_accuracy_value', 'NONE');
#894 =( NAMED_UNIT ( * ) SI_UNIT ( $, .STERADIAN. ) SOLID_ANGLE_UNIT ( ) );
#895 = EDGE_CURVE ( 'NONE', #6439, #848, #4409, .T. ) ;
#896 = ORIENTED_EDGE ( 'NONE', *, *, #1105, .F. ) ;
#897 = DIRECTION ( 'NONE',  ( -0.7071067811865482389, -0.7071067811865469066, 0.000000000000000000 ) ) ;
#898 = LINE ( 'NONE', #6419, #1896 ) ;
#899 = VECTOR ( 'NONE', #7062, 1000.000000000000000 ) ;
#901 = VERTEX_POINT ( 'NONE', #843 ) ;
#900 = ORIENTED_EDGE ( 'NONE', *, *, #480, .T. ) ;
#902 = ORIENTED_EDGE ( 'NONE', *, *, #4802, .F. ) ;
#903 = EDGE_CURVE ( 'NONE', #4701, #6343, #5166, .T. ) ;
#904 =( GEOMETRIC_REPRESENTATION_CONTEXT ( 3 ) GLOBAL_UNCERTAINTY_ASSIGNED_CONTEXT ( ( #7412 ) ) GLOBAL_UNIT_ASSIGNED_CONTEXT ( ( #5744, #3502, #4234 ) ) REPRESENTATION_CONTEXT ( 'NONE', 'WORKASPACE' ) );
#905 = CARTESIAN_POINT ( 'NONE',  ( -0.2349397590361447796, -1.250000000000000000, 1.458064759036144631 ) ) ;
#906 = CARTESIAN_POINT ( 'NONE',  ( 2.219999999999999751, 0.2732007105321395124, 7.909999999999986819 ) ) ;
#907 = CARTESIAN_POINT ( 'NONE',  ( 0.3012548339959390531, 2.841254833995938256, 8.016309119164537478 ) ) ;
#909 = ORIENTED_EDGE ( 'NONE', *, *, #6892, .T. ) ;
#908 = VERTEX_POINT ( 'NONE', #3009 ) ;
#910 =( LENGTH_UNIT ( ) NAMED_UNIT ( * ) SI_UNIT ( .MILLI., .METRE. ) );
#911 = ORIENTED_EDGE ( 'NONE', *, *, #7597, .F. ) ;
#912 = CARTESIAN_POINT ( 'NONE',  ( 1.520000000000000240, -1.250000000000000222, 0.5999999999999999778 ) ) ;
#913 = VECTOR ( 'NONE', #4082, 1000.000000000000000 ) ;
#914 = LINE ( 'NONE', #5154, #2501 ) ;
#915 = LINE ( 'NONE', #5621, #1977 ) ;
#916 = FILL_AREA_STYLE_COLOUR ( '', #4273 ) ;
#917 = EDGE_CURVE ( 'NONE', #4653, #3843, #7796, .T. ) ;
#919 = ORIENTED_EDGE ( 'NONE', *, *, #4770, .F. ) ;
#918 = VERTEX_POINT ( 'NONE', #149 ) ;
#920 = SURFACE_STYLE_USAGE ( .BOTH. , #4401 ) ;
#921 = LINE ( 'NONE', #6581, #6523 ) ;
#922 = FILL_AREA_STYLE_COLOUR ( '', #7297 ) ;
#923 = FILL_AREA_STYLE_COLOUR ( '', #7464 ) ;
#924 = AXIS2_PLACEMENT_3D ( 'NONE', #3596, #4385, #1461 ) ;
#925 = ADVANCED_FACE ( 'NONE', ( #967 ), #7946, .F. ) ;
#926 = CARTESIAN_POINT ( 'NONE',  ( 1.769999999999999574, 3.749999999999999112, 2.500000000000000000 ) ) ;
#927 =( NAMED_UNIT ( * ) PLANE_ANGLE_UNIT ( ) SI_UNIT ( $, .RADIAN. ) );
#928 = DIRECTION ( 'NONE',  ( 8.470329472543003391E-17, -1.000000000000000000, 0.000000000000000000 ) ) ;
#929 = LINE ( 'NONE', #3010, #3232 ) ;
#930 = DIRECTION ( 'NONE',  ( -1.000000000000000000, 0.000000000000000000, 0.000000000000000000 ) ) ;
#931 = CARTESIAN_POINT ( 'NONE',  ( 4.760000000000000675, 2.283999999999999364, 7.909999999999988596 ) ) ;
#932 = CARTESIAN_POINT ( 'NONE',  ( 2.796000000000000263, -0.3200000000000007283, 8.550000000000000711 ) ) ;
#933 = ORIENTED_EDGE ( 'NONE', *, *, #3809, .F. ) ;
#934 = EDGE_CURVE ( 'NONE', #2410, #1593, #5907, .T. ) ;
#935 = ORIENTED_EDGE ( 'NONE', *, *, #5040, .F. ) ;
#936 = PRESENTATION_STYLE_ASSIGNMENT (( #2513 ) ) ;
#937 = COLOUR_RGB ( '',0.9686274509803921573, 0.8784313725490195957, 0.5999999999999999778 ) ;
#938 = CARTESIAN_POINT ( 'NONE',  ( 2.250907905062564218, 2.853417573054441991, -2.397330798265292717 ) ) ;
#940 = ORIENTED_EDGE ( 'NONE', *, *, #8162, .T. ) ;
#939 = ORIENTED_EDGE ( 'NONE', *, *, #2829, .F. ) ;
#941 = ORIENTED_EDGE ( 'NONE', *, *, #8664, .T. ) ;
#942 = STYLED_ITEM ( 'NONE', ( #6001 ), #4642 ) ;
#943 = VECTOR ( 'NONE', #3589, 999.9999999999998863 ) ;
#944 = SURFACE_STYLE_USAGE ( .BOTH. , #4381 ) ;
#945 = CARTESIAN_POINT ( 'NONE',  ( 5.336000000000000298, 2.219999999999999307, 7.909999999999988596 ) ) ;
#946 = FACE_OUTER_BOUND ( 'NONE', #2150, .T. ) ;
#947 = COLOUR_RGB ( '',0.9686274509803921573, 0.8784313725490195957, 0.5999999999999999778 ) ;
#949 = ORIENTED_EDGE ( 'NONE', *, *, #2584, .T. ) ;
#948 = EDGE_LOOP ( 'NONE', ( #8344, #1793, #5646, #860, #2294 ) ) ;
#950 = UNCERTAINTY_MEASURE_WITH_UNIT (LENGTH_MEASURE( 1.000000000000000082E-05 ), #891, 'distance_accuracy_value', 'NONE');
#951 = FACE_OUTER_BOUND ( 'NONE', #397, .T. ) ;
#952 = PLANE ( 'NONE',  #661 ) ;
#953 = ORIENTED_EDGE ( 'NONE', *, *, #3977, .F. ) ;
#954 = DIRECTION ( 'NONE',  ( -0.9848077530122085754, -8.341646135128160883E-17, 0.1736481776669278332 ) ) ;
#955 = VECTOR ( 'NONE', #8764, 1000.000000000000000 ) ;
#956 = EDGE_CURVE ( 'NONE', #2323, #473, #5029, .T. ) ;
#957 = PRESENTATION_STYLE_ASSIGNMENT (( #5984 ) ) ;
#958 = FACE_OUTER_BOUND ( 'NONE', #3729, .T. ) ;
#959 = LINE ( 'NONE', #2264, #1062 ) ;
#961 = EDGE_LOOP ( 'NONE', ( #5097, #4151, #5385, #1928, #2826, #2463 ) ) ;
#960 = ORIENTED_EDGE ( 'NONE', *, *, #9013, .F. ) ;
#962 = DIRECTION ( 'NONE',  ( -8.470329472543003391E-17, 1.000000000000000000, 0.000000000000000000 ) ) ;
#963 = CARTESIAN_POINT ( 'NONE',  ( 0.2713153150985238571, -1.149999999999990363, 0.8476035708579263694 ) ) ;
#964 = FILL_AREA_STYLE_COLOUR ( '', #3702 ) ;
#965 = LINE ( 'NONE', #8775, #7029 ) ;
#966 = CARTESIAN_POINT ( 'NONE',  ( 4.760000000000000675, 2.283999999999999808, -2.359999999999988773 ) ) ;
#967 = FACE_OUTER_BOUND ( 'NONE', #6940, .T. ) ;
#968 = EDGE_CURVE ( 'NONE', #1662, #6180, #336, .T. ) ;
#969 = PLANE ( 'NONE',  #361 ) ;
#970 = CARTESIAN_POINT ( 'NONE',  ( 0.2772771856230505927, -1.129999999999999005, 1.720741335973686059 ) ) ;
#971 = LINE ( 'NONE', #3839, #3728 ) ;
#972 = ORIENTED_EDGE ( 'NONE', *, *, #5142, .T. ) ;
#973 = ORIENTED_EDGE ( 'NONE', *, *, #2533, .T. ) ;
#974 = ADVANCED_FACE ( 'NONE', ( #640 ), #8130, .F. ) ;
#975 = VERTEX_POINT ( 'NONE', #2545 ) ;
#976 = EDGE_CURVE ( 'NONE', #4011, #8652, #5347, .T. ) ;
#977 = VECTOR ( 'NONE', #546, 1000.000000000000000 ) ;
#978 = EDGE_CURVE ( 'NONE', #8071, #8699, #7507, .T. ) ;
#979 =( LENGTH_UNIT ( ) NAMED_UNIT ( * ) SI_UNIT ( .MILLI., .METRE. ) );
#980 = FILL_AREA_STYLE_COLOUR ( '', #7599 ) ;
#981 = DIRECTION ( 'NONE',  ( -1.000000000000000000, 0.000000000000000000, 0.000000000000000000 ) ) ;
#982 = FILL_AREA_STYLE ('',( #6390 ) ) ;
#983 =( GEOMETRIC_REPRESENTATION_CONTEXT ( 3 ) GLOBAL_UNCERTAINTY_ASSIGNED_CONTEXT ( ( #5750 ) ) GLOBAL_UNIT_ASSIGNED_CONTEXT ( ( #8867, #6675, #7307 ) ) REPRESENTATION_CONTEXT ( 'NONE', 'WORKASPACE' ) );
#985 = ORIENTED_EDGE ( 'NONE', *, *, #2280, .F. ) ;
#984 = EDGE_LOOP ( 'NONE', ( #2565, #736, #5888, #6025, #7676, #4779 ) ) ;
#986 = AXIS2_PLACEMENT_3D ( 'NONE', #4275, #4996, #4468 ) ;
#987 = ORIENTED_EDGE ( 'NONE', *, *, #3441, .F. ) ;
#988 = FACE_OUTER_BOUND ( 'NONE', #2055, .T. ) ;
#989 = AXIS2_PLACEMENT_3D ( 'NONE', #5330, #6072, #3867 ) ;
#990 = VECTOR ( 'NONE', #4850, 1000.000000000000000 ) ;
#991 = ADVANCED_FACE ( 'NONE', ( #8302 ), #2718, .F. ) ;
#992 =( LENGTH_UNIT ( ) NAMED_UNIT ( * ) SI_UNIT ( .MILLI., .METRE. ) );
#993 = LINE ( 'NONE', #7335, #2047 ) ;
#995 = ORIENTED_EDGE ( 'NONE', *, *, #1563, .F. ) ;
#994 = ORIENTED_EDGE ( 'NONE', *, *, #8880, .F. ) ;
#996 = DIRECTION ( 'NONE',  ( 0.000000000000000000, -1.000000000000000000, 0.000000000000000000 ) ) ;
#997 = DIRECTION ( 'NONE',  ( 0.7071067811865460184, -0.7071067811865490160, 0.000000000000000000 ) ) ;
#998 = VERTEX_POINT ( 'NONE', #5518 ) ;
#999 = EDGE_CURVE ( 'NONE', #2609, #8123, #3979, .T. ) ;
#1000 = PRESENTATION_LAYER_ASSIGNMENT (  '', '', ( #8635 ) ) ;
#1001 = VECTOR ( 'NONE', #482, 1000.000000000000000 ) ;
#1002 = CARTESIAN_POINT ( 'NONE',  ( -0.2518730436385691607, -1.150000000000001021, 0.7762156859388007479 ) ) ;
#1003 = VECTOR ( 'NONE', #6264, 1000.000000000000000 ) ;
#1004 = SURFACE_STYLE_FILL_AREA ( #2492 ) ;
#1005 = PRESENTATION_STYLE_ASSIGNMENT (( #363 ) ) ;
#1007 = ORIENTED_EDGE ( 'NONE', *, *, #6549, .F. ) ;
#1006 = ORIENTED_EDGE ( 'NONE', *, *, #7530, .T. ) ;
#1008 = CARTESIAN_POINT ( 'NONE',  ( 1.519999999999999352, 3.499999999999997780, 2.500000000000000000 ) ) ;
#1009 = DIRECTION ( 'NONE',  ( -0.000000000000000000, 0.000000000000000000, 1.000000000000000000 ) ) ;
#1010 = CARTESIAN_POINT ( 'NONE',  ( 1.370000000000002105, 3.270000000000000462, 0.6000000000000000888 ) ) ;
#1011 = EDGE_CURVE ( 'NONE', #93, #129, #2025, .T. ) ;
#1012 = LINE ( 'NONE', #6632, #5721 ) ;
#1013 = CARTESIAN_POINT ( 'NONE',  ( -1.270000000000000684, 3.499999999999997780, 2.350000000000000089 ) ) ;
#1014 = CARTESIAN_POINT ( 'NONE',  ( 2.220000000000000195, -0.3200000000000001732, -2.359999999999988773 ) ) ;
#1015 = PLANE ( 'NONE',  #6667 ) ;
#1016 = CARTESIAN_POINT ( 'NONE',  ( 0.2378197055768297985, -1.129999999999999449, 1.787825101371925074 ) ) ;
#1017 = CARTESIAN_POINT ( 'NONE',  ( 0.2010872110020790193, 2.741087211002078305, 8.584387938363944315 ) ) ;
#1018 = ORIENTED_EDGE ( 'NONE', *, *, #5939, .T. ) ;
#1019 = FILL_AREA_STYLE ('',( #3202 ) ) ;
#1020 = DIRECTION ( 'NONE',  ( 1.000000000000000000, 0.000000000000000000, 0.000000000000000000 ) ) ;
#1021 = VERTEX_POINT ( 'NONE', #8041 ) ;
#1022 = VERTEX_POINT ( 'NONE', #4837 ) ;
#1023 = AXIS2_PLACEMENT_3D ( 'NONE', #1115, #3299, #2510 ) ;
#1024 = FILL_AREA_STYLE ('',( #1823 ) ) ;
#1025 = FACE_OUTER_BOUND ( 'NONE', #5704, .T. ) ;
#1026 = LINE ( 'NONE', #385, #8475 ) ;
#1027 = DIRECTION ( 'NONE',  ( -1.000000000000000000, 0.000000000000000000, 0.000000000000000000 ) ) ;
#1028 = COLOUR_RGB ( '',0.9686274509803921573, 0.8784313725490195957, 0.5999999999999999778 ) ;
#1029 = ADVANCED_FACE ( 'NONE', ( #3884 ), #1315, .T. ) ;
#1031 = ORIENTED_EDGE ( 'NONE', *, *, #1531, .F. ) ;
#1030 = VERTEX_POINT ( 'NONE', #2895 ) ;
#1032 = PLANE ( 'NONE',  #4819 ) ;
#1033 = ORIENTED_EDGE ( 'NONE', *, *, #1307, .F. ) ;
#1034 = CARTESIAN_POINT ( 'NONE',  ( 1.270000000000000462, -0.9999999999999988898, 2.350000000000000089 ) ) ;
#1035 = MECHANICAL_DESIGN_GEOMETRIC_PRESENTATION_REPRESENTATION (  '', ( #7345 ), #5894 ) ;
#1036 = ADVANCED_FACE ( 'NONE', ( #5052 ), #5004, .F. ) ;
#1037 = LINE ( 'NONE', #7376, #3263 ) ;
#1038 = DIRECTION ( 'NONE',  ( -0.1710878697460330999, 0.1710878697460331277, -0.9702875252478148083 ) ) ;
#1039 = EDGE_CURVE ( 'NONE', #8059, #5813, #7115, .T. ) ;
#1041 = VERTEX_POINT ( 'NONE', #4881 ) ;
#1040 = ORIENTED_EDGE ( 'NONE', *, *, #3541, .F. ) ;
#1042 = UNCERTAINTY_MEASURE_WITH_UNIT (LENGTH_MEASURE( 1.000000000000000082E-05 ), #7314, 'distance_accuracy_value', 'NONE');
#1043 = CARTESIAN_POINT ( 'NONE',  ( 0.3200000000000001177, 2.266799289467859690, -2.359999999999986997 ) ) ;
#1044 = VECTOR ( 'NONE', #3076, 1000.000000000000000 ) ;
#1045 = ORIENTED_EDGE ( 'NONE', *, *, #5108, .T. ) ;
#1046 = PLANE ( 'NONE',  #989 ) ;
#1047 = ADVANCED_FACE ( 'NONE', ( #6431 ), #2809, .F. ) ;
#1048 = EDGE_CURVE ( 'NONE', #4175, #130, #6338, .T. ) ;
#1049 = CARTESIAN_POINT ( 'NONE',  ( 1.770000000000000462, -1.250000000000000000, 2.500000000000000000 ) ) ;
#1050 =( NAMED_UNIT ( * ) PLANE_ANGLE_UNIT ( ) SI_UNIT ( $, .RADIAN. ) );
#1051 = CARTESIAN_POINT ( 'NONE',  ( -0.3199999999999998956, 2.283999999999999808, -2.359999999999988773 ) ) ;
#1052 = DIRECTION ( 'NONE',  ( -0.3236155771181848939, -0.8891264907159881492, -0.3236155771181852825 ) ) ;
#1054 = ORIENTED_EDGE ( 'NONE', *, *, #5224, .F. ) ;
#1053 = EDGE_LOOP ( 'NONE', ( #2068, #7973, #8192, #1854, #389, #4193 ) ) ;
#1055 = UNCERTAINTY_MEASURE_WITH_UNIT (LENGTH_MEASURE( 1.000000000000000082E-05 ), #2892, 'distance_accuracy_value', 'NONE');
#1056 = DIRECTION ( 'NONE',  ( 0.9396926207859079838, 0.3420201433256698786, 0.000000000000000000 ) ) ;
#1057 = CARTESIAN_POINT ( 'NONE',  ( 0.3012548339959392751, 0.3012548339959391086, -2.466309119164536767 ) ) ;
#1058 = COLOUR_RGB ( '',0.9686274509803921573, 0.8784313725490195957, 0.5999999999999999778 ) ;
#1059 = CARTESIAN_POINT ( 'NONE',  ( -0.2676958495758761658, -1.160003380892477232, 1.691807731390655434 ) ) ;
#1060 =( BOUNDED_CURVE ( )  B_SPLINE_CURVE ( 3, ( #3976, #8964, #6914, #8917 ),
 .UNSPECIFIED., .F., .F. ) 
 B_SPLINE_CURVE_WITH_KNOTS ( ( 4, 4 ),
 ( 5.497787143782135288, 6.283185307179586232 ),
 .UNSPECIFIED. ) 
 CURVE ( )  GEOMETRIC_REPRESENTATION_ITEM ( )  RATIONAL_B_SPLINE_CURVE ( ( 1.000000000000000000, 0.9492530216741907889, 0.9492530216741907889, 1.000000000000000000 ) ) 
 REPRESENTATION_ITEM ( '' )  );
#1061 = CARTESIAN_POINT ( 'NONE',  ( 0.2786338190285479466, -1.129999999999999227, 1.100757654848132816 ) ) ;
#1062 = VECTOR ( 'NONE', #1617, 1000.000000000000000 ) ;
#1063 = PLANE ( 'NONE',  #7898 ) ;
#1064 = ORIENTED_EDGE ( 'NONE', *, *, #3348, .T. ) ;
#1065 = UNCERTAINTY_MEASURE_WITH_UNIT (LENGTH_MEASURE( 1.000000000000000082E-05 ), #6539, 'distance_accuracy_value', 'NONE');
#1066 = SURFACE_STYLE_USAGE ( .BOTH. , #3151 ) ;
#1067 = FACE_OUTER_BOUND ( 'NONE', #2847, .T. ) ;
#1068 = VERTEX_POINT ( 'NONE', #3732 ) ;
#1069 = CARTESIAN_POINT ( 'NONE',  ( -0.2559999999999999498, 2.219999999999999751, -2.359999999999988773 ) ) ;
#1070 =( NAMED_UNIT ( * ) SI_UNIT ( $, .STERADIAN. ) SOLID_ANGLE_UNIT ( ) );
#1071 = CARTESIAN_POINT ( 'NONE',  ( -0.1665885810817079871, -1.250000000000001332, 0.7707336829929010147 ) ) ;
#1072 = CARTESIAN_POINT ( 'NONE',  ( 6.350000000000000533, 3.270000000000000462, 0.6000000000000000888 ) ) ;
#1073 = EDGE_CURVE ( 'NONE', #2410, #3153, #8665, .T. ) ;
#1074 = CARTESIAN_POINT ( 'NONE',  ( 4.310000000000000497, -1.250000000000000000, 2.500000000000000000 ) ) ;
#1075 = VECTOR ( 'NONE', #5592, 1000.000000000000114 ) ;
#1076 = EDGE_LOOP ( 'NONE', ( #1185, #7242, #2633, #6731, #7371, #2948 ) ) ;
#1077 = LINE ( 'NONE', #6606, #6712 ) ;
#1078 = ORIENTED_EDGE ( 'NONE', *, *, #8428, .F. ) ;
#1079 = CARTESIAN_POINT ( 'NONE',  ( 0.2712904061344593720, -1.150000000000000133, 1.101844312593097230 ) ) ;
#1080 = MECHANICAL_DESIGN_GEOMETRIC_PRESENTATION_REPRESENTATION (  '', ( #2716 ), #2570 ) ;
#1081 = CARTESIAN_POINT ( 'NONE',  ( 1.019999999999999796, 3.499999999999998224, 2.500000000000000000 ) ) ;
#1082 = CARTESIAN_POINT ( 'NONE',  ( 0.3200000000000001177, 2.283999999999999364, 8.550000000000000711 ) ) ;
#1083 = CARTESIAN_POINT ( 'NONE',  ( -0.2349815657172335259, -1.149999999999999911, 1.359373991834637696 ) ) ;
#1085 = ORIENTED_EDGE ( 'NONE', *, *, #5204, .T. ) ;
#1084 = ORIENTED_EDGE ( 'NONE', *, *, #3490, .T. ) ;
#1086 = CARTESIAN_POINT ( 'NONE',  ( 4.872849267653418970, -0.2071507323465826833, 8.550000000000000711 ) ) ;
#1087 = VECTOR ( 'NONE', #2099, 1000.000000000000000 ) ;
#1088 = FILL_AREA_STYLE ('',( #3324 ) ) ;
#1089 = STYLED_ITEM ( 'NONE', ( #2438 ), #3333 ) ;
#1090 = EDGE_LOOP ( 'NONE', ( #5691, #7838, #6120, #1889, #8581, #7030 ) ) ;
#1091 = EDGE_CURVE ( 'NONE', #5593, #7111, #2983, .T. ) ;
#1092 = EDGE_CURVE ( 'NONE', #5824, #8660, #1269, .T. ) ;
#1093 = VECTOR ( 'NONE', #3003, 1000.000000000000114 ) ;
#1094 = PRESENTATION_LAYER_ASSIGNMENT (  '', '', ( #6538 ) ) ;
#1095 = FACE_OUTER_BOUND ( 'NONE', #4519, .T. ) ;
#1096 = LINE ( 'NONE', #8026, #817 ) ;
#1097 = FILL_AREA_STYLE_COLOUR ( '', #137 ) ;
#1098 = FILL_AREA_STYLE_COLOUR ( '', #1352 ) ;
#1100 = ORIENTED_EDGE ( 'NONE', *, *, #2625, .T. ) ;
#1099 = ORIENTED_EDGE ( 'NONE', *, *, #4661, .F. ) ;
#1101 = CARTESIAN_POINT ( 'NONE',  ( 2.860000000000000320, 2.859999999999999876, 7.909999999999988596 ) ) ;
#1102 = DIRECTION ( 'NONE',  ( 0.000000000000000000, -1.000000000000000000, 0.000000000000000000 ) ) ;
#1103 = CARTESIAN_POINT ( 'NONE',  ( 0.2071507323465821004, -0.2071507323465826833, 8.550000000000000711 ) ) ;
#1104 = VECTOR ( 'NONE', #5011, 1000.000000000000000 ) ;
#1105 = EDGE_CURVE ( 'NONE', #2064, #725, #2332, .T. ) ;
#1106 = DIRECTION ( 'NONE',  ( 6.842277657836020854E-49, -5.078189165123089681E-17, 1.000000000000000000 ) ) ;
#1107 = LINE ( 'NONE', #3755, #8630 ) ;
#1108 = DIRECTION ( 'NONE',  ( 1.000000000000000000, 0.000000000000000000, 0.000000000000000000 ) ) ;
#1109 = CARTESIAN_POINT ( 'NONE',  ( 0.2785969470547811078, -1.129999999999999227, 1.693830622814569420 ) ) ;
#1110 = CARTESIAN_POINT ( 'NONE',  ( 3.310000000000000497, -1.250000000000000222, 0.000000000000000000 ) ) ;
#1111 = ORIENTED_EDGE ( 'NONE', *, *, #8348, .T. ) ;
#1112 = CARTESIAN_POINT ( 'NONE',  ( 4.778745166004060962, -0.3012548339959397747, 8.016309119164535701 ) ) ;
#1113 = CARTESIAN_POINT ( 'NONE',  ( 2.220000000000000639, -0.2732007105321404006, -2.359999999999986997 ) ) ;
#1114 = EDGE_LOOP ( 'NONE', ( #221, #994, #1703, #1619 ) ) ;
#1115 = CARTESIAN_POINT ( 'NONE',  ( 1.041695487370000395, -1.250000000000000222, 2.350000000000000089 ) ) ;
#1116 = EDGE_CURVE ( 'NONE', #8927, #6596, #8577, .T. ) ;
#1117 = SURFACE_STYLE_FILL_AREA ( #3847 ) ;
#1118 = LINE ( 'NONE', #2466, #3950 ) ;
#1119 = CARTESIAN_POINT ( 'NONE',  ( -0.2785987272081529298, -1.129999999999998561, 0.8475468746968436440 ) ) ;
#1120 = DIRECTION ( 'NONE',  ( 1.000000000000000000, 0.000000000000000000, 0.000000000000000000 ) ) ;
#1121 = CARTESIAN_POINT ( 'NONE',  ( -1.019999999999999796, -0.7700000000000002398, 0.000000000000000000 ) ) ;
#1122 = LINE ( 'NONE', #8189, #6812 ) ;
#1123 = ORIENTED_EDGE ( 'NONE', *, *, #6737, .T. ) ;
#1124 = VERTEX_POINT ( 'NONE', #2291 ) ;
#1125 = EDGE_CURVE ( 'NONE', #5509, #6975, #5640, .T. ) ;
#1126 = CARTESIAN_POINT ( 'NONE',  ( -0.09036144578313276554, -1.250000000000000000, 1.095301204819277396 ) ) ;
#1127 = DIRECTION ( 'NONE',  ( 0.7071067811865469066, -0.7071067811865482389, 0.000000000000000000 ) ) ;
#1128 = PLANE ( 'NONE',  #310 ) ;
#1129 =( NAMED_UNIT ( * ) PLANE_ANGLE_UNIT ( ) SI_UNIT ( $, .RADIAN. ) );
#1130 = VECTOR ( 'NONE', #2305, 1000.000000000000000 ) ;
#1132 = ORIENTED_EDGE ( 'NONE', *, *, #8952, .F. ) ;
#1131 = VERTEX_POINT ( 'NONE', #2431 ) ;
#1133 = UNCERTAINTY_MEASURE_WITH_UNIT (LENGTH_MEASURE( 1.000000000000000082E-05 ), #7951, 'distance_accuracy_value', 'NONE');
#1134 = LINE ( 'NONE', #5889, #2288 ) ;
#1135 = SURFACE_STYLE_FILL_AREA ( #1088 ) ;
#1136 = ORIENTED_EDGE ( 'NONE', *, *, #1718, .T. ) ;
#1137 = MECHANICAL_DESIGN_GEOMETRIC_PRESENTATION_REPRESENTATION (  '', ( #8918 ), #113 ) ;
#1138 =( GEOMETRIC_REPRESENTATION_CONTEXT ( 3 ) GLOBAL_UNCERTAINTY_ASSIGNED_CONTEXT ( ( #8854 ) ) GLOBAL_UNIT_ASSIGNED_CONTEXT ( ( #2514, #6879, #2655 ) ) REPRESENTATION_CONTEXT ( 'NONE', 'WORKASPACE' ) );
#1139 = SURFACE_SIDE_STYLE ('',( #7439 ) ) ;
#1140 = CARTESIAN_POINT ( 'NONE',  ( 2.841254833995939588, 2.238745166004060039, 8.016309119164535701 ) ) ;
#1141 = SURFACE_STYLE_FILL_AREA ( #364 ) ;
#1142 = PRESENTATION_LAYER_ASSIGNMENT (  '', '', ( #3066 ) ) ;
#1144 = VERTEX_POINT ( 'NONE', #6559 ) ;
#1143 = ORIENTED_EDGE ( 'NONE', *, *, #578, .F. ) ;
#1145 = UNCERTAINTY_MEASURE_WITH_UNIT (LENGTH_MEASURE( 1.000000000000000082E-05 ), #3351, 'distance_accuracy_value', 'NONE');
#1146 = VECTOR ( 'NONE', #5290, 1000.000000000000000 ) ;
#1147 = CARTESIAN_POINT ( 'NONE',  ( 2.220000000000000195, -0.2560000000000006715, 7.909999999999988596 ) ) ;
#1148 = CARTESIAN_POINT ( 'NONE',  ( -0.7699999999999996847, -1.250000000000000000, 2.500000000000000000 ) ) ;
#1149 = EDGE_CURVE ( 'NONE', #5419, #461, #8012, .T. ) ;
#1150 = EDGE_CURVE ( 'NONE', #75, #6696, #4713, .T. ) ;
#1151 = LINE ( 'NONE', #6125, #3697 ) ;
#1152 = VECTOR ( 'NONE', #8084, 1000.000000000000000 ) ;
#1153 = COLOUR_RGB ( '',0.9686274509803921573, 0.8784313725490195957, 0.5999999999999999778 ) ;
#1154 = DIRECTION ( 'NONE',  ( 0.000000000000000000, -0.000000000000000000, -1.000000000000000000 ) ) ;
#1155 = B_SPLINE_CURVE_WITH_KNOTS ( 'NONE', 3,
 ( #2031, #513, #1276, #7491, #4153, #8909, #4798, #9085, #1320, #1187 ),
 .UNSPECIFIED., .F., .F.,
 ( 4, 2, 2, 2, 4 ),
 ( 0.000000000000000000, 3.115297871150697558E-05, 6.230595742301395115E-05, 9.345893613452093351E-05, 0.0001246119148460279023 ),
 .UNSPECIFIED. ) ;
#1156 = CARTESIAN_POINT ( 'NONE',  ( -0.3199999999999998956, -0.3200000000000001732, -2.359999999999988773 ) ) ;
#1157 = CARTESIAN_POINT ( 'NONE',  ( 0.2071551287368016692, -1.129999999999999449, 1.804614892643308321 ) ) ;
#1158 = CARTESIAN_POINT ( 'NONE',  ( 2.860000000000000320, -0.2560000000000002829, -2.359999999999988773 ) ) ;
#1159 = VERTEX_POINT ( 'NONE', #1791 ) ;
#1160 = FACE_OUTER_BOUND ( 'NONE', #1739, .T. ) ;
#1161 = MECHANICAL_DESIGN_GEOMETRIC_PRESENTATION_REPRESENTATION (  '', ( #7323 ), #3820 ) ;
#1162 = ORIENTED_EDGE ( 'NONE', *, *, #934, .F. ) ;
#1163 = STYLED_ITEM ( 'NONE', ( #450 ), #8562 ) ;
#1164 = CARTESIAN_POINT ( 'NONE',  ( -0.2890920949374357618, 2.226582426945557636, -2.397330798265292717 ) ) ;
#1165 = DIRECTION ( 'NONE',  ( 0.7071067811865441310, 0.7071067811865507924, -0.000000000000000000 ) ) ;
#1166 = VECTOR ( 'NONE', #6429, 1000.000000000000000 ) ;
#1167 = CARTESIAN_POINT ( 'NONE',  ( -0.1553685607633366328, -1.250000000000001332, 0.7699516873791895089 ) ) ;
#1168 = CARTESIAN_POINT ( 'NONE',  ( 1.019999999999999796, -0.000000000000000000, 0.000000000000000000 ) ) ;
#1169 = EDGE_CURVE ( 'NONE', #3537, #4932, #1037, .T. ) ;
#1170 = CARTESIAN_POINT ( 'NONE',  ( -0.05396442235651247726, -1.149999999999999911, 1.131698228245897608 ) ) ;
#1171 = CARTESIAN_POINT ( 'NONE',  ( -0.2349397590361447796, -1.250000000000000000, 0.8488780120481929092 ) ) ;
#1172 = ORIENTED_EDGE ( 'NONE', *, *, #7239, .T. ) ;
#1173 =( BOUNDED_CURVE ( )  B_SPLINE_CURVE ( 3, ( #4663, #3743, #8636, #2349 ),
 .UNSPECIFIED., .F., .F. ) 
 B_SPLINE_CURVE_WITH_KNOTS ( ( 4, 4 ),
 ( 3.141592653589793116, 3.926990816987242727 ),
 .UNSPECIFIED. ) 
 CURVE ( )  GEOMETRIC_REPRESENTATION_ITEM ( )  RATIONAL_B_SPLINE_CURVE ( ( 1.000000000000000000, 0.9492530216741910110, 0.9492530216741910110, 1.000000000000000000 ) ) 
 REPRESENTATION_ITEM ( '' )  );
#1174 = ORIENTED_EDGE ( 'NONE', *, *, #7681, .T. ) ;
#1175 = AXIS2_PLACEMENT_3D ( 'NONE', #6080, #371, #8821 ) ;
#1177 = VERTEX_POINT ( 'NONE', #945 ) ;
#1176 = EDGE_LOOP ( 'NONE', ( #9036, #8238, #545, #6235 ) ) ;
#1178 = CARTESIAN_POINT ( 'NONE',  ( 2.284000000000000252, 2.219999999999999751, -2.359999999999988773 ) ) ;
#1179 = CARTESIAN_POINT ( 'NONE',  ( -0.2322227741005871982, -1.129999999999999005, 1.793118052090991510 ) ) ;
#1180 = ORIENTED_EDGE ( 'NONE', *, *, #1656, .F. ) ;
#1181 = SURFACE_SIDE_STYLE ('',( #7485 ) ) ;
#1182 = LINE ( 'NONE', #6167, #1223 ) ;
#1183 = AXIS2_PLACEMENT_3D ( 'NONE', #6385, #2156, #3690 ) ;
#1185 = ORIENTED_EDGE ( 'NONE', *, *, #4160, .T. ) ;
#1184 = ORIENTED_EDGE ( 'NONE', *, *, #6854, .T. ) ;
#1186 = ADVANCED_FACE ( 'NONE', ( #3032 ), #8756, .F. ) ;
#1187 = CARTESIAN_POINT ( 'NONE',  ( 0.1560617469879515551, -1.250000000000000000, 0.7700000000000001288 ) ) ;
#1188 = CARTESIAN_POINT ( 'NONE',  ( 6.100000000000000533, 3.270000000000000462, 0.4500000000000018430 ) ) ;
#1189 = PLANE ( 'NONE',  #1577 ) ;
#1190 = CARTESIAN_POINT ( 'NONE',  ( 0.2890920949374360394, 2.226582426945557636, -2.397330798265292717 ) ) ;
#1191 = CARTESIAN_POINT ( 'NONE',  ( 2.860000000000000320, 2.813200710532140381, -2.359999999999986997 ) ) ;
#1192 = ADVANCED_FACE ( 'NONE', ( #8064 ), #1128, .T. ) ;
#1193 = CARTESIAN_POINT ( 'NONE',  ( -0.2700724310048542298, -1.149999999999995248, 1.718227243223491296 ) ) ;
#1194 = DIRECTION ( 'NONE',  ( 1.000000000000000000, 0.000000000000000000, 0.000000000000000000 ) ) ;
#1195 = ORIENTED_EDGE ( 'NONE', *, *, #9028, .T. ) ;
#1196 = CARTESIAN_POINT ( 'NONE',  ( 4.806799289467860170, -0.3200000000000007838, 7.909999999999988596 ) ) ;
#1197 = DIRECTION ( 'NONE',  ( 0.000000000000000000, -1.000000000000000000, 0.000000000000000000 ) ) ;
#1198 = STYLED_ITEM ( 'NONE', ( #6836 ), #1404 ) ;
#1199 = ORIENTED_EDGE ( 'NONE', *, *, #5571, .F. ) ;
#1200 = CARTESIAN_POINT ( 'NONE',  ( 3.809999999999999609, 3.499999999999997780, 2.350000000000000089 ) ) ;
#1201 = EDGE_CURVE ( 'NONE', #4228, #4614, #2220, .T. ) ;
#1202 =( NAMED_UNIT ( * ) PLANE_ANGLE_UNIT ( ) SI_UNIT ( $, .RADIAN. ) );
#1203 = MECHANICAL_DESIGN_GEOMETRIC_PRESENTATION_REPRESENTATION (  '', ( #35 ), #5331 ) ;
#1204 = EDGE_CURVE ( 'NONE', #2724, #3840, #6798, .T. ) ;
#1205 =( LENGTH_UNIT ( ) NAMED_UNIT ( * ) SI_UNIT ( .MILLI., .METRE. ) );
#1206 = CARTESIAN_POINT ( 'NONE',  ( 1.520000000000000240, 0.000000000000000000, 0.000000000000000000 ) ) ;
#1207 =( LENGTH_UNIT ( ) NAMED_UNIT ( * ) SI_UNIT ( .MILLI., .METRE. ) );
#1208 = CARTESIAN_POINT ( 'NONE',  ( 0.2291490472775132015, -1.149999999999999689, 1.206427255910813345 ) ) ;
#1209 = CARTESIAN_POINT ( 'NONE',  ( 1.270000000000000462, 3.270000000000000462, 0.6000000000000000888 ) ) ;
#1210 = EDGE_LOOP ( 'NONE', ( #6280, #5793, #7124, #7801 ) ) ;
#1211 = VECTOR ( 'NONE', #3901, 1000.000000000000114 ) ;
#1212 = VERTEX_POINT ( 'NONE', #2015 ) ;
#1213 = CARTESIAN_POINT ( 'NONE',  ( 2.170000000000000817, -0.9999999999999978906, 1.599999999999989431 ) ) ;
#1214 = FILL_AREA_STYLE_COLOUR ( '', #6901 ) ;
#1215 = STYLED_ITEM ( 'NONE', ( #7232 ), #2459 ) ;
#1216 = CARTESIAN_POINT ( 'NONE',  ( -0.3012548339959391086, 0.3012548339959384425, 8.016309119164535701 ) ) ;
#1217 =( LENGTH_UNIT ( ) NAMED_UNIT ( * ) SI_UNIT ( .MILLI., .METRE. ) );
#1219 = EDGE_LOOP ( 'NONE', ( #7950, #3266, #7783, #5472, #6255, #941 ) ) ;
#1218 = VERTEX_POINT ( 'NONE', #3265 ) ;
#1220 = CARTESIAN_POINT ( 'NONE',  ( 0.1553685607633407684, -1.250000000000000888, 0.7699516873791893978 ) ) ;
#1221 = LINE ( 'NONE', #8297, #5810 ) ;
#1222 = ORIENTED_EDGE ( 'NONE', *, *, #8259, .T. ) ;
#1223 = VECTOR ( 'NONE', #2721, 1000.000000000000000 ) ;
#1224 = VECTOR ( 'NONE', #4255, 1000.000000000000000 ) ;
#1225 = EDGE_CURVE ( 'NONE', #3029, #1819, #7570, .T. ) ;
#1226 = FILL_AREA_STYLE_COLOUR ( '', #5871 ) ;
#1227 = VECTOR ( 'NONE', #5923, 1000.000000000000000 ) ;
#1228 = VECTOR ( 'NONE', #8494, 1000.000000000000000 ) ;
#1229 = CARTESIAN_POINT ( 'NONE',  ( 2.332849267653417602, -0.2071507323465826000, -3.000000000000000000 ) ) ;
#1230 = PRESENTATION_STYLE_ASSIGNMENT (( #9082 ) ) ;
#1232 = EDGE_LOOP ( 'NONE', ( #6948, #7489, #5448, #4018 ) ) ;
#1231 = ORIENTED_EDGE ( 'NONE', *, *, #5938, .T. ) ;
#1233 = FACE_OUTER_BOUND ( 'NONE', #6026, .T. ) ;
#1234 = CARTESIAN_POINT ( 'NONE',  ( 5.287150732346582949, 2.539999999999999147, 8.550000000000000711 ) ) ;
#1235 = CARTESIAN_POINT ( 'NONE',  ( -0.3012548339959391086, 0.3012548339959384425, 8.016309119164535701 ) ) ;
#1236 = COLOUR_RGB ( '',0.9686274509803921573, 0.8784313725490195957, 0.5999999999999999778 ) ;
#1237 = PRESENTATION_LAYER_ASSIGNMENT (  '', '', ( #6834 ) ) ;
#1238 = ADVANCED_FACE ( 'NONE', ( #4823 ), #5417, .F. ) ;
#1239 = DIRECTION ( 'NONE',  ( 0.000000000000000000, -0.000000000000000000, 1.000000000000000000 ) ) ;
#1240 = CARTESIAN_POINT ( 'NONE',  ( 0.2071507323465820727, -7.233649639496074251E-16, 8.550000000000000711 ) ) ;
#1241 = CARTESIAN_POINT ( 'NONE',  ( -0.2280098402426483373, -1.149999999999996358, 1.787058641526131586 ) ) ;
#1242 = CARTESIAN_POINT ( 'NONE',  ( 4.823999999999999844, 0.2559999999999993392, 8.550000000000000711 ) ) ;
#1243 = CARTESIAN_POINT ( 'NONE',  ( 2.266799289467859690, 0.3199999999999993405, 7.909999999999988596 ) ) ;
#1244 = VERTEX_POINT ( 'NONE', #1216 ) ;
#1245 = VECTOR ( 'NONE', #8124, 1000.000000000000000 ) ;
#1246 = PRESENTATION_STYLE_ASSIGNMENT (( #569 ) ) ;
#1247 = CARTESIAN_POINT ( 'NONE',  ( 2.238745166004060927, -0.3012548339959393862, -2.466309119164536767 ) ) ;
#1248 = ADVANCED_FACE ( 'NONE', ( #5372 ), #8945, .T. ) ;
#1249 = CARTESIAN_POINT ( 'NONE',  ( 2.540000000000000036, -0.2071507323465826833, 8.550000000000000711 ) ) ;
#1250 = DIRECTION ( 'NONE',  ( 8.470329472543003391E-17, -1.000000000000000000, 0.000000000000000000 ) ) ;
#1251 = SURFACE_STYLE_FILL_AREA ( #7558 ) ;
#1252 = CARTESIAN_POINT ( 'NONE',  ( 4.878912788997921801, 0.2010872110020782699, 8.584387938363944315 ) ) ;
#1253 = CARTESIAN_POINT ( 'NONE',  ( 1.220000000000000862, 3.270000000000000462, 0.6500000000000003553 ) ) ;
#1254 = CARTESIAN_POINT ( 'NONE',  ( -0.2567730509801823824, -1.190013523391395989, 0.8484209039776807737 ) ) ;
#1255 = ADVANCED_FACE ( 'NONE', ( #5733 ), #2802, .F. ) ;
#1256 = VERTEX_POINT ( 'NONE', #7103 ) ;
#1257 = ORIENTED_EDGE ( 'NONE', *, *, #6490, .F. ) ;
#1258 = EDGE_CURVE ( 'NONE', #5382, #2109, #811, .T. ) ;
#1259 = CARTESIAN_POINT ( 'NONE',  ( 4.760000000000000675, 0.3199999999999993405, 8.550000000000000711 ) ) ;
#1260 = DIRECTION ( 'NONE',  ( 0.7071067811865435759, 0.000000000000000000, -0.7071067811865515695 ) ) ;
#1261 = CARTESIAN_POINT ( 'NONE',  ( -0.2292613886581244820, -1.150000000000000133, 1.353074703515682042 ) ) ;
#1263 = EDGE_LOOP ( 'NONE', ( #1643, #4000, #2550, #6247 ) ) ;
#1262 = ORIENTED_EDGE ( 'NONE', *, *, #7330, .T. ) ;
#1264 = CARTESIAN_POINT ( 'NONE',  ( 0.1584377493068673814, -1.129999999999999227, 0.7263832256260038811 ) ) ;
#1265 = DIRECTION ( 'NONE',  ( 0.7071067811865487940, -0.7071067811865463515, 0.000000000000000000 ) ) ;
#1266 = ORIENTED_EDGE ( 'NONE', *, *, #7156, .F. ) ;
#1267 = LINE ( 'NONE', #2069, #2035 ) ;
#1268 = ADVANCED_FACE ( 'NONE', ( #8338 ), #2148, .F. ) ;
#1269 =( BOUNDED_CURVE ( )  B_SPLINE_CURVE ( 3, ( #3909, #6702, #5797, #4607 ),
 .UNSPECIFIED., .F., .F. ) 
 B_SPLINE_CURVE_WITH_KNOTS ( ( 4, 4 ),
 ( 5.497787143782140618, 6.283185307179586232 ),
 .UNSPECIFIED. ) 
 CURVE ( )  GEOMETRIC_REPRESENTATION_ITEM ( )  RATIONAL_B_SPLINE_CURVE ( ( 1.000000000000000000, 0.9492530216741915661, 0.9492530216741915661, 1.000000000000000000 ) ) 
 REPRESENTATION_ITEM ( '' )  );
#1270 = DIRECTION ( 'NONE',  ( -0.000000000000000000, 1.000000000000000000, 5.078189165123089681E-17 ) ) ;
#1271 = CARTESIAN_POINT ( 'NONE',  ( 2.813200710532140825, 2.859999999999999432, 7.909999999999990372 ) ) ;
#1272 = CARTESIAN_POINT ( 'NONE',  ( 1.020000000000000462, -0.9999999999999978906, 2.500000000000000000 ) ) ;
#1273 = EDGE_CURVE ( 'NONE', #8059, #8956, #6932, .T. ) ;
#1275 = ORIENTED_EDGE ( 'NONE', *, *, #4329, .F. ) ;
#1274 = VERTEX_POINT ( 'NONE', #2935 ) ;
#1276 = CARTESIAN_POINT ( 'NONE',  ( 0.2338056406508219887, -1.249999999999969358, 0.8276727744746812387 ) ) ;
#1277 = CARTESIAN_POINT ( 'NONE',  ( -1.019999999999999796, -1.250000000000000222, 0.5999999999999999778 ) ) ;
#1278 = DIRECTION ( 'NONE',  ( 0.000000000000000000, -1.000000000000000000, 0.000000000000000000 ) ) ;
#1279 = AXIS2_PLACEMENT_3D ( 'NONE', #3302, #574, #1250 ) ;
#1280 = FILL_AREA_STYLE ('',( #7036 ) ) ;
#1281 = DIRECTION ( 'NONE',  ( 0.000000000000000000, 1.000000000000000000, 0.000000000000000000 ) ) ;
#1282 = COLOUR_RGB ( '',0.9686274509803921573, 0.8784313725490195957, 0.5999999999999999778 ) ;
#1283 = DIRECTION ( 'NONE',  ( 8.470329472543003391E-17, -1.000000000000000000, 0.000000000000000000 ) ) ;
#1284 = MECHANICAL_DESIGN_GEOMETRIC_PRESENTATION_REPRESENTATION (  '', ( #6736 ), #2479 ) ;
#1285 = CARTESIAN_POINT ( 'NONE',  ( -0.1577519656428721107, -1.149999999999996581, 1.806367507386705373 ) ) ;
#1286 = SURFACE_STYLE_FILL_AREA ( #4806 ) ;
#1287 = LINE ( 'NONE', #4119, #1813 ) ;
#1288 = ORIENTED_EDGE ( 'NONE', *, *, #4874, .T. ) ;
#1289 = CARTESIAN_POINT ( 'NONE',  ( 1.144999999999999130, -0.9999999999999978906, 2.375000000000000444 ) ) ;
#1290 = EDGE_CURVE ( 'NONE', #998, #5329, #7658, .T. ) ;
#1291 = DIRECTION ( 'NONE',  ( -0.9848077530122085754, -8.341646135128160883E-17, 0.1736481776669273891 ) ) ;
#1292 = MECHANICAL_DESIGN_GEOMETRIC_PRESENTATION_REPRESENTATION (  '', ( #7883 ), #7749 ) ;
#1293 =( GEOMETRIC_REPRESENTATION_CONTEXT ( 3 ) GLOBAL_UNCERTAINTY_ASSIGNED_CONTEXT ( ( #7836 ) ) GLOBAL_UNIT_ASSIGNED_CONTEXT ( ( #5467, #1556, #5701 ) ) REPRESENTATION_CONTEXT ( 'NONE', 'WORKASPACE' ) );
#1294 = LINE ( 'NONE', #2601, #4258 ) ;
#1295 = CARTESIAN_POINT ( 'NONE',  ( -0.2713367824627651026, -1.150000000000000133, 1.131698228245897608 ) ) ;
#1296 = PRESENTATION_STYLE_ASSIGNMENT (( #6186 ) ) ;
#1297 = DIRECTION ( 'NONE',  ( 1.000000000000000000, -0.000000000000000000, 0.000000000000000000 ) ) ;
#1298 = AXIS2_PLACEMENT_3D ( 'NONE', #4987, #2831, #8415 ) ;
#1299 = DIRECTION ( 'NONE',  ( 8.470329472543003391E-17, -1.000000000000000000, 0.000000000000000000 ) ) ;
#1300 = FACE_OUTER_BOUND ( 'NONE', #8845, .T. ) ;
#1301 = ORIENTED_EDGE ( 'NONE', *, *, #4874, .F. ) ;
#1302 = ORIENTED_EDGE ( 'NONE', *, *, #6516, .T. ) ;
#1303 = AXIS2_PLACEMENT_3D ( 'NONE', #1416, #48, #692 ) ;
#1304 = VECTOR ( 'NONE', #1616, 1000.000000000000000 ) ;
#1305 = FACE_OUTER_BOUND ( 'NONE', #8585, .T. ) ;
#1306 = CARTESIAN_POINT ( 'NONE',  ( 5.080000000000000071, -7.409113134841486521E-16, 8.550000000000000711 ) ) ;
#1307 = EDGE_CURVE ( 'NONE', #3843, #2161, #4373, .T. ) ;
#1308 = FACE_OUTER_BOUND ( 'NONE', #4828, .T. ) ;
#1310 = VERTEX_POINT ( 'NONE', #9071 ) ;
#1309 = EDGE_LOOP ( 'NONE', ( #5262, #2898, #5755, #8490 ) ) ;
#1311 = CARTESIAN_POINT ( 'NONE',  ( 0.2786410898395584868, -1.129999999999997229, 0.8485582526187676056 ) ) ;
#1312 = CARTESIAN_POINT ( 'NONE',  ( 4.310000000000000497, -1.250000000000000000, 2.500000000000000000 ) ) ;
#1313 = ORIENTED_EDGE ( 'NONE', *, *, #2533, .F. ) ;
#1314 = VECTOR ( 'NONE', #2093, 1000.000000000000000 ) ;
#1315 = PLANE ( 'NONE',  #1183 ) ;
#1316 = DIRECTION ( 'NONE',  ( -0.1710878697460327114, 0.1710878697460326836, -0.9702875252478149193 ) ) ;
#1317 = DIRECTION ( 'NONE',  ( -0.7071067811865509034, 0.7071067811865442421, 0.000000000000000000 ) ) ;
#1319 = ORIENTED_EDGE ( 'NONE', *, *, #3952, .T. ) ;
#1318 = ORIENTED_EDGE ( 'NONE', *, *, #7877, .F. ) ;
#1320 = CARTESIAN_POINT ( 'NONE',  ( 0.1665885810817082369, -1.249999999999968914, 0.7707336829928926880 ) ) ;
#1321 = DIRECTION ( 'NONE',  ( -0.1710878697460330999, 0.1710878697460331277, -0.9702875252478148083 ) ) ;
#1322 = ADVANCED_FACE ( 'NONE', ( #5223 ), #7958, .T. ) ;
#1323 = FILL_AREA_STYLE_COLOUR ( '', #5989 ) ;
#1324 =( NAMED_UNIT ( * ) SI_UNIT ( $, .STERADIAN. ) SOLID_ANGLE_UNIT ( ) );
#1325 = EDGE_CURVE ( 'NONE', #4970, #627, #8704, .T. ) ;
#1326 = FILL_AREA_STYLE_COLOUR ( '', #2941 ) ;
#1327 = VECTOR ( 'NONE', #5541, 999.9999999999998863 ) ;
#1328 = DIRECTION ( 'NONE',  ( 8.470329472543003391E-17, -1.000000000000000000, 0.000000000000000000 ) ) ;
#1329 = PLANE ( 'NONE',  #6970 ) ;
#1330 = LINE ( 'NONE', #2042, #8934 ) ;
#1331 = CARTESIAN_POINT ( 'NONE',  ( 2.220000000000000195, 2.219999999999999307, 8.550000000000000711 ) ) ;
#1332 = ORIENTED_EDGE ( 'NONE', *, *, #157, .F. ) ;
#1333 = CARTESIAN_POINT ( 'NONE',  ( 6.100000000000000533, 3.270000000000000462, 0.6000000000000000888 ) ) ;
#1334 = FILL_AREA_STYLE_COLOUR ( '', #8422 ) ;
#1335 = STYLED_ITEM ( 'NONE', ( #5302 ), #991 ) ;
#1336 = PLANE ( 'NONE',  #2808 ) ;
#1337 = CARTESIAN_POINT ( 'NONE',  ( 4.760000000000000675, -0.2560000000000006715, 7.909999999999988596 ) ) ;
#1338 = LINE ( 'NONE', #8232, #3512 ) ;
#1339 = FACE_OUTER_BOUND ( 'NONE', #1176, .T. ) ;
#1340 = ADVANCED_FACE ( 'NONE', ( #5134 ), #3851, .T. ) ;
#1341 = STYLED_ITEM ( 'NONE', ( #1547 ), #1255 ) ;
#1342 = DIRECTION ( 'NONE',  ( -6.842277657836020854E-49, 5.078189165123089681E-17, -1.000000000000000000 ) ) ;
#1343 = CARTESIAN_POINT ( 'NONE',  ( 4.878912788997921801, 2.741087211002078305, 8.584387938363944315 ) ) ;
#1344 = CARTESIAN_POINT ( 'NONE',  ( 6.250000000000000000, -0.7700000000000002398, 0.6000000000000000888 ) ) ;
#1345 = ORIENTED_EDGE ( 'NONE', *, *, #7649, .T. ) ;
#1346 = ORIENTED_EDGE ( 'NONE', *, *, #3258, .T. ) ;
#1347 = VECTOR ( 'NONE', #1485, 999.9999999999998863 ) ;
#1348 = FILL_AREA_STYLE ('',( #4561 ) ) ;
#1349 = EDGE_CURVE ( 'NONE', #2111, #1689, #3117, .T. ) ;
#1350 = SURFACE_SIDE_STYLE ('',( #2751 ) ) ;
#1351 = CARTESIAN_POINT ( 'NONE',  ( 6.100000000000000533, 0.000000000000000000, 0.000000000000000000 ) ) ;
#1352 = COLOUR_RGB ( '',1.000000000000000000, 0.000000000000000000, 0.000000000000000000 ) ;
#1353 = VERTEX_POINT ( 'NONE', #5269 ) ;
#1354 = CARTESIAN_POINT ( 'NONE',  ( 0.2322227741005683521, -1.129999999999999449, 0.7468819479089900959 ) ) ;
#1355 = DIRECTION ( 'NONE',  ( -1.000000000000000000, 1.408054769461693942E-16, 0.000000000000000000 ) ) ;
#1356 = ORIENTED_EDGE ( 'NONE', *, *, #609, .T. ) ;
#1357 = ADVANCED_FACE ( 'NONE', ( #8056 ), #6464, .T. ) ;
#1358 = SURFACE_STYLE_FILL_AREA ( #2115 ) ;
#1359 = LINE ( 'NONE', #7752, #3675 ) ;
#1360 = CARTESIAN_POINT ( 'NONE',  ( 5.400000000000000355, 0.3199999999999993960, 7.909999999999988596 ) ) ;
#1361 = DIRECTION ( 'NONE',  ( 0.000000000000000000, 1.000000000000000000, 0.000000000000000000 ) ) ;
#1363 = ORIENTED_EDGE ( 'NONE', *, *, #2887, .T. ) ;
#1362 = ORIENTED_EDGE ( 'NONE', *, *, #7553, .T. ) ;
#1364 = LINE ( 'NONE', #7715, #1836 ) ;
#1365 = EDGE_CURVE ( 'NONE', #4546, #7697, #4039, .T. ) ;
#1366 = ORIENTED_EDGE ( 'NONE', *, *, #5266, .F. ) ;
#1367 = DIRECTION ( 'NONE',  ( 0.000000000000000000, -0.000000000000000000, -1.000000000000000000 ) ) ;
#1368 =( LENGTH_UNIT ( ) NAMED_UNIT ( * ) SI_UNIT ( .MILLI., .METRE. ) );
#1369 = EDGE_CURVE ( 'NONE', #120, #7755, #3993, .T. ) ;
#1370 = EDGE_CURVE ( 'NONE', #2667, #1608, #2604, .T. ) ;
#1371 = PRESENTATION_STYLE_ASSIGNMENT (( #2775 ) ) ;
#1372 = VECTOR ( 'NONE', #3749, 1000.000000000000000 ) ;
#1373 = DIRECTION ( 'NONE',  ( -0.4999999999999998890, 0.8660254037844385966, 0.000000000000000000 ) ) ;
#1374 = CARTESIAN_POINT ( 'NONE',  ( -0.2708727427766636220, -1.149999999999999911, 1.702962049305333236 ) ) ;
#1375 = DIRECTION ( 'NONE',  ( -1.000000000000000000, -1.445602896647340396E-16, 0.000000000000000000 ) ) ;
#1376 = VERTEX_POINT ( 'NONE', #6095 ) ;
#1377 = FACE_BOUND ( 'NONE', #4884, .T. ) ;
#1378 = LINE ( 'NONE', #4897, #1533 ) ;
#1379 = LINE ( 'NONE', #4732, #1729 ) ;
#1380 = AXIS2_PLACEMENT_3D ( 'NONE', #4951, #4905, #7734 ) ;
#1381 = PRESENTATION_LAYER_ASSIGNMENT (  '', '', ( #4924 ) ) ;
#1382 = SURFACE_SIDE_STYLE ('',( #3619 ) ) ;
#1383 = DIRECTION ( 'NONE',  ( 1.445602896647340396E-16, -1.000000000000000000, 0.000000000000000000 ) ) ;
#1384 = EDGE_CURVE ( 'NONE', #460, #4658, #7463, .T. ) ;
#1385 = CARTESIAN_POINT ( 'NONE',  ( 4.760000000000000675, -0.3200000000000001732, -2.359999999999988773 ) ) ;
#1386 = CARTESIAN_POINT ( 'NONE',  ( 2.796000000000000263, 0.2559999999999993392, 8.550000000000000711 ) ) ;
#1387 = PRESENTATION_LAYER_ASSIGNMENT (  '', '', ( #942 ) ) ;
#1388 = PRESENTATION_LAYER_ASSIGNMENT (  '', '', ( #4509 ) ) ;
#1389 = CARTESIAN_POINT ( 'NONE',  ( 6.350000000000000533, -0.7700000000000002398, 0.6000000000000000888 ) ) ;
#1390 = DIRECTION ( 'NONE',  ( 0.000000000000000000, -1.000000000000000000, 0.000000000000000000 ) ) ;
#1391 = SURFACE_STYLE_FILL_AREA ( #4906 ) ;
#1392 = EDGE_CURVE ( 'NONE', #4073, #4095, #6882, .T. ) ;
#1393 = ORIENTED_EDGE ( 'NONE', *, *, #3380, .T. ) ;
#1394 = ORIENTED_EDGE ( 'NONE', *, *, #1480, .T. ) ;
#1395 = AXIS2_PLACEMENT_3D ( 'NONE', #3832, #2497, #8034 ) ;
#1396 = FILL_AREA_STYLE_COLOUR ( '', #121 ) ;
#1397 = DIRECTION ( 'NONE',  ( 0.000000000000000000, -0.000000000000000000, -1.000000000000000000 ) ) ;
#1398 = SURFACE_SIDE_STYLE ('',( #6282 ) ) ;
#1399 = LINE ( 'NONE', #1351, #2965 ) ;
#1401 = ORIENTED_EDGE ( 'NONE', *, *, #3490, .F. ) ;
#1400 = ORIENTED_EDGE ( 'NONE', *, *, #1783, .T. ) ;
#1402 = CARTESIAN_POINT ( 'NONE',  ( -0.2349397590361445298, -1.250000000000000888, 1.458064759036144631 ) ) ;
#1403 = VERTEX_POINT ( 'NONE', #5406 ) ;
#1404 = ADVANCED_FACE ( 'NONE', ( #8096 ), #4726, .F. ) ;
#1405 = DIRECTION ( 'NONE',  ( 0.000000000000000000, -0.9848077530122085754, 0.1736481776669273891 ) ) ;
#1406 = DIRECTION ( 'NONE',  ( -0.3420201433256690460, -0.9396926207859083169, 0.000000000000000000 ) ) ;
#1407 = PLANE ( 'NONE',  #4328 ) ;
#1409 = ORIENTED_EDGE ( 'NONE', *, *, #481, .T. ) ;
#1408 = VERTEX_POINT ( 'NONE', #5493 ) ;
#1410 = DIRECTION ( 'NONE',  ( -6.842277657836020854E-49, 5.078189165123089681E-17, -1.000000000000000000 ) ) ;
#1411 = CARTESIAN_POINT ( 'NONE',  ( 0.1560617469879515551, -1.250000000000000000, 1.770000000000000240 ) ) ;
#1412 = VERTEX_POINT ( 'NONE', #1780 ) ;
#1413 = CARTESIAN_POINT ( 'NONE',  ( 0.09036144578313230757, -1.250000000000000000, 0.9145783132530121984 ) ) ;
#1414 = LINE ( 'NONE', #6862, #3406 ) ;
#1415 = MECHANICAL_DESIGN_GEOMETRIC_PRESENTATION_REPRESENTATION (  '', ( #3358 ), #244 ) ;
#1416 = CARTESIAN_POINT ( 'NONE',  ( -1.019999999999999574, -0.9999999999999988898, 2.500000000000000000 ) ) ;
#1417 = CARTESIAN_POINT ( 'NONE',  ( 0.05396442235651190134, -1.149999999999999911, 1.270000000000000018 ) ) ;
#1418 = DIRECTION ( 'NONE',  ( -8.470329472543003391E-17, 1.000000000000000000, 0.000000000000000000 ) ) ;
#1419 = DIRECTION ( 'NONE',  ( -0.7071067811865515695, -0.000000000000000000, -0.7071067811865435759 ) ) ;
#1420 = ADVANCED_FACE ( 'NONE', ( #4597 ), #7369, .F. ) ;
#1421 = VECTOR ( 'NONE', #5435, 1000.000000000000000 ) ;
#1422 = EDGE_CURVE ( 'NONE', #2394, #6392, #4267, .T. ) ;
#1423 = ORIENTED_EDGE ( 'NONE', *, *, #6304, .F. ) ;
#1424 = VECTOR ( 'NONE', #246, 1000.000000000000000 ) ;
#1425 = DIRECTION ( 'NONE',  ( -1.000000000000000000, 0.000000000000000000, 0.000000000000000000 ) ) ;
#1426 = DIRECTION ( 'NONE',  ( -0.000000000000000000, -0.000000000000000000, -1.000000000000000000 ) ) ;
#1427 = DIRECTION ( 'NONE',  ( -0.000000000000000000, -0.000000000000000000, -1.000000000000000000 ) ) ;
#1428 = B_SPLINE_SURFACE_WITH_KNOTS ( 'NONE', 1, 3, ( 
 ( #1432, #798, #3008, #8509, #3570, #5818, #5632, #8601, #2137, #6362, #2309, #5121, #60, #2876 ),
 ( #8461, #2229, #148, #2185, #4313, #7091, #5028, #7406, #2402, #3836, #5255, #3931, #8040, #1061 ) ),
 .UNSPECIFIED., .F., .F., .F.,
 ( 2, 2 ),
 ( 4, 3, 2, 2, 3, 4 ),
 ( 0.000000000000000000, 1.000000000000000000 ),
 ( -0.01900469465623488841, 0.000000000000000000, 0.2500000000000000000, 0.5000000000000000000, 1.000000000000000000, 1.016633854666653125 ),
 .UNSPECIFIED. ) ;
#1429 = AXIS2_PLACEMENT_3D ( 'NONE', #3454, #2758, #8345 ) ;
#1430 = AXIS2_PLACEMENT_3D ( 'NONE', #1240, #2683, #1328 ) ;
#1431 = CARTESIAN_POINT ( 'NONE',  ( 0.2713367824627647140, -1.149999999999999689, 1.100924175899257840 ) ) ;
#1432 = CARTESIAN_POINT ( 'NONE',  ( 0.2019711989004281116, -1.250000000000001110, 1.182210792471864780 ) ) ;
#1433 = CARTESIAN_POINT ( 'NONE',  ( 4.309999999999999609, 3.749999999999999112, 2.500000000000000000 ) ) ;
#1434 = DIRECTION ( 'NONE',  ( -1.000000000000000000, -0.000000000000000000, -0.000000000000000000 ) ) ;
#1435 = CARTESIAN_POINT ( 'NONE',  ( 1.520000000000000018, 3.499999999999998224, 0.000000000000000000 ) ) ;
#1436 = DIRECTION ( 'NONE',  ( -1.000000000000000000, -8.470329472543003391E-17, -4.301393535249064745E-33 ) ) ;
#1437 =( GEOMETRIC_REPRESENTATION_CONTEXT ( 3 ) GLOBAL_UNCERTAINTY_ASSIGNED_CONTEXT ( ( #1795 ) ) GLOBAL_UNIT_ASSIGNED_CONTEXT ( ( #5827, #8609, #8520 ) ) REPRESENTATION_CONTEXT ( 'NONE', 'WORKASPACE' ) );
#1438 = VERTEX_POINT ( 'NONE', #8284 ) ;
#1439 = AXIS2_PLACEMENT_3D ( 'NONE', #6518, #8714, #5234 ) ;
#1440 = EDGE_CURVE ( 'NONE', #7433, #2382, #6320, .T. ) ;
#1441 = ORIENTED_EDGE ( 'NONE', *, *, #7516, .T. ) ;
#1442 = LINE ( 'NONE', #7786, #2631 ) ;
#1444 = EDGE_CURVE ( 'NONE', #5830, #5259, #3484, .T. ) ;
#1443 = VECTOR ( 'NONE', #3208, 1000.000000000000000 ) ;
#1445 = MECHANICAL_DESIGN_GEOMETRIC_PRESENTATION_REPRESENTATION (  '', ( #4114 ), #2641 ) ;
#1446 = FILL_AREA_STYLE ('',( #4914 ) ) ;
#1447 = FACE_OUTER_BOUND ( 'NONE', #8090, .T. ) ;
#1449 = ORIENTED_EDGE ( 'NONE', *, *, #3527, .T. ) ;
#1448 = VERTEX_POINT ( 'NONE', #2880 ) ;
#1450 = CARTESIAN_POINT ( 'NONE',  ( -0.2785842785111448117, -1.129999999999999227, 1.456328223452464599 ) ) ;
#1451 = LINE ( 'NONE', #7198, #5067 ) ;
#1452 = ORIENTED_EDGE ( 'NONE', *, *, #806, .T. ) ;
#1453 = VECTOR ( 'NONE', #1565, 1000.000000000000000 ) ;
#1454 = AXIS2_PLACEMENT_3D ( 'NONE', #1455, #4334, #163 ) ;
#1455 = CARTESIAN_POINT ( 'NONE',  ( -1.019999999999999796, -1.250000000000000222, 0.5999999999999999778 ) ) ;
#1456 = PRESENTATION_LAYER_ASSIGNMENT (  '', '', ( #5438 ) ) ;
#1457 = ADVANCED_FACE ( 'NONE', ( #2007 ), #7781, .T. ) ;
#1458 = CARTESIAN_POINT ( 'NONE',  ( -0.2713367824627651026, -1.150000000000000133, 1.457141330931055911 ) ) ;
#1459 = MECHANICAL_DESIGN_GEOMETRIC_PRESENTATION_REPRESENTATION (  '', ( #1612 ), #5880 ) ;
#1460 = CARTESIAN_POINT ( 'NONE',  ( 2.860000000000000320, -0.2560000000000007825, 7.909999999999988596 ) ) ;
#1461 = DIRECTION ( 'NONE',  ( 8.470329472543003391E-17, -1.000000000000000000, 0.000000000000000000 ) ) ;
#1463 = ORIENTED_EDGE ( 'NONE', *, *, #1611, .T. ) ;
#1462 = ORIENTED_EDGE ( 'NONE', *, *, #7578, .T. ) ;
#1464 = CARTESIAN_POINT ( 'NONE',  ( -1.169999999999998153, -0.7700000000000002398, 0.6000000000000000888 ) ) ;
#1465 = CARTESIAN_POINT ( 'NONE',  ( 0.2274526451903186863, -1.249999999999996225, 1.733480568609701455 ) ) ;
#1466 = EDGE_LOOP ( 'NONE', ( #2765, #3674, #451, #6071 ) ) ;
#1467 =( BOUNDED_CURVE ( )  B_SPLINE_CURVE ( 3, ( #4977, #5760, #5710, #6351 ),
 .UNSPECIFIED., .F., .F. ) 
 B_SPLINE_CURVE_WITH_KNOTS ( ( 4, 4 ),
 ( 5.497787143782138841, 6.283185307179586232 ),
 .UNSPECIFIED. ) 
 CURVE ( )  GEOMETRIC_REPRESENTATION_ITEM ( )  RATIONAL_B_SPLINE_CURVE ( ( 1.000000000000000000, 0.9492530216741912330, 0.9492530216741912330, 1.000000000000000000 ) ) 
 REPRESENTATION_ITEM ( '' )  );
#1468 = VECTOR ( 'NONE', #5085, 1000.000000000000000 ) ;
#1469 = CARTESIAN_POINT ( 'NONE',  ( 5.353200710532140860, -0.3200000000000007838, 7.909999999999986819 ) ) ;
#1470 = CARTESIAN_POINT ( 'NONE',  ( 1.019999999999999796, 3.499999999999998224, 0.4500000000000020650 ) ) ;
#1471 = EDGE_CURVE ( 'NONE', #5972, #2393, #7648, .T. ) ;
#1472 =( LENGTH_UNIT ( ) NAMED_UNIT ( * ) SI_UNIT ( .MILLI., .METRE. ) );
#1473 = PRESENTATION_LAYER_ASSIGNMENT (  '', '', ( #8364 ) ) ;
#1474 = PLANE ( 'NONE',  #8941 ) ;
#1475 = LINE ( 'NONE', #2043, #6953 ) ;
#1476 = ORIENTED_EDGE ( 'NONE', *, *, #4995, .T. ) ;
#1477 = CARTESIAN_POINT ( 'NONE',  ( 0.1571041649877051860, -1.166666666973068534, 1.800330852743996290 ) ) ;
#1478 = CARTESIAN_POINT ( 'NONE',  ( 4.760000000000000675, 2.795999999999999375, 7.909999999999988596 ) ) ;
#1479 = COLOUR_RGB ( '',1.000000000000000000, 0.8431372549019607865, 0.000000000000000000 ) ;
#1480 = EDGE_CURVE ( 'NONE', #512, #7075, #8326, .T. ) ;
#1481 = LINE ( 'NONE', #6360, #8933 ) ;
#1482 = DIRECTION ( 'NONE',  ( 1.000000000000000000, 0.000000000000000000, 0.000000000000000000 ) ) ;
#1483 =( NAMED_UNIT ( * ) SI_UNIT ( $, .STERADIAN. ) SOLID_ANGLE_UNIT ( ) );
#1484 = CARTESIAN_POINT ( 'NONE',  ( -0.1573284206430519139, -1.149999999999999911, 0.7336029765733800279 ) ) ;
#1485 = DIRECTION ( 'NONE',  ( -0.7071067811865515695, -0.000000000000000000, -0.7071067811865435759 ) ) ;
#1486 =( NAMED_UNIT ( * ) PLANE_ANGLE_UNIT ( ) SI_UNIT ( $, .RADIAN. ) );
#1487 = CARTESIAN_POINT ( 'NONE',  ( -0.3199999999999999512, 2.795999999999999819, -2.359999999999988773 ) ) ;
#1488 = AXIS2_PLACEMENT_3D ( 'NONE', #5608, #1405, #7025 ) ;
#1489 = VERTEX_POINT ( 'NONE', #6969 ) ;
#1490 = EDGE_CURVE ( 'NONE', #2675, #5098, #6926, .T. ) ;
#1491 = ORIENTED_EDGE ( 'NONE', *, *, #4770, .T. ) ;
#1492 = EDGE_CURVE ( 'NONE', #6975, #1746, #8418, .T. ) ;
#1493 = CARTESIAN_POINT ( 'NONE',  ( 1.519999999999999352, 3.499999999999997780, 2.500000000000000000 ) ) ;
#1494 = VECTOR ( 'NONE', #7014, 1000.000000000000000 ) ;
#1495 = LINE ( 'NONE', #8472, #1424 ) ;
#1496 =( NAMED_UNIT ( * ) PLANE_ANGLE_UNIT ( ) SI_UNIT ( $, .RADIAN. ) );
#1497 = CARTESIAN_POINT ( 'NONE',  ( -1.020000000000000018, 3.499999999999998224, 0.000000000000000000 ) ) ;
#1499 = ORIENTED_EDGE ( 'NONE', *, *, #2839, .F. ) ;
#1498 = ORIENTED_EDGE ( 'NONE', *, *, #5917, .T. ) ;
#1500 = CARTESIAN_POINT ( 'NONE',  ( -0.2756422869894946115, -1.129999999999999005, 1.418644907060404581 ) ) ;
#1501 = FILL_AREA_STYLE ('',( #2246 ) ) ;
#1502 =( GEOMETRIC_REPRESENTATION_CONTEXT ( 3 ) GLOBAL_UNCERTAINTY_ASSIGNED_CONTEXT ( ( #8134 ) ) GLOBAL_UNIT_ASSIGNED_CONTEXT ( ( #2657, #8932, #4772 ) ) REPRESENTATION_CONTEXT ( 'NONE', 'WORKASPACE' ) );
#1503 = EDGE_CURVE ( 'NONE', #4556, #8615, #7841, .T. ) ;
#1504 = ORIENTED_EDGE ( 'NONE', *, *, #775, .T. ) ;
#1505 = CARTESIAN_POINT ( 'NONE',  ( 5.353200710532140860, 2.219999999999999751, -2.359999999999988773 ) ) ;
#1506 = MECHANICAL_DESIGN_GEOMETRIC_PRESENTATION_REPRESENTATION (  '', ( #5477 ), #4908 ) ;
#1507 =( NAMED_UNIT ( * ) PLANE_ANGLE_UNIT ( ) SI_UNIT ( $, .RADIAN. ) );
#1508 = CARTESIAN_POINT ( 'NONE',  ( 3.709999999999999964, 3.270000000000000462, 0.6000000000000000888 ) ) ;
#1509 = FACE_OUTER_BOUND ( 'NONE', #7866, .T. ) ;
#1511 = ORIENTED_EDGE ( 'NONE', *, *, #2453, .F. ) ;
#1510 = ORIENTED_EDGE ( 'NONE', *, *, #2167, .T. ) ;
#1512 = UNCERTAINTY_MEASURE_WITH_UNIT (LENGTH_MEASURE( 1.000000000000000082E-05 ), #5746, 'distance_accuracy_value', 'NONE');
#1513 = DIRECTION ( 'NONE',  ( -8.470329472543003391E-17, 1.000000000000000000, 0.000000000000000000 ) ) ;
#1514 = ORIENTED_EDGE ( 'NONE', *, *, #2773, .T. ) ;
#1515 = FACE_OUTER_BOUND ( 'NONE', #6652, .T. ) ;
#1516 = EDGE_CURVE ( 'NONE', #8660, #3778, #751, .T. ) ;
#1517 = COLOUR_RGB ( '',0.9686274509803921573, 0.8784313725490195957, 0.5999999999999999778 ) ;
#1518 = DIRECTION ( 'NONE',  ( -0.000000000000000000, 0.000000000000000000, 1.000000000000000000 ) ) ;
#1519 = FACE_OUTER_BOUND ( 'NONE', #7017, .T. ) ;
#1520 = PLANE ( 'NONE',  #8476 ) ;
#1521 = VECTOR ( 'NONE', #4677, 1000.000000000000000 ) ;
#1522 = LINE ( 'NONE', #2262, #2411 ) ;
#1523 =( LENGTH_UNIT ( ) NAMED_UNIT ( * ) SI_UNIT ( .MILLI., .METRE. ) );
#1524 = DIRECTION ( 'NONE',  ( -1.000000000000000000, -0.000000000000000000, -0.000000000000000000 ) ) ;
#1525 = ORIENTED_EDGE ( 'NONE', *, *, #3086, .T. ) ;
#1526 =( BOUNDED_CURVE ( )  B_SPLINE_CURVE ( 3, ( #1158, #3247, #4631, #8828 ),
 .UNSPECIFIED., .F., .F. ) 
 B_SPLINE_CURVE_WITH_KNOTS ( ( 4, 4 ),
 ( 3.141592653589793560, 3.926990816987244504 ),
 .UNSPECIFIED. ) 
 CURVE ( )  GEOMETRIC_REPRESENTATION_ITEM ( )  RATIONAL_B_SPLINE_CURVE ( ( 1.000000000000000000, 0.9492530216741907889, 0.9492530216741907889, 1.000000000000000000 ) ) 
 REPRESENTATION_ITEM ( '' )  );
#1527 = SURFACE_STYLE_FILL_AREA ( #8504 ) ;
#1528 = CARTESIAN_POINT ( 'NONE',  ( -0.2010872110020788806, -0.2010872110020796577, 8.584387938363944315 ) ) ;
#1529 = PLANE ( 'NONE',  #6876 ) ;
#1530 = CARTESIAN_POINT ( 'NONE',  ( -1.269999999999999574, -0.9999999999999988898, 2.350000000000000089 ) ) ;
#1531 = EDGE_CURVE ( 'NONE', #8151, #1310, #6229, .T. ) ;
#1532 = VECTOR ( 'NONE', #6916, 1000.000000000000000 ) ;
#1533 = VECTOR ( 'NONE', #7045, 1000.000000000000000 ) ;
#1534 = PRESENTATION_STYLE_ASSIGNMENT (( #5770 ) ) ;
#1535 = CARTESIAN_POINT ( 'NONE',  ( 5.129999999999987459, 3.270000000000000462, -0.6199999999999992184 ) ) ;
#1536 = SURFACE_STYLE_USAGE ( .BOTH. , #4366 ) ;
#1537 = LINE ( 'NONE', #3796, #6498 ) ;
#1538 = UNCERTAINTY_MEASURE_WITH_UNIT (LENGTH_MEASURE( 1.000000000000000082E-05 ), #9026, 'distance_accuracy_value', 'NONE');
#1539 = VECTOR ( 'NONE', #3353, 1000.000000000000000 ) ;
#1540 =( NAMED_UNIT ( * ) PLANE_ANGLE_UNIT ( ) SI_UNIT ( $, .RADIAN. ) );
#1541 = COLOUR_RGB ( '',0.9686274509803921573, 0.8784313725490195957, 0.5999999999999999778 ) ;
#1542 = ORIENTED_EDGE ( 'NONE', *, *, #7721, .T. ) ;
#1543 = ORIENTED_EDGE ( 'NONE', *, *, #7989, .T. ) ;
#1544 = AXIS2_PLACEMENT_3D ( 'NONE', #9, #2827, #8925 ) ;
#1545 = DIRECTION ( 'NONE',  ( 1.000000000000000000, 0.000000000000000000, 0.000000000000000000 ) ) ;
#1546 = COLOUR_RGB ( '',0.9686274509803921573, 0.8784313725490195957, 0.5999999999999999778 ) ;
#1547 = PRESENTATION_STYLE_ASSIGNMENT (( #2242 ) ) ;
#1548 = ADVANCED_FACE ( 'NONE', ( #667 ), #9024, .F. ) ;
#1550 = VERTEX_POINT ( 'NONE', #2744 ) ;
#1549 = ORIENTED_EDGE ( 'NONE', *, *, #5655, .T. ) ;
#1551 = CARTESIAN_POINT ( 'NONE',  ( -0.2019392674056429970, -1.250000000000000888, 1.377127937580157946 ) ) ;
#1552 = STYLED_ITEM ( 'NONE', ( #3463 ), #5075 ) ;
#1553 = DIRECTION ( 'NONE',  ( -0.000000000000000000, 1.000000000000000000, 5.078189165123089681E-17 ) ) ;
#1554 = ORIENTED_EDGE ( 'NONE', *, *, #563, .T. ) ;
#1555 = CARTESIAN_POINT ( 'NONE',  ( -0.2247191242266799172, -1.249999999999998668, 1.408007062060587344 ) ) ;
#1556 =( NAMED_UNIT ( * ) PLANE_ANGLE_UNIT ( ) SI_UNIT ( $, .RADIAN. ) );
#1557 = DIRECTION ( 'NONE',  ( -0.7071067811865469066, 0.7071067811865482389, 0.000000000000000000 ) ) ;
#1559 = ORIENTED_EDGE ( 'NONE', *, *, #5206, .T. ) ;
#1558 = ORIENTED_EDGE ( 'NONE', *, *, #2002, .T. ) ;
#1560 = CARTESIAN_POINT ( 'NONE',  ( 4.760000000000000675, 2.266799289467859246, 7.909999999999988596 ) ) ;
#1561 = ORIENTED_EDGE ( 'NONE', *, *, #1073, .F. ) ;
#1562 = FILL_AREA_STYLE_COLOUR ( '', #8029 ) ;
#1563 = EDGE_CURVE ( 'NONE', #2352, #2109, #8738, .T. ) ;
#1564 = CARTESIAN_POINT ( 'NONE',  ( 5.369092094937435888, -0.3134175730544430660, 7.947330798265291207 ) ) ;
#1565 = DIRECTION ( 'NONE',  ( 8.470329472543003391E-17, -1.000000000000000000, 0.000000000000000000 ) ) ;
#1566 = EDGE_CURVE ( 'NONE', #207, #6654, #1537, .T. ) ;
#1567 = CARTESIAN_POINT ( 'NONE',  ( 1.269999999999999796, 3.499999999999998224, 0.5999999999999998668 ) ) ;
#1568 = PRESENTATION_STYLE_ASSIGNMENT (( #8407 ) ) ;
#1569 =( LENGTH_UNIT ( ) NAMED_UNIT ( * ) SI_UNIT ( .MILLI., .METRE. ) );
#1570 = PRESENTATION_STYLE_ASSIGNMENT (( #7845 ) ) ;
#1571 = ORIENTED_EDGE ( 'NONE', *, *, #140, .T. ) ;
#1572 =( LENGTH_UNIT ( ) NAMED_UNIT ( * ) SI_UNIT ( .MILLI., .METRE. ) );
#1573 = CARTESIAN_POINT ( 'NONE',  ( -0.2071507323465823225, -0.2071507323465826000, -3.000000000000000000 ) ) ;
#1574 = DIRECTION ( 'NONE',  ( -0.000000000000000000, 1.000000000000000000, 0.000000000000000000 ) ) ;
#1575 = PLANE ( 'NONE',  #5743 ) ;
#1576 = CARTESIAN_POINT ( 'NONE',  ( 4.778745166004060962, -0.3012548339959393862, -2.466309119164536767 ) ) ;
#1577 = AXIS2_PLACEMENT_3D ( 'NONE', #1762, #4022, #3192 ) ;
#1578 = PLANE ( 'NONE',  #1591 ) ;
#1579 = CARTESIAN_POINT ( 'NONE',  ( 4.760000000000000675, 2.795999999999999375, 7.909999999999988596 ) ) ;
#1580 =( BOUNDED_CURVE ( )  B_SPLINE_CURVE ( 3, ( #6601, #5006, #4288, #1460 ),
 .UNSPECIFIED., .F., .F. ) 
 B_SPLINE_CURVE_WITH_KNOTS ( ( 4, 4 ),
 ( 5.497787143782138841, 6.283185307179586232 ),
 .UNSPECIFIED. ) 
 CURVE ( )  GEOMETRIC_REPRESENTATION_ITEM ( )  RATIONAL_B_SPLINE_CURVE ( ( 1.000000000000000000, 0.9492530216741912330, 0.9492530216741912330, 1.000000000000000000 ) ) 
 REPRESENTATION_ITEM ( '' )  );
#1581 = CARTESIAN_POINT ( 'NONE',  ( -0.3199999999999999512, 2.859999999999999876, -2.359999999999988773 ) ) ;
#1582 = LINE ( 'NONE', #8648, #4848 ) ;
#1583 = CARTESIAN_POINT ( 'NONE',  ( 4.760000000000000675, 0.3199999999999993405, 7.909999999999988596 ) ) ;
#1584 = CARTESIAN_POINT ( 'NONE',  ( 4.760000000000000675, 0.3199999999999993405, 8.550000000000000711 ) ) ;
#1585 = VERTEX_POINT ( 'NONE', #5911 ) ;
#1586 = PLANE ( 'NONE',  #3689 ) ;
#1587 = VECTOR ( 'NONE', #4641, 1000.000000000000000 ) ;
#1588 = CARTESIAN_POINT ( 'NONE',  ( 0.2606148726662800841, -1.149999999999999023, 1.749334043854659404 ) ) ;
#1589 = CARTESIAN_POINT ( 'NONE',  ( 6.100000000000001421, -0.9999999999999978906, 2.500000000000000000 ) ) ;
#1590 = COLOUR_RGB ( '',0.9686274509803921573, 0.8784313725490195957, 0.5999999999999999778 ) ;
#1591 = AXIS2_PLACEMENT_3D ( 'NONE', #189, #842, #100 ) ;
#1593 = VERTEX_POINT ( 'NONE', #8604 ) ;
#1592 = ORIENTED_EDGE ( 'NONE', *, *, #8586, .T. ) ;
#1594 = DIRECTION ( 'NONE',  ( -1.000000000000000000, 0.000000000000000000, 0.000000000000000000 ) ) ;
#1595 = SURFACE_STYLE_FILL_AREA ( #1501 ) ;
#1596 = ORIENTED_EDGE ( 'NONE', *, *, #3999, .T. ) ;
#1597 = MECHANICAL_DESIGN_GEOMETRIC_PRESENTATION_REPRESENTATION (  '', ( #8346 ), #4415 ) ;
#1598 = VECTOR ( 'NONE', #3276, 1000.000000000000000 ) ;
#1599 = EDGE_CURVE ( 'NONE', #6642, #1723, #5032, .T. ) ;
#1600 = CARTESIAN_POINT ( 'NONE',  ( -0.2071507323465818784, -0.3200000000000007283, 8.550000000000000711 ) ) ;
#1601 = CARTESIAN_POINT ( 'NONE',  ( 2.747150732346582469, -0.2071507323465826000, -3.000000000000000000 ) ) ;
#1603 = ORIENTED_EDGE ( 'NONE', *, *, #1656, .T. ) ;
#1602 = ORIENTED_EDGE ( 'NONE', *, *, #7377, .F. ) ;
#1604 = UNCERTAINTY_MEASURE_WITH_UNIT (LENGTH_MEASURE( 1.000000000000000082E-05 ), #405, 'distance_accuracy_value', 'NONE');
#1605 = STYLED_ITEM ( 'NONE', ( #7659 ), #8564 ) ;
#1606 = FACE_OUTER_BOUND ( 'NONE', #9074, .T. ) ;
#1607 = FACE_OUTER_BOUND ( 'NONE', #5927, .T. ) ;
#1608 = VERTEX_POINT ( 'NONE', #6636 ) ;
#1609 = PLANE ( 'NONE',  #7302 ) ;
#1610 = SURFACE_STYLE_USAGE ( .BOTH. , #7885 ) ;
#1611 = EDGE_CURVE ( 'NONE', #460, #2623, #2312, .T. ) ;
#1612 = STYLED_ITEM ( 'NONE', ( #4432 ), #8944 ) ;
#1613 = PLANE ( 'NONE',  #5860 ) ;
#1614 = ADVANCED_FACE ( 'NONE', ( #1674 ), #5123, .F. ) ;
#1615 = PLANE ( 'NONE',  #1834 ) ;
#1616 = DIRECTION ( 'NONE',  ( -0.7071067811865434649, 0.000000000000000000, 0.7071067811865516806 ) ) ;
#1617 = DIRECTION ( 'NONE',  ( 0.000000000000000000, -1.000000000000000000, 0.000000000000000000 ) ) ;
#1619 = ORIENTED_EDGE ( 'NONE', *, *, #3801, .T. ) ;
#1618 = ORIENTED_EDGE ( 'NONE', *, *, #1225, .T. ) ;
#1620 = DIRECTION ( 'NONE',  ( -6.842277657836020854E-49, 5.078189165123089681E-17, -1.000000000000000000 ) ) ;
#1621 = CARTESIAN_POINT ( 'NONE',  ( 0.2708727427766667861, -1.150000000000004352, 0.8370379506946694637 ) ) ;
#1622 =( NAMED_UNIT ( * ) PLANE_ANGLE_UNIT ( ) SI_UNIT ( $, .RADIAN. ) );
#1623 = FILL_AREA_STYLE_COLOUR ( '', #2933 ) ;
#1624 = MECHANICAL_DESIGN_GEOMETRIC_PRESENTATION_REPRESENTATION (  '', ( #4135 ), #741 ) ;
#1625 = CARTESIAN_POINT ( 'NONE',  ( 0.3012548339959392751, 0.3012548339959391086, -2.466309119164536767 ) ) ;
#1626 = FILL_AREA_STYLE ('',( #5078 ) ) ;
#1627 = CARTESIAN_POINT ( 'NONE',  ( -0.1565682309120653704, -1.210017572091665494, 0.7554475863476720621 ) ) ;
#1628 = DIRECTION ( 'NONE',  ( -0.000000000000000000, -0.000000000000000000, -1.000000000000000000 ) ) ;
#1629 = UNCERTAINTY_MEASURE_WITH_UNIT (LENGTH_MEASURE( 1.000000000000000082E-05 ), #9039, 'distance_accuracy_value', 'NONE');
#1630 = LINE ( 'NONE', #2881, #8135 ) ;
#1631 = CARTESIAN_POINT ( 'NONE',  ( 0.000000000000000000, -7.409113134841486521E-16, 8.550000000000000711 ) ) ;
#1632 = ORIENTED_EDGE ( 'NONE', *, *, #5920, .F. ) ;
#1633 = VECTOR ( 'NONE', #2803, 1000.000000000000000 ) ;
#1634 = EDGE_CURVE ( 'NONE', #257, #8662, #7815, .T. ) ;
#1635 = ORIENTED_EDGE ( 'NONE', *, *, #6272, .T. ) ;
#1636 = CARTESIAN_POINT ( 'NONE',  ( -0.1566949385773144798, -1.200014643514623947, 1.788193181909862428 ) ) ;
#1637 = SURFACE_SIDE_STYLE ('',( #2886 ) ) ;
#1638 = STYLED_ITEM ( 'NONE', ( #255 ), #1186 ) ;
#1639 = SURFACE_STYLE_FILL_AREA ( #3723 ) ;
#1641 = EDGE_LOOP ( 'NONE', ( #106, #1356, #6031, #6354, #1915, #7349 ) ) ;
#1640 = ORIENTED_EDGE ( 'NONE', *, *, #1258, .F. ) ;
#1642 = CARTESIAN_POINT ( 'NONE',  ( 0.3200000000000001177, 2.283999999999999364, 7.909999999999988596 ) ) ;
#1643 = ORIENTED_EDGE ( 'NONE', *, *, #3541, .T. ) ;
#1644 = EDGE_CURVE ( 'NONE', #733, #2861, #3714, .T. ) ;
#1645 = CARTESIAN_POINT ( 'NONE',  ( -0.2213400359742180024, -1.249999999999999112, 1.401401803917047051 ) ) ;
#1646 = DIRECTION ( 'NONE',  ( 8.470329472543003391E-17, -1.000000000000000000, 0.000000000000000000 ) ) ;
#1647 = LINE ( 'NONE', #4516, #2635 ) ;
#1648 = VECTOR ( 'NONE', #6823, 1000.000000000000000 ) ;
#1650 = VERTEX_POINT ( 'NONE', #1722 ) ;
#1649 = ORIENTED_EDGE ( 'NONE', *, *, #2839, .T. ) ;
#1651 = CARTESIAN_POINT ( 'NONE',  ( 0.2344989567605764436, -1.250000000000014655, 0.8383569884989855447 ) ) ;
#1652 = CARTESIAN_POINT ( 'NONE',  ( -0.1560617469879519714, -1.250000000000000888, 1.770000000000000018 ) ) ;
#1653 = ORIENTED_EDGE ( 'NONE', *, *, #205, .T. ) ;
#1654 = SURFACE_SIDE_STYLE ('',( #5666 ) ) ;
#1655 = FILL_AREA_STYLE ('',( #2345 ) ) ;
#1656 = EDGE_CURVE ( 'NONE', #3590, #8927, #7143, .T. ) ;
#1657 = CARTESIAN_POINT ( 'NONE',  ( 0.2531382706299649121, -1.200000000328294902, 1.692834721091164951 ) ) ;
#1658 = PLANE ( 'NONE',  #6579 ) ;
#1659 = CARTESIAN_POINT ( 'NONE',  ( -0.2071507323465819339, 2.747150732346581581, 8.550000000000000711 ) ) ;
#1660 = EDGE_CURVE ( 'NONE', #5186, #5098, #6500, .T. ) ;
#1661 = CARTESIAN_POINT ( 'NONE',  ( 2.284000000000000252, 2.219999999999999307, 8.550000000000000711 ) ) ;
#1663 = ORIENTED_EDGE ( 'NONE', *, *, #8482, .T. ) ;
#1662 = VERTEX_POINT ( 'NONE', #3670 ) ;
#1664 = CARTESIAN_POINT ( 'NONE',  ( 2.220000000000001084, -0.2732007105321407892, 7.909999999999990372 ) ) ;
#1665 = DIRECTION ( 'NONE',  ( -0.1710878697460330722, -0.1710878697460330722, -0.9702875252478149193 ) ) ;
#1666 = AXIS2_PLACEMENT_3D ( 'NONE', #5430, #6118, #3135 ) ;
#1667 = LINE ( 'NONE', #3710, #1130 ) ;
#1668 = ADVANCED_FACE ( 'NONE', ( #3758 ), #5213, .F. ) ;
#1669 =( NAMED_UNIT ( * ) SI_UNIT ( $, .STERADIAN. ) SOLID_ANGLE_UNIT ( ) );
#1670 = CARTESIAN_POINT ( 'NONE',  ( 2.860000000000000320, 0.2559999999999999498, -2.359999999999988773 ) ) ;
#1671 = DIRECTION ( 'NONE',  ( 0.000000000000000000, -0.9396926207859082059, 0.3420201433256694901 ) ) ;
#1672 = FACE_OUTER_BOUND ( 'NONE', #581, .T. ) ;
#1673 = FILL_AREA_STYLE_COLOUR ( '', #265 ) ;
#1674 = FACE_OUTER_BOUND ( 'NONE', #3367, .T. ) ;
#1675 = ORIENTED_EDGE ( 'NONE', *, *, #5204, .F. ) ;
#1676 = FACE_OUTER_BOUND ( 'NONE', #4529, .T. ) ;
#1677 = ORIENTED_EDGE ( 'NONE', *, *, #3687, .F. ) ;
#1678 = AXIS2_PLACEMENT_3D ( 'NONE', #4979, #5019, #3560 ) ;
#1679 = AXIS2_PLACEMENT_3D ( 'NONE', #7415, #475, #3203 ) ;
#1680 = EDGE_LOOP ( 'NONE', ( #8570, #5247, #3633, #3912, #6760, #8537 ) ) ;
#1681 = ADVANCED_FACE ( 'NONE', ( #6457 ), #4411, .T. ) ;
#1682 = CARTESIAN_POINT ( 'NONE',  ( -0.3012548339959391086, 2.841254833995938700, 8.016309119164535701 ) ) ;
#1683 = VECTOR ( 'NONE', #5683, 999.9999999999998863 ) ;
#1684 = VECTOR ( 'NONE', #1009, 1000.000000000000000 ) ;
#1685 = CARTESIAN_POINT ( 'NONE',  ( 2.283999999999999808, 2.860000000000000320, -2.359999999999988773 ) ) ;
#1686 = ADVANCED_FACE ( 'NONE', ( #5169 ), #4540, .F. ) ;
#1687 = PLANE ( 'NONE',  #8275 ) ;
#1689 = VERTEX_POINT ( 'NONE', #7270 ) ;
#1688 = ORIENTED_EDGE ( 'NONE', *, *, #5235, .F. ) ;
#1690 = CARTESIAN_POINT ( 'NONE',  ( 0.3012548339959391641, -0.3012548339959392751, -2.466309119164537655 ) ) ;
#1691 = ORIENTED_EDGE ( 'NONE', *, *, #6290, .T. ) ;
#1692 = AXIS2_PLACEMENT_3D ( 'NONE', #3707, #1620, #5765 ) ;
#1693 = VECTOR ( 'NONE', #6335, 1000.000000000000000 ) ;
#1694 = PLANE ( 'NONE',  #9063 ) ;
#1695 = AXIS2_PLACEMENT_3D ( 'NONE', #8583, #1410, #7033 ) ;
#1696 = COLOUR_RGB ( '',1.000000000000000000, 0.8431372549019607865, 0.000000000000000000 ) ;
#1698 = ORIENTED_EDGE ( 'NONE', *, *, #2799, .T. ) ;
#1697 = ORIENTED_EDGE ( 'NONE', *, *, #7877, .T. ) ;
#1699 = UNCERTAINTY_MEASURE_WITH_UNIT (LENGTH_MEASURE( 1.000000000000000082E-05 ), #3398, 'distance_accuracy_value', 'NONE');
#1700 = EDGE_CURVE ( 'NONE', #7754, #4578, #971, .T. ) ;
#1701 = CARTESIAN_POINT ( 'NONE',  ( -0.7700000000000004619, 3.749999999999999112, 0.000000000000000000 ) ) ;
#1702 = CARTESIAN_POINT ( 'NONE',  ( 0.2713367824627647695, -1.149999999999999689, 1.420349964525186914 ) ) ;
#1703 = ORIENTED_EDGE ( 'NONE', *, *, #6183, .F. ) ;
#1704 = DIRECTION ( 'NONE',  ( 1.000000000000000000, 0.000000000000000000, 0.000000000000000000 ) ) ;
#1705 = CARTESIAN_POINT ( 'NONE',  ( -0.1585990556424800579, -1.150000000000000355, 0.7336915246931301482 ) ) ;
#1706 = CARTESIAN_POINT ( 'NONE',  ( 3.910000000000001918, 3.270000000000000462, 0.6000000000000000888 ) ) ;
#1707 = CARTESIAN_POINT ( 'NONE',  ( 4.823999999999999844, -0.2560000000000007270, 8.550000000000000711 ) ) ;
#1709 = ORIENTED_EDGE ( 'NONE', *, *, #3972, .T. ) ;
#1708 = ORIENTED_EDGE ( 'NONE', *, *, #2372, .F. ) ;
#1710 = CARTESIAN_POINT ( 'NONE',  ( 1.270000000000000462, -0.9999999999999978906, 2.500000000000000000 ) ) ;
#1711 = CARTESIAN_POINT ( 'NONE',  ( -0.2713367824627651581, -1.150000000000000133, 1.270000000000000018 ) ) ;
#1712 =( NAMED_UNIT ( * ) SI_UNIT ( $, .STERADIAN. ) SOLID_ANGLE_UNIT ( ) );
#1713 = FACE_OUTER_BOUND ( 'NONE', #3107, .T. ) ;
#1714 =( BOUNDED_CURVE ( )  B_SPLINE_CURVE ( 3, ( #3741, #5107, #4604, #1878 ),
 .UNSPECIFIED., .F., .F. ) 
 B_SPLINE_CURVE_WITH_KNOTS ( ( 4, 4 ),
 ( 3.141592653589793116, 3.926990816987242727 ),
 .UNSPECIFIED. ) 
 CURVE ( )  GEOMETRIC_REPRESENTATION_ITEM ( )  RATIONAL_B_SPLINE_CURVE ( ( 1.000000000000000000, 0.9492530216741910110, 0.9492530216741910110, 1.000000000000000000 ) ) 
 REPRESENTATION_ITEM ( '' )  );
#1715 = DIRECTION ( 'NONE',  ( 1.000000000000000000, 0.000000000000000000, 0.000000000000000000 ) ) ;
#1716 = EDGE_CURVE ( 'NONE', #7008, #7417, #7994, .T. ) ;
#1717 = CARTESIAN_POINT ( 'NONE',  ( 1.019999999999999796, -0.7700000000000002398, 0.000000000000000000 ) ) ;
#1718 = EDGE_CURVE ( 'NONE', #5789, #3746, #7315, .T. ) ;
#1719 = SURFACE_STYLE_FILL_AREA ( #4146 ) ;
#1720 = FACE_OUTER_BOUND ( 'NONE', #1680, .T. ) ;
#1721 = CARTESIAN_POINT ( 'NONE',  ( 0.1855341649809205129, -1.129999999999999449, 1.811311901614275355 ) ) ;
#1722 = CARTESIAN_POINT ( 'NONE',  ( 4.060000000000000497, -0.7700000000000002398, 0.4500000000000001221 ) ) ;
#1723 = VERTEX_POINT ( 'NONE', #2273 ) ;
#1724 = DIRECTION ( 'NONE',  ( 4.224164308385081333E-16, -1.000000000000000000, 0.000000000000000000 ) ) ;
#1725 = CARTESIAN_POINT ( 'NONE',  ( 0.07269664355964425284, -1.201466354771834943, 1.607756884523499963 ) ) ;
#1726 = VERTEX_POINT ( 'NONE', #7855 ) ;
#1727 = ORIENTED_EDGE ( 'NONE', *, *, #4340, .F. ) ;
#1728 = EDGE_CURVE ( 'NONE', #5366, #2293, #6224, .T. ) ;
#1729 = VECTOR ( 'NONE', #4046, 1000.000000000000000 ) ;
#1730 = CARTESIAN_POINT ( 'NONE',  ( -0.1568216416384762280, -1.190011714886052285, 1.791833950186151547 ) ) ;
#1731 = EDGE_CURVE ( 'NONE', #3557, #1775, #2549, .T. ) ;
#1732 = CARTESIAN_POINT ( 'NONE',  ( 6.349999999999999645, 3.499999999999998224, 0.5999999999999998668 ) ) ;
#1733 = CARTESIAN_POINT ( 'NONE',  ( 0.2299185854234832849, -1.150000000000000355, 1.205590591973311199 ) ) ;
#1734 = LINE ( 'NONE', #342, #3459 ) ;
#1735 = CARTESIAN_POINT ( 'NONE',  ( 2.853417573054442435, 2.250907905062563774, -2.397330798265291829 ) ) ;
#1737 = ORIENTED_EDGE ( 'NONE', *, *, #7364, .T. ) ;
#1736 = VERTEX_POINT ( 'NONE', #1110 ) ;
#1738 = LINE ( 'NONE', #6697, #2465 ) ;
#1739 = EDGE_LOOP ( 'NONE', ( #2375, #258, #5915, #2817, #1543, #8957 ) ) ;
#1740 = EDGE_CURVE ( 'NONE', #461, #2383, #377, .T. ) ;
#1741 = CARTESIAN_POINT ( 'NONE',  ( 4.823999999999999844, 2.860000000000000320, -2.359999999999988773 ) ) ;
#1742 = VECTOR ( 'NONE', #8951, 999.9999999999998863 ) ;
#1743 =( GEOMETRIC_REPRESENTATION_CONTEXT ( 3 ) GLOBAL_UNCERTAINTY_ASSIGNED_CONTEXT ( ( #2255 ) ) GLOBAL_UNIT_ASSIGNED_CONTEXT ( ( #4159, #468, #6083 ) ) REPRESENTATION_CONTEXT ( 'NONE', 'WORKASPACE' ) );
#1744 =( NAMED_UNIT ( * ) PLANE_ANGLE_UNIT ( ) SI_UNIT ( $, .RADIAN. ) );
#1745 = FILL_AREA_STYLE_COLOUR ( '', #3377 ) ;
#1747 = ORIENTED_EDGE ( 'NONE', *, *, #5717, .F. ) ;
#1746 = VERTEX_POINT ( 'NONE', #5350 ) ;
#1748 = SURFACE_STYLE_USAGE ( .BOTH. , #8720 ) ;
#1749 = ORIENTED_EDGE ( 'NONE', *, *, #5037, .F. ) ;
#1750 = VECTOR ( 'NONE', #1545, 1000.000000000000000 ) ;
#1751 = VECTOR ( 'NONE', #8859, 1000.000000000000000 ) ;
#1752 = EDGE_CURVE ( 'NONE', #7359, #75, #1831, .T. ) ;
#1753 =( GEOMETRIC_REPRESENTATION_CONTEXT ( 3 ) GLOBAL_UNCERTAINTY_ASSIGNED_CONTEXT ( ( #7205 ) ) GLOBAL_UNIT_ASSIGNED_CONTEXT ( ( #573, #6139, #9019 ) ) REPRESENTATION_CONTEXT ( 'NONE', 'WORKASPACE' ) );
#1754 = CARTESIAN_POINT ( 'NONE',  ( -0.2708727427766621787, -1.150000000000000355, 0.8370379506946695747 ) ) ;
#1755 = AXIS2_PLACEMENT_3D ( 'NONE', #1969, #497, #3956 ) ;
#1756 = DIRECTION ( 'NONE',  ( 1.445602896647340396E-16, -1.000000000000000000, 0.000000000000000000 ) ) ;
#1757 = CARTESIAN_POINT ( 'NONE',  ( -0.3199999999999998956, 2.283999999999999364, 7.909999999999988596 ) ) ;
#1758 = CARTESIAN_POINT ( 'NONE',  ( 2.283999999999999808, 0.2559999999999993392, 8.550000000000000711 ) ) ;
#1760 = ORIENTED_EDGE ( 'NONE', *, *, #2774, .F. ) ;
#1759 = EDGE_LOOP ( 'NONE', ( #6476, #3588, #8983, #7823 ) ) ;
#1761 = DIRECTION ( 'NONE',  ( 8.470329472543003391E-17, -1.000000000000000000, 0.000000000000000000 ) ) ;
#1762 = CARTESIAN_POINT ( 'NONE',  ( 2.860000000000000320, 0.3199999999999993405, -2.359999999999988773 ) ) ;
#1763 = CARTESIAN_POINT ( 'NONE',  ( 0.3012548339959391641, 2.238745166004060483, -2.466309119164537655 ) ) ;
#1764 = VECTOR ( 'NONE', #5642, 1000.000000000000000 ) ;
#1765 = VECTOR ( 'NONE', #5697, 999.9999999999998863 ) ;
#1766 = EDGE_CURVE ( 'NONE', #2647, #7329, #6129, .T. ) ;
#1767 = FILL_AREA_STYLE ('',( #923 ) ) ;
#1768 = CARTESIAN_POINT ( 'NONE',  ( 0.09036144578313230757, -1.250000000000000000, 1.095301204819277396 ) ) ;
#1769 = CARTESIAN_POINT ( 'NONE',  ( 5.400000000000000355, 2.283999999999999808, -2.359999999999988773 ) ) ;
#1770 = DIRECTION ( 'NONE',  ( -0.7071067811865515695, -0.000000000000000000, -0.7071067811865435759 ) ) ;
#1771 = SURFACE_STYLE_USAGE ( .BOTH. , #6777 ) ;
#1772 = ORIENTED_EDGE ( 'NONE', *, *, #4891, .F. ) ;
#1773 = LINE ( 'NONE', #282, #7831 ) ;
#1774 =( NAMED_UNIT ( * ) PLANE_ANGLE_UNIT ( ) SI_UNIT ( $, .RADIAN. ) );
#1775 = VERTEX_POINT ( 'NONE', #1865 ) ;
#1776 =( BOUNDED_CURVE ( )  B_SPLINE_CURVE ( 3, ( #5117, #8597, #3789, #7942 ),
 .UNSPECIFIED., .F., .F. ) 
 B_SPLINE_CURVE_WITH_KNOTS ( ( 4, 4 ),
 ( 5.497787143782140618, 6.283185307179586232 ),
 .UNSPECIFIED. ) 
 CURVE ( )  GEOMETRIC_REPRESENTATION_ITEM ( )  RATIONAL_B_SPLINE_CURVE ( ( 1.000000000000000000, 0.9492530216741915661, 0.9492530216741915661, 1.000000000000000000 ) ) 
 REPRESENTATION_ITEM ( '' )  );
#1777 = CARTESIAN_POINT ( 'NONE',  ( -0.1560617469879519992, -1.250000000000000000, 1.770000000000000240 ) ) ;
#1778 = CARTESIAN_POINT ( 'NONE',  ( 3.559999999999999609, 3.499999999999998224, 2.500000000000000888 ) ) ;
#1779 = CARTESIAN_POINT ( 'NONE',  ( -0.2071507323465823780, 2.747150732346582469, -3.000000000000000000 ) ) ;
#1780 = CARTESIAN_POINT ( 'NONE',  ( 4.872849267653418970, 2.332849267653417158, 8.550000000000000711 ) ) ;
#1781 = DIRECTION ( 'NONE',  ( -6.842277657836020854E-49, 5.078189165123089681E-17, -1.000000000000000000 ) ) ;
#1783 = EDGE_CURVE ( 'NONE', #3136, #594, #1526, .T. ) ;
#1782 = VECTOR ( 'NONE', #3239, 1000.000000000000000 ) ;
#1784 = ORIENTED_EDGE ( 'NONE', *, *, #6754, .T. ) ;
#1785 = FACE_OUTER_BOUND ( 'NONE', #8100, .T. ) ;
#1786 = ORIENTED_EDGE ( 'NONE', *, *, #8146, .F. ) ;
#1787 = ADVANCED_FACE ( 'NONE', ( #7410 ), #6730, .F. ) ;
#1788 = ADVANCED_FACE ( 'NONE', ( #8224 ), #8923, .T. ) ;
#1789 = SURFACE_SIDE_STYLE ('',( #6750 ) ) ;
#1790 = VECTOR ( 'NONE', #9072, 1000.000000000000000 ) ;
#1791 = CARTESIAN_POINT ( 'NONE',  ( 3.910000000000000142, 3.499999999999997780, 2.350000000000000089 ) ) ;
#1792 = DIRECTION ( 'NONE',  ( 8.470329472543003391E-17, -1.000000000000000000, 0.000000000000000000 ) ) ;
#1794 = ORIENTED_EDGE ( 'NONE', *, *, #6665, .T. ) ;
#1793 = ORIENTED_EDGE ( 'NONE', *, *, #1766, .F. ) ;
#1795 = UNCERTAINTY_MEASURE_WITH_UNIT (LENGTH_MEASURE( 1.000000000000000082E-05 ), #5827, 'distance_accuracy_value', 'NONE');
#1796 = CARTESIAN_POINT ( 'NONE',  ( 4.872849267653418082, 2.332849267653417158, -3.000000000000000000 ) ) ;
#1797 = LINE ( 'NONE', #7435, #6382 ) ;
#1798 = COLOUR_RGB ( '',0.9686274509803921573, 0.8784313725490195957, 0.5999999999999999778 ) ;
#1799 = ORIENTED_EDGE ( 'NONE', *, *, #7266, .F. ) ;
#1800 =( LENGTH_UNIT ( ) NAMED_UNIT ( * ) SI_UNIT ( .MILLI., .METRE. ) );
#1801 = MECHANICAL_DESIGN_GEOMETRIC_PRESENTATION_REPRESENTATION (  '', ( #4741 ), #7664 ) ;
#1802 = CARTESIAN_POINT ( 'NONE',  ( 4.060000000000000497, 3.499999999999997780, 2.500000000000000000 ) ) ;
#1803 = DIRECTION ( 'NONE',  ( 0.000000000000000000, 1.000000000000000000, 0.000000000000000000 ) ) ;
#1804 = ADVANCED_FACE ( 'NONE', ( #4760 ), #7546, .F. ) ;
#1806 = ORIENTED_EDGE ( 'NONE', *, *, #2063, .F. ) ;
#1805 = EDGE_LOOP ( 'NONE', ( #2435, #4738, #366, #6651, #6046 ) ) ;
#1807 = UNCERTAINTY_MEASURE_WITH_UNIT (LENGTH_MEASURE( 1.000000000000000082E-05 ), #2110, 'distance_accuracy_value', 'NONE');
#1808 = CARTESIAN_POINT ( 'NONE',  ( 2.220000000000000195, 2.283999999999999364, 8.550000000000000711 ) ) ;
#1809 = DIRECTION ( 'NONE',  ( -0.7071067811865435759, -0.000000000000000000, 0.7071067811865515695 ) ) ;
#1810 = VECTOR ( 'NONE', #2097, 1000.000000000000000 ) ;
#1811 = PLANE ( 'NONE',  #8488 ) ;
#1812 = DIRECTION ( 'NONE',  ( -6.842277657836020854E-49, 5.078189165123089681E-17, -1.000000000000000000 ) ) ;
#1813 = VECTOR ( 'NONE', #612, 1000.000000000000114 ) ;
#1814 = CARTESIAN_POINT ( 'NONE',  ( 0.2560000000000001719, 2.860000000000000320, -2.359999999999988773 ) ) ;
#1815 = EDGE_CURVE ( 'NONE', #1408, #2869, #7593, .T. ) ;
#1816 = ORIENTED_EDGE ( 'NONE', *, *, #1611, .F. ) ;
#1817 = UNCERTAINTY_MEASURE_WITH_UNIT (LENGTH_MEASURE( 1.000000000000000082E-05 ), #3594, 'distance_accuracy_value', 'NONE');
#1818 = CARTESIAN_POINT ( 'NONE',  ( 4.060000000000000497, 3.270000000000000462, 0.6000000000000000888 ) ) ;
#1819 = VERTEX_POINT ( 'NONE', #2173 ) ;
#1820 = EDGE_CURVE ( 'NONE', #7572, #7793, #2473, .T. ) ;
#1821 = PRESENTATION_STYLE_ASSIGNMENT (( #382 ) ) ;
#1822 = AXIS2_PLACEMENT_3D ( 'NONE', #3164, #8536, #6650 ) ;
#1823 = FILL_AREA_STYLE_COLOUR ( '', #1590 ) ;
#1824 = CARTESIAN_POINT ( 'NONE',  ( 0.2418884956655206753, -1.230908503017051903, 1.100182544664074280 ) ) ;
#1825 = CARTESIAN_POINT ( 'NONE',  ( -0.2221105522436119806, -1.250000000000001776, 0.7980297930901494308 ) ) ;
#1826 = SURFACE_STYLE_USAGE ( .BOTH. , #8145 ) ;
#1827 =( LENGTH_UNIT ( ) NAMED_UNIT ( * ) SI_UNIT ( .MILLI., .METRE. ) );
#1828 = CARTESIAN_POINT ( 'NONE',  ( 0.7699999999999996847, 3.749999999999999112, 0.000000000000000000 ) ) ;
#1829 = COLOUR_RGB ( '',0.9686274509803921573, 0.8784313725490195957, 0.5999999999999999778 ) ;
#1830 = VERTEX_POINT ( 'NONE', #8453 ) ;
#1831 =( BOUNDED_CURVE ( )  B_SPLINE_CURVE ( 3, ( #8132, #1243, #3293, #7454 ),
 .UNSPECIFIED., .F., .F. ) 
 B_SPLINE_CURVE_WITH_KNOTS ( ( 4, 4 ),
 ( 0.000000000000000000, 0.7853981633974425058 ),
 .UNSPECIFIED. ) 
 CURVE ( )  GEOMETRIC_REPRESENTATION_ITEM ( )  RATIONAL_B_SPLINE_CURVE ( ( 1.000000000000000000, 0.9492530216741918991, 0.9492530216741918991, 1.000000000000000000 ) ) 
 REPRESENTATION_ITEM ( '' )  );
#1832 = SURFACE_SIDE_STYLE ('',( #4211 ) ) ;
#1833 = ORIENTED_EDGE ( 'NONE', *, *, #7267, .T. ) ;
#1834 = AXIS2_PLACEMENT_3D ( 'NONE', #2822, #2998, #1418 ) ;
#1835 = CARTESIAN_POINT ( 'NONE',  ( 4.806799289467860170, 2.859999999999999432, -2.359999999999988773 ) ) ;
#1836 = VECTOR ( 'NONE', #6908, 1000.000000000000000 ) ;
#1837 = LINE ( 'NONE', #8153, #6165 ) ;
#1838 = PRESENTATION_STYLE_ASSIGNMENT (( #8291 ) ) ;
#1839 = SURFACE_SIDE_STYLE ('',( #6752 ) ) ;
#1840 = EDGE_CURVE ( 'NONE', #3902, #2724, #7722, .T. ) ;
#1841 = CARTESIAN_POINT ( 'NONE',  ( -0.3199999999999999512, 0.3199999999999993405, -2.359999999999988773 ) ) ;
#1843 = EDGE_LOOP ( 'NONE', ( #2056, #836, #8392, #5545, #4817, #1709 ) ) ;
#1842 = ORIENTED_EDGE ( 'NONE', *, *, #3307, .F. ) ;
#1844 = DIRECTION ( 'NONE',  ( -6.842277657836020854E-49, 5.078189165123089681E-17, -1.000000000000000000 ) ) ;
#1845 = PRESENTATION_LAYER_ASSIGNMENT (  '', '', ( #2720 ) ) ;
#1846 = CARTESIAN_POINT ( 'NONE',  ( -0.2781474999798798087, -1.130000000000002558, 1.703225856866197097 ) ) ;
#1847 = ORIENTED_EDGE ( 'NONE', *, *, #1149, .T. ) ;
#1848 = DIRECTION ( 'NONE',  ( 1.000000000000000000, 0.000000000000000000, -0.000000000000000000 ) ) ;
#1849 = STYLED_ITEM ( 'NONE', ( #1246 ), #4756 ) ;
#1850 = COLOUR_RGB ( '',0.9686274509803921573, 0.8784313725490195957, 0.5999999999999999778 ) ;
#1851 = CARTESIAN_POINT ( 'NONE',  ( 5.287150732346582949, -7.233649639496074251E-16, 8.550000000000000711 ) ) ;
#1852 = LINE ( 'NONE', #1706, #6231 ) ;
#1853 =( LENGTH_UNIT ( ) NAMED_UNIT ( * ) SI_UNIT ( .MILLI., .METRE. ) );
#1855 = ORIENTED_EDGE ( 'NONE', *, *, #5550, .F. ) ;
#1854 = ORIENTED_EDGE ( 'NONE', *, *, #6924, .T. ) ;
#1856 = CARTESIAN_POINT ( 'NONE',  ( 2.226582426945557636, -0.2890920949374364279, 7.947330798265292984 ) ) ;
#1857 = DIRECTION ( 'NONE',  ( 1.000000000000000000, 0.000000000000000000, 0.000000000000000000 ) ) ;
#1858 = ADVANCED_FACE ( 'NONE', ( #5579 ), #6, .F. ) ;
#1859 = DIRECTION ( 'NONE',  ( 0.000000000000000000, 0.3420201433256694901, 0.9396926207859082059 ) ) ;
#1860 = VECTOR ( 'NONE', #6719, 1000.000000000000000 ) ;
#1861 = CARTESIAN_POINT ( 'NONE',  ( -0.2890920949374357618, -0.3134175730544424554, -2.397330798265292717 ) ) ;
#1862 = EDGE_CURVE ( 'NONE', #1412, #2119, #3387, .T. ) ;
#1863 = LINE ( 'NONE', #4583, #3067 ) ;
#1864 = FILL_AREA_STYLE ('',( #2760 ) ) ;
#1865 = CARTESIAN_POINT ( 'NONE',  ( 1.020000000000000462, -0.9999999999999978906, 0.4500000000000020650 ) ) ;
#1866 = ORIENTED_EDGE ( 'NONE', *, *, #7775, .T. ) ;
#1867 = FACE_OUTER_BOUND ( 'NONE', #2936, .T. ) ;
#1868 = DIRECTION ( 'NONE',  ( -8.470329472543003391E-17, 1.000000000000000000, 0.000000000000000000 ) ) ;
#1869 = ORIENTED_EDGE ( 'NONE', *, *, #1815, .T. ) ;
#1870 = CARTESIAN_POINT ( 'NONE',  ( 0.05396442235651192215, -1.149999999999999911, 1.079840822973017644 ) ) ;
#1871 = DIRECTION ( 'NONE',  ( 8.470329472543003391E-17, -1.000000000000000000, 0.000000000000000000 ) ) ;
#1872 = CARTESIAN_POINT ( 'NONE',  ( -0.2344989567605756109, -1.250000000000001332, 0.8383569884989860999 ) ) ;
#1873 = DIRECTION ( 'NONE',  ( -0.4999999999999998890, 0.8660254037844385966, 0.000000000000000000 ) ) ;
#1874 = DIRECTION ( 'NONE',  ( 0.000000000000000000, 5.078189165123089681E-17, -1.000000000000000000 ) ) ;
#1875 = ORIENTED_EDGE ( 'NONE', *, *, #5992, .F. ) ;
#1876 = DIRECTION ( 'NONE',  ( 6.842277657836020854E-49, -5.078189165123089681E-17, 1.000000000000000000 ) ) ;
#1877 = VERTEX_POINT ( 'NONE', #7042 ) ;
#1878 = CARTESIAN_POINT ( 'NONE',  ( 2.238745166004060927, 2.238745166004060483, -2.466309119164536767 ) ) ;
#1879 = EDGE_CURVE ( 'NONE', #129, #308, #1475, .T. ) ;
#1880 = CARTESIAN_POINT ( 'NONE',  ( 5.080000000000000071, 0.000000000000000000, -3.000000000000000000 ) ) ;
#1881 = SURFACE_STYLE_FILL_AREA ( #2665 ) ;
#1882 = MECHANICAL_DESIGN_GEOMETRIC_PRESENTATION_REPRESENTATION (  '', ( #4233 ), #5402 ) ;
#1883 =( BOUNDED_CURVE ( )  B_SPLINE_CURVE ( 3, ( #4754, #416, #6040, #5343 ),
 .UNSPECIFIED., .F., .F. ) 
 B_SPLINE_CURVE_WITH_KNOTS ( ( 4, 4 ),
 ( 2.356194490192339508, 3.141592653589793116 ),
 .UNSPECIFIED. ) 
 CURVE ( )  GEOMETRIC_REPRESENTATION_ITEM ( )  RATIONAL_B_SPLINE_CURVE ( ( 1.000000000000000000, 0.9492530216741903448, 0.9492530216741903448, 1.000000000000000000 ) ) 
 REPRESENTATION_ITEM ( '' )  );
#1884 = DIRECTION ( 'NONE',  ( 6.842277657836020854E-49, -5.078189165123089681E-17, 1.000000000000000000 ) ) ;
#1886 = EDGE_LOOP ( 'NONE', ( #684, #7259, #3320, #1180, #241, #1784 ) ) ;
#1885 = EDGE_LOOP ( 'NONE', ( #5611, #4464, #8180, #2676 ) ) ;
#1887 = UNCERTAINTY_MEASURE_WITH_UNIT (LENGTH_MEASURE( 1.000000000000000082E-05 ), #7000, 'distance_accuracy_value', 'NONE');
#1888 = CARTESIAN_POINT ( 'NONE',  ( 0.1571002131738344354, -1.129999999999999227, 0.7262900176145008491 ) ) ;
#1889 = ORIENTED_EDGE ( 'NONE', *, *, #169, .F. ) ;
#1890 = CARTESIAN_POINT ( 'NONE',  ( -0.3199999999999998956, 2.283999999999999808, -2.359999999999988773 ) ) ;
#1891 = PRESENTATION_LAYER_ASSIGNMENT (  '', '', ( #8918 ) ) ;
#1892 = ADVANCED_FACE ( 'NONE', ( #2868 ), #8968, .F. ) ;
#1893 = COLOUR_RGB ( '',0.9686274509803921573, 0.8784313725490195957, 0.5999999999999999778 ) ;
#1894 = PLANE ( 'NONE',  #2488 ) ;
#1895 = CARTESIAN_POINT ( 'NONE',  ( 2.841254833995939588, 0.3012548339959391086, -2.466309119164536767 ) ) ;
#1896 = VECTOR ( 'NONE', #7862, 999.9999999999998863 ) ;
#1898 = ORIENTED_EDGE ( 'NONE', *, *, #4077, .T. ) ;
#1897 = ORIENTED_EDGE ( 'NONE', *, *, #3587, .T. ) ;
#1899 = COLOUR_RGB ( '',0.9686274509803921573, 0.8784313725490195957, 0.5999999999999999778 ) ;
#1900 = SURFACE_STYLE_FILL_AREA ( #2677 ) ;
#1901 = CARTESIAN_POINT ( 'NONE',  ( 2.540000000000000036, 3.270000000000000462, 0.000000000000000000 ) ) ;
#1902 = PLANE ( 'NONE',  #8766 ) ;
#1903 = CARTESIAN_POINT ( 'NONE',  ( -0.3199999999999999512, 0.2559999999999993392, 7.909999999999988596 ) ) ;
#1904 = EDGE_CURVE ( 'NONE', #5509, #733, #1287, .T. ) ;
#1905 = AXIS2_PLACEMENT_3D ( 'NONE', #4497, #8735, #8039 ) ;
#1906 =( GEOMETRIC_REPRESENTATION_CONTEXT ( 3 ) GLOBAL_UNCERTAINTY_ASSIGNED_CONTEXT ( ( #4388 ) ) GLOBAL_UNIT_ASSIGNED_CONTEXT ( ( #2073, #2251, #2761 ) ) REPRESENTATION_CONTEXT ( 'NONE', 'WORKASPACE' ) );
#1907 = CARTESIAN_POINT ( 'NONE',  ( 5.080000000000000071, 0.000000000000000000, 0.000000000000000000 ) ) ;
#1908 = LINE ( 'NONE', #6819, #5119 ) ;
#1909 = PLANE ( 'NONE',  #1678 ) ;
#1910 = SURFACE_STYLE_USAGE ( .BOTH. , #2595 ) ;
#1911 = FILL_AREA_STYLE_COLOUR ( '', #33 ) ;
#1912 = ORIENTED_EDGE ( 'NONE', *, *, #6584, .F. ) ;
#1913 = PLANE ( 'NONE',  #2563 ) ;
#1914 = AXIS2_PLACEMENT_3D ( 'NONE', #3954, #5371, #2523 ) ;
#1915 = ORIENTED_EDGE ( 'NONE', *, *, #2212, .T. ) ;
#1916 = PRESENTATION_LAYER_ASSIGNMENT (  '', '', ( #1163 ) ) ;
#1917 = PRESENTATION_LAYER_ASSIGNMENT (  '', '', ( #8204 ) ) ;
#1918 = CARTESIAN_POINT ( 'NONE',  ( -0.1560617469879519714, -1.250000000000001332, 0.7700000000000005729 ) ) ;
#1919 = LINE ( 'NONE', #7604, #494 ) ;
#1920 = EDGE_CURVE ( 'NONE', #6392, #4053, #5158, .T. ) ;
#1921 = VERTEX_POINT ( 'NONE', #7175 ) ;
#1922 = CARTESIAN_POINT ( 'NONE',  ( -0.2560000000000000053, 0.3199999999999993405, 8.550000000000000711 ) ) ;
#1923 = CLOSED_SHELL ( 'NONE', ( #2331, #1804, #3422, #8562, #1404, #5075, #1357, #7040, #1457, #8777, #6106, #8944, #6973, #301, #4836, #1322, #7496, #318 ) ) ;
#1924 = ORIENTED_EDGE ( 'NONE', *, *, #7437, .F. ) ;
#1925 = SURFACE_STYLE_USAGE ( .BOTH. , #8242 ) ;
#1926 = AXIS2_PLACEMENT_3D ( 'NONE', #7642, #1291, #704 ) ;
#1927 =( LENGTH_UNIT ( ) NAMED_UNIT ( * ) SI_UNIT ( .MILLI., .METRE. ) );
#1929 = ORIENTED_EDGE ( 'NONE', *, *, #3051, .F. ) ;
#1928 = ORIENTED_EDGE ( 'NONE', *, *, #7267, .F. ) ;
#1930 = SURFACE_STYLE_FILL_AREA ( #8296 ) ;
#1931 = DIRECTION ( 'NONE',  ( -1.000000000000000000, 0.000000000000000000, 0.000000000000000000 ) ) ;
#1932 = ORIENTED_EDGE ( 'NONE', *, *, #7347, .T. ) ;
#1933 = EDGE_CURVE ( 'NONE', #4698, #2076, #883, .T. ) ;
#1934 = MECHANICAL_DESIGN_GEOMETRIC_PRESENTATION_REPRESENTATION (  '', ( #3996 ), #5309 ) ;
#1935 = CARTESIAN_POINT ( 'NONE',  ( 4.823999999999999844, 2.219999999999999307, 8.550000000000000711 ) ) ;
#1936 = CARTESIAN_POINT ( 'NONE',  ( -0.2080248574915261051, -1.231252813118717926, 1.373679649092328647 ) ) ;
#1937 = AXIS2_PLACEMENT_3D ( 'NONE', #3622, #3794, #277 ) ;
#1938 = CARTESIAN_POINT ( 'NONE',  ( 1.520000000000000240, -0.7700000000000002398, 0.000000000000000000 ) ) ;
#1940 = ORIENTED_EDGE ( 'NONE', *, *, #876, .F. ) ;
#1939 = ORIENTED_EDGE ( 'NONE', *, *, #6490, .T. ) ;
#1941 = CARTESIAN_POINT ( 'NONE',  ( 3.559999999999999609, 3.499999999999998224, 2.500000000000000000 ) ) ;
#1942 = SURFACE_SIDE_STYLE ('',( #7445 ) ) ;
#1943 = CARTESIAN_POINT ( 'NONE',  ( 2.796000000000000263, 2.219999999999999307, 8.550000000000000711 ) ) ;
#1944 =( GEOMETRIC_REPRESENTATION_CONTEXT ( 3 ) GLOBAL_UNCERTAINTY_ASSIGNED_CONTEXT ( ( #3937 ) ) GLOBAL_UNIT_ASSIGNED_CONTEXT ( ( #992, #1744, #3122 ) ) REPRESENTATION_CONTEXT ( 'NONE', 'WORKASPACE' ) );
#1945 = DIRECTION ( 'NONE',  ( 0.000000000000000000, -1.000000000000000000, 0.000000000000000000 ) ) ;
#1946 = EDGE_CURVE ( 'NONE', #6036, #3104, #92, .T. ) ;
#1947 = CARTESIAN_POINT ( 'NONE',  ( -1.169999999999998153, 3.270000000000000462, 0.6000000000000000888 ) ) ;
#1948 = LINE ( 'NONE', #5532, #1003 ) ;
#1949 = DIRECTION ( 'NONE',  ( -1.000000000000000000, -0.000000000000000000, 0.000000000000000000 ) ) ;
#1950 = ADVANCED_FACE ( 'NONE', ( #4357 ), #180, .T. ) ;
#1951 = EDGE_LOOP ( 'NONE', ( #3657, #4163, #3603, #5354, #2190, #4231 ) ) ;
#1952 = SURFACE_SIDE_STYLE ('',( #6921 ) ) ;
#1953 = CARTESIAN_POINT ( 'NONE',  ( 2.860000000000000320, 2.859999999999999876, -2.359999999999988773 ) ) ;
#1954 = MECHANICAL_DESIGN_GEOMETRIC_PRESENTATION_REPRESENTATION (  '', ( #4166 ), #7943 ) ;
#1955 = ORIENTED_EDGE ( 'NONE', *, *, #1290, .F. ) ;
#1956 = CARTESIAN_POINT ( 'NONE',  ( 5.281087211002079229, -0.2010872110020796577, 8.584387938363944315 ) ) ;
#1957 = MECHANICAL_DESIGN_GEOMETRIC_PRESENTATION_REPRESENTATION (  '', ( #4475 ), #3731 ) ;
#1958 = DIRECTION ( 'NONE',  ( -8.470329472543003391E-17, 1.000000000000000000, 0.000000000000000000 ) ) ;
#1959 = CARTESIAN_POINT ( 'NONE',  ( 6.350000000000000533, -0.9999999999999978906, 2.350000000000000089 ) ) ;
#1960 = ORIENTED_EDGE ( 'NONE', *, *, #8863, .F. ) ;
#1961 = DIRECTION ( 'NONE',  ( -0.000000000000000000, 1.000000000000000000, 0.000000000000000000 ) ) ;
#1962 = MECHANICAL_DESIGN_GEOMETRIC_PRESENTATION_REPRESENTATION (  '', ( #8849 ), #5638 ) ;
#1963 = EDGE_CURVE ( 'NONE', #68, #1030, #2219, .T. ) ;
#1964 = EDGE_LOOP ( 'NONE', ( #812, #1018, #2367, #5071, #600, #7337 ) ) ;
#1965 = DIRECTION ( 'NONE',  ( -8.470329472543003391E-17, 1.000000000000000000, 0.000000000000000000 ) ) ;
#1966 = EDGE_CURVE ( 'NONE', #6477, #644, #959, .T. ) ;
#1967 =( LENGTH_UNIT ( ) NAMED_UNIT ( * ) SI_UNIT ( .MILLI., .METRE. ) );
#1968 = AXIS2_PLACEMENT_3D ( 'NONE', #2598, #1197, #4033 ) ;
#1969 = CARTESIAN_POINT ( 'NONE',  ( 4.872849267653418970, 2.539999999999999147, 8.550000000000000711 ) ) ;
#1970 = CARTESIAN_POINT ( 'NONE',  ( 0.000000000000000000, 0.000000000000000000, 0.000000000000000000 ) ) ;
#1972 = ORIENTED_EDGE ( 'NONE', *, *, #8698, .T. ) ;
#1971 = EDGE_LOOP ( 'NONE', ( #626, #1924, #1423, #2203 ) ) ;
#1973 = FILL_AREA_STYLE_COLOUR ( '', #3495 ) ;
#1974 = FACE_OUTER_BOUND ( 'NONE', #5102, .T. ) ;
#1975 = ORIENTED_EDGE ( 'NONE', *, *, #8050, .T. ) ;
#1976 = DIRECTION ( 'NONE',  ( 0.7213041043845912492, 0.000000000000000000, -0.6926185017727599647 ) ) ;
#1977 = VECTOR ( 'NONE', #3828, 1000.000000000000000 ) ;
#1978 = VECTOR ( 'NONE', #1809, 999.9999999999998863 ) ;
#1979 = EDGE_CURVE ( 'NONE', #3520, #4698, #3705, .T. ) ;
#1980 = DIRECTION ( 'NONE',  ( 0.000000000000000000, -0.000000000000000000, 1.000000000000000000 ) ) ;
#1981 = AXIS2_PLACEMENT_3D ( 'NONE', #3163, #5272, #3304 ) ;
#1982 = MECHANICAL_DESIGN_GEOMETRIC_PRESENTATION_REPRESENTATION (  '', ( #6834 ), #3160 ) ;
#1983 = DIRECTION ( 'NONE',  ( 0.7071067811865435759, 0.000000000000000000, -0.7071067811865515695 ) ) ;
#1985 = ORIENTED_EDGE ( 'NONE', *, *, #2060, .F. ) ;
#1984 = VERTEX_POINT ( 'NONE', #7805 ) ;
#1986 = UNCERTAINTY_MEASURE_WITH_UNIT (LENGTH_MEASURE( 1.000000000000000082E-05 ), #5753, 'distance_accuracy_value', 'NONE');
#1987 = DIRECTION ( 'NONE',  ( -2.409338161078900167E-16, 1.000000000000000000, 0.000000000000000000 ) ) ;
#1988 = CARTESIAN_POINT ( 'NONE',  ( 0.1665134645258971036, -1.249999999999996225, 1.769280657417295899 ) ) ;
#1989 = LINE ( 'NONE', #4800, #558 ) ;
#1990 = DIRECTION ( 'NONE',  ( -0.1710878697460331277, 0.1710878697460330722, 0.9702875252478149193 ) ) ;
#1991 = VECTOR ( 'NONE', #2311, 1000.000000000000000 ) ;
#1992 = CARTESIAN_POINT ( 'NONE',  ( 2.860000000000000320, 2.795999999999999819, -2.359999999999988773 ) ) ;
#1993 = CARTESIAN_POINT ( 'NONE',  ( -0.2713045814163999592, -1.149999999999996581, 1.692652676545395307 ) ) ;
#1994 = DIRECTION ( 'NONE',  ( -0.5000000000000003331, -0.8660254037844383745, 0.000000000000000000 ) ) ;
#1995 = DIRECTION ( 'NONE',  ( -0.7213041043845912492, 0.000000000000000000, 0.6926185017727599647 ) ) ;
#1996 = ORIENTED_EDGE ( 'NONE', *, *, #934, .T. ) ;
#1997 = CONICAL_SURFACE ( 'NONE', #815, 0.6500000000000000222, 0.3490658503988666728 ) ;
#1998 = CARTESIAN_POINT ( 'NONE',  ( 2.283999999999999808, 0.3199999999999998401, -2.359999999999988773 ) ) ;
#1999 = DIRECTION ( 'NONE',  ( -0.7071067811865509034, 0.7071067811865442421, 0.000000000000000000 ) ) ;
#2000 = VECTOR ( 'NONE', #7936, 1000.000000000000000 ) ;
#2001 = CARTESIAN_POINT ( 'NONE',  ( 0.1560617469879515551, -1.250000000000000000, 0.7700000000000001288 ) ) ;
#2002 = EDGE_CURVE ( 'NONE', #3376, #7980, #5070, .T. ) ;
#2003 = PRESENTATION_STYLE_ASSIGNMENT (( #6225 ) ) ;
#2004 = CARTESIAN_POINT ( 'NONE',  ( 5.400000000000001243, -0.2732007105321409557, 7.909999999999986819 ) ) ;
#2005 = DIRECTION ( 'NONE',  ( -0.9396926207859083169, 0.3420201433256691015, 0.000000000000000000 ) ) ;
#2006 = DIRECTION ( 'NONE',  ( 8.470329472543003391E-17, -1.000000000000000000, 0.000000000000000000 ) ) ;
#2007 = FACE_OUTER_BOUND ( 'NONE', #3831, .T. ) ;
#2008 = DIRECTION ( 'NONE',  ( -0.000000000000000000, -0.000000000000000000, -1.000000000000000000 ) ) ;
#2009 = ORIENTED_EDGE ( 'NONE', *, *, #4547, .F. ) ;
#2010 = EDGE_CURVE ( 'NONE', #7329, #207, #6575, .T. ) ;
#2011 = ORIENTED_EDGE ( 'NONE', *, *, #903, .F. ) ;
#2012 =( NAMED_UNIT ( * ) PLANE_ANGLE_UNIT ( ) SI_UNIT ( $, .RADIAN. ) );
#2013 = DIRECTION ( 'NONE',  ( 8.470329472543003391E-17, -1.000000000000000000, 0.000000000000000000 ) ) ;
#2014 =( BOUNDED_CURVE ( )  B_SPLINE_CURVE ( 3, ( #8686, #5251, #6769, #1057 ),
 .UNSPECIFIED., .F., .F. ) 
 B_SPLINE_CURVE_WITH_KNOTS ( ( 4, 4 ),
 ( 3.141592653589793116, 3.926990816987240951 ),
 .UNSPECIFIED. ) 
 CURVE ( )  GEOMETRIC_REPRESENTATION_ITEM ( )  RATIONAL_B_SPLINE_CURVE ( ( 1.000000000000000000, 0.9492530216741912330, 0.9492530216741912330, 1.000000000000000000 ) ) 
 REPRESENTATION_ITEM ( '' )  );
#2015 = CARTESIAN_POINT ( 'NONE',  ( 5.400000000000000355, 2.283999999999999364, 7.909999999999988596 ) ) ;
#2016 = DIRECTION ( 'NONE',  ( 0.000000000000000000, -0.000000000000000000, -1.000000000000000000 ) ) ;
#2017 = CARTESIAN_POINT ( 'NONE',  ( 5.421010862427522170E-17, -0.4466666666666664898, 2.449999999999999734 ) ) ;
#2019 = ORIENTED_EDGE ( 'NONE', *, *, #875, .T. ) ;
#2018 = ORIENTED_EDGE ( 'NONE', *, *, #8730, .F. ) ;
#2020 = SURFACE_SIDE_STYLE ('',( #2712 ) ) ;
#2021 = ORIENTED_EDGE ( 'NONE', *, *, #1092, .T. ) ;
#2022 = SURFACE_STYLE_USAGE ( .BOTH. , #3327 ) ;
#2023 = ADVANCED_FACE ( 'NONE', ( #3745 ), #7217, .T. ) ;
#2024 =( GEOMETRIC_REPRESENTATION_CONTEXT ( 3 ) GLOBAL_UNCERTAINTY_ASSIGNED_CONTEXT ( ( #4655 ) ) GLOBAL_UNIT_ASSIGNED_CONTEXT ( ( #6494, #1622, #3005 ) ) REPRESENTATION_CONTEXT ( 'NONE', 'WORKASPACE' ) );
#2025 = LINE ( 'NONE', #6681, #5903 ) ;
#2026 =( NAMED_UNIT ( * ) PLANE_ANGLE_UNIT ( ) SI_UNIT ( $, .RADIAN. ) );
#2027 = CARTESIAN_POINT ( 'NONE',  ( 6.249999999999999112, -0.9999999999999978906, 2.350000000000000089 ) ) ;
#2028 = LINE ( 'NONE', #8354, #4176 ) ;
#2030 = ORIENTED_EDGE ( 'NONE', *, *, #6193, .F. ) ;
#2029 = EDGE_LOOP ( 'NONE', ( #5878, #6859, #7373, #8212 ) ) ;
#2031 = CARTESIAN_POINT ( 'NONE',  ( 0.2349397590361444188, -1.250000000000000000, 0.8488780120481929092 ) ) ;
#2032 = CARTESIAN_POINT ( 'NONE',  ( 0.2061859094075604582, -1.249999999999996447, 1.756700574110173996 ) ) ;
#2033 = EDGE_CURVE ( 'NONE', #3768, #78, #3186, .T. ) ;
#2034 = CARTESIAN_POINT ( 'NONE',  ( 2.747150732346582469, 2.747150732346582469, -3.000000000000000000 ) ) ;
#2035 = VECTOR ( 'NONE', #4879, 1000.000000000000227 ) ;
#2036 = SURFACE_SIDE_STYLE ('',( #3466 ) ) ;
#2037 = EDGE_CURVE ( 'NONE', #3130, #8956, #3872, .T. ) ;
#2038 = LINE ( 'NONE', #4849, #4124 ) ;
#2039 = CARTESIAN_POINT ( 'NONE',  ( 0.2494911852965862598, -1.210020284928577272, 0.8485733467014753284 ) ) ;
#2040 = COLOUR_RGB ( '',0.9686274509803921573, 0.8784313725490195957, 0.5999999999999999778 ) ;
#2041 = FILL_AREA_STYLE_COLOUR ( '', #6373 ) ;
#2042 = CARTESIAN_POINT ( 'NONE',  ( 3.810000000000000941, -0.9999999999999988898, 2.500000000000000000 ) ) ;
#2043 = CARTESIAN_POINT ( 'NONE',  ( -1.269999999999999574, -0.9999999999999988898, 2.350000000000000089 ) ) ;
#2044 = VERTEX_POINT ( 'NONE', #6670 ) ;
#2045 = FACE_OUTER_BOUND ( 'NONE', #4107, .T. ) ;
#2046 = LINE ( 'NONE', #7087, #6466 ) ;
#2047 = VECTOR ( 'NONE', #5282, 999.9999999999998863 ) ;
#2048 = ADVANCED_FACE ( 'NONE', ( #6035 ), #4017, .T. ) ;
#2049 = CARTESIAN_POINT ( 'NONE',  ( 1.019999999999999796, -0.000000000000000000, 0.000000000000000000 ) ) ;
#2050 = CARTESIAN_POINT ( 'NONE',  ( -1.019999999999999574, -0.9999999999999988898, 2.500000000000000000 ) ) ;
#2051 = DIRECTION ( 'NONE',  ( 0.9848077530122085754, 8.341646135128160883E-17, 0.1736481776669278332 ) ) ;
#2052 =( GEOMETRIC_REPRESENTATION_CONTEXT ( 3 ) GLOBAL_UNCERTAINTY_ASSIGNED_CONTEXT ( ( #2339 ) ) GLOBAL_UNIT_ASSIGNED_CONTEXT ( ( #1217, #4696, #6064 ) ) REPRESENTATION_CONTEXT ( 'NONE', 'WORKASPACE' ) );
#2053 = DIRECTION ( 'NONE',  ( 0.7071067811865515695, -0.000000000000000000, 0.7071067811865435759 ) ) ;
#2054 = DIRECTION ( 'NONE',  ( 8.470329472543003391E-17, -1.000000000000000000, 0.000000000000000000 ) ) ;
#2055 = EDGE_LOOP ( 'NONE', ( #5977, #5460, #4993, #3410 ) ) ;
#2056 = ORIENTED_EDGE ( 'NONE', *, *, #28, .F. ) ;
#2057 = ADVANCED_FACE ( 'NONE', ( #3332 ), #510, .T. ) ;
#2058 = VECTOR ( 'NONE', #2013, 1000.000000000000000 ) ;
#2059 = VECTOR ( 'NONE', #8027, 999.9999999999998863 ) ;
#2060 = EDGE_CURVE ( 'NONE', #2856, #2661, #3424, .T. ) ;
#2061 = CARTESIAN_POINT ( 'NONE',  ( 2.841254833995939588, -0.3012548339959398302, 8.016309119164535701 ) ) ;
#2062 = ADVANCED_FACE ( 'NONE', ( #2443 ), #7712, .F. ) ;
#2063 = EDGE_CURVE ( 'NONE', #2383, #1775, #6206, .T. ) ;
#2064 = VERTEX_POINT ( 'NONE', #1938 ) ;
#2065 = AXIS2_PLACEMENT_3D ( 'NONE', #1841, #3861, #8896 ) ;
#2066 = DIRECTION ( 'NONE',  ( -6.842277657836020854E-49, 5.078189165123089681E-17, -1.000000000000000000 ) ) ;
#2067 = SURFACE_STYLE_USAGE ( .BOTH. , #6939 ) ;
#2068 = ORIENTED_EDGE ( 'NONE', *, *, #4284, .T. ) ;
#2069 = CARTESIAN_POINT ( 'NONE',  ( 0.09036144578313230757, -1.250000000000000000, 1.456746987951807348 ) ) ;
#2070 =( BOUNDED_CURVE ( )  B_SPLINE_CURVE ( 3, ( #1147, #1664, #1856, #7350 ),
 .UNSPECIFIED., .F., .F. ) 
 B_SPLINE_CURVE_WITH_KNOTS ( ( 4, 4 ),
 ( -8.881784197001252323E-16, 0.7853981633974438381 ),
 .UNSPECIFIED. ) 
 CURVE ( )  GEOMETRIC_REPRESENTATION_ITEM ( )  RATIONAL_B_SPLINE_CURVE ( ( 1.000000000000000000, 0.9492530216741915661, 0.9492530216741915661, 1.000000000000000000 ) ) 
 REPRESENTATION_ITEM ( '' )  );
#2071 = PRESENTATION_LAYER_ASSIGNMENT (  '', '', ( #6768 ) ) ;
#2072 = PRESENTATION_STYLE_ASSIGNMENT (( #6473 ) ) ;
#2073 =( LENGTH_UNIT ( ) NAMED_UNIT ( * ) SI_UNIT ( .MILLI., .METRE. ) );
#2074 = CARTESIAN_POINT ( 'NONE',  ( 4.766582426945557671, 0.2890920949374358728, -2.397330798265291385 ) ) ;
#2076 = VERTEX_POINT ( 'NONE', #6946 ) ;
#2075 = ORIENTED_EDGE ( 'NONE', *, *, #5142, .F. ) ;
#2077 = CARTESIAN_POINT ( 'NONE',  ( 0.000000000000000000, 2.539999999999999147, 8.550000000000000711 ) ) ;
#2078 = FACE_OUTER_BOUND ( 'NONE', #242, .T. ) ;
#2079 = AXIS2_PLACEMENT_3D ( 'NONE', #4902, #2967, #1671 ) ;
#2080 = FACE_OUTER_BOUND ( 'NONE', #2369, .T. ) ;
#2081 = EDGE_CURVE ( 'NONE', #2667, #5368, #38, .T. ) ;
#2082 = SURFACE_SIDE_STYLE ('',( #650 ) ) ;
#2083 =( NAMED_UNIT ( * ) PLANE_ANGLE_UNIT ( ) SI_UNIT ( $, .RADIAN. ) );
#2084 = PRESENTATION_LAYER_ASSIGNMENT (  '', '', ( #5598 ) ) ;
#2085 = EDGE_CURVE ( 'NONE', #2365, #2647, #2028, .T. ) ;
#2086 = PLANE ( 'NONE',  #7606 ) ;
#2087 = FACE_OUTER_BOUND ( 'NONE', #6961, .T. ) ;
#2088 =( NAMED_UNIT ( * ) PLANE_ANGLE_UNIT ( ) SI_UNIT ( $, .RADIAN. ) );
#2089 = EDGE_LOOP ( 'NONE', ( #5014, #8969, #9073, #3949 ) ) ;
#2090 = CARTESIAN_POINT ( 'NONE',  ( 3.559999999999999609, -1.250000000000000222, 0.5999999999999999778 ) ) ;
#2091 = CARTESIAN_POINT ( 'NONE',  ( 0.1573126152956376422, -1.149999999999999689, 1.806397023426620896 ) ) ;
#2092 = VECTOR ( 'NONE', #6611, 1000.000000000000000 ) ;
#2093 = DIRECTION ( 'NONE',  ( -0.000000000000000000, 1.000000000000000000, -0.000000000000000000 ) ) ;
#2094 = CARTESIAN_POINT ( 'NONE',  ( 4.760000000000000675, 2.795999999999999819, -2.359999999999988773 ) ) ;
#2095 = DIRECTION ( 'NONE',  ( 0.000000000000000000, -0.000000000000000000, -1.000000000000000000 ) ) ;
#2096 = COLOUR_RGB ( '',0.9686274509803921573, 0.8784313725490195957, 0.5999999999999999778 ) ;
#2097 = DIRECTION ( 'NONE',  ( -6.842277657836020854E-49, 5.078189165123089681E-17, -1.000000000000000000 ) ) ;
#2098 = ADVANCED_FACE ( 'NONE', ( #2763 ), #1407, .F. ) ;
#2099 = DIRECTION ( 'NONE',  ( -0.000000000000000000, 1.000000000000000000, 0.000000000000000000 ) ) ;
#2100 = CARTESIAN_POINT ( 'NONE',  ( 1.169999999999999707, -0.9999999999999978906, 0.5999999999999998668 ) ) ;
#2101 = ORIENTED_EDGE ( 'NONE', *, *, #7552, .T. ) ;
#2102 = VERTEX_POINT ( 'NONE', #4746 ) ;
#2103 = COLOUR_RGB ( '',0.9686274509803921573, 0.8784313725490195957, 0.5999999999999999778 ) ;
#2104 = CARTESIAN_POINT ( 'NONE',  ( 2.747150732346582025, -0.2071507323465826833, 8.550000000000000711 ) ) ;
#2105 = DIRECTION ( 'NONE',  ( 0.000000000000000000, 0.000000000000000000, 1.000000000000000000 ) ) ;
#2106 = CARTESIAN_POINT ( 'NONE',  ( -0.2732007105321401230, 0.3199999999999998401, -2.359999999999988773 ) ) ;
#2107 = MECHANICAL_DESIGN_GEOMETRIC_PRESENTATION_REPRESENTATION (  '', ( #3290 ), #7085 ) ;
#2108 = SHAPE_DEFINITION_REPRESENTATION ( #43, #6928 ) ;
#2109 = VERTEX_POINT ( 'NONE', #552 ) ;
#2110 =( LENGTH_UNIT ( ) NAMED_UNIT ( * ) SI_UNIT ( .MILLI., .METRE. ) );
#2111 = VERTEX_POINT ( 'NONE', #8304 ) ;
#2112 = VECTOR ( 'NONE', #127, 1000.000000000000000 ) ;
#2113 = EDGE_CURVE ( 'NONE', #2365, #2869, #642, .T. ) ;
#2114 = EDGE_CURVE ( 'NONE', #1256, #5508, #4660, .T. ) ;
#2115 = FILL_AREA_STYLE ('',( #2206 ) ) ;
#2116 = CARTESIAN_POINT ( 'NONE',  ( -5.007143004635796034E-17, -1.149999999999999911, 0.9509753366796325214 ) ) ;
#2117 = CARTESIAN_POINT ( 'NONE',  ( 2.813200710532139937, 2.859999999999999876, -2.359999999999989218 ) ) ;
#2119 = VERTEX_POINT ( 'NONE', #4883 ) ;
#2118 = VERTEX_POINT ( 'NONE', #9043 ) ;
#2120 = CARTESIAN_POINT ( 'NONE',  ( 5.381254833995939180, -0.3012548339959392751, -2.466309119164537655 ) ) ;
#2121 = DIRECTION ( 'NONE',  ( 1.000000000000000000, 0.000000000000000000, 0.000000000000000000 ) ) ;
#2122 = STYLED_ITEM ( 'NONE', ( #2188 ), #2333 ) ;
#2123 = ORIENTED_EDGE ( 'NONE', *, *, #3605, .F. ) ;
#2124 = PLANE ( 'NONE',  #4826 ) ;
#2125 = FILL_AREA_STYLE_COLOUR ( '', #8518 ) ;
#2126 = DIRECTION ( 'NONE',  ( -0.000000000000000000, -0.000000000000000000, -1.000000000000000000 ) ) ;
#2127 = DIRECTION ( 'NONE',  ( -0.1710878697460330722, -0.1710878697460330722, -0.9702875252478149193 ) ) ;
#2128 = VERTEX_POINT ( 'NONE', #8955 ) ;
#2129 = LINE ( 'NONE', #3345, #69 ) ;
#2130 = LINE ( 'NONE', #4165, #7252 ) ;
#2131 = FACE_OUTER_BOUND ( 'NONE', #1114, .T. ) ;
#2132 = COLOUR_RGB ( '',0.9686274509803921573, 0.8784313725490195957, 0.5999999999999999778 ) ;
#2133 = COLOUR_RGB ( '',0.9686274509803921573, 0.8784313725490195957, 0.5999999999999999778 ) ;
#2134 = FACE_OUTER_BOUND ( 'NONE', #1076, .T. ) ;
#2135 = ADVANCED_FACE ( 'NONE', ( #7671 ), #4105, .T. ) ;
#2136 = CARTESIAN_POINT ( 'NONE',  ( 2.220000000000000195, 0.2559999999999993392, 7.909999999999988596 ) ) ;
#2137 = CARTESIAN_POINT ( 'NONE',  ( 0.2328456203364152877, -1.250000000000000666, 1.129924358544335483 ) ) ;
#2138 = DIRECTION ( 'NONE',  ( -6.842277657836020854E-49, 5.078189165123089681E-17, -1.000000000000000000 ) ) ;
#2139 = VECTOR ( 'NONE', #3190, 1000.000000000000000 ) ;
#2140 = PRESENTATION_LAYER_ASSIGNMENT (  '', '', ( #6101 ) ) ;
#2141 = CARTESIAN_POINT ( 'NONE',  ( 4.778745166004060962, 2.841254833995938700, 8.016309119164535701 ) ) ;
#2142 = LINE ( 'NONE', #6277, #2417 ) ;
#2143 = DIRECTION ( 'NONE',  ( 6.842277657836020854E-49, -5.078189165123089681E-17, 1.000000000000000000 ) ) ;
#2144 = ORIENTED_EDGE ( 'NONE', *, *, #1492, .F. ) ;
#2145 = EDGE_LOOP ( 'NONE', ( #8201, #8396, #6672, #4473 ) ) ;
#2146 = EDGE_CURVE ( 'NONE', #1041, #2352, #7158, .T. ) ;
#2147 = FILL_AREA_STYLE_COLOUR ( '', #404 ) ;
#2148 = PLANE ( 'NONE',  #8535 ) ;
#2149 = PLANE ( 'NONE',  #7920 ) ;
#2150 = EDGE_LOOP ( 'NONE', ( #3156, #7547, #5737, #8900 ) ) ;
#2151 = CARTESIAN_POINT ( 'NONE',  ( -0.2326746774003353724, -1.250000000000000666, 1.428617988992419763 ) ) ;
#2152 = PLANE ( 'NONE',  #9018 ) ;
#2153 = EDGE_LOOP ( 'NONE', ( #4674, #3108, #7924, #7066 ) ) ;
#2154 = ADVANCED_FACE ( 'NONE', ( #2855 ), #5226, .F. ) ;
#2155 =( NAMED_UNIT ( * ) PLANE_ANGLE_UNIT ( ) SI_UNIT ( $, .RADIAN. ) );
#2156 = DIRECTION ( 'NONE',  ( 0.000000000000000000, 0.000000000000000000, 1.000000000000000000 ) ) ;
#2157 = CARTESIAN_POINT ( 'NONE',  ( 0.2349397590361444188, -1.250000000000000000, 1.456746987951807348 ) ) ;
#2158 = CARTESIAN_POINT ( 'NONE',  ( 5.400000000000000355, -0.2560000000000007825, 8.550000000000000711 ) ) ;
#2159 = SURFACE_STYLE_FILL_AREA ( #3213 ) ;
#2161 = VERTEX_POINT ( 'NONE', #4968 ) ;
#2160 = ORIENTED_EDGE ( 'NONE', *, *, #3538, .T. ) ;
#2162 = UNCERTAINTY_MEASURE_WITH_UNIT (LENGTH_MEASURE( 1.000000000000000082E-05 ), #4571, 'distance_accuracy_value', 'NONE');
#2163 = CARTESIAN_POINT ( 'NONE',  ( -0.3012548339959391086, 2.238745166004060483, -2.466309119164536767 ) ) ;
#2164 = LINE ( 'NONE', #7760, #203 ) ;
#2165 = ORIENTED_EDGE ( 'NONE', *, *, #3455, .F. ) ;
#2166 = PRESENTATION_STYLE_ASSIGNMENT (( #783 ) ) ;
#2167 = EDGE_CURVE ( 'NONE', #7481, #4435, #5273, .T. ) ;
#2168 = DIRECTION ( 'NONE',  ( -1.000000000000000000, 0.000000000000000000, 0.000000000000000000 ) ) ;
#2169 = COLOUR_RGB ( '',0.9686274509803921573, 0.8784313725490195957, 0.5999999999999999778 ) ;
#2170 =( NAMED_UNIT ( * ) SI_UNIT ( $, .STERADIAN. ) SOLID_ANGLE_UNIT ( ) );
#2171 = FILL_AREA_STYLE ('',( #2866 ) ) ;
#2172 = EDGE_CURVE ( 'NONE', #1984, #858, #7160, .T. ) ;
#2173 = CARTESIAN_POINT ( 'NONE',  ( 6.250000000000000000, 3.270000000000000462, 0.6000000000000000888 ) ) ;
#2174 = VECTOR ( 'NONE', #4889, 1000.000000000000000 ) ;
#2175 = EDGE_LOOP ( 'NONE', ( #1366, #3165, #776, #284, #209, #6801 ) ) ;
#2176 = AXIS2_PLACEMENT_3D ( 'NONE', #7740, #810, #3631 ) ;
#2177 = FACE_OUTER_BOUND ( 'NONE', #8110, .T. ) ;
#2178 = CARTESIAN_POINT ( 'NONE',  ( 5.850000000000000533, 3.749999999999999112, 2.500000000000000000 ) ) ;
#2179 = ADVANCED_FACE ( 'NONE', ( #865 ), #8438, .F. ) ;
#2180 = FILL_AREA_STYLE ('',( #7896 ) ) ;
#2181 = CARTESIAN_POINT ( 'NONE',  ( 3.810000000000000941, 3.270000000000000462, 0.6000000000000000888 ) ) ;
#2182 =( GEOMETRIC_REPRESENTATION_CONTEXT ( 3 ) GLOBAL_UNCERTAINTY_ASSIGNED_CONTEXT ( ( #501 ) ) GLOBAL_UNIT_ASSIGNED_CONTEXT ( ( #262, #5192, #5242 ) ) REPRESENTATION_CONTEXT ( 'NONE', 'WORKASPACE' ) );
#2183 = VECTOR ( 'NONE', #1283, 1000.000000000000000 ) ;
#2184 = CARTESIAN_POINT ( 'NONE',  ( 3.810000000000000941, -0.7700000000000002398, 0.6000000000000000888 ) ) ;
#2185 = CARTESIAN_POINT ( 'NONE',  ( 0.2352773025081802694, -1.129999999999999449, 1.210517445307732753 ) ) ;
#2186 = CARTESIAN_POINT ( 'NONE',  ( 4.309999999999999609, 3.749999999999999112, 2.500000000000000000 ) ) ;
#2187 = CARTESIAN_POINT ( 'NONE',  ( 1.370000000000000329, -1.250000000000000222, 2.350000000000000089 ) ) ;
#2188 = PRESENTATION_STYLE_ASSIGNMENT (( #4952 ) ) ;
#2189 = VECTOR ( 'NONE', #4637, 999.9999999999998863 ) ;
#2190 = ORIENTED_EDGE ( 'NONE', *, *, #4089, .F. ) ;
#2191 = EDGE_LOOP ( 'NONE', ( #1640, #7253, #1816, #3188, #5351, #107 ) ) ;
#2192 = SURFACE_STYLE_USAGE ( .BOTH. , #3677 ) ;
#2193 = PRESENTATION_LAYER_ASSIGNMENT (  '', '', ( #4847 ) ) ;
#2194 = FACE_OUTER_BOUND ( 'NONE', #4587, .T. ) ;
#2195 = PRESENTATION_LAYER_ASSIGNMENT (  '', '', ( #5279 ) ) ;
#2196 = EDGE_CURVE ( 'NONE', #7208, #2856, #4554, .T. ) ;
#2197 = CARTESIAN_POINT ( 'NONE',  ( 0.3134175730544423999, -0.2890920949374365390, 7.947330798265291207 ) ) ;
#2198 = DIRECTION ( 'NONE',  ( -0.000000000000000000, 1.000000000000000000, -0.000000000000000000 ) ) ;
#2200 = ORIENTED_EDGE ( 'NONE', *, *, #1149, .F. ) ;
#2199 = EDGE_LOOP ( 'NONE', ( #7628, #7282, #3772, #1231, #1939 ) ) ;
#2201 = CARTESIAN_POINT ( 'NONE',  ( -0.2349899656517395186, -1.250000000000000888, 1.459053469121832869 ) ) ;
#2202 = FILL_AREA_STYLE ('',( #8480 ) ) ;
#2203 = ORIENTED_EDGE ( 'NONE', *, *, #1201, .T. ) ;
#2204 = VECTOR ( 'NONE', #8768, 1000.000000000000000 ) ;
#2205 = LINE ( 'NONE', #5003, #1166 ) ;
#2206 = FILL_AREA_STYLE_COLOUR ( '', #3559 ) ;
#2207 = CARTESIAN_POINT ( 'NONE',  ( 2.338912788997920877, 2.741087211002078305, 8.584387938363944315 ) ) ;
#2208 = AXIS2_PLACEMENT_3D ( 'NONE', #1970, #7614, #3494 ) ;
#2209 = SURFACE_STYLE_FILL_AREA ( #982 ) ;
#2211 = VERTEX_POINT ( 'NONE', #6475 ) ;
#2210 = ORIENTED_EDGE ( 'NONE', *, *, #2996, .F. ) ;
#2212 = EDGE_CURVE ( 'NONE', #7661, #7980, #5747, .T. ) ;
#2213 = CARTESIAN_POINT ( 'NONE',  ( 6.350000000000000533, 3.270000000000000462, 0.6000000000000000888 ) ) ;
#2214 = ORIENTED_EDGE ( 'NONE', *, *, #2739, .T. ) ;
#2215 = VECTOR ( 'NONE', #478, 999.9999999999998863 ) ;
#2216 = CARTESIAN_POINT ( 'NONE',  ( -0.2732007105321400675, 0.3199999999999993405, 7.909999999999988596 ) ) ;
#2217 = CARTESIAN_POINT ( 'NONE',  ( 0.2560000000000002274, -0.3200000000000001732, -2.359999999999988773 ) ) ;
#2218 = CARTESIAN_POINT ( 'NONE',  ( 1.220000000000000862, -0.7700000000000002398, 0.6500000000000003553 ) ) ;
#2219 = LINE ( 'NONE', #7258, #8402 ) ;
#2220 = B_SPLINE_CURVE_WITH_KNOTS ( 'NONE', 3,
 ( #5458, #2525, #3317, #4090, #4052, #4695, #7610 ),
 .UNSPECIFIED., .F., .F.,
 ( 4, 3, 4 ),
 ( 0.000000000000000000, 4.546922341133541264E-05, 0.0001064237724516008327 ),
 .UNSPECIFIED. ) ;
#2221 = VERTEX_POINT ( 'NONE', #387 ) ;
#2222 = EDGE_CURVE ( 'NONE', #8842, #4451, #3692, .T. ) ;
#2223 = DIRECTION ( 'NONE',  ( 1.000000000000000000, 0.000000000000000000, 0.000000000000000000 ) ) ;
#2224 = CARTESIAN_POINT ( 'NONE',  ( 0.1577519656428686134, -1.149999999999990807, 0.7336324926132931079 ) ) ;
#2225 = SURFACE_STYLE_FILL_AREA ( #2180 ) ;
#2226 = LINE ( 'NONE', #7987, #4440 ) ;
#2227 =( GEOMETRIC_REPRESENTATION_CONTEXT ( 3 ) GLOBAL_UNCERTAINTY_ASSIGNED_CONTEXT ( ( #329 ) ) GLOBAL_UNIT_ASSIGNED_CONTEXT ( ( #47, #8962, #1324 ) ) REPRESENTATION_CONTEXT ( 'NONE', 'WORKASPACE' ) );
#2228 = DIRECTION ( 'NONE',  ( 0.000000000000000000, -0.000000000000000000, -1.000000000000000000 ) ) ;
#2229 = CARTESIAN_POINT ( 'NONE',  ( 0.2345216763773549096, -1.129999999999999449, 1.211338980832543655 ) ) ;
#2230 = ADVANCED_FACE ( 'NONE', ( #1509 ), #5798, .F. ) ;
#2231 = DIRECTION ( 'NONE',  ( 0.000000000000000000, 1.000000000000000000, 0.000000000000000000 ) ) ;
#2232 = DIRECTION ( 'NONE',  ( -0.3420201433256698786, 0.9396926207859079838, 0.000000000000000000 ) ) ;
#2233 = DIRECTION ( 'NONE',  ( -8.470329472543003391E-17, 1.000000000000000000, 0.000000000000000000 ) ) ;
#2234 = CARTESIAN_POINT ( 'NONE',  ( 1.019999999999999796, 3.270000000000000462, 0.4500000000000018430 ) ) ;
#2235 = CARTESIAN_POINT ( 'NONE',  ( -1.270000000000000684, 3.499999999999997780, 0.5999999999999998668 ) ) ;
#2236 = PRESENTATION_LAYER_ASSIGNMENT (  '', '', ( #1638 ) ) ;
#2237 = ORIENTED_EDGE ( 'NONE', *, *, #3709, .F. ) ;
#2238 = EDGE_LOOP ( 'NONE', ( #500, #4034, #7203, #5898 ) ) ;
#2239 = LINE ( 'NONE', #5041, #1750 ) ;
#2240 = AXIS2_PLACEMENT_3D ( 'NONE', #1880, #8198, #5505 ) ;
#2241 = DIRECTION ( 'NONE',  ( 0.000000000000000000, 0.000000000000000000, -1.000000000000000000 ) ) ;
#2242 = SURFACE_STYLE_USAGE ( .BOTH. , #4997 ) ;
#2243 = EDGE_CURVE ( 'NONE', #7111, #3073, #2606, .T. ) ;
#2245 = ORIENTED_EDGE ( 'NONE', *, *, #3605, .T. ) ;
#2244 = ORIENTED_EDGE ( 'NONE', *, *, #3307, .T. ) ;
#2246 = FILL_AREA_STYLE_COLOUR ( '', #2133 ) ;
#2247 = ORIENTED_EDGE ( 'NONE', *, *, #6369, .F. ) ;
#2248 = EDGE_CURVE ( 'NONE', #7534, #7348, #7513, .T. ) ;
#2249 = SURFACE_STYLE_FILL_AREA ( #2894 ) ;
#2250 = VECTOR ( 'NONE', #6532, 1000.000000000000000 ) ;
#2251 =( NAMED_UNIT ( * ) PLANE_ANGLE_UNIT ( ) SI_UNIT ( $, .RADIAN. ) );
#2252 = FILL_AREA_STYLE_COLOUR ( '', #1517 ) ;
#2254 = EDGE_LOOP ( 'NONE', ( #680, #3548, #1855, #2439, #714, #6988 ) ) ;
#2253 = ORIENTED_EDGE ( 'NONE', *, *, #5585, .F. ) ;
#2255 = UNCERTAINTY_MEASURE_WITH_UNIT (LENGTH_MEASURE( 1.000000000000000082E-05 ), #4159, 'distance_accuracy_value', 'NONE');
#2256 = CARTESIAN_POINT ( 'NONE',  ( 3.559999999999999609, 0.000000000000000000, 0.000000000000000000 ) ) ;
#2257 = CARTESIAN_POINT ( 'NONE',  ( 2.859999999999999876, 0.2732007105321395679, 7.909999999999986819 ) ) ;
#2258 = ORIENTED_EDGE ( 'NONE', *, *, #7634, .F. ) ;
#2259 = EDGE_CURVE ( 'NONE', #8560, #3786, #1919, .T. ) ;
#2260 = PLANE ( 'NONE',  #5410 ) ;
#2261 = VECTOR ( 'NONE', #283, 1000.000000000000000 ) ;
#2262 = CARTESIAN_POINT ( 'NONE',  ( 6.350000000000000533, 3.270000000000000462, 0.6000000000000000888 ) ) ;
#2263 = PRESENTATION_STYLE_ASSIGNMENT (( #5672 ) ) ;
#2264 = CARTESIAN_POINT ( 'NONE',  ( 1.370000000000002105, -0.9999999999999986677, 0.6000000000000000888 ) ) ;
#2265 = ORIENTED_EDGE ( 'NONE', *, *, #8545, .F. ) ;
#2266 = CARTESIAN_POINT ( 'NONE',  ( 5.400000000000000355, 2.860000000000000320, -2.359999999999988773 ) ) ;
#2267 = CARTESIAN_POINT ( 'NONE',  ( 6.100000000000000533, 3.499999999999998224, 0.4500000000000020650 ) ) ;
#2268 =( NAMED_UNIT ( * ) SI_UNIT ( $, .STERADIAN. ) SOLID_ANGLE_UNIT ( ) );
#2269 =( GEOMETRIC_REPRESENTATION_CONTEXT ( 3 ) GLOBAL_UNCERTAINTY_ASSIGNED_CONTEXT ( ( #6209 ) ) GLOBAL_UNIT_ASSIGNED_CONTEXT ( ( #8131, #4500, #3838 ) ) REPRESENTATION_CONTEXT ( 'NONE', 'WORKASPACE' ) );
#2270 = PRESENTATION_LAYER_ASSIGNMENT (  '', '', ( #66 ) ) ;
#2271 =( LENGTH_UNIT ( ) NAMED_UNIT ( * ) SI_UNIT ( .MILLI., .METRE. ) );
#2272 = CARTESIAN_POINT ( 'NONE',  ( -0.1560617469879519992, -1.250000000000000000, 0.7700000000000001288 ) ) ;
#2273 = CARTESIAN_POINT ( 'NONE',  ( 4.760000000000000675, 0.2559999999999993392, 7.909999999999988596 ) ) ;
#2274 =( GEOMETRIC_REPRESENTATION_CONTEXT ( 3 ) GLOBAL_UNCERTAINTY_ASSIGNED_CONTEXT ( ( #1512 ) ) GLOBAL_UNIT_ASSIGNED_CONTEXT ( ( #5746, #7753, #6292 ) ) REPRESENTATION_CONTEXT ( 'NONE', 'WORKASPACE' ) );
#2275 = CARTESIAN_POINT ( 'NONE',  ( 2.813200710532139937, 0.3199999999999997846, -2.359999999999989218 ) ) ;
#2276 =( NAMED_UNIT ( * ) SI_UNIT ( $, .STERADIAN. ) SOLID_ANGLE_UNIT ( ) );
#2277 = AXIS2_PLACEMENT_3D ( 'NONE', #5190, #871, #7123 ) ;
#2278 = ORIENTED_EDGE ( 'NONE', *, *, #5483, .T. ) ;
#2279 = ORIENTED_EDGE ( 'NONE', *, *, #1820, .T. ) ;
#2280 = EDGE_CURVE ( 'NONE', #5976, #6110, #1122, .T. ) ;
#2281 =( GEOMETRIC_REPRESENTATION_CONTEXT ( 3 ) GLOBAL_UNCERTAINTY_ASSIGNED_CONTEXT ( ( #398 ) ) GLOBAL_UNIT_ASSIGNED_CONTEXT ( ( #8047, #7503, #5306 ) ) REPRESENTATION_CONTEXT ( 'NONE', 'WORKASPACE' ) );
#2282 = PRESENTATION_STYLE_ASSIGNMENT (( #2192 ) ) ;
#2283 = STYLED_ITEM ( 'NONE', ( #2403 ), #3627 ) ;
#2284 =( NAMED_UNIT ( * ) SI_UNIT ( $, .STERADIAN. ) SOLID_ANGLE_UNIT ( ) );
#2285 = EDGE_CURVE ( 'NONE', #5160, #825, #5807, .T. ) ;
#2287 = ORIENTED_EDGE ( 'NONE', *, *, #247, .F. ) ;
#2286 = VERTEX_POINT ( 'NONE', #1828 ) ;
#2288 = VECTOR ( 'NONE', #1844, 1000.000000000000000 ) ;
#2289 = ORIENTED_EDGE ( 'NONE', *, *, #917, .T. ) ;
#2290 = LINE ( 'NONE', #3638, #9080 ) ;
#2291 = CARTESIAN_POINT ( 'NONE',  ( 2.283999999999999808, 0.3199999999999998401, -2.359999999999988773 ) ) ;
#2292 =( LENGTH_UNIT ( ) NAMED_UNIT ( * ) SI_UNIT ( .MILLI., .METRE. ) );
#2294 = ORIENTED_EDGE ( 'NONE', *, *, #4617, .T. ) ;
#2293 = VERTEX_POINT ( 'NONE', #6058 ) ;
#2295 = CARTESIAN_POINT ( 'NONE',  ( -1.019999999999999796, -0.7700000000000002398, 0.6000000000000000888 ) ) ;
#2296 = ORIENTED_EDGE ( 'NONE', *, *, #3947, .T. ) ;
#2297 = CARTESIAN_POINT ( 'NONE',  ( 1.169999999999999707, 3.270000000000000462, 0.6000000000000000888 ) ) ;
#2298 = CARTESIAN_POINT ( 'NONE',  ( 0.2349397590361444188, -1.250000000000000000, 1.692439759036144631 ) ) ;
#2299 = CARTESIAN_POINT ( 'NONE',  ( 0.3012548339959391641, -0.3012548339959392751, -2.466309119164537655 ) ) ;
#2300 = LINE ( 'NONE', #7041, #4773 ) ;
#2301 =( NAMED_UNIT ( * ) PLANE_ANGLE_UNIT ( ) SI_UNIT ( $, .RADIAN. ) );
#2303 = ORIENTED_EDGE ( 'NONE', *, *, #7048, .F. ) ;
#2302 = ORIENTED_EDGE ( 'NONE', *, *, #4517, .T. ) ;
#2304 = LINE ( 'NONE', #3788, #1372 ) ;
#2305 = DIRECTION ( 'NONE',  ( 1.000000000000000000, -1.408054769461693942E-16, 0.000000000000000000 ) ) ;
#2306 = PRESENTATION_LAYER_ASSIGNMENT (  '', '', ( #3358 ) ) ;
#2307 = DIRECTION ( 'NONE',  ( -0.000000000000000000, 1.000000000000000000, 0.000000000000000000 ) ) ;
#2308 = COLOUR_RGB ( '',0.9686274509803921573, 0.8784313725490195957, 0.5999999999999999778 ) ;
#2309 = CARTESIAN_POINT ( 'NONE',  ( 0.2349397590361441412, -1.250000000000000888, 1.100007530120482135 ) ) ;
#2310 = DIRECTION ( 'NONE',  ( -1.000000000000000000, 0.000000000000000000, 0.000000000000000000 ) ) ;
#2311 = DIRECTION ( 'NONE',  ( 8.470329472543003391E-17, -1.000000000000000000, 0.000000000000000000 ) ) ;
#2312 = LINE ( 'NONE', #2405, #2542 ) ;
#2313 = CARTESIAN_POINT ( 'NONE',  ( 3.760000000000001119, -0.7700000000000002398, 0.6500000000000003553 ) ) ;
#2314 = CARTESIAN_POINT ( 'NONE',  ( 2.220000000000000195, 0.3199999999999993405, 8.550000000000000711 ) ) ;
#2315 = ORIENTED_EDGE ( 'NONE', *, *, #338, .F. ) ;
#2316 = ADVANCED_FACE ( 'NONE', ( #1300 ), #8796, .F. ) ;
#2317 = CARTESIAN_POINT ( 'NONE',  ( 1.770000000000000462, -1.250000000000000000, 0.000000000000000000 ) ) ;
#2318 = STYLED_ITEM ( 'NONE', ( #5062 ), #6081 ) ;
#2319 = CARTESIAN_POINT ( 'NONE',  ( 2.283999999999999808, 0.3199999999999993960, 7.909999999999988596 ) ) ;
#2320 = PRESENTATION_LAYER_ASSIGNMENT (  '', '', ( #8629 ) ) ;
#2321 =( GEOMETRIC_REPRESENTATION_CONTEXT ( 3 ) GLOBAL_UNCERTAINTY_ASSIGNED_CONTEXT ( ( #5841 ) ) GLOBAL_UNIT_ASSIGNED_CONTEXT ( ( #7140, #7851, #710 ) ) REPRESENTATION_CONTEXT ( 'NONE', 'WORKASPACE' ) );
#2323 = VERTEX_POINT ( 'NONE', #4042 ) ;
#2322 = ORIENTED_EDGE ( 'NONE', *, *, #3547, .T. ) ;
#2324 = LINE ( 'NONE', #3072, #4533 ) ;
#2325 = EDGE_CURVE ( 'NONE', #4435, #7791, #4084, .T. ) ;
#2326 =( NAMED_UNIT ( * ) PLANE_ANGLE_UNIT ( ) SI_UNIT ( $, .RADIAN. ) );
#2327 = ORIENTED_EDGE ( 'NONE', *, *, #3767, .T. ) ;
#2328 = VECTOR ( 'NONE', #1715, 1000.000000000000000 ) ;
#2329 = VECTOR ( 'NONE', #5427, 1000.000000000000000 ) ;
#2330 = CARTESIAN_POINT ( 'NONE',  ( 0.3200000000000000622, 2.859999999999999876, -2.359999999999988773 ) ) ;
#2331 = ADVANCED_FACE ( 'NONE', ( #487 ), #2517, .F. ) ;
#2332 = LINE ( 'NONE', #5184, #1044 ) ;
#2333 = ADVANCED_FACE ( 'NONE', ( #7466 ), #6791, .F. ) ;
#2334 = CARTESIAN_POINT ( 'NONE',  ( 0.3200000000000000622, 0.2559999999999993947, 7.909999999999988596 ) ) ;
#2335 = EDGE_CURVE ( 'NONE', #4658, #3843, #6278, .T. ) ;
#2336 = STYLED_ITEM ( 'NONE', ( #831 ), #7059 ) ;
#2338 = ORIENTED_EDGE ( 'NONE', *, *, #4144, .F. ) ;
#2337 = ORIENTED_EDGE ( 'NONE', *, *, #1273, .F. ) ;
#2339 = UNCERTAINTY_MEASURE_WITH_UNIT (LENGTH_MEASURE( 1.000000000000000082E-05 ), #1217, 'distance_accuracy_value', 'NONE');
#2340 = COLOUR_RGB ( '',0.9686274509803921573, 0.8784313725490195957, 0.5999999999999999778 ) ;
#2341 = DIRECTION ( 'NONE',  ( 0.7071067811865515695, 0.000000000000000000, 0.7071067811865434649 ) ) ;
#2342 = CARTESIAN_POINT ( 'NONE',  ( -0.1771939946250029041, -1.250000000000001110, 1.768241958426031157 ) ) ;
#2343 = ORIENTED_EDGE ( 'NONE', *, *, #247, .T. ) ;
#2344 =( NAMED_UNIT ( * ) SI_UNIT ( $, .STERADIAN. ) SOLID_ANGLE_UNIT ( ) );
#2345 = FILL_AREA_STYLE_COLOUR ( '', #14 ) ;
#2346 = STYLED_ITEM ( 'NONE', ( #2867 ), #8802 ) ;
#2347 = DIRECTION ( 'NONE',  ( -1.000000000000000000, 0.000000000000000000, 0.000000000000000000 ) ) ;
#2348 = LINE ( 'NONE', #5892, #3664 ) ;
#2349 = CARTESIAN_POINT ( 'NONE',  ( 2.238745166004060927, -0.3012548339959393862, -2.466309119164536767 ) ) ;
#2350 = DIRECTION ( 'NONE',  ( -8.470329472543003391E-17, 1.000000000000000000, 0.000000000000000000 ) ) ;
#2352 = VERTEX_POINT ( 'NONE', #6415 ) ;
#2351 = EDGE_LOOP ( 'NONE', ( #7703, #8, #4530, #6085, #6748, #781 ) ) ;
#2353 = CARTESIAN_POINT ( 'NONE',  ( -0.3199999999999999512, 2.859999999999999876, 7.909999999999988596 ) ) ;
#2354 = EDGE_CURVE ( 'NONE', #4558, #644, #669, .T. ) ;
#2355 = PRESENTATION_STYLE_ASSIGNMENT (( #4454 ) ) ;
#2356 =( NAMED_UNIT ( * ) SI_UNIT ( $, .STERADIAN. ) SOLID_ANGLE_UNIT ( ) );
#2357 = EDGE_CURVE ( 'NONE', #1593, #5186, #2795, .T. ) ;
#2358 =( BOUNDED_CURVE ( )  B_SPLINE_CURVE ( 3, ( #5249, #3787, #7305, #7399 ),
 .UNSPECIFIED., .F., .F. ) 
 B_SPLINE_CURVE_WITH_KNOTS ( ( 4, 4 ),
 ( 5.497787143782140618, 6.283185307179586232 ),
 .UNSPECIFIED. ) 
 CURVE ( )  GEOMETRIC_REPRESENTATION_ITEM ( )  RATIONAL_B_SPLINE_CURVE ( ( 1.000000000000000000, 0.9492530216741915661, 0.9492530216741915661, 1.000000000000000000 ) ) 
 REPRESENTATION_ITEM ( '' )  );
#2359 =( LENGTH_UNIT ( ) NAMED_UNIT ( * ) SI_UNIT ( .MILLI., .METRE. ) );
#2360 = PRESENTATION_LAYER_ASSIGNMENT (  '', '', ( #4135 ) ) ;
#2361 = FILL_AREA_STYLE ('',( #8776 ) ) ;
#2362 = CARTESIAN_POINT ( 'NONE',  ( -0.3199999999999998956, 2.219999999999999307, 7.909999999999988596 ) ) ;
#2363 = SURFACE_SIDE_STYLE ('',( #5953 ) ) ;
#2364 = DIRECTION ( 'NONE',  ( 0.000000000000000000, 0.3420201433256694901, -0.9396926207859082059 ) ) ;
#2365 = VERTEX_POINT ( 'NONE', #753 ) ;
#2366 =( NAMED_UNIT ( * ) PLANE_ANGLE_UNIT ( ) SI_UNIT ( $, .RADIAN. ) );
#2367 = ORIENTED_EDGE ( 'NONE', *, *, #6267, .T. ) ;
#2368 = VECTOR ( 'NONE', #6412, 1000.000000000000000 ) ;
#2369 = EDGE_LOOP ( 'NONE', ( #1123, #3116, #7698, #6974 ) ) ;
#2370 = CARTESIAN_POINT ( 'NONE',  ( 0.3200000000000001177, 2.266799289467858802, 7.909999999999986819 ) ) ;
#2371 = CARTESIAN_POINT ( 'NONE',  ( 2.332849267653417602, -1.754634953454123626E-17, -3.000000000000000000 ) ) ;
#2372 = EDGE_CURVE ( 'NONE', #2978, #5038, #4866, .T. ) ;
#2373 =( NAMED_UNIT ( * ) SI_UNIT ( $, .STERADIAN. ) SOLID_ANGLE_UNIT ( ) );
#2375 = ORIENTED_EDGE ( 'NONE', *, *, #3925, .F. ) ;
#2374 = EDGE_LOOP ( 'NONE', ( #2322, #4832, #3997, #8061 ) ) ;
#2376 = LINE ( 'NONE', #3027, #5690 ) ;
#2377 = ORIENTED_EDGE ( 'NONE', *, *, #2167, .F. ) ;
#2378 = AXIS2_PLACEMENT_3D ( 'NONE', #5967, #3112, #7864 ) ;
#2379 = CARTESIAN_POINT ( 'NONE',  ( 5.381254833995939180, 2.238745166004060039, 8.016309119164535701 ) ) ;
#2380 = CARTESIAN_POINT ( 'NONE',  ( 0.3200000000000000622, 2.795999999999999375, 7.909999999999988596 ) ) ;
#2381 = STYLED_ITEM ( 'NONE', ( #472 ), #1788 ) ;
#2383 = VERTEX_POINT ( 'NONE', #2837 ) ;
#2382 = VERTEX_POINT ( 'NONE', #1487 ) ;
#2384 = CARTESIAN_POINT ( 'NONE',  ( -0.3012548339959390531, 0.3012548339959389421, -2.466309119164537655 ) ) ;
#2385 = ORIENTED_EDGE ( 'NONE', *, *, #7726, .T. ) ;
#2386 = SURFACE_STYLE_USAGE ( .BOTH. , #2486 ) ;
#2387 = EDGE_CURVE ( 'NONE', #7151, #5891, #7651, .T. ) ;
#2388 = MECHANICAL_DESIGN_GEOMETRIC_PRESENTATION_REPRESENTATION (  '', ( #2381 ), #7372 ) ;
#2389 = CARTESIAN_POINT ( 'NONE',  ( -0.2713260487806428145, -1.150000000000000355, 0.8478598182612379075 ) ) ;
#2390 = CARTESIAN_POINT ( 'NONE',  ( 0.000000000000000000, -0.7700000000000002398, 0.000000000000000000 ) ) ;
#2391 = DIRECTION ( 'NONE',  ( -0.1710878697460330722, -0.1710878697460331554, 0.9702875252478149193 ) ) ;
#2392 = SURFACE_STYLE_FILL_AREA ( #2911 ) ;
#2394 = VERTEX_POINT ( 'NONE', #1344 ) ;
#2393 = VERTEX_POINT ( 'NONE', #2928 ) ;
#2395 = CARTESIAN_POINT ( 'NONE',  ( -5.687887419977258754E-17, -1.250000000000000000, 1.270000000000000018 ) ) ;
#2396 = CARTESIAN_POINT ( 'NONE',  ( 6.349999999999999645, 3.499999999999998224, 2.500000000000000000 ) ) ;
#2397 = COLOUR_RGB ( '',0.9686274509803921573, 0.8784313725490195957, 0.5999999999999999778 ) ;
#2398 = EDGE_CURVE ( 'NONE', #6596, #5813, #7735, .T. ) ;
#2399 = DIRECTION ( 'NONE',  ( 0.000000000000000000, -1.000000000000000000, 0.000000000000000000 ) ) ;
#2400 =( NAMED_UNIT ( * ) PLANE_ANGLE_UNIT ( ) SI_UNIT ( $, .RADIAN. ) );
#2401 = DIRECTION ( 'NONE',  ( 8.470329472543003391E-17, -1.000000000000000000, 0.000000000000000000 ) ) ;
#2402 = CARTESIAN_POINT ( 'NONE',  ( 0.2760754353395321603, -1.129999999999999005, 1.138962689903151970 ) ) ;
#2403 = PRESENTATION_STYLE_ASSIGNMENT (( #4629 ) ) ;
#2404 = CARTESIAN_POINT ( 'NONE',  ( 0.1584097649297321608, -1.129999999999999227, 1.813618140975422177 ) ) ;
#2405 = CARTESIAN_POINT ( 'NONE',  ( 2.220000000000000195, 2.219999999999999751, -2.359999999999988773 ) ) ;
#2406 = VERTEX_POINT ( 'NONE', #4319 ) ;
#2407 = CARTESIAN_POINT ( 'NONE',  ( 1.270000000000000462, -0.9999999999999988898, 0.5999999999999998668 ) ) ;
#2408 =( NAMED_UNIT ( * ) SI_UNIT ( $, .STERADIAN. ) SOLID_ANGLE_UNIT ( ) );
#2409 = EDGE_CURVE ( 'NONE', #7105, #2211, #5342, .T. ) ;
#2410 = VERTEX_POINT ( 'NONE', #2100 ) ;
#2411 = VECTOR ( 'NONE', #5069, 1000.000000000000000 ) ;
#2412 = VECTOR ( 'NONE', #1857, 1000.000000000000000 ) ;
#2413 = ORIENTED_EDGE ( 'NONE', *, *, #888, .T. ) ;
#2414 =( BOUNDED_CURVE ( )  B_SPLINE_CURVE ( 3, ( #7245, #863, #1505, #3774 ),
 .UNSPECIFIED., .F., .F. ) 
 B_SPLINE_CURVE_WITH_KNOTS ( ( 4, 4 ),
 ( 2.356194490192346169, 3.141592653589793116 ),
 .UNSPECIFIED. ) 
 CURVE ( )  GEOMETRIC_REPRESENTATION_ITEM ( )  RATIONAL_B_SPLINE_CURVE ( ( 1.000000000000000000, 0.9492530216741912330, 0.9492530216741912330, 1.000000000000000000 ) ) 
 REPRESENTATION_ITEM ( '' )  );
#2415 = SURFACE_SIDE_STYLE ('',( #1117 ) ) ;
#2416 =( NAMED_UNIT ( * ) SI_UNIT ( $, .STERADIAN. ) SOLID_ANGLE_UNIT ( ) );
#2417 = VECTOR ( 'NONE', #8377, 1000.000000000000000 ) ;
#2418 = MECHANICAL_DESIGN_GEOMETRIC_PRESENTATION_REPRESENTATION (  '', ( #3609 ), #211 ) ;
#2419 = CARTESIAN_POINT ( 'NONE',  ( 0.2294055599928365163, -1.150000000000000355, 1.206148367931645815 ) ) ;
#2420 = DIRECTION ( 'NONE',  ( 0.000000000000000000, 1.000000000000000000, 0.000000000000000000 ) ) ;
#2421 = LINE ( 'NONE', #1360, #4350 ) ;
#2422 = PRESENTATION_STYLE_ASSIGNMENT (( #5007 ) ) ;
#2424 = ORIENTED_EDGE ( 'NONE', *, *, #2354, .T. ) ;
#2423 = ORIENTED_EDGE ( 'NONE', *, *, #2680, .T. ) ;
#2425 = ORIENTED_EDGE ( 'NONE', *, *, #2212, .F. ) ;
#2426 = ADVANCED_FACE ( 'NONE', ( #6233 ), #65, .T. ) ;
#2427 = AXIS2_PLACEMENT_3D ( 'NONE', #5216, #1724, #8830 ) ;
#2428 = AXIS2_PLACEMENT_3D ( 'NONE', #5348, #2547, #1108 ) ;
#2429 = B_SPLINE_CURVE_WITH_KNOTS ( 'NONE', 3,
 ( #1261, #7378, #3318, #4091, #1083, #5322, #6891, #3910, #588, #6104, #8154, #8199, #4651, #8108 ),
 .UNSPECIFIED., .F., .F.,
 ( 4, 3, 2, 2, 3, 4 ),
 ( 0.000000000000000000, 1.550323648801171222E-06, 2.959982201732356622E-05, 5.764932038584595571E-05, 0.0001137483171228907279, 0.0001149526247841561806 ),
 .UNSPECIFIED. ) ;
#2430 = FILL_AREA_STYLE ('',( #5183 ) ) ;
#2431 = CARTESIAN_POINT ( 'NONE',  ( 1.519999999999999352, 3.499999999999997780, 0.4500000000000002887 ) ) ;
#2432 = CARTESIAN_POINT ( 'NONE',  ( 1.520000000000000462, -0.9999999999999988898, 0.000000000000000000 ) ) ;
#2433 = CARTESIAN_POINT ( 'NONE',  ( 0.2890920949374360394, -0.3134175730544430105, 7.947330798265291207 ) ) ;
#2435 = ORIENTED_EDGE ( 'NONE', *, *, #7499, .T. ) ;
#2434 = ORIENTED_EDGE ( 'NONE', *, *, #8072, .F. ) ;
#2436 = UNCERTAINTY_MEASURE_WITH_UNIT (LENGTH_MEASURE( 1.000000000000000082E-05 ), #2359, 'distance_accuracy_value', 'NONE');
#2437 = CARTESIAN_POINT ( 'NONE',  ( -0.3134175730544421778, 0.2890920949374358728, -2.397330798265291385 ) ) ;
#2438 = PRESENTATION_STYLE_ASSIGNMENT (( #1748 ) ) ;
#2439 = ORIENTED_EDGE ( 'NONE', *, *, #4442, .T. ) ;
#2440 = EDGE_CURVE ( 'NONE', #9001, #5955, #3715, .T. ) ;
#2441 = CARTESIAN_POINT ( 'NONE',  ( 3.910000000000001918, 3.499999999999997780, 0.5999999999999998668 ) ) ;
#2442 = DIRECTION ( 'NONE',  ( -0.3236155771181848939, -0.8891264907159881492, 0.3236155771181852825 ) ) ;
#2443 = FACE_OUTER_BOUND ( 'NONE', #3214, .T. ) ;
#2444 = EDGE_CURVE ( 'NONE', #8991, #901, #847, .T. ) ;
#2446 = ORIENTED_EDGE ( 'NONE', *, *, #1422, .T. ) ;
#2445 = ORIENTED_EDGE ( 'NONE', *, *, #4443, .T. ) ;
#2447 = UNCERTAINTY_MEASURE_WITH_UNIT (LENGTH_MEASURE( 1.000000000000000082E-05 ), #8035, 'distance_accuracy_value', 'NONE');
#2448 = CARTESIAN_POINT ( 'NONE',  ( 4.760000000000000675, 2.283999999999999364, 8.550000000000000711 ) ) ;
#2449 = FILL_AREA_STYLE_COLOUR ( '', #3155 ) ;
#2450 =( NAMED_UNIT ( * ) PLANE_ANGLE_UNIT ( ) SI_UNIT ( $, .RADIAN. ) );
#2451 = PRESENTATION_STYLE_ASSIGNMENT (( #3143 ) ) ;
#2452 = CARTESIAN_POINT ( 'NONE',  ( 2.796000000000000263, 2.219999999999999307, 7.909999999999988596 ) ) ;
#2453 = EDGE_CURVE ( 'NONE', #5955, #8560, #7907, .T. ) ;
#2454 = CARTESIAN_POINT ( 'NONE',  ( 2.220000000000000195, 2.795999999999999375, 7.909999999999988596 ) ) ;
#2455 = CARTESIAN_POINT ( 'NONE',  ( 2.220000000000000195, 0.2732007105321401230, -2.359999999999986997 ) ) ;
#2456 =( LENGTH_UNIT ( ) NAMED_UNIT ( * ) SI_UNIT ( .MILLI., .METRE. ) );
#2457 =( NAMED_UNIT ( * ) PLANE_ANGLE_UNIT ( ) SI_UNIT ( $, .RADIAN. ) );
#2458 = DIRECTION ( 'NONE',  ( 0.000000000000000000, 0.000000000000000000, 1.000000000000000000 ) ) ;
#2459 = ADVANCED_FACE ( 'NONE', ( #1676 ), #5779, .T. ) ;
#2460 = ORIENTED_EDGE ( 'NONE', *, *, #8042, .F. ) ;
#2461 = DIRECTION ( 'NONE',  ( 0.000000000000000000, 0.000000000000000000, 1.000000000000000000 ) ) ;
#2462 = SURFACE_SIDE_STYLE ('',( #3761 ) ) ;
#2463 = ORIENTED_EDGE ( 'NONE', *, *, #7728, .T. ) ;
#2464 = DIRECTION ( 'NONE',  ( 0.000000000000000000, 0.000000000000000000, 1.000000000000000000 ) ) ;
#2465 = VECTOR ( 'NONE', #1594, 1000.000000000000000 ) ;
#2466 = CARTESIAN_POINT ( 'NONE',  ( -0.7700000000000004619, 3.749999999999999112, 2.500000000000000000 ) ) ;
#2467 = CARTESIAN_POINT ( 'NONE',  ( -0.2578255419175611296, -1.129999999999999005, 0.7718528645085307449 ) ) ;
#2468 = CARTESIAN_POINT ( 'NONE',  ( 5.336000000000000298, 2.859999999999999876, 7.909999999999988596 ) ) ;
#2469 = PLANE ( 'NONE',  #1981 ) ;
#2470 = VECTOR ( 'NONE', #3834, 1000.000000000000000 ) ;
#2471 = ORIENTED_EDGE ( 'NONE', *, *, #1384, .T. ) ;
#2472 = VECTOR ( 'NONE', #3581, 1000.000000000000114 ) ;
#2473 =( BOUNDED_CURVE ( )  B_SPLINE_CURVE ( 3, ( #4304, #8409, #2686, #2782 ),
 .UNSPECIFIED., .F., .F. ) 
 B_SPLINE_CURVE_WITH_KNOTS ( ( 4, 4 ),
 ( 2.356194490192339952, 3.141592653589793560 ),
 .UNSPECIFIED. ) 
 CURVE ( )  GEOMETRIC_REPRESENTATION_ITEM ( )  RATIONAL_B_SPLINE_CURVE ( ( 1.000000000000000000, 0.9492530216741903448, 0.9492530216741903448, 1.000000000000000000 ) ) 
 REPRESENTATION_ITEM ( '' )  );
#2474 =( NAMED_UNIT ( * ) SI_UNIT ( $, .STERADIAN. ) SOLID_ANGLE_UNIT ( ) );
#2475 = ORIENTED_EDGE ( 'NONE', *, *, #2037, .T. ) ;
#2476 = CARTESIAN_POINT ( 'NONE',  ( 0.2349397590361444188, -1.250000000000000000, 1.100007530120482135 ) ) ;
#2478 = ADVANCED_FACE ( 'NONE', ( #6459 ), #3842, .F. ) ;
#2477 = AXIS2_PLACEMENT_3D ( 'NONE', #6617, #954, #3228 ) ;
#2479 =( GEOMETRIC_REPRESENTATION_CONTEXT ( 3 ) GLOBAL_UNCERTAINTY_ASSIGNED_CONTEXT ( ( #8491 ) ) GLOBAL_UNIT_ASSIGNED_CONTEXT ( ( #5670, #4247, #2995 ) ) REPRESENTATION_CONTEXT ( 'NONE', 'WORKASPACE' ) );
#2480 = CARTESIAN_POINT ( 'NONE',  ( 0.000000000000000000, 0.000000000000000000, -3.000000000000000000 ) ) ;
#2481 = CARTESIAN_POINT ( 'NONE',  ( 0.3700000000000013833, 3.499999999999997780, 1.600000000000012301 ) ) ;
#2483 = ORIENTED_EDGE ( 'NONE', *, *, #5948, .T. ) ;
#2482 = ORIENTED_EDGE ( 'NONE', *, *, #3815, .F. ) ;
#2484 = PLANE ( 'NONE',  #3477 ) ;
#2485 = ORIENTED_EDGE ( 'NONE', *, *, #5992, .T. ) ;
#2486 = SURFACE_SIDE_STYLE ('',( #3182 ) ) ;
#2487 = MECHANICAL_DESIGN_GEOMETRIC_PRESENTATION_REPRESENTATION (  '', ( #8328 ), #6735 ) ;
#2488 = AXIS2_PLACEMENT_3D ( 'NONE', #4337, #2810, #6339 ) ;
#2489 = VECTOR ( 'NONE', #434, 1000.000000000000114 ) ;
#2490 = SURFACE_SIDE_STYLE ('',( #5983 ) ) ;
#2491 = ADVANCED_FACE ( 'NONE', ( #2553 ), #8228, .F. ) ;
#2492 = FILL_AREA_STYLE ('',( #4489 ) ) ;
#2493 = CARTESIAN_POINT ( 'NONE',  ( -0.2071507323465823502, 2.540000000000000036, -3.000000000000000000 ) ) ;
#2494 = PRESENTATION_STYLE_ASSIGNMENT (( #5246 ) ) ;
#2496 = EDGE_LOOP ( 'NONE', ( #8818, #7673, #6333, #6491, #8743, #8229, #328, #1932 ) ) ;
#2495 = ORIENTED_EDGE ( 'NONE', *, *, #3791, .T. ) ;
#2497 = DIRECTION ( 'NONE',  ( -6.842277657836020854E-49, 5.078189165123089681E-17, -1.000000000000000000 ) ) ;
#2498 = DIRECTION ( 'NONE',  ( 0.000000000000000000, -1.000000000000000000, 0.000000000000000000 ) ) ;
#2499 = FACE_OUTER_BOUND ( 'NONE', #4331, .T. ) ;
#2500 = CARTESIAN_POINT ( 'NONE',  ( -0.2397902344294515764, -1.236673428369793770, 1.691223552179616840 ) ) ;
#2501 = VECTOR ( 'NONE', #8891, 1000.000000000000000 ) ;
#2502 =( GEOMETRIC_REPRESENTATION_CONTEXT ( 3 ) GLOBAL_UNCERTAINTY_ASSIGNED_CONTEXT ( ( #8763 ) ) GLOBAL_UNIT_ASSIGNED_CONTEXT ( ( #1569, #2301, #7769 ) ) REPRESENTATION_CONTEXT ( 'NONE', 'WORKASPACE' ) );
#2503 = CARTESIAN_POINT ( 'NONE',  ( -0.3199999999999998956, -0.3200000000000001732, -2.359999999999988773 ) ) ;
#2504 = SURFACE_STYLE_FILL_AREA ( #2361 ) ;
#2505 = SURFACE_STYLE_USAGE ( .BOTH. , #2363 ) ;
#2506 = SURFACE_STYLE_FILL_AREA ( #3934 ) ;
#2507 = ORIENTED_EDGE ( 'NONE', *, *, #7528, .T. ) ;
#2508 = DIRECTION ( 'NONE',  ( 1.000000000000000000, 8.470329472543003391E-17, 4.301393535249064745E-33 ) ) ;
#2509 = VERTEX_POINT ( 'NONE', #5307 ) ;
#2510 = DIRECTION ( 'NONE',  ( -1.000000000000000000, 0.000000000000000000, -0.000000000000000000 ) ) ;
#2511 = EDGE_CURVE ( 'NONE', #8379, #2899, #3890, .T. ) ;
#2512 = EDGE_CURVE ( 'NONE', #7260, #2394, #5486, .T. ) ;
#2513 = SURFACE_STYLE_USAGE ( .BOTH. , #2415 ) ;
#2514 =( LENGTH_UNIT ( ) NAMED_UNIT ( * ) SI_UNIT ( .MILLI., .METRE. ) );
#2515 = DIRECTION ( 'NONE',  ( -2.409338161078900167E-16, 1.000000000000000000, 0.000000000000000000 ) ) ;
#2516 = FILL_AREA_STYLE_COLOUR ( '', #1058 ) ;
#2517 = PLANE ( 'NONE',  #6818 ) ;
#2518 = VECTOR ( 'NONE', #6923, 1000.000000000000000 ) ;
#2519 = ORIENTED_EDGE ( 'NONE', *, *, #3017, .F. ) ;
#2520 = FILL_AREA_STYLE ('',( #7197 ) ) ;
#2521 = EDGE_LOOP ( 'NONE', ( #2577, #7605, #8294, #2576 ) ) ;
#2522 = CARTESIAN_POINT ( 'NONE',  ( 4.790907905062564254, 2.853417573054441991, -2.397330798265292717 ) ) ;
#2523 = DIRECTION ( 'NONE',  ( -8.470329472543003391E-17, 1.000000000000000000, 0.000000000000000000 ) ) ;
#2524 = ADVANCED_FACE ( 'NONE', ( #8274 ), #1913, .F. ) ;
#2525 = CARTESIAN_POINT ( 'NONE',  ( 0.2254428326701208574, -1.164241562477198899, 1.202799781719806393 ) ) ;
#2526 =( BOUNDED_CURVE ( )  B_SPLINE_CURVE ( 3, ( #1069, #8049, #1164, #8834 ),
 .UNSPECIFIED., .F., .F. ) 
 B_SPLINE_CURVE_WITH_KNOTS ( ( 4, 4 ),
 ( 3.141592653589793116, 3.926990816987241395 ),
 .UNSPECIFIED. ) 
 CURVE ( )  GEOMETRIC_REPRESENTATION_ITEM ( )  RATIONAL_B_SPLINE_CURVE ( ( 1.000000000000000000, 0.9492530216741911220, 0.9492530216741911220, 1.000000000000000000 ) ) 
 REPRESENTATION_ITEM ( '' )  );
#2528 = ORIENTED_EDGE ( 'NONE', *, *, #4981, .F. ) ;
#2527 = VERTEX_POINT ( 'NONE', #6048 ) ;
#2529 = UNCERTAINTY_MEASURE_WITH_UNIT (LENGTH_MEASURE( 1.000000000000000082E-05 ), #5311, 'distance_accuracy_value', 'NONE');
#2530 = LINE ( 'NONE', #4481, #4226 ) ;
#2531 = CARTESIAN_POINT ( 'NONE',  ( -0.1692625335108507434, -1.129999999999999227, 1.812862434670053258 ) ) ;
#2532 = ORIENTED_EDGE ( 'NONE', *, *, #1471, .F. ) ;
#2533 = EDGE_CURVE ( 'NONE', #4541, #512, #8089, .T. ) ;
#2534 = AXIS2_PLACEMENT_3D ( 'NONE', #1306, #2105, #6239 ) ;
#2535 = LINE ( 'NONE', #1935, #1751 ) ;
#2537 = EDGE_LOOP ( 'NONE', ( #1691, #8751, #3260, #9037 ) ) ;
#2536 = EDGE_LOOP ( 'NONE', ( #511, #1511, #5431, #8708, #6087, #444 ) ) ;
#2538 = UNCERTAINTY_MEASURE_WITH_UNIT (LENGTH_MEASURE( 1.000000000000000082E-05 ), #4863, 'distance_accuracy_value', 'NONE');
#2539 = CARTESIAN_POINT ( 'NONE',  ( -0.3199999999999998956, -0.3200000000000006728, 7.909999999999988596 ) ) ;
#2540 = DIRECTION ( 'NONE',  ( 0.9396926207859079838, 0.3420201433256698231, 0.000000000000000000 ) ) ;
#2541 = ADVANCED_FACE ( 'NONE', ( #1067 ), #524, .F. ) ;
#2542 = VECTOR ( 'NONE', #892, 1000.000000000000114 ) ;
#2543 = EDGE_CURVE ( 'NONE', #473, #2596, #8785, .T. ) ;
#2544 = CARTESIAN_POINT ( 'NONE',  ( 0.7699999999999996847, 3.749999999999999112, 2.500000000000000000 ) ) ;
#2545 = CARTESIAN_POINT ( 'NONE',  ( 0.2560000000000002274, 2.219999999999999751, -2.359999999999988773 ) ) ;
#2546 = COLOUR_RGB ( '',0.9686274509803921573, 0.8784313725490195957, 0.5999999999999999778 ) ;
#2547 = DIRECTION ( 'NONE',  ( -0.000000000000000000, 0.9848077530122085754, 0.1736481776669278887 ) ) ;
#2548 = PLANE ( 'NONE',  #3817 ) ;
#2549 = LINE ( 'NONE', #3343, #4467 ) ;
#2550 = ORIENTED_EDGE ( 'NONE', *, *, #8586, .F. ) ;
#2551 = UNCERTAINTY_MEASURE_WITH_UNIT (LENGTH_MEASURE( 1.000000000000000082E-05 ), #5043, 'distance_accuracy_value', 'NONE');
#2552 = LINE ( 'NONE', #5913, #8578 ) ;
#2553 = FACE_OUTER_BOUND ( 'NONE', #1466, .T. ) ;
#2554 = ORIENTED_EDGE ( 'NONE', *, *, #6326, .T. ) ;
#2555 =( LENGTH_UNIT ( ) NAMED_UNIT ( * ) SI_UNIT ( .MILLI., .METRE. ) );
#2556 = PRESENTATION_LAYER_ASSIGNMENT (  '', '', ( #8849 ) ) ;
#2557 = CARTESIAN_POINT ( 'NONE',  ( -0.7700000000000004619, 3.749999999999999112, 2.500000000000000000 ) ) ;
#2558 = FACE_OUTER_BOUND ( 'NONE', #8481, .T. ) ;
#2559 = CARTESIAN_POINT ( 'NONE',  ( 3.809999999999999609, 3.499999999999997780, 2.350000000000000089 ) ) ;
#2560 = CARTESIAN_POINT ( 'NONE',  ( 0.08156717307178730503, -1.225837934305053611, 1.091565657200894490 ) ) ;
#2561 = DIRECTION ( 'NONE',  ( 0.000000000000000000, 0.000000000000000000, 1.000000000000000000 ) ) ;
#2562 = CARTESIAN_POINT ( 'NONE',  ( -0.3199999999999999512, 2.859999999999999876, 8.550000000000000711 ) ) ;
#2563 = AXIS2_PLACEMENT_3D ( 'NONE', #5353, #1999, #7361 ) ;
#2564 = ADVANCED_FACE ( 'NONE', ( #6688 ), #8926, .F. ) ;
#2565 = ORIENTED_EDGE ( 'NONE', *, *, #7790, .F. ) ;
#2566 = DIRECTION ( 'NONE',  ( 0.000000000000000000, 0.000000000000000000, -1.000000000000000000 ) ) ;
#2567 = ORIENTED_EDGE ( 'NONE', *, *, #4964, .F. ) ;
#2568 = AXIS2_PLACEMENT_3D ( 'NONE', #4805, #4851, #8314 ) ;
#2569 =( NAMED_UNIT ( * ) PLANE_ANGLE_UNIT ( ) SI_UNIT ( $, .RADIAN. ) );
#2570 =( GEOMETRIC_REPRESENTATION_CONTEXT ( 3 ) GLOBAL_UNCERTAINTY_ASSIGNED_CONTEXT ( ( #2447 ) ) GLOBAL_UNIT_ASSIGNED_CONTEXT ( ( #8035, #7351, #3191 ) ) REPRESENTATION_CONTEXT ( 'NONE', 'WORKASPACE' ) );
#2571 = DIRECTION ( 'NONE',  ( 0.7071067811865515695, -0.000000000000000000, 0.7071067811865435759 ) ) ;
#2572 = PLANE ( 'NONE',  #8347 ) ;
#2573 = ADVANCED_FACE ( 'NONE', ( #8137 ), #8181, .F. ) ;
#2574 =( LENGTH_UNIT ( ) NAMED_UNIT ( * ) SI_UNIT ( .MILLI., .METRE. ) );
#2575 = EDGE_CURVE ( 'NONE', #8652, #7835, #6517, .T. ) ;
#2577 = ORIENTED_EDGE ( 'NONE', *, *, #8664, .F. ) ;
#2576 = ORIENTED_EDGE ( 'NONE', *, *, #3244, .F. ) ;
#2578 = CARTESIAN_POINT ( 'NONE',  ( -9.912051728362343045E-17, -1.149999999999999911, 1.270000000000000018 ) ) ;
#2579 = PRESENTATION_LAYER_ASSIGNMENT (  '', '', ( #8419 ) ) ;
#2580 = PLANE ( 'NONE',  #5362 ) ;
#2581 = COLOUR_RGB ( '',0.9686274509803921573, 0.8784313725490195957, 0.5999999999999999778 ) ;
#2582 = ORIENTED_EDGE ( 'NONE', *, *, #9032, .T. ) ;
#2583 = CARTESIAN_POINT ( 'NONE',  ( 2.841266522128489402, 2.238733477871510669, -2.466242832470900037 ) ) ;
#2584 = EDGE_CURVE ( 'NONE', #4544, #257, #428, .T. ) ;
#2585 =( GEOMETRIC_REPRESENTATION_CONTEXT ( 3 ) GLOBAL_UNCERTAINTY_ASSIGNED_CONTEXT ( ( #1887 ) ) GLOBAL_UNIT_ASSIGNED_CONTEXT ( ( #7000, #5485, #4306 ) ) REPRESENTATION_CONTEXT ( 'NONE', 'WORKASPACE' ) );
#2586 = CARTESIAN_POINT ( 'NONE',  ( -0.2031250000000001665, -1.250000000000000000, 1.378433734939759292 ) ) ;
#2588 = ORIENTED_EDGE ( 'NONE', *, *, #2903, .F. ) ;
#2587 = EDGE_LOOP ( 'NONE', ( #7716, #601, #7737, #8829, #3450, #8852 ) ) ;
#2589 = CARTESIAN_POINT ( 'NONE',  ( 2.220000000000000195, 2.795999999999999375, 7.909999999999988596 ) ) ;
#2590 = DIRECTION ( 'NONE',  ( -1.000000000000000000, 0.000000000000000000, 0.000000000000000000 ) ) ;
#2591 = LINE ( 'NONE', #6723, #1782 ) ;
#2592 = SURFACE_STYLE_FILL_AREA ( #561 ) ;
#2593 = DIRECTION ( 'NONE',  ( -1.000000000000000000, 0.000000000000000000, 0.000000000000000000 ) ) ;
#2594 = CARTESIAN_POINT ( 'NONE',  ( -0.1581755106426779856, -1.149999999999996581, 1.806337991346788296 ) ) ;
#2595 = SURFACE_SIDE_STYLE ('',( #1286 ) ) ;
#2596 = VERTEX_POINT ( 'NONE', #7504 ) ;
#2597 = CARTESIAN_POINT ( 'NONE',  ( 5.400000000000000355, 2.795999999999999375, 7.909999999999988596 ) ) ;
#2598 = CARTESIAN_POINT ( 'NONE',  ( 1.270000000000000462, -0.7700000000000002398, 0.6000000000000000888 ) ) ;
#2599 = ORIENTED_EDGE ( 'NONE', *, *, #5336, .T. ) ;
#2600 = FACE_OUTER_BOUND ( 'NONE', #6562, .T. ) ;
#2601 = CARTESIAN_POINT ( 'NONE',  ( 4.760000000000000675, 0.2071507323465813233, 8.550000000000000711 ) ) ;
#2602 = FILL_AREA_STYLE ('',( #7004 ) ) ;
#2603 = DIRECTION ( 'NONE',  ( -0.000000000000000000, 1.000000000000000000, 0.000000000000000000 ) ) ;
#2604 = LINE ( 'NONE', #1252, #6645 ) ;
#2605 = ADVANCED_FACE ( 'NONE', ( #1160 ), #6086, .F. ) ;
#2606 = LINE ( 'NONE', #625, #6078 ) ;
#2607 = EDGE_LOOP ( 'NONE', ( #4391, #7443, #5897, #5873 ) ) ;
#2608 = FILL_AREA_STYLE_COLOUR ( '', #8311 ) ;
#2609 = VERTEX_POINT ( 'NONE', #6826 ) ;
#2610 = VECTOR ( 'NONE', #1876, 1000.000000000000000 ) ;
#2611 = DIRECTION ( 'NONE',  ( 6.842277657836020854E-49, -5.078189165123089681E-17, 1.000000000000000000 ) ) ;
#2612 = LINE ( 'NONE', #879, #8193 ) ;
#2613 = CARTESIAN_POINT ( 'NONE',  ( 6.300000000000000711, 3.270000000000000462, 0.6500000000000003553 ) ) ;
#2614 = CARTESIAN_POINT ( 'NONE',  ( 4.059999999999999609, 3.499999999999997780, 2.500000000000000000 ) ) ;
#2615 = AXIS2_PLACEMENT_3D ( 'NONE', #4532, #1859, #3141 ) ;
#2616 = COLOUR_RGB ( '',0.9686274509803921573, 0.8784313725490195957, 0.5999999999999999778 ) ;
#2617 = EDGE_CURVE ( 'NONE', #1041, #8853, #3346, .T. ) ;
#2618 = CARTESIAN_POINT ( 'NONE',  ( -0.1973794752863967938, -1.249999999999993339, 0.7781227024462187281 ) ) ;
#2620 = ORIENTED_EDGE ( 'NONE', *, *, #3952, .F. ) ;
#2619 = VERTEX_POINT ( 'NONE', #6872 ) ;
#2621 = CARTESIAN_POINT ( 'NONE',  ( 0.1546753745387299817, -1.250000000000000888, 0.7699033747583783338 ) ) ;
#2622 = CARTESIAN_POINT ( 'NONE',  ( -0.1855040689101464524, -1.129999999999999449, 1.811417952186437086 ) ) ;
#2623 = VERTEX_POINT ( 'NONE', #4075 ) ;
#2624 = CARTESIAN_POINT ( 'NONE',  ( -0.3134175730544420668, 2.250907905062563774, -2.397330798265291385 ) ) ;
#2625 = EDGE_CURVE ( 'NONE', #2619, #1438, #570, .T. ) ;
#2626 = MECHANICAL_DESIGN_GEOMETRIC_PRESENTATION_REPRESENTATION (  '', ( #2318 ), #2182 ) ;
#2627 = STYLED_ITEM ( 'NONE', ( #7945 ), #7795 ) ;
#2628 = EDGE_CURVE ( 'NONE', #4748, #3136, #1378, .T. ) ;
#2629 =( LENGTH_UNIT ( ) NAMED_UNIT ( * ) SI_UNIT ( .MILLI., .METRE. ) );
#2630 =( LENGTH_UNIT ( ) NAMED_UNIT ( * ) SI_UNIT ( .MILLI., .METRE. ) );
#2631 = VECTOR ( 'NONE', #4274, 1000.000000000000000 ) ;
#2633 = ORIENTED_EDGE ( 'NONE', *, *, #1325, .F. ) ;
#2632 = EDGE_LOOP ( 'NONE', ( #6220, #5219, #3694, #7096, #6423, #591 ) ) ;
#2634 = UNCERTAINTY_MEASURE_WITH_UNIT (LENGTH_MEASURE( 1.000000000000000082E-05 ), #2456, 'distance_accuracy_value', 'NONE');
#2635 = VECTOR ( 'NONE', #1792, 1000.000000000000000 ) ;
#2636 = CARTESIAN_POINT ( 'NONE',  ( -0.1771939946250035980, -1.249999999999989786, 1.768241958426034932 ) ) ;
#2637 = PLANE ( 'NONE',  #5653 ) ;
#2638 = DIRECTION ( 'NONE',  ( -0.000000000000000000, -0.000000000000000000, -1.000000000000000000 ) ) ;
#2639 = FILL_AREA_STYLE ('',( #3879 ) ) ;
#2640 = MECHANICAL_DESIGN_GEOMETRIC_PRESENTATION_REPRESENTATION (  '', ( #9068 ), #5565 ) ;
#2641 =( GEOMETRIC_REPRESENTATION_CONTEXT ( 3 ) GLOBAL_UNCERTAINTY_ASSIGNED_CONTEXT ( ( #1042 ) ) GLOBAL_UNIT_ASSIGNED_CONTEXT ( ( #7314, #2457, #5258 ) ) REPRESENTATION_CONTEXT ( 'NONE', 'WORKASPACE' ) );
#2642 = FACE_OUTER_BOUND ( 'NONE', #1053, .T. ) ;
#2643 = ADVANCED_FACE ( 'NONE', ( #2785 ), #7687, .T. ) ;
#2644 = CARTESIAN_POINT ( 'NONE',  ( 4.060000000000000497, -1.250000000000000222, 0.5999999999999999778 ) ) ;
#2645 =( NAMED_UNIT ( * ) PLANE_ANGLE_UNIT ( ) SI_UNIT ( $, .RADIAN. ) );
#2646 = CARTESIAN_POINT ( 'NONE',  ( 0.000000000000000000, -0.2071507323465826833, 8.550000000000000711 ) ) ;
#2647 = VERTEX_POINT ( 'NONE', #2178 ) ;
#2648 = UNCERTAINTY_MEASURE_WITH_UNIT (LENGTH_MEASURE( 1.000000000000000082E-05 ), #1853, 'distance_accuracy_value', 'NONE');
#2649 = CARTESIAN_POINT ( 'NONE',  ( 0.2560000000000001719, 0.3199999999999993960, 7.909999999999988596 ) ) ;
#2650 = CARTESIAN_POINT ( 'NONE',  ( 6.250000000000000000, -0.7700000000000006839, 0.6000000000000000888 ) ) ;
#2651 = ORIENTED_EDGE ( 'NONE', *, *, #757, .T. ) ;
#2652 = CARTESIAN_POINT ( 'NONE',  ( 2.747150732346582025, 0.2071507323465813233, 8.550000000000000711 ) ) ;
#2653 = EDGE_CURVE ( 'NONE', #6110, #6746, #2130, .T. ) ;
#2654 = DIRECTION ( 'NONE',  ( 0.000000000000000000, -1.000000000000000000, 0.000000000000000000 ) ) ;
#2655 =( NAMED_UNIT ( * ) SI_UNIT ( $, .STERADIAN. ) SOLID_ANGLE_UNIT ( ) );
#2656 = DIRECTION ( 'NONE',  ( 0.000000000000000000, 1.000000000000000000, 0.000000000000000000 ) ) ;
#2657 =( LENGTH_UNIT ( ) NAMED_UNIT ( * ) SI_UNIT ( .MILLI., .METRE. ) );
#2658 = FACE_OUTER_BOUND ( 'NONE', #756, .T. ) ;
#2659 = PRESENTATION_STYLE_ASSIGNMENT (( #5496 ) ) ;
#2660 = EDGE_LOOP ( 'NONE', ( #7290, #7165, #5411, #1313 ) ) ;
#2661 = VERTEX_POINT ( 'NONE', #2916 ) ;
#2662 = LINE ( 'NONE', #1213, #571 ) ;
#2663 =( NAMED_UNIT ( * ) PLANE_ANGLE_UNIT ( ) SI_UNIT ( $, .RADIAN. ) );
#2664 = MECHANICAL_DESIGN_GEOMETRIC_PRESENTATION_REPRESENTATION (  '', ( #603 ), #7784 ) ;
#2665 = FILL_AREA_STYLE ('',( #8894 ) ) ;
#2667 = VERTEX_POINT ( 'NONE', #6922 ) ;
#2666 = ORIENTED_EDGE ( 'NONE', *, *, #1566, .F. ) ;
#2668 = CARTESIAN_POINT ( 'NONE',  ( 0.2153368545994584493, -1.129999999999999449, 0.7379887785981120718 ) ) ;
#2669 = LINE ( 'NONE', #724, #5217 ) ;
#2670 = ORIENTED_EDGE ( 'NONE', *, *, #3132, .F. ) ;
#2671 =( LENGTH_UNIT ( ) NAMED_UNIT ( * ) SI_UNIT ( .MILLI., .METRE. ) );
#2672 = VECTOR ( 'NONE', #8587, 1000.000000000000000 ) ;
#2673 = CARTESIAN_POINT ( 'NONE',  ( 2.796000000000000263, 2.859999999999999876, 7.909999999999988596 ) ) ;
#2674 = VECTOR ( 'NONE', #7876, 1000.000000000000114 ) ;
#2676 = ORIENTED_EDGE ( 'NONE', *, *, #26, .T. ) ;
#2675 = VERTEX_POINT ( 'NONE', #7772 ) ;
#2677 = FILL_AREA_STYLE ('',( #9046 ) ) ;
#2678 = CARTESIAN_POINT ( 'NONE',  ( 0.1770002516592693309, -1.249999999999996447, 1.768231629108717229 ) ) ;
#2679 = LINE ( 'NONE', #1413, #1421 ) ;
#2680 = EDGE_CURVE ( 'NONE', #7442, #1408, #8505, .T. ) ;
#2681 = B_SPLINE_CURVE_WITH_KNOTS ( 'NONE', 3,
 ( #2934, #5087, #4422, #8838, #6054, #1824, #3848 ),
 .UNSPECIFIED., .F., .F.,
 ( 4, 3, 4 ),
 ( 0.000000000000000000, 4.546922341132792486E-05, 0.0001064217250085869825 ),
 .UNSPECIFIED. ) ;
#2682 = DIRECTION ( 'NONE',  ( -6.842277657836020854E-49, 5.078189165123089681E-17, -1.000000000000000000 ) ) ;
#2683 = DIRECTION ( 'NONE',  ( 0.9848077530122085754, 8.341646135128160883E-17, 0.1736481776669278332 ) ) ;
#2684 = FACE_OUTER_BOUND ( 'NONE', #4185, .T. ) ;
#2685 = EDGE_CURVE ( 'NONE', #4053, #2619, #7725, .T. ) ;
#2686 = CARTESIAN_POINT ( 'NONE',  ( 4.760000000000001563, 2.266799289467859690, -2.359999999999986997 ) ) ;
#2687 = EDGE_LOOP ( 'NONE', ( #6627, #4927, #5735, #3400, #1452 ) ) ;
#2688 = DIRECTION ( 'NONE',  ( 0.000000000000000000, 0.000000000000000000, 1.000000000000000000 ) ) ;
#2689 = DIRECTION ( 'NONE',  ( 0.000000000000000000, -1.000000000000000000, 0.000000000000000000 ) ) ;
#2690 =( GEOMETRIC_REPRESENTATION_CONTEXT ( 3 ) GLOBAL_UNCERTAINTY_ASSIGNED_CONTEXT ( ( #4675 ) ) GLOBAL_UNIT_ASSIGNED_CONTEXT ( ( #1207, #485, #6187 ) ) REPRESENTATION_CONTEXT ( 'NONE', 'WORKASPACE' ) );
#2691 = CARTESIAN_POINT ( 'NONE',  ( 1.394999999999999574, 3.499999999999997780, 2.374999999999999112 ) ) ;
#2692 = EDGE_CURVE ( 'NONE', #4439, #7436, #10, .T. ) ;
#2693 =( LENGTH_UNIT ( ) NAMED_UNIT ( * ) SI_UNIT ( .MILLI., .METRE. ) );
#2694 = AXIS2_PLACEMENT_3D ( 'NONE', #5533, #3472, #6265 ) ;
#2695 = CARTESIAN_POINT ( 'NONE',  ( -1.019999999999999796, -0.9999999999999986677, 2.500000000000000000 ) ) ;
#2696 = LINE ( 'NONE', #4903, #5817 ) ;
#2697 = DIRECTION ( 'NONE',  ( 1.000000000000000000, 0.000000000000000000, 0.000000000000000000 ) ) ;
#2698 = EDGE_CURVE ( 'NONE', #4320, #1131, #8369, .T. ) ;
#2699 = FILL_AREA_STYLE ('',( #4083 ) ) ;
#2700 = DIRECTION ( 'NONE',  ( -8.470329472543003391E-17, 1.000000000000000000, 0.000000000000000000 ) ) ;
#2701 = ORIENTED_EDGE ( 'NONE', *, *, #3212, .F. ) ;
#2702 = PRESENTATION_LAYER_ASSIGNMENT (  '', '', ( #5044 ) ) ;
#2703 = ORIENTED_EDGE ( 'NONE', *, *, #8960, .T. ) ;
#2704 = CARTESIAN_POINT ( 'NONE',  ( -1.270000000000000684, 3.499999999999997780, 2.350000000000000089 ) ) ;
#2705 = DIRECTION ( 'NONE',  ( 1.000000000000000000, 0.000000000000000000, 0.000000000000000000 ) ) ;
#2706 = PRESENTATION_LAYER_ASSIGNMENT (  '', '', ( #198 ) ) ;
#2707 = EDGE_CURVE ( 'NONE', #3413, #5651, #7764, .T. ) ;
#2708 = CARTESIAN_POINT ( 'NONE',  ( 0.3200000000000000622, 0.2559999999999999498, -2.359999999999988773 ) ) ;
#2710 = ORIENTED_EDGE ( 'NONE', *, *, #4768, .T. ) ;
#2709 = ORIENTED_EDGE ( 'NONE', *, *, #7634, .T. ) ;
#2711 = DIRECTION ( 'NONE',  ( 1.000000000000000000, 3.533888243307264380E-16, 0.000000000000000000 ) ) ;
#2712 = SURFACE_STYLE_FILL_AREA ( #4097 ) ;
#2713 = ORIENTED_EDGE ( 'NONE', *, *, #4491, .T. ) ;
#2714 = PRESENTATION_STYLE_ASSIGNMENT (( #2022 ) ) ;
#2715 = COLOUR_RGB ( '',0.9686274509803921573, 0.8784313725490195957, 0.5999999999999999778 ) ;
#2716 = STYLED_ITEM ( 'NONE', ( #7536 ), #2930 ) ;
#2717 =( BOUNDED_CURVE ( )  B_SPLINE_CURVE ( 3, ( #1235, #6909, #4197, #7717 ),
 .UNSPECIFIED., .F., .F. ) 
 B_SPLINE_CURVE_WITH_KNOTS ( ( 4, 4 ),
 ( 5.497787143782138841, 6.283185307179586232 ),
 .UNSPECIFIED. ) 
 CURVE ( )  GEOMETRIC_REPRESENTATION_ITEM ( )  RATIONAL_B_SPLINE_CURVE ( ( 1.000000000000000000, 0.9492530216741912330, 0.9492530216741912330, 1.000000000000000000 ) ) 
 REPRESENTATION_ITEM ( '' )  );
#2718 = PLANE ( 'NONE',  #4002 ) ;
#2719 = FACE_OUTER_BOUND ( 'NONE', #5606, .T. ) ;
#2720 = STYLED_ITEM ( 'NONE', ( #7670 ), #4047 ) ;
#2721 = DIRECTION ( 'NONE',  ( 1.000000000000000000, 0.000000000000000000, 0.000000000000000000 ) ) ;
#2722 = CARTESIAN_POINT ( 'NONE',  ( 4.872849267653418970, -0.3200000000000007283, 8.550000000000000711 ) ) ;
#2724 = VERTEX_POINT ( 'NONE', #3522 ) ;
#2723 = ORIENTED_EDGE ( 'NONE', *, *, #6508, .F. ) ;
#2725 = ADVANCED_FACE ( 'NONE', ( #3564 ), #4307, .F. ) ;
#2726 = CARTESIAN_POINT ( 'NONE',  ( -0.2221105522436152835, -1.249999999999989342, 1.741970206909854380 ) ) ;
#2727 = CARTESIAN_POINT ( 'NONE',  ( 2.747150732346582025, 2.332849267653417158, 8.550000000000000711 ) ) ;
#2728 = LINE ( 'NONE', #6952, #3053 ) ;
#2729 = DIRECTION ( 'NONE',  ( 0.000000000000000000, -0.000000000000000000, 1.000000000000000000 ) ) ;
#2730 = VECTOR ( 'NONE', #5625, 1000.000000000000000 ) ;
#2731 = COLOUR_RGB ( '',1.000000000000000000, 0.8431372549019607865, 0.000000000000000000 ) ;
#2732 =( LENGTH_UNIT ( ) NAMED_UNIT ( * ) SI_UNIT ( .MILLI., .METRE. ) );
#2733 = CARTESIAN_POINT ( 'NONE',  ( -0.7700000000000004619, 3.749999999999999112, 2.500000000000000000 ) ) ;
#2734 = FILL_AREA_STYLE ('',( #2041 ) ) ;
#2735 = CARTESIAN_POINT ( 'NONE',  ( 6.100000000000000533, 3.270000000000000462, 0.000000000000000000 ) ) ;
#2736 = EDGE_LOOP ( 'NONE', ( #7654, #345, #2747, #3545 ) ) ;
#2737 = CARTESIAN_POINT ( 'NONE',  ( 0.1564787436807797416, -1.216666667114969069, 1.782132340979038165 ) ) ;
#2738 = CARTESIAN_POINT ( 'NONE',  ( 4.309999999999999609, 3.749999999999999112, 0.000000000000000000 ) ) ;
#2739 = EDGE_CURVE ( 'NONE', #2365, #7514, #792, .T. ) ;
#2740 = LINE ( 'NONE', #4037, #3678 ) ;
#2741 = LINE ( 'NONE', #5540, #707 ) ;
#2742 = EDGE_CURVE ( 'NONE', #3037, #4272, #658, .T. ) ;
#2743 =( NAMED_UNIT ( * ) SI_UNIT ( $, .STERADIAN. ) SOLID_ANGLE_UNIT ( ) );
#2744 = CARTESIAN_POINT ( 'NONE',  ( 1.770000000000000462, -1.250000000000000000, 2.500000000000000000 ) ) ;
#2745 = CARTESIAN_POINT ( 'NONE',  ( 5.336000000000000298, 2.860000000000000320, -2.359999999999988773 ) ) ;
#2746 = ORIENTED_EDGE ( 'NONE', *, *, #6471, .F. ) ;
#2747 = ORIENTED_EDGE ( 'NONE', *, *, #8279, .F. ) ;
#2748 = EDGE_CURVE ( 'NONE', #4506, #8782, #6900, .T. ) ;
#2749 = CARTESIAN_POINT ( 'NONE',  ( 2.170000000000000373, 3.499999999999998224, 1.599999999999989209 ) ) ;
#2750 = DIRECTION ( 'NONE',  ( -1.000000000000000000, -0.000000000000000000, 0.000000000000000000 ) ) ;
#2751 = SURFACE_STYLE_FILL_AREA ( #6456 ) ;
#2752 = CARTESIAN_POINT ( 'NONE',  ( 0.3200000000000000622, 0.3199999999999993960, 7.909999999999988596 ) ) ;
#2753 = STYLED_ITEM ( 'NONE', ( #3451 ), #5426 ) ;
#2755 = VERTEX_POINT ( 'NONE', #8550 ) ;
#2754 = ORIENTED_EDGE ( 'NONE', *, *, #4322, .F. ) ;
#2756 = CARTESIAN_POINT ( 'NONE',  ( 5.353200710532141748, 0.3199999999999998956, -2.359999999999988773 ) ) ;
#2757 = ORIENTED_EDGE ( 'NONE', *, *, #1979, .T. ) ;
#2758 = DIRECTION ( 'NONE',  ( -6.842277657836020854E-49, 5.078189165123089681E-17, -1.000000000000000000 ) ) ;
#2759 = EDGE_CURVE ( 'NONE', #8695, #6824, #6629, .T. ) ;
#2760 = FILL_AREA_STYLE_COLOUR ( '', #8822 ) ;
#2761 =( NAMED_UNIT ( * ) SI_UNIT ( $, .STERADIAN. ) SOLID_ANGLE_UNIT ( ) );
#2762 = FILL_AREA_STYLE_COLOUR ( '', #5802 ) ;
#2763 = FACE_OUTER_BOUND ( 'NONE', #1805, .T. ) ;
#2765 = ORIENTED_EDGE ( 'NONE', *, *, #3977, .T. ) ;
#2764 = ORIENTED_EDGE ( 'NONE', *, *, #1634, .T. ) ;
#2766 = FACE_OUTER_BOUND ( 'NONE', #3597, .T. ) ;
#2767 = CARTESIAN_POINT ( 'NONE',  ( 0.2219035924842162610, -1.249999999999996447, 1.742749986091904013 ) ) ;
#2768 = CARTESIAN_POINT ( 'NONE',  ( 3.810000000000000941, -0.7700000000000002398, 0.6000000000000000888 ) ) ;
#2769 = CIRCLE ( 'NONE', #6576, 0.6136029765733795882 ) ;
#2770 = STYLED_ITEM ( 'NONE', ( #7821 ), #7379 ) ;
#2771 =( BOUNDED_CURVE ( )  B_SPLINE_CURVE ( 3, ( #6674, #413, #514, #3379 ),
 .UNSPECIFIED., .F., .F. ) 
 B_SPLINE_CURVE_WITH_KNOTS ( ( 4, 4 ),
 ( 8.470329472543023112E-16, 0.7853981633974480570 ),
 .UNSPECIFIED. ) 
 CURVE ( )  GEOMETRIC_REPRESENTATION_ITEM ( )  RATIONAL_B_SPLINE_CURVE ( ( 1.000000000000000000, 0.9492530216741912330, 0.9492530216741912330, 1.000000000000000000 ) ) 
 REPRESENTATION_ITEM ( '' )  );
#2772 = CARTESIAN_POINT ( 'NONE',  ( -2.169999999999998153, -0.9999999999999988898, 1.600000000000011857 ) ) ;
#2773 = EDGE_CURVE ( 'NONE', #6324, #1274, #2304, .T. ) ;
#2774 = EDGE_CURVE ( 'NONE', #2406, #7395, #837, .T. ) ;
#2775 = SURFACE_STYLE_USAGE ( .BOTH. , #4245 ) ;
#2776 = VECTOR ( 'NONE', #809, 1000.000000000000000 ) ;
#2777 = CARTESIAN_POINT ( 'NONE',  ( 0.2640549167020749266, -1.170006761748994872, 0.8482684769004060765 ) ) ;
#2778 = PRESENTATION_LAYER_ASSIGNMENT (  '', '', ( #2627 ) ) ;
#2779 = B_SPLINE_CURVE_WITH_KNOTS ( 'NONE', 3,
 ( #6701, #177, #7430, #1657, #2994, #5809, #2298 ),
 .UNSPECIFIED., .F., .F.,
 ( 4, 3, 4 ),
 ( 0.000000000000000000, 5.321035412781914418E-05, 0.0001064207082558059196 ),
 .UNSPECIFIED. ) ;
#2780 = DIRECTION ( 'NONE',  ( 0.000000000000000000, -1.000000000000000000, 0.000000000000000000 ) ) ;
#2781 = CARTESIAN_POINT ( 'NONE',  ( 3.810000000000000941, -0.9999999999999978906, 2.350000000000000089 ) ) ;
#2782 = CARTESIAN_POINT ( 'NONE',  ( 4.760000000000000675, 2.283999999999999808, -2.359999999999988773 ) ) ;
#2783 = ORIENTED_EDGE ( 'NONE', *, *, #4659, .F. ) ;
#2784 = CARTESIAN_POINT ( 'NONE',  ( 2.540000000000000036, 0.2071507323465813233, 8.550000000000000711 ) ) ;
#2785 = FACE_OUTER_BOUND ( 'NONE', #4963, .T. ) ;
#2786 = COLOUR_RGB ( '',0.9686274509803921573, 0.8784313725490195957, 0.5999999999999999778 ) ;
#2787 = AXIS2_PLACEMENT_3D ( 'NONE', #8254, #1270, #8814 ) ;
#2788 = DIRECTION ( 'NONE',  ( 8.470329472543003391E-17, -1.000000000000000000, 0.000000000000000000 ) ) ;
#2789 = FACE_OUTER_BOUND ( 'NONE', #1759, .T. ) ;
#2790 = CARTESIAN_POINT ( 'NONE',  ( -1.270000000000000684, 3.499999999999997780, 2.350000000000000089 ) ) ;
#2791 = CARTESIAN_POINT ( 'NONE',  ( 4.823999999999999844, -0.3200000000000007283, 8.550000000000000711 ) ) ;
#2792 = AXIS2_PLACEMENT_3D ( 'NONE', #7447, #2682, #1281 ) ;
#2793 = AXIS2_PLACEMENT_3D ( 'NONE', #3625, #103, #7903 ) ;
#2794 = LINE ( 'NONE', #1343, #4190 ) ;
#2795 = LINE ( 'NONE', #20, #7817 ) ;
#2796 = VERTEX_POINT ( 'NONE', #5073 ) ;
#2797 = ORIENTED_EDGE ( 'NONE', *, *, #6951, .T. ) ;
#2798 = EDGE_CURVE ( 'NONE', #777, #9014, #6449, .T. ) ;
#2799 = EDGE_CURVE ( 'NONE', #6596, #6119, #4495, .T. ) ;
#2800 = AXIS2_PLACEMENT_3D ( 'NONE', #2330, #5050, #819 ) ;
#2801 = LINE ( 'NONE', #7013, #8801 ) ;
#2802 = PLANE ( 'NONE',  #4158 ) ;
#2803 = DIRECTION ( 'NONE',  ( 1.000000000000000000, 0.000000000000000000, 0.000000000000000000 ) ) ;
#2804 = PRODUCT_CONTEXT ( 'NONE', #4043, 'mechanical' ) ;
#2805 = ORIENTED_EDGE ( 'NONE', *, *, #5719, .F. ) ;
#2806 = FILL_AREA_STYLE ('',( #5693 ) ) ;
#2807 = ORIENTED_EDGE ( 'NONE', *, *, #3801, .F. ) ;
#2808 = AXIS2_PLACEMENT_3D ( 'NONE', #4167, #6315, #662 ) ;
#2809 = PLANE ( 'NONE',  #1488 ) ;
#2810 = DIRECTION ( 'NONE',  ( 0.000000000000000000, -1.000000000000000000, -5.078189165123089681E-17 ) ) ;
#2811 = DIRECTION ( 'NONE',  ( 1.000000000000000000, 0.000000000000000000, 0.000000000000000000 ) ) ;
#2812 = ADVANCED_FACE ( 'NONE', ( #7941 ), #7983, .F. ) ;
#2814 = ORIENTED_EDGE ( 'NONE', *, *, #2280, .T. ) ;
#2813 = EDGE_LOOP ( 'NONE', ( #3227, #4665, #6778, #9084 ) ) ;
#2816 = CARTESIAN_POINT ( 'NONE',  ( 2.338912788997920877, 0.2010872110020782699, 8.584387938363944315 ) ) ;
#2815 = B_SPLINE_CURVE_WITH_KNOTS ( 'NONE', 3,
 ( #6122, #8168, #5387, #4110, #2726, #555, #6210, #2636, #5433, #8213 ),
 .UNSPECIFIED., .F., .F.,
 ( 4, 2, 2, 2, 4 ),
 ( 0.000000000000000000, 3.115297871150322153E-05, 6.230595742300644305E-05, 9.345893613450965780E-05, 0.0001246119148460128861 ),
 .UNSPECIFIED. ) ;
#2817 = ORIENTED_EDGE ( 'NONE', *, *, #2357, .F. ) ;
#2818 = LINE ( 'NONE', #8961, #2174 ) ;
#2819 = PRESENTATION_STYLE_ASSIGNMENT (( #4069 ) ) ;
#2820 = LINE ( 'NONE', #7804, #3964 ) ;
#2821 = LINE ( 'NONE', #1417, #3802 ) ;
#2822 = CARTESIAN_POINT ( 'NONE',  ( 5.400000000000000355, 2.859999999999999876, -2.359999999999988773 ) ) ;
#2823 = FILL_AREA_STYLE ('',( #4397 ) ) ;
#2824 = PRESENTATION_STYLE_ASSIGNMENT (( #7684 ) ) ;
#2825 = EDGE_CURVE ( 'NONE', #732, #4227, #8596, .T. ) ;
#2826 = ORIENTED_EDGE ( 'NONE', *, *, #8334, .T. ) ;
#2827 = DIRECTION ( 'NONE',  ( 0.000000000000000000, 1.000000000000000000, 0.000000000000000000 ) ) ;
#2828 = CARTESIAN_POINT ( 'NONE',  ( 2.910000000000001918, -0.9999999999999988898, 1.600000000000011857 ) ) ;
#2829 = EDGE_CURVE ( 'NONE', #130, #3520, #921, .T. ) ;
#2830 = CARTESIAN_POINT ( 'NONE',  ( 3.560000000000000497, -0.9999999999999978906, 2.500000000000000000 ) ) ;
#2831 = DIRECTION ( 'NONE',  ( 1.000000000000000000, 8.470329472543003391E-17, 4.301393535249064745E-33 ) ) ;
#2832 = CARTESIAN_POINT ( 'NONE',  ( 2.829092094937436297, 2.226582426945557636, 7.947330798265289431 ) ) ;
#2833 = SURFACE_STYLE_USAGE ( .BOTH. , #6880 ) ;
#2834 = VECTOR ( 'NONE', #8179, 1000.000000000000000 ) ;
#2835 = CARTESIAN_POINT ( 'NONE',  ( 1.269999999999999796, 3.499999999999998224, 0.5999999999999998668 ) ) ;
#2836 = FILL_AREA_STYLE_COLOUR ( '', #2103 ) ;
#2837 = CARTESIAN_POINT ( 'NONE',  ( 1.019999999999999796, -0.9999999999999978906, 2.500000000000000000 ) ) ;
#2838 = ORIENTED_EDGE ( 'NONE', *, *, #3844, .T. ) ;
#2839 = EDGE_CURVE ( 'NONE', #5160, #732, #8685, .T. ) ;
#2840 = VERTEX_POINT ( 'NONE', #7306 ) ;
#2841 = CARTESIAN_POINT ( 'NONE',  ( 4.060000000000000497, 3.499999999999997780, 0.4500000000000001221 ) ) ;
#2842 = LINE ( 'NONE', #7657, #7190 ) ;
#2843 = B_SPLINE_SURFACE_WITH_KNOTS ( 'NONE', 1, 3, ( 
 ( #4550, #4596, #1167, #1918, #1071, #3210, #5312, #8747, #1825, #3850, #8095, #1872, #3898, #3254, #6094, #6694 ),
 ( #6008, #8793, #6740, #3992, #6599, #5966, #289, #8839, #2467, #6789, #6647, #3303, #7422, #1119, #8884, #340 ) ),
 .UNSPECIFIED., .F., .F., .F.,
 ( 2, 2 ),
 ( 4, 3, 2, 2, 2, 3, 4 ),
 ( 0.000000000000000000, 1.000000000000000000 ),
 ( -0.01646236224589351510, 0.000000000000000000, 0.2500000000000000000, 0.5000000000000000000, 0.7500000000000000000, 1.000000000000000000, 1.012313403687755908 ),
 .UNSPECIFIED. ) ;
#2844 = EDGE_CURVE ( 'NONE', #396, #5227, #144, .T. ) ;
#2845 = LINE ( 'NONE', #2752, #1633 ) ;
#2846 = AXIS2_PLACEMENT_3D ( 'NONE', #1209, #3354, #3995 ) ;
#2847 = EDGE_LOOP ( 'NONE', ( #8006, #7, #2913, #6192 ) ) ;
#2848 = DIRECTION ( 'NONE',  ( 0.000000000000000000, 1.000000000000000000, 0.000000000000000000 ) ) ;
#2849 = FACE_OUTER_BOUND ( 'NONE', #3420, .T. ) ;
#2850 = VERTEX_POINT ( 'NONE', #2962 ) ;
#2851 = LINE ( 'NONE', #5654, #5728 ) ;
#2852 = STYLED_ITEM ( 'NONE', ( #7095 ), #2426 ) ;
#2853 = LINE ( 'NONE', #2157, #4843 ) ;
#2854 = SURFACE_STYLE_USAGE ( .BOTH. , #3808 ) ;
#2855 = FACE_OUTER_BOUND ( 'NONE', #261, .T. ) ;
#2857 = ORIENTED_EDGE ( 'NONE', *, *, #1073, .T. ) ;
#2856 = VERTEX_POINT ( 'NONE', #3004 ) ;
#2858 = CARTESIAN_POINT ( 'NONE',  ( 6.350000000000000533, -0.9999999999999978906, 0.5999999999999998668 ) ) ;
#2859 = VECTOR ( 'NONE', #7392, 1000.000000000000000 ) ;
#2860 = DIRECTION ( 'NONE',  ( -0.3420201433256690460, -0.9396926207859083169, 0.000000000000000000 ) ) ;
#2861 = VERTEX_POINT ( 'NONE', #1573 ) ;
#2862 = SURFACE_STYLE_USAGE ( .BOTH. , #2036 ) ;
#2863 = AXIS2_PLACEMENT_3D ( 'NONE', #2187, #4505, #5729 ) ;
#2864 = FILL_AREA_STYLE_COLOUR ( '', #3240 ) ;
#2865 = VECTOR ( 'NONE', #6268, 1000.000000000000000 ) ;
#2866 = FILL_AREA_STYLE_COLOUR ( '', #2919 ) ;
#2867 = PRESENTATION_STYLE_ASSIGNMENT (( #5762 ) ) ;
#2868 = FACE_OUTER_BOUND ( 'NONE', #1232, .T. ) ;
#2869 = VERTEX_POINT ( 'NONE', #2267 ) ;
#2870 = CARTESIAN_POINT ( 'NONE',  ( 0.3200000000000000622, 0.2559999999999993947, 8.550000000000000711 ) ) ;
#2871 = SURFACE_STYLE_USAGE ( .BOTH. , #5675 ) ;
#2872 = SURFACE_STYLE_FILL_AREA ( #3309 ) ;
#2873 = VECTOR ( 'NONE', #5715, 1000.000000000000000 ) ;
#2874 = DIRECTION ( 'NONE',  ( 0.7071067811865495711, -0.000000000000000000, 0.7071067811865454633 ) ) ;
#2875 = FACE_OUTER_BOUND ( 'NONE', #4183, .T. ) ;
#2876 = CARTESIAN_POINT ( 'NONE',  ( 0.2350144158658696025, -1.250000000000000888, 1.098526400594152630 ) ) ;
#2877 = CARTESIAN_POINT ( 'NONE',  ( 0.2071507323465825723, -0.2071507323465826000, -3.000000000000000000 ) ) ;
#2878 = VECTOR ( 'NONE', #4750, 1000.000000000000000 ) ;
#2879 = SURFACE_SIDE_STYLE ('',( #62 ) ) ;
#2880 = CARTESIAN_POINT ( 'NONE',  ( 3.559999999999999609, -0.7700000000000002398, 0.4500000000000018430 ) ) ;
#2881 = CARTESIAN_POINT ( 'NONE',  ( -1.145000000000000684, 3.499999999999997780, 2.374999999999999112 ) ) ;
#2882 = CARTESIAN_POINT ( 'NONE',  ( -0.3012548339959391086, -0.3012548339959393862, -2.466309119164536767 ) ) ;
#2883 = ORIENTED_EDGE ( 'NONE', *, *, #5048, .F. ) ;
#2884 = ORIENTED_EDGE ( 'NONE', *, *, #5124, .F. ) ;
#2885 = CARTESIAN_POINT ( 'NONE',  ( 0.2513693838172026407, -1.149999999999999467, 1.764975519266270609 ) ) ;
#2886 = SURFACE_STYLE_FILL_AREA ( #7787 ) ;
#2887 = EDGE_CURVE ( 'NONE', #1177, #7534, #885, .T. ) ;
#2888 = PRESENTATION_STYLE_ASSIGNMENT (( #5644 ) ) ;
#2889 = CARTESIAN_POINT ( 'NONE',  ( 0.3012548339959392751, 2.841254833995939144, -2.466309119164536767 ) ) ;
#2891 = ORIENTED_EDGE ( 'NONE', *, *, #3947, .F. ) ;
#2890 = ORIENTED_EDGE ( 'NONE', *, *, #7833, .T. ) ;
#2892 =( LENGTH_UNIT ( ) NAMED_UNIT ( * ) SI_UNIT ( .MILLI., .METRE. ) );
#2893 = ORIENTED_EDGE ( 'NONE', *, *, #7803, .F. ) ;
#2894 = FILL_AREA_STYLE ('',( #3030 ) ) ;
#2895 = CARTESIAN_POINT ( 'NONE',  ( 2.332849267653418046, 0.2071507323465813233, 8.550000000000000711 ) ) ;
#2896 = LINE ( 'NONE', #2207, #8928 ) ;
#2897 =( LENGTH_UNIT ( ) NAMED_UNIT ( * ) SI_UNIT ( .MILLI., .METRE. ) );
#2899 = VERTEX_POINT ( 'NONE', #7178 ) ;
#2898 = ORIENTED_EDGE ( 'NONE', *, *, #5686, .F. ) ;
#2900 = UNCERTAINTY_MEASURE_WITH_UNIT (LENGTH_MEASURE( 1.000000000000000082E-05 ), #3313, 'distance_accuracy_value', 'NONE');
#2901 = LINE ( 'NONE', #4971, #5079 ) ;
#2902 = LINE ( 'NONE', #6438, #4352 ) ;
#2903 = EDGE_CURVE ( 'NONE', #8879, #7433, #8642, .T. ) ;
#2904 = ORIENTED_EDGE ( 'NONE', *, *, #424, .T. ) ;
#2905 = DIRECTION ( 'NONE',  ( -0.000000000000000000, 0.000000000000000000, -1.000000000000000000 ) ) ;
#2906 = ADVANCED_FACE ( 'NONE', ( #4667 ), #4751, .F. ) ;
#2907 = MECHANICAL_DESIGN_GEOMETRIC_PRESENTATION_REPRESENTATION (  '', ( #6867 ), #9049 ) ;
#2908 = EDGE_CURVE ( 'NONE', #918, #4701, #8214, .T. ) ;
#2909 = DIRECTION ( 'NONE',  ( -0.000000000000000000, 0.000000000000000000, 1.000000000000000000 ) ) ;
#2910 = CARTESIAN_POINT ( 'NONE',  ( 2.860000000000000320, 0.3199999999999993405, -2.359999999999988773 ) ) ;
#2911 = FILL_AREA_STYLE ('',( #3784 ) ) ;
#2912 = PRESENTATION_LAYER_ASSIGNMENT (  '', '', ( #8913 ) ) ;
#2913 = ORIENTED_EDGE ( 'NONE', *, *, #2222, .F. ) ;
#2914 = VECTOR ( 'NONE', #5688, 1000.000000000000000 ) ;
#2915 = CARTESIAN_POINT ( 'NONE',  ( 4.760000000000000675, -0.3200000000000001732, -2.359999999999988773 ) ) ;
#2916 = CARTESIAN_POINT ( 'NONE',  ( 2.841254833995939588, 2.841254833995939144, -2.466309119164536767 ) ) ;
#2917 = LINE ( 'NONE', #8551, #248 ) ;
#2918 = VECTOR ( 'NONE', #2603, 1000.000000000000000 ) ;
#2919 = COLOUR_RGB ( '',1.000000000000000000, 0.000000000000000000, 0.000000000000000000 ) ;
#2920 = CARTESIAN_POINT ( 'NONE',  ( 4.790907905062565142, 2.226582426945557636, 7.947330798265291207 ) ) ;
#2921 = EDGE_CURVE ( 'NONE', #5368, #537, #8910, .T. ) ;
#2922 = CARTESIAN_POINT ( 'NONE',  ( 2.796000000000000263, 2.219999999999999307, 7.909999999999988596 ) ) ;
#2923 = CARTESIAN_POINT ( 'NONE',  ( 1.270000000000000462, -0.9999999999999988898, 2.350000000000000089 ) ) ;
#2924 = CARTESIAN_POINT ( 'NONE',  ( -0.1569483399696858794, -1.180008786204564286, 0.7445252815182995532 ) ) ;
#2925 = SURFACE_STYLE_USAGE ( .BOTH. , #1350 ) ;
#2926 = SURFACE_STYLE_USAGE ( .BOTH. , #801 ) ;
#2927 = LINE ( 'NONE', #5823, #1683 ) ;
#2928 = CARTESIAN_POINT ( 'NONE',  ( 4.823999999999999844, -0.3200000000000001732, -2.359999999999988773 ) ) ;
#2930 = ADVANCED_FACE ( 'NONE', ( #8729 ), #2637, .T. ) ;
#2929 = PRESENTATION_LAYER_ASSIGNMENT (  '', '', ( #6889 ) ) ;
#2931 = ORIENTED_EDGE ( 'NONE', *, *, #8521, .F. ) ;
#2932 = ORIENTED_EDGE ( 'NONE', *, *, #8146, .T. ) ;
#2933 = COLOUR_RGB ( '',0.9686274509803921573, 0.8784313725490195957, 0.5999999999999999778 ) ;
#2934 = CARTESIAN_POINT ( 'NONE',  ( 0.2713367824627647140, -1.149999999999999689, 1.100924175899257840 ) ) ;
#2935 = CARTESIAN_POINT ( 'NONE',  ( 0.2071507323465825723, 2.332849267653417158, -3.000000000000000000 ) ) ;
#2936 = EDGE_LOOP ( 'NONE', ( #5091, #7672, #8710, #8726, #1960, #2021 ) ) ;
#2937 = EDGE_CURVE ( 'NONE', #1746, #6059, #3337, .T. ) ;
#2938 = ORIENTED_EDGE ( 'NONE', *, *, #4600, .T. ) ;
#2939 = CARTESIAN_POINT ( 'NONE',  ( -0.2732007105321401230, 2.219999999999999307, 7.909999999999986819 ) ) ;
#2940 = VERTEX_POINT ( 'NONE', #8169 ) ;
#2941 = COLOUR_RGB ( '',0.9686274509803921573, 0.8784313725490195957, 0.5999999999999999778 ) ;
#2942 = COLOUR_RGB ( '',0.9686274509803921573, 0.8784313725490195957, 0.5999999999999999778 ) ;
#2943 = CLOSED_SHELL ( 'NONE', ( #5504, #2154, #7615, #7059, #1186, #2459, #3448, #3311, #7795, #1788, #991, #6089, #9070, #1047, #6913, #2135, #1950, #5788 ) ) ;
#2944 = SURFACE_STYLE_USAGE ( .BOTH. , #9041 ) ;
#2945 = PRODUCT_DEFINITION_FORMATION_WITH_SPECIFIED_SOURCE ( 'ANY', '', #3662, .NOT_KNOWN. ) ;
#2946 = DIRECTION ( 'NONE',  ( 0.3236155771181856156, -0.8891264907159879272, -0.3236155771181851715 ) ) ;
#2947 = CARTESIAN_POINT ( 'NONE',  ( 2.796000000000000263, 2.859999999999999876, 8.550000000000000711 ) ) ;
#2949 = ORIENTED_EDGE ( 'NONE', *, *, #1728, .F. ) ;
#2948 = ORIENTED_EDGE ( 'NONE', *, *, #1392, .T. ) ;
#2950 = CARTESIAN_POINT ( 'NONE',  ( -0.2349614701416067319, -1.250000000000000666, 1.690603789511128330 ) ) ;
#2951 = ORIENTED_EDGE ( 'NONE', *, *, #4115, .F. ) ;
#2952 = SURFACE_SIDE_STYLE ('',( #6440 ) ) ;
#2953 = CLOSED_SHELL ( 'NONE', ( #6967, #3394, #2573, #6033, #59, #540, #3382, #1548, #1668, #2812, #2179, #2564, #5904, #4382, #457, #3113, #3711, #1420, #7932, #7979, #1787, #3703, #1686, #6007, #1192, #7819, #6857, #5835, #686, #7564 ) ) ;
#2954 = DIRECTION ( 'NONE',  ( -1.000000000000000000, 0.000000000000000000, 0.000000000000000000 ) ) ;
#2955 =( BOUNDED_CURVE ( )  B_SPLINE_CURVE ( 3, ( #5832, #7916, #8752, #5276 ),
 .UNSPECIFIED., .F., .F. ) 
 B_SPLINE_CURVE_WITH_KNOTS ( ( 4, 4 ),
 ( 2.356194490192345281, 3.141592653589793116 ),
 .UNSPECIFIED. ) 
 CURVE ( )  GEOMETRIC_REPRESENTATION_ITEM ( )  RATIONAL_B_SPLINE_CURVE ( ( 1.000000000000000000, 0.9492530216741912330, 0.9492530216741912330, 1.000000000000000000 ) ) 
 REPRESENTATION_ITEM ( '' )  );
#2956 = CARTESIAN_POINT ( 'NONE',  ( 2.796000000000000263, 0.3199999999999998401, -2.359999999999988773 ) ) ;
#2957 = COLOUR_RGB ( '',0.9686274509803921573, 0.8784313725490195957, 0.5999999999999999778 ) ;
#2958 = CARTESIAN_POINT ( 'NONE',  ( 5.336000000000000298, -0.3200000000000001732, -2.359999999999988773 ) ) ;
#2959 = CARTESIAN_POINT ( 'NONE',  ( 4.872849267653418082, -1.754634953454123626E-17, -3.000000000000000000 ) ) ;
#2960 = EDGE_CURVE ( 'NONE', #5419, #3497, #6123, .T. ) ;
#2961 = VERTEX_POINT ( 'NONE', #4623 ) ;
#2962 = CARTESIAN_POINT ( 'NONE',  ( 2.220000000000000195, -0.2560000000000006715, 7.909999999999988596 ) ) ;
#2963 = CARTESIAN_POINT ( 'NONE',  ( 2.284000000000000252, -0.2560000000000007270, 8.550000000000000711 ) ) ;
#2964 = DIRECTION ( 'NONE',  ( -0.7071067811865495711, 0.000000000000000000, -0.7071067811865454633 ) ) ;
#2965 = VECTOR ( 'NONE', #6376, 1000.000000000000000 ) ;
#2966 = SURFACE_SIDE_STYLE ('',( #8553 ) ) ;
#2967 = DIRECTION ( 'NONE',  ( 0.000000000000000000, 0.3420201433256694901, 0.9396926207859082059 ) ) ;
#2968 =( NAMED_UNIT ( * ) PLANE_ANGLE_UNIT ( ) SI_UNIT ( $, .RADIAN. ) );
#2969 = DIRECTION ( 'NONE',  ( 0.000000000000000000, -1.000000000000000000, 0.000000000000000000 ) ) ;
#2970 = DIRECTION ( 'NONE',  ( -0.7071067811865515695, -0.000000000000000000, -0.7071067811865435759 ) ) ;
#2971 = ORIENTED_EDGE ( 'NONE', *, *, #4406, .T. ) ;
#2972 = EDGE_CURVE ( 'NONE', #1022, #6295, #2771, .T. ) ;
#2973 = DIRECTION ( 'NONE',  ( 6.842277657836020854E-49, -5.078189165123089681E-17, 1.000000000000000000 ) ) ;
#2974 = CARTESIAN_POINT ( 'NONE',  ( 0.1686399665402706360, -1.149999999999999245, 1.805617514733360629 ) ) ;
#2975 = PRESENTATION_LAYER_ASSIGNMENT (  '', '', ( #1341 ) ) ;
#2976 = EDGE_CURVE ( 'NONE', #2796, #5547, #8866, .T. ) ;
#2977 = FILL_AREA_STYLE_COLOUR ( '', #6341 ) ;
#2979 = ORIENTED_EDGE ( 'NONE', *, *, #2172, .T. ) ;
#2978 = VERTEX_POINT ( 'NONE', #368 ) ;
#2980 = AXIS2_PLACEMENT_3D ( 'NONE', #7904, #2364, #8694 ) ;
#2981 = ORIENTED_EDGE ( 'NONE', *, *, #6603, .T. ) ;
#2982 = CARTESIAN_POINT ( 'NONE',  ( 0.05396442235651190827, -1.149999999999999911, 1.589024663320367736 ) ) ;
#2983 = LINE ( 'NONE', #1082, #2092 ) ;
#2984 = DIRECTION ( 'NONE',  ( 0.7071067811865460184, -0.7071067811865490160, 0.000000000000000000 ) ) ;
#2985 = SURFACE_STYLE_USAGE ( .BOTH. , #7832 ) ;
#2987 = VERTEX_POINT ( 'NONE', #4067 ) ;
#2986 = VERTEX_POINT ( 'NONE', #4709 ) ;
#2988 = UNCERTAINTY_MEASURE_WITH_UNIT (LENGTH_MEASURE( 1.000000000000000082E-05 ), #7515, 'distance_accuracy_value', 'NONE');
#2989 = CARTESIAN_POINT ( 'NONE',  ( -1.169999999999998153, -0.9999999999999988898, 0.5999999999999998668 ) ) ;
#2990 = SURFACE_STYLE_FILL_AREA ( #260 ) ;
#2991 = ORIENTED_EDGE ( 'NONE', *, *, #9012, .F. ) ;
#2992 = VECTOR ( 'NONE', #166, 1000.000000000000000 ) ;
#2993 = DIRECTION ( 'NONE',  ( 0.7071067811865490160, 0.7071067811865460184, -0.000000000000000000 ) ) ;
#2994 = CARTESIAN_POINT ( 'NONE',  ( 0.2470721000592433214, -1.216666666993912571, 1.692703082611979548 ) ) ;
#2995 =( NAMED_UNIT ( * ) SI_UNIT ( $, .STERADIAN. ) SOLID_ANGLE_UNIT ( ) );
#2996 = EDGE_CURVE ( 'NONE', #7481, #8157, #7492, .T. ) ;
#2997 =( GEOMETRIC_REPRESENTATION_CONTEXT ( 3 ) GLOBAL_UNCERTAINTY_ASSIGNED_CONTEXT ( ( #3671 ) ) GLOBAL_UNIT_ASSIGNED_CONTEXT ( ( #7187, #1774, #2408 ) ) REPRESENTATION_CONTEXT ( 'NONE', 'WORKASPACE' ) );
#2998 = DIRECTION ( 'NONE',  ( -0.9848077530122085754, -8.341646135128160883E-17, 0.1736481776669273891 ) ) ;
#2999 = FACE_OUTER_BOUND ( 'NONE', #8744, .T. ) ;
#3000 = CARTESIAN_POINT ( 'NONE',  ( 0.000000000000000000, 0.2071507323465822670, -3.000000000000000000 ) ) ;
#3002 = EDGE_LOOP ( 'NONE', ( #3696, #3127, #4065, #8681 ) ) ;
#3001 = ORIENTED_EDGE ( 'NONE', *, *, #6998, .T. ) ;
#3003 = DIRECTION ( 'NONE',  ( -0.1710878697460327114, 0.1710878697460326836, 0.9702875252478149193 ) ) ;
#3004 = CARTESIAN_POINT ( 'NONE',  ( 2.796000000000000263, 2.860000000000000320, -2.359999999999988773 ) ) ;
#3005 =( NAMED_UNIT ( * ) SI_UNIT ( $, .STERADIAN. ) SOLID_ANGLE_UNIT ( ) );
#3006 = VECTOR ( 'NONE', #780, 1000.000000000000000 ) ;
#3007 =( BOUNDED_CURVE ( )  B_SPLINE_CURVE ( 3, ( #8019, #306, #3128, #5146 ),
 .UNSPECIFIED., .F., .F. ) 
 B_SPLINE_CURVE_WITH_KNOTS ( ( 4, 4 ),
 ( 0.000000000000000000, 0.7853981633974425058 ),
 .UNSPECIFIED. ) 
 CURVE ( )  GEOMETRIC_REPRESENTATION_ITEM ( )  RATIONAL_B_SPLINE_CURVE ( ( 1.000000000000000000, 0.9492530216741918991, 0.9492530216741918991, 1.000000000000000000 ) ) 
 REPRESENTATION_ITEM ( '' )  );
#3008 = CARTESIAN_POINT ( 'NONE',  ( 0.2027403996334757874, -1.250000000000001110, 1.181374481024758172 ) ) ;
#3009 = CARTESIAN_POINT ( 'NONE',  ( 4.823999999999999844, 0.3199999999999998401, -2.359999999999988773 ) ) ;
#3010 = CARTESIAN_POINT ( 'NONE',  ( 2.220000000000000195, 0.3199999999999993405, 7.909999999999988596 ) ) ;
#3011 = DIRECTION ( 'NONE',  ( -1.000000000000000000, 0.000000000000000000, 0.000000000000000000 ) ) ;
#3012 = UNCERTAINTY_MEASURE_WITH_UNIT (LENGTH_MEASURE( 1.000000000000000082E-05 ), #8688, 'distance_accuracy_value', 'NONE');
#3013 = MECHANICAL_DESIGN_GEOMETRIC_PRESENTATION_REPRESENTATION (  '', ( #3759 ), #4923 ) ;
#3014 = CARTESIAN_POINT ( 'NONE',  ( 0.2713367824627648250, -1.149999999999999911, 0.8481160656645677642 ) ) ;
#3015 = VECTOR ( 'NONE', #997, 1000.000000000000227 ) ;
#3016 = ORIENTED_EDGE ( 'NONE', *, *, #6304, .T. ) ;
#3017 = EDGE_CURVE ( 'NONE', #1650, #6392, #3237, .T. ) ;
#3018 = ORIENTED_EDGE ( 'NONE', *, *, #7895, .F. ) ;
#3019 = EDGE_CURVE ( 'NONE', #6937, #2383, #4021, .T. ) ;
#3020 = VECTOR ( 'NONE', #195, 1000.000000000000000 ) ;
#3021 = FILL_AREA_STYLE_COLOUR ( '', #5709 ) ;
#3022 = COLOUR_RGB ( '',1.000000000000000000, 0.8431372549019607865, 0.000000000000000000 ) ;
#3023 = DIRECTION ( 'NONE',  ( -1.000000000000000000, -0.000000000000000000, 0.000000000000000000 ) ) ;
#3024 =( NAMED_UNIT ( * ) PLANE_ANGLE_UNIT ( ) SI_UNIT ( $, .RADIAN. ) );
#3026 = ORIENTED_EDGE ( 'NONE', *, *, #5734, .F. ) ;
#3025 = EDGE_LOOP ( 'NONE', ( #1476, #5248, #3298, #1697 ) ) ;
#3027 = CARTESIAN_POINT ( 'NONE',  ( 0.3200000000000000622, 2.859999999999999876, 7.909999999999988596 ) ) ;
#3028 = VECTOR ( 'NONE', #1987, 1000.000000000000000 ) ;
#3029 = VERTEX_POINT ( 'NONE', #1188 ) ;
#3030 = FILL_AREA_STYLE_COLOUR ( '', #8352 ) ;
#3031 = EDGE_CURVE ( 'NONE', #1030, #75, #5434, .T. ) ;
#3032 = FACE_OUTER_BOUND ( 'NONE', #4483, .T. ) ;
#3034 = VERTEX_POINT ( 'NONE', #8359 ) ;
#3033 = ORIENTED_EDGE ( 'NONE', *, *, #2248, .F. ) ;
#3035 = CARTESIAN_POINT ( 'NONE',  ( 0.2349614701416065377, -1.250000000000000222, 0.8493962104888764797 ) ) ;
#3036 = CARTESIAN_POINT ( 'NONE',  ( -0.2349397590361445298, -1.250000000000000888, 1.691121987951807348 ) ) ;
#3037 = VERTEX_POINT ( 'NONE', #8308 ) ;
#3038 = SURFACE_STYLE_FILL_AREA ( #3465 ) ;
#3039 = ADVANCED_FACE ( 'NONE', ( #735 ), #3421, .F. ) ;
#3040 = CARTESIAN_POINT ( 'NONE',  ( -0.3012548339959390531, -0.3012548339959397747, 8.016309119164535701 ) ) ;
#3041 = FACE_OUTER_BOUND ( 'NONE', #5834, .T. ) ;
#3042 = LINE ( 'NONE', #8678, #2859 ) ;
#3043 = DIRECTION ( 'NONE',  ( 0.000000000000000000, 1.000000000000000000, 0.000000000000000000 ) ) ;
#3045 = VERTEX_POINT ( 'NONE', #8399 ) ;
#3044 = ORIENTED_EDGE ( 'NONE', *, *, #5601, .F. ) ;
#3046 = CARTESIAN_POINT ( 'NONE',  ( -0.3199999999999999512, 2.860000000000000320, -2.359999999999988773 ) ) ;
#3047 = CARTESIAN_POINT ( 'NONE',  ( 5.381254833995939180, 2.238745166004060039, 8.016309119164535701 ) ) ;
#3048 =( LENGTH_UNIT ( ) NAMED_UNIT ( * ) SI_UNIT ( .MILLI., .METRE. ) );
#3049 = PRESENTATION_LAYER_ASSIGNMENT (  '', '', ( #2753 ) ) ;
#3050 = DIRECTION ( 'NONE',  ( -1.000000000000000000, -0.000000000000000000, 0.000000000000000000 ) ) ;
#3051 = EDGE_CURVE ( 'NONE', #3449, #7275, #6299, .T. ) ;
#3052 = CARTESIAN_POINT ( 'NONE',  ( -0.3199999999999998956, 2.283999999999999364, 8.550000000000000711 ) ) ;
#3053 = VECTOR ( 'NONE', #648, 1000.000000000000000 ) ;
#3054 = LINE ( 'NONE', #8085, #9065 ) ;
#3055 = CARTESIAN_POINT ( 'NONE',  ( 0.1562305829448806249, -1.236672524119857508, 0.7651491954817275509 ) ) ;
#3056 = PLANE ( 'NONE',  #5428 ) ;
#3057 = CARTESIAN_POINT ( 'NONE',  ( -1.019999999999999796, -1.250000000000000222, 0.4500000000000001221 ) ) ;
#3058 = FACE_OUTER_BOUND ( 'NONE', #3681, .T. ) ;
#3059 = ORIENTED_EDGE ( 'NONE', *, *, #7597, .T. ) ;
#3060 = VERTEX_POINT ( 'NONE', #2727 ) ;
#3061 = AXIS2_PLACEMENT_3D ( 'NONE', #309, #8116, #1848 ) ;
#3062 = PRESENTATION_LAYER_ASSIGNMENT (  '', '', ( #6291 ) ) ;
#3063 = CARTESIAN_POINT ( 'NONE',  ( 0.3134175730544423444, 2.250907905062562886, 7.947330798265289431 ) ) ;
#3064 =( NAMED_UNIT ( * ) PLANE_ANGLE_UNIT ( ) SI_UNIT ( $, .RADIAN. ) );
#3065 =( NAMED_UNIT ( * ) SI_UNIT ( $, .STERADIAN. ) SOLID_ANGLE_UNIT ( ) );
#3066 = STYLED_ITEM ( 'NONE', ( #8381 ), #6375 ) ;
#3067 = VECTOR ( 'NONE', #7355, 1000.000000000000000 ) ;
#3068 = ADVANCED_FACE ( 'NONE', ( #2078 ), #6950, .F. ) ;
#3069 = EDGE_CURVE ( 'NONE', #1412, #7348, #6258, .T. ) ;
#3071 = ORIENTED_EDGE ( 'NONE', *, *, #659, .T. ) ;
#3070 = ORIENTED_EDGE ( 'NONE', *, *, #5920, .T. ) ;
#3072 = CARTESIAN_POINT ( 'NONE',  ( 4.760000000000000675, 0.3199999999999998401, -2.359999999999988773 ) ) ;
#3073 = VERTEX_POINT ( 'NONE', #9047 ) ;
#3074 = COLOUR_RGB ( '',0.9686274509803921573, 0.8784313725490195957, 0.5999999999999999778 ) ;
#3075 = MECHANICAL_DESIGN_GEOMETRIC_PRESENTATION_REPRESENTATION (  '', ( #4417 ), #862 ) ;
#3076 = DIRECTION ( 'NONE',  ( 1.000000000000000000, 0.000000000000000000, 0.000000000000000000 ) ) ;
#3077 = DIRECTION ( 'NONE',  ( -0.000000000000000000, 1.000000000000000000, 5.078189165123089681E-17 ) ) ;
#3078 = VECTOR ( 'NONE', #3315, 1000.000000000000000 ) ;
#3080 = EDGE_LOOP ( 'NONE', ( #5925, #765, #8530, #3822 ) ) ;
#3079 = ORIENTED_EDGE ( 'NONE', *, *, #5483, .F. ) ;
#3081 = UNCERTAINTY_MEASURE_WITH_UNIT (LENGTH_MEASURE( 1.000000000000000082E-05 ), #4348, 'distance_accuracy_value', 'NONE');
#3082 = CARTESIAN_POINT ( 'NONE',  ( 6.349999999999999645, 3.499999999999998224, 2.350000000000000089 ) ) ;
#3083 = CARTESIAN_POINT ( 'NONE',  ( 3.809999999999999609, 3.270000000000000462, 0.6000000000000000888 ) ) ;
#3084 = ORIENTED_EDGE ( 'NONE', *, *, #6699, .T. ) ;
#3085 = FACE_OUTER_BOUND ( 'NONE', #3769, .T. ) ;
#3086 = EDGE_CURVE ( 'NONE', #5651, #8151, #8970, .T. ) ;
#3087 = PRESENTATION_LAYER_ASSIGNMENT (  '', '', ( #2346 ) ) ;
#3088 = EDGE_CURVE ( 'NONE', #4556, #1689, #688, .T. ) ;
#3089 = CARTESIAN_POINT ( 'NONE',  ( -0.2713367824627651026, -1.149999999999999911, 0.8481160656645542195 ) ) ;
#3090 = APPLICATION_CONTEXT ( 'automotive_design' ) ;
#3091 =( NAMED_UNIT ( * ) SI_UNIT ( $, .STERADIAN. ) SOLID_ANGLE_UNIT ( ) );
#3092 =( NAMED_UNIT ( * ) PLANE_ANGLE_UNIT ( ) SI_UNIT ( $, .RADIAN. ) );
#3094 = EDGE_LOOP ( 'NONE', ( #7432, #4634, #7043, #1409, #5853, #7199 ) ) ;
#3093 = ORIENTED_EDGE ( 'NONE', *, *, #7528, .F. ) ;
#3095 = FACE_OUTER_BOUND ( 'NONE', #3167, .T. ) ;
#3096 = CARTESIAN_POINT ( 'NONE',  ( 0.2123439580472825938, -1.149999999999990807, 0.7446777659061273313 ) ) ;
#3097 = PRESENTATION_STYLE_ASSIGNMENT (( #4362 ) ) ;
#3098 = CARTESIAN_POINT ( 'NONE',  ( 1.019999999999999796, -1.250000000000000222, 0.5999999999999999778 ) ) ;
#3099 = SURFACE_STYLE_USAGE ( .BOTH. , #5165 ) ;
#3100 = CARTESIAN_POINT ( 'NONE',  ( -0.2349397590361447796, -1.250000000000000000, 1.691121987951807348 ) ) ;
#3101 =( NAMED_UNIT ( * ) PLANE_ANGLE_UNIT ( ) SI_UNIT ( $, .RADIAN. ) );
#3102 = DIRECTION ( 'NONE',  ( 1.000000000000000000, 4.224164308385081333E-16, 0.000000000000000000 ) ) ;
#3103 = DIRECTION ( 'NONE',  ( 0.000000000000000000, 0.000000000000000000, -1.000000000000000000 ) ) ;
#3104 = VERTEX_POINT ( 'NONE', #4887 ) ;
#3105 = UNCERTAINTY_MEASURE_WITH_UNIT (LENGTH_MEASURE( 1.000000000000000082E-05 ), #5845, 'distance_accuracy_value', 'NONE');
#3106 = CARTESIAN_POINT ( 'NONE',  ( 5.399999999999999467, 2.813200710532139492, 7.909999999999986819 ) ) ;
#3107 = EDGE_LOOP ( 'NONE', ( #5173, #2237, #6405, #6169, #5308, #4493 ) ) ;
#3108 = ORIENTED_EDGE ( 'NONE', *, *, #3859, .F. ) ;
#3109 = CARTESIAN_POINT ( 'NONE',  ( -0.1572017319022033788, -1.160002928788731458, 1.802756255092037740 ) ) ;
#3110 = FACE_OUTER_BOUND ( 'NONE', #8207, .T. ) ;
#3111 = DIRECTION ( 'NONE',  ( 6.842277657836020854E-49, -5.078189165123089681E-17, 1.000000000000000000 ) ) ;
#3112 = DIRECTION ( 'NONE',  ( -6.842277657836020854E-49, 5.078189165123089681E-17, -1.000000000000000000 ) ) ;
#3113 = ADVANCED_FACE ( 'NONE', ( #4972 ), #3555, .F. ) ;
#3114 = CARTESIAN_POINT ( 'NONE',  ( -0.2559999999999999498, -0.3200000000000007283, 8.550000000000000711 ) ) ;
#3116 = ORIENTED_EDGE ( 'NONE', *, *, #3262, .F. ) ;
#3115 = EDGE_LOOP ( 'NONE', ( #1940, #8627, #5239, #3888 ) ) ;
#3117 =( BOUNDED_CURVE ( )  B_SPLINE_CURVE ( 3, ( #341, #3162, #8748, #2468 ),
 .UNSPECIFIED., .F., .F. ) 
 B_SPLINE_CURVE_WITH_KNOTS ( ( 4, 4 ),
 ( 5.497787143782140618, 6.283185307179586232 ),
 .UNSPECIFIED. ) 
 CURVE ( )  GEOMETRIC_REPRESENTATION_ITEM ( )  RATIONAL_B_SPLINE_CURVE ( ( 1.000000000000000000, 0.9492530216741915661, 0.9492530216741915661, 1.000000000000000000 ) ) 
 REPRESENTATION_ITEM ( '' )  );
#3118 = DIRECTION ( 'NONE',  ( -1.000000000000000000, 0.000000000000000000, 0.000000000000000000 ) ) ;
#3119 = ORIENTED_EDGE ( 'NONE', *, *, #4982, .T. ) ;
#3120 = CARTESIAN_POINT ( 'NONE',  ( 0.2349034627014277565, -1.150000000000000355, 1.200170890463817086 ) ) ;
#3121 = EDGE_CURVE ( 'NONE', #308, #2675, #1364, .T. ) ;
#3122 =( NAMED_UNIT ( * ) SI_UNIT ( $, .STERADIAN. ) SOLID_ANGLE_UNIT ( ) );
#3123 = DIRECTION ( 'NONE',  ( -0.7071067811865435759, -0.000000000000000000, 0.7071067811865515695 ) ) ;
#3124 = PRESENTATION_LAYER_ASSIGNMENT (  '', '', ( #1198 ) ) ;
#3125 = CARTESIAN_POINT ( 'NONE',  ( -0.1665885810817080981, -1.249999999999993117, 0.7707336829928979061 ) ) ;
#3127 = ORIENTED_EDGE ( 'NONE', *, *, #3069, .T. ) ;
#3126 = ORIENTED_EDGE ( 'NONE', *, *, #6815, .T. ) ;
#3128 = CARTESIAN_POINT ( 'NONE',  ( 2.250907905062564218, 2.853417573054441991, 7.947330798265291207 ) ) ;
#3129 = PRESENTATION_STYLE_ASSIGNMENT (( #6113 ) ) ;
#3130 = VERTEX_POINT ( 'NONE', #41 ) ;
#3131 = FILL_AREA_STYLE ('',( #6032 ) ) ;
#3132 = EDGE_CURVE ( 'NONE', #2064, #217, #7631, .T. ) ;
#3133 = DIRECTION ( 'NONE',  ( 0.7196877547425333255, 0.000000000000000000, -0.6942978724392371292 ) ) ;
#3134 = LINE ( 'NONE', #1661, #4858 ) ;
#3135 = DIRECTION ( 'NONE',  ( -8.470329472543003391E-17, 1.000000000000000000, 0.000000000000000000 ) ) ;
#3137 = ORIENTED_EDGE ( 'NONE', *, *, #2146, .T. ) ;
#3136 = VERTEX_POINT ( 'NONE', #6990 ) ;
#3138 = DIRECTION ( 'NONE',  ( -0.3420201433256698786, 0.9396926207859079838, 0.000000000000000000 ) ) ;
#3139 = CARTESIAN_POINT ( 'NONE',  ( 0.1581755106426736279, -1.149999999999990807, 0.7336620086532098517 ) ) ;
#3140 = AXIS2_PLACEMENT_3D ( 'NONE', #5335, #8121, #7394 ) ;
#3141 = DIRECTION ( 'NONE',  ( 0.000000000000000000, -0.9396926207859082059, 0.3420201433256694901 ) ) ;
#3142 = ADVANCED_FACE ( 'NONE', ( #5664 ), #3508, .F. ) ;
#3143 = SURFACE_STYLE_USAGE ( .BOTH. , #320 ) ;
#3144 =( NAMED_UNIT ( * ) SI_UNIT ( $, .STERADIAN. ) SOLID_ANGLE_UNIT ( ) );
#3145 = VECTOR ( 'NONE', #2143, 1000.000000000000000 ) ;
#3146 = CARTESIAN_POINT ( 'NONE',  ( 2.219999999999999751, 2.813200710532139492, 7.909999999999986819 ) ) ;
#3147 = SURFACE_STYLE_USAGE ( .BOTH. , #6944 ) ;
#3148 = CARTESIAN_POINT ( 'NONE',  ( 1.520000000000000240, -1.250000000000000222, 0.4500000000000001221 ) ) ;
#3149 = SURFACE_STYLE_FILL_AREA ( #8781 ) ;
#3150 = ORIENTED_EDGE ( 'NONE', *, *, #7933, .T. ) ;
#3151 = SURFACE_SIDE_STYLE ('',( #8136 ) ) ;
#3152 = SURFACE_STYLE_FILL_AREA ( #331 ) ;
#3153 = VERTEX_POINT ( 'NONE', #8442 ) ;
#3154 = AXIS2_PLACEMENT_3D ( 'NONE', #8967, #3341, #7497 ) ;
#3155 = COLOUR_RGB ( '',0.9686274509803921573, 0.8784313725490195957, 0.5999999999999999778 ) ;
#3156 = ORIENTED_EDGE ( 'NONE', *, *, #2259, .T. ) ;
#3157 = EDGE_CURVE ( 'NONE', #4271, #5056, #2164, .T. ) ;
#3158 = CARTESIAN_POINT ( 'NONE',  ( -0.3199999999999998956, -0.3200000000000001732, -2.359999999999988773 ) ) ;
#3159 = SURFACE_SIDE_STYLE ('',( #4638 ) ) ;
#3160 =( GEOMETRIC_REPRESENTATION_CONTEXT ( 3 ) GLOBAL_UNCERTAINTY_ASSIGNED_CONTEXT ( ( #3189 ) ) GLOBAL_UNIT_ASSIGNED_CONTEXT ( ( #160, #7065, #6513 ) ) REPRESENTATION_CONTEXT ( 'NONE', 'WORKASPACE' ) );
#3161 = LINE ( 'NONE', #8144, #3800 ) ;
#3162 = CARTESIAN_POINT ( 'NONE',  ( 5.369092094937435888, 2.853417573054442435, 7.947330798265292984 ) ) ;
#3163 = CARTESIAN_POINT ( 'NONE',  ( -1.169999999999999707, -1.250000000000000222, 2.350000000000000089 ) ) ;
#3164 = CARTESIAN_POINT ( 'NONE',  ( 6.349999999999999645, 3.499999999999998224, 2.500000000000000000 ) ) ;
#3165 = ORIENTED_EDGE ( 'NONE', *, *, #4953, .F. ) ;
#3166 = DIRECTION ( 'NONE',  ( -1.000000000000000000, 1.408054769461693942E-16, 0.000000000000000000 ) ) ;
#3167 = EDGE_LOOP ( 'NONE', ( #231, #4919, #2460, #5799 ) ) ;
#3168 = PRESENTATION_LAYER_ASSIGNMENT (  '', '', ( #7118 ) ) ;
#3169 = ADVANCED_FACE ( 'NONE', ( #8958 ), #8261, .T. ) ;
#3170 = CARTESIAN_POINT ( 'NONE',  ( 0.2071507323465825168, 2.747150732346582469, -3.000000000000000000 ) ) ;
#3171 = CARTESIAN_POINT ( 'NONE',  ( 5.287150732346582949, 0.2071507323465813233, 8.550000000000000711 ) ) ;
#3172 =( BOUNDED_CURVE ( )  B_SPLINE_CURVE ( 3, ( #8126, #8037, #8082, #3927 ),
 .UNSPECIFIED., .F., .F. ) 
 B_SPLINE_CURVE_WITH_KNOTS ( ( 4, 4 ),
 ( 3.141592653589793116, 3.926990816987238286 ),
 .UNSPECIFIED. ) 
 CURVE ( )  GEOMETRIC_REPRESENTATION_ITEM ( )  RATIONAL_B_SPLINE_CURVE ( ( 1.000000000000000000, 0.9492530216741915661, 0.9492530216741915661, 1.000000000000000000 ) ) 
 REPRESENTATION_ITEM ( '' )  );
#3173 = VECTOR ( 'NONE', #8820, 1000.000000000000000 ) ;
#3174 = STYLED_ITEM ( 'NONE', ( #5671 ), #3773 ) ;
#3175 = CARTESIAN_POINT ( 'NONE',  ( 0.000000000000000000, 0.000000000000000000, 2.500000000000000000 ) ) ;
#3177 = ORIENTED_EDGE ( 'NONE', *, *, #5546, .F. ) ;
#3176 = VERTEX_POINT ( 'NONE', #8626 ) ;
#3178 = UNCERTAINTY_MEASURE_WITH_UNIT (LENGTH_MEASURE( 1.000000000000000082E-05 ), #1523, 'distance_accuracy_value', 'NONE');
#3179 = LINE ( 'NONE', #5978, #6105 ) ;
#3180 = FACE_OUTER_BOUND ( 'NONE', #5008, .T. ) ;
#3181 = ORIENTED_EDGE ( 'NONE', *, *, #6602, .T. ) ;
#3182 = SURFACE_STYLE_FILL_AREA ( #3131 ) ;
#3183 = FILL_AREA_STYLE ('',( #8024 ) ) ;
#3184 = LINE ( 'NONE', #5244, #5195 ) ;
#3185 = LINE ( 'NONE', #3730, #5440 ) ;
#3186 = LINE ( 'NONE', #5985, #7235 ) ;
#3188 = ORIENTED_EDGE ( 'NONE', *, *, #3983, .F. ) ;
#3187 = VERTEX_POINT ( 'NONE', #8671 ) ;
#3189 = UNCERTAINTY_MEASURE_WITH_UNIT (LENGTH_MEASURE( 1.000000000000000082E-05 ), #160, 'distance_accuracy_value', 'NONE');
#3190 = DIRECTION ( 'NONE',  ( 1.000000000000000000, 0.000000000000000000, 0.000000000000000000 ) ) ;
#3191 =( NAMED_UNIT ( * ) SI_UNIT ( $, .STERADIAN. ) SOLID_ANGLE_UNIT ( ) );
#3192 = DIRECTION ( 'NONE',  ( -8.470329472543003391E-17, 1.000000000000000000, 0.000000000000000000 ) ) ;
#3193 = ADVANCED_FACE ( 'NONE', ( #5803 ), #952, .F. ) ;
#3194 = LINE ( 'NONE', #3052, #6160 ) ;
#3195 = CARTESIAN_POINT ( 'NONE',  ( 4.823999999999999844, 0.3199999999999993960, 7.909999999999988596 ) ) ;
#3196 = DIRECTION ( 'NONE',  ( 0.7071067811865435759, -0.000000000000000000, -0.7071067811865515695 ) ) ;
#3197 = PLANE ( 'NONE',  #2428 ) ;
#3198 = FACE_OUTER_BOUND ( 'NONE', #2607, .T. ) ;
#3199 = FILL_AREA_STYLE_COLOUR ( '', #3436 ) ;
#3200 = VECTOR ( 'NONE', #703, 1000.000000000000000 ) ;
#3201 = ORIENTED_EDGE ( 'NONE', *, *, #7569, .T. ) ;
#3202 = FILL_AREA_STYLE_COLOUR ( '', #2132 ) ;
#3203 = DIRECTION ( 'NONE',  ( 0.7071067811865469066, -0.7071067811865482389, 0.000000000000000000 ) ) ;
#3204 = ORIENTED_EDGE ( 'NONE', *, *, #5206, .F. ) ;
#3205 = CARTESIAN_POINT ( 'NONE',  ( -1.169999999999999707, -0.9999999999999988898, 2.350000000000000089 ) ) ;
#3206 = EDGE_CURVE ( 'NONE', #7196, #8157, #7294, .T. ) ;
#3207 = PRESENTATION_LAYER_ASSIGNMENT (  '', '', ( #7150 ) ) ;
#3208 = DIRECTION ( 'NONE',  ( -0.000000000000000000, -0.000000000000000000, -1.000000000000000000 ) ) ;
#3209 = SURFACE_STYLE_USAGE ( .BOTH. , #6646 ) ;
#3210 = CARTESIAN_POINT ( 'NONE',  ( -0.1771939946250030151, -1.250000000000001554, 0.7717580415739703215 ) ) ;
#3211 = DIRECTION ( 'NONE',  ( 0.3384669027138036412, -0.9299301724389166246, 0.1437707555626365208 ) ) ;
#3212 = EDGE_CURVE ( 'NONE', #5397, #4503, #2902, .T. ) ;
#3213 = FILL_AREA_STYLE ('',( #4289 ) ) ;
#3214 = EDGE_LOOP ( 'NONE', ( #8856, #5624, #3739, #8659, #6191, #670 ) ) ;
#3215 = VECTOR ( 'NONE', #620, 1000.000000000000000 ) ;
#3216 = PRESENTATION_STYLE_ASSIGNMENT (( #5137 ) ) ;
#3217 = ORIENTED_EDGE ( 'NONE', *, *, #7726, .F. ) ;
#3218 =( LENGTH_UNIT ( ) NAMED_UNIT ( * ) SI_UNIT ( .MILLI., .METRE. ) );
#3219 = CARTESIAN_POINT ( 'NONE',  ( 3.310000000000000497, -1.250000000000000222, 2.500000000000000000 ) ) ;
#3220 = VECTOR ( 'NONE', #2593, 1000.000000000000000 ) ;
#3221 = FILL_AREA_STYLE ('',( #7473 ) ) ;
#3222 =( NAMED_UNIT ( * ) SI_UNIT ( $, .STERADIAN. ) SOLID_ANGLE_UNIT ( ) );
#3224 = VERTEX_POINT ( 'NONE', #1702 ) ;
#3223 = ORIENTED_EDGE ( 'NONE', *, *, #5917, .F. ) ;
#3225 = CARTESIAN_POINT ( 'NONE',  ( 1.520000000000000240, -1.250000000000000222, 0.4500000000000001221 ) ) ;
#3226 = CARTESIAN_POINT ( 'NONE',  ( 2.284000000000000252, 2.219999999999999307, 7.909999999999988596 ) ) ;
#3227 = ORIENTED_EDGE ( 'NONE', *, *, #2010, .T. ) ;
#3228 = DIRECTION ( 'NONE',  ( -8.470329472543003391E-17, 1.000000000000000000, 0.000000000000000000 ) ) ;
#3229 = STYLED_ITEM ( 'NONE', ( #2282 ), #6483 ) ;
#3230 = COLOUR_RGB ( '',0.9686274509803921573, 0.8784313725490195957, 0.5999999999999999778 ) ;
#3231 = VECTOR ( 'NONE', #58, 1000.000000000000000 ) ;
#3232 = VECTOR ( 'NONE', #238, 1000.000000000000000 ) ;
#3233 = CARTESIAN_POINT ( 'NONE',  ( 2.540000000000000036, 0.000000000000000000, 2.500000000000000000 ) ) ;
#3235 = ORIENTED_EDGE ( 'NONE', *, *, #8813, .F. ) ;
#3234 = EDGE_LOOP ( 'NONE', ( #6577, #8008, #2670, #1875 ) ) ;
#3236 = CARTESIAN_POINT ( 'NONE',  ( 1.770000000000000462, -1.250000000000000000, 2.500000000000000000 ) ) ;
#3237 = LINE ( 'NONE', #5295, #1978 ) ;
#3238 = DIRECTION ( 'NONE',  ( -0.3420201433256698231, 0.9396926207859079838, 0.000000000000000000 ) ) ;
#3239 = DIRECTION ( 'NONE',  ( 0.000000000000000000, -1.000000000000000000, 0.000000000000000000 ) ) ;
#3240 = COLOUR_RGB ( '',0.9686274509803921573, 0.8784313725490195957, 0.5999999999999999778 ) ;
#3241 = PRESENTATION_LAYER_ASSIGNMENT (  '', '', ( #7766 ) ) ;
#3242 = CARTESIAN_POINT ( 'NONE',  ( -1.270000000000000684, 3.499999999999997780, 2.500000000000000000 ) ) ;
#3243 = CARTESIAN_POINT ( 'NONE',  ( 0.2349397590361444188, -1.250000000000000000, 1.100007530120482135 ) ) ;
#3244 = EDGE_CURVE ( 'NONE', #5603, #6746, #7881, .T. ) ;
#3245 = CARTESIAN_POINT ( 'NONE',  ( 2.238745166004060927, 0.3012548339959389421, -2.466309119164537655 ) ) ;
#3246 = CARTESIAN_POINT ( 'NONE',  ( 0.1969625335676257194, -1.250000000000001110, 1.761663957567180194 ) ) ;
#3247 = CARTESIAN_POINT ( 'NONE',  ( 2.859999999999999876, -0.2732007105321404561, -2.359999999999987441 ) ) ;
#3248 = ORIENTED_EDGE ( 'NONE', *, *, #5655, .F. ) ;
#3249 = DIRECTION ( 'NONE',  ( 0.000000000000000000, 1.000000000000000000, 0.000000000000000000 ) ) ;
#3250 = EDGE_LOOP ( 'NONE', ( #2327, #5684, #7969, #6895, #3825, #1618 ) ) ;
#3251 = CARTESIAN_POINT ( 'NONE',  ( 5.336000000000000298, 2.219999999999999751, -2.359999999999988773 ) ) ;
#3252 =( GEOMETRIC_REPRESENTATION_CONTEXT ( 3 ) GLOBAL_UNCERTAINTY_ASSIGNED_CONTEXT ( ( #1065 ) ) GLOBAL_UNIT_ASSIGNED_CONTEXT ( ( #6539, #5118, #1669 ) ) REPRESENTATION_CONTEXT ( 'NONE', 'WORKASPACE' ) );
#3253 = CARTESIAN_POINT ( 'NONE',  ( -0.3199999999999999512, 2.795999999999999375, 7.909999999999988596 ) ) ;
#3254 = CARTESIAN_POINT ( 'NONE',  ( -0.2349614701416065654, -1.250000000000001332, 0.8493962104888719278 ) ) ;
#3255 = CARTESIAN_POINT ( 'NONE',  ( 0.000000000000000000, 2.540000000000000036, -3.000000000000000000 ) ) ;
#3256 = PLANE ( 'NONE',  #7112 ) ;
#3257 = CARTESIAN_POINT ( 'NONE',  ( -0.2676958495758779422, -1.160003380892472125, 0.8481922686093442687 ) ) ;
#3258 = EDGE_CURVE ( 'NONE', #1726, #7120, #8540, .T. ) ;
#3259 = VECTOR ( 'NONE', #191, 1000.000000000000000 ) ;
#3260 = ORIENTED_EDGE ( 'NONE', *, *, #3088, .T. ) ;
#3261 = ORIENTED_EDGE ( 'NONE', *, *, #6230, .T. ) ;
#3262 = EDGE_CURVE ( 'NONE', #3781, #766, #8584, .T. ) ;
#3263 = VECTOR ( 'NONE', #7334, 1000.000000000000114 ) ;
#3264 = CARTESIAN_POINT ( 'NONE',  ( -0.3012548339959391086, -0.3012548339959393862, -2.466309119164536767 ) ) ;
#3265 = CARTESIAN_POINT ( 'NONE',  ( 5.400000000000000355, 0.2559999999999993947, 7.909999999999988596 ) ) ;
#3267 = EDGE_LOOP ( 'NONE', ( #3462, #7316, #1143, #3821, #8139, #5730 ) ) ;
#3266 = ORIENTED_EDGE ( 'NONE', *, *, #4260, .T. ) ;
#3268 = UNCERTAINTY_MEASURE_WITH_UNIT (LENGTH_MEASURE( 1.000000000000000082E-05 ), #1967, 'distance_accuracy_value', 'NONE');
#3269 = CARTESIAN_POINT ( 'NONE',  ( 0.2221105522436115642, -1.250000000000001110, 0.7980297930901474324 ) ) ;
#3270 =( NAMED_UNIT ( * ) PLANE_ANGLE_UNIT ( ) SI_UNIT ( $, .RADIAN. ) );
#3271 =( GEOMETRIC_REPRESENTATION_CONTEXT ( 3 ) GLOBAL_UNCERTAINTY_ASSIGNED_CONTEXT ( ( #6047 ) ) GLOBAL_UNIT_ASSIGNED_CONTEXT ( ( #1927, #541, #4650 ) ) REPRESENTATION_CONTEXT ( 'NONE', 'WORKASPACE' ) );
#3272 = VERTEX_POINT ( 'NONE', #3601 ) ;
#3273 = LINE ( 'NONE', #2583, #8173 ) ;
#3274 = EDGE_CURVE ( 'NONE', #3364, #5824, #232, .T. ) ;
#3275 = PRESENTATION_LAYER_ASSIGNMENT (  '', '', ( #7222 ) ) ;
#3276 = DIRECTION ( 'NONE',  ( 1.000000000000000000, 0.000000000000000000, 0.000000000000000000 ) ) ;
#3277 = FILL_AREA_STYLE ('',( #2762 ) ) ;
#3278 =( NAMED_UNIT ( * ) PLANE_ANGLE_UNIT ( ) SI_UNIT ( $, .RADIAN. ) );
#3280 = ORIENTED_EDGE ( 'NONE', *, *, #1116, .F. ) ;
#3279 = ORIENTED_EDGE ( 'NONE', *, *, #3473, .F. ) ;
#3281 = UNCERTAINTY_MEASURE_WITH_UNIT (LENGTH_MEASURE( 1.000000000000000082E-05 ), #7813, 'distance_accuracy_value', 'NONE');
#3282 =( LENGTH_UNIT ( ) NAMED_UNIT ( * ) SI_UNIT ( .MILLI., .METRE. ) );
#3283 = SURFACE_STYLE_USAGE ( .BOTH. , #1942 ) ;
#3284 = DIRECTION ( 'NONE',  ( 0.000000000000000000, 1.000000000000000000, 0.000000000000000000 ) ) ;
#3285 = VECTOR ( 'NONE', #5776, 999.9999999999998863 ) ;
#3286 = CARTESIAN_POINT ( 'NONE',  ( -0.2349397590361447796, -1.250000000000000000, 1.691121987951807348 ) ) ;
#3287 = ADVANCED_FACE ( 'NONE', ( #1607 ), #782, .F. ) ;
#3288 = CARTESIAN_POINT ( 'NONE',  ( 0.2531321181320720370, -1.200016904177328980, 0.8484971227639197533 ) ) ;
#3289 = CARTESIAN_POINT ( 'NONE',  ( 5.400000000000000355, 2.266799289467859690, -2.359999999999986997 ) ) ;
#3290 = STYLED_ITEM ( 'NONE', ( #5999 ), #1804 ) ;
#3291 =( LENGTH_UNIT ( ) NAMED_UNIT ( * ) SI_UNIT ( .MILLI., .METRE. ) );
#3292 = FACE_OUTER_BOUND ( 'NONE', #8122, .T. ) ;
#3293 = CARTESIAN_POINT ( 'NONE',  ( 2.250907905062564218, 0.3134175730544417338, 7.947330798265291207 ) ) ;
#3294 = ORIENTED_EDGE ( 'NONE', *, *, #5220, .F. ) ;
#3295 = UNCERTAINTY_MEASURE_WITH_UNIT (LENGTH_MEASURE( 1.000000000000000082E-05 ), #7407, 'distance_accuracy_value', 'NONE');
#3296 = LINE ( 'NONE', #8696, #8875 ) ;
#3297 = DIRECTION ( 'NONE',  ( -8.470329472543003391E-17, 1.000000000000000000, 0.000000000000000000 ) ) ;
#3298 = ORIENTED_EDGE ( 'NONE', *, *, #2748, .F. ) ;
#3299 = DIRECTION ( 'NONE',  ( 0.000000000000000000, 0.000000000000000000, -1.000000000000000000 ) ) ;
#3300 = AXIS2_PLACEMENT_3D ( 'NONE', #6745, #6097, #6884 ) ;
#3301 = DIRECTION ( 'NONE',  ( -1.000000000000000000, -0.000000000000000000, 0.000000000000000000 ) ) ;
#3302 = CARTESIAN_POINT ( 'NONE',  ( 4.760000000000000675, 0.3199999999999993405, -2.359999999999988773 ) ) ;
#3303 = CARTESIAN_POINT ( 'NONE',  ( -0.2781474999798800862, -1.129999999999998561, 0.8367741431338062696 ) ) ;
#3304 = DIRECTION ( 'NONE',  ( 0.000000000000000000, -1.000000000000000000, 0.000000000000000000 ) ) ;
#3305 = DIRECTION ( 'NONE',  ( -0.000000000000000000, -0.000000000000000000, -1.000000000000000000 ) ) ;
#3306 = AXIS2_PLACEMENT_3D ( 'NONE', #3533, #1436, #2054 ) ;
#3307 = EDGE_CURVE ( 'NONE', #2856, #2161, #1797, .T. ) ;
#3308 = EDGE_LOOP ( 'NONE', ( #9077, #685, #281, #1162 ) ) ;
#3309 = FILL_AREA_STYLE ('',( #4688 ) ) ;
#3310 = VERTEX_POINT ( 'NONE', #3226 ) ;
#3311 = ADVANCED_FACE ( 'NONE', ( #3180 ), #2580, .T. ) ;
#3312 = AXIS2_PLACEMENT_3D ( 'NONE', #83, #291, #4967 ) ;
#3313 =( LENGTH_UNIT ( ) NAMED_UNIT ( * ) SI_UNIT ( .MILLI., .METRE. ) );
#3314 = AXIS2_PLACEMENT_3D ( 'NONE', #5250, #6860, #463 ) ;
#3315 = DIRECTION ( 'NONE',  ( 1.000000000000000000, 0.000000000000000000, 0.000000000000000000 ) ) ;
#3316 =( BOUNDED_CURVE ( )  B_SPLINE_CURVE ( 3, ( #5490, #5450, #2004, #529 ),
 .UNSPECIFIED., .F., .F. ) 
 B_SPLINE_CURVE_WITH_KNOTS ( ( 4, 4 ),
 ( 5.497787143782138841, 6.283185307179586232 ),
 .UNSPECIFIED. ) 
 CURVE ( )  GEOMETRIC_REPRESENTATION_ITEM ( )  RATIONAL_B_SPLINE_CURVE ( ( 1.000000000000000000, 0.9492530216741912330, 0.9492530216741912330, 1.000000000000000000 ) ) 
 REPRESENTATION_ITEM ( '' )  );
#3317 = CARTESIAN_POINT ( 'NONE',  ( 0.2217366110000129342, -1.178483124856404496, 1.199172314360084757 ) ) ;
#3318 = CARTESIAN_POINT ( 'NONE',  ( -0.2298037738871964719, -1.149999999999999911, 1.353671999876015164 ) ) ;
#3319 = LINE ( 'NONE', #7474, #5140 ) ;
#3321 = ORIENTED_EDGE ( 'NONE', *, *, #2685, .T. ) ;
#3320 = ORIENTED_EDGE ( 'NONE', *, *, #8348, .F. ) ;
#3322 =( NAMED_UNIT ( * ) PLANE_ANGLE_UNIT ( ) SI_UNIT ( $, .RADIAN. ) );
#3323 =( GEOMETRIC_REPRESENTATION_CONTEXT ( 3 ) GLOBAL_UNCERTAINTY_ASSIGNED_CONTEXT ( ( #778 ) ) GLOBAL_UNIT_ASSIGNED_CONTEXT ( ( #1572, #7137, #7177 ) ) REPRESENTATION_CONTEXT ( 'NONE', 'WORKASPACE' ) );
#3324 = FILL_AREA_STYLE_COLOUR ( '', #6238 ) ;
#3325 =( GEOMETRIC_REPRESENTATION_CONTEXT ( 3 ) GLOBAL_UNCERTAINTY_ASSIGNED_CONTEXT ( ( #1807 ) ) GLOBAL_UNIT_ASSIGNED_CONTEXT ( ( #2110, #4057, #4140 ) ) REPRESENTATION_CONTEXT ( 'NONE', 'WORKASPACE' ) );
#3326 = ORIENTED_EDGE ( 'NONE', *, *, #5315, .F. ) ;
#3327 = SURFACE_SIDE_STYLE ('',( #7482 ) ) ;
#3328 = EDGE_CURVE ( 'NONE', #6991, #3497, #4700, .T. ) ;
#3329 = VECTOR ( 'NONE', #6298, 1000.000000000000000 ) ;
#3330 = VECTOR ( 'NONE', #844, 1000.000000000000000 ) ;
#3331 = DIRECTION ( 'NONE',  ( -0.1710878697460330722, -0.1710878697460331554, 0.9702875252478149193 ) ) ;
#3332 = FACE_OUTER_BOUND ( 'NONE', #961, .T. ) ;
#3333 = ADVANCED_FACE ( 'NONE', ( #5328 ), #6615, .T. ) ;
#3335 = ORIENTED_EDGE ( 'NONE', *, *, #7330, .F. ) ;
#3334 = ORIENTED_EDGE ( 'NONE', *, *, #8428, .T. ) ;
#3336 = CARTESIAN_POINT ( 'NONE',  ( 0.2560000000000001719, 0.3199999999999993405, 8.550000000000000711 ) ) ;
#3337 = LINE ( 'NONE', #2539, #7822 ) ;
#3338 = LINE ( 'NONE', #1943, #6721 ) ;
#3339 = CARTESIAN_POINT ( 'NONE',  ( 1.169999999999999707, 3.270000000000000462, 0.6000000000000000888 ) ) ;
#3340 = DIRECTION ( 'NONE',  ( 0.000000000000000000, -0.000000000000000000, -1.000000000000000000 ) ) ;
#3341 = DIRECTION ( 'NONE',  ( -0.7071067811865515695, -0.000000000000000000, -0.7071067811865435759 ) ) ;
#3342 = DIRECTION ( 'NONE',  ( 0.000000000000000000, 1.000000000000000000, -0.000000000000000000 ) ) ;
#3343 = CARTESIAN_POINT ( 'NONE',  ( 1.019999999999999796, -0.9999999999999978906, 2.500000000000000000 ) ) ;
#3344 = ORIENTED_EDGE ( 'NONE', *, *, #3754, .F. ) ;
#3345 = CARTESIAN_POINT ( 'NONE',  ( 3.559999999999999609, -0.9999999999999978906, 2.500000000000000000 ) ) ;
#3346 = LINE ( 'NONE', #1953, #5937 ) ;
#3347 = EDGE_LOOP ( 'NONE', ( #8640, #8454, #5423, #4321 ) ) ;
#3348 = EDGE_CURVE ( 'NONE', #7436, #4175, #3719, .T. ) ;
#3349 = LINE ( 'NONE', #1956, #2215 ) ;
#3350 = LINE ( 'NONE', #4680, #3962 ) ;
#3351 =( LENGTH_UNIT ( ) NAMED_UNIT ( * ) SI_UNIT ( .MILLI., .METRE. ) );
#3352 = SURFACE_STYLE_FILL_AREA ( #5313 ) ;
#3353 = DIRECTION ( 'NONE',  ( 1.000000000000000000, 0.000000000000000000, 0.000000000000000000 ) ) ;
#3354 = DIRECTION ( 'NONE',  ( -0.000000000000000000, 0.000000000000000000, 1.000000000000000000 ) ) ;
#3355 = ORIENTED_EDGE ( 'NONE', *, *, #2440, .F. ) ;
#3356 = CARTESIAN_POINT ( 'NONE',  ( 4.823999999999999844, 0.3199999999999993405, 8.550000000000000711 ) ) ;
#3357 = ORIENTED_EDGE ( 'NONE', *, *, #6325, .F. ) ;
#3358 = STYLED_ITEM ( 'NONE', ( #3216 ), #5504 ) ;
#3359 = SURFACE_STYLE_USAGE ( .BOTH. , #1839 ) ;
#3360 =( GEOMETRIC_REPRESENTATION_CONTEXT ( 3 ) GLOBAL_UNCERTAINTY_ASSIGNED_CONTEXT ( ( #7122 ) ) GLOBAL_UNIT_ASSIGNED_CONTEXT ( ( #3048, #2450, #1712 ) ) REPRESENTATION_CONTEXT ( 'NONE', 'WORKASPACE' ) );
#3361 = ADVANCED_FACE ( 'NONE', ( #1974 ), #679, .F. ) ;
#3362 = VECTOR ( 'NONE', #2241, 1000.000000000000000 ) ;
#3364 = VERTEX_POINT ( 'NONE', #7663 ) ;
#3363 = ORIENTED_EDGE ( 'NONE', *, *, #8466, .F. ) ;
#3365 = CARTESIAN_POINT ( 'NONE',  ( 0.2785775458924492631, -1.129999999999999227, 0.8470411857358884911 ) ) ;
#3366 = PLANE ( 'NONE',  #6978 ) ;
#3367 = EDGE_LOOP ( 'NONE', ( #4878, #8031, #6709, #6733 ) ) ;
#3368 = CARTESIAN_POINT ( 'NONE',  ( 4.710000000000000853, -0.9999999999999978906, 1.599999999999989431 ) ) ;
#3369 = AXIS2_PLACEMENT_3D ( 'NONE', #2733, #4716, #3340 ) ;
#3370 =( BOUNDED_CURVE ( )  B_SPLINE_CURVE ( 3, ( #152, #2275, #4413, #4368 ),
 .UNSPECIFIED., .F., .F. ) 
 B_SPLINE_CURVE_WITH_KNOTS ( ( 4, 4 ),
 ( 3.141592653589793116, 3.926990816987242727 ),
 .UNSPECIFIED. ) 
 CURVE ( )  GEOMETRIC_REPRESENTATION_ITEM ( )  RATIONAL_B_SPLINE_CURVE ( ( 1.000000000000000000, 0.9492530216741910110, 0.9492530216741910110, 1.000000000000000000 ) ) 
 REPRESENTATION_ITEM ( '' )  );
#3371 = EDGE_CURVE ( 'NONE', #2899, #5186, #2669, .T. ) ;
#3372 = CARTESIAN_POINT ( 'NONE',  ( 2.853417573054442435, 2.250907905062562886, 7.947330798265289431 ) ) ;
#3373 = SURFACE_SIDE_STYLE ('',( #8256 ) ) ;
#3374 =( GEOMETRIC_REPRESENTATION_CONTEXT ( 3 ) GLOBAL_UNCERTAINTY_ASSIGNED_CONTEXT ( ( #6111 ) ) GLOBAL_UNIT_ASSIGNED_CONTEXT ( ( #3218, #2569, #4691 ) ) REPRESENTATION_CONTEXT ( 'NONE', 'WORKASPACE' ) );
#3376 = VERTEX_POINT ( 'NONE', #5605 ) ;
#3375 = ORIENTED_EDGE ( 'NONE', *, *, #6290, .F. ) ;
#3377 = COLOUR_RGB ( '',0.9686274509803921573, 0.8784313725490195957, 0.5999999999999999778 ) ;
#3378 = SURFACE_SIDE_STYLE ('',( #1900 ) ) ;
#3379 = CARTESIAN_POINT ( 'NONE',  ( 0.3012548339959392751, 2.238745166004060039, 8.016309119164535701 ) ) ;
#3380 = EDGE_CURVE ( 'NONE', #4909, #4653, #4788, .T. ) ;
#3381 = LINE ( 'NONE', #6259, #7598 ) ;
#3382 = ADVANCED_FACE ( 'NONE', ( #2849 ), #2152, .F. ) ;
#3383 = MECHANICAL_DESIGN_GEOMETRIC_PRESENTATION_REPRESENTATION (  '', ( #5279 ), #6314 ) ;
#3384 = SURFACE_SIDE_STYLE ('',( #2592 ) ) ;
#3385 = CARTESIAN_POINT ( 'NONE',  ( 0.2349397590361444188, -1.250000000000000000, 0.8488780120481929092 ) ) ;
#3386 = DIRECTION ( 'NONE',  ( -0.000000000000000000, 1.000000000000000000, 0.000000000000000000 ) ) ;
#3387 = LINE ( 'NONE', #5623, #490 ) ;
#3388 = ORIENTED_EDGE ( 'NONE', *, *, #895, .T. ) ;
#3389 = UNCERTAINTY_MEASURE_WITH_UNIT (LENGTH_MEASURE( 1.000000000000000082E-05 ), #823, 'distance_accuracy_value', 'NONE');
#3390 = CARTESIAN_POINT ( 'NONE',  ( 4.060000000000000497, -0.9999999999999986677, 2.500000000000000000 ) ) ;
#3391 = VECTOR ( 'NONE', #8632, 1000.000000000000000 ) ;
#3392 =( GEOMETRIC_REPRESENTATION_CONTEXT ( 3 ) GLOBAL_UNCERTAINTY_ASSIGNED_CONTEXT ( ( #8389 ) ) GLOBAL_UNIT_ASSIGNED_CONTEXT ( ( #7301, #3092, #3920 ) ) REPRESENTATION_CONTEXT ( 'NONE', 'WORKASPACE' ) );
#3393 = CARTESIAN_POINT ( 'NONE',  ( 1.520000000000000462, -0.9999999999999988898, 2.500000000000000000 ) ) ;
#3394 = ADVANCED_FACE ( 'NONE', ( #3499 ), #3366, .F. ) ;
#3395 = DIRECTION ( 'NONE',  ( 0.000000000000000000, -1.000000000000000000, 0.000000000000000000 ) ) ;
#3396 = LINE ( 'NONE', #3571, #7652 ) ;
#3397 = PRESENTATION_STYLE_ASSIGNMENT (( #8376 ) ) ;
#3398 =( LENGTH_UNIT ( ) NAMED_UNIT ( * ) SI_UNIT ( .MILLI., .METRE. ) );
#3399 = SURFACE_STYLE_FILL_AREA ( #6145 ) ;
#3400 = ORIENTED_EDGE ( 'NONE', *, *, #7589, .T. ) ;
#3401 = CLOSED_SHELL ( 'NONE', ( #7421, #190, #4262, #8443, #8195, #97, #8099, #2098, #2062, #8745, #8835, #29, #8517, #3928, #4130, #6785, #5711, #5901, #7448, #543, #4749, #6079, #49, #506, #4015, #4070, #5278, #8614, #4463, #5319 ) ) ;
#3402 = ORIENTED_EDGE ( 'NONE', *, *, #7347, .F. ) ;
#3403 = PLANE ( 'NONE',  #4692 ) ;
#3404 = SURFACE_SIDE_STYLE ('',( #4134 ) ) ;
#3405 = EDGE_CURVE ( 'NONE', #5891, #1212, #1221, .T. ) ;
#3406 = VECTOR ( 'NONE', #2168, 1000.000000000000000 ) ;
#3407 = SURFACE_STYLE_FILL_AREA ( #6022 ) ;
#3408 = SURFACE_SIDE_STYLE ('',( #1881 ) ) ;
#3409 = DIRECTION ( 'NONE',  ( -0.7071067811865454633, 0.000000000000000000, 0.7071067811865495711 ) ) ;
#3411 = ORIENTED_EDGE ( 'NONE', *, *, #6270, .F. ) ;
#3410 = ORIENTED_EDGE ( 'NONE', *, *, #5063, .T. ) ;
#3412 = CARTESIAN_POINT ( 'NONE',  ( 0.1665885810817074597, -1.250000000000000888, 0.7707336829929043454 ) ) ;
#3413 = VERTEX_POINT ( 'NONE', #6851 ) ;
#3414 = CARTESIAN_POINT ( 'NONE',  ( 6.100000000000000533, -0.9999999999999978906, 0.4500000000000018430 ) ) ;
#3415 = AXIS2_PLACEMENT_3D ( 'NONE', #6910, #2729, #7588 ) ;
#3416 = LINE ( 'NONE', #6116, #1598 ) ;
#3417 = FACE_OUTER_BOUND ( 'NONE', #7713, .T. ) ;
#3418 = CARTESIAN_POINT ( 'NONE',  ( 2.860000000000000320, 2.266799289467859690, -2.359999999999986997 ) ) ;
#3420 = EDGE_LOOP ( 'NONE', ( #1045, #985, #8434, #5148 ) ) ;
#3419 = ORIENTED_EDGE ( 'NONE', *, *, #840, .F. ) ;
#3421 = PLANE ( 'NONE',  #6234 ) ;
#3422 = ADVANCED_FACE ( 'NONE', ( #8949 ), #5462, .F. ) ;
#3423 = CARTESIAN_POINT ( 'NONE',  ( 6.578304512629999934, -1.250000000000000222, 2.350000000000000089 ) ) ;
#3424 =( BOUNDED_CURVE ( )  B_SPLINE_CURVE ( 3, ( #8028, #2117, #6986, #9000 ),
 .UNSPECIFIED., .F., .F. ) 
 B_SPLINE_CURVE_WITH_KNOTS ( ( 4, 4 ),
 ( 3.141592653589793116, 3.926990816987242727 ),
 .UNSPECIFIED. ) 
 CURVE ( )  GEOMETRIC_REPRESENTATION_ITEM ( )  RATIONAL_B_SPLINE_CURVE ( ( 1.000000000000000000, 0.9492530216741910110, 0.9492530216741910110, 1.000000000000000000 ) ) 
 REPRESENTATION_ITEM ( '' )  );
#3425 =( NAMED_UNIT ( * ) SI_UNIT ( $, .STERADIAN. ) SOLID_ANGLE_UNIT ( ) );
#3426 = EDGE_CURVE ( 'NONE', #5368, #4907, #8529, .T. ) ;
#3427 = SURFACE_STYLE_USAGE ( .BOTH. , #6817 ) ;
#3428 = CARTESIAN_POINT ( 'NONE',  ( -0.08242201906977160430, -1.228186604381625413, 1.466154446311007664 ) ) ;
#3429 = CARTESIAN_POINT ( 'NONE',  ( 2.829092094937436297, -0.3134175730544424554, -2.397330798265292273 ) ) ;
#3430 = CARTESIAN_POINT ( 'NONE',  ( 5.400000000000000355, -0.2560000000000007825, 7.909999999999988596 ) ) ;
#3431 = DIRECTION ( 'NONE',  ( 0.000000000000000000, -5.078189165123089681E-17, 1.000000000000000000 ) ) ;
#3432 = EDGE_LOOP ( 'NONE', ( #7458, #5980, #22, #807 ) ) ;
#3433 = FACE_OUTER_BOUND ( 'NONE', #168, .T. ) ;
#3434 = VECTOR ( 'NONE', #6276, 1000.000000000000000 ) ;
#3435 = CARTESIAN_POINT ( 'NONE',  ( 0.3200000000000001177, 2.283999999999999364, 7.909999999999988596 ) ) ;
#3436 = COLOUR_RGB ( '',0.9686274509803921573, 0.8784313725490195957, 0.5999999999999999778 ) ;
#3437 = LINE ( 'NONE', #4079, #7452 ) ;
#3438 = CYLINDRICAL_SURFACE ( 'NONE', #298, 0.06399999999999998745 ) ;
#3439 = CARTESIAN_POINT ( 'NONE',  ( 2.796000000000000263, 0.3199999999999993405, 8.550000000000000711 ) ) ;
#3440 = DIRECTION ( 'NONE',  ( -1.000000000000000000, -0.000000000000000000, -0.000000000000000000 ) ) ;
#3441 = EDGE_CURVE ( 'NONE', #5187, #5593, #1451, .T. ) ;
#3442 = ORIENTED_EDGE ( 'NONE', *, *, #495, .T. ) ;
#3443 = VECTOR ( 'NONE', #5522, 1000.000000000000000 ) ;
#3444 = ORIENTED_EDGE ( 'NONE', *, *, #5596, .F. ) ;
#3445 =( LENGTH_UNIT ( ) NAMED_UNIT ( * ) SI_UNIT ( .MILLI., .METRE. ) );
#3446 = FACE_OUTER_BOUND ( 'NONE', #3267, .T. ) ;
#3447 = APPLICATION_PROTOCOL_DEFINITION ( 'draft international standard', 'automotive_design', 1998, #3090 ) ;
#3448 = ADVANCED_FACE ( 'NONE', ( #4379 ), #816, .T. ) ;
#3450 = ORIENTED_EDGE ( 'NONE', *, *, #4371, .T. ) ;
#3449 = VERTEX_POINT ( 'NONE', #5138 ) ;
#3451 = PRESENTATION_STYLE_ASSIGNMENT (( #7574 ) ) ;
#3452 =( NAMED_UNIT ( * ) SI_UNIT ( $, .STERADIAN. ) SOLID_ANGLE_UNIT ( ) );
#3453 = ORIENTED_EDGE ( 'NONE', *, *, #875, .F. ) ;
#3454 = CARTESIAN_POINT ( 'NONE',  ( 5.336000000000000298, 0.2559999999999993392, 8.550000000000000711 ) ) ;
#3455 = EDGE_CURVE ( 'NONE', #6654, #2609, #7917, .T. ) ;
#3456 =( GEOMETRIC_REPRESENTATION_CONTEXT ( 3 ) GLOBAL_UNCERTAINTY_ASSIGNED_CONTEXT ( ( #7925 ) ) GLOBAL_UNIT_ASSIGNED_CONTEXT ( ( #7344, #1050, #3091 ) ) REPRESENTATION_CONTEXT ( 'NONE', 'WORKASPACE' ) );
#3457 = AXIS2_PLACEMENT_3D ( 'NONE', #2396, #5900, #4453 ) ;
#3458 = PLANE ( 'NONE',  #4109 ) ;
#3459 = VECTOR ( 'NONE', #1873, 1000.000000000000227 ) ;
#3460 = CARTESIAN_POINT ( 'NONE',  ( 4.760000000000000675, 0.2559999999999998943, -2.359999999999988773 ) ) ;
#3462 = ORIENTED_EDGE ( 'NONE', *, *, #3274, .F. ) ;
#3461 = ORIENTED_EDGE ( 'NONE', *, *, #7210, .T. ) ;
#3463 = PRESENTATION_STYLE_ASSIGNMENT (( #7585 ) ) ;
#3464 = DIRECTION ( 'NONE',  ( -0.000000000000000000, 0.000000000000000000, 1.000000000000000000 ) ) ;
#3465 = FILL_AREA_STYLE ('',( #1323 ) ) ;
#3466 = SURFACE_STYLE_FILL_AREA ( #560 ) ;
#3467 =( GEOMETRIC_REPRESENTATION_CONTEXT ( 3 ) GLOBAL_UNCERTAINTY_ASSIGNED_CONTEXT ( ( #3281 ) ) GLOBAL_UNIT_ASSIGNED_CONTEXT ( ( #7813, #2968, #7093 ) ) REPRESENTATION_CONTEXT ( 'NONE', 'WORKASPACE' ) );
#3468 = SURFACE_STYLE_FILL_AREA ( #7130 ) ;
#3469 = MANIFOLD_SOLID_BREP ( 'Metal-Pattern[2]', #7484 ) ;
#3470 = CARTESIAN_POINT ( 'NONE',  ( -0.2123439580472827604, -1.149999999999997025, 1.795322234093870817 ) ) ;
#3471 = CARTESIAN_POINT ( 'NONE',  ( 6.100000000000000533, -0.7700000000000002398, 0.6000000000000000888 ) ) ;
#3472 = DIRECTION ( 'NONE',  ( -1.000000000000000000, -8.470329472543003391E-17, -4.301393535249064745E-33 ) ) ;
#3473 = EDGE_CURVE ( 'NONE', #3034, #4320, #2696, .T. ) ;
#3474 = ADVANCED_FACE ( 'NONE', ( #3529 ), #6925, .F. ) ;
#3475 = ORIENTED_EDGE ( 'NONE', *, *, #917, .F. ) ;
#3476 =( BOUNDED_CURVE ( )  B_SPLINE_CURVE ( 3, ( #8293, #7789, #8988, #2708 ),
 .UNSPECIFIED., .F., .F. ) 
 B_SPLINE_CURVE_WITH_KNOTS ( ( 4, 4 ),
 ( 2.356194490192343061, 3.141592653589793116 ),
 .UNSPECIFIED. ) 
 CURVE ( )  GEOMETRIC_REPRESENTATION_ITEM ( )  RATIONAL_B_SPLINE_CURVE ( ( 1.000000000000000000, 0.9492530216741910110, 0.9492530216741910110, 1.000000000000000000 ) ) 
 REPRESENTATION_ITEM ( '' )  );
#3477 = AXIS2_PLACEMENT_3D ( 'NONE', #3225, #5240, #996 ) ;
#3478 = LINE ( 'NONE', #1289, #5215 ) ;
#3479 = CARTESIAN_POINT ( 'NONE',  ( 3.810000000000000941, -0.9999999999999978906, 0.5999999999999998668 ) ) ;
#3480 = FACE_OUTER_BOUND ( 'NONE', #6706, .T. ) ;
#3481 = DIRECTION ( 'NONE',  ( 0.000000000000000000, -0.9848077530122085754, 0.1736481776669278054 ) ) ;
#3482 = LINE ( 'NONE', #6832, #5854 ) ;
#3483 = DIRECTION ( 'NONE',  ( -0.000000000000000000, -0.000000000000000000, -1.000000000000000000 ) ) ;
#3484 = LINE ( 'NONE', #63, #3434 ) ;
#3485 = DIRECTION ( 'NONE',  ( -0.1710878697460326558, -0.1710878697460326836, 0.9702875252478149193 ) ) ;
#3486 = DIRECTION ( 'NONE',  ( -0.4999999999999998890, 0.8660254037844385966, 0.000000000000000000 ) ) ;
#3487 = ORIENTED_EDGE ( 'NONE', *, *, #5717, .T. ) ;
#3488 = EDGE_CURVE ( 'NONE', #7233, #217, #6319, .T. ) ;
#3489 = ORIENTED_EDGE ( 'NONE', *, *, #7200, .F. ) ;
#3490 = EDGE_CURVE ( 'NONE', #7708, #2940, #9060, .T. ) ;
#3491 =( NAMED_UNIT ( * ) SI_UNIT ( $, .STERADIAN. ) SOLID_ANGLE_UNIT ( ) );
#3492 = DIRECTION ( 'NONE',  ( 0.000000000000000000, 0.000000000000000000, -1.000000000000000000 ) ) ;
#3493 = CARTESIAN_POINT ( 'NONE',  ( 5.287150732346582949, 0.3199999999999993405, 8.550000000000000711 ) ) ;
#3494 = DIRECTION ( 'NONE',  ( 1.000000000000000000, 0.000000000000000000, 0.000000000000000000 ) ) ;
#3495 = COLOUR_RGB ( '',0.9686274509803921573, 0.8784313725490195957, 0.5999999999999999778 ) ;
#3497 = VERTEX_POINT ( 'NONE', #8417 ) ;
#3496 = VERTEX_POINT ( 'NONE', #2835 ) ;
#3498 = CARTESIAN_POINT ( 'NONE',  ( -0.2350737980701156915, -1.129999999999999227, 1.348647269102990709 ) ) ;
#3499 = FACE_OUTER_BOUND ( 'NONE', #7824, .T. ) ;
#3500 = ORIENTED_EDGE ( 'NONE', *, *, #402, .T. ) ;
#3501 = AXIS2_PLACEMENT_3D ( 'NONE', #6525, #222, #737 ) ;
#3502 =( NAMED_UNIT ( * ) PLANE_ANGLE_UNIT ( ) SI_UNIT ( $, .RADIAN. ) );
#3503 = FILL_AREA_STYLE_COLOUR ( '', #1153 ) ;
#3504 =( NAMED_UNIT ( * ) PLANE_ANGLE_UNIT ( ) SI_UNIT ( $, .RADIAN. ) );
#3506 = VERTEX_POINT ( 'NONE', #6141 ) ;
#3505 = ORIENTED_EDGE ( 'NONE', *, *, #1904, .T. ) ;
#3507 = CARTESIAN_POINT ( 'NONE',  ( 5.421010862427522170E-17, -0.4466666666666665453, 2.500000000000000000 ) ) ;
#3508 = PLANE ( 'NONE',  #8120 ) ;
#3509 = VERTEX_POINT ( 'NONE', #4129 ) ;
#3510 = DIRECTION ( 'NONE',  ( -0.000000000000000000, 1.000000000000000000, 0.000000000000000000 ) ) ;
#3511 = AXIS2_PLACEMENT_3D ( 'NONE', #2297, #44, #7076 ) ;
#3512 = VECTOR ( 'NONE', #2788, 1000.000000000000000 ) ;
#3513 = DIRECTION ( 'NONE',  ( 1.000000000000000000, -0.000000000000000000, 0.000000000000000000 ) ) ;
#3514 = SURFACE_STYLE_FILL_AREA ( #4937 ) ;
#3515 = AXIS2_PLACEMENT_3D ( 'NONE', #4648, #4515, #5280 ) ;
#3516 = VECTOR ( 'NONE', #322, 999.9999999999998863 ) ;
#3517 = EDGE_CURVE ( 'NONE', #5547, #4320, #7510, .T. ) ;
#3518 = DIRECTION ( 'NONE',  ( 0.000000000000000000, 0.000000000000000000, -1.000000000000000000 ) ) ;
#3519 = LINE ( 'NONE', #3471, #7757 ) ;
#3520 = VERTEX_POINT ( 'NONE', #5451 ) ;
#3521 = CARTESIAN_POINT ( 'NONE',  ( 1.370000000000000329, -0.9999999999999988898, 2.350000000000000089 ) ) ;
#3522 = CARTESIAN_POINT ( 'NONE',  ( -0.2071507323465818784, 2.332849267653417158, 8.550000000000000711 ) ) ;
#3523 = DIRECTION ( 'NONE',  ( 0.000000000000000000, -0.000000000000000000, -1.000000000000000000 ) ) ;
#3524 = PRESENTATION_STYLE_ASSIGNMENT (( #8457 ) ) ;
#3525 = STYLED_ITEM ( 'NONE', ( #5299 ), #6873 ) ;
#3526 = PRESENTATION_LAYER_ASSIGNMENT (  '', '', ( #8484 ) ) ;
#3527 = EDGE_CURVE ( 'NONE', #5259, #1403, #5590, .T. ) ;
#3528 = CARTESIAN_POINT ( 'NONE',  ( 4.806799289467860170, 0.3199999999999998401, -2.359999999999988773 ) ) ;
#3529 = FACE_OUTER_BOUND ( 'NONE', #5924, .T. ) ;
#3530 = CARTESIAN_POINT ( 'NONE',  ( 4.790907905062566030, 2.853417573054441991, 7.947330798265291207 ) ) ;
#3531 = PRESENTATION_LAYER_ASSIGNMENT (  '', '', ( #7471 ) ) ;
#3532 = SURFACE_STYLE_FILL_AREA ( #2699 ) ;
#3533 = CARTESIAN_POINT ( 'NONE',  ( 5.400000000000000355, 2.859999999999999876, 8.550000000000000711 ) ) ;
#3534 = MANIFOLD_SOLID_BREP ( 'Fillet1', #2943 ) ;
#3535 = VERTEX_POINT ( 'NONE', #7182 ) ;
#3536 = EDGE_CURVE ( 'NONE', #2961, #1412, #8233, .T. ) ;
#3537 = VERTEX_POINT ( 'NONE', #102 ) ;
#3538 = EDGE_CURVE ( 'NONE', #9064, #2406, #7902, .T. ) ;
#3539 = CARTESIAN_POINT ( 'NONE',  ( 0.1585677505554677902, -1.149999999999999245, 1.806310649408094715 ) ) ;
#3540 = SURFACE_STYLE_FILL_AREA ( #717 ) ;
#3541 = EDGE_CURVE ( 'NONE', #3535, #8257, #7142, .T. ) ;
#3542 = DIRECTION ( 'NONE',  ( -0.8660254037844384856, 0.5000000000000004441, 0.000000000000000000 ) ) ;
#3543 = CARTESIAN_POINT ( 'NONE',  ( 5.393417573054442471, 0.2890920949374353177, 7.947330798265291207 ) ) ;
#3545 = ORIENTED_EDGE ( 'NONE', *, *, #2033, .T. ) ;
#3544 = ORIENTED_EDGE ( 'NONE', *, *, #6421, .F. ) ;
#3546 = PRESENTATION_STYLE_ASSIGNMENT (( #3683 ) ) ;
#3547 = EDGE_CURVE ( 'NONE', #2382, #8908, #4316, .T. ) ;
#3548 = ORIENTED_EDGE ( 'NONE', *, *, #4661, .T. ) ;
#3549 = FILL_AREA_STYLE ('',( #81 ) ) ;
#3550 = CARTESIAN_POINT ( 'NONE',  ( -0.2660277198773449148, -1.164586529571913553, 1.457276013884454047 ) ) ;
#3551 = DIRECTION ( 'NONE',  ( 0.000000000000000000, -0.000000000000000000, 1.000000000000000000 ) ) ;
#3553 = ORIENTED_EDGE ( 'NONE', *, *, #7790, .T. ) ;
#3552 = ORIENTED_EDGE ( 'NONE', *, *, #1384, .F. ) ;
#3554 = LINE ( 'NONE', #2858, #8733 ) ;
#3555 = PLANE ( 'NONE',  #5804 ) ;
#3556 = EDGE_CURVE ( 'NONE', #2044, #347, #5024, .T. ) ;
#3557 = VERTEX_POINT ( 'NONE', #5080 ) ;
#3558 = DIRECTION ( 'NONE',  ( 0.000000000000000000, 1.000000000000000000, 0.000000000000000000 ) ) ;
#3559 = COLOUR_RGB ( '',0.9686274509803921573, 0.8784313725490195957, 0.5999999999999999778 ) ;
#3560 = DIRECTION ( 'NONE',  ( -8.470329472543003391E-17, 1.000000000000000000, 0.000000000000000000 ) ) ;
#3561 = LINE ( 'NONE', #2910, #6028 ) ;
#3562 = VERTEX_POINT ( 'NONE', #192 ) ;
#3563 = CYLINDRICAL_SURFACE ( 'NONE', #1692, 0.06399999999999982092 ) ;
#3564 = FACE_OUTER_BOUND ( 'NONE', #8639, .T. ) ;
#3565 = CARTESIAN_POINT ( 'NONE',  ( 0.1560617469879515551, -1.250000000000000000, 1.770000000000000240 ) ) ;
#3566 = COLOUR_RGB ( '',0.9686274509803921573, 0.8784313725490195957, 0.5999999999999999778 ) ;
#3567 = LINE ( 'NONE', #6223, #6761 ) ;
#3568 = ADVANCED_FACE ( 'NONE', ( #4458 ), #3713, .F. ) ;
#3569 = CARTESIAN_POINT ( 'NONE',  ( 1.269999999999999796, 3.499999999999998224, 2.350000000000000089 ) ) ;
#3570 = CARTESIAN_POINT ( 'NONE',  ( 0.2081842810550315337, -1.250000000000001110, 1.175455635456971182 ) ) ;
#3571 = CARTESIAN_POINT ( 'NONE',  ( 6.350000000000000533, -0.9999999999999978906, 2.500000000000000000 ) ) ;
#3572 = PRESENTATION_LAYER_ASSIGNMENT (  '', '', ( #2381 ) ) ;
#3573 = LINE ( 'NONE', #3932, #6246 ) ;
#3574 = CARTESIAN_POINT ( 'NONE',  ( 6.100000000000001421, -0.9999999999999978906, 2.500000000000000000 ) ) ;
#3575 = LINE ( 'NONE', #8979, #8127 ) ;
#3576 = DIRECTION ( 'NONE',  ( 1.000000000000000000, 0.000000000000000000, 0.000000000000000000 ) ) ;
#3577 = ORIENTED_EDGE ( 'NONE', *, *, #7578, .F. ) ;
#3578 = ORIENTED_EDGE ( 'NONE', *, *, #1815, .F. ) ;
#3579 = VECTOR ( 'NONE', #8165, 1000.000000000000000 ) ;
#3580 = CARTESIAN_POINT ( 'NONE',  ( 0.2700262538617162478, -1.149999999999999023, 1.719529022210933622 ) ) ;
#3581 = DIRECTION ( 'NONE',  ( -0.1710878697460326558, -0.1710878697460326836, 0.9702875252478149193 ) ) ;
#3582 = EDGE_CURVE ( 'NONE', #2647, #2102, #5030, .T. ) ;
#3583 = DIRECTION ( 'NONE',  ( -0.5000000000000003331, -0.8660254037844383745, 0.000000000000000000 ) ) ;
#3584 = CARTESIAN_POINT ( 'NONE',  ( 0.3200000000000001177, 2.813200710532140381, -2.359999999999986997 ) ) ;
#3585 =( GEOMETRIC_REPRESENTATION_CONTEXT ( 3 ) GLOBAL_UNCERTAINTY_ASSIGNED_CONTEXT ( ( #4412 ) ) GLOBAL_UNIT_ASSIGNED_CONTEXT ( ( #2897, #5703, #4339 ) ) REPRESENTATION_CONTEXT ( 'NONE', 'WORKASPACE' ) );
#3586 = EDGE_CURVE ( 'NONE', #8782, #134, #4156, .T. ) ;
#3587 = EDGE_CURVE ( 'NONE', #3224, #4207, #4949, .T. ) ;
#3588 = ORIENTED_EDGE ( 'NONE', *, *, #6164, .F. ) ;
#3589 = DIRECTION ( 'NONE',  ( -0.1710878697460330722, -0.1710878697460330722, -0.9702875252478149193 ) ) ;
#3590 = VERTEX_POINT ( 'NONE', #4266 ) ;
#3591 = MANIFOLD_SOLID_BREP ( 'Metal-Pattern[5]', #7632 ) ;
#3592 = DIRECTION ( 'NONE',  ( 8.470329472543003391E-17, -1.000000000000000000, 0.000000000000000000 ) ) ;
#3593 = VECTOR ( 'NONE', #1868, 1000.000000000000000 ) ;
#3594 =( LENGTH_UNIT ( ) NAMED_UNIT ( * ) SI_UNIT ( .MILLI., .METRE. ) );
#3595 = LINE ( 'NONE', #6387, #7750 ) ;
#3596 = CARTESIAN_POINT ( 'NONE',  ( 0.3200000000000000622, 0.3199999999999993405, 8.550000000000000711 ) ) ;
#3598 = ORIENTED_EDGE ( 'NONE', *, *, #46, .F. ) ;
#3597 = EDGE_LOOP ( 'NONE', ( #8717, #250, #2938, #2893 ) ) ;
#3599 = CARTESIAN_POINT ( 'NONE',  ( 4.310000000000000497, -1.250000000000000000, 0.000000000000000000 ) ) ;
#3600 = VECTOR ( 'NONE', #694, 1000.000000000000000 ) ;
#3601 = CARTESIAN_POINT ( 'NONE',  ( -0.3464101615137760160, -1.046666666666666856, 2.500000000000000000 ) ) ;
#3602 = PRESENTATION_LAYER_ASSIGNMENT (  '', '', ( #2716 ) ) ;
#3603 = ORIENTED_EDGE ( 'NONE', *, *, #2409, .F. ) ;
#3604 = SURFACE_STYLE_USAGE ( .BOTH. , #1654 ) ;
#3605 = EDGE_CURVE ( 'NONE', #7980, #733, #3573, .T. ) ;
#3606 = PLANE ( 'NONE',  #8523 ) ;
#3607 = VECTOR ( 'NONE', #1390, 1000.000000000000000 ) ;
#3608 = DIRECTION ( 'NONE',  ( -0.9848077530122085754, -8.341646135128160883E-17, 0.1736481776669278332 ) ) ;
#3609 = STYLED_ITEM ( 'NONE', ( #119 ), #3422 ) ;
#3610 = ADVANCED_FACE ( 'NONE', ( #1720 ), #3197, .T. ) ;
#3611 = SURFACE_SIDE_STYLE ('',( #7132 ) ) ;
#3612 = FILL_AREA_STYLE ('',( #6445 ) ) ;
#3613 =( NAMED_UNIT ( * ) PLANE_ANGLE_UNIT ( ) SI_UNIT ( $, .RADIAN. ) );
#3614 = DIRECTION ( 'NONE',  ( 0.000000000000000000, 1.000000000000000000, 0.000000000000000000 ) ) ;
#3615 = EDGE_LOOP ( 'NONE', ( #6170, #6698, #2723, #1772, #940 ) ) ;
#3616 = CARTESIAN_POINT ( 'NONE',  ( 6.100000000000000533, 0.000000000000000000, 2.500000000000000000 ) ) ;
#3617 = CYLINDRICAL_SURFACE ( 'NONE', #6570, 0.06399999999999998745 ) ;
#3618 = MECHANICAL_DESIGN_GEOMETRIC_PRESENTATION_REPRESENTATION (  '', ( #2283 ), #2269 ) ;
#3619 = SURFACE_STYLE_FILL_AREA ( #8973 ) ;
#3620 = CARTESIAN_POINT ( 'NONE',  ( 6.224999999999999645, 3.499999999999998224, 2.375000000000000444 ) ) ;
#3621 = ADVANCED_FACE ( 'NONE', ( #1672 ), #969, .F. ) ;
#3622 = CARTESIAN_POINT ( 'NONE',  ( 4.760000000000000675, -0.3200000000000001732, -2.359999999999988773 ) ) ;
#3623 = VECTOR ( 'NONE', #6038, 1000.000000000000000 ) ;
#3624 = CARTESIAN_POINT ( 'NONE',  ( 0.1566949385773097059, -1.200014643514627055, 0.7518068180901391617 ) ) ;
#3625 = CARTESIAN_POINT ( 'NONE',  ( 2.220000000000000195, 0.3199999999999993405, -2.359999999999988773 ) ) ;
#3626 = DIRECTION ( 'NONE',  ( -0.7071067811865441310, -0.7071067811865507924, 0.000000000000000000 ) ) ;
#3627 = ADVANCED_FACE ( 'NONE', ( #8827 ), #1015, .F. ) ;
#3628 = ORIENTED_EDGE ( 'NONE', *, *, #8929, .F. ) ;
#3629 = ORIENTED_EDGE ( 'NONE', *, *, #7709, .T. ) ;
#3630 = DIRECTION ( 'NONE',  ( 8.470329472543003391E-17, -1.000000000000000000, 0.000000000000000000 ) ) ;
#3631 = DIRECTION ( 'NONE',  ( 1.000000000000000000, 0.000000000000000000, -0.000000000000000000 ) ) ;
#3632 = EDGE_LOOP ( 'NONE', ( #7162, #4045, #9083, #2075, #2951, #3093 ) ) ;
#3634 = ORIENTED_EDGE ( 'NONE', *, *, #425, .F. ) ;
#3633 = ORIENTED_EDGE ( 'NONE', *, *, #4371, .F. ) ;
#3635 = CARTESIAN_POINT ( 'NONE',  ( -0.3012548339959390531, 2.238745166004060039, 8.016309119164535701 ) ) ;
#3636 = DIRECTION ( 'NONE',  ( 0.000000000000000000, -5.078189165123089681E-17, 1.000000000000000000 ) ) ;
#3637 = ORIENTED_EDGE ( 'NONE', *, *, #8334, .F. ) ;
#3638 = CARTESIAN_POINT ( 'NONE',  ( 4.760000000000000675, 0.3199999999999993405, -2.359999999999988773 ) ) ;
#3639 = EDGE_CURVE ( 'NONE', #5397, #8865, #6128, .T. ) ;
#3640 = CARTESIAN_POINT ( 'NONE',  ( -0.2554095947582508130, -1.193759588573569008, 1.457545397228200423 ) ) ;
#3641 = CARTESIAN_POINT ( 'NONE',  ( 3.910000000000001918, -0.9999999999999988898, 0.5999999999999998668 ) ) ;
#3642 = CARTESIAN_POINT ( 'NONE',  ( 3.559999999999999609, 3.499999999999998224, 2.500000000000000000 ) ) ;
#3644 = ORIENTED_EDGE ( 'NONE', *, *, #3556, .F. ) ;
#3643 = EDGE_LOOP ( 'NONE', ( #4387, #7639, #8797, #8800 ) ) ;
#3645 = UNCERTAINTY_MEASURE_WITH_UNIT (LENGTH_MEASURE( 1.000000000000000082E-05 ), #4088, 'distance_accuracy_value', 'NONE');
#3646 =( NAMED_UNIT ( * ) PLANE_ANGLE_UNIT ( ) SI_UNIT ( $, .RADIAN. ) );
#3647 = VERTEX_POINT ( 'NONE', #4027 ) ;
#3648 = FILL_AREA_STYLE ('',( #828 ) ) ;
#3649 = CARTESIAN_POINT ( 'NONE',  ( -1.019999999999999796, 3.499999999999997780, 2.500000000000000000 ) ) ;
#3650 = AXIS2_PLACEMENT_3D ( 'NONE', #5628, #8191, #3523 ) ;
#3651 = DIRECTION ( 'NONE',  ( -8.470329472543003391E-17, 1.000000000000000000, 0.000000000000000000 ) ) ;
#3652 = SURFACE_STYLE_USAGE ( .BOTH. , #3611 ) ;
#3653 = EDGE_CURVE ( 'NONE', #6763, #4506, #7636, .T. ) ;
#3654 = CARTESIAN_POINT ( 'NONE',  ( -0.2559999999999999498, -0.3200000000000001732, -2.359999999999988773 ) ) ;
#3655 = CARTESIAN_POINT ( 'NONE',  ( 5.381254833995939180, -0.3012548339959392751, -2.466309119164537655 ) ) ;
#3656 = PRESENTATION_STYLE_ASSIGNMENT (( #5021 ) ) ;
#3657 = ORIENTED_EDGE ( 'NONE', *, *, #4264, .F. ) ;
#3658 = CARTESIAN_POINT ( 'NONE',  ( -1.020000000000000684, 3.499999999999997780, 2.500000000000000000 ) ) ;
#3659 = SURFACE_STYLE_USAGE ( .BOTH. , #838 ) ;
#3660 = SURFACE_STYLE_FILL_AREA ( #3790 ) ;
#3661 = ADVANCED_FACE ( 'NONE', ( #4758 ), #4717, .T. ) ;
#3662 = PRODUCT ( 'DS1021_yellow_2x03p_100mil_Type1_rev1.0', 'DS1021_yellow_2x03p_100mil_Type1_rev1.0', '', ( #2804 ) ) ;
#3663 = VECTOR ( 'NONE', #1976, 1000.000000000000000 ) ;
#3664 = VECTOR ( 'NONE', #3827, 1000.000000000000000 ) ;
#3665 =( BOUNDED_CURVE ( )  B_SPLINE_CURVE ( 3, ( #2379, #7964, #3857, #7287 ),
 .UNSPECIFIED., .F., .F. ) 
 B_SPLINE_CURVE_WITH_KNOTS ( ( 4, 4 ),
 ( 5.497787143782135288, 6.283185307179586232 ),
 .UNSPECIFIED. ) 
 CURVE ( )  GEOMETRIC_REPRESENTATION_ITEM ( )  RATIONAL_B_SPLINE_CURVE ( ( 1.000000000000000000, 0.9492530216741907889, 0.9492530216741907889, 1.000000000000000000 ) ) 
 REPRESENTATION_ITEM ( '' )  );
#3666 = CARTESIAN_POINT ( 'NONE',  ( 0.3012548339959390531, 0.3012548339959383870, 8.016309119164537478 ) ) ;
#3667 = DIRECTION ( 'NONE',  ( 0.000000000000000000, 0.000000000000000000, -1.000000000000000000 ) ) ;
#3668 = LINE ( 'NONE', #2362, #8372 ) ;
#3669 = CARTESIAN_POINT ( 'NONE',  ( -0.1572017319021906112, -1.160002928788726573, 0.7372437449079609628 ) ) ;
#3670 = CARTESIAN_POINT ( 'NONE',  ( 5.400000000000000355, 2.283999999999999808, -2.359999999999988773 ) ) ;
#3671 = UNCERTAINTY_MEASURE_WITH_UNIT (LENGTH_MEASURE( 1.000000000000000082E-05 ), #7187, 'distance_accuracy_value', 'NONE');
#3672 = CARTESIAN_POINT ( 'NONE',  ( 0.2713367824627647140, -1.149999999999999911, 1.693229588980317502 ) ) ;
#3673 = VECTOR ( 'NONE', #6700, 1000.000000000000000 ) ;
#3674 = ORIENTED_EDGE ( 'NONE', *, *, #6326, .F. ) ;
#3675 = VECTOR ( 'NONE', #8436, 1000.000000000000000 ) ;
#3676 = DIRECTION ( 'NONE',  ( -0.000000000000000000, 1.000000000000000000, 0.000000000000000000 ) ) ;
#3677 = SURFACE_SIDE_STYLE ('',( #23 ) ) ;
#3678 = VECTOR ( 'NONE', #5489, 999.9999999999998863 ) ;
#3679 = PLANE ( 'NONE',  #8023 ) ;
#3680 = VECTOR ( 'NONE', #1994, 1000.000000000000227 ) ;
#3682 = EDGE_LOOP ( 'NONE', ( #722, #1318, #8103, #5595 ) ) ;
#3681 = EDGE_LOOP ( 'NONE', ( #7152, #6208, #6462, #2904 ) ) ;
#3683 = SURFACE_STYLE_USAGE ( .BOTH. , #7825 ) ;
#3684 = VERTEX_POINT ( 'NONE', #7544 ) ;
#3685 = AXIS2_PLACEMENT_3D ( 'NONE', #1081, #3908, #1127 ) ;
#3686 = VECTOR ( 'NONE', #5291, 1000.000000000000000 ) ;
#3687 = EDGE_CURVE ( 'NONE', #755, #4399, #4916, .T. ) ;
#3688 = FACE_OUTER_BOUND ( 'NONE', #3643, .T. ) ;
#3689 = AXIS2_PLACEMENT_3D ( 'NONE', #7189, #897, #6505 ) ;
#3690 = DIRECTION ( 'NONE',  ( 1.000000000000000000, 0.000000000000000000, 0.000000000000000000 ) ) ;
#3691 = CARTESIAN_POINT ( 'NONE',  ( -0.3199999999999998956, -0.2560000000000006715, 7.909999999999988596 ) ) ;
#3692 = LINE ( 'NONE', #7070, #2992 ) ;
#3694 = ORIENTED_EDGE ( 'NONE', *, *, #709, .F. ) ;
#3693 = ORIENTED_EDGE ( 'NONE', *, *, #5332, .T. ) ;
#3695 = SURFACE_STYLE_FILL_AREA ( #6437 ) ;
#3696 = ORIENTED_EDGE ( 'NONE', *, *, #3536, .T. ) ;
#3697 = VECTOR ( 'NONE', #8218, 1000.000000000000000 ) ;
#3698 = EDGE_CURVE ( 'NONE', #594, #5955, #7453, .T. ) ;
#3699 = FACE_OUTER_BOUND ( 'NONE', #2199, .T. ) ;
#3700 = DIRECTION ( 'NONE',  ( 1.000000000000000000, 0.000000000000000000, 0.000000000000000000 ) ) ;
#3701 = LINE ( 'NONE', #8591, #5494 ) ;
#3703 = ADVANCED_FACE ( 'NONE', ( #2684 ), #1329, .F. ) ;
#3702 = COLOUR_RGB ( '',0.9686274509803921573, 0.8784313725490195957, 0.5999999999999999778 ) ;
#3704 =( NAMED_UNIT ( * ) SI_UNIT ( $, .STERADIAN. ) SOLID_ANGLE_UNIT ( ) );
#3705 = LINE ( 'NONE', #4449, #4900 ) ;
#3706 = ORIENTED_EDGE ( 'NONE', *, *, #2976, .F. ) ;
#3707 = CARTESIAN_POINT ( 'NONE',  ( 2.796000000000000263, 2.795999999999999375, 8.550000000000000711 ) ) ;
#3708 = CARTESIAN_POINT ( 'NONE',  ( 5.336000000000000298, 2.219999999999999307, 7.909999999999988596 ) ) ;
#3709 = EDGE_CURVE ( 'NONE', #975, #1022, #4072, .T. ) ;
#3710 = CARTESIAN_POINT ( 'NONE',  ( 4.310000000000000497, -1.250000000000000000, 2.500000000000000000 ) ) ;
#3711 = ADVANCED_FACE ( 'NONE', ( #6995 ), #6177, .F. ) ;
#3712 = VECTOR ( 'NONE', #8324, 999.9999999999998863 ) ;
#3713 = PLANE ( 'NONE',  #5668 ) ;
#3714 = LINE ( 'NONE', #5082, #8093 ) ;
#3715 = LINE ( 'NONE', #5126, #4626 ) ;
#3716 = PRESENTATION_LAYER_ASSIGNMENT (  '', '', ( #7928 ) ) ;
#3717 = ORIENTED_EDGE ( 'NONE', *, *, #589, .F. ) ;
#3718 = ORIENTED_EDGE ( 'NONE', *, *, #7499, .F. ) ;
#3719 =( BOUNDED_CURVE ( )  B_SPLINE_CURVE ( 3, ( #593, #2756, #7524, #7020 ),
 .UNSPECIFIED., .F., .F. ) 
 B_SPLINE_CURVE_WITH_KNOTS ( ( 4, 4 ),
 ( 3.141592653589793116, 3.926990816987237842 ),
 .UNSPECIFIED. ) 
 CURVE ( )  GEOMETRIC_REPRESENTATION_ITEM ( )  RATIONAL_B_SPLINE_CURVE ( ( 1.000000000000000000, 0.9492530216741915661, 0.9492530216741915661, 1.000000000000000000 ) ) 
 REPRESENTATION_ITEM ( '' )  );
#3720 = ADVANCED_FACE ( 'NONE', ( #4117 ), #5480, .T. ) ;
#3721 = CARTESIAN_POINT ( 'NONE',  ( 0.2046354681263881925, -1.149999999999999467, 1.797774733183607809 ) ) ;
#3722 = PRESENTATION_LAYER_ASSIGNMENT (  '', '', ( #165 ) ) ;
#3723 = FILL_AREA_STYLE ('',( #8611 ) ) ;
#3724 = EDGE_CURVE ( 'NONE', #5055, #6642, #7591, .T. ) ;
#3726 = ORIENTED_EDGE ( 'NONE', *, *, #3441, .T. ) ;
#3725 = VERTEX_POINT ( 'NONE', #8871 ) ;
#3727 = PLANE ( 'NONE',  #8460 ) ;
#3728 = VECTOR ( 'NONE', #3103, 1000.000000000000000 ) ;
#3729 = EDGE_LOOP ( 'NONE', ( #919, #8771, #5159, #1786, #2532, #8341 ) ) ;
#3730 = CARTESIAN_POINT ( 'NONE',  ( 5.400000000000000355, 0.2559999999999993947, 8.550000000000000711 ) ) ;
#3731 =( GEOMETRIC_REPRESENTATION_CONTEXT ( 3 ) GLOBAL_UNCERTAINTY_ASSIGNED_CONTEXT ( ( #7856 ) ) GLOBAL_UNIT_ASSIGNED_CONTEXT ( ( #7770, #2088, #4252 ) ) REPRESENTATION_CONTEXT ( 'NONE', 'WORKASPACE' ) );
#3732 = CARTESIAN_POINT ( 'NONE',  ( 3.559999999999999609, 3.270000000000000462, 0.4500000000000018430 ) ) ;
#3733 = CARTESIAN_POINT ( 'NONE',  ( -0.2010872110020789083, 0.2010872110020782699, 8.584387938363944315 ) ) ;
#3735 = ORIENTED_EDGE ( 'NONE', *, *, #2196, .F. ) ;
#3734 = EDGE_LOOP ( 'NONE', ( #3235, #3026, #7475, #454 ) ) ;
#3736 = UNCERTAINTY_MEASURE_WITH_UNIT (LENGTH_MEASURE( 1.000000000000000082E-05 ), #6955, 'distance_accuracy_value', 'NONE');
#3737 = ADVANCED_FACE ( 'NONE', ( #9010 ), #1909, .F. ) ;
#3738 = CARTESIAN_POINT ( 'NONE',  ( -0.2275784156327413377, -1.250000000000001776, 1.732554269306486150 ) ) ;
#3739 = ORIENTED_EDGE ( 'NONE', *, *, #8813, .T. ) ;
#3740 = SURFACE_STYLE_FILL_AREA ( #1655 ) ;
#3741 = CARTESIAN_POINT ( 'NONE',  ( 2.284000000000000252, 2.219999999999999751, -2.359999999999988773 ) ) ;
#3742 = AXIS2_PLACEMENT_3D ( 'NONE', #8831, #7549, #6781 ) ;
#3743 = CARTESIAN_POINT ( 'NONE',  ( 2.266799289467859246, -0.3200000000000001732, -2.359999999999989218 ) ) ;
#3744 = CARTESIAN_POINT ( 'NONE',  ( -1.019999999999999796, 0.000000000000000000, 2.500000000000000000 ) ) ;
#3745 = FACE_OUTER_BOUND ( 'NONE', #7271, .T. ) ;
#3747 = ORIENTED_EDGE ( 'NONE', *, *, #1369, .F. ) ;
#3746 = VERTEX_POINT ( 'NONE', #4355 ) ;
#3748 = PRESENTATION_STYLE_ASSIGNMENT (( #920 ) ) ;
#3749 = DIRECTION ( 'NONE',  ( 8.470329472543003391E-17, -1.000000000000000000, 0.000000000000000000 ) ) ;
#3750 = SURFACE_STYLE_FILL_AREA ( #6408 ) ;
#3751 = VECTOR ( 'NONE', #2442, 1000.000000000000000 ) ;
#3752 = PRESENTATION_LAYER_ASSIGNMENT (  '', '', ( #5357 ) ) ;
#3753 = PLANE ( 'NONE',  #7318 ) ;
#3754 = EDGE_CURVE ( 'NONE', #2619, #1650, #6306, .T. ) ;
#3755 = CARTESIAN_POINT ( 'NONE',  ( 2.220000000000000195, 2.859999999999999876, -2.359999999999988773 ) ) ;
#3756 = EDGE_CURVE ( 'NONE', #5877, #8078, #2300, .T. ) ;
#3757 = CARTESIAN_POINT ( 'NONE',  ( 0.1570750383009124618, -1.170005857523108261, 0.7408845132227618313 ) ) ;
#3758 = FACE_OUTER_BOUND ( 'NONE', #1964, .T. ) ;
#3759 = STYLED_ITEM ( 'NONE', ( #7370 ), #4198 ) ;
#3760 = SURFACE_SIDE_STYLE ('',( #4318 ) ) ;
#3761 = SURFACE_STYLE_FILL_AREA ( #5868 ) ;
#3762 = VERTEX_POINT ( 'NONE', #3654 ) ;
#3763 = ORIENTED_EDGE ( 'NONE', *, *, #6162, .F. ) ;
#3764 = PRESENTATION_LAYER_ASSIGNMENT (  '', '', ( #7413 ) ) ;
#3765 = CARTESIAN_POINT ( 'NONE',  ( 3.559999999999999609, 3.499999999999998224, 0.000000000000000000 ) ) ;
#3766 = CARTESIAN_POINT ( 'NONE',  ( 5.080000000000000071, -0.2071507323465826833, 8.550000000000000711 ) ) ;
#3767 = EDGE_CURVE ( 'NONE', #1819, #2323, #1522, .T. ) ;
#3769 = EDGE_LOOP ( 'NONE', ( #2425, #5692, #544, #1975, #3505, #2123 ) ) ;
#3768 = VERTEX_POINT ( 'NONE', #833 ) ;
#3770 =( BOUNDED_CURVE ( )  B_SPLINE_CURVE ( 3, ( #5297, #4024, #1861, #7539 ),
 .UNSPECIFIED., .F., .F. ) 
 B_SPLINE_CURVE_WITH_KNOTS ( ( 4, 4 ),
 ( 3.141592653589793116, 3.926990816987241395 ),
 .UNSPECIFIED. ) 
 CURVE ( )  GEOMETRIC_REPRESENTATION_ITEM ( )  RATIONAL_B_SPLINE_CURVE ( ( 1.000000000000000000, 0.9492530216741911220, 0.9492530216741911220, 1.000000000000000000 ) ) 
 REPRESENTATION_ITEM ( '' )  );
#3771 = DIRECTION ( 'NONE',  ( 0.000000000000000000, 1.000000000000000000, 0.000000000000000000 ) ) ;
#3772 = ORIENTED_EDGE ( 'NONE', *, *, #8259, .F. ) ;
#3773 = ADVANCED_FACE ( 'NONE', ( #4302 ), #1615, .F. ) ;
#3774 = CARTESIAN_POINT ( 'NONE',  ( 5.336000000000000298, 2.219999999999999751, -2.359999999999988773 ) ) ;
#3775 = CARTESIAN_POINT ( 'NONE',  ( 0.2890920949374360394, -0.3134175730544423999, -2.397330798265292717 ) ) ;
#3776 = SURFACE_STYLE_FILL_AREA ( #5837 ) ;
#3778 = VERTEX_POINT ( 'NONE', #2956 ) ;
#3777 = ORIENTED_EDGE ( 'NONE', *, *, #3930, .T. ) ;
#3779 = CARTESIAN_POINT ( 'NONE',  ( 6.100000000000000533, 3.499999999999998224, 0.000000000000000000 ) ) ;
#3780 = SURFACE_SIDE_STYLE ('',( #2990 ) ) ;
#3781 = VERTEX_POINT ( 'NONE', #5761 ) ;
#3782 =( NAMED_UNIT ( * ) SI_UNIT ( $, .STERADIAN. ) SOLID_ANGLE_UNIT ( ) );
#3783 = CYLINDRICAL_SURFACE ( 'NONE', #8792, 0.06399999999999998745 ) ;
#3784 = FILL_AREA_STYLE_COLOUR ( '', #2546 ) ;
#3786 = VERTEX_POINT ( 'NONE', #4250 ) ;
#3785 = ORIENTED_EDGE ( 'NONE', *, *, #3517, .T. ) ;
#3787 = CARTESIAN_POINT ( 'NONE',  ( 0.2890920949374359283, 2.853417573054442435, 7.947330798265292984 ) ) ;
#3788 = CARTESIAN_POINT ( 'NONE',  ( 0.2071507323465825445, 2.540000000000000036, -3.000000000000000000 ) ) ;
#3789 = CARTESIAN_POINT ( 'NONE',  ( 5.353200710532141748, 0.3199999999999993960, 7.909999999999990372 ) ) ;
#3790 = FILL_AREA_STYLE ('',( #964 ) ) ;
#3791 = EDGE_CURVE ( 'NONE', #2987, #1131, #8546, .T. ) ;
#3792 = LINE ( 'NONE', #7900, #5424 ) ;
#3793 = CARTESIAN_POINT ( 'NONE',  ( 4.778745166004060962, 0.3012548339959384425, 8.016309119164535701 ) ) ;
#3794 = DIRECTION ( 'NONE',  ( 0.000000000000000000, 0.9848077530122085754, 0.1736481776669273891 ) ) ;
#3795 = CARTESIAN_POINT ( 'NONE',  ( 0.2785746634409132505, -1.129999999999999227, 1.694343831042281812 ) ) ;
#3796 = CARTESIAN_POINT ( 'NONE',  ( 4.059999999999999609, 3.499999999999997780, 0.000000000000000000 ) ) ;
#3797 = EDGE_LOOP ( 'NONE', ( #4182, #5432, #1514, #5113 ) ) ;
#3798 = EDGE_LOOP ( 'NONE', ( #7218, #827, #7871, #5695, #7981, #6368 ) ) ;
#3799 = ORIENTED_EDGE ( 'NONE', *, *, #2937, .F. ) ;
#3800 = VECTOR ( 'NONE', #7324, 1000.000000000000000 ) ;
#3801 = EDGE_CURVE ( 'NONE', #6663, #3272, #3701, .T. ) ;
#3802 = VECTOR ( 'NONE', #8405, 1000.000000000000000 ) ;
#3803 = LINE ( 'NONE', #3765, #2189 ) ;
#3804 = DIRECTION ( 'NONE',  ( 1.000000000000000000, 3.533888243307264380E-16, 0.000000000000000000 ) ) ;
#3805 = SURFACE_STYLE_USAGE ( .BOTH. , #7149 ) ;
#3806 = AXIS2_PLACEMENT_3D ( 'NONE', #7277, #8052, #8790 ) ;
#3807 = VECTOR ( 'NONE', #598, 1000.000000000000000 ) ;
#3808 = SURFACE_SIDE_STYLE ('',( #2209 ) ) ;
#3809 = EDGE_CURVE ( 'NONE', #5022, #8257, #915, .T. ) ;
#3811 = EDGE_LOOP ( 'NONE', ( #5201, #5685, #2434, #8697 ) ) ;
#3810 = ORIENTED_EDGE ( 'NONE', *, *, #7126, .T. ) ;
#3812 = CARTESIAN_POINT ( 'NONE',  ( 0.3200000000000000622, 2.795999999999999375, 8.550000000000000711 ) ) ;
#3813 = ORIENTED_EDGE ( 'NONE', *, *, #8385, .F. ) ;
#3814 = EDGE_CURVE ( 'NONE', #1021, #998, #6531, .T. ) ;
#3815 = EDGE_CURVE ( 'NONE', #901, #998, #3184, .T. ) ;
#3816 = VECTOR ( 'NONE', #1383, 1000.000000000000000 ) ;
#3817 = AXIS2_PLACEMENT_3D ( 'NONE', #3148, #1770, #376 ) ;
#3818 = DIRECTION ( 'NONE',  ( 0.000000000000000000, 0.9848077530122085754, 0.1736481776669273891 ) ) ;
#3819 = PLANE ( 'NONE',  #1439 ) ;
#3820 =( GEOMETRIC_REPRESENTATION_CONTEXT ( 3 ) GLOBAL_UNCERTAINTY_ASSIGNED_CONTEXT ( ( #4569 ) ) GLOBAL_UNIT_ASSIGNED_CONTEXT ( ( #7719, #739, #2170 ) ) REPRESENTATION_CONTEXT ( 'NONE', 'WORKASPACE' ) );
#3822 = ORIENTED_EDGE ( 'NONE', *, *, #3877, .F. ) ;
#3821 = ORIENTED_EDGE ( 'NONE', *, *, #4442, .F. ) ;
#3823 = UNCERTAINTY_MEASURE_WITH_UNIT (LENGTH_MEASURE( 1.000000000000000082E-05 ), #4838, 'distance_accuracy_value', 'NONE');
#3824 = CARTESIAN_POINT ( 'NONE',  ( 4.823999999999999844, 2.219999999999999751, -2.359999999999988773 ) ) ;
#3825 = ORIENTED_EDGE ( 'NONE', *, *, #4679, .T. ) ;
#3826 =( NAMED_UNIT ( * ) SI_UNIT ( $, .STERADIAN. ) SOLID_ANGLE_UNIT ( ) );
#3827 = DIRECTION ( 'NONE',  ( 0.000000000000000000, 0.000000000000000000, -1.000000000000000000 ) ) ;
#3828 = DIRECTION ( 'NONE',  ( -1.000000000000000000, 0.000000000000000000, 0.000000000000000000 ) ) ;
#3829 = LINE ( 'NONE', #4575, #3975 ) ;
#3831 = EDGE_LOOP ( 'NONE', ( #987, #5986, #1136, #3489, #9038, #3181 ) ) ;
#3830 = ORIENTED_EDGE ( 'NONE', *, *, #5224, .T. ) ;
#3832 = CARTESIAN_POINT ( 'NONE',  ( -0.2559999999999999498, 2.283999999999999364, 8.550000000000000711 ) ) ;
#3833 = CARTESIAN_POINT ( 'NONE',  ( 0.1573284206430634047, -1.149999999999999911, 0.7336029765733798058 ) ) ;
#3834 = DIRECTION ( 'NONE',  ( 0.000000000000000000, -1.000000000000000000, 0.000000000000000000 ) ) ;
#3835 = CARTESIAN_POINT ( 'NONE',  ( -0.2567730509801751659, -1.190013523391416195, 1.691579096022318263 ) ) ;
#3836 = CARTESIAN_POINT ( 'NONE',  ( 0.2778262552174854960, -1.129999999999999227, 1.116780493418346731 ) ) ;
#3837 = CARTESIAN_POINT ( 'NONE',  ( 2.226582426945557636, 0.2890920949374358728, -2.397330798265291385 ) ) ;
#3838 =( NAMED_UNIT ( * ) SI_UNIT ( $, .STERADIAN. ) SOLID_ANGLE_UNIT ( ) );
#3839 = CARTESIAN_POINT ( 'NONE',  ( 0.2349397590361444188, -1.250000000000000000, 1.100007530120482135 ) ) ;
#3840 = VERTEX_POINT ( 'NONE', #312 ) ;
#3841 = CARTESIAN_POINT ( 'NONE',  ( -0.3199999999999998956, 2.283999999999999364, 7.909999999999988596 ) ) ;
#3842 = PLANE ( 'NONE',  #4335 ) ;
#3843 = VERTEX_POINT ( 'NONE', #406 ) ;
#3844 = EDGE_CURVE ( 'NONE', #3902, #5464, #227, .T. ) ;
#3845 = VECTOR ( 'NONE', #1990, 999.9999999999998863 ) ;
#3846 = ORIENTED_EDGE ( 'NONE', *, *, #6737, .F. ) ;
#3847 = FILL_AREA_STYLE ('',( #7420 ) ) ;
#3848 = CARTESIAN_POINT ( 'NONE',  ( 0.2349397590361444188, -1.250000000000000000, 1.100007530120482135 ) ) ;
#3849 =( GEOMETRIC_REPRESENTATION_CONTEXT ( 3 ) GLOBAL_UNCERTAINTY_ASSIGNED_CONTEXT ( ( #5305 ) ) GLOBAL_UNIT_ASSIGNED_CONTEXT ( ( #7092, #927, #1483 ) ) REPRESENTATION_CONTEXT ( 'NONE', 'WORKASPACE' ) );
#3850 = CARTESIAN_POINT ( 'NONE',  ( -0.2275784156327415042, -1.250000000000000444, 0.8074457306935133305 ) ) ;
#3851 = CYLINDRICAL_SURFACE ( 'NONE', #770, 0.06399999999999982092 ) ;
#3853 = ORIENTED_EDGE ( 'NONE', *, *, #4212, .F. ) ;
#3852 = ORIENTED_EDGE ( 'NONE', *, *, #1048, .T. ) ;
#3854 = FACE_OUTER_BOUND ( 'NONE', #304, .T. ) ;
#3855 = ORIENTED_EDGE ( 'NONE', *, *, #2010, .F. ) ;
#3856 =( GEOMETRIC_REPRESENTATION_CONTEXT ( 3 ) GLOBAL_UNCERTAINTY_ASSIGNED_CONTEXT ( ( #427 ) ) GLOBAL_UNIT_ASSIGNED_CONTEXT ( ( #7521, #6103, #8987 ) ) REPRESENTATION_CONTEXT ( 'NONE', 'WORKASPACE' ) );
#3857 = CARTESIAN_POINT ( 'NONE',  ( 5.400000000000000355, 2.266799289467858802, 7.909999999999986819 ) ) ;
#3858 =( NAMED_UNIT ( * ) SI_UNIT ( $, .STERADIAN. ) SOLID_ANGLE_UNIT ( ) );
#3859 = EDGE_CURVE ( 'NONE', #8123, #2323, #1852, .T. ) ;
#3860 = VECTOR ( 'NONE', #3211, 1000.000000000000000 ) ;
#3861 = DIRECTION ( 'NONE',  ( 0.9848077530122085754, 8.341646135128160883E-17, 0.1736481776669273891 ) ) ;
#3863 = ORIENTED_EDGE ( 'NONE', *, *, #597, .T. ) ;
#3862 = ORIENTED_EDGE ( 'NONE', *, *, #8459, .F. ) ;
#3864 = CARTESIAN_POINT ( 'NONE',  ( 3.559999999999999609, -1.250000000000000222, 2.500000000000000888 ) ) ;
#3865 =( NAMED_UNIT ( * ) PLANE_ANGLE_UNIT ( ) SI_UNIT ( $, .RADIAN. ) );
#3866 = ORIENTED_EDGE ( 'NONE', *, *, #4627, .F. ) ;
#3867 = DIRECTION ( 'NONE',  ( -8.470329472543003391E-17, 1.000000000000000000, 0.000000000000000000 ) ) ;
#3868 = VECTOR ( 'NONE', #6960, 1000.000000000000000 ) ;
#3869 = FACE_OUTER_BOUND ( 'NONE', #5484, .T. ) ;
#3870 = CARTESIAN_POINT ( 'NONE',  ( -0.07143487197225278917, -1.197999665826966265, 1.606495112936108027 ) ) ;
#3871 = DIRECTION ( 'NONE',  ( -6.842277657836020854E-49, 5.078189165123089681E-17, -1.000000000000000000 ) ) ;
#3872 = LINE ( 'NONE', #313, #3579 ) ;
#3874 = ORIENTED_EDGE ( 'NONE', *, *, #6899, .T. ) ;
#3873 = ORIENTED_EDGE ( 'NONE', *, *, #7728, .F. ) ;
#3875 = DIRECTION ( 'NONE',  ( 0.9848077530122085754, 8.341646135128160883E-17, 0.1736481776669278332 ) ) ;
#3876 =( GEOMETRIC_REPRESENTATION_CONTEXT ( 3 ) GLOBAL_UNCERTAINTY_ASSIGNED_CONTEXT ( ( #8226 ) ) GLOBAL_UNIT_ASSIGNED_CONTEXT ( ( #2630, #3278, #6809 ) ) REPRESENTATION_CONTEXT ( 'NONE', 'WORKASPACE' ) );
#3877 = EDGE_CURVE ( 'NONE', #5259, #8673, #1096, .T. ) ;
#3878 = SURFACE_SIDE_STYLE ('',( #5902 ) ) ;
#3879 = FILL_AREA_STYLE_COLOUR ( '', #8805 ) ;
#3880 = ADVANCED_FACE ( 'NONE', ( #7978 ), #5849, .T. ) ;
#3881 = DIRECTION ( 'NONE',  ( -1.000000000000000000, 0.000000000000000000, -0.000000000000000000 ) ) ;
#3882 = VECTOR ( 'NONE', #3486, 1000.000000000000227 ) ;
#3883 = LINE ( 'NONE', #4498, #8175 ) ;
#3884 = FACE_OUTER_BOUND ( 'NONE', #3002, .T. ) ;
#3885 = PRESENTATION_STYLE_ASSIGNMENT (( #4584 ) ) ;
#3886 = PLANE ( 'NONE',  #4423 ) ;
#3887 = CARTESIAN_POINT ( 'NONE',  ( 0.2890920949374359283, 2.853417573054441103, -2.397330798265292717 ) ) ;
#3888 = ORIENTED_EDGE ( 'NONE', *, *, #5237, .F. ) ;
#3889 = CARTESIAN_POINT ( 'NONE',  ( 4.823999999999999844, -0.3200000000000006728, 7.909999999999988596 ) ) ;
#3890 = LINE ( 'NONE', #8877, #8707 ) ;
#3891 = ORIENTED_EDGE ( 'NONE', *, *, #659, .F. ) ;
#3892 = VECTOR ( 'NONE', #1425, 1000.000000000000000 ) ;
#3893 = DIRECTION ( 'NONE',  ( 0.000000000000000000, -0.9848077530122085754, 0.1736481776669273891 ) ) ;
#3894 = EDGE_CURVE ( 'NONE', #217, #6477, #4526, .T. ) ;
#3895 = DIRECTION ( 'NONE',  ( -6.842277657836020854E-49, 5.078189165123089681E-17, -1.000000000000000000 ) ) ;
#3896 = VECTOR ( 'NONE', #3331, 999.9999999999998863 ) ;
#3897 = AXIS2_PLACEMENT_3D ( 'NONE', #8391, #635, #32 ) ;
#3898 = CARTESIAN_POINT ( 'NONE',  ( -0.2349397590361443355, -1.250000000000001332, 0.8488780120481929092 ) ) ;
#3899 = DIRECTION ( 'NONE',  ( -0.000000000000000000, 0.000000000000000000, 1.000000000000000000 ) ) ;
#3900 =( BOUNDED_CURVE ( )  B_SPLINE_CURVE ( 3, ( #637, #7620, #7577, #5558 ),
 .UNSPECIFIED., .F., .F. ) 
 B_SPLINE_CURVE_WITH_KNOTS ( ( 4, 4 ),
 ( 2.356194490192343061, 3.141592653589793116 ),
 .UNSPECIFIED. ) 
 CURVE ( )  GEOMETRIC_REPRESENTATION_ITEM ( )  RATIONAL_B_SPLINE_CURVE ( ( 1.000000000000000000, 0.9492530216741910110, 0.9492530216741910110, 1.000000000000000000 ) ) 
 REPRESENTATION_ITEM ( '' )  );
#3901 = DIRECTION ( 'NONE',  ( -0.1710878697460326558, -0.1710878697460326836, -0.9702875252478149193 ) ) ;
#3902 = VERTEX_POINT ( 'NONE', #1659 ) ;
#3903 = CARTESIAN_POINT ( 'NONE',  ( -0.3012548339959391086, 2.841254833995938700, 8.016309119164535701 ) ) ;
#3904 = EDGE_LOOP ( 'NONE', ( #5749, #3334, #8478, #1040, #1302, #7929 ) ) ;
#3905 = AXIS2_PLACEMENT_3D ( 'NONE', #2090, #8411, #7640 ) ;
#3906 = MECHANICAL_DESIGN_GEOMETRIC_PRESENTATION_REPRESENTATION (  '', ( #8579 ), #4789 ) ;
#3907 = LINE ( 'NONE', #1126, #3673 ) ;
#3908 = DIRECTION ( 'NONE',  ( -0.7071067811865482389, -0.7071067811865469066, 0.000000000000000000 ) ) ;
#3909 = CARTESIAN_POINT ( 'NONE',  ( 2.841254833995939144, 0.3012548339959383870, 8.016309119164537478 ) ) ;
#3910 = CARTESIAN_POINT ( 'NONE',  ( -0.2577490103816562073, -1.149999999999999689, 1.392503006755856365 ) ) ;
#3911 = DIRECTION ( 'NONE',  ( 1.000000000000000000, 0.000000000000000000, -0.000000000000000000 ) ) ;
#3913 = ORIENTED_EDGE ( 'NONE', *, *, #3455, .T. ) ;
#3912 = ORIENTED_EDGE ( 'NONE', *, *, #4615, .F. ) ;
#3914 = UNCERTAINTY_MEASURE_WITH_UNIT (LENGTH_MEASURE( 1.000000000000000082E-05 ), #6174, 'distance_accuracy_value', 'NONE');
#3915 = FACE_OUTER_BOUND ( 'NONE', #3025, .T. ) ;
#3916 = CARTESIAN_POINT ( 'NONE',  ( -0.2071507323465819062, -7.584576630186898791E-16, 8.550000000000000711 ) ) ;
#3917 = ORIENTED_EDGE ( 'NONE', *, *, #876, .T. ) ;
#3918 = EDGE_CURVE ( 'NONE', #6266, #6324, #3042, .T. ) ;
#3919 = DIRECTION ( 'NONE',  ( -6.842277657836020854E-49, 5.078189165123089681E-17, -1.000000000000000000 ) ) ;
#3920 =( NAMED_UNIT ( * ) SI_UNIT ( $, .STERADIAN. ) SOLID_ANGLE_UNIT ( ) );
#3922 = ORIENTED_EDGE ( 'NONE', *, *, #5634, .T. ) ;
#3921 = VERTEX_POINT ( 'NONE', #7440 ) ;
#3923 = CARTESIAN_POINT ( 'NONE',  ( 0.09036144578313230757, -1.250000000000000000, 1.456746987951807348 ) ) ;
#3924 = CARTESIAN_POINT ( 'NONE',  ( 5.400000000000000355, -0.2071507323465826833, 8.550000000000000711 ) ) ;
#3925 = EDGE_CURVE ( 'NONE', #4221, #7697, #4619, .T. ) ;
#3926 = FACE_OUTER_BOUND ( 'NONE', #4192, .T. ) ;
#3927 = CARTESIAN_POINT ( 'NONE',  ( 4.778745166004060962, 2.238745166004060483, -2.466309119164536767 ) ) ;
#3928 = ADVANCED_FACE ( 'NONE', ( #6622 ), #6714, .T. ) ;
#3929 = FACE_OUTER_BOUND ( 'NONE', #8811, .T. ) ;
#3930 = EDGE_CURVE ( 'NONE', #9001, #8652, #1173, .T. ) ;
#3931 = CARTESIAN_POINT ( 'NONE',  ( 0.2785849633789311830, -1.129999999999999227, 1.101726997674457920 ) ) ;
#3932 = CARTESIAN_POINT ( 'NONE',  ( 0.2071507323465825445, 1.754634953454125475E-17, -3.000000000000000000 ) ) ;
#3933 = CARTESIAN_POINT ( 'NONE',  ( 0.2349625787886141792, -1.250000000000000888, 1.691914351317265197 ) ) ;
#3934 = FILL_AREA_STYLE ('',( #1911 ) ) ;
#3935 = VECTOR ( 'NONE', #208, 1000.000000000000000 ) ;
#3936 = EDGE_LOOP ( 'NONE', ( #3326, #9066, #1033, #3475, #6416, #3873 ) ) ;
#3937 = UNCERTAINTY_MEASURE_WITH_UNIT (LENGTH_MEASURE( 1.000000000000000082E-05 ), #992, 'distance_accuracy_value', 'NONE');
#3938 = DIRECTION ( 'NONE',  ( 1.000000000000000000, 0.000000000000000000, 0.000000000000000000 ) ) ;
#3939 = DIRECTION ( 'NONE',  ( 0.000000000000000000, -0.000000000000000000, -1.000000000000000000 ) ) ;
#3940 = ORIENTED_EDGE ( 'NONE', *, *, #8749, .F. ) ;
#3941 = CARTESIAN_POINT ( 'NONE',  ( 2.238745166004060927, 0.3012548339959384425, 8.016309119164535701 ) ) ;
#3942 =( NAMED_UNIT ( * ) SI_UNIT ( $, .STERADIAN. ) SOLID_ANGLE_UNIT ( ) );
#3943 = CARTESIAN_POINT ( 'NONE',  ( -0.3199999999999999512, 2.813200710532139492, 7.909999999999986819 ) ) ;
#3944 = LINE ( 'NONE', #437, #2918 ) ;
#3945 = CARTESIAN_POINT ( 'NONE',  ( 2.841254833995939588, -0.3012548339959398302, 8.016309119164535701 ) ) ;
#3946 =( LENGTH_UNIT ( ) NAMED_UNIT ( * ) SI_UNIT ( .MILLI., .METRE. ) );
#3947 = EDGE_CURVE ( 'NONE', #7785, #7208, #8789, .T. ) ;
#3948 = STYLED_ITEM ( 'NONE', ( #8445 ), #6073 ) ;
#3949 = ORIENTED_EDGE ( 'NONE', *, *, #1516, .T. ) ;
#3950 = VECTOR ( 'NONE', #6693, 1000.000000000000000 ) ;
#3951 = ORIENTED_EDGE ( 'NONE', *, *, #8823, .F. ) ;
#3952 = EDGE_CURVE ( 'NONE', #5241, #1274, #5156, .T. ) ;
#3953 = PRESENTATION_LAYER_ASSIGNMENT (  '', '', ( #7883 ) ) ;
#3954 = CARTESIAN_POINT ( 'NONE',  ( -0.3199999999999999512, 0.3199999999999993405, 8.550000000000000711 ) ) ;
#3955 =( BOUNDED_CURVE ( )  B_SPLINE_CURVE ( 3, ( #3655, #6446, #141, #2958 ),
 .UNSPECIFIED., .F., .F. ) 
 B_SPLINE_CURVE_WITH_KNOTS ( ( 4, 4 ),
 ( 2.356194490192346169, 3.141592653589793116 ),
 .UNSPECIFIED. ) 
 CURVE ( )  GEOMETRIC_REPRESENTATION_ITEM ( )  RATIONAL_B_SPLINE_CURVE ( ( 1.000000000000000000, 0.9492530216741912330, 0.9492530216741912330, 1.000000000000000000 ) ) 
 REPRESENTATION_ITEM ( '' )  );
#3956 = DIRECTION ( 'NONE',  ( -8.470329472543003391E-17, 1.000000000000000000, 0.000000000000000000 ) ) ;
#3958 = VERTEX_POINT ( 'NONE', #2027 ) ;
#3957 = ORIENTED_EDGE ( 'NONE', *, *, #2357, .T. ) ;
#3959 = CARTESIAN_POINT ( 'NONE',  ( 3.809999999999999609, 3.499999999999997780, 0.5999999999999998668 ) ) ;
#3960 = CARTESIAN_POINT ( 'NONE',  ( -0.2773257890756617439, -1.129999999999997895, 1.719407246763125841 ) ) ;
#3961 = ORIENTED_EDGE ( 'NONE', *, *, #1946, .F. ) ;
#3962 = VECTOR ( 'NONE', #8882, 1000.000000000000000 ) ;
#3963 = ADVANCED_FACE ( 'NONE', ( #3417 ), #8210, .T. ) ;
#3964 = VECTOR ( 'NONE', #4202, 1000.000000000000000 ) ;
#3965 = CARTESIAN_POINT ( 'NONE',  ( 4.823999999999999844, -0.3200000000000001732, -2.359999999999988773 ) ) ;
#3966 = COLOUR_RGB ( '',0.9686274509803921573, 0.8784313725490195957, 0.5999999999999999778 ) ;
#3967 = CARTESIAN_POINT ( 'NONE',  ( 2.860000000000000320, 2.283999999999999364, 7.909999999999988596 ) ) ;
#3969 = EDGE_LOOP ( 'NONE', ( #7846, #7523, #7522, #5661, #4591, #4785 ) ) ;
#3968 = ORIENTED_EDGE ( 'NONE', *, *, #1728, .T. ) ;
#3970 = CARTESIAN_POINT ( 'NONE',  ( 3.559999999999999609, 3.270000000000000462, 0.4500000000000018430 ) ) ;
#3971 = DIRECTION ( 'NONE',  ( -0.000000000000000000, -0.000000000000000000, -1.000000000000000000 ) ) ;
#3972 = EDGE_CURVE ( 'NONE', #5879, #1489, #639, .T. ) ;
#3973 = CARTESIAN_POINT ( 'NONE',  ( -0.2531321181320737579, -1.200016904177325427, 1.691502877236088054 ) ) ;
#3974 = COLOUR_RGB ( '',0.9686274509803921573, 0.8784313725490195957, 0.5999999999999999778 ) ;
#3975 = VECTOR ( 'NONE', #2391, 999.9999999999998863 ) ;
#3976 = CARTESIAN_POINT ( 'NONE',  ( 2.238745166004060927, 2.238745166004060039, 8.016309119164535701 ) ) ;
#3977 = EDGE_CURVE ( 'NONE', #6947, #1921, #1182, .T. ) ;
#3978 = CARTESIAN_POINT ( 'NONE',  ( 0.3700000000000018274, -0.9999999999999988898, 1.600000000000011857 ) ) ;
#3979 = LINE ( 'NONE', #6775, #4149 ) ;
#3980 = CARTESIAN_POINT ( 'NONE',  ( 0.2061859094075594867, -1.250000000000001110, 1.756700574110172441 ) ) ;
#3981 = DIRECTION ( 'NONE',  ( -0.000000000000000000, 0.000000000000000000, 1.000000000000000000 ) ) ;
#3982 = EDGE_CURVE ( 'NONE', #2111, #6377, #6117, .T. ) ;
#3983 = EDGE_CURVE ( 'NONE', #3104, #460, #5521, .T. ) ;
#3984 = ORIENTED_EDGE ( 'NONE', *, *, #8109, .F. ) ;
#3985 = CARTESIAN_POINT ( 'NONE',  ( -0.3134175730544421223, 2.250907905062563774, 7.947330798265292984 ) ) ;
#3986 = CARTESIAN_POINT ( 'NONE',  ( 3.709999999999999964, 3.499999999999998668, 0.6000000000000000888 ) ) ;
#3987 = ORIENTED_EDGE ( 'NONE', *, *, #5274, .T. ) ;
#3988 = PLANE ( 'NONE',  #1023 ) ;
#3989 = VECTOR ( 'NONE', #6349, 999.9999999999998863 ) ;
#3990 = SURFACE_STYLE_FILL_AREA ( #4724 ) ;
#3991 = LINE ( 'NONE', #2371, #5699 ) ;
#3992 = CARTESIAN_POINT ( 'NONE',  ( -0.1591065173733857141, -1.129999999999998561, 0.7264298296317553971 ) ) ;
#3993 = LINE ( 'NONE', #2560, #3860 ) ;
#3994 = CARTESIAN_POINT ( 'NONE',  ( 6.349999999999999645, 3.499999999999998224, 2.350000000000000089 ) ) ;
#3995 = DIRECTION ( 'NONE',  ( 1.000000000000000000, 0.000000000000000000, 0.000000000000000000 ) ) ;
#3996 = STYLED_ITEM ( 'NONE', ( #7051 ), #721 ) ;
#3997 = ORIENTED_EDGE ( 'NONE', *, *, #2903, .T. ) ;
#3998 = LINE ( 'NONE', #4778, #4383 ) ;
#3999 = EDGE_CURVE ( 'NONE', #3684, #4621, #5908, .T. ) ;
#4000 = ORIENTED_EDGE ( 'NONE', *, *, #7276, .F. ) ;
#4001 = FACE_OUTER_BOUND ( 'NONE', #4430, .T. ) ;
#4002 = AXIS2_PLACEMENT_3D ( 'NONE', #1156, #8997, #323 ) ;
#4003 = EDGE_CURVE ( 'NONE', #8673, #1585, #8303, .T. ) ;
#4004 = CARTESIAN_POINT ( 'NONE',  ( 3.559999999999999609, 3.499999999999998224, 0.4500000000000020650 ) ) ;
#4005 = PLANE ( 'NONE',  #1755 ) ;
#4007 = ORIENTED_EDGE ( 'NONE', *, *, #4224, .T. ) ;
#4006 = VERTEX_POINT ( 'NONE', #1895 ) ;
#4008 = UNCERTAINTY_MEASURE_WITH_UNIT (LENGTH_MEASURE( 1.000000000000000082E-05 ), #6747, 'distance_accuracy_value', 'NONE');
#4009 = CARTESIAN_POINT ( 'NONE',  ( 2.860000000000000320, 0.3199999999999998401, -2.359999999999988773 ) ) ;
#4010 = CARTESIAN_POINT ( 'NONE',  ( -0.1591065173733900995, -1.129999999999999227, 1.813570170368244527 ) ) ;
#4011 = VERTEX_POINT ( 'NONE', #1229 ) ;
#4012 = FILL_AREA_STYLE ('',( #4743 ) ) ;
#4013 = AXIS2_PLACEMENT_3D ( 'NONE', #4029, #6045, #3981 ) ;
#4014 = CARTESIAN_POINT ( 'NONE',  ( 4.806799289467860170, -0.3200000000000001732, -2.359999999999988773 ) ) ;
#4015 = ADVANCED_FACE ( 'NONE', ( #4745 ), #7486, .T. ) ;
#4016 =( NAMED_UNIT ( * ) SI_UNIT ( $, .STERADIAN. ) SOLID_ANGLE_UNIT ( ) );
#4017 = PLANE ( 'NONE',  #3140 ) ;
#4019 = ORIENTED_EDGE ( 'NONE', *, *, #1091, .T. ) ;
#4018 = ORIENTED_EDGE ( 'NONE', *, *, #7869, .T. ) ;
#4020 = LINE ( 'NONE', #6989, #2878 ) ;
#4021 = LINE ( 'NONE', #7400, #4921 ) ;
#4022 = DIRECTION ( 'NONE',  ( -0.9848077530122085754, -8.341646135128160883E-17, 0.1736481776669273891 ) ) ;
#4023 = VECTOR ( 'NONE', #1524, 1000.000000000000000 ) ;
#4024 = CARTESIAN_POINT ( 'NONE',  ( -0.2732007105321401230, -0.3200000000000002287, -2.359999999999988773 ) ) ;
#4025 = PLANE ( 'NONE',  #4431 ) ;
#4026 = COLOUR_RGB ( '',0.9686274509803921573, 0.8784313725490195957, 0.5999999999999999778 ) ;
#4027 = CARTESIAN_POINT ( 'NONE',  ( 6.100000000000001421, -0.9999999999999978906, 0.4500000000000020650 ) ) ;
#4028 = LINE ( 'NONE', #7638, #431 ) ;
#4029 = CARTESIAN_POINT ( 'NONE',  ( 6.100000000000000533, -1.250000000000000222, 0.5999999999999999778 ) ) ;
#4030 = ORIENTED_EDGE ( 'NONE', *, *, #3709, .T. ) ;
#4031 = UNCERTAINTY_MEASURE_WITH_UNIT (LENGTH_MEASURE( 1.000000000000000082E-05 ), #5112, 'distance_accuracy_value', 'NONE');
#4032 = DIRECTION ( 'NONE',  ( -0.000000000000000000, -0.000000000000000000, -1.000000000000000000 ) ) ;
#4033 = DIRECTION ( 'NONE',  ( 0.000000000000000000, -0.000000000000000000, -1.000000000000000000 ) ) ;
#4034 = ORIENTED_EDGE ( 'NONE', *, *, #711, .F. ) ;
#4035 = CARTESIAN_POINT ( 'NONE',  ( 2.859999999999999876, 2.813200710532139492, 7.909999999999986819 ) ) ;
#4036 = ADVANCED_FACE ( 'NONE', ( #4104 ), #6904, .F. ) ;
#4037 = CARTESIAN_POINT ( 'NONE',  ( 0.2010872110020790193, 0.2010872110020782977, 8.584387938363944315 ) ) ;
#4038 = CARTESIAN_POINT ( 'NONE',  ( 3.810000000000000053, 3.499999999999998224, 2.500000000000000000 ) ) ;
#4039 = LINE ( 'NONE', #6741, #5175 ) ;
#4040 =( GEOMETRIC_REPRESENTATION_CONTEXT ( 3 ) GLOBAL_UNCERTAINTY_ASSIGNED_CONTEXT ( ( #3823 ) ) GLOBAL_UNIT_ASSIGNED_CONTEXT ( ( #4838, #4882, #4016 ) ) REPRESENTATION_CONTEXT ( 'NONE', 'WORKASPACE' ) );
#4041 = CARTESIAN_POINT ( 'NONE',  ( 4.060000000000000497, -0.7700000000000002398, 0.6000000000000000888 ) ) ;
#4042 = CARTESIAN_POINT ( 'NONE',  ( 3.910000000000001918, 3.270000000000000462, 0.6000000000000000888 ) ) ;
#4043 = APPLICATION_CONTEXT ( 'automotive_design' ) ;
#4044 = VECTOR ( 'NONE', #7849, 1000.000000000000000 ) ;
#4045 = ORIENTED_EDGE ( 'NONE', *, *, #3157, .F. ) ;
#4046 = DIRECTION ( 'NONE',  ( -8.470329472543003391E-17, 1.000000000000000000, 0.000000000000000000 ) ) ;
#4047 = ADVANCED_FACE ( 'NONE', ( #7280 ), #7068, .T. ) ;
#4048 = ORIENTED_EDGE ( 'NONE', *, *, #4562, .F. ) ;
#4049 = CARTESIAN_POINT ( 'NONE',  ( 5.287150732346582949, 2.747150732346581581, 8.550000000000000711 ) ) ;
#4050 = VECTOR ( 'NONE', #4985, 1000.000000000000000 ) ;
#4051 = SURFACE_SIDE_STYLE ('',( #3540 ) ) ;
#4052 = CARTESIAN_POINT ( 'NONE',  ( 0.2130619339463040440, -1.211816458264296514, 1.190681998960775534 ) ) ;
#4054 = VERTEX_POINT ( 'NONE', #8487 ) ;
#4053 = VERTEX_POINT ( 'NONE', #3641 ) ;
#4055 = CARTESIAN_POINT ( 'NONE',  ( 0.1855040689101481455, -1.129999999999999449, 0.7285820478135641709 ) ) ;
#4056 = COLOUR_RGB ( '',0.9686274509803921573, 0.8784313725490195957, 0.5999999999999999778 ) ;
#4057 =( NAMED_UNIT ( * ) PLANE_ANGLE_UNIT ( ) SI_UNIT ( $, .RADIAN. ) );
#4058 = PRESENTATION_LAYER_ASSIGNMENT (  '', '', ( #7976 ) ) ;
#4059 = VERTEX_POINT ( 'NONE', #7797 ) ;
#4060 = EDGE_CURVE ( 'NONE', #698, #4748, #1580, .T. ) ;
#4061 = VECTOR ( 'NONE', #399, 1000.000000000000000 ) ;
#4062 = FILL_AREA_STYLE ('',( #1226 ) ) ;
#4063 = CARTESIAN_POINT ( 'NONE',  ( 3.810000000000000941, -0.9999999999999978906, 2.500000000000000000 ) ) ;
#4065 = ORIENTED_EDGE ( 'NONE', *, *, #157, .T. ) ;
#4064 = EDGE_LOOP ( 'NONE', ( #3461, #1549, #2666, #3855, #1688, #5090 ) ) ;
#4066 = DIRECTION ( 'NONE',  ( 4.224164308385081333E-16, -1.000000000000000000, -0.000000000000000000 ) ) ;
#4067 = CARTESIAN_POINT ( 'NONE',  ( 1.520000000000000240, 3.270000000000000462, 0.4500000000000001221 ) ) ;
#4068 = LINE ( 'NONE', #2768, #697 ) ;
#4069 = SURFACE_STYLE_USAGE ( .BOTH. , #2082 ) ;
#4070 = ADVANCED_FACE ( 'NONE', ( #8534 ), #5702, .T. ) ;
#4071 = CARTESIAN_POINT ( 'NONE',  ( 2.860000000000000320, -0.3200000000000007283, 7.909999999999988596 ) ) ;
#4072 = LINE ( 'NONE', #4204, #7101 ) ;
#4073 = VERTEX_POINT ( 'NONE', #4236 ) ;
#4074 = CARTESIAN_POINT ( 'NONE',  ( 2.238745166004060927, 0.3012548339959389421, -2.466309119164537655 ) ) ;
#4075 = CARTESIAN_POINT ( 'NONE',  ( 2.238745166004060927, 2.238745166004060483, -2.466309119164536767 ) ) ;
#4076 = SURFACE_STYLE_FILL_AREA ( #4593 ) ;
#4077 = EDGE_CURVE ( 'NONE', #4227, #3768, #774, .T. ) ;
#4078 = FILL_AREA_STYLE_COLOUR ( '', #3074 ) ;
#4079 = CARTESIAN_POINT ( 'NONE',  ( -0.2071507323465823502, -1.754634953454123626E-17, -3.000000000000000000 ) ) ;
#4080 = LINE ( 'NONE', #7601, #1327 ) ;
#4081 = SURFACE_SIDE_STYLE ('',( #1251 ) ) ;
#4082 = DIRECTION ( 'NONE',  ( -8.470329472543003391E-17, 1.000000000000000000, 0.000000000000000000 ) ) ;
#4083 = FILL_AREA_STYLE_COLOUR ( '', #8719 ) ;
#4084 = LINE ( 'NONE', #4684, #6361 ) ;
#4085 = ORIENTED_EDGE ( 'NONE', *, *, #5355, .F. ) ;
#4086 = VERTEX_POINT ( 'NONE', #730 ) ;
#4087 = DIRECTION ( 'NONE',  ( 1.000000000000000000, 0.000000000000000000, -0.000000000000000000 ) ) ;
#4088 =( LENGTH_UNIT ( ) NAMED_UNIT ( * ) SI_UNIT ( .MILLI., .METRE. ) );
#4089 = EDGE_CURVE ( 'NONE', #6059, #3762, #6433, .T. ) ;
#4090 = CARTESIAN_POINT ( 'NONE',  ( 0.2180303824019270420, -1.192724687139468331, 1.195544853701334898 ) ) ;
#4091 = CARTESIAN_POINT ( 'NONE',  ( -0.2300749665017324253, -1.149999999999999911, 1.353970648056181725 ) ) ;
#4092 = COLOUR_RGB ( '',0.9686274509803921573, 0.8784313725490195957, 0.5999999999999999778 ) ;
#4093 = MECHANICAL_DESIGN_GEOMETRIC_PRESENTATION_REPRESENTATION (  '', ( #7738 ), #851 ) ;
#4095 = VERTEX_POINT ( 'NONE', #37 ) ;
#4094 = ORIENTED_EDGE ( 'NONE', *, *, #8657, .F. ) ;
#4096 = CARTESIAN_POINT ( 'NONE',  ( 0.2773257890756594679, -1.129999999999999449, 0.8205927532368709754 ) ) ;
#4097 = FILL_AREA_STYLE ('',( #8250 ) ) ;
#4098 = ORIENTED_EDGE ( 'NONE', *, *, #1840, .T. ) ;
#4099 = FACE_OUTER_BOUND ( 'NONE', #8594, .T. ) ;
#4100 = COLOUR_RGB ( '',0.9686274509803921573, 0.8784313725490195957, 0.5999999999999999778 ) ;
#4101 = VECTOR ( 'NONE', #2954, 1000.000000000000000 ) ;
#4102 = EDGE_CURVE ( 'NONE', #6014, #2509, #126, .T. ) ;
#4103 = CARTESIAN_POINT ( 'NONE',  ( 3.559999999999999609, -0.9999999999999978906, 2.500000000000000000 ) ) ;
#4104 = FACE_OUTER_BOUND ( 'NONE', #3682, .T. ) ;
#4105 = CYLINDRICAL_SURFACE ( 'NONE', #45, 0.06399999999999998745 ) ;
#4106 = COLOUR_RGB ( '',0.9686274509803921573, 0.8784313725490195957, 0.5999999999999999778 ) ;
#4108 = ORIENTED_EDGE ( 'NONE', *, *, #1716, .T. ) ;
#4107 = EDGE_LOOP ( 'NONE', ( #3335, #1635, #2783, #6242 ) ) ;
#4109 = AXIS2_PLACEMENT_3D ( 'NONE', #6251, #5562, #7669 ) ;
#4110 = CARTESIAN_POINT ( 'NONE',  ( -0.2275784156327450569, -1.249999999999990452, 1.732554269306487704 ) ) ;
#4111 = CARTESIAN_POINT ( 'NONE',  ( 6.350000000000000533, -0.7700000000000002398, 0.6000000000000000888 ) ) ;
#4112 = DIRECTION ( 'NONE',  ( -1.000000000000000000, -0.000000000000000000, -0.000000000000000000 ) ) ;
#4113 = CARTESIAN_POINT ( 'NONE',  ( 2.332849267653417602, 2.332849267653417158, -3.000000000000000000 ) ) ;
#4114 = STYLED_ITEM ( 'NONE', ( #4539 ), #8634 ) ;
#4115 = EDGE_CURVE ( 'NONE', #8765, #3045, #8437, .T. ) ;
#4116 = CARTESIAN_POINT ( 'NONE',  ( 0.2713367824627648250, -1.149999999999999911, 0.8481160656645677642 ) ) ;
#4117 = FACE_OUTER_BOUND ( 'NONE', #6811, .T. ) ;
#4118 = CYLINDRICAL_SURFACE ( 'NONE', #7478, 0.06399999999999998745 ) ;
#4119 = CARTESIAN_POINT ( 'NONE',  ( 0.3012665221284894224, -0.3012665221284895334, -2.466242832470900037 ) ) ;
#4120 = ORIENTED_EDGE ( 'NONE', *, *, #3405, .T. ) ;
#4121 =( BOUNDED_CURVE ( )  B_SPLINE_CURVE ( 3, ( #8788, #4035, #5310, #6182 ),
 .UNSPECIFIED., .F., .F. ) 
 B_SPLINE_CURVE_WITH_KNOTS ( ( 4, 4 ),
 ( 0.000000000000000000, 0.7853981633974490562 ),
 .UNSPECIFIED. ) 
 CURVE ( )  GEOMETRIC_REPRESENTATION_ITEM ( )  RATIONAL_B_SPLINE_CURVE ( ( 1.000000000000000000, 0.9492530216741910110, 0.9492530216741910110, 1.000000000000000000 ) ) 
 REPRESENTATION_ITEM ( '' )  );
#4122 = PLANE ( 'NONE',  #6537 ) ;
#4123 = CARTESIAN_POINT ( 'NONE',  ( 1.520000000000000240, 3.499999999999997780, 2.500000000000000000 ) ) ;
#4124 = VECTOR ( 'NONE', #7633, 999.9999999999998863 ) ;
#4125 = PRESENTATION_LAYER_ASSIGNMENT (  '', '', ( #8054 ) ) ;
#4126 = DIRECTION ( 'NONE',  ( 1.000000000000000000, 0.000000000000000000, -0.000000000000000000 ) ) ;
#4127 = DIRECTION ( 'NONE',  ( 0.7071067811865515695, 0.000000000000000000, 0.7071067811865434649 ) ) ;
#4128 = CARTESIAN_POINT ( 'NONE',  ( 4.872849267653418082, 2.540000000000000036, -3.000000000000000000 ) ) ;
#4129 = CARTESIAN_POINT ( 'NONE',  ( -0.2071507323465823225, 2.332849267653417158, -3.000000000000000000 ) ) ;
#4130 = ADVANCED_FACE ( 'NONE', ( #7959 ), #1687, .F. ) ;
#4131 = ORIENTED_EDGE ( 'NONE', *, *, #2692, .T. ) ;
#4132 = CLOSED_SHELL ( 'NONE', ( #2230, #1036, #1858, #6676, #8634, #6073, #3169, #2057, #6053, #285, #3627, #188, #7325, #3361, #3880, #4756, #4792, #3963 ) ) ;
#4133 = ORIENTED_EDGE ( 'NONE', *, *, #1444, .T. ) ;
#4134 = SURFACE_STYLE_FILL_AREA ( #629 ) ;
#4135 = STYLED_ITEM ( 'NONE', ( #3524 ), #188 ) ;
#4136 = CARTESIAN_POINT ( 'NONE',  ( 0.1665134645258970203, -1.250000000000000888, 1.769280657417294567 ) ) ;
#4138 = ORIENTED_EDGE ( 'NONE', *, *, #6648, .T. ) ;
#4137 = ORIENTED_EDGE ( 'NONE', *, *, #6230, .F. ) ;
#4139 = CARTESIAN_POINT ( 'NONE',  ( 0.2781474999798810854, -1.130000000000012772, 0.8367741431338063807 ) ) ;
#4140 =( NAMED_UNIT ( * ) SI_UNIT ( $, .STERADIAN. ) SOLID_ANGLE_UNIT ( ) );
#4141 = ORIENTED_EDGE ( 'NONE', *, *, #1634, .F. ) ;
#4142 = CARTESIAN_POINT ( 'NONE',  ( -0.09036144578313276554, -1.250000000000000000, 1.462771084337349370 ) ) ;
#4143 = PRESENTATION_LAYER_ASSIGNMENT (  '', '', ( #3996 ) ) ;
#4144 = EDGE_CURVE ( 'NONE', #9002, #4439, #2421, .T. ) ;
#4145 = EDGE_CURVE ( 'NONE', #3153, #3496, #7027, .T. ) ;
#4146 = FILL_AREA_STYLE ('',( #374 ) ) ;
#4147 =( NAMED_UNIT ( * ) SI_UNIT ( $, .STERADIAN. ) SOLID_ANGLE_UNIT ( ) );
#4148 = CARTESIAN_POINT ( 'NONE',  ( 2.859999999999999876, 2.266799289467858802, 7.909999999999986819 ) ) ;
#4149 = VECTOR ( 'NONE', #469, 999.9999999999998863 ) ;
#4150 = DIRECTION ( 'NONE',  ( 8.470329472543003391E-17, -1.000000000000000000, 0.000000000000000000 ) ) ;
#4152 = ORIENTED_EDGE ( 'NONE', *, *, #4891, .T. ) ;
#4151 = ORIENTED_EDGE ( 'NONE', *, *, #5266, .T. ) ;
#4153 = CARTESIAN_POINT ( 'NONE',  ( 0.2221105522436210844, -1.249999999999969136, 0.7980297930901404380 ) ) ;
#4154 = CARTESIAN_POINT ( 'NONE',  ( 2.860000000000000320, -0.2071507323465826833, 8.550000000000000711 ) ) ;
#4155 = DIRECTION ( 'NONE',  ( -0.000000000000000000, 0.000000000000000000, 1.000000000000000000 ) ) ;
#4156 = B_SPLINE_CURVE_WITH_KNOTS ( 'NONE', 3,
 ( #6499, #150, #3757, #5681, #6541, #3624, #237, #6413, #3055, #5864 ),
 .UNSPECIFIED., .F., .F.,
 ( 4, 3, 3, 4 ),
 ( 0.000000000000000000, 3.193694500262224346E-05, 6.387389000524413456E-05, 0.0001064253154868433267 ),
 .UNSPECIFIED. ) ;
#4157 = LINE ( 'NONE', #4801, #6772 ) ;
#4158 = AXIS2_PLACEMENT_3D ( 'NONE', #719, #3542, #3583 ) ;
#4159 =( LENGTH_UNIT ( ) NAMED_UNIT ( * ) SI_UNIT ( .MILLI., .METRE. ) );
#4160 = EDGE_CURVE ( 'NONE', #4095, #4347, #5314, .T. ) ;
#4161 = SURFACE_STYLE_FILL_AREA ( #2734 ) ;
#4162 = FACE_OUTER_BOUND ( 'NONE', #8439, .T. ) ;
#4163 = ORIENTED_EDGE ( 'NONE', *, *, #6256, .F. ) ;
#4164 = LINE ( 'NONE', #5447, #2730 ) ;
#4165 = CARTESIAN_POINT ( 'NONE',  ( 6.100000000000001421, -0.9999999999999978906, 0.000000000000000000 ) ) ;
#4166 = STYLED_ITEM ( 'NONE', ( #8463 ), #1457 ) ;
#4167 = CARTESIAN_POINT ( 'NONE',  ( 1.519999999999999352, 3.499999999999997780, 2.500000000000000000 ) ) ;
#4168 = EDGE_CURVE ( 'NONE', #7248, #5639, #1734, .T. ) ;
#4169 = CARTESIAN_POINT ( 'NONE',  ( -0.3464101615137760160, -1.046666666666666856, 2.449999999999999734 ) ) ;
#4170 = COLOUR_RGB ( '',0.9686274509803921573, 0.8784313725490195957, 0.5999999999999999778 ) ;
#4171 = DIRECTION ( 'NONE',  ( -0.3420201433256691015, -0.9396926207859083169, 0.000000000000000000 ) ) ;
#4172 = CARTESIAN_POINT ( 'NONE',  ( 4.710000000000000853, 3.499999999999998224, 1.599999999999989209 ) ) ;
#4173 = CARTESIAN_POINT ( 'NONE',  ( -0.1573284206430661802, -1.149999999999999911, 1.806397023426620674 ) ) ;
#4174 = CARTESIAN_POINT ( 'NONE',  ( 0.3464101615137756829, -1.046666666666666856, 2.500000000000000000 ) ) ;
#4175 = VERTEX_POINT ( 'NONE', #4683 ) ;
#4176 = VECTOR ( 'NONE', #7627, 999.9999999999998863 ) ;
#4177 = EDGE_LOOP ( 'NONE', ( #4341, #4611, #6371, #972, #6782, #939 ) ) ;
#4178 = DIRECTION ( 'NONE',  ( 1.000000000000000000, 8.470329472543003391E-17, 4.301393535249064745E-33 ) ) ;
#4179 = LINE ( 'NONE', #586, #1764 ) ;
#4180 =( NAMED_UNIT ( * ) SI_UNIT ( $, .STERADIAN. ) SOLID_ANGLE_UNIT ( ) );
#4181 = DIRECTION ( 'NONE',  ( 0.000000000000000000, -1.000000000000000000, 0.000000000000000000 ) ) ;
#4183 = EDGE_LOOP ( 'NONE', ( #158, #426, #6200, #5812 ) ) ;
#4182 = ORIENTED_EDGE ( 'NONE', *, *, #8893, .T. ) ;
#4184 = CARTESIAN_POINT ( 'NONE',  ( -0.2342914746061890430, -1.129999999999999227, 1.347785745950039971 ) ) ;
#4185 = EDGE_LOOP ( 'NONE', ( #332, #4994, #5230, #6067 ) ) ;
#4186 =( GEOMETRIC_REPRESENTATION_CONTEXT ( 3 ) GLOBAL_UNCERTAINTY_ASSIGNED_CONTEXT ( ( #5379 ) ) GLOBAL_UNIT_ASSIGNED_CONTEXT ( ( #1472, #8451, #881 ) ) REPRESENTATION_CONTEXT ( 'NONE', 'WORKASPACE' ) );
#4187 = COLOUR_RGB ( '',0.9686274509803921573, 0.8784313725490195957, 0.5999999999999999778 ) ;
#4188 = SURFACE_SIDE_STYLE ('',( #1358 ) ) ;
#4189 = CARTESIAN_POINT ( 'NONE',  ( 1.019999999999999796, 3.499999999999998224, 2.500000000000000000 ) ) ;
#4190 = VECTOR ( 'NONE', #5591, 1000.000000000000000 ) ;
#4191 = MECHANICAL_DESIGN_GEOMETRIC_PRESENTATION_REPRESENTATION (  '', ( #7976 ), #7404 ) ;
#4193 = ORIENTED_EDGE ( 'NONE', *, *, #8893, .F. ) ;
#4192 = EDGE_LOOP ( 'NONE', ( #8864, #4807, #391, #5045 ) ) ;
#4194 = DIRECTION ( 'NONE',  ( 1.000000000000000000, 3.336006684570782608E-16, 0.000000000000000000 ) ) ;
#4195 = DIRECTION ( 'NONE',  ( -0.000000000000000000, 0.000000000000000000, 1.000000000000000000 ) ) ;
#4196 = ORIENTED_EDGE ( 'NONE', *, *, #7107, .T. ) ;
#4197 = CARTESIAN_POINT ( 'NONE',  ( -0.3199999999999998401, 0.2732007105321395124, 7.909999999999986819 ) ) ;
#4198 = ADVANCED_FACE ( 'NONE', ( #8097 ), #3256, .F. ) ;
#4199 =( NAMED_UNIT ( * ) PLANE_ANGLE_UNIT ( ) SI_UNIT ( $, .RADIAN. ) );
#4200 = COLOUR_RGB ( '',0.9686274509803921573, 0.8784313725490195957, 0.5999999999999999778 ) ;
#4201 = MECHANICAL_DESIGN_GEOMETRIC_PRESENTATION_REPRESENTATION (  '', ( #7118 ), #5370 ) ;
#4202 = DIRECTION ( 'NONE',  ( 8.470329472543003391E-17, -1.000000000000000000, 0.000000000000000000 ) ) ;
#4203 = CARTESIAN_POINT ( 'NONE',  ( 3.910000000000000142, -0.9999999999999988898, 2.350000000000000089 ) ) ;
#4204 = CARTESIAN_POINT ( 'NONE',  ( 0.2560000000000002274, 2.219999999999999307, 8.550000000000000711 ) ) ;
#4205 = ADVANCED_FACE ( 'NONE', ( #8885 ), #2469, .T. ) ;
#4206 = LINE ( 'NONE', #6996, #6161 ) ;
#4207 = VERTEX_POINT ( 'NONE', #6744 ) ;
#4208 =( GEOMETRIC_REPRESENTATION_CONTEXT ( 3 ) GLOBAL_UNCERTAINTY_ASSIGNED_CONTEXT ( ( #5010 ) ) GLOBAL_UNIT_ASSIGNED_CONTEXT ( ( #3282, #5294, #5339 ) ) REPRESENTATION_CONTEXT ( 'NONE', 'WORKASPACE' ) );
#4209 = CARTESIAN_POINT ( 'NONE',  ( 3.684999999999999165, 3.499999999999998224, 2.375000000000000444 ) ) ;
#4210 = EDGE_CURVE ( 'NONE', #78, #2509, #8188, .T. ) ;
#4211 = SURFACE_STYLE_FILL_AREA ( #5367 ) ;
#4212 = EDGE_CURVE ( 'NONE', #5738, #901, #8840, .T. ) ;
#4213 = LINE ( 'NONE', #15, #5127 ) ;
#4214 = PLANE ( 'NONE',  #6571 ) ;
#4215 = DIRECTION ( 'NONE',  ( 0.7071067811865460184, -0.7071067811865490160, 0.000000000000000000 ) ) ;
#4216 =( NAMED_UNIT ( * ) PLANE_ANGLE_UNIT ( ) SI_UNIT ( $, .RADIAN. ) );
#4217 = CARTESIAN_POINT ( 'NONE',  ( -0.3199999999999999512, 2.795999999999999375, 8.550000000000000711 ) ) ;
#4218 = PLANE ( 'NONE',  #508 ) ;
#4219 = SURFACE_SIDE_STYLE ('',( #1391 ) ) ;
#4220 = EDGE_LOOP ( 'NONE', ( #2797, #4928, #8525, #1345, #7319, #7098 ) ) ;
#4221 = VERTEX_POINT ( 'NONE', #1121 ) ;
#4222 = FACE_OUTER_BOUND ( 'NONE', #6534, .T. ) ;
#4223 = FILL_AREA_STYLE_COLOUR ( '', #3974 ) ;
#4224 = EDGE_CURVE ( 'NONE', #8560, #698, #4428, .T. ) ;
#4225 = CARTESIAN_POINT ( 'NONE',  ( 2.220000000000000195, 2.219999999999999751, -2.359999999999988773 ) ) ;
#4226 = VECTOR ( 'NONE', #219, 999.9999999999998863 ) ;
#4228 = VERTEX_POINT ( 'NONE', #1208 ) ;
#4227 = VERTEX_POINT ( 'NONE', #1170 ) ;
#4229 = CARTESIAN_POINT ( 'NONE',  ( -0.2778308471146879732, -1.129999999999999227, 1.441489321758466779 ) ) ;
#4230 = CARTESIAN_POINT ( 'NONE',  ( 2.220000000000000195, 2.860000000000000320, -2.359999999999988773 ) ) ;
#4231 = ORIENTED_EDGE ( 'NONE', *, *, #7239, .F. ) ;
#4232 = AXIS2_PLACEMENT_3D ( 'NONE', #8731, #4711, #2399 ) ;
#4233 = STYLED_ITEM ( 'NONE', ( #8930 ), #7613 ) ;
#4234 =( NAMED_UNIT ( * ) SI_UNIT ( $, .STERADIAN. ) SOLID_ANGLE_UNIT ( ) );
#4235 = CARTESIAN_POINT ( 'NONE',  ( -1.270000000000000684, 3.499999999999997780, 2.500000000000000000 ) ) ;
#4236 = CARTESIAN_POINT ( 'NONE',  ( 1.019999999999999796, 3.499999999999998224, 0.000000000000000000 ) ) ;
#4238 = ORIENTED_EDGE ( 'NONE', *, *, #5960, .F. ) ;
#4237 = VERTEX_POINT ( 'NONE', #3994 ) ;
#4239 = EDGE_CURVE ( 'NONE', #2076, #5508, #486, .T. ) ;
#4240 = CARTESIAN_POINT ( 'NONE',  ( 5.400000000000000355, -0.2732007105321404561, -2.359999999999987441 ) ) ;
#4241 = DIRECTION ( 'NONE',  ( 0.000000000000000000, 0.000000000000000000, -1.000000000000000000 ) ) ;
#4242 = ORIENTED_EDGE ( 'NONE', *, *, #6267, .F. ) ;
#4243 = FACE_OUTER_BOUND ( 'NONE', #3115, .T. ) ;
#4244 = MECHANICAL_DESIGN_GEOMETRIC_PRESENTATION_REPRESENTATION (  '', ( #2627 ), #1743 ) ;
#4245 = SURFACE_SIDE_STYLE ('',( #3514 ) ) ;
#4246 = VECTOR ( 'NONE', #5548, 999.9999999999998863 ) ;
#4247 =( NAMED_UNIT ( * ) PLANE_ANGLE_UNIT ( ) SI_UNIT ( $, .RADIAN. ) );
#4248 = PRESENTATION_LAYER_ASSIGNMENT (  '', '', ( #4417 ) ) ;
#4249 =( BOUNDED_CURVE ( )  B_SPLINE_CURVE ( 3, ( #3195, #7225, #5862, #3793 ),
 .UNSPECIFIED., .F., .F. ) 
 B_SPLINE_CURVE_WITH_KNOTS ( ( 4, 4 ),
 ( 0.000000000000000000, 0.7853981633974425058 ),
 .UNSPECIFIED. ) 
 CURVE ( )  GEOMETRIC_REPRESENTATION_ITEM ( )  RATIONAL_B_SPLINE_CURVE ( ( 1.000000000000000000, 0.9492530216741918991, 0.9492530216741918991, 1.000000000000000000 ) ) 
 REPRESENTATION_ITEM ( '' )  );
#4250 = CARTESIAN_POINT ( 'NONE',  ( 2.284000000000000252, -0.3200000000000006728, 7.909999999999988596 ) ) ;
#4251 = CARTESIAN_POINT ( 'NONE',  ( 3.810000000000000053, 3.499999999999998224, 2.500000000000000000 ) ) ;
#4252 =( NAMED_UNIT ( * ) SI_UNIT ( $, .STERADIAN. ) SOLID_ANGLE_UNIT ( ) );
#4253 = ORIENTED_EDGE ( 'NONE', *, *, #978, .T. ) ;
#4254 = EDGE_CURVE ( 'NONE', #6482, #172, #4598, .T. ) ;
#4255 = DIRECTION ( 'NONE',  ( -6.842277657836020854E-49, 5.078189165123089681E-17, -1.000000000000000000 ) ) ;
#4256 = CYLINDRICAL_SURFACE ( 'NONE', #5846, 0.06399999999999998745 ) ;
#4257 = DIRECTION ( 'NONE',  ( -8.470329472543003391E-17, 1.000000000000000000, 0.000000000000000000 ) ) ;
#4258 = VECTOR ( 'NONE', #8142, 1000.000000000000000 ) ;
#4259 = MECHANICAL_DESIGN_GEOMETRIC_PRESENTATION_REPRESENTATION (  '', ( #8635 ), #1293 ) ;
#4260 = EDGE_CURVE ( 'NONE', #3506, #1650, #6096, .T. ) ;
#4261 = DIRECTION ( 'NONE',  ( -0.000000000000000000, -0.000000000000000000, -1.000000000000000000 ) ) ;
#4262 = ADVANCED_FACE ( 'NONE', ( #8935 ), #5225, .F. ) ;
#4263 = CARTESIAN_POINT ( 'NONE',  ( 5.080000000000000071, 0.2071507323465813233, 8.550000000000000711 ) ) ;
#4264 = EDGE_CURVE ( 'NONE', #8468, #6119, #6765, .T. ) ;
#4265 =( LENGTH_UNIT ( ) NAMED_UNIT ( * ) SI_UNIT ( .MILLI., .METRE. ) );
#4266 = CARTESIAN_POINT ( 'NONE',  ( 0.2071507323465820449, 0.2071507323465813233, 8.550000000000000711 ) ) ;
#4267 = LINE ( 'NONE', #1389, #6204 ) ;
#4268 = MECHANICAL_DESIGN_GEOMETRIC_PRESENTATION_REPRESENTATION (  '', ( #1605 ), #5574 ) ;
#4269 = CARTESIAN_POINT ( 'NONE',  ( -0.3134175730544422889, -0.2890920949374364279, 7.947330798265292984 ) ) ;
#4270 = CARTESIAN_POINT ( 'NONE',  ( 2.220000000000000195, 2.860000000000000320, -2.359999999999988773 ) ) ;
#4271 = VERTEX_POINT ( 'NONE', #9025 ) ;
#4272 = VERTEX_POINT ( 'NONE', #6321 ) ;
#4273 = COLOUR_RGB ( '',0.9686274509803921573, 0.8784313725490195957, 0.5999999999999999778 ) ;
#4274 = DIRECTION ( 'NONE',  ( 0.000000000000000000, 0.000000000000000000, -1.000000000000000000 ) ) ;
#4275 = CARTESIAN_POINT ( 'NONE',  ( 2.220000000000000195, 2.859999999999999876, -2.359999999999988773 ) ) ;
#4276 = CARTESIAN_POINT ( 'NONE',  ( 2.220000000000000195, 0.3199999999999993405, 8.550000000000000711 ) ) ;
#4277 = CARTESIAN_POINT ( 'NONE',  ( 5.400000000000000355, 0.2559999999999993947, 7.909999999999988596 ) ) ;
#4278 = EDGE_CURVE ( 'NONE', #4973, #2118, #4311, .T. ) ;
#4279 = ORIENTED_EDGE ( 'NONE', *, *, #1503, .F. ) ;
#4280 =( GEOMETRIC_REPRESENTATION_CONTEXT ( 3 ) GLOBAL_UNCERTAINTY_ASSIGNED_CONTEXT ( ( #5739 ) ) GLOBAL_UNIT_ASSIGNED_CONTEXT ( ( #4609, #6704, #8200 ) ) REPRESENTATION_CONTEXT ( 'NONE', 'WORKASPACE' ) );
#4281 = CYLINDRICAL_SURFACE ( 'NONE', #7289, 0.06399999999999998745 ) ;
#4282 = DIRECTION ( 'NONE',  ( 1.000000000000000000, 0.000000000000000000, 0.000000000000000000 ) ) ;
#4283 = ORIENTED_EDGE ( 'NONE', *, *, #5375, .T. ) ;
#4284 = EDGE_CURVE ( 'NONE', #3509, #5178, #668, .T. ) ;
#4285 = CARTESIAN_POINT ( 'NONE',  ( 3.559999999999999609, 3.270000000000000462, 0.6000000000000000888 ) ) ;
#4286 =( NAMED_UNIT ( * ) SI_UNIT ( $, .STERADIAN. ) SOLID_ANGLE_UNIT ( ) );
#4287 = DIRECTION ( 'NONE',  ( -1.000000000000000000, 0.000000000000000000, 0.000000000000000000 ) ) ;
#4288 = CARTESIAN_POINT ( 'NONE',  ( 2.860000000000000320, -0.2732007105321409557, 7.909999999999986819 ) ) ;
#4289 = FILL_AREA_STYLE_COLOUR ( '', #7240 ) ;
#4291 = ORIENTED_EDGE ( 'NONE', *, *, #1370, .T. ) ;
#4290 = ORIENTED_EDGE ( 'NONE', *, *, #727, .T. ) ;
#4292 = UNCERTAINTY_MEASURE_WITH_UNIT (LENGTH_MEASURE( 1.000000000000000082E-05 ), #1205, 'distance_accuracy_value', 'NONE');
#4293 = CARTESIAN_POINT ( 'NONE',  ( 4.760000000000000675, 2.283999999999999364, 7.909999999999988596 ) ) ;
#4294 = CARTESIAN_POINT ( 'NONE',  ( 5.400000000000000355, 2.332849267653417158, 8.550000000000000711 ) ) ;
#4295 = VECTOR ( 'NONE', #7077, 1000.000000000000000 ) ;
#4296 = ORIENTED_EDGE ( 'NONE', *, *, #2146, .F. ) ;
#4297 = CARTESIAN_POINT ( 'NONE',  ( 5.381254833995939180, -0.3012548339959398302, 8.016309119164535701 ) ) ;
#4298 = EDGE_CURVE ( 'NONE', #8662, #7793, #3575, .T. ) ;
#4299 = PLANE ( 'NONE',  #6303 ) ;
#4300 = MECHANICAL_DESIGN_GEOMETRIC_PRESENTATION_REPRESENTATION (  '', ( #7928 ), #904 ) ;
#4301 = CARTESIAN_POINT ( 'NONE',  ( 4.060000000000000497, -1.250000000000000222, 0.5999999999999999778 ) ) ;
#4302 = FACE_OUTER_BOUND ( 'NONE', #7867, .T. ) ;
#4303 = DIRECTION ( 'NONE',  ( -1.000000000000000000, 0.000000000000000000, 0.000000000000000000 ) ) ;
#4304 = CARTESIAN_POINT ( 'NONE',  ( 4.778745166004060962, 2.238745166004060483, -2.466309119164536767 ) ) ;
#4305 = ORIENTED_EDGE ( 'NONE', *, *, #8301, .T. ) ;
#4306 =( NAMED_UNIT ( * ) SI_UNIT ( $, .STERADIAN. ) SOLID_ANGLE_UNIT ( ) );
#4307 = PLANE ( 'NONE',  #8567 ) ;
#4308 = DIRECTION ( 'NONE',  ( 0.000000000000000000, 1.000000000000000000, 0.000000000000000000 ) ) ;
#4309 = COLOUR_RGB ( '',0.9686274509803921573, 0.8784313725490195957, 0.5999999999999999778 ) ;
#4310 = PLANE ( 'NONE',  #8658 ) ;
#4311 =( BOUNDED_CURVE ( )  B_SPLINE_CURVE ( 3, ( #2745, #6188, #7560, #6971 ),
 .UNSPECIFIED., .F., .F. ) 
 B_SPLINE_CURVE_WITH_KNOTS ( ( 4, 4 ),
 ( 3.141592653589793116, 3.926990816987237398 ),
 .UNSPECIFIED. ) 
 CURVE ( )  GEOMETRIC_REPRESENTATION_ITEM ( )  RATIONAL_B_SPLINE_CURVE ( ( 1.000000000000000000, 0.9492530216741915661, 0.9492530216741915661, 1.000000000000000000 ) ) 
 REPRESENTATION_ITEM ( '' )  );
#4312 = LINE ( 'NONE', #5076, #866 ) ;
#4313 = CARTESIAN_POINT ( 'NONE',  ( 0.2402472990307072120, -1.129999999999999449, 1.205113941465186578 ) ) ;
#4314 = CARTESIAN_POINT ( 'NONE',  ( 2.226582426945557636, 2.829092094937436297, -2.397330798265291829 ) ) ;
#4315 = VECTOR ( 'NONE', #18, 1000.000000000000000 ) ;
#4316 = LINE ( 'NONE', #1581, #1991 ) ;
#4317 = DIRECTION ( 'NONE',  ( 8.470329472543003391E-17, -1.000000000000000000, 0.000000000000000000 ) ) ;
#4318 = SURFACE_STYLE_FILL_AREA ( #7782 ) ;
#4319 = CARTESIAN_POINT ( 'NONE',  ( -1.019999999999999796, 3.499999999999997780, 2.500000000000000000 ) ) ;
#4320 = VERTEX_POINT ( 'NONE', #1435 ) ;
#4321 = ORIENTED_EDGE ( 'NONE', *, *, #6218, .F. ) ;
#4322 = EDGE_CURVE ( 'NONE', #1124, #7359, #7054, .T. ) ;
#4323 = STYLED_ITEM ( 'NONE', ( #3656 ), #1950 ) ;
#4324 = CARTESIAN_POINT ( 'NONE',  ( 2.747150732346582025, -7.233649639496074251E-16, 8.550000000000000711 ) ) ;
#4325 = PLANE ( 'NONE',  #2176 ) ;
#4326 =( NAMED_UNIT ( * ) SI_UNIT ( $, .STERADIAN. ) SOLID_ANGLE_UNIT ( ) );
#4327 = ORIENTED_EDGE ( 'NONE', *, *, #3983, .T. ) ;
#4328 = AXIS2_PLACEMENT_3D ( 'NONE', #5564, #1317, #4839 ) ;
#4329 = EDGE_CURVE ( 'NONE', #918, #5764, #624, .T. ) ;
#4331 = EDGE_LOOP ( 'NONE', ( #6003, #3747, #5377, #5114 ) ) ;
#4330 = ORIENTED_EDGE ( 'NONE', *, *, #4525, .F. ) ;
#4332 = CARTESIAN_POINT ( 'NONE',  ( -0.2786334919061043136, -1.129999999999999227, 1.457297485860782782 ) ) ;
#4333 = VERTEX_POINT ( 'NONE', #8327 ) ;
#4334 = DIRECTION ( 'NONE',  ( 1.000000000000000000, 0.000000000000000000, 0.000000000000000000 ) ) ;
#4335 = AXIS2_PLACEMENT_3D ( 'NONE', #2314, #2508, #3297 ) ;
#4336 =( NAMED_UNIT ( * ) PLANE_ANGLE_UNIT ( ) SI_UNIT ( $, .RADIAN. ) );
#4337 = CARTESIAN_POINT ( 'NONE',  ( 4.760000000000000675, 2.859999999999999876, 8.550000000000000711 ) ) ;
#4338 = DIRECTION ( 'NONE',  ( 0.000000000000000000, -1.000000000000000000, 0.000000000000000000 ) ) ;
#4339 =( NAMED_UNIT ( * ) SI_UNIT ( $, .STERADIAN. ) SOLID_ANGLE_UNIT ( ) );
#4340 = EDGE_CURVE ( 'NONE', #6436, #5366, #2142, .T. ) ;
#4342 = ORIENTED_EDGE ( 'NONE', *, *, #4491, .F. ) ;
#4341 = ORIENTED_EDGE ( 'NONE', *, *, #1048, .F. ) ;
#4343 = CARTESIAN_POINT ( 'NONE',  ( 2.860000000000000320, 2.860000000000000320, -2.359999999999988773 ) ) ;
#4344 = AXIS2_PLACEMENT_3D ( 'NONE', #8074, #266, #1803 ) ;
#4345 = CARTESIAN_POINT ( 'NONE',  ( 2.841254833995939144, 0.3012548339959383870, 8.016309119164537478 ) ) ;
#4346 = VECTOR ( 'NONE', #272, 1000.000000000000000 ) ;
#4347 = VERTEX_POINT ( 'NONE', #8236 ) ;
#4348 =( LENGTH_UNIT ( ) NAMED_UNIT ( * ) SI_UNIT ( .MILLI., .METRE. ) );
#4349 = CARTESIAN_POINT ( 'NONE',  ( -0.2560000000000000608, 0.3199999999999993960, 7.909999999999988596 ) ) ;
#4350 = VECTOR ( 'NONE', #2811, 1000.000000000000000 ) ;
#4351 = PLANE ( 'NONE',  #1914 ) ;
#4352 = VECTOR ( 'NONE', #7251, 1000.000000000000000 ) ;
#4353 = LINE ( 'NONE', #740, #856 ) ;
#4354 = PRODUCT_DEFINITION ( 'UNKNOWN', '', #2945, #5648 ) ;
#4355 = CARTESIAN_POINT ( 'NONE',  ( 0.2071507323465820449, 2.747150732346581581, 8.550000000000000711 ) ) ;
#4356 = CARTESIAN_POINT ( 'NONE',  ( 0.1573284206430634047, -1.149999999999999911, 0.7336029765733798058 ) ) ;
#4357 = FACE_OUTER_BOUND ( 'NONE', #2632, .T. ) ;
#4358 = ORIENTED_EDGE ( 'NONE', *, *, #8312, .F. ) ;
#4359 = CARTESIAN_POINT ( 'NONE',  ( 0.2713260487806462007, -1.149999999999989919, 0.8478598182612470113 ) ) ;
#4360 = DIRECTION ( 'NONE',  ( -0.000000000000000000, 1.000000000000000000, 5.078189165123089681E-17 ) ) ;
#4361 = VECTOR ( 'NONE', #622, 1000.000000000000000 ) ;
#4362 = SURFACE_STYLE_USAGE ( .BOTH. , #273 ) ;
#4363 = PRESENTATION_LAYER_ASSIGNMENT (  '', '', ( #370 ) ) ;
#4364 = VECTOR ( 'NONE', #5893, 999.9999999999998863 ) ;
#4365 = CARTESIAN_POINT ( 'NONE',  ( 4.872849267653418970, 2.219999999999999307, 8.550000000000000711 ) ) ;
#4366 = SURFACE_SIDE_STYLE ('',( #7814 ) ) ;
#4367 = CARTESIAN_POINT ( 'NONE',  ( 2.841254833995939144, 2.238745166004060483, -2.466309119164537655 ) ) ;
#4368 = CARTESIAN_POINT ( 'NONE',  ( 2.841254833995939588, 0.3012548339959391086, -2.466309119164536767 ) ) ;
#4369 = CARTESIAN_POINT ( 'NONE',  ( 1.270000000000000462, -0.9999999999999988898, 0.5999999999999998668 ) ) ;
#4370 = ORIENTED_EDGE ( 'NONE', *, *, #533, .T. ) ;
#4371 = EDGE_CURVE ( 'NONE', #2961, #8615, #2794, .T. ) ;
#4372 = VERTEX_POINT ( 'NONE', #1959 ) ;
#4373 =( BOUNDED_CURVE ( )  B_SPLINE_CURVE ( 3, ( #8384, #938, #8003, #1685 ),
 .UNSPECIFIED., .F., .F. ) 
 B_SPLINE_CURVE_WITH_KNOTS ( ( 4, 4 ),
 ( 2.356194490192347057, 3.141592653589793116 ),
 .UNSPECIFIED. ) 
 CURVE ( )  GEOMETRIC_REPRESENTATION_ITEM ( )  RATIONAL_B_SPLINE_CURVE ( ( 1.000000000000000000, 0.9492530216741914550, 0.9492530216741914550, 1.000000000000000000 ) ) 
 REPRESENTATION_ITEM ( '' )  );
#4374 = CARTESIAN_POINT ( 'NONE',  ( 0.6136029765733794772, -1.149999999999999689, 1.270000000000000018 ) ) ;
#4375 = PRESENTATION_STYLE_ASSIGNMENT (( #7912 ) ) ;
#4377 = EDGE_LOOP ( 'NONE', ( #9027, #7083, #7714 ) ) ;
#4376 = ORIENTED_EDGE ( 'NONE', *, *, #8841, .T. ) ;
#4378 = CARTESIAN_POINT ( 'NONE',  ( -0.2080741993322297034, -1.250000000000000888, 1.383884079689430058 ) ) ;
#4379 = FACE_OUTER_BOUND ( 'NONE', #1886, .T. ) ;
#4380 = EDGE_LOOP ( 'NONE', ( #5731, #3785, #3279, #8994, #1007, #6049 ) ) ;
#4381 = SURFACE_SIDE_STYLE ('',( #2249 ) ) ;
#4382 = ADVANCED_FACE ( 'NONE', ( #5495 ), #6232, .T. ) ;
#4383 = VECTOR ( 'NONE', #1426, 1000.000000000000000 ) ;
#4384 = EDGE_CURVE ( 'NONE', #181, #3496, #712, .T. ) ;
#4385 = DIRECTION ( 'NONE',  ( -1.000000000000000000, -8.470329472543003391E-17, -4.301393535249064745E-33 ) ) ;
#4387 = ORIENTED_EDGE ( 'NONE', *, *, #7553, .F. ) ;
#4386 = ORIENTED_EDGE ( 'NONE', *, *, #380, .T. ) ;
#4388 = UNCERTAINTY_MEASURE_WITH_UNIT (LENGTH_MEASURE( 1.000000000000000082E-05 ), #2073, 'distance_accuracy_value', 'NONE');
#4389 = CARTESIAN_POINT ( 'NONE',  ( -0.3199999999999999512, 0.2559999999999998943, -2.359999999999988773 ) ) ;
#4390 = CARTESIAN_POINT ( 'NONE',  ( 3.560000000000000497, -0.9999999999999978906, 2.500000000000000000 ) ) ;
#4391 = ORIENTED_EDGE ( 'NONE', *, *, #7833, .F. ) ;
#4392 =( NAMED_UNIT ( * ) PLANE_ANGLE_UNIT ( ) SI_UNIT ( $, .RADIAN. ) );
#4393 = MECHANICAL_DESIGN_GEOMETRIC_PRESENTATION_REPRESENTATION (  '', ( #5698 ), #2024 ) ;
#4394 = EDGE_CURVE ( 'NONE', #6514, #3958, #752, .T. ) ;
#4395 = CARTESIAN_POINT ( 'NONE',  ( 0.3200000000000000622, 0.2559999999999999498, -2.359999999999988773 ) ) ;
#4396 = CARTESIAN_POINT ( 'NONE',  ( 6.100000000000000533, 3.270000000000000462, 0.4500000000000018430 ) ) ;
#4397 = FILL_AREA_STYLE_COLOUR ( '', #7625 ) ;
#4398 = DIRECTION ( 'NONE',  ( 0.000000000000000000, -1.000000000000000000, 0.000000000000000000 ) ) ;
#4399 = VERTEX_POINT ( 'NONE', #4173 ) ;
#4400 =( GEOMETRIC_REPRESENTATION_CONTEXT ( 3 ) GLOBAL_UNCERTAINTY_ASSIGNED_CONTEXT ( ( #5099 ) ) GLOBAL_UNIT_ASSIGNED_CONTEXT ( ( #5133, #3064, #2284 ) ) REPRESENTATION_CONTEXT ( 'NONE', 'WORKASPACE' ) );
#4401 = SURFACE_SIDE_STYLE ('',( #7220 ) ) ;
#4402 = CARTESIAN_POINT ( 'NONE',  ( 2.220000000000000195, 2.747150732346581581, 8.550000000000000711 ) ) ;
#4403 = CARTESIAN_POINT ( 'NONE',  ( 4.760000000000000675, 2.219999999999999307, 8.550000000000000711 ) ) ;
#4404 = FILL_AREA_STYLE ('',( #4534 ) ) ;
#4406 = EDGE_CURVE ( 'NONE', #7417, #5932, #4865, .T. ) ;
#4405 = VECTOR ( 'NONE', #5131, 1000.000000000000000 ) ;
#4407 = MECHANICAL_DESIGN_GEOMETRIC_PRESENTATION_REPRESENTATION (  '', ( #6291 ), #2321 ) ;
#4408 = CARTESIAN_POINT ( 'NONE',  ( 4.760000000000000675, -0.2732007105321404006, -2.359999999999986997 ) ) ;
#4409 = LINE ( 'NONE', #8510, #2368 ) ;
#4410 =( NAMED_UNIT ( * ) PLANE_ANGLE_UNIT ( ) SI_UNIT ( $, .RADIAN. ) );
#4411 = PLANE ( 'NONE',  #7518 ) ;
#4412 = UNCERTAINTY_MEASURE_WITH_UNIT (LENGTH_MEASURE( 1.000000000000000082E-05 ), #2897, 'distance_accuracy_value', 'NONE');
#4413 = CARTESIAN_POINT ( 'NONE',  ( 2.829092094937435409, 0.3134175730544420668, -2.397330798265293161 ) ) ;
#4414 = SURFACE_STYLE_USAGE ( .BOTH. , #2462 ) ;
#4415 =( GEOMETRIC_REPRESENTATION_CONTEXT ( 3 ) GLOBAL_UNCERTAINTY_ASSIGNED_CONTEXT ( ( #6027 ) ) GLOBAL_UNIT_ASSIGNED_CONTEXT ( ( #2271, #8552, #6316 ) ) REPRESENTATION_CONTEXT ( 'NONE', 'WORKASPACE' ) );
#4416 = ORIENTED_EDGE ( 'NONE', *, *, #4329, .T. ) ;
#4417 = STYLED_ITEM ( 'NONE', ( #214 ), #8370 ) ;
#4418 = VERTEX_POINT ( 'NONE', #5452 ) ;
#4419 = ADVANCED_FACE ( 'NONE', ( #2658 ), #4218, .F. ) ;
#4420 = LINE ( 'NONE', #2841, #2776 ) ;
#4421 = PRESENTATION_LAYER_ASSIGNMENT (  '', '', ( #8346 ) ) ;
#4422 = CARTESIAN_POINT ( 'NONE',  ( 0.2609695734686026114, -1.178483672614227373, 1.100663097109698008 ) ) ;
#4423 = AXIS2_PLACEMENT_3D ( 'NONE', #5168, #5395, #1194 ) ;
#4424 = EDGE_CURVE ( 'NONE', #1068, #4541, #2927, .T. ) ;
#4425 =( NAMED_UNIT ( * ) PLANE_ANGLE_UNIT ( ) SI_UNIT ( $, .RADIAN. ) );
#4427 = ORIENTED_EDGE ( 'NONE', *, *, #8858, .F. ) ;
#4426 = ORIENTED_EDGE ( 'NONE', *, *, #1225, .F. ) ;
#4428 =( BOUNDED_CURVE ( )  B_SPLINE_CURVE ( 3, ( #6695, #6012, #438, #3945 ),
 .UNSPECIFIED., .F., .F. ) 
 B_SPLINE_CURVE_WITH_KNOTS ( ( 4, 4 ),
 ( 4.001096304623763307E-48, 0.7853981633974507215 ),
 .UNSPECIFIED. ) 
 CURVE ( )  GEOMETRIC_REPRESENTATION_ITEM ( )  RATIONAL_B_SPLINE_CURVE ( ( 1.000000000000000000, 0.9492530216741907889, 0.9492530216741907889, 1.000000000000000000 ) ) 
 REPRESENTATION_ITEM ( '' )  );
#4429 = DIRECTION ( 'NONE',  ( 1.408054769461693942E-16, 1.000000000000000000, -0.000000000000000000 ) ) ;
#4430 = EDGE_LOOP ( 'NONE', ( #7562, #5238, #1602, #5326, #4796, #2703 ) ) ;
#4431 = AXIS2_PLACEMENT_3D ( 'NONE', #5441, #1, #6350 ) ;
#4432 = PRESENTATION_STYLE_ASSIGNMENT (( #944 ) ) ;
#4433 = CARTESIAN_POINT ( 'NONE',  ( -0.7699999999999996847, -1.250000000000000000, 2.500000000000000000 ) ) ;
#4434 = LINE ( 'NONE', #5930, #5568 ) ;
#4436 = ORIENTED_EDGE ( 'NONE', *, *, #6272, .F. ) ;
#4435 = VERTEX_POINT ( 'NONE', #8514 ) ;
#4437 = DIRECTION ( 'NONE',  ( -8.470329472543003391E-17, 1.000000000000000000, 0.000000000000000000 ) ) ;
#4438 = CARTESIAN_POINT ( 'NONE',  ( 2.860000000000000320, 0.2559999999999993947, 7.909999999999988596 ) ) ;
#4439 = VERTEX_POINT ( 'NONE', #8558 ) ;
#4440 = VECTOR ( 'NONE', #2964, 1000.000000000000000 ) ;
#4441 =( NAMED_UNIT ( * ) PLANE_ANGLE_UNIT ( ) SI_UNIT ( $, .RADIAN. ) );
#4442 = EDGE_CURVE ( 'NONE', #3778, #4006, #3370, .T. ) ;
#4443 = EDGE_CURVE ( 'NONE', #4095, #7417, #8606, .T. ) ;
#4444 = FACE_OUTER_BOUND ( 'NONE', #6461, .T. ) ;
#4445 = CARTESIAN_POINT ( 'NONE',  ( -0.1841190565292912806, -1.150000000000000799, 0.7357780467736331209 ) ) ;
#4446 = DIRECTION ( 'NONE',  ( -0.000000000000000000, -0.000000000000000000, 1.000000000000000000 ) ) ;
#4447 = VECTOR ( 'NONE', #2310, 1000.000000000000000 ) ;
#4448 = PLANE ( 'NONE',  #8650 ) ;
#4449 = CARTESIAN_POINT ( 'NONE',  ( 5.080000000000000071, -0.2071507323465826000, -3.000000000000000000 ) ) ;
#4451 = VERTEX_POINT ( 'NONE', #7186 ) ;
#4450 = EDGE_LOOP ( 'NONE', ( #8519, #409, #2931, #1596 ) ) ;
#4452 = FILL_AREA_STYLE_COLOUR ( '', #4056 ) ;
#4453 = DIRECTION ( 'NONE',  ( 1.445602896647340396E-16, -1.000000000000000000, 0.000000000000000000 ) ) ;
#4454 = SURFACE_STYLE_USAGE ( .BOTH. , #7773 ) ;
#4455 =( NAMED_UNIT ( * ) PLANE_ANGLE_UNIT ( ) SI_UNIT ( $, .RADIAN. ) );
#4456 =( NAMED_UNIT ( * ) PLANE_ANGLE_UNIT ( ) SI_UNIT ( $, .RADIAN. ) );
#4457 = SURFACE_STYLE_USAGE ( .BOTH. , #5772 ) ;
#4458 = FACE_OUTER_BOUND ( 'NONE', #6158, .T. ) ;
#4459 = CARTESIAN_POINT ( 'NONE',  ( 2.813200710532140381, 2.219999999999999751, -2.359999999999988773 ) ) ;
#4460 = DIRECTION ( 'NONE',  ( 0.7071067811865460184, -0.7071067811865490160, 0.000000000000000000 ) ) ;
#4461 = SURFACE_SIDE_STYLE ('',( #3152 ) ) ;
#4462 = STYLED_ITEM ( 'NONE', ( #1838 ), #1248 ) ;
#4463 = ADVANCED_FACE ( 'NONE', ( #846 ), #6502, .T. ) ;
#4464 = ORIENTED_EDGE ( 'NONE', *, *, #8176, .T. ) ;
#4465 = ORIENTED_EDGE ( 'NONE', *, *, #6637, .T. ) ;
#4466 = LINE ( 'NONE', #2049, #128 ) ;
#4467 = VECTOR ( 'NONE', #2458, 1000.000000000000000 ) ;
#4468 = DIRECTION ( 'NONE',  ( 8.470329472543003391E-17, -1.000000000000000000, 0.000000000000000000 ) ) ;
#4470 = VERTEX_POINT ( 'NONE', #3672 ) ;
#4469 = ORIENTED_EDGE ( 'NONE', *, *, #2512, .F. ) ;
#4471 = SURFACE_STYLE_FILL_AREA ( #2520 ) ;
#4472 = VECTOR ( 'NONE', #5364, 1000.000000000000000 ) ;
#4473 = ORIENTED_EDGE ( 'NONE', *, *, #6020, .T. ) ;
#4474 = CARTESIAN_POINT ( 'NONE',  ( -0.2326746774003363161, -1.249999999999998668, 1.428617988992419985 ) ) ;
#4475 = STYLED_ITEM ( 'NONE', ( #2824 ), #1858 ) ;
#4476 = SURFACE_STYLE_FILL_AREA ( #8621 ) ;
#4477 = CARTESIAN_POINT ( 'NONE',  ( 0.3200000000000001177, 2.813200710532139492, 7.909999999999986819 ) ) ;
#4479 = VERTEX_POINT ( 'NONE', #7272 ) ;
#4478 = EDGE_LOOP ( 'NONE', ( #2287, #973, #568, #6563, #499, #5748, #1498, #7455, #7999, #8667, #933, #6792 ) ) ;
#4480 = UNCERTAINTY_MEASURE_WITH_UNIT (LENGTH_MEASURE( 1.000000000000000082E-05 ), #7183, 'distance_accuracy_value', 'NONE');
#4481 = CARTESIAN_POINT ( 'NONE',  ( 7.250000000000000888, -0.9999999999999978906, 1.599999999999989431 ) ) ;
#4482 = PRESENTATION_STYLE_ASSIGNMENT (( #7837 ) ) ;
#4483 = EDGE_LOOP ( 'NONE', ( #2101, #1558, #2245, #84 ) ) ;
#4484 =( NAMED_UNIT ( * ) PLANE_ANGLE_UNIT ( ) SI_UNIT ( $, .RADIAN. ) );
#4485 = EDGE_CURVE ( 'NONE', #553, #1448, #7857, .T. ) ;
#4486 = VECTOR ( 'NONE', #4795, 1000.000000000000000 ) ;
#4487 = DIRECTION ( 'NONE',  ( -1.000000000000000000, 0.000000000000000000, -0.000000000000000000 ) ) ;
#4488 = AXIS2_PLACEMENT_3D ( 'NONE', #7457, #5400, #379 ) ;
#4489 = FILL_AREA_STYLE_COLOUR ( '', #7129 ) ;
#4490 = DIRECTION ( 'NONE',  ( -6.842277657836020854E-49, 5.078189165123089681E-17, -1.000000000000000000 ) ) ;
#4491 = EDGE_CURVE ( 'NONE', #4435, #7428, #7906, .T. ) ;
#4493 = ORIENTED_EDGE ( 'NONE', *, *, #6602, .F. ) ;
#4492 = ORIENTED_EDGE ( 'NONE', *, *, #6584, .T. ) ;
#4494 = DIRECTION ( 'NONE',  ( 1.000000000000000000, 3.336006684570782608E-16, 0.000000000000000000 ) ) ;
#4495 = LINE ( 'NONE', #1528, #6972 ) ;
#4496 =( GEOMETRIC_REPRESENTATION_CONTEXT ( 3 ) GLOBAL_UNCERTAINTY_ASSIGNED_CONTEXT ( ( #1699 ) ) GLOBAL_UNIT_ASSIGNED_CONTEXT ( ( #3398, #5125, #894 ) ) REPRESENTATION_CONTEXT ( 'NONE', 'WORKASPACE' ) );
#4497 = CARTESIAN_POINT ( 'NONE',  ( 4.760000000000000675, 2.859999999999999876, -2.359999999999988773 ) ) ;
#4498 = CARTESIAN_POINT ( 'NONE',  ( 1.770000000000000462, -1.250000000000000000, 2.500000000000000000 ) ) ;
#4499 = CARTESIAN_POINT ( 'NONE',  ( 2.238745166004060927, 2.841254833995939144, -2.466309119164537655 ) ) ;
#4500 =( NAMED_UNIT ( * ) PLANE_ANGLE_UNIT ( ) SI_UNIT ( $, .RADIAN. ) );
#4501 = CARTESIAN_POINT ( 'NONE',  ( 4.778745166004060962, 2.841254833995938700, 8.016309119164535701 ) ) ;
#4502 = DIRECTION ( 'NONE',  ( -1.000000000000000000, 0.000000000000000000, -0.000000000000000000 ) ) ;
#4503 = VERTEX_POINT ( 'NONE', #2235 ) ;
#4504 = UNCERTAINTY_MEASURE_WITH_UNIT (LENGTH_MEASURE( 1.000000000000000082E-05 ), #7047, 'distance_accuracy_value', 'NONE');
#4505 = DIRECTION ( 'NONE',  ( -0.7071067811865454633, 0.000000000000000000, 0.7071067811865495711 ) ) ;
#4506 = VERTEX_POINT ( 'NONE', #3014 ) ;
#4507 = ORIENTED_EDGE ( 'NONE', *, *, #2081, .T. ) ;
#4508 = VECTOR ( 'NONE', #962, 1000.000000000000000 ) ;
#4509 = STYLED_ITEM ( 'NONE', ( #1296 ), #3474 ) ;
#4510 = CARTESIAN_POINT ( 'NONE',  ( 3.559999999999999609, 0.000000000000000000, 0.000000000000000000 ) ) ;
#4512 = ORIENTED_EDGE ( 'NONE', *, *, #7483, .F. ) ;
#4511 = ORIENTED_EDGE ( 'NONE', *, *, #7488, .T. ) ;
#4513 = CARTESIAN_POINT ( 'NONE',  ( -0.3199999999999999512, 0.3199999999999993405, 8.550000000000000711 ) ) ;
#4514 = ORIENTED_EDGE ( 'NONE', *, *, #2335, .T. ) ;
#4515 = DIRECTION ( 'NONE',  ( 0.9396926207859079838, 0.3420201433256698231, 0.000000000000000000 ) ) ;
#4516 = CARTESIAN_POINT ( 'NONE',  ( 2.332849267653418046, -0.3200000000000007283, 8.550000000000000711 ) ) ;
#4517 = EDGE_CURVE ( 'NONE', #918, #1550, #5867, .T. ) ;
#4519 = EDGE_LOOP ( 'NONE', ( #5446, #5962, #1401, #488 ) ) ;
#4518 = EDGE_LOOP ( 'NONE', ( #4507, #4854, #1554, #6546 ) ) ;
#4520 = CARTESIAN_POINT ( 'NONE',  ( 0.3200000000000001177, 2.283999999999999808, -2.359999999999988773 ) ) ;
#4521 = CARTESIAN_POINT ( 'NONE',  ( 0.3200000000000000622, 0.3199999999999993405, -2.359999999999988773 ) ) ;
#4522 = ORIENTED_EDGE ( 'NONE', *, *, #6428, .T. ) ;
#4523 =( NAMED_UNIT ( * ) SI_UNIT ( $, .STERADIAN. ) SOLID_ANGLE_UNIT ( ) );
#4524 = DIRECTION ( 'NONE',  ( 0.000000000000000000, 0.000000000000000000, -1.000000000000000000 ) ) ;
#4525 = EDGE_CURVE ( 'NONE', #2940, #2406, #1630, .T. ) ;
#4526 = LINE ( 'NONE', #5334, #4364 ) ;
#4527 = CARTESIAN_POINT ( 'NONE',  ( 2.220000000000000195, 0.2559999999999993392, 8.550000000000000711 ) ) ;
#4528 = PRESENTATION_STYLE_ASSIGNMENT (( #8906 ) ) ;
#4530 = ORIENTED_EDGE ( 'NONE', *, *, #335, .F. ) ;
#4529 = EDGE_LOOP ( 'NONE', ( #440, #117, #6511, #1603 ) ) ;
#4531 = CARTESIAN_POINT ( 'NONE',  ( -0.3199999999999999512, 0.2559999999999993392, 8.550000000000000711 ) ) ;
#4532 = CARTESIAN_POINT ( 'NONE',  ( 0.09036144578313230757, -1.250000000000000000, 1.625421686746987948 ) ) ;
#4533 = VECTOR ( 'NONE', #6793, 1000.000000000000000 ) ;
#4534 = FILL_AREA_STYLE_COLOUR ( '', #4723 ) ;
#4535 = DIRECTION ( 'NONE',  ( 0.7071067811865495711, -0.000000000000000000, 0.7071067811865454633 ) ) ;
#4536 = AXIS2_PLACEMENT_3D ( 'NONE', #3423, #8309, #8263 ) ;
#4537 = DIRECTION ( 'NONE',  ( -0.000000000000000000, -0.000000000000000000, -1.000000000000000000 ) ) ;
#4538 =( NAMED_UNIT ( * ) SI_UNIT ( $, .STERADIAN. ) SOLID_ANGLE_UNIT ( ) );
#4539 = PRESENTATION_STYLE_ASSIGNMENT (( #2505 ) ) ;
#4540 = PLANE ( 'NONE',  #7226 ) ;
#4541 = VERTEX_POINT ( 'NONE', #7231 ) ;
#4542 = DIRECTION ( 'NONE',  ( 0.7071067811865434649, -0.000000000000000000, -0.7071067811865516806 ) ) ;
#4543 = FILL_AREA_STYLE_COLOUR ( '', #6965 ) ;
#4544 = VERTEX_POINT ( 'NONE', #931 ) ;
#4545 = ADVANCED_FACE ( 'NONE', ( #3058 ), #8464, .F. ) ;
#4546 = VERTEX_POINT ( 'NONE', #330 ) ;
#4547 = EDGE_CURVE ( 'NONE', #6937, #2840, #3296, .T. ) ;
#4548 = EDGE_CURVE ( 'NONE', #5660, #8695, #7456, .T. ) ;
#4549 = DIRECTION ( 'NONE',  ( 0.000000000000000000, 1.000000000000000000, 0.000000000000000000 ) ) ;
#4550 = CARTESIAN_POINT ( 'NONE',  ( -0.1539821883141059833, -1.250000000000001332, 0.7698550621375673808 ) ) ;
#4551 = AXIS2_PLACEMENT_3D ( 'NONE', #1851, #8163, #8118 ) ;
#4552 =( BOUNDED_CURVE ( )  B_SPLINE_CURVE ( 3, ( #1112, #474, #1196, #3889 ),
 .UNSPECIFIED., .F., .F. ) 
 B_SPLINE_CURVE_WITH_KNOTS ( ( 4, 4 ),
 ( 5.497787143782140618, 6.283185307179586232 ),
 .UNSPECIFIED. ) 
 CURVE ( )  GEOMETRIC_REPRESENTATION_ITEM ( )  RATIONAL_B_SPLINE_CURVE ( ( 1.000000000000000000, 0.9492530216741915661, 0.9492530216741915661, 1.000000000000000000 ) ) 
 REPRESENTATION_ITEM ( '' )  );
#4553 = DIRECTION ( 'NONE',  ( 0.000000000000000000, -1.000000000000000000, 0.000000000000000000 ) ) ;
#4554 = LINE ( 'NONE', #2947, #6957 ) ;
#4556 = VERTEX_POINT ( 'NONE', #6780 ) ;
#4555 = ORIENTED_EDGE ( 'NONE', *, *, #4525, .T. ) ;
#4557 = DIRECTION ( 'NONE',  ( -1.000000000000000000, 0.000000000000000000, 0.000000000000000000 ) ) ;
#4558 = VERTEX_POINT ( 'NONE', #2407 ) ;
#4559 = MECHANICAL_DESIGN_GEOMETRIC_PRESENTATION_REPRESENTATION (  '', ( #3525 ), #5869 ) ;
#4560 = PRESENTATION_LAYER_ASSIGNMENT (  '', '', ( #6297 ) ) ;
#4561 = FILL_AREA_STYLE_COLOUR ( '', #4106 ) ;
#4562 = EDGE_CURVE ( 'NONE', #8879, #3840, #5883, .T. ) ;
#4563 = CARTESIAN_POINT ( 'NONE',  ( 2.226582426945557636, 0.2890920949374352067, 7.947330798265291207 ) ) ;
#4564 = SURFACE_SIDE_STYLE ('',( #3776 ) ) ;
#4565 = CARTESIAN_POINT ( 'NONE',  ( 0.2560000000000002274, -0.3200000000000006728, 7.909999999999988596 ) ) ;
#4566 = VECTOR ( 'NONE', #6443, 1000.000000000000000 ) ;
#4568 = EDGE_LOOP ( 'NONE', ( #2253, #5566, #6147, #8990, #7594, #868 ) ) ;
#4567 = ORIENTED_EDGE ( 'NONE', *, *, #7088, .T. ) ;
#4569 = UNCERTAINTY_MEASURE_WITH_UNIT (LENGTH_MEASURE( 1.000000000000000082E-05 ), #7719, 'distance_accuracy_value', 'NONE');
#4570 = CARTESIAN_POINT ( 'NONE',  ( 0.3012548339959391641, 2.238745166004060483, -2.466309119164537655 ) ) ;
#4571 =( LENGTH_UNIT ( ) NAMED_UNIT ( * ) SI_UNIT ( .MILLI., .METRE. ) );
#4572 = ORIENTED_EDGE ( 'NONE', *, *, #7869, .F. ) ;
#4573 = EDGE_CURVE ( 'NONE', #4907, #5972, #4552, .T. ) ;
#4574 = CARTESIAN_POINT ( 'NONE',  ( 0.3200000000000001177, -0.2732007105321405116, -2.359999999999986997 ) ) ;
#4575 = CARTESIAN_POINT ( 'NONE',  ( 2.741087211002079194, 0.2010872110020782977, 8.584387938363944315 ) ) ;
#4576 = DIRECTION ( 'NONE',  ( 0.000000000000000000, 1.000000000000000000, 0.000000000000000000 ) ) ;
#4578 = VERTEX_POINT ( 'NONE', #8876 ) ;
#4577 = ORIENTED_EDGE ( 'NONE', *, *, #2398, .F. ) ;
#4579 = COLOUR_RGB ( '',0.9686274509803921573, 0.8784313725490195957, 0.5999999999999999778 ) ;
#4580 = DIRECTION ( 'NONE',  ( -6.842277657836020854E-49, 5.078189165123089681E-17, -1.000000000000000000 ) ) ;
#4581 = PLANE ( 'NONE',  #1905 ) ;
#4582 = MECHANICAL_DESIGN_GEOMETRIC_PRESENTATION_REPRESENTATION (  '', ( #6768 ), #8812 ) ;
#4583 = CARTESIAN_POINT ( 'NONE',  ( 4.060000000000001386, -0.9999999999999988898, 2.500000000000000000 ) ) ;
#4584 = SURFACE_STYLE_USAGE ( .BOTH. , #2879 ) ;
#4585 = CARTESIAN_POINT ( 'NONE',  ( 0.2349853985410841894, -1.250000000000000888, 1.691388943598385985 ) ) ;
#4586 =( LENGTH_UNIT ( ) NAMED_UNIT ( * ) SI_UNIT ( .MILLI., .METRE. ) );
#4587 = EDGE_LOOP ( 'NONE', ( #526, #2485, #8190, #4511, #3718, #3598 ) ) ;
#4588 = UNCERTAINTY_MEASURE_WITH_UNIT (LENGTH_MEASURE( 1.000000000000000082E-05 ), #839, 'distance_accuracy_value', 'NONE');
#4589 = LINE ( 'NONE', #6639, #6092 ) ;
#4590 =( NAMED_UNIT ( * ) SI_UNIT ( $, .STERADIAN. ) SOLID_ANGLE_UNIT ( ) );
#4591 = ORIENTED_EDGE ( 'NONE', *, *, #1011, .T. ) ;
#4592 = AXIS2_PLACEMENT_3D ( 'NONE', #175, #2993, #5105 ) ;
#4593 = FILL_AREA_STYLE ('',( #8231 ) ) ;
#4594 = CARTESIAN_POINT ( 'NONE',  ( 0.2560000000000001719, 2.795999999999999375, 8.550000000000000711 ) ) ;
#4595 = MECHANICAL_DESIGN_GEOMETRIC_PRESENTATION_REPRESENTATION (  '', ( #6055 ), #8230 ) ;
#4596 = CARTESIAN_POINT ( 'NONE',  ( -0.1546753745387212942, -1.250000000000001332, 0.7699033747583784448 ) ) ;
#4597 = FACE_OUTER_BOUND ( 'NONE', #430, .T. ) ;
#4598 = LINE ( 'NONE', #1074, #4920 ) ;
#4599 = CARTESIAN_POINT ( 'NONE',  ( 2.841254833995939144, 2.238745166004060483, -2.466309119164537655 ) ) ;
#4600 = EDGE_CURVE ( 'NONE', #4932, #6755, #5369, .T. ) ;
#4601 = EDGE_LOOP ( 'NONE', ( #5471, #2807, #3940, #8305 ) ) ;
#4602 = EDGE_LOOP ( 'NONE', ( #2599, #6930, #1806, #6616, #6114 ) ) ;
#4603 = COLOUR_RGB ( '',0.9686274509803921573, 0.8784313725490195957, 0.5999999999999999778 ) ;
#4604 = CARTESIAN_POINT ( 'NONE',  ( 2.250907905062564218, 2.226582426945557636, -2.397330798265292717 ) ) ;
#4605 =( BOUNDED_CURVE ( )  B_SPLINE_CURVE ( 3, ( #3666, #8373, #5630, #5027 ),
 .UNSPECIFIED., .F., .F. ) 
 B_SPLINE_CURVE_WITH_KNOTS ( ( 4, 4 ),
 ( 5.497787143782140618, 6.283185307179586232 ),
 .UNSPECIFIED. ) 
 CURVE ( )  GEOMETRIC_REPRESENTATION_ITEM ( )  RATIONAL_B_SPLINE_CURVE ( ( 1.000000000000000000, 0.9492530216741915661, 0.9492530216741915661, 1.000000000000000000 ) ) 
 REPRESENTATION_ITEM ( '' )  );
#4606 = EDGE_CURVE ( 'NONE', #5891, #2111, #6121, .T. ) ;
#4607 = CARTESIAN_POINT ( 'NONE',  ( 2.796000000000000263, 0.3199999999999993960, 7.909999999999988596 ) ) ;
#4608 = AXIS2_PLACEMENT_3D ( 'NONE', #7693, #2051, #4317 ) ;
#4609 =( LENGTH_UNIT ( ) NAMED_UNIT ( * ) SI_UNIT ( .MILLI., .METRE. ) );
#4611 = ORIENTED_EDGE ( 'NONE', *, *, #6162, .T. ) ;
#4610 = ORIENTED_EDGE ( 'NONE', *, *, #6774, .T. ) ;
#4612 = CARTESIAN_POINT ( 'NONE',  ( 0.2560000000000001719, 2.860000000000000320, -2.359999999999988773 ) ) ;
#4613 =( NAMED_UNIT ( * ) SI_UNIT ( $, .STERADIAN. ) SOLID_ANGLE_UNIT ( ) );
#4614 = VERTEX_POINT ( 'NONE', #6592 ) ;
#4615 = EDGE_CURVE ( 'NONE', #6377, #2961, #1773, .T. ) ;
#4616 = VECTOR ( 'NONE', #1419, 999.9999999999998863 ) ;
#4617 = EDGE_CURVE ( 'NONE', #2869, #4418, #2552, .T. ) ;
#4618 = FACE_OUTER_BOUND ( 'NONE', #1309, .T. ) ;
#4619 = LINE ( 'NONE', #2390, #8265 ) ;
#4621 = VERTEX_POINT ( 'NONE', #6687 ) ;
#4620 = ORIENTED_EDGE ( 'NONE', *, *, #2798, .T. ) ;
#4622 = CARTESIAN_POINT ( 'NONE',  ( -0.7700000000000004619, 3.749999999999999112, 0.000000000000000000 ) ) ;
#4623 = CARTESIAN_POINT ( 'NONE',  ( 4.872849267653418970, 2.747150732346581581, 8.550000000000000711 ) ) ;
#4624 = CARTESIAN_POINT ( 'NONE',  ( 4.060000000000001386, -0.9999999999999988898, 2.499999999999999112 ) ) ;
#4625 = LINE ( 'NONE', #2503, #2328 ) ;
#4626 = VECTOR ( 'NONE', #7952, 1000.000000000000000 ) ;
#4627 = EDGE_CURVE ( 'NONE', #8016, #3520, #4589, .T. ) ;
#4628 = LINE ( 'NONE', #236, #7884 ) ;
#4629 = SURFACE_STYLE_USAGE ( .BOTH. , #8692 ) ;
#4630 = FACE_OUTER_BOUND ( 'NONE', #296, .T. ) ;
#4631 = CARTESIAN_POINT ( 'NONE',  ( 2.853417573054442435, -0.2890920949374362059, -2.397330798265291385 ) ) ;
#4632 = ORIENTED_EDGE ( 'NONE', *, *, #2114, .T. ) ;
#4633 = DIRECTION ( 'NONE',  ( 0.000000000000000000, 0.000000000000000000, -1.000000000000000000 ) ) ;
#4634 = ORIENTED_EDGE ( 'NONE', *, *, #4573, .T. ) ;
#4635 = AXIS2_PLACEMENT_3D ( 'NONE', #7675, #646, #3464 ) ;
#4636 =( NAMED_UNIT ( * ) SI_UNIT ( $, .STERADIAN. ) SOLID_ANGLE_UNIT ( ) );
#4637 = DIRECTION ( 'NONE',  ( -0.7071067811865469066, 0.7071067811865482389, 0.000000000000000000 ) ) ;
#4638 = SURFACE_STYLE_FILL_AREA ( #6598 ) ;
#4639 = MECHANICAL_DESIGN_GEOMETRIC_PRESENTATION_REPRESENTATION (  '', ( #2720 ), #2274 ) ;
#4640 = AXIS2_PLACEMENT_3D ( 'NONE', #4230, #6245, #5512 ) ;
#4641 = DIRECTION ( 'NONE',  ( 0.000000000000000000, -1.000000000000000000, 0.000000000000000000 ) ) ;
#4642 = ADVANCED_FACE ( 'NONE', ( #1867 ), #8088, .T. ) ;
#4643 = CARTESIAN_POINT ( 'NONE',  ( 2.220000000000000195, -0.3200000000000001732, -2.359999999999988773 ) ) ;
#4644 = ORIENTED_EDGE ( 'NONE', *, *, #3698, .T. ) ;
#4645 = CARTESIAN_POINT ( 'NONE',  ( 4.872849267653418082, 2.747150732346582469, -3.000000000000000000 ) ) ;
#4646 = ORIENTED_EDGE ( 'NONE', *, *, #359, .T. ) ;
#4647 =( GEOMETRIC_REPRESENTATION_CONTEXT ( 3 ) GLOBAL_UNCERTAINTY_ASSIGNED_CONTEXT ( ( #1133 ) ) GLOBAL_UNIT_ASSIGNED_CONTEXT ( ( #7951, #1486, #105 ) ) REPRESENTATION_CONTEXT ( 'NONE', 'WORKASPACE' ) );
#4648 = CARTESIAN_POINT ( 'NONE',  ( -0.2349397590361447796, -1.250000000000000000, 0.8488780120481929092 ) ) ;
#4649 = CARTESIAN_POINT ( 'NONE',  ( 5.080000000000000071, 3.270000000000000462, 0.000000000000000000 ) ) ;
#4650 =( NAMED_UNIT ( * ) SI_UNIT ( $, .STERADIAN. ) SOLID_ANGLE_UNIT ( ) );
#4651 = CARTESIAN_POINT ( 'NONE',  ( -0.2713210837587583524, -1.149999999999999911, 1.456832149525018938 ) ) ;
#4652 = SURFACE_STYLE_FILL_AREA ( #7381 ) ;
#4654 = ORIENTED_EDGE ( 'NONE', *, *, #609, .F. ) ;
#4653 = VERTEX_POINT ( 'NONE', #701 ) ;
#4655 = UNCERTAINTY_MEASURE_WITH_UNIT (LENGTH_MEASURE( 1.000000000000000082E-05 ), #6494, 'distance_accuracy_value', 'NONE');
#4656 = LINE ( 'NONE', #3779, #7985 ) ;
#4657 = CARTESIAN_POINT ( 'NONE',  ( -0.2675450665421194585, -1.130000000000000115, 1.751173972335637430 ) ) ;
#4658 = VERTEX_POINT ( 'NONE', #9015 ) ;
#4659 = EDGE_CURVE ( 'NONE', #6076, #8889, #2129, .T. ) ;
#4660 =( BOUNDED_CURVE ( )  B_SPLINE_CURVE ( 3, ( #3460, #6253, #2074, #7532 ),
 .UNSPECIFIED., .F., .F. ) 
 B_SPLINE_CURVE_WITH_KNOTS ( ( 4, 4 ),
 ( 3.141592653589792672, 3.926990816987244504 ),
 .UNSPECIFIED. ) 
 CURVE ( )  GEOMETRIC_REPRESENTATION_ITEM ( )  RATIONAL_B_SPLINE_CURVE ( ( 1.000000000000000000, 0.9492530216741906779, 0.9492530216741906779, 1.000000000000000000 ) ) 
 REPRESENTATION_ITEM ( '' )  );
#4661 = EDGE_CURVE ( 'NONE', #8699, #1124, #7341, .T. ) ;
#4662 = CARTESIAN_POINT ( 'NONE',  ( 0.2349397590361444188, -1.250000000000000000, 1.692439759036144631 ) ) ;
#4663 = CARTESIAN_POINT ( 'NONE',  ( 2.284000000000000252, -0.3200000000000001732, -2.359999999999988773 ) ) ;
#4665 = ORIENTED_EDGE ( 'NONE', *, *, #775, .F. ) ;
#4664 = ORIENTED_EDGE ( 'NONE', *, *, #6460, .T. ) ;
#4666 = LINE ( 'NONE', #1710, #1860 ) ;
#4667 = FACE_OUTER_BOUND ( 'NONE', #2736, .T. ) ;
#4668 = PRESENTATION_STYLE_ASSIGNMENT (( #7984 ) ) ;
#4669 = DIRECTION ( 'NONE',  ( 0.7071067811865435759, 0.000000000000000000, -0.7071067811865515695 ) ) ;
#4670 = SURFACE_STYLE_FILL_AREA ( #1864 ) ;
#4671 = EDGE_CURVE ( 'NONE', #4237, #7442, #9054, .T. ) ;
#4672 = CARTESIAN_POINT ( 'NONE',  ( 0.2732007105321402896, 2.859999999999999876, -2.359999999999988773 ) ) ;
#4673 = COLOUR_RGB ( '',0.9686274509803921573, 0.8784313725490195957, 0.5999999999999999778 ) ;
#4674 = ORIENTED_EDGE ( 'NONE', *, *, #956, .F. ) ;
#4675 = UNCERTAINTY_MEASURE_WITH_UNIT (LENGTH_MEASURE( 1.000000000000000082E-05 ), #1207, 'distance_accuracy_value', 'NONE');
#4676 = CARTESIAN_POINT ( 'NONE',  ( -0.3199999999999998401, 2.266799289467859246, 7.909999999999988596 ) ) ;
#4677 = DIRECTION ( 'NONE',  ( 0.000000000000000000, 1.000000000000000000, 0.000000000000000000 ) ) ;
#4678 = EDGE_LOOP ( 'NONE', ( #4426, #8593, #3578, #5944 ) ) ;
#4679 = EDGE_CURVE ( 'NONE', #8772, #3029, #7686, .T. ) ;
#4680 = CARTESIAN_POINT ( 'NONE',  ( -1.815899543548296566E-16, -1.149999999999999911, 0.7336029765733799168 ) ) ;
#4681 = DIRECTION ( 'NONE',  ( -0.7071067811865435759, -0.000000000000000000, 0.7071067811865515695 ) ) ;
#4682 = DIRECTION ( 'NONE',  ( 0.000000000000000000, 0.000000000000000000, -1.000000000000000000 ) ) ;
#4683 = CARTESIAN_POINT ( 'NONE',  ( 5.381254833995939180, 0.3012548339959391086, -2.466309119164536767 ) ) ;
#4684 = CARTESIAN_POINT ( 'NONE',  ( 1.769999999999999574, 3.749999999999999112, 2.500000000000000000 ) ) ;
#4685 = STYLED_ITEM ( 'NONE', ( #2714 ), #6163 ) ;
#4686 = ORIENTED_EDGE ( 'NONE', *, *, #480, .F. ) ;
#4687 = VECTOR ( 'NONE', #9020, 1000.000000000000114 ) ;
#4688 = FILL_AREA_STYLE_COLOUR ( '', #8758 ) ;
#4689 = ORIENTED_EDGE ( 'NONE', *, *, #3814, .T. ) ;
#4690 = EDGE_CURVE ( 'NONE', #4451, #2383, #3478, .T. ) ;
#4691 =( NAMED_UNIT ( * ) SI_UNIT ( $, .STERADIAN. ) SOLID_ANGLE_UNIT ( ) );
#4692 = AXIS2_PLACEMENT_3D ( 'NONE', #5502, #4869, #4087 ) ;
#4693 = CARTESIAN_POINT ( 'NONE',  ( -0.2560000000000000608, 2.859999999999999876, 7.909999999999988596 ) ) ;
#4694 = VECTOR ( 'NONE', #520, 1000.000000000000000 ) ;
#4695 = CARTESIAN_POINT ( 'NONE',  ( 0.2080934730406488464, -1.230908229216363559, 1.185819156262297280 ) ) ;
#4696 =( NAMED_UNIT ( * ) PLANE_ANGLE_UNIT ( ) SI_UNIT ( $, .RADIAN. ) );
#4697 = SURFACE_SIDE_STYLE ('',( #4652 ) ) ;
#4699 = ORIENTED_EDGE ( 'NONE', *, *, #7974, .T. ) ;
#4698 = VERTEX_POINT ( 'NONE', #6825 ) ;
#4700 = LINE ( 'NONE', #8206, #3015 ) ;
#4701 = VERTEX_POINT ( 'NONE', #3521 ) ;
#4702 = CARTESIAN_POINT ( 'NONE',  ( 5.381254833995939180, 2.238745166004060483, -2.466309119164537655 ) ) ;
#4703 = PRESENTATION_LAYER_ASSIGNMENT (  '', '', ( #8350 ) ) ;
#4704 = FILL_AREA_STYLE_COLOUR ( '', #3230 ) ;
#4705 = PRESENTATION_STYLE_ASSIGNMENT (( #6945 ) ) ;
#4707 = VERTEX_POINT ( 'NONE', #614 ) ;
#4706 = ORIENTED_EDGE ( 'NONE', *, *, #3212, .T. ) ;
#4708 =( LENGTH_UNIT ( ) NAMED_UNIT ( * ) SI_UNIT ( .MILLI., .METRE. ) );
#4709 = CARTESIAN_POINT ( 'NONE',  ( 6.350000000000000533, -0.9999999999999978906, 0.5999999999999998668 ) ) ;
#4710 = ADVANCED_FACE ( 'NONE', ( #1377, #3433 ), #4122, .F. ) ;
#4711 = DIRECTION ( 'NONE',  ( -0.7071067811865515695, -0.000000000000000000, -0.7071067811865435759 ) ) ;
#4712 = ADVANCED_FACE ( 'NONE', ( #6221 ), #7724, .F. ) ;
#4713 =( BOUNDED_CURVE ( )  B_SPLINE_CURVE ( 3, ( #7202, #4563, #906, #7966 ),
 .UNSPECIFIED., .F., .F. ) 
 B_SPLINE_CURVE_WITH_KNOTS ( ( 4, 4 ),
 ( 5.497787143782138841, 6.283185307179586232 ),
 .UNSPECIFIED. ) 
 CURVE ( )  GEOMETRIC_REPRESENTATION_ITEM ( )  RATIONAL_B_SPLINE_CURVE ( ( 1.000000000000000000, 0.9492530216741912330, 0.9492530216741912330, 1.000000000000000000 ) ) 
 REPRESENTATION_ITEM ( '' )  );
#4714 = VECTOR ( 'NONE', #3871, 1000.000000000000000 ) ;
#4715 = PRESENTATION_STYLE_ASSIGNMENT (( #6041 ) ) ;
#4716 = DIRECTION ( 'NONE',  ( 0.000000000000000000, -1.000000000000000000, 0.000000000000000000 ) ) ;
#4717 = PLANE ( 'NONE',  #3154 ) ;
#4718 =( NAMED_UNIT ( * ) SI_UNIT ( $, .STERADIAN. ) SOLID_ANGLE_UNIT ( ) );
#4719 = ORIENTED_EDGE ( 'NONE', *, *, #2243, .T. ) ;
#4720 = CARTESIAN_POINT ( 'NONE',  ( 4.760000000000000675, 2.859999999999999876, 7.909999999999988596 ) ) ;
#4721 = VERTEX_POINT ( 'NONE', #2649 ) ;
#4722 = DIRECTION ( 'NONE',  ( 0.000000000000000000, -0.000000000000000000, 1.000000000000000000 ) ) ;
#4723 = COLOUR_RGB ( '',0.9686274509803921573, 0.8784313725490195957, 0.5999999999999999778 ) ;
#4724 = FILL_AREA_STYLE ('',( #7460 ) ) ;
#4725 = CARTESIAN_POINT ( 'NONE',  ( 4.760000000000000675, 2.860000000000000320, -2.359999999999988773 ) ) ;
#4726 = PLANE ( 'NONE',  #7366 ) ;
#4727 = EDGE_CURVE ( 'NONE', #7481, #5830, #4855, .T. ) ;
#4728 = DIRECTION ( 'NONE',  ( 0.000000000000000000, 0.9848077530122085754, 0.1736481776669273891 ) ) ;
#4729 = CARTESIAN_POINT ( 'NONE',  ( -0.2640549167020794230, -1.170006761748983326, 0.8482684769003997483 ) ) ;
#4730 = VECTOR ( 'NONE', #830, 1000.000000000000000 ) ;
#4731 = ORIENTED_EDGE ( 'NONE', *, *, #1933, .T. ) ;
#4732 = CARTESIAN_POINT ( 'NONE',  ( 5.400000000000000355, 2.859999999999999876, -2.359999999999988773 ) ) ;
#4733 = ORIENTED_EDGE ( 'NONE', *, *, #7516, .F. ) ;
#4734 = VECTOR ( 'NONE', #6634, 1000.000000000000114 ) ;
#4735 = LINE ( 'NONE', #4870, #6762 ) ;
#4736 = CARTESIAN_POINT ( 'NONE',  ( -0.2010872110020788806, 2.338912788997920877, 8.584387938363944315 ) ) ;
#4737 = EDGE_CURVE ( 'NONE', #7514, #3647, #4164, .T. ) ;
#4739 = ORIENTED_EDGE ( 'NONE', *, *, #2844, .F. ) ;
#4738 = ORIENTED_EDGE ( 'NONE', *, *, #4659, .T. ) ;
#4740 = SURFACE_SIDE_STYLE ('',( #1930 ) ) ;
#4741 = STYLED_ITEM ( 'NONE', ( #2888 ), #1268 ) ;
#4742 = ORIENTED_EDGE ( 'NONE', *, *, #1731, .F. ) ;
#4743 = FILL_AREA_STYLE_COLOUR ( '', #8770 ) ;
#4744 = CARTESIAN_POINT ( 'NONE',  ( 1.270000000000000462, -0.9999999999999988898, 2.500000000000000000 ) ) ;
#4745 = FACE_OUTER_BOUND ( 'NONE', #2660, .T. ) ;
#4746 = CARTESIAN_POINT ( 'NONE',  ( 4.309999999999999609, 3.749999999999999112, 2.500000000000000000 ) ) ;
#4748 = VERTEX_POINT ( 'NONE', #6962 ) ;
#4747 = ORIENTED_EDGE ( 'NONE', *, *, #5298, .T. ) ;
#4749 = ADVANCED_FACE ( 'NONE', ( #2045 ), #7595, .F. ) ;
#4750 = DIRECTION ( 'NONE',  ( -6.842277657836020854E-49, 5.078189165123089681E-17, -1.000000000000000000 ) ) ;
#4751 = PLANE ( 'NONE',  #3314 ) ;
#4752 = CARTESIAN_POINT ( 'NONE',  ( 3.809999999999999609, 3.499999999999997780, 2.500000000000000000 ) ) ;
#4753 = PRESENTATION_LAYER_ASSIGNMENT (  '', '', ( #4475 ) ) ;
#4754 = CARTESIAN_POINT ( 'NONE',  ( 5.381254833995939180, 2.841254833995939144, -2.466309119164536767 ) ) ;
#4755 = PLANE ( 'NONE',  #8920 ) ;
#4756 = ADVANCED_FACE ( 'NONE', ( #8227 ), #8273, .T. ) ;
#4757 = MECHANICAL_DESIGN_GEOMETRIC_PRESENTATION_REPRESENTATION (  '', ( #7527 ), #4913 ) ;
#4758 = FACE_OUTER_BOUND ( 'NONE', #7909, .T. ) ;
#4759 = LINE ( 'NONE', #655, #3680 ) ;
#4760 = FACE_OUTER_BOUND ( 'NONE', #5987, .T. ) ;
#4761 = ORIENTED_EDGE ( 'NONE', *, *, #8042, .T. ) ;
#4762 = DIRECTION ( 'NONE',  ( 1.000000000000000000, 0.000000000000000000, 0.000000000000000000 ) ) ;
#4763 = DIRECTION ( 'NONE',  ( -8.470329472543003391E-17, 1.000000000000000000, 0.000000000000000000 ) ) ;
#4764 = PLANE ( 'NONE',  #147 ) ;
#4765 = PRESENTATION_LAYER_ASSIGNMENT (  '', '', ( #2122 ) ) ;
#4766 = EDGE_CURVE ( 'NONE', #6266, #7826, #6448, .T. ) ;
#4767 = PLANE ( 'NONE',  #417 ) ;
#4768 = EDGE_CURVE ( 'NONE', #2128, #3786, #8033, .T. ) ;
#4769 = CARTESIAN_POINT ( 'NONE',  ( 6.100000000000000533, -1.250000000000000222, 2.500000000000000888 ) ) ;
#4770 = EDGE_CURVE ( 'NONE', #6642, #4907, #6820, .T. ) ;
#4771 = FILL_AREA_STYLE_COLOUR ( '', #3022 ) ;
#4772 =( NAMED_UNIT ( * ) SI_UNIT ( $, .STERADIAN. ) SOLID_ANGLE_UNIT ( ) );
#4773 = VECTOR ( 'NONE', #7768, 1000.000000000000000 ) ;
#4774 = CARTESIAN_POINT ( 'NONE',  ( 1.269999999999999796, 3.499999999999998224, 2.500000000000000000 ) ) ;
#4775 = DIRECTION ( 'NONE',  ( -1.000000000000000000, 0.000000000000000000, 0.000000000000000000 ) ) ;
#4776 = VECTOR ( 'NONE', #3971, 1000.000000000000000 ) ;
#4777 = ORIENTED_EDGE ( 'NONE', *, *, #7709, .F. ) ;
#4778 = CARTESIAN_POINT ( 'NONE',  ( 3.310000000000000497, -1.250000000000000222, 2.500000000000000000 ) ) ;
#4779 = ORIENTED_EDGE ( 'NONE', *, *, #7953, .F. ) ;
#4780 = VECTOR ( 'NONE', #3485, 1000.000000000000114 ) ;
#4781 = SURFACE_SIDE_STYLE ('',( #6977 ) ) ;
#4782 = VECTOR ( 'NONE', #1513, 1000.000000000000000 ) ;
#4783 = SURFACE_STYLE_USAGE ( .BOTH. , #3404 ) ;
#4784 = SURFACE_STYLE_FILL_AREA ( #3221 ) ;
#4786 = ORIENTED_EDGE ( 'NONE', *, *, #7236, .F. ) ;
#4785 = ORIENTED_EDGE ( 'NONE', *, *, #1879, .T. ) ;
#4787 = CARTESIAN_POINT ( 'NONE',  ( 2.860000000000000320, 2.332849267653417158, 8.550000000000000711 ) ) ;
#4788 = LINE ( 'NONE', #8993, #1693 ) ;
#4789 =( GEOMETRIC_REPRESENTATION_CONTEXT ( 3 ) GLOBAL_UNCERTAINTY_ASSIGNED_CONTEXT ( ( #2538 ) ) GLOBAL_UNIT_ASSIGNED_CONTEXT ( ( #4863, #6228, #8325 ) ) REPRESENTATION_CONTEXT ( 'NONE', 'WORKASPACE' ) );
#4790 = ORIENTED_EDGE ( 'NONE', *, *, #1644, .F. ) ;
#4791 = DIRECTION ( 'NONE',  ( -0.1710878697460327114, 0.1710878697460326836, 0.9702875252478149193 ) ) ;
#4792 = ADVANCED_FACE ( 'NONE', ( #2177 ), #3563, .T. ) ;
#4793 = MECHANICAL_DESIGN_GEOMETRIC_PRESENTATION_REPRESENTATION (  '', ( #1552 ), #8288 ) ;
#4794 = DIRECTION ( 'NONE',  ( 0.000000000000000000, -1.000000000000000000, 0.000000000000000000 ) ) ;
#4795 = DIRECTION ( 'NONE',  ( -0.000000000000000000, -0.000000000000000000, -1.000000000000000000 ) ) ;
#4797 = ORIENTED_EDGE ( 'NONE', *, *, #8109, .T. ) ;
#4796 = ORIENTED_EDGE ( 'NONE', *, *, #7088, .F. ) ;
#4798 = CARTESIAN_POINT ( 'NONE',  ( 0.1973794752864002910, -1.249999999999969136, 0.7781227024462104014 ) ) ;
#4799 = CARTESIAN_POINT ( 'NONE',  ( 0.2104599683874033567, -1.249999999999996447, 1.753582719337714702 ) ) ;
#4800 = CARTESIAN_POINT ( 'NONE',  ( 0.2071507323465820449, 0.3199999999999993405, 8.550000000000000711 ) ) ;
#4801 = CARTESIAN_POINT ( 'NONE',  ( -1.169999999999999707, 3.499999999999997780, 2.350000000000000089 ) ) ;
#4802 = EDGE_CURVE ( 'NONE', #2393, #4271, #94, .T. ) ;
#4803 =( NAMED_UNIT ( * ) PLANE_ANGLE_UNIT ( ) SI_UNIT ( $, .RADIAN. ) );
#4804 = CARTESIAN_POINT ( 'NONE',  ( 0.2676958495758755552, -1.160003380892477898, 0.8481922686093565922 ) ) ;
#4805 = CARTESIAN_POINT ( 'NONE',  ( 1.019999999999999796, -1.250000000000000222, 2.500000000000000888 ) ) ;
#4806 = FILL_AREA_STYLE ('',( #8922 ) ) ;
#4807 = ORIENTED_EDGE ( 'NONE', *, *, #3814, .F. ) ;
#4808 = FILL_AREA_STYLE_COLOUR ( '', #1236 ) ;
#4809 =( LENGTH_UNIT ( ) NAMED_UNIT ( * ) SI_UNIT ( .MILLI., .METRE. ) );
#4810 = EDGE_CURVE ( 'NONE', #7120, #3130, #7893, .T. ) ;
#4811 = FACE_OUTER_BOUND ( 'NONE', #252, .T. ) ;
#4812 = VECTOR ( 'NONE', #2566, 1000.000000000000000 ) ;
#4813 = CARTESIAN_POINT ( 'NONE',  ( 5.381254833995939180, 2.238745166004060039, 8.016309119164535701 ) ) ;
#4814 = CARTESIAN_POINT ( 'NONE',  ( 3.810000000000000941, -0.9999999999999988898, 2.350000000000000089 ) ) ;
#4815 = DIRECTION ( 'NONE',  ( 1.000000000000000000, 0.000000000000000000, 0.000000000000000000 ) ) ;
#4816 =( NAMED_UNIT ( * ) SI_UNIT ( $, .STERADIAN. ) SOLID_ANGLE_UNIT ( ) );
#4817 = ORIENTED_EDGE ( 'NONE', *, *, #6467, .F. ) ;
#4818 = EDGE_LOOP ( 'NONE', ( #7960, #4342, #2377, #7285, #2709 ) ) ;
#4819 = AXIS2_PLACEMENT_3D ( 'NONE', #6653, #4429, #3166 ) ;
#4820 = EDGE_CURVE ( 'NONE', #2118, #8695, #5023, .T. ) ;
#4821 =( NAMED_UNIT ( * ) PLANE_ANGLE_UNIT ( ) SI_UNIT ( $, .RADIAN. ) );
#4822 = PRESENTATION_STYLE_ASSIGNMENT (( #4783 ) ) ;
#4823 = FACE_OUTER_BOUND ( 'NONE', #6199, .T. ) ;
#4824 = B_SPLINE_SURFACE_WITH_KNOTS ( 'NONE', 1, 3, ( 
 ( #1551, #76, #5092, #9075, #4378, #678, #6334, #7153, #2151, #7868, #1402, #6981, #2201, #4918 ),
 ( #4184, #8528, #3498, #768, #5000, #5604, #7704, #723, #1500, #4229, #31, #1450, #5649, #4332 ) ),
 .UNSPECIFIED., .F., .F., .F.,
 ( 2, 2 ),
 ( 4, 3, 2, 2, 3, 4 ),
 ( 0.000000000000000000, 1.000000000000000000 ),
 ( -0.01996505755714437710, 0.000000000000000000, 0.2500000000000000000, 0.5000000000000000000, 1.000000000000000000, 1.016881080947381166 ),
 .UNSPECIFIED. ) ;
#4825 = CARTESIAN_POINT ( 'NONE',  ( 0.1539940963713159194, -1.250000000000000888, 1.770142306671540489 ) ) ;
#4826 = AXIS2_PLACEMENT_3D ( 'NONE', #7538, #1278, #1367 ) ;
#4827 = DIRECTION ( 'NONE',  ( -0.000000000000000000, -0.000000000000000000, 1.000000000000000000 ) ) ;
#4829 = ORIENTED_EDGE ( 'NONE', *, *, #1933, .F. ) ;
#4828 = EDGE_LOOP ( 'NONE', ( #8133, #4885, #3810, #7121, #3150, #7326 ) ) ;
#4830 = CARTESIAN_POINT ( 'NONE',  ( 0.1692625335108564610, -1.129999999999999227, 0.7271375653299457786 ) ) ;
#4831 = SURFACE_STYLE_USAGE ( .BOTH. , #2020 ) ;
#4832 = ORIENTED_EDGE ( 'NONE', *, *, #6839, .T. ) ;
#4833 = CARTESIAN_POINT ( 'NONE',  ( 5.850000000000001421, -1.250000000000000222, 0.000000000000000000 ) ) ;
#4834 = PRESENTATION_LAYER_ASSIGNMENT (  '', '', ( #3948 ) ) ;
#4835 = AXIS2_PLACEMENT_3D ( 'NONE', #7977, #4524, #4487 ) ;
#4836 = ADVANCED_FACE ( 'NONE', ( #5072 ), #7848, .T. ) ;
#4837 = CARTESIAN_POINT ( 'NONE',  ( 0.2560000000000002274, 2.219999999999999307, 7.909999999999988596 ) ) ;
#4838 =( LENGTH_UNIT ( ) NAMED_UNIT ( * ) SI_UNIT ( .MILLI., .METRE. ) );
#4839 = DIRECTION ( 'NONE',  ( -0.7071067811865441310, -0.7071067811865507924, 0.000000000000000000 ) ) ;
#4840 = EDGE_CURVE ( 'NONE', #6810, #7208, #6628, .T. ) ;
#4842 = ORIENTED_EDGE ( 'NONE', *, *, #7974, .F. ) ;
#4841 = ORIENTED_EDGE ( 'NONE', *, *, #6997, .F. ) ;
#4843 = VECTOR ( 'NONE', #4287, 1000.000000000000000 ) ;
#4844 =( BOUNDED_CURVE ( )  B_SPLINE_CURVE ( 3, ( #8661, #6015, #8798, #3903 ),
 .UNSPECIFIED., .F., .F. ) 
 B_SPLINE_CURVE_WITH_KNOTS ( ( 4, 4 ),
 ( 8.470329472542986627E-16, 0.7853981633974443932 ),
 .UNSPECIFIED. ) 
 CURVE ( )  GEOMETRIC_REPRESENTATION_ITEM ( )  RATIONAL_B_SPLINE_CURVE ( ( 1.000000000000000000, 0.9492530216741916771, 0.9492530216741916771, 1.000000000000000000 ) ) 
 REPRESENTATION_ITEM ( '' )  );
#4845 = CARTESIAN_POINT ( 'NONE',  ( 0.2349397590361444188, -1.250000000000000000, 1.692439759036144631 ) ) ;
#4846 = FACE_OUTER_BOUND ( 'NONE', #1843, .T. ) ;
#4847 = STYLED_ITEM ( 'NONE', ( #2003 ), #6618 ) ;
#4848 = VECTOR ( 'NONE', #1628, 1000.000000000000000 ) ;
#4849 = CARTESIAN_POINT ( 'NONE',  ( 2.338912788997920877, 2.338912788997920877, 8.584387938363944315 ) ) ;
#4850 = DIRECTION ( 'NONE',  ( -0.3384441987003333763, -0.9298677936745785022, -0.1442269414945100137 ) ) ;
#4851 = DIRECTION ( 'NONE',  ( 0.7071067811865515695, 0.000000000000000000, 0.7071067811865434649 ) ) ;
#4852 = DIRECTION ( 'NONE',  ( 1.445602896647340396E-16, -1.000000000000000000, 0.000000000000000000 ) ) ;
#4853 = EDGE_CURVE ( 'NONE', #8842, #3153, #4666, .T. ) ;
#4854 = ORIENTED_EDGE ( 'NONE', *, *, #2921, .T. ) ;
#4855 = LINE ( 'NONE', #4209, #5511 ) ;
#4856 = DIRECTION ( 'NONE',  ( 0.000000000000000000, -1.000000000000000000, 0.000000000000000000 ) ) ;
#4857 = ADVANCED_FACE ( 'NONE', ( #6580 ), #7128, .F. ) ;
#4858 = VECTOR ( 'NONE', #4490, 1000.000000000000000 ) ;
#4859 =( NAMED_UNIT ( * ) PLANE_ANGLE_UNIT ( ) SI_UNIT ( $, .RADIAN. ) );
#4860 = FACE_OUTER_BOUND ( 'NONE', #8682, .T. ) ;
#4861 = CARTESIAN_POINT ( 'NONE',  ( 1.769999999999999574, 3.749999999999999112, 0.000000000000000000 ) ) ;
#4862 = LINE ( 'NONE', #1433, #6623 ) ;
#4863 =( LENGTH_UNIT ( ) NAMED_UNIT ( * ) SI_UNIT ( .MILLI., .METRE. ) );
#4864 = DIRECTION ( 'NONE',  ( 6.842277657836020854E-49, -5.078189165123089681E-17, 1.000000000000000000 ) ) ;
#4865 = LINE ( 'NONE', #1253, #6527 ) ;
#4866 = LINE ( 'NONE', #4174, #3882 ) ;
#4867 = ORIENTED_EDGE ( 'NONE', *, *, #4982, .F. ) ;
#4868 = ORIENTED_EDGE ( 'NONE', *, *, #8995, .T. ) ;
#4869 = DIRECTION ( 'NONE',  ( 0.000000000000000000, -0.000000000000000000, 1.000000000000000000 ) ) ;
#4870 = CARTESIAN_POINT ( 'NONE',  ( -0.3464101615137760160, -1.046666666666666856, 2.500000000000000000 ) ) ;
#4871 = AXIS2_PLACEMENT_3D ( 'NONE', #5491, #2005, #4171 ) ;
#4872 = CARTESIAN_POINT ( 'NONE',  ( 0.3200000000000001177, -0.2560000000000007825, 7.909999999999988596 ) ) ;
#4873 = CARTESIAN_POINT ( 'NONE',  ( 0.1553725301157396765, -1.250000000000000888, 1.770047435557180249 ) ) ;
#4874 = EDGE_CURVE ( 'NONE', #8468, #396, #7261, .T. ) ;
#4875 = CARTESIAN_POINT ( 'NONE',  ( 3.910000000000000142, -1.250000000000000222, 2.350000000000000089 ) ) ;
#4876 = ORIENTED_EDGE ( 'NONE', *, *, #1011, .F. ) ;
#4877 = CARTESIAN_POINT ( 'NONE',  ( -1.169999999999998153, 3.499999999999997780, 0.5999999999999998668 ) ) ;
#4878 = ORIENTED_EDGE ( 'NONE', *, *, #5619, .T. ) ;
#4879 = DIRECTION ( 'NONE',  ( 0.3236155771181856711, -0.8891264907159878161, 0.3236155771181852270 ) ) ;
#4880 = VECTOR ( 'NONE', #2095, 1000.000000000000000 ) ;
#4881 = CARTESIAN_POINT ( 'NONE',  ( 2.860000000000000320, 2.283999999999999808, -2.359999999999988773 ) ) ;
#4882 =( NAMED_UNIT ( * ) PLANE_ANGLE_UNIT ( ) SI_UNIT ( $, .RADIAN. ) );
#4883 = CARTESIAN_POINT ( 'NONE',  ( 4.778745166004060962, 2.238745166004060039, 8.016309119164535701 ) ) ;
#4885 = ORIENTED_EDGE ( 'NONE', *, *, #4547, .T. ) ;
#4884 = EDGE_LOOP ( 'NONE', ( #4842, #6638 ) ) ;
#4886 = DIRECTION ( 'NONE',  ( 0.000000000000000000, 0.000000000000000000, 1.000000000000000000 ) ) ;
#4887 = CARTESIAN_POINT ( 'NONE',  ( 2.747150732346582469, 2.332849267653417158, -3.000000000000000000 ) ) ;
#4888 = ORIENTED_EDGE ( 'NONE', *, *, #169, .T. ) ;
#4889 = DIRECTION ( 'NONE',  ( 1.000000000000000000, 4.224164308385081333E-16, 1.537470072901852402E-16 ) ) ;
#4890 =( GEOMETRIC_REPRESENTATION_CONTEXT ( 3 ) GLOBAL_UNCERTAINTY_ASSIGNED_CONTEXT ( ( #6501 ) ) GLOBAL_UNIT_ASSIGNED_CONTEXT ( ( #6551, #4425, #2373 ) ) REPRESENTATION_CONTEXT ( 'NONE', 'WORKASPACE' ) );
#4891 = EDGE_CURVE ( 'NONE', #7791, #5764, #6077, .T. ) ;
#4892 = LINE ( 'NONE', #2218, #7023 ) ;
#4893 = CARTESIAN_POINT ( 'NONE',  ( 2.841254833995939144, -0.3012548339959392751, -2.466309119164537655 ) ) ;
#4894 = DIRECTION ( 'NONE',  ( 1.000000000000000000, 0.000000000000000000, 0.000000000000000000 ) ) ;
#4895 = ORIENTED_EDGE ( 'NONE', *, *, #7667, .F. ) ;
#4896 = FILL_AREA_STYLE ('',( #4808 ) ) ;
#4897 = CARTESIAN_POINT ( 'NONE',  ( 2.860000000000000320, -0.2560000000000007825, 8.550000000000000711 ) ) ;
#4898 = DIRECTION ( 'NONE',  ( -8.470329472543003391E-17, 1.000000000000000000, 0.000000000000000000 ) ) ;
#4899 = CARTESIAN_POINT ( 'NONE',  ( 5.400000000000000355, 0.3199999999999993405, 8.550000000000000711 ) ) ;
#4900 = VECTOR ( 'NONE', #8501, 1000.000000000000000 ) ;
#4901 = CARTESIAN_POINT ( 'NONE',  ( 4.766582426945557671, 2.829092094937436297, -2.397330798265291829 ) ) ;
#4902 = CARTESIAN_POINT ( 'NONE',  ( 0.2349397590361444188, -1.250000000000000000, 1.456746987951807348 ) ) ;
#4903 = CARTESIAN_POINT ( 'NONE',  ( 1.519999999999999352, 3.499999999999997780, 0.000000000000000000 ) ) ;
#4904 = CARTESIAN_POINT ( 'NONE',  ( 4.806799289467860170, 2.859999999999999432, 7.909999999999988596 ) ) ;
#4905 = DIRECTION ( 'NONE',  ( 0.000000000000000000, -0.000000000000000000, 1.000000000000000000 ) ) ;
#4906 = FILL_AREA_STYLE ('',( #4992 ) ) ;
#4907 = VERTEX_POINT ( 'NONE', #367 ) ;
#4908 =( GEOMETRIC_REPRESENTATION_CONTEXT ( 3 ) GLOBAL_UNCERTAINTY_ASSIGNED_CONTEXT ( ( #2648 ) ) GLOBAL_UNIT_ASSIGNED_CONTEXT ( ( #1853, #6625, #8817 ) ) REPRESENTATION_CONTEXT ( 'NONE', 'WORKASPACE' ) );
#4909 = VERTEX_POINT ( 'NONE', #2589 ) ;
#4910 = DIRECTION ( 'NONE',  ( -1.000000000000000000, 0.000000000000000000, 0.000000000000000000 ) ) ;
#4911 = PLANE ( 'NONE',  #6312 ) ;
#4912 = EDGE_CURVE ( 'NONE', #2850, #2128, #2070, .T. ) ;
#4913 =( GEOMETRIC_REPRESENTATION_CONTEXT ( 3 ) GLOBAL_UNCERTAINTY_ASSIGNED_CONTEXT ( ( #893 ) ) GLOBAL_UNIT_ASSIGNED_CONTEXT ( ( #3946, #8148, #4816 ) ) REPRESENTATION_CONTEXT ( 'NONE', 'WORKASPACE' ) );
#4914 = FILL_AREA_STYLE_COLOUR ( '', #466 ) ;
#4915 = PLANE ( 'NONE',  #6190 ) ;
#4916 = B_SPLINE_CURVE_WITH_KNOTS ( 'NONE', 3,
 ( #6217, #5577, #654, #1993, #1374, #1193, #6958, #5394, #1241, #3470, #6865, #7682, #8921, #2594, #1285, #6821 ),
 .UNSPECIFIED., .F., .F.,
 ( 4, 3, 2, 2, 2, 3, 4 ),
 ( 0.000000000000000000, 1.104703206887443376E-06, 4.554924001585093104E-05, 8.999377682481443945E-05, 0.0001344383136337779275, 0.0001788828504427414292, 0.0001807251478150377589 ),
 .UNSPECIFIED. ) ;
#4917 = ORIENTED_EDGE ( 'NONE', *, *, #8355, .F. ) ;
#4918 = CARTESIAN_POINT ( 'NONE',  ( -0.2350150689595370268, -1.250000000000000888, 1.459547824164676877 ) ) ;
#4919 = ORIENTED_EDGE ( 'NONE', *, *, #2444, .F. ) ;
#4920 = VECTOR ( 'NONE', #8147, 1000.000000000000000 ) ;
#4921 = VECTOR ( 'NONE', #1102, 1000.000000000000000 ) ;
#4922 = DIRECTION ( 'NONE',  ( 1.000000000000000000, 4.224164308385081333E-16, 1.537470072901852402E-16 ) ) ;
#4923 =( GEOMETRIC_REPRESENTATION_CONTEXT ( 3 ) GLOBAL_UNCERTAINTY_ASSIGNED_CONTEXT ( ( #305 ) ) GLOBAL_UNIT_ASSIGNED_CONTEXT ( ( #1827, #6649, #6057 ) ) REPRESENTATION_CONTEXT ( 'NONE', 'WORKASPACE' ) );
#4924 = STYLED_ITEM ( 'NONE', ( #5650 ), #3361 ) ;
#4925 = DIRECTION ( 'NONE',  ( -0.9396926207859083169, 0.3420201433256690460, 0.000000000000000000 ) ) ;
#4926 = CARTESIAN_POINT ( 'NONE',  ( 6.100000000000000533, 3.499999999999998224, 2.500000000000000000 ) ) ;
#4928 = ORIENTED_EDGE ( 'NONE', *, *, #6935, .T. ) ;
#4927 = ORIENTED_EDGE ( 'NONE', *, *, #2960, .F. ) ;
#4929 = DIRECTION ( 'NONE',  ( -0.000000000000000000, 0.000000000000000000, 1.000000000000000000 ) ) ;
#4930 = CARTESIAN_POINT ( 'NONE',  ( 0.1969625335676264410, -1.249999999999996447, 1.761663957567181749 ) ) ;
#4931 = ADVANCED_FACE ( 'NONE', ( #3095 ), #5899, .F. ) ;
#4932 = VERTEX_POINT ( 'NONE', #8684 ) ;
#4933 = CARTESIAN_POINT ( 'NONE',  ( -0.2560000000000000053, 0.3199999999999998401, -2.359999999999988773 ) ) ;
#4934 = EDGE_CURVE ( 'NONE', #7075, #1068, #412, .T. ) ;
#4935 = MECHANICAL_DESIGN_GEOMETRIC_PRESENTATION_REPRESENTATION (  '', ( #7413 ), #3323 ) ;
#4936 =( GEOMETRIC_REPRESENTATION_CONTEXT ( 3 ) GLOBAL_UNCERTAINTY_ASSIGNED_CONTEXT ( ( #1145 ) ) GLOBAL_UNIT_ASSIGNED_CONTEXT ( ( #3351, #4216, #666 ) ) REPRESENTATION_CONTEXT ( 'NONE', 'WORKASPACE' ) );
#4937 = FILL_AREA_STYLE ('',( #2864 ) ) ;
#4938 =( NAMED_UNIT ( * ) PLANE_ANGLE_UNIT ( ) SI_UNIT ( $, .RADIAN. ) );
#4939 = SURFACE_SIDE_STYLE ('',( #52 ) ) ;
#4940 = ORIENTED_EDGE ( 'NONE', *, *, #7552, .F. ) ;
#4941 = VECTOR ( 'NONE', #4929, 1000.000000000000000 ) ;
#4942 = DIRECTION ( 'NONE',  ( 0.000000000000000000, 0.000000000000000000, 1.000000000000000000 ) ) ;
#4943 = LINE ( 'NONE', #7468, #8754 ) ;
#4944 = DIRECTION ( 'NONE',  ( 0.000000000000000000, -0.000000000000000000, 1.000000000000000000 ) ) ;
#4945 =( BOUNDED_CURVE ( )  B_SPLINE_CURVE ( 3, ( #5863, #799, #5819, #1579 ),
 .UNSPECIFIED., .F., .F. ) 
 B_SPLINE_CURVE_WITH_KNOTS ( ( 4, 4 ),
 ( 5.497787143782135288, 6.283185307179586232 ),
 .UNSPECIFIED. ) 
 CURVE ( )  GEOMETRIC_REPRESENTATION_ITEM ( )  RATIONAL_B_SPLINE_CURVE ( ( 1.000000000000000000, 0.9492530216741907889, 0.9492530216741907889, 1.000000000000000000 ) ) 
 REPRESENTATION_ITEM ( '' )  );
#4946 = CARTESIAN_POINT ( 'NONE',  ( 4.823999999999999844, 2.219999999999999307, 7.909999999999988596 ) ) ;
#4947 = EDGE_CURVE ( 'NONE', #3506, #5603, #5946, .T. ) ;
#4948 = DIRECTION ( 'NONE',  ( -0.000000000000000000, -0.000000000000000000, -1.000000000000000000 ) ) ;
#4949 = LINE ( 'NONE', #7732, #6400 ) ;
#4950 = CARTESIAN_POINT ( 'NONE',  ( 0.2349397590361444188, -1.250000000000000000, 1.692439759036144631 ) ) ;
#4951 = CARTESIAN_POINT ( 'NONE',  ( 5.080000000000000071, 0.000000000000000000, 2.500000000000000000 ) ) ;
#4952 = SURFACE_STYLE_USAGE ( .BOTH. , #5544 ) ;
#4953 = EDGE_CURVE ( 'NONE', #7998, #4333, #8080, .T. ) ;
#4954 = EDGE_LOOP ( 'NONE', ( #1463, #4983, #7653, #2289, #6756, #3552 ) ) ;
#4955 = ORIENTED_EDGE ( 'NONE', *, *, #895, .F. ) ;
#4956 = CARTESIAN_POINT ( 'NONE',  ( 1.019999999999999796, 3.270000000000000462, 0.4500000000000018430 ) ) ;
#4957 = FILL_AREA_STYLE_COLOUR ( '', #6641 ) ;
#4958 = CARTESIAN_POINT ( 'NONE',  ( 4.823999999999999844, 2.859999999999999876, 8.550000000000000711 ) ) ;
#4959 =( GEOMETRIC_REPRESENTATION_CONTEXT ( 3 ) GLOBAL_UNCERTAINTY_ASSIGNED_CONTEXT ( ( #5285 ) ) GLOBAL_UNIT_ASSIGNED_CONTEXT ( ( #502, #3322, #592 ) ) REPRESENTATION_CONTEXT ( 'NONE', 'WORKASPACE' ) );
#4961 = VERTEX_POINT ( 'NONE', #462 ) ;
#4960 = EDGE_LOOP ( 'NONE', ( #1698, #1172, #3799, #2582, #8258, #4577 ) ) ;
#4962 = CARTESIAN_POINT ( 'NONE',  ( 4.878912788997921801, -0.2010872110020796577, 8.584387938363944315 ) ) ;
#4963 = EDGE_LOOP ( 'NONE', ( #8807, #6504, #4888, #8950 ) ) ;
#4964 = EDGE_CURVE ( 'NONE', #5789, #6436, #2358, .T. ) ;
#4965 = DIRECTION ( 'NONE',  ( -0.1710878697460326558, -0.1710878697460326836, -0.9702875252478149193 ) ) ;
#4966 = CARTESIAN_POINT ( 'NONE',  ( 1.269999999999999352, 3.499999999999997780, 0.5999999999999998668 ) ) ;
#4967 = DIRECTION ( 'NONE',  ( -8.470329472543003391E-17, 1.000000000000000000, 0.000000000000000000 ) ) ;
#4968 = CARTESIAN_POINT ( 'NONE',  ( 2.283999999999999808, 2.860000000000000320, -2.359999999999988773 ) ) ;
#4970 = VERTEX_POINT ( 'NONE', #4622 ) ;
#4969 = ORIENTED_EDGE ( 'NONE', *, *, #8333, .F. ) ;
#4971 = CARTESIAN_POINT ( 'NONE',  ( 3.709999999999999964, -0.7700000000000006839, 0.6000000000000000888 ) ) ;
#4972 = FACE_OUTER_BOUND ( 'NONE', #1219, .T. ) ;
#4973 = VERTEX_POINT ( 'NONE', #7982 ) ;
#4974 = CARTESIAN_POINT ( 'NONE',  ( 2.540000000000000036, 2.539999999999999147, 8.550000000000000711 ) ) ;
#4975 = VECTOR ( 'NONE', #6956, 999.9999999999998863 ) ;
#4976 = MECHANICAL_DESIGN_GEOMETRIC_PRESENTATION_REPRESENTATION (  '', ( #3066 ), #6010 ) ;
#4977 = CARTESIAN_POINT ( 'NONE',  ( 4.778745166004060962, 0.3012548339959384425, 8.016309119164535701 ) ) ;
#4978 = VECTOR ( 'NONE', #3123, 999.9999999999998863 ) ;
#4979 = CARTESIAN_POINT ( 'NONE',  ( 4.760000000000000675, 2.859999999999999876, 8.550000000000000711 ) ) ;
#4980 = CARTESIAN_POINT ( 'NONE',  ( -0.2071507323465818784, 2.219999999999999307, 8.550000000000000711 ) ) ;
#4981 = EDGE_CURVE ( 'NONE', #1550, #4086, #316, .T. ) ;
#4982 = EDGE_CURVE ( 'NONE', #7793, #4544, #8728, .T. ) ;
#4983 = ORIENTED_EDGE ( 'NONE', *, *, #5465, .T. ) ;
#4984 = CARTESIAN_POINT ( 'NONE',  ( 2.266799289467859690, -0.3200000000000006728, 7.909999999999986819 ) ) ;
#4985 = DIRECTION ( 'NONE',  ( -0.000000000000000000, 0.000000000000000000, 1.000000000000000000 ) ) ;
#4986 = VECTOR ( 'NONE', #4894, 1000.000000000000000 ) ;
#4987 = CARTESIAN_POINT ( 'NONE',  ( 2.220000000000000195, 2.859999999999999876, 8.550000000000000711 ) ) ;
#4988 = CARTESIAN_POINT ( 'NONE',  ( 2.813200710532140825, 2.219999999999999307, 7.909999999999986819 ) ) ;
#4989 = CARTESIAN_POINT ( 'NONE',  ( 3.559999999999999609, -0.7700000000000002398, 0.000000000000000000 ) ) ;
#4990 = FILL_AREA_STYLE ('',( #6364 ) ) ;
#4991 = FILL_AREA_STYLE_COLOUR ( '', #4200 ) ;
#4992 = FILL_AREA_STYLE_COLOUR ( '', #5345 ) ;
#4993 = ORIENTED_EDGE ( 'NONE', *, *, #1599, .T. ) ;
#4994 = ORIENTED_EDGE ( 'NONE', *, *, #3754, .T. ) ;
#4995 = EDGE_CURVE ( 'NONE', #4578, #134, #1155, .T. ) ;
#4996 = DIRECTION ( 'NONE',  ( 0.9848077530122085754, 8.341646135128160883E-17, 0.1736481776669273891 ) ) ;
#4997 = SURFACE_SIDE_STYLE ('',( #7788 ) ) ;
#4998 = LINE ( 'NONE', #2017, #5754 ) ;
#4999 = ORIENTED_EDGE ( 'NONE', *, *, #4820, .F. ) ;
#5000 = CARTESIAN_POINT ( 'NONE',  ( -0.2403630389942344181, -1.129999999999999227, 1.354471974263679268 ) ) ;
#5001 = SURFACE_STYLE_FILL_AREA ( #2202 ) ;
#5002 = ORIENTED_EDGE ( 'NONE', *, *, #1862, .T. ) ;
#5003 = CARTESIAN_POINT ( 'NONE',  ( -0.3199999999999998956, 2.219999999999999751, -2.359999999999988773 ) ) ;
#5004 = PLANE ( 'NONE',  #8672 ) ;
#5005 = DIRECTION ( 'NONE',  ( -0.1710878697460330999, 0.1710878697460331277, -0.9702875252478148083 ) ) ;
#5006 = CARTESIAN_POINT ( 'NONE',  ( 2.853417573054441991, -0.2890920949374365390, 7.947330798265291207 ) ) ;
#5007 = SURFACE_STYLE_USAGE ( .BOTH. , #6391 ) ;
#5009 = ORIENTED_EDGE ( 'NONE', *, *, #4517, .F. ) ;
#5008 = EDGE_LOOP ( 'NONE', ( #1301, #5084, #689, #3280, #1111, #3070 ) ) ;
#5010 = UNCERTAINTY_MEASURE_WITH_UNIT (LENGTH_MEASURE( 1.000000000000000082E-05 ), #3282, 'distance_accuracy_value', 'NONE');
#5011 = DIRECTION ( 'NONE',  ( -0.000000000000000000, 1.000000000000000000, -0.000000000000000000 ) ) ;
#5012 = CARTESIAN_POINT ( 'NONE',  ( 6.100000000000000533, 0.000000000000000000, 0.000000000000000000 ) ) ;
#5013 = STYLED_ITEM ( 'NONE', ( #2819 ), #446 ) ;
#5014 = ORIENTED_EDGE ( 'NONE', *, *, #5550, .T. ) ;
#5015 = DIRECTION ( 'NONE',  ( 1.000000000000000000, 0.000000000000000000, 0.000000000000000000 ) ) ;
#5016 = CARTESIAN_POINT ( 'NONE',  ( -0.3012548339959391086, 0.3012548339959384425, 8.016309119164535701 ) ) ;
#5017 = LINE ( 'NONE', #8361, #9078 ) ;
#5018 = EDGE_CURVE ( 'NONE', #4721, #115, #687, .T. ) ;
#5019 = DIRECTION ( 'NONE',  ( 1.000000000000000000, 8.470329472543003391E-17, 4.301393535249064745E-33 ) ) ;
#5020 = DIRECTION ( 'NONE',  ( 0.000000000000000000, -0.000000000000000000, -1.000000000000000000 ) ) ;
#5021 = SURFACE_STYLE_USAGE ( .BOTH. , #5199 ) ;
#5022 = VERTEX_POINT ( 'NONE', #6949 ) ;
#5023 = LINE ( 'NONE', #2266, #7975 ) ;
#5025 = CARTESIAN_POINT ( 'NONE',  ( 5.287150732346582949, 2.540000000000000036, -3.000000000000000000 ) ) ;
#5024 = B_SPLINE_CURVE_WITH_KNOTS ( 'NONE', 3,
 ( #1484, #3669, #7052, #2924, #6455, #5774, #1627, #8555, #7853, #2272 ),
 .UNSPECIFIED., .F., .F.,
 ( 4, 3, 3, 4 ),
 ( 0.000000000000000000, 3.193694500260363584E-05, 6.387389000520681090E-05, 0.0001064253154868430827 ),
 .UNSPECIFIED. ) ;
#5026 = PRESENTATION_LAYER_ASSIGNMENT (  '', '', ( #4741 ) ) ;
#5027 = CARTESIAN_POINT ( 'NONE',  ( 0.2560000000000001719, 0.3199999999999993960, 7.909999999999988596 ) ) ;
#5028 = CARTESIAN_POINT ( 'NONE',  ( 0.2599231866027872928, -1.129999999999999449, 1.179124043684511181 ) ) ;
#5029 = LINE ( 'NONE', #1535, #459 ) ;
#5030 = LINE ( 'NONE', #2186, #8282 ) ;
#5031 = CARTESIAN_POINT ( 'NONE',  ( -0.3199999999999999512, 2.859999999999999876, 8.550000000000000711 ) ) ;
#5032 = LINE ( 'NONE', #1583, #5773 ) ;
#5033 = UNCERTAINTY_MEASURE_WITH_UNIT (LENGTH_MEASURE( 1.000000000000000082E-05 ), #6322, 'distance_accuracy_value', 'NONE');
#5034 = CARTESIAN_POINT ( 'NONE',  ( 1.520000000000000462, -0.9999999999999988898, 2.500000000000000000 ) ) ;
#5035 = SURFACE_STYLE_FILL_AREA ( #8421 ) ;
#5036 = EDGE_LOOP ( 'NONE', ( #6848, #3044, #4654, #1054, #4739, #1632 ) ) ;
#5037 = EDGE_CURVE ( 'NONE', #848, #3921, #2815, .T. ) ;
#5038 = VERTEX_POINT ( 'NONE', #3507 ) ;
#5039 = VECTOR ( 'NONE', #6489, 1000.000000000000000 ) ;
#5040 = EDGE_CURVE ( 'NONE', #6343, #3535, #8260, .T. ) ;
#5041 = CARTESIAN_POINT ( 'NONE',  ( 1.269999999999999352, 3.499999999999997780, 2.350000000000000089 ) ) ;
#5042 = CARTESIAN_POINT ( 'NONE',  ( 5.287150732346582949, 2.332849267653417158, 8.550000000000000711 ) ) ;
#5043 =( LENGTH_UNIT ( ) NAMED_UNIT ( * ) SI_UNIT ( .MILLI., .METRE. ) );
#5044 = STYLED_ITEM ( 'NONE', ( #4528 ), #2057 ) ;
#5046 = ORIENTED_EDGE ( 'NONE', *, *, #793, .F. ) ;
#5045 = ORIENTED_EDGE ( 'NONE', *, *, #2444, .T. ) ;
#5047 = SURFACE_SIDE_STYLE ('',( #1595 ) ) ;
#5048 = EDGE_CURVE ( 'NONE', #7481, #7075, #8358, .T. ) ;
#5049 = ORIENTED_EDGE ( 'NONE', *, *, #1752, .F. ) ;
#5050 = DIRECTION ( 'NONE',  ( -0.9848077530122085754, -8.341646135128160883E-17, 0.1736481776669273891 ) ) ;
#5051 =( GEOMETRIC_REPRESENTATION_CONTEXT ( 3 ) GLOBAL_UNCERTAINTY_ASSIGNED_CONTEXT ( ( #5033 ) ) GLOBAL_UNIT_ASSIGNED_CONTEXT ( ( #6322, #1540, #8465 ) ) REPRESENTATION_CONTEXT ( 'NONE', 'WORKASPACE' ) );
#5052 = FACE_OUTER_BOUND ( 'NONE', #8787, .T. ) ;
#5053 = DIRECTION ( 'NONE',  ( -6.842277657836020854E-49, 5.078189165123089681E-17, -1.000000000000000000 ) ) ;
#5054 =( NAMED_UNIT ( * ) SI_UNIT ( $, .STERADIAN. ) SOLID_ANGLE_UNIT ( ) );
#5056 = VERTEX_POINT ( 'NONE', #5569 ) ;
#5055 = VERTEX_POINT ( 'NONE', #7535 ) ;
#5057 = DIRECTION ( 'NONE',  ( 0.000000000000000000, -1.000000000000000000, 0.000000000000000000 ) ) ;
#5058 = PRESENTATION_LAYER_ASSIGNMENT (  '', '', ( #3174 ) ) ;
#5059 = CARTESIAN_POINT ( 'NONE',  ( -0.2344989567605762493, -1.250000000000004441, 1.701643011501012825 ) ) ;
#5060 = VECTOR ( 'NONE', #2590, 1000.000000000000000 ) ;
#5061 = EDGE_LOOP ( 'NONE', ( #2385, #791, #3693, #3846, #5637, #1184 ) ) ;
#5062 = PRESENTATION_STYLE_ASSIGNMENT (( #5756 ) ) ;
#5063 = EDGE_CURVE ( 'NONE', #1723, #1256, #4020, .T. ) ;
#5064 = LINE ( 'NONE', #8497, #8965 ) ;
#5065 = VECTOR ( 'NONE', #5635, 1000.000000000000000 ) ;
#5066 = LINE ( 'NONE', #5669, #4566 ) ;
#5067 = VECTOR ( 'NONE', #7870, 1000.000000000000000 ) ;
#5068 = CARTESIAN_POINT ( 'NONE',  ( 0.2071507323465825168, 0.2071507323465822670, -3.000000000000000000 ) ) ;
#5069 = DIRECTION ( 'NONE',  ( -1.000000000000000000, -0.000000000000000000, -0.000000000000000000 ) ) ;
#5070 = LINE ( 'NONE', #3000, #2250 ) ;
#5071 = ORIENTED_EDGE ( 'NONE', *, *, #4737, .T. ) ;
#5072 = FACE_OUTER_BOUND ( 'NONE', #6980, .T. ) ;
#5073 = CARTESIAN_POINT ( 'NONE',  ( 3.559999999999999609, 3.270000000000000462, 0.000000000000000000 ) ) ;
#5074 = FACE_OUTER_BOUND ( 'NONE', #5800, .T. ) ;
#5075 = ADVANCED_FACE ( 'NONE', ( #1233 ), #7630, .T. ) ;
#5076 = CARTESIAN_POINT ( 'NONE',  ( 4.760000000000000675, -0.3200000000000006728, 7.909999999999988596 ) ) ;
#5077 = PRESENTATION_STYLE_ASSIGNMENT (( #5679 ) ) ;
#5078 = FILL_AREA_STYLE_COLOUR ( '', #456 ) ;
#5079 = VECTOR ( 'NONE', #7759, 1000.000000000000000 ) ;
#5080 = CARTESIAN_POINT ( 'NONE',  ( 1.019999999999999796, -0.9999999999999985567, 0.000000000000000000 ) ) ;
#5081 = PRESENTATION_STYLE_ASSIGNMENT (( #2925 ) ) ;
#5082 = CARTESIAN_POINT ( 'NONE',  ( 0.000000000000000000, -0.2071507323465826000, -3.000000000000000000 ) ) ;
#5083 = DIRECTION ( 'NONE',  ( 0.000000000000000000, 0.000000000000000000, 1.000000000000000000 ) ) ;
#5084 = ORIENTED_EDGE ( 'NONE', *, *, #4264, .T. ) ;
#5085 = DIRECTION ( 'NONE',  ( 8.470329472543003391E-17, -1.000000000000000000, 0.000000000000000000 ) ) ;
#5086 = DIRECTION ( 'NONE',  ( 0.9848077530122085754, 8.341646135128160883E-17, 0.1736481776669278332 ) ) ;
#5087 = CARTESIAN_POINT ( 'NONE',  ( 0.2661531779593211411, -1.164241836324594326, 1.100793638664335550 ) ) ;
#5088 = SURFACE_SIDE_STYLE ('',( #7193 ) ) ;
#5089 = ADVANCED_FACE ( 'NONE', ( #2766 ), #1997, .F. ) ;
#5091 = ORIENTED_EDGE ( 'NONE', *, *, #8711, .F. ) ;
#5090 = ORIENTED_EDGE ( 'NONE', *, *, #649, .T. ) ;
#5092 = CARTESIAN_POINT ( 'NONE',  ( -0.2027297558018809898, -1.250000000000000888, 1.377998469153225658 ) ) ;
#5093 = ORIENTED_EDGE ( 'NONE', *, *, #7298, .F. ) ;
#5094 = PLANE ( 'NONE',  #2800 ) ;
#5095 = CARTESIAN_POINT ( 'NONE',  ( 0.2560000000000002274, -0.3200000000000001732, -2.359999999999988773 ) ) ;
#5096 = MECHANICAL_DESIGN_GEOMETRIC_PRESENTATION_REPRESENTATION (  '', ( #392 ), #7010 ) ;
#5098 = VERTEX_POINT ( 'NONE', #2989 ) ;
#5097 = ORIENTED_EDGE ( 'NONE', *, *, #6774, .F. ) ;
#5099 = UNCERTAINTY_MEASURE_WITH_UNIT (LENGTH_MEASURE( 1.000000000000000082E-05 ), #5133, 'distance_accuracy_value', 'NONE');
#5100 = CARTESIAN_POINT ( 'NONE',  ( 5.400000000000000355, 0.3199999999999993405, -2.359999999999988773 ) ) ;
#5101 = DIRECTION ( 'NONE',  ( 0.7071067811865487940, -0.7071067811865463515, 0.000000000000000000 ) ) ;
#5102 = EDGE_LOOP ( 'NONE', ( #4514, #6287, #1842, #7576, #1559, #6626 ) ) ;
#5103 =( NAMED_UNIT ( * ) PLANE_ANGLE_UNIT ( ) SI_UNIT ( $, .RADIAN. ) );
#5104 = ADVANCED_FACE ( 'NONE', ( #1606 ), #8398, .T. ) ;
#5105 = DIRECTION ( 'NONE',  ( -0.7071067811865460184, 0.7071067811865490160, 0.000000000000000000 ) ) ;
#5106 =( GEOMETRIC_REPRESENTATION_CONTEXT ( 3 ) GLOBAL_UNCERTAINTY_ASSIGNED_CONTEXT ( ( #8582 ) ) GLOBAL_UNIT_ASSIGNED_CONTEXT ( ( #7839, #5103, #2344 ) ) REPRESENTATION_CONTEXT ( 'NONE', 'WORKASPACE' ) );
#5107 = CARTESIAN_POINT ( 'NONE',  ( 2.266799289467859246, 2.219999999999999751, -2.359999999999989218 ) ) ;
#5108 = EDGE_CURVE ( 'NONE', #172, #6110, #6345, .T. ) ;
#5109 = CARTESIAN_POINT ( 'NONE',  ( -0.1581755106426706581, -1.150000000000000355, 0.7336620086532135154 ) ) ;
#5110 = SURFACE_SIDE_STYLE ('',( #178 ) ) ;
#5111 = CARTESIAN_POINT ( 'NONE',  ( 3.684999999999999165, -0.9999999999999978906, 2.375000000000000444 ) ) ;
#5112 =( LENGTH_UNIT ( ) NAMED_UNIT ( * ) SI_UNIT ( .MILLI., .METRE. ) );
#5114 = ORIENTED_EDGE ( 'NONE', *, *, #4102, .T. ) ;
#5113 = ORIENTED_EDGE ( 'NONE', *, *, #5546, .T. ) ;
#5115 = COLOUR_RGB ( '',0.9686274509803921573, 0.8784313725490195957, 0.5999999999999999778 ) ;
#5116 = CARTESIAN_POINT ( 'NONE',  ( 0.2280098402426338211, -1.149999999999990807, 0.7529413584738515741 ) ) ;
#5117 = CARTESIAN_POINT ( 'NONE',  ( 5.381254833995939180, 0.3012548339959383870, 8.016309119164537478 ) ) ;
#5118 =( NAMED_UNIT ( * ) PLANE_ANGLE_UNIT ( ) SI_UNIT ( $, .RADIAN. ) );
#5119 = VECTOR ( 'NONE', #653, 999.9999999999998863 ) ;
#5120 = FACE_OUTER_BOUND ( 'NONE', #1951, .T. ) ;
#5121 = CARTESIAN_POINT ( 'NONE',  ( 0.2349646446460526283, -1.250000000000000888, 1.099513820278372300 ) ) ;
#5122 = CARTESIAN_POINT ( 'NONE',  ( 6.349999999999999645, 3.499999999999998224, 2.350000000000000089 ) ) ;
#5123 = PLANE ( 'NONE',  #2980 ) ;
#5124 = EDGE_CURVE ( 'NONE', #4221, #2899, #8441, .T. ) ;
#5125 =( NAMED_UNIT ( * ) PLANE_ANGLE_UNIT ( ) SI_UNIT ( $, .RADIAN. ) );
#5126 = CARTESIAN_POINT ( 'NONE',  ( 2.220000000000000195, -0.3200000000000001732, -2.359999999999988773 ) ) ;
#5127 = VECTOR ( 'NONE', #4261, 1000.000000000000000 ) ;
#5128 = ORIENTED_EDGE ( 'NONE', *, *, #4340, .T. ) ;
#5129 = COLOUR_RGB ( '',0.9686274509803921573, 0.8784313725490195957, 0.5999999999999999778 ) ;
#5130 = ORIENTED_EDGE ( 'NONE', *, *, #1490, .F. ) ;
#5131 = DIRECTION ( 'NONE',  ( -0.000000000000000000, -0.000000000000000000, -1.000000000000000000 ) ) ;
#5132 = PRESENTATION_LAYER_ASSIGNMENT (  '', '', ( #7323 ) ) ;
#5133 =( LENGTH_UNIT ( ) NAMED_UNIT ( * ) SI_UNIT ( .MILLI., .METRE. ) );
#5134 = FACE_OUTER_BOUND ( 'NONE', #8516, .T. ) ;
#5136 = ORIENTED_EDGE ( 'NONE', *, *, #9040, .T. ) ;
#5135 = EDGE_LOOP ( 'NONE', ( #2588, #6060, #554, #7018, #2838, #1441 ) ) ;
#5137 = SURFACE_STYLE_USAGE ( .BOTH. , #5317 ) ;
#5138 = CARTESIAN_POINT ( 'NONE',  ( 2.332849267653418046, -0.2071507323465826833, 8.550000000000000711 ) ) ;
#5139 = ORIENTED_EDGE ( 'NONE', *, *, #705, .T. ) ;
#5140 = VECTOR ( 'NONE', #1884, 1000.000000000000000 ) ;
#5141 = CARTESIAN_POINT ( 'NONE',  ( -0.2080741993322302585, -1.249999999999998890, 1.383884079689429836 ) ) ;
#5142 = EDGE_CURVE ( 'NONE', #3045, #8016, #5473, .T. ) ;
#5143 = FILL_AREA_STYLE_COLOUR ( '', #5607 ) ;
#5145 = ORIENTED_EDGE ( 'NONE', *, *, #4606, .T. ) ;
#5144 = ORIENTED_EDGE ( 'NONE', *, *, #8050, .F. ) ;
#5146 = CARTESIAN_POINT ( 'NONE',  ( 2.238745166004060927, 2.841254833995938700, 8.016309119164535701 ) ) ;
#5147 = CARTESIAN_POINT ( 'NONE',  ( -0.1665885810817074875, -1.250000000000000888, 1.769266317007092360 ) ) ;
#5148 = ORIENTED_EDGE ( 'NONE', *, *, #4254, .T. ) ;
#5149 = FILL_AREA_STYLE ('',( #1562 ) ) ;
#5151 = EDGE_CURVE ( 'NONE', #3045, #4961, #5663, .T. ) ;
#5150 = MECHANICAL_DESIGN_GEOMETRIC_PRESENTATION_REPRESENTATION (  '', ( #7913 ), #2227 ) ;
#5152 = CARTESIAN_POINT ( 'NONE',  ( 6.100000000000000533, -0.7700000000000002398, 0.4500000000000018430 ) ) ;
#5153 = EDGE_CURVE ( 'NONE', #7260, #2986, #3554, .T. ) ;
#5154 = CARTESIAN_POINT ( 'NONE',  ( 2.283999999999999808, 2.859999999999999876, 8.550000000000000711 ) ) ;
#5155 = CARTESIAN_POINT ( 'NONE',  ( -0.1688168747726650765, -1.150000000000000355, 0.7344035849404331184 ) ) ;
#5156 = LINE ( 'NONE', #8905, #9008 ) ;
#5157 = LINE ( 'NONE', #2493, #280 ) ;
#5158 = LINE ( 'NONE', #8680, #8989 ) ;
#5160 = VERTEX_POINT ( 'NONE', #86 ) ;
#5159 = ORIENTED_EDGE ( 'NONE', *, *, #6743, .F. ) ;
#5161 = DIRECTION ( 'NONE',  ( -8.470329472543003391E-17, 1.000000000000000000, 0.000000000000000000 ) ) ;
#5162 = SURFACE_SIDE_STYLE ('',( #6495 ) ) ;
#5163 = PRESENTATION_LAYER_ASSIGNMENT (  '', '', ( #1335 ) ) ;
#5164 = DIRECTION ( 'NONE',  ( -1.000000000000000000, -8.470329472543003391E-17, -4.301393535249064745E-33 ) ) ;
#5165 = SURFACE_SIDE_STYLE ('',( #2504 ) ) ;
#5166 = LINE ( 'NONE', #2923, #4447 ) ;
#5167 = DIRECTION ( 'NONE',  ( 8.470329472543003391E-17, -1.000000000000000000, 0.000000000000000000 ) ) ;
#5168 = CARTESIAN_POINT ( 'NONE',  ( 2.540000000000000036, 2.540000000000000036, -3.000000000000000000 ) ) ;
#5169 = FACE_OUTER_BOUND ( 'NONE', #3347, .T. ) ;
#5170 = ORIENTED_EDGE ( 'NONE', *, *, #6256, .T. ) ;
#5171 = VECTOR ( 'NONE', #2571, 999.9999999999998863 ) ;
#5172 = ORIENTED_EDGE ( 'NONE', *, *, #6516, .F. ) ;
#5173 = ORIENTED_EDGE ( 'NONE', *, *, #2972, .F. ) ;
#5174 = CARTESIAN_POINT ( 'NONE',  ( -0.1570750383009144602, -1.170005857523106929, 1.799115486777239203 ) ) ;
#5175 = VECTOR ( 'NONE', #4682, 1000.000000000000000 ) ;
#5176 = CARTESIAN_POINT ( 'NONE',  ( -0.3134175730544421778, 2.829092094937435409, 7.947330798265289431 ) ) ;
#5177 =( BOUNDED_CURVE ( )  B_SPLINE_CURVE ( 3, ( #8449, #4574, #6573, #2299 ),
 .UNSPECIFIED., .F., .F. ) 
 B_SPLINE_CURVE_WITH_KNOTS ( ( 4, 4 ),
 ( 3.141592653589793560, 3.926990816987244948 ),
 .UNSPECIFIED. ) 
 CURVE ( )  GEOMETRIC_REPRESENTATION_ITEM ( )  RATIONAL_B_SPLINE_CURVE ( ( 1.000000000000000000, 0.9492530216741906779, 0.9492530216741906779, 1.000000000000000000 ) ) 
 REPRESENTATION_ITEM ( '' )  );
#5179 = ORIENTED_EDGE ( 'NONE', *, *, #6132, .F. ) ;
#5178 = VERTEX_POINT ( 'NONE', #2163 ) ;
#5180 = DIRECTION ( 'NONE',  ( 6.842277657836020854E-49, -5.078189165123089681E-17, 1.000000000000000000 ) ) ;
#5181 = EDGE_LOOP ( 'NONE', ( #216, #7940, #167, #5912, #6075, #6308 ) ) ;
#5182 = EDGE_CURVE ( 'NONE', #3037, #553, #2901, .T. ) ;
#5183 = FILL_AREA_STYLE_COLOUR ( '', #408 ) ;
#5184 = CARTESIAN_POINT ( 'NONE',  ( 2.540000000000000036, -0.7700000000000002398, 0.000000000000000000 ) ) ;
#5185 = CARTESIAN_POINT ( 'NONE',  ( 4.778745166004060962, 2.841254833995939144, -2.466309119164537655 ) ) ;
#5187 = VERTEX_POINT ( 'NONE', #826 ) ;
#5186 = VERTEX_POINT ( 'NONE', #1464 ) ;
#5188 = UNCERTAINTY_MEASURE_WITH_UNIT (LENGTH_MEASURE( 1.000000000000000082E-05 ), #2671, 'distance_accuracy_value', 'NONE');
#5189 = CARTESIAN_POINT ( 'NONE',  ( 0.3134175730544422889, 2.250907905062563774, -2.397330798265291829 ) ) ;
#5190 = CARTESIAN_POINT ( 'NONE',  ( 2.540000000000000036, 2.747150732346581581, 8.550000000000000711 ) ) ;
#5191 = ORIENTED_EDGE ( 'NONE', *, *, #1150, .F. ) ;
#5192 =( NAMED_UNIT ( * ) PLANE_ANGLE_UNIT ( ) SI_UNIT ( $, .RADIAN. ) );
#5193 = VECTOR ( 'NONE', #3249, 1000.000000000000000 ) ;
#5194 = CARTESIAN_POINT ( 'NONE',  ( 0.09036144578313230757, -1.250000000000000000, 1.095301204819277396 ) ) ;
#5195 = VECTOR ( 'NONE', #5197, 1000.000000000000000 ) ;
#5196 =( GEOMETRIC_REPRESENTATION_CONTEXT ( 3 ) GLOBAL_UNCERTAINTY_ASSIGNED_CONTEXT ( ( #5662 ) ) GLOBAL_UNIT_ASSIGNED_CONTEXT ( ( #4809, #5626, #615 ) ) REPRESENTATION_CONTEXT ( 'NONE', 'WORKASPACE' ) );
#5197 = DIRECTION ( 'NONE',  ( -1.000000000000000000, 0.000000000000000000, 0.000000000000000000 ) ) ;
#5198 = EDGE_CURVE ( 'NONE', #4544, #2119, #7104, .T. ) ;
#5199 = SURFACE_SIDE_STYLE ('',( #2392 ) ) ;
#5201 = ORIENTED_EDGE ( 'NONE', *, *, #9090, .T. ) ;
#5200 = EDGE_LOOP ( 'NONE', ( #6888, #6296, #7426, #5287 ) ) ;
#5202 = CARTESIAN_POINT ( 'NONE',  ( 5.080000000000000071, -0.7700000000000002398, 0.000000000000000000 ) ) ;
#5203 = CARTESIAN_POINT ( 'NONE',  ( -7.785703377349988398E-17, -1.149999999999999911, 1.131698228245897608 ) ) ;
#5204 = EDGE_CURVE ( 'NONE', #2986, #7442, #8493, .T. ) ;
#5205 = PLANE ( 'NONE',  #2615 ) ;
#5206 = EDGE_CURVE ( 'NONE', #2661, #6036, #7800, .T. ) ;
#5207 =( NAMED_UNIT ( * ) SI_UNIT ( $, .STERADIAN. ) SOLID_ANGLE_UNIT ( ) );
#5208 = AXIS2_PLACEMENT_3D ( 'NONE', #7531, #1983, #4794 ) ;
#5209 = DIRECTION ( 'NONE',  ( -0.000000000000000000, 0.000000000000000000, 1.000000000000000000 ) ) ;
#5210 = DIRECTION ( 'NONE',  ( 0.7071067811865460184, -0.7071067811865490160, 0.000000000000000000 ) ) ;
#5211 = CARTESIAN_POINT ( 'NONE',  ( 2.747150732346582469, 0.2071507323465822670, -3.000000000000000000 ) ) ;
#5212 = CARTESIAN_POINT ( 'NONE',  ( 0.2786192306686489650, -1.129999999999999227, 1.693317414586857028 ) ) ;
#5213 = PLANE ( 'NONE',  #8241 ) ;
#5214 = ORIENTED_EDGE ( 'NONE', *, *, #4485, .T. ) ;
#5215 = VECTOR ( 'NONE', #6133, 1000.000000000000000 ) ;
#5216 = CARTESIAN_POINT ( 'NONE',  ( -5.687887419977258754E-17, -1.250000000000000000, 1.270000000000000018 ) ) ;
#5217 = VECTOR ( 'NONE', #547, 999.9999999999998863 ) ;
#5218 = EDGE_LOOP ( 'NONE', ( #2883, #8423, #4133, #1449, #677, #1394 ) ) ;
#5219 = ORIENTED_EDGE ( 'NONE', *, *, #4810, .F. ) ;
#5220 = EDGE_CURVE ( 'NONE', #3562, #2796, #8539, .T. ) ;
#5221 = AXIS2_PLACEMENT_3D ( 'NONE', #3864, #2341, #355 ) ;
#5222 = LINE ( 'NONE', #7462, #7874 ) ;
#5223 = FACE_OUTER_BOUND ( 'NONE', #6920, .T. ) ;
#5224 = EDGE_CURVE ( 'NONE', #5227, #4054, #7056, .T. ) ;
#5225 = PLANE ( 'NONE',  #8573 ) ;
#5226 = PLANE ( 'NONE',  #924 ) ;
#5228 = EDGE_LOOP ( 'NONE', ( #3201, #7244, #7204, #2713 ) ) ;
#5227 = VERTEX_POINT ( 'NONE', #4389 ) ;
#5229 = DIRECTION ( 'NONE',  ( 0.000000000000000000, 5.078189165123089681E-17, -1.000000000000000000 ) ) ;
#5230 = ORIENTED_EDGE ( 'NONE', *, *, #4260, .F. ) ;
#5231 = CARTESIAN_POINT ( 'NONE',  ( 0.2705538323571793358, -1.150000000000000133, 1.116458418214743009 ) ) ;
#5232 =( BOUNDED_CURVE ( )  B_SPLINE_CURVE ( 3, ( #8458, #2920, #8508, #4946 ),
 .UNSPECIFIED., .F., .F. ) 
 B_SPLINE_CURVE_WITH_KNOTS ( ( 4, 4 ),
 ( 5.497787143782140618, 6.283185307179586232 ),
 .UNSPECIFIED. ) 
 CURVE ( )  GEOMETRIC_REPRESENTATION_ITEM ( )  RATIONAL_B_SPLINE_CURVE ( ( 1.000000000000000000, 0.9492530216741915661, 0.9492530216741915661, 1.000000000000000000 ) ) 
 REPRESENTATION_ITEM ( '' )  );
#5233 = SURFACE_SIDE_STYLE ('',( #4476 ) ) ;
#5234 = DIRECTION ( 'NONE',  ( -2.409338161078900167E-16, 1.000000000000000000, 0.000000000000000000 ) ) ;
#5235 = EDGE_CURVE ( 'NONE', #4418, #7329, #4656, .T. ) ;
#5236 = CARTESIAN_POINT ( 'NONE',  ( 0.3012548339959392751, -0.3012548339959398302, 8.016309119164535701 ) ) ;
#5237 = EDGE_CURVE ( 'NONE', #4237, #4372, #5935, .T. ) ;
#5239 = ORIENTED_EDGE ( 'NONE', *, *, #5939, .F. ) ;
#5238 = ORIENTED_EDGE ( 'NONE', *, *, #338, .T. ) ;
#5240 = DIRECTION ( 'NONE',  ( -0.7071067811865515695, -0.000000000000000000, -0.7071067811865435759 ) ) ;
#5241 = VERTEX_POINT ( 'NONE', #7385 ) ;
#5242 =( NAMED_UNIT ( * ) SI_UNIT ( $, .STERADIAN. ) SOLID_ANGLE_UNIT ( ) );
#5243 = PLANE ( 'NONE',  #2787 ) ;
#5244 = CARTESIAN_POINT ( 'NONE',  ( 0.09036144578313230757, -1.250000000000000000, 1.625421686746987948 ) ) ;
#5245 = CARTESIAN_POINT ( 'NONE',  ( 5.281087211002079229, 0.2010872110020782977, 8.584387938363944315 ) ) ;
#5246 = SURFACE_STYLE_USAGE ( .BOTH. , #6716 ) ;
#5248 = ORIENTED_EDGE ( 'NONE', *, *, #3586, .F. ) ;
#5247 = ORIENTED_EDGE ( 'NONE', *, *, #1503, .T. ) ;
#5249 = CARTESIAN_POINT ( 'NONE',  ( 0.3012548339959390531, 2.841254833995938256, 8.016309119164537478 ) ) ;
#5250 = CARTESIAN_POINT ( 'NONE',  ( -0.09036144578313276554, -1.250000000000000000, 0.9145783132530121984 ) ) ;
#5251 = CARTESIAN_POINT ( 'NONE',  ( 0.2732007105321402896, 0.3199999999999998401, -2.359999999999988773 ) ) ;
#5252 =( LENGTH_UNIT ( ) NAMED_UNIT ( * ) SI_UNIT ( .MILLI., .METRE. ) );
#5253 = SURFACE_STYLE_FILL_AREA ( #1767 ) ;
#5254 = PRESENTATION_LAYER_ASSIGNMENT (  '', '', ( #108 ) ) ;
#5255 = CARTESIAN_POINT ( 'NONE',  ( 0.2785605355541227457, -1.129999999999999227, 1.102211669087620471 ) ) ;
#5256 = EDGE_CURVE ( 'NONE', #3786, #9001, #1134, .T. ) ;
#5257 = SURFACE_STYLE_USAGE ( .BOTH. , #325 ) ;
#5258 =( NAMED_UNIT ( * ) SI_UNIT ( $, .STERADIAN. ) SOLID_ANGLE_UNIT ( ) );
#5259 = VERTEX_POINT ( 'NONE', #8718 ) ;
#5260 = CARTESIAN_POINT ( 'NONE',  ( 5.080000000000000071, 2.747150732346582469, -3.000000000000000000 ) ) ;
#5261 =( NAMED_UNIT ( * ) PLANE_ANGLE_UNIT ( ) SI_UNIT ( $, .RADIAN. ) );
#5262 = ORIENTED_EDGE ( 'NONE', *, *, #46, .T. ) ;
#5263 = DIRECTION ( 'NONE',  ( 0.000000000000000000, 1.000000000000000000, 0.000000000000000000 ) ) ;
#5264 = PRESENTATION_LAYER_ASSIGNMENT (  '', '', ( #254 ) ) ;
#5265 = VECTOR ( 'NONE', #4537, 1000.000000000000000 ) ;
#5266 = EDGE_CURVE ( 'NONE', #4333, #1376, #7744, .T. ) ;
#5267 = DIRECTION ( 'NONE',  ( -1.000000000000000000, 0.000000000000000000, -0.000000000000000000 ) ) ;
#5268 = CARTESIAN_POINT ( 'NONE',  ( -2.169999999999998597, 3.499999999999997780, 1.600000000000012301 ) ) ;
#5269 = CARTESIAN_POINT ( 'NONE',  ( -0.2559999999999999498, 2.219999999999999751, -2.359999999999988773 ) ) ;
#5270 = VECTOR ( 'NONE', #5456, 1000.000000000000000 ) ;
#5271 =( GEOMETRIC_REPRESENTATION_CONTEXT ( 3 ) GLOBAL_UNCERTAINTY_ASSIGNED_CONTEXT ( ( #1604 ) ) GLOBAL_UNIT_ASSIGNED_CONTEXT ( ( #405, #6529, #3782 ) ) REPRESENTATION_CONTEXT ( 'NONE', 'WORKASPACE' ) );
#5272 = DIRECTION ( 'NONE',  ( -0.7071067811865454633, 0.000000000000000000, 0.7071067811865495711 ) ) ;
#5273 = LINE ( 'NONE', #3642, #7956 ) ;
#5274 = EDGE_CURVE ( 'NONE', #2286, #4970, #7970, .T. ) ;
#5275 = ORIENTED_EDGE ( 'NONE', *, *, #2707, .T. ) ;
#5276 = CARTESIAN_POINT ( 'NONE',  ( -0.2560000000000000053, 2.860000000000000320, -2.359999999999988773 ) ) ;
#5277 = ORIENTED_EDGE ( 'NONE', *, *, #5332, .F. ) ;
#5278 = ADVANCED_FACE ( 'NONE', ( #951 ), #2484, .T. ) ;
#5279 = STYLED_ITEM ( 'NONE', ( #9011 ), #8759 ) ;
#5280 = DIRECTION ( 'NONE',  ( -0.3420201433256698231, 0.9396926207859079838, 0.000000000000000000 ) ) ;
#5281 = DIRECTION ( 'NONE',  ( 1.000000000000000000, 0.000000000000000000, 0.000000000000000000 ) ) ;
#5282 = DIRECTION ( 'NONE',  ( 0.7071067811865435759, -0.000000000000000000, -0.7071067811865515695 ) ) ;
#5284 = VERTEX_POINT ( 'NONE', #3824 ) ;
#5283 = EDGE_LOOP ( 'NONE', ( #5567, #6207, #3917, #8357, #2423, #1869 ) ) ;
#5285 = UNCERTAINTY_MEASURE_WITH_UNIT (LENGTH_MEASURE( 1.000000000000000082E-05 ), #502, 'distance_accuracy_value', 'NONE');
#5286 = CARTESIAN_POINT ( 'NONE',  ( -0.2786410898395586533, -1.129999999999998561, 1.691441747381245975 ) ) ;
#5287 = ORIENTED_EDGE ( 'NONE', *, *, #5516, .F. ) ;
#5288 = PRESENTATION_STYLE_ASSIGNMENT (( #2386 ) ) ;
#5289 =( BOUNDED_CURVE ( )  B_SPLINE_CURVE ( 3, ( #7016, #8387, #9035, #7612 ),
 .UNSPECIFIED., .F., .F. ) 
 B_SPLINE_CURVE_WITH_KNOTS ( ( 4, 4 ),
 ( 2.356194490192343061, 3.141592653589793116 ),
 .UNSPECIFIED. ) 
 CURVE ( )  GEOMETRIC_REPRESENTATION_ITEM ( )  RATIONAL_B_SPLINE_CURVE ( ( 1.000000000000000000, 0.9492530216741910110, 0.9492530216741910110, 1.000000000000000000 ) ) 
 REPRESENTATION_ITEM ( '' )  );
#5290 = DIRECTION ( 'NONE',  ( -1.000000000000000000, 0.000000000000000000, 0.000000000000000000 ) ) ;
#5291 = DIRECTION ( 'NONE',  ( -0.000000000000000000, 1.000000000000000000, 0.000000000000000000 ) ) ;
#5293 = ORIENTED_EDGE ( 'NONE', *, *, #5336, .F. ) ;
#5292 = ORIENTED_EDGE ( 'NONE', *, *, #2844, .T. ) ;
#5294 =( NAMED_UNIT ( * ) PLANE_ANGLE_UNIT ( ) SI_UNIT ( $, .RADIAN. ) );
#5295 = CARTESIAN_POINT ( 'NONE',  ( 5.129999999999987459, -0.7700000000000002398, -0.6199999999999992184 ) ) ;
#5296 = VECTOR ( 'NONE', #2464, 1000.000000000000000 ) ;
#5297 = CARTESIAN_POINT ( 'NONE',  ( -0.2559999999999999498, -0.3200000000000001732, -2.359999999999988773 ) ) ;
#5298 = EDGE_CURVE ( 'NONE', #7111, #5241, #8982, .T. ) ;
#5299 = PRESENTATION_STYLE_ASSIGNMENT (( #7354 ) ) ;
#5300 = MECHANICAL_DESIGN_GEOMETRIC_PRESENTATION_REPRESENTATION (  '', ( #292 ), #3252 ) ;
#5301 = LINE ( 'NONE', #2544, #5265 ) ;
#5302 = PRESENTATION_STYLE_ASSIGNMENT (( #7451 ) ) ;
#5303 = SURFACE_STYLE_FILL_AREA ( #6728 ) ;
#5304 = EDGE_LOOP ( 'NONE', ( #6658, #6604, #2651, #1085 ) ) ;
#5305 = UNCERTAINTY_MEASURE_WITH_UNIT (LENGTH_MEASURE( 1.000000000000000082E-05 ), #7092, 'distance_accuracy_value', 'NONE');
#5306 =( NAMED_UNIT ( * ) SI_UNIT ( $, .STERADIAN. ) SOLID_ANGLE_UNIT ( ) );
#5307 = CARTESIAN_POINT ( 'NONE',  ( 0.09036144578313230757, -1.250000000000000000, 0.9145783132530121984 ) ) ;
#5308 = ORIENTED_EDGE ( 'NONE', *, *, #1091, .F. ) ;
#5309 =( GEOMETRIC_REPRESENTATION_CONTEXT ( 3 ) GLOBAL_UNCERTAINTY_ASSIGNED_CONTEXT ( ( #8783 ) ) GLOBAL_UNIT_ASSIGNED_CONTEXT ( ( #4265, #575, #2743 ) ) REPRESENTATION_CONTEXT ( 'NONE', 'WORKASPACE' ) );
#5310 = CARTESIAN_POINT ( 'NONE',  ( 2.853417573054442435, 2.829092094937434521, 7.947330798265291207 ) ) ;
#5311 =( LENGTH_UNIT ( ) NAMED_UNIT ( * ) SI_UNIT ( .MILLI., .METRE. ) );
#5312 = CARTESIAN_POINT ( 'NONE',  ( -0.1973794752863955726, -1.250000000000001554, 0.7781227024462215036 ) ) ;
#5313 = FILL_AREA_STYLE ('',( #2516 ) ) ;
#5314 = LINE ( 'NONE', #6837, #802 ) ;
#5315 = EDGE_CURVE ( 'NONE', #6810, #3176, #3007, .T. ) ;
#5316 = ORIENTED_EDGE ( 'NONE', *, *, #5519, .F. ) ;
#5317 = SURFACE_SIDE_STYLE ('',( #4471 ) ) ;
#5318 = ORIENTED_EDGE ( 'NONE', *, *, #6270, .T. ) ;
#5319 = ADVANCED_FACE ( 'NONE', ( #7926 ), #7339, .T. ) ;
#5320 = CARTESIAN_POINT ( 'NONE',  ( 4.778745166004060962, 2.841254833995939144, -2.466309119164537655 ) ) ;
#5321 = DIRECTION ( 'NONE',  ( -0.1710878697460327114, 0.1710878697460326836, -0.9702875252478149193 ) ) ;
#5322 = CARTESIAN_POINT ( 'NONE',  ( -0.2411836234654209932, -1.150000000000000133, 1.366061145056028936 ) ) ;
#5323 = VECTOR ( 'NONE', #930, 1000.000000000000000 ) ;
#5324 = PLANE ( 'NONE',  #6903 ) ;
#5326 = ORIENTED_EDGE ( 'NONE', *, *, #424, .F. ) ;
#5325 = EDGE_LOOP ( 'NONE', ( #6556, #3442, #1760, #6983, #7009 ) ) ;
#5327 = LINE ( 'NONE', #3959, #955 ) ;
#5328 = FACE_OUTER_BOUND ( 'NONE', #3632, .T. ) ;
#5329 = VERTEX_POINT ( 'NONE', #8809 ) ;
#5330 = CARTESIAN_POINT ( 'NONE',  ( 0.3200000000000000622, 0.3199999999999993405, -2.359999999999988773 ) ) ;
#5331 =( GEOMETRIC_REPRESENTATION_CONTEXT ( 3 ) GLOBAL_UNCERTAINTY_ASSIGNED_CONTEXT ( ( #4031 ) ) GLOBAL_UNIT_ASSIGNED_CONTEXT ( ( #5112, #8638, #8769 ) ) REPRESENTATION_CONTEXT ( 'NONE', 'WORKASPACE' ) );
#5332 = EDGE_CURVE ( 'NONE', #8123, #766, #5327, .T. ) ;
#5333 = PLANE ( 'NONE',  #4551 ) ;
#5334 = CARTESIAN_POINT ( 'NONE',  ( 2.589999999999987423, -0.7700000000000002398, -0.6199999999999992184 ) ) ;
#5335 = CARTESIAN_POINT ( 'NONE',  ( 0.000000000000000000, 0.000000000000000000, 2.449999999999999734 ) ) ;
#5336 = EDGE_CURVE ( 'NONE', #1830, #3557, #3179, .T. ) ;
#5338 = VERTEX_POINT ( 'NONE', #1796 ) ;
#5337 = ORIENTED_EDGE ( 'NONE', *, *, #2081, .F. ) ;
#5339 =( NAMED_UNIT ( * ) SI_UNIT ( $, .STERADIAN. ) SOLID_ANGLE_UNIT ( ) );
#5340 = DIRECTION ( 'NONE',  ( -1.000000000000000000, 0.000000000000000000, 0.000000000000000000 ) ) ;
#5341 = MECHANICAL_DESIGN_GEOMETRIC_PRESENTATION_REPRESENTATION (  '', ( #8106 ), #3585 ) ;
#5342 =( BOUNDED_CURVE ( )  B_SPLINE_CURVE ( 3, ( #2882, #6367, #7144, #8515 ),
 .UNSPECIFIED., .F., .F. ) 
 B_SPLINE_CURVE_WITH_KNOTS ( ( 4, 4 ),
 ( 2.356194490192341728, 3.141592653589793560 ),
 .UNSPECIFIED. ) 
 CURVE ( )  GEOMETRIC_REPRESENTATION_ITEM ( )  RATIONAL_B_SPLINE_CURVE ( ( 1.000000000000000000, 0.9492530216741906779, 0.9492530216741906779, 1.000000000000000000 ) ) 
 REPRESENTATION_ITEM ( '' )  );
#5343 = CARTESIAN_POINT ( 'NONE',  ( 5.400000000000000355, 2.795999999999999819, -2.359999999999988773 ) ) ;
#5344 =( NAMED_UNIT ( * ) SI_UNIT ( $, .STERADIAN. ) SOLID_ANGLE_UNIT ( ) );
#5345 = COLOUR_RGB ( '',0.9686274509803921573, 0.8784313725490195957, 0.5999999999999999778 ) ;
#5346 = LINE ( 'NONE', #5952, #6005 ) ;
#5347 = LINE ( 'NONE', #1014, #4734 ) ;
#5348 = CARTESIAN_POINT ( 'NONE',  ( 5.080000000000000071, 2.747150732346581581, 8.550000000000000711 ) ) ;
#5349 = CARTESIAN_POINT ( 'NONE',  ( 0.2219035924842148455, -1.250000000000001110, 1.742749986091903125 ) ) ;
#5350 = CARTESIAN_POINT ( 'NONE',  ( 0.2560000000000002274, -0.3200000000000006728, 7.909999999999988596 ) ) ;
#5351 = ORIENTED_EDGE ( 'NONE', *, *, #6108, .F. ) ;
#5352 = CARTESIAN_POINT ( 'NONE',  ( 5.080000000000000071, 2.540000000000000036, -3.000000000000000000 ) ) ;
#5353 = CARTESIAN_POINT ( 'NONE',  ( 1.020000000000000462, -0.9999999999999978906, 2.500000000000000000 ) ) ;
#5354 = ORIENTED_EDGE ( 'NONE', *, *, #359, .F. ) ;
#5355 = EDGE_CURVE ( 'NONE', #3647, #7260, #2530, .T. ) ;
#5356 = MECHANICAL_DESIGN_GEOMETRIC_PRESENTATION_REPRESENTATION (  '', ( #202 ), #4040 ) ;
#5357 = STYLED_ITEM ( 'NONE', ( #4482 ), #3169 ) ;
#5358 = DIRECTION ( 'NONE',  ( 1.000000000000000000, -1.408054769461693942E-16, 0.000000000000000000 ) ) ;
#5359 = SURFACE_SIDE_STYLE ('',( #6692 ) ) ;
#5360 = DIRECTION ( 'NONE',  ( 0.000000000000000000, -1.000000000000000000, 0.000000000000000000 ) ) ;
#5361 = VECTOR ( 'NONE', #2008, 1000.000000000000000 ) ;
#5362 = AXIS2_PLACEMENT_3D ( 'NONE', #3916, #5381, #5422 ) ;
#5363 = DIRECTION ( 'NONE',  ( 0.000000000000000000, -1.000000000000000000, 0.000000000000000000 ) ) ;
#5364 = DIRECTION ( 'NONE',  ( 0.000000000000000000, -1.000000000000000000, 0.000000000000000000 ) ) ;
#5365 = DIRECTION ( 'NONE',  ( -0.1710878697460327114, 0.1710878697460326836, 0.9702875252478149193 ) ) ;
#5366 = VERTEX_POINT ( 'NONE', #4612 ) ;
#5367 = FILL_AREA_STYLE ('',( #2608 ) ) ;
#5368 = VERTEX_POINT ( 'NONE', #1086 ) ;
#5369 = CIRCLE ( 'NONE', #2427, 0.6500000000000000222 ) ;
#5370 =( GEOMETRIC_REPRESENTATION_CONTEXT ( 3 ) GLOBAL_UNCERTAINTY_ASSIGNED_CONTEXT ( ( #2634 ) ) GLOBAL_UNIT_ASSIGNED_CONTEXT ( ( #2456, #7992, #8043 ) ) REPRESENTATION_CONTEXT ( 'NONE', 'WORKASPACE' ) );
#5371 = DIRECTION ( 'NONE',  ( 1.000000000000000000, 8.470329472543003391E-17, 4.301393535249064745E-33 ) ) ;
#5372 = FACE_OUTER_BOUND ( 'NONE', #4518, .T. ) ;
#5373 = ADVANCED_FACE ( 'NONE', ( #3915 ), #8474, .F. ) ;
#5374 = FACE_OUTER_BOUND ( 'NONE', #2587, .T. ) ;
#5375 = EDGE_CURVE ( 'NONE', #7274, #3060, #8249, .T. ) ;
#5376 = CARTESIAN_POINT ( 'NONE',  ( -0.1771939946250035425, -1.249999999999993561, 0.7717580415739673239 ) ) ;
#5378 = ORIENTED_EDGE ( 'NONE', *, *, #3371, .F. ) ;
#5377 = ORIENTED_EDGE ( 'NONE', *, *, #8246, .F. ) ;
#5379 = UNCERTAINTY_MEASURE_WITH_UNIT (LENGTH_MEASURE( 1.000000000000000082E-05 ), #1472, 'distance_accuracy_value', 'NONE');
#5380 = CARTESIAN_POINT ( 'NONE',  ( 0.2675450665421203467, -1.129999999999999449, 0.7888260276643649371 ) ) ;
#5381 = DIRECTION ( 'NONE',  ( -0.9848077530122085754, -8.341646135128160883E-17, 0.1736481776669278332 ) ) ;
#5382 = VERTEX_POINT ( 'NONE', #1178 ) ;
#5383 = DIRECTION ( 'NONE',  ( -1.000000000000000000, 0.000000000000000000, 0.000000000000000000 ) ) ;
#5384 = SURFACE_STYLE_FILL_AREA ( #7441 ) ;
#5386 = ORIENTED_EDGE ( 'NONE', *, *, #4934, .T. ) ;
#5385 = ORIENTED_EDGE ( 'NONE', *, *, #6951, .F. ) ;
#5387 = CARTESIAN_POINT ( 'NONE',  ( -0.2338056406508142449, -1.249999999999988232, 1.712327225525319907 ) ) ;
#5388 = DIRECTION ( 'NONE',  ( -0.7071067811865495711, 0.000000000000000000, -0.7071067811865454633 ) ) ;
#5389 = EDGE_CURVE ( 'NONE', #4006, #858, #8855, .T. ) ;
#5390 = CARTESIAN_POINT ( 'NONE',  ( -0.1560617469879519992, -1.250000000000000000, 0.7700000000000001288 ) ) ;
#5391 = EDGE_CURVE ( 'NONE', #3537, #6524, #7147, .T. ) ;
#5392 = CARTESIAN_POINT ( 'NONE',  ( -0.3012548339959390531, 2.841254833995939144, -2.466309119164537655 ) ) ;
#5393 = PLANE ( 'NONE',  #3369 ) ;
#5394 = CARTESIAN_POINT ( 'NONE',  ( -0.2518730436385548943, -1.149999999999996358, 1.763784314061217495 ) ) ;
#5395 = DIRECTION ( 'NONE',  ( 0.000000000000000000, 0.000000000000000000, 1.000000000000000000 ) ) ;
#5396 = PRESENTATION_LAYER_ASSIGNMENT (  '', '', ( #8014 ) ) ;
#5397 = VERTEX_POINT ( 'NONE', #4877 ) ;
#5398 = UNCERTAINTY_MEASURE_WITH_UNIT (LENGTH_MEASURE( 1.000000000000000082E-05 ), #696, 'distance_accuracy_value', 'NONE');
#5399 = CARTESIAN_POINT ( 'NONE',  ( 5.393417573054442471, 2.829092094937434521, 7.947330798265291207 ) ) ;
#5400 = DIRECTION ( 'NONE',  ( 0.000000000000000000, 0.3420201433256694901, -0.9396926207859082059 ) ) ;
#5401 = ORIENTED_EDGE ( 'NONE', *, *, #4210, .F. ) ;
#5402 =( GEOMETRIC_REPRESENTATION_CONTEXT ( 3 ) GLOBAL_UNCERTAINTY_ASSIGNED_CONTEXT ( ( #4292 ) ) GLOBAL_UNIT_ASSIGNED_CONTEXT ( ( #1205, #7811, #5723 ) ) REPRESENTATION_CONTEXT ( 'NONE', 'WORKASPACE' ) );
#5403 = CARTESIAN_POINT ( 'NONE',  ( 4.060000000000000497, 3.499999999999998224, 0.000000000000000000 ) ) ;
#5404 = SURFACE_SIDE_STYLE ('',( #7555 ) ) ;
#5405 = LINE ( 'NONE', #4725, #7022 ) ;
#5406 = CARTESIAN_POINT ( 'NONE',  ( 3.810000000000000053, 3.499999999999998224, 0.5999999999999998668 ) ) ;
#5407 = DIRECTION ( 'NONE',  ( 1.000000000000000000, 0.000000000000000000, -0.000000000000000000 ) ) ;
#5408 = VECTOR ( 'NONE', #2515, 1000.000000000000000 ) ;
#5409 = ORIENTED_EDGE ( 'NONE', *, *, #5182, .F. ) ;
#5410 = AXIS2_PLACEMENT_3D ( 'NONE', #4301, #3700, #6994 ) ;
#5411 = ORIENTED_EDGE ( 'NONE', *, *, #1480, .F. ) ;
#5412 = FACE_OUTER_BOUND ( 'NONE', #1090, .T. ) ;
#5413 = AXIS2_PLACEMENT_3D ( 'NONE', #4324, #5086, #3630 ) ;
#5414 = DIRECTION ( 'NONE',  ( 6.842277657836020854E-49, -5.078189165123089681E-17, 1.000000000000000000 ) ) ;
#5415 = MECHANICAL_DESIGN_GEOMETRIC_PRESENTATION_REPRESENTATION (  '', ( #572 ), #1906 ) ;
#5416 = EDGE_CURVE ( 'NONE', #2840, #4451, #6896, .T. ) ;
#5417 = PLANE ( 'NONE',  #2240 ) ;
#5418 = DIRECTION ( 'NONE',  ( -0.7071067811865463515, -0.7071067811865487940, -0.000000000000000000 ) ) ;
#5420 = ORIENTED_EDGE ( 'NONE', *, *, #758, .F. ) ;
#5419 = VERTEX_POINT ( 'NONE', #6803 ) ;
#5421 = CARTESIAN_POINT ( 'NONE',  ( 0.2785987272081523192, -1.129999999999998561, 0.8475468746968481959 ) ) ;
#5422 = DIRECTION ( 'NONE',  ( -8.470329472543003391E-17, 1.000000000000000000, 0.000000000000000000 ) ) ;
#5423 = ORIENTED_EDGE ( 'NONE', *, *, #6620, .F. ) ;
#5424 = VECTOR ( 'NONE', #2307, 1000.000000000000000 ) ;
#5425 = PRESENTATION_LAYER_ASSIGNMENT (  '', '', ( #4114 ) ) ;
#5426 = ADVANCED_FACE ( 'NONE', ( #7662 ), #6156, .T. ) ;
#5427 = DIRECTION ( 'NONE',  ( -6.842277657836020854E-49, 5.078189165123089681E-17, -1.000000000000000000 ) ) ;
#5428 = AXIS2_PLACEMENT_3D ( 'NONE', #7854, #5775, #2233 ) ;
#5429 = CARTESIAN_POINT ( 'NONE',  ( 2.540000000000000036, 2.332849267653417158, -3.000000000000000000 ) ) ;
#5430 = CARTESIAN_POINT ( 'NONE',  ( 2.332849267653418046, 2.539999999999999147, 8.550000000000000711 ) ) ;
#5432 = ORIENTED_EDGE ( 'NONE', *, *, #3918, .T. ) ;
#5431 = ORIENTED_EDGE ( 'NONE', *, *, #3698, .F. ) ;
#5433 = CARTESIAN_POINT ( 'NONE',  ( -0.1665885810817076262, -1.249999999999989564, 1.769266317007096356 ) ) ;
#5434 = LINE ( 'NONE', #2816, #7102 ) ;
#5435 = DIRECTION ( 'NONE',  ( 0.000000000000000000, 0.000000000000000000, 1.000000000000000000 ) ) ;
#5436 = CARTESIAN_POINT ( 'NONE',  ( 0.2560000000000002274, 2.219999999999999751, -2.359999999999988773 ) ) ;
#5437 = ADVANCED_FACE ( 'NONE', ( #859 ), #4281, .T. ) ;
#5438 = STYLED_ITEM ( 'NONE', ( #6328 ), #7325 ) ;
#5439 = ADVANCED_FACE ( 'NONE', ( #7064 ), #4824, .F. ) ;
#5440 = VECTOR ( 'NONE', #6557, 1000.000000000000000 ) ;
#5441 = CARTESIAN_POINT ( 'NONE',  ( -0.3199999999999999512, 2.859999999999999876, -2.359999999999988773 ) ) ;
#5442 = FACE_OUTER_BOUND ( 'NONE', #21, .T. ) ;
#5443 = CARTESIAN_POINT ( 'NONE',  ( 6.350000000000000533, 3.270000000000000462, 0.6000000000000000888 ) ) ;
#5444 = VECTOR ( 'NONE', #2973, 1000.000000000000000 ) ;
#5445 = DIRECTION ( 'NONE',  ( 0.000000000000000000, -0.9848077530122085754, 0.1736481776669278054 ) ) ;
#5446 = ORIENTED_EDGE ( 'NONE', *, *, #1879, .F. ) ;
#5447 = CARTESIAN_POINT ( 'NONE',  ( 6.100000000000001421, -0.9999999999999978906, 2.500000000000000000 ) ) ;
#5448 = ORIENTED_EDGE ( 'NONE', *, *, #7107, .F. ) ;
#5449 = SURFACE_STYLE_FILL_AREA ( #7645 ) ;
#5450 = CARTESIAN_POINT ( 'NONE',  ( 5.393417573054441583, -0.2890920949374365390, 7.947330798265291207 ) ) ;
#5451 = CARTESIAN_POINT ( 'NONE',  ( 5.287150732346582949, -0.2071507323465826000, -3.000000000000000000 ) ) ;
#5452 = CARTESIAN_POINT ( 'NONE',  ( 6.100000000000000533, 3.499999999999998224, 0.000000000000000000 ) ) ;
#5453 = VECTOR ( 'NONE', #4215, 1000.000000000000227 ) ;
#5454 = ORIENTED_EDGE ( 'NONE', *, *, #4254, .F. ) ;
#5455 = ORIENTED_EDGE ( 'NONE', *, *, #976, .T. ) ;
#5456 = DIRECTION ( 'NONE',  ( -2.409338161078900167E-16, 1.000000000000000000, 0.000000000000000000 ) ) ;
#5457 = CARTESIAN_POINT ( 'NONE',  ( 0.3200000000000001177, 2.332849267653417158, 8.550000000000000711 ) ) ;
#5458 = CARTESIAN_POINT ( 'NONE',  ( 0.2291490472775132015, -1.149999999999999689, 1.206427255910813345 ) ) ;
#5459 =( LENGTH_UNIT ( ) NAMED_UNIT ( * ) SI_UNIT ( .MILLI., .METRE. ) );
#5461 = ORIENTED_EDGE ( 'NONE', *, *, #4840, .T. ) ;
#5460 = ORIENTED_EDGE ( 'NONE', *, *, #3724, .T. ) ;
#5462 = PLANE ( 'NONE',  #7828 ) ;
#5463 = MECHANICAL_DESIGN_GEOMETRIC_PRESENTATION_REPRESENTATION (  '', ( #7069 ), #3856 ) ;
#5464 = VERTEX_POINT ( 'NONE', #8432 ) ;
#5465 = EDGE_CURVE ( 'NONE', #2623, #7998, #772, .T. ) ;
#5466 = MECHANICAL_DESIGN_GEOMETRIC_PRESENTATION_REPRESENTATION (  '', ( #8837 ), #1502 ) ;
#5467 =( LENGTH_UNIT ( ) NAMED_UNIT ( * ) SI_UNIT ( .MILLI., .METRE. ) );
#5468 = SURFACE_STYLE_FILL_AREA ( #3277 ) ;
#5469 =( LENGTH_UNIT ( ) NAMED_UNIT ( * ) SI_UNIT ( .MILLI., .METRE. ) );
#5470 = EDGE_CURVE ( 'NONE', #3840, #743, #8331, .T. ) ;
#5472 = ORIENTED_EDGE ( 'NONE', *, *, #1422, .F. ) ;
#5471 = ORIENTED_EDGE ( 'NONE', *, *, #8730, .T. ) ;
#5473 =( BOUNDED_CURVE ( )  B_SPLINE_CURVE ( 3, ( #132, #4240, #734, #2120 ),
 .UNSPECIFIED., .F., .F. ) 
 B_SPLINE_CURVE_WITH_KNOTS ( ( 4, 4 ),
 ( 3.141592653589793560, 3.926990816987244504 ),
 .UNSPECIFIED. ) 
 CURVE ( )  GEOMETRIC_REPRESENTATION_ITEM ( )  RATIONAL_B_SPLINE_CURVE ( ( 1.000000000000000000, 0.9492530216741907889, 0.9492530216741907889, 1.000000000000000000 ) ) 
 REPRESENTATION_ITEM ( '' )  );
#5474 = CARTESIAN_POINT ( 'NONE',  ( 1.269999999999999352, 3.499999999999997780, 2.350000000000000089 ) ) ;
#5475 = DIRECTION ( 'NONE',  ( 0.000000000000000000, -1.000000000000000000, 0.000000000000000000 ) ) ;
#5476 = CARTESIAN_POINT ( 'NONE',  ( 5.850000000000001421, -1.250000000000000222, 2.500000000000000000 ) ) ;
#5477 = STYLED_ITEM ( 'NONE', ( #2494 ), #2048 ) ;
#5478 = LINE ( 'NONE', #8264, #3845 ) ;
#5479 = LINE ( 'NONE', #9009, #4694 ) ;
#5480 = PLANE ( 'NONE',  #2568 ) ;
#5481 = CARTESIAN_POINT ( 'NONE',  ( 2.860000000000000320, 0.3199999999999993960, 7.909999999999988596 ) ) ;
#5482 = CARTESIAN_POINT ( 'NONE',  ( -0.09036144578313276554, -1.250000000000000000, 1.462771084337349370 ) ) ;
#5483 = EDGE_CURVE ( 'NONE', #7826, #7908, #2955, .T. ) ;
#5484 = EDGE_LOOP ( 'NONE', ( #6447, #8819, #4094, #6671 ) ) ;
#5485 =( NAMED_UNIT ( * ) PLANE_ANGLE_UNIT ( ) SI_UNIT ( $, .RADIAN. ) );
#5486 = LINE ( 'NONE', #2650, #5193 ) ;
#5487 = LINE ( 'NONE', #2181, #449 ) ;
#5488 =( GEOMETRIC_REPRESENTATION_CONTEXT ( 3 ) GLOBAL_UNCERTAINTY_ASSIGNED_CONTEXT ( ( #1538 ) ) GLOBAL_UNIT_ASSIGNED_CONTEXT ( ( #9026, #2366, #4590 ) ) REPRESENTATION_CONTEXT ( 'NONE', 'WORKASPACE' ) );
#5489 = DIRECTION ( 'NONE',  ( -0.1710878697460330722, -0.1710878697460331554, 0.9702875252478149193 ) ) ;
#5490 = CARTESIAN_POINT ( 'NONE',  ( 5.381254833995939180, -0.3012548339959398302, 8.016309119164535701 ) ) ;
#5491 = CARTESIAN_POINT ( 'NONE',  ( 0.2349397590361444188, -1.250000000000000000, 1.692439759036144631 ) ) ;
#5492 = DIRECTION ( 'NONE',  ( -0.7071067811865463515, -0.7071067811865487940, -0.000000000000000000 ) ) ;
#5493 = CARTESIAN_POINT ( 'NONE',  ( 6.250000000000000000, 3.499999999999998224, 0.5999999999999998668 ) ) ;
#5494 = VECTOR ( 'NONE', #4446, 1000.000000000000000 ) ;
#5495 = FACE_OUTER_BOUND ( 'NONE', #2496, .T. ) ;
#5496 = SURFACE_STYLE_USAGE ( .BOTH. , #8936 ) ;
#5497 = AXIS2_PLACEMENT_3D ( 'NONE', #8455, #7001, #7641 ) ;
#5498 = ORIENTED_EDGE ( 'NONE', *, *, #4853, .F. ) ;
#5499 = EDGE_CURVE ( 'NONE', #3073, #5187, #7328, .T. ) ;
#5500 = ORIENTED_EDGE ( 'NONE', *, *, #1125, .F. ) ;
#5501 = VECTOR ( 'NONE', #5383, 1000.000000000000000 ) ;
#5502 = CARTESIAN_POINT ( 'NONE',  ( 0.000000000000000000, 0.000000000000000000, 0.000000000000000000 ) ) ;
#5503 = MECHANICAL_DESIGN_GEOMETRIC_PRESENTATION_REPRESENTATION (  '', ( #4924 ), #3325 ) ;
#5504 = ADVANCED_FACE ( 'NONE', ( #1785 ), #3727, .F. ) ;
#5505 = DIRECTION ( 'NONE',  ( 1.000000000000000000, 0.000000000000000000, 0.000000000000000000 ) ) ;
#5506 = CARTESIAN_POINT ( 'NONE',  ( 1.769999999999999574, 3.749999999999999112, 2.500000000000000000 ) ) ;
#5507 = DIRECTION ( 'NONE',  ( 0.000000000000000000, -0.000000000000000000, -1.000000000000000000 ) ) ;
#5509 = VERTEX_POINT ( 'NONE', #1690 ) ;
#5508 = VERTEX_POINT ( 'NONE', #8007 ) ;
#5510 = CARTESIAN_POINT ( 'NONE',  ( 0.1771939946250023767, -1.250000000000001110, 0.7717580415739698774 ) ) ;
#5511 = VECTOR ( 'NONE', #8318, 1000.000000000000000 ) ;
#5512 = DIRECTION ( 'NONE',  ( -1.000000000000000000, 0.000000000000000000, 0.000000000000000000 ) ) ;
#5513 = VECTOR ( 'NONE', #2656, 1000.000000000000000 ) ;
#5514 = EDGE_LOOP ( 'NONE', ( #8202, #3071, #7761, #4747, #1319, #6286 ) ) ;
#5515 = DIRECTION ( 'NONE',  ( -0.1710878697460327114, 0.1710878697460326836, -0.9702875252478149193 ) ) ;
#5516 = EDGE_CURVE ( 'NONE', #5932, #8111, #1077, .T. ) ;
#5517 = VECTOR ( 'NONE', #645, 1000.000000000000000 ) ;
#5518 = CARTESIAN_POINT ( 'NONE',  ( -0.09036144578313276554, -1.250000000000000000, 1.625421686746987948 ) ) ;
#5519 = EDGE_CURVE ( 'NONE', #7071, #5464, #4844, .T. ) ;
#5520 = PRESENTATION_STYLE_ASSIGNMENT (( #6205 ) ) ;
#5521 = LINE ( 'NONE', #5429, #7550 ) ;
#5522 = DIRECTION ( 'NONE',  ( -0.000000000000000000, -0.000000000000000000, -1.000000000000000000 ) ) ;
#5524 = EDGE_LOOP ( 'NONE', ( #3987, #813, #6987, #1174 ) ) ;
#5523 = ORIENTED_EDGE ( 'NONE', *, *, #4690, .F. ) ;
#5525 = DIRECTION ( 'NONE',  ( 1.000000000000000000, 0.000000000000000000, 0.000000000000000000 ) ) ;
#5526 = LINE ( 'NONE', #8401, #8469 ) ;
#5527 = CARTESIAN_POINT ( 'NONE',  ( 0.7700000000000004619, -1.250000000000000222, 2.500000000000000000 ) ) ;
#5528 = PRESENTATION_STYLE_ASSIGNMENT (( #3427 ) ) ;
#5529 = CARTESIAN_POINT ( 'NONE',  ( 2.853417573054442435, 2.829092094937436297, -2.397330798265291385 ) ) ;
#5530 =( BOUNDED_CURVE ( )  B_SPLINE_CURVE ( 3, ( #2922, #4988, #2832, #7777 ),
 .UNSPECIFIED., .F., .F. ) 
 B_SPLINE_CURVE_WITH_KNOTS ( ( 4, 4 ),
 ( 4.001096304623763307E-48, 0.7853981633974506105 ),
 .UNSPECIFIED. ) 
 CURVE ( )  GEOMETRIC_REPRESENTATION_ITEM ( )  RATIONAL_B_SPLINE_CURVE ( ( 1.000000000000000000, 0.9492530216741907889, 0.9492530216741907889, 1.000000000000000000 ) ) 
 REPRESENTATION_ITEM ( '' )  );
#5531 = CARTESIAN_POINT ( 'NONE',  ( 2.813200710532140381, -0.3200000000000001177, -2.359999999999988773 ) ) ;
#5532 = CARTESIAN_POINT ( 'NONE',  ( -0.3199999999999999512, 2.747150732346581581, 8.550000000000000711 ) ) ;
#5533 = CARTESIAN_POINT ( 'NONE',  ( 0.3200000000000000622, 2.859999999999999876, 8.550000000000000711 ) ) ;
#5534 = ORIENTED_EDGE ( 'NONE', *, *, #1150, .T. ) ;
#5535 = CARTESIAN_POINT ( 'NONE',  ( 2.250907905062564218, 0.3134175730544421223, -2.397330798265292717 ) ) ;
#5536 = CARTESIAN_POINT ( 'NONE',  ( 0.1562702517718026762, -1.233333333628600981, 1.776066170463635130 ) ) ;
#5537 = EDGE_CURVE ( 'NONE', #1177, #6805, #1738, .T. ) ;
#5538 = PLANE ( 'NONE',  #1298 ) ;
#5539 = PRESENTATION_LAYER_ASSIGNMENT (  '', '', ( #392 ) ) ;
#5540 = CARTESIAN_POINT ( 'NONE',  ( -1.019999999999999574, -0.9999999999999988898, 2.500000000000000000 ) ) ;
#5541 = DIRECTION ( 'NONE',  ( 0.7071067811865435759, -0.000000000000000000, -0.7071067811865515695 ) ) ;
#5542 =( NAMED_UNIT ( * ) PLANE_ANGLE_UNIT ( ) SI_UNIT ( $, .RADIAN. ) );
#5543 = CARTESIAN_POINT ( 'NONE',  ( 1.520000000000000240, 0.000000000000000000, 2.500000000000000000 ) ) ;
#5544 = SURFACE_SIDE_STYLE ('',( #5035 ) ) ;
#5545 = ORIENTED_EDGE ( 'NONE', *, *, #6815, .F. ) ;
#5546 = EDGE_CURVE ( 'NONE', #1274, #3509, #390, .T. ) ;
#5547 = VERTEX_POINT ( 'NONE', #6555 ) ;
#5548 = DIRECTION ( 'NONE',  ( -0.7071067811865515695, -0.000000000000000000, -0.7071067811865435759 ) ) ;
#5549 = CARTESIAN_POINT ( 'NONE',  ( 0.1560617469879515551, -1.250000000000000000, 0.7700000000000001288 ) ) ;
#5550 = EDGE_CURVE ( 'NONE', #3778, #1124, #5926, .T. ) ;
#5551 = VECTOR ( 'NONE', #1704, 1000.000000000000000 ) ;
#5552 = AXIS2_PLACEMENT_3D ( 'NONE', #4594, #3895, #4549 ) ;
#5553 = CARTESIAN_POINT ( 'NONE',  ( -0.2890920949374358173, 0.3134175730544420668, -2.397330798265292717 ) ) ;
#5555 = ORIENTED_EDGE ( 'NONE', *, *, #8447, .T. ) ;
#5554 = EDGE_LOOP ( 'NONE', ( #6155, #2279, #8388, #3059, #7295, #5046 ) ) ;
#5556 = DIRECTION ( 'NONE',  ( 1.408054769461693942E-16, 1.000000000000000000, -0.000000000000000000 ) ) ;
#5557 = EDGE_LOOP ( 'NONE', ( #4492, #5887, #6236, #3830, #8248, #4940 ) ) ;
#5558 = CARTESIAN_POINT ( 'NONE',  ( 5.400000000000000355, 0.2559999999999999498, -2.359999999999988773 ) ) ;
#5559 = ADVANCED_FACE ( 'NONE', ( #3854 ), #1032, .F. ) ;
#5560 = CIRCLE ( 'NONE', #114, 0.6500000000000000222 ) ;
#5561 = DIRECTION ( 'NONE',  ( 8.470329472543003391E-17, -1.000000000000000000, 0.000000000000000000 ) ) ;
#5562 = DIRECTION ( 'NONE',  ( 0.000000000000000000, -0.9848077530122085754, 0.1736481776669273891 ) ) ;
#5563 = DIRECTION ( 'NONE',  ( -6.842277657836020854E-49, 5.078189165123089681E-17, -1.000000000000000000 ) ) ;
#5564 = CARTESIAN_POINT ( 'NONE',  ( 3.560000000000000497, -0.9999999999999978906, 2.500000000000000000 ) ) ;
#5565 =( GEOMETRIC_REPRESENTATION_CONTEXT ( 3 ) GLOBAL_UNCERTAINTY_ASSIGNED_CONTEXT ( ( #6564 ) ) GLOBAL_UNIT_ASSIGNED_CONTEXT ( ( #2693, #1202, #7554 ) ) REPRESENTATION_CONTEXT ( 'NONE', 'WORKASPACE' ) );
#5567 = ORIENTED_EDGE ( 'NONE', *, *, #2113, .F. ) ;
#5566 = ORIENTED_EDGE ( 'NONE', *, *, #5519, .T. ) ;
#5568 = VECTOR ( 'NONE', #8065, 1000.000000000000000 ) ;
#5569 = CARTESIAN_POINT ( 'NONE',  ( 5.336000000000000298, -0.3200000000000006728, 7.909999999999988596 ) ) ;
#5570 = CARTESIAN_POINT ( 'NONE',  ( 5.400000000000000355, 2.859999999999999876, 7.909999999999988596 ) ) ;
#5571 = EDGE_CURVE ( 'NONE', #461, #1830, #5971, .T. ) ;
#5572 = CARTESIAN_POINT ( 'NONE',  ( 1.520000000000000240, 0.000000000000000000, 0.000000000000000000 ) ) ;
#5573 = VECTOR ( 'NONE', #5321, 1000.000000000000114 ) ;
#5574 =( GEOMETRIC_REPRESENTATION_CONTEXT ( 3 ) GLOBAL_UNCERTAINTY_ASSIGNED_CONTEXT ( ( #4480 ) ) GLOBAL_UNIT_ASSIGNED_CONTEXT ( ( #7183, #4410, #4180 ) ) REPRESENTATION_CONTEXT ( 'NONE', 'WORKASPACE' ) );
#5575 = CARTESIAN_POINT ( 'NONE',  ( -1.019999999999999796, -0.9999999999999988898, 0.000000000000000000 ) ) ;
#5576 = CARTESIAN_POINT ( 'NONE',  ( 2.841254833995939588, 2.841254833995939144, -2.466309119164536767 ) ) ;
#5577 = CARTESIAN_POINT ( 'NONE',  ( -0.2713260487806442578, -1.149999999999996581, 1.692140181738762461 ) ) ;
#5578 = CARTESIAN_POINT ( 'NONE',  ( 5.287150732346582949, 2.747150732346582469, -3.000000000000000000 ) ) ;
#5579 = FACE_OUTER_BOUND ( 'NONE', #2145, .T. ) ;
#5580 = ORIENTED_EDGE ( 'NONE', *, *, #8279, .T. ) ;
#5581 = CARTESIAN_POINT ( 'NONE',  ( 2.266799289467859690, 0.3199999999999998401, -2.359999999999988773 ) ) ;
#5582 = FILL_AREA_STYLE ('',( #1334 ) ) ;
#5583 = MECHANICAL_DESIGN_GEOMETRIC_PRESENTATION_REPRESENTATION (  '', ( #7184 ), #6911 ) ;
#5584 = LINE ( 'NONE', #9055, #1314 ) ;
#5585 = EDGE_CURVE ( 'NONE', #7071, #6436, #2376, .T. ) ;
#5586 =( BOUNDED_CURVE ( )  B_SPLINE_CURVE ( 3, ( #7763, #1469, #1564, #4297 ),
 .UNSPECIFIED., .F., .F. ) 
 B_SPLINE_CURVE_WITH_KNOTS ( ( 4, 4 ),
 ( 4.001096304623763307E-48, 0.7853981633974458365 ),
 .UNSPECIFIED. ) 
 CURVE ( )  GEOMETRIC_REPRESENTATION_ITEM ( )  RATIONAL_B_SPLINE_CURVE ( ( 1.000000000000000000, 0.9492530216741914550, 0.9492530216741914550, 1.000000000000000000 ) ) 
 REPRESENTATION_ITEM ( '' )  );
#5587 =( GEOMETRIC_REPRESENTATION_CONTEXT ( 3 ) GLOBAL_UNCERTAINTY_ASSIGNED_CONTEXT ( ( #8605 ) ) GLOBAL_UNIT_ASSIGNED_CONTEXT ( ( #2555, #7551, #4636 ) ) REPRESENTATION_CONTEXT ( 'NONE', 'WORKASPACE' ) );
#5588 = CARTESIAN_POINT ( 'NONE',  ( -1.019999999999999796, 3.270000000000000462, 0.6000000000000000888 ) ) ;
#5589 = PLANE ( 'NONE',  #2079 ) ;
#5590 = LINE ( 'NONE', #4038, #665 ) ;
#5591 = DIRECTION ( 'NONE',  ( -0.1710878697460330999, 0.1710878697460331277, -0.9702875252478148083 ) ) ;
#5592 = DIRECTION ( 'NONE',  ( -0.1710878697460327114, 0.1710878697460326836, 0.9702875252478149193 ) ) ;
#5593 = VERTEX_POINT ( 'NONE', #1642 ) ;
#5594 =( GEOMETRIC_REPRESENTATION_CONTEXT ( 3 ) GLOBAL_UNCERTAINTY_ASSIGNED_CONTEXT ( ( #6591 ) ) GLOBAL_UNIT_ASSIGNED_CONTEXT ( ( #5252, #6677, #5617 ) ) REPRESENTATION_CONTEXT ( 'NONE', 'WORKASPACE' ) );
#5595 = ORIENTED_EDGE ( 'NONE', *, *, #7437, .T. ) ;
#5596 = EDGE_CURVE ( 'NONE', #7436, #908, #2324, .T. ) ;
#5597 = SURFACE_STYLE_USAGE ( .BOTH. , #4781 ) ;
#5599 = EDGE_CURVE ( 'NONE', #1662, #7151, #1379, .T. ) ;
#5598 = STYLED_ITEM ( 'NONE', ( #8554 ), #925 ) ;
#5600 = CARTESIAN_POINT ( 'NONE',  ( -0.3012548339959390531, 0.3012548339959389421, -2.466309119164537655 ) ) ;
#5601 = EDGE_CURVE ( 'NONE', #5945, #8624, #11, .T. ) ;
#5603 = VERTEX_POINT ( 'NONE', #6149 ) ;
#5602 = ORIENTED_EDGE ( 'NONE', *, *, #2653, .T. ) ;
#5604 = CARTESIAN_POINT ( 'NONE',  ( -0.2468160340960198484, -1.129999999999999449, 1.361406071841797960 ) ) ;
#5605 = CARTESIAN_POINT ( 'NONE',  ( -0.2071507323465823780, 0.2071507323465822670, -3.000000000000000000 ) ) ;
#5606 = EDGE_LOOP ( 'NONE', ( #1592, #2424, #2890, #3453, #7031, #8907 ) ) ;
#5607 = COLOUR_RGB ( '',0.9686274509803921573, 0.8784313725490195957, 0.5999999999999999778 ) ;
#5608 = CARTESIAN_POINT ( 'NONE',  ( -0.3199999999999999512, 0.3199999999999998401, -2.359999999999988773 ) ) ;
#5609 = DIRECTION ( 'NONE',  ( -0.7071067811865469066, 0.7071067811865482389, 0.000000000000000000 ) ) ;
#5610 = CARTESIAN_POINT ( 'NONE',  ( 1.270000000000000462, 3.270000000000000462, 0.6000000000000000888 ) ) ;
#5612 = ORIENTED_EDGE ( 'NONE', *, *, #8011, .T. ) ;
#5611 = ORIENTED_EDGE ( 'NONE', *, *, #5537, .T. ) ;
#5613 = DIRECTION ( 'NONE',  ( -0.9396926207859083169, 0.3420201433256690460, 0.000000000000000000 ) ) ;
#5614 = ORIENTED_EDGE ( 'NONE', *, *, #6603, .F. ) ;
#5615 = CARTESIAN_POINT ( 'NONE',  ( 2.796000000000000263, -0.3200000000000001732, -2.359999999999988773 ) ) ;
#5616 = ADVANCED_FACE ( 'NONE', ( #2131 ), #8101, .F. ) ;
#5617 =( NAMED_UNIT ( * ) SI_UNIT ( $, .STERADIAN. ) SOLID_ANGLE_UNIT ( ) );
#5618 = LINE ( 'NONE', #8404, #877 ) ;
#5619 = EDGE_CURVE ( 'NONE', #3921, #5651, #4943, .T. ) ;
#5620 = LINE ( 'NONE', #1567, #4101 ) ;
#5621 = CARTESIAN_POINT ( 'NONE',  ( 1.269999999999999352, 3.499999999999997780, 0.5999999999999998668 ) ) ;
#5622 = CARTESIAN_POINT ( 'NONE',  ( 4.760000000000000675, 2.860000000000000320, -2.359999999999988773 ) ) ;
#5623 = CARTESIAN_POINT ( 'NONE',  ( 4.878912788997921801, 2.338912788997920877, 8.584387938363944315 ) ) ;
#5624 = ORIENTED_EDGE ( 'NONE', *, *, #4003, .T. ) ;
#5625 = DIRECTION ( 'NONE',  ( -0.000000000000000000, -0.000000000000000000, -1.000000000000000000 ) ) ;
#5626 =( NAMED_UNIT ( * ) PLANE_ANGLE_UNIT ( ) SI_UNIT ( $, .RADIAN. ) );
#5627 = MECHANICAL_DESIGN_GEOMETRIC_PRESENTATION_REPRESENTATION (  '', ( #4323 ), #7947 ) ;
#5628 = CARTESIAN_POINT ( 'NONE',  ( -0.3464101615137760160, -1.046666666666666856, 2.449999999999999734 ) ) ;
#5629 = CARTESIAN_POINT ( 'NONE',  ( 1.520000000000000240, -0.7700000000000002398, 0.4500000000000001221 ) ) ;
#5630 = CARTESIAN_POINT ( 'NONE',  ( 0.2732007105321402896, 0.3199999999999993960, 7.909999999999990372 ) ) ;
#5631 = PRESENTATION_LAYER_ASSIGNMENT (  '', '', ( #3290 ) ) ;
#5632 = CARTESIAN_POINT ( 'NONE',  ( 0.2216643011576611144, -1.250000000000001110, 1.157682800369860932 ) ) ;
#5633 = FILL_AREA_STYLE ('',( #576 ) ) ;
#5634 = EDGE_CURVE ( 'NONE', #2987, #5547, #441, .T. ) ;
#5635 = DIRECTION ( 'NONE',  ( 6.842277657836020854E-49, -5.078189165123089681E-17, 1.000000000000000000 ) ) ;
#5636 = CARTESIAN_POINT ( 'NONE',  ( 5.400000000000000355, 2.795999999999999375, 8.550000000000000711 ) ) ;
#5637 = ORIENTED_EDGE ( 'NONE', *, *, #6620, .T. ) ;
#5638 =( GEOMETRIC_REPRESENTATION_CONTEXT ( 3 ) GLOBAL_UNCERTAINTY_ASSIGNED_CONTEXT ( ( #6870 ) ) GLOBAL_UNIT_ASSIGNED_CONTEXT ( ( #5469, #3504, #7581 ) ) REPRESENTATION_CONTEXT ( 'NONE', 'WORKASPACE' ) );
#5639 = VERTEX_POINT ( 'NONE', #7727 ) ;
#5640 =( BOUNDED_CURVE ( )  B_SPLINE_CURVE ( 3, ( #213, #3775, #6656, #5095 ),
 .UNSPECIFIED., .F., .F. ) 
 B_SPLINE_CURVE_WITH_KNOTS ( ( 4, 4 ),
 ( 2.356194490192344837, 3.141592653589792228 ),
 .UNSPECIFIED. ) 
 CURVE ( )  GEOMETRIC_REPRESENTATION_ITEM ( )  RATIONAL_B_SPLINE_CURVE ( ( 1.000000000000000000, 0.9492530216741912330, 0.9492530216741912330, 1.000000000000000000 ) ) 
 REPRESENTATION_ITEM ( '' )  );
#5641 = CARTESIAN_POINT ( 'NONE',  ( 0.2713252480996605764, -1.149999999999999245, 1.693495221222853786 ) ) ;
#5642 = DIRECTION ( 'NONE',  ( -0.000000000000000000, 1.000000000000000000, -0.000000000000000000 ) ) ;
#5643 =( GEOMETRIC_REPRESENTATION_CONTEXT ( 3 ) GLOBAL_UNCERTAINTY_ASSIGNED_CONTEXT ( ( #7847 ) ) GLOBAL_UNIT_ASSIGNED_CONTEXT ( ( #6503, #5261, #2276 ) ) REPRESENTATION_CONTEXT ( 'NONE', 'WORKASPACE' ) );
#5644 = SURFACE_STYLE_USAGE ( .BOTH. , #1398 ) ;
#5645 = CARTESIAN_POINT ( 'NONE',  ( 1.370000000000002105, -0.9999999999999988898, 0.5999999999999998668 ) ) ;
#5647 = ORIENTED_EDGE ( 'NONE', *, *, #1599, .F. ) ;
#5646 = ORIENTED_EDGE ( 'NONE', *, *, #2085, .F. ) ;
#5648 = PRODUCT_DEFINITION_CONTEXT ( 'detailed design', #3090, 'design' ) ;
#5649 = CARTESIAN_POINT ( 'NONE',  ( -0.2786088852086245904, -1.129999999999999227, 1.456812854656623690 ) ) ;
#5650 = PRESENTATION_STYLE_ASSIGNMENT (( #2067 ) ) ;
#5651 = VERTEX_POINT ( 'NONE', #3565 ) ;
#5652 = MECHANICAL_DESIGN_GEOMETRIC_PRESENTATION_REPRESENTATION (  '', ( #8419 ), #4496 ) ;
#5653 = AXIS2_PLACEMENT_3D ( 'NONE', #1234, #3875, #1761 ) ;
#5654 = CARTESIAN_POINT ( 'NONE',  ( 0.3200000000000000622, 2.860000000000000320, -2.359999999999988773 ) ) ;
#5655 = EDGE_CURVE ( 'NONE', #2596, #6654, #8239, .T. ) ;
#5656 = CARTESIAN_POINT ( 'NONE',  ( -0.2417630375826165801, -1.231253196266919980, 1.457891629146800705 ) ) ;
#5657 = AXIS2_PLACEMENT_3D ( 'NONE', #2784, #657, #4762 ) ;
#5658 = DIRECTION ( 'NONE',  ( 0.7071067811865435759, 0.000000000000000000, -0.7071067811865515695 ) ) ;
#5659 = CARTESIAN_POINT ( 'NONE',  ( 2.860000000000000320, 2.283999999999999808, -2.359999999999988773 ) ) ;
#5661 = ORIENTED_EDGE ( 'NONE', *, *, #7589, .F. ) ;
#5660 = VERTEX_POINT ( 'NONE', #4645 ) ;
#5662 = UNCERTAINTY_MEASURE_WITH_UNIT (LENGTH_MEASURE( 1.000000000000000082E-05 ), #4809, 'distance_accuracy_value', 'NONE');
#5663 = LINE ( 'NONE', #5100, #9030 ) ;
#5664 = FACE_OUTER_BOUND ( 'NONE', #849, .T. ) ;
#5665 = ORIENTED_EDGE ( 'NONE', *, *, #4840, .F. ) ;
#5666 = SURFACE_STYLE_FILL_AREA ( #5149 ) ;
#5667 = COLOUR_RGB ( '',0.9686274509803921573, 0.8784313725490195957, 0.5999999999999999778 ) ;
#5668 = AXIS2_PLACEMENT_3D ( 'NONE', #7227, #8647, #2232 ) ;
#5669 = CARTESIAN_POINT ( 'NONE',  ( -5.007143004635796034E-17, -1.149999999999999911, 1.589024663320367736 ) ) ;
#5670 =( LENGTH_UNIT ( ) NAMED_UNIT ( * ) SI_UNIT ( .MILLI., .METRE. ) );
#5671 = PRESENTATION_STYLE_ASSIGNMENT (( #7889 ) ) ;
#5672 = SURFACE_STYLE_USAGE ( .BOTH. , #7174 ) ;
#5673 = FILL_AREA_STYLE ('',( #6307 ) ) ;
#5674 = EDGE_LOOP ( 'NONE', ( #7321, #6684, #1794, #8762, #1649, #6567, #1898, #5580, #8937, #872, #286, #582, #636, #2483, #8115, #7490, #1897, #4761, #534, #7525, #4196, #3016 ) ) ;
#5675 = SURFACE_SIDE_STYLE ('',( #8412 ) ) ;
#5676 = LINE ( 'NONE', #2001, #2518 ) ;
#5677 = EDGE_CURVE ( 'NONE', #908, #9002, #8150, .T. ) ;
#5678 = PLANE ( 'NONE',  #6742 ) ;
#5679 = SURFACE_STYLE_USAGE ( .BOTH. , #2966 ) ;
#5680 = SURFACE_STYLE_FILL_AREA ( #621 ) ;
#5681 = CARTESIAN_POINT ( 'NONE',  ( 0.1569483399696933457, -1.180008786204581606, 0.7445252815183058814 ) ) ;
#5682 = FILL_AREA_STYLE ('',( #2836 ) ) ;
#5683 = DIRECTION ( 'NONE',  ( 0.7071067811865515695, -0.000000000000000000, 0.7071067811865435759 ) ) ;
#5684 = ORIENTED_EDGE ( 'NONE', *, *, #956, .T. ) ;
#5685 = ORIENTED_EDGE ( 'NONE', *, *, #2285, .F. ) ;
#5686 = EDGE_CURVE ( 'NONE', #7196, #1736, #3998, .T. ) ;
#5687 = LINE ( 'NONE', #1493, #4405 ) ;
#5688 = DIRECTION ( 'NONE',  ( -0.000000000000000000, 1.000000000000000000, 0.000000000000000000 ) ) ;
#5689 = CARTESIAN_POINT ( 'NONE',  ( 5.381254833995939180, 0.3012548339959383870, 8.016309119164537478 ) ) ;
#5690 = VECTOR ( 'NONE', #8617, 1000.000000000000000 ) ;
#5692 = ORIENTED_EDGE ( 'NONE', *, *, #709, .T. ) ;
#5691 = ORIENTED_EDGE ( 'NONE', *, *, #7859, .F. ) ;
#5693 = FILL_AREA_STYLE_COLOUR ( '', #4673 ) ;
#5694 = SURFACE_STYLE_USAGE ( .BOTH. , #5047 ) ;
#5695 = ORIENTED_EDGE ( 'NONE', *, *, #3244, .T. ) ;
#5696 = ADVANCED_FACE ( 'NONE', ( #7563 ), #4256, .T. ) ;
#5697 = DIRECTION ( 'NONE',  ( -0.7071067811865515695, -0.000000000000000000, -0.7071067811865435759 ) ) ;
#5698 = STYLED_ITEM ( 'NONE', ( #2355 ), #5771 ) ;
#5699 = VECTOR ( 'NONE', #6787, 1000.000000000000000 ) ;
#5700 = SURFACE_SIDE_STYLE ('',( #728 ) ) ;
#5701 =( NAMED_UNIT ( * ) SI_UNIT ( $, .STERADIAN. ) SOLID_ANGLE_UNIT ( ) );
#5702 = PLANE ( 'NONE',  #210 ) ;
#5703 =( NAMED_UNIT ( * ) PLANE_ANGLE_UNIT ( ) SI_UNIT ( $, .RADIAN. ) );
#5705 = ORIENTED_EDGE ( 'NONE', *, *, #4284, .F. ) ;
#5704 = EDGE_LOOP ( 'NONE', ( #1462, #671, #2991, #4632, #7363, #4829 ) ) ;
#5706 = CARTESIAN_POINT ( 'NONE',  ( 4.778745166004060962, 2.238745166004060039, 8.016309119164535701 ) ) ;
#5707 = VERTEX_POINT ( 'NONE', #5857 ) ;
#5708 = DIRECTION ( 'NONE',  ( -1.000000000000000000, 0.000000000000000000, 0.000000000000000000 ) ) ;
#5709 = COLOUR_RGB ( '',1.000000000000000000, 0.8431372549019607865, 0.000000000000000000 ) ;
#5710 = CARTESIAN_POINT ( 'NONE',  ( 4.760000000000000675, 0.2732007105321395124, 7.909999999999986819 ) ) ;
#5711 = ADVANCED_FACE ( 'NONE', ( #5074 ), #7086, .F. ) ;
#5712 = LINE ( 'NONE', #5111, #1304 ) ;
#5713 = DIRECTION ( 'NONE',  ( -1.000000000000000000, 0.000000000000000000, 0.000000000000000000 ) ) ;
#5714 = EDGE_LOOP ( 'NONE', ( #7382, #7291, #3813, #8607, #154, #5534 ) ) ;
#5715 = DIRECTION ( 'NONE',  ( 6.842277657836020854E-49, -5.078189165123089681E-17, 1.000000000000000000 ) ) ;
#5716 = DIRECTION ( 'NONE',  ( 0.7071067811865435759, -0.000000000000000000, -0.7071067811865515695 ) ) ;
#5717 = EDGE_CURVE ( 'NONE', #6469, #4439, #1776, .T. ) ;
#5718 = DIRECTION ( 'NONE',  ( 0.000000000000000000, -1.000000000000000000, 0.000000000000000000 ) ) ;
#5719 = EDGE_CURVE ( 'NONE', #732, #6947, #2917, .T. ) ;
#5720 = CARTESIAN_POINT ( 'NONE',  ( -0.3199999999999999512, 2.860000000000000320, -2.359999999999988773 ) ) ;
#5721 = VECTOR ( 'NONE', #5991, 1000.000000000000000 ) ;
#5722 = FILL_AREA_STYLE ('',( #98 ) ) ;
#5723 =( NAMED_UNIT ( * ) SI_UNIT ( $, .STERADIAN. ) SOLID_ANGLE_UNIT ( ) );
#5724 = LINE ( 'NONE', #889, #6329 ) ;
#5725 =( NAMED_UNIT ( * ) PLANE_ANGLE_UNIT ( ) SI_UNIT ( $, .RADIAN. ) );
#5726 = DIRECTION ( 'NONE',  ( 0.000000000000000000, -1.000000000000000000, 0.000000000000000000 ) ) ;
#5727 = MECHANICAL_DESIGN_GEOMETRIC_PRESENTATION_REPRESENTATION (  '', ( #8350 ), #6597 ) ;
#5728 = VECTOR ( 'NONE', #4965, 1000.000000000000114 ) ;
#5729 = DIRECTION ( 'NONE',  ( 0.000000000000000000, -1.000000000000000000, 0.000000000000000000 ) ) ;
#5730 = ORIENTED_EDGE ( 'NONE', *, *, #1092, .F. ) ;
#5731 = ORIENTED_EDGE ( 'NONE', *, *, #2976, .T. ) ;
#5732 = CARTESIAN_POINT ( 'NONE',  ( -0.3199999999999999512, 2.795999999999999375, 7.909999999999988596 ) ) ;
#5733 = FACE_OUTER_BOUND ( 'NONE', #4601, .T. ) ;
#5734 = EDGE_CURVE ( 'NONE', #5830, #1585, #6582, .T. ) ;
#5735 = ORIENTED_EDGE ( 'NONE', *, *, #764, .F. ) ;
#5736 = PRESENTATION_LAYER_ASSIGNMENT (  '', '', ( #596 ) ) ;
#5738 = VERTEX_POINT ( 'NONE', #7809 ) ;
#5737 = ORIENTED_EDGE ( 'NONE', *, *, #2440, .T. ) ;
#5739 = UNCERTAINTY_MEASURE_WITH_UNIT (LENGTH_MEASURE( 1.000000000000000082E-05 ), #4609, 'distance_accuracy_value', 'NONE');
#5740 = CARTESIAN_POINT ( 'NONE',  ( -0.2559999999999999498, 2.219999999999999307, 7.909999999999988596 ) ) ;
#5741 = ORIENTED_EDGE ( 'NONE', *, *, #6369, .T. ) ;
#5742 =( LENGTH_UNIT ( ) NAMED_UNIT ( * ) SI_UNIT ( .MILLI., .METRE. ) );
#5743 = AXIS2_PLACEMENT_3D ( 'NONE', #5720, #7180, #233 ) ;
#5744 =( LENGTH_UNIT ( ) NAMED_UNIT ( * ) SI_UNIT ( .MILLI., .METRE. ) );
#5745 = PRESENTATION_STYLE_ASSIGNMENT (( #2944 ) ) ;
#5746 =( LENGTH_UNIT ( ) NAMED_UNIT ( * ) SI_UNIT ( .MILLI., .METRE. ) );
#5747 = LINE ( 'NONE', #5969, #1211 ) ;
#5749 = ORIENTED_EDGE ( 'NONE', *, *, #6508, .T. ) ;
#5748 = ORIENTED_EDGE ( 'NONE', *, *, #5182, .T. ) ;
#5750 = UNCERTAINTY_MEASURE_WITH_UNIT (LENGTH_MEASURE( 1.000000000000000082E-05 ), #8867, 'distance_accuracy_value', 'NONE');
#5751 = EDGE_CURVE ( 'NONE', #6482, #5976, #1667, .T. ) ;
#5752 = DIRECTION ( 'NONE',  ( -0.1710878697460326558, -0.1710878697460326836, -0.9702875252478149193 ) ) ;
#5753 =( LENGTH_UNIT ( ) NAMED_UNIT ( * ) SI_UNIT ( .MILLI., .METRE. ) );
#5754 = VECTOR ( 'NONE', #4827, 1000.000000000000000 ) ;
#5755 = ORIENTED_EDGE ( 'NONE', *, *, #7775, .F. ) ;
#5756 = SURFACE_STYLE_USAGE ( .BOTH. , #2952 ) ;
#5757 = B_SPLINE_CURVE_WITH_KNOTS ( 'NONE', 3,
 ( #8703, #2419, #8002, #1733, #3120, #8803, #7429, #7374, #8104, #5231, #1079, #349, #6062, #6019 ),
 .UNSPECIFIED., .F., .F.,
 ( 4, 3, 2, 2, 3, 4 ),
 ( 0.000000000000000000, 1.463809135176860971E-06, 2.991038687301428954E-05, 5.835696461085171344E-05, 0.0001152501200865265748, 0.0001164441600854332164 ),
 .UNSPECIFIED. ) ;
#5758 = FILL_AREA_STYLE_COLOUR ( '', #8940 ) ;
#5759 = VECTOR ( 'NONE', #8713, 1000.000000000000000 ) ;
#5760 = CARTESIAN_POINT ( 'NONE',  ( 4.766582426945557671, 0.2890920949374352067, 7.947330798265291207 ) ) ;
#5761 = CARTESIAN_POINT ( 'NONE',  ( 3.810000000000000941, -0.9999999999999988898, 0.5999999999999998668 ) ) ;
#5762 = SURFACE_STYLE_USAGE ( .BOTH. , #4939 ) ;
#5763 = CARTESIAN_POINT ( 'NONE',  ( 0.2560000000000001719, 0.2559999999999993392, 8.550000000000000711 ) ) ;
#5764 = VERTEX_POINT ( 'NONE', #7850 ) ;
#5765 = DIRECTION ( 'NONE',  ( 0.000000000000000000, 1.000000000000000000, 0.000000000000000000 ) ) ;
#5766 = CARTESIAN_POINT ( 'NONE',  ( 0.2713045814164016245, -1.149999999999990807, 0.8473473234546057276 ) ) ;
#5767 = CARTESIAN_POINT ( 'NONE',  ( 3.709999999999999076, -0.9999999999999978906, 2.350000000000000089 ) ) ;
#5768 = VECTOR ( 'NONE', #3492, 1000.000000000000000 ) ;
#5769 = FACE_OUTER_BOUND ( 'NONE', #314, .T. ) ;
#5770 = SURFACE_STYLE_USAGE ( .BOTH. , #146 ) ;
#5771 = ADVANCED_FACE ( 'NONE', ( #8506 ), #1529, .F. ) ;
#5772 = SURFACE_SIDE_STYLE ('',( #6540 ) ) ;
#5773 = VECTOR ( 'NONE', #5822, 1000.000000000000000 ) ;
#5774 = CARTESIAN_POINT ( 'NONE',  ( -0.1566949385773060144, -1.200014643514597967, 0.7518068180901287256 ) ) ;
#5775 = DIRECTION ( 'NONE',  ( -0.9848077530122085754, -8.341646135128160883E-17, 0.1736481776669273891 ) ) ;
#5776 = DIRECTION ( 'NONE',  ( -0.1710878697460330722, -0.1710878697460331554, 0.9702875252478149193 ) ) ;
#5777 = UNCERTAINTY_MEASURE_WITH_UNIT (LENGTH_MEASURE( 1.000000000000000082E-05 ), #8568, 'distance_accuracy_value', 'NONE');
#5778 = CARTESIAN_POINT ( 'NONE',  ( 3.309999999999999609, 3.749999999999999112, 2.500000000000000000 ) ) ;
#5779 = PLANE ( 'NONE',  #6370 ) ;
#5780 = ORIENTED_EDGE ( 'NONE', *, *, #1740, .T. ) ;
#5781 =( BOUNDED_CURVE ( )  B_SPLINE_CURVE ( 3, ( #3040, #5848, #448, #6021 ),
 .UNSPECIFIED., .F., .F. ) 
 B_SPLINE_CURVE_WITH_KNOTS ( ( 4, 4 ),
 ( 5.497787143782138841, 6.283185307179586232 ),
 .UNSPECIFIED. ) 
 CURVE ( )  GEOMETRIC_REPRESENTATION_ITEM ( )  RATIONAL_B_SPLINE_CURVE ( ( 1.000000000000000000, 0.9492530216741912330, 0.9492530216741912330, 1.000000000000000000 ) ) 
 REPRESENTATION_ITEM ( '' )  );
#5782 = LINE ( 'NONE', #8563, #1468 ) ;
#5783 = AXIS2_PLACEMENT_3D ( 'NONE', #5482, #8271, #1995 ) ;
#5784 = CARTESIAN_POINT ( 'NONE',  ( 6.249999999999999112, 3.499999999999998224, 2.350000000000000089 ) ) ;
#5785 = LINE ( 'NONE', #5828, #2914 ) ;
#5786 = FILL_AREA_STYLE ('',( #2977 ) ) ;
#5787 =( GEOMETRIC_REPRESENTATION_CONTEXT ( 3 ) GLOBAL_UNCERTAINTY_ASSIGNED_CONTEXT ( ( #3389 ) ) GLOBAL_UNIT_ASSIGNED_CONTEXT ( ( #823, #8706, #5054 ) ) REPRESENTATION_CONTEXT ( 'NONE', 'WORKASPACE' ) );
#5788 = ADVANCED_FACE ( 'NONE', ( #794 ), #3617, .T. ) ;
#5790 = ORIENTED_EDGE ( 'NONE', *, *, #1365, .F. ) ;
#5789 = VERTEX_POINT ( 'NONE', #5988 ) ;
#5791 =( LENGTH_UNIT ( ) NAMED_UNIT ( * ) SI_UNIT ( .MILLI., .METRE. ) );
#5792 =( NAMED_UNIT ( * ) SI_UNIT ( $, .STERADIAN. ) SOLID_ANGLE_UNIT ( ) );
#5793 = ORIENTED_EDGE ( 'NONE', *, *, #4089, .T. ) ;
#5794 = EDGE_CURVE ( 'NONE', #115, #7661, #2014, .T. ) ;
#5795 = LINE ( 'NONE', #4285, #7905 ) ;
#5796 = MECHANICAL_DESIGN_GEOMETRIC_PRESENTATION_REPRESENTATION (  '', ( #2852 ), #5488 ) ;
#5797 = CARTESIAN_POINT ( 'NONE',  ( 2.813200710532140825, 0.3199999999999993960, 7.909999999999990372 ) ) ;
#5798 = PLANE ( 'NONE',  #3300 ) ;
#5800 = EDGE_LOOP ( 'NONE', ( #2343, #4290, #3922, #3706, #4868, #378 ) ) ;
#5799 = ORIENTED_EDGE ( 'NONE', *, *, #6164, .T. ) ;
#5801 = DIRECTION ( 'NONE',  ( 1.000000000000000000, -1.408054769461693942E-16, 0.000000000000000000 ) ) ;
#5802 = COLOUR_RGB ( '',0.9686274509803921573, 0.8784313725490195957, 0.5999999999999999778 ) ;
#5803 = FACE_OUTER_BOUND ( 'NONE', #5325, .T. ) ;
#5804 = AXIS2_PLACEMENT_3D ( 'NONE', #4111, #5475, #6346 ) ;
#5805 = EDGE_LOOP ( 'NONE', ( #7247, #4137, #6344, #4699 ) ) ;
#5806 = PRESENTATION_STYLE_ASSIGNMENT (( #1610 ) ) ;
#5807 = B_SPLINE_CURVE_WITH_KNOTS ( 'NONE', 3,
 ( #7561, #3257, #4729, #6013, #1254, #8098, #8886, #580, #532, #1171 ),
 .UNSPECIFIED., .F., .F.,
 ( 4, 3, 3, 4 ),
 ( 0.000000000000000000, 3.193694500260459130E-05, 6.387389000520873536E-05, 0.0001064205049631835188 ),
 .UNSPECIFIED. ) ;
#5808 = VECTOR ( 'NONE', #2946, 1000.000000000000114 ) ;
#5809 = CARTESIAN_POINT ( 'NONE',  ( 0.2410059295283514258, -1.233333333550099553, 1.692571428441517867 ) ) ;
#5810 = VECTOR ( 'NONE', #6157, 1000.000000000000000 ) ;
#5811 = FILL_AREA_STYLE ('',( #916 ) ) ;
#5813 = VERTEX_POINT ( 'NONE', #1103 ) ;
#5812 = ORIENTED_EDGE ( 'NONE', *, *, #4115, .T. ) ;
#5814 = CARTESIAN_POINT ( 'NONE',  ( 4.760000000000000675, -0.2560000000000006715, 7.909999999999988596 ) ) ;
#5815 = CARTESIAN_POINT ( 'NONE',  ( 5.369092094937435888, 2.226582426945557636, 7.947330798265291207 ) ) ;
#5816 = AXIS2_PLACEMENT_3D ( 'NONE', #5352, #2461, #7414 ) ;
#5817 = VECTOR ( 'NONE', #5492, 1000.000000000000000 ) ;
#5818 = CARTESIAN_POINT ( 'NONE',  ( 0.2132409442306422709, -1.250000000000001110, 1.169951629842689966 ) ) ;
#5819 = CARTESIAN_POINT ( 'NONE',  ( 4.759999999999999787, 2.813200710532139492, 7.909999999999986819 ) ) ;
#5820 = COLOUR_RGB ( '',0.9686274509803921573, 0.8784313725490195957, 0.5999999999999999778 ) ;
#5821 = FILL_AREA_STYLE ('',( #800 ) ) ;
#5822 = DIRECTION ( 'NONE',  ( -8.470329472543003391E-17, 1.000000000000000000, 0.000000000000000000 ) ) ;
#5823 = CARTESIAN_POINT ( 'NONE',  ( 3.760000000000001119, 3.270000000000000462, 0.6500000000000003553 ) ) ;
#5824 = VERTEX_POINT ( 'NONE', #8774 ) ;
#5825 = LINE ( 'NONE', #156, #5444 ) ;
#5826 = ADVANCED_FACE ( 'NONE', ( #2499 ), #1902, .F. ) ;
#5827 =( LENGTH_UNIT ( ) NAMED_UNIT ( * ) SI_UNIT ( .MILLI., .METRE. ) );
#5828 = CARTESIAN_POINT ( 'NONE',  ( -1.019999999999999796, -0.000000000000000000, 0.000000000000000000 ) ) ;
#5829 = FILL_AREA_STYLE_COLOUR ( '', #2096 ) ;
#5831 = EDGE_LOOP ( 'NONE', ( #1972, #7968, #3321, #6100, #6718, #7304 ) ) ;
#5830 = VERTEX_POINT ( 'NONE', #8036 ) ;
#5832 = CARTESIAN_POINT ( 'NONE',  ( -0.3012548339959390531, 2.841254833995939144, -2.466309119164537655 ) ) ;
#5833 = CARTESIAN_POINT ( 'NONE',  ( 0.000000000000000000, 0.2071507323465813233, 8.550000000000000711 ) ) ;
#5834 = EDGE_LOOP ( 'NONE', ( #590, #7798, #6323, #6906 ) ) ;
#5835 = ADVANCED_FACE ( 'NONE', ( #464 ), #8081, .T. ) ;
#5836 = DIRECTION ( 'NONE',  ( 0.000000000000000000, 0.000000000000000000, 1.000000000000000000 ) ) ;
#5837 = FILL_AREA_STYLE ('',( #1745 ) ) ;
#5838 = PRESENTATION_LAYER_ASSIGNMENT (  '', '', ( #6867 ) ) ;
#5840 = ORIENTED_EDGE ( 'NONE', *, *, #7405, .F. ) ;
#5839 = ORIENTED_EDGE ( 'NONE', *, *, #1290, .T. ) ;
#5841 = UNCERTAINTY_MEASURE_WITH_UNIT (LENGTH_MEASURE( 1.000000000000000082E-05 ), #7140, 'distance_accuracy_value', 'NONE');
#5842 = CARTESIAN_POINT ( 'NONE',  ( 0.2349397590361441412, -1.250000000000000888, 0.8488780120481929092 ) ) ;
#5843 = CARTESIAN_POINT ( 'NONE',  ( -0.2349831812470689618, -1.250000000000000444, 1.690085591070449089 ) ) ;
#5844 = EDGE_LOOP ( 'NONE', ( #5665, #8503, #3637, #270, #5420, #2296 ) ) ;
#5845 =( LENGTH_UNIT ( ) NAMED_UNIT ( * ) SI_UNIT ( .MILLI., .METRE. ) );
#5846 = AXIS2_PLACEMENT_3D ( 'NONE', #2963, #95, #4308 ) ;
#5847 = PRESENTATION_LAYER_ASSIGNMENT (  '', '', ( #4233 ) ) ;
#5848 = CARTESIAN_POINT ( 'NONE',  ( -0.2890920949374357618, -0.3134175730544429550, 7.947330798265291207 ) ) ;
#5849 = CYLINDRICAL_SURFACE ( 'NONE', #4344, 0.06399999999999982092 ) ;
#5850 = DIRECTION ( 'NONE',  ( -0.1710878697460327114, 0.1710878697460326836, 0.9702875252478149193 ) ) ;
#5851 = MECHANICAL_DESIGN_GEOMETRIC_PRESENTATION_REPRESENTATION (  '', ( #254 ), #403 ) ;
#5853 = ORIENTED_EDGE ( 'NONE', *, *, #64, .T. ) ;
#5852 = ORIENTED_EDGE ( 'NONE', *, *, #6569, .F. ) ;
#5854 = VECTOR ( 'NONE', #8883, 1000.000000000000000 ) ;
#5855 = CARTESIAN_POINT ( 'NONE',  ( 2.238745166004060927, -0.3012548339959397747, 8.016309119164535701 ) ) ;
#5856 = CARTESIAN_POINT ( 'NONE',  ( 0.1841190565292910863, -1.149999999999990807, 0.7357780467736286800 ) ) ;
#5857 = CARTESIAN_POINT ( 'NONE',  ( 0.2071507323465821004, 2.332849267653417158, 8.550000000000000711 ) ) ;
#5858 = PRESENTATION_STYLE_ASSIGNMENT (( #8598 ) ) ;
#5859 = MECHANICAL_DESIGN_GEOMETRIC_PRESENTATION_REPRESENTATION (  '', ( #3229 ), #1437 ) ;
#5860 = AXIS2_PLACEMENT_3D ( 'NONE', #5194, #362, #3133 ) ;
#5861 = CARTESIAN_POINT ( 'NONE',  ( 5.287150732346582949, 2.332849267653417158, -3.000000000000000000 ) ) ;
#5862 = CARTESIAN_POINT ( 'NONE',  ( 4.790907905062566030, 0.3134175730544417338, 7.947330798265291207 ) ) ;
#5863 = CARTESIAN_POINT ( 'NONE',  ( 4.778745166004060962, 2.841254833995938700, 8.016309119164535701 ) ) ;
#5864 = CARTESIAN_POINT ( 'NONE',  ( 0.1560617469879515551, -1.250000000000000000, 0.7700000000000001288 ) ) ;
#5865 = FACE_OUTER_BOUND ( 'NONE', #159, .T. ) ;
#5866 = DIRECTION ( 'NONE',  ( -0.7071067811865515695, -0.000000000000000000, -0.7071067811865435759 ) ) ;
#5867 = LINE ( 'NONE', #5034, #6686 ) ;
#5868 = FILL_AREA_STYLE ('',( #4543 ) ) ;
#5869 =( GEOMETRIC_REPRESENTATION_CONTEXT ( 3 ) GLOBAL_UNCERTAINTY_ASSIGNED_CONTEXT ( ( #2436 ) ) GLOBAL_UNIT_ASSIGNED_CONTEXT ( ( #2359, #4456, #3144 ) ) REPRESENTATION_CONTEXT ( 'NONE', 'WORKASPACE' ) );
#5870 = ORIENTED_EDGE ( 'NONE', *, *, #415, .F. ) ;
#5871 = COLOUR_RGB ( '',0.9686274509803921573, 0.8784313725490195957, 0.5999999999999999778 ) ;
#5872 = ADVANCED_FACE ( 'NONE', ( #3926 ), #5205, .F. ) ;
#5873 = ORIENTED_EDGE ( 'NONE', *, *, #3488, .F. ) ;
#5874 =( GEOMETRIC_REPRESENTATION_CONTEXT ( 3 ) GLOBAL_UNCERTAINTY_ASSIGNED_CONTEXT ( ( #3736 ) ) GLOBAL_UNIT_ASSIGNED_CONTEXT ( ( #6955, #2083, #8848 ) ) REPRESENTATION_CONTEXT ( 'NONE', 'WORKASPACE' ) );
#5875 = FILL_AREA_STYLE_COLOUR ( '', #5115 ) ;
#5876 = MECHANICAL_DESIGN_GEOMETRIC_PRESENTATION_REPRESENTATION (  '', ( #1163 ), #2052 ) ;
#5878 = ORIENTED_EDGE ( 'NONE', *, *, #7024, .T. ) ;
#5877 = VERTEX_POINT ( 'NONE', #4624 ) ;
#5879 = VERTEX_POINT ( 'NONE', #6720 ) ;
#5880 =( GEOMETRIC_REPRESENTATION_CONTEXT ( 3 ) GLOBAL_UNCERTAINTY_ASSIGNED_CONTEXT ( ( #8203 ) ) GLOBAL_UNIT_ASSIGNED_CONTEXT ( ( #5742, #2155, #7872 ) ) REPRESENTATION_CONTEXT ( 'NONE', 'WORKASPACE' ) );
#5881 = SURFACE_STYLE_USAGE ( .BOTH. , #1789 ) ;
#5882 = ADVANCED_FACE ( 'NONE', ( #414 ), #1189, .F. ) ;
#5883 =( BOUNDED_CURVE ( )  B_SPLINE_CURVE ( 3, ( #3841, #4676, #3985, #5957 ),
 .UNSPECIFIED., .F., .F. ) 
 B_SPLINE_CURVE_WITH_KNOTS ( ( 4, 4 ),
 ( 2.122493417915224361E-16, 0.7853981633974475018 ),
 .UNSPECIFIED. ) 
 CURVE ( )  GEOMETRIC_REPRESENTATION_ITEM ( )  RATIONAL_B_SPLINE_CURVE ( ( 1.000000000000000000, 0.9492530216741912330, 0.9492530216741912330, 1.000000000000000000 ) ) 
 REPRESENTATION_ITEM ( '' )  );
#5884 = DIRECTION ( 'NONE',  ( 1.000000000000000000, -1.408054769461693942E-16, 0.000000000000000000 ) ) ;
#5885 = FACE_OUTER_BOUND ( 'NONE', #1263, .T. ) ;
#5886 = EDGE_CURVE ( 'NONE', #5022, #3725, #6813, .T. ) ;
#5888 = ORIENTED_EDGE ( 'NONE', *, *, #738, .F. ) ;
#5887 = ORIENTED_EDGE ( 'NONE', *, *, #2409, .T. ) ;
#5889 = CARTESIAN_POINT ( 'NONE',  ( 2.284000000000000252, -0.3200000000000007283, 8.550000000000000711 ) ) ;
#5890 = CARTESIAN_POINT ( 'NONE',  ( -0.1553685607633399357, -1.250000000000000888, 1.770048312620811304 ) ) ;
#5891 = VERTEX_POINT ( 'NONE', #6124 ) ;
#5892 = CARTESIAN_POINT ( 'NONE',  ( -0.05396442235651247726, -1.149999999999999911, 1.270000000000000018 ) ) ;
#5893 = DIRECTION ( 'NONE',  ( -0.7071067811865435759, -0.000000000000000000, 0.7071067811865515695 ) ) ;
#5894 =( GEOMETRIC_REPRESENTATION_CONTEXT ( 3 ) GLOBAL_UNCERTAINTY_ASSIGNED_CONTEXT ( ( #3105 ) ) GLOBAL_UNIT_ASSIGNED_CONTEXT ( ( #5845, #4441, #7802 ) ) REPRESENTATION_CONTEXT ( 'NONE', 'WORKASPACE' ) );
#5895 = LINE ( 'NONE', #6715, #584 ) ;
#5896 = DIRECTION ( 'NONE',  ( -6.842277657836020854E-49, 5.078189165123089681E-17, -1.000000000000000000 ) ) ;
#5898 = ORIENTED_EDGE ( 'NONE', *, *, #8880, .T. ) ;
#5897 = ORIENTED_EDGE ( 'NONE', *, *, #3894, .F. ) ;
#5899 = PLANE ( 'NONE',  #672 ) ;
#5900 = DIRECTION ( 'NONE',  ( -1.000000000000000000, -1.445602896647340396E-16, 0.000000000000000000 ) ) ;
#5901 = ADVANCED_FACE ( 'NONE', ( #9088 ), #9006, .F. ) ;
#5902 = SURFACE_STYLE_FILL_AREA ( #6039 ) ;
#5903 = VECTOR ( 'NONE', #7991, 1000.000000000000000 ) ;
#5904 = ADVANCED_FACE ( 'NONE', ( #6301 ), #2124, .F. ) ;
#5905 = DIRECTION ( 'NONE',  ( 0.000000000000000000, -1.000000000000000000, 0.000000000000000000 ) ) ;
#5906 = CARTESIAN_POINT ( 'NONE',  ( 2.841254833995939144, 2.841254833995938256, 8.016309119164537478 ) ) ;
#5907 = LINE ( 'NONE', #101, #7794 ) ;
#5908 = B_SPLINE_CURVE_WITH_KNOTS ( 'NONE', 3,
 ( #6252, #7580, #9042, #8862, #8164, #1936, #2586 ),
 .UNSPECIFIED., .F., .F.,
 ( 4, 3, 4 ),
 ( 0.000000000000000000, 4.656973448363045139E-05, 0.0001064245802757178262 ),
 .UNSPECIFIED. ) ;
#5909 = FILL_AREA_STYLE_COLOUR ( '', #1546 ) ;
#5910 = CARTESIAN_POINT ( 'NONE',  ( 0.2672473181614726245, -1.129999999999999005, 1.752504738903651216 ) ) ;
#5911 = CARTESIAN_POINT ( 'NONE',  ( 3.709999999999999076, -0.9999999999999978906, 2.350000000000000089 ) ) ;
#5912 = ORIENTED_EDGE ( 'NONE', *, *, #3930, .F. ) ;
#5913 = CARTESIAN_POINT ( 'NONE',  ( 6.100000000000000533, 3.499999999999998224, 2.500000000000000000 ) ) ;
#5914 = MECHANICAL_DESIGN_GEOMETRIC_PRESENTATION_REPRESENTATION (  '', ( #1341 ), #8977 ) ;
#5915 = ORIENTED_EDGE ( 'NONE', *, *, #3371, .T. ) ;
#5916 = ORIENTED_EDGE ( 'NONE', *, *, #4278, .T. ) ;
#5917 = EDGE_CURVE ( 'NONE', #553, #6477, #4068, .T. ) ;
#5918 = PRESENTATION_LAYER_ASSIGNMENT (  '', '', ( #8837 ) ) ;
#5919 =( NAMED_UNIT ( * ) PLANE_ANGLE_UNIT ( ) SI_UNIT ( $, .RADIAN. ) );
#5920 = EDGE_CURVE ( 'NONE', #1244, #396, #2717, .T. ) ;
#5921 = CARTESIAN_POINT ( 'NONE',  ( 0.3012548339959392751, 2.238745166004060039, 8.016309119164535701 ) ) ;
#5922 = CARTESIAN_POINT ( 'NONE',  ( -1.020000000000000684, 3.499999999999997780, 0.000000000000000000 ) ) ;
#5923 = DIRECTION ( 'NONE',  ( -6.842277657836020854E-49, 5.078189165123089681E-17, -1.000000000000000000 ) ) ;
#5925 = ORIENTED_EDGE ( 'NONE', *, *, #1444, .F. ) ;
#5924 = EDGE_LOOP ( 'NONE', ( #8167, #5136, #7303, #7188 ) ) ;
#5926 = LINE ( 'NONE', #251, #6561 ) ;
#5927 = EDGE_LOOP ( 'NONE', ( #6300, #5852, #1677, #7617 ) ) ;
#5928 = CARTESIAN_POINT ( 'NONE',  ( 0.2132409442306430758, -1.249999999999998002, 1.169951629842690632 ) ) ;
#5929 = AXIS2_PLACEMENT_3D ( 'NONE', #4063, #683, #6905 ) ;
#5930 = CARTESIAN_POINT ( 'NONE',  ( -0.7699999999999996847, -1.250000000000000000, 0.000000000000000000 ) ) ;
#5931 = CARTESIAN_POINT ( 'NONE',  ( 0.2732007105321403451, -0.3200000000000007838, 7.909999999999986819 ) ) ;
#5933 = ORIENTED_EDGE ( 'NONE', *, *, #4394, .F. ) ;
#5932 = VERTEX_POINT ( 'NONE', #604 ) ;
#5934 = UNCERTAINTY_MEASURE_WITH_UNIT (LENGTH_MEASURE( 1.000000000000000082E-05 ), #8836, 'distance_accuracy_value', 'NONE');
#5935 = LINE ( 'NONE', #3082, #4061 ) ;
#5936 = ORIENTED_EDGE ( 'NONE', *, *, #2259, .F. ) ;
#5937 = VECTOR ( 'NONE', #4763, 1000.000000000000000 ) ;
#5938 = EDGE_CURVE ( 'NONE', #6937, #7008, #3381, .T. ) ;
#5939 = EDGE_CURVE ( 'NONE', #4372, #3958, #2728, .T. ) ;
#5940 = CARTESIAN_POINT ( 'NONE',  ( -0.2559999999999999498, 2.219999999999999307, 8.550000000000000711 ) ) ;
#5941 = MECHANICAL_DESIGN_GEOMETRIC_PRESENTATION_REPRESENTATION (  '', ( #7390 ), #4186 ) ;
#5942 = CARTESIAN_POINT ( 'NONE',  ( -0.2010872110020789083, 2.741087211002078305, 8.584387938363944315 ) ) ;
#5943 = LINE ( 'NONE', #4527, #4714 ) ;
#5945 = VERTEX_POINT ( 'NONE', #4933 ) ;
#5944 = ORIENTED_EDGE ( 'NONE', *, *, #380, .F. ) ;
#5946 = LINE ( 'NONE', #5202, #2139 ) ;
#5947 = CARTESIAN_POINT ( 'NONE',  ( 0.2700724310048543964, -1.149999999999990807, 0.8217727567765057417 ) ) ;
#5948 = EDGE_CURVE ( 'NONE', #4399, #3413, #2818, .T. ) ;
#5949 = CARTESIAN_POINT ( 'NONE',  ( 0.09036144578313230757, -1.250000000000000000, 0.9145783132530121984 ) ) ;
#5950 = PRESENTATION_LAYER_ASSIGNMENT (  '', '', ( #3759 ) ) ;
#5951 = MECHANICAL_DESIGN_GEOMETRIC_PRESENTATION_REPRESENTATION (  '', ( #1089 ), #519 ) ;
#5952 = CARTESIAN_POINT ( 'NONE',  ( 2.841266522128489402, -0.3012665221284895334, -2.466242832470900037 ) ) ;
#5953 = SURFACE_STYLE_FILL_AREA ( #8780 ) ;
#5954 = SURFACE_SIDE_STYLE ('',( #3149 ) ) ;
#5955 = VERTEX_POINT ( 'NONE', #5615 ) ;
#5956 = COLOUR_RGB ( '',0.9686274509803921573, 0.8784313725490195957, 0.5999999999999999778 ) ;
#5957 = CARTESIAN_POINT ( 'NONE',  ( -0.3012548339959390531, 2.238745166004060039, 8.016309119164535701 ) ) ;
#5958 = SURFACE_STYLE_USAGE ( .BOTH. , #4461 ) ;
#5959 = VECTOR ( 'NONE', #4815, 1000.000000000000000 ) ;
#5960 = EDGE_CURVE ( 'NONE', #2509, #7755, #2679, .T. ) ;
#5961 = ORIENTED_EDGE ( 'NONE', *, *, #8333, .T. ) ;
#5962 = ORIENTED_EDGE ( 'NONE', *, *, #442, .T. ) ;
#5963 = VECTOR ( 'NONE', #9003, 1000.000000000000000 ) ;
#5964 = AXIS2_PLACEMENT_3D ( 'NONE', #5443, #3386, #8177 ) ;
#5965 = PLANE ( 'NONE',  #559 ) ;
#5966 = CARTESIAN_POINT ( 'NONE',  ( -0.1855040689101490614, -1.129999999999998783, 0.7285820478135650591 ) ) ;
#5967 = CARTESIAN_POINT ( 'NONE',  ( -0.2560000000000000053, 2.795999999999999375, 8.550000000000000711 ) ) ;
#5968 = FILL_AREA_STYLE ('',( #7424 ) ) ;
#5969 = CARTESIAN_POINT ( 'NONE',  ( 0.3200000000000000622, 0.3199999999999998401, -2.359999999999988773 ) ) ;
#5970 = ORIENTED_EDGE ( 'NONE', *, *, #2248, .T. ) ;
#5971 = LINE ( 'NONE', #6512, #3935 ) ;
#5972 = VERTEX_POINT ( 'NONE', #6173 ) ;
#5973 = CARTESIAN_POINT ( 'NONE',  ( 0.2341917180556510047, -1.249999999999997780, 1.114848042196724176 ) ) ;
#5974 = LINE ( 'NONE', #2481, #4978 ) ;
#5975 = CARTESIAN_POINT ( 'NONE',  ( -0.2338056406508131346, -1.249999999999994449, 0.8276727744746829041 ) ) ;
#5977 = ORIENTED_EDGE ( 'NONE', *, *, #9012, .T. ) ;
#5976 = VERTEX_POINT ( 'NONE', #5476 ) ;
#5978 = CARTESIAN_POINT ( 'NONE',  ( 1.020000000000000462, -0.9999999999999978906, 0.000000000000000000 ) ) ;
#5979 = FILL_AREA_STYLE ('',( #8810 ) ) ;
#5980 = ORIENTED_EDGE ( 'NONE', *, *, #6722, .T. ) ;
#5981 = EDGE_CURVE ( 'NONE', #3224, #1310, #5526, .T. ) ;
#5982 = VECTOR ( 'NONE', #1961, 1000.000000000000000 ) ;
#5983 = SURFACE_STYLE_FILL_AREA ( #3183 ) ;
#5984 = SURFACE_STYLE_USAGE ( .BOTH. , #7257 ) ;
#5985 = CARTESIAN_POINT ( 'NONE',  ( -0.07143487197225274754, -1.197999665826966043, 0.9335048870638922303 ) ) ;
#5987 = EDGE_LOOP ( 'NONE', ( #4719, #7234, #3726, #4019 ) ) ;
#5986 = ORIENTED_EDGE ( 'NONE', *, *, #8355, .T. ) ;
#5988 = CARTESIAN_POINT ( 'NONE',  ( 0.3012548339959390531, 2.841254833995938256, 8.016309119164537478 ) ) ;
#5989 = COLOUR_RGB ( '',0.9686274509803921573, 0.8784313725490195957, 0.5999999999999999778 ) ;
#5990 =( BOUNDED_CURVE ( )  B_SPLINE_CURVE ( 3, ( #4349, #2216, #7170, #5016 ),
 .UNSPECIFIED., .F., .F. ) 
 B_SPLINE_CURVE_WITH_KNOTS ( ( 4, 4 ),
 ( 8.470329472542986627E-16, 0.7853981633974443932 ),
 .UNSPECIFIED. ) 
 CURVE ( )  GEOMETRIC_REPRESENTATION_ITEM ( )  RATIONAL_B_SPLINE_CURVE ( ( 1.000000000000000000, 0.9492530216741916771, 0.9492530216741916771, 1.000000000000000000 ) ) 
 REPRESENTATION_ITEM ( '' )  );
#5991 = DIRECTION ( 'NONE',  ( 1.000000000000000000, 0.000000000000000000, 0.000000000000000000 ) ) ;
#5992 = EDGE_CURVE ( 'NONE', #7501, #2064, #8360, .T. ) ;
#5993 = AXIS2_PLACEMENT_3D ( 'NONE', #4752, #6861, #557 ) ;
#5994 = PLANE ( 'NONE',  #1430 ) ;
#5995 =( NAMED_UNIT ( * ) PLANE_ANGLE_UNIT ( ) SI_UNIT ( $, .RADIAN. ) );
#5996 = STYLED_ITEM ( 'NONE', ( #339 ), #7519 ) ;
#5997 = CARTESIAN_POINT ( 'NONE',  ( -1.270000000000000684, 3.499999999999997780, 2.500000000000000000 ) ) ;
#5998 = CARTESIAN_POINT ( 'NONE',  ( -0.2560000000000000608, 0.3199999999999993960, 7.909999999999988596 ) ) ;
#5999 = PRESENTATION_STYLE_ASSIGNMENT (( #8741 ) ) ;
#6000 = ORIENTED_EDGE ( 'NONE', *, *, #6176, .F. ) ;
#6001 = PRESENTATION_STYLE_ASSIGNMENT (( #1066 ) ) ;
#6002 = CARTESIAN_POINT ( 'NONE',  ( 3.809999999999999609, 3.499999999999997780, 2.500000000000000000 ) ) ;
#6003 = ORIENTED_EDGE ( 'NONE', *, *, #5960, .T. ) ;
#6004 = CARTESIAN_POINT ( 'NONE',  ( -0.09036144578313276554, -1.250000000000000000, 0.9145783132530121984 ) ) ;
#6005 = VECTOR ( 'NONE', #6726, 1000.000000000000114 ) ;
#6006 = CARTESIAN_POINT ( 'NONE',  ( -0.1569483399696953441, -1.180008786204579607, 1.795474718481695486 ) ) ;
#6007 = ADVANCED_FACE ( 'NONE', ( #4243 ), #8216, .F. ) ;
#6008 = CARTESIAN_POINT ( 'NONE',  ( -0.1571002131738234997, -1.129999999999998561, 0.7262900176145011821 ) ) ;
#6009 = DIRECTION ( 'NONE',  ( -0.1710878697460330999, 0.1710878697460331277, -0.9702875252478148083 ) ) ;
#6010 =( GEOMETRIC_REPRESENTATION_CONTEXT ( 3 ) GLOBAL_UNCERTAINTY_ASSIGNED_CONTEXT ( ( #7756 ) ) GLOBAL_UNIT_ASSIGNED_CONTEXT ( ( #673, #4821, #7567 ) ) REPRESENTATION_CONTEXT ( 'NONE', 'WORKASPACE' ) );
#6011 = AXIS2_PLACEMENT_3D ( 'NONE', #7922, #3077, #8622 ) ;
#6012 = CARTESIAN_POINT ( 'NONE',  ( 2.813200710532140825, -0.3200000000000007283, 7.909999999999986819 ) ) ;
#6013 = CARTESIAN_POINT ( 'NONE',  ( -0.2604139838411309027, -1.180010142570189657, 0.8483446904390402610 ) ) ;
#6014 = VERTEX_POINT ( 'NONE', #515 ) ;
#6015 = CARTESIAN_POINT ( 'NONE',  ( -0.2732007105321400675, 2.859999999999999432, 7.909999999999988596 ) ) ;
#6016 = EDGE_LOOP ( 'NONE', ( #42, #2495, #6605, #9044 ) ) ;
#6017 = AXIS2_PLACEMENT_3D ( 'NONE', #2184, #797, #2228 ) ;
#6018 = MECHANICAL_DESIGN_GEOMETRIC_PRESENTATION_REPRESENTATION (  '', ( #6297 ), #726 ) ;
#6019 = CARTESIAN_POINT ( 'NONE',  ( 0.2713367824627647140, -1.149999999999999689, 1.100924175899257840 ) ) ;
#6020 = EDGE_CURVE ( 'NONE', #2109, #6840, #3338, .T. ) ;
#6021 = CARTESIAN_POINT ( 'NONE',  ( -0.2559999999999999498, -0.3200000000000006728, 7.909999999999988596 ) ) ;
#6022 = FILL_AREA_STYLE ('',( #587 ) ) ;
#6023 = FILL_AREA_STYLE_COLOUR ( '', #8194 ) ;
#6024 = VECTOR ( 'NONE', #2347, 1000.000000000000000 ) ;
#6026 = EDGE_LOOP ( 'NONE', ( #4098, #8924, #7961, #6852 ) ) ;
#6025 = ORIENTED_EDGE ( 'NONE', *, *, #2114, .F. ) ;
#6027 = UNCERTAINTY_MEASURE_WITH_UNIT (LENGTH_MEASURE( 1.000000000000000082E-05 ), #2271, 'distance_accuracy_value', 'NONE');
#6028 = VECTOR ( 'NONE', #7134, 1000.000000000000000 ) ;
#6029 = CARTESIAN_POINT ( 'NONE',  ( 2.220000000000000639, 2.266799289467859246, 7.909999999999988596 ) ) ;
#6030 = CARTESIAN_POINT ( 'NONE',  ( -0.1539821883141158920, -1.250000000000000888, 1.770144937862433876 ) ) ;
#6031 = ORIENTED_EDGE ( 'NONE', *, *, #8051, .F. ) ;
#6032 = FILL_AREA_STYLE_COLOUR ( '', #7167 ) ;
#6033 = ADVANCED_FACE ( 'NONE', ( #2080 ), #690, .F. ) ;
#6034 = DIRECTION ( 'NONE',  ( 0.000000000000000000, -0.000000000000000000, 1.000000000000000000 ) ) ;
#6035 = FACE_OUTER_BOUND ( 'NONE', #4377, .T. ) ;
#6037 = ORIENTED_EDGE ( 'NONE', *, *, #5018, .T. ) ;
#6036 = VERTEX_POINT ( 'NONE', #2034 ) ;
#6038 = DIRECTION ( 'NONE',  ( -0.000000000000000000, -0.000000000000000000, -1.000000000000000000 ) ) ;
#6039 = FILL_AREA_STYLE ('',( #7352 ) ) ;
#6040 = CARTESIAN_POINT ( 'NONE',  ( 5.400000000000000355, 2.813200710532140381, -2.359999999999986997 ) ) ;
#6041 = SURFACE_STYLE_USAGE ( .BOTH. , #3384 ) ;
#6042 = CARTESIAN_POINT ( 'NONE',  ( 2.226582426945557636, 2.829092094937435409, 7.947330798265289431 ) ) ;
#6043 = FILL_AREA_STYLE_COLOUR ( '', #947 ) ;
#6044 = CARTESIAN_POINT ( 'NONE',  ( 0.1690652669431453592, -1.129999999999999227, 1.812884886196573619 ) ) ;
#6045 = DIRECTION ( 'NONE',  ( -1.000000000000000000, 0.000000000000000000, -0.000000000000000000 ) ) ;
#6046 = ORIENTED_EDGE ( 'NONE', *, *, #5686, .T. ) ;
#6047 = UNCERTAINTY_MEASURE_WITH_UNIT (LENGTH_MEASURE( 1.000000000000000082E-05 ), #1927, 'distance_accuracy_value', 'NONE');
#6048 = CARTESIAN_POINT ( 'NONE',  ( -1.019999999999999796, 3.270000000000000462, 0.4500000000000001221 ) ) ;
#6049 = ORIENTED_EDGE ( 'NONE', *, *, #5220, .T. ) ;
#6050 = MECHANICAL_DESIGN_GEOMETRIC_PRESENTATION_REPRESENTATION (  '', ( #6631 ), #7067 ) ;
#6051 = CARTESIAN_POINT ( 'NONE',  ( 0.2560000000000001719, 0.3199999999999998401, -2.359999999999988773 ) ) ;
#6052 = EDGE_CURVE ( 'NONE', #5813, #3590, #1989, .T. ) ;
#6053 = ADVANCED_FACE ( 'NONE', ( #4846 ), #6992, .T. ) ;
#6054 = CARTESIAN_POINT ( 'NONE',  ( 0.2488372323167316325, -1.211817005974113126, 1.100357551796948608 ) ) ;
#6055 = STYLED_ITEM ( 'NONE', ( #2072 ), #1036 ) ;
#6056 = CARTESIAN_POINT ( 'NONE',  ( -9.912051728362343045E-17, -1.149999999999999911, 1.270000000000000018 ) ) ;
#6057 =( NAMED_UNIT ( * ) SI_UNIT ( $, .STERADIAN. ) SOLID_ANGLE_UNIT ( ) );
#6058 = CARTESIAN_POINT ( 'NONE',  ( 0.3012548339959392751, 2.841254833995939144, -2.466309119164536767 ) ) ;
#6059 = VERTEX_POINT ( 'NONE', #7930 ) ;
#6060 = ORIENTED_EDGE ( 'NONE', *, *, #4562, .T. ) ;
#6061 = VECTOR ( 'NONE', #7279, 1000.000000000000000 ) ;
#6062 = CARTESIAN_POINT ( 'NONE',  ( 0.2713213236866627853, -1.150000000000000133, 1.101230888130537711 ) ) ;
#6063 = ADVANCED_FACE ( 'NONE', ( #6348 ), #173, .T. ) ;
#6064 =( NAMED_UNIT ( * ) SI_UNIT ( $, .STERADIAN. ) SOLID_ANGLE_UNIT ( ) );
#6065 = VECTOR ( 'NONE', #2969, 1000.000000000000000 ) ;
#6066 = APPLICATION_PROTOCOL_DEFINITION ( 'draft international standard', 'automotive_design', 1998, #4043 ) ;
#6068 = ORIENTED_EDGE ( 'NONE', *, *, #5470, .F. ) ;
#6067 = ORIENTED_EDGE ( 'NONE', *, *, #13, .F. ) ;
#6069 = CARTESIAN_POINT ( 'NONE',  ( 0.1973794752863955171, -1.250000000000001110, 0.7781227024462210595 ) ) ;
#6070 = CARTESIAN_POINT ( 'NONE',  ( -0.1577689812403562652, -1.129999999999999227, 1.813663378379748004 ) ) ;
#6071 = ORIENTED_EDGE ( 'NONE', *, *, #5719, .T. ) ;
#6072 = DIRECTION ( 'NONE',  ( -0.9848077530122085754, -8.341646135128160883E-17, 0.1736481776669273891 ) ) ;
#6073 = ADVANCED_FACE ( 'NONE', ( #6397 ), #1609, .T. ) ;
#6074 = PLANE ( 'NONE',  #7465 ) ;
#6076 = VERTEX_POINT ( 'NONE', #873 ) ;
#6075 = ORIENTED_EDGE ( 'NONE', *, *, #5256, .F. ) ;
#6077 = LINE ( 'NONE', #1008, #3173 ) ;
#6078 = VECTOR ( 'NONE', #2700, 1000.000000000000000 ) ;
#6079 = ADVANCED_FACE ( 'NONE', ( #7762 ), #8496, .F. ) ;
#6080 = CARTESIAN_POINT ( 'NONE',  ( 0.2560000000000001719, 2.283999999999999364, 8.550000000000000711 ) ) ;
#6081 = ADVANCED_FACE ( 'NONE', ( #1515 ), #7125, .T. ) ;
#6082 = CARTESIAN_POINT ( 'NONE',  ( -0.3199999999999999512, 2.795999999999999819, -2.359999999999988773 ) ) ;
#6083 =( NAMED_UNIT ( * ) SI_UNIT ( $, .STERADIAN. ) SOLID_ANGLE_UNIT ( ) );
#6084 = CARTESIAN_POINT ( 'NONE',  ( -9.912051728362340580E-17, -1.149999999999999911, 1.270000000000000018 ) ) ;
#6085 = ORIENTED_EDGE ( 'NONE', *, *, #4278, .F. ) ;
#6086 = PLANE ( 'NONE',  #1968 ) ;
#6087 = ORIENTED_EDGE ( 'NONE', *, *, #2628, .F. ) ;
#6088 = FACE_OUTER_BOUND ( 'NONE', #5831, .T. ) ;
#6089 = ADVANCED_FACE ( 'NONE', ( #3085 ), #1046, .F. ) ;
#6090 = PRESENTATION_STYLE_ASSIGNMENT (( #6271 ) ) ;
#6091 = LINE ( 'NONE', #1385, #4687 ) ;
#6092 = VECTOR ( 'NONE', #8784, 1000.000000000000114 ) ;
#6093 =( GEOMETRIC_REPRESENTATION_CONTEXT ( 3 ) GLOBAL_UNCERTAINTY_ASSIGNED_CONTEXT ( ( #1986 ) ) GLOBAL_UNIT_ASSIGNED_CONTEXT ( ( #5753, #3646, #171 ) ) REPRESENTATION_CONTEXT ( 'NONE', 'WORKASPACE' ) );
#6094 = CARTESIAN_POINT ( 'NONE',  ( -0.2349831812470687953, -1.250000000000001332, 0.8499144089295510573 ) ) ;
#6095 = CARTESIAN_POINT ( 'NONE',  ( 2.238745166004060927, 2.238745166004060039, 8.016309119164535701 ) ) ;
#6096 = LINE ( 'NONE', #4041, #6678 ) ;
#6097 = DIRECTION ( 'NONE',  ( 0.000000000000000000, -1.000000000000000000, -5.078189165123089681E-17 ) ) ;
#6098 = EDGE_CURVE ( 'NONE', #2076, #130, #8674, .T. ) ;
#6099 = ORIENTED_EDGE ( 'NONE', *, *, #3639, .T. ) ;
#6100 = ORIENTED_EDGE ( 'NONE', *, *, #7758, .F. ) ;
#6101 = STYLED_ITEM ( 'NONE', ( #7408 ), #3610 ) ;
#6102 = CARTESIAN_POINT ( 'NONE',  ( 5.400000000000000355, 2.795999999999999819, -2.359999999999988773 ) ) ;
#6103 =( NAMED_UNIT ( * ) PLANE_ANGLE_UNIT ( ) SI_UNIT ( $, .RADIAN. ) );
#6104 = CARTESIAN_POINT ( 'NONE',  ( -0.2705584101385457019, -1.149999999999999911, 1.441811514564153240 ) ) ;
#6105 = VECTOR ( 'NONE', #8069, 1000.000000000000000 ) ;
#6106 = ADVANCED_FACE ( 'NONE', ( #358 ), #455, .F. ) ;
#6107 = PRESENTATION_STYLE_ASSIGNMENT (( #6753 ) ) ;
#6108 = EDGE_CURVE ( 'NONE', #2352, #3104, #3273, .T. ) ;
#6110 = VERTEX_POINT ( 'NONE', #4833 ) ;
#6109 = ORIENTED_EDGE ( 'NONE', *, *, #64, .F. ) ;
#6111 = UNCERTAINTY_MEASURE_WITH_UNIT (LENGTH_MEASURE( 1.000000000000000082E-05 ), #3218, 'distance_accuracy_value', 'NONE');
#6112 = CARTESIAN_POINT ( 'NONE',  ( 0.2786199085238553752, -1.129999999999997895, 0.8480525636578079007 ) ) ;
#6113 = SURFACE_STYLE_USAGE ( .BOTH. , #6759 ) ;
#6114 = ORIENTED_EDGE ( 'NONE', *, *, #5571, .T. ) ;
#6115 = DIRECTION ( 'NONE',  ( 1.000000000000000000, 0.000000000000000000, 0.000000000000000000 ) ) ;
#6116 = CARTESIAN_POINT ( 'NONE',  ( 4.760000000000000675, 2.219999999999999751, -2.359999999999988773 ) ) ;
#6117 = LINE ( 'NONE', #8954, #3896 ) ;
#6118 = DIRECTION ( 'NONE',  ( -0.9848077530122085754, -8.341646135128160883E-17, 0.1736481776669278332 ) ) ;
#6120 = ORIENTED_EDGE ( 'NONE', *, *, #8863, .T. ) ;
#6119 = VERTEX_POINT ( 'NONE', #7526 ) ;
#6121 =( BOUNDED_CURVE ( )  B_SPLINE_CURVE ( 3, ( #2597, #3106, #5399, #7997 ),
 .UNSPECIFIED., .F., .F. ) 
 B_SPLINE_CURVE_WITH_KNOTS ( ( 4, 4 ),
 ( 0.000000000000000000, 0.7853981633974490562 ),
 .UNSPECIFIED. ) 
 CURVE ( )  GEOMETRIC_REPRESENTATION_ITEM ( )  RATIONAL_B_SPLINE_CURVE ( ( 1.000000000000000000, 0.9492530216741910110, 0.9492530216741910110, 1.000000000000000000 ) ) 
 REPRESENTATION_ITEM ( '' )  );
#6122 = CARTESIAN_POINT ( 'NONE',  ( -0.2349397590361447796, -1.250000000000000000, 1.691121987951807348 ) ) ;
#6123 = LINE ( 'NONE', #1148, #4776 ) ;
#6124 = CARTESIAN_POINT ( 'NONE',  ( 5.400000000000000355, 2.795999999999999375, 7.909999999999988596 ) ) ;
#6125 = CARTESIAN_POINT ( 'NONE',  ( 6.250000000000000000, 3.499999999999998668, 0.6000000000000000888 ) ) ;
#6126 = CARTESIAN_POINT ( 'NONE',  ( -0.3134175730544421223, 2.829092094937436297, -2.397330798265291829 ) ) ;
#6127 = CARTESIAN_POINT ( 'NONE',  ( 6.100000000000000533, -1.250000000000000222, 0.5999999999999999778 ) ) ;
#6128 = LINE ( 'NONE', #1947, #651 ) ;
#6129 = LINE ( 'NONE', #6683, #2834 ) ;
#6130 =( GEOMETRIC_REPRESENTATION_CONTEXT ( 3 ) GLOBAL_UNCERTAINTY_ASSIGNED_CONTEXT ( ( #8018 ) ) GLOBAL_UNIT_ASSIGNED_CONTEXT ( ( #5791, #8571, #7019 ) ) REPRESENTATION_CONTEXT ( 'NONE', 'WORKASPACE' ) );
#6131 = EDGE_LOOP ( 'NONE', ( #896, #6607, #381, #3223, #5214, #1262 ) ) ;
#6132 = EDGE_CURVE ( 'NONE', #5329, #4614, #6203, .T. ) ;
#6133 = DIRECTION ( 'NONE',  ( -0.7071067811865434649, 0.000000000000000000, 0.7071067811865516806 ) ) ;
#6134 = DIRECTION ( 'NONE',  ( 0.000000000000000000, 1.000000000000000000, 0.000000000000000000 ) ) ;
#6135 = ORIENTED_EDGE ( 'NONE', *, *, #563, .F. ) ;
#6136 = CARTESIAN_POINT ( 'NONE',  ( 6.100000000000000533, -0.9999999999999978906, 2.500000000000000000 ) ) ;
#6137 = AXIS2_PLACEMENT_3D ( 'NONE', #7587, #4155, #8912 ) ;
#6138 = MECHANICAL_DESIGN_GEOMETRIC_PRESENTATION_REPRESENTATION (  '', ( #2770 ), #4400 ) ;
#6139 =( NAMED_UNIT ( * ) PLANE_ANGLE_UNIT ( ) SI_UNIT ( $, .RADIAN. ) );
#6140 = FACE_OUTER_BOUND ( 'NONE', #6393, .T. ) ;
#6141 = CARTESIAN_POINT ( 'NONE',  ( 4.060000000000000497, -0.7700000000000002398, 0.000000000000000000 ) ) ;
#6142 = SURFACE_STYLE_USAGE ( .BOTH. , #5088 ) ;
#6143 = EDGE_CURVE ( 'NONE', #5660, #8380, #8300, .T. ) ;
#6144 = DIRECTION ( 'NONE',  ( -0.000000000000000000, 0.000000000000000000, 1.000000000000000000 ) ) ;
#6145 = FILL_AREA_STYLE ('',( #6838 ) ) ;
#6146 = VECTOR ( 'NONE', #4681, 999.9999999999998863 ) ;
#6147 = ORIENTED_EDGE ( 'NONE', *, *, #3844, .F. ) ;
#6148 = VECTOR ( 'NONE', #5210, 1000.000000000000227 ) ;
#6149 = CARTESIAN_POINT ( 'NONE',  ( 6.100000000000000533, -0.7700000000000002398, 0.000000000000000000 ) ) ;
#6150 = ORIENTED_EDGE ( 'NONE', *, *, #1820, .F. ) ;
#6151 = PRESENTATION_LAYER_ASSIGNMENT (  '', '', ( #3229 ) ) ;
#6152 = MECHANICAL_DESIGN_GEOMETRIC_PRESENTATION_REPRESENTATION (  '', ( #7743 ), #5271 ) ;
#6153 = SURFACE_SIDE_STYLE ('',( #4784 ) ) ;
#6155 = ORIENTED_EDGE ( 'NONE', *, *, #7377, .T. ) ;
#6154 = ORIENTED_EDGE ( 'NONE', *, *, #4077, .F. ) ;
#6156 = CYLINDRICAL_SURFACE ( 'NONE', #7729, 0.06399999999999982092 ) ;
#6157 = DIRECTION ( 'NONE',  ( 8.470329472543003391E-17, -1.000000000000000000, 0.000000000000000000 ) ) ;
#6158 = EDGE_LOOP ( 'NONE', ( #3388, #7879, #6614, #6519 ) ) ;
#6159 = CYLINDRICAL_SURFACE ( 'NONE', #1429, 0.06399999999999998745 ) ;
#6160 = VECTOR ( 'NONE', #1106, 1000.000000000000000 ) ;
#6161 = VECTOR ( 'NONE', #695, 1000.000000000000227 ) ;
#6162 = EDGE_CURVE ( 'NONE', #4175, #4961, #3900, .T. ) ;
#6163 = ADVANCED_FACE ( 'NONE', ( #4099 ), #6159, .T. ) ;
#6164 = EDGE_CURVE ( 'NONE', #4207, #5738, #1267, .T. ) ;
#6165 = VECTOR ( 'NONE', #8589, 1000.000000000000114 ) ;
#6166 = SURFACE_STYLE_USAGE ( .BOTH. , #1181 ) ;
#6167 = CARTESIAN_POINT ( 'NONE',  ( -0.2349397590361447796, -1.250000000000000000, 1.095301204819277396 ) ) ;
#6168 = FILL_AREA_STYLE_COLOUR ( '', #6807 ) ;
#6170 = ORIENTED_EDGE ( 'NONE', *, *, #3473, .T. ) ;
#6169 = ORIENTED_EDGE ( 'NONE', *, *, #5298, .F. ) ;
#6171 =( NAMED_UNIT ( * ) PLANE_ANGLE_UNIT ( ) SI_UNIT ( $, .RADIAN. ) );
#6172 = DIRECTION ( 'NONE',  ( 6.842277657836020854E-49, -5.078189165123089681E-17, 1.000000000000000000 ) ) ;
#6173 = CARTESIAN_POINT ( 'NONE',  ( 4.823999999999999844, -0.3200000000000006728, 7.909999999999988596 ) ) ;
#6174 =( LENGTH_UNIT ( ) NAMED_UNIT ( * ) SI_UNIT ( .MILLI., .METRE. ) );
#6175 =( BOUNDED_CURVE ( )  B_SPLINE_CURVE ( 3, ( #5320, #2522, #1835, #1741 ),
 .UNSPECIFIED., .F., .F. ) 
 B_SPLINE_CURVE_WITH_KNOTS ( ( 4, 4 ),
 ( 2.356194490192347057, 3.141592653589793116 ),
 .UNSPECIFIED. ) 
 CURVE ( )  GEOMETRIC_REPRESENTATION_ITEM ( )  RATIONAL_B_SPLINE_CURVE ( ( 1.000000000000000000, 0.9492530216741914550, 0.9492530216741914550, 1.000000000000000000 ) ) 
 REPRESENTATION_ITEM ( '' )  );
#6176 = EDGE_CURVE ( 'NONE', #5178, #8908, #6417, .T. ) ;
#6177 = PLANE ( 'NONE',  #5964 ) ;
#6178 = CARTESIAN_POINT ( 'NONE',  ( 1.270000000000000462, -0.9999999999999978906, 2.500000000000000000 ) ) ;
#6179 = SURFACE_SIDE_STYLE ('',( #742 ) ) ;
#6180 = VERTEX_POINT ( 'NONE', #4702 ) ;
#6181 = DIRECTION ( 'NONE',  ( 0.000000000000000000, -0.000000000000000000, -1.000000000000000000 ) ) ;
#6182 = CARTESIAN_POINT ( 'NONE',  ( 2.841254833995939144, 2.841254833995938256, 8.016309119164537478 ) ) ;
#6183 = EDGE_CURVE ( 'NONE', #6663, #7248, #8252, .T. ) ;
#6184 = PRESENTATION_LAYER_ASSIGNMENT (  '', '', ( #292 ) ) ;
#6185 = CARTESIAN_POINT ( 'NONE',  ( 3.809999999999999609, 3.499999999999997780, 0.5999999999999998668 ) ) ;
#6186 = SURFACE_STYLE_USAGE ( .BOTH. , #7692 ) ;
#6187 =( NAMED_UNIT ( * ) SI_UNIT ( $, .STERADIAN. ) SOLID_ANGLE_UNIT ( ) );
#6188 = CARTESIAN_POINT ( 'NONE',  ( 5.353200710532141748, 2.859999999999999876, -2.359999999999988773 ) ) ;
#6189 = DIRECTION ( 'NONE',  ( -1.000000000000000000, -0.000000000000000000, -0.000000000000000000 ) ) ;
#6190 = AXIS2_PLACEMENT_3D ( 'NONE', #6241, #6284, #74 ) ;
#6191 = ORIENTED_EDGE ( 'NONE', *, *, #6193, .T. ) ;
#6192 = ORIENTED_EDGE ( 'NONE', *, *, #6722, .F. ) ;
#6193 = EDGE_CURVE ( 'NONE', #8889, #3037, #8208, .T. ) ;
#6194 = LINE ( 'NONE', #2749, #4246 ) ;
#6195 = VECTOR ( 'NONE', #1646, 1000.000000000000000 ) ;
#6196 = CARTESIAN_POINT ( 'NONE',  ( 5.080000000000000071, 2.332849267653417158, 8.550000000000000711 ) ) ;
#6197 = SURFACE_SIDE_STYLE ('',( #3407 ) ) ;
#6198 = CARTESIAN_POINT ( 'NONE',  ( 5.399999999999999467, 0.2732007105321395679, 7.909999999999986819 ) ) ;
#6200 = ORIENTED_EDGE ( 'NONE', *, *, #7048, .T. ) ;
#6199 = EDGE_LOOP ( 'NONE', ( #4731, #7517, #7327, #2757 ) ) ;
#6201 = CARTESIAN_POINT ( 'NONE',  ( 0.1577689812403509084, -1.129999999999999227, 0.7263366216202523651 ) ) ;
#6202 = EDGE_LOOP ( 'NONE', ( #6849, #3874, #7685, #2981, #5293, #3363 ) ) ;
#6203 = LINE ( 'NONE', #4142, #3663 ) ;
#6204 = VECTOR ( 'NONE', #1434, 1000.000000000000000 ) ;
#6205 = SURFACE_STYLE_USAGE ( .BOTH. , #1139 ) ;
#6206 = LINE ( 'NONE', #1272, #3443 ) ;
#6208 = ORIENTED_EDGE ( 'NONE', *, *, #4548, .T. ) ;
#6207 = ORIENTED_EDGE ( 'NONE', *, *, #6788, .T. ) ;
#6209 = UNCERTAINTY_MEASURE_WITH_UNIT (LENGTH_MEASURE( 1.000000000000000082E-05 ), #8131, 'distance_accuracy_value', 'NONE');
#6210 = CARTESIAN_POINT ( 'NONE',  ( -0.1973794752863974600, -1.249999999999989786, 1.761877297553782418 ) ) ;
#6211 = DIRECTION ( 'NONE',  ( 1.000000000000000000, 0.000000000000000000, 0.000000000000000000 ) ) ;
#6212 = DIRECTION ( 'NONE',  ( -8.470329472543003391E-17, 1.000000000000000000, 0.000000000000000000 ) ) ;
#6213 = EDGE_CURVE ( 'NONE', #477, #3647, #595, .T. ) ;
#6214 = AXIS2_PLACEMENT_3D ( 'NONE', #5763, #5896, #3614 ) ;
#6215 = CARTESIAN_POINT ( 'NONE',  ( -0.2349397590361447796, -1.250000000000000000, 1.095301204819277396 ) ) ;
#6216 = CARTESIAN_POINT ( 'NONE',  ( -0.2560000000000000053, 2.860000000000000320, -2.359999999999988773 ) ) ;
#6217 = CARTESIAN_POINT ( 'NONE',  ( -0.2713367824627651581, -1.149999999999999911, 1.691883934335445705 ) ) ;
#6218 = EDGE_CURVE ( 'NONE', #818, #67, #8186, .T. ) ;
#6219 = CARTESIAN_POINT ( 'NONE',  ( 7.250000000000000888, 3.499999999999998224, 1.599999999999989209 ) ) ;
#6220 = ORIENTED_EDGE ( 'NONE', *, *, #8447, .F. ) ;
#6221 = FACE_OUTER_BOUND ( 'NONE', #3969, .T. ) ;
#6222 = CARTESIAN_POINT ( 'NONE',  ( 5.336000000000000298, 0.3199999999999993405, 8.550000000000000711 ) ) ;
#6223 = CARTESIAN_POINT ( 'NONE',  ( 5.287150732346582949, 2.859999999999999876, 8.550000000000000711 ) ) ;
#6224 =( BOUNDED_CURVE ( )  B_SPLINE_CURVE ( 3, ( #1814, #4672, #3887, #423 ),
 .UNSPECIFIED., .F., .F. ) 
 B_SPLINE_CURVE_WITH_KNOTS ( ( 4, 4 ),
 ( 3.141592653589793116, 3.926990816987240951 ),
 .UNSPECIFIED. ) 
 CURVE ( )  GEOMETRIC_REPRESENTATION_ITEM ( )  RATIONAL_B_SPLINE_CURVE ( ( 1.000000000000000000, 0.9492530216741912330, 0.9492530216741912330, 1.000000000000000000 ) ) 
 REPRESENTATION_ITEM ( '' )  );
#6225 = SURFACE_STYLE_USAGE ( .BOTH. , #8974 ) ;
#6226 = CARTESIAN_POINT ( 'NONE',  ( 4.778745166004060962, 2.238745166004060483, -2.466309119164536767 ) ) ;
#6227 = CARTESIAN_POINT ( 'NONE',  ( 4.790907905062564254, 0.3134175730544421223, -2.397330798265292717 ) ) ;
#6228 =( NAMED_UNIT ( * ) PLANE_ANGLE_UNIT ( ) SI_UNIT ( $, .RADIAN. ) );
#6229 = LINE ( 'NONE', #4950, #8687 ) ;
#6230 = EDGE_CURVE ( 'NONE', #6524, #3537, #2769, .T. ) ;
#6231 = VECTOR ( 'NONE', #8723, 1000.000000000000000 ) ;
#6232 = PLANE ( 'NONE',  #1380 ) ;
#6233 = FACE_OUTER_BOUND ( 'NONE', #2351, .T. ) ;
#6234 = AXIS2_PLACEMENT_3D ( 'NONE', #1277, #6211, #4241 ) ;
#6235 = ORIENTED_EDGE ( 'NONE', *, *, #7236, .T. ) ;
#6236 = ORIENTED_EDGE ( 'NONE', *, *, #7530, .F. ) ;
#6237 = COLOUR_RGB ( '',0.9686274509803921573, 0.8784313725490195957, 0.5999999999999999778 ) ;
#6238 = COLOUR_RGB ( '',0.9686274509803921573, 0.8784313725490195957, 0.5999999999999999778 ) ;
#6239 = DIRECTION ( 'NONE',  ( 1.000000000000000000, 0.000000000000000000, 0.000000000000000000 ) ) ;
#6240 = CARTESIAN_POINT ( 'NONE',  ( 0.1560617469879515273, -1.250000000000000888, 1.770000000000000018 ) ) ;
#6241 = CARTESIAN_POINT ( 'NONE',  ( 1.520000000000000240, -1.250000000000000222, 0.5999999999999999778 ) ) ;
#6242 = ORIENTED_EDGE ( 'NONE', *, *, #7488, .F. ) ;
#6243 = CARTESIAN_POINT ( 'NONE',  ( 0.1591065173733838545, -1.129999999999999227, 0.7264298296317553971 ) ) ;
#6244 = VECTOR ( 'NONE', #2688, 1000.000000000000000 ) ;
#6245 = DIRECTION ( 'NONE',  ( 0.000000000000000000, -0.9848077530122085754, 0.1736481776669273891 ) ) ;
#6246 = VECTOR ( 'NONE', #5167, 1000.000000000000000 ) ;
#6247 = ORIENTED_EDGE ( 'NONE', *, *, #5040, .T. ) ;
#6248 =( NAMED_UNIT ( * ) PLANE_ANGLE_UNIT ( ) SI_UNIT ( $, .RADIAN. ) );
#6249 = VECTOR ( 'NONE', #5057, 1000.000000000000000 ) ;
#6250 = PRESENTATION_STYLE_ASSIGNMENT (( #3147 ) ) ;
#6251 = CARTESIAN_POINT ( 'NONE',  ( 4.760000000000000675, 0.3199999999999998401, -2.359999999999988773 ) ) ;
#6252 = CARTESIAN_POINT ( 'NONE',  ( -0.2292613886581244820, -1.150000000000000133, 1.353074703515682042 ) ) ;
#6253 = CARTESIAN_POINT ( 'NONE',  ( 4.760000000000000675, 0.2732007105321401230, -2.359999999999986997 ) ) ;
#6255 = ORIENTED_EDGE ( 'NONE', *, *, #9013, .T. ) ;
#6254 = ORIENTED_EDGE ( 'NONE', *, *, #6788, .F. ) ;
#6256 = EDGE_CURVE ( 'NONE', #2211, #8468, #5222, .T. ) ;
#6257 = DIRECTION ( 'NONE',  ( 1.000000000000000000, 0.000000000000000000, 0.000000000000000000 ) ) ;
#6258 = LINE ( 'NONE', #4294, #652 ) ;
#6259 = CARTESIAN_POINT ( 'NONE',  ( 1.019999999999999796, 3.499999999999998224, 2.500000000000000000 ) ) ;
#6260 = PRESENTATION_STYLE_ASSIGNMENT (( #2862 ) ) ;
#6261 = SURFACE_SIDE_STYLE ('',( #3468 ) ) ;
#6262 = CARTESIAN_POINT ( 'NONE',  ( 0.2604139838411242414, -1.180010142570207199, 0.8483446904390460341 ) ) ;
#6263 = DIRECTION ( 'NONE',  ( 1.000000000000000000, 0.000000000000000000, -0.000000000000000000 ) ) ;
#6264 = DIRECTION ( 'NONE',  ( -1.000000000000000000, 0.000000000000000000, 0.000000000000000000 ) ) ;
#6265 = DIRECTION ( 'NONE',  ( 8.470329472543003391E-17, -1.000000000000000000, 0.000000000000000000 ) ) ;
#6266 = VERTEX_POINT ( 'NONE', #1779 ) ;
#6267 = EDGE_CURVE ( 'NONE', #3958, #7514, #3161, .T. ) ;
#6268 = DIRECTION ( 'NONE',  ( 1.000000000000000000, -0.000000000000000000, 0.000000000000000000 ) ) ;
#6269 = CARTESIAN_POINT ( 'NONE',  ( 1.269999999999999796, 3.499999999999998224, 2.350000000000000089 ) ) ;
#6270 = EDGE_CURVE ( 'NONE', #7395, #5397, #484, .T. ) ;
#6271 = SURFACE_STYLE_USAGE ( .BOTH. , #6966 ) ;
#6272 = EDGE_CURVE ( 'NONE', #1448, #8889, #1026, .T. ) ;
#6273 = VECTOR ( 'NONE', #8992, 1000.000000000000000 ) ;
#6274 = ADVANCED_FACE ( 'NONE', ( #7368 ), #2843, .F. ) ;
#6275 = CARTESIAN_POINT ( 'NONE',  ( -0.2559999999999999498, 2.219999999999999307, 7.909999999999988596 ) ) ;
#6276 = DIRECTION ( 'NONE',  ( 1.000000000000000000, 0.000000000000000000, 0.000000000000000000 ) ) ;
#6277 = CARTESIAN_POINT ( 'NONE',  ( 0.2560000000000001719, 2.859999999999999876, 8.550000000000000711 ) ) ;
#6278 = LINE ( 'NONE', #4270, #1075 ) ;
#6279 = ORIENTED_EDGE ( 'NONE', *, *, #4298, .T. ) ;
#6280 = ORIENTED_EDGE ( 'NONE', *, *, #2937, .T. ) ;
#6281 = FACE_OUTER_BOUND ( 'NONE', #6202, .T. ) ;
#6282 = SURFACE_STYLE_FILL_AREA ( #762 ) ;
#6283 = VECTOR ( 'NONE', #4791, 1000.000000000000114 ) ;
#6284 = DIRECTION ( 'NONE',  ( 1.000000000000000000, 0.000000000000000000, 0.000000000000000000 ) ) ;
#6285 = EDGE_CURVE ( 'NONE', #4701, #4059, #3944, .T. ) ;
#6287 = ORIENTED_EDGE ( 'NONE', *, *, #1307, .T. ) ;
#6286 = ORIENTED_EDGE ( 'NONE', *, *, #2773, .F. ) ;
#6288 = CARTESIAN_POINT ( 'NONE',  ( 4.059999999999999609, 3.499999999999997780, 2.500000000000000000 ) ) ;
#6289 = EDGE_LOOP ( 'NONE', ( #8526, #2144, #5500, #5144, #4777, #2337 ) ) ;
#6290 = EDGE_CURVE ( 'NONE', #4973, #1144, #5405, .T. ) ;
#6291 = STYLED_ITEM ( 'NONE', ( #5077 ), #7615 ) ;
#6292 =( NAMED_UNIT ( * ) SI_UNIT ( $, .STERADIAN. ) SOLID_ANGLE_UNIT ( ) );
#6293 = FILL_AREA_STYLE ('',( #6168 ) ) ;
#6294 = VECTOR ( 'NONE', #4535, 1000.000000000000000 ) ;
#6296 = ORIENTED_EDGE ( 'NONE', *, *, #1716, .F. ) ;
#6295 = VERTEX_POINT ( 'NONE', #5921 ) ;
#6297 = STYLED_ITEM ( 'NONE', ( #8245 ), #8502 ) ;
#6298 = DIRECTION ( 'NONE',  ( 6.842277657836020854E-49, -5.078189165123089681E-17, 1.000000000000000000 ) ) ;
#6299 = LINE ( 'NONE', #4154, #7696 ) ;
#6300 = ORIENTED_EDGE ( 'NONE', *, *, #5037, .T. ) ;
#6301 = FACE_OUTER_BOUND ( 'NONE', #2813, .T. ) ;
#6302 = CARTESIAN_POINT ( 'NONE',  ( 3.810000000000000941, -0.9999999999999988898, 0.5999999999999998668 ) ) ;
#6303 = AXIS2_PLACEMENT_3D ( 'NONE', #786, #3608, #3651 ) ;
#6304 = EDGE_CURVE ( 'NONE', #4228, #6763, #5757, .T. ) ;
#6305 = LINE ( 'NONE', #4396, #6887 ) ;
#6306 = LINE ( 'NONE', #7133, #6816 ) ;
#6307 = FILL_AREA_STYLE_COLOUR ( '', #6506 ) ;
#6309 = ORIENTED_EDGE ( 'NONE', *, *, #6648, .F. ) ;
#6308 = ORIENTED_EDGE ( 'NONE', *, *, #4768, .F. ) ;
#6310 = DIRECTION ( 'NONE',  ( -1.000000000000000000, 1.408054769461693942E-16, 0.000000000000000000 ) ) ;
#6311 = CARTESIAN_POINT ( 'NONE',  ( 6.349999999999999645, 3.499999999999998224, 0.5999999999999998668 ) ) ;
#6312 = AXIS2_PLACEMENT_3D ( 'NONE', #6196, #9033, #2750 ) ;
#6313 =( NAMED_UNIT ( * ) SI_UNIT ( $, .STERADIAN. ) SOLID_ANGLE_UNIT ( ) );
#6314 =( GEOMETRIC_REPRESENTATION_CONTEXT ( 3 ) GLOBAL_UNCERTAINTY_ASSIGNED_CONTEXT ( ( #6660 ) ) GLOBAL_UNIT_ASSIGNED_CONTEXT ( ( #7592, #2645, #566 ) ) REPRESENTATION_CONTEXT ( 'NONE', 'WORKASPACE' ) );
#6315 = DIRECTION ( 'NONE',  ( 0.7071067811865487940, -0.7071067811865463515, 0.000000000000000000 ) ) ;
#6316 =( NAMED_UNIT ( * ) SI_UNIT ( $, .STERADIAN. ) SOLID_ANGLE_UNIT ( ) );
#6317 = CLOSED_SHELL ( 'NONE', ( #5089, #4710, #6384, #3193, #6942, #3621, #4712, #7012, #2524, #8675, #8010, #618, #7216, #7911, #9057, #234, #2605, #2725, #2316, #6844, #8980, #3068, #3039, #8107, #2541, #369, #6063, #1681, #3661, #4205, #3720, #8025, #5616, #1255, #2048, #8631, #4857, #4036, #5373, #7249, #6274, #6342, #2491, #974, #2906, #5826, #8083, #5439, #3568, #3287, #1614, #8612, #820, #822, #4931, #5872, #3142, #1892, #7666, #5559 ) ) ;
#6318 = LINE ( 'NONE', #7901, #7459 ) ;
#6319 = LINE ( 'NONE', #17, #5513 ) ;
#6320 = LINE ( 'NONE', #4217, #4315 ) ;
#6321 = CARTESIAN_POINT ( 'NONE',  ( 3.810000000000000941, -0.9999999999999978906, 0.5999999999999998668 ) ) ;
#6322 =( LENGTH_UNIT ( ) NAMED_UNIT ( * ) SI_UNIT ( .MILLI., .METRE. ) );
#6323 = ORIENTED_EDGE ( 'NONE', *, *, #4802, .T. ) ;
#6324 = VERTEX_POINT ( 'NONE', #3170 ) ;
#6325 = EDGE_CURVE ( 'NONE', #8380, #1144, #6175, .T. ) ;
#6326 = EDGE_CURVE ( 'NONE', #4227, #1921, #3907, .T. ) ;
#6327 = CARTESIAN_POINT ( 'NONE',  ( 0.2713021793734518017, -1.149999999999999245, 1.694026485707925689 ) ) ;
#6328 = PRESENTATION_STYLE_ASSIGNMENT (( #6846 ) ) ;
#6329 = VECTOR ( 'NONE', #7852, 1000.000000000000000 ) ;
#6330 = CARTESIAN_POINT ( 'NONE',  ( 1.269999999999999796, 3.499999999999998224, 2.500000000000000000 ) ) ;
#6331 = EDGE_CURVE ( 'NONE', #4614, #7754, #8253, .T. ) ;
#6333 = ORIENTED_EDGE ( 'NONE', *, *, #3582, .T. ) ;
#6332 = EDGE_LOOP ( 'NONE', ( #7954, #4646, #1912, #4790, #7629, #6520 ) ) ;
#6334 = CARTESIAN_POINT ( 'NONE',  ( -0.2213400359742173362, -1.250000000000001110, 1.401401803917047273 ) ) ;
#6335 = DIRECTION ( 'NONE',  ( -6.842277657836020854E-49, 5.078189165123089681E-17, -1.000000000000000000 ) ) ;
#6336 = ORIENTED_EDGE ( 'NONE', *, *, #8858, .T. ) ;
#6337 = PRESENTATION_LAYER_ASSIGNMENT (  '', '', ( #6055 ) ) ;
#6338 = LINE ( 'NONE', #36, #2674 ) ;
#6339 = DIRECTION ( 'NONE',  ( 0.000000000000000000, 5.078189165123089681E-17, -1.000000000000000000 ) ) ;
#6340 = DIRECTION ( 'NONE',  ( 0.000000000000000000, 0.000000000000000000, -1.000000000000000000 ) ) ;
#6341 = COLOUR_RGB ( '',0.9686274509803921573, 0.8784313725490195957, 0.5999999999999999778 ) ;
#6342 = ADVANCED_FACE ( 'NONE', ( #8847 ), #393, .F. ) ;
#6344 = ORIENTED_EDGE ( 'NONE', *, *, #7803, .T. ) ;
#6343 = VERTEX_POINT ( 'NONE', #1034 ) ;
#6345 = LINE ( 'NONE', #3599, #7263 ) ;
#6346 = DIRECTION ( 'NONE',  ( 0.000000000000000000, -0.000000000000000000, -1.000000000000000000 ) ) ;
#6347 = EDGE_LOOP ( 'NONE', ( #54, #2805, #1499, #7340 ) ) ;
#6348 = FACE_OUTER_BOUND ( 'NONE', #3308, .T. ) ;
#6349 = DIRECTION ( 'NONE',  ( 0.7071067811865435759, -0.000000000000000000, -0.7071067811865515695 ) ) ;
#6350 = DIRECTION ( 'NONE',  ( 8.470329472543003391E-17, -1.000000000000000000, 0.000000000000000000 ) ) ;
#6351 = CARTESIAN_POINT ( 'NONE',  ( 4.760000000000000675, 0.2559999999999993392, 7.909999999999988596 ) ) ;
#6352 = DIRECTION ( 'NONE',  ( 0.000000000000000000, -1.000000000000000000, 0.000000000000000000 ) ) ;
#6353 = DIRECTION ( 'NONE',  ( -1.000000000000000000, 0.000000000000000000, 0.000000000000000000 ) ) ;
#6354 = ORIENTED_EDGE ( 'NONE', *, *, #5794, .T. ) ;
#6355 = CARTESIAN_POINT ( 'NONE',  ( 4.760000000000000675, -0.2732007105321407892, 7.909999999999990372 ) ) ;
#6356 = DIRECTION ( 'NONE',  ( -0.000000000000000000, 1.000000000000000000, 0.000000000000000000 ) ) ;
#6357 = ADVANCED_FACE ( 'NONE', ( #4001 ), #1694, .F. ) ;
#6358 = PRESENTATION_STYLE_ASSIGNMENT (( #7002 ) ) ;
#6359 = LINE ( 'NONE', #2691, #155 ) ;
#6360 = CARTESIAN_POINT ( 'NONE',  ( 2.220000000000000195, 2.859999999999999876, 7.909999999999988596 ) ) ;
#6361 = VECTOR ( 'NONE', #6189, 1000.000000000000000 ) ;
#6362 = CARTESIAN_POINT ( 'NONE',  ( 0.2341917180556499500, -1.250000000000000888, 1.114848042196724176 ) ) ;
#6363 = CARTESIAN_POINT ( 'NONE',  ( 2.747150732346582025, 2.747150732346581581, 8.550000000000000711 ) ) ;
#6364 = FILL_AREA_STYLE_COLOUR ( '', #1696 ) ;
#6365 = SURFACE_STYLE_FILL_AREA ( #5682 ) ;
#6366 = CARTESIAN_POINT ( 'NONE',  ( 2.283999999999999808, 0.3199999999999993405, 8.550000000000000711 ) ) ;
#6367 = CARTESIAN_POINT ( 'NONE',  ( -0.3134175730544420668, -0.2890920949374361504, -2.397330798265291385 ) ) ;
#6368 = ORIENTED_EDGE ( 'NONE', *, *, #5108, .F. ) ;
#6369 = EDGE_CURVE ( 'NONE', #7534, #1212, #3665, .T. ) ;
#6370 = AXIS2_PLACEMENT_3D ( 'NONE', #1631, #6593, #1020 ) ;
#6371 = ORIENTED_EDGE ( 'NONE', *, *, #5151, .F. ) ;
#6372 = CARTESIAN_POINT ( 'NONE',  ( 0.1581493721355243798, -1.149999999999999467, 1.806339440747603886 ) ) ;
#6373 = COLOUR_RGB ( '',0.9686274509803921573, 0.8784313725490195957, 0.5999999999999999778 ) ;
#6374 = VECTOR ( 'NONE', #5716, 999.9999999999998863 ) ;
#6375 = ADVANCED_FACE ( 'NONE', ( #988 ), #8062, .F. ) ;
#6376 = DIRECTION ( 'NONE',  ( 0.000000000000000000, -1.000000000000000000, 0.000000000000000000 ) ) ;
#6377 = VERTEX_POINT ( 'NONE', #4049 ) ;
#6378 = CARTESIAN_POINT ( 'NONE',  ( 2.796000000000000263, -0.2560000000000007825, 8.550000000000000711 ) ) ;
#6379 = DIRECTION ( 'NONE',  ( -0.000000000000000000, 0.000000000000000000, 1.000000000000000000 ) ) ;
#6380 = ORIENTED_EDGE ( 'NONE', *, *, #205, .F. ) ;
#6381 = VECTOR ( 'NONE', #5365, 1000.000000000000114 ) ;
#6382 = VECTOR ( 'NONE', #1931, 1000.000000000000000 ) ;
#6383 = LINE ( 'NONE', #79, #1765 ) ;
#6384 = ADVANCED_FACE ( 'NONE', ( #6281 ), #3403, .F. ) ;
#6385 = CARTESIAN_POINT ( 'NONE',  ( 5.080000000000000071, 2.539999999999999147, 8.550000000000000711 ) ) ;
#6386 = EDGE_CURVE ( 'NONE', #1403, #512, #585, .T. ) ;
#6387 = CARTESIAN_POINT ( 'NONE',  ( 2.860000000000000320, 2.283999999999999364, 8.550000000000000711 ) ) ;
#6388 = MECHANICAL_DESIGN_GEOMETRIC_PRESENTATION_REPRESENTATION (  '', ( #360 ), #4647 ) ;
#6389 =( GEOMETRIC_REPRESENTATION_CONTEXT ( 3 ) GLOBAL_UNCERTAINTY_ASSIGNED_CONTEXT ( ( #7584 ) ) GLOBAL_UNIT_ASSIGNED_CONTEXT ( ( #3291, #3101, #375 ) ) REPRESENTATION_CONTEXT ( 'NONE', 'WORKASPACE' ) );
#6390 = FILL_AREA_STYLE_COLOUR ( '', #6237 ) ;
#6391 = SURFACE_SIDE_STYLE ('',( #2159 ) ) ;
#6393 = EDGE_LOOP ( 'NONE', ( #4242, #5933, #6254, #2214 ) ) ;
#6392 = VERTEX_POINT ( 'NONE', #8942 ) ;
#6394 = UNCERTAINTY_MEASURE_WITH_UNIT (LENGTH_MEASURE( 1.000000000000000082E-05 ), #1800, 'distance_accuracy_value', 'NONE');
#6395 = CARTESIAN_POINT ( 'NONE',  ( -0.2221105522436119806, -1.250000000000000666, 1.741970206909851937 ) ) ;
#6396 = ORIENTED_EDGE ( 'NONE', *, *, #2543, .F. ) ;
#6397 = FACE_OUTER_BOUND ( 'NONE', #7154, .T. ) ;
#6398 = CARTESIAN_POINT ( 'NONE',  ( 4.038304512630000787, -1.250000000000000222, 2.350000000000000089 ) ) ;
#6399 = MECHANICAL_DESIGN_GEOMETRIC_PRESENTATION_REPRESENTATION (  '', ( #370 ), #7842 ) ;
#6400 = VECTOR ( 'NONE', #7780, 1000.000000000000000 ) ;
#6401 = CARTESIAN_POINT ( 'NONE',  ( 5.400000000000000355, -0.3200000000000007283, 7.909999999999988596 ) ) ;
#6402 = PRESENTATION_STYLE_ASSIGNMENT (( #3652 ) ) ;
#6403 = DIRECTION ( 'NONE',  ( 0.000000000000000000, 1.000000000000000000, 0.000000000000000000 ) ) ;
#6404 = FILL_AREA_STYLE ('',( #7081 ) ) ;
#6405 = ORIENTED_EDGE ( 'NONE', *, *, #402, .F. ) ;
#6406 = CARTESIAN_POINT ( 'NONE',  ( 2.283999999999999808, 2.795999999999999375, 8.550000000000000711 ) ) ;
#6407 = PRESENTATION_STYLE_ASSIGNMENT (( #2871 ) ) ;
#6408 = FILL_AREA_STYLE ('',( #922 ) ) ;
#6409 = CARTESIAN_POINT ( 'NONE',  ( 2.540000000000000036, 2.332849267653417158, 8.550000000000000711 ) ) ;
#6410 = EDGE_CURVE ( 'NONE', #8111, #7008, #6194, .T. ) ;
#6411 = CARTESIAN_POINT ( 'NONE',  ( 4.760000000000000675, -0.2560000000000001719, -2.359999999999988773 ) ) ;
#6412 = DIRECTION ( 'NONE',  ( 0.000000000000000000, 0.000000000000000000, 1.000000000000000000 ) ) ;
#6413 = CARTESIAN_POINT ( 'NONE',  ( 0.1563994110147653438, -1.223345048151484260, 0.7602983909313413280 ) ) ;
#6414 = DIRECTION ( 'NONE',  ( 0.7071067811865495711, -0.000000000000000000, 0.7071067811865454633 ) ) ;
#6415 = CARTESIAN_POINT ( 'NONE',  ( 2.841254833995939144, 2.238745166004060483, -2.466309119164537655 ) ) ;
#6416 = ORIENTED_EDGE ( 'NONE', *, *, #3380, .F. ) ;
#6417 =( BOUNDED_CURVE ( )  B_SPLINE_CURVE ( 3, ( #8901, #2624, #549, #1890 ),
 .UNSPECIFIED., .F., .F. ) 
 B_SPLINE_CURVE_WITH_KNOTS ( ( 4, 4 ),
 ( 2.356194490192339952, 3.141592653589793560 ),
 .UNSPECIFIED. ) 
 CURVE ( )  GEOMETRIC_REPRESENTATION_ITEM ( )  RATIONAL_B_SPLINE_CURVE ( ( 1.000000000000000000, 0.9492530216741903448, 0.9492530216741903448, 1.000000000000000000 ) ) 
 REPRESENTATION_ITEM ( '' )  );
#6418 = ORIENTED_EDGE ( 'NONE', *, *, #649, .F. ) ;
#6419 = CARTESIAN_POINT ( 'NONE',  ( 2.741087211002079194, 2.338912788997920877, 8.584387938363944315 ) ) ;
#6420 = CARTESIAN_POINT ( 'NONE',  ( 3.309999999999999609, 3.749999999999999112, 0.000000000000000000 ) ) ;
#6421 = EDGE_CURVE ( 'NONE', #7908, #7071, #9067, .T. ) ;
#6422 =( NAMED_UNIT ( * ) PLANE_ANGLE_UNIT ( ) SI_UNIT ( $, .RADIAN. ) );
#6423 = ORIENTED_EDGE ( 'NONE', *, *, #5018, .F. ) ;
#6424 = ORIENTED_EDGE ( 'NONE', *, *, #9090, .F. ) ;
#6425 = CARTESIAN_POINT ( 'NONE',  ( 2.220000000000001084, 2.266799289467859690, -2.359999999999986997 ) ) ;
#6426 = PRESENTATION_STYLE_ASSIGNMENT (( #5694 ) ) ;
#6427 = EDGE_LOOP ( 'NONE', ( #7748, #8709, #7055, #6613, #8079, #1799 ) ) ;
#6428 = EDGE_CURVE ( 'NONE', #1775, #2410, #2662, .T. ) ;
#6429 = DIRECTION ( 'NONE',  ( 1.000000000000000000, 0.000000000000000000, 0.000000000000000000 ) ) ;
#6430 = VECTOR ( 'NONE', #7910, 1000.000000000000227 ) ;
#6431 = FACE_OUTER_BOUND ( 'NONE', #1641, .T. ) ;
#6432 = SURFACE_STYLE_FILL_AREA ( #8351 ) ;
#6433 = LINE ( 'NONE', #3114, #9017 ) ;
#6434 = PRESENTATION_STYLE_ASSIGNMENT (( #2985 ) ) ;
#6436 = VERTEX_POINT ( 'NONE', #8890 ) ;
#6435 = ORIENTED_EDGE ( 'NONE', *, *, #6854, .F. ) ;
#6437 = FILL_AREA_STYLE ('',( #779 ) ) ;
#6438 = CARTESIAN_POINT ( 'NONE',  ( -1.270000000000000684, 3.499999999999997780, 0.5999999999999998668 ) ) ;
#6439 = VERTEX_POINT ( 'NONE', #8335 ) ;
#6440 = SURFACE_STYLE_FILL_AREA ( #3648 ) ;
#6441 = CARTESIAN_POINT ( 'NONE',  ( 2.540000000000000036, -0.2071507323465826000, -3.000000000000000000 ) ) ;
#6442 = EDGE_CURVE ( 'NONE', #308, #7708, #538, .T. ) ;
#6443 = DIRECTION ( 'NONE',  ( -1.000000000000000000, -4.224164308385081333E-16, 1.537470072901852402E-16 ) ) ;
#6444 = VECTOR ( 'NONE', #5609, 999.9999999999998863 ) ;
#6445 = FILL_AREA_STYLE_COLOUR ( '', #2715 ) ;
#6446 = CARTESIAN_POINT ( 'NONE',  ( 5.369092094937435000, -0.3134175730544424554, -2.397330798265292273 ) ) ;
#6447 = ORIENTED_EDGE ( 'NONE', *, *, #6997, .T. ) ;
#6448 = LINE ( 'NONE', #3046, #1093 ) ;
#6449 = LINE ( 'NONE', #4402, #7391 ) ;
#6450 = PRESENTATION_STYLE_ASSIGNMENT (( #3659 ) ) ;
#6451 = MECHANICAL_DESIGN_GEOMETRIC_PRESENTATION_REPRESENTATION (  '', ( #7471 ), #7181 ) ;
#6452 = FACE_OUTER_BOUND ( 'NONE', #6131, .T. ) ;
#6453 = ADVANCED_FACE ( 'NONE', ( #5412 ), #7699, .T. ) ;
#6454 = CARTESIAN_POINT ( 'NONE',  ( 2.220000000000000195, 2.795999999999999819, -2.359999999999988773 ) ) ;
#6455 = CARTESIAN_POINT ( 'NONE',  ( -0.1568216416384683176, -1.190011714886031635, 0.7481660498138413828 ) ) ;
#6456 = FILL_AREA_STYLE ('',( #8556 ) ) ;
#6457 = FACE_OUTER_BOUND ( 'NONE', #8340, .T. ) ;
#6458 = DIRECTION ( 'NONE',  ( 0.000000000000000000, 5.078189165123089681E-17, -1.000000000000000000 ) ) ;
#6459 = FACE_OUTER_BOUND ( 'NONE', #2029, .T. ) ;
#6460 = EDGE_CURVE ( 'NONE', #473, #2609, #4420, .T. ) ;
#6461 = EDGE_LOOP ( 'NONE', ( #1653, #3644, #8833, #6827 ) ) ;
#6462 = ORIENTED_EDGE ( 'NONE', *, *, #2759, .T. ) ;
#6463 = PLANE ( 'NONE',  #3806 ) ;
#6464 = PLANE ( 'NONE',  #6795 ) ;
#6465 =( BOUNDED_CURVE ( )  B_SPLINE_CURVE ( 3, ( #4565, #5931, #2433, #5236 ),
 .UNSPECIFIED., .F., .F. ) 
 B_SPLINE_CURVE_WITH_KNOTS ( ( 4, 4 ),
 ( 8.470329472543024098E-16, 0.7853981633974481680 ),
 .UNSPECIFIED. ) 
 CURVE ( )  GEOMETRIC_REPRESENTATION_ITEM ( )  RATIONAL_B_SPLINE_CURVE ( ( 1.000000000000000000, 0.9492530216741912330, 0.9492530216741912330, 1.000000000000000000 ) ) 
 REPRESENTATION_ITEM ( '' )  );
#6466 = VECTOR ( 'NONE', #4898, 1000.000000000000000 ) ;
#6467 = EDGE_CURVE ( 'NONE', #5879, #3060, #898, .T. ) ;
#6469 = VERTEX_POINT ( 'NONE', #7820 ) ;
#6468 = ORIENTED_EDGE ( 'NONE', *, *, #6899, .F. ) ;
#6470 = ORIENTED_EDGE ( 'NONE', *, *, #3019, .F. ) ;
#6471 = EDGE_CURVE ( 'NONE', #3413, #4470, #7380, .T. ) ;
#6472 = PLANE ( 'NONE',  #1454 ) ;
#6473 = SURFACE_STYLE_USAGE ( .BOTH. , #5700 ) ;
#6474 = LINE ( 'NONE', #2432, #7309 ) ;
#6475 = CARTESIAN_POINT ( 'NONE',  ( -0.3199999999999998956, -0.2560000000000001719, -2.359999999999988773 ) ) ;
#6477 = VERTEX_POINT ( 'NONE', #8471 ) ;
#6476 = ORIENTED_EDGE ( 'NONE', *, *, #8312, .T. ) ;
#6478 = UNCERTAINTY_MEASURE_WITH_UNIT (LENGTH_MEASURE( 1.000000000000000082E-05 ), #910, 'distance_accuracy_value', 'NONE');
#6479 =( NAMED_UNIT ( * ) PLANE_ANGLE_UNIT ( ) SI_UNIT ( $, .RADIAN. ) );
#6480 = DIRECTION ( 'NONE',  ( 0.000000000000000000, -1.000000000000000000, 0.000000000000000000 ) ) ;
#6481 = MECHANICAL_DESIGN_GEOMETRIC_PRESENTATION_REPRESENTATION (  '', ( #5013 ), #6929 ) ;
#6482 = VERTEX_POINT ( 'NONE', #7739 ) ;
#6483 = MANIFOLD_SOLID_BREP ( 'SIGmark', #6317 ) ;
#6484 = DIRECTION ( 'NONE',  ( 1.000000000000000000, 0.000000000000000000, 0.000000000000000000 ) ) ;
#6485 = LINE ( 'NONE', #3649, #4295 ) ;
#6486 = CARTESIAN_POINT ( 'NONE',  ( 1.520000000000000240, -0.9999999999999986677, 0.4500000000000002887 ) ) ;
#6487 = MECHANICAL_DESIGN_GEOMETRIC_PRESENTATION_REPRESENTATION (  '', ( #1335 ), #8972 ) ;
#6488 = FACE_OUTER_BOUND ( 'NONE', #2238, .T. ) ;
#6489 = DIRECTION ( 'NONE',  ( -8.470329472543003391E-17, 1.000000000000000000, 0.000000000000000000 ) ) ;
#6490 = EDGE_CURVE ( 'NONE', #7008, #4073, #1442, .T. ) ;
#6491 = ORIENTED_EDGE ( 'NONE', *, *, #8545, .T. ) ;
#6492 = SURFACE_SIDE_STYLE ('',( #1527 ) ) ;
#6493 = CARTESIAN_POINT ( 'NONE',  ( 0.1688168747726651597, -1.149999999999990807, 0.7344035849404356719 ) ) ;
#6494 =( LENGTH_UNIT ( ) NAMED_UNIT ( * ) SI_UNIT ( .MILLI., .METRE. ) );
#6495 = SURFACE_STYLE_FILL_AREA ( #4404 ) ;
#6496 = FACE_OUTER_BOUND ( 'NONE', #1971, .T. ) ;
#6497 = LINE ( 'NONE', #7268, #7201 ) ;
#6498 = VECTOR ( 'NONE', #6589, 1000.000000000000000 ) ;
#6499 = CARTESIAN_POINT ( 'NONE',  ( 0.1573284206430634047, -1.149999999999999911, 0.7336029765733798058 ) ) ;
#6500 = LINE ( 'NONE', #239, #476 ) ;
#6501 = UNCERTAINTY_MEASURE_WITH_UNIT (LENGTH_MEASURE( 1.000000000000000082E-05 ), #6551, 'distance_accuracy_value', 'NONE');
#6502 = PLANE ( 'NONE',  #2863 ) ;
#6503 =( LENGTH_UNIT ( ) NAMED_UNIT ( * ) SI_UNIT ( .MILLI., .METRE. ) );
#6504 = ORIENTED_EDGE ( 'NONE', *, *, #3051, .T. ) ;
#6505 = DIRECTION ( 'NONE',  ( 0.7071067811865469066, -0.7071067811865482389, 0.000000000000000000 ) ) ;
#6506 = COLOUR_RGB ( '',0.9686274509803921573, 0.8784313725490195957, 0.5999999999999999778 ) ;
#6507 = CARTESIAN_POINT ( 'NONE',  ( 0.2261468053802073164, -1.149999999999999467, 1.787290790624488590 ) ) ;
#6508 = EDGE_CURVE ( 'NONE', #5764, #1131, #5687, .T. ) ;
#6509 = FILL_AREA_STYLE ('',( #5829 ) ) ;
#6511 = ORIENTED_EDGE ( 'NONE', *, *, #6052, .T. ) ;
#6510 = ORIENTED_EDGE ( 'NONE', *, *, #419, .F. ) ;
#6512 = CARTESIAN_POINT ( 'NONE',  ( 0.7700000000000004619, -1.250000000000000222, 2.500000000000000000 ) ) ;
#6513 =( NAMED_UNIT ( * ) SI_UNIT ( $, .STERADIAN. ) SOLID_ANGLE_UNIT ( ) );
#6514 = VERTEX_POINT ( 'NONE', #5784 ) ;
#6515 = VECTOR ( 'NONE', #3576, 1000.000000000000000 ) ;
#6516 = EDGE_CURVE ( 'NONE', #3535, #4059, #2239, .T. ) ;
#6517 =( BOUNDED_CURVE ( )  B_SPLINE_CURVE ( 3, ( #1247, #8971, #1113, #6732 ),
 .UNSPECIFIED., .F., .F. ) 
 B_SPLINE_CURVE_WITH_KNOTS ( ( 4, 4 ),
 ( 2.356194490192341728, 3.141592653589793560 ),
 .UNSPECIFIED. ) 
 CURVE ( )  GEOMETRIC_REPRESENTATION_ITEM ( )  RATIONAL_B_SPLINE_CURVE ( ( 1.000000000000000000, 0.9492530216741906779, 0.9492530216741906779, 1.000000000000000000 ) ) 
 REPRESENTATION_ITEM ( '' )  );
#6518 = CARTESIAN_POINT ( 'NONE',  ( 1.269999999999999352, 3.499999999999997780, 2.500000000000000000 ) ) ;
#6520 = ORIENTED_EDGE ( 'NONE', *, *, #1125, .T. ) ;
#6519 = ORIENTED_EDGE ( 'NONE', *, *, #8222, .T. ) ;
#6521 = PRESENTATION_STYLE_ASSIGNMENT (( #7206 ) ) ;
#6522 = CARTESIAN_POINT ( 'NONE',  ( -0.2069451709529503136, -1.250000000000000666, 1.756761588701826415 ) ) ;
#6523 = VECTOR ( 'NONE', #887, 1000.000000000000000 ) ;
#6524 = VERTEX_POINT ( 'NONE', #4374 ) ;
#6525 = CARTESIAN_POINT ( 'NONE',  ( 2.747150732346582025, 2.539999999999999147, 8.550000000000000711 ) ) ;
#6526 = CARTESIAN_POINT ( 'NONE',  ( 5.400000000000000355, 2.283999999999999364, 8.550000000000000711 ) ) ;
#6527 = VECTOR ( 'NONE', #2053, 999.9999999999998863 ) ;
#6528 = LINE ( 'NONE', #7212, #6024 ) ;
#6529 =( NAMED_UNIT ( * ) PLANE_ANGLE_UNIT ( ) SI_UNIT ( $, .RADIAN. ) );
#6530 = EDGE_CURVE ( 'NONE', #7835, #2850, #7148, .T. ) ;
#6531 = LINE ( 'NONE', #3870, #3751 ) ;
#6532 = DIRECTION ( 'NONE',  ( 1.000000000000000000, 0.000000000000000000, 0.000000000000000000 ) ) ;
#6534 = EDGE_LOOP ( 'NONE', ( #303, #2979, #4138, #4370 ) ) ;
#6533 = ORIENTED_EDGE ( 'NONE', *, *, #1392, .F. ) ;
#6535 = FILL_AREA_STYLE ('',( #4452 ) ) ;
#6536 = CARTESIAN_POINT ( 'NONE',  ( 5.353200710532141748, 2.219999999999999751, 7.909999999999988596 ) ) ;
#6537 = AXIS2_PLACEMENT_3D ( 'NONE', #6871, #8368, #6310 ) ;
#6538 = STYLED_ITEM ( 'NONE', ( #8978 ), #3534 ) ;
#6539 =( LENGTH_UNIT ( ) NAMED_UNIT ( * ) SI_UNIT ( .MILLI., .METRE. ) );
#6540 = SURFACE_STYLE_FILL_AREA ( #1626 ) ;
#6541 = CARTESIAN_POINT ( 'NONE',  ( 0.1568216416384742018, -1.190011714886054728, 0.7481660498138497095 ) ) ;
#6542 = PLANE ( 'NONE',  #2793 ) ;
#6543 = DIRECTION ( 'NONE',  ( 0.000000000000000000, 0.000000000000000000, 1.000000000000000000 ) ) ;
#6544 = SURFACE_STYLE_USAGE ( .BOTH. , #3760 ) ;
#6545 = DIRECTION ( 'NONE',  ( -6.842277657836020854E-49, 5.078189165123089681E-17, -1.000000000000000000 ) ) ;
#6546 = ORIENTED_EDGE ( 'NONE', *, *, #6610, .T. ) ;
#6547 = ADVANCED_FACE ( 'NONE', ( #4222 ), #6463, .F. ) ;
#6548 = EDGE_LOOP ( 'NONE', ( #1708, #5093, #2018 ) ) ;
#6549 = EDGE_CURVE ( 'NONE', #3562, #7428, #3803, .T. ) ;
#6550 = DIRECTION ( 'NONE',  ( 0.000000000000000000, -0.9848077530122085754, 0.1736481776669278054 ) ) ;
#6551 =( LENGTH_UNIT ( ) NAMED_UNIT ( * ) SI_UNIT ( .MILLI., .METRE. ) );
#6552 = MANIFOLD_SOLID_BREP ( 'Metal-Pattern[4]', #4132 ) ;
#6554 = ORIENTED_EDGE ( 'NONE', *, *, #976, .F. ) ;
#6553 = ORIENTED_EDGE ( 'NONE', *, *, #3877, .T. ) ;
#6555 = CARTESIAN_POINT ( 'NONE',  ( 1.520000000000000240, 3.270000000000000462, 0.000000000000000000 ) ) ;
#6556 = ORIENTED_EDGE ( 'NONE', *, *, #1325, .T. ) ;
#6557 = DIRECTION ( 'NONE',  ( 6.842277657836020854E-49, -5.078189165123089681E-17, 1.000000000000000000 ) ) ;
#6558 = EDGE_CURVE ( 'NONE', #9064, #4970, #8000, .T. ) ;
#6559 = CARTESIAN_POINT ( 'NONE',  ( 4.823999999999999844, 2.860000000000000320, -2.359999999999988773 ) ) ;
#6560 = LINE ( 'NONE', #3733, #7032 ) ;
#6561 = VECTOR ( 'NONE', #4557, 1000.000000000000000 ) ;
#6563 = ORIENTED_EDGE ( 'NONE', *, *, #705, .F. ) ;
#6562 = EDGE_LOOP ( 'NONE', ( #2011, #7860, #5172, #935 ) ) ;
#6564 = UNCERTAINTY_MEASURE_WITH_UNIT (LENGTH_MEASURE( 1.000000000000000082E-05 ), #2693, 'distance_accuracy_value', 'NONE');
#6565 = CARTESIAN_POINT ( 'NONE',  ( 0.2338056406508102758, -1.250000000000001110, 0.8276727744746826820 ) ) ;
#6566 = DIRECTION ( 'NONE',  ( 0.7071067811865463515, 0.7071067811865487940, 0.000000000000000000 ) ) ;
#6567 = ORIENTED_EDGE ( 'NONE', *, *, #2825, .T. ) ;
#6568 = SURFACE_STYLE_USAGE ( .BOTH. , #7254 ) ;
#6569 = EDGE_CURVE ( 'NONE', #4399, #3921, #8143, .T. ) ;
#6570 = AXIS2_PLACEMENT_3D ( 'NONE', #8125, #4580, #3284 ) ;
#6571 = AXIS2_PLACEMENT_3D ( 'NONE', #4263, #7050, #1482 ) ;
#6572 =( BOUNDED_CURVE ( )  B_SPLINE_CURVE ( 3, ( #4277, #6198, #3543, #5689 ),
 .UNSPECIFIED., .F., .F. ) 
 B_SPLINE_CURVE_WITH_KNOTS ( ( 4, 4 ),
 ( 4.653770160119203250E-16, 0.7853981633974501664 ),
 .UNSPECIFIED. ) 
 CURVE ( )  GEOMETRIC_REPRESENTATION_ITEM ( )  RATIONAL_B_SPLINE_CURVE ( ( 1.000000000000000000, 0.9492530216741910110, 0.9492530216741910110, 1.000000000000000000 ) ) 
 REPRESENTATION_ITEM ( '' )  );
#6573 = CARTESIAN_POINT ( 'NONE',  ( 0.3134175730544422889, -0.2890920949374362059, -2.397330798265291385 ) ) ;
#6574 = LINE ( 'NONE', #7346, #2204 ) ;
#6575 = LINE ( 'NONE', #8592, #4023 ) ;
#6576 = AXIS2_PLACEMENT_3D ( 'NONE', #6056, #8055, #3804 ) ;
#6578 = ORIENTED_EDGE ( 'NONE', *, *, #8063, .F. ) ;
#6577 = ORIENTED_EDGE ( 'NONE', *, *, #7310, .F. ) ;
#6579 = AXIS2_PLACEMENT_3D ( 'NONE', #1049, #6666, #8767 ) ;
#6580 = FACE_OUTER_BOUND ( 'NONE', #5805, .T. ) ;
#6581 = CARTESIAN_POINT ( 'NONE',  ( 5.287150732346582949, 1.754634953454125475E-17, -3.000000000000000000 ) ) ;
#6582 = LINE ( 'NONE', #5767, #8316 ) ;
#6583 = PRESENTATION_STYLE_ASSIGNMENT (( #185 ) ) ;
#6584 = EDGE_CURVE ( 'NONE', #2861, #7105, #337, .T. ) ;
#6585 =( GEOMETRIC_REPRESENTATION_CONTEXT ( 3 ) GLOBAL_UNCERTAINTY_ASSIGNED_CONTEXT ( ( #131 ) ) GLOBAL_UNIT_ASSIGNED_CONTEXT ( ( #2629, #2026, #4147 ) ) REPRESENTATION_CONTEXT ( 'NONE', 'WORKASPACE' ) );
#6586 = CYLINDRICAL_SURFACE ( 'NONE', #2792, 0.06399999999999998745 ) ;
#6587 = DIRECTION ( 'NONE',  ( -1.000000000000000000, -0.000000000000000000, -0.000000000000000000 ) ) ;
#6588 = CARTESIAN_POINT ( 'NONE',  ( 0.2337715950550439681, -1.250000000000000666, 1.713467453397172546 ) ) ;
#6589 = DIRECTION ( 'NONE',  ( -0.7071067811865463515, -0.7071067811865487940, -0.000000000000000000 ) ) ;
#6590 = EDGE_LOOP ( 'NONE', ( #2338, #3553, #8808, #357, #7072, #3487 ) ) ;
#6591 = UNCERTAINTY_MEASURE_WITH_UNIT (LENGTH_MEASURE( 1.000000000000000082E-05 ), #5252, 'distance_accuracy_value', 'NONE');
#6592 = CARTESIAN_POINT ( 'NONE',  ( 0.2031249999999996114, -1.250000000000001110, 1.180956325301204979 ) ) ;
#6593 = DIRECTION ( 'NONE',  ( 0.000000000000000000, 0.000000000000000000, 1.000000000000000000 ) ) ;
#6594 = COLOUR_RGB ( '',0.9686274509803921573, 0.8784313725490195957, 0.5999999999999999778 ) ;
#6595 = ORIENTED_EDGE ( 'NONE', *, *, #854, .F. ) ;
#6596 = VERTEX_POINT ( 'NONE', #8654 ) ;
#6597 =( GEOMETRIC_REPRESENTATION_CONTEXT ( 3 ) GLOBAL_UNCERTAINTY_ASSIGNED_CONTEXT ( ( #7292 ) ) GLOBAL_UNIT_ASSIGNED_CONTEXT ( ( #2732, #4803, #8869 ) ) REPRESENTATION_CONTEXT ( 'NONE', 'WORKASPACE' ) );
#6598 = FILL_AREA_STYLE ('',( #980 ) ) ;
#6599 = CARTESIAN_POINT ( 'NONE',  ( -0.1692625335108565165, -1.129999999999998561, 0.7271375653299390063 ) ) ;
#6600 = CARTESIAN_POINT ( 'NONE',  ( 4.823999999999999844, 2.283999999999999364, 8.550000000000000711 ) ) ;
#6601 = CARTESIAN_POINT ( 'NONE',  ( 2.841254833995939588, -0.3012548339959398302, 8.016309119164535701 ) ) ;
#6602 = EDGE_CURVE ( 'NONE', #6295, #5593, #8278, .T. ) ;
#6603 = EDGE_CURVE ( 'NONE', #7697, #3557, #4466, .T. ) ;
#6605 = ORIENTED_EDGE ( 'NONE', *, *, #2698, .F. ) ;
#6604 = ORIENTED_EDGE ( 'NONE', *, *, #5237, .T. ) ;
#6606 = CARTESIAN_POINT ( 'NONE',  ( 1.169999999999999707, 3.499999999999998668, 0.6000000000000000888 ) ) ;
#6607 = ORIENTED_EDGE ( 'NONE', *, *, #3132, .T. ) ;
#6608 = CARTESIAN_POINT ( 'NONE',  ( 0.2081842810550322553, -1.249999999999997780, 1.175455635456971848 ) ) ;
#6610 = EDGE_CURVE ( 'NONE', #8424, #2667, #1294, .T. ) ;
#6609 = VECTOR ( 'NONE', #3676, 1000.000000000000000 ) ;
#6611 = DIRECTION ( 'NONE',  ( -6.842277657836020854E-49, 5.078189165123089681E-17, -1.000000000000000000 ) ) ;
#6612 = FACE_OUTER_BOUND ( 'NONE', #5557, .T. ) ;
#6614 = ORIENTED_EDGE ( 'NONE', *, *, #517, .F. ) ;
#6613 = ORIENTED_EDGE ( 'NONE', *, *, #2972, .T. ) ;
#6615 = CYLINDRICAL_SURFACE ( 'NONE', #3897, 0.06399999999999998745 ) ;
#6616 = ORIENTED_EDGE ( 'NONE', *, *, #1740, .F. ) ;
#6617 = CARTESIAN_POINT ( 'NONE',  ( 4.872849267653418970, -7.584576630186898791E-16, 8.550000000000000711 ) ) ;
#6618 = ADVANCED_FACE ( 'NONE', ( #4860 ), #4767, .T. ) ;
#6619 = MECHANICAL_DESIGN_GEOMETRIC_PRESENTATION_REPRESENTATION (  '', ( #8364 ), #5594 ) ;
#6620 = EDGE_CURVE ( 'NONE', #67, #1159, #6786, .T. ) ;
#6621 = CARTESIAN_POINT ( 'NONE',  ( -0.2123439580472830379, -1.150000000000000799, 0.7446777659061306620 ) ) ;
#6622 = FACE_OUTER_BOUND ( 'NONE', #6907, .T. ) ;
#6623 = VECTOR ( 'NONE', #3483, 1000.000000000000000 ) ;
#6624 = FILL_AREA_STYLE ('',( #1097 ) ) ;
#6625 =( NAMED_UNIT ( * ) PLANE_ANGLE_UNIT ( ) SI_UNIT ( $, .RADIAN. ) );
#6627 = ORIENTED_EDGE ( 'NONE', *, *, #3328, .T. ) ;
#6626 = ORIENTED_EDGE ( 'NONE', *, *, #6843, .F. ) ;
#6628 = LINE ( 'NONE', #1101, #1245 ) ;
#6629 = LINE ( 'NONE', #5025, #8267 ) ;
#6630 = SURFACE_STYLE_FILL_AREA ( #2639 ) ;
#6631 = STYLED_ITEM ( 'NONE', ( #6250 ), #1029 ) ;
#6632 = CARTESIAN_POINT ( 'NONE',  ( 2.540000000000000036, 2.747150732346582469, -3.000000000000000000 ) ) ;
#6633 = LINE ( 'NONE', #7312, #3516 ) ;
#6634 = DIRECTION ( 'NONE',  ( -0.1710878697460326558, -0.1710878697460326836, 0.9702875252478149193 ) ) ;
#6635 = CARTESIAN_POINT ( 'NONE',  ( 0.2350082182935542274, -1.250000000000000888, 1.690863535879506552 ) ) ;
#6636 = CARTESIAN_POINT ( 'NONE',  ( 4.778745166004060962, 0.3012548339959384425, 8.016309119164535701 ) ) ;
#6637 = EDGE_CURVE ( 'NONE', #4707, #3590, #2740, .T. ) ;
#6638 = ORIENTED_EDGE ( 'NONE', *, *, #4600, .F. ) ;
#6639 = CARTESIAN_POINT ( 'NONE',  ( 5.381266522128489882, -0.3012665221284895334, -2.466242832470900037 ) ) ;
#6640 = FILL_AREA_STYLE_COLOUR ( '', #8117 ) ;
#6641 = COLOUR_RGB ( '',0.9686274509803921573, 0.8784313725490195957, 0.5999999999999999778 ) ;
#6642 = VERTEX_POINT ( 'NONE', #1337 ) ;
#6643 = LINE ( 'NONE', #334, #6609 ) ;
#6644 = CARTESIAN_POINT ( 'NONE',  ( -0.1565682309120723370, -1.210017572091696580, 1.784552413652316982 ) ) ;
#6645 = VECTOR ( 'NONE', #6009, 1000.000000000000000 ) ;
#6646 = SURFACE_SIDE_STYLE ('',( #7278 ) ) ;
#6647 = CARTESIAN_POINT ( 'NONE',  ( -0.2773257890756605781, -1.129999999999999893, 0.8205927532368733068 ) ) ;
#6648 = EDGE_CURVE ( 'NONE', #858, #8444, #619, .T. ) ;
#6649 =( NAMED_UNIT ( * ) PLANE_ANGLE_UNIT ( ) SI_UNIT ( $, .RADIAN. ) );
#6650 = DIRECTION ( 'NONE',  ( 0.000000000000000000, -0.000000000000000000, -1.000000000000000000 ) ) ;
#6652 = EDGE_LOOP ( 'NONE', ( #5647, #1491, #7962, #5337, #4291, #7806 ) ) ;
#6651 = ORIENTED_EDGE ( 'NONE', *, *, #3206, .F. ) ;
#6653 = CARTESIAN_POINT ( 'NONE',  ( -0.7699999999999996847, -1.250000000000000000, 2.500000000000000000 ) ) ;
#6654 = VERTEX_POINT ( 'NONE', #5403 ) ;
#6655 = STYLED_ITEM ( 'NONE', ( #6434 ), #2154 ) ;
#6656 = CARTESIAN_POINT ( 'NONE',  ( 0.2732007105321403451, -0.3200000000000001177, -2.359999999999988773 ) ) ;
#6657 = CARTESIAN_POINT ( 'NONE',  ( -0.2221105522436144231, -1.249999999999993561, 0.7980297930901476544 ) ) ;
#6659 = ORIENTED_EDGE ( 'NONE', *, *, #3982, .T. ) ;
#6658 = ORIENTED_EDGE ( 'NONE', *, *, #4671, .F. ) ;
#6660 = UNCERTAINTY_MEASURE_WITH_UNIT (LENGTH_MEASURE( 1.000000000000000082E-05 ), #7592, 'distance_accuracy_value', 'NONE');
#6661 = CARTESIAN_POINT ( 'NONE',  ( 2.220000000000000195, 2.283999999999999364, 7.909999999999988596 ) ) ;
#6662 = CARTESIAN_POINT ( 'NONE',  ( -0.1546753745387279277, -1.250000000000000888, 1.770096625241622590 ) ) ;
#6663 = VERTEX_POINT ( 'NONE', #4169 ) ;
#6664 = CARTESIAN_POINT ( 'NONE',  ( 5.080000000000000071, 0.2071507323465822670, -3.000000000000000000 ) ) ;
#6665 = EDGE_CURVE ( 'NONE', #8782, #2044, #3350, .T. ) ;
#6666 = DIRECTION ( 'NONE',  ( 1.408054769461693942E-16, 1.000000000000000000, -0.000000000000000000 ) ) ;
#6667 = AXIS2_PLACEMENT_3D ( 'NONE', #8221, #9051, #6263 ) ;
#6668 = VECTOR ( 'NONE', #4856, 1000.000000000000000 ) ;
#6669 = CARTESIAN_POINT ( 'NONE',  ( -0.2071507323465819339, 0.2071507323465813233, 8.550000000000000711 ) ) ;
#6670 = CARTESIAN_POINT ( 'NONE',  ( -0.1573284206430519139, -1.149999999999999911, 0.7336029765733800279 ) ) ;
#6672 = ORIENTED_EDGE ( 'NONE', *, *, #1258, .T. ) ;
#6671 = ORIENTED_EDGE ( 'NONE', *, *, #1369, .T. ) ;
#6673 = DIRECTION ( 'NONE',  ( 0.000000000000000000, -1.000000000000000000, 0.000000000000000000 ) ) ;
#6674 = CARTESIAN_POINT ( 'NONE',  ( 0.2560000000000002274, 2.219999999999999307, 7.909999999999988596 ) ) ;
#6675 =( NAMED_UNIT ( * ) PLANE_ANGLE_UNIT ( ) SI_UNIT ( $, .RADIAN. ) );
#6676 = ADVANCED_FACE ( 'NONE', ( #4811 ), #5538, .F. ) ;
#6677 =( NAMED_UNIT ( * ) PLANE_ANGLE_UNIT ( ) SI_UNIT ( $, .RADIAN. ) );
#6678 = VECTOR ( 'NONE', #6144, 1000.000000000000000 ) ;
#6679 = CARTESIAN_POINT ( 'NONE',  ( 4.060000000000000497, -1.250000000000000222, 0.4500000000000001221 ) ) ;
#6680 = DIRECTION ( 'NONE',  ( 1.000000000000000000, -1.408054769461693942E-16, 0.000000000000000000 ) ) ;
#6681 = CARTESIAN_POINT ( 'NONE',  ( -1.145000000000000018, -0.9999999999999988898, 2.374999999999999556 ) ) ;
#6682 = CARTESIAN_POINT ( 'NONE',  ( 0.2143969062482591337, -1.129999999999999449, 1.801881640390415429 ) ) ;
#6683 = CARTESIAN_POINT ( 'NONE',  ( 5.850000000000000533, 3.749999999999999112, 2.500000000000000000 ) ) ;
#6684 = ORIENTED_EDGE ( 'NONE', *, *, #2748, .T. ) ;
#6685 = UNCERTAINTY_MEASURE_WITH_UNIT (LENGTH_MEASURE( 1.000000000000000082E-05 ), #1368, 'distance_accuracy_value', 'NONE');
#6686 = VECTOR ( 'NONE', #4460, 1000.000000000000227 ) ;
#6687 = CARTESIAN_POINT ( 'NONE',  ( -0.2031250000000001665, -1.250000000000000000, 1.378433734939759292 ) ) ;
#6688 = FACE_OUTER_BOUND ( 'NONE', #948, .T. ) ;
#6689 = ORIENTED_EDGE ( 'NONE', *, *, #90, .T. ) ;
#6690 = DIRECTION ( 'NONE',  ( -1.000000000000000000, 0.000000000000000000, 0.000000000000000000 ) ) ;
#6691 = EDGE_CURVE ( 'NONE', #5056, #5972, #4312, .T. ) ;
#6692 = SURFACE_STYLE_FILL_AREA ( #1024 ) ;
#6693 = DIRECTION ( 'NONE',  ( -1.000000000000000000, -0.000000000000000000, -0.000000000000000000 ) ) ;
#6694 = CARTESIAN_POINT ( 'NONE',  ( -0.2350048923525309974, -1.250000000000001332, 0.8504326073702300759 ) ) ;
#6695 = CARTESIAN_POINT ( 'NONE',  ( 2.796000000000000263, -0.3200000000000006728, 7.909999999999988596 ) ) ;
#6696 = VERTEX_POINT ( 'NONE', #2136 ) ;
#6697 = CARTESIAN_POINT ( 'NONE',  ( 4.760000000000000675, 2.219999999999999307, 7.909999999999988596 ) ) ;
#6698 = ORIENTED_EDGE ( 'NONE', *, *, #2698, .T. ) ;
#6699 = EDGE_CURVE ( 'NONE', #2119, #6805, #5232, .T. ) ;
#6700 = DIRECTION ( 'NONE',  ( -0.3236155771181848939, -0.8891264907159881492, -0.3236155771181852825 ) ) ;
#6701 = CARTESIAN_POINT ( 'NONE',  ( 0.2713367824627647140, -1.149999999999999911, 1.693229588980317502 ) ) ;
#6702 = CARTESIAN_POINT ( 'NONE',  ( 2.829092094937436297, 0.3134175730544416782, 7.947330798265292984 ) ) ;
#6703 = CARTESIAN_POINT ( 'NONE',  ( 2.796000000000000263, -0.3200000000000006728, 7.909999999999988596 ) ) ;
#6704 =( NAMED_UNIT ( * ) PLANE_ANGLE_UNIT ( ) SI_UNIT ( $, .RADIAN. ) );
#6706 = EDGE_LOOP ( 'NONE', ( #3204, #53, #7996, #3137, #8005, #3961 ) ) ;
#6705 = ORIENTED_EDGE ( 'NONE', *, *, #1039, .F. ) ;
#6707 = CARTESIAN_POINT ( 'NONE',  ( 0.2349831812470689063, -1.249999999999999556, 0.8499144089295601612 ) ) ;
#6708 = CARTESIAN_POINT ( 'NONE',  ( -0.2786199085238556528, -1.129999999999998783, 1.691947436342201572 ) ) ;
#6709 = ORIENTED_EDGE ( 'NONE', *, *, #5948, .F. ) ;
#6710 = PRESENTATION_STYLE_ASSIGNMENT (( #6568 ) ) ;
#6711 =( BOUNDED_CURVE ( )  B_SPLINE_CURVE ( 3, ( #3965, #4014, #6902, #7624 ),
 .UNSPECIFIED., .F., .F. ) 
 B_SPLINE_CURVE_WITH_KNOTS ( ( 4, 4 ),
 ( 3.141592653589793116, 3.926990816987238286 ),
 .UNSPECIFIED. ) 
 CURVE ( )  GEOMETRIC_REPRESENTATION_ITEM ( )  RATIONAL_B_SPLINE_CURVE ( ( 1.000000000000000000, 0.9492530216741915661, 0.9492530216741915661, 1.000000000000000000 ) ) 
 REPRESENTATION_ITEM ( '' )  );
#6712 = VECTOR ( 'NONE', #3771, 1000.000000000000000 ) ;
#6713 = PRESENTATION_STYLE_ASSIGNMENT (( #7389 ) ) ;
#6714 = PLANE ( 'NONE',  #7963 ) ;
#6715 = CARTESIAN_POINT ( 'NONE',  ( -0.3199999999999999512, 0.3199999999999998401, -2.359999999999988773 ) ) ;
#6716 = SURFACE_SIDE_STYLE ('',( #1141 ) ) ;
#6718 = ORIENTED_EDGE ( 'NONE', *, *, #299, .T. ) ;
#6717 = EDGE_LOOP ( 'NONE', ( #548, #5318, #4706, #8898, #1084, #4555 ) ) ;
#6719 = DIRECTION ( 'NONE',  ( -0.000000000000000000, -0.000000000000000000, -1.000000000000000000 ) ) ;
#6720 = CARTESIAN_POINT ( 'NONE',  ( 2.841254833995939588, 2.238745166004060039, 8.016309119164535701 ) ) ;
#6721 = VECTOR ( 'NONE', #9048, 1000.000000000000000 ) ;
#6722 = EDGE_CURVE ( 'NONE', #181, #8842, #7776, .T. ) ;
#6723 = CARTESIAN_POINT ( 'NONE',  ( 1.019999999999999796, -0.9999999999999978906, 0.4500000000000018430 ) ) ;
#6724 = LINE ( 'NONE', #8689, #1152 ) ;
#6725 = AXIS2_PLACEMENT_3D ( 'NONE', #912, #5015, #8542 ) ;
#6726 = DIRECTION ( 'NONE',  ( -0.1710878697460327114, 0.1710878697460326836, -0.9702875252478149193 ) ) ;
#6727 = VECTOR ( 'NONE', #7238, 1000.000000000000000 ) ;
#6728 = FILL_AREA_STYLE ('',( #5909 ) ) ;
#6729 = CARTESIAN_POINT ( 'NONE',  ( 0.2344867770528465956, -1.250000000000000888, 1.702869330121560720 ) ) ;
#6730 = PLANE ( 'NONE',  #4013 ) ;
#6731 = ORIENTED_EDGE ( 'NONE', *, *, #5274, .F. ) ;
#6732 = CARTESIAN_POINT ( 'NONE',  ( 2.220000000000000195, -0.2560000000000001719, -2.359999999999988773 ) ) ;
#6733 = ORIENTED_EDGE ( 'NONE', *, *, #6569, .T. ) ;
#6734 = FACE_OUTER_BOUND ( 'NONE', #7746, .T. ) ;
#6735 =( GEOMETRIC_REPRESENTATION_CONTEXT ( 3 ) GLOBAL_UNCERTAINTY_ASSIGNED_CONTEXT ( ( #2900 ) ) GLOBAL_UNIT_ASSIGNED_CONTEXT ( ( #3313, #2012, #8196 ) ) REPRESENTATION_CONTEXT ( 'NONE', 'WORKASPACE' ) );
#6736 = STYLED_ITEM ( 'NONE', ( #6402 ), #8025 ) ;
#6737 = EDGE_CURVE ( 'NONE', #67, #766, #4213, .T. ) ;
#6738 = CARTESIAN_POINT ( 'NONE',  ( -0.1562305829448816241, -1.236672524119856176, 1.774850804518273595 ) ) ;
#6739 = CARTESIAN_POINT ( 'NONE',  ( 3.559999999999999609, -1.250000000000000222, 0.5999999999999999778 ) ) ;
#6740 = CARTESIAN_POINT ( 'NONE',  ( -0.1584377493068649667, -1.129999999999998561, 0.7263832256260039921 ) ) ;
#6741 = CARTESIAN_POINT ( 'NONE',  ( 1.019999999999999796, -0.7700000000000002398, 0.6000000000000000888 ) ) ;
#6743 = EDGE_CURVE ( 'NONE', #2221, #5055, #829, .T. ) ;
#6742 = AXIS2_PLACEMENT_3D ( 'NONE', #4899, #5164, #2401 ) ;
#6744 = CARTESIAN_POINT ( 'NONE',  ( 0.05396442235651190827, -1.149999999999999911, 1.420349964525186914 ) ) ;
#6745 = CARTESIAN_POINT ( 'NONE',  ( 2.220000000000000195, 2.859999999999999876, 8.550000000000000711 ) ) ;
#6746 = VERTEX_POINT ( 'NONE', #7089 ) ;
#6747 =( LENGTH_UNIT ( ) NAMED_UNIT ( * ) SI_UNIT ( .MILLI., .METRE. ) );
#6748 = ORIENTED_EDGE ( 'NONE', *, *, #8155, .F. ) ;
#6749 = AXIS2_PLACEMENT_3D ( 'NONE', #7683, #1375, #4852 ) ;
#6750 = SURFACE_STYLE_FILL_AREA ( #2430 ) ;
#6751 = CARTESIAN_POINT ( 'NONE',  ( 0.2071507323465820449, 2.859999999999999876, 8.550000000000000711 ) ) ;
#6752 = SURFACE_STYLE_FILL_AREA ( #8806 ) ;
#6753 = SURFACE_STYLE_USAGE ( .BOTH. , #4697 ) ;
#6754 = EDGE_CURVE ( 'NONE', #4707, #4721, #4605, .T. ) ;
#6756 = ORIENTED_EDGE ( 'NONE', *, *, #2335, .F. ) ;
#6755 = VERTEX_POINT ( 'NONE', #7690 ) ;
#6757 = UNCERTAINTY_MEASURE_WITH_UNIT (LENGTH_MEASURE( 1.000000000000000082E-05 ), #7296, 'distance_accuracy_value', 'NONE');
#6758 = AXIS2_PLACEMENT_3D ( 'NONE', #5, #8408, #179 ) ;
#6759 = SURFACE_SIDE_STYLE ('',( #1135 ) ) ;
#6760 = ORIENTED_EDGE ( 'NONE', *, *, #3982, .F. ) ;
#6761 = VECTOR ( 'NONE', #4257, 1000.000000000000000 ) ;
#6762 = VECTOR ( 'NONE', #8337, 1000.000000000000000 ) ;
#6764 = ORIENTED_EDGE ( 'NONE', *, *, #968, .T. ) ;
#6763 = VERTEX_POINT ( 'NONE', #1431 ) ;
#6765 =( BOUNDED_CURVE ( )  B_SPLINE_CURVE ( 3, ( #9061, #8420, #4269, #579 ),
 .UNSPECIFIED., .F., .F. ) 
 B_SPLINE_CURVE_WITH_KNOTS ( ( 4, 4 ),
 ( -8.881784197001252323E-16, 0.7853981633974439491 ),
 .UNSPECIFIED. ) 
 CURVE ( )  GEOMETRIC_REPRESENTATION_ITEM ( )  RATIONAL_B_SPLINE_CURVE ( ( 1.000000000000000000, 0.9492530216741915661, 0.9492530216741915661, 1.000000000000000000 ) ) 
 REPRESENTATION_ITEM ( '' )  );
#6766 = DIRECTION ( 'NONE',  ( 6.842277657836020854E-49, -5.078189165123089681E-17, 1.000000000000000000 ) ) ;
#6767 = CARTESIAN_POINT ( 'NONE',  ( 1.395000000000000240, -0.9999999999999988898, 2.374999999999999556 ) ) ;
#6768 = STYLED_ITEM ( 'NONE', ( #3097 ), #318 ) ;
#6769 = CARTESIAN_POINT ( 'NONE',  ( 0.2890920949374359283, 0.3134175730544420668, -2.397330798265292717 ) ) ;
#6770 = CARTESIAN_POINT ( 'NONE',  ( -0.2494911852965882026, -1.210020284928572831, 1.691426653298531368 ) ) ;
#6771 = PLANE ( 'NONE',  #7765 ) ;
#6772 = VECTOR ( 'NONE', #6954, 1000.000000000000000 ) ;
#6773 = CARTESIAN_POINT ( 'NONE',  ( 2.220000000000000195, -0.2560000000000001719, -2.359999999999988773 ) ) ;
#6774 = EDGE_CURVE ( 'NONE', #4333, #4909, #1481, .T. ) ;
#6775 = CARTESIAN_POINT ( 'NONE',  ( 2.910000000000001474, 3.499999999999997780, 1.600000000000012301 ) ) ;
#6776 = CARTESIAN_POINT ( 'NONE',  ( 0.2274526451903171043, -1.250000000000000666, 1.733480568609701011 ) ) ;
#6777 = SURFACE_SIDE_STYLE ('',( #2506 ) ) ;
#6778 = ORIENTED_EDGE ( 'NONE', *, *, #3582, .F. ) ;
#6779 = UNCERTAINTY_MEASURE_WITH_UNIT (LENGTH_MEASURE( 1.000000000000000082E-05 ), #7006, 'distance_accuracy_value', 'NONE');
#6780 = CARTESIAN_POINT ( 'NONE',  ( 4.823999999999999844, 2.859999999999999876, 7.909999999999988596 ) ) ;
#6781 = DIRECTION ( 'NONE',  ( -1.000000000000000000, 0.000000000000000000, 0.000000000000000000 ) ) ;
#6782 = ORIENTED_EDGE ( 'NONE', *, *, #4627, .T. ) ;
#6783 = MECHANICAL_DESIGN_GEOMETRIC_PRESENTATION_REPRESENTATION (  '', ( #1638 ), #1944 ) ;
#6784 = CARTESIAN_POINT ( 'NONE',  ( -1.019999999999999574, -0.9999999999999988898, 2.499999999999999112 ) ) ;
#6785 = ADVANCED_FACE ( 'NONE', ( #6452 ), #7049, .F. ) ;
#6786 = LINE ( 'NONE', #6831, #1001 ) ;
#6787 = DIRECTION ( 'NONE',  ( -8.470329472543003391E-17, 1.000000000000000000, 0.000000000000000000 ) ) ;
#6788 = EDGE_CURVE ( 'NONE', #2365, #6514, #186, .T. ) ;
#6789 = CARTESIAN_POINT ( 'NONE',  ( -0.2675450665421197360, -1.129999999999997673, 0.7888260276643594970 ) ) ;
#6790 = CARTESIAN_POINT ( 'NONE',  ( 4.760000000000000675, 0.3199999999999998401, -2.359999999999988773 ) ) ;
#6791 = PLANE ( 'NONE',  #3306 ) ;
#6792 = ORIENTED_EDGE ( 'NONE', *, *, #5886, .T. ) ;
#6793 = DIRECTION ( 'NONE',  ( -1.000000000000000000, 0.000000000000000000, 0.000000000000000000 ) ) ;
#6794 = EDGE_LOOP ( 'NONE', ( #5602, #6689, #8211, #3402, #2814 ) ) ;
#6795 = AXIS2_PLACEMENT_3D ( 'NONE', #8234, #7559, #1120 ) ;
#6796 = FILL_AREA_STYLE ('',( #1396 ) ) ;
#6797 = CARTESIAN_POINT ( 'NONE',  ( 5.381266522128489882, 2.238733477871510669, -2.466242832470900037 ) ) ;
#6798 = LINE ( 'NONE', #4736, #7213 ) ;
#6799 = SURFACE_STYLE_USAGE ( .BOTH. , #3408 ) ;
#6800 = CARTESIAN_POINT ( 'NONE',  ( -0.1560617469879519992, -1.250000000000000000, 0.7700000000000001288 ) ) ;
#6802 = ORIENTED_EDGE ( 'NONE', *, *, #578, .T. ) ;
#6801 = ORIENTED_EDGE ( 'NONE', *, *, #6935, .F. ) ;
#6803 = CARTESIAN_POINT ( 'NONE',  ( -0.7699999999999996847, -1.250000000000000000, 2.500000000000000000 ) ) ;
#6804 = CARTESIAN_POINT ( 'NONE',  ( -0.2785775458924497627, -1.129999999999999227, 1.692958814264112766 ) ) ;
#6805 = VERTEX_POINT ( 'NONE', #708 ) ;
#6806 = ADVANCED_FACE ( 'NONE', ( #2875 ), #5678, .F. ) ;
#6807 = COLOUR_RGB ( '',0.9686274509803921573, 0.8784313725490195957, 0.5999999999999999778 ) ;
#6808 = PRESENTATION_STYLE_ASSIGNMENT (( #6166 ) ) ;
#6809 =( NAMED_UNIT ( * ) SI_UNIT ( $, .STERADIAN. ) SOLID_ANGLE_UNIT ( ) );
#6811 = EDGE_LOOP ( 'NONE', ( #5523, #7771, #2009, #491 ) ) ;
#6810 = VERTEX_POINT ( 'NONE', #7224 ) ;
#6812 = VECTOR ( 'NONE', #3305, 1000.000000000000000 ) ;
#6813 = LINE ( 'NONE', #1010, #2470 ) ;
#6814 = CARTESIAN_POINT ( 'NONE',  ( 0.2732007105321403451, 2.219999999999999751, -2.359999999999988773 ) ) ;
#6815 = EDGE_CURVE ( 'NONE', #3060, #777, #6724, .T. ) ;
#6816 = VECTOR ( 'NONE', #6403, 1000.000000000000000 ) ;
#6817 = SURFACE_SIDE_STYLE ('',( #275 ) ) ;
#6818 = AXIS2_PLACEMENT_3D ( 'NONE', #2562, #7425, #1874 ) ;
#6819 = CARTESIAN_POINT ( 'NONE',  ( 2.741087211002079194, -0.2010872110020796577, 8.584387938363944315 ) ) ;
#6820 =( BOUNDED_CURVE ( )  B_SPLINE_CURVE ( 3, ( #5814, #6355, #744, #8595 ),
 .UNSPECIFIED., .F., .F. ) 
 B_SPLINE_CURVE_WITH_KNOTS ( ( 4, 4 ),
 ( -8.881784197001252323E-16, 0.7853981633974439491 ),
 .UNSPECIFIED. ) 
 CURVE ( )  GEOMETRIC_REPRESENTATION_ITEM ( )  RATIONAL_B_SPLINE_CURVE ( ( 1.000000000000000000, 0.9492530216741915661, 0.9492530216741915661, 1.000000000000000000 ) ) 
 REPRESENTATION_ITEM ( '' )  );
#6821 = CARTESIAN_POINT ( 'NONE',  ( -0.1573284206430661802, -1.149999999999999911, 1.806397023426620674 ) ) ;
#6822 = FACE_OUTER_BOUND ( 'NONE', #984, .T. ) ;
#6823 = DIRECTION ( 'NONE',  ( 0.7071067811865441310, 0.7071067811865507924, -0.000000000000000000 ) ) ;
#6824 = VERTEX_POINT ( 'NONE', #5861 ) ;
#6825 = CARTESIAN_POINT ( 'NONE',  ( 4.872849267653418082, -0.2071507323465826000, -3.000000000000000000 ) ) ;
#6826 = CARTESIAN_POINT ( 'NONE',  ( 4.059999999999999609, 3.499999999999997780, 0.4500000000000002887 ) ) ;
#6827 = ORIENTED_EDGE ( 'NONE', *, *, #3586, .T. ) ;
#6828 = VECTOR ( 'NONE', #5083, 1000.000000000000000 ) ;
#6829 = MECHANICAL_DESIGN_GEOMETRIC_PRESENTATION_REPRESENTATION (  '', ( #66 ), #5196 ) ;
#6830 = DIRECTION ( 'NONE',  ( 0.7071067811865490160, 0.7071067811865460184, -0.000000000000000000 ) ) ;
#6831 = CARTESIAN_POINT ( 'NONE',  ( 3.809999999999999609, 3.499999999999997780, 2.350000000000000089 ) ) ;
#6832 = CARTESIAN_POINT ( 'NONE',  ( 0.2713367824627647140, -1.149999999999999689, 1.270000000000000018 ) ) ;
#6833 = PRESENTATION_LAYER_ASSIGNMENT (  '', '', ( #360 ) ) ;
#6834 = STYLED_ITEM ( 'NONE', ( #6426 ), #3448 ) ;
#6835 = DIRECTION ( 'NONE',  ( -1.000000000000000000, -8.470329472543003391E-17, -4.301393535249064745E-33 ) ) ;
#6836 = PRESENTATION_STYLE_ASSIGNMENT (( #1826 ) ) ;
#6837 = CARTESIAN_POINT ( 'NONE',  ( 0.000000000000000000, 3.270000000000000462, 0.000000000000000000 ) ) ;
#6838 = FILL_AREA_STYLE_COLOUR ( '', #2397 ) ;
#6839 = EDGE_CURVE ( 'NONE', #8908, #8879, #3194, .T. ) ;
#6840 = VERTEX_POINT ( 'NONE', #2452 ) ;
#6841 = CARTESIAN_POINT ( 'NONE',  ( 4.060000000000000497, 0.000000000000000000, 0.000000000000000000 ) ) ;
#6842 = ORIENTED_EDGE ( 'NONE', *, *, #1920, .F. ) ;
#6843 = EDGE_CURVE ( 'NONE', #4658, #6036, #1012, .T. ) ;
#6844 = ADVANCED_FACE ( 'NONE', ( #3929 ), #3753, .F. ) ;
#6845 = VECTOR ( 'NONE', #5752, 1000.000000000000114 ) ;
#6846 = SURFACE_STYLE_USAGE ( .BOTH. , #4051 ) ;
#6847 = LINE ( 'NONE', #2614, #6898 ) ;
#6849 = ORIENTED_EDGE ( 'NONE', *, *, #3328, .F. ) ;
#6848 = ORIENTED_EDGE ( 'NONE', *, *, #527, .F. ) ;
#6850 = CARTESIAN_POINT ( 'NONE',  ( 0.1539821883141191949, -1.250000000000000888, 0.7698550621375672698 ) ) ;
#6851 = CARTESIAN_POINT ( 'NONE',  ( 0.1573126152956376422, -1.149999999999999689, 1.806397023426620896 ) ) ;
#6852 = ORIENTED_EDGE ( 'NONE', *, *, #8732, .T. ) ;
#6853 = CARTESIAN_POINT ( 'NONE',  ( -0.3464101615137760160, -1.046666666666666856, 2.449999999999999734 ) ) ;
#6854 = EDGE_CURVE ( 'NONE', #1159, #8078, #372, .T. ) ;
#6855 = FILL_AREA_STYLE ('',( #4704 ) ) ;
#6856 = DIRECTION ( 'NONE',  ( 0.000000000000000000, 1.000000000000000000, 0.000000000000000000 ) ) ;
#6857 = ADVANCED_FACE ( 'NONE', ( #7265 ), #1811, .T. ) ;
#6859 = ORIENTED_EDGE ( 'NONE', *, *, #6530, .T. ) ;
#6858 = ORIENTED_EDGE ( 'NONE', *, *, #5391, .T. ) ;
#6860 = DIRECTION ( 'NONE',  ( 0.000000000000000000, 0.3420201433256694901, -0.9396926207859082059 ) ) ;
#6861 = DIRECTION ( 'NONE',  ( 1.000000000000000000, 2.409338161078900167E-16, -0.000000000000000000 ) ) ;
#6862 = CARTESIAN_POINT ( 'NONE',  ( 5.080000000000000071, 2.332849267653417158, -3.000000000000000000 ) ) ;
#6863 = FACE_OUTER_BOUND ( 'NONE', #6717, .T. ) ;
#6864 = CARTESIAN_POINT ( 'NONE',  ( 0.2446407098541338865, -1.223346856680334271, 0.8486748927485863181 ) ) ;
#6865 = CARTESIAN_POINT ( 'NONE',  ( -0.1841190565292893933, -1.149999999999997025, 1.804221953226370356 ) ) ;
#6866 = CARTESIAN_POINT ( 'NONE',  ( 4.760000000000000675, 2.795999999999999819, -2.359999999999988773 ) ) ;
#6868 = EDGE_CURVE ( 'NONE', #3762, #6975, #4625, .T. ) ;
#6867 = STYLED_ITEM ( 'NONE', ( #8888 ), #5616 ) ;
#6869 = ORIENTED_EDGE ( 'NONE', *, *, #7873, .T. ) ;
#6870 = UNCERTAINTY_MEASURE_WITH_UNIT (LENGTH_MEASURE( 1.000000000000000082E-05 ), #5469, 'distance_accuracy_value', 'NONE');
#6871 = CARTESIAN_POINT ( 'NONE',  ( -0.7699999999999996847, -1.250000000000000000, 2.500000000000000000 ) ) ;
#6872 = CARTESIAN_POINT ( 'NONE',  ( 4.060000000000000497, -0.9999999999999986677, 0.4500000000000002887 ) ) ;
#6873 = ADVANCED_FACE ( 'NONE', ( #7311 ), #4581, .F. ) ;
#6874 = SURFACE_SIDE_STYLE ('',( #4076 ) ) ;
#6875 = B_SPLINE_SURFACE_WITH_KNOTS ( 'NONE', 1, 3, ( 
 ( #4825, #7611, #4873, #6240, #4136, #6936, #326, #3246, #3980, #8044, #5349, #6776, #6588, #6729, #471, #3933, #4585, #6635 ),
 ( #8693, #278, #2404, #422, #6044, #1721, #1157, #6682, #7357, #1016, #8740, #5910, #970, #7948, #3795, #1109, #5212, #7993 ) ),
 .UNSPECIFIED., .F., .F., .F.,
 ( 2, 2 ),
 ( 4, 3, 2, 2, 2, 2, 3, 4 ),
 ( 0.000000000000000000, 1.000000000000000000 ),
 ( -0.01648573236192130836, 0.000000000000000000, 0.2500000000000000000, 0.3750000000000000000, 0.5000000000000000000, 0.7500000000000000000, 1.000000000000000000, 1.012594183274089010 ),
 .UNSPECIFIED. ) ;
#6876 = AXIS2_PLACEMENT_3D ( 'NONE', #4403, #4360, #7139 ) ;
#6877 = PRESENTATION_LAYER_ASSIGNMENT (  '', '', ( #7738 ) ) ;
#6878 =( BOUNDED_CURVE ( )  B_SPLINE_CURVE ( 3, ( #2889, #763, #3584, #8429 ),
 .UNSPECIFIED., .F., .F. ) 
 B_SPLINE_CURVE_WITH_KNOTS ( ( 4, 4 ),
 ( 2.356194490192339508, 3.141592653589793116 ),
 .UNSPECIFIED. ) 
 CURVE ( )  GEOMETRIC_REPRESENTATION_ITEM ( )  RATIONAL_B_SPLINE_CURVE ( ( 1.000000000000000000, 0.9492530216741903448, 0.9492530216741903448, 1.000000000000000000 ) ) 
 REPRESENTATION_ITEM ( '' )  );
#6879 =( NAMED_UNIT ( * ) PLANE_ANGLE_UNIT ( ) SI_UNIT ( $, .RADIAN. ) );
#6880 = SURFACE_SIDE_STYLE ('',( #5680 ) ) ;
#6881 = SURFACE_STYLE_USAGE ( .BOTH. , #4081 ) ;
#6882 = LINE ( 'NONE', #1168, #4472 ) ;
#6883 = SURFACE_SIDE_STYLE ('',( #3532 ) ) ;
#6884 = DIRECTION ( 'NONE',  ( 0.000000000000000000, 5.078189165123089681E-17, -1.000000000000000000 ) ) ;
#6885 = PRESENTATION_LAYER_ASSIGNMENT (  '', '', ( #4685 ) ) ;
#6886 = ORIENTED_EDGE ( 'NONE', *, *, #2887, .F. ) ;
#6887 = VECTOR ( 'NONE', #7172, 1000.000000000000000 ) ;
#6888 = ORIENTED_EDGE ( 'NONE', *, *, #4406, .F. ) ;
#6889 = STYLED_ITEM ( 'NONE', ( #936 ), #6552 ) ;
#6890 = DIRECTION ( 'NONE',  ( -0.1710878697460330722, -0.1710878697460330722, -0.9702875252478149193 ) ) ;
#6891 = CARTESIAN_POINT ( 'NONE',  ( -0.2531083497167572749, -1.150000000000000133, 1.383357388030419077 ) ) ;
#6892 = EDGE_CURVE ( 'NONE', #1921, #78, #965, .T. ) ;
#6893 = CARTESIAN_POINT ( 'NONE',  ( -0.2560000000000000053, 0.3199999999999998401, -2.359999999999988773 ) ) ;
#6895 = ORIENTED_EDGE ( 'NONE', *, *, #7210, .F. ) ;
#6894 = ORIENTED_EDGE ( 'NONE', *, *, #4810, .T. ) ;
#6896 = LINE ( 'NONE', #8205, #6273 ) ;
#6897 = ORIENTED_EDGE ( 'NONE', *, *, #5596, .T. ) ;
#6898 = VECTOR ( 'NONE', #5418, 1000.000000000000000 ) ;
#6899 = EDGE_CURVE ( 'NONE', #6991, #4221, #3792, .T. ) ;
#6900 = B_SPLINE_CURVE_WITH_KNOTS ( 'NONE', 3,
 ( #7221, #4359, #963, #5766, #1621, #5947, #7262, #7138, #5116, #3096, #5856, #6493, #317, #3139, #2224, #3833 ),
 .UNSPECIFIED., .F., .F.,
 ( 4, 3, 2, 2, 2, 3, 4 ),
 ( 0.000000000000000000, 1.104703206905780792E-06, 4.554924001587018918E-05, 8.999377682483459206E-05, 0.0001344383136337990153, 0.0001788828504427634385, 0.0001807251478150544556 ),
 .UNSPECIFIED. ) ;
#6901 = COLOUR_RGB ( '',0.9686274509803921573, 0.8784313725490195957, 0.5999999999999999778 ) ;
#6902 = CARTESIAN_POINT ( 'NONE',  ( 4.790907905062565142, -0.3134175730544424554, -2.397330798265292717 ) ) ;
#6903 = AXIS2_PLACEMENT_3D ( 'NONE', #3175, #7336, #3911 ) ;
#6904 = PLANE ( 'NONE',  #660 ) ;
#6905 = DIRECTION ( 'NONE',  ( 0.000000000000000000, 0.000000000000000000, 1.000000000000000000 ) ) ;
#6907 = EDGE_LOOP ( 'NONE', ( #2210, #1510, #6931, #4152, #1275, #2302, #1866, #7035 ) ) ;
#6906 = ORIENTED_EDGE ( 'NONE', *, *, #3157, .T. ) ;
#6908 = DIRECTION ( 'NONE',  ( -0.000000000000000000, -0.000000000000000000, -1.000000000000000000 ) ) ;
#6909 = CARTESIAN_POINT ( 'NONE',  ( -0.3134175730544421778, 0.2890920949374352067, 7.947330798265291207 ) ) ;
#6910 = CARTESIAN_POINT ( 'NONE',  ( 5.080000000000000071, 0.000000000000000000, 0.000000000000000000 ) ) ;
#6911 =( GEOMETRIC_REPRESENTATION_CONTEXT ( 3 ) GLOBAL_UNCERTAINTY_ASSIGNED_CONTEXT ( ( #3268 ) ) GLOBAL_UNIT_ASSIGNED_CONTEXT ( ( #1967, #25, #3491 ) ) REPRESENTATION_CONTEXT ( 'NONE', 'WORKASPACE' ) );
#6912 =( GEOMETRIC_REPRESENTATION_CONTEXT ( 3 ) GLOBAL_UNCERTAINTY_ASSIGNED_CONTEXT ( ( #767 ) ) GLOBAL_UNIT_ASSIGNED_CONTEXT ( ( #2574, #8851, #3222 ) ) REPRESENTATION_CONTEXT ( 'NONE', 'WORKASPACE' ) );
#6913 = ADVANCED_FACE ( 'NONE', ( #5120 ), #6586, .T. ) ;
#6914 = CARTESIAN_POINT ( 'NONE',  ( 2.266799289467859690, 2.219999999999999307, 7.909999999999986819 ) ) ;
#6915 = CARTESIAN_POINT ( 'NONE',  ( 6.250000000000000000, 3.270000000000000462, 0.6000000000000000888 ) ) ;
#6916 = DIRECTION ( 'NONE',  ( 0.000000000000000000, 0.000000000000000000, -1.000000000000000000 ) ) ;
#6917 = CLOSED_SHELL ( 'NONE', ( #1268, #3474, #8370, #2478, #6547, #2643, #4642, #4047, #6453, #6618, #4198, #5882, #8564, #123, #5696, #2023, #721, #5437 ) ) ;
#6918 = DIRECTION ( 'NONE',  ( -6.842277657836020854E-49, 5.078189165123089681E-17, -1.000000000000000000 ) ) ;
#6919 =( NAMED_UNIT ( * ) SI_UNIT ( $, .STERADIAN. ) SOLID_ANGLE_UNIT ( ) );
#6920 = EDGE_LOOP ( 'NONE', ( #5316, #3544, #3079, #8721, #8067, #4733 ) ) ;
#6921 = SURFACE_STYLE_FILL_AREA ( #4896 ) ;
#6922 = CARTESIAN_POINT ( 'NONE',  ( 4.872849267653418970, 0.2071507323465813233, 8.550000000000000711 ) ) ;
#6923 = DIRECTION ( 'NONE',  ( -1.000000000000000000, 0.000000000000000000, 0.000000000000000000 ) ) ;
#6924 = EDGE_CURVE ( 'NONE', #2382, #7826, #122, .T. ) ;
#6925 = PLANE ( 'NONE',  #525 ) ;
#6926 = LINE ( 'NONE', #7053, #7078 ) ;
#6927 = DIRECTION ( 'NONE',  ( 0.000000000000000000, -0.000000000000000000, -1.000000000000000000 ) ) ;
#6928 = ADVANCED_BREP_SHAPE_REPRESENTATION ( 'DS1021_yellow_2x03p_100mil_Type1_rev1.0', ( #3534, #433, #446, #407, #3469, #479, #6552, #3591, #6483, #2208 ), #4280 ) ;
#6929 =( GEOMETRIC_REPRESENTATION_CONTEXT ( 3 ) GLOBAL_UNCERTAINTY_ASSIGNED_CONTEXT ( ( #6685 ) ) GLOBAL_UNIT_ASSIGNED_CONTEXT ( ( #1368, #4199, #3425 ) ) REPRESENTATION_CONTEXT ( 'NONE', 'WORKASPACE' ) );
#6930 = ORIENTED_EDGE ( 'NONE', *, *, #1731, .T. ) ;
#6931 = ORIENTED_EDGE ( 'NONE', *, *, #2325, .T. ) ;
#6932 =( BOUNDED_CURVE ( )  B_SPLINE_CURVE ( 3, ( #8473, #2197, #8524, #4872 ),
 .UNSPECIFIED., .F., .F. ) 
 B_SPLINE_CURVE_WITH_KNOTS ( ( 4, 4 ),
 ( 5.497787143782138841, 6.283185307179586232 ),
 .UNSPECIFIED. ) 
 CURVE ( )  GEOMETRIC_REPRESENTATION_ITEM ( )  RATIONAL_B_SPLINE_CURVE ( ( 1.000000000000000000, 0.9492530216741912330, 0.9492530216741912330, 1.000000000000000000 ) ) 
 REPRESENTATION_ITEM ( '' )  );
#6933 = VECTOR ( 'NONE', #5884, 1000.000000000000000 ) ;
#6934 = CARTESIAN_POINT ( 'NONE',  ( 2.332849267653418046, 2.332849267653417158, 8.550000000000000711 ) ) ;
#6935 = EDGE_CURVE ( 'NONE', #1376, #3310, #1060, .T. ) ;
#6936 = CARTESIAN_POINT ( 'NONE',  ( 0.1770002516592690256, -1.250000000000001110, 1.768231629108715675 ) ) ;
#6937 = VERTEX_POINT ( 'NONE', #606 ) ;
#6938 = CARTESIAN_POINT ( 'NONE',  ( 0.2275784156327409491, -1.250000000000001110, 0.8074457306935144407 ) ) ;
#6939 = SURFACE_SIDE_STYLE ('',( #7575 ) ) ;
#6940 = EDGE_LOOP ( 'NONE', ( #902, #2932, #3577, #504, #3866, #4376 ) ) ;
#6941 = CARTESIAN_POINT ( 'NONE',  ( 4.760000000000000675, 2.860000000000000320, -2.359999999999988773 ) ) ;
#6942 = ADVANCED_FACE ( 'NONE', ( #6863 ), #6771, .F. ) ;
#6943 = VECTOR ( 'NONE', #1342, 1000.000000000000000 ) ;
#6944 = SURFACE_SIDE_STYLE ('',( #1719 ) ) ;
#6945 = SURFACE_STYLE_USAGE ( .BOTH. , #8999 ) ;
#6946 = CARTESIAN_POINT ( 'NONE',  ( 4.872849267653418082, 0.2071507323465822670, -3.000000000000000000 ) ) ;
#6948 = ORIENTED_EDGE ( 'NONE', *, *, #6132, .T. ) ;
#6947 = VERTEX_POINT ( 'NONE', #6215 ) ;
#6949 = CARTESIAN_POINT ( 'NONE',  ( 1.370000000000002105, 3.499999999999997780, 0.5999999999999998668 ) ) ;
#6950 = PLANE ( 'NONE',  #4635 ) ;
#6951 = EDGE_CURVE ( 'NONE', #7274, #1376, #2038, .T. ) ;
#6952 = CARTESIAN_POINT ( 'NONE',  ( 6.350000000000000533, -0.9999999999999978906, 2.350000000000000089 ) ) ;
#6953 = VECTOR ( 'NONE', #6353, 1000.000000000000000 ) ;
#6954 = DIRECTION ( 'NONE',  ( -0.000000000000000000, 1.000000000000000000, 0.000000000000000000 ) ) ;
#6955 =( LENGTH_UNIT ( ) NAMED_UNIT ( * ) SI_UNIT ( .MILLI., .METRE. ) );
#6956 = DIRECTION ( 'NONE',  ( 0.7071067811865435759, -0.000000000000000000, -0.7071067811865515695 ) ) ;
#6957 = VECTOR ( 'NONE', #1781, 1000.000000000000000 ) ;
#6958 = CARTESIAN_POINT ( 'NONE',  ( -0.2608839580572240857, -1.149999999999997469, 1.748070688497446179 ) ) ;
#6959 = CARTESIAN_POINT ( 'NONE',  ( 2.238745166004060927, 0.3012548339959389421, -2.466309119164537655 ) ) ;
#6960 = DIRECTION ( 'NONE',  ( 8.470329472543003391E-17, -1.000000000000000000, 0.000000000000000000 ) ) ;
#6961 = EDGE_LOOP ( 'NONE', ( #857, #6553, #3001, #5139 ) ) ;
#6962 = CARTESIAN_POINT ( 'NONE',  ( 2.860000000000000320, -0.2560000000000007825, 7.909999999999988596 ) ) ;
#6963 = CARTESIAN_POINT ( 'NONE',  ( 0.1560617469879515551, -1.250000000000000000, 1.770000000000000240 ) ) ;
#6964 = LINE ( 'NONE', #2830, #7644 ) ;
#6965 = COLOUR_RGB ( '',0.9686274509803921573, 0.8784313725490195957, 0.5999999999999999778 ) ;
#6966 = SURFACE_SIDE_STYLE ('',( #3990 ) ) ;
#6967 = ADVANCED_FACE ( 'NONE', ( #8266 ), #7541, .F. ) ;
#6968 = DIRECTION ( 'NONE',  ( 0.000000000000000000, 0.000000000000000000, -1.000000000000000000 ) ) ;
#6969 = CARTESIAN_POINT ( 'NONE',  ( 2.860000000000000320, 2.283999999999999364, 7.909999999999988596 ) ) ;
#6970 = AXIS2_PLACEMENT_3D ( 'NONE', #2644, #8269, #3518 ) ;
#6971 = CARTESIAN_POINT ( 'NONE',  ( 5.381254833995939180, 2.841254833995939144, -2.466309119164536767 ) ) ;
#6972 = VECTOR ( 'NONE', #1665, 999.9999999999998863 ) ;
#6973 = ADVANCED_FACE ( 'NONE', ( #2642 ), #4025, .F. ) ;
#6974 = ORIENTED_EDGE ( 'NONE', *, *, #6218, .T. ) ;
#6975 = VERTEX_POINT ( 'NONE', #2217 ) ;
#6976 = VECTOR ( 'NONE', #8395, 1000.000000000000000 ) ;
#6977 = SURFACE_STYLE_FILL_AREA ( #1348 ) ;
#6978 = AXIS2_PLACEMENT_3D ( 'NONE', #6288, #1265, #9076 ) ;
#6979 = FACE_OUTER_BOUND ( 'NONE', #4954, .T. ) ;
#6980 = EDGE_LOOP ( 'NONE', ( #4048, #8367, #6000, #699, #3984, #6068 ) ) ;
#6981 = CARTESIAN_POINT ( 'NONE',  ( -0.2349648623439420103, -1.250000000000000888, 1.458559114078988861 ) ) ;
#6982 = PRESENTATION_LAYER_ASSIGNMENT (  '', '', ( #1849 ) ) ;
#6983 = ORIENTED_EDGE ( 'NONE', *, *, #3538, .F. ) ;
#6984 = EDGE_CURVE ( 'NONE', #8991, #1021, #5066, .T. ) ;
#6985 = PRESENTATION_LAYER_ASSIGNMENT (  '', '', ( #1552 ) ) ;
#6986 = CARTESIAN_POINT ( 'NONE',  ( 2.829092094937435409, 2.853417573054441991, -2.397330798265293161 ) ) ;
#6988 = ORIENTED_EDGE ( 'NONE', *, *, #2172, .F. ) ;
#6987 = ORIENTED_EDGE ( 'NONE', *, *, #7500, .F. ) ;
#6989 = CARTESIAN_POINT ( 'NONE',  ( 4.760000000000000675, 0.2559999999999993392, 8.550000000000000711 ) ) ;
#6990 = CARTESIAN_POINT ( 'NONE',  ( 2.860000000000000320, -0.2560000000000002829, -2.359999999999988773 ) ) ;
#6991 = VERTEX_POINT ( 'NONE', #5575 ) ;
#6992 = PLANE ( 'NONE',  #3501 ) ;
#6993 = DIRECTION ( 'NONE',  ( -0.7196877547425333255, 0.000000000000000000, 0.6942978724392371292 ) ) ;
#6994 = DIRECTION ( 'NONE',  ( 0.000000000000000000, 0.000000000000000000, -1.000000000000000000 ) ) ;
#6995 = FACE_OUTER_BOUND ( 'NONE', #3250, .T. ) ;
#6996 = CARTESIAN_POINT ( 'NONE',  ( 5.421010862427522170E-17, -0.4466666666666664898, 2.449999999999999734 ) ) ;
#6997 = EDGE_CURVE ( 'NONE', #7755, #4621, #5618, .T. ) ;
#6998 = EDGE_CURVE ( 'NONE', #8673, #4272, #5017, .T. ) ;
#6999 = ORIENTED_EDGE ( 'NONE', *, *, #6143, .T. ) ;
#7000 =( LENGTH_UNIT ( ) NAMED_UNIT ( * ) SI_UNIT ( .MILLI., .METRE. ) );
#7001 = DIRECTION ( 'NONE',  ( 0.000000000000000000, 0.000000000000000000, 1.000000000000000000 ) ) ;
#7002 = SURFACE_STYLE_USAGE ( .BOTH. , #1832 ) ;
#7003 = DIRECTION ( 'NONE',  ( -8.470329472543003391E-17, 1.000000000000000000, 0.000000000000000000 ) ) ;
#7004 = FILL_AREA_STYLE_COLOUR ( '', #1893 ) ;
#7005 = PLANE ( 'NONE',  #4871 ) ;
#7006 =( LENGTH_UNIT ( ) NAMED_UNIT ( * ) SI_UNIT ( .MILLI., .METRE. ) );
#7007 = SURFACE_STYLE_USAGE ( .BOTH. , #4219 ) ;
#7008 = VERTEX_POINT ( 'NONE', #1470 ) ;
#7009 = ORIENTED_EDGE ( 'NONE', *, *, #6558, .T. ) ;
#7010 =( GEOMETRIC_REPRESENTATION_CONTEXT ( 3 ) GLOBAL_UNCERTAINTY_ASSIGNED_CONTEXT ( ( #4008 ) ) GLOBAL_UNIT_ASSIGNED_CONTEXT ( ( #6747, #489, #2268 ) ) REPRESENTATION_CONTEXT ( 'NONE', 'WORKASPACE' ) );
#7011 = CARTESIAN_POINT ( 'NONE',  ( 0.2708580662099645542, -1.149999999999999245, 1.704254252467922726 ) ) ;
#7012 = ADVANCED_FACE ( 'NONE', ( #88 ), #8448, .F. ) ;
#7013 = CARTESIAN_POINT ( 'NONE',  ( 2.220000000000000195, 2.219999999999999307, 7.909999999999988596 ) ) ;
#7014 = DIRECTION ( 'NONE',  ( 1.000000000000000000, 0.000000000000000000, 0.000000000000000000 ) ) ;
#7015 = VECTOR ( 'NONE', #3919, 1000.000000000000000 ) ;
#7016 = CARTESIAN_POINT ( 'NONE',  ( 2.841254833995939588, 0.3012548339959391086, -2.466309119164536767 ) ) ;
#7018 = ORIENTED_EDGE ( 'NONE', *, *, #1840, .F. ) ;
#7017 = EDGE_LOOP ( 'NONE', ( #1006, #5170, #1288, #5292 ) ) ;
#7019 =( NAMED_UNIT ( * ) SI_UNIT ( $, .STERADIAN. ) SOLID_ANGLE_UNIT ( ) );
#7020 = CARTESIAN_POINT ( 'NONE',  ( 5.381254833995939180, 0.3012548339959391086, -2.466309119164536767 ) ) ;
#7021 = ORIENTED_EDGE ( 'NONE', *, *, #2511, .F. ) ;
#7022 = VECTOR ( 'NONE', #981, 1000.000000000000000 ) ;
#7023 = VECTOR ( 'NONE', #787, 999.9999999999998863 ) ;
#7024 = EDGE_CURVE ( 'NONE', #8071, #7835, #2820, .T. ) ;
#7025 = DIRECTION ( 'NONE',  ( -1.000000000000000000, 0.000000000000000000, 0.000000000000000000 ) ) ;
#7026 = DIRECTION ( 'NONE',  ( -0.000000000000000000, -0.000000000000000000, -1.000000000000000000 ) ) ;
#7027 = LINE ( 'NONE', #5610, #6976 ) ;
#7028 = CARTESIAN_POINT ( 'NONE',  ( -0.2560000000000000053, 0.2559999999999993392, 8.550000000000000711 ) ) ;
#7029 = VECTOR ( 'NONE', #8600, 1000.000000000000000 ) ;
#7031 = ORIENTED_EDGE ( 'NONE', *, *, #2908, .T. ) ;
#7030 = ORIENTED_EDGE ( 'NONE', *, *, #4060, .T. ) ;
#7032 = VECTOR ( 'NONE', #1038, 1000.000000000000000 ) ;
#7033 = DIRECTION ( 'NONE',  ( 0.000000000000000000, 1.000000000000000000, 0.000000000000000000 ) ) ;
#7034 = CARTESIAN_POINT ( 'NONE',  ( 0.1920371650743211145, -1.249999999999996447, 1.763573935885106803 ) ) ;
#7035 = ORIENTED_EDGE ( 'NONE', *, *, #3206, .T. ) ;
#7036 = FILL_AREA_STYLE_COLOUR ( '', #1479 ) ;
#7037 = MECHANICAL_DESIGN_GEOMETRIC_PRESENTATION_REPRESENTATION (  '', ( #2336 ), #5874 ) ;
#7038 = PRESENTATION_LAYER_ASSIGNMENT (  '', '', ( #1605 ) ) ;
#7039 = CARTESIAN_POINT ( 'NONE',  ( 2.220000000000000195, 2.283999999999999808, -2.359999999999988773 ) ) ;
#7040 = ADVANCED_FACE ( 'NONE', ( #7079 ), #4299, .T. ) ;
#7041 = CARTESIAN_POINT ( 'NONE',  ( 4.060000000000000497, 0.000000000000000000, 2.500000000000000000 ) ) ;
#7042 = CARTESIAN_POINT ( 'NONE',  ( -0.2713367824627651026, -1.150000000000000133, 1.457141330931055911 ) ) ;
#7043 = ORIENTED_EDGE ( 'NONE', *, *, #6691, .F. ) ;
#7044 = DIRECTION ( 'NONE',  ( -6.842277657836020854E-49, 5.078189165123089681E-17, -1.000000000000000000 ) ) ;
#7045 = DIRECTION ( 'NONE',  ( -6.842277657836020854E-49, 5.078189165123089681E-17, -1.000000000000000000 ) ) ;
#7046 = MECHANICAL_DESIGN_GEOMETRIC_PRESENTATION_REPRESENTATION (  '', ( #2346 ), #2502 ) ;
#7047 =( LENGTH_UNIT ( ) NAMED_UNIT ( * ) SI_UNIT ( .MILLI., .METRE. ) );
#7048 = EDGE_CURVE ( 'NONE', #1218, #8765, #8499, .T. ) ;
#7049 = PLANE ( 'NONE',  #6017 ) ;
#7050 = DIRECTION ( 'NONE',  ( -0.000000000000000000, 0.9848077530122085754, 0.1736481776669278887 ) ) ;
#7051 = PRESENTATION_STYLE_ASSIGNMENT (( #2833 ) ) ;
#7052 = CARTESIAN_POINT ( 'NONE',  ( -0.1570750383009034412, -1.170005857523096715, 0.7408845132227577235 ) ) ;
#7053 = CARTESIAN_POINT ( 'NONE',  ( -1.269999999999999574, -0.9999999999999988898, 0.5999999999999998668 ) ) ;
#7054 = LINE ( 'NONE', #6366, #5065 ) ;
#7055 = ORIENTED_EDGE ( 'NONE', *, *, #888, .F. ) ;
#7056 =( BOUNDED_CURVE ( )  B_SPLINE_CURVE ( 3, ( #8625, #7293, #2437, #2384 ),
 .UNSPECIFIED., .F., .F. ) 
 B_SPLINE_CURVE_WITH_KNOTS ( ( 4, 4 ),
 ( 3.141592653589792672, 3.926990816987244504 ),
 .UNSPECIFIED. ) 
 CURVE ( )  GEOMETRIC_REPRESENTATION_ITEM ( )  RATIONAL_B_SPLINE_CURVE ( ( 1.000000000000000000, 0.9492530216741906779, 0.9492530216741906779, 1.000000000000000000 ) ) 
 REPRESENTATION_ITEM ( '' )  );
#7057 = PRESENTATION_LAYER_ASSIGNMENT (  '', '', ( #603 ) ) ;
#7058 = ORIENTED_EDGE ( 'NONE', *, *, #299, .F. ) ;
#7059 = ADVANCED_FACE ( 'NONE', ( #1519 ), #4351, .F. ) ;
#7060 = FILL_AREA_STYLE ('',( #3021 ) ) ;
#7061 = LINE ( 'NONE', #1589, #6727 ) ;
#7062 = DIRECTION ( 'NONE',  ( 6.842277657836020854E-49, -5.078189165123089681E-17, 1.000000000000000000 ) ) ;
#7063 = ORIENTED_EDGE ( 'NONE', *, *, #1946, .T. ) ;
#7064 = FACE_OUTER_BOUND ( 'NONE', #4450, .T. ) ;
#7065 =( NAMED_UNIT ( * ) PLANE_ANGLE_UNIT ( ) SI_UNIT ( $, .RADIAN. ) );
#7066 = ORIENTED_EDGE ( 'NONE', *, *, #6460, .F. ) ;
#7067 =( GEOMETRIC_REPRESENTATION_CONTEXT ( 3 ) GLOBAL_UNCERTAINTY_ASSIGNED_CONTEXT ( ( #1629 ) ) GLOBAL_UNIT_ASSIGNED_CONTEXT ( ( #9039, #1507, #7159 ) ) REPRESENTATION_CONTEXT ( 'NONE', 'WORKASPACE' ) );
#7068 = PLANE ( 'NONE',  #3312 ) ;
#7069 = STYLED_ITEM ( 'NONE', ( #8244 ), #1238 ) ;
#7070 = CARTESIAN_POINT ( 'NONE',  ( 1.270000000000000462, -0.9999999999999978906, 2.350000000000000089 ) ) ;
#7072 = ORIENTED_EDGE ( 'NONE', *, *, #8916, .F. ) ;
#7071 = VERTEX_POINT ( 'NONE', #4693 ) ;
#7073 = CARTESIAN_POINT ( 'NONE',  ( 4.766582426945557671, 2.250907905062563774, 7.947330798265292984 ) ) ;
#7074 = CARTESIAN_POINT ( 'NONE',  ( 0.2337715950550458832, -1.249999999999996225, 1.713467453397172324 ) ) ;
#7075 = VERTEX_POINT ( 'NONE', #4004 ) ;
#7076 = DIRECTION ( 'NONE',  ( 0.000000000000000000, -1.000000000000000000, 0.000000000000000000 ) ) ;
#7077 = DIRECTION ( 'NONE',  ( -0.000000000000000000, 0.000000000000000000, 1.000000000000000000 ) ) ;
#7078 = VECTOR ( 'NONE', #1297, 1000.000000000000000 ) ;
#7079 = FACE_OUTER_BOUND ( 'NONE', #5135, .T. ) ;
#7080 = FACE_OUTER_BOUND ( 'NONE', #7923, .T. ) ;
#7081 = FILL_AREA_STYLE_COLOUR ( '', #4170 ) ;
#7083 = ORIENTED_EDGE ( 'NONE', *, *, #8749, .T. ) ;
#7082 = ORIENTED_EDGE ( 'NONE', *, *, #700, .T. ) ;
#7084 = DIRECTION ( 'NONE',  ( 0.000000000000000000, -0.000000000000000000, 1.000000000000000000 ) ) ;
#7085 =( GEOMETRIC_REPRESENTATION_CONTEXT ( 3 ) GLOBAL_UNCERTAINTY_ASSIGNED_CONTEXT ( ( #5398 ) ) GLOBAL_UNIT_ASSIGNED_CONTEXT ( ( #696, #567, #6919 ) ) REPRESENTATION_CONTEXT ( 'NONE', 'WORKASPACE' ) );
#7086 = PLANE ( 'NONE',  #8170 ) ;
#7087 = CARTESIAN_POINT ( 'NONE',  ( 2.747150732346582025, 0.3199999999999993405, 8.550000000000000711 ) ) ;
#7088 = EDGE_CURVE ( 'NONE', #6180, #6824, #8105, .T. ) ;
#7089 = CARTESIAN_POINT ( 'NONE',  ( 6.100000000000000533, -0.9999999999999985567, 0.000000000000000000 ) ) ;
#7090 = MECHANICAL_DESIGN_GEOMETRIC_PRESENTATION_REPRESENTATION (  '', ( #6655 ), #5787 ) ;
#7091 = CARTESIAN_POINT ( 'NONE',  ( 0.2469967307725579042, -1.129999999999999449, 1.197951346359644287 ) ) ;
#7092 =( LENGTH_UNIT ( ) NAMED_UNIT ( * ) SI_UNIT ( .MILLI., .METRE. ) );
#7093 =( NAMED_UNIT ( * ) SI_UNIT ( $, .STERADIAN. ) SOLID_ANGLE_UNIT ( ) );
#7094 = DIRECTION ( 'NONE',  ( -0.7071067811865509034, 0.7071067811865442421, 0.000000000000000000 ) ) ;
#7095 = PRESENTATION_STYLE_ASSIGNMENT (( #7007 ) ) ;
#7096 = ORIENTED_EDGE ( 'NONE', *, *, #5794, .F. ) ;
#7097 = VECTOR ( 'NONE', #6181, 1000.000000000000000 ) ;
#7098 = ORIENTED_EDGE ( 'NONE', *, *, #5375, .F. ) ;
#7099 = CARTESIAN_POINT ( 'NONE',  ( 0.2332597493785919240, -1.149999999999999467, 1.782118037699556456 ) ) ;
#7100 = CARTESIAN_POINT ( 'NONE',  ( 4.760000000000000675, 2.219999999999999751, -2.359999999999988773 ) ) ;
#7101 = VECTOR ( 'NONE', #565, 1000.000000000000000 ) ;
#7102 = VECTOR ( 'NONE', #1321, 1000.000000000000000 ) ;
#7103 = CARTESIAN_POINT ( 'NONE',  ( 4.760000000000000675, 0.2559999999999998943, -2.359999999999988773 ) ) ;
#7104 =( BOUNDED_CURVE ( )  B_SPLINE_CURVE ( 3, ( #4293, #1560, #7073, #5706 ),
 .UNSPECIFIED., .F., .F. ) 
 B_SPLINE_CURVE_WITH_KNOTS ( ( 4, 4 ),
 ( 2.122493417915226333E-16, 0.7853981633974475018 ),
 .UNSPECIFIED. ) 
 CURVE ( )  GEOMETRIC_REPRESENTATION_ITEM ( )  RATIONAL_B_SPLINE_CURVE ( ( 1.000000000000000000, 0.9492530216741912330, 0.9492530216741912330, 1.000000000000000000 ) ) 
 REPRESENTATION_ITEM ( '' )  );
#7105 = VERTEX_POINT ( 'NONE', #3264 ) ;
#7106 = EDGE_CURVE ( 'NONE', #8030, #818, #6528, .T. ) ;
#7107 = EDGE_CURVE ( 'NONE', #7565, #4228, #1837, .T. ) ;
#7108 = EDGE_LOOP ( 'NONE', ( #2030, #4436, #230, #5409 ) ) ;
#7109 = CARTESIAN_POINT ( 'NONE',  ( 2.238745166004060927, 2.238745166004060483, -2.466309119164536767 ) ) ;
#7110 = CARTESIAN_POINT ( 'NONE',  ( -0.3199999999999998956, 2.219999999999999307, 8.550000000000000711 ) ) ;
#7111 = VERTEX_POINT ( 'NONE', #7886 ) ;
#7112 = AXIS2_PLACEMENT_3D ( 'NONE', #4643, #4728, #5407 ) ;
#7113 = PRESENTATION_LAYER_ASSIGNMENT (  '', '', ( #3609 ) ) ;
#7114 = DIRECTION ( 'NONE',  ( 0.000000000000000000, 0.000000000000000000, 1.000000000000000000 ) ) ;
#7115 = LINE ( 'NONE', #8435, #616 ) ;
#7116 = CARTESIAN_POINT ( 'NONE',  ( -0.2485863161563956203, -1.212506392458813753, 1.457718508457244377 ) ) ;
#7117 = MECHANICAL_DESIGN_GEOMETRIC_PRESENTATION_REPRESENTATION (  '', ( #942 ), #2281 ) ;
#7118 = STYLED_ITEM ( 'NONE', ( #3885 ), #3591 ) ;
#7119 = CARTESIAN_POINT ( 'NONE',  ( -0.05396442235651247726, -1.149999999999999911, 1.270000000000000018 ) ) ;
#7121 = ORIENTED_EDGE ( 'NONE', *, *, #4384, .T. ) ;
#7120 = VERTEX_POINT ( 'NONE', #4395 ) ;
#7122 = UNCERTAINTY_MEASURE_WITH_UNIT (LENGTH_MEASURE( 1.000000000000000082E-05 ), #3048, 'distance_accuracy_value', 'NONE');
#7123 = DIRECTION ( 'NONE',  ( 1.000000000000000000, 0.000000000000000000, 0.000000000000000000 ) ) ;
#7124 = ORIENTED_EDGE ( 'NONE', *, *, #6868, .T. ) ;
#7125 = PLANE ( 'NONE',  #2477 ) ;
#7126 = EDGE_CURVE ( 'NONE', #2840, #181, #493, .T. ) ;
#7127 = LINE ( 'NONE', #6441, #4730 ) ;
#7128 = CONICAL_SURFACE ( 'NONE', #523, 0.6500000000000000222, 0.3490658503988666728 ) ;
#7129 = COLOUR_RGB ( '',0.9686274509803921573, 0.8784313725490195957, 0.5999999999999999778 ) ;
#7130 = FILL_AREA_STYLE ('',( #5758 ) ) ;
#7131 = EDGE_CURVE ( 'NONE', #5382, #2623, #1714, .T. ) ;
#7132 = SURFACE_STYLE_FILL_AREA ( #2171 ) ;
#7133 = CARTESIAN_POINT ( 'NONE',  ( 4.060000000000000497, -0.7700000000000006839, 0.4500000000000001221 ) ) ;
#7134 = DIRECTION ( 'NONE',  ( -8.470329472543003391E-17, 1.000000000000000000, 0.000000000000000000 ) ) ;
#7135 =( NAMED_UNIT ( * ) SI_UNIT ( $, .STERADIAN. ) SOLID_ANGLE_UNIT ( ) );
#7136 = EDGE_LOOP ( 'NONE', ( #6279, #3119, #949, #2764 ) ) ;
#7137 =( NAMED_UNIT ( * ) PLANE_ANGLE_UNIT ( ) SI_UNIT ( $, .RADIAN. ) );
#7138 = CARTESIAN_POINT ( 'NONE',  ( 0.2518730436385708260, -1.149999999999990807, 0.7762156859387957519 ) ) ;
#7139 = DIRECTION ( 'NONE',  ( 0.000000000000000000, -5.078189165123089681E-17, 1.000000000000000000 ) ) ;
#7140 =( LENGTH_UNIT ( ) NAMED_UNIT ( * ) SI_UNIT ( .MILLI., .METRE. ) );
#7141 = CARTESIAN_POINT ( 'NONE',  ( 2.220000000000000195, 2.813200710532140381, -2.359999999999986997 ) ) ;
#7142 = LINE ( 'NONE', #750, #3330 ) ;
#7143 = LINE ( 'NONE', #845, #5323 ) ;
#7144 = CARTESIAN_POINT ( 'NONE',  ( -0.3199999999999998956, -0.2732007105321404006, -2.359999999999986997 ) ) ;
#7145 = EDGE_LOOP ( 'NONE', ( #8572, #5555, #4465, #522, #6705, #7616 ) ) ;
#7146 = ORIENTED_EDGE ( 'NONE', *, *, #8385, .T. ) ;
#7147 = CIRCLE ( 'NONE', #550, 0.6136029765733795882 ) ;
#7148 = LINE ( 'NONE', #852, #8336 ) ;
#7149 = SURFACE_SIDE_STYLE ('',( #204 ) ) ;
#7150 = STYLED_ITEM ( 'NONE', ( #2166 ), #6053 ) ;
#7152 = ORIENTED_EDGE ( 'NONE', *, *, #793, .T. ) ;
#7151 = VERTEX_POINT ( 'NONE', #6102 ) ;
#7153 = CARTESIAN_POINT ( 'NONE',  ( -0.2247191242266792510, -1.250000000000000666, 1.408007062060587566 ) ) ;
#7154 = EDGE_LOOP ( 'NONE', ( #1833, #4283, #3126, #4620 ) ) ;
#7155 = CARTESIAN_POINT ( 'NONE',  ( 0.3200000000000001177, -0.2560000000000007825, 7.909999999999988596 ) ) ;
#7156 = EDGE_CURVE ( 'NONE', #8853, #2755, #2612, .T. ) ;
#7157 = VECTOR ( 'NONE', #6968, 1000.000000000000000 ) ;
#7158 =( BOUNDED_CURVE ( )  B_SPLINE_CURVE ( 3, ( #5659, #3418, #1735, #4599 ),
 .UNSPECIFIED., .F., .F. ) 
 B_SPLINE_CURVE_WITH_KNOTS ( ( 4, 4 ),
 ( 3.141592653589793116, 3.926990816987247612 ),
 .UNSPECIFIED. ) 
 CURVE ( )  GEOMETRIC_REPRESENTATION_ITEM ( )  RATIONAL_B_SPLINE_CURVE ( ( 1.000000000000000000, 0.9492530216741903448, 0.9492530216741903448, 1.000000000000000000 ) ) 
 REPRESENTATION_ITEM ( '' )  );
#7159 =( NAMED_UNIT ( * ) SI_UNIT ( $, .STERADIAN. ) SOLID_ANGLE_UNIT ( ) );
#7160 = LINE ( 'NONE', #8058, #2112 ) ;
#7162 = ORIENTED_EDGE ( 'NONE', *, *, #481, .F. ) ;
#7161 = ORIENTED_EDGE ( 'NONE', *, *, #3069, .F. ) ;
#7163 = DIRECTION ( 'NONE',  ( 1.000000000000000000, -0.000000000000000000, 0.000000000000000000 ) ) ;
#7164 = DIRECTION ( 'NONE',  ( -0.000000000000000000, 1.000000000000000000, -0.000000000000000000 ) ) ;
#7165 = ORIENTED_EDGE ( 'NONE', *, *, #4934, .F. ) ;
#7166 = DIRECTION ( 'NONE',  ( 0.000000000000000000, 0.000000000000000000, 1.000000000000000000 ) ) ;
#7167 = COLOUR_RGB ( '',0.9686274509803921573, 0.8784313725490195957, 0.5999999999999999778 ) ;
#7168 = VECTOR ( 'NONE', #7990, 1000.000000000000000 ) ;
#7169 = EDGE_CURVE ( 'NONE', #2161, #6810, #914, .T. ) ;
#7170 = CARTESIAN_POINT ( 'NONE',  ( -0.2890920949374356508, 0.3134175730544415672, 7.947330798265292984 ) ) ;
#7171 = DIRECTION ( 'NONE',  ( -1.000000000000000000, 0.000000000000000000, 0.000000000000000000 ) ) ;
#7172 = DIRECTION ( 'NONE',  ( 0.000000000000000000, -1.000000000000000000, 0.000000000000000000 ) ) ;
#7173 = CARTESIAN_POINT ( 'NONE',  ( 1.520000000000000240, 3.499999999999997780, 0.4500000000000001221 ) ) ;
#7174 = SURFACE_SIDE_STYLE ('',( #882 ) ) ;
#7175 = CARTESIAN_POINT ( 'NONE',  ( -0.09036144578313276554, -1.250000000000000000, 1.095301204819277396 ) ) ;
#7176 = ORIENTED_EDGE ( 'NONE', *, *, #3121, .F. ) ;
#7177 =( NAMED_UNIT ( * ) SI_UNIT ( $, .STERADIAN. ) SOLID_ANGLE_UNIT ( ) );
#7178 = CARTESIAN_POINT ( 'NONE',  ( -1.019999999999999796, -0.7700000000000002398, 0.4500000000000001221 ) ) ;
#7179 = DIRECTION ( 'NONE',  ( 0.3236155771181856156, -0.8891264907159879272, -0.3236155771181851715 ) ) ;
#7180 = DIRECTION ( 'NONE',  ( 0.000000000000000000, -0.9848077530122085754, 0.1736481776669273891 ) ) ;
#7181 =( GEOMETRIC_REPRESENTATION_CONTEXT ( 3 ) GLOBAL_UNCERTAINTY_ASSIGNED_CONTEXT ( ( #950 ) ) GLOBAL_UNIT_ASSIGNED_CONTEXT ( ( #891, #5725, #8512 ) ) REPRESENTATION_CONTEXT ( 'NONE', 'WORKASPACE' ) );
#7182 = CARTESIAN_POINT ( 'NONE',  ( 1.269999999999999352, 3.499999999999997780, 2.350000000000000089 ) ) ;
#7183 =( LENGTH_UNIT ( ) NAMED_UNIT ( * ) SI_UNIT ( .MILLI., .METRE. ) );
#7184 = STYLED_ITEM ( 'NONE', ( #4822 ), #7281 ) ;
#7185 =( GEOMETRIC_REPRESENTATION_CONTEXT ( 3 ) GLOBAL_UNCERTAINTY_ASSIGNED_CONTEXT ( ( #3178 ) ) GLOBAL_UNIT_ASSIGNED_CONTEXT ( ( #1523, #3613, #3704 ) ) REPRESENTATION_CONTEXT ( 'NONE', 'WORKASPACE' ) );
#7186 = CARTESIAN_POINT ( 'NONE',  ( 1.169999999999999041, -0.9999999999999978906, 2.350000000000000089 ) ) ;
#7187 =( LENGTH_UNIT ( ) NAMED_UNIT ( * ) SI_UNIT ( .MILLI., .METRE. ) );
#7188 = ORIENTED_EDGE ( 'NONE', *, *, #2628, .T. ) ;
#7189 = CARTESIAN_POINT ( 'NONE',  ( 3.559999999999999609, 3.499999999999998224, 2.500000000000000000 ) ) ;
#7190 = VECTOR ( 'NONE', #1397, 1000.000000000000000 ) ;
#7191 = CARTESIAN_POINT ( 'NONE',  ( 0.1573126152956376422, -1.149999999999999689, 1.806397023426620896 ) ) ;
#7192 = SURFACE_STYLE_USAGE ( .BOTH. , #1637 ) ;
#7193 = SURFACE_STYLE_FILL_AREA ( #5786 ) ;
#7194 = VECTOR ( 'NONE', #3513, 1000.000000000000000 ) ;
#7196 = VERTEX_POINT ( 'NONE', #3219 ) ;
#7195 = ORIENTED_EDGE ( 'NONE', *, *, #4953, .T. ) ;
#7197 = FILL_AREA_STYLE_COLOUR ( '', #2169 ) ;
#7198 = CARTESIAN_POINT ( 'NONE',  ( 0.3200000000000001177, 2.219999999999999307, 7.909999999999988596 ) ) ;
#7199 = ORIENTED_EDGE ( 'NONE', *, *, #2921, .F. ) ;
#7200 = EDGE_CURVE ( 'NONE', #5707, #3746, #8197, .T. ) ;
#7201 = VECTOR ( 'NONE', #8646, 1000.000000000000000 ) ;
#7202 = CARTESIAN_POINT ( 'NONE',  ( 2.238745166004060927, 0.3012548339959384425, 8.016309119164535701 ) ) ;
#7204 = ORIENTED_EDGE ( 'NONE', *, *, #2325, .F. ) ;
#7203 = ORIENTED_EDGE ( 'NONE', *, *, #4168, .F. ) ;
#7205 = UNCERTAINTY_MEASURE_WITH_UNIT (LENGTH_MEASURE( 1.000000000000000082E-05 ), #573, 'distance_accuracy_value', 'NONE');
#7206 = SURFACE_STYLE_USAGE ( .BOTH. , #870 ) ;
#7207 = CARTESIAN_POINT ( 'NONE',  ( -0.2338056406508105534, -1.249999999999999556, 1.712327225525318353 ) ) ;
#7208 = VERTEX_POINT ( 'NONE', #7375 ) ;
#7209 =( NAMED_UNIT ( * ) SI_UNIT ( $, .STERADIAN. ) SOLID_ANGLE_UNIT ( ) );
#7210 = EDGE_CURVE ( 'NONE', #8772, #2596, #7934, .T. ) ;
#7211 =( BOUNDED_CURVE ( )  B_SPLINE_CURVE ( 3, ( #1763, #1190, #6814, #5436 ),
 .UNSPECIFIED., .F., .F. ) 
 B_SPLINE_CURVE_WITH_KNOTS ( ( 4, 4 ),
 ( 2.356194490192344837, 3.141592653589792228 ),
 .UNSPECIFIED. ) 
 CURVE ( )  GEOMETRIC_REPRESENTATION_ITEM ( )  RATIONAL_B_SPLINE_CURVE ( ( 1.000000000000000000, 0.9492530216741912330, 0.9492530216741912330, 1.000000000000000000 ) ) 
 REPRESENTATION_ITEM ( '' )  );
#7212 = CARTESIAN_POINT ( 'NONE',  ( 3.810000000000000941, -0.9999999999999988898, 2.350000000000000089 ) ) ;
#7213 = VECTOR ( 'NONE', #6890, 999.9999999999998863 ) ;
#7214 = CARTESIAN_POINT ( 'NONE',  ( -0.3199999999999999512, 0.3199999999999998401, -2.359999999999988773 ) ) ;
#7215 = DIRECTION ( 'NONE',  ( 0.000000000000000000, 1.000000000000000000, 0.000000000000000000 ) ) ;
#7216 = ADVANCED_FACE ( 'NONE', ( #3699 ), #225, .F. ) ;
#7217 = CYLINDRICAL_SURFACE ( 'NONE', #7678, 0.06399999999999998745 ) ;
#7219 = ORIENTED_EDGE ( 'NONE', *, *, #321, .T. ) ;
#7218 = ORIENTED_EDGE ( 'NONE', *, *, #7364, .F. ) ;
#7220 = SURFACE_STYLE_FILL_AREA ( #6535 ) ;
#7221 = CARTESIAN_POINT ( 'NONE',  ( 0.2713367824627648250, -1.149999999999999911, 0.8481160656645677642 ) ) ;
#7222 = STYLED_ITEM ( 'NONE', ( #855 ), #1340 ) ;
#7223 = DIRECTION ( 'NONE',  ( 0.000000000000000000, -0.9848077530122085754, 0.1736481776669278054 ) ) ;
#7224 = CARTESIAN_POINT ( 'NONE',  ( 2.283999999999999808, 2.859999999999999876, 7.909999999999988596 ) ) ;
#7225 = CARTESIAN_POINT ( 'NONE',  ( 4.806799289467860170, 0.3199999999999993405, 7.909999999999988596 ) ) ;
#7226 = AXIS2_PLACEMENT_3D ( 'NONE', #8557, #7949, #4502 ) ;
#7227 = CARTESIAN_POINT ( 'NONE',  ( -0.2349397590361447796, -1.250000000000000000, 1.458064759036144631 ) ) ;
#7228 = FACE_OUTER_BOUND ( 'NONE', #4177, .T. ) ;
#7229 = CARTESIAN_POINT ( 'NONE',  ( 4.760000000000000675, 2.795999999999999375, 8.550000000000000711 ) ) ;
#7230 = UNCERTAINTY_MEASURE_WITH_UNIT (LENGTH_MEASURE( 1.000000000000000082E-05 ), #3445, 'distance_accuracy_value', 'NONE');
#7231 = CARTESIAN_POINT ( 'NONE',  ( 3.709999999999999964, 3.270000000000000462, 0.6000000000000000888 ) ) ;
#7232 = PRESENTATION_STYLE_ASSIGNMENT (( #4414 ) ) ;
#7233 = VERTEX_POINT ( 'NONE', #6486 ) ;
#7234 = ORIENTED_EDGE ( 'NONE', *, *, #5499, .T. ) ;
#7235 = VECTOR ( 'NONE', #1052, 1000.000000000000000 ) ;
#7236 = EDGE_CURVE ( 'NONE', #4470, #8151, #2779, .T. ) ;
#7237 = CARTESIAN_POINT ( 'NONE',  ( -0.1573284206430661802, -1.149999999999999911, 1.806397023426620674 ) ) ;
#7238 = DIRECTION ( 'NONE',  ( 0.7071067811865441310, 0.7071067811865507924, -0.000000000000000000 ) ) ;
#7239 = EDGE_CURVE ( 'NONE', #6119, #6059, #5781, .T. ) ;
#7240 = COLOUR_RGB ( '',0.9686274509803921573, 0.8784313725490195957, 0.5999999999999999778 ) ;
#7242 = ORIENTED_EDGE ( 'NONE', *, *, #7401, .T. ) ;
#7241 = ORIENTED_EDGE ( 'NONE', *, *, #8466, .T. ) ;
#7243 =( LENGTH_UNIT ( ) NAMED_UNIT ( * ) SI_UNIT ( .MILLI., .METRE. ) );
#7244 = ORIENTED_EDGE ( 'NONE', *, *, #8162, .F. ) ;
#7245 = CARTESIAN_POINT ( 'NONE',  ( 5.381254833995939180, 2.238745166004060483, -2.466309119164537655 ) ) ;
#7246 = SURFACE_STYLE_USAGE ( .BOTH. , #5233 ) ;
#7248 = VERTEX_POINT ( 'NONE', #8804 ) ;
#7247 = ORIENTED_EDGE ( 'NONE', *, *, #1169, .F. ) ;
#7249 = ADVANCED_FACE ( 'NONE', ( #4444 ), #539, .F. ) ;
#7250 = CARTESIAN_POINT ( 'NONE',  ( 2.238745166004060927, 2.238745166004060039, 8.016309119164535701 ) ) ;
#7251 = DIRECTION ( 'NONE',  ( -1.000000000000000000, 0.000000000000000000, 0.000000000000000000 ) ) ;
#7252 = VECTOR ( 'NONE', #9016, 1000.000000000000000 ) ;
#7253 = ORIENTED_EDGE ( 'NONE', *, *, #7131, .T. ) ;
#7254 = SURFACE_SIDE_STYLE ('',( #401 ) ) ;
#7255 = B_SPLINE_CURVE_WITH_KNOTS ( 'NONE', 3,
 ( #7343, #8073, #5109, #1705, #5155, #4445, #6621, #7256, #1002, #226, #8677, #1754, #264, #8590, #2389, #3089 ),
 .UNSPECIFIED., .F., .F.,
 ( 4, 3, 2, 2, 2, 3, 4 ),
 ( 0.000000000000000000, 1.839645765211648575E-06, 4.622021383000428222E-05, 9.060078189479690782E-05, 0.0001349813499595895470, 0.0001793619180243821861, 0.0001804650312388437203 ),
 .UNSPECIFIED. ) ;
#7256 = CARTESIAN_POINT ( 'NONE',  ( -0.2280098402426312676, -1.150000000000001021, 0.7529413584738517962 ) ) ;
#7257 = SURFACE_SIDE_STYLE ('',( #1004 ) ) ;
#7258 = CARTESIAN_POINT ( 'NONE',  ( 2.220000000000000195, 0.2071507323465813233, 8.550000000000000711 ) ) ;
#7260 = VERTEX_POINT ( 'NONE', #7520 ) ;
#7259 = ORIENTED_EDGE ( 'NONE', *, *, #527, .T. ) ;
#7261 = LINE ( 'NONE', #7444, #4508 ) ;
#7262 = CARTESIAN_POINT ( 'NONE',  ( 0.2608839580572266947, -1.149999999999990807, 0.7919293115025550778 ) ) ;
#7263 = VECTOR ( 'NONE', #5801, 1000.000000000000000 ) ;
#7264 = CYLINDRICAL_SURFACE ( 'NONE', #1175, 0.06399999999999982092 ) ;
#7265 = FACE_OUTER_BOUND ( 'NONE', #2153, .T. ) ;
#7266 = EDGE_CURVE ( 'NONE', #2724, #5707, #8290, .T. ) ;
#7267 = EDGE_CURVE ( 'NONE', #9014, #7274, #7568, .T. ) ;
#7268 = CARTESIAN_POINT ( 'NONE',  ( -0.2349397590361447796, -1.250000000000000000, 0.8488780120481929092 ) ) ;
#7269 = FACE_BOUND ( 'NONE', #5674, .T. ) ;
#7270 = CARTESIAN_POINT ( 'NONE',  ( 5.336000000000000298, 2.859999999999999876, 7.909999999999988596 ) ) ;
#7271 = EDGE_LOOP ( 'NONE', ( #5049, #2754, #1099, #8981, #7387, #5191 ) ) ;
#7272 = CARTESIAN_POINT ( 'NONE',  ( 5.381254833995939180, -0.3012548339959398302, 8.016309119164535701 ) ) ;
#7273 = DIRECTION ( 'NONE',  ( 0.3236155771181856711, -0.8891264907159878161, 0.3236155771181852270 ) ) ;
#7274 = VERTEX_POINT ( 'NONE', #6934 ) ;
#7275 = VERTEX_POINT ( 'NONE', #2104 ) ;
#7276 = EDGE_CURVE ( 'NONE', #4558, #8257, #4179, .T. ) ;
#7277 = CARTESIAN_POINT ( 'NONE',  ( 2.540000000000000036, 0.000000000000000000, -3.000000000000000000 ) ) ;
#7278 = SURFACE_STYLE_FILL_AREA ( #384 ) ;
#7279 = DIRECTION ( 'NONE',  ( -0.7071067811865463515, -0.7071067811865487940, -0.000000000000000000 ) ) ;
#7280 = FACE_OUTER_BOUND ( 'NONE', #5714, .T. ) ;
#7281 = ADVANCED_FACE ( 'NONE', ( #1305 ), #4911, .T. ) ;
#7283 = ORIENTED_EDGE ( 'NONE', *, *, #442, .F. ) ;
#7282 = ORIENTED_EDGE ( 'NONE', *, *, #7681, .F. ) ;
#7284 =( NAMED_UNIT ( * ) PLANE_ANGLE_UNIT ( ) SI_UNIT ( $, .RADIAN. ) );
#7285 = ORIENTED_EDGE ( 'NONE', *, *, #5048, .T. ) ;
#7286 = EDGE_CURVE ( 'NONE', #6840, #3310, #2801, .T. ) ;
#7287 = CARTESIAN_POINT ( 'NONE',  ( 5.400000000000000355, 2.283999999999999364, 7.909999999999988596 ) ) ;
#7288 = SURFACE_STYLE_USAGE ( .BOTH. , #4564 ) ;
#7289 = AXIS2_PLACEMENT_3D ( 'NONE', #6378, #8479, #2848 ) ;
#7291 = ORIENTED_EDGE ( 'NONE', *, *, #4912, .T. ) ;
#7290 = ORIENTED_EDGE ( 'NONE', *, *, #4424, .F. ) ;
#7292 = UNCERTAINTY_MEASURE_WITH_UNIT (LENGTH_MEASURE( 1.000000000000000082E-05 ), #2732, 'distance_accuracy_value', 'NONE');
#7293 = CARTESIAN_POINT ( 'NONE',  ( -0.3199999999999999512, 0.2732007105321401230, -2.359999999999986997 ) ) ;
#7294 = LINE ( 'NONE', #4390, #1228 ) ;
#7295 = ORIENTED_EDGE ( 'NONE', *, *, #6143, .F. ) ;
#7296 =( LENGTH_UNIT ( ) NAMED_UNIT ( * ) SI_UNIT ( .MILLI., .METRE. ) );
#7297 = COLOUR_RGB ( '',0.9686274509803921573, 0.8784313725490195957, 0.5999999999999999778 ) ;
#7298 = EDGE_CURVE ( 'NONE', #3272, #2978, #4735, .T. ) ;
#7299 = LINE ( 'NONE', #5940, #7015 ) ;
#7300 = DIRECTION ( 'NONE',  ( 1.000000000000000000, 0.000000000000000000, 0.000000000000000000 ) ) ;
#7301 =( LENGTH_UNIT ( ) NAMED_UNIT ( * ) SI_UNIT ( .MILLI., .METRE. ) );
#7302 = AXIS2_PLACEMENT_3D ( 'NONE', #4974, #7166, #6484 ) ;
#7304 = ORIENTED_EDGE ( 'NONE', *, *, #7106, .T. ) ;
#7303 = ORIENTED_EDGE ( 'NONE', *, *, #7859, .T. ) ;
#7305 = CARTESIAN_POINT ( 'NONE',  ( 0.2732007105321402896, 2.859999999999999432, 7.909999999999990372 ) ) ;
#7306 = CARTESIAN_POINT ( 'NONE',  ( 1.169999999999999041, 3.499999999999998224, 2.350000000000000089 ) ) ;
#7307 =( NAMED_UNIT ( * ) SI_UNIT ( $, .STERADIAN. ) SOLID_ANGLE_UNIT ( ) );
#7308 = COLOUR_RGB ( '',1.000000000000000000, 0.8431372549019607865, 0.000000000000000000 ) ;
#7309 = VECTOR ( 'NONE', #2984, 1000.000000000000227 ) ;
#7310 = EDGE_CURVE ( 'NONE', #7233, #7501, #2842, .T. ) ;
#7311 = FACE_OUTER_BOUND ( 'NONE', #5554, .T. ) ;
#7312 = CARTESIAN_POINT ( 'NONE',  ( 1.019999999999999796, 3.499999999999998224, 0.000000000000000000 ) ) ;
#7313 = DIRECTION ( 'NONE',  ( 1.000000000000000000, 2.409338161078900167E-16, -0.000000000000000000 ) ) ;
#7314 =( LENGTH_UNIT ( ) NAMED_UNIT ( * ) SI_UNIT ( .MILLI., .METRE. ) );
#7315 = LINE ( 'NONE', #1017, #3285 ) ;
#7316 = ORIENTED_EDGE ( 'NONE', *, *, #9040, .F. ) ;
#7317 = DIRECTION ( 'NONE',  ( 0.000000000000000000, 0.000000000000000000, -1.000000000000000000 ) ) ;
#7318 = AXIS2_PLACEMENT_3D ( 'NONE', #3098, #3881, #5209 ) ;
#7319 = ORIENTED_EDGE ( 'NONE', *, *, #6467, .T. ) ;
#7320 = AXIS2_PLACEMENT_3D ( 'NONE', #5031, #193, #630 ) ;
#7321 = ORIENTED_EDGE ( 'NONE', *, *, #3653, .T. ) ;
#7322 =( NAMED_UNIT ( * ) PLANE_ANGLE_UNIT ( ) SI_UNIT ( $, .RADIAN. ) );
#7323 = STYLED_ITEM ( 'NONE', ( #1371 ), #7040 ) ;
#7324 = DIRECTION ( 'NONE',  ( -0.7071067811865434649, 0.000000000000000000, 0.7071067811865516806 ) ) ;
#7325 = ADVANCED_FACE ( 'NONE', ( #6979 ), #7701, .F. ) ;
#7327 = ORIENTED_EDGE ( 'NONE', *, *, #2829, .T. ) ;
#7326 = ORIENTED_EDGE ( 'NONE', *, *, #6410, .T. ) ;
#7328 = LINE ( 'NONE', #3812, #7438 ) ;
#7329 = VERTEX_POINT ( 'NONE', #201 ) ;
#7330 = EDGE_CURVE ( 'NONE', #1448, #725, #7863, .T. ) ;
#7331 = MECHANICAL_DESIGN_GEOMETRIC_PRESENTATION_REPRESENTATION (  '', ( #8054 ), #6912 ) ;
#7332 = CARTESIAN_POINT ( 'NONE',  ( 0.2328456203364163146, -1.249999999999997558, 1.129924358544335705 ) ) ;
#7333 = AXIS2_PLACEMENT_3D ( 'NONE', #3393, #6830, #7418 ) ;
#7334 = DIRECTION ( 'NONE',  ( -0.3420201433256690460, -0.9396926207859083169, 4.188538737677001009E-17 ) ) ;
#7335 = CARTESIAN_POINT ( 'NONE',  ( 0.04999999999998733929, 3.270000000000000462, -0.6199999999999992184 ) ) ;
#7336 = DIRECTION ( 'NONE',  ( 0.000000000000000000, -0.000000000000000000, 1.000000000000000000 ) ) ;
#7338 = ORIENTED_EDGE ( 'NONE', *, *, #7899, .T. ) ;
#7337 = ORIENTED_EDGE ( 'NONE', *, *, #5153, .T. ) ;
#7339 = PLANE ( 'NONE',  #5221 ) ;
#7340 = ORIENTED_EDGE ( 'NONE', *, *, #2285, .T. ) ;
#7341 =( BOUNDED_CURVE ( )  B_SPLINE_CURVE ( 3, ( #4074, #5535, #5581, #1998 ),
 .UNSPECIFIED., .F., .F. ) 
 B_SPLINE_CURVE_WITH_KNOTS ( ( 4, 4 ),
 ( 2.356194490192347057, 3.141592653589793116 ),
 .UNSPECIFIED. ) 
 CURVE ( )  GEOMETRIC_REPRESENTATION_ITEM ( )  RATIONAL_B_SPLINE_CURVE ( ( 1.000000000000000000, 0.9492530216741914550, 0.9492530216741914550, 1.000000000000000000 ) ) 
 REPRESENTATION_ITEM ( '' )  );
#7342 = AXIS2_PLACEMENT_3D ( 'NONE', #3339, #4669, #7446 ) ;
#7343 = CARTESIAN_POINT ( 'NONE',  ( -0.1573284206430519139, -1.149999999999999911, 0.7336029765733800279 ) ) ;
#7344 =( LENGTH_UNIT ( ) NAMED_UNIT ( * ) SI_UNIT ( .MILLI., .METRE. ) );
#7345 = STYLED_ITEM ( 'NONE', ( #5806 ), #479 ) ;
#7346 = CARTESIAN_POINT ( 'NONE',  ( 0.3464101615137756829, -1.046666666666666856, 2.449999999999999734 ) ) ;
#7347 = EDGE_CURVE ( 'NONE', #5976, #7514, #7061, .T. ) ;
#7349 = ORIENTED_EDGE ( 'NONE', *, *, #2002, .F. ) ;
#7348 = VERTEX_POINT ( 'NONE', #5042 ) ;
#7350 = CARTESIAN_POINT ( 'NONE',  ( 2.238745166004060927, -0.3012548339959397747, 8.016309119164535701 ) ) ;
#7351 =( NAMED_UNIT ( * ) PLANE_ANGLE_UNIT ( ) SI_UNIT ( $, .RADIAN. ) );
#7352 = FILL_AREA_STYLE_COLOUR ( '', #4092 ) ;
#7353 = CARTESIAN_POINT ( 'NONE',  ( -0.2713367824627651581, -1.149999999999999911, 1.691883934335445705 ) ) ;
#7354 = SURFACE_STYLE_USAGE ( .BOTH. , #7944 ) ;
#7355 = DIRECTION ( 'NONE',  ( -0.000000000000000000, -0.000000000000000000, -1.000000000000000000 ) ) ;
#7356 = DIRECTION ( 'NONE',  ( -0.9396926207859083169, 0.3420201433256690460, 0.000000000000000000 ) ) ;
#7357 = CARTESIAN_POINT ( 'NONE',  ( 0.2301389845747368323, -1.129999999999999449, 1.793408833927351731 ) ) ;
#7358 =( NAMED_UNIT ( * ) PLANE_ANGLE_UNIT ( ) SI_UNIT ( $, .RADIAN. ) );
#7359 = VERTEX_POINT ( 'NONE', #2319 ) ;
#7360 = DIRECTION ( 'NONE',  ( -1.000000000000000000, 0.000000000000000000, 0.000000000000000000 ) ) ;
#7361 = DIRECTION ( 'NONE',  ( -0.7071067811865441310, -0.7071067811865507924, 0.000000000000000000 ) ) ;
#7362 = MECHANICAL_DESIGN_GEOMETRIC_PRESENTATION_REPRESENTATION (  '', ( #4462 ), #3271 ) ;
#7363 = ORIENTED_EDGE ( 'NONE', *, *, #4239, .F. ) ;
#7364 = EDGE_CURVE ( 'NONE', #1438, #172, #8566, .T. ) ;
#7365 = CARTESIAN_POINT ( 'NONE',  ( 2.220000000000000195, 0.3199999999999998401, -2.359999999999988773 ) ) ;
#7366 = AXIS2_PLACEMENT_3D ( 'NONE', #3255, #7511, #2697 ) ;
#7367 = LINE ( 'NONE', #4510, #7875 ) ;
#7368 = FACE_OUTER_BOUND ( 'NONE', #3811, .T. ) ;
#7369 = PLANE ( 'NONE',  #8984 ) ;
#7370 = PRESENTATION_STYLE_ASSIGNMENT (( #531 ) ) ;
#7371 = ORIENTED_EDGE ( 'NONE', *, *, #7689, .F. ) ;
#7372 =( GEOMETRIC_REPRESENTATION_CONTEXT ( 3 ) GLOBAL_UNCERTAINTY_ASSIGNED_CONTEXT ( ( #8874 ) ) GLOBAL_UNIT_ASSIGNED_CONTEXT ( ( #4586, #7358, #4718 ) ) REPRESENTATION_CONTEXT ( 'NONE', 'WORKASPACE' ) );
#7373 = ORIENTED_EDGE ( 'NONE', *, *, #8599, .T. ) ;
#7374 = CARTESIAN_POINT ( 'NONE',  ( 0.2582363870873444212, -1.150000000000000133, 1.166150458576016513 ) ) ;
#7375 = CARTESIAN_POINT ( 'NONE',  ( 2.796000000000000263, 2.859999999999999876, 7.909999999999988596 ) ) ;
#7376 = CARTESIAN_POINT ( 'NONE',  ( -0.6500000000000001332, -1.250000000000000222, 1.270000000000000018 ) ) ;
#7377 = EDGE_CURVE ( 'NONE', #5338, #7572, #761, .T. ) ;
#7378 = CARTESIAN_POINT ( 'NONE',  ( -0.2295325812726605741, -1.149999999999999911, 1.353373351695848381 ) ) ;
#7379 = ADVANCED_FACE ( 'NONE', ( #853 ), #3679, .T. ) ;
#7380 = B_SPLINE_CURVE_WITH_KNOTS ( 'NONE', 3,
 ( #7191, #716, #6372, #3539, #2974, #70, #3721, #759, #6507, #7099, #2885, #1588, #3580, #7011, #6327, #200, #5641, #8425 ),
 .UNSPECIFIED., .F., .F.,
 ( 4, 3, 2, 2, 2, 2, 3, 4 ),
 ( 0.000000000000000000, 1.833824245708969421E-06, 4.598207138390354341E-05, 6.805619495300083231E-05, 9.013031852209813476E-05, 0.0001342785656602927126, 0.0001784268127984872904, 0.0001795734167606751884 ),
 .UNSPECIFIED. ) ;
#7381 = FILL_AREA_STYLE ('',( #498 ) ) ;
#7383 = ORIENTED_EDGE ( 'NONE', *, *, #5153, .F. ) ;
#7382 = ORIENTED_EDGE ( 'NONE', *, *, #8599, .F. ) ;
#7384 = UNCERTAINTY_MEASURE_WITH_UNIT (LENGTH_MEASURE( 1.000000000000000082E-05 ), #979, 'distance_accuracy_value', 'NONE');
#7385 = CARTESIAN_POINT ( 'NONE',  ( 0.3012548339959391641, 2.238745166004060483, -2.466309119164537655 ) ) ;
#7386 =( LENGTH_UNIT ( ) NAMED_UNIT ( * ) SI_UNIT ( .MILLI., .METRE. ) );
#7387 = ORIENTED_EDGE ( 'NONE', *, *, #8911, .F. ) ;
#7388 =( NAMED_UNIT ( * ) PLANE_ANGLE_UNIT ( ) SI_UNIT ( $, .RADIAN. ) );
#7389 = SURFACE_STYLE_USAGE ( .BOTH. , #2490 ) ;
#7390 = STYLED_ITEM ( 'NONE', ( #1568 ), #3737 ) ;
#7391 = VECTOR ( 'NONE', #7808, 1000.000000000000000 ) ;
#7392 = DIRECTION ( 'NONE',  ( 1.000000000000000000, 0.000000000000000000, 0.000000000000000000 ) ) ;
#7393 = LINE ( 'NONE', #3744, #3686 ) ;
#7394 = DIRECTION ( 'NONE',  ( 1.000000000000000000, 0.000000000000000000, -0.000000000000000000 ) ) ;
#7396 = ORIENTED_EDGE ( 'NONE', *, *, #4144, .T. ) ;
#7395 = VERTEX_POINT ( 'NONE', #72 ) ;
#7397 = UNCERTAINTY_MEASURE_WITH_UNIT (LENGTH_MEASURE( 1.000000000000000082E-05 ), #7386, 'distance_accuracy_value', 'NONE');
#7398 =( BOUNDED_CURVE ( )  B_SPLINE_CURVE ( 3, ( #2334, #8757, #7967, #8666 ),
 .UNSPECIFIED., .F., .F. ) 
 B_SPLINE_CURVE_WITH_KNOTS ( ( 4, 4 ),
 ( 4.653770160119201278E-16, 0.7853981633974501664 ),
 .UNSPECIFIED. ) 
 CURVE ( )  GEOMETRIC_REPRESENTATION_ITEM ( )  RATIONAL_B_SPLINE_CURVE ( ( 1.000000000000000000, 0.9492530216741910110, 0.9492530216741910110, 1.000000000000000000 ) ) 
 REPRESENTATION_ITEM ( '' )  );
#7399 = CARTESIAN_POINT ( 'NONE',  ( 0.2560000000000001719, 2.859999999999999876, 7.909999999999988596 ) ) ;
#7400 = CARTESIAN_POINT ( 'NONE',  ( 1.019999999999999796, 0.000000000000000000, 2.500000000000000000 ) ) ;
#7401 = EDGE_CURVE ( 'NONE', #4347, #627, #5785, .T. ) ;
#7402 = CARTESIAN_POINT ( 'NONE',  ( -0.2640549167020759813, -1.170006761748993318, 1.691731523099599954 ) ) ;
#7403 = VECTOR ( 'NONE', #6340, 1000.000000000000000 ) ;
#7404 =( GEOMETRIC_REPRESENTATION_CONTEXT ( 3 ) GLOBAL_UNCERTAINTY_ASSIGNED_CONTEXT ( ( #7397 ) ) GLOBAL_UNIT_ASSIGNED_CONTEXT ( ( #7386, #3270, #4613 ) ) REPRESENTATION_CONTEXT ( 'NONE', 'WORKASPACE' ) );
#7405 = EDGE_CURVE ( 'NONE', #8030, #1159, #1495, .T. ) ;
#7406 = CARTESIAN_POINT ( 'NONE',  ( 0.2648725728170319149, -1.129999999999999005, 1.169191540051061073 ) ) ;
#7407 =( LENGTH_UNIT ( ) NAMED_UNIT ( * ) SI_UNIT ( .MILLI., .METRE. ) );
#7408 = PRESENTATION_STYLE_ASSIGNMENT (( #5257 ) ) ;
#7409 = DIRECTION ( 'NONE',  ( 4.224164308385081333E-16, -1.000000000000000000, 0.000000000000000000 ) ) ;
#7410 = FACE_OUTER_BOUND ( 'NONE', #2521, .T. ) ;
#7411 = ORIENTED_EDGE ( 'NONE', *, *, #7649, .F. ) ;
#7412 = UNCERTAINTY_MEASURE_WITH_UNIT (LENGTH_MEASURE( 1.000000000000000082E-05 ), #5744, 'distance_accuracy_value', 'NONE');
#7413 = STYLED_ITEM ( 'NONE', ( #886 ), #4792 ) ;
#7414 = DIRECTION ( 'NONE',  ( 1.000000000000000000, 0.000000000000000000, 0.000000000000000000 ) ) ;
#7415 = CARTESIAN_POINT ( 'NONE',  ( 6.100000000000000533, 3.499999999999998224, 2.500000000000000000 ) ) ;
#7416 = VECTOR ( 'NONE', #6379, 1000.000000000000000 ) ;
#7417 = VERTEX_POINT ( 'NONE', #4956 ) ;
#7418 = DIRECTION ( 'NONE',  ( -0.7071067811865460184, 0.7071067811865490160, 0.000000000000000000 ) ) ;
#7419 = VECTOR ( 'NONE', #6766, 1000.000000000000000 ) ;
#7420 = FILL_AREA_STYLE_COLOUR ( '', #7308 ) ;
#7421 = ADVANCED_FACE ( 'NONE', ( #2194 ), #4325, .F. ) ;
#7422 = CARTESIAN_POINT ( 'NONE',  ( -0.2785775458924499848, -1.129999999999998561, 0.8470411857358883800 ) ) ;
#7423 = CARTESIAN_POINT ( 'NONE',  ( 2.332849267653417602, 2.540000000000000036, -3.000000000000000000 ) ) ;
#7424 = FILL_AREA_STYLE_COLOUR ( '', #937 ) ;
#7425 = DIRECTION ( 'NONE',  ( 0.000000000000000000, -1.000000000000000000, -5.078189165123089681E-17 ) ) ;
#7426 = ORIENTED_EDGE ( 'NONE', *, *, #6410, .F. ) ;
#7427 =( NAMED_UNIT ( * ) PLANE_ANGLE_UNIT ( ) SI_UNIT ( $, .RADIAN. ) );
#7428 = VERTEX_POINT ( 'NONE', #6420 ) ;
#7429 = CARTESIAN_POINT ( 'NONE',  ( 0.2535467056952659948, -1.150000000000000355, 1.175550503132069213 ) ) ;
#7430 = CARTESIAN_POINT ( 'NONE',  ( 0.2592044412006672127, -1.183333333662730080, 1.692966359570349688 ) ) ;
#7431 = CARTESIAN_POINT ( 'NONE',  ( -0.2344989567605785807, -1.249999999999993117, 0.8383569884989856558 ) ) ;
#7433 = VERTEX_POINT ( 'NONE', #5732 ) ;
#7432 = ORIENTED_EDGE ( 'NONE', *, *, #3426, .T. ) ;
#7434 = CARTESIAN_POINT ( 'NONE',  ( 2.226582426945558080, 2.250907905062563774, 7.947330798265292984 ) ) ;
#7435 = CARTESIAN_POINT ( 'NONE',  ( 2.220000000000000195, 2.860000000000000320, -2.359999999999988773 ) ) ;
#7436 = VERTEX_POINT ( 'NONE', #111 ) ;
#7437 = EDGE_CURVE ( 'NONE', #6763, #7754, #2681, .T. ) ;
#7438 = VECTOR ( 'NONE', #5180, 1000.000000000000000 ) ;
#7439 = SURFACE_STYLE_FILL_AREA ( #4062 ) ;
#7440 = CARTESIAN_POINT ( 'NONE',  ( -0.1560617469879519992, -1.250000000000000000, 1.770000000000000240 ) ) ;
#7441 = FILL_AREA_STYLE ('',( #8077 ) ) ;
#7443 = ORIENTED_EDGE ( 'NONE', *, *, #1966, .F. ) ;
#7442 = VERTEX_POINT ( 'NONE', #1732 ) ;
#7444 = CARTESIAN_POINT ( 'NONE',  ( -0.3199999999999999512, 0.3199999999999993405, 7.909999999999988596 ) ) ;
#7445 = SURFACE_STYLE_FILL_AREA ( #556 ) ;
#7446 = DIRECTION ( 'NONE',  ( 0.000000000000000000, -1.000000000000000000, 0.000000000000000000 ) ) ;
#7447 = CARTESIAN_POINT ( 'NONE',  ( -0.2559999999999999498, -0.2560000000000007270, 8.550000000000000711 ) ) ;
#7448 = ADVANCED_FACE ( 'NONE', ( #2558 ), #5965, .F. ) ;
#7449 = MECHANICAL_DESIGN_GEOMETRIC_PRESENTATION_REPRESENTATION (  '', ( #4685 ), #7742 ) ;
#7450 = DIRECTION ( 'NONE',  ( 0.000000000000000000, -1.000000000000000000, 0.000000000000000000 ) ) ;
#7451 = SURFACE_STYLE_USAGE ( .BOTH. , #8778 ) ;
#7452 = VECTOR ( 'NONE', #1958, 1000.000000000000000 ) ;
#7453 =( BOUNDED_CURVE ( )  B_SPLINE_CURVE ( 3, ( #4893, #3429, #5531, #521 ),
 .UNSPECIFIED., .F., .F. ) 
 B_SPLINE_CURVE_WITH_KNOTS ( ( 4, 4 ),
 ( 2.356194490192346169, 3.141592653589793116 ),
 .UNSPECIFIED. ) 
 CURVE ( )  GEOMETRIC_REPRESENTATION_ITEM ( )  RATIONAL_B_SPLINE_CURVE ( ( 1.000000000000000000, 0.9492530216741912330, 0.9492530216741912330, 1.000000000000000000 ) ) 
 REPRESENTATION_ITEM ( '' )  );
#7454 = CARTESIAN_POINT ( 'NONE',  ( 2.238745166004060927, 0.3012548339959384425, 8.016309119164535701 ) ) ;
#7455 = ORIENTED_EDGE ( 'NONE', *, *, #1966, .T. ) ;
#7456 = LINE ( 'NONE', #5260, #215 ) ;
#7457 = CARTESIAN_POINT ( 'NONE',  ( -0.2349397590361447796, -1.250000000000000000, 1.095301204819277396 ) ) ;
#7458 = ORIENTED_EDGE ( 'NONE', *, *, #4384, .F. ) ;
#7459 = VECTOR ( 'NONE', #3667, 1000.000000000000000 ) ;
#7460 = FILL_AREA_STYLE_COLOUR ( '', #6594 ) ;
#7461 = LINE ( 'NONE', #8655, #8914 ) ;
#7462 = CARTESIAN_POINT ( 'NONE',  ( -0.3199999999999998956, -0.2560000000000006715, 8.550000000000000711 ) ) ;
#7463 = LINE ( 'NONE', #7423, #913 ) ;
#7464 = COLOUR_RGB ( '',0.9686274509803921573, 0.8784313725490195957, 0.5999999999999999778 ) ;
#7465 = AXIS2_PLACEMENT_3D ( 'NONE', #4744, #641, #1980 ) ;
#7466 = FACE_OUTER_BOUND ( 'NONE', #8068, .T. ) ;
#7467 = ORIENTED_EDGE ( 'NONE', *, *, #243, .F. ) ;
#7468 = CARTESIAN_POINT ( 'NONE',  ( -0.1560617469879519992, -1.250000000000000000, 1.770000000000000240 ) ) ;
#7469 = ORIENTED_EDGE ( 'NONE', *, *, #5389, .F. ) ;
#7470 = PRESENTATION_LAYER_ASSIGNMENT (  '', '', ( #2336 ) ) ;
#7471 = STYLED_ITEM ( 'NONE', ( #5081 ), #8576 ) ;
#7472 = CARTESIAN_POINT ( 'NONE',  ( 1.269999999999999796, 3.499999999999998224, 2.350000000000000089 ) ) ;
#7473 = FILL_AREA_STYLE_COLOUR ( '', #3566 ) ;
#7474 = CARTESIAN_POINT ( 'NONE',  ( 2.860000000000000320, 0.2559999999999993947, 8.550000000000000711 ) ) ;
#7476 = ORIENTED_EDGE ( 'NONE', *, *, #8176, .F. ) ;
#7475 = ORIENTED_EDGE ( 'NONE', *, *, #4727, .F. ) ;
#7477 = UNCERTAINTY_MEASURE_WITH_UNIT (LENGTH_MEASURE( 1.000000000000000082E-05 ), #7243, 'distance_accuracy_value', 'NONE');
#7478 = AXIS2_PLACEMENT_3D ( 'NONE', #1242, #6918, #611 ) ;
#7479 = CARTESIAN_POINT ( 'NONE',  ( 0.1560617469879515273, -1.250000000000000888, 0.7700000000000004619 ) ) ;
#7480 = CARTESIAN_POINT ( 'NONE',  ( -0.2153368545994596428, -1.129999999999999449, 1.802011221401887964 ) ) ;
#7481 = VERTEX_POINT ( 'NONE', #1778 ) ;
#7482 = SURFACE_STYLE_FILL_AREA ( #4012 ) ;
#7483 = EDGE_CURVE ( 'NONE', #4011, #1984, #3991, .T. ) ;
#7484 = CLOSED_SHELL ( 'NONE', ( #4419, #6806, #8128, #6375, #1238, #1248, #7613, #6081, #8215, #7379, #925, #8576, #7519, #8235, #8895, #8759, #6163, #3333 ) ) ;
#7485 = SURFACE_STYLE_FILL_AREA ( #6855 ) ;
#7486 = PLANE ( 'NONE',  #5208 ) ;
#7487 = SURFACE_SIDE_STYLE ('',( #5384 ) ) ;
#7488 = EDGE_CURVE ( 'NONE', #725, #6076, #7367, .T. ) ;
#7490 = ORIENTED_EDGE ( 'NONE', *, *, #7609, .T. ) ;
#7489 = ORIENTED_EDGE ( 'NONE', *, *, #1201, .F. ) ;
#7491 = CARTESIAN_POINT ( 'NONE',  ( 0.2275784156327516072, -1.249999999999969136, 0.8074457306935094447 ) ) ;
#7492 = LINE ( 'NONE', #8773, #796 ) ;
#7493 = AXIS2_PLACEMENT_3D ( 'NONE', #746, #4944, #4126 ) ;
#7494 = CARTESIAN_POINT ( 'NONE',  ( -0.2604139838411255736, -1.180010142570204756, 1.691655309560959219 ) ) ;
#7496 = ADVANCED_FACE ( 'NONE', ( #3110 ), #8746, .T. ) ;
#7495 = PRESENTATION_LAYER_ASSIGNMENT (  '', '', ( #7345 ) ) ;
#7497 = DIRECTION ( 'NONE',  ( 0.000000000000000000, -1.000000000000000000, 0.000000000000000000 ) ) ;
#7498 = DIRECTION ( 'NONE',  ( 0.000000000000000000, 0.000000000000000000, 1.000000000000000000 ) ) ;
#7499 = EDGE_CURVE ( 'NONE', #1736, #6076, #7461, .T. ) ;
#7500 = EDGE_CURVE ( 'NONE', #3187, #9064, #1118, .T. ) ;
#7501 = VERTEX_POINT ( 'NONE', #483 ) ;
#7502 = UNCERTAINTY_MEASURE_WITH_UNIT (LENGTH_MEASURE( 1.000000000000000082E-05 ), #835, 'distance_accuracy_value', 'NONE');
#7503 =( NAMED_UNIT ( * ) PLANE_ANGLE_UNIT ( ) SI_UNIT ( $, .RADIAN. ) );
#7504 = CARTESIAN_POINT ( 'NONE',  ( 4.060000000000000497, 3.270000000000000462, 0.000000000000000000 ) ) ;
#7505 = ORIENTED_EDGE ( 'NONE', *, *, #1566, .T. ) ;
#7506 = PLANE ( 'NONE',  #7637 ) ;
#7507 =( BOUNDED_CURVE ( )  B_SPLINE_CURVE ( 3, ( #8086, #2455, #3837, #3245 ),
 .UNSPECIFIED., .F., .F. ) 
 B_SPLINE_CURVE_WITH_KNOTS ( ( 4, 4 ),
 ( 3.141592653589792672, 3.926990816987244504 ),
 .UNSPECIFIED. ) 
 CURVE ( )  GEOMETRIC_REPRESENTATION_ITEM ( )  RATIONAL_B_SPLINE_CURVE ( ( 1.000000000000000000, 0.9492530216741906779, 0.9492530216741906779, 1.000000000000000000 ) ) 
 REPRESENTATION_ITEM ( '' )  );
#7508 = CARTESIAN_POINT ( 'NONE',  ( 4.760000000000001563, 2.813200710532140381, -2.359999999999986997 ) ) ;
#7509 = PRESENTATION_LAYER_ASSIGNMENT (  '', '', ( #7069 ) ) ;
#7510 = LINE ( 'NONE', #1206, #4361 ) ;
#7511 = DIRECTION ( 'NONE',  ( 0.000000000000000000, 0.000000000000000000, 1.000000000000000000 ) ) ;
#7512 = CARTESIAN_POINT ( 'NONE',  ( 0.09036144578313230757, -1.250000000000000000, 1.456746987951807348 ) ) ;
#7513 = LINE ( 'NONE', #8237, #8406 ) ;
#7514 = VERTEX_POINT ( 'NONE', #8001 ) ;
#7515 =( LENGTH_UNIT ( ) NAMED_UNIT ( * ) SI_UNIT ( .MILLI., .METRE. ) );
#7516 = EDGE_CURVE ( 'NONE', #5464, #7433, #8574, .T. ) ;
#7517 = ORIENTED_EDGE ( 'NONE', *, *, #6098, .T. ) ;
#7518 = AXIS2_PLACEMENT_3D ( 'NONE', #3057, #5866, #8649 ) ;
#7519 = ADVANCED_FACE ( 'NONE', ( #1025 ), #7957, .F. ) ;
#7520 = CARTESIAN_POINT ( 'NONE',  ( 6.250000000000000000, -0.9999999999999978906, 0.5999999999999998668 ) ) ;
#7521 =( LENGTH_UNIT ( ) NAMED_UNIT ( * ) SI_UNIT ( .MILLI., .METRE. ) );
#7523 = ORIENTED_EDGE ( 'NONE', *, *, #1490, .T. ) ;
#7522 = ORIENTED_EDGE ( 'NONE', *, *, #415, .T. ) ;
#7524 = CARTESIAN_POINT ( 'NONE',  ( 5.369092094937435888, 0.3134175730544422334, -2.397330798265292717 ) ) ;
#7525 = ORIENTED_EDGE ( 'NONE', *, *, #8063, .T. ) ;
#7526 = CARTESIAN_POINT ( 'NONE',  ( -0.3012548339959390531, -0.3012548339959397747, 8.016309119164535701 ) ) ;
#7527 = STYLED_ITEM ( 'NONE', ( #2659 ), #2331 ) ;
#7528 = EDGE_CURVE ( 'NONE', #4479, #8765, #3316, .T. ) ;
#7529 = CARTESIAN_POINT ( 'NONE',  ( 1.769999999999999574, 3.749999999999999112, 2.500000000000000000 ) ) ;
#7530 = EDGE_CURVE ( 'NONE', #5227, #2211, #1338, .T. ) ;
#7531 = CARTESIAN_POINT ( 'NONE',  ( 3.709999999999999964, 3.270000000000000462, 0.6000000000000000888 ) ) ;
#7532 = CARTESIAN_POINT ( 'NONE',  ( 4.778745166004060962, 0.3012548339959389421, -2.466309119164537655 ) ) ;
#7534 = VERTEX_POINT ( 'NONE', #4813 ) ;
#7533 = ORIENTED_EDGE ( 'NONE', *, *, #335, .T. ) ;
#7535 = CARTESIAN_POINT ( 'NONE',  ( 4.760000000000000675, -0.2560000000000001719, -2.359999999999988773 ) ) ;
#7536 = PRESENTATION_STYLE_ASSIGNMENT (( #3283 ) ) ;
#7537 = AXIS2_PLACEMENT_3D ( 'NONE', #6002, #2689, #3939 ) ;
#7538 = CARTESIAN_POINT ( 'NONE',  ( 4.309999999999999609, 3.749999999999999112, 2.500000000000000000 ) ) ;
#7539 = CARTESIAN_POINT ( 'NONE',  ( -0.3012548339959391086, -0.3012548339959393862, -2.466309119164536767 ) ) ;
#7540 = STYLED_ITEM ( 'NONE', ( #957 ), #3880 ) ;
#7541 = PLANE ( 'NONE',  #8053 ) ;
#7542 = VECTOR ( 'NONE', #7894, 1000.000000000000000 ) ;
#7543 = LINE ( 'NONE', #4071, #2183 ) ;
#7544 = CARTESIAN_POINT ( 'NONE',  ( -0.2292613886581244820, -1.150000000000000133, 1.353074703515682042 ) ) ;
#7545 = PLANE ( 'NONE',  #8492 ) ;
#7546 = PLANE ( 'NONE',  #2694 ) ;
#7547 = ORIENTED_EDGE ( 'NONE', *, *, #5256, .T. ) ;
#7548 = CARTESIAN_POINT ( 'NONE',  ( 6.349999999999999645, 3.499999999999998224, 2.500000000000000000 ) ) ;
#7549 = DIRECTION ( 'NONE',  ( -0.000000000000000000, 0.000000000000000000, -1.000000000000000000 ) ) ;
#7550 = VECTOR ( 'NONE', #458, 1000.000000000000000 ) ;
#7551 =( NAMED_UNIT ( * ) PLANE_ANGLE_UNIT ( ) SI_UNIT ( $, .RADIAN. ) );
#7552 = EDGE_CURVE ( 'NONE', #2861, #3376, #3437, .T. ) ;
#7553 = EDGE_CURVE ( 'NONE', #2527, #4347, #7600, .T. ) ;
#7554 =( NAMED_UNIT ( * ) SI_UNIT ( $, .STERADIAN. ) SOLID_ANGLE_UNIT ( ) );
#7555 = SURFACE_STYLE_FILL_AREA ( #2602 ) ;
#7556 = STYLED_ITEM ( 'NONE', ( #3748 ), #4836 ) ;
#7557 = PRESENTATION_LAYER_ASSIGNMENT (  '', '', ( #2283 ) ) ;
#7558 = FILL_AREA_STYLE ('',( #4771 ) ) ;
#7559 = DIRECTION ( 'NONE',  ( -0.000000000000000000, 0.9848077530122085754, 0.1736481776669278887 ) ) ;
#7560 = CARTESIAN_POINT ( 'NONE',  ( 5.369092094937435888, 2.853417573054442435, -2.397330798265293161 ) ) ;
#7561 = CARTESIAN_POINT ( 'NONE',  ( -0.2713367824627651026, -1.149999999999999911, 0.8481160656645542195 ) ) ;
#7562 = ORIENTED_EDGE ( 'NONE', *, *, #8184, .F. ) ;
#7563 = FACE_OUTER_BOUND ( 'NONE', #5181, .T. ) ;
#7564 = ADVANCED_FACE ( 'NONE', ( #6140 ), #663, .T. ) ;
#7565 = VERTEX_POINT ( 'NONE', #8374 ) ;
#7566 = MECHANICAL_DESIGN_GEOMETRIC_PRESENTATION_REPRESENTATION (  '', ( #7540 ), #3456 ) ;
#7567 =( NAMED_UNIT ( * ) SI_UNIT ( $, .STERADIAN. ) SOLID_ANGLE_UNIT ( ) );
#7568 = LINE ( 'NONE', #8243, #2058 ) ;
#7569 = EDGE_CURVE ( 'NONE', #7428, #3034, #7646, .T. ) ;
#7570 = LINE ( 'NONE', #2613, #5171 ) ;
#7571 = FACE_OUTER_BOUND ( 'NONE', #5228, .T. ) ;
#7573 = ORIENTED_EDGE ( 'NONE', *, *, #28, .T. ) ;
#7572 = VERTEX_POINT ( 'NONE', #6226 ) ;
#7574 = SURFACE_STYLE_USAGE ( .BOTH. , #4740 ) ;
#7575 = SURFACE_STYLE_FILL_AREA ( #7706 ) ;
#7576 = ORIENTED_EDGE ( 'NONE', *, *, #2060, .T. ) ;
#7577 = CARTESIAN_POINT ( 'NONE',  ( 5.399999999999999467, 0.2732007105321401230, -2.359999999999986997 ) ) ;
#7578 = EDGE_CURVE ( 'NONE', #4698, #2221, #6091, .T. ) ;
#7579 = LINE ( 'NONE', #8998, #2329 ) ;
#7580 = CARTESIAN_POINT ( 'NONE',  ( -0.2254491123403467856, -1.164586146388946197, 1.356773624004602441 ) ) ;
#7581 =( NAMED_UNIT ( * ) SI_UNIT ( $, .STERADIAN. ) SOLID_ANGLE_UNIT ( ) );
#7583 = ORIENTED_EDGE ( 'NONE', *, *, #4820, .T. ) ;
#7582 = EDGE_LOOP ( 'NONE', ( #410, #6842, #2519, #3344 ) ) ;
#7584 = UNCERTAINTY_MEASURE_WITH_UNIT (LENGTH_MEASURE( 1.000000000000000082E-05 ), #3291, 'distance_accuracy_value', 'NONE');
#7585 = SURFACE_STYLE_USAGE ( .BOTH. , #3378 ) ;
#7586 = CARTESIAN_POINT ( 'NONE',  ( 0.2344867770528483997, -1.249999999999996447, 1.702869330121560276 ) ) ;
#7587 = CARTESIAN_POINT ( 'NONE',  ( 3.810000000000000941, 3.270000000000000462, 0.6000000000000000888 ) ) ;
#7588 = DIRECTION ( 'NONE',  ( 1.000000000000000000, 0.000000000000000000, -0.000000000000000000 ) ) ;
#7589 = EDGE_CURVE ( 'NONE', #93, #8379, #2741, .T. ) ;
#7590 = CARTESIAN_POINT ( 'NONE',  ( -0.3199999999999999512, 2.860000000000000320, -2.359999999999988773 ) ) ;
#7591 = LINE ( 'NONE', #610, #3600 ) ;
#7592 =( LENGTH_UNIT ( ) NAMED_UNIT ( * ) SI_UNIT ( .MILLI., .METRE. ) );
#7593 = LINE ( 'NONE', #6219, #4616 ) ;
#7594 = ORIENTED_EDGE ( 'NONE', *, *, #1718, .F. ) ;
#7595 = PLANE ( 'NONE',  #3905 ) ;
#7596 =( NAMED_UNIT ( * ) SI_UNIT ( $, .STERADIAN. ) SOLID_ANGLE_UNIT ( ) );
#7597 = EDGE_CURVE ( 'NONE', #8662, #8380, #8683, .T. ) ;
#7598 = VECTOR ( 'NONE', #2638, 1000.000000000000000 ) ;
#7599 = COLOUR_RGB ( '',0.9686274509803921573, 0.8784313725490195957, 0.5999999999999999778 ) ;
#7600 = LINE ( 'NONE', #5588, #7157 ) ;
#7601 = CARTESIAN_POINT ( 'NONE',  ( 2.589999999999987423, 3.270000000000000462, -0.6199999999999992184 ) ) ;
#7602 = SURFACE_STYLE_FILL_AREA ( #5633 ) ;
#7603 =( NAMED_UNIT ( * ) SI_UNIT ( $, .STERADIAN. ) SOLID_ANGLE_UNIT ( ) );
#7604 = CARTESIAN_POINT ( 'NONE',  ( 2.220000000000000195, -0.3200000000000006728, 7.909999999999988596 ) ) ;
#7605 = ORIENTED_EDGE ( 'NONE', *, *, #6213, .T. ) ;
#7606 = AXIS2_PLACEMENT_3D ( 'NONE', #2, #7679, #1373 ) ;
#7607 = EDGE_LOOP ( 'NONE', ( #7469, #6802, #3951, #1400, #1542, #6309 ) ) ;
#7608 = VECTOR ( 'NONE', #4922, 1000.000000000000000 ) ;
#7609 = EDGE_CURVE ( 'NONE', #4470, #3224, #3482, .T. ) ;
#7610 = CARTESIAN_POINT ( 'NONE',  ( 0.2031249999999996114, -1.250000000000001110, 1.180956325301204979 ) ) ;
#7611 = CARTESIAN_POINT ( 'NONE',  ( 0.1546833132435277980, -1.250000000000000888, 1.770094871114360480 ) ) ;
#7612 = CARTESIAN_POINT ( 'NONE',  ( 2.860000000000000320, 0.2559999999999999498, -2.359999999999988773 ) ) ;
#7613 = ADVANCED_FACE ( 'NONE', ( #8975 ), #4214, .T. ) ;
#7614 = DIRECTION ( 'NONE',  ( 0.000000000000000000, 0.000000000000000000, 1.000000000000000000 ) ) ;
#7615 = ADVANCED_FACE ( 'NONE', ( #749 ), #1578, .F. ) ;
#7617 = ORIENTED_EDGE ( 'NONE', *, *, #388, .T. ) ;
#7616 = ORIENTED_EDGE ( 'NONE', *, *, #1273, .T. ) ;
#7618 = DIRECTION ( 'NONE',  ( 4.224164308385081333E-16, -1.000000000000000000, 0.000000000000000000 ) ) ;
#7619 = ORIENTED_EDGE ( 'NONE', *, *, #3405, .F. ) ;
#7620 = CARTESIAN_POINT ( 'NONE',  ( 5.393417573054442471, 0.2890920949374358173, -2.397330798265290941 ) ) ;
#7621 = MECHANICAL_DESIGN_GEOMETRIC_PRESENTATION_REPRESENTATION (  '', ( #4847 ), #1753 ) ;
#7622 = CARTESIAN_POINT ( 'NONE',  ( 5.393417573054443359, 2.250907905062563774, -2.397330798265291829 ) ) ;
#7623 = VECTOR ( 'NONE', #7171, 1000.000000000000000 ) ;
#7624 = CARTESIAN_POINT ( 'NONE',  ( 4.778745166004060962, -0.3012548339959393862, -2.466309119164536767 ) ) ;
#7625 = COLOUR_RGB ( '',0.9686274509803921573, 0.8784313725490195957, 0.5999999999999999778 ) ;
#7626 = CARTESIAN_POINT ( 'NONE',  ( 2.796000000000000263, 2.283999999999999364, 8.550000000000000711 ) ) ;
#7627 = DIRECTION ( 'NONE',  ( -0.7071067811865469066, 0.7071067811865482389, 0.000000000000000000 ) ) ;
#7629 = ORIENTED_EDGE ( 'NONE', *, *, #1904, .F. ) ;
#7628 = ORIENTED_EDGE ( 'NONE', *, *, #7689, .T. ) ;
#7630 = PLANE ( 'NONE',  #7710 ) ;
#7631 = LINE ( 'NONE', #9004, #509 ) ;
#7632 = CLOSED_SHELL ( 'NONE', ( #8217, #2333, #5771, #3737, #4545, #1029, #3610, #8502, #2930, #7281, #6357, #3773, #6873, #8802, #1340, #5426, #2426, #5104 ) ) ;
#7633 = DIRECTION ( 'NONE',  ( -0.1710878697460330722, -0.1710878697460330722, -0.9702875252478149193 ) ) ;
#7634 = EDGE_CURVE ( 'NONE', #7075, #3562, #6318, .T. ) ;
#7635 = LINE ( 'NONE', #3978, #4975 ) ;
#7636 = LINE ( 'NONE', #8363, #1532 ) ;
#7637 = AXIS2_PLACEMENT_3D ( 'NONE', #432, #5263, #4722 ) ;
#7638 = CARTESIAN_POINT ( 'NONE',  ( -0.06900477108549049610, -1.149999999999999911, 1.198471783163378213 ) ) ;
#7639 = ORIENTED_EDGE ( 'NONE', *, *, #419, .T. ) ;
#7640 = DIRECTION ( 'NONE',  ( -0.000000000000000000, 0.000000000000000000, 1.000000000000000000 ) ) ;
#7641 = DIRECTION ( 'NONE',  ( 1.000000000000000000, 0.000000000000000000, 0.000000000000000000 ) ) ;
#7642 = CARTESIAN_POINT ( 'NONE',  ( 2.860000000000000320, 2.859999999999999876, -2.359999999999988773 ) ) ;
#7643 =( BOUNDED_CURVE ( )  B_SPLINE_CURVE ( 3, ( #2380, #4477, #256, #907 ),
 .UNSPECIFIED., .F., .F. ) 
 B_SPLINE_CURVE_WITH_KNOTS ( ( 4, 4 ),
 ( 0.000000000000000000, 0.7853981633974490562 ),
 .UNSPECIFIED. ) 
 CURVE ( )  GEOMETRIC_REPRESENTATION_ITEM ( )  RATIONAL_B_SPLINE_CURVE ( ( 1.000000000000000000, 0.9492530216741910110, 0.9492530216741910110, 1.000000000000000000 ) ) 
 REPRESENTATION_ITEM ( '' )  );
#7644 = VECTOR ( 'NONE', #1427, 1000.000000000000000 ) ;
#7645 = FILL_AREA_STYLE ('',( #4078 ) ) ;
#7646 = LINE ( 'NONE', #4861, #3215 ) ;
#7647 = DIRECTION ( 'NONE',  ( -8.470329472543003391E-17, 1.000000000000000000, 0.000000000000000000 ) ) ;
#7648 = LINE ( 'NONE', #2791, #6943 ) ;
#7649 = EDGE_CURVE ( 'NONE', #6840, #5879, #5530, .T. ) ;
#7650 = CARTESIAN_POINT ( 'NONE',  ( -0.3199999999999998956, 2.219999999999999751, -2.359999999999988773 ) ) ;
#7651 = LINE ( 'NONE', #5636, #3145 ) ;
#7652 = VECTOR ( 'NONE', #4948, 1000.000000000000000 ) ;
#7653 = ORIENTED_EDGE ( 'NONE', *, *, #7718, .F. ) ;
#7654 = ORIENTED_EDGE ( 'NONE', *, *, #4210, .T. ) ;
#7655 = CARTESIAN_POINT ( 'NONE',  ( -0.2560000000000000053, 2.859999999999999876, 8.550000000000000711 ) ) ;
#7656 = PRESENTATION_LAYER_ASSIGNMENT (  '', '', ( #6631 ) ) ;
#7657 = CARTESIAN_POINT ( 'NONE',  ( 1.520000000000000240, -0.9999999999999986677, 2.500000000000000000 ) ) ;
#7658 = LINE ( 'NONE', #674, #5768 ) ;
#7659 = PRESENTATION_STYLE_ASSIGNMENT (( #1536 ) ) ;
#7660 = CARTESIAN_POINT ( 'NONE',  ( 2.841254833995939144, -0.3012548339959392751, -2.466309119164537655 ) ) ;
#7661 = VERTEX_POINT ( 'NONE', #1625 ) ;
#7662 = FACE_OUTER_BOUND ( 'NONE', #8541, .T. ) ;
#7663 = CARTESIAN_POINT ( 'NONE',  ( 2.860000000000000320, 0.2559999999999993947, 7.909999999999988596 ) ) ;
#7664 =( GEOMETRIC_REPRESENTATION_CONTEXT ( 3 ) GLOBAL_UNCERTAINTY_ASSIGNED_CONTEXT ( ( #7230 ) ) GLOBAL_UNIT_ASSIGNED_CONTEXT ( ( #3445, #6422, #9034 ) ) REPRESENTATION_CONTEXT ( 'NONE', 'WORKASPACE' ) );
#7665 = ORIENTED_EDGE ( 'NONE', *, *, #5619, .F. ) ;
#7666 = ADVANCED_FACE ( 'NONE', ( #6496 ), #1428, .F. ) ;
#7667 = EDGE_CURVE ( 'NONE', #5877, #6482, #8825, .T. ) ;
#7668 = VECTOR ( 'NONE', #151, 1000.000000000000000 ) ;
#7669 = DIRECTION ( 'NONE',  ( -1.000000000000000000, 0.000000000000000000, 0.000000000000000000 ) ) ;
#7670 = PRESENTATION_STYLE_ASSIGNMENT (( #2854 ) ) ;
#7671 = FACE_OUTER_BOUND ( 'NONE', #5036, .T. ) ;
#7673 = ORIENTED_EDGE ( 'NONE', *, *, #2085, .T. ) ;
#7672 = ORIENTED_EDGE ( 'NONE', *, *, #1752, .T. ) ;
#7674 = CARTESIAN_POINT ( 'NONE',  ( -5.687887419977258754E-17, -1.250000000000000000, 1.270000000000000018 ) ) ;
#7675 = CARTESIAN_POINT ( 'NONE',  ( 1.019999999999999796, -1.250000000000000222, 0.5999999999999999778 ) ) ;
#7676 = ORIENTED_EDGE ( 'NONE', *, *, #5063, .F. ) ;
#7677 = DIRECTION ( 'NONE',  ( -0.3236155771181850049, -0.8891264907159880382, 0.3236155771181853935 ) ) ;
#7678 = AXIS2_PLACEMENT_3D ( 'NONE', #1758, #8725, #4576 ) ;
#7679 = DIRECTION ( 'NONE',  ( 0.8660254037844387076, 0.4999999999999999445, 0.000000000000000000 ) ) ;
#7680 = PRESENTATION_LAYER_ASSIGNMENT (  '', '', ( #8106 ) ) ;
#7681 = EDGE_CURVE ( 'NONE', #3187, #2286, #5301, .T. ) ;
#7682 = CARTESIAN_POINT ( 'NONE',  ( -0.1688168747726602748, -1.149999999999996581, 1.805596415059560922 ) ) ;
#7683 = CARTESIAN_POINT ( 'NONE',  ( 3.810000000000000053, 3.499999999999998224, 2.500000000000000000 ) ) ;
#7684 = SURFACE_STYLE_USAGE ( .BOTH. , #6179 ) ;
#7685 = ORIENTED_EDGE ( 'NONE', *, *, #3925, .T. ) ;
#7686 = LINE ( 'NONE', #1333, #6244 ) ;
#7687 = PLANE ( 'NONE',  #5497 ) ;
#7688 = CARTESIAN_POINT ( 'NONE',  ( 4.310000000000000497, -1.250000000000000000, 0.000000000000000000 ) ) ;
#7689 = EDGE_CURVE ( 'NONE', #4073, #2286, #6633, .T. ) ;
#7690 = CARTESIAN_POINT ( 'NONE',  ( 0.6499999999999999112, -1.249999999999999778, 1.270000000000000018 ) ) ;
#7691 = CARTESIAN_POINT ( 'NONE',  ( 4.778745166004060962, 2.841254833995939144, -2.466309119164537655 ) ) ;
#7692 = SURFACE_SIDE_STYLE ('',( #7602 ) ) ;
#7693 = CARTESIAN_POINT ( 'NONE',  ( 0.2071507323465820727, 2.539999999999999147, 8.550000000000000711 ) ) ;
#7694 = MECHANICAL_DESIGN_GEOMETRIC_PRESENTATION_REPRESENTATION (  '', ( #3174 ), #507 ) ;
#7695 = CARTESIAN_POINT ( 'NONE',  ( 6.249999999999999112, -0.9999999999999978906, 2.350000000000000089 ) ) ;
#7696 = VECTOR ( 'NONE', #5525, 1000.000000000000000 ) ;
#7697 = VERTEX_POINT ( 'NONE', #1717 ) ;
#7698 = ORIENTED_EDGE ( 'NONE', *, *, #8698, .F. ) ;
#7699 = PLANE ( 'NONE',  #5413 ) ;
#7700 = COLOUR_RGB ( '',0.9686274509803921573, 0.8784313725490195957, 0.5999999999999999778 ) ;
#7701 = PLANE ( 'NONE',  #986 ) ;
#7702 = CARTESIAN_POINT ( 'NONE',  ( 3.709999999999999964, -0.7700000000000002398, 0.6000000000000000888 ) ) ;
#7703 = ORIENTED_EDGE ( 'NONE', *, *, #4606, .F. ) ;
#7704 = CARTESIAN_POINT ( 'NONE',  ( -0.2594620124652654569, -1.129999999999999449, 1.379748504853093083 ) ) ;
#7705 = AXIS2_PLACEMENT_3D ( 'NONE', #6406, #7044, #182 ) ;
#7706 = FILL_AREA_STYLE ('',( #8343 ) ) ;
#7707 = VECTOR ( 'NONE', #928, 1000.000000000000000 ) ;
#7708 = VERTEX_POINT ( 'NONE', #1013 ) ;
#7709 = EDGE_CURVE ( 'NONE', #8956, #1726, #3054, .T. ) ;
#7710 = AXIS2_PLACEMENT_3D ( 'NONE', #2077, #4886, #6257 ) ;
#7711 = CARTESIAN_POINT ( 'NONE',  ( 2.860000000000000320, 2.859999999999999876, 8.550000000000000711 ) ) ;
#7712 = PLANE ( 'NONE',  #5929 ) ;
#7714 = ORIENTED_EDGE ( 'NONE', *, *, #6183, .T. ) ;
#7713 = EDGE_LOOP ( 'NONE', ( #7411, #8947, #995, #4296, #4969, #8149 ) ) ;
#7715 = CARTESIAN_POINT ( 'NONE',  ( -1.269999999999999574, -0.9999999999999988898, 2.500000000000000000 ) ) ;
#7716 = ORIENTED_EDGE ( 'NONE', *, *, #2584, .F. ) ;
#7717 = CARTESIAN_POINT ( 'NONE',  ( -0.3199999999999999512, 0.2559999999999993392, 7.909999999999988596 ) ) ;
#7718 = EDGE_CURVE ( 'NONE', #4653, #7998, #1107, .T. ) ;
#7719 =( LENGTH_UNIT ( ) NAMED_UNIT ( * ) SI_UNIT ( .MILLI., .METRE. ) );
#7720 = LINE ( 'NONE', #7214, #1146 ) ;
#7721 = EDGE_CURVE ( 'NONE', #594, #8444, #5346, .T. ) ;
#7722 = LINE ( 'NONE', #4980, #3868 ) ;
#7723 = ORIENTED_EDGE ( 'NONE', *, *, #533, .F. ) ;
#7724 = PLANE ( 'NONE',  #1544 ) ;
#7725 = LINE ( 'NONE', #2828, #6374 ) ;
#7726 = EDGE_CURVE ( 'NONE', #8078, #2609, #8736, .T. ) ;
#7727 = CARTESIAN_POINT ( 'NONE',  ( 5.421010862427522170E-17, -0.4466666666666664898, 2.449999999999999734 ) ) ;
#7728 = EDGE_CURVE ( 'NONE', #3176, #4909, #535, .T. ) ;
#7729 = AXIS2_PLACEMENT_3D ( 'NONE', #8342, #2066, #453 ) ;
#7730 = FILL_AREA_STYLE ('',( #16 ) ) ;
#7731 = CARTESIAN_POINT ( 'NONE',  ( 2.741087211002079194, 2.741087211002078305, 8.584387938363944315 ) ) ;
#7732 = CARTESIAN_POINT ( 'NONE',  ( -7.600466019169040351E-17, -1.149999999999999911, 1.420349964525186914 ) ) ;
#7733 = DIRECTION ( 'NONE',  ( 0.000000000000000000, 0.000000000000000000, -1.000000000000000000 ) ) ;
#7734 = DIRECTION ( 'NONE',  ( 1.000000000000000000, 0.000000000000000000, -0.000000000000000000 ) ) ;
#7735 = LINE ( 'NONE', #8378, #6515 ) ;
#7736 = VERTEX_POINT ( 'NONE', #1670 ) ;
#7737 = ORIENTED_EDGE ( 'NONE', *, *, #1862, .F. ) ;
#7738 = STYLED_ITEM ( 'NONE', ( #8094 ), #7496 ) ;
#7739 = CARTESIAN_POINT ( 'NONE',  ( 4.310000000000000497, -1.250000000000000000, 2.500000000000000000 ) ) ;
#7740 = CARTESIAN_POINT ( 'NONE',  ( 2.540000000000000036, 0.000000000000000000, 0.000000000000000000 ) ) ;
#7741 = PRODUCT_RELATED_PRODUCT_CATEGORY ( 'part', '', ( #3662 ) ) ;
#7742 =( GEOMETRIC_REPRESENTATION_CONTEXT ( 3 ) GLOBAL_UNCERTAINTY_ASSIGNED_CONTEXT ( ( #5188 ) ) GLOBAL_UNIT_ASSIGNED_CONTEXT ( ( #2671, #6248, #505 ) ) REPRESENTATION_CONTEXT ( 'NONE', 'WORKASPACE' ) );
#7743 = STYLED_ITEM ( 'NONE', ( #6713 ), #8128 ) ;
#7744 =( BOUNDED_CURVE ( )  B_SPLINE_CURVE ( 3, ( #6661, #6029, #7434, #7250 ),
 .UNSPECIFIED., .F., .F. ) 
 B_SPLINE_CURVE_WITH_KNOTS ( ( 4, 4 ),
 ( 2.122493417915220663E-16, 0.7853981633974473908 ),
 .UNSPECIFIED. ) 
 CURVE ( )  GEOMETRIC_REPRESENTATION_ITEM ( )  RATIONAL_B_SPLINE_CURVE ( ( 1.000000000000000000, 0.9492530216741912330, 0.9492530216741912330, 1.000000000000000000 ) ) 
 REPRESENTATION_ITEM ( '' )  );
#7745 = LINE ( 'NONE', #4958, #899 ) ;
#7746 = EDGE_LOOP ( 'NONE', ( #1663, #2528, #5009, #2019, #8431 ) ) ;
#7747 = CARTESIAN_POINT ( 'NONE',  ( 2.220000000000000195, 2.283999999999999808, -2.359999999999988773 ) ) ;
#7748 = ORIENTED_EDGE ( 'NONE', *, *, #1204, .T. ) ;
#7749 =( GEOMETRIC_REPRESENTATION_CONTEXT ( 3 ) GLOBAL_UNCERTAINTY_ASSIGNED_CONTEXT ( ( #5934 ) ) GLOBAL_UNIT_ASSIGNED_CONTEXT ( ( #8836, #287, #1070 ) ) REPRESENTATION_CONTEXT ( 'NONE', 'WORKASPACE' ) );
#7750 = VECTOR ( 'NONE', #82, 1000.000000000000000 ) ;
#7751 = CARTESIAN_POINT ( 'NONE',  ( -0.2341962252578360659, -1.249999999999998890, 1.443422478592585101 ) ) ;
#7752 = CARTESIAN_POINT ( 'NONE',  ( 0.05396442235651190827, -1.149999999999999911, 1.270000000000000018 ) ) ;
#7753 =( NAMED_UNIT ( * ) PLANE_ANGLE_UNIT ( ) SI_UNIT ( $, .RADIAN. ) );
#7755 = VERTEX_POINT ( 'NONE', #1768 ) ;
#7754 = VERTEX_POINT ( 'NONE', #3243 ) ;
#7756 = UNCERTAINTY_MEASURE_WITH_UNIT (LENGTH_MEASURE( 1.000000000000000082E-05 ), #673, 'distance_accuracy_value', 'NONE');
#7757 = VECTOR ( 'NONE', #8315, 1000.000000000000000 ) ;
#7758 = EDGE_CURVE ( 'NONE', #5877, #2619, #1863, .T. ) ;
#7759 = DIRECTION ( 'NONE',  ( 0.000000000000000000, 1.000000000000000000, 0.000000000000000000 ) ) ;
#7760 = CARTESIAN_POINT ( 'NONE',  ( 5.336000000000000298, -0.3200000000000007283, 8.550000000000000711 ) ) ;
#7761 = ORIENTED_EDGE ( 'NONE', *, *, #2243, .F. ) ;
#7762 = FACE_OUTER_BOUND ( 'NONE', #3234, .T. ) ;
#7763 = CARTESIAN_POINT ( 'NONE',  ( 5.336000000000000298, -0.3200000000000006728, 7.909999999999988596 ) ) ;
#7764 = B_SPLINE_CURVE_WITH_KNOTS ( 'NONE', 3,
 ( #2091, #1477, #702, #745, #2737, #5536, #6963 ),
 .UNSPECIFIED., .F., .F.,
 ( 4, 3, 4 ),
 ( 0.000000000000000000, 5.321256427250180965E-05, 0.0001064251285451308098 ),
 .UNSPECIFIED. ) ;
#7765 = AXIS2_PLACEMENT_3D ( 'NONE', #3242, #1945, #1154 ) ;
#7766 = STYLED_ITEM ( 'NONE', ( #1005 ), #8895 ) ;
#7767 = DIRECTION ( 'NONE',  ( 4.224164308385081333E-16, -1.000000000000000000, 0.000000000000000000 ) ) ;
#7768 = DIRECTION ( 'NONE',  ( -0.000000000000000000, 1.000000000000000000, 0.000000000000000000 ) ) ;
#7769 =( NAMED_UNIT ( * ) SI_UNIT ( $, .STERADIAN. ) SOLID_ANGLE_UNIT ( ) );
#7770 =( LENGTH_UNIT ( ) NAMED_UNIT ( * ) SI_UNIT ( .MILLI., .METRE. ) );
#7771 = ORIENTED_EDGE ( 'NONE', *, *, #5416, .F. ) ;
#7772 = CARTESIAN_POINT ( 'NONE',  ( -1.269999999999999574, -0.9999999999999988898, 0.5999999999999998668 ) ) ;
#7773 = SURFACE_SIDE_STYLE ('',( #2225 ) ) ;
#7774 = DIRECTION ( 'NONE',  ( -1.000000000000000000, -0.000000000000000000, -0.000000000000000000 ) ) ;
#7775 = EDGE_CURVE ( 'NONE', #1550, #7196, #3883, .T. ) ;
#7776 = LINE ( 'NONE', #3569, #3816 ) ;
#7777 = CARTESIAN_POINT ( 'NONE',  ( 2.841254833995939588, 2.238745166004060039, 8.016309119164535701 ) ) ;
#7778 = EDGE_CURVE ( 'NONE', #5932, #8865, #4628, .T. ) ;
#7779 = DIRECTION ( 'NONE',  ( 0.000000000000000000, 1.000000000000000000, 0.000000000000000000 ) ) ;
#7780 = DIRECTION ( 'NONE',  ( -1.000000000000000000, -4.224164308385081333E-16, 1.537470072901852402E-16 ) ) ;
#7781 = PLANE ( 'NONE',  #4608 ) ;
#7782 = FILL_AREA_STYLE ('',( #4991 ) ) ;
#7783 = ORIENTED_EDGE ( 'NONE', *, *, #3017, .T. ) ;
#7784 =( GEOMETRIC_REPRESENTATION_CONTEXT ( 3 ) GLOBAL_UNCERTAINTY_ASSIGNED_CONTEXT ( ( #4588 ) ) GLOBAL_UNIT_ASSIGNED_CONTEXT ( ( #839, #4455, #2356 ) ) REPRESENTATION_CONTEXT ( 'NONE', 'WORKASPACE' ) );
#7785 = VERTEX_POINT ( 'NONE', #5906 ) ;
#7786 = CARTESIAN_POINT ( 'NONE',  ( 1.019999999999999796, 3.499999999999998224, 2.500000000000000000 ) ) ;
#7787 = FILL_AREA_STYLE ('',( #2147 ) ) ;
#7788 = SURFACE_STYLE_FILL_AREA ( #1446 ) ;
#7789 = CARTESIAN_POINT ( 'NONE',  ( 0.3134175730544422889, 0.2890920949374358173, -2.397330798265290941 ) ) ;
#7790 = EDGE_CURVE ( 'NONE', #9002, #1608, #4249, .T. ) ;
#7791 = VERTEX_POINT ( 'NONE', #926 ) ;
#7792 = SURFACE_SIDE_STYLE ('',( #5001 ) ) ;
#7793 = VERTEX_POINT ( 'NONE', #966 ) ;
#7794 = VECTOR ( 'NONE', #2231, 1000.000000000000000 ) ;
#7795 = ADVANCED_FACE ( 'NONE', ( #8645 ), #5994, .T. ) ;
#7796 =( BOUNDED_CURVE ( )  B_SPLINE_CURVE ( 3, ( #6454, #7141, #4314, #4499 ),
 .UNSPECIFIED., .F., .F. ) 
 B_SPLINE_CURVE_WITH_KNOTS ( ( 4, 4 ),
 ( 3.141592653589793560, 3.926990816987248056 ),
 .UNSPECIFIED. ) 
 CURVE ( )  GEOMETRIC_REPRESENTATION_ITEM ( )  RATIONAL_B_SPLINE_CURVE ( ( 1.000000000000000000, 0.9492530216741903448, 0.9492530216741903448, 1.000000000000000000 ) ) 
 REPRESENTATION_ITEM ( '' )  );
#7797 = CARTESIAN_POINT ( 'NONE',  ( 1.370000000000000329, 3.499999999999997780, 2.350000000000000089 ) ) ;
#7799 = ORIENTED_EDGE ( 'NONE', *, *, #4548, .F. ) ;
#7798 = ORIENTED_EDGE ( 'NONE', *, *, #1471, .T. ) ;
#7800 = LINE ( 'NONE', #4343, #6845 ) ;
#7801 = ORIENTED_EDGE ( 'NONE', *, *, #1492, .T. ) ;
#7802 =( NAMED_UNIT ( * ) SI_UNIT ( $, .STERADIAN. ) SOLID_ANGLE_UNIT ( ) );
#7803 = EDGE_CURVE ( 'NONE', #6524, #6755, #5479, .T. ) ;
#7804 = CARTESIAN_POINT ( 'NONE',  ( 2.220000000000000195, 0.3199999999999993405, -2.359999999999988773 ) ) ;
#7805 = CARTESIAN_POINT ( 'NONE',  ( 2.332849267653417602, 0.2071507323465822670, -3.000000000000000000 ) ) ;
#7806 = ORIENTED_EDGE ( 'NONE', *, *, #7953, .T. ) ;
#7807 = CARTESIAN_POINT ( 'NONE',  ( 2.250907905062563774, -0.3134175730544428440, 7.947330798265289431 ) ) ;
#7808 = DIRECTION ( 'NONE',  ( -1.000000000000000000, 0.000000000000000000, 0.000000000000000000 ) ) ;
#7809 = CARTESIAN_POINT ( 'NONE',  ( 0.09036144578313230757, -1.250000000000000000, 1.456746987951807348 ) ) ;
#7810 = SURFACE_STYLE_FILL_AREA ( #5722 ) ;
#7811 =( NAMED_UNIT ( * ) PLANE_ANGLE_UNIT ( ) SI_UNIT ( $, .RADIAN. ) );
#7812 = DIRECTION ( 'NONE',  ( -1.000000000000000000, 0.000000000000000000, 0.000000000000000000 ) ) ;
#7813 =( LENGTH_UNIT ( ) NAMED_UNIT ( * ) SI_UNIT ( .MILLI., .METRE. ) );
#7814 = SURFACE_STYLE_FILL_AREA ( #5821 ) ;
#7815 = LINE ( 'NONE', #7229, #7668 ) ;
#7816 = ORIENTED_EDGE ( 'NONE', *, *, #8963, .T. ) ;
#7817 = VECTOR ( 'NONE', #3440, 1000.000000000000000 ) ;
#7818 = ORIENTED_EDGE ( 'NONE', *, *, #968, .F. ) ;
#7819 = ADVANCED_FACE ( 'NONE', ( #5442 ), #4755, .T. ) ;
#7820 = CARTESIAN_POINT ( 'NONE',  ( 5.381254833995939180, 0.3012548339959383870, 8.016309119164537478 ) ) ;
#7821 = PRESENTATION_STYLE_ASSIGNMENT (( #7192 ) ) ;
#7822 = VECTOR ( 'NONE', #5340, 1000.000000000000000 ) ;
#7824 = EDGE_LOOP ( 'NONE', ( #7505, #3913, #3217, #2265, #1504 ) ) ;
#7823 = ORIENTED_EDGE ( 'NONE', *, *, #5981, .T. ) ;
#7825 = SURFACE_SIDE_STYLE ('',( #8390 ) ) ;
#7826 = VERTEX_POINT ( 'NONE', #608 ) ;
#7827 = AXIS2_PLACEMENT_3D ( 'NONE', #7626, #5563, #6856 ) ;
#7828 = AXIS2_PLACEMENT_3D ( 'NONE', #7110, #1553, #3636 ) ;
#7829 = FACE_OUTER_BOUND ( 'NONE', #5514, .T. ) ;
#7830 = CARTESIAN_POINT ( 'NONE',  ( -0.2349397590361447796, -1.250000000000000000, 1.458064759036144631 ) ) ;
#7831 = VECTOR ( 'NONE', #7360, 1000.000000000000000 ) ;
#7832 = SURFACE_SIDE_STYLE ('',( #343 ) ) ;
#7833 = EDGE_CURVE ( 'NONE', #644, #7233, #7635, .T. ) ;
#7835 = VERTEX_POINT ( 'NONE', #6773 ) ;
#7834 = ORIENTED_EDGE ( 'NONE', *, *, #2512, .T. ) ;
#7836 = UNCERTAINTY_MEASURE_WITH_UNIT (LENGTH_MEASURE( 1.000000000000000082E-05 ), #5467, 'distance_accuracy_value', 'NONE');
#7837 = SURFACE_STYLE_USAGE ( .BOTH. , #3780 ) ;
#7838 = ORIENTED_EDGE ( 'NONE', *, *, #3274, .T. ) ;
#7839 =( LENGTH_UNIT ( ) NAMED_UNIT ( * ) SI_UNIT ( .MILLI., .METRE. ) );
#7840 = FACE_OUTER_BOUND ( 'NONE', #400, .T. ) ;
#7841 =( BOUNDED_CURVE ( )  B_SPLINE_CURVE ( 3, ( #623, #4904, #3530, #2141 ),
 .UNSPECIFIED., .F., .F. ) 
 B_SPLINE_CURVE_WITH_KNOTS ( ( 4, 4 ),
 ( 0.000000000000000000, 0.7853981633974425058 ),
 .UNSPECIFIED. ) 
 CURVE ( )  GEOMETRIC_REPRESENTATION_ITEM ( )  RATIONAL_B_SPLINE_CURVE ( ( 1.000000000000000000, 0.9492530216741918991, 0.9492530216741918991, 1.000000000000000000 ) ) 
 REPRESENTATION_ITEM ( '' )  );
#7842 =( GEOMETRIC_REPRESENTATION_CONTEXT ( 3 ) GLOBAL_UNCERTAINTY_ASSIGNED_CONTEXT ( ( #6478 ) ) GLOBAL_UNIT_ASSIGNED_CONTEXT ( ( #910, #6479, #170 ) ) REPRESENTATION_CONTEXT ( 'NONE', 'WORKASPACE' ) );
#7843 = DIRECTION ( 'NONE',  ( -0.1710878697460327114, 0.1710878697460326836, 0.9702875252478149193 ) ) ;
#7844 = DIRECTION ( 'NONE',  ( 0.000000000000000000, -0.9848077530122085754, 0.1736481776669273891 ) ) ;
#7845 = SURFACE_STYLE_USAGE ( .BOTH. , #8547 ) ;
#7846 = ORIENTED_EDGE ( 'NONE', *, *, #3121, .T. ) ;
#7847 = UNCERTAINTY_MEASURE_WITH_UNIT (LENGTH_MEASURE( 1.000000000000000082E-05 ), #6503, 'distance_accuracy_value', 'NONE');
#7848 = CYLINDRICAL_SURFACE ( 'NONE', #1395, 0.06399999999999982092 ) ;
#7849 = DIRECTION ( 'NONE',  ( 1.000000000000000000, 4.224164308385081333E-16, 1.537470072901852402E-16 ) ) ;
#7850 = CARTESIAN_POINT ( 'NONE',  ( 1.520000000000000240, 3.499999999999997780, 2.500000000000000000 ) ) ;
#7851 =( NAMED_UNIT ( * ) PLANE_ANGLE_UNIT ( ) SI_UNIT ( $, .RADIAN. ) );
#7852 = DIRECTION ( 'NONE',  ( -0.000000000000000000, -0.000000000000000000, -1.000000000000000000 ) ) ;
#7853 = CARTESIAN_POINT ( 'NONE',  ( -0.1562305829448801253, -1.236672524119845962, 0.7651491954817232211 ) ) ;
#7854 = CARTESIAN_POINT ( 'NONE',  ( 5.400000000000000355, 0.3199999999999993405, -2.359999999999988773 ) ) ;
#7855 = CARTESIAN_POINT ( 'NONE',  ( 0.3200000000000001177, -0.2560000000000002829, -2.359999999999988773 ) ) ;
#7856 = UNCERTAINTY_MEASURE_WITH_UNIT (LENGTH_MEASURE( 1.000000000000000082E-05 ), #7770, 'distance_accuracy_value', 'NONE');
#7857 = LINE ( 'NONE', #2313, #7971 ) ;
#7858 = ORIENTED_EDGE ( 'NONE', *, *, #5585, .T. ) ;
#7859 = EDGE_CURVE ( 'NONE', #3364, #4748, #7543, .T. ) ;
#7860 = ORIENTED_EDGE ( 'NONE', *, *, #6285, .T. ) ;
#7861 = VECTOR ( 'NONE', #634, 1000.000000000000114 ) ;
#7862 = DIRECTION ( 'NONE',  ( -0.1710878697460331277, 0.1710878697460330722, 0.9702875252478149193 ) ) ;
#7863 = LINE ( 'NONE', #8522, #3362 ) ;
#7864 = DIRECTION ( 'NONE',  ( 0.000000000000000000, 1.000000000000000000, 0.000000000000000000 ) ) ;
#7865 = MECHANICAL_DESIGN_GEOMETRIC_PRESENTATION_REPRESENTATION (  '', ( #7150 ), #5106 ) ;
#7867 = EDGE_LOOP ( 'NONE', ( #4999, #7533, #7939, #6764, #4567, #7915 ) ) ;
#7866 = EDGE_LOOP ( 'NONE', ( #2244, #8538, #5461, #824 ) ) ;
#7868 = CARTESIAN_POINT ( 'NONE',  ( -0.2341962252578352333, -1.250000000000000888, 1.443422478592584657 ) ) ;
#7869 = EDGE_CURVE ( 'NONE', #7565, #5329, #8966, .T. ) ;
#7870 = DIRECTION ( 'NONE',  ( 8.470329472543003391E-17, -1.000000000000000000, 0.000000000000000000 ) ) ;
#7871 = ORIENTED_EDGE ( 'NONE', *, *, #4947, .T. ) ;
#7872 =( NAMED_UNIT ( * ) SI_UNIT ( $, .STERADIAN. ) SOLID_ANGLE_UNIT ( ) );
#7873 = EDGE_CURVE ( 'NONE', #698, #7275, #1908, .T. ) ;
#7874 = VECTOR ( 'NONE', #3111, 1000.000000000000000 ) ;
#7875 = VECTOR ( 'NONE', #5360, 1000.000000000000000 ) ;
#7876 = DIRECTION ( 'NONE',  ( -0.1710878697460326558, -0.1710878697460326836, -0.9702875252478149193 ) ) ;
#7877 = EDGE_CURVE ( 'NONE', #4506, #4578, #8219, .T. ) ;
#7878 = LINE ( 'NONE', #300, #418 ) ;
#7880 = ORIENTED_EDGE ( 'NONE', *, *, #1660, .T. ) ;
#7879 = ORIENTED_EDGE ( 'NONE', *, *, #388, .F. ) ;
#7881 = LINE ( 'NONE', #5012, #8868 ) ;
#7882 = ORIENTED_EDGE ( 'NONE', *, *, #2617, .T. ) ;
#7883 = STYLED_ITEM ( 'NONE', ( #383 ), #6547 ) ;
#7884 = VECTOR ( 'NONE', #6587, 1000.000000000000000 ) ;
#7885 = SURFACE_SIDE_STYLE ('',( #3740 ) ) ;
#7886 = CARTESIAN_POINT ( 'NONE',  ( 0.3200000000000001177, 2.283999999999999808, -2.359999999999988773 ) ) ;
#7887 = PLANE ( 'NONE',  #4835 ) ;
#7888 = PRESENTATION_LAYER_ASSIGNMENT (  '', '', ( #572 ) ) ;
#7889 = SURFACE_STYLE_USAGE ( .BOTH. , #5110 ) ;
#7890 = FACE_OUTER_BOUND ( 'NONE', #6427, .T. ) ;
#7892 = ORIENTED_EDGE ( 'NONE', *, *, #4239, .T. ) ;
#7891 = ORIENTED_EDGE ( 'NONE', *, *, #2511, .T. ) ;
#7893 = LINE ( 'NONE', #2870, #2873 ) ;
#7894 = DIRECTION ( 'NONE',  ( -0.000000000000000000, -0.000000000000000000, -1.000000000000000000 ) ) ;
#7895 = EDGE_CURVE ( 'NONE', #2661, #8853, #174, .T. ) ;
#7896 = FILL_AREA_STYLE_COLOUR ( '', #2308 ) ;
#7897 = STYLED_ITEM ( 'NONE', ( #4715 ), #6973 ) ;
#7898 = AXIS2_PLACEMENT_3D ( 'NONE', #6084, #7409, #3102 ) ;
#7899 = EDGE_CURVE ( 'NONE', #5366, #7908, #8870, .T. ) ;
#7900 = CARTESIAN_POINT ( 'NONE',  ( -1.019999999999999796, -0.000000000000000000, 0.000000000000000000 ) ) ;
#7901 = CARTESIAN_POINT ( 'NONE',  ( 3.559999999999999609, 3.499999999999998224, 2.500000000000000000 ) ) ;
#7902 = LINE ( 'NONE', #8462, #8138 ) ;
#7903 = DIRECTION ( 'NONE',  ( 8.470329472543003391E-17, -1.000000000000000000, 0.000000000000000000 ) ) ;
#7904 = CARTESIAN_POINT ( 'NONE',  ( -0.1560617469879519992, -1.250000000000000000, 1.770000000000000240 ) ) ;
#7905 = VECTOR ( 'NONE', #7114, 1000.000000000000000 ) ;
#7906 = LINE ( 'NONE', #5778, #3020 ) ;
#7907 = LINE ( 'NONE', #932, #2261 ) ;
#7908 = VERTEX_POINT ( 'NONE', #6216 ) ;
#7909 = EDGE_LOOP ( 'NONE', ( #5870, #293, #5378, #7021 ) ) ;
#7910 = DIRECTION ( 'NONE',  ( 0.7071067811865460184, -0.7071067811865490160, 0.000000000000000000 ) ) ;
#7911 = ADVANCED_FACE ( 'NONE', ( #8174 ), #5393, .F. ) ;
#7912 = SURFACE_STYLE_USAGE ( .BOTH. , #8656 ) ;
#7913 = STYLED_ITEM ( 'NONE', ( #6260 ), #433 ) ;
#7915 = ORIENTED_EDGE ( 'NONE', *, *, #2759, .F. ) ;
#7914 = ORIENTED_EDGE ( 'NONE', *, *, #3262, .T. ) ;
#7916 = CARTESIAN_POINT ( 'NONE',  ( -0.2890920949374358173, 2.853417573054441103, -2.397330798265292717 ) ) ;
#7917 = LINE ( 'NONE', #769, #7416 ) ;
#7918 = ORIENTED_EDGE ( 'NONE', *, *, #8916, .T. ) ;
#7919 = CARTESIAN_POINT ( 'NONE',  ( -0.2130215703124279381, -1.249999999999999112, 1.389336511127181817 ) ) ;
#7920 = AXIS2_PLACEMENT_3D ( 'NONE', #4875, #3409, #4181 ) ;
#7921 = CARTESIAN_POINT ( 'NONE',  ( 1.270000000000000462, -0.9999999999999978906, 0.5999999999999998668 ) ) ;
#7922 = CARTESIAN_POINT ( 'NONE',  ( 2.220000000000000195, -0.3200000000000007283, 8.550000000000000711 ) ) ;
#7924 = ORIENTED_EDGE ( 'NONE', *, *, #999, .F. ) ;
#7923 = EDGE_LOOP ( 'NONE', ( #6396, #4664, #2165, #3248 ) ) ;
#7925 = UNCERTAINTY_MEASURE_WITH_UNIT (LENGTH_MEASURE( 1.000000000000000082E-05 ), #7344, 'distance_accuracy_value', 'NONE');
#7926 = FACE_OUTER_BOUND ( 'NONE', #3734, .T. ) ;
#7927 = CARTESIAN_POINT ( 'NONE',  ( 2.853417573054442435, 0.2890920949374353177, 7.947330798265291207 ) ) ;
#7928 = STYLED_ITEM ( 'NONE', ( #8533 ), #1047 ) ;
#7929 = ORIENTED_EDGE ( 'NONE', *, *, #243, .T. ) ;
#7930 = CARTESIAN_POINT ( 'NONE',  ( -0.2559999999999999498, -0.3200000000000006728, 7.909999999999988596 ) ) ;
#7931 = LINE ( 'NONE', #6526, #2672 ) ;
#7932 = ADVANCED_FACE ( 'NONE', ( #8362 ), #8268, .F. ) ;
#7933 = EDGE_CURVE ( 'NONE', #3496, #8111, #5620, .T. ) ;
#7934 = LINE ( 'NONE', #4649, #7623 ) ;
#7935 = CARTESIAN_POINT ( 'NONE',  ( 2.220000000000000195, 0.2559999999999998943, -2.359999999999988773 ) ) ;
#7936 = DIRECTION ( 'NONE',  ( -0.1710878697460330999, 0.1710878697460331277, -0.9702875252478148083 ) ) ;
#7937 = SURFACE_STYLE_FILL_AREA ( #6624 ) ;
#7938 = DIRECTION ( 'NONE',  ( 8.470329472543003391E-17, -1.000000000000000000, 0.000000000000000000 ) ) ;
#7940 = ORIENTED_EDGE ( 'NONE', *, *, #6530, .F. ) ;
#7939 = ORIENTED_EDGE ( 'NONE', *, *, #5599, .F. ) ;
#7941 = FACE_OUTER_BOUND ( 'NONE', #5304, .T. ) ;
#7942 = CARTESIAN_POINT ( 'NONE',  ( 5.336000000000000298, 0.3199999999999993960, 7.909999999999988596 ) ) ;
#7943 =( GEOMETRIC_REPRESENTATION_CONTEXT ( 3 ) GLOBAL_UNCERTAINTY_ASSIGNED_CONTEXT ( ( #6779 ) ) GLOBAL_UNIT_ASSIGNED_CONTEXT ( ( #7006, #5542, #7603 ) ) REPRESENTATION_CONTEXT ( 'NONE', 'WORKASPACE' ) );
#7944 = SURFACE_SIDE_STYLE ('',( #5253 ) ) ;
#7945 = PRESENTATION_STYLE_ASSIGNMENT (( #3099 ) ) ;
#7946 = PLANE ( 'NONE',  #1937 ) ;
#7947 =( GEOMETRIC_REPRESENTATION_CONTEXT ( 3 ) GLOBAL_UNCERTAINTY_ASSIGNED_CONTEXT ( ( #7502 ) ) GLOBAL_UNIT_ASSIGNED_CONTEXT ( ( #835, #268, #7135 ) ) REPRESENTATION_CONTEXT ( 'NONE', 'WORKASPACE' ) );
#7948 = CARTESIAN_POINT ( 'NONE',  ( 0.2781323240413880460, -1.129999999999999227, 1.704531236937195215 ) ) ;
#7949 = DIRECTION ( 'NONE',  ( 0.000000000000000000, 0.000000000000000000, -1.000000000000000000 ) ) ;
#7950 = ORIENTED_EDGE ( 'NONE', *, *, #4947, .F. ) ;
#7951 =( LENGTH_UNIT ( ) NAMED_UNIT ( * ) SI_UNIT ( .MILLI., .METRE. ) );
#7952 = DIRECTION ( 'NONE',  ( 1.000000000000000000, 0.000000000000000000, 0.000000000000000000 ) ) ;
#7953 = EDGE_CURVE ( 'NONE', #1608, #1723, #1467, .T. ) ;
#7954 = ORIENTED_EDGE ( 'NONE', *, *, #6868, .F. ) ;
#7955 = ORIENTED_EDGE ( 'NONE', *, *, #5516, .T. ) ;
#7956 = VECTOR ( 'NONE', #1557, 999.9999999999998863 ) ;
#7957 = PLANE ( 'NONE',  #1279 ) ;
#7958 = CYLINDRICAL_SURFACE ( 'NONE', #2378, 0.06399999999999982092 ) ;
#7959 = FACE_OUTER_BOUND ( 'NONE', #4380, .T. ) ;
#7961 = ORIENTED_EDGE ( 'NONE', *, *, #7200, .T. ) ;
#7960 = ORIENTED_EDGE ( 'NONE', *, *, #6549, .T. ) ;
#7962 = ORIENTED_EDGE ( 'NONE', *, *, #3426, .F. ) ;
#7963 = AXIS2_PLACEMENT_3D ( 'NONE', #3233, #6034, #8815 ) ;
#7964 = CARTESIAN_POINT ( 'NONE',  ( 5.393417573054441583, 2.250907905062562886, 7.947330798265289431 ) ) ;
#7965 = MECHANICAL_DESIGN_GEOMETRIC_PRESENTATION_REPRESENTATION (  '', ( #2122 ), #5051 ) ;
#7966 = CARTESIAN_POINT ( 'NONE',  ( 2.220000000000000195, 0.2559999999999993392, 7.909999999999988596 ) ) ;
#7967 = CARTESIAN_POINT ( 'NONE',  ( 0.3134175730544422889, 0.2890920949374353177, 7.947330798265291207 ) ) ;
#7969 = ORIENTED_EDGE ( 'NONE', *, *, #2543, .T. ) ;
#7968 = ORIENTED_EDGE ( 'NONE', *, *, #425, .T. ) ;
#7970 = LINE ( 'NONE', #1701, #77 ) ;
#7971 = VECTOR ( 'NONE', #2970, 999.9999999999998863 ) ;
#7972 = CARTESIAN_POINT ( 'NONE',  ( -1.020000000000000684, 3.499999999999997780, 2.500000000000000000 ) ) ;
#7973 = ORIENTED_EDGE ( 'NONE', *, *, #6176, .T. ) ;
#7974 = EDGE_CURVE ( 'NONE', #6755, #4932, #5560, .T. ) ;
#7975 = VECTOR ( 'NONE', #8549, 1000.000000000000114 ) ;
#7976 = STYLED_ITEM ( 'NONE', ( #3129 ), #3311 ) ;
#7977 = CARTESIAN_POINT ( 'NONE',  ( -1.498304512629999863, -1.250000000000000222, 2.350000000000000089 ) ) ;
#7978 = FACE_OUTER_BOUND ( 'NONE', #2175, .T. ) ;
#7979 = ADVANCED_FACE ( 'NONE', ( #7080 ), #2260, .F. ) ;
#7981 = ORIENTED_EDGE ( 'NONE', *, *, #2653, .F. ) ;
#7980 = VERTEX_POINT ( 'NONE', #5068 ) ;
#7982 = CARTESIAN_POINT ( 'NONE',  ( 5.336000000000000298, 2.860000000000000320, -2.359999999999988773 ) ) ;
#7983 = PLANE ( 'NONE',  #3457 ) ;
#7984 = SURFACE_STYLE_USAGE ( .BOTH. , #3878 ) ;
#7985 = VECTOR ( 'NONE', #8670, 999.9999999999998863 ) ;
#7986 = MECHANICAL_DESIGN_GEOMETRIC_PRESENTATION_REPRESENTATION (  '', ( #6538 ), #3467 ) ;
#7987 = CARTESIAN_POINT ( 'NONE',  ( 3.935000000000000053, -0.9999999999999988898, 2.374999999999999556 ) ) ;
#7988 = CARTESIAN_POINT ( 'NONE',  ( 3.934999999999999165, 3.499999999999997780, 2.374999999999999112 ) ) ;
#7989 = EDGE_CURVE ( 'NONE', #1593, #4546, #4892, .T. ) ;
#7990 = DIRECTION ( 'NONE',  ( -0.000000000000000000, -0.000000000000000000, -1.000000000000000000 ) ) ;
#7991 = DIRECTION ( 'NONE',  ( -0.7071067811865495711, 0.000000000000000000, -0.7071067811865454633 ) ) ;
#7992 =( NAMED_UNIT ( * ) PLANE_ANGLE_UNIT ( ) SI_UNIT ( $, .RADIAN. ) );
#7993 = CARTESIAN_POINT ( 'NONE',  ( 0.2786415142825168223, -1.129999999999999227, 1.692804206359144636 ) ) ;
#7994 = LINE ( 'NONE', #2234, #6065 ) ;
#7995 = EDGE_CURVE ( 'NONE', #1984, #8699, #4353, .T. ) ;
#7996 = ORIENTED_EDGE ( 'NONE', *, *, #2617, .F. ) ;
#7997 = CARTESIAN_POINT ( 'NONE',  ( 5.381254833995939180, 2.841254833995938256, 8.016309119164537478 ) ) ;
#7998 = VERTEX_POINT ( 'NONE', #7039 ) ;
#7999 = ORIENTED_EDGE ( 'NONE', *, *, #2354, .F. ) ;
#8000 = LINE ( 'NONE', #2557, #1443 ) ;
#8001 = CARTESIAN_POINT ( 'NONE',  ( 6.100000000000000533, -0.9999999999999978906, 2.500000000000000000 ) ) ;
#8002 = CARTESIAN_POINT ( 'NONE',  ( 0.2296620727081599145, -1.150000000000000355, 1.205869479952478507 ) ) ;
#8003 = CARTESIAN_POINT ( 'NONE',  ( 2.266799289467859690, 2.859999999999999432, -2.359999999999988773 ) ) ;
#8004 = CARTESIAN_POINT ( 'NONE',  ( 1.269999999999999352, 3.499999999999997780, 2.500000000000000000 ) ) ;
#8006 = ORIENTED_EDGE ( 'NONE', *, *, #7126, .F. ) ;
#8005 = ORIENTED_EDGE ( 'NONE', *, *, #6108, .T. ) ;
#8007 = CARTESIAN_POINT ( 'NONE',  ( 4.778745166004060962, 0.3012548339959389421, -2.466309119164537655 ) ) ;
#8008 = ORIENTED_EDGE ( 'NONE', *, *, #3488, .T. ) ;
#8009 = DIRECTION ( 'NONE',  ( 1.000000000000000000, 0.000000000000000000, -0.000000000000000000 ) ) ;
#8010 = ADVANCED_FACE ( 'NONE', ( #693 ), #1520, .F. ) ;
#8011 = EDGE_CURVE ( 'NONE', #2869, #3029, #6305, .T. ) ;
#8012 = LINE ( 'NONE', #4433, #6933 ) ;
#8013 =( NAMED_UNIT ( * ) PLANE_ANGLE_UNIT ( ) SI_UNIT ( $, .RADIAN. ) );
#8014 = STYLED_ITEM ( 'NONE', ( #3546 ), #5437 ) ;
#8015 = FACE_OUTER_BOUND ( 'NONE', #8272, .T. ) ;
#8017 = ORIENTED_EDGE ( 'NONE', *, *, #3791, .F. ) ;
#8016 = VERTEX_POINT ( 'NONE', #880 ) ;
#8018 = UNCERTAINTY_MEASURE_WITH_UNIT (LENGTH_MEASURE( 1.000000000000000082E-05 ), #5791, 'distance_accuracy_value', 'NONE');
#8019 = CARTESIAN_POINT ( 'NONE',  ( 2.283999999999999808, 2.859999999999999876, 7.909999999999988596 ) ) ;
#8020 = ORIENTED_EDGE ( 'NONE', *, *, #7995, .F. ) ;
#8021 = FILL_AREA_STYLE ('',( #8161 ) ) ;
#8022 = MECHANICAL_DESIGN_GEOMETRIC_PRESENTATION_REPRESENTATION (  '', ( #8913 ), #3360 ) ;
#8023 = AXIS2_PLACEMENT_3D ( 'NONE', #3766, #6550, #3023 ) ;
#8024 = FILL_AREA_STYLE_COLOUR ( '', #2040 ) ;
#8025 = ADVANCED_FACE ( 'NONE', ( #6488 ), #2086, .F. ) ;
#8026 = CARTESIAN_POINT ( 'NONE',  ( 3.810000000000000053, 3.499999999999998224, 2.350000000000000089 ) ) ;
#8027 = DIRECTION ( 'NONE',  ( -0.1710878697460330722, -0.1710878697460331554, 0.9702875252478149193 ) ) ;
#8028 = CARTESIAN_POINT ( 'NONE',  ( 2.796000000000000263, 2.860000000000000320, -2.359999999999988773 ) ) ;
#8029 = COLOUR_RGB ( '',0.9686274509803921573, 0.8784313725490195957, 0.5999999999999999778 ) ;
#8031 = ORIENTED_EDGE ( 'NONE', *, *, #2707, .F. ) ;
#8030 = VERTEX_POINT ( 'NONE', #4203 ) ;
#8032 = PRESENTATION_LAYER_ASSIGNMENT (  '', '', ( #6736 ) ) ;
#8033 =( BOUNDED_CURVE ( )  B_SPLINE_CURVE ( 3, ( #5855, #7807, #4984, #55 ),
 .UNSPECIFIED., .F., .F. ) 
 B_SPLINE_CURVE_WITH_KNOTS ( ( 4, 4 ),
 ( 5.497787143782135288, 6.283185307179586232 ),
 .UNSPECIFIED. ) 
 CURVE ( )  GEOMETRIC_REPRESENTATION_ITEM ( )  RATIONAL_B_SPLINE_CURVE ( ( 1.000000000000000000, 0.9492530216741907889, 0.9492530216741907889, 1.000000000000000000 ) ) 
 REPRESENTATION_ITEM ( '' )  );
#8034 = DIRECTION ( 'NONE',  ( 0.000000000000000000, 1.000000000000000000, 0.000000000000000000 ) ) ;
#8035 =( LENGTH_UNIT ( ) NAMED_UNIT ( * ) SI_UNIT ( .MILLI., .METRE. ) );
#8036 = CARTESIAN_POINT ( 'NONE',  ( 3.709999999999999076, 3.499999999999998224, 2.350000000000000089 ) ) ;
#8037 = CARTESIAN_POINT ( 'NONE',  ( 4.806799289467860170, 2.220000000000000195, -2.359999999999988773 ) ) ;
#8038 = MECHANICAL_DESIGN_GEOMETRIC_PRESENTATION_REPRESENTATION (  '', ( #6889 ), #429 ) ;
#8039 = DIRECTION ( 'NONE',  ( 8.470329472543003391E-17, -1.000000000000000000, 0.000000000000000000 ) ) ;
#8040 = CARTESIAN_POINT ( 'NONE',  ( 0.2786093912037395648, -1.129999999999999227, 1.101242326261295368 ) ) ;
#8041 = CARTESIAN_POINT ( 'NONE',  ( -0.05396442235651247726, -1.149999999999999911, 1.589024663320367736 ) ) ;
#8042 = EDGE_CURVE ( 'NONE', #4207, #8991, #2821, .T. ) ;
#8043 =( NAMED_UNIT ( * ) SI_UNIT ( $, .STERADIAN. ) SOLID_ANGLE_UNIT ( ) );
#8044 = CARTESIAN_POINT ( 'NONE',  ( 0.2104599683874022742, -1.250000000000001110, 1.753582719337713369 ) ) ;
#8045 = CARTESIAN_POINT ( 'NONE',  ( 1.020000000000000462, -0.9999999999999978906, 2.500000000000000000 ) ) ;
#8046 = ORIENTED_EDGE ( 'NONE', *, *, #6442, .T. ) ;
#8047 =( LENGTH_UNIT ( ) NAMED_UNIT ( * ) SI_UNIT ( .MILLI., .METRE. ) );
#8048 = ORIENTED_EDGE ( 'NONE', *, *, #7778, .T. ) ;
#8049 = CARTESIAN_POINT ( 'NONE',  ( -0.2732007105321401230, 2.220000000000000639, -2.359999999999988773 ) ) ;
#8050 = EDGE_CURVE ( 'NONE', #1726, #5509, #5177, .T. ) ;
#8051 = EDGE_CURVE ( 'NONE', #115, #5945, #7720, .T. ) ;
#8052 = DIRECTION ( 'NONE',  ( 0.000000000000000000, 0.000000000000000000, 1.000000000000000000 ) ) ;
#8053 = AXIS2_PLACEMENT_3D ( 'NONE', #1907, #1239, #467 ) ;
#8054 = STYLED_ITEM ( 'NONE', ( #6107 ), #9070 ) ;
#8055 = DIRECTION ( 'NONE',  ( 4.224164308385081333E-16, -1.000000000000000000, 0.000000000000000000 ) ) ;
#8056 = FACE_OUTER_BOUND ( 'NONE', #4568, .T. ) ;
#8057 = CARTESIAN_POINT ( 'NONE',  ( -0.09036144578313276554, -1.250000000000000000, 0.9145783132530121984 ) ) ;
#8058 = CARTESIAN_POINT ( 'NONE',  ( 2.540000000000000036, 0.2071507323465822670, -3.000000000000000000 ) ) ;
#8059 = VERTEX_POINT ( 'NONE', #8722 ) ;
#8060 = DIRECTION ( 'NONE',  ( 0.000000000000000000, -1.000000000000000000, -5.078189165123089681E-17 ) ) ;
#8061 = ORIENTED_EDGE ( 'NONE', *, *, #1440, .T. ) ;
#8062 = PLANE ( 'NONE',  #8183 ) ;
#8063 = EDGE_CURVE ( 'NONE', #1021, #7565, #2348, .T. ) ;
#8064 = FACE_OUTER_BOUND ( 'NONE', #4678, .T. ) ;
#8065 = DIRECTION ( 'NONE',  ( 1.000000000000000000, -1.408054769461693942E-16, 0.000000000000000000 ) ) ;
#8066 = FACE_BOUND ( 'NONE', #6548, .T. ) ;
#8068 = EDGE_LOOP ( 'NONE', ( #269, #8332, #4120, #900 ) ) ;
#8067 = ORIENTED_EDGE ( 'NONE', *, *, #1440, .F. ) ;
#8069 = DIRECTION ( 'NONE',  ( 0.7071067811865441310, 0.7071067811865507924, -0.000000000000000000 ) ) ;
#8070 = CARTESIAN_POINT ( 'NONE',  ( -0.1571002131738393759, -1.129999999999999227, 1.813709982385499631 ) ) ;
#8071 = VERTEX_POINT ( 'NONE', #7935 ) ;
#8072 = EDGE_CURVE ( 'NONE', #2044, #5160, #7255, .T. ) ;
#8073 = CARTESIAN_POINT ( 'NONE',  ( -0.1577519656428612582, -1.150000000000000355, 0.7336324926132966606 ) ) ;
#8074 = CARTESIAN_POINT ( 'NONE',  ( 2.284000000000000252, 2.283999999999999364, 8.550000000000000711 ) ) ;
#8075 = COLOUR_RGB ( '',0.9686274509803921573, 0.8784313725490195957, 0.5999999999999999778 ) ;
#8076 = CARTESIAN_POINT ( 'NONE',  ( -1.169999999999998153, 3.270000000000000462, 0.6000000000000000888 ) ) ;
#8077 = FILL_AREA_STYLE_COLOUR ( '', #4026 ) ;
#8079 = ORIENTED_EDGE ( 'NONE', *, *, #447, .T. ) ;
#8078 = VERTEX_POINT ( 'NONE', #1802 ) ;
#8080 = LINE ( 'NONE', #1808, #7419 ) ;
#8081 = PLANE ( 'NONE',  #4232 ) ;
#8082 = CARTESIAN_POINT ( 'NONE',  ( 4.790907905062565142, 2.226582426945557636, -2.397330798265292717 ) ) ;
#8083 = ADVANCED_FACE ( 'NONE', ( #3869 ), #1613, .F. ) ;
#8084 = DIRECTION ( 'NONE',  ( -8.470329472543003391E-17, 1.000000000000000000, 0.000000000000000000 ) ) ;
#8085 = CARTESIAN_POINT ( 'NONE',  ( 0.3200000000000001177, -0.2560000000000007825, 8.550000000000000711 ) ) ;
#8086 = CARTESIAN_POINT ( 'NONE',  ( 2.220000000000000195, 0.2559999999999998943, -2.359999999999988773 ) ) ;
#8087 = ORIENTED_EDGE ( 'NONE', *, *, #3086, .F. ) ;
#8088 = PLANE ( 'NONE',  #5657 ) ;
#8089 = LINE ( 'NONE', #3986, #1521 ) ;
#8090 = EDGE_LOOP ( 'NONE', ( #7058, #8287, #6435, #5840 ) ) ;
#8091 = FACE_OUTER_BOUND ( 'NONE', #2254, .T. ) ;
#8092 = CARTESIAN_POINT ( 'NONE',  ( -0.1563994110147697847, -1.223345048151481596, 1.779701609068659929 ) ) ;
#8093 = VECTOR ( 'NONE', #3011, 1000.000000000000000 ) ;
#8094 = PRESENTATION_STYLE_ASSIGNMENT (( #288 ) ) ;
#8095 = CARTESIAN_POINT ( 'NONE',  ( -0.2338056406508102203, -1.250000000000002665, 0.8276727744746836812 ) ) ;
#8096 = FACE_OUTER_BOUND ( 'NONE', #3797, .T. ) ;
#8097 = FACE_OUTER_BOUND ( 'NONE', #249, .T. ) ;
#8098 = CARTESIAN_POINT ( 'NONE',  ( -0.2531321181320829727, -1.200016904177300114, 0.8484971227639125368 ) ) ;
#8099 = ADVANCED_FACE ( 'NONE', ( #4618 ), #1658, .F. ) ;
#8100 = EDGE_LOOP ( 'NONE', ( #8356, #8495, #3863, #6037 ) ) ;
#8101 = PLANE ( 'NONE',  #3650 ) ;
#8102 = PRESENTATION_LAYER_ASSIGNMENT (  '', '', ( #4323 ) ) ;
#8103 = ORIENTED_EDGE ( 'NONE', *, *, #3653, .F. ) ;
#8104 = CARTESIAN_POINT ( 'NONE',  ( 0.2688704661723457234, -1.150000000000000133, 1.137456301343349407 ) ) ;
#8105 = LINE ( 'NONE', #6797, #5573 ) ;
#8106 = STYLED_ITEM ( 'NONE', ( #2422 ), #2230 ) ;
#8107 = ADVANCED_FACE ( 'NONE', ( #1095 ), #7887, .F. ) ;
#8108 = CARTESIAN_POINT ( 'NONE',  ( -0.2713367824627651026, -1.150000000000000133, 1.457141330931055911 ) ) ;
#8109 = EDGE_CURVE ( 'NONE', #743, #1353, #7299, .T. ) ;
#8111 = VERTEX_POINT ( 'NONE', #311 ) ;
#8110 = EDGE_LOOP ( 'NONE', ( #161, #1266, #3018, #1985, #3735, #2891 ) ) ;
#8112 = UNCERTAINTY_MEASURE_WITH_UNIT (LENGTH_MEASURE( 1.000000000000000082E-05 ), #4708, 'distance_accuracy_value', 'NONE');
#8113 = CARTESIAN_POINT ( 'NONE',  ( 0.2350048923525313027, -1.249999999999998890, 0.8504326073702437316 ) ) ;
#8114 = CARTESIAN_POINT ( 'NONE',  ( -0.2785987272081527077, -1.129999999999999005, 1.692453125303157169 ) ) ;
#8115 = ORIENTED_EDGE ( 'NONE', *, *, #6471, .T. ) ;
#8116 = DIRECTION ( 'NONE',  ( 0.000000000000000000, 0.9848077530122085754, 0.1736481776669273891 ) ) ;
#8117 = COLOUR_RGB ( '',0.9686274509803921573, 0.8784313725490195957, 0.5999999999999999778 ) ;
#8118 = DIRECTION ( 'NONE',  ( 8.470329472543003391E-17, -1.000000000000000000, 0.000000000000000000 ) ) ;
#8119 = PRESENTATION_LAYER_ASSIGNMENT (  '', '', ( #7390 ) ) ;
#8120 = AXIS2_PLACEMENT_3D ( 'NONE', #9086, #5613, #2860 ) ;
#8121 = DIRECTION ( 'NONE',  ( 0.000000000000000000, 0.000000000000000000, 1.000000000000000000 ) ) ;
#8123 = VERTEX_POINT ( 'NONE', #2441 ) ;
#8122 = EDGE_LOOP ( 'NONE', ( #2471, #8527, #7063, #4327 ) ) ;
#8124 = DIRECTION ( 'NONE',  ( 1.000000000000000000, 0.000000000000000000, 0.000000000000000000 ) ) ;
#8125 = CARTESIAN_POINT ( 'NONE',  ( 0.2560000000000001719, -0.2560000000000007825, 8.550000000000000711 ) ) ;
#8126 = CARTESIAN_POINT ( 'NONE',  ( 4.823999999999999844, 2.219999999999999751, -2.359999999999988773 ) ) ;
#8127 = VECTOR ( 'NONE', #1299, 1000.000000000000000 ) ;
#8128 = ADVANCED_FACE ( 'NONE', ( #3041 ), #5243, .F. ) ;
#8129 = CARTESIAN_POINT ( 'NONE',  ( 4.059999999999999609, 3.499999999999997780, 2.500000000000000000 ) ) ;
#8130 = PLANE ( 'NONE',  #754 ) ;
#8131 =( LENGTH_UNIT ( ) NAMED_UNIT ( * ) SI_UNIT ( .MILLI., .METRE. ) );
#8132 = CARTESIAN_POINT ( 'NONE',  ( 2.283999999999999808, 0.3199999999999993960, 7.909999999999988596 ) ) ;
#8133 = ORIENTED_EDGE ( 'NONE', *, *, #5938, .F. ) ;
#8134 = UNCERTAINTY_MEASURE_WITH_UNIT (LENGTH_MEASURE( 1.000000000000000082E-05 ), #2657, 'distance_accuracy_value', 'NONE');
#8135 = VECTOR ( 'NONE', #6414, 1000.000000000000000 ) ;
#8136 = SURFACE_STYLE_FILL_AREA ( #1019 ) ;
#8137 = FACE_OUTER_BOUND ( 'NONE', #5061, .T. ) ;
#8138 = VECTOR ( 'NONE', #890, 1000.000000000000000 ) ;
#8139 = ORIENTED_EDGE ( 'NONE', *, *, #1516, .F. ) ;
#8140 = PLANE ( 'NONE',  #7333 ) ;
#8141 =( BOUNDED_CURVE ( )  B_SPLINE_CURVE ( 3, ( #5600, #5553, #2106, #6893 ),
 .UNSPECIFIED., .F., .F. ) 
 B_SPLINE_CURVE_WITH_KNOTS ( ( 4, 4 ),
 ( 2.356194490192345281, 3.141592653589793116 ),
 .UNSPECIFIED. ) 
 CURVE ( )  GEOMETRIC_REPRESENTATION_ITEM ( )  RATIONAL_B_SPLINE_CURVE ( ( 1.000000000000000000, 0.9492530216741912330, 0.9492530216741912330, 1.000000000000000000 ) ) 
 REPRESENTATION_ITEM ( '' )  );
#8142 = DIRECTION ( 'NONE',  ( -1.000000000000000000, 0.000000000000000000, 0.000000000000000000 ) ) ;
#8143 = B_SPLINE_CURVE_WITH_KNOTS ( 'NONE', 3,
 ( #7237, #3109, #5174, #6006, #1730, #1636, #6644, #8092, #6738, #1777 ),
 .UNSPECIFIED., .F., .F.,
 ( 4, 3, 3, 4 ),
 ( 0.000000000000000000, 3.193694500262012927E-05, 6.387389000523998749E-05, 0.0001064253154868432995 ),
 .UNSPECIFIED. ) ;
#8144 = CARTESIAN_POINT ( 'NONE',  ( 6.224999999999999645, -0.9999999999999978906, 2.375000000000000444 ) ) ;
#8145 = SURFACE_SIDE_STYLE ('',( #3352 ) ) ;
#8146 = EDGE_CURVE ( 'NONE', #2393, #2221, #6711, .T. ) ;
#8147 = DIRECTION ( 'NONE',  ( -0.000000000000000000, -0.000000000000000000, -1.000000000000000000 ) ) ;
#8148 =( NAMED_UNIT ( * ) PLANE_ANGLE_UNIT ( ) SI_UNIT ( $, .RADIAN. ) );
#8149 = ORIENTED_EDGE ( 'NONE', *, *, #3972, .F. ) ;
#8150 = LINE ( 'NONE', #3356, #3200 ) ;
#8151 = VERTEX_POINT ( 'NONE', #4662 ) ;
#8152 = CARTESIAN_POINT ( 'NONE',  ( 0.2250554584389091728, -1.249999999999997558, 1.150945051200795266 ) ) ;
#8153 = CARTESIAN_POINT ( 'NONE',  ( 0.07816725390868303758, -1.149999999999999911, 1.351404641846117194 ) ) ;
#8154 = CARTESIAN_POINT ( 'NONE',  ( -0.2712896863507447964, -1.149999999999999911, 1.456213786712945435 ) ) ;
#8155 = EDGE_CURVE ( 'NONE', #1689, #4973, #7579, .T. ) ;
#8156 = CARTESIAN_POINT ( 'NONE',  ( -0.2069451709529519789, -1.249999999999993561, 0.7832384112981702895 ) ) ;
#8158 = ORIENTED_EDGE ( 'NONE', *, *, #4995, .F. ) ;
#8157 = VERTEX_POINT ( 'NONE', #4103 ) ;
#8159 = CARTESIAN_POINT ( 'NONE',  ( 0.2578255419175595198, -1.129999999999999449, 0.7718528645085277473 ) ) ;
#8160 = ORIENTED_EDGE ( 'NONE', *, *, #3859, .T. ) ;
#8161 = FILL_AREA_STYLE_COLOUR ( '', #1282 ) ;
#8162 = EDGE_CURVE ( 'NONE', #7791, #3034, #8209, .T. ) ;
#8163 = DIRECTION ( 'NONE',  ( 0.9848077530122085754, 8.341646135128160883E-17, 0.1736481776669278332 ) ) ;
#8164 = CARTESIAN_POINT ( 'NONE',  ( -0.2129247039508551376, -1.212505626073918208, 1.368925552519210109 ) ) ;
#8165 = DIRECTION ( 'NONE',  ( 8.470329472543003391E-17, -1.000000000000000000, 0.000000000000000000 ) ) ;
#8167 = ORIENTED_EDGE ( 'NONE', *, *, #8823, .T. ) ;
#8166 = EDGE_LOOP ( 'NONE', ( #2303, #7082, #7918, #6135, #6109, #2507 ) ) ;
#8168 = CARTESIAN_POINT ( 'NONE',  ( -0.2344989567605802183, -1.249999999999992895, 1.701643011501013714 ) ) ;
#8169 = CARTESIAN_POINT ( 'NONE',  ( -1.169999999999999707, 3.499999999999997780, 2.350000000000000089 ) ) ;
#8170 = AXIS2_PLACEMENT_3D ( 'NONE', #8456, #1574, #145 ) ;
#8171 = MECHANICAL_DESIGN_GEOMETRIC_PRESENTATION_REPRESENTATION (  '', ( #5996 ), #1138 ) ;
#8172 = PLANE ( 'NONE',  #7342 ) ;
#8173 = VECTOR ( 'NONE', #5515, 1000.000000000000114 ) ;
#8174 = FACE_OUTER_BOUND ( 'NONE', #5524, .T. ) ;
#8175 = VECTOR ( 'NONE', #6680, 1000.000000000000000 ) ;
#8176 = EDGE_CURVE ( 'NONE', #6805, #5284, #2535, .T. ) ;
#8177 = DIRECTION ( 'NONE',  ( 0.000000000000000000, -0.000000000000000000, 1.000000000000000000 ) ) ;
#8178 = PLANE ( 'NONE',  #6749 ) ;
#8179 = DIRECTION ( 'NONE',  ( -0.000000000000000000, -0.000000000000000000, -1.000000000000000000 ) ) ;
#8180 = ORIENTED_EDGE ( 'NONE', *, *, #8184, .T. ) ;
#8181 = PLANE ( 'NONE',  #7537 ) ;
#8182 = ORIENTED_EDGE ( 'NONE', *, *, #2033, .F. ) ;
#8184 = EDGE_CURVE ( 'NONE', #5284, #85, #3416, .T. ) ;
#8183 = AXIS2_PLACEMENT_3D ( 'NONE', #1259, #4178, #1965 ) ;
#8185 = SURFACE_STYLE_USAGE ( .BOTH. , #5404 ) ;
#8186 = LINE ( 'NONE', #2559, #5408 ) ;
#8187 = VECTOR ( 'NONE', #1871, 1000.000000000000000 ) ;
#8188 = LINE ( 'NONE', #8057, #1539 ) ;
#8189 = CARTESIAN_POINT ( 'NONE',  ( 5.850000000000001421, -1.250000000000000222, 2.500000000000000000 ) ) ;
#8190 = ORIENTED_EDGE ( 'NONE', *, *, #1105, .T. ) ;
#8191 = DIRECTION ( 'NONE',  ( 0.000000000000000000, -1.000000000000000000, 0.000000000000000000 ) ) ;
#8192 = ORIENTED_EDGE ( 'NONE', *, *, #3547, .F. ) ;
#8193 = VECTOR ( 'NONE', #5414, 1000.000000000000000 ) ;
#8194 = COLOUR_RGB ( '',0.9686274509803921573, 0.8784313725490195957, 0.5999999999999999778 ) ;
#8195 = ADVANCED_FACE ( 'NONE', ( #2719 ), #6074, .F. ) ;
#8196 =( NAMED_UNIT ( * ) SI_UNIT ( $, .STERADIAN. ) SOLID_ANGLE_UNIT ( ) );
#8197 = LINE ( 'NONE', #6751, #3391 ) ;
#8198 = DIRECTION ( 'NONE',  ( 0.000000000000000000, 0.000000000000000000, 1.000000000000000000 ) ) ;
#8199 = CARTESIAN_POINT ( 'NONE',  ( -0.2713053850547516022, -1.149999999999999911, 1.456522968118982408 ) ) ;
#8200 =( NAMED_UNIT ( * ) SI_UNIT ( $, .STERADIAN. ) SOLID_ANGLE_UNIT ( ) );
#8202 = ORIENTED_EDGE ( 'NONE', *, *, #8963, .F. ) ;
#8201 = ORIENTED_EDGE ( 'NONE', *, *, #7286, .T. ) ;
#8203 = UNCERTAINTY_MEASURE_WITH_UNIT (LENGTH_MEASURE( 1.000000000000000082E-05 ), #5742, 'distance_accuracy_value', 'NONE');
#8204 = STYLED_ITEM ( 'NONE', ( #2263 ), #8777 ) ;
#8205 = CARTESIAN_POINT ( 'NONE',  ( 1.169999999999999041, -0.9999999999999978906, 2.350000000000000089 ) ) ;
#8206 = CARTESIAN_POINT ( 'NONE',  ( -1.019999999999999574, -0.9999999999999988898, 0.000000000000000000 ) ) ;
#8207 = EDGE_LOOP ( 'NONE', ( #4917, #8306, #3891, #2949, #1727, #2567 ) ) ;
#8208 = LINE ( 'NONE', #3368, #1742 ) ;
#8209 = LINE ( 'NONE', #7529, #3807 ) ;
#8210 = CYLINDRICAL_SURFACE ( 'NONE', #7827, 0.06399999999999982092 ) ;
#8212 = ORIENTED_EDGE ( 'NONE', *, *, #8911, .T. ) ;
#8211 = ORIENTED_EDGE ( 'NONE', *, *, #4737, .F. ) ;
#8213 = CARTESIAN_POINT ( 'NONE',  ( -0.1560617469879519992, -1.250000000000000000, 1.770000000000000240 ) ) ;
#8214 = LINE ( 'NONE', #6767, #350 ) ;
#8215 = ADVANCED_FACE ( 'NONE', ( #8904 ), #5333, .T. ) ;
#8216 = PLANE ( 'NONE',  #4536 ) ;
#8217 = ADVANCED_FACE ( 'NONE', ( #8953 ), #1894, .F. ) ;
#8218 = DIRECTION ( 'NONE',  ( 0.000000000000000000, 1.000000000000000000, 0.000000000000000000 ) ) ;
#8219 = B_SPLINE_CURVE_WITH_KNOTS ( 'NONE', 3,
 ( #4116, #4804, #2777, #6262, #9050, #3288, #2039, #6864, #564, #3385 ),
 .UNSPECIFIED., .F., .F.,
 ( 4, 3, 3, 4 ),
 ( 0.000000000000000000, 3.193694500262320569E-05, 6.387389000524585573E-05, 0.0001064205049631835188 ),
 .UNSPECIFIED. ) ;
#8220 = DIRECTION ( 'NONE',  ( 0.7071067811865435759, 0.000000000000000000, -0.7071067811865515695 ) ) ;
#8221 = CARTESIAN_POINT ( 'NONE',  ( 2.220000000000000195, 2.219999999999999751, -2.359999999999988773 ) ) ;
#8222 = EDGE_CURVE ( 'NONE', #1877, #6439, #8450, .T. ) ;
#8223 = DIRECTION ( 'NONE',  ( -0.7196877547425332144, -3.040079326765205562E-16, 0.6942978724392372403 ) ) ;
#8224 = FACE_OUTER_BOUND ( 'NONE', #4960, .T. ) ;
#8225 = ORIENTED_EDGE ( 'NONE', *, *, #5198, .F. ) ;
#8226 = UNCERTAINTY_MEASURE_WITH_UNIT (LENGTH_MEASURE( 1.000000000000000082E-05 ), #2630, 'distance_accuracy_value', 'NONE');
#8227 = FACE_OUTER_BOUND ( 'NONE', #3936, .T. ) ;
#8228 = PLANE ( 'NONE',  #4488 ) ;
#8229 = ORIENTED_EDGE ( 'NONE', *, *, #7667, .T. ) ;
#8230 =( GEOMETRIC_REPRESENTATION_CONTEXT ( 3 ) GLOBAL_UNCERTAINTY_ASSIGNED_CONTEXT ( ( #1817 ) ) GLOBAL_UNIT_ASSIGNED_CONTEXT ( ( #3594, #4336, #4286 ) ) REPRESENTATION_CONTEXT ( 'NONE', 'WORKASPACE' ) );
#8231 = FILL_AREA_STYLE_COLOUR ( '', #4579 ) ;
#8232 = CARTESIAN_POINT ( 'NONE',  ( -0.3199999999999999512, 0.3199999999999993405, -2.359999999999988773 ) ) ;
#8233 = LINE ( 'NONE', #4365, #7707 ) ;
#8234 = CARTESIAN_POINT ( 'NONE',  ( 0.000000000000000000, 2.747150732346581581, 8.550000000000000711 ) ) ;
#8235 = ADVANCED_FACE ( 'NONE', ( #821 ), #3458, .F. ) ;
#8236 = CARTESIAN_POINT ( 'NONE',  ( -1.019999999999999796, 3.270000000000000462, 0.000000000000000000 ) ) ;
#8237 = CARTESIAN_POINT ( 'NONE',  ( 5.281087211002079229, 2.338912788997920877, 8.584387938363944315 ) ) ;
#8238 = ORIENTED_EDGE ( 'NONE', *, *, #5981, .F. ) ;
#8239 = LINE ( 'NONE', #6841, #5982 ) ;
#8240 = ORIENTED_EDGE ( 'NONE', *, *, #6325, .T. ) ;
#8241 = AXIS2_PLACEMENT_3D ( 'NONE', #8513, #279, #6543 ) ;
#8242 = SURFACE_SIDE_STYLE ('',( #492 ) ) ;
#8243 = CARTESIAN_POINT ( 'NONE',  ( 2.332849267653418046, 2.219999999999999307, 8.550000000000000711 ) ) ;
#8244 = PRESENTATION_STYLE_ASSIGNMENT (( #8850 ) ) ;
#8245 = PRESENTATION_STYLE_ASSIGNMENT (( #6799 ) ) ;
#8246 = EDGE_CURVE ( 'NONE', #6014, #120, #1359, .T. ) ;
#8248 = ORIENTED_EDGE ( 'NONE', *, *, #8846, .F. ) ;
#8247 = EDGE_LOOP ( 'NONE', ( #7338, #8489, #7858, #5128 ) ) ;
#8249 = LINE ( 'NONE', #4787, #977 ) ;
#8250 = FILL_AREA_STYLE_COLOUR ( '', #1541 ) ;
#8251 = EDGE_LOOP ( 'NONE', ( #8400, #7891, #2884, #6468 ) ) ;
#8252 = LINE ( 'NONE', #6853, #8321 ) ;
#8253 = B_SPLINE_CURVE_WITH_KNOTS ( 'NONE', 3,
 ( #8755, #6608, #5928, #445, #8152, #7332, #5973, #2476 ),
 .UNSPECIFIED., .F., .F.,
 ( 4, 2, 2, 4 ),
 ( 8.131516293641282051E-20, 2.242865849681359832E-05, 4.485731699362711532E-05, 8.971463398725414932E-05 ),
 .UNSPECIFIED. ) ;
#8254 = CARTESIAN_POINT ( 'NONE',  ( 4.760000000000000675, -0.3200000000000007283, 8.550000000000000711 ) ) ;
#8255 = CARTESIAN_POINT ( 'NONE',  ( 3.810000000000000941, -0.9999999999999978906, 2.350000000000000089 ) ) ;
#8256 = SURFACE_STYLE_FILL_AREA ( #6293 ) ;
#8258 = ORIENTED_EDGE ( 'NONE', *, *, #1039, .T. ) ;
#8257 = VERTEX_POINT ( 'NONE', #4966 ) ;
#8259 = EDGE_CURVE ( 'NONE', #6937, #3187, #681, .T. ) ;
#8260 = LINE ( 'NONE', #5474, #3028 ) ;
#8261 = PLANE ( 'NONE',  #2277 ) ;
#8262 = MECHANICAL_DESIGN_GEOMETRIC_PRESENTATION_REPRESENTATION (  '', ( #198 ), #5643 ) ;
#8263 = DIRECTION ( 'NONE',  ( -1.000000000000000000, 0.000000000000000000, 0.000000000000000000 ) ) ;
#8264 = CARTESIAN_POINT ( 'NONE',  ( 0.2010872110020790471, 2.338912788997920877, 8.584387938363944315 ) ) ;
#8265 = VECTOR ( 'NONE', #7300, 1000.000000000000000 ) ;
#8266 = FACE_OUTER_BOUND ( 'NONE', #3798, .T. ) ;
#8267 = VECTOR ( 'NONE', #183, 1000.000000000000000 ) ;
#8268 = PLANE ( 'NONE',  #411 ) ;
#8269 = DIRECTION ( 'NONE',  ( 1.000000000000000000, 0.000000000000000000, 0.000000000000000000 ) ) ;
#8270 = CARTESIAN_POINT ( 'NONE',  ( 2.796000000000000263, 0.3199999999999993960, 7.909999999999988596 ) ) ;
#8271 = DIRECTION ( 'NONE',  ( -0.6508484951356541259, 0.3420201433256692125, -0.6778041442327888966 ) ) ;
#8272 = EDGE_LOOP ( 'NONE', ( #6470, #1222, #633, #2160, #4427, #771, #1847, #5780 ) ) ;
#8273 = CYLINDRICAL_SURFACE ( 'NONE', #7705, 0.06399999999999982092 ) ;
#8274 = FACE_OUTER_BOUND ( 'NONE', #4602, .T. ) ;
#8275 = AXIS2_PLACEMENT_3D ( 'NONE', #682, #3551, #8705 ) ;
#8276 = AXIS2_PLACEMENT_3D ( 'NONE', #5833, #8618, #4282 ) ;
#8277 = FACE_OUTER_BOUND ( 'NONE', #4220, .T. ) ;
#8278 =( BOUNDED_CURVE ( )  B_SPLINE_CURVE ( 3, ( #245, #3063, #2370, #3435 ),
 .UNSPECIFIED., .F., .F. ) 
 B_SPLINE_CURVE_WITH_KNOTS ( ( 4, 4 ),
 ( 5.497787143782135288, 6.283185307179586232 ),
 .UNSPECIFIED. ) 
 CURVE ( )  GEOMETRIC_REPRESENTATION_ITEM ( )  RATIONAL_B_SPLINE_CURVE ( ( 1.000000000000000000, 0.9492530216741907889, 0.9492530216741907889, 1.000000000000000000 ) ) 
 REPRESENTATION_ITEM ( '' )  );
#8279 = EDGE_CURVE ( 'NONE', #3768, #6014, #8394, .T. ) ;
#8280 = CARTESIAN_POINT ( 'NONE',  ( -0.2713367824627651581, -1.149999999999999911, 1.691883934335445705 ) ) ;
#8281 = PRESENTATION_LAYER_ASSIGNMENT (  '', '', ( #7556 ) ) ;
#8282 = VECTOR ( 'NONE', #8511, 1000.000000000000000 ) ;
#8283 = CARTESIAN_POINT ( 'NONE',  ( 2.860000000000000320, 0.3199999999999993405, 8.550000000000000711 ) ) ;
#8284 = CARTESIAN_POINT ( 'NONE',  ( 4.060000000000000497, -0.9999999999999988898, 0.000000000000000000 ) ) ;
#8285 = SURFACE_STYLE_USAGE ( .BOTH. , #6883 ) ;
#8286 = EDGE_LOOP ( 'NONE', ( #5455, #8430, #315, #4253, #8020, #4512 ) ) ;
#8287 = ORIENTED_EDGE ( 'NONE', *, *, #3756, .T. ) ;
#8288 =( GEOMETRIC_REPRESENTATION_CONTEXT ( 3 ) GLOBAL_UNCERTAINTY_ASSIGNED_CONTEXT ( ( #8112 ) ) GLOBAL_UNIT_ASSIGNED_CONTEXT ( ( #4708, #6171, #8307 ) ) REPRESENTATION_CONTEXT ( 'NONE', 'WORKASPACE' ) );
#8289 = CARTESIAN_POINT ( 'NONE',  ( 3.810000000000000053, 3.499999999999998224, 0.5999999999999998668 ) ) ;
#8290 = LINE ( 'NONE', #5457, #583 ) ;
#8291 = SURFACE_STYLE_USAGE ( .BOTH. , #6153 ) ;
#8292 = DIRECTION ( 'NONE',  ( 0.000000000000000000, -1.000000000000000000, 0.000000000000000000 ) ) ;
#8293 = CARTESIAN_POINT ( 'NONE',  ( 0.3012548339959392751, 0.3012548339959391086, -2.466309119164536767 ) ) ;
#8295 = EDGE_LOOP ( 'NONE', ( #909, #8182, #6154, #2554 ) ) ;
#8294 = ORIENTED_EDGE ( 'NONE', *, *, #90, .F. ) ;
#8296 = FILL_AREA_STYLE ('',( #1973 ) ) ;
#8297 = CARTESIAN_POINT ( 'NONE',  ( 5.400000000000000355, 2.219999999999999307, 7.909999999999988596 ) ) ;
#8298 = B_SPLINE_CURVE_WITH_KNOTS ( 'NONE', 3,
 ( #7353, #1059, #7402, #7494, #3835, #3973, #6770, #465, #2500, #3286 ),
 .UNSPECIFIED., .F., .F.,
 ( 4, 3, 3, 4 ),
 ( 0.000000000000000000, 3.193694500262069170E-05, 6.387389000524107169E-05, 0.0001064205049631835459 ),
 .UNSPECIFIED. ) ;
#8299 = ORIENTED_EDGE ( 'NONE', *, *, #8995, .F. ) ;
#8300 = LINE ( 'NONE', #6941, #6283 ) ;
#8301 = EDGE_CURVE ( 'NONE', #7708, #4503, #8486, .T. ) ;
#8302 = FACE_OUTER_BOUND ( 'NONE', #6332, .T. ) ;
#8303 = LINE ( 'NONE', #8255, #5501 ) ;
#8304 = CARTESIAN_POINT ( 'NONE',  ( 5.381254833995939180, 2.841254833995938256, 8.016309119164537478 ) ) ;
#8306 = ORIENTED_EDGE ( 'NONE', *, *, #5499, .F. ) ;
#8305 = ORIENTED_EDGE ( 'NONE', *, *, #711, .T. ) ;
#8307 =( NAMED_UNIT ( * ) SI_UNIT ( $, .STERADIAN. ) SOLID_ANGLE_UNIT ( ) );
#8308 = CARTESIAN_POINT ( 'NONE',  ( 3.709999999999999964, -0.9999999999999978906, 0.5999999999999998668 ) ) ;
#8309 = DIRECTION ( 'NONE',  ( -0.000000000000000000, 0.000000000000000000, -1.000000000000000000 ) ) ;
#8310 = LINE ( 'NONE', #6302, #7194 ) ;
#8311 = COLOUR_RGB ( '',0.9686274509803921573, 0.8784313725490195957, 0.5999999999999999778 ) ;
#8312 = EDGE_CURVE ( 'NONE', #1310, #5738, #2853, .T. ) ;
#8313 = CARTESIAN_POINT ( 'NONE',  ( -0.3199999999999999512, 2.813200710532140381, -2.359999999999986997 ) ) ;
#8314 = DIRECTION ( 'NONE',  ( 0.000000000000000000, -1.000000000000000000, 0.000000000000000000 ) ) ;
#8315 = DIRECTION ( 'NONE',  ( 0.000000000000000000, 0.000000000000000000, -1.000000000000000000 ) ) ;
#8316 = VECTOR ( 'NONE', #5718, 1000.000000000000000 ) ;
#8317 = ORIENTED_EDGE ( 'NONE', *, *, #7899, .F. ) ;
#8318 = DIRECTION ( 'NONE',  ( 0.7071067811865434649, -0.000000000000000000, -0.7071067811865516806 ) ) ;
#8319 = CARTESIAN_POINT ( 'NONE',  ( 1.270000000000000462, 3.270000000000000462, 0.6000000000000000888 ) ) ;
#8320 = FACE_OUTER_BOUND ( 'NONE', #3615, .T. ) ;
#8321 = VECTOR ( 'NONE', #6115, 1000.000000000000000 ) ;
#8322 = MECHANICAL_DESIGN_GEOMETRIC_PRESENTATION_REPRESENTATION (  '', ( #5438 ), #9058 ) ;
#8323 = DIRECTION ( 'NONE',  ( -0.000000000000000000, -0.000000000000000000, -1.000000000000000000 ) ) ;
#8324 = DIRECTION ( 'NONE',  ( -0.1710878697460330722, -0.1710878697460331554, 0.9702875252478149193 ) ) ;
#8325 =( NAMED_UNIT ( * ) SI_UNIT ( $, .STERADIAN. ) SOLID_ANGLE_UNIT ( ) );
#8326 = LINE ( 'NONE', #4172, #1347 ) ;
#8327 = CARTESIAN_POINT ( 'NONE',  ( 2.220000000000000195, 2.283999999999999364, 7.909999999999988596 ) ) ;
#8328 = STYLED_ITEM ( 'NONE', ( #9031 ), #6453 ) ;
#8329 = ORIENTED_EDGE ( 'NONE', *, *, #3767, .F. ) ;
#8330 = PRESENTATION_LAYER_ASSIGNMENT (  '', '', ( #7743 ) ) ;
#8331 =( BOUNDED_CURVE ( )  B_SPLINE_CURVE ( 3, ( #3635, #118, #2939, #5740 ),
 .UNSPECIFIED., .F., .F. ) 
 B_SPLINE_CURVE_WITH_KNOTS ( ( 4, 4 ),
 ( 5.497787143782138841, 6.283185307179586232 ),
 .UNSPECIFIED. ) 
 CURVE ( )  GEOMETRIC_REPRESENTATION_ITEM ( )  RATIONAL_B_SPLINE_CURVE ( ( 1.000000000000000000, 0.9492530216741912330, 0.9492530216741912330, 1.000000000000000000 ) ) 
 REPRESENTATION_ITEM ( '' )  );
#8332 = ORIENTED_EDGE ( 'NONE', *, *, #2387, .T. ) ;
#8333 = EDGE_CURVE ( 'NONE', #1489, #1041, #3595, .T. ) ;
#8334 = EDGE_CURVE ( 'NONE', #9014, #3176, #2896, .T. ) ;
#8335 = CARTESIAN_POINT ( 'NONE',  ( -0.2349397590361447796, -1.250000000000000000, 1.458064759036144631 ) ) ;
#8336 = VECTOR ( 'NONE', #8565, 1000.000000000000000 ) ;
#8337 = DIRECTION ( 'NONE',  ( 1.000000000000000000, 0.000000000000000000, 0.000000000000000000 ) ) ;
#8338 = FACE_OUTER_BOUND ( 'NONE', #2089, .T. ) ;
#8339 = DIRECTION ( 'NONE',  ( 0.000000000000000000, -1.000000000000000000, 0.000000000000000000 ) ) ;
#8341 = ORIENTED_EDGE ( 'NONE', *, *, #4573, .F. ) ;
#8340 = EDGE_LOOP ( 'NONE', ( #3862, #34, #3411, #6510 ) ) ;
#8342 = CARTESIAN_POINT ( 'NONE',  ( 4.823999999999999844, 2.795999999999999375, 8.550000000000000711 ) ) ;
#8343 = FILL_AREA_STYLE_COLOUR ( '', #2581 ) ;
#8344 = ORIENTED_EDGE ( 'NONE', *, *, #5235, .T. ) ;
#8345 = DIRECTION ( 'NONE',  ( 0.000000000000000000, 1.000000000000000000, 0.000000000000000000 ) ) ;
#8346 = STYLED_ITEM ( 'NONE', ( #1534 ), #6806 ) ;
#8347 = AXIS2_PLACEMENT_3D ( 'NONE', #5506, #8292, #2016 ) ;
#8348 = EDGE_CURVE ( 'NONE', #8927, #1244, #6560, .T. ) ;
#8349 = DIRECTION ( 'NONE',  ( -1.000000000000000000, -8.470329472543003391E-17, -4.301393535249064745E-33 ) ) ;
#8350 = STYLED_ITEM ( 'NONE', ( #5528 ), #6913 ) ;
#8351 = FILL_AREA_STYLE ('',( #3503 ) ) ;
#8352 = COLOUR_RGB ( '',0.9686274509803921573, 0.8784313725490195957, 0.5999999999999999778 ) ;
#8353 = CARTESIAN_POINT ( 'NONE',  ( 2.829092094937436297, 2.853417573054442435, 7.947330798265292984 ) ) ;
#8354 = CARTESIAN_POINT ( 'NONE',  ( 6.100000000000000533, 3.499999999999998224, 2.500000000000000000 ) ) ;
#8355 = EDGE_CURVE ( 'NONE', #5187, #5789, #7643, .T. ) ;
#8357 = ORIENTED_EDGE ( 'NONE', *, *, #4671, .T. ) ;
#8356 = ORIENTED_EDGE ( 'NONE', *, *, #8051, .T. ) ;
#8358 = LINE ( 'NONE', #1941, #5517 ) ;
#8359 = CARTESIAN_POINT ( 'NONE',  ( 1.769999999999999574, 3.749999999999999112, 0.000000000000000000 ) ) ;
#8360 = LINE ( 'NONE', #5572, #850 ) ;
#8361 = CARTESIAN_POINT ( 'NONE',  ( 3.810000000000000941, -0.9999999999999978906, 2.500000000000000000 ) ) ;
#8362 = FACE_OUTER_BOUND ( 'NONE', #353, .T. ) ;
#8363 = CARTESIAN_POINT ( 'NONE',  ( 0.2713367824627647140, -1.149999999999999689, 1.270000000000000018 ) ) ;
#8364 = STYLED_ITEM ( 'NONE', ( #2451 ), #407 ) ;
#8365 = DIRECTION ( 'NONE',  ( -0.000000000000000000, -0.000000000000000000, -1.000000000000000000 ) ) ;
#8366 = DIRECTION ( 'NONE',  ( -0.000000000000000000, 1.000000000000000000, 5.078189165123089681E-17 ) ) ;
#8367 = ORIENTED_EDGE ( 'NONE', *, *, #6839, .F. ) ;
#8368 = DIRECTION ( 'NONE',  ( 1.408054769461693942E-16, 1.000000000000000000, -0.000000000000000000 ) ) ;
#8369 = LINE ( 'NONE', #4123, #4050 ) ;
#8370 = ADVANCED_FACE ( 'NONE', ( #946 ), #164, .F. ) ;
#8371 = CARTESIAN_POINT ( 'NONE',  ( 5.287150732346582949, 0.2071507323465822670, -3.000000000000000000 ) ) ;
#8372 = VECTOR ( 'NONE', #7812, 1000.000000000000000 ) ;
#8373 = CARTESIAN_POINT ( 'NONE',  ( 0.2890920949374359283, 0.3134175730544416782, 7.947330798265292984 ) ) ;
#8374 = CARTESIAN_POINT ( 'NONE',  ( -0.05396442235651247726, -1.149999999999999911, 1.478281562544640160 ) ) ;
#8375 = FILL_AREA_STYLE_COLOUR ( '', #8075 ) ;
#8376 = SURFACE_STYLE_USAGE ( .BOTH. , #7792 ) ;
#8377 = DIRECTION ( 'NONE',  ( -6.842277657836020854E-49, 5.078189165123089681E-17, -1.000000000000000000 ) ) ;
#8378 = CARTESIAN_POINT ( 'NONE',  ( 0.3200000000000001177, -0.2071507323465826833, 8.550000000000000711 ) ) ;
#8379 = VERTEX_POINT ( 'NONE', #351 ) ;
#8380 = VERTEX_POINT ( 'NONE', #5185 ) ;
#8381 = PRESENTATION_STYLE_ASSIGNMENT (( #5597 ) ) ;
#8382 = MECHANICAL_DESIGN_GEOMETRIC_PRESENTATION_REPRESENTATION (  '', ( #7222 ), #24 ) ;
#8383 = DIRECTION ( 'NONE',  ( -1.000000000000000000, 0.000000000000000000, 0.000000000000000000 ) ) ;
#8384 = CARTESIAN_POINT ( 'NONE',  ( 2.238745166004060927, 2.841254833995939144, -2.466309119164537655 ) ) ;
#8385 = EDGE_CURVE ( 'NONE', #3449, #2128, #7878, .T. ) ;
#8386 =( BOUNDED_CURVE ( )  B_SPLINE_CURVE ( 3, ( #8416, #6227, #3528, #9021 ),
 .UNSPECIFIED., .F., .F. ) 
 B_SPLINE_CURVE_WITH_KNOTS ( ( 4, 4 ),
 ( 2.356194490192347057, 3.141592653589793116 ),
 .UNSPECIFIED. ) 
 CURVE ( )  GEOMETRIC_REPRESENTATION_ITEM ( )  RATIONAL_B_SPLINE_CURVE ( ( 1.000000000000000000, 0.9492530216741914550, 0.9492530216741914550, 1.000000000000000000 ) ) 
 REPRESENTATION_ITEM ( '' )  );
#8387 = CARTESIAN_POINT ( 'NONE',  ( 2.853417573054442435, 0.2890920949374358173, -2.397330798265290941 ) ) ;
#8388 = ORIENTED_EDGE ( 'NONE', *, *, #4298, .F. ) ;
#8389 = UNCERTAINTY_MEASURE_WITH_UNIT (LENGTH_MEASURE( 1.000000000000000082E-05 ), #7301, 'distance_accuracy_value', 'NONE');
#8390 = SURFACE_STYLE_FILL_AREA ( #2806 ) ;
#8391 = CARTESIAN_POINT ( 'NONE',  ( 5.336000000000000298, -0.2560000000000007825, 8.550000000000000711 ) ) ;
#8392 = ORIENTED_EDGE ( 'NONE', *, *, #758, .T. ) ;
#8393 = VECTOR ( 'NONE', #4864, 1000.000000000000000 ) ;
#8394 = LINE ( 'NONE', #2116, #7608 ) ;
#8395 = DIRECTION ( 'NONE',  ( -0.000000000000000000, 1.000000000000000000, -0.000000000000000000 ) ) ;
#8397 = EDGE_LOOP ( 'NONE', ( #39, #4416, #7467, #805 ) ) ;
#8396 = ORIENTED_EDGE ( 'NONE', *, *, #8902, .T. ) ;
#8398 = CYLINDRICAL_SURFACE ( 'NONE', #1695, 0.06399999999999982092 ) ;
#8399 = CARTESIAN_POINT ( 'NONE',  ( 5.400000000000000355, -0.2560000000000002829, -2.359999999999988773 ) ) ;
#8400 = ORIENTED_EDGE ( 'NONE', *, *, #806, .F. ) ;
#8401 = CARTESIAN_POINT ( 'NONE',  ( 0.2349397590361444188, -1.250000000000000000, 1.456746987951807348 ) ) ;
#8402 = VECTOR ( 'NONE', #5713, 1000.000000000000000 ) ;
#8403 = CARTESIAN_POINT ( 'NONE',  ( -1.019999999999999796, 3.499999999999997780, 0.4500000000000001221 ) ) ;
#8404 = CARTESIAN_POINT ( 'NONE',  ( 0.09036144578313230757, -1.250000000000000000, 1.095301204819277396 ) ) ;
#8405 = DIRECTION ( 'NONE',  ( -0.000000000000000000, 0.000000000000000000, 1.000000000000000000 ) ) ;
#8406 = VECTOR ( 'NONE', #439, 999.9999999999998863 ) ;
#8407 = SURFACE_STYLE_USAGE ( .BOTH. , #51 ) ;
#8408 = DIRECTION ( 'NONE',  ( 0.000000000000000000, -0.9848077530122085754, 0.1736481776669278054 ) ) ;
#8409 = CARTESIAN_POINT ( 'NONE',  ( 4.766582426945557671, 2.250907905062563774, -2.397330798265291385 ) ) ;
#8410 = EDGE_LOOP ( 'NONE', ( #7892, #142, #3444, #1064, #3852, #8619 ) ) ;
#8411 = DIRECTION ( 'NONE',  ( -1.000000000000000000, 0.000000000000000000, -0.000000000000000000 ) ) ;
#8412 = SURFACE_STYLE_FILL_AREA ( #5582 ) ;
#8413 = DIRECTION ( 'NONE',  ( 1.000000000000000000, 0.000000000000000000, 0.000000000000000000 ) ) ;
#8414 = PLANE ( 'NONE',  #1926 ) ;
#8415 = DIRECTION ( 'NONE',  ( -8.470329472543003391E-17, 1.000000000000000000, 0.000000000000000000 ) ) ;
#8416 = CARTESIAN_POINT ( 'NONE',  ( 4.778745166004060962, 0.3012548339959389421, -2.466309119164537655 ) ) ;
#8417 = CARTESIAN_POINT ( 'NONE',  ( -0.7699999999999996847, -1.250000000000000000, 0.000000000000000000 ) ) ;
#8418 = LINE ( 'NONE', #104, #8393 ) ;
#8419 = STYLED_ITEM ( 'NONE', ( #19 ), #4419 ) ;
#8420 = CARTESIAN_POINT ( 'NONE',  ( -0.3199999999999998956, -0.2732007105321407892, 7.909999999999990372 ) ) ;
#8421 = FILL_AREA_STYLE ('',( #804 ) ) ;
#8422 = COLOUR_RGB ( '',0.9686274509803921573, 0.8784313725490195957, 0.5999999999999999778 ) ;
#8423 = ORIENTED_EDGE ( 'NONE', *, *, #4727, .T. ) ;
#8424 = VERTEX_POINT ( 'NONE', #3171 ) ;
#8425 = CARTESIAN_POINT ( 'NONE',  ( 0.2713367824627647140, -1.149999999999999911, 1.693229588980317502 ) ) ;
#8426 = VECTOR ( 'NONE', #7164, 1000.000000000000000 ) ;
#8427 = CARTESIAN_POINT ( 'NONE',  ( 4.060000000000001386, -0.9999999999999988898, 0.000000000000000000 ) ) ;
#8428 = EDGE_CURVE ( 'NONE', #1131, #5022, #5974, .T. ) ;
#8429 = CARTESIAN_POINT ( 'NONE',  ( 0.3200000000000000622, 2.795999999999999819, -2.359999999999988773 ) ) ;
#8431 = ORIENTED_EDGE ( 'NONE', *, *, #7310, .T. ) ;
#8430 = ORIENTED_EDGE ( 'NONE', *, *, #2575, .T. ) ;
#8432 = CARTESIAN_POINT ( 'NONE',  ( -0.3012548339959391086, 2.841254833995938700, 8.016309119164535701 ) ) ;
#8433 = PRESENTATION_LAYER_ASSIGNMENT (  '', '', ( #8579 ) ) ;
#8434 = ORIENTED_EDGE ( 'NONE', *, *, #5751, .F. ) ;
#8435 = CARTESIAN_POINT ( 'NONE',  ( 0.2010872110020790471, -0.2010872110020796577, 8.584387938363944315 ) ) ;
#8436 = DIRECTION ( 'NONE',  ( -0.000000000000000000, 0.000000000000000000, 1.000000000000000000 ) ) ;
#8437 = LINE ( 'NONE', #2158, #1227 ) ;
#8438 = PLANE ( 'NONE',  #1822 ) ;
#8440 = ORIENTED_EDGE ( 'NONE', *, *, #4145, .F. ) ;
#8439 = EDGE_LOOP ( 'NONE', ( #5498, #8580, #8467, #9029, #4522, #2857 ) ) ;
#8441 = LINE ( 'NONE', #2295, #4941 ) ;
#8442 = CARTESIAN_POINT ( 'NONE',  ( 1.270000000000000462, -0.9999999999999978906, 0.5999999999999998668 ) ) ;
#8443 = ADVANCED_FACE ( 'NONE', ( #5885 ), #3819, .F. ) ;
#8444 = VERTEX_POINT ( 'NONE', #1601 ) ;
#8445 = PRESENTATION_STYLE_ASSIGNMENT (( #3604 ) ) ;
#8446 = EDGE_CURVE ( 'NONE', #1030, #3449, #1647, .T. ) ;
#8447 = EDGE_CURVE ( 'NONE', #3130, #4707, #7398, .T. ) ;
#8448 = PLANE ( 'NONE',  #1303 ) ;
#8449 = CARTESIAN_POINT ( 'NONE',  ( 0.3200000000000001177, -0.2560000000000002829, -2.359999999999988773 ) ) ;
#8450 = B_SPLINE_CURVE_WITH_KNOTS ( 'NONE', 3,
 ( #1458, #3550, #125, #3640, #7116, #5656, #7830 ),
 .UNSPECIFIED., .F., .F.,
 ( 4, 3, 4 ),
 ( 0.000000000000000000, 4.656973448362500327E-05, 0.0001064217836431323894 ),
 .UNSPECIFIED. ) ;
#8451 =( NAMED_UNIT ( * ) PLANE_ANGLE_UNIT ( ) SI_UNIT ( $, .RADIAN. ) );
#8452 = PLANE ( 'NONE',  #6758 ) ;
#8453 = CARTESIAN_POINT ( 'NONE',  ( 0.7700000000000004619, -1.250000000000000222, 0.000000000000000000 ) ) ;
#8454 = ORIENTED_EDGE ( 'NONE', *, *, #7405, .T. ) ;
#8455 = CARTESIAN_POINT ( 'NONE',  ( 2.540000000000000036, -7.409113134841486521E-16, 8.550000000000000711 ) ) ;
#8456 = CARTESIAN_POINT ( 'NONE',  ( 3.810000000000000941, 3.270000000000000462, 0.6000000000000000888 ) ) ;
#8457 = SURFACE_STYLE_USAGE ( .BOTH. , #1382 ) ;
#8458 = CARTESIAN_POINT ( 'NONE',  ( 4.778745166004060962, 2.238745166004060039, 8.016309119164535701 ) ) ;
#8459 = EDGE_CURVE ( 'NONE', #8865, #2527, #993, .T. ) ;
#8460 = AXIS2_PLACEMENT_3D ( 'NONE', #4513, #8060, #5229 ) ;
#8461 = CARTESIAN_POINT ( 'NONE',  ( 0.2341438633119422297, -1.129999999999999449, 1.211749748594949105 ) ) ;
#8462 = CARTESIAN_POINT ( 'NONE',  ( -1.020000000000000684, 3.499999999999997780, 2.500000000000000000 ) ) ;
#8463 = PRESENTATION_STYLE_ASSIGNMENT (( #2926 ) ) ;
#8464 = PLANE ( 'NONE',  #5816 ) ;
#8465 =( NAMED_UNIT ( * ) SI_UNIT ( $, .STERADIAN. ) SOLID_ANGLE_UNIT ( ) );
#8466 = EDGE_CURVE ( 'NONE', #3497, #1830, #4434, .T. ) ;
#8467 = ORIENTED_EDGE ( 'NONE', *, *, #4690, .T. ) ;
#8468 = VERTEX_POINT ( 'NONE', #3691 ) ;
#8469 = VECTOR ( 'NONE', #7677, 999.9999999999998863 ) ;
#8470 = PRESENTATION_LAYER_ASSIGNMENT (  '', '', ( #2770 ) ) ;
#8471 = CARTESIAN_POINT ( 'NONE',  ( 1.370000000000002105, -0.7700000000000002398, 0.6000000000000000888 ) ) ;
#8472 = CARTESIAN_POINT ( 'NONE',  ( 3.910000000000000142, 3.499999999999997780, 2.350000000000000089 ) ) ;
#8473 = CARTESIAN_POINT ( 'NONE',  ( 0.3012548339959392751, -0.3012548339959398302, 8.016309119164535701 ) ) ;
#8474 = B_SPLINE_SURFACE_WITH_KNOTS ( 'NONE', 1, 3, ( 
 ( #8113, #6707, #3035, #5842, #1651, #6565, #6938, #3269, #8899, #6069, #5510, #3412, #7479, #1220, #2621, #6850 ),
 ( #1311, #6112, #5421, #3365, #4139, #4096, #5380, #8159, #1354, #2668, #4055, #4830, #6243, #1264, #6201, #1888 ) ),
 .UNSPECIFIED., .F., .F., .F.,
 ( 2, 2 ),
 ( 4, 3, 2, 2, 2, 3, 4 ),
 ( 0.000000000000000000, 1.000000000000000000 ),
 ( -0.01231340368786399200, 0.000000000000000000, 0.2500000000000000000, 0.5000000000000000000, 0.7500000000000000000, 1.000000000000000000, 1.016462362245785567 ),
 .UNSPECIFIED. ) ;
#8475 = VECTOR ( 'NONE', #5363, 1000.000000000000000 ) ;
#8476 = AXIS2_PLACEMENT_3D ( 'NONE', #139, #89, #832 ) ;
#8477 = CARTESIAN_POINT ( 'NONE',  ( 3.810000000000000941, 3.270000000000000462, 0.6000000000000000888 ) ) ;
#8478 = ORIENTED_EDGE ( 'NONE', *, *, #3809, .T. ) ;
#8479 = DIRECTION ( 'NONE',  ( -6.842277657836020854E-49, 5.078189165123089681E-17, -1.000000000000000000 ) ) ;
#8480 = FILL_AREA_STYLE_COLOUR ( '', #2731 ) ;
#8481 = EDGE_LOOP ( 'NONE', ( #2258, #5386, #8299, #3294 ) ) ;
#8482 = EDGE_CURVE ( 'NONE', #7501, #4086, #6474, .T. ) ;
#8483 = PRESENTATION_LAYER_ASSIGNMENT (  '', '', ( #8328 ) ) ;
#8484 = STYLED_ITEM ( 'NONE', ( #5520 ), #8215 ) ;
#8485 = CARTESIAN_POINT ( 'NONE',  ( 2.332849267653418046, 2.747150732346581581, 8.550000000000000711 ) ) ;
#8486 = LINE ( 'NONE', #4235, #9069 ) ;
#8487 = CARTESIAN_POINT ( 'NONE',  ( -0.3012548339959390531, 0.3012548339959389421, -2.466309119164537655 ) ) ;
#8488 = AXIS2_PLACEMENT_3D ( 'NONE', #6679, #8644, #5905 ) ;
#8490 = ORIENTED_EDGE ( 'NONE', *, *, #4981, .T. ) ;
#8489 = ORIENTED_EDGE ( 'NONE', *, *, #6421, .T. ) ;
#8491 = UNCERTAINTY_MEASURE_WITH_UNIT (LENGTH_MEASURE( 1.000000000000000082E-05 ), #5670, 'distance_accuracy_value', 'NONE');
#8492 = AXIS2_PLACEMENT_3D ( 'NONE', #6178, #3342, #7498 ) ;
#8493 = LINE ( 'NONE', #2213, #1104 ) ;
#8494 = DIRECTION ( 'NONE',  ( 0.7071067811865441310, 0.7071067811865507924, -0.000000000000000000 ) ) ;
#8495 = ORIENTED_EDGE ( 'NONE', *, *, #5601, .T. ) ;
#8496 = PLANE ( 'NONE',  #6725 ) ;
#8497 = CARTESIAN_POINT ( 'NONE',  ( -0.2713367824627651026, -1.150000000000000133, 1.270000000000000018 ) ) ;
#8498 = AXIS2_PLACEMENT_3D ( 'NONE', #5549, #8943, #8986 ) ;
#8499 = LINE ( 'NONE', #6401, #1453 ) ;
#8500 = DIRECTION ( 'NONE',  ( 1.000000000000000000, 3.336006684570782608E-16, 0.000000000000000000 ) ) ;
#8501 = DIRECTION ( 'NONE',  ( -1.000000000000000000, 0.000000000000000000, 0.000000000000000000 ) ) ;
#8502 = ADVANCED_FACE ( 'NONE', ( #5374 ), #4005, .T. ) ;
#8503 = ORIENTED_EDGE ( 'NONE', *, *, #5315, .T. ) ;
#8504 = FILL_AREA_STYLE ('',( #8641 ) ) ;
#8505 = LINE ( 'NONE', #6311, #3892 ) ;
#8506 = FACE_OUTER_BOUND ( 'NONE', #1885, .T. ) ;
#8507 = SURFACE_STYLE_FILL_AREA ( #96 ) ;
#8508 = CARTESIAN_POINT ( 'NONE',  ( 4.806799289467860170, 2.219999999999999751, 7.909999999999988596 ) ) ;
#8509 = CARTESIAN_POINT ( 'NONE',  ( 0.2031249999999996114, -1.250000000000001110, 1.180956325301204979 ) ) ;
#8510 = CARTESIAN_POINT ( 'NONE',  ( -0.2349397590361447796, -1.250000000000000000, 1.458064759036144631 ) ) ;
#8511 = DIRECTION ( 'NONE',  ( -1.000000000000000000, -0.000000000000000000, -0.000000000000000000 ) ) ;
#8512 =( NAMED_UNIT ( * ) SI_UNIT ( $, .STERADIAN. ) SOLID_ANGLE_UNIT ( ) );
#8513 = CARTESIAN_POINT ( 'NONE',  ( 6.350000000000000533, -0.9999999999999978906, 2.500000000000000000 ) ) ;
#8514 = CARTESIAN_POINT ( 'NONE',  ( 3.309999999999999609, 3.749999999999999112, 2.500000000000000000 ) ) ;
#8515 = CARTESIAN_POINT ( 'NONE',  ( -0.3199999999999998956, -0.2560000000000001719, -2.359999999999988773 ) ) ;
#8516 = EDGE_LOOP ( 'NONE', ( #8225, #4867, #6150, #2315, #7476, #9087 ) ) ;
#8517 = ADVANCED_FACE ( 'NONE', ( #7571 ), #2572, .F. ) ;
#8518 = COLOUR_RGB ( '',1.000000000000000000, 0.8431372549019607865, 0.000000000000000000 ) ;
#8519 = ORIENTED_EDGE ( 'NONE', *, *, #8952, .T. ) ;
#8520 =( NAMED_UNIT ( * ) SI_UNIT ( $, .STERADIAN. ) SOLID_ANGLE_UNIT ( ) );
#8521 = EDGE_CURVE ( 'NONE', #3684, #1877, #2429, .T. ) ;
#8522 = CARTESIAN_POINT ( 'NONE',  ( 3.559999999999999609, -0.7700000000000002398, 0.6000000000000000888 ) ) ;
#8523 = AXIS2_PLACEMENT_3D ( 'NONE', #6398, #2905, #5708 ) ;
#8524 = CARTESIAN_POINT ( 'NONE',  ( 0.3200000000000000622, -0.2732007105321409557, 7.909999999999986819 ) ) ;
#8525 = ORIENTED_EDGE ( 'NONE', *, *, #7286, .F. ) ;
#8527 = ORIENTED_EDGE ( 'NONE', *, *, #6843, .T. ) ;
#8526 = ORIENTED_EDGE ( 'NONE', *, *, #9032, .F. ) ;
#8528 = CARTESIAN_POINT ( 'NONE',  ( -0.2346826363381523672, -1.129999999999999227, 1.348216507526515340 ) ) ;
#8529 = LINE ( 'NONE', #4962, #943 ) ;
#8530 = ORIENTED_EDGE ( 'NONE', *, *, #4003, .F. ) ;
#8531 = COLOUR_RGB ( '',0.9686274509803921573, 0.8784313725490195957, 0.5999999999999999778 ) ;
#8532 = CARTESIAN_POINT ( 'NONE',  ( -0.2031250000000001665, -1.250000000000000000, 1.378433734939759292 ) ) ;
#8533 = PRESENTATION_STYLE_ASSIGNMENT (( #124 ) ) ;
#8534 = FACE_OUTER_BOUND ( 'NONE', #7108, .T. ) ;
#8535 = AXIS2_PLACEMENT_3D ( 'NONE', #4276, #73, #112 ) ;
#8536 = DIRECTION ( 'NONE',  ( 0.000000000000000000, -1.000000000000000000, 0.000000000000000000 ) ) ;
#8538 = ORIENTED_EDGE ( 'NONE', *, *, #7169, .T. ) ;
#8537 = ORIENTED_EDGE ( 'NONE', *, *, #1349, .T. ) ;
#8539 = LINE ( 'NONE', #2256, #6249 ) ;
#8540 = LINE ( 'NONE', #4521, #4782 ) ;
#8541 = EDGE_LOOP ( 'NONE', ( #4279, #3717, #3357, #911, #4141, #6595 ) ) ;
#8542 = DIRECTION ( 'NONE',  ( 0.000000000000000000, 0.000000000000000000, -1.000000000000000000 ) ) ;
#8543 = CARTESIAN_POINT ( 'NONE',  ( 3.709999999999999964, 3.499999999999998224, 0.5999999999999998668 ) ) ;
#8544 = CARTESIAN_POINT ( 'NONE',  ( -5.687887419977258754E-17, -1.250000000000000000, 1.270000000000000018 ) ) ;
#8545 = EDGE_CURVE ( 'NONE', #2102, #8078, #6847, .T. ) ;
#8546 = LINE ( 'NONE', #7173, #8734 ) ;
#8547 = SURFACE_SIDE_STYLE ('',( #790 ) ) ;
#8548 = ORIENTED_EDGE ( 'NONE', *, *, #2960, .T. ) ;
#8549 = DIRECTION ( 'NONE',  ( -0.1710878697460326558, -0.1710878697460326836, -0.9702875252478149193 ) ) ;
#8550 = CARTESIAN_POINT ( 'NONE',  ( 2.860000000000000320, 2.795999999999999375, 7.909999999999988596 ) ) ;
#8551 = CARTESIAN_POINT ( 'NONE',  ( -0.2349397590361447796, -1.250000000000000000, 1.095301204819277396 ) ) ;
#8552 =( NAMED_UNIT ( * ) PLANE_ANGLE_UNIT ( ) SI_UNIT ( $, .RADIAN. ) );
#8553 = SURFACE_STYLE_FILL_AREA ( #7730 ) ;
#8554 = PRESENTATION_STYLE_ASSIGNMENT (( #4457 ) ) ;
#8555 = CARTESIAN_POINT ( 'NONE',  ( -0.1563994110147646499, -1.223345048151461167, 0.7602983909313331123 ) ) ;
#8556 = FILL_AREA_STYLE_COLOUR ( '', #2340 ) ;
#8557 = CARTESIAN_POINT ( 'NONE',  ( 3.581695487370000652, -1.250000000000000222, 2.350000000000000089 ) ) ;
#8558 = CARTESIAN_POINT ( 'NONE',  ( 5.336000000000000298, 0.3199999999999993960, 7.909999999999988596 ) ) ;
#8559 = CARTESIAN_POINT ( 'NONE',  ( 5.336000000000000298, 2.795999999999999375, 8.550000000000000711 ) ) ;
#8560 = VERTEX_POINT ( 'NONE', #6703 ) ;
#8561 = AXIS2_PLACEMENT_3D ( 'NONE', #8559, #6545, #196 ) ;
#8562 = ADVANCED_FACE ( 'NONE', ( #394 ), #542, .F. ) ;
#8563 = CARTESIAN_POINT ( 'NONE',  ( 2.860000000000000320, 2.219999999999999307, 7.909999999999988596 ) ) ;
#8564 = ADVANCED_FACE ( 'NONE', ( #8603 ), #6542, .F. ) ;
#8565 = DIRECTION ( 'NONE',  ( 6.842277657836020854E-49, -5.078189165123089681E-17, 1.000000000000000000 ) ) ;
#8566 = LINE ( 'NONE', #8427, #6430 ) ;
#8567 = AXIS2_PLACEMENT_3D ( 'NONE', #8319, #6356, #7084 ) ;
#8568 =( LENGTH_UNIT ( ) NAMED_UNIT ( * ) SI_UNIT ( .MILLI., .METRE. ) );
#8570 = ORIENTED_EDGE ( 'NONE', *, *, #3088, .F. ) ;
#8569 = ORIENTED_EDGE ( 'NONE', *, *, #5677, .T. ) ;
#8571 =( NAMED_UNIT ( * ) PLANE_ANGLE_UNIT ( ) SI_UNIT ( $, .RADIAN. ) );
#8572 = ORIENTED_EDGE ( 'NONE', *, *, #2037, .F. ) ;
#8573 = AXIS2_PLACEMENT_3D ( 'NONE', #8004, #4553, #6927 ) ;
#8574 =( BOUNDED_CURVE ( )  B_SPLINE_CURVE ( 3, ( #1682, #5176, #3943, #3253 ),
 .UNSPECIFIED., .F., .F. ) 
 B_SPLINE_CURVE_WITH_KNOTS ( ( 4, 4 ),
 ( 5.497787143782135288, 6.283185307179586232 ),
 .UNSPECIFIED. ) 
 CURVE ( )  GEOMETRIC_REPRESENTATION_ITEM ( )  RATIONAL_B_SPLINE_CURVE ( ( 1.000000000000000000, 0.9492530216741907889, 0.9492530216741907889, 1.000000000000000000 ) ) 
 REPRESENTATION_ITEM ( '' )  );
#8575 = CARTESIAN_POINT ( 'NONE',  ( 2.284000000000000252, -0.3200000000000001732, -2.359999999999988773 ) ) ;
#8576 = ADVANCED_FACE ( 'NONE', ( #7228 ), #3056, .F. ) ;
#8577 = LINE ( 'NONE', #1600, #6195 ) ;
#8578 = VECTOR ( 'NONE', #7317, 1000.000000000000000 ) ;
#8579 = STYLED_ITEM ( 'NONE', ( #3397 ), #3469 ) ;
#8581 = ORIENTED_EDGE ( 'NONE', *, *, #7873, .F. ) ;
#8580 = ORIENTED_EDGE ( 'NONE', *, *, #2222, .T. ) ;
#8582 = UNCERTAINTY_MEASURE_WITH_UNIT (LENGTH_MEASURE( 1.000000000000000082E-05 ), #7839, 'distance_accuracy_value', 'NONE');
#8583 = CARTESIAN_POINT ( 'NONE',  ( 5.336000000000000298, 2.283999999999999364, 8.550000000000000711 ) ) ;
#8584 = LINE ( 'NONE', #3083, #8426 ) ;
#8585 = EDGE_LOOP ( 'NONE', ( #5002, #3084, #613, #1363, #5970, #7161 ) ) ;
#8586 = EDGE_CURVE ( 'NONE', #6343, #4558, #1582, .T. ) ;
#8587 = DIRECTION ( 'NONE',  ( -6.842277657836020854E-49, 5.078189165123089681E-17, -1.000000000000000000 ) ) ;
#8588 = MECHANICAL_DESIGN_GEOMETRIC_PRESENTATION_REPRESENTATION (  '', ( #7556 ), #4208 ) ;
#8589 = DIRECTION ( 'NONE',  ( 0.7213041043845912492, 3.046907053233057655E-16, -0.6926185017727598536 ) ) ;
#8590 = CARTESIAN_POINT ( 'NONE',  ( -0.2713153150985206374, -1.150000000000000355, 0.8476035708579218175 ) ) ;
#8591 = CARTESIAN_POINT ( 'NONE',  ( -0.3464101615137760160, -1.046666666666666856, 2.449999999999999734 ) ) ;
#8592 = CARTESIAN_POINT ( 'NONE',  ( 4.309999999999999609, 3.749999999999999112, 0.000000000000000000 ) ) ;
#8594 = EDGE_LOOP ( 'NONE', ( #294, #3628, #3763, #8897, #87, #1747 ) ) ;
#8593 = ORIENTED_EDGE ( 'NONE', *, *, #8011, .F. ) ;
#8595 = CARTESIAN_POINT ( 'NONE',  ( 4.778745166004060962, -0.3012548339959397747, 8.016309119164535701 ) ) ;
#8596 = LINE ( 'NONE', #5203, #4044 ) ;
#8597 = CARTESIAN_POINT ( 'NONE',  ( 5.369092094937435888, 0.3134175730544416782, 7.947330798265292984 ) ) ;
#8598 = SURFACE_STYLE_USAGE ( .BOTH. , #5162 ) ;
#8599 = EDGE_CURVE ( 'NONE', #2850, #6696, #929, .T. ) ;
#8600 = DIRECTION ( 'NONE',  ( 0.000000000000000000, 0.000000000000000000, -1.000000000000000000 ) ) ;
#8601 = CARTESIAN_POINT ( 'NONE',  ( 0.2250554584389081736, -1.250000000000000666, 1.150945051200794822 ) ) ;
#8602 = LINE ( 'NONE', #5122, #3259 ) ;
#8603 = FACE_OUTER_BOUND ( 'NONE', #8286, .T. ) ;
#8604 = CARTESIAN_POINT ( 'NONE',  ( 1.169999999999999707, -0.7700000000000002398, 0.6000000000000000888 ) ) ;
#8605 = UNCERTAINTY_MEASURE_WITH_UNIT (LENGTH_MEASURE( 1.000000000000000082E-05 ), #2555, 'distance_accuracy_value', 'NONE');
#8606 = LINE ( 'NONE', #240, #6828 ) ;
#8607 = ORIENTED_EDGE ( 'NONE', *, *, #8446, .F. ) ;
#8608 = FACE_OUTER_BOUND ( 'NONE', #4818, .T. ) ;
#8609 =( NAMED_UNIT ( * ) PLANE_ANGLE_UNIT ( ) SI_UNIT ( $, .RADIAN. ) );
#8610 =( NAMED_UNIT ( * ) SI_UNIT ( $, .STERADIAN. ) SOLID_ANGLE_UNIT ( ) );
#8611 = FILL_AREA_STYLE_COLOUR ( '', #4603 ) ;
#8612 = ADVANCED_FACE ( 'NONE', ( #5865 ), #6875, .F. ) ;
#8613 = MECHANICAL_DESIGN_GEOMETRIC_PRESENTATION_REPRESENTATION (  '', ( #108 ), #983 ) ;
#8614 = ADVANCED_FACE ( 'NONE', ( #3198 ), #2548, .T. ) ;
#8616 = ORIENTED_EDGE ( 'NONE', *, *, #8960, .F. ) ;
#8615 = VERTEX_POINT ( 'NONE', #4501 ) ;
#8617 = DIRECTION ( 'NONE',  ( 1.000000000000000000, 0.000000000000000000, 0.000000000000000000 ) ) ;
#8618 = DIRECTION ( 'NONE',  ( -0.000000000000000000, 0.9848077530122085754, 0.1736481776669278887 ) ) ;
#8619 = ORIENTED_EDGE ( 'NONE', *, *, #6098, .F. ) ;
#8620 = AXIS2_PLACEMENT_3D ( 'NONE', #4769, #4127, #3395 ) ;
#8621 = FILL_AREA_STYLE ('',( #5143 ) ) ;
#8622 = DIRECTION ( 'NONE',  ( 0.000000000000000000, -5.078189165123089681E-17, 1.000000000000000000 ) ) ;
#8624 = VERTEX_POINT ( 'NONE', #5998 ) ;
#8623 = ORIENTED_EDGE ( 'NONE', *, *, #7933, .F. ) ;
#8625 = CARTESIAN_POINT ( 'NONE',  ( -0.3199999999999999512, 0.2559999999999998943, -2.359999999999988773 ) ) ;
#8626 = CARTESIAN_POINT ( 'NONE',  ( 2.238745166004060927, 2.841254833995938700, 8.016309119164535701 ) ) ;
#8627 = ORIENTED_EDGE ( 'NONE', *, *, #4394, .T. ) ;
#8628 = SURFACE_SIDE_STYLE ('',( #3038 ) ) ;
#8629 = STYLED_ITEM ( 'NONE', ( #297 ), #6357 ) ;
#8630 = VECTOR ( 'NONE', #276, 1000.000000000000000 ) ;
#8631 = ADVANCED_FACE ( 'NONE', ( #4630, #7269 ), #1063, .T. ) ;
#8632 = DIRECTION ( 'NONE',  ( -8.470329472543003391E-17, 1.000000000000000000, 0.000000000000000000 ) ) ;
#8634 = ADVANCED_FACE ( 'NONE', ( #3292 ), #3886, .F. ) ;
#8633 = PRESENTATION_LAYER_ASSIGNMENT (  '', '', ( #3525 ) ) ;
#8635 = STYLED_ITEM ( 'NONE', ( #6808 ), #8217 ) ;
#8636 = CARTESIAN_POINT ( 'NONE',  ( 2.250907905062564218, -0.3134175730544423444, -2.397330798265292717 ) ) ;
#8637 = CARTESIAN_POINT ( 'NONE',  ( 3.560000000000000497, -0.9999999999999978906, 0.4500000000000020650 ) ) ;
#8638 =( NAMED_UNIT ( * ) PLANE_ANGLE_UNIT ( ) SI_UNIT ( $, .RADIAN. ) );
#8640 = ORIENTED_EDGE ( 'NONE', *, *, #7106, .F. ) ;
#8639 = EDGE_LOOP ( 'NONE', ( #8048, #197, #1362, #9053, #2445, #2971 ) ) ;
#8641 = FILL_AREA_STYLE_COLOUR ( '', #5956 ) ;
#8642 = LINE ( 'NONE', #2353, #57 ) ;
#8643 = SURFACE_SIDE_STYLE ('',( #8507 ) ) ;
#8644 = DIRECTION ( 'NONE',  ( -0.7071067811865515695, -0.000000000000000000, -0.7071067811865435759 ) ) ;
#8645 = FACE_OUTER_BOUND ( 'NONE', #7145, .T. ) ;
#8646 = DIRECTION ( 'NONE',  ( 0.000000000000000000, 0.000000000000000000, 1.000000000000000000 ) ) ;
#8647 = DIRECTION ( 'NONE',  ( 0.9396926207859079838, 0.3420201433256698786, 0.000000000000000000 ) ) ;
#8648 = CARTESIAN_POINT ( 'NONE',  ( 1.270000000000000462, -0.9999999999999988898, 2.500000000000000000 ) ) ;
#8649 = DIRECTION ( 'NONE',  ( 0.000000000000000000, -1.000000000000000000, 0.000000000000000000 ) ) ;
#8650 = AXIS2_PLACEMENT_3D ( 'NONE', #4251, #6352, #5020 ) ;
#8651 = PRESENTATION_STYLE_ASSIGNMENT (( #6544 ) ) ;
#8652 = VERTEX_POINT ( 'NONE', #9052 ) ;
#8653 = ORIENTED_EDGE ( 'NONE', *, *, #6213, .F. ) ;
#8654 = CARTESIAN_POINT ( 'NONE',  ( -0.2071507323465818784, -0.2071507323465826833, 8.550000000000000711 ) ) ;
#8655 = CARTESIAN_POINT ( 'NONE',  ( 3.560000000000000497, -0.9999999999999978906, 0.000000000000000000 ) ) ;
#8656 = SURFACE_SIDE_STYLE ('',( #1639 ) ) ;
#8657 = EDGE_CURVE ( 'NONE', #120, #3684, #4028, .T. ) ;
#8658 = AXIS2_PLACEMENT_3D ( 'NONE', #6409, #7223, #3050 ) ;
#8660 = VERTEX_POINT ( 'NONE', #8270 ) ;
#8659 = ORIENTED_EDGE ( 'NONE', *, *, #212, .T. ) ;
#8661 = CARTESIAN_POINT ( 'NONE',  ( -0.2560000000000000608, 2.859999999999999876, 7.909999999999988596 ) ) ;
#8662 = VERTEX_POINT ( 'NONE', #6866 ) ;
#8663 = PRESENTATION_LAYER_ASSIGNMENT (  '', '', ( #5013 ) ) ;
#8664 = EDGE_CURVE ( 'NONE', #477, #5603, #3519, .T. ) ;
#8665 = LINE ( 'NONE', #7921, #5759 ) ;
#8666 = CARTESIAN_POINT ( 'NONE',  ( 0.3012548339959390531, 0.3012548339959383870, 8.016309119164537478 ) ) ;
#8668 = ORIENTED_EDGE ( 'NONE', *, *, #7778, .F. ) ;
#8667 = ORIENTED_EDGE ( 'NONE', *, *, #7276, .T. ) ;
#8669 = UNCERTAINTY_MEASURE_WITH_UNIT (LENGTH_MEASURE( 1.000000000000000082E-05 ), #3, 'distance_accuracy_value', 'NONE');
#8670 = DIRECTION ( 'NONE',  ( -0.7071067811865469066, 0.7071067811865482389, 0.000000000000000000 ) ) ;
#8671 = CARTESIAN_POINT ( 'NONE',  ( 0.7699999999999996847, 3.749999999999999112, 2.500000000000000000 ) ) ;
#8672 = AXIS2_PLACEMENT_3D ( 'NONE', #7711, #8349, #5561 ) ;
#8673 = VERTEX_POINT ( 'NONE', #2781 ) ;
#8674 = LINE ( 'NONE', #6664, #5551 ) ;
#8675 = ADVANCED_FACE ( 'NONE', ( #4162 ), #7545, .F. ) ;
#8676 = PRESENTATION_LAYER_ASSIGNMENT (  '', '', ( #4462 ) ) ;
#8677 = CARTESIAN_POINT ( 'NONE',  ( -0.2700724310048517318, -1.150000000000001688, 0.8217727567765085173 ) ) ;
#8678 = CARTESIAN_POINT ( 'NONE',  ( 0.000000000000000000, 2.747150732346582469, -3.000000000000000000 ) ) ;
#8679 = CARTESIAN_POINT ( 'NONE',  ( 2.860000000000000320, 2.795999999999999819, -2.359999999999988773 ) ) ;
#8680 = CARTESIAN_POINT ( 'NONE',  ( 3.910000000000001918, -0.9999999999999986677, 0.6000000000000000888 ) ) ;
#8682 = EDGE_LOOP ( 'NONE', ( #7146, #2710, #5936, #4007, #6869, #1929 ) ) ;
#8681 = ORIENTED_EDGE ( 'NONE', *, *, #4615, .T. ) ;
#8683 =( BOUNDED_CURVE ( )  B_SPLINE_CURVE ( 3, ( #2094, #7508, #4901, #7691 ),
 .UNSPECIFIED., .F., .F. ) 
 B_SPLINE_CURVE_WITH_KNOTS ( ( 4, 4 ),
 ( 3.141592653589793560, 3.926990816987248056 ),
 .UNSPECIFIED. ) 
 CURVE ( )  GEOMETRIC_REPRESENTATION_ITEM ( )  RATIONAL_B_SPLINE_CURVE ( ( 1.000000000000000000, 0.9492530216741903448, 0.9492530216741903448, 1.000000000000000000 ) ) 
 REPRESENTATION_ITEM ( '' )  );
#8684 = CARTESIAN_POINT ( 'NONE',  ( -0.6500000000000001332, -1.250000000000000222, 1.270000000000000018 ) ) ;
#8685 = LINE ( 'NONE', #1711, #1684 ) ;
#8686 = CARTESIAN_POINT ( 'NONE',  ( 0.2560000000000001719, 0.3199999999999998401, -2.359999999999988773 ) ) ;
#8687 = VECTOR ( 'NONE', #7733, 1000.000000000000000 ) ;
#8688 =( LENGTH_UNIT ( ) NAMED_UNIT ( * ) SI_UNIT ( .MILLI., .METRE. ) );
#8689 = CARTESIAN_POINT ( 'NONE',  ( 2.747150732346582025, 2.859999999999999876, 8.550000000000000711 ) ) ;
#8690 = CARTESIAN_POINT ( 'NONE',  ( -0.2349397590361447796, -1.250000000000000000, 0.8488780120481929092 ) ) ;
#8691 = AXIS2_PLACEMENT_3D ( 'NONE', #2646, #5445, #1949 ) ;
#8692 = SURFACE_SIDE_STYLE ('',( #5303 ) ) ;
#8693 = CARTESIAN_POINT ( 'NONE',  ( 0.1570913922512544303, -1.129999999999999227, 1.813708864346839089 ) ) ;
#8694 = DIRECTION ( 'NONE',  ( 0.000000000000000000, 0.9396926207859082059, 0.3420201433256694901 ) ) ;
#8695 = VERTEX_POINT ( 'NONE', #5578 ) ;
#8696 = CARTESIAN_POINT ( 'NONE',  ( 1.144999999999998908, 3.499999999999998224, 2.375000000000000444 ) ) ;
#8697 = ORIENTED_EDGE ( 'NONE', *, *, #3556, .T. ) ;
#8698 = EDGE_CURVE ( 'NONE', #818, #3781, #1330, .T. ) ;
#8699 = VERTEX_POINT ( 'NONE', #6959 ) ;
#8700 = PRESENTATION_LAYER_ASSIGNMENT (  '', '', ( #7527 ) ) ;
#8701 = SURFACE_STYLE_USAGE ( .BOTH. , #5359 ) ;
#8702 = DIRECTION ( 'NONE',  ( -0.000000000000000000, 0.000000000000000000, 1.000000000000000000 ) ) ;
#8703 = CARTESIAN_POINT ( 'NONE',  ( 0.2291490472775132015, -1.149999999999999689, 1.206427255910813345 ) ) ;
#8704 = LINE ( 'NONE', #5922, #6061 ) ;
#8705 = DIRECTION ( 'NONE',  ( 1.000000000000000000, 0.000000000000000000, -0.000000000000000000 ) ) ;
#8706 =( NAMED_UNIT ( * ) PLANE_ANGLE_UNIT ( ) SI_UNIT ( $, .RADIAN. ) );
#8707 = VECTOR ( 'NONE', #6134, 1000.000000000000000 ) ;
#8709 = ORIENTED_EDGE ( 'NONE', *, *, #5470, .T. ) ;
#8708 = ORIENTED_EDGE ( 'NONE', *, *, #1783, .F. ) ;
#8710 = ORIENTED_EDGE ( 'NONE', *, *, #3031, .F. ) ;
#8711 = EDGE_CURVE ( 'NONE', #7359, #8660, #8872, .T. ) ;
#8712 = PRESENTATION_LAYER_ASSIGNMENT (  '', '', ( #7540 ) ) ;
#8713 = DIRECTION ( 'NONE',  ( 1.000000000000000000, -0.000000000000000000, 0.000000000000000000 ) ) ;
#8714 = DIRECTION ( 'NONE',  ( 1.000000000000000000, 2.409338161078900167E-16, -0.000000000000000000 ) ) ;
#8715 = CARTESIAN_POINT ( 'NONE',  ( -0.7700000000000004619, 3.749999999999999112, 2.500000000000000000 ) ) ;
#8717 = ORIENTED_EDGE ( 'NONE', *, *, #5391, .F. ) ;
#8716 = ORIENTED_EDGE ( 'NONE', *, *, #1700, .F. ) ;
#8718 = CARTESIAN_POINT ( 'NONE',  ( 3.810000000000000053, 3.499999999999998224, 2.350000000000000089 ) ) ;
#8719 = COLOUR_RGB ( '',0.9686274509803921573, 0.8784313725490195957, 0.5999999999999999778 ) ;
#8720 = SURFACE_SIDE_STYLE ('',( #307 ) ) ;
#8721 = ORIENTED_EDGE ( 'NONE', *, *, #6924, .F. ) ;
#8722 = CARTESIAN_POINT ( 'NONE',  ( 0.3012548339959392751, -0.3012548339959398302, 8.016309119164535701 ) ) ;
#8723 = DIRECTION ( 'NONE',  ( 0.000000000000000000, -1.000000000000000000, 0.000000000000000000 ) ) ;
#8724 = LINE ( 'NONE', #5245, #2059 ) ;
#8725 = DIRECTION ( 'NONE',  ( -6.842277657836020854E-49, 5.078189165123089681E-17, -1.000000000000000000 ) ) ;
#8727 = ORIENTED_EDGE ( 'NONE', *, *, #4679, .F. ) ;
#8726 = ORIENTED_EDGE ( 'NONE', *, *, #1963, .F. ) ;
#8728 = LINE ( 'NONE', #2448, #3329 ) ;
#8729 = FACE_OUTER_BOUND ( 'NONE', #365, .T. ) ;
#8730 = EDGE_CURVE ( 'NONE', #5038, #3272, #4759, .T. ) ;
#8731 = CARTESIAN_POINT ( 'NONE',  ( 4.060000000000000497, -1.250000000000000222, 0.4500000000000001221 ) ) ;
#8732 = EDGE_CURVE ( 'NONE', #3746, #3902, #1948, .T. ) ;
#8733 = VECTOR ( 'NONE', #7163, 1000.000000000000000 ) ;
#8734 = VECTOR ( 'NONE', #7215, 1000.000000000000000 ) ;
#8735 = DIRECTION ( 'NONE',  ( 0.9848077530122085754, 8.341646135128160883E-17, 0.1736481776669273891 ) ) ;
#8736 = LINE ( 'NONE', #8129, #7168 ) ;
#8737 = DIRECTION ( 'NONE',  ( -0.3420201433256690460, -0.9396926207859083169, 0.000000000000000000 ) ) ;
#8738 =( BOUNDED_CURVE ( )  B_SPLINE_CURVE ( 3, ( #4367, #327, #4459, #194 ),
 .UNSPECIFIED., .F., .F. ) 
 B_SPLINE_CURVE_WITH_KNOTS ( ( 4, 4 ),
 ( 2.356194490192346169, 3.141592653589793116 ),
 .UNSPECIFIED. ) 
 CURVE ( )  GEOMETRIC_REPRESENTATION_ITEM ( )  RATIONAL_B_SPLINE_CURVE ( ( 1.000000000000000000, 0.9492530216741912330, 0.9492530216741912330, 1.000000000000000000 ) ) 
 REPRESENTATION_ITEM ( '' )  );
#8739 = FILL_AREA_STYLE ('',( #6043 ) ) ;
#8740 = CARTESIAN_POINT ( 'NONE',  ( 0.2572625420838001165, -1.129999999999999449, 1.769420625901144017 ) ) ;
#8741 = SURFACE_STYLE_USAGE ( .BOTH. , #5954 ) ;
#8742 = EDGE_LOOP ( 'NONE', ( #2413, #4797, #1195, #4030 ) ) ;
#8743 = ORIENTED_EDGE ( 'NONE', *, *, #3756, .F. ) ;
#8744 = EDGE_LOOP ( 'NONE', ( #6999, #8240, #3375, #5916, #7583, #7799 ) ) ;
#8745 = ADVANCED_FACE ( 'NONE', ( #2087 ), #8178, .F. ) ;
#8746 = CYLINDRICAL_SURFACE ( 'NONE', #5552, 0.06399999999999982092 ) ;
#8747 = CARTESIAN_POINT ( 'NONE',  ( -0.2069451709529502581, -1.250000000000001776, 0.7832384112981728430 ) ) ;
#8748 = CARTESIAN_POINT ( 'NONE',  ( 5.353200710532141748, 2.859999999999999432, 7.909999999999990372 ) ) ;
#8749 = EDGE_CURVE ( 'NONE', #5639, #6663, #4206, .T. ) ;
#8750 = FILL_AREA_STYLE ('',( #2252 ) ) ;
#8751 = ORIENTED_EDGE ( 'NONE', *, *, #589, .T. ) ;
#8752 = CARTESIAN_POINT ( 'NONE',  ( -0.2732007105321401230, 2.859999999999999876, -2.359999999999988773 ) ) ;
#8753 = EDGE_LOOP ( 'NONE', ( #116, #354, #5705, #3177, #2620, #3500 ) ) ;
#8754 = VECTOR ( 'NONE', #8413, 1000.000000000000000 ) ;
#8755 = CARTESIAN_POINT ( 'NONE',  ( 0.2031249999999996114, -1.250000000000001110, 1.180956325301204979 ) ) ;
#8756 = PLANE ( 'NONE',  #760 ) ;
#8757 = CARTESIAN_POINT ( 'NONE',  ( 0.3200000000000001177, 0.2732007105321395679, 7.909999999999986819 ) ) ;
#8759 = ADVANCED_FACE ( 'NONE', ( #6822 ), #4118, .T. ) ;
#8758 = COLOUR_RGB ( '',1.000000000000000000, 0.000000000000000000, 0.000000000000000000 ) ;
#8760 = CARTESIAN_POINT ( 'NONE',  ( -0.2349397590361447796, -1.250000000000000000, 0.8488780120481929092 ) ) ;
#8762 = ORIENTED_EDGE ( 'NONE', *, *, #8072, .T. ) ;
#8761 = ORIENTED_EDGE ( 'NONE', *, *, #7721, .F. ) ;
#8763 = UNCERTAINTY_MEASURE_WITH_UNIT (LENGTH_MEASURE( 1.000000000000000082E-05 ), #1569, 'distance_accuracy_value', 'NONE');
#8764 = DIRECTION ( 'NONE',  ( -1.000000000000000000, 0.000000000000000000, 0.000000000000000000 ) ) ;
#8765 = VERTEX_POINT ( 'NONE', #3430 ) ;
#8766 = AXIS2_PLACEMENT_3D ( 'NONE', #5949, #2540, #3238 ) ;
#8767 = DIRECTION ( 'NONE',  ( -1.000000000000000000, 1.408054769461693942E-16, 0.000000000000000000 ) ) ;
#8768 = DIRECTION ( 'NONE',  ( -0.000000000000000000, -0.000000000000000000, 1.000000000000000000 ) ) ;
#8769 =( NAMED_UNIT ( * ) SI_UNIT ( $, .STERADIAN. ) SOLID_ANGLE_UNIT ( ) );
#8770 = COLOUR_RGB ( '',0.9686274509803921573, 0.8784313725490195957, 0.5999999999999999778 ) ;
#8772 = VERTEX_POINT ( 'NONE', #2735 ) ;
#8771 = ORIENTED_EDGE ( 'NONE', *, *, #3724, .F. ) ;
#8773 = CARTESIAN_POINT ( 'NONE',  ( 3.559999999999999609, 0.000000000000000000, 2.500000000000000000 ) ) ;
#8774 = CARTESIAN_POINT ( 'NONE',  ( 2.841254833995939144, 0.3012548339959383870, 8.016309119164537478 ) ) ;
#8775 = CARTESIAN_POINT ( 'NONE',  ( -0.09036144578313276554, -1.250000000000000000, 1.095301204819277396 ) ) ;
#8776 = FILL_AREA_STYLE_COLOUR ( '', #1899 ) ;
#8777 = ADVANCED_FACE ( 'NONE', ( #7890 ), #8452, .T. ) ;
#8778 = SURFACE_SIDE_STYLE ('',( #4670 ) ) ;
#8779 = DIRECTION ( 'NONE',  ( -2.409338161078900167E-16, 1.000000000000000000, 0.000000000000000000 ) ) ;
#8780 = FILL_AREA_STYLE ('',( #1673 ) ) ;
#8781 = FILL_AREA_STYLE ('',( #3199 ) ) ;
#8782 = VERTEX_POINT ( 'NONE', #4356 ) ;
#8783 = UNCERTAINTY_MEASURE_WITH_UNIT (LENGTH_MEASURE( 1.000000000000000082E-05 ), #4265, 'distance_accuracy_value', 'NONE');
#8784 = DIRECTION ( 'NONE',  ( -0.1710878697460327114, 0.1710878697460326836, -0.9702875252478149193 ) ) ;
#8785 = LINE ( 'NONE', #1818, #8857 ) ;
#8786 = PRESENTATION_LAYER_ASSIGNMENT (  '', '', ( #9068 ) ) ;
#8787 = EDGE_LOOP ( 'NONE', ( #7882, #9045, #7573, #5961 ) ) ;
#8788 = CARTESIAN_POINT ( 'NONE',  ( 2.860000000000000320, 2.795999999999999375, 7.909999999999988596 ) ) ;
#8789 =( BOUNDED_CURVE ( )  B_SPLINE_CURVE ( 3, ( #551, #8353, #1271, #2673 ),
 .UNSPECIFIED., .F., .F. ) 
 B_SPLINE_CURVE_WITH_KNOTS ( ( 4, 4 ),
 ( 5.497787143782140618, 6.283185307179586232 ),
 .UNSPECIFIED. ) 
 CURVE ( )  GEOMETRIC_REPRESENTATION_ITEM ( )  RATIONAL_B_SPLINE_CURVE ( ( 1.000000000000000000, 0.9492530216741915661, 0.9492530216741915661, 1.000000000000000000 ) ) 
 REPRESENTATION_ITEM ( '' )  );
#8790 = DIRECTION ( 'NONE',  ( 1.000000000000000000, 0.000000000000000000, 0.000000000000000000 ) ) ;
#8791 = MECHANICAL_DESIGN_GEOMETRIC_PRESENTATION_REPRESENTATION (  '', ( #7897 ), #274 ) ;
#8792 = AXIS2_PLACEMENT_3D ( 'NONE', #1707, #228, #3043 ) ;
#8793 = CARTESIAN_POINT ( 'NONE',  ( -0.1577689812403442471, -1.129999999999998561, 0.7263366216202525871 ) ) ;
#8794 = DIRECTION ( 'NONE',  ( 1.000000000000000000, 0.000000000000000000, 0.000000000000000000 ) ) ;
#8795 = SURFACE_SIDE_STYLE ('',( #386 ) ) ;
#8796 = PLANE ( 'NONE',  #2846 ) ;
#8797 = ORIENTED_EDGE ( 'NONE', *, *, #495, .F. ) ;
#8798 = CARTESIAN_POINT ( 'NONE',  ( -0.2890920949374356508, 2.853417573054441991, 7.947330798265292984 ) ) ;
#8799 = MECHANICAL_DESIGN_GEOMETRIC_PRESENTATION_REPRESENTATION (  '', ( #596 ), #5587 ) ;
#8800 = ORIENTED_EDGE ( 'NONE', *, *, #7401, .F. ) ;
#8801 = VECTOR ( 'NONE', #8383, 1000.000000000000000 ) ;
#8802 = ADVANCED_FACE ( 'NONE', ( #2999 ), #1474, .F. ) ;
#8803 = CARTESIAN_POINT ( 'NONE',  ( 0.2413707663489050859, -1.150000000000000355, 1.193284726940151641 ) ) ;
#8804 = CARTESIAN_POINT ( 'NONE',  ( 0.3464101615137756829, -1.046666666666666856, 2.449999999999999734 ) ) ;
#8805 = COLOUR_RGB ( '',1.000000000000000000, 0.8431372549019607865, 0.000000000000000000 ) ;
#8806 = FILL_AREA_STYLE ('',( #6023 ) ) ;
#8808 = ORIENTED_EDGE ( 'NONE', *, *, #1370, .F. ) ;
#8807 = ORIENTED_EDGE ( 'NONE', *, *, #8446, .T. ) ;
#8809 = CARTESIAN_POINT ( 'NONE',  ( -0.09036144578313276554, -1.250000000000000000, 1.462771084337349370 ) ) ;
#8810 = FILL_AREA_STYLE_COLOUR ( '', #7700 ) ;
#8811 = EDGE_LOOP ( 'NONE', ( #1257, #4108, #30, #6533 ) ) ;
#8812 =( GEOMETRIC_REPRESENTATION_CONTEXT ( 3 ) GLOBAL_UNCERTAINTY_ASSIGNED_CONTEXT ( ( #3012 ) ) GLOBAL_UNIT_ASSIGNED_CONTEXT ( ( #8688, #2400, #5207 ) ) REPRESENTATION_CONTEXT ( 'NONE', 'WORKASPACE' ) );
#8813 = EDGE_CURVE ( 'NONE', #1585, #8157, #5712, .T. ) ;
#8814 = DIRECTION ( 'NONE',  ( 0.000000000000000000, -5.078189165123089681E-17, 1.000000000000000000 ) ) ;
#8815 = DIRECTION ( 'NONE',  ( 1.000000000000000000, 0.000000000000000000, -0.000000000000000000 ) ) ;
#8816 = VECTOR ( 'NONE', #7647, 1000.000000000000000 ) ;
#8817 =( NAMED_UNIT ( * ) SI_UNIT ( $, .STERADIAN. ) SOLID_ANGLE_UNIT ( ) );
#8819 = ORIENTED_EDGE ( 'NONE', *, *, #3999, .F. ) ;
#8818 = ORIENTED_EDGE ( 'NONE', *, *, #2739, .F. ) ;
#8820 = DIRECTION ( 'NONE',  ( -0.7071067811865463515, -0.7071067811865487940, -0.000000000000000000 ) ) ;
#8821 = DIRECTION ( 'NONE',  ( 0.000000000000000000, 1.000000000000000000, 0.000000000000000000 ) ) ;
#8822 = COLOUR_RGB ( '',0.9686274509803921573, 0.8784313725490195957, 0.5999999999999999778 ) ;
#8823 = EDGE_CURVE ( 'NONE', #3136, #7736, #3561, .T. ) ;
#8824 =( NAMED_UNIT ( * ) PLANE_ANGLE_UNIT ( ) SI_UNIT ( $, .RADIAN. ) );
#8825 = LINE ( 'NONE', #373, #6148 ) ;
#8826 = CARTESIAN_POINT ( 'NONE',  ( 5.381254833995939180, 2.238745166004060483, -2.466309119164537655 ) ) ;
#8827 = FACE_OUTER_BOUND ( 'NONE', #2191, .T. ) ;
#8828 = CARTESIAN_POINT ( 'NONE',  ( 2.841254833995939144, -0.3012548339959392751, -2.466309119164537655 ) ) ;
#8829 = ORIENTED_EDGE ( 'NONE', *, *, #3536, .F. ) ;
#8830 = DIRECTION ( 'NONE',  ( 1.000000000000000000, 3.336006684570782608E-16, 0.000000000000000000 ) ) ;
#8831 = CARTESIAN_POINT ( 'NONE',  ( 1.498304512629999863, -1.250000000000000222, 2.350000000000000089 ) ) ;
#8832 = MECHANICAL_DESIGN_GEOMETRIC_PRESENTATION_REPRESENTATION (  '', ( #165 ), #4890 ) ;
#8833 = ORIENTED_EDGE ( 'NONE', *, *, #6665, .F. ) ;
#8834 = CARTESIAN_POINT ( 'NONE',  ( -0.3012548339959391086, 2.238745166004060483, -2.466309119164536767 ) ) ;
#8835 = ADVANCED_FACE ( 'NONE', ( #789 ), #4448, .F. ) ;
#8836 =( LENGTH_UNIT ( ) NAMED_UNIT ( * ) SI_UNIT ( .MILLI., .METRE. ) );
#8837 = STYLED_ITEM ( 'NONE', ( #530 ), #1357 ) ;
#8838 = CARTESIAN_POINT ( 'NONE',  ( 0.2557859689903594358, -1.192725508869584505, 1.100532551320418939 ) ) ;
#8839 = CARTESIAN_POINT ( 'NONE',  ( -0.2322227741005678525, -1.129999999999999005, 0.7468819479089869873 ) ) ;
#8840 = LINE ( 'NONE', #7512, #8860 ) ;
#8841 = EDGE_CURVE ( 'NONE', #8016, #4271, #3955, .T. ) ;
#8842 = VERTEX_POINT ( 'NONE', #834 ) ;
#8843 = CARTESIAN_POINT ( 'NONE',  ( 1.520000000000000240, 3.270000000000000462, 0.6000000000000000888 ) ) ;
#8844 = VECTOR ( 'NONE', #7938, 1000.000000000000000 ) ;
#8845 = EDGE_LOOP ( 'NONE', ( #8668, #7955, #8623, #8440, #1561, #1996, #3957, #7880, #5130, #1571, #2701, #6099 ) ) ;
#8846 = EDGE_CURVE ( 'NONE', #3376, #4054, #5895, .T. ) ;
#8847 = FACE_OUTER_BOUND ( 'NONE', #6347, .T. ) ;
#8848 =( NAMED_UNIT ( * ) SI_UNIT ( $, .STERADIAN. ) SOLID_ANGLE_UNIT ( ) );
#8849 = STYLED_ITEM ( 'NONE', ( #1230 ), #2135 ) ;
#8850 = SURFACE_STYLE_USAGE ( .BOTH. , #6197 ) ;
#8851 =( NAMED_UNIT ( * ) PLANE_ANGLE_UNIT ( ) SI_UNIT ( $, .RADIAN. ) );
#8853 = VERTEX_POINT ( 'NONE', #8679 ) ;
#8852 = ORIENTED_EDGE ( 'NONE', *, *, #854, .T. ) ;
#8854 = UNCERTAINTY_MEASURE_WITH_UNIT (LENGTH_MEASURE( 1.000000000000000082E-05 ), #2514, 'distance_accuracy_value', 'NONE');
#8855 = LINE ( 'NONE', #4009, #7861 ) ;
#8856 = ORIENTED_EDGE ( 'NONE', *, *, #6998, .F. ) ;
#8857 = VECTOR ( 'NONE', #4633, 1000.000000000000000 ) ;
#8858 = EDGE_CURVE ( 'NONE', #93, #2406, #7393, .T. ) ;
#8859 = DIRECTION ( 'NONE',  ( -6.842277657836020854E-49, 5.078189165123089681E-17, -1.000000000000000000 ) ) ;
#8860 = VECTOR ( 'NONE', #2561, 1000.000000000000000 ) ;
#8861 = MECHANICAL_DESIGN_GEOMETRIC_PRESENTATION_REPRESENTATION (  '', ( #5357 ), #6093 ) ;
#8862 = CARTESIAN_POINT ( 'NONE',  ( -0.2178245392137369563, -1.193758438863201876, 1.364171445060734289 ) ) ;
#8863 = EDGE_CURVE ( 'NONE', #5824, #68, #3829, .T. ) ;
#8865 = VERTEX_POINT ( 'NONE', #8076 ) ;
#8864 = ORIENTED_EDGE ( 'NONE', *, *, #3815, .T. ) ;
#8866 = LINE ( 'NONE', #1901, #5060 ) ;
#8867 =( LENGTH_UNIT ( ) NAMED_UNIT ( * ) SI_UNIT ( .MILLI., .METRE. ) );
#8868 = VECTOR ( 'NONE', #6480, 1000.000000000000000 ) ;
#8869 =( NAMED_UNIT ( * ) SI_UNIT ( $, .STERADIAN. ) SOLID_ANGLE_UNIT ( ) );
#8870 = LINE ( 'NONE', #7590, #3220 ) ;
#8871 = CARTESIAN_POINT ( 'NONE',  ( 1.370000000000002105, 3.270000000000000462, 0.6000000000000000888 ) ) ;
#8872 = LINE ( 'NONE', #5481, #4986 ) ;
#8873 = ORIENTED_EDGE ( 'NONE', *, *, #3918, .F. ) ;
#8874 = UNCERTAINTY_MEASURE_WITH_UNIT (LENGTH_MEASURE( 1.000000000000000082E-05 ), #4586, 'distance_accuracy_value', 'NONE');
#8875 = VECTOR ( 'NONE', #4542, 1000.000000000000000 ) ;
#8876 = CARTESIAN_POINT ( 'NONE',  ( 0.2349397590361444188, -1.250000000000000000, 0.8488780120481929092 ) ) ;
#8877 = CARTESIAN_POINT ( 'NONE',  ( -1.019999999999999796, -0.7700000000000006839, 0.4500000000000001221 ) ) ;
#8878 = MECHANICAL_DESIGN_GEOMETRIC_PRESENTATION_REPRESENTATION (  '', ( #4509 ), #4936 ) ;
#8879 = VERTEX_POINT ( 'NONE', #1757 ) ;
#8880 = EDGE_CURVE ( 'NONE', #7248, #2978, #6574, .T. ) ;
#8881 = LINE ( 'NONE', #6136, #5296 ) ;
#8882 = DIRECTION ( 'NONE',  ( -1.000000000000000000, -4.224164308385081333E-16, 1.537470072901852402E-16 ) ) ;
#8883 = DIRECTION ( 'NONE',  ( 0.000000000000000000, 0.000000000000000000, -1.000000000000000000 ) ) ;
#8884 = CARTESIAN_POINT ( 'NONE',  ( -0.2786199085238558748, -1.129999999999998561, 0.8480525636577989079 ) ) ;
#8885 = FACE_OUTER_BOUND ( 'NONE', #8939, .T. ) ;
#8886 = CARTESIAN_POINT ( 'NONE',  ( -0.2494911852965993049, -1.210020284928542411, 0.8485733467014691112 ) ) ;
#8887 = ORIENTED_EDGE ( 'NONE', *, *, #5886, .F. ) ;
#8888 = PRESENTATION_STYLE_ASSIGNMENT (( #8938 ) ) ;
#8889 = VERTEX_POINT ( 'NONE', #8637 ) ;
#8890 = CARTESIAN_POINT ( 'NONE',  ( 0.2560000000000001719, 2.859999999999999876, 7.909999999999988596 ) ) ;
#8891 = DIRECTION ( 'NONE',  ( 6.842277657836020854E-49, -5.078189165123089681E-17, 1.000000000000000000 ) ) ;
#8892 = DIRECTION ( 'NONE',  ( 0.000000000000000000, -1.000000000000000000, 0.000000000000000000 ) ) ;
#8893 = EDGE_CURVE ( 'NONE', #3509, #6266, #5157, .T. ) ;
#8894 = FILL_AREA_STYLE_COLOUR ( '', #5129 ) ;
#8895 = ADVANCED_FACE ( 'NONE', ( #958 ), #3783, .T. ) ;
#8896 = DIRECTION ( 'NONE',  ( 8.470329472543003391E-17, -1.000000000000000000, 0.000000000000000000 ) ) ;
#8898 = ORIENTED_EDGE ( 'NONE', *, *, #8301, .F. ) ;
#8897 = ORIENTED_EDGE ( 'NONE', *, *, #3348, .F. ) ;
#8899 = CARTESIAN_POINT ( 'NONE',  ( 0.2069451709529500638, -1.250000000000001110, 0.7832384112981745083 ) ) ;
#8900 = ORIENTED_EDGE ( 'NONE', *, *, #2453, .T. ) ;
#8901 = CARTESIAN_POINT ( 'NONE',  ( -0.3012548339959391086, 2.238745166004060483, -2.466309119164536767 ) ) ;
#8902 = EDGE_CURVE ( 'NONE', #3310, #5382, #3134, .T. ) ;
#8903 = MECHANICAL_DESIGN_GEOMETRIC_PRESENTATION_REPRESENTATION (  '', ( #2753 ), #4959 ) ;
#8904 = FACE_OUTER_BOUND ( 'NONE', #8166, .T. ) ;
#8905 = CARTESIAN_POINT ( 'NONE',  ( 0.3012665221284894224, 2.238733477871510669, -2.466242832470900037 ) ) ;
#8906 = SURFACE_STYLE_USAGE ( .BOTH. , #7487 ) ;
#8908 = VERTEX_POINT ( 'NONE', #1051 ) ;
#8907 = ORIENTED_EDGE ( 'NONE', *, *, #903, .T. ) ;
#8909 = CARTESIAN_POINT ( 'NONE',  ( 0.2069451709529567807, -1.249999999999969136, 0.7832384112981648494 ) ) ;
#8910 = LINE ( 'NONE', #3924, #2412 ) ;
#8911 = EDGE_CURVE ( 'NONE', #6696, #8071, #5943, .T. ) ;
#8912 = DIRECTION ( 'NONE',  ( 1.000000000000000000, 0.000000000000000000, 0.000000000000000000 ) ) ;
#8913 = STYLED_ITEM ( 'NONE', ( #6450 ), #5788 ) ;
#8914 = VECTOR ( 'NONE', #1165, 1000.000000000000000 ) ;
#8915 = LINE ( 'NONE', #2772, #3989 ) ;
#8916 = EDGE_CURVE ( 'NONE', #6469, #8424, #8724, .T. ) ;
#8917 = CARTESIAN_POINT ( 'NONE',  ( 2.284000000000000252, 2.219999999999999307, 7.909999999999988596 ) ) ;
#8918 = STYLED_ITEM ( 'NONE', ( #5288 ), #6106 ) ;
#8919 = DIRECTION ( 'NONE',  ( -1.000000000000000000, 0.000000000000000000, -0.000000000000000000 ) ) ;
#8920 = AXIS2_PLACEMENT_3D ( 'NONE', #6915, #8220, #7450 ) ;
#8921 = CARTESIAN_POINT ( 'NONE',  ( -0.1585990556424838327, -1.149999999999996581, 1.806308475306871442 ) ) ;
#8922 = FILL_AREA_STYLE_COLOUR ( '', #3966 ) ;
#8923 = PLANE ( 'NONE',  #8691 ) ;
#8924 = ORIENTED_EDGE ( 'NONE', *, *, #7266, .T. ) ;
#8925 = DIRECTION ( 'NONE',  ( 0.000000000000000000, -0.000000000000000000, 1.000000000000000000 ) ) ;
#8926 = PLANE ( 'NONE',  #1679 ) ;
#8927 = VERTEX_POINT ( 'NONE', #6669 ) ;
#8928 = VECTOR ( 'NONE', #5005, 1000.000000000000000 ) ;
#8929 = EDGE_CURVE ( 'NONE', #4961, #1218, #3185, .T. ) ;
#8930 = PRESENTATION_STYLE_ASSIGNMENT (( #8185 ) ) ;
#8931 = DIRECTION ( 'NONE',  ( -0.000000000000000000, -0.000000000000000000, -1.000000000000000000 ) ) ;
#8932 =( NAMED_UNIT ( * ) PLANE_ANGLE_UNIT ( ) SI_UNIT ( $, .RADIAN. ) );
#8933 = VECTOR ( 'NONE', #7003, 1000.000000000000000 ) ;
#8934 = VECTOR ( 'NONE', #8365, 1000.000000000000000 ) ;
#8935 = FACE_OUTER_BOUND ( 'NONE', #3904, .T. ) ;
#8936 = SURFACE_SIDE_STYLE ('',( #3399 ) ) ;
#8937 = ORIENTED_EDGE ( 'NONE', *, *, #8246, .T. ) ;
#8938 = SURFACE_STYLE_USAGE ( .BOTH. , #536 ) ;
#8939 = EDGE_LOOP ( 'NONE', ( #4876, #6336, #4330, #7283 ) ) ;
#8940 = COLOUR_RGB ( '',0.9686274509803921573, 0.8784313725490195957, 0.5999999999999999778 ) ;
#8941 = AXIS2_PLACEMENT_3D ( 'NONE', #5622, #7844, #4303 ) ;
#8942 = CARTESIAN_POINT ( 'NONE',  ( 3.910000000000001918, -0.7700000000000002398, 0.6000000000000000888 ) ) ;
#8943 = DIRECTION ( 'NONE',  ( 0.000000000000000000, 0.3420201433256694901, 0.9396926207859082059 ) ) ;
#8944 = ADVANCED_FACE ( 'NONE', ( #7829 ), #5094, .F. ) ;
#8945 = PLANE ( 'NONE',  #2534 ) ;
#8946 =( NAMED_UNIT ( * ) SI_UNIT ( $, .STERADIAN. ) SOLID_ANGLE_UNIT ( ) );
#8948 = ORIENTED_EDGE ( 'NONE', *, *, #140, .F. ) ;
#8947 = ORIENTED_EDGE ( 'NONE', *, *, #6020, .F. ) ;
#8949 = FACE_OUTER_BOUND ( 'NONE', #8742, .T. ) ;
#8950 = ORIENTED_EDGE ( 'NONE', *, *, #1963, .T. ) ;
#8951 = DIRECTION ( 'NONE',  ( 0.7071067811865515695, -0.000000000000000000, 0.7071067811865435759 ) ) ;
#8952 = EDGE_CURVE ( 'NONE', #4621, #6439, #333, .T. ) ;
#8953 = FACE_OUTER_BOUND ( 'NONE', #2537, .T. ) ;
#8954 = CARTESIAN_POINT ( 'NONE',  ( 5.281087211002079229, 2.741087211002078305, 8.584387938363944315 ) ) ;
#8955 = CARTESIAN_POINT ( 'NONE',  ( 2.238745166004060927, -0.3012548339959397747, 8.016309119164535701 ) ) ;
#8957 = ORIENTED_EDGE ( 'NONE', *, *, #1365, .T. ) ;
#8956 = VERTEX_POINT ( 'NONE', #7155 ) ;
#8958 = FACE_OUTER_BOUND ( 'NONE', #5844, .T. ) ;
#8960 = EDGE_CURVE ( 'NONE', #6180, #85, #2414, .T. ) ;
#8959 = VECTOR ( 'NONE', #3558, 1000.000000000000000 ) ;
#8961 = CARTESIAN_POINT ( 'NONE',  ( -1.815899543548297060E-16, -1.149999999999999911, 1.806397023426620674 ) ) ;
#8962 =( NAMED_UNIT ( * ) PLANE_ANGLE_UNIT ( ) SI_UNIT ( $, .RADIAN. ) );
#8963 = EDGE_CURVE ( 'NONE', #2293, #6324, #2851, .T. ) ;
#8964 = CARTESIAN_POINT ( 'NONE',  ( 2.250907905062563774, 2.226582426945557636, 7.947330798265289431 ) ) ;
#8965 = VECTOR ( 'NONE', #1518, 1000.000000000000000 ) ;
#8966 = LINE ( 'NONE', #3428, #990 ) ;
#8967 = CARTESIAN_POINT ( 'NONE',  ( -1.019999999999999796, -1.250000000000000222, 0.4500000000000001221 ) ) ;
#8968 = PLANE ( 'NONE',  #5783 ) ;
#8969 = ORIENTED_EDGE ( 'NONE', *, *, #4322, .T. ) ;
#8971 = CARTESIAN_POINT ( 'NONE',  ( 2.226582426945558080, -0.2890920949374361504, -2.397330798265291385 ) ) ;
#8970 = B_SPLINE_CURVE_WITH_KNOTS ( 'NONE', 3,
 ( #1411, #1988, #2678, #7034, #4930, #2032, #4799, #2767, #1465, #7074, #7586, #4845 ),
 .UNSPECIFIED., .F., .F.,
 ( 4, 2, 2, 2, 2, 4 ),
 ( 0.000000000000000000, 3.117632172700241460E-05, 4.676448259050362528E-05, 6.235264345400482920E-05, 9.352896518100725057E-05, 0.0001247052869080096584 ),
 .UNSPECIFIED. ) ;
#8972 =( GEOMETRIC_REPRESENTATION_CONTEXT ( 3 ) GLOBAL_UNCERTAINTY_ASSIGNED_CONTEXT ( ( #3295 ) ) GLOBAL_UNIT_ASSIGNED_CONTEXT ( ( #7407, #5995, #4538 ) ) REPRESENTATION_CONTEXT ( 'NONE', 'WORKASPACE' ) );
#8973 = FILL_AREA_STYLE ('',( #12 ) ) ;
#8974 = SURFACE_SIDE_STYLE ('',( #5449 ) ) ;
#8975 = FACE_OUTER_BOUND ( 'NONE', #6590, .T. ) ;
#8976 = LINE ( 'NONE', #4128, #8816 ) ;
#8977 =( GEOMETRIC_REPRESENTATION_CONTEXT ( 3 ) GLOBAL_UNCERTAINTY_ASSIGNED_CONTEXT ( ( #2551 ) ) GLOBAL_UNIT_ASSIGNED_CONTEXT ( ( #5043, #1496, #4326 ) ) REPRESENTATION_CONTEXT ( 'NONE', 'WORKASPACE' ) );
#8978 = PRESENTATION_STYLE_ASSIGNMENT (( #6881 ) ) ;
#8979 = CARTESIAN_POINT ( 'NONE',  ( 4.760000000000000675, 2.859999999999999876, -2.359999999999988773 ) ) ;
#8980 = ADVANCED_FACE ( 'NONE', ( #3688 ), #6472, .F. ) ;
#8981 = ORIENTED_EDGE ( 'NONE', *, *, #978, .F. ) ;
#8982 =( BOUNDED_CURVE ( )  B_SPLINE_CURVE ( 3, ( #4520, #1043, #5189, #4570 ),
 .UNSPECIFIED., .F., .F. ) 
 B_SPLINE_CURVE_WITH_KNOTS ( ( 4, 4 ),
 ( 3.141592653589793116, 3.926990816987248056 ),
 .UNSPECIFIED. ) 
 CURVE ( )  GEOMETRIC_REPRESENTATION_ITEM ( )  RATIONAL_B_SPLINE_CURVE ( ( 1.000000000000000000, 0.9492530216741903448, 0.9492530216741903448, 1.000000000000000000 ) ) 
 REPRESENTATION_ITEM ( '' )  );
#8983 = ORIENTED_EDGE ( 'NONE', *, *, #3587, .F. ) ;
#8984 = AXIS2_PLACEMENT_3D ( 'NONE', #1072, #3899, #8794 ) ;
#8985 = DIRECTION ( 'NONE',  ( 0.7071067811865515695, -0.000000000000000000, 0.7071067811865435759 ) ) ;
#8986 = DIRECTION ( 'NONE',  ( 0.000000000000000000, -0.9396926207859082059, 0.3420201433256694901 ) ) ;
#8987 =( NAMED_UNIT ( * ) SI_UNIT ( $, .STERADIAN. ) SOLID_ANGLE_UNIT ( ) );
#8988 = CARTESIAN_POINT ( 'NONE',  ( 0.3200000000000001177, 0.2732007105321401230, -2.359999999999986997 ) ) ;
#8989 = VECTOR ( 'NONE', #4398, 1000.000000000000000 ) ;
#8991 = VERTEX_POINT ( 'NONE', #2982 ) ;
#8990 = ORIENTED_EDGE ( 'NONE', *, *, #8732, .F. ) ;
#8992 = DIRECTION ( 'NONE',  ( 0.000000000000000000, -1.000000000000000000, 0.000000000000000000 ) ) ;
#8993 = CARTESIAN_POINT ( 'NONE',  ( 2.220000000000000195, 2.795999999999999375, 8.550000000000000711 ) ) ;
#8994 = ORIENTED_EDGE ( 'NONE', *, *, #7569, .F. ) ;
#8995 = EDGE_CURVE ( 'NONE', #2796, #1068, #5795, .T. ) ;
#8996 = B_SPLINE_CURVE_WITH_KNOTS ( 'NONE', 3,
 ( #6800, #3125, #5376, #2618, #8156, #6657, #352, #5975, #7431, #8760 ),
 .UNSPECIFIED., .F., .F.,
 ( 4, 2, 2, 2, 4 ),
 ( 0.000000000000000000, 3.142841046800643823E-05, 6.285682093601287646E-05, 9.428523140401931469E-05, 0.0001257136418720257529 ),
 .UNSPECIFIED. ) ;
#8997 = DIRECTION ( 'NONE',  ( 0.000000000000000000, 0.9848077530122085754, 0.1736481776669273891 ) ) ;
#8998 = CARTESIAN_POINT ( 'NONE',  ( 5.336000000000000298, 2.859999999999999876, 8.550000000000000711 ) ) ;
#8999 = SURFACE_SIDE_STYLE ('',( #5468 ) ) ;
#9000 = CARTESIAN_POINT ( 'NONE',  ( 2.841254833995939588, 2.841254833995939144, -2.466309119164536767 ) ) ;
#9002 = VERTEX_POINT ( 'NONE', #773 ) ;
#9001 = VERTEX_POINT ( 'NONE', #8575 ) ;
#9003 = DIRECTION ( 'NONE',  ( -6.842277657836020854E-49, 5.078189165123089681E-17, -1.000000000000000000 ) ) ;
#9004 = CARTESIAN_POINT ( 'NONE',  ( 1.520000000000000240, -0.7700000000000002398, 0.6000000000000000888 ) ) ;
#9005 = VECTOR ( 'NONE', #7273, 1000.000000000000227 ) ;
#9006 = PLANE ( 'NONE',  #6137 ) ;
#9007 = PLANE ( 'NONE',  #3415 ) ;
#9008 = VECTOR ( 'NONE', #1316, 1000.000000000000114 ) ;
#9009 = CARTESIAN_POINT ( 'NONE',  ( 0.6499999999999999112, -1.249999999999999778, 1.270000000000000018 ) ) ;
#9010 = FACE_OUTER_BOUND ( 'NONE', #7136, .T. ) ;
#9011 = PRESENTATION_STYLE_ASSIGNMENT (( #1910 ) ) ;
#9012 = EDGE_CURVE ( 'NONE', #1256, #5055, #2290, .T. ) ;
#9013 = EDGE_CURVE ( 'NONE', #2394, #477, #6383, .T. ) ;
#9014 = VERTEX_POINT ( 'NONE', #8485 ) ;
#9015 = CARTESIAN_POINT ( 'NONE',  ( 2.332849267653417602, 2.747150732346582469, -3.000000000000000000 ) ) ;
#9016 = DIRECTION ( 'NONE',  ( 0.7071067811865441310, 0.7071067811865507924, -0.000000000000000000 ) ) ;
#9017 = VECTOR ( 'NONE', #5053, 1000.000000000000000 ) ;
#9018 = AXIS2_PLACEMENT_3D ( 'NONE', #1312, #5556, #1355 ) ;
#9019 =( NAMED_UNIT ( * ) SI_UNIT ( $, .STERADIAN. ) SOLID_ANGLE_UNIT ( ) );
#9020 = DIRECTION ( 'NONE',  ( -0.1710878697460326558, -0.1710878697460326836, 0.9702875252478149193 ) ) ;
#9021 = CARTESIAN_POINT ( 'NONE',  ( 4.823999999999999844, 0.3199999999999998401, -2.359999999999988773 ) ) ;
#9022 = MECHANICAL_DESIGN_GEOMETRIC_PRESENTATION_REPRESENTATION (  '', ( #1849 ), #2585 ) ;
#9023 = MECHANICAL_DESIGN_GEOMETRIC_PRESENTATION_REPRESENTATION (  '', ( #6101 ), #6389 ) ;
#9024 = PLANE ( 'NONE',  #628 ) ;
#9025 = CARTESIAN_POINT ( 'NONE',  ( 5.336000000000000298, -0.3200000000000001732, -2.359999999999988773 ) ) ;
#9026 =( LENGTH_UNIT ( ) NAMED_UNIT ( * ) SI_UNIT ( .MILLI., .METRE. ) );
#9027 = ORIENTED_EDGE ( 'NONE', *, *, #4168, .T. ) ;
#9028 = EDGE_CURVE ( 'NONE', #1353, #975, #2205, .T. ) ;
#9029 = ORIENTED_EDGE ( 'NONE', *, *, #2063, .T. ) ;
#9030 = VECTOR ( 'NONE', #4437, 1000.000000000000000 ) ;
#9031 = PRESENTATION_STYLE_ASSIGNMENT (( #1925 ) ) ;
#9032 = EDGE_CURVE ( 'NONE', #1746, #8059, #6465, .T. ) ;
#9033 = DIRECTION ( 'NONE',  ( 0.000000000000000000, -0.9848077530122085754, 0.1736481776669278054 ) ) ;
#9034 =( NAMED_UNIT ( * ) SI_UNIT ( $, .STERADIAN. ) SOLID_ANGLE_UNIT ( ) );
#9035 = CARTESIAN_POINT ( 'NONE',  ( 2.859999999999999876, 0.2732007105321401230, -2.359999999999986997 ) ) ;
#9037 = ORIENTED_EDGE ( 'NONE', *, *, #8155, .T. ) ;
#9036 = ORIENTED_EDGE ( 'NONE', *, *, #1531, .T. ) ;
#9038 = ORIENTED_EDGE ( 'NONE', *, *, #447, .F. ) ;
#9039 =( LENGTH_UNIT ( ) NAMED_UNIT ( * ) SI_UNIT ( .MILLI., .METRE. ) );
#9040 = EDGE_CURVE ( 'NONE', #7736, #3364, #3319, .T. ) ;
#9041 = SURFACE_SIDE_STYLE ('',( #6432 ) ) ;
#9042 = CARTESIAN_POINT ( 'NONE',  ( -0.2216368291659754353, -1.179172292676296641, 1.360472537827442929 ) ) ;
#9043 = CARTESIAN_POINT ( 'NONE',  ( 5.381254833995939180, 2.841254833995939144, -2.466309119164536767 ) ) ;
#9045 = ORIENTED_EDGE ( 'NONE', *, *, #7156, .T. ) ;
#9044 = ORIENTED_EDGE ( 'NONE', *, *, #3517, .F. ) ;
#9046 = FILL_AREA_STYLE_COLOUR ( '', #5820 ) ;
#9047 = CARTESIAN_POINT ( 'NONE',  ( 0.3200000000000000622, 2.795999999999999819, -2.359999999999988773 ) ) ;
#9048 = DIRECTION ( 'NONE',  ( 6.842277657836020854E-49, -5.078189165123089681E-17, 1.000000000000000000 ) ) ;
#9049 =( GEOMETRIC_REPRESENTATION_CONTEXT ( 3 ) GLOBAL_UNCERTAINTY_ASSIGNED_CONTEXT ( ( #2988 ) ) GLOBAL_UNIT_ASSIGNED_CONTEXT ( ( #7515, #7427, #6313 ) ) REPRESENTATION_CONTEXT ( 'NONE', 'WORKASPACE' ) );
#9050 = CARTESIAN_POINT ( 'NONE',  ( 0.2567730509801736671, -1.190013523391419303, 0.8484209039776858807 ) ) ;
#9051 = DIRECTION ( 'NONE',  ( 0.000000000000000000, 0.9848077530122085754, 0.1736481776669273891 ) ) ;
#9052 = CARTESIAN_POINT ( 'NONE',  ( 2.238745166004060927, -0.3012548339959393862, -2.466309119164536767 ) ) ;
#9053 = ORIENTED_EDGE ( 'NONE', *, *, #4160, .F. ) ;
#9054 = LINE ( 'NONE', #7548, #808 ) ;
#9055 = CARTESIAN_POINT ( 'NONE',  ( -1.270000000000000684, 3.270000000000000462, 0.6000000000000000888 ) ) ;
#9056 =( GEOMETRIC_REPRESENTATION_CONTEXT ( 3 ) GLOBAL_UNCERTAINTY_ASSIGNED_CONTEXT ( ( #3081 ) ) GLOBAL_UNIT_ASSIGNED_CONTEXT ( ( #4348, #4392, #7209 ) ) REPRESENTATION_CONTEXT ( 'NONE', 'WORKASPACE' ) );
#9057 = ADVANCED_FACE ( 'NONE', ( #8066, #8015 ), #5324, .T. ) ;
#9058 =( GEOMETRIC_REPRESENTATION_CONTEXT ( 3 ) GLOBAL_UNCERTAINTY_ASSIGNED_CONTEXT ( ( #3645 ) ) GLOBAL_UNIT_ASSIGNED_CONTEXT ( ( #4088, #2663, #8610 ) ) REPRESENTATION_CONTEXT ( 'NONE', 'WORKASPACE' ) );
#9059 = LINE ( 'NONE', #7731, #3712 ) ;
#9060 = LINE ( 'NONE', #2790, #5959 ) ;
#9061 = CARTESIAN_POINT ( 'NONE',  ( -0.3199999999999998956, -0.2560000000000006715, 7.909999999999988596 ) ) ;
#9062 = DIRECTION ( 'NONE',  ( 1.000000000000000000, -0.000000000000000000, 0.000000000000000000 ) ) ;
#9063 = AXIS2_PLACEMENT_3D ( 'NONE', #253, #3818, #8009 ) ;
#9064 = VERTEX_POINT ( 'NONE', #8715 ) ;
#9065 = VECTOR ( 'NONE', #1812, 1000.000000000000000 ) ;
#9066 = ORIENTED_EDGE ( 'NONE', *, *, #7169, .F. ) ;
#9067 = LINE ( 'NONE', #7655, #263 ) ;
#9068 = STYLED_ITEM ( 'NONE', ( #6090 ), #6676 ) ;
#9069 = VECTOR ( 'NONE', #7026, 1000.000000000000000 ) ;
#9070 = ADVANCED_FACE ( 'NONE', ( #6612 ), #302, .F. ) ;
#9071 = CARTESIAN_POINT ( 'NONE',  ( 0.2349397590361444188, -1.250000000000000000, 1.456746987951807348 ) ) ;
#9072 = DIRECTION ( 'NONE',  ( -8.470329472543003391E-17, 1.000000000000000000, 0.000000000000000000 ) ) ;
#9074 = EDGE_LOOP ( 'NONE', ( #6886, #346, #8616, #7818, #4686, #2247 ) ) ;
#9073 = ORIENTED_EDGE ( 'NONE', *, *, #8711, .T. ) ;
#9075 = CARTESIAN_POINT ( 'NONE',  ( -0.2031249999999999722, -1.250000000000000888, 1.378433734939759514 ) ) ;
#9076 = DIRECTION ( 'NONE',  ( 0.7071067811865463515, 0.7071067811865487940, 0.000000000000000000 ) ) ;
#9077 = ORIENTED_EDGE ( 'NONE', *, *, #6428, .F. ) ;
#9078 = VECTOR ( 'NONE', #2126, 1000.000000000000000 ) ;
#9079 = DIRECTION ( 'NONE',  ( -0.1710878697460331277, 0.1710878697460330722, 0.9702875252478149193 ) ) ;
#9080 = VECTOR ( 'NONE', #3592, 1000.000000000000000 ) ;
#9081 = CARTESIAN_POINT ( 'NONE',  ( 0.07143487197225222018, -1.197999665826966043, 0.9335048870638922303 ) ) ;
#9082 = SURFACE_STYLE_USAGE ( .BOTH. , #3373 ) ;
#9084 = ORIENTED_EDGE ( 'NONE', *, *, #1766, .T. ) ;
#9083 = ORIENTED_EDGE ( 'NONE', *, *, #8841, .F. ) ;
#9085 = CARTESIAN_POINT ( 'NONE',  ( 0.1771939946250046527, -1.249999999999969136, 0.7717580415739583310 ) ) ;
#9086 = CARTESIAN_POINT ( 'NONE',  ( -0.09036144578313276554, -1.250000000000000000, 1.625421686746987948 ) ) ;
#9087 = ORIENTED_EDGE ( 'NONE', *, *, #6699, .F. ) ;
#9088 = FACE_OUTER_BOUND ( 'NONE', #4478, .T. ) ;
#9089 = FACE_OUTER_BOUND ( 'NONE', #4064, .T. ) ;
#9090 = EDGE_CURVE ( 'NONE', #347, #825, #8996, .T. ) ;
ENDSEC;
END-ISO-10303-21;
