ISO-10303-21;
HEADER;
FILE_DESCRIPTION(('Open CASCADE Model'),'2;1');
FILE_NAME('Open CASCADE Shape Model','2026-01-14T17:22:13',('Author'),(
    'Open CASCADE'),'Open CASCADE STEP processor 7.5','Open CASCADE 7.5'
  ,'Unknown');
FILE_SCHEMA(('AUTOMOTIVE_DESIGN { 1 0 10303 214 1 1 1 1 }'));
ENDSEC;
DATA;
#1 = APPLICATION_PROTOCOL_DEFINITION('international standard',
  'automotive_design',2000,#2);
#2 = APPLICATION_CONTEXT(
  'core data for automotive mechanical design processes');
#3 = SHAPE_DEFINITION_REPRESENTATION(#4,#10);
#4 = PRODUCT_DEFINITION_SHAPE('','',#5);
#5 = PRODUCT_DEFINITION('design','',#6,#9);
#6 = PRODUCT_DEFINITION_FORMATION('','',#7);
#7 = PRODUCT('PCB','PCB','',(#8));
#8 = PRODUCT_CONTEXT('',#2,'mechanical');
#9 = PRODUCT_DEFINITION_CONTEXT('part definition',#2,'design');
#10 = SHAPE_REPRESENTATION('',(#11),#15);
#11 = AXIS2_PLACEMENT_3D('',#12,#13,#14);
#12 = CARTESIAN_POINT('',(0.,0.,0.));
#13 = DIRECTION('',(0.,0.,1.));
#14 = DIRECTION('',(1.,0.,-0.));
#15 = ( GEOMETRIC_REPRESENTATION_CONTEXT(3) 
GLOBAL_UNCERTAINTY_ASSIGNED_CONTEXT((#19)) GLOBAL_UNIT_ASSIGNED_CONTEXT(
(#16,#17,#18)) REPRESENTATION_CONTEXT('Context #1',
  '3D Context with UNIT and UNCERTAINTY') );
#16 = ( LENGTH_UNIT() NAMED_UNIT(*) SI_UNIT(.MILLI.,.METRE.) );
#17 = ( NAMED_UNIT(*) PLANE_ANGLE_UNIT() SI_UNIT($,.RADIAN.) );
#18 = ( NAMED_UNIT(*) SI_UNIT($,.STERADIAN.) SOLID_ANGLE_UNIT() );
#19 = UNCERTAINTY_MEASURE_WITH_UNIT(LENGTH_MEASURE(1.E-07),#16,
  'distance_accuracy_value','confusion accuracy');
#20 = PRODUCT_RELATED_PRODUCT_CATEGORY('part',$,(#7));
#21 = SHAPE_DEFINITION_REPRESENTATION(#22,#28);
#22 = PRODUCT_DEFINITION_SHAPE('','',#23);
#23 = PRODUCT_DEFINITION('design','',#24,#27);
#24 = PRODUCT_DEFINITION_FORMATION('','',#25);
#25 = PRODUCT('Designator1','Designator1','',(#26));
#26 = PRODUCT_CONTEXT('',#2,'mechanical');
#27 = PRODUCT_DEFINITION_CONTEXT('part definition',#2,'design');
#28 = SHAPE_REPRESENTATION('',(#11,#29),#33);
#29 = AXIS2_PLACEMENT_3D('',#30,#31,#32);
#30 = CARTESIAN_POINT('',(0.,0.,0.));
#31 = DIRECTION('',(0.,0.,1.));
#32 = DIRECTION('',(1.,0.,0.));
#33 = ( GEOMETRIC_REPRESENTATION_CONTEXT(3) 
GLOBAL_UNCERTAINTY_ASSIGNED_CONTEXT((#37)) GLOBAL_UNIT_ASSIGNED_CONTEXT(
(#34,#35,#36)) REPRESENTATION_CONTEXT('Context #1',
  '3D Context with UNIT and UNCERTAINTY') );
#34 = ( LENGTH_UNIT() NAMED_UNIT(*) SI_UNIT(.MILLI.,.METRE.) );
#35 = ( NAMED_UNIT(*) PLANE_ANGLE_UNIT() SI_UNIT($,.RADIAN.) );
#36 = ( NAMED_UNIT(*) SI_UNIT($,.STERADIAN.) SOLID_ANGLE_UNIT() );
#37 = UNCERTAINTY_MEASURE_WITH_UNIT(LENGTH_MEASURE(5.E-06),#34,
  'distance_accuracy_value','confusion accuracy');
#38 = PRODUCT_RELATED_PRODUCT_CATEGORY('part',$,(#25));
#39 = SHAPE_DEFINITION_REPRESENTATION(#40,#46);
#40 = PRODUCT_DEFINITION_SHAPE('','',#41);
#41 = PRODUCT_DEFINITION('design','',#42,#45);
#42 = PRODUCT_DEFINITION_FORMATION('','',#43);
#43 = PRODUCT('8264714160','8264714160','',(#44));
#44 = PRODUCT_CONTEXT('',#2,'mechanical');
#45 = PRODUCT_DEFINITION_CONTEXT('part definition',#2,'design');
#46 = SHAPE_REPRESENTATION('',(#11,#47,#51,#55,#59),#63);
#47 = AXIS2_PLACEMENT_3D('',#48,#49,#50);
#48 = CARTESIAN_POINT('',(-0.7,-1.5,0.));
#49 = DIRECTION('',(0.,0.,1.));
#50 = DIRECTION('',(1.,0.,0.));
#51 = AXIS2_PLACEMENT_3D('',#52,#53,#54);
#52 = CARTESIAN_POINT('',(-0.7,-0.95,0.));
#53 = DIRECTION('',(0.,0.,1.));
#54 = DIRECTION('',(-1.,1.224646799147E-16,0.));
#55 = AXIS2_PLACEMENT_3D('',#56,#57,#58);
#56 = CARTESIAN_POINT('',(-0.7,0.95,0.));
#57 = DIRECTION('',(0.,0.,1.));
#58 = DIRECTION('',(-1.,1.224646799147E-16,0.));
#59 = AXIS2_PLACEMENT_3D('',#60,#61,#62);
#60 = CARTESIAN_POINT('',(0.7,0.,0.));
#61 = DIRECTION('',(0.,0.,1.));
#62 = DIRECTION('',(1.,0.,0.));
#63 = ( GEOMETRIC_REPRESENTATION_CONTEXT(3) 
GLOBAL_UNCERTAINTY_ASSIGNED_CONTEXT((#67)) GLOBAL_UNIT_ASSIGNED_CONTEXT(
(#64,#65,#66)) REPRESENTATION_CONTEXT('Context #1',
  '3D Context with UNIT and UNCERTAINTY') );
#64 = ( LENGTH_UNIT() NAMED_UNIT(*) SI_UNIT(.MILLI.,.METRE.) );
#65 = ( NAMED_UNIT(*) PLANE_ANGLE_UNIT() SI_UNIT($,.RADIAN.) );
#66 = ( NAMED_UNIT(*) SI_UNIT($,.STERADIAN.) SOLID_ANGLE_UNIT() );
#67 = UNCERTAINTY_MEASURE_WITH_UNIT(LENGTH_MEASURE(5.E-06),#64,
  'distance_accuracy_value','confusion accuracy');
#68 = SHAPE_DEFINITION_REPRESENTATION(#69,#75);
#69 = PRODUCT_DEFINITION_SHAPE('','',#70);
#70 = PRODUCT_DEFINITION('design','',#71,#74);
#71 = PRODUCT_DEFINITION_FORMATION('','',#72);
#72 = PRODUCT('Body','Body','',(#73));
#73 = PRODUCT_CONTEXT('',#2,'mechanical');
#74 = PRODUCT_DEFINITION_CONTEXT('part definition',#2,'design');
#75 = SHAPE_REPRESENTATION('',(#11,#76),#80);
#76 = AXIS2_PLACEMENT_3D('',#77,#78,#79);
#77 = CARTESIAN_POINT('',(0.,0.,0.));
#78 = DIRECTION('',(0.,0.,1.));
#79 = DIRECTION('',(1.,0.,0.));
#80 = ( GEOMETRIC_REPRESENTATION_CONTEXT(3) 
GLOBAL_UNCERTAINTY_ASSIGNED_CONTEXT((#84)) GLOBAL_UNIT_ASSIGNED_CONTEXT(
(#81,#82,#83)) REPRESENTATION_CONTEXT('Context #1',
  '3D Context with UNIT and UNCERTAINTY') );
#81 = ( LENGTH_UNIT() NAMED_UNIT(*) SI_UNIT(.MILLI.,.METRE.) );
#82 = ( NAMED_UNIT(*) PLANE_ANGLE_UNIT() SI_UNIT($,.RADIAN.) );
#83 = ( NAMED_UNIT(*) SI_UNIT($,.STERADIAN.) SOLID_ANGLE_UNIT() );
#84 = UNCERTAINTY_MEASURE_WITH_UNIT(LENGTH_MEASURE(1.E-05),#81,
  'distance_accuracy_value','confusion accuracy');
#85 = ADVANCED_BREP_SHAPE_REPRESENTATION('',(#11,#86),#2216);
#86 = MANIFOLD_SOLID_BREP('',#87);
#87 = CLOSED_SHELL('',(#88,#128,#164,#203,#236,#272,#381,#412,#429,#538,
    #569,#586,#617,#648,#676,#704,#722,#758,#786,#814,#853,#871,#902,
    #936,#960,#1069,#1178,#1189,#1206,#1230,#1339,#1448,#1479,#1490,
    #1518,#1546,#1563,#1588,#1616,#1644,#1669,#1702,#1719,#1828,#1852,
    #1869,#1978,#2002,#2019,#2050,#2067,#2092,#2110,#2135,#2153,#2182,
    #2194,#2205));
#88 = ADVANCED_FACE('',(#89),#123,.F.);
#89 = FACE_BOUND('',#90,.F.);
#90 = EDGE_LOOP('',(#91,#101,#109,#117));
#91 = ORIENTED_EDGE('',*,*,#92,.F.);
#92 = EDGE_CURVE('',#93,#95,#97,.T.);
#93 = VERTEX_POINT('',#94);
#94 = CARTESIAN_POINT('',(5.478104631726E-04,2.9,0.504787931602));
#95 = VERTEX_POINT('',#96);
#96 = CARTESIAN_POINT('',(4.208929017314E-02,2.85845852029,
    0.109547153673));
#97 = LINE('',#98,#99);
#98 = CARTESIAN_POINT('',(-1.074890013952E-03,2.901622700477,
    0.520226895341));
#99 = VECTOR('',#100,1.);
#100 = DIRECTION('',(0.103962051184,-0.103962051184,-0.989132844378));
#101 = ORIENTED_EDGE('',*,*,#102,.F.);
#102 = EDGE_CURVE('',#103,#93,#105,.T.);
#103 = VERTEX_POINT('',#104);
#104 = CARTESIAN_POINT('',(5.478104631726E-04,0.1,0.504787931602));
#105 = LINE('',#106,#107);
#106 = CARTESIAN_POINT('',(5.478104631727E-04,0.,0.504787931602));
#107 = VECTOR('',#108,1.);
#108 = DIRECTION('',(-0.,1.,0.));
#109 = ORIENTED_EDGE('',*,*,#110,.T.);
#110 = EDGE_CURVE('',#103,#111,#113,.T.);
#111 = VERTEX_POINT('',#112);
#112 = CARTESIAN_POINT('',(4.208929017314E-02,0.14154147971,
    0.109547153673));
#113 = LINE('',#114,#115);
#114 = CARTESIAN_POINT('',(-1.074890013952E-03,9.837729952288E-02,
    0.520226895341));
#115 = VECTOR('',#116,1.);
#116 = DIRECTION('',(0.103962051184,0.103962051184,-0.989132844378));
#117 = ORIENTED_EDGE('',*,*,#118,.T.);
#118 = EDGE_CURVE('',#111,#95,#119,.T.);
#119 = LINE('',#120,#121);
#120 = CARTESIAN_POINT('',(4.208929017314E-02,5.150107528018E-02,
    0.109547153673));
#121 = VECTOR('',#122,1.);
#122 = DIRECTION('',(-0.,1.,-0.));
#123 = PLANE('',#124);
#124 = AXIS2_PLACEMENT_3D('',#125,#126,#127);
#125 = CARTESIAN_POINT('',(0.,0.,0.51));
#126 = DIRECTION('',(0.994521895368,0.,0.104528463268));
#127 = DIRECTION('',(-0.,1.,0.));
#128 = ADVANCED_FACE('',(#129),#159,.T.);
#129 = FACE_BOUND('',#130,.T.);
#130 = EDGE_LOOP('',(#131,#143,#151,#158));
#131 = ORIENTED_EDGE('',*,*,#132,.T.);
#132 = EDGE_CURVE('',#93,#133,#135,.T.);
#133 = VERTEX_POINT('',#134);
#134 = CARTESIAN_POINT('',(0.1,2.999452189537,0.504787931602));
#135 = ( BOUNDED_CURVE() B_SPLINE_CURVE(6,(#136,#137,#138,#139,#140,#141
,#142),.UNSPECIFIED.,.F.,.F.) B_SPLINE_CURVE_WITH_KNOTS((7,7),(0.,
1.559869909752),.PIECEWISE_BEZIER_KNOTS.) CURVE() 
GEOMETRIC_REPRESENTATION_ITEM() RATIONAL_B_SPLINE_CURVE((1.030950613501,
    1.009890100201,0.997953445068,0.994040710927,0.997953445068,
1.009890100201,1.030950613501)) REPRESENTATION_ITEM('') );
#136 = CARTESIAN_POINT('',(5.478104631727E-04,2.9,0.504787931602));
#137 = CARTESIAN_POINT('',(8.362191750262E-04,2.926396068307,
    0.502043906005));
#138 = CARTESIAN_POINT('',(9.450074782514E-03,2.952114481755,
    0.500246144534));
#139 = CARTESIAN_POINT('',(2.568827830487E-02,2.974311721695,
    0.499619824568));
#140 = CARTESIAN_POINT('',(4.788551824518E-02,2.990549925217,
    0.500246144534));
#141 = CARTESIAN_POINT('',(7.360393169276E-02,2.999163780825,
    0.502043906005));
#142 = CARTESIAN_POINT('',(0.1,2.999452189537,0.504787931602));
#143 = ORIENTED_EDGE('',*,*,#144,.T.);
#144 = EDGE_CURVE('',#133,#145,#147,.T.);
#145 = VERTEX_POINT('',#146);
#146 = CARTESIAN_POINT('',(0.14154147971,2.957910709827,0.109547153673)
  );
#147 = LINE('',#148,#149);
#148 = CARTESIAN_POINT('',(9.837729952288E-02,3.001074890014,
    0.520226895341));
#149 = VECTOR('',#150,1.);
#150 = DIRECTION('',(0.103962051184,-0.103962051184,-0.989132844378));
#151 = ORIENTED_EDGE('',*,*,#152,.F.);
#152 = EDGE_CURVE('',#95,#145,#153,.T.);
#153 = CIRCLE('',#154,0.1);
#154 = AXIS2_PLACEMENT_3D('',#155,#156,#157);
#155 = CARTESIAN_POINT('',(0.14154147971,2.85845852029,0.12));
#156 = DIRECTION('',(0.103962051184,-0.103962051184,-0.989132844378));
#157 = DIRECTION('',(-0.994521895368,9.163329817152E-14,-0.104528463267)
  );
#158 = ORIENTED_EDGE('',*,*,#92,.F.);
#159 = CYLINDRICAL_SURFACE('',#160,0.1);
#160 = AXIS2_PLACEMENT_3D('',#161,#162,#163);
#161 = CARTESIAN_POINT('',(9.837729952288E-02,2.901622700477,
    0.530679741668));
#162 = DIRECTION('',(0.103962051184,-0.103962051184,-0.989132844378));
#163 = DIRECTION('',(-0.994521895368,9.1635032895E-14,-0.104528463267));
#164 = ADVANCED_FACE('',(#165),#198,.T.);
#165 = FACE_BOUND('',#166,.T.);
#166 = EDGE_LOOP('',(#167,#179,#187,#197));
#167 = ORIENTED_EDGE('',*,*,#168,.F.);
#168 = EDGE_CURVE('',#169,#103,#171,.T.);
#169 = VERTEX_POINT('',#170);
#170 = CARTESIAN_POINT('',(-2.775557561563E-17,0.1,0.515240777928));
#171 = ( BOUNDED_CURVE() B_SPLINE_CURVE(6,(#172,#173,#174,#175,#176,#177
,#178),.UNSPECIFIED.,.F.,.F.) B_SPLINE_CURVE_WITH_KNOTS((7,7),(0.,
0.10471975512),.PIECEWISE_BEZIER_KNOTS.) CURVE() 
GEOMETRIC_REPRESENTATION_ITEM() RATIONAL_B_SPLINE_CURVE((1.000137088577,
    1.00004568784,0.999990860763,0.999972587294,0.999990860763,
1.00004568784,1.000137088577)) REPRESENTATION_ITEM('') );
#172 = CARTESIAN_POINT('',(2.775557561563E-17,0.1,0.515240777928));
#173 = CARTESIAN_POINT('',(5.551115123126E-17,0.1,0.513495289159));
#174 = CARTESIAN_POINT('',(3.655943564777E-05,0.1,0.51174999185));
#175 = CARTESIAN_POINT('',(1.096652759717E-04,0.1,0.510005747314));
#176 = CARTESIAN_POINT('',(2.192831180766E-04,0.1,0.50826341629));
#177 = CARTESIAN_POINT('',(3.653572044893E-04,0.1,0.506523858401));
#178 = CARTESIAN_POINT('',(5.478104631727E-04,0.1,0.504787931602));
#179 = ORIENTED_EDGE('',*,*,#180,.T.);
#180 = EDGE_CURVE('',#169,#181,#183,.T.);
#181 = VERTEX_POINT('',#182);
#182 = CARTESIAN_POINT('',(8.326672684689E-17,2.9,0.515240777928));
#183 = LINE('',#184,#185);
#184 = CARTESIAN_POINT('',(2.775557561563E-17,0.,0.515240777928));
#185 = VECTOR('',#186,1.);
#186 = DIRECTION('',(-0.,1.,0.));
#187 = ORIENTED_EDGE('',*,*,#188,.T.);
#188 = EDGE_CURVE('',#181,#93,#189,.T.);
#189 = ( BOUNDED_CURVE() B_SPLINE_CURVE(6,(#190,#191,#192,#193,#194,#195
,#196),.UNSPECIFIED.,.F.,.F.) B_SPLINE_CURVE_WITH_KNOTS((7,7),(0.,
0.10471975512),.PIECEWISE_BEZIER_KNOTS.) CURVE() 
GEOMETRIC_REPRESENTATION_ITEM() RATIONAL_B_SPLINE_CURVE((1.000137088577,
    1.00004568784,0.999990860763,0.999972587294,0.999990860763,
1.00004568784,1.000137088577)) REPRESENTATION_ITEM('') );
#190 = CARTESIAN_POINT('',(2.775557561563E-17,2.9,0.515240777928));
#191 = CARTESIAN_POINT('',(5.551115123126E-17,2.9,0.513495289159));
#192 = CARTESIAN_POINT('',(3.655943564777E-05,2.9,0.51174999185));
#193 = CARTESIAN_POINT('',(1.096652759717E-04,2.9,0.510005747314));
#194 = CARTESIAN_POINT('',(2.192831180766E-04,2.9,0.50826341629));
#195 = CARTESIAN_POINT('',(3.653572044893E-04,2.9,0.506523858401));
#196 = CARTESIAN_POINT('',(5.478104631727E-04,2.9,0.504787931602));
#197 = ORIENTED_EDGE('',*,*,#102,.F.);
#198 = CYLINDRICAL_SURFACE('',#199,0.1);
#199 = AXIS2_PLACEMENT_3D('',#200,#201,#202);
#200 = CARTESIAN_POINT('',(0.1,0.,0.515240777928));
#201 = DIRECTION('',(-0.,1.,0.));
#202 = DIRECTION('',(-0.994521895368,0.,-0.104528463268));
#203 = ADVANCED_FACE('',(#204),#231,.T.);
#204 = FACE_BOUND('',#205,.T.);
#205 = EDGE_LOOP('',(#206,#207,#216,#224));
#206 = ORIENTED_EDGE('',*,*,#118,.T.);
#207 = ORIENTED_EDGE('',*,*,#208,.F.);
#208 = EDGE_CURVE('',#209,#95,#211,.T.);
#209 = VERTEX_POINT('',#210);
#210 = CARTESIAN_POINT('',(0.14154147971,2.85845852029,2.E-02));
#211 = CIRCLE('',#212,0.1);
#212 = AXIS2_PLACEMENT_3D('',#213,#214,#215);
#213 = CARTESIAN_POINT('',(0.14154147971,2.85845852029,0.12));
#214 = DIRECTION('',(-4.667565679103E-16,1.,4.440892098501E-15));
#215 = DIRECTION('',(-1.,-4.667565679103E-16,5.551115123126E-16));
#216 = ORIENTED_EDGE('',*,*,#217,.F.);
#217 = EDGE_CURVE('',#218,#209,#220,.T.);
#218 = VERTEX_POINT('',#219);
#219 = CARTESIAN_POINT('',(0.14154147971,0.14154147971,2.E-02));
#220 = LINE('',#221,#222);
#221 = CARTESIAN_POINT('',(0.14154147971,5.150107528018E-02,2.E-02));
#222 = VECTOR('',#223,1.);
#223 = DIRECTION('',(-0.,1.,-0.));
#224 = ORIENTED_EDGE('',*,*,#225,.T.);
#225 = EDGE_CURVE('',#218,#111,#226,.T.);
#226 = CIRCLE('',#227,0.1);
#227 = AXIS2_PLACEMENT_3D('',#228,#229,#230);
#228 = CARTESIAN_POINT('',(0.14154147971,0.14154147971,0.12));
#229 = DIRECTION('',(2.790846108557E-16,1.,-0.));
#230 = DIRECTION('',(-1.,2.790846108557E-16,0.));
#231 = CYLINDRICAL_SURFACE('',#232,0.1);
#232 = AXIS2_PLACEMENT_3D('',#233,#234,#235);
#233 = CARTESIAN_POINT('',(0.14154147971,5.150107528018E-02,0.12));
#234 = DIRECTION('',(-0.,1.,-0.));
#235 = DIRECTION('',(-0.994521895368,-0.,-0.104528463268));
#236 = ADVANCED_FACE('',(#237),#267,.T.);
#237 = FACE_BOUND('',#238,.T.);
#238 = EDGE_LOOP('',(#239,#240,#249,#257));
#239 = ORIENTED_EDGE('',*,*,#110,.T.);
#240 = ORIENTED_EDGE('',*,*,#241,.T.);
#241 = EDGE_CURVE('',#111,#242,#244,.T.);
#242 = VERTEX_POINT('',#243);
#243 = CARTESIAN_POINT('',(0.14154147971,4.208929017314E-02,
    0.109547153673));
#244 = CIRCLE('',#245,0.1);
#245 = AXIS2_PLACEMENT_3D('',#246,#247,#248);
#246 = CARTESIAN_POINT('',(0.14154147971,0.14154147971,0.12));
#247 = DIRECTION('',(-0.103962051184,-0.103962051184,0.989132844378));
#248 = DIRECTION('',(-0.994521895368,-9.135921186232E-14,-0.104528463267
    ));
#249 = ORIENTED_EDGE('',*,*,#250,.F.);
#250 = EDGE_CURVE('',#251,#242,#253,.T.);
#251 = VERTEX_POINT('',#252);
#252 = CARTESIAN_POINT('',(0.1,5.478104631726E-04,0.504787931602));
#253 = LINE('',#254,#255);
#254 = CARTESIAN_POINT('',(9.837729952288E-02,-1.074890013952E-03,
    0.520226895341));
#255 = VECTOR('',#256,1.);
#256 = DIRECTION('',(0.103962051184,0.103962051184,-0.989132844378));
#257 = ORIENTED_EDGE('',*,*,#258,.F.);
#258 = EDGE_CURVE('',#103,#251,#259,.T.);
#259 = ( BOUNDED_CURVE() B_SPLINE_CURVE(6,(#260,#261,#262,#263,#264,#265
,#266),.UNSPECIFIED.,.F.,.F.) B_SPLINE_CURVE_WITH_KNOTS((7,7),(0.,
1.559869909752),.PIECEWISE_BEZIER_KNOTS.) CURVE() 
GEOMETRIC_REPRESENTATION_ITEM() RATIONAL_B_SPLINE_CURVE((1.030950613501,
    1.009890100201,0.997953445068,0.994040710927,0.997953445068,
1.009890100201,1.030950613501)) REPRESENTATION_ITEM('') );
#260 = CARTESIAN_POINT('',(5.478104631727E-04,0.1,0.504787931602));
#261 = CARTESIAN_POINT('',(8.362191750262E-04,7.360393169277E-02,
    0.502043906005));
#262 = CARTESIAN_POINT('',(9.450074782514E-03,4.788551824518E-02,
    0.500246144534));
#263 = CARTESIAN_POINT('',(2.568827830487E-02,2.568827830487E-02,
    0.499619824568));
#264 = CARTESIAN_POINT('',(4.788551824518E-02,9.450074782514E-03,
    0.500246144534));
#265 = CARTESIAN_POINT('',(7.360393169276E-02,8.362191750264E-04,
    0.502043906005));
#266 = CARTESIAN_POINT('',(0.1,5.478104631726E-04,0.504787931602));
#267 = CYLINDRICAL_SURFACE('',#268,0.1);
#268 = AXIS2_PLACEMENT_3D('',#269,#270,#271);
#269 = CARTESIAN_POINT('',(9.837729952288E-02,9.837729952288E-02,
    0.530679741668));
#270 = DIRECTION('',(0.103962051184,0.103962051184,-0.989132844378));
#271 = DIRECTION('',(-0.994521895368,-9.1635032895E-14,-0.104528463267)
  );
#272 = ADVANCED_FACE('',(#273),#299,.T.);
#273 = FACE_BOUND('',#274,.T.);
#274 = EDGE_LOOP('',(#275,#276,#277,#289));
#275 = ORIENTED_EDGE('',*,*,#132,.F.);
#276 = ORIENTED_EDGE('',*,*,#188,.F.);
#277 = ORIENTED_EDGE('',*,*,#278,.F.);
#278 = EDGE_CURVE('',#279,#181,#281,.T.);
#279 = VERTEX_POINT('',#280);
#280 = CARTESIAN_POINT('',(0.1,3.,0.515240777928));
#281 = ( BOUNDED_CURVE() B_SPLINE_CURVE(6,(#282,#283,#284,#285,#286,#287
,#288),.UNSPECIFIED.,.F.,.F.) B_SPLINE_CURVE_WITH_KNOTS((7,7),(0.,
1.570796326795),.PIECEWISE_BEZIER_KNOTS.) CURVE() 
GEOMETRIC_REPRESENTATION_ITEM() RATIONAL_B_SPLINE_CURVE((1.031393471788,
    1.010025407661,0.997924642725,0.993958444137,0.997924642725,
1.010025407661,1.031393471788)) REPRESENTATION_ITEM('') );
#282 = CARTESIAN_POINT('',(0.1,3.,0.515240777928));
#283 = CARTESIAN_POINT('',(7.326632168471E-02,3.,0.515240777928));
#284 = CARTESIAN_POINT('',(4.722914274178E-02,2.991499564937,
    0.515240777928));
#285 = CARTESIAN_POINT('',(2.480804867977E-02,2.97519195132,
    0.515240777928));
#286 = CARTESIAN_POINT('',(8.500435063369E-03,2.952770857258,
    0.515240777928));
#287 = CARTESIAN_POINT('',(1.249000902703E-16,2.926733678315,
    0.515240777928));
#288 = CARTESIAN_POINT('',(-1.387778780781E-17,2.9,0.515240777928));
#289 = ORIENTED_EDGE('',*,*,#290,.F.);
#290 = EDGE_CURVE('',#133,#279,#291,.T.);
#291 = ( BOUNDED_CURVE() B_SPLINE_CURVE(6,(#292,#293,#294,#295,#296,#297
,#298),.UNSPECIFIED.,.F.,.F.) B_SPLINE_CURVE_WITH_KNOTS((7,7),(0.,
0.10471975512),.PIECEWISE_BEZIER_KNOTS.) CURVE() 
GEOMETRIC_REPRESENTATION_ITEM() RATIONAL_B_SPLINE_CURVE((1.000137088577,
    1.00004568784,0.999990860763,0.999972587294,0.999990860763,
1.00004568784,1.000137088577)) REPRESENTATION_ITEM('') );
#292 = CARTESIAN_POINT('',(0.1,2.999452189537,0.504787931602));
#293 = CARTESIAN_POINT('',(0.1,2.999634642796,0.506523858401));
#294 = CARTESIAN_POINT('',(0.1,2.999780716882,0.50826341629));
#295 = CARTESIAN_POINT('',(0.1,2.999890334724,0.510005747314));
#296 = CARTESIAN_POINT('',(0.1,2.999963440564,0.51174999185));
#297 = CARTESIAN_POINT('',(0.1,3.,0.513495289159));
#298 = CARTESIAN_POINT('',(0.1,3.,0.515240777928));
#299 = B_SPLINE_SURFACE_WITH_KNOTS('',8,8,(
    (#300,#301,#302,#303,#304,#305,#306,#307,#308)
    ,(#309,#310,#311,#312,#313,#314,#315,#316,#317)
    ,(#318,#319,#320,#321,#322,#323,#324,#325,#326)
    ,(#327,#328,#329,#330,#331,#332,#333,#334,#335)
    ,(#336,#337,#338,#339,#340,#341,#342,#343,#344)
    ,(#345,#346,#347,#348,#349,#350,#351,#352,#353)
    ,(#354,#355,#356,#357,#358,#359,#360,#361,#362)
    ,(#363,#364,#365,#366,#367,#368,#369,#370,#371)
    ,(#372,#373,#374,#375,#376,#377,#378,#379,#380
  )),.UNSPECIFIED.,.F.,.F.,.F.,(9,9),(9,9),(-7.778174593052E-02,
    7.778174593052E-02),(-7.315613219613E-03,8.855910256723E-03),
  .PIECEWISE_BEZIER_KNOTS.);
#300 = CARTESIAN_POINT('',(4.31428610889E-04,2.88956873984,
    0.517292534228));
#301 = CARTESIAN_POINT('',(3.594616380279E-04,2.889640569674,
    0.515265856781));
#302 = CARTESIAN_POINT('',(3.933739142438E-04,2.889606889246,
    0.513244685123));
#303 = CARTESIAN_POINT('',(8.139233417105E-04,2.889185680866,
    0.511244605343));
#304 = CARTESIAN_POINT('',(-5.30016285408E-04,2.890530258423,
    0.509149414281));
#305 = CARTESIAN_POINT('',(1.674870586853E-03,2.888325137489,
    0.507244945928));
#306 = CARTESIAN_POINT('',(6.73546535494E-04,2.889326333311,
    0.505167933805));
#307 = CARTESIAN_POINT('',(9.604387129704E-04,2.889039750287,
    0.503160825431));
#308 = CARTESIAN_POINT('',(1.418941429508E-03,2.88858131858,
    0.501162527791));
#309 = CARTESIAN_POINT('',(-1.699464166192E-03,2.919199273849,
    0.516445543083));
#310 = CARTESIAN_POINT('',(-1.968997506048E-03,2.919468581041,
    0.514408381183));
#311 = CARTESIAN_POINT('',(-2.065389885864E-03,2.919564323746,
    0.512380876298));
#312 = CARTESIAN_POINT('',(-9.508146878721E-04,2.918452034164,
    0.510415216244));
#313 = CARTESIAN_POINT('',(-1.94578546754E-03,2.919444967728,
    0.508342900585));
#314 = CARTESIAN_POINT('',(-9.990284878457E-04,2.918498783283,
    0.506367060196));
#315 = CARTESIAN_POINT('',(-1.747898184455E-03,2.919247720676,
    0.504305628224));
#316 = CARTESIAN_POINT('',(-9.590931481549E-04,2.918459242046,
    0.502325088229));
#317 = CARTESIAN_POINT('',(-3.660333777094E-04,2.917866154415,
    0.500333899139));
#318 = CARTESIAN_POINT('',(3.083466745916E-03,2.94191830595,
    0.515966735706));
#319 = CARTESIAN_POINT('',(3.512236089147E-03,2.941491039184,
    0.5139662276));
#320 = CARTESIAN_POINT('',(4.836925126226E-03,2.940168349546,
    0.512016081631));
#321 = CARTESIAN_POINT('',(-3.379324303685E-03,2.948367230173,
    0.509549463599));
#322 = CARTESIAN_POINT('',(1.067252567429E-02,2.934343121242,
    0.508290154487));
#323 = CARTESIAN_POINT('',(-3.208085914564E-03,2.948195566949,
    0.505506696813));
#324 = CARTESIAN_POINT('',(5.951595307978E-03,2.93905560027,
    0.503987643209));
#325 = CARTESIAN_POINT('',(3.633241961603E-03,2.941367891177,
    0.501836698387));
#326 = CARTESIAN_POINT('',(4.08819539642E-03,2.940912381733,
    0.499838071467));
#327 = CARTESIAN_POINT('',(1.68169666158E-02,2.955680313922,
    0.515966122543));
#328 = CARTESIAN_POINT('',(1.789364948384E-02,2.954601792278,
    0.514001210416));
#329 = CARTESIAN_POINT('',(1.348002001284E-02,2.959013102721,
    0.511736237031));
#330 = CARTESIAN_POINT('',(2.239212569507E-02,2.950127928842,
    0.510211885892));
#331 = CARTESIAN_POINT('',(-4.754790526329E-03,2.977228958266,
    0.506695399232));
#332 = CARTESIAN_POINT('',(2.754559012929E-02,2.944977414488,
    0.506450304022));
#333 = CARTESIAN_POINT('',(1.611547955413E-02,2.956374081618,
    0.503787092652));
#334 = CARTESIAN_POINT('',(1.816963313736E-02,2.954328120844,
    0.501881205458));
#335 = CARTESIAN_POINT('',(1.644398966458E-02,2.956054562143,
    0.499764692574));
#336 = CARTESIAN_POINT('',(2.298193621749E-02,2.977018063783,
    0.515562861623));
#337 = CARTESIAN_POINT('',(2.164239604174E-02,2.97835760396,
    0.51346812679));
#338 = CARTESIAN_POINT('',(2.545262532126E-02,2.974547374678,
    0.511657366692));
#339 = CARTESIAN_POINT('',(1.65142625929E-02,2.98348573741,
    0.509124669817));
#340 = CARTESIAN_POINT('',(4.544230302967E-02,2.954557696964,
    0.508706575924));
#341 = CARTESIAN_POINT('',(1.220064275918E-02,2.987799357248,
    0.504841269873));
#342 = CARTESIAN_POINT('',(2.213981166068E-02,2.977860188336,
    0.50338257282));
#343 = CARTESIAN_POINT('',(2.307979521211E-02,2.976920204788,
    0.501400663564));
#344 = CARTESIAN_POINT('',(2.559561295121E-02,2.974404387049,
    0.499514810223));
#345 = CARTESIAN_POINT('',(4.431968607888E-02,2.983183033383,
    0.515966122544));
#346 = CARTESIAN_POINT('',(4.539820772289E-02,2.982106350513,
    0.514001210416));
#347 = CARTESIAN_POINT('',(4.098689728226E-02,2.986519979985,
    0.511736237031));
#348 = CARTESIAN_POINT('',(4.987207115501E-02,2.977607874305,
    0.510211885892));
#349 = CARTESIAN_POINT('',(2.277104172977E-02,3.00475479054,
    0.506695399232));
#350 = CARTESIAN_POINT('',(5.502258551697E-02,2.972454409857,
    0.506450304022));
#351 = CARTESIAN_POINT('',(4.362591837973E-02,2.983884520452,
    0.503787092652));
#352 = CARTESIAN_POINT('',(4.567187915628E-02,2.981830366862,
    0.501881205458));
#353 = CARTESIAN_POINT('',(4.394543785709E-02,2.983556010335,
    0.499764692574));
#354 = CARTESIAN_POINT('',(5.808169404959E-02,2.996916533255,
    0.515966735706));
#355 = CARTESIAN_POINT('',(5.850896081548E-02,2.996487763913,
    0.5139662276));
#356 = CARTESIAN_POINT('',(5.983165045078E-02,2.995163074877,
    0.512016081631));
#357 = CARTESIAN_POINT('',(5.163276982602E-02,3.003379324307,
    0.509549463599));
#358 = CARTESIAN_POINT('',(6.565687876525E-02,2.989327474315,
    0.508290154487));
#359 = CARTESIAN_POINT('',(5.180443304233E-02,3.003208085927,
    0.505506696813));
#360 = CARTESIAN_POINT('',(6.094439973371E-02,2.994048404687,
    0.503987643209));
#361 = CARTESIAN_POINT('',(5.863210882263E-02,2.996366758039,
    0.501836698387));
#362 = CARTESIAN_POINT('',(5.908761826655E-02,2.995911804604,
    0.499838071467));
#363 = CARTESIAN_POINT('',(8.080072615122E-02,3.001699464166,
    0.516445543083));
#364 = CARTESIAN_POINT('',(8.053141895995E-02,3.001968997505,
    0.514408381183));
#365 = CARTESIAN_POINT('',(8.043567625503E-02,3.002065389885,
    0.512380876298));
#366 = CARTESIAN_POINT('',(8.154796583506E-02,3.000950814691,
    0.510415216244));
#367 = CARTESIAN_POINT('',(8.055503227272E-02,3.001945785464,
    0.508342900586));
#368 = CARTESIAN_POINT('',(8.150121671762E-02,3.000999028489,
    0.506367060196));
#369 = CARTESIAN_POINT('',(8.075227932323E-02,3.001747898184,
    0.504305628224));
#370 = CARTESIAN_POINT('',(8.154075795414E-02,3.000959093148,
    0.502325088229));
#371 = CARTESIAN_POINT('',(8.213384558491E-02,3.000366033378,
    0.500333899139));
#372 = CARTESIAN_POINT('',(0.11043126016,2.99956857139,0.517292534228));
#373 = CARTESIAN_POINT('',(0.110359430326,2.999640538362,0.515265856781)
  );
#374 = CARTESIAN_POINT('',(0.110393110753,2.999606626086,0.513244685123)
  );
#375 = CARTESIAN_POINT('',(0.110814319135,2.999186076657,0.511244605343)
  );
#376 = CARTESIAN_POINT('',(0.109469741575,3.000530016287,0.509149414281)
  );
#377 = CARTESIAN_POINT('',(0.111674862512,2.998325129412,0.507244945928)
  );
#378 = CARTESIAN_POINT('',(0.110673666688,2.999326453465,0.505167933805)
  );
#379 = CARTESIAN_POINT('',(0.110960249713,2.999039561287,0.503160825431)
  );
#380 = CARTESIAN_POINT('',(0.11141868142,2.998581058571,0.501162527791)
  );
#381 = ADVANCED_FACE('',(#382),#407,.F.);
#382 = FACE_BOUND('',#383,.F.);
#383 = EDGE_LOOP('',(#384,#385,#393,#401));
#384 = ORIENTED_EDGE('',*,*,#144,.T.);
#385 = ORIENTED_EDGE('',*,*,#386,.T.);
#386 = EDGE_CURVE('',#145,#387,#389,.T.);
#387 = VERTEX_POINT('',#388);
#388 = CARTESIAN_POINT('',(1.25845852029,2.957910709827,0.109547153673)
  );
#389 = LINE('',#390,#391);
#390 = CARTESIAN_POINT('',(5.150107528018E-02,2.957910709827,
    0.109547153673));
#391 = VECTOR('',#392,1.);
#392 = DIRECTION('',(1.,-0.,-0.));
#393 = ORIENTED_EDGE('',*,*,#394,.F.);
#394 = EDGE_CURVE('',#395,#387,#397,.T.);
#395 = VERTEX_POINT('',#396);
#396 = CARTESIAN_POINT('',(1.3,2.999452189537,0.504787931602));
#397 = LINE('',#398,#399);
#398 = CARTESIAN_POINT('',(1.301622700477,3.001074890014,0.520226895341)
  );
#399 = VECTOR('',#400,1.);
#400 = DIRECTION('',(-0.103962051184,-0.103962051184,-0.989132844378));
#401 = ORIENTED_EDGE('',*,*,#402,.F.);
#402 = EDGE_CURVE('',#133,#395,#403,.T.);
#403 = LINE('',#404,#405);
#404 = CARTESIAN_POINT('',(0.,2.999452189537,0.504787931602));
#405 = VECTOR('',#406,1.);
#406 = DIRECTION('',(1.,0.,-0.));
#407 = PLANE('',#408);
#408 = AXIS2_PLACEMENT_3D('',#409,#410,#411);
#409 = CARTESIAN_POINT('',(0.,3.,0.51));
#410 = DIRECTION('',(0.,-0.994521895368,0.104528463268));
#411 = DIRECTION('',(1.,0.,0.));
#412 = ADVANCED_FACE('',(#413),#424,.T.);
#413 = FACE_BOUND('',#414,.T.);
#414 = EDGE_LOOP('',(#415,#416,#423));
#415 = ORIENTED_EDGE('',*,*,#152,.T.);
#416 = ORIENTED_EDGE('',*,*,#417,.F.);
#417 = EDGE_CURVE('',#209,#145,#418,.T.);
#418 = CIRCLE('',#419,0.1);
#419 = AXIS2_PLACEMENT_3D('',#420,#421,#422);
#420 = CARTESIAN_POINT('',(0.14154147971,2.85845852029,0.12));
#421 = DIRECTION('',(1.,5.279889078677E-16,-5.551115123126E-16));
#422 = DIRECTION('',(-5.279889078677E-16,1.,4.440892098501E-15));
#423 = ORIENTED_EDGE('',*,*,#208,.T.);
#424 = SPHERICAL_SURFACE('',#425,0.1);
#425 = AXIS2_PLACEMENT_3D('',#426,#427,#428);
#426 = CARTESIAN_POINT('',(0.14154147971,2.85845852029,0.12));
#427 = DIRECTION('',(5.551115123126E-16,-4.440892098501E-15,1.));
#428 = DIRECTION('',(-1.,-4.667565679103E-16,5.551115123126E-16));
#429 = ADVANCED_FACE('',(#430),#456,.F.);
#430 = FACE_BOUND('',#431,.F.);
#431 = EDGE_LOOP('',(#432,#433,#434,#446));
#432 = ORIENTED_EDGE('',*,*,#258,.F.);
#433 = ORIENTED_EDGE('',*,*,#168,.F.);
#434 = ORIENTED_EDGE('',*,*,#435,.F.);
#435 = EDGE_CURVE('',#436,#169,#438,.T.);
#436 = VERTEX_POINT('',#437);
#437 = CARTESIAN_POINT('',(0.1,2.775557561563E-17,0.515240777928));
#438 = ( BOUNDED_CURVE() B_SPLINE_CURVE(6,(#439,#440,#441,#442,#443,#444
,#445),.UNSPECIFIED.,.F.,.F.) B_SPLINE_CURVE_WITH_KNOTS((7,7),(0.,
1.570796326795),.PIECEWISE_BEZIER_KNOTS.) CURVE() 
GEOMETRIC_REPRESENTATION_ITEM() RATIONAL_B_SPLINE_CURVE((1.031393471788,
    1.010025407661,0.997924642725,0.993958444137,0.997924642725,
1.010025407661,1.031393471788)) REPRESENTATION_ITEM('') );
#439 = CARTESIAN_POINT('',(0.1,-1.387778780781E-17,0.515240777928));
#440 = CARTESIAN_POINT('',(7.326632168471E-02,-1.387778780781E-17,
    0.515240777928));
#441 = CARTESIAN_POINT('',(4.722914274178E-02,8.500435063369E-03,
    0.515240777928));
#442 = CARTESIAN_POINT('',(2.480804867977E-02,2.480804867977E-02,
    0.515240777928));
#443 = CARTESIAN_POINT('',(8.500435063369E-03,4.722914274178E-02,
    0.515240777928));
#444 = CARTESIAN_POINT('',(1.249000902703E-16,7.326632168471E-02,
    0.515240777928));
#445 = CARTESIAN_POINT('',(-1.387778780781E-17,0.1,0.515240777928));
#446 = ORIENTED_EDGE('',*,*,#447,.F.);
#447 = EDGE_CURVE('',#251,#436,#448,.T.);
#448 = ( BOUNDED_CURVE() B_SPLINE_CURVE(6,(#449,#450,#451,#452,#453,#454
,#455),.UNSPECIFIED.,.F.,.F.) B_SPLINE_CURVE_WITH_KNOTS((7,7),(0.,
0.10471975512),.PIECEWISE_BEZIER_KNOTS.) CURVE() 
GEOMETRIC_REPRESENTATION_ITEM() RATIONAL_B_SPLINE_CURVE((1.000137088577,
    1.00004568784,0.999990860763,0.999972587294,0.999990860763,
1.00004568784,1.000137088577)) REPRESENTATION_ITEM('') );
#449 = CARTESIAN_POINT('',(0.1,5.478104631727E-04,0.504787931602));
#450 = CARTESIAN_POINT('',(0.1,3.653572044893E-04,0.506523858401));
#451 = CARTESIAN_POINT('',(0.1,2.192831180766E-04,0.50826341629));
#452 = CARTESIAN_POINT('',(0.1,1.096652759717E-04,0.510005747314));
#453 = CARTESIAN_POINT('',(0.1,3.655943564777E-05,0.51174999185));
#454 = CARTESIAN_POINT('',(0.1,5.551115123126E-17,0.513495289159));
#455 = CARTESIAN_POINT('',(0.1,2.775557561563E-17,0.515240777928));
#456 = B_SPLINE_SURFACE_WITH_KNOTS('',8,8,(
    (#457,#458,#459,#460,#461,#462,#463,#464,#465)
    ,(#466,#467,#468,#469,#470,#471,#472,#473,#474)
    ,(#475,#476,#477,#478,#479,#480,#481,#482,#483)
    ,(#484,#485,#486,#487,#488,#489,#490,#491,#492)
    ,(#493,#494,#495,#496,#497,#498,#499,#500,#501)
    ,(#502,#503,#504,#505,#506,#507,#508,#509,#510)
    ,(#511,#512,#513,#514,#515,#516,#517,#518,#519)
    ,(#520,#521,#522,#523,#524,#525,#526,#527,#528)
    ,(#529,#530,#531,#532,#533,#534,#535,#536,#537
  )),.UNSPECIFIED.,.F.,.F.,.F.,(9,9),(9,9),(-7.778174593052E-02,
    7.778174593052E-02),(-8.855910256723E-03,7.315613219613E-03),
  .PIECEWISE_BEZIER_KNOTS.);
#457 = CARTESIAN_POINT('',(0.111418681421,1.418941430649E-03,
    0.501162527791));
#458 = CARTESIAN_POINT('',(0.110960249713,9.604387131615E-04,
    0.503160825431));
#459 = CARTESIAN_POINT('',(0.110673666688,6.735465351216E-04,
    0.505167933805));
#460 = CARTESIAN_POINT('',(0.11167486251,1.674870586342E-03,
    0.507244945927));
#461 = CARTESIAN_POINT('',(0.10946974158,-5.300162826189E-04,
    0.509149414281));
#462 = CARTESIAN_POINT('',(0.110814319131,8.1392333884E-04,
    0.511244605343));
#463 = CARTESIAN_POINT('',(0.110393110755,3.933739161389E-04,
    0.513244685123));
#464 = CARTESIAN_POINT('',(0.110359430326,3.594616380104E-04,
    0.515265856781));
#465 = CARTESIAN_POINT('',(0.110431260162,4.314286129256E-04,
    0.517292534228));
#466 = CARTESIAN_POINT('',(8.213384558477E-02,-3.660333778082E-04,
    0.500333899139));
#467 = CARTESIAN_POINT('',(8.154075795329E-02,-9.590931488808E-04,
    0.502325088229));
#468 = CARTESIAN_POINT('',(8.075227931948E-02,-1.747898188217E-03,
    0.504305628224));
#469 = CARTESIAN_POINT('',(8.15012167286E-02,-9.99028477412E-04,
    0.506367060196));
#470 = CARTESIAN_POINT('',(8.055503225137E-02,-1.945785486368E-03,
    0.508342900585));
#471 = CARTESIAN_POINT('',(8.154796585289E-02,-9.508146724056E-04,
    0.510415216244));
#472 = CARTESIAN_POINT('',(8.043567624676E-02,-2.065389892915E-03,
    0.512380876298));
#473 = CARTESIAN_POINT('',(8.053141895424E-02,-1.968997510684E-03,
    0.514408381183));
#474 = CARTESIAN_POINT('',(8.080072614814E-02,-1.69946416873E-03,
    0.516445543082));
#475 = CARTESIAN_POINT('',(5.908761826717E-02,4.088195396753E-03,
    0.499838071467));
#476 = CARTESIAN_POINT('',(5.863210882362E-02,3.633241962017E-03,
    0.501836698386));
#477 = CARTESIAN_POINT('',(6.094439973591E-02,5.951595315549E-03,
    0.503987643209));
#478 = CARTESIAN_POINT('',(5.180443304008E-02,-3.208085928821E-03,
    0.505506696812));
#479 = CARTESIAN_POINT('',(6.56568787848E-02,1.067252570297E-02,
    0.508290154488));
#480 = CARTESIAN_POINT('',(5.163276979488E-02,-3.379324336281E-03,
    0.509549463598));
#481 = CARTESIAN_POINT('',(5.983165048104E-02,4.83692515263E-03,
    0.512016081632));
#482 = CARTESIAN_POINT('',(5.850896082789E-02,3.512236099644E-03,
    0.513966227601));
#483 = CARTESIAN_POINT('',(5.80816940547E-02,3.083466750331E-03,
    0.515966735706));
#484 = CARTESIAN_POINT('',(4.394543785628E-02,1.644398966492E-02,
    0.499764692574));
#485 = CARTESIAN_POINT('',(4.567187915354E-02,1.816963313643E-02,
    0.501881205459));
#486 = CARTESIAN_POINT('',(4.36259183663E-02,1.611547953367E-02,
    0.50378709265));
#487 = CARTESIAN_POINT('',(5.50225855529E-02,2.754559017524E-02,
    0.506450304025));
#488 = CARTESIAN_POINT('',(2.277104166936E-02,-4.754790593635E-03,
    0.506695399229));
#489 = CARTESIAN_POINT('',(4.987207125995E-02,2.239212579539E-02,
    0.510211885896));
#490 = CARTESIAN_POINT('',(4.09868972252E-02,1.348001996109E-02,
    0.511736237029));
#491 = CARTESIAN_POINT('',(4.539820770253E-02,1.78936494661E-02,
    0.514001210415));
#492 = CARTESIAN_POINT('',(4.431968607249E-02,1.681696661047E-02,
    0.515966122543));
#493 = CARTESIAN_POINT('',(2.559561295168E-02,2.559561295079E-02,
    0.499514810223));
#494 = CARTESIAN_POINT('',(2.30797952145E-02,2.307979521332E-02,
    0.501400663563));
#495 = CARTESIAN_POINT('',(2.213981168412E-02,2.213981168667E-02,
    0.503382572822));
#496 = CARTESIAN_POINT('',(1.220064270904E-02,1.220064271002E-02,
    0.504841269869));
#497 = CARTESIAN_POINT('',(4.544230312692E-02,4.544230312277E-02,
    0.508706575929));
#498 = CARTESIAN_POINT('',(1.651426247429E-02,1.651426247883E-02,
    0.509124669811));
#499 = CARTESIAN_POINT('',(2.545262538517E-02,2.545262538272E-02,
    0.511657366694));
#500 = CARTESIAN_POINT('',(2.164239606227E-02,2.164239606195E-02,
    0.513468126791));
#501 = CARTESIAN_POINT('',(2.298193622363E-02,2.29819362235E-02,
    0.515562861623));
#502 = CARTESIAN_POINT('',(1.64439896645E-02,4.394543785717E-02,
    0.499764692574));
#503 = CARTESIAN_POINT('',(1.816963313548E-02,4.567187915435E-02,
    0.501881205459));
#504 = CARTESIAN_POINT('',(1.611547953829E-02,4.362591836731E-02,
    0.50378709265));
#505 = CARTESIAN_POINT('',(2.754559016427E-02,5.502258554015E-02,
    0.506450304025));
#506 = CARTESIAN_POINT('',(-4.754790577453E-03,2.277104169184E-02,
    0.506695399228));
#507 = CARTESIAN_POINT('',(2.239212577918E-02,4.987207123634E-02,
    0.510211885896));
#508 = CARTESIAN_POINT('',(1.348001997003E-02,4.098689723813E-02,
    0.511736237029));
#509 = CARTESIAN_POINT('',(1.78936494691E-02,4.539820770605E-02,
    0.514001210415));
#510 = CARTESIAN_POINT('',(1.681696661145E-02,4.43196860736E-02,
    0.515966122543));
#511 = CARTESIAN_POINT('',(4.088195396824E-03,5.908761826683E-02,
    0.499838071467));
#512 = CARTESIAN_POINT('',(3.633241962178E-03,5.863210882325E-02,
    0.501836698386));
#513 = CARTESIAN_POINT('',(5.951595312429E-03,6.094439973403E-02,
    0.50398764321));
#514 = CARTESIAN_POINT('',(-3.208085913214E-03,5.180443305642E-02,
    0.505506696812));
#515 = CARTESIAN_POINT('',(1.067252568736E-02,6.56568787668E-02,
    0.508290154489));
#516 = CARTESIAN_POINT('',(-3.379324324966E-03,5.163276980887E-02,
    0.509549463598));
#517 = CARTESIAN_POINT('',(4.836925143617E-03,5.983165047012E-02,
    0.512016081632));
#518 = CARTESIAN_POINT('',(3.512236096003E-03,5.85089608239E-02,
    0.5139662276));
#519 = CARTESIAN_POINT('',(3.083466748787E-03,5.808169405299E-02,
    0.515966735706));
#520 = CARTESIAN_POINT('',(-3.660333777658E-04,8.213384558487E-02,
    0.500333899139));
#521 = CARTESIAN_POINT('',(-9.590931493513E-04,8.154075795287E-02,
    0.502325088229));
#522 = CARTESIAN_POINT('',(-1.747898187914E-03,8.075227931989E-02,
    0.504305628224));
#523 = CARTESIAN_POINT('',(-9.990284839224E-04,8.15012167216E-02,
    0.506367060196));
#524 = CARTESIAN_POINT('',(-1.945785475265E-03,8.055503226349E-02,
    0.508342900585));
#525 = CARTESIAN_POINT('',(-9.508146819237E-04,8.154796584246E-02,
    0.510415216244));
#526 = CARTESIAN_POINT('',(-2.065389889179E-03,8.043567625097E-02,
    0.512380876298));
#527 = CARTESIAN_POINT('',(-1.968997508506E-03,8.053141895656E-02,
    0.514408381183));
#528 = CARTESIAN_POINT('',(-1.699464167576E-03,8.080072614937E-02,
    0.516445543083));
#529 = CARTESIAN_POINT('',(1.418941431586E-03,0.111418681422,
    0.501162527792));
#530 = CARTESIAN_POINT('',(9.604387133999E-04,0.110960249713,
    0.503160825431));
#531 = CARTESIAN_POINT('',(6.73546534166E-04,0.110673666687,
    0.505167933805));
#532 = CARTESIAN_POINT('',(1.674870589531E-03,0.111674862513,
    0.507244945928));
#533 = CARTESIAN_POINT('',(-5.300162870626E-04,0.109469741575,
    0.509149414281));
#534 = CARTESIAN_POINT('',(8.139233419688E-04,0.110814319134,
    0.511244605343));
#535 = CARTESIAN_POINT('',(3.933739147873E-04,0.110393110754,
    0.513244685123));
#536 = CARTESIAN_POINT('',(3.594616380409E-04,0.110359430326,
    0.515265856781));
#537 = CARTESIAN_POINT('',(4.314286119549E-04,0.110431260161,
    0.517292534228));
#538 = ADVANCED_FACE('',(#539),#564,.F.);
#539 = FACE_BOUND('',#540,.F.);
#540 = EDGE_LOOP('',(#541,#542,#550,#558));
#541 = ORIENTED_EDGE('',*,*,#180,.T.);
#542 = ORIENTED_EDGE('',*,*,#543,.T.);
#543 = EDGE_CURVE('',#181,#544,#546,.T.);
#544 = VERTEX_POINT('',#545);
#545 = CARTESIAN_POINT('',(1.387778780781E-17,2.9,0.604759222072));
#546 = LINE('',#547,#548);
#547 = CARTESIAN_POINT('',(-1.387778780781E-17,2.9,0.51));
#548 = VECTOR('',#549,1.);
#549 = DIRECTION('',(0.,0.,1.));
#550 = ORIENTED_EDGE('',*,*,#551,.F.);
#551 = EDGE_CURVE('',#552,#544,#554,.T.);
#552 = VERTEX_POINT('',#553);
#553 = CARTESIAN_POINT('',(-1.387778780781E-17,0.1,0.604759222072));
#554 = LINE('',#555,#556);
#555 = CARTESIAN_POINT('',(1.387778780781E-17,0.,0.604759222072));
#556 = VECTOR('',#557,1.);
#557 = DIRECTION('',(0.,1.,-0.));
#558 = ORIENTED_EDGE('',*,*,#559,.F.);
#559 = EDGE_CURVE('',#169,#552,#560,.T.);
#560 = LINE('',#561,#562);
#561 = CARTESIAN_POINT('',(-1.387778780781E-17,0.1,0.51));
#562 = VECTOR('',#563,1.);
#563 = DIRECTION('',(0.,0.,1.));
#564 = PLANE('',#565);
#565 = AXIS2_PLACEMENT_3D('',#566,#567,#568);
#566 = CARTESIAN_POINT('',(0.,0.,0.51));
#567 = DIRECTION('',(1.,0.,-0.));
#568 = DIRECTION('',(0.,0.,1.));
#569 = ADVANCED_FACE('',(#570),#581,.T.);
#570 = FACE_BOUND('',#571,.T.);
#571 = EDGE_LOOP('',(#572,#573,#580));
#572 = ORIENTED_EDGE('',*,*,#225,.F.);
#573 = ORIENTED_EDGE('',*,*,#574,.T.);
#574 = EDGE_CURVE('',#218,#242,#575,.T.);
#575 = CIRCLE('',#576,0.1);
#576 = AXIS2_PLACEMENT_3D('',#577,#578,#579);
#577 = CARTESIAN_POINT('',(0.14154147971,0.14154147971,0.12));
#578 = DIRECTION('',(-1.,-1.03772259037E-16,0.));
#579 = DIRECTION('',(1.03772259037E-16,-1.,0.));
#580 = ORIENTED_EDGE('',*,*,#241,.F.);
#581 = SPHERICAL_SURFACE('',#582,0.1);
#582 = AXIS2_PLACEMENT_3D('',#583,#584,#585);
#583 = CARTESIAN_POINT('',(0.14154147971,0.14154147971,0.12));
#584 = DIRECTION('',(0.,0.,1.));
#585 = DIRECTION('',(-1.,2.790846108557E-16,0.));
#586 = ADVANCED_FACE('',(#587),#612,.F.);
#587 = FACE_BOUND('',#588,.F.);
#588 = EDGE_LOOP('',(#589,#590,#598,#606));
#589 = ORIENTED_EDGE('',*,*,#217,.F.);
#590 = ORIENTED_EDGE('',*,*,#591,.T.);
#591 = EDGE_CURVE('',#218,#592,#594,.T.);
#592 = VERTEX_POINT('',#593);
#593 = CARTESIAN_POINT('',(1.25845852029,0.14154147971,2.E-02));
#594 = LINE('',#595,#596);
#595 = CARTESIAN_POINT('',(5.150107528018E-02,0.14154147971,2.E-02));
#596 = VECTOR('',#597,1.);
#597 = DIRECTION('',(1.,0.,-0.));
#598 = ORIENTED_EDGE('',*,*,#599,.T.);
#599 = EDGE_CURVE('',#592,#600,#602,.T.);
#600 = VERTEX_POINT('',#601);
#601 = CARTESIAN_POINT('',(1.25845852029,2.85845852029,2.E-02));
#602 = LINE('',#603,#604);
#603 = CARTESIAN_POINT('',(1.25845852029,5.150107528018E-02,2.E-02));
#604 = VECTOR('',#605,1.);
#605 = DIRECTION('',(-0.,1.,-0.));
#606 = ORIENTED_EDGE('',*,*,#607,.F.);
#607 = EDGE_CURVE('',#209,#600,#608,.T.);
#608 = LINE('',#609,#610);
#609 = CARTESIAN_POINT('',(5.150107528018E-02,2.85845852029,2.E-02));
#610 = VECTOR('',#611,1.);
#611 = DIRECTION('',(1.,-0.,-0.));
#612 = PLANE('',#613);
#613 = AXIS2_PLACEMENT_3D('',#614,#615,#616);
#614 = CARTESIAN_POINT('',(0.,0.,2.E-02));
#615 = DIRECTION('',(0.,0.,1.));
#616 = DIRECTION('',(1.,0.,-0.));
#617 = ADVANCED_FACE('',(#618),#643,.T.);
#618 = FACE_BOUND('',#619,.T.);
#619 = EDGE_LOOP('',(#620,#621,#629,#637));
#620 = ORIENTED_EDGE('',*,*,#250,.T.);
#621 = ORIENTED_EDGE('',*,*,#622,.T.);
#622 = EDGE_CURVE('',#242,#623,#625,.T.);
#623 = VERTEX_POINT('',#624);
#624 = CARTESIAN_POINT('',(1.25845852029,4.208929017314E-02,
    0.109547153673));
#625 = LINE('',#626,#627);
#626 = CARTESIAN_POINT('',(5.150107528018E-02,4.208929017314E-02,
    0.109547153673));
#627 = VECTOR('',#628,1.);
#628 = DIRECTION('',(1.,0.,-0.));
#629 = ORIENTED_EDGE('',*,*,#630,.F.);
#630 = EDGE_CURVE('',#631,#623,#633,.T.);
#631 = VERTEX_POINT('',#632);
#632 = CARTESIAN_POINT('',(1.3,5.478104631726E-04,0.504787931602));
#633 = LINE('',#634,#635);
#634 = CARTESIAN_POINT('',(1.301622700477,-1.074890013952E-03,
    0.520226895341));
#635 = VECTOR('',#636,1.);
#636 = DIRECTION('',(-0.103962051184,0.103962051184,-0.989132844378));
#637 = ORIENTED_EDGE('',*,*,#638,.F.);
#638 = EDGE_CURVE('',#251,#631,#639,.T.);
#639 = LINE('',#640,#641);
#640 = CARTESIAN_POINT('',(0.,5.478104631727E-04,0.504787931602));
#641 = VECTOR('',#642,1.);
#642 = DIRECTION('',(1.,0.,-0.));
#643 = PLANE('',#644);
#644 = AXIS2_PLACEMENT_3D('',#645,#646,#647);
#645 = CARTESIAN_POINT('',(0.,0.,0.51));
#646 = DIRECTION('',(0.,-0.994521895368,-0.104528463268));
#647 = DIRECTION('',(1.,0.,0.));
#648 = ADVANCED_FACE('',(#649),#671,.T.);
#649 = FACE_BOUND('',#650,.T.);
#650 = EDGE_LOOP('',(#651,#652,#660,#670));
#651 = ORIENTED_EDGE('',*,*,#290,.T.);
#652 = ORIENTED_EDGE('',*,*,#653,.T.);
#653 = EDGE_CURVE('',#279,#654,#656,.T.);
#654 = VERTEX_POINT('',#655);
#655 = CARTESIAN_POINT('',(1.3,3.,0.515240777928));
#656 = LINE('',#657,#658);
#657 = CARTESIAN_POINT('',(0.,3.,0.515240777928));
#658 = VECTOR('',#659,1.);
#659 = DIRECTION('',(1.,0.,-0.));
#660 = ORIENTED_EDGE('',*,*,#661,.T.);
#661 = EDGE_CURVE('',#654,#395,#662,.T.);
#662 = ( BOUNDED_CURVE() B_SPLINE_CURVE(6,(#663,#664,#665,#666,#667,#668
,#669),.UNSPECIFIED.,.F.,.F.) B_SPLINE_CURVE_WITH_KNOTS((7,7),(0.,
0.10471975512),.PIECEWISE_BEZIER_KNOTS.) CURVE() 
GEOMETRIC_REPRESENTATION_ITEM() RATIONAL_B_SPLINE_CURVE((1.000137088577,
    1.00004568784,0.999990860763,0.999972587294,0.999990860763,
1.00004568784,1.000137088577)) REPRESENTATION_ITEM('') );
#663 = CARTESIAN_POINT('',(1.3,3.,0.515240777928));
#664 = CARTESIAN_POINT('',(1.3,3.,0.513495289159));
#665 = CARTESIAN_POINT('',(1.3,2.999963440564,0.51174999185));
#666 = CARTESIAN_POINT('',(1.3,2.999890334724,0.510005747314));
#667 = CARTESIAN_POINT('',(1.3,2.999780716882,0.50826341629));
#668 = CARTESIAN_POINT('',(1.3,2.999634642796,0.506523858401));
#669 = CARTESIAN_POINT('',(1.3,2.999452189537,0.504787931602));
#670 = ORIENTED_EDGE('',*,*,#402,.F.);
#671 = CYLINDRICAL_SURFACE('',#672,0.1);
#672 = AXIS2_PLACEMENT_3D('',#673,#674,#675);
#673 = CARTESIAN_POINT('',(0.,2.9,0.515240777928));
#674 = DIRECTION('',(1.,0.,-0.));
#675 = DIRECTION('',(-0.,0.994521895368,-0.104528463268));
#676 = ADVANCED_FACE('',(#677),#699,.T.);
#677 = FACE_BOUND('',#678,.T.);
#678 = EDGE_LOOP('',(#679,#680,#692,#698));
#679 = ORIENTED_EDGE('',*,*,#543,.T.);
#680 = ORIENTED_EDGE('',*,*,#681,.F.);
#681 = EDGE_CURVE('',#682,#544,#684,.T.);
#682 = VERTEX_POINT('',#683);
#683 = CARTESIAN_POINT('',(0.1,3.,0.604759222072));
#684 = ( BOUNDED_CURVE() B_SPLINE_CURVE(6,(#685,#686,#687,#688,#689,#690
,#691),.UNSPECIFIED.,.F.,.F.) B_SPLINE_CURVE_WITH_KNOTS((7,7),(0.,
1.570796326795),.PIECEWISE_BEZIER_KNOTS.) CURVE() 
GEOMETRIC_REPRESENTATION_ITEM() RATIONAL_B_SPLINE_CURVE((1.031393471788,
    1.010025407661,0.997924642725,0.993958444137,0.997924642725,
1.010025407661,1.031393471788)) REPRESENTATION_ITEM('') );
#685 = CARTESIAN_POINT('',(0.1,3.,0.604759222072));
#686 = CARTESIAN_POINT('',(7.326632168471E-02,3.,0.604759222072));
#687 = CARTESIAN_POINT('',(4.722914274178E-02,2.991499564937,
    0.604759222072));
#688 = CARTESIAN_POINT('',(2.480804867977E-02,2.97519195132,
    0.604759222072));
#689 = CARTESIAN_POINT('',(8.500435063369E-03,2.952770857258,
    0.604759222072));
#690 = CARTESIAN_POINT('',(1.249000902703E-16,2.926733678315,
    0.604759222072));
#691 = CARTESIAN_POINT('',(-1.387778780781E-17,2.9,0.604759222072));
#692 = ORIENTED_EDGE('',*,*,#693,.F.);
#693 = EDGE_CURVE('',#279,#682,#694,.T.);
#694 = LINE('',#695,#696);
#695 = CARTESIAN_POINT('',(0.1,3.,0.51));
#696 = VECTOR('',#697,1.);
#697 = DIRECTION('',(0.,0.,1.));
#698 = ORIENTED_EDGE('',*,*,#278,.T.);
#699 = CYLINDRICAL_SURFACE('',#700,0.1);
#700 = AXIS2_PLACEMENT_3D('',#701,#702,#703);
#701 = CARTESIAN_POINT('',(0.1,2.9,0.51));
#702 = DIRECTION('',(0.,0.,1.));
#703 = DIRECTION('',(-1.,-0.,0.));
#704 = ADVANCED_FACE('',(#705),#717,.T.);
#705 = FACE_BOUND('',#706,.T.);
#706 = EDGE_LOOP('',(#707,#708,#715,#716));
#707 = ORIENTED_EDGE('',*,*,#386,.T.);
#708 = ORIENTED_EDGE('',*,*,#709,.F.);
#709 = EDGE_CURVE('',#600,#387,#710,.T.);
#710 = CIRCLE('',#711,0.1);
#711 = AXIS2_PLACEMENT_3D('',#712,#713,#714);
#712 = CARTESIAN_POINT('',(1.25845852029,2.85845852029,0.12));
#713 = DIRECTION('',(1.,-0.,0.));
#714 = DIRECTION('',(0.,1.,0.));
#715 = ORIENTED_EDGE('',*,*,#607,.F.);
#716 = ORIENTED_EDGE('',*,*,#417,.T.);
#717 = CYLINDRICAL_SURFACE('',#718,0.1);
#718 = AXIS2_PLACEMENT_3D('',#719,#720,#721);
#719 = CARTESIAN_POINT('',(5.150107528018E-02,2.85845852029,0.12));
#720 = DIRECTION('',(1.,-0.,-0.));
#721 = DIRECTION('',(0.,0.994521895368,-0.104528463268));
#722 = ADVANCED_FACE('',(#723),#753,.T.);
#723 = FACE_BOUND('',#724,.T.);
#724 = EDGE_LOOP('',(#725,#737,#745,#752));
#725 = ORIENTED_EDGE('',*,*,#726,.T.);
#726 = EDGE_CURVE('',#395,#727,#729,.T.);
#727 = VERTEX_POINT('',#728);
#728 = CARTESIAN_POINT('',(1.399452189537,2.9,0.504787931602));
#729 = ( BOUNDED_CURVE() B_SPLINE_CURVE(6,(#730,#731,#732,#733,#734,#735
,#736),.UNSPECIFIED.,.F.,.F.) B_SPLINE_CURVE_WITH_KNOTS((7,7),(0.,
1.559869909752),.PIECEWISE_BEZIER_KNOTS.) CURVE() 
GEOMETRIC_REPRESENTATION_ITEM() RATIONAL_B_SPLINE_CURVE((1.030950613501,
    1.009890100201,0.997953445068,0.994040710927,0.997953445068,
1.009890100201,1.030950613501)) REPRESENTATION_ITEM('') );
#730 = CARTESIAN_POINT('',(1.3,2.999452189537,0.504787931602));
#731 = CARTESIAN_POINT('',(1.326396068307,2.999163780825,0.502043906005)
  );
#732 = CARTESIAN_POINT('',(1.352114481755,2.990549925217,0.500246144534)
  );
#733 = CARTESIAN_POINT('',(1.374311721695,2.974311721695,0.499619824568)
  );
#734 = CARTESIAN_POINT('',(1.390549925217,2.952114481755,0.500246144534)
  );
#735 = CARTESIAN_POINT('',(1.399163780825,2.926396068307,0.502043906005)
  );
#736 = CARTESIAN_POINT('',(1.399452189537,2.9,0.504787931602));
#737 = ORIENTED_EDGE('',*,*,#738,.T.);
#738 = EDGE_CURVE('',#727,#739,#741,.T.);
#739 = VERTEX_POINT('',#740);
#740 = CARTESIAN_POINT('',(1.357910709827,2.85845852029,0.109547153673)
  );
#741 = LINE('',#742,#743);
#742 = CARTESIAN_POINT('',(1.401074890014,2.901622700477,0.520226895341)
  );
#743 = VECTOR('',#744,1.);
#744 = DIRECTION('',(-0.103962051184,-0.103962051184,-0.989132844378));
#745 = ORIENTED_EDGE('',*,*,#746,.F.);
#746 = EDGE_CURVE('',#387,#739,#747,.T.);
#747 = CIRCLE('',#748,0.1);
#748 = AXIS2_PLACEMENT_3D('',#749,#750,#751);
#749 = CARTESIAN_POINT('',(1.25845852029,2.85845852029,0.12));
#750 = DIRECTION('',(-0.103962051184,-0.103962051184,-0.989132844378));
#751 = DIRECTION('',(9.163329817152E-14,0.994521895368,-0.104528463267)
  );
#752 = ORIENTED_EDGE('',*,*,#394,.F.);
#753 = CYLINDRICAL_SURFACE('',#754,0.1);
#754 = AXIS2_PLACEMENT_3D('',#755,#756,#757);
#755 = CARTESIAN_POINT('',(1.301622700477,2.901622700477,0.530679741668)
  );
#756 = DIRECTION('',(-0.103962051184,-0.103962051184,-0.989132844378));
#757 = DIRECTION('',(9.1635032895E-14,0.994521895368,-0.104528463267));
#758 = ADVANCED_FACE('',(#759),#781,.T.);
#759 = FACE_BOUND('',#760,.T.);
#760 = EDGE_LOOP('',(#761,#762,#774,#780));
#761 = ORIENTED_EDGE('',*,*,#638,.T.);
#762 = ORIENTED_EDGE('',*,*,#763,.F.);
#763 = EDGE_CURVE('',#764,#631,#766,.T.);
#764 = VERTEX_POINT('',#765);
#765 = CARTESIAN_POINT('',(1.3,8.326672684689E-17,0.515240777928));
#766 = ( BOUNDED_CURVE() B_SPLINE_CURVE(6,(#767,#768,#769,#770,#771,#772
,#773),.UNSPECIFIED.,.F.,.F.) B_SPLINE_CURVE_WITH_KNOTS((7,7),(0.,
0.10471975512),.PIECEWISE_BEZIER_KNOTS.) CURVE() 
GEOMETRIC_REPRESENTATION_ITEM() RATIONAL_B_SPLINE_CURVE((1.000137088577,
    1.00004568784,0.999990860763,0.999972587294,0.999990860763,
1.00004568784,1.000137088577)) REPRESENTATION_ITEM('') );
#767 = CARTESIAN_POINT('',(1.3,2.775557561563E-17,0.515240777928));
#768 = CARTESIAN_POINT('',(1.3,5.551115123126E-17,0.513495289159));
#769 = CARTESIAN_POINT('',(1.3,3.655943564777E-05,0.51174999185));
#770 = CARTESIAN_POINT('',(1.3,1.096652759717E-04,0.510005747314));
#771 = CARTESIAN_POINT('',(1.3,2.192831180766E-04,0.50826341629));
#772 = CARTESIAN_POINT('',(1.3,3.653572044893E-04,0.506523858401));
#773 = CARTESIAN_POINT('',(1.3,5.478104631727E-04,0.504787931602));
#774 = ORIENTED_EDGE('',*,*,#775,.F.);
#775 = EDGE_CURVE('',#436,#764,#776,.T.);
#776 = LINE('',#777,#778);
#777 = CARTESIAN_POINT('',(0.,2.775557561563E-17,0.515240777928));
#778 = VECTOR('',#779,1.);
#779 = DIRECTION('',(1.,0.,-0.));
#780 = ORIENTED_EDGE('',*,*,#447,.F.);
#781 = CYLINDRICAL_SURFACE('',#782,0.1);
#782 = AXIS2_PLACEMENT_3D('',#783,#784,#785);
#783 = CARTESIAN_POINT('',(0.,0.1,0.515240777928));
#784 = DIRECTION('',(1.,0.,-0.));
#785 = DIRECTION('',(0.,-0.994521895368,-0.104528463268));
#786 = ADVANCED_FACE('',(#787),#809,.T.);
#787 = FACE_BOUND('',#788,.T.);
#788 = EDGE_LOOP('',(#789,#790,#798,#808));
#789 = ORIENTED_EDGE('',*,*,#435,.F.);
#790 = ORIENTED_EDGE('',*,*,#791,.T.);
#791 = EDGE_CURVE('',#436,#792,#794,.T.);
#792 = VERTEX_POINT('',#793);
#793 = CARTESIAN_POINT('',(0.1,-1.387778780781E-17,0.604759222072));
#794 = LINE('',#795,#796);
#795 = CARTESIAN_POINT('',(0.1,-1.387778780781E-17,0.51));
#796 = VECTOR('',#797,1.);
#797 = DIRECTION('',(0.,0.,1.));
#798 = ORIENTED_EDGE('',*,*,#799,.F.);
#799 = EDGE_CURVE('',#552,#792,#800,.T.);
#800 = ( BOUNDED_CURVE() B_SPLINE_CURVE(6,(#801,#802,#803,#804,#805,#806
,#807),.UNSPECIFIED.,.F.,.F.) B_SPLINE_CURVE_WITH_KNOTS((7,7),(0.,
1.570796326795),.PIECEWISE_BEZIER_KNOTS.) CURVE() 
GEOMETRIC_REPRESENTATION_ITEM() RATIONAL_B_SPLINE_CURVE((1.031393471788,
    1.010025407661,0.997924642725,0.993958444137,0.997924642725,
1.010025407661,1.031393471788)) REPRESENTATION_ITEM('') );
#801 = CARTESIAN_POINT('',(-1.387778780781E-17,0.1,0.604759222072));
#802 = CARTESIAN_POINT('',(1.249000902703E-16,7.326632168471E-02,
    0.604759222072));
#803 = CARTESIAN_POINT('',(8.500435063369E-03,4.722914274178E-02,
    0.604759222072));
#804 = CARTESIAN_POINT('',(2.480804867977E-02,2.480804867977E-02,
    0.604759222072));
#805 = CARTESIAN_POINT('',(4.722914274178E-02,8.500435063369E-03,
    0.604759222072));
#806 = CARTESIAN_POINT('',(7.326632168471E-02,-1.387778780781E-17,
    0.604759222072));
#807 = CARTESIAN_POINT('',(0.1,-1.387778780781E-17,0.604759222072));
#808 = ORIENTED_EDGE('',*,*,#559,.F.);
#809 = CYLINDRICAL_SURFACE('',#810,0.1);
#810 = AXIS2_PLACEMENT_3D('',#811,#812,#813);
#811 = CARTESIAN_POINT('',(0.1,0.1,0.51));
#812 = DIRECTION('',(0.,0.,1.));
#813 = DIRECTION('',(-1.,-0.,0.));
#814 = ADVANCED_FACE('',(#815),#848,.T.);
#815 = FACE_BOUND('',#816,.T.);
#816 = EDGE_LOOP('',(#817,#829,#837,#847));
#817 = ORIENTED_EDGE('',*,*,#818,.F.);
#818 = EDGE_CURVE('',#819,#552,#821,.T.);
#819 = VERTEX_POINT('',#820);
#820 = CARTESIAN_POINT('',(5.478104631727E-04,0.1,0.615212068398));
#821 = ( BOUNDED_CURVE() B_SPLINE_CURVE(6,(#822,#823,#824,#825,#826,#827
,#828),.UNSPECIFIED.,.F.,.F.) B_SPLINE_CURVE_WITH_KNOTS((7,7),(0.,
0.10471975512),.PIECEWISE_BEZIER_KNOTS.) CURVE() 
GEOMETRIC_REPRESENTATION_ITEM() RATIONAL_B_SPLINE_CURVE((1.000137088577,
    1.00004568784,0.999990860763,0.999972587294,0.999990860763,
1.00004568784,1.000137088577)) REPRESENTATION_ITEM('') );
#822 = CARTESIAN_POINT('',(5.478104631727E-04,0.1,0.615212068398));
#823 = CARTESIAN_POINT('',(3.653572044893E-04,0.1,0.613476141599));
#824 = CARTESIAN_POINT('',(2.192831180767E-04,0.1,0.61173658371));
#825 = CARTESIAN_POINT('',(1.096652759717E-04,0.1,0.609994252686));
#826 = CARTESIAN_POINT('',(3.655943564763E-05,0.1,0.60825000815));
#827 = CARTESIAN_POINT('',(1.387778780781E-16,0.1,0.606504710841));
#828 = CARTESIAN_POINT('',(1.387778780781E-17,0.1,0.604759222072));
#829 = ORIENTED_EDGE('',*,*,#830,.T.);
#830 = EDGE_CURVE('',#819,#831,#833,.T.);
#831 = VERTEX_POINT('',#832);
#832 = CARTESIAN_POINT('',(5.478104631727E-04,2.9,0.615212068398));
#833 = LINE('',#834,#835);
#834 = CARTESIAN_POINT('',(5.478104631727E-04,0.,0.615212068398));
#835 = VECTOR('',#836,1.);
#836 = DIRECTION('',(0.,1.,-0.));
#837 = ORIENTED_EDGE('',*,*,#838,.F.);
#838 = EDGE_CURVE('',#544,#831,#839,.T.);
#839 = ( BOUNDED_CURVE() B_SPLINE_CURVE(6,(#840,#841,#842,#843,#844,#845
,#846),.UNSPECIFIED.,.F.,.F.) B_SPLINE_CURVE_WITH_KNOTS((7,7),(0.,
0.10471975512),.PIECEWISE_BEZIER_KNOTS.) CURVE() 
GEOMETRIC_REPRESENTATION_ITEM() RATIONAL_B_SPLINE_CURVE((1.000137088577,
    1.00004568784,0.999990860763,0.999972587294,0.999990860763,
1.00004568784,1.000137088577)) REPRESENTATION_ITEM('') );
#840 = CARTESIAN_POINT('',(1.387778780781E-17,2.9,0.604759222072));
#841 = CARTESIAN_POINT('',(1.387778780781E-16,2.9,0.606504710841));
#842 = CARTESIAN_POINT('',(3.655943564763E-05,2.9,0.60825000815));
#843 = CARTESIAN_POINT('',(1.096652759717E-04,2.9,0.609994252686));
#844 = CARTESIAN_POINT('',(2.192831180767E-04,2.9,0.61173658371));
#845 = CARTESIAN_POINT('',(3.653572044893E-04,2.9,0.613476141599));
#846 = CARTESIAN_POINT('',(5.478104631727E-04,2.9,0.615212068398));
#847 = ORIENTED_EDGE('',*,*,#551,.F.);
#848 = CYLINDRICAL_SURFACE('',#849,0.1);
#849 = AXIS2_PLACEMENT_3D('',#850,#851,#852);
#850 = CARTESIAN_POINT('',(0.1,0.,0.604759222072));
#851 = DIRECTION('',(0.,1.,-0.));
#852 = DIRECTION('',(-1.,0.,0.));
#853 = ADVANCED_FACE('',(#854),#866,.T.);
#854 = FACE_BOUND('',#855,.T.);
#855 = EDGE_LOOP('',(#856,#857,#858,#865));
#856 = ORIENTED_EDGE('',*,*,#574,.F.);
#857 = ORIENTED_EDGE('',*,*,#591,.T.);
#858 = ORIENTED_EDGE('',*,*,#859,.T.);
#859 = EDGE_CURVE('',#592,#623,#860,.T.);
#860 = CIRCLE('',#861,0.1);
#861 = AXIS2_PLACEMENT_3D('',#862,#863,#864);
#862 = CARTESIAN_POINT('',(1.25845852029,0.14154147971,0.12));
#863 = DIRECTION('',(-1.,2.333782839551E-16,-2.22044604925E-15));
#864 = DIRECTION('',(-2.333782839551E-16,-1.,2.775557561563E-16));
#865 = ORIENTED_EDGE('',*,*,#622,.F.);
#866 = CYLINDRICAL_SURFACE('',#867,0.1);
#867 = AXIS2_PLACEMENT_3D('',#868,#869,#870);
#868 = CARTESIAN_POINT('',(5.150107528018E-02,0.14154147971,0.12));
#869 = DIRECTION('',(1.,0.,-0.));
#870 = DIRECTION('',(0.,-0.994521895368,-0.104528463268));
#871 = ADVANCED_FACE('',(#872),#897,.T.);
#872 = FACE_BOUND('',#873,.T.);
#873 = EDGE_LOOP('',(#874,#875,#882,#890));
#874 = ORIENTED_EDGE('',*,*,#599,.T.);
#875 = ORIENTED_EDGE('',*,*,#876,.T.);
#876 = EDGE_CURVE('',#600,#739,#877,.T.);
#877 = CIRCLE('',#878,0.1);
#878 = AXIS2_PLACEMENT_3D('',#879,#880,#881);
#879 = CARTESIAN_POINT('',(1.25845852029,2.85845852029,0.12));
#880 = DIRECTION('',(6.123233995737E-17,-1.,0.));
#881 = DIRECTION('',(1.,6.123233995737E-17,0.));
#882 = ORIENTED_EDGE('',*,*,#883,.F.);
#883 = EDGE_CURVE('',#884,#739,#886,.T.);
#884 = VERTEX_POINT('',#885);
#885 = CARTESIAN_POINT('',(1.357910709827,0.14154147971,0.109547153673)
  );
#886 = LINE('',#887,#888);
#887 = CARTESIAN_POINT('',(1.357910709827,5.150107528018E-02,
    0.109547153673));
#888 = VECTOR('',#889,1.);
#889 = DIRECTION('',(-0.,1.,-0.));
#890 = ORIENTED_EDGE('',*,*,#891,.F.);
#891 = EDGE_CURVE('',#592,#884,#892,.T.);
#892 = CIRCLE('',#893,0.1);
#893 = AXIS2_PLACEMENT_3D('',#894,#895,#896);
#894 = CARTESIAN_POINT('',(1.25845852029,0.14154147971,0.12));
#895 = DIRECTION('',(-5.166552288375E-16,-1.,2.775557561563E-16));
#896 = DIRECTION('',(1.,-5.166552288375E-16,2.22044604925E-15));
#897 = CYLINDRICAL_SURFACE('',#898,0.1);
#898 = AXIS2_PLACEMENT_3D('',#899,#900,#901);
#899 = CARTESIAN_POINT('',(1.25845852029,5.150107528018E-02,0.12));
#900 = DIRECTION('',(-0.,1.,-0.));
#901 = DIRECTION('',(0.,0.,-1.));
#902 = ADVANCED_FACE('',(#903),#931,.T.);
#903 = FACE_BOUND('',#904,.T.);
#904 = EDGE_LOOP('',(#905,#906,#913,#921));
#905 = ORIENTED_EDGE('',*,*,#630,.T.);
#906 = ORIENTED_EDGE('',*,*,#907,.T.);
#907 = EDGE_CURVE('',#623,#884,#908,.T.);
#908 = CIRCLE('',#909,0.1);
#909 = AXIS2_PLACEMENT_3D('',#910,#911,#912);
#910 = CARTESIAN_POINT('',(1.25845852029,0.14154147971,0.12));
#911 = DIRECTION('',(0.103962051184,-0.103962051184,0.989132844378));
#912 = DIRECTION('',(9.163329817152E-14,-0.994521895368,-0.104528463267)
  );
#913 = ORIENTED_EDGE('',*,*,#914,.F.);
#914 = EDGE_CURVE('',#915,#884,#917,.T.);
#915 = VERTEX_POINT('',#916);
#916 = CARTESIAN_POINT('',(1.399452189537,0.1,0.504787931602));
#917 = LINE('',#918,#919);
#918 = CARTESIAN_POINT('',(1.401074890014,9.837729952288E-02,
    0.520226895341));
#919 = VECTOR('',#920,1.);
#920 = DIRECTION('',(-0.103962051184,0.103962051184,-0.989132844378));
#921 = ORIENTED_EDGE('',*,*,#922,.F.);
#922 = EDGE_CURVE('',#631,#915,#923,.T.);
#923 = ( BOUNDED_CURVE() B_SPLINE_CURVE(6,(#924,#925,#926,#927,#928,#929
,#930),.UNSPECIFIED.,.F.,.F.) B_SPLINE_CURVE_WITH_KNOTS((7,7),(0.,
1.559869909752),.PIECEWISE_BEZIER_KNOTS.) CURVE() 
GEOMETRIC_REPRESENTATION_ITEM() RATIONAL_B_SPLINE_CURVE((1.030950613501,
    1.009890100201,0.997953445068,0.994040710927,0.997953445068,
1.009890100201,1.030950613501)) REPRESENTATION_ITEM('') );
#924 = CARTESIAN_POINT('',(1.3,5.478104631727E-04,0.504787931602));
#925 = CARTESIAN_POINT('',(1.326396068307,8.362191750262E-04,
    0.502043906005));
#926 = CARTESIAN_POINT('',(1.352114481755,9.450074782514E-03,
    0.500246144534));
#927 = CARTESIAN_POINT('',(1.374311721695,2.568827830487E-02,
    0.499619824568));
#928 = CARTESIAN_POINT('',(1.390549925217,4.788551824518E-02,
    0.500246144534));
#929 = CARTESIAN_POINT('',(1.399163780825,7.360393169276E-02,
    0.502043906005));
#930 = CARTESIAN_POINT('',(1.399452189537,0.1,0.504787931602));
#931 = CYLINDRICAL_SURFACE('',#932,0.1);
#932 = AXIS2_PLACEMENT_3D('',#933,#934,#935);
#933 = CARTESIAN_POINT('',(1.301622700477,9.837729952288E-02,
    0.530679741668));
#934 = DIRECTION('',(-0.103962051184,0.103962051184,-0.989132844378));
#935 = DIRECTION('',(9.1635032895E-14,-0.994521895368,-0.104528463267));
#936 = ADVANCED_FACE('',(#937),#955,.T.);
#937 = FACE_BOUND('',#938,.T.);
#938 = EDGE_LOOP('',(#939,#940,#941,#949));
#939 = ORIENTED_EDGE('',*,*,#653,.F.);
#940 = ORIENTED_EDGE('',*,*,#693,.T.);
#941 = ORIENTED_EDGE('',*,*,#942,.T.);
#942 = EDGE_CURVE('',#682,#943,#945,.T.);
#943 = VERTEX_POINT('',#944);
#944 = CARTESIAN_POINT('',(1.3,3.,0.604759222072));
#945 = LINE('',#946,#947);
#946 = CARTESIAN_POINT('',(3.469446951954E-18,3.,0.604759222072));
#947 = VECTOR('',#948,1.);
#948 = DIRECTION('',(1.,0.,0.));
#949 = ORIENTED_EDGE('',*,*,#950,.F.);
#950 = EDGE_CURVE('',#654,#943,#951,.T.);
#951 = LINE('',#952,#953);
#952 = CARTESIAN_POINT('',(1.3,3.,0.51));
#953 = VECTOR('',#954,1.);
#954 = DIRECTION('',(0.,0.,1.));
#955 = PLANE('',#956);
#956 = AXIS2_PLACEMENT_3D('',#957,#958,#959);
#957 = CARTESIAN_POINT('',(0.,3.,0.51));
#958 = DIRECTION('',(-0.,1.,0.));
#959 = DIRECTION('',(0.,0.,1.));
#960 = ADVANCED_FACE('',(#961),#987,.T.);
#961 = FACE_BOUND('',#962,.T.);
#962 = EDGE_LOOP('',(#963,#964,#965,#977));
#963 = ORIENTED_EDGE('',*,*,#726,.F.);
#964 = ORIENTED_EDGE('',*,*,#661,.F.);
#965 = ORIENTED_EDGE('',*,*,#966,.F.);
#966 = EDGE_CURVE('',#967,#654,#969,.T.);
#967 = VERTEX_POINT('',#968);
#968 = CARTESIAN_POINT('',(1.4,2.9,0.515240777928));
#969 = ( BOUNDED_CURVE() B_SPLINE_CURVE(6,(#970,#971,#972,#973,#974,#975
,#976),.UNSPECIFIED.,.F.,.F.) B_SPLINE_CURVE_WITH_KNOTS((7,7),(0.,
1.570796326795),.PIECEWISE_BEZIER_KNOTS.) CURVE() 
GEOMETRIC_REPRESENTATION_ITEM() RATIONAL_B_SPLINE_CURVE((1.031393471788,
    1.010025407661,0.997924642725,0.993958444137,0.997924642725,
1.010025407661,1.031393471788)) REPRESENTATION_ITEM('') );
#970 = CARTESIAN_POINT('',(1.4,2.9,0.515240777928));
#971 = CARTESIAN_POINT('',(1.4,2.926733678315,0.515240777928));
#972 = CARTESIAN_POINT('',(1.391499564937,2.952770857258,0.515240777928)
  );
#973 = CARTESIAN_POINT('',(1.37519195132,2.97519195132,0.515240777928));
#974 = CARTESIAN_POINT('',(1.352770857258,2.991499564937,0.515240777928)
  );
#975 = CARTESIAN_POINT('',(1.326733678315,3.,0.515240777928));
#976 = CARTESIAN_POINT('',(1.3,3.,0.515240777928));
#977 = ORIENTED_EDGE('',*,*,#978,.F.);
#978 = EDGE_CURVE('',#727,#967,#979,.T.);
#979 = ( BOUNDED_CURVE() B_SPLINE_CURVE(6,(#980,#981,#982,#983,#984,#985
,#986),.UNSPECIFIED.,.F.,.F.) B_SPLINE_CURVE_WITH_KNOTS((7,7),(0.,
0.10471975512),.PIECEWISE_BEZIER_KNOTS.) CURVE() 
GEOMETRIC_REPRESENTATION_ITEM() RATIONAL_B_SPLINE_CURVE((1.000137088577,
    1.00004568784,0.999990860763,0.999972587294,0.999990860763,
1.00004568784,1.000137088577)) REPRESENTATION_ITEM('') );
#980 = CARTESIAN_POINT('',(1.399452189537,2.9,0.504787931602));
#981 = CARTESIAN_POINT('',(1.399634642796,2.9,0.506523858401));
#982 = CARTESIAN_POINT('',(1.399780716882,2.9,0.50826341629));
#983 = CARTESIAN_POINT('',(1.399890334724,2.9,0.510005747314));
#984 = CARTESIAN_POINT('',(1.399963440564,2.9,0.51174999185));
#985 = CARTESIAN_POINT('',(1.4,2.9,0.513495289159));
#986 = CARTESIAN_POINT('',(1.4,2.9,0.515240777928));
#987 = B_SPLINE_SURFACE_WITH_KNOTS('',8,8,(
    (#988,#989,#990,#991,#992,#993,#994,#995,#996)
    ,(#997,#998,#999,#1000,#1001,#1002,#1003,#1004,#1005)
    ,(#1006,#1007,#1008,#1009,#1010,#1011,#1012,#1013,#1014)
    ,(#1015,#1016,#1017,#1018,#1019,#1020,#1021,#1022,#1023)
    ,(#1024,#1025,#1026,#1027,#1028,#1029,#1030,#1031,#1032)
    ,(#1033,#1034,#1035,#1036,#1037,#1038,#1039,#1040,#1041)
    ,(#1042,#1043,#1044,#1045,#1046,#1047,#1048,#1049,#1050)
    ,(#1051,#1052,#1053,#1054,#1055,#1056,#1057,#1058,#1059)
    ,(#1060,#1061,#1062,#1063,#1064,#1065,#1066,#1067,#1068
  )),.UNSPECIFIED.,.F.,.F.,.F.,(9,9),(9,9),(-7.778174593052E-02,
    7.778174593052E-02),(-8.855910256723E-03,7.315613219613E-03),
  .PIECEWISE_BEZIER_KNOTS.);
#988 = CARTESIAN_POINT('',(1.398581058569,2.888581318579,0.501162527791)
  );
#989 = CARTESIAN_POINT('',(1.399039561287,2.889039750287,0.503160825431)
  );
#990 = CARTESIAN_POINT('',(1.399326453465,2.889326333312,0.505167933805)
  );
#991 = CARTESIAN_POINT('',(1.398325129413,2.888325137489,0.507244945928)
  );
#992 = CARTESIAN_POINT('',(1.400530016285,2.890530258423,0.509149414281)
  );
#993 = CARTESIAN_POINT('',(1.399186076659,2.889185680867,0.511244605343)
  );
#994 = CARTESIAN_POINT('',(1.399606626085,2.889606889245,0.513244685123)
  );
#995 = CARTESIAN_POINT('',(1.399640538362,2.889640569674,0.515265856781)
  );
#996 = CARTESIAN_POINT('',(1.399568571388,2.889568739838,0.517292534228)
  );
#997 = CARTESIAN_POINT('',(1.400366033378,2.917866154415,0.500333899139)
  );
#998 = CARTESIAN_POINT('',(1.400959093149,2.918459242047,0.502325088229)
  );
#999 = CARTESIAN_POINT('',(1.401747898188,2.919247720679,0.504305628224)
  );
#1000 = CARTESIAN_POINT('',(1.400999028481,2.918498783276,0.506367060196
    ));
#1001 = CARTESIAN_POINT('',(1.401945785481,2.919444967741,0.508342900586
    ));
#1002 = CARTESIAN_POINT('',(1.400950814677,2.918452034153,0.510415216244
    ));
#1003 = CARTESIAN_POINT('',(1.402065389891,2.91956432375,0.512380876299)
  );
#1004 = CARTESIAN_POINT('',(1.401968997509,2.919468581045,0.514408381183
    ));
#1005 = CARTESIAN_POINT('',(1.401699464168,2.919199273851,0.516445543083
    ));
#1006 = CARTESIAN_POINT('',(1.395911804604,2.940912381734,0.499838071467
    ));
#1007 = CARTESIAN_POINT('',(1.396366758038,2.941367891176,0.501836698387
    ));
#1008 = CARTESIAN_POINT('',(1.394048404686,2.939055600266,0.503987643208
    ));
#1009 = CARTESIAN_POINT('',(1.403208085926,2.94819556696,0.505506696814)
  );
#1010 = CARTESIAN_POINT('',(1.389327474303,2.934343121217,0.508290154486
    ));
#1011 = CARTESIAN_POINT('',(1.403379324326,2.948367230195,0.509549463601
    ));
#1012 = CARTESIAN_POINT('',(1.395163074857,2.940168349531,0.51201608163)
  );
#1013 = CARTESIAN_POINT('',(1.396487763903,2.941491039175,0.513966227601
    ));
#1014 = CARTESIAN_POINT('',(1.396916533251,2.941918305947,0.515966735706
    ));
#1015 = CARTESIAN_POINT('',(1.383556010334,2.956054562142,0.499764692574
    ));
#1016 = CARTESIAN_POINT('',(1.381830366864,2.954328120848,0.501881205458
    ));
#1017 = CARTESIAN_POINT('',(1.383884520459,2.956374081627,0.503787092652
    ));
#1018 = CARTESIAN_POINT('',(1.372454409832,2.94497741445,0.506450304021)
  );
#1019 = CARTESIAN_POINT('',(1.404754790578,2.977228958321,0.506695399234
    ));
#1020 = CARTESIAN_POINT('',(1.377607874239,2.950127928775,0.51021188589)
  );
#1021 = CARTESIAN_POINT('',(1.386519980016,2.959013102749,0.511736237032
    ));
#1022 = CARTESIAN_POINT('',(1.382106350528,2.954601792293,0.514001210414
    ));
#1023 = CARTESIAN_POINT('',(1.383183033388,2.955680313926,0.515966122543
    ));
#1024 = CARTESIAN_POINT('',(1.37440438705,2.97440438705,0.499514810223)
  );
#1025 = CARTESIAN_POINT('',(1.376920204786,2.976920204784,0.501400663564
    ));
#1026 = CARTESIAN_POINT('',(1.377860188325,2.977860188327,0.503382572819
    ));
#1027 = CARTESIAN_POINT('',(1.387799357281,2.987799357284,0.504841269875
    ));
#1028 = CARTESIAN_POINT('',(1.354557696904,2.954557696898,0.508706575921
    ));
#1029 = CARTESIAN_POINT('',(1.383485737475,2.983485737477,0.509124669819
    ));
#1030 = CARTESIAN_POINT('',(1.374547374648,2.974547374649,0.51165736669)
  );
#1031 = CARTESIAN_POINT('',(1.378357603946,2.978357603945,0.513468126791
    ));
#1032 = CARTESIAN_POINT('',(1.377018063778,2.977018063779,0.515562861623
    ));
#1033 = CARTESIAN_POINT('',(1.356054562142,2.983556010334,0.499764692574
    ));
#1034 = CARTESIAN_POINT('',(1.354328120845,2.981830366865,0.501881205458
    ));
#1035 = CARTESIAN_POINT('',(1.356374081626,2.983884520453,0.503787092653
    ));
#1036 = CARTESIAN_POINT('',(1.344977414464,2.972454409843,0.506450304021
    ));
#1037 = CARTESIAN_POINT('',(1.377228958295,3.004754790561,0.506695399235
    ));
#1038 = CARTESIAN_POINT('',(1.350127928805,2.977607874266,0.510211885889
    ));
#1039 = CARTESIAN_POINT('',(1.359013102736,2.986519980001,0.511736237033
    ));
#1040 = CARTESIAN_POINT('',(1.354601792286,2.982106350523,0.514001210415
    ));
#1041 = CARTESIAN_POINT('',(1.355680313924,2.983183033386,0.515966122543
    ));
#1042 = CARTESIAN_POINT('',(1.340912381734,2.995911804604,0.499838071467
    ));
#1043 = CARTESIAN_POINT('',(1.341367891177,2.996366758038,0.501836698387
    ));
#1044 = CARTESIAN_POINT('',(1.339055600266,2.99404840469,0.503987643208)
  );
#1045 = CARTESIAN_POINT('',(1.348195566952,3.003208085917,0.505506696814
    ));
#1046 = CARTESIAN_POINT('',(1.334343121233,2.989327474318,0.508290154485
    ));
#1047 = CARTESIAN_POINT('',(1.348367230181,3.003379324311,0.509549463601
    ));
#1048 = CARTESIAN_POINT('',(1.340168349543,2.995163074871,0.51201608163)
  );
#1049 = CARTESIAN_POINT('',(1.341491039181,2.996487763909,0.5139662276)
  );
#1050 = CARTESIAN_POINT('',(1.341918305949,2.996916533253,0.515966735706
    ));
#1051 = CARTESIAN_POINT('',(1.317866154415,3.000366033378,0.500333899139
    ));
#1052 = CARTESIAN_POINT('',(1.318459242047,3.000959093149,0.502325088229
    ));
#1053 = CARTESIAN_POINT('',(1.319247720679,3.001747898186,0.504305628224
    ));
#1054 = CARTESIAN_POINT('',(1.31849878328,3.000999028487,0.506367060195)
  );
#1055 = CARTESIAN_POINT('',(1.319444967732,3.001945785468,0.508342900586
    ));
#1056 = CARTESIAN_POINT('',(1.318452034162,3.000950814688,0.510415216243
    ));
#1057 = CARTESIAN_POINT('',(1.319564323746,3.002065389886,0.512380876299
    ));
#1058 = CARTESIAN_POINT('',(1.319468581041,3.001968997506,0.514408381183
    ));
#1059 = CARTESIAN_POINT('',(1.319199273849,3.001699464166,0.516445543083
    ));
#1060 = CARTESIAN_POINT('',(1.288581318579,2.998581058569,0.501162527791
    ));
#1061 = CARTESIAN_POINT('',(1.289039750287,2.999039561287,0.503160825431
    ));
#1062 = CARTESIAN_POINT('',(1.289326333313,2.999326453466,0.505167933805
    ));
#1063 = CARTESIAN_POINT('',(1.288325137486,2.998325129411,0.507244945928
    ));
#1064 = CARTESIAN_POINT('',(1.290530258426,3.000530016288,0.509149414281
    ));
#1065 = CARTESIAN_POINT('',(1.289185680864,2.999186076657,0.511244605343
    ));
#1066 = CARTESIAN_POINT('',(1.289606889247,2.999606626086,0.513244685123
    ));
#1067 = CARTESIAN_POINT('',(1.289640569674,2.999640538362,0.515265856781
    ));
#1068 = CARTESIAN_POINT('',(1.28956873984,2.999568571389,0.517292534228)
  );
#1069 = ADVANCED_FACE('',(#1070),#1096,.T.);
#1070 = FACE_BOUND('',#1071,.T.);
#1071 = EDGE_LOOP('',(#1072,#1073,#1085,#1095));
#1072 = ORIENTED_EDGE('',*,*,#838,.T.);
#1073 = ORIENTED_EDGE('',*,*,#1074,.T.);
#1074 = EDGE_CURVE('',#831,#1075,#1077,.T.);
#1075 = VERTEX_POINT('',#1076);
#1076 = CARTESIAN_POINT('',(0.1,2.999452189537,0.615212068398));
#1077 = ( BOUNDED_CURVE() B_SPLINE_CURVE(6,(#1078,#1079,#1080,#1081,
#1082,#1083,#1084),.UNSPECIFIED.,.F.,.F.) B_SPLINE_CURVE_WITH_KNOTS((7,7
),(0.,1.559869909752),.PIECEWISE_BEZIER_KNOTS.) CURVE() 
GEOMETRIC_REPRESENTATION_ITEM() RATIONAL_B_SPLINE_CURVE((1.030950613501,
    1.009890100201,0.997953445068,0.994040710927,0.997953445068,
1.009890100201,1.030950613501)) REPRESENTATION_ITEM('') );
#1078 = CARTESIAN_POINT('',(5.478104631727E-04,2.9,0.615212068398));
#1079 = CARTESIAN_POINT('',(8.362191750263E-04,2.926396068307,
    0.617956093995));
#1080 = CARTESIAN_POINT('',(9.450074782514E-03,2.952114481755,
    0.619753855466));
#1081 = CARTESIAN_POINT('',(2.568827830487E-02,2.974311721695,
    0.620380175432));
#1082 = CARTESIAN_POINT('',(4.788551824518E-02,2.990549925217,
    0.619753855466));
#1083 = CARTESIAN_POINT('',(7.360393169276E-02,2.999163780825,
    0.617956093995));
#1084 = CARTESIAN_POINT('',(0.1,2.999452189537,0.615212068398));
#1085 = ORIENTED_EDGE('',*,*,#1086,.T.);
#1086 = EDGE_CURVE('',#1075,#682,#1087,.T.);
#1087 = ( BOUNDED_CURVE() B_SPLINE_CURVE(6,(#1088,#1089,#1090,#1091,
#1092,#1093,#1094),.UNSPECIFIED.,.F.,.F.) B_SPLINE_CURVE_WITH_KNOTS((7,7
),(0.,0.10471975512),.PIECEWISE_BEZIER_KNOTS.) CURVE() 
GEOMETRIC_REPRESENTATION_ITEM() RATIONAL_B_SPLINE_CURVE((1.000137088577,
    1.00004568784,0.999990860763,0.999972587294,0.999990860763,
1.00004568784,1.000137088577)) REPRESENTATION_ITEM('') );
#1088 = CARTESIAN_POINT('',(0.1,2.999452189537,0.615212068398));
#1089 = CARTESIAN_POINT('',(0.1,2.999634642796,0.613476141599));
#1090 = CARTESIAN_POINT('',(0.1,2.999780716882,0.61173658371));
#1091 = CARTESIAN_POINT('',(0.1,2.999890334724,0.609994252686));
#1092 = CARTESIAN_POINT('',(0.1,2.999963440564,0.60825000815));
#1093 = CARTESIAN_POINT('',(0.1,3.,0.606504710841));
#1094 = CARTESIAN_POINT('',(0.1,3.,0.604759222072));
#1095 = ORIENTED_EDGE('',*,*,#681,.T.);
#1096 = B_SPLINE_SURFACE_WITH_KNOTS('',8,8,(
    (#1097,#1098,#1099,#1100,#1101,#1102,#1103,#1104,#1105)
    ,(#1106,#1107,#1108,#1109,#1110,#1111,#1112,#1113,#1114)
    ,(#1115,#1116,#1117,#1118,#1119,#1120,#1121,#1122,#1123)
    ,(#1124,#1125,#1126,#1127,#1128,#1129,#1130,#1131,#1132)
    ,(#1133,#1134,#1135,#1136,#1137,#1138,#1139,#1140,#1141)
    ,(#1142,#1143,#1144,#1145,#1146,#1147,#1148,#1149,#1150)
    ,(#1151,#1152,#1153,#1154,#1155,#1156,#1157,#1158,#1159)
    ,(#1160,#1161,#1162,#1163,#1164,#1165,#1166,#1167,#1168)
    ,(#1169,#1170,#1171,#1172,#1173,#1174,#1175,#1176,#1177
  )),.UNSPECIFIED.,.F.,.F.,.F.,(9,9),(9,9),(-7.778174593052E-02,
    7.778174593052E-02),(-8.855910256724E-03,7.315613219614E-03),
  .PIECEWISE_BEZIER_KNOTS.);
#1097 = CARTESIAN_POINT('',(1.418941429386E-03,2.88858131858,
    0.618837472209));
#1098 = CARTESIAN_POINT('',(9.60438712866E-04,2.889039750287,
    0.616839174569));
#1099 = CARTESIAN_POINT('',(6.735465356419E-04,2.889326333311,
    0.614832066195));
#1100 = CARTESIAN_POINT('',(1.674870584255E-03,2.888325137492,
    0.612755054073));
#1101 = CARTESIAN_POINT('',(-5.300162806532E-04,2.890530258418,
    0.610850585719));
#1102 = CARTESIAN_POINT('',(8.139233378334E-04,2.88918568087,
    0.608755394657));
#1103 = CARTESIAN_POINT('',(3.93373915973E-04,2.889606889245,
    0.606755314877));
#1104 = CARTESIAN_POINT('',(3.594616381374E-04,2.889640569674,
    0.604734143219));
#1105 = CARTESIAN_POINT('',(4.314286121877E-04,2.889568739838,
    0.602707465772));
#1106 = CARTESIAN_POINT('',(-3.660333777279E-04,2.917866154415,
    0.619666100861));
#1107 = CARTESIAN_POINT('',(-9.590931480293E-04,2.918459242046,
    0.617674911771));
#1108 = CARTESIAN_POINT('',(-1.747898186331E-03,2.919247720679,
    0.615694371776));
#1109 = CARTESIAN_POINT('',(-9.990284790162E-04,2.918498783273,
    0.613632939804));
#1110 = CARTESIAN_POINT('',(-1.945785482541E-03,2.919444967746,
    0.611657099415));
#1111 = CARTESIAN_POINT('',(-9.508146753497E-04,2.918452034149,
    0.609584783756));
#1112 = CARTESIAN_POINT('',(-2.065389891287E-03,2.919564323752,
    0.607619123702));
#1113 = CARTESIAN_POINT('',(-1.968997509034E-03,2.919468581044,
    0.605591618817));
#1114 = CARTESIAN_POINT('',(-1.699464167875E-03,2.919199273851,
    0.603554456917));
#1115 = CARTESIAN_POINT('',(4.088195395903E-03,2.940912381734,
    0.620161928533));
#1116 = CARTESIAN_POINT('',(3.63324196142E-03,2.941367891178,
    0.618163301613));
#1117 = CARTESIAN_POINT('',(5.951595320826E-03,2.939055600256,
    0.616012356791));
#1118 = CARTESIAN_POINT('',(-3.208085949546E-03,2.948195566985,
    0.614493303187));
#1119 = CARTESIAN_POINT('',(1.067252571751E-02,2.934343121195,
    0.611709845512));
#1120 = CARTESIAN_POINT('',(-3.379324339556E-03,2.948367230213,
    0.610450536402));
#1121 = CARTESIAN_POINT('',(4.836925147943E-03,2.940168349521,
    0.607983918368));
#1122 = CARTESIAN_POINT('',(3.512236096114E-03,2.941491039177,
    0.6060337724));
#1123 = CARTESIAN_POINT('',(3.083466748562E-03,2.941918305947,
    0.604033264294));
#1124 = CARTESIAN_POINT('',(1.644398966588E-02,2.956054562142,
    0.620235307426));
#1125 = CARTESIAN_POINT('',(1.816963313711E-02,2.954328120844,
    0.618118794542));
#1126 = CARTESIAN_POINT('',(1.611547952579E-02,2.956374081646,
    0.616212907348));
#1127 = CARTESIAN_POINT('',(2.754559020096E-02,2.944977414416,
    0.613549695977));
#1128 = CARTESIAN_POINT('',(-4.754790626197E-03,2.977228958371,
    0.61330460077));
#1129 = CARTESIAN_POINT('',(2.239212579665E-02,2.950127928732,
    0.609788114105));
#1130 = CARTESIAN_POINT('',(1.348001996628E-02,2.959013102774,
    0.608263762971));
#1131 = CARTESIAN_POINT('',(1.789364947166E-02,2.954601792289,
    0.605998789585));
#1132 = CARTESIAN_POINT('',(1.681696661286E-02,2.955680313925,
    0.604033877457));
#1133 = CARTESIAN_POINT('',(2.559561295027E-02,2.974404387049,
    0.620485189777));
#1134 = CARTESIAN_POINT('',(2.307979521342E-02,2.976920204787,
    0.618599336436));
#1135 = CARTESIAN_POINT('',(2.213981169448E-02,2.977860188305,
    0.61661742718));
#1136 = CARTESIAN_POINT('',(1.220064267403E-02,2.987799357329,
    0.615158730129));
#1137 = CARTESIAN_POINT('',(4.544230315915E-02,2.954557696831,
    0.611293424072));
#1138 = CARTESIAN_POINT('',(1.651426246599E-02,2.983485737545,
    0.610875330188));
#1139 = CARTESIAN_POINT('',(2.54526253812E-02,2.974547374611,
    0.608342633306));
#1140 = CARTESIAN_POINT('',(2.164239605701E-02,2.978357603946,
    0.606531873209));
#1141 = CARTESIAN_POINT('',(2.298193622127E-02,2.977018063779,
    0.604437138377));
#1142 = CARTESIAN_POINT('',(4.394543785721E-02,2.983556010336,
    0.620235307426));
#1143 = CARTESIAN_POINT('',(4.567187915447E-02,2.981830366864,
    0.618118794542));
#1144 = CARTESIAN_POINT('',(4.362591835811E-02,2.983884520471,
    0.616212907349));
#1145 = CARTESIAN_POINT('',(5.50225855736E-02,2.972454409804,
    0.613549695976));
#1146 = CARTESIAN_POINT('',(2.277104164682E-02,3.004754790624,
    0.613304600771));
#1147 = CARTESIAN_POINT('',(4.987207125294E-02,2.9776078742,
    0.609788114104));
#1148 = CARTESIAN_POINT('',(4.098689723468E-02,2.986519980038,
    0.608263762971));
#1149 = CARTESIAN_POINT('',(4.539820770898E-02,2.982106350525,
    0.605998789585));
#1150 = CARTESIAN_POINT('',(4.431968607497E-02,2.983183033387,
    0.604033877457));
#1151 = CARTESIAN_POINT('',(5.908761826655E-02,2.995911804603,
    0.620161928533));
#1152 = CARTESIAN_POINT('',(5.863210882321E-02,2.996366758038,
    0.618163301613));
#1153 = CARTESIAN_POINT('',(6.094439974065E-02,2.994048404681,
    0.616012356791));
#1154 = CARTESIAN_POINT('',(5.180443302741E-02,3.003208085942,
    0.614493303187));
#1155 = CARTESIAN_POINT('',(6.565687879237E-02,2.989327474286,
    0.611709845512));
#1156 = CARTESIAN_POINT('',(5.163276979647E-02,3.00337932434,
    0.610450536402));
#1157 = CARTESIAN_POINT('',(5.983165047315E-02,2.995163074851,
    0.607983918368));
#1158 = CARTESIAN_POINT('',(5.850896082346E-02,2.996487763906,
    0.6060337724));
#1159 = CARTESIAN_POINT('',(5.808169405267E-02,2.996916533252,
    0.604033264294));
#1160 = CARTESIAN_POINT('',(8.213384558487E-02,3.000366033378,
    0.619666100861));
#1161 = CARTESIAN_POINT('',(8.154075795379E-02,3.000959093148,
    0.617674911771));
#1162 = CARTESIAN_POINT('',(8.075227932083E-02,3.001747898187,
    0.615694371776));
#1163 = CARTESIAN_POINT('',(8.150121672496E-02,3.00099902848,
    0.613632939804));
#1164 = CARTESIAN_POINT('',(8.0555032259E-02,3.001945785481,
    0.611657099415));
#1165 = CARTESIAN_POINT('',(8.154796584662E-02,3.000950814676,
    0.609584783756));
#1166 = CARTESIAN_POINT('',(8.043567624977E-02,3.002065389891,
    0.607619123702));
#1167 = CARTESIAN_POINT('',(8.053141895644E-02,3.001968997508,
    0.605591618817));
#1168 = CARTESIAN_POINT('',(8.080072614929E-02,3.001699464168,
    0.603554456917));
#1169 = CARTESIAN_POINT('',(0.111418681421,2.99858105857,0.618837472209)
  );
#1170 = CARTESIAN_POINT('',(0.110960249713,2.999039561287,0.616839174569
    ));
#1171 = CARTESIAN_POINT('',(0.110673666688,2.999326453465,0.614832066195
    ));
#1172 = CARTESIAN_POINT('',(0.11167486251,2.998325129414,0.612755054073)
  );
#1173 = CARTESIAN_POINT('',(0.109469741579,3.000530016283,0.610850585719
    ));
#1174 = CARTESIAN_POINT('',(0.110814319132,2.999186076661,0.608755394657
    ));
#1175 = CARTESIAN_POINT('',(0.110393110755,2.999606626085,0.606755314877
    ));
#1176 = CARTESIAN_POINT('',(0.110359430326,2.999640538362,0.604734143219
    ));
#1177 = CARTESIAN_POINT('',(0.110431260161,2.999568571388,0.602707465772
    ));
#1178 = ADVANCED_FACE('',(#1179),#1184,.T.);
#1179 = FACE_BOUND('',#1180,.T.);
#1180 = EDGE_LOOP('',(#1181,#1182,#1183));
#1181 = ORIENTED_EDGE('',*,*,#746,.T.);
#1182 = ORIENTED_EDGE('',*,*,#876,.F.);
#1183 = ORIENTED_EDGE('',*,*,#709,.T.);
#1184 = SPHERICAL_SURFACE('',#1185,0.1);
#1185 = AXIS2_PLACEMENT_3D('',#1186,#1187,#1188);
#1186 = CARTESIAN_POINT('',(1.25845852029,2.85845852029,0.12));
#1187 = DIRECTION('',(0.,0.,1.));
#1188 = DIRECTION('',(0.,1.,-0.));
#1189 = ADVANCED_FACE('',(#1190),#1201,.T.);
#1190 = FACE_BOUND('',#1191,.T.);
#1191 = EDGE_LOOP('',(#1192,#1193,#1199,#1200));
#1192 = ORIENTED_EDGE('',*,*,#738,.F.);
#1193 = ORIENTED_EDGE('',*,*,#1194,.F.);
#1194 = EDGE_CURVE('',#915,#727,#1195,.T.);
#1195 = LINE('',#1196,#1197);
#1196 = CARTESIAN_POINT('',(1.399452189537,0.,0.504787931602));
#1197 = VECTOR('',#1198,1.);
#1198 = DIRECTION('',(-0.,1.,0.));
#1199 = ORIENTED_EDGE('',*,*,#914,.T.);
#1200 = ORIENTED_EDGE('',*,*,#883,.T.);
#1201 = PLANE('',#1202);
#1202 = AXIS2_PLACEMENT_3D('',#1203,#1204,#1205);
#1203 = CARTESIAN_POINT('',(1.4,0.,0.51));
#1204 = DIRECTION('',(0.994521895368,0.,-0.104528463268));
#1205 = DIRECTION('',(0.,1.,0.));
#1206 = ADVANCED_FACE('',(#1207),#1225,.F.);
#1207 = FACE_BOUND('',#1208,.F.);
#1208 = EDGE_LOOP('',(#1209,#1210,#1211,#1219));
#1209 = ORIENTED_EDGE('',*,*,#775,.F.);
#1210 = ORIENTED_EDGE('',*,*,#791,.T.);
#1211 = ORIENTED_EDGE('',*,*,#1212,.T.);
#1212 = EDGE_CURVE('',#792,#1213,#1215,.T.);
#1213 = VERTEX_POINT('',#1214);
#1214 = CARTESIAN_POINT('',(1.3,-1.387778780781E-17,0.604759222072));
#1215 = LINE('',#1216,#1217);
#1216 = CARTESIAN_POINT('',(0.,1.387778780781E-17,0.604759222072));
#1217 = VECTOR('',#1218,1.);
#1218 = DIRECTION('',(1.,-0.,0.));
#1219 = ORIENTED_EDGE('',*,*,#1220,.F.);
#1220 = EDGE_CURVE('',#764,#1213,#1221,.T.);
#1221 = LINE('',#1222,#1223);
#1222 = CARTESIAN_POINT('',(1.3,-1.387778780781E-17,0.51));
#1223 = VECTOR('',#1224,1.);
#1224 = DIRECTION('',(0.,0.,1.));
#1225 = PLANE('',#1226);
#1226 = AXIS2_PLACEMENT_3D('',#1227,#1228,#1229);
#1227 = CARTESIAN_POINT('',(0.,0.,0.51));
#1228 = DIRECTION('',(-0.,1.,0.));
#1229 = DIRECTION('',(0.,0.,1.));
#1230 = ADVANCED_FACE('',(#1231),#1257,.F.);
#1231 = FACE_BOUND('',#1232,.F.);
#1232 = EDGE_LOOP('',(#1233,#1234,#1235,#1247));
#1233 = ORIENTED_EDGE('',*,*,#922,.F.);
#1234 = ORIENTED_EDGE('',*,*,#763,.F.);
#1235 = ORIENTED_EDGE('',*,*,#1236,.F.);
#1236 = EDGE_CURVE('',#1237,#764,#1239,.T.);
#1237 = VERTEX_POINT('',#1238);
#1238 = CARTESIAN_POINT('',(1.4,0.1,0.515240777928));
#1239 = ( BOUNDED_CURVE() B_SPLINE_CURVE(6,(#1240,#1241,#1242,#1243,
#1244,#1245,#1246),.UNSPECIFIED.,.F.,.F.) B_SPLINE_CURVE_WITH_KNOTS((7,7
),(0.,1.570796326795),.PIECEWISE_BEZIER_KNOTS.) CURVE() 
GEOMETRIC_REPRESENTATION_ITEM() RATIONAL_B_SPLINE_CURVE((1.031393471788,
    1.010025407661,0.997924642725,0.993958444137,0.997924642725,
1.010025407661,1.031393471788)) REPRESENTATION_ITEM('') );
#1240 = CARTESIAN_POINT('',(1.4,0.1,0.515240777928));
#1241 = CARTESIAN_POINT('',(1.4,7.326632168471E-02,0.515240777928));
#1242 = CARTESIAN_POINT('',(1.391499564937,4.722914274178E-02,
    0.515240777928));
#1243 = CARTESIAN_POINT('',(1.37519195132,2.480804867977E-02,
    0.515240777928));
#1244 = CARTESIAN_POINT('',(1.352770857258,8.500435063369E-03,
    0.515240777928));
#1245 = CARTESIAN_POINT('',(1.326733678315,1.249000902703E-16,
    0.515240777928));
#1246 = CARTESIAN_POINT('',(1.3,-1.387778780781E-17,0.515240777928));
#1247 = ORIENTED_EDGE('',*,*,#1248,.F.);
#1248 = EDGE_CURVE('',#915,#1237,#1249,.T.);
#1249 = ( BOUNDED_CURVE() B_SPLINE_CURVE(6,(#1250,#1251,#1252,#1253,
#1254,#1255,#1256),.UNSPECIFIED.,.F.,.F.) B_SPLINE_CURVE_WITH_KNOTS((7,7
),(0.,0.10471975512),.PIECEWISE_BEZIER_KNOTS.) CURVE() 
GEOMETRIC_REPRESENTATION_ITEM() RATIONAL_B_SPLINE_CURVE((1.000137088577,
    1.00004568784,0.999990860763,0.999972587294,0.999990860763,
1.00004568784,1.000137088577)) REPRESENTATION_ITEM('') );
#1250 = CARTESIAN_POINT('',(1.399452189537,0.1,0.504787931602));
#1251 = CARTESIAN_POINT('',(1.399634642796,0.1,0.506523858401));
#1252 = CARTESIAN_POINT('',(1.399780716882,0.1,0.50826341629));
#1253 = CARTESIAN_POINT('',(1.399890334724,0.1,0.510005747314));
#1254 = CARTESIAN_POINT('',(1.399963440564,0.1,0.51174999185));
#1255 = CARTESIAN_POINT('',(1.4,0.1,0.513495289159));
#1256 = CARTESIAN_POINT('',(1.4,0.1,0.515240777928));
#1257 = B_SPLINE_SURFACE_WITH_KNOTS('',8,8,(
    (#1258,#1259,#1260,#1261,#1262,#1263,#1264,#1265,#1266)
    ,(#1267,#1268,#1269,#1270,#1271,#1272,#1273,#1274,#1275)
    ,(#1276,#1277,#1278,#1279,#1280,#1281,#1282,#1283,#1284)
    ,(#1285,#1286,#1287,#1288,#1289,#1290,#1291,#1292,#1293)
    ,(#1294,#1295,#1296,#1297,#1298,#1299,#1300,#1301,#1302)
    ,(#1303,#1304,#1305,#1306,#1307,#1308,#1309,#1310,#1311)
    ,(#1312,#1313,#1314,#1315,#1316,#1317,#1318,#1319,#1320)
    ,(#1321,#1322,#1323,#1324,#1325,#1326,#1327,#1328,#1329)
    ,(#1330,#1331,#1332,#1333,#1334,#1335,#1336,#1337,#1338
  )),.UNSPECIFIED.,.F.,.F.,.F.,(9,9),(9,9),(-7.778174593052E-02,
    7.778174593052E-02),(-7.315613219613E-03,8.855910256723E-03),
  .PIECEWISE_BEZIER_KNOTS.);
#1258 = CARTESIAN_POINT('',(1.289568739839,4.314286119657E-04,
    0.517292534228));
#1259 = CARTESIAN_POINT('',(1.289640569674,3.594616380829E-04,
    0.515265856781));
#1260 = CARTESIAN_POINT('',(1.289606889246,3.933739149107E-04,
    0.513244685123));
#1261 = CARTESIAN_POINT('',(1.289185680867,8.139233411376E-04,
    0.511244605343));
#1262 = CARTESIAN_POINT('',(1.290530258423,-5.300162849145E-04,
    0.509149414281));
#1263 = CARTESIAN_POINT('',(1.288325137489,1.674870587185E-03,
    0.507244945928));
#1264 = CARTESIAN_POINT('',(1.289326333312,6.735465347238E-04,
    0.505167933805));
#1265 = CARTESIAN_POINT('',(1.289039750287,9.60438713067E-04,
    0.503160825431));
#1266 = CARTESIAN_POINT('',(1.288581318579,1.418941430621E-03,
    0.501162527791));
#1267 = CARTESIAN_POINT('',(1.319199273851,-1.699464167677E-03,
    0.516445543083));
#1268 = CARTESIAN_POINT('',(1.319468581044,-1.968997508637E-03,
    0.514408381183));
#1269 = CARTESIAN_POINT('',(1.319564323751,-2.065389890919E-03,
    0.512380876298));
#1270 = CARTESIAN_POINT('',(1.318452034151,-9.508146766999E-04,
    0.510415216245));
#1271 = CARTESIAN_POINT('',(1.319444967743,-1.945785481089E-03,
    0.508342900584));
#1272 = CARTESIAN_POINT('',(1.318498783274,-9.990284803417E-04,
    0.506367060197));
#1273 = CARTESIAN_POINT('',(1.31924772068,-1.74789818726E-03,
    0.504305628223));
#1274 = CARTESIAN_POINT('',(1.318459242046,-9.59093148752E-04,
    0.50232508823));
#1275 = CARTESIAN_POINT('',(1.317866154415,-3.660333777021E-04,
    0.500333899139));
#1276 = CARTESIAN_POINT('',(1.341918305947,3.083466748891E-03,
    0.515966735706));
#1277 = CARTESIAN_POINT('',(1.341491039176,3.512236096639E-03,
    0.5139662276));
#1278 = CARTESIAN_POINT('',(1.340168349523,4.83692514902E-03,
    0.512016081633));
#1279 = CARTESIAN_POINT('',(1.34836723021,-3.379324341298E-03,
    0.509549463596));
#1280 = CARTESIAN_POINT('',(1.334343121208,1.067252571095E-02,
    0.508290154492));
#1281 = CARTESIAN_POINT('',(1.348195566967,-3.208085935989E-03,
    0.50550669681));
#1282 = CARTESIAN_POINT('',(1.339055600261,5.951595317184E-03,
    0.503987643211));
#1283 = CARTESIAN_POINT('',(1.341367891178,3.633241961415E-03,
    0.501836698386));
#1284 = CARTESIAN_POINT('',(1.340912381734,4.08819539609E-03,
    0.499838071467));
#1285 = CARTESIAN_POINT('',(1.355680313927,1.68169666112E-02,
    0.515966122543));
#1286 = CARTESIAN_POINT('',(1.354601792296,1.789364946733E-02,
    0.514001210415));
#1287 = CARTESIAN_POINT('',(1.359013102778,1.348001995675E-02,
    0.511736237027));
#1288 = CARTESIAN_POINT('',(1.350127928722,2.239212581457E-02,
    0.5102118859));
#1289 = CARTESIAN_POINT('',(1.377228958357,-4.754790622226E-03,
    0.506695399223));
#1290 = CARTESIAN_POINT('',(1.344977414433,2.75455901902E-02,
    0.506450304029));
#1291 = CARTESIAN_POINT('',(1.356374081639,1.611547953144E-02,
    0.503787092648));
#1292 = CARTESIAN_POINT('',(1.354328120843,1.816963313786E-02,
    0.501881205459));
#1293 = CARTESIAN_POINT('',(1.356054562142,1.644398966627E-02,
    0.499764692574));
#1294 = CARTESIAN_POINT('',(1.377018063775,2.298193622451E-02,
    0.515562861623));
#1295 = CARTESIAN_POINT('',(1.378357603935,2.164239606573E-02,
    0.513468126791));
#1296 = CARTESIAN_POINT('',(1.374547374594,2.545262540294E-02,
    0.511657366697));
#1297 = CARTESIAN_POINT('',(1.383485737576,1.651426242956E-02,
    0.509124669806));
#1298 = CARTESIAN_POINT('',(1.354557696825,4.544230317165E-02,
    0.508706575935));
#1299 = CARTESIAN_POINT('',(1.387799357316,1.220064268432E-02,
    0.504841269865));
#1300 = CARTESIAN_POINT('',(1.377860188309,2.213981169004E-02,
    0.503382572824));
#1301 = CARTESIAN_POINT('',(1.37692020479,2.30797952113E-02,
    0.501400663563));
#1302 = CARTESIAN_POINT('',(1.374404387051,2.559561294882E-02,
    0.499514810223));
#1303 = CARTESIAN_POINT('',(1.383183033391,4.431968607111E-02,
    0.515966122543));
#1304 = CARTESIAN_POINT('',(1.382106350538,4.539820769831E-02,
    0.514001210415));
#1305 = CARTESIAN_POINT('',(1.38651998006,4.098689720982E-02,
    0.511736237027));
#1306 = CARTESIAN_POINT('',(1.377607874159,4.987207129369E-02,
    0.5102118859));
#1307 = CARTESIAN_POINT('',(1.40475479063,2.277104164281E-02,
    0.506695399223));
#1308 = CARTESIAN_POINT('',(1.372454409808,5.502258556484E-02,
    0.506450304029));
#1309 = CARTESIAN_POINT('',(1.38388452047,4.362591836334E-02,
    0.503787092648));
#1310 = CARTESIAN_POINT('',(1.381830366861,4.567187915593E-02,
    0.501881205459));
#1311 = CARTESIAN_POINT('',(1.383556010334,4.394543785846E-02,
    0.499764692574));
#1312 = CARTESIAN_POINT('',(1.396916533248,5.808169405623E-02,
    0.515966735706));
#1313 = CARTESIAN_POINT('',(1.396487763897,5.850896083111E-02,
    0.5139662276));
#1314 = CARTESIAN_POINT('',(1.395163074835,5.983165048918E-02,
    0.512016081633));
#1315 = CARTESIAN_POINT('',(1.403379324354,5.163276978467E-02,
    0.509549463596));
#1316 = CARTESIAN_POINT('',(1.389327474281,6.565687879282E-02,
    0.508290154491));
#1317 = CARTESIAN_POINT('',(1.403208085936,5.180443303798E-02,
    0.50550669681));
#1318 = CARTESIAN_POINT('',(1.394048404682,6.094439973624E-02,
    0.50398764321));
#1319 = CARTESIAN_POINT('',(1.396366758039,5.863210882294E-02,
    0.501836698386));
#1320 = CARTESIAN_POINT('',(1.395911804604,5.908761826636E-02,
    0.499838071467));
#1321 = CARTESIAN_POINT('',(1.40169946417,8.080072614726E-02,
    0.516445543082));
#1322 = CARTESIAN_POINT('',(1.401968997512,8.053141895276E-02,
    0.514408381183));
#1323 = CARTESIAN_POINT('',(1.402065389896,8.043567624442E-02,
    0.512380876298));
#1324 = CARTESIAN_POINT('',(1.400950814665,8.154796585791E-02,
    0.510415216245));
#1325 = CARTESIAN_POINT('',(1.401945785494,8.055503224598E-02,
    0.508342900584));
#1326 = CARTESIAN_POINT('',(1.400999028473,8.150121673107E-02,
    0.506367060197));
#1327 = CARTESIAN_POINT('',(1.40174789819,8.075227931881E-02,
    0.504305628223));
#1328 = CARTESIAN_POINT('',(1.400959093149,8.15407579532E-02,
    0.50232508823));
#1329 = CARTESIAN_POINT('',(1.400366033378,8.213384558461E-02,
    0.500333899139));
#1330 = CARTESIAN_POINT('',(1.399568571386,0.110431260163,0.517292534228
    ));
#1331 = CARTESIAN_POINT('',(1.399640538362,0.110359430326,0.515265856781
    ));
#1332 = CARTESIAN_POINT('',(1.399606626083,0.110393110756,0.513244685123
    ));
#1333 = CARTESIAN_POINT('',(1.399186076663,0.110814319129,0.511244605343
    ));
#1334 = CARTESIAN_POINT('',(1.40053001628,0.109469741582,0.509149414281)
  );
#1335 = CARTESIAN_POINT('',(1.398325129415,0.111674862508,0.507244945927
    ));
#1336 = CARTESIAN_POINT('',(1.399326453464,0.110673666689,0.505167933805
    ));
#1337 = CARTESIAN_POINT('',(1.399039561287,0.110960249713,0.503160825431
    ));
#1338 = CARTESIAN_POINT('',(1.398581058569,0.111418681421,0.501162527791
    ));
#1339 = ADVANCED_FACE('',(#1340),#1366,.T.);
#1340 = FACE_BOUND('',#1341,.T.);
#1341 = EDGE_LOOP('',(#1342,#1343,#1355,#1365));
#1342 = ORIENTED_EDGE('',*,*,#799,.T.);
#1343 = ORIENTED_EDGE('',*,*,#1344,.T.);
#1344 = EDGE_CURVE('',#792,#1345,#1347,.T.);
#1345 = VERTEX_POINT('',#1346);
#1346 = CARTESIAN_POINT('',(0.1,5.478104631727E-04,0.615212068398));
#1347 = ( BOUNDED_CURVE() B_SPLINE_CURVE(6,(#1348,#1349,#1350,#1351,
#1352,#1353,#1354),.UNSPECIFIED.,.F.,.F.) B_SPLINE_CURVE_WITH_KNOTS((7,7
),(0.,0.10471975512),.PIECEWISE_BEZIER_KNOTS.) CURVE() 
GEOMETRIC_REPRESENTATION_ITEM() RATIONAL_B_SPLINE_CURVE((1.000137088577,
    1.00004568784,0.999990860763,0.999972587294,0.999990860763,
1.00004568784,1.000137088577)) REPRESENTATION_ITEM('') );
#1348 = CARTESIAN_POINT('',(0.1,1.387778780781E-17,0.604759222072));
#1349 = CARTESIAN_POINT('',(0.1,1.387778780781E-16,0.606504710841));
#1350 = CARTESIAN_POINT('',(0.1,3.655943564763E-05,0.60825000815));
#1351 = CARTESIAN_POINT('',(0.1,1.096652759717E-04,0.609994252686));
#1352 = CARTESIAN_POINT('',(0.1,2.192831180767E-04,0.61173658371));
#1353 = CARTESIAN_POINT('',(0.1,3.653572044893E-04,0.613476141599));
#1354 = CARTESIAN_POINT('',(0.1,5.478104631727E-04,0.615212068398));
#1355 = ORIENTED_EDGE('',*,*,#1356,.T.);
#1356 = EDGE_CURVE('',#1345,#819,#1357,.T.);
#1357 = ( BOUNDED_CURVE() B_SPLINE_CURVE(6,(#1358,#1359,#1360,#1361,
#1362,#1363,#1364),.UNSPECIFIED.,.F.,.F.) B_SPLINE_CURVE_WITH_KNOTS((7,7
),(0.,1.559869909752),.PIECEWISE_BEZIER_KNOTS.) CURVE() 
GEOMETRIC_REPRESENTATION_ITEM() RATIONAL_B_SPLINE_CURVE((1.030950613501,
    1.009890100201,0.997953445068,0.994040710927,0.997953445068,
1.009890100201,1.030950613501)) REPRESENTATION_ITEM('') );
#1358 = CARTESIAN_POINT('',(0.1,5.478104631727E-04,0.615212068398));
#1359 = CARTESIAN_POINT('',(7.360393169276E-02,8.362191750265E-04,
    0.617956093995));
#1360 = CARTESIAN_POINT('',(4.788551824518E-02,9.450074782514E-03,
    0.619753855466));
#1361 = CARTESIAN_POINT('',(2.568827830487E-02,2.568827830487E-02,
    0.620380175432));
#1362 = CARTESIAN_POINT('',(9.450074782514E-03,4.788551824518E-02,
    0.619753855466));
#1363 = CARTESIAN_POINT('',(8.362191750263E-04,7.360393169277E-02,
    0.617956093995));
#1364 = CARTESIAN_POINT('',(5.478104631727E-04,0.1,0.615212068398));
#1365 = ORIENTED_EDGE('',*,*,#818,.T.);
#1366 = B_SPLINE_SURFACE_WITH_KNOTS('',8,8,(
    (#1367,#1368,#1369,#1370,#1371,#1372,#1373,#1374,#1375)
    ,(#1376,#1377,#1378,#1379,#1380,#1381,#1382,#1383,#1384)
    ,(#1385,#1386,#1387,#1388,#1389,#1390,#1391,#1392,#1393)
    ,(#1394,#1395,#1396,#1397,#1398,#1399,#1400,#1401,#1402)
    ,(#1403,#1404,#1405,#1406,#1407,#1408,#1409,#1410,#1411)
    ,(#1412,#1413,#1414,#1415,#1416,#1417,#1418,#1419,#1420)
    ,(#1421,#1422,#1423,#1424,#1425,#1426,#1427,#1428,#1429)
    ,(#1430,#1431,#1432,#1433,#1434,#1435,#1436,#1437,#1438)
    ,(#1439,#1440,#1441,#1442,#1443,#1444,#1445,#1446,#1447
  )),.UNSPECIFIED.,.F.,.F.,.F.,(9,9),(9,9),(-7.778174593052E-02,
    7.778174593052E-02),(-7.315613219613E-03,8.855910256723E-03),
  .PIECEWISE_BEZIER_KNOTS.);
#1367 = CARTESIAN_POINT('',(4.314286124783E-04,0.110431260162,
    0.602707465772));
#1368 = CARTESIAN_POINT('',(3.594616381016E-04,0.110359430326,
    0.604734143219));
#1369 = CARTESIAN_POINT('',(3.933739152247E-04,0.110393110755,
    0.606755314877));
#1370 = CARTESIAN_POINT('',(8.139233413962E-04,0.110814319134,
    0.608755394657));
#1371 = CARTESIAN_POINT('',(-5.300162863862E-04,0.109469741576,
    0.610850585719));
#1372 = CARTESIAN_POINT('',(1.674870589436E-03,0.111674862513,
    0.612755054072));
#1373 = CARTESIAN_POINT('',(6.735465340311E-04,0.110673666687,
    0.614832066195));
#1374 = CARTESIAN_POINT('',(9.604387134763E-04,0.110960249713,
    0.616839174569));
#1375 = CARTESIAN_POINT('',(1.418941431641E-03,0.111418681422,
    0.618837472208));
#1376 = CARTESIAN_POINT('',(-1.699464168248E-03,8.080072614867E-02,
    0.603554456917));
#1377 = CARTESIAN_POINT('',(-1.96899750968E-03,8.053141895532E-02,
    0.605591618817));
#1378 = CARTESIAN_POINT('',(-2.065389891492E-03,8.043567624846E-02,
    0.607619123702));
#1379 = CARTESIAN_POINT('',(-9.508146764084E-04,8.154796584837E-02,
    0.609584783756));
#1380 = CARTESIAN_POINT('',(-1.945785481905E-03,8.055503225649E-02,
    0.611657099415));
#1381 = CARTESIAN_POINT('',(-9.990284797472E-04,8.150121672581E-02,
    0.613632939804));
#1382 = CARTESIAN_POINT('',(-1.747898189283E-03,8.075227931863E-02,
    0.615694371776));
#1383 = CARTESIAN_POINT('',(-9.590931493723E-04,8.154075795279E-02,
    0.617674911771));
#1384 = CARTESIAN_POINT('',(-3.660333778048E-04,8.213384558479E-02,
    0.619666100861));
#1385 = CARTESIAN_POINT('',(3.083466749609E-03,5.808169405382E-02,
    0.604033264294));
#1386 = CARTESIAN_POINT('',(3.512236097983E-03,5.850896082598E-02,
    0.6060337724));
#1387 = CARTESIAN_POINT('',(4.836925150553E-03,5.983165047733E-02,
    0.607983918368));
#1388 = CARTESIAN_POINT('',(-3.379324334577E-03,5.163276980117E-02,
    0.610450536401));
#1389 = CARTESIAN_POINT('',(1.067252569806E-02,6.565687877187E-02,
    0.611709845513));
#1390 = CARTESIAN_POINT('',(-3.208085920513E-03,5.180443305551E-02,
    0.614493303186));
#1391 = CARTESIAN_POINT('',(5.951595314724E-03,6.094439973309E-02,
    0.616012356791));
#1392 = CARTESIAN_POINT('',(3.633241961682E-03,5.863210882287E-02,
    0.618163301613));
#1393 = CARTESIAN_POINT('',(4.08819539607E-03,5.908761826626E-02,
    0.620161928533));
#1394 = CARTESIAN_POINT('',(1.681696661101E-02,4.431968607333E-02,
    0.604033877457));
#1395 = CARTESIAN_POINT('',(1.789364946735E-02,4.539820770437E-02,
    0.605998789585));
#1396 = CARTESIAN_POINT('',(1.348001995832E-02,4.098689722674E-02,
    0.608263762971));
#1397 = CARTESIAN_POINT('',(2.239212580558E-02,4.987207125434E-02,
    0.609788114105));
#1398 = CARTESIAN_POINT('',(-4.75479060594E-03,2.277104168419E-02,
    0.613304600769));
#1399 = CARTESIAN_POINT('',(2.754559018595E-02,5.502258554122E-02,
    0.613549695977));
#1400 = CARTESIAN_POINT('',(1.61154795307E-02,4.362591836927E-02,
    0.616212907349));
#1401 = CARTESIAN_POINT('',(1.816963313686E-02,4.567187915554E-02,
    0.618118794542));
#1402 = CARTESIAN_POINT('',(1.644398966624E-02,4.394543785867E-02,
    0.620235307426));
#1403 = CARTESIAN_POINT('',(2.298193622358E-02,2.29819362232E-02,
    0.604437138377));
#1404 = CARTESIAN_POINT('',(2.164239606248E-02,2.164239606192E-02,
    0.606531873209));
#1405 = CARTESIAN_POINT('',(2.545262539468E-02,2.545262539109E-02,
    0.608342633306));
#1406 = CARTESIAN_POINT('',(1.65142624459E-02,1.651426246568E-02,
    0.610875330188));
#1407 = CARTESIAN_POINT('',(4.544230316726E-02,4.544230312879E-02,
    0.611293424073));
#1408 = CARTESIAN_POINT('',(1.220064267623E-02,1.220064271042E-02,
    0.615158730128));
#1409 = CARTESIAN_POINT('',(2.213981169624E-02,2.213981168378E-02,
    0.616617427179));
#1410 = CARTESIAN_POINT('',(2.307979521238E-02,2.307979521142E-02,
    0.618599336436));
#1411 = CARTESIAN_POINT('',(2.559561294902E-02,2.559561294836E-02,
    0.620485189777));
#1412 = CARTESIAN_POINT('',(4.431968607302E-02,1.681696661128E-02,
    0.604033877457));
#1413 = CARTESIAN_POINT('',(4.539820770393E-02,1.789364946776E-02,
    0.605998789585));
#1414 = CARTESIAN_POINT('',(4.098689722167E-02,1.34800199592E-02,
    0.608263762972));
#1415 = CARTESIAN_POINT('',(4.987207128009E-02,2.23921257994E-02,
    0.609788114104));
#1416 = CARTESIAN_POINT('',(2.27710416303E-02,-4.754790597381E-03,
    0.61330460077));
#1417 = CARTESIAN_POINT('',(5.502258558827E-02,2.754559017714E-02,
    0.613549695977));
#1418 = CARTESIAN_POINT('',(4.362591835178E-02,1.611547953441E-02,
    0.616212907349));
#1419 = CARTESIAN_POINT('',(4.567187915579E-02,1.816963313802E-02,
    0.618118794542));
#1420 = CARTESIAN_POINT('',(4.394543785891E-02,1.644398966703E-02,
    0.620235307426));
#1421 = CARTESIAN_POINT('',(5.808169405404E-02,3.083466749507E-03,
    0.604033264294));
#1422 = CARTESIAN_POINT('',(5.850896082631E-02,3.512236097895E-03,
    0.6060337724));
#1423 = CARTESIAN_POINT('',(5.983165048071E-02,4.836925151143E-03,
    0.607983918368));
#1424 = CARTESIAN_POINT('',(5.163276978378E-02,-3.379324338175E-03,
    0.610450536402));
#1425 = CARTESIAN_POINT('',(6.565687880707E-02,1.06725257061E-02,
    0.611709845512));
#1426 = CARTESIAN_POINT('',(5.18044330181E-02,-3.208085932472E-03,
    0.614493303187));
#1427 = CARTESIAN_POINT('',(6.09443997455E-02,5.951595316911E-03,
    0.616012356791));
#1428 = CARTESIAN_POINT('',(5.863210882226E-02,3.633241961087E-03,
    0.618163301613));
#1429 = CARTESIAN_POINT('',(5.908761826581E-02,4.088195395732E-03,
    0.620161928533));
#1430 = CARTESIAN_POINT('',(8.080072614865E-02,-1.699464168279E-03,
    0.603554456917));
#1431 = CARTESIAN_POINT('',(8.053141895526E-02,-1.968997509727E-03,
    0.605591618817));
#1432 = CARTESIAN_POINT('',(8.043567624739E-02,-2.065389892246E-03,
    0.607619123702));
#1433 = CARTESIAN_POINT('',(8.154796585268E-02,-9.508146735278E-04,
    0.609584783755));
#1434 = CARTESIAN_POINT('',(8.05550322504E-02,-1.945785485873E-03,
    0.611657099415));
#1435 = CARTESIAN_POINT('',(8.150121673082E-02,-9.990284765951E-04,
    0.613632939804));
#1436 = CARTESIAN_POINT('',(8.075227931826E-02,-1.747898189164E-03,
    0.615694371776));
#1437 = CARTESIAN_POINT('',(8.154075795337E-02,-9.590931489079E-04,
    0.617674911771));
#1438 = CARTESIAN_POINT('',(8.213384558493E-02,-3.660333777183E-04,
    0.619666100861));
#1439 = CARTESIAN_POINT('',(0.110431260162,4.314286124399E-04,
    0.602707465772));
#1440 = CARTESIAN_POINT('',(0.110359430326,3.594616380483E-04,
    0.604734143219));
#1441 = CARTESIAN_POINT('',(0.110393110755,3.933739154383E-04,
    0.606755314877));
#1442 = CARTESIAN_POINT('',(0.110814319134,8.139233405827E-04,
    0.608755394657));
#1443 = CARTESIAN_POINT('',(0.109469741576,-5.300162852637E-04,
    0.610850585719));
#1444 = CARTESIAN_POINT('',(0.111674862513,1.674870588446E-03,
    0.612755054072));
#1445 = CARTESIAN_POINT('',(0.110673666687,6.73546534067E-04,
    0.614832066195));
#1446 = CARTESIAN_POINT('',(0.110960249713,9.604387131972E-04,
    0.616839174569));
#1447 = CARTESIAN_POINT('',(0.111418681421,1.418941430837E-03,
    0.618837472209));
#1448 = ADVANCED_FACE('',(#1449),#1474,.T.);
#1449 = FACE_BOUND('',#1450,.T.);
#1450 = EDGE_LOOP('',(#1451,#1452,#1460,#1468));
#1451 = ORIENTED_EDGE('',*,*,#830,.F.);
#1452 = ORIENTED_EDGE('',*,*,#1453,.T.);
#1453 = EDGE_CURVE('',#819,#1454,#1456,.T.);
#1454 = VERTEX_POINT('',#1455);
#1455 = CARTESIAN_POINT('',(4.208929017314E-02,0.14154147971,
    1.010452846327));
#1456 = LINE('',#1457,#1458);
#1457 = CARTESIAN_POINT('',(-1.074890013952E-03,9.837729952288E-02,
    0.599773104659));
#1458 = VECTOR('',#1459,1.);
#1459 = DIRECTION('',(0.103962051184,0.103962051184,0.989132844378));
#1460 = ORIENTED_EDGE('',*,*,#1461,.T.);
#1461 = EDGE_CURVE('',#1454,#1462,#1464,.T.);
#1462 = VERTEX_POINT('',#1463);
#1463 = CARTESIAN_POINT('',(4.208929017314E-02,2.85845852029,
    1.010452846327));
#1464 = LINE('',#1465,#1466);
#1465 = CARTESIAN_POINT('',(4.208929017314E-02,5.150107528018E-02,
    1.010452846327));
#1466 = VECTOR('',#1467,1.);
#1467 = DIRECTION('',(0.,1.,-0.));
#1468 = ORIENTED_EDGE('',*,*,#1469,.F.);
#1469 = EDGE_CURVE('',#831,#1462,#1470,.T.);
#1470 = LINE('',#1471,#1472);
#1471 = CARTESIAN_POINT('',(-1.074890013952E-03,2.901622700477,
    0.599773104659));
#1472 = VECTOR('',#1473,1.);
#1473 = DIRECTION('',(0.103962051184,-0.103962051184,0.989132844378));
#1474 = PLANE('',#1475);
#1475 = AXIS2_PLACEMENT_3D('',#1476,#1477,#1478);
#1476 = CARTESIAN_POINT('',(0.,0.,0.61));
#1477 = DIRECTION('',(-0.994521895368,0.,0.104528463268));
#1478 = DIRECTION('',(0.,1.,0.));
#1479 = ADVANCED_FACE('',(#1480),#1485,.T.);
#1480 = FACE_BOUND('',#1481,.T.);
#1481 = EDGE_LOOP('',(#1482,#1483,#1484));
#1482 = ORIENTED_EDGE('',*,*,#859,.F.);
#1483 = ORIENTED_EDGE('',*,*,#891,.T.);
#1484 = ORIENTED_EDGE('',*,*,#907,.F.);
#1485 = SPHERICAL_SURFACE('',#1486,0.1);
#1486 = AXIS2_PLACEMENT_3D('',#1487,#1488,#1489);
#1487 = CARTESIAN_POINT('',(1.25845852029,0.14154147971,0.12));
#1488 = DIRECTION('',(-2.22044604925E-15,2.775557561563E-16,1.));
#1489 = DIRECTION('',(-2.333782839551E-16,-1.,2.775557561563E-16));
#1490 = ADVANCED_FACE('',(#1491),#1513,.T.);
#1491 = FACE_BOUND('',#1492,.T.);
#1492 = EDGE_LOOP('',(#1493,#1494,#1506,#1512));
#1493 = ORIENTED_EDGE('',*,*,#950,.T.);
#1494 = ORIENTED_EDGE('',*,*,#1495,.T.);
#1495 = EDGE_CURVE('',#943,#1496,#1498,.T.);
#1496 = VERTEX_POINT('',#1497);
#1497 = CARTESIAN_POINT('',(1.4,2.9,0.604759222072));
#1498 = ( BOUNDED_CURVE() B_SPLINE_CURVE(6,(#1499,#1500,#1501,#1502,
#1503,#1504,#1505),.UNSPECIFIED.,.F.,.F.) B_SPLINE_CURVE_WITH_KNOTS((7,7
),(0.,1.570796326795),.PIECEWISE_BEZIER_KNOTS.) CURVE() 
GEOMETRIC_REPRESENTATION_ITEM() RATIONAL_B_SPLINE_CURVE((1.031393471788,
    1.010025407661,0.997924642725,0.993958444137,0.997924642725,
1.010025407661,1.031393471788)) REPRESENTATION_ITEM('') );
#1499 = CARTESIAN_POINT('',(1.3,3.,0.604759222072));
#1500 = CARTESIAN_POINT('',(1.326733678315,3.,0.604759222072));
#1501 = CARTESIAN_POINT('',(1.352770857258,2.991499564937,0.604759222072
    ));
#1502 = CARTESIAN_POINT('',(1.37519195132,2.97519195132,0.604759222072)
  );
#1503 = CARTESIAN_POINT('',(1.391499564937,2.952770857258,0.604759222072
    ));
#1504 = CARTESIAN_POINT('',(1.4,2.926733678315,0.604759222072));
#1505 = CARTESIAN_POINT('',(1.4,2.9,0.604759222072));
#1506 = ORIENTED_EDGE('',*,*,#1507,.F.);
#1507 = EDGE_CURVE('',#967,#1496,#1508,.T.);
#1508 = LINE('',#1509,#1510);
#1509 = CARTESIAN_POINT('',(1.4,2.9,0.51));
#1510 = VECTOR('',#1511,1.);
#1511 = DIRECTION('',(0.,0.,1.));
#1512 = ORIENTED_EDGE('',*,*,#966,.T.);
#1513 = CYLINDRICAL_SURFACE('',#1514,0.1);
#1514 = AXIS2_PLACEMENT_3D('',#1515,#1516,#1517);
#1515 = CARTESIAN_POINT('',(1.3,2.9,0.51));
#1516 = DIRECTION('',(0.,0.,1.));
#1517 = DIRECTION('',(-0.,1.,0.));
#1518 = ADVANCED_FACE('',(#1519),#1541,.T.);
#1519 = FACE_BOUND('',#1520,.T.);
#1520 = EDGE_LOOP('',(#1521,#1522,#1530,#1540));
#1521 = ORIENTED_EDGE('',*,*,#1086,.F.);
#1522 = ORIENTED_EDGE('',*,*,#1523,.T.);
#1523 = EDGE_CURVE('',#1075,#1524,#1526,.T.);
#1524 = VERTEX_POINT('',#1525);
#1525 = CARTESIAN_POINT('',(1.3,2.999452189537,0.615212068398));
#1526 = LINE('',#1527,#1528);
#1527 = CARTESIAN_POINT('',(3.469446951954E-18,2.999452189537,
    0.615212068398));
#1528 = VECTOR('',#1529,1.);
#1529 = DIRECTION('',(1.,0.,0.));
#1530 = ORIENTED_EDGE('',*,*,#1531,.T.);
#1531 = EDGE_CURVE('',#1524,#943,#1532,.T.);
#1532 = ( BOUNDED_CURVE() B_SPLINE_CURVE(6,(#1533,#1534,#1535,#1536,
#1537,#1538,#1539),.UNSPECIFIED.,.F.,.F.) B_SPLINE_CURVE_WITH_KNOTS((7,7
),(0.,0.10471975512),.PIECEWISE_BEZIER_KNOTS.) CURVE() 
GEOMETRIC_REPRESENTATION_ITEM() RATIONAL_B_SPLINE_CURVE((1.000137088577,
    1.00004568784,0.999990860763,0.999972587294,0.999990860763,
1.00004568784,1.000137088577)) REPRESENTATION_ITEM('') );
#1533 = CARTESIAN_POINT('',(1.3,2.999452189537,0.615212068398));
#1534 = CARTESIAN_POINT('',(1.3,2.999634642796,0.613476141599));
#1535 = CARTESIAN_POINT('',(1.3,2.999780716882,0.61173658371));
#1536 = CARTESIAN_POINT('',(1.3,2.999890334724,0.609994252686));
#1537 = CARTESIAN_POINT('',(1.3,2.999963440564,0.60825000815));
#1538 = CARTESIAN_POINT('',(1.3,3.,0.606504710841));
#1539 = CARTESIAN_POINT('',(1.3,3.,0.604759222072));
#1540 = ORIENTED_EDGE('',*,*,#942,.F.);
#1541 = CYLINDRICAL_SURFACE('',#1542,0.1);
#1542 = AXIS2_PLACEMENT_3D('',#1543,#1544,#1545);
#1543 = CARTESIAN_POINT('',(3.469446951954E-18,2.9,0.604759222072));
#1544 = DIRECTION('',(1.,0.,0.));
#1545 = DIRECTION('',(-0.,1.,0.));
#1546 = ADVANCED_FACE('',(#1547),#1558,.T.);
#1547 = FACE_BOUND('',#1548,.T.);
#1548 = EDGE_LOOP('',(#1549,#1550,#1551,#1557));
#1549 = ORIENTED_EDGE('',*,*,#1194,.T.);
#1550 = ORIENTED_EDGE('',*,*,#978,.T.);
#1551 = ORIENTED_EDGE('',*,*,#1552,.F.);
#1552 = EDGE_CURVE('',#1237,#967,#1553,.T.);
#1553 = LINE('',#1554,#1555);
#1554 = CARTESIAN_POINT('',(1.4,0.,0.515240777928));
#1555 = VECTOR('',#1556,1.);
#1556 = DIRECTION('',(-0.,1.,0.));
#1557 = ORIENTED_EDGE('',*,*,#1248,.F.);
#1558 = CYLINDRICAL_SURFACE('',#1559,0.1);
#1559 = AXIS2_PLACEMENT_3D('',#1560,#1561,#1562);
#1560 = CARTESIAN_POINT('',(1.3,0.,0.515240777928));
#1561 = DIRECTION('',(-0.,1.,0.));
#1562 = DIRECTION('',(0.994521895368,0.,-0.104528463268));
#1563 = ADVANCED_FACE('',(#1564),#1583,.T.);
#1564 = FACE_BOUND('',#1565,.T.);
#1565 = EDGE_LOOP('',(#1566,#1567,#1576,#1582));
#1566 = ORIENTED_EDGE('',*,*,#1469,.T.);
#1567 = ORIENTED_EDGE('',*,*,#1568,.T.);
#1568 = EDGE_CURVE('',#1462,#1569,#1571,.T.);
#1569 = VERTEX_POINT('',#1570);
#1570 = CARTESIAN_POINT('',(0.14154147971,2.957910709827,1.010452846327)
  );
#1571 = CIRCLE('',#1572,0.1);
#1572 = AXIS2_PLACEMENT_3D('',#1573,#1574,#1575);
#1573 = CARTESIAN_POINT('',(0.14154147971,2.85845852029,1.));
#1574 = DIRECTION('',(-0.103962051184,0.103962051184,-0.989132844378));
#1575 = DIRECTION('',(-0.994521895368,8.724097833035E-14,0.104528463267)
  );
#1576 = ORIENTED_EDGE('',*,*,#1577,.F.);
#1577 = EDGE_CURVE('',#1075,#1569,#1578,.T.);
#1578 = LINE('',#1579,#1580);
#1579 = CARTESIAN_POINT('',(9.837729952288E-02,3.001074890014,
    0.599773104659));
#1580 = VECTOR('',#1581,1.);
#1581 = DIRECTION('',(0.103962051184,-0.103962051184,0.989132844378));
#1582 = ORIENTED_EDGE('',*,*,#1074,.F.);
#1583 = CYLINDRICAL_SURFACE('',#1584,0.1);
#1584 = AXIS2_PLACEMENT_3D('',#1585,#1586,#1587);
#1585 = CARTESIAN_POINT('',(9.837729952288E-02,2.901622700477,
    0.589320258332));
#1586 = DIRECTION('',(0.103962051184,-0.103962051184,0.989132844378));
#1587 = DIRECTION('',(-0.994521895368,9.1635032895E-14,0.104528463267));
#1588 = ADVANCED_FACE('',(#1589),#1611,.T.);
#1589 = FACE_BOUND('',#1590,.T.);
#1590 = EDGE_LOOP('',(#1591,#1592,#1600,#1610));
#1591 = ORIENTED_EDGE('',*,*,#1236,.F.);
#1592 = ORIENTED_EDGE('',*,*,#1593,.T.);
#1593 = EDGE_CURVE('',#1237,#1594,#1596,.T.);
#1594 = VERTEX_POINT('',#1595);
#1595 = CARTESIAN_POINT('',(1.4,0.1,0.604759222072));
#1596 = LINE('',#1597,#1598);
#1597 = CARTESIAN_POINT('',(1.4,0.1,0.51));
#1598 = VECTOR('',#1599,1.);
#1599 = DIRECTION('',(0.,0.,1.));
#1600 = ORIENTED_EDGE('',*,*,#1601,.F.);
#1601 = EDGE_CURVE('',#1213,#1594,#1602,.T.);
#1602 = ( BOUNDED_CURVE() B_SPLINE_CURVE(6,(#1603,#1604,#1605,#1606,
#1607,#1608,#1609),.UNSPECIFIED.,.F.,.F.) B_SPLINE_CURVE_WITH_KNOTS((7,7
),(0.,1.570796326795),.PIECEWISE_BEZIER_KNOTS.) CURVE() 
GEOMETRIC_REPRESENTATION_ITEM() RATIONAL_B_SPLINE_CURVE((1.031393471788,
    1.010025407661,0.997924642725,0.993958444137,0.997924642725,
1.010025407661,1.031393471788)) REPRESENTATION_ITEM('') );
#1603 = CARTESIAN_POINT('',(1.3,-1.387778780781E-17,0.604759222072));
#1604 = CARTESIAN_POINT('',(1.326733678315,1.249000902703E-16,
    0.604759222072));
#1605 = CARTESIAN_POINT('',(1.352770857258,8.500435063369E-03,
    0.604759222072));
#1606 = CARTESIAN_POINT('',(1.37519195132,2.480804867977E-02,
    0.604759222072));
#1607 = CARTESIAN_POINT('',(1.391499564937,4.722914274178E-02,
    0.604759222072));
#1608 = CARTESIAN_POINT('',(1.4,7.326632168471E-02,0.604759222072));
#1609 = CARTESIAN_POINT('',(1.4,0.1,0.604759222072));
#1610 = ORIENTED_EDGE('',*,*,#1220,.F.);
#1611 = CYLINDRICAL_SURFACE('',#1612,0.1);
#1612 = AXIS2_PLACEMENT_3D('',#1613,#1614,#1615);
#1613 = CARTESIAN_POINT('',(1.3,0.1,0.51));
#1614 = DIRECTION('',(0.,0.,1.));
#1615 = DIRECTION('',(0.,-1.,0.));
#1616 = ADVANCED_FACE('',(#1617),#1639,.T.);
#1617 = FACE_BOUND('',#1618,.T.);
#1618 = EDGE_LOOP('',(#1619,#1620,#1632,#1638));
#1619 = ORIENTED_EDGE('',*,*,#1212,.T.);
#1620 = ORIENTED_EDGE('',*,*,#1621,.F.);
#1621 = EDGE_CURVE('',#1622,#1213,#1624,.T.);
#1622 = VERTEX_POINT('',#1623);
#1623 = CARTESIAN_POINT('',(1.3,5.478104631723E-04,0.615212068398));
#1624 = ( BOUNDED_CURVE() B_SPLINE_CURVE(6,(#1625,#1626,#1627,#1628,
#1629,#1630,#1631),.UNSPECIFIED.,.F.,.F.) B_SPLINE_CURVE_WITH_KNOTS((7,7
),(0.,0.10471975512),.PIECEWISE_BEZIER_KNOTS.) CURVE() 
GEOMETRIC_REPRESENTATION_ITEM() RATIONAL_B_SPLINE_CURVE((1.000137088577,
    1.00004568784,0.999990860763,0.999972587294,0.999990860763,
1.00004568784,1.000137088577)) REPRESENTATION_ITEM('') );
#1625 = CARTESIAN_POINT('',(1.3,5.478104631727E-04,0.615212068398));
#1626 = CARTESIAN_POINT('',(1.3,3.653572044893E-04,0.613476141599));
#1627 = CARTESIAN_POINT('',(1.3,2.192831180767E-04,0.61173658371));
#1628 = CARTESIAN_POINT('',(1.3,1.096652759717E-04,0.609994252686));
#1629 = CARTESIAN_POINT('',(1.3,3.655943564763E-05,0.60825000815));
#1630 = CARTESIAN_POINT('',(1.3,1.387778780781E-16,0.606504710841));
#1631 = CARTESIAN_POINT('',(1.3,1.387778780781E-17,0.604759222072));
#1632 = ORIENTED_EDGE('',*,*,#1633,.F.);
#1633 = EDGE_CURVE('',#1345,#1622,#1634,.T.);
#1634 = LINE('',#1635,#1636);
#1635 = CARTESIAN_POINT('',(0.,5.478104631727E-04,0.615212068398));
#1636 = VECTOR('',#1637,1.);
#1637 = DIRECTION('',(1.,-0.,0.));
#1638 = ORIENTED_EDGE('',*,*,#1344,.F.);
#1639 = CYLINDRICAL_SURFACE('',#1640,0.1);
#1640 = AXIS2_PLACEMENT_3D('',#1641,#1642,#1643);
#1641 = CARTESIAN_POINT('',(0.,0.1,0.604759222072));
#1642 = DIRECTION('',(1.,-0.,0.));
#1643 = DIRECTION('',(0.,-1.,-0.));
#1644 = ADVANCED_FACE('',(#1645),#1664,.T.);
#1645 = FACE_BOUND('',#1646,.T.);
#1646 = EDGE_LOOP('',(#1647,#1648,#1656,#1663));
#1647 = ORIENTED_EDGE('',*,*,#1356,.F.);
#1648 = ORIENTED_EDGE('',*,*,#1649,.T.);
#1649 = EDGE_CURVE('',#1345,#1650,#1652,.T.);
#1650 = VERTEX_POINT('',#1651);
#1651 = CARTESIAN_POINT('',(0.14154147971,4.208929017314E-02,
    1.010452846327));
#1652 = LINE('',#1653,#1654);
#1653 = CARTESIAN_POINT('',(9.837729952288E-02,-1.074890013952E-03,
    0.599773104659));
#1654 = VECTOR('',#1655,1.);
#1655 = DIRECTION('',(0.103962051184,0.103962051184,0.989132844378));
#1656 = ORIENTED_EDGE('',*,*,#1657,.F.);
#1657 = EDGE_CURVE('',#1454,#1650,#1658,.T.);
#1658 = CIRCLE('',#1659,0.1);
#1659 = AXIS2_PLACEMENT_3D('',#1660,#1661,#1662);
#1660 = CARTESIAN_POINT('',(0.14154147971,0.14154147971,1.));
#1661 = DIRECTION('',(0.103962051184,0.103962051184,0.989132844378));
#1662 = DIRECTION('',(-0.994521895368,-9.190564975725E-14,0.104528463267
    ));
#1663 = ORIENTED_EDGE('',*,*,#1453,.F.);
#1664 = CYLINDRICAL_SURFACE('',#1665,0.1);
#1665 = AXIS2_PLACEMENT_3D('',#1666,#1667,#1668);
#1666 = CARTESIAN_POINT('',(9.837729952288E-02,9.837729952288E-02,
    0.589320258332));
#1667 = DIRECTION('',(0.103962051184,0.103962051184,0.989132844378));
#1668 = DIRECTION('',(-0.994521895368,-9.1635032895E-14,0.104528463267)
  );
#1669 = ADVANCED_FACE('',(#1670),#1697,.T.);
#1670 = FACE_BOUND('',#1671,.T.);
#1671 = EDGE_LOOP('',(#1672,#1681,#1689,#1696));
#1672 = ORIENTED_EDGE('',*,*,#1673,.F.);
#1673 = EDGE_CURVE('',#1674,#1454,#1676,.T.);
#1674 = VERTEX_POINT('',#1675);
#1675 = CARTESIAN_POINT('',(0.14154147971,0.14154147971,1.1));
#1676 = CIRCLE('',#1677,0.1);
#1677 = AXIS2_PLACEMENT_3D('',#1678,#1679,#1680);
#1678 = CARTESIAN_POINT('',(0.14154147971,0.14154147971,1.));
#1679 = DIRECTION('',(2.499123253613E-16,-1.,-2.775557561563E-16));
#1680 = DIRECTION('',(-1.,-2.499123253613E-16,-6.936460443842E-32));
#1681 = ORIENTED_EDGE('',*,*,#1682,.T.);
#1682 = EDGE_CURVE('',#1674,#1683,#1685,.T.);
#1683 = VERTEX_POINT('',#1684);
#1684 = CARTESIAN_POINT('',(0.14154147971,2.85845852029,1.1));
#1685 = LINE('',#1686,#1687);
#1686 = CARTESIAN_POINT('',(0.14154147971,5.150107528018E-02,1.1));
#1687 = VECTOR('',#1688,1.);
#1688 = DIRECTION('',(0.,1.,-0.));
#1689 = ORIENTED_EDGE('',*,*,#1690,.T.);
#1690 = EDGE_CURVE('',#1683,#1462,#1691,.T.);
#1691 = CIRCLE('',#1692,0.1);
#1692 = AXIS2_PLACEMENT_3D('',#1693,#1694,#1695);
#1693 = CARTESIAN_POINT('',(0.14154147971,2.85845852029,1.));
#1694 = DIRECTION('',(4.932110341601E-15,-1.,4.440892098501E-15));
#1695 = DIRECTION('',(-1.,-4.932110341601E-15,2.190296984495E-29));
#1696 = ORIENTED_EDGE('',*,*,#1461,.F.);
#1697 = CYLINDRICAL_SURFACE('',#1698,0.1);
#1698 = AXIS2_PLACEMENT_3D('',#1699,#1700,#1701);
#1699 = CARTESIAN_POINT('',(0.14154147971,5.150107528018E-02,1.));
#1700 = DIRECTION('',(0.,1.,-0.));
#1701 = DIRECTION('',(-0.994521895368,0.,0.104528463268));
#1702 = ADVANCED_FACE('',(#1703),#1714,.T.);
#1703 = FACE_BOUND('',#1704,.T.);
#1704 = EDGE_LOOP('',(#1705,#1706,#1707,#1713));
#1705 = ORIENTED_EDGE('',*,*,#1552,.T.);
#1706 = ORIENTED_EDGE('',*,*,#1507,.T.);
#1707 = ORIENTED_EDGE('',*,*,#1708,.F.);
#1708 = EDGE_CURVE('',#1594,#1496,#1709,.T.);
#1709 = LINE('',#1710,#1711);
#1710 = CARTESIAN_POINT('',(1.4,8.673617379884E-19,0.604759222072));
#1711 = VECTOR('',#1712,1.);
#1712 = DIRECTION('',(0.,1.,-0.));
#1713 = ORIENTED_EDGE('',*,*,#1593,.F.);
#1714 = PLANE('',#1715);
#1715 = AXIS2_PLACEMENT_3D('',#1716,#1717,#1718);
#1716 = CARTESIAN_POINT('',(1.4,0.,0.51));
#1717 = DIRECTION('',(1.,0.,-0.));
#1718 = DIRECTION('',(0.,0.,1.));
#1719 = ADVANCED_FACE('',(#1720),#1746,.F.);
#1720 = FACE_BOUND('',#1721,.F.);
#1721 = EDGE_LOOP('',(#1722,#1723,#1735,#1745));
#1722 = ORIENTED_EDGE('',*,*,#1495,.T.);
#1723 = ORIENTED_EDGE('',*,*,#1724,.T.);
#1724 = EDGE_CURVE('',#1496,#1725,#1727,.T.);
#1725 = VERTEX_POINT('',#1726);
#1726 = CARTESIAN_POINT('',(1.399452189537,2.9,0.615212068398));
#1727 = ( BOUNDED_CURVE() B_SPLINE_CURVE(6,(#1728,#1729,#1730,#1731,
#1732,#1733,#1734),.UNSPECIFIED.,.F.,.F.) B_SPLINE_CURVE_WITH_KNOTS((7,7
),(0.,0.10471975512),.PIECEWISE_BEZIER_KNOTS.) CURVE() 
GEOMETRIC_REPRESENTATION_ITEM() RATIONAL_B_SPLINE_CURVE((1.000137088577,
    1.00004568784,0.999990860763,0.999972587294,0.999990860763,
1.00004568784,1.000137088577)) REPRESENTATION_ITEM('') );
#1728 = CARTESIAN_POINT('',(1.4,2.9,0.604759222072));
#1729 = CARTESIAN_POINT('',(1.4,2.9,0.606504710841));
#1730 = CARTESIAN_POINT('',(1.399963440564,2.9,0.60825000815));
#1731 = CARTESIAN_POINT('',(1.399890334724,2.9,0.609994252686));
#1732 = CARTESIAN_POINT('',(1.399780716882,2.9,0.61173658371));
#1733 = CARTESIAN_POINT('',(1.399634642796,2.9,0.613476141599));
#1734 = CARTESIAN_POINT('',(1.399452189537,2.9,0.615212068398));
#1735 = ORIENTED_EDGE('',*,*,#1736,.T.);
#1736 = EDGE_CURVE('',#1725,#1524,#1737,.T.);
#1737 = ( BOUNDED_CURVE() B_SPLINE_CURVE(6,(#1738,#1739,#1740,#1741,
#1742,#1743,#1744),.UNSPECIFIED.,.F.,.F.) B_SPLINE_CURVE_WITH_KNOTS((7,7
),(0.,1.559869909752),.PIECEWISE_BEZIER_KNOTS.) CURVE() 
GEOMETRIC_REPRESENTATION_ITEM() RATIONAL_B_SPLINE_CURVE((1.030950613501,
    1.009890100201,0.997953445068,0.994040710927,0.997953445068,
1.009890100201,1.030950613501)) REPRESENTATION_ITEM('') );
#1738 = CARTESIAN_POINT('',(1.399452189537,2.9,0.615212068398));
#1739 = CARTESIAN_POINT('',(1.399163780825,2.926396068307,0.617956093995
    ));
#1740 = CARTESIAN_POINT('',(1.390549925217,2.952114481755,0.619753855466
    ));
#1741 = CARTESIAN_POINT('',(1.374311721695,2.974311721695,0.620380175432
    ));
#1742 = CARTESIAN_POINT('',(1.352114481755,2.990549925217,0.619753855466
    ));
#1743 = CARTESIAN_POINT('',(1.326396068307,2.999163780825,0.617956093995
    ));
#1744 = CARTESIAN_POINT('',(1.3,2.999452189537,0.615212068398));
#1745 = ORIENTED_EDGE('',*,*,#1531,.T.);
#1746 = B_SPLINE_SURFACE_WITH_KNOTS('',8,8,(
    (#1747,#1748,#1749,#1750,#1751,#1752,#1753,#1754,#1755)
    ,(#1756,#1757,#1758,#1759,#1760,#1761,#1762,#1763,#1764)
    ,(#1765,#1766,#1767,#1768,#1769,#1770,#1771,#1772,#1773)
    ,(#1774,#1775,#1776,#1777,#1778,#1779,#1780,#1781,#1782)
    ,(#1783,#1784,#1785,#1786,#1787,#1788,#1789,#1790,#1791)
    ,(#1792,#1793,#1794,#1795,#1796,#1797,#1798,#1799,#1800)
    ,(#1801,#1802,#1803,#1804,#1805,#1806,#1807,#1808,#1809)
    ,(#1810,#1811,#1812,#1813,#1814,#1815,#1816,#1817,#1818)
    ,(#1819,#1820,#1821,#1822,#1823,#1824,#1825,#1826,#1827
  )),.UNSPECIFIED.,.F.,.F.,.F.,(9,9),(9,9),(-7.778174593052E-02,
    7.778174593052E-02),(-8.855910256724E-03,7.315613219615E-03),
  .PIECEWISE_BEZIER_KNOTS.);
#1747 = CARTESIAN_POINT('',(1.39858105857,2.888581318579,0.618837472209)
  );
#1748 = CARTESIAN_POINT('',(1.399039561287,2.889039750287,0.616839174569
    ));
#1749 = CARTESIAN_POINT('',(1.399326453465,2.889326333311,0.614832066195
    ));
#1750 = CARTESIAN_POINT('',(1.398325129414,2.888325137491,0.612755054073
    ));
#1751 = CARTESIAN_POINT('',(1.400530016283,2.890530258419,0.610850585719
    ));
#1752 = CARTESIAN_POINT('',(1.399186076661,2.889185680869,0.608755394657
    ));
#1753 = CARTESIAN_POINT('',(1.399606626084,2.889606889245,0.606755314877
    ));
#1754 = CARTESIAN_POINT('',(1.399640538362,2.889640569674,0.604734143219
    ));
#1755 = CARTESIAN_POINT('',(1.399568571388,2.889568739838,0.602707465772
    ));
#1756 = CARTESIAN_POINT('',(1.400366033378,2.917866154415,0.619666100861
    ));
#1757 = CARTESIAN_POINT('',(1.400959093149,2.918459242047,0.617674911771
    ));
#1758 = CARTESIAN_POINT('',(1.401747898186,2.919247720677,0.615694371776
    ));
#1759 = CARTESIAN_POINT('',(1.400999028482,2.918498783279,0.613632939804
    ));
#1760 = CARTESIAN_POINT('',(1.401945785479,2.919444967737,0.611657099414
    ));
#1761 = CARTESIAN_POINT('',(1.400950814678,2.918452034156,0.609584783756
    ));
#1762 = CARTESIAN_POINT('',(1.40206538989,2.919564323749,0.607619123701)
  );
#1763 = CARTESIAN_POINT('',(1.401968997509,2.919468581044,0.605591618817
    ));
#1764 = CARTESIAN_POINT('',(1.401699464168,2.919199273851,0.603554456917
    ));
#1765 = CARTESIAN_POINT('',(1.395911804604,2.940912381734,0.620161928533
    ));
#1766 = CARTESIAN_POINT('',(1.396366758038,2.941367891176,0.618163301613
    ));
#1767 = CARTESIAN_POINT('',(1.394048404686,2.939055600271,0.616012356791
    ));
#1768 = CARTESIAN_POINT('',(1.403208085928,2.948195566946,0.614493303187
    ));
#1769 = CARTESIAN_POINT('',(1.389327474303,2.934343121236,0.611709845513
    ));
#1770 = CARTESIAN_POINT('',(1.403379324327,2.948367230187,0.6104505364)
  );
#1771 = CARTESIAN_POINT('',(1.395163074857,2.940168349532,0.60798391837)
  );
#1772 = CARTESIAN_POINT('',(1.396487763903,2.941491039175,0.6060337724)
  );
#1773 = CARTESIAN_POINT('',(1.396916533251,2.941918305947,0.604033264294
    ));
#1774 = CARTESIAN_POINT('',(1.383556010334,2.956054562142,0.620235307426
    ));
#1775 = CARTESIAN_POINT('',(1.381830366863,2.954328120847,0.618118794542
    ));
#1776 = CARTESIAN_POINT('',(1.383884520461,2.95637408162,0.616212907349)
  );
#1777 = CARTESIAN_POINT('',(1.372454409832,2.944977414475,0.613549695977
    ));
#1778 = CARTESIAN_POINT('',(1.404754790586,2.9772289583,0.613304600768)
  );
#1779 = CARTESIAN_POINT('',(1.377607874224,2.950127928774,0.609788114108
    ));
#1780 = CARTESIAN_POINT('',(1.386519980026,2.959013102757,0.608263762969
    ));
#1781 = CARTESIAN_POINT('',(1.382106350531,2.954601792295,0.605998789585
    ));
#1782 = CARTESIAN_POINT('',(1.383183033388,2.955680313926,0.604033877457
    ));
#1783 = CARTESIAN_POINT('',(1.374404387051,2.974404387051,0.620485189777
    ));
#1784 = CARTESIAN_POINT('',(1.376920204787,2.976920204785,0.618599336436
    ));
#1785 = CARTESIAN_POINT('',(1.37786018832,2.977860188328,0.616617427179)
  );
#1786 = CARTESIAN_POINT('',(1.387799357287,2.987799357274,0.615158730128
    ));
#1787 = CARTESIAN_POINT('',(1.354557696882,2.954557696893,0.611293424075
    ));
#1788 = CARTESIAN_POINT('',(1.383485737513,2.983485737508,0.610875330185
    ));
#1789 = CARTESIAN_POINT('',(1.374547374626,2.974547374625,0.608342633308
    ));
#1790 = CARTESIAN_POINT('',(1.378357603938,2.978357603939,0.606531873209
    ));
#1791 = CARTESIAN_POINT('',(1.377018063778,2.977018063777,0.604437138377
    ));
#1792 = CARTESIAN_POINT('',(1.356054562142,2.983556010334,0.620235307426
    ));
#1793 = CARTESIAN_POINT('',(1.354328120846,2.981830366864,0.618118794542
    ));
#1794 = CARTESIAN_POINT('',(1.35637408163,2.98388452046,0.616212907349)
  );
#1795 = CARTESIAN_POINT('',(1.344977414454,2.972454409832,0.613549695976
    ));
#1796 = CARTESIAN_POINT('',(1.377228958322,3.004754790589,0.61330460077)
  );
#1797 = CARTESIAN_POINT('',(1.350127928757,2.977607874215,0.609788114106
    ));
#1798 = CARTESIAN_POINT('',(1.359013102763,2.986519980032,0.60826376297)
  );
#1799 = CARTESIAN_POINT('',(1.354601792296,2.982106350532,0.605998789585
    ));
#1800 = CARTESIAN_POINT('',(1.355680313926,2.983183033388,0.604033877457
    ));
#1801 = CARTESIAN_POINT('',(1.340912381734,2.995911804604,0.620161928533
    ));
#1802 = CARTESIAN_POINT('',(1.341367891176,2.996366758038,0.618163301614
    ));
#1803 = CARTESIAN_POINT('',(1.339055600266,2.994048404685,0.616012356791
    ));
#1804 = CARTESIAN_POINT('',(1.348195566958,3.003208085931,0.614493303188
    ));
#1805 = CARTESIAN_POINT('',(1.33434312122,2.989327474297,0.611709845512)
  );
#1806 = CARTESIAN_POINT('',(1.348367230198,3.003379324334,0.610450536402
    ));
#1807 = CARTESIAN_POINT('',(1.340168349526,2.995163074851,0.607983918368
    ));
#1808 = CARTESIAN_POINT('',(1.341491039173,2.996487763902,0.6060337724)
  );
#1809 = CARTESIAN_POINT('',(1.341918305946,2.99691653325,0.604033264294)
  );
#1810 = CARTESIAN_POINT('',(1.317866154415,3.000366033378,0.619666100861
    ));
#1811 = CARTESIAN_POINT('',(1.318459242047,3.000959093149,0.617674911771
    ));
#1812 = CARTESIAN_POINT('',(1.319247720679,3.001747898188,0.615694371776
    ));
#1813 = CARTESIAN_POINT('',(1.318498783275,3.000999028479,0.613632939804
    ));
#1814 = CARTESIAN_POINT('',(1.319444967743,3.001945785484,0.611657099415
    ));
#1815 = CARTESIAN_POINT('',(1.318452034151,3.000950814675,0.609584783756
    ));
#1816 = CARTESIAN_POINT('',(1.319564323751,3.002065389892,0.607619123702
    ));
#1817 = CARTESIAN_POINT('',(1.319468581045,3.00196899751,0.605591618817)
  );
#1818 = CARTESIAN_POINT('',(1.319199273851,3.001699464168,0.603554456917
    ));
#1819 = CARTESIAN_POINT('',(1.288581318579,2.99858105857,0.618837472209)
  );
#1820 = CARTESIAN_POINT('',(1.289039750287,2.999039561287,0.616839174569
    ));
#1821 = CARTESIAN_POINT('',(1.289326333312,2.999326453465,0.614832066195
    ));
#1822 = CARTESIAN_POINT('',(1.28832513749,2.998325129413,0.612755054072)
  );
#1823 = CARTESIAN_POINT('',(1.290530258421,3.000530016283,0.610850585719
    ));
#1824 = CARTESIAN_POINT('',(1.289185680868,2.999186076661,0.608755394657
    ));
#1825 = CARTESIAN_POINT('',(1.289606889245,2.999606626084,0.606755314877
    ));
#1826 = CARTESIAN_POINT('',(1.289640569674,2.999640538362,0.604734143219
    ));
#1827 = CARTESIAN_POINT('',(1.289568739838,2.999568571388,0.602707465772
    ));
#1828 = ADVANCED_FACE('',(#1829),#1847,.T.);
#1829 = FACE_BOUND('',#1830,.T.);
#1830 = EDGE_LOOP('',(#1831,#1832,#1833,#1841));
#1831 = ORIENTED_EDGE('',*,*,#1523,.F.);
#1832 = ORIENTED_EDGE('',*,*,#1577,.T.);
#1833 = ORIENTED_EDGE('',*,*,#1834,.T.);
#1834 = EDGE_CURVE('',#1569,#1835,#1837,.T.);
#1835 = VERTEX_POINT('',#1836);
#1836 = CARTESIAN_POINT('',(1.25845852029,2.957910709827,1.010452846327)
  );
#1837 = LINE('',#1838,#1839);
#1838 = CARTESIAN_POINT('',(5.150107528018E-02,2.957910709827,
    1.010452846327));
#1839 = VECTOR('',#1840,1.);
#1840 = DIRECTION('',(1.,0.,0.));
#1841 = ORIENTED_EDGE('',*,*,#1842,.F.);
#1842 = EDGE_CURVE('',#1524,#1835,#1843,.T.);
#1843 = LINE('',#1844,#1845);
#1844 = CARTESIAN_POINT('',(1.301622700477,3.001074890014,0.599773104659
    ));
#1845 = VECTOR('',#1846,1.);
#1846 = DIRECTION('',(-0.103962051184,-0.103962051184,0.989132844378));
#1847 = PLANE('',#1848);
#1848 = AXIS2_PLACEMENT_3D('',#1849,#1850,#1851);
#1849 = CARTESIAN_POINT('',(0.,3.,0.61));
#1850 = DIRECTION('',(0.,0.994521895368,0.104528463268));
#1851 = DIRECTION('',(1.,0.,-0.));
#1852 = ADVANCED_FACE('',(#1853),#1864,.T.);
#1853 = FACE_BOUND('',#1854,.T.);
#1854 = EDGE_LOOP('',(#1855,#1856,#1863));
#1855 = ORIENTED_EDGE('',*,*,#1690,.F.);
#1856 = ORIENTED_EDGE('',*,*,#1857,.T.);
#1857 = EDGE_CURVE('',#1683,#1569,#1858,.T.);
#1858 = CIRCLE('',#1859,0.1);
#1859 = AXIS2_PLACEMENT_3D('',#1860,#1861,#1862);
#1860 = CARTESIAN_POINT('',(0.14154147971,2.85845852029,1.));
#1861 = DIRECTION('',(-1.,-1.083613732075E-16,4.8122116606E-31));
#1862 = DIRECTION('',(-1.083613732075E-16,1.,-4.440892098501E-15));
#1863 = ORIENTED_EDGE('',*,*,#1568,.F.);
#1864 = SPHERICAL_SURFACE('',#1865,0.1);
#1865 = AXIS2_PLACEMENT_3D('',#1866,#1867,#1868);
#1866 = CARTESIAN_POINT('',(0.14154147971,2.85845852029,1.));
#1867 = DIRECTION('',(0.,-4.440892098501E-15,-1.));
#1868 = DIRECTION('',(-1.,-4.932110341601E-15,2.190296984495E-29));
#1869 = ADVANCED_FACE('',(#1870),#1896,.T.);
#1870 = FACE_BOUND('',#1871,.T.);
#1871 = EDGE_LOOP('',(#1872,#1873,#1885,#1895));
#1872 = ORIENTED_EDGE('',*,*,#1601,.T.);
#1873 = ORIENTED_EDGE('',*,*,#1874,.T.);
#1874 = EDGE_CURVE('',#1594,#1875,#1877,.T.);
#1875 = VERTEX_POINT('',#1876);
#1876 = CARTESIAN_POINT('',(1.399452189537,0.1,0.615212068398));
#1877 = ( BOUNDED_CURVE() B_SPLINE_CURVE(6,(#1878,#1879,#1880,#1881,
#1882,#1883,#1884),.UNSPECIFIED.,.F.,.F.) B_SPLINE_CURVE_WITH_KNOTS((7,7
),(0.,0.10471975512),.PIECEWISE_BEZIER_KNOTS.) CURVE() 
GEOMETRIC_REPRESENTATION_ITEM() RATIONAL_B_SPLINE_CURVE((1.000137088577,
    1.00004568784,0.999990860763,0.999972587294,0.999990860763,
1.00004568784,1.000137088577)) REPRESENTATION_ITEM('') );
#1878 = CARTESIAN_POINT('',(1.4,0.1,0.604759222072));
#1879 = CARTESIAN_POINT('',(1.4,0.1,0.606504710841));
#1880 = CARTESIAN_POINT('',(1.399963440564,0.1,0.60825000815));
#1881 = CARTESIAN_POINT('',(1.399890334724,0.1,0.609994252686));
#1882 = CARTESIAN_POINT('',(1.399780716882,0.1,0.61173658371));
#1883 = CARTESIAN_POINT('',(1.399634642796,0.1,0.613476141599));
#1884 = CARTESIAN_POINT('',(1.399452189537,0.1,0.615212068398));
#1885 = ORIENTED_EDGE('',*,*,#1886,.T.);
#1886 = EDGE_CURVE('',#1875,#1622,#1887,.T.);
#1887 = ( BOUNDED_CURVE() B_SPLINE_CURVE(6,(#1888,#1889,#1890,#1891,
#1892,#1893,#1894),.UNSPECIFIED.,.F.,.F.) B_SPLINE_CURVE_WITH_KNOTS((7,7
),(0.,1.559869909752),.PIECEWISE_BEZIER_KNOTS.) CURVE() 
GEOMETRIC_REPRESENTATION_ITEM() RATIONAL_B_SPLINE_CURVE((1.030950613501,
    1.009890100201,0.997953445068,0.994040710927,0.997953445068,
1.009890100201,1.030950613501)) REPRESENTATION_ITEM('') );
#1888 = CARTESIAN_POINT('',(1.399452189537,0.1,0.615212068398));
#1889 = CARTESIAN_POINT('',(1.399163780825,7.360393169276E-02,
    0.617956093995));
#1890 = CARTESIAN_POINT('',(1.390549925217,4.788551824519E-02,
    0.619753855466));
#1891 = CARTESIAN_POINT('',(1.374311721695,2.568827830487E-02,
    0.620380175432));
#1892 = CARTESIAN_POINT('',(1.352114481755,9.450074782515E-03,
    0.619753855466));
#1893 = CARTESIAN_POINT('',(1.326396068307,8.362191750264E-04,
    0.617956093995));
#1894 = CARTESIAN_POINT('',(1.3,5.478104631728E-04,0.615212068398));
#1895 = ORIENTED_EDGE('',*,*,#1621,.T.);
#1896 = B_SPLINE_SURFACE_WITH_KNOTS('',8,8,(
    (#1897,#1898,#1899,#1900,#1901,#1902,#1903,#1904,#1905)
    ,(#1906,#1907,#1908,#1909,#1910,#1911,#1912,#1913,#1914)
    ,(#1915,#1916,#1917,#1918,#1919,#1920,#1921,#1922,#1923)
    ,(#1924,#1925,#1926,#1927,#1928,#1929,#1930,#1931,#1932)
    ,(#1933,#1934,#1935,#1936,#1937,#1938,#1939,#1940,#1941)
    ,(#1942,#1943,#1944,#1945,#1946,#1947,#1948,#1949,#1950)
    ,(#1951,#1952,#1953,#1954,#1955,#1956,#1957,#1958,#1959)
    ,(#1960,#1961,#1962,#1963,#1964,#1965,#1966,#1967,#1968)
    ,(#1969,#1970,#1971,#1972,#1973,#1974,#1975,#1976,#1977
  )),.UNSPECIFIED.,.F.,.F.,.F.,(9,9),(9,9),(-7.778174593052E-02,
    7.778174593052E-02),(-7.315613219614E-03,8.855910256723E-03),
  .PIECEWISE_BEZIER_KNOTS.);
#1897 = CARTESIAN_POINT('',(1.289568739838,4.314286124557E-04,
    0.602707465772));
#1898 = CARTESIAN_POINT('',(1.289640569674,3.594616380761E-04,
    0.604734143219));
#1899 = CARTESIAN_POINT('',(1.289606889245,3.933739153961E-04,
    0.606755314877));
#1900 = CARTESIAN_POINT('',(1.289185680866,8.139233409288E-04,
    0.608755394657));
#1901 = CARTESIAN_POINT('',(1.290530258424,-5.30016285588E-04,
    0.610850585719));
#1902 = CARTESIAN_POINT('',(1.288325137487,1.674870588656E-03,
    0.612755054072));
#1903 = CARTESIAN_POINT('',(1.289326333313,6.735465343367E-04,
    0.614832066195));
#1904 = CARTESIAN_POINT('',(1.289039750287,9.604387133136E-04,
    0.616839174569));
#1905 = CARTESIAN_POINT('',(1.288581318578,1.418941431203E-03,
    0.618837472208));
#1906 = CARTESIAN_POINT('',(1.319199273851,-1.699464168147E-03,
    0.603554456917));
#1907 = CARTESIAN_POINT('',(1.319468581045,-1.968997509579E-03,
    0.605591618817));
#1908 = CARTESIAN_POINT('',(1.319564323751,-2.065389891273E-03,
    0.607619123702));
#1909 = CARTESIAN_POINT('',(1.318452034151,-9.508146760466E-04,
    0.609584783756));
#1910 = CARTESIAN_POINT('',(1.319444967745,-1.945785482551E-03,
    0.611657099414));
#1911 = CARTESIAN_POINT('',(1.318498783273,-9.990284792243E-04,
    0.613632939805));
#1912 = CARTESIAN_POINT('',(1.319247720681,-1.747898188522E-03,
    0.615694371776));
#1913 = CARTESIAN_POINT('',(1.318459242047,-9.590931491125E-04,
    0.617674911771));
#1914 = CARTESIAN_POINT('',(1.317866154415,-3.660333777603E-04,
    0.619666100861));
#1915 = CARTESIAN_POINT('',(1.341918305947,3.083466749356E-03,
    0.604033264294));
#1916 = CARTESIAN_POINT('',(1.341491039174,3.512236097733E-03,
    0.606033772399));
#1917 = CARTESIAN_POINT('',(1.340168349523,4.836925149626E-03,
    0.607983918369));
#1918 = CARTESIAN_POINT('',(1.348367230204,-3.379324335206E-03,
    0.6104505364));
#1919 = CARTESIAN_POINT('',(1.334343121217,1.067252569977E-02,
    0.611709845515));
#1920 = CARTESIAN_POINT('',(1.348195566956,-3.208085923263E-03,
    0.614493303185));
#1921 = CARTESIAN_POINT('',(1.339055600265,5.95159531305E-03,
    0.616012356792));
#1922 = CARTESIAN_POINT('',(1.341367891176,3.633241961993E-03,
    0.618163301613));
#1923 = CARTESIAN_POINT('',(1.340912381733,4.088195396461E-03,
    0.620161928533));
#1924 = CARTESIAN_POINT('',(1.355680313926,1.681696661132E-02,
    0.604033877457));
#1925 = CARTESIAN_POINT('',(1.354601792296,1.78936494673E-02,
    0.605998789586));
#1926 = CARTESIAN_POINT('',(1.359013102772,1.3480019961E-02,
    0.608263762969));
#1927 = CARTESIAN_POINT('',(1.35012792874,2.239212579789E-02,
    0.609788114108));
#1928 = CARTESIAN_POINT('',(1.377228958328,-4.754790590691E-03,
    0.613304600765));
#1929 = CARTESIAN_POINT('',(1.344977414453,2.754559016638E-02,
    0.613549695981));
#1930 = CARTESIAN_POINT('',(1.356374081627,1.611547954279E-02,
    0.616212907346));
#1931 = CARTESIAN_POINT('',(1.354328120847,1.816963313551E-02,
    0.618118794543));
#1932 = CARTESIAN_POINT('',(1.356054562144,1.644398966492E-02,
    0.620235307426));
#1933 = CARTESIAN_POINT('',(1.377018063777,2.298193622361E-02,
    0.604437138377));
#1934 = CARTESIAN_POINT('',(1.378357603936,2.164239606359E-02,
    0.606531873208));
#1935 = CARTESIAN_POINT('',(1.37454737461,2.545262539015E-02,
    0.608342633308));
#1936 = CARTESIAN_POINT('',(1.383485737536,1.651426246523E-02,
    0.610875330183));
#1937 = CARTESIAN_POINT('',(1.354557696871,4.544230312427E-02,
    0.61129342408));
#1938 = CARTESIAN_POINT('',(1.387799357283,1.22006427235E-02,
    0.615158730122));
#1939 = CARTESIAN_POINT('',(1.377860188327,2.213981167237E-02,
    0.616617427183));
#1940 = CARTESIAN_POINT('',(1.376920204784,2.307979521456E-02,
    0.618599336435));
#1941 = CARTESIAN_POINT('',(1.374404387048,2.559561295096E-02,
    0.620485189777));
#1942 = CARTESIAN_POINT('',(1.383183033389,4.431968607251E-02,
    0.604033877457));
#1943 = CARTESIAN_POINT('',(1.382106350536,4.539820770203E-02,
    0.605998789586));
#1944 = CARTESIAN_POINT('',(1.386519980039,4.098689722653E-02,
    0.608263762969));
#1945 = CARTESIAN_POINT('',(1.377607874204,4.987207125564E-02,
    0.609788114109));
#1946 = CARTESIAN_POINT('',(1.404754790582,2.277104168854E-02,
    0.613304600764));
#1947 = CARTESIAN_POINT('',(1.372454409841,5.502258552996E-02,
    0.613549695982));
#1948 = CARTESIAN_POINT('',(1.383884520453,4.362591837888E-02,
    0.616212907346));
#1949 = CARTESIAN_POINT('',(1.381830366866,4.567187915346E-02,
    0.618118794543));
#1950 = CARTESIAN_POINT('',(1.383556010336,4.394543785683E-02,
    0.620235307426));
#1951 = CARTESIAN_POINT('',(1.39691653325,5.808169405464E-02,
    0.604033264294));
#1952 = CARTESIAN_POINT('',(1.3964877639,5.85089608277E-02,
    0.606033772399));
#1953 = CARTESIAN_POINT('',(1.395163074849,5.983165047866E-02,
    0.607983918369));
#1954 = CARTESIAN_POINT('',(1.403379324331,5.163276980066E-02,
    0.610450536399));
#1955 = CARTESIAN_POINT('',(1.389327474308,6.565687877158E-02,
    0.611709845516));
#1956 = CARTESIAN_POINT('',(1.403208085914,5.180443305753E-02,
    0.614493303184));
#1957 = CARTESIAN_POINT('',(1.394048404691,6.09443997295E-02,
    0.616012356793));
#1958 = CARTESIAN_POINT('',(1.396366758037,5.863210882357E-02,
    0.618163301613));
#1959 = CARTESIAN_POINT('',(1.395911804603,5.908761826691E-02,
    0.620161928533));
#1960 = CARTESIAN_POINT('',(1.401699464169,8.080072614816E-02,
    0.603554456917));
#1961 = CARTESIAN_POINT('',(1.401968997511,8.053141895454E-02,
    0.605591618817));
#1962 = CARTESIAN_POINT('',(1.402065389892,8.04356762473E-02,
    0.607619123702));
#1963 = CARTESIAN_POINT('',(1.400950814675,8.15479658508E-02,
    0.609584783756));
#1964 = CARTESIAN_POINT('',(1.401945785483,8.055503225438E-02,
    0.611657099414));
#1965 = CARTESIAN_POINT('',(1.40099902848,8.150121672587E-02,
    0.613632939805));
#1966 = CARTESIAN_POINT('',(1.401747898188,8.075227931962E-02,
    0.615694371776));
#1967 = CARTESIAN_POINT('',(1.400959093149,8.154075795285E-02,
    0.617674911771));
#1968 = CARTESIAN_POINT('',(1.400366033378,8.213384558472E-02,
    0.619666100861));
#1969 = CARTESIAN_POINT('',(1.399568571387,0.110431260162,0.602707465772
    ));
#1970 = CARTESIAN_POINT('',(1.399640538362,0.110359430326,0.604734143219
    ));
#1971 = CARTESIAN_POINT('',(1.399606626084,0.110393110755,0.606755314877
    ));
#1972 = CARTESIAN_POINT('',(1.399186076661,0.110814319131,0.608755394657
    ));
#1973 = CARTESIAN_POINT('',(1.400530016283,0.109469741579,0.610850585719
    ));
#1974 = CARTESIAN_POINT('',(1.398325129414,0.11167486251,0.612755054072)
  );
#1975 = CARTESIAN_POINT('',(1.399326453465,0.110673666689,0.614832066195
    ));
#1976 = CARTESIAN_POINT('',(1.399039561287,0.110960249713,0.616839174569
    ));
#1977 = CARTESIAN_POINT('',(1.398581058569,0.111418681422,0.618837472208
    ));
#1978 = ADVANCED_FACE('',(#1979),#1997,.F.);
#1979 = FACE_BOUND('',#1980,.F.);
#1980 = EDGE_LOOP('',(#1981,#1982,#1983,#1991));
#1981 = ORIENTED_EDGE('',*,*,#1633,.F.);
#1982 = ORIENTED_EDGE('',*,*,#1649,.T.);
#1983 = ORIENTED_EDGE('',*,*,#1984,.T.);
#1984 = EDGE_CURVE('',#1650,#1985,#1987,.T.);
#1985 = VERTEX_POINT('',#1986);
#1986 = CARTESIAN_POINT('',(1.25845852029,4.208929017314E-02,
    1.010452846327));
#1987 = LINE('',#1988,#1989);
#1988 = CARTESIAN_POINT('',(5.150107528018E-02,4.208929017314E-02,
    1.010452846327));
#1989 = VECTOR('',#1990,1.);
#1990 = DIRECTION('',(1.,-0.,0.));
#1991 = ORIENTED_EDGE('',*,*,#1992,.F.);
#1992 = EDGE_CURVE('',#1622,#1985,#1993,.T.);
#1993 = LINE('',#1994,#1995);
#1994 = CARTESIAN_POINT('',(1.301622700477,-1.074890013952E-03,
    0.599773104659));
#1995 = VECTOR('',#1996,1.);
#1996 = DIRECTION('',(-0.103962051184,0.103962051184,0.989132844378));
#1997 = PLANE('',#1998);
#1998 = AXIS2_PLACEMENT_3D('',#1999,#2000,#2001);
#1999 = CARTESIAN_POINT('',(0.,0.,0.61));
#2000 = DIRECTION('',(0.,0.994521895368,-0.104528463268));
#2001 = DIRECTION('',(1.,0.,0.));
#2002 = ADVANCED_FACE('',(#2003),#2014,.T.);
#2003 = FACE_BOUND('',#2004,.T.);
#2004 = EDGE_LOOP('',(#2005,#2006,#2013));
#2005 = ORIENTED_EDGE('',*,*,#1657,.T.);
#2006 = ORIENTED_EDGE('',*,*,#2007,.F.);
#2007 = EDGE_CURVE('',#1674,#1650,#2008,.T.);
#2008 = CIRCLE('',#2009,0.1);
#2009 = AXIS2_PLACEMENT_3D('',#2010,#2011,#2012);
#2010 = CARTESIAN_POINT('',(0.14154147971,0.14154147971,1.));
#2011 = DIRECTION('',(1.,-4.774538293712E-16,-1.325200586408E-31));
#2012 = DIRECTION('',(-4.774538293712E-16,-1.,-2.775557561563E-16));
#2013 = ORIENTED_EDGE('',*,*,#1673,.T.);
#2014 = SPHERICAL_SURFACE('',#2015,0.1);
#2015 = AXIS2_PLACEMENT_3D('',#2016,#2017,#2018);
#2016 = CARTESIAN_POINT('',(0.14154147971,0.14154147971,1.));
#2017 = DIRECTION('',(0.,2.775557561563E-16,-1.));
#2018 = DIRECTION('',(-1.,-2.499123253613E-16,-6.936460443843E-32));
#2019 = ADVANCED_FACE('',(#2020),#2045,.T.);
#2020 = FACE_BOUND('',#2021,.T.);
#2021 = EDGE_LOOP('',(#2022,#2023,#2031,#2039));
#2022 = ORIENTED_EDGE('',*,*,#1682,.F.);
#2023 = ORIENTED_EDGE('',*,*,#2024,.T.);
#2024 = EDGE_CURVE('',#1674,#2025,#2027,.T.);
#2025 = VERTEX_POINT('',#2026);
#2026 = CARTESIAN_POINT('',(1.25845852029,0.14154147971,1.1));
#2027 = LINE('',#2028,#2029);
#2028 = CARTESIAN_POINT('',(5.150107528018E-02,0.14154147971,1.1));
#2029 = VECTOR('',#2030,1.);
#2030 = DIRECTION('',(1.,-0.,0.));
#2031 = ORIENTED_EDGE('',*,*,#2032,.T.);
#2032 = EDGE_CURVE('',#2025,#2033,#2035,.T.);
#2033 = VERTEX_POINT('',#2034);
#2034 = CARTESIAN_POINT('',(1.25845852029,2.85845852029,1.1));
#2035 = LINE('',#2036,#2037);
#2036 = CARTESIAN_POINT('',(1.25845852029,5.150107528018E-02,1.1));
#2037 = VECTOR('',#2038,1.);
#2038 = DIRECTION('',(0.,1.,-0.));
#2039 = ORIENTED_EDGE('',*,*,#2040,.F.);
#2040 = EDGE_CURVE('',#1683,#2033,#2041,.T.);
#2041 = LINE('',#2042,#2043);
#2042 = CARTESIAN_POINT('',(5.150107528018E-02,2.85845852029,1.1));
#2043 = VECTOR('',#2044,1.);
#2044 = DIRECTION('',(1.,0.,0.));
#2045 = PLANE('',#2046);
#2046 = AXIS2_PLACEMENT_3D('',#2047,#2048,#2049);
#2047 = CARTESIAN_POINT('',(0.,0.,1.1));
#2048 = DIRECTION('',(0.,0.,1.));
#2049 = DIRECTION('',(1.,0.,-0.));
#2050 = ADVANCED_FACE('',(#2051),#2062,.T.);
#2051 = FACE_BOUND('',#2052,.T.);
#2052 = EDGE_LOOP('',(#2053,#2054,#2055,#2061));
#2053 = ORIENTED_EDGE('',*,*,#1708,.T.);
#2054 = ORIENTED_EDGE('',*,*,#1724,.T.);
#2055 = ORIENTED_EDGE('',*,*,#2056,.F.);
#2056 = EDGE_CURVE('',#1875,#1725,#2057,.T.);
#2057 = LINE('',#2058,#2059);
#2058 = CARTESIAN_POINT('',(1.399452189537,8.673617379884E-19,
    0.615212068398));
#2059 = VECTOR('',#2060,1.);
#2060 = DIRECTION('',(0.,1.,-0.));
#2061 = ORIENTED_EDGE('',*,*,#1874,.F.);
#2062 = CYLINDRICAL_SURFACE('',#2063,0.1);
#2063 = AXIS2_PLACEMENT_3D('',#2064,#2065,#2066);
#2064 = CARTESIAN_POINT('',(1.3,8.673617379884E-19,0.604759222072));
#2065 = DIRECTION('',(0.,1.,-0.));
#2066 = DIRECTION('',(1.,-0.,0.));
#2067 = ADVANCED_FACE('',(#2068),#2087,.T.);
#2068 = FACE_BOUND('',#2069,.T.);
#2069 = EDGE_LOOP('',(#2070,#2071,#2080,#2086));
#2070 = ORIENTED_EDGE('',*,*,#1842,.T.);
#2071 = ORIENTED_EDGE('',*,*,#2072,.T.);
#2072 = EDGE_CURVE('',#1835,#2073,#2075,.T.);
#2073 = VERTEX_POINT('',#2074);
#2074 = CARTESIAN_POINT('',(1.357910709827,2.85845852029,1.010452846327)
  );
#2075 = CIRCLE('',#2076,0.1);
#2076 = AXIS2_PLACEMENT_3D('',#2077,#2078,#2079);
#2077 = CARTESIAN_POINT('',(1.25845852029,2.85845852029,1.));
#2078 = DIRECTION('',(0.103962051184,0.103962051184,-0.989132844378));
#2079 = DIRECTION('',(8.943540352746E-14,0.994521895368,0.104528463267)
  );
#2080 = ORIENTED_EDGE('',*,*,#2081,.F.);
#2081 = EDGE_CURVE('',#1725,#2073,#2082,.T.);
#2082 = LINE('',#2083,#2084);
#2083 = CARTESIAN_POINT('',(1.401074890014,2.901622700477,0.599773104659
    ));
#2084 = VECTOR('',#2085,1.);
#2085 = DIRECTION('',(-0.103962051184,-0.103962051184,0.989132844378));
#2086 = ORIENTED_EDGE('',*,*,#1736,.T.);
#2087 = CYLINDRICAL_SURFACE('',#2088,0.1);
#2088 = AXIS2_PLACEMENT_3D('',#2089,#2090,#2091);
#2089 = CARTESIAN_POINT('',(1.301622700477,2.901622700477,0.589320258332
    ));
#2090 = DIRECTION('',(-0.103962051184,-0.103962051184,0.989132844378));
#2091 = DIRECTION('',(9.1635032895E-14,0.994521895368,0.104528463267));
#2092 = ADVANCED_FACE('',(#2093),#2105,.T.);
#2093 = FACE_BOUND('',#2094,.T.);
#2094 = EDGE_LOOP('',(#2095,#2096,#2097,#2104));
#2095 = ORIENTED_EDGE('',*,*,#1857,.F.);
#2096 = ORIENTED_EDGE('',*,*,#2040,.T.);
#2097 = ORIENTED_EDGE('',*,*,#2098,.T.);
#2098 = EDGE_CURVE('',#2033,#1835,#2099,.T.);
#2099 = CIRCLE('',#2100,0.1);
#2100 = AXIS2_PLACEMENT_3D('',#2101,#2102,#2103);
#2101 = CARTESIAN_POINT('',(1.25845852029,2.85845852029,1.));
#2102 = DIRECTION('',(-1.,-2.232676886845E-15,-0.));
#2103 = DIRECTION('',(-2.232676886845E-15,1.,0.));
#2104 = ORIENTED_EDGE('',*,*,#1834,.F.);
#2105 = CYLINDRICAL_SURFACE('',#2106,0.1);
#2106 = AXIS2_PLACEMENT_3D('',#2107,#2108,#2109);
#2107 = CARTESIAN_POINT('',(5.150107528018E-02,2.85845852029,1.));
#2108 = DIRECTION('',(1.,0.,0.));
#2109 = DIRECTION('',(-0.,0.994521895368,0.104528463268));
#2110 = ADVANCED_FACE('',(#2111),#2130,.T.);
#2111 = FACE_BOUND('',#2112,.T.);
#2112 = EDGE_LOOP('',(#2113,#2114,#2122,#2129));
#2113 = ORIENTED_EDGE('',*,*,#1886,.F.);
#2114 = ORIENTED_EDGE('',*,*,#2115,.T.);
#2115 = EDGE_CURVE('',#1875,#2116,#2118,.T.);
#2116 = VERTEX_POINT('',#2117);
#2117 = CARTESIAN_POINT('',(1.357910709827,0.14154147971,1.010452846327)
  );
#2118 = LINE('',#2119,#2120);
#2119 = CARTESIAN_POINT('',(1.401074890014,9.837729952288E-02,
    0.599773104659));
#2120 = VECTOR('',#2121,1.);
#2121 = DIRECTION('',(-0.103962051184,0.103962051184,0.989132844378));
#2122 = ORIENTED_EDGE('',*,*,#2123,.F.);
#2123 = EDGE_CURVE('',#1985,#2116,#2124,.T.);
#2124 = CIRCLE('',#2125,0.1);
#2125 = AXIS2_PLACEMENT_3D('',#2126,#2127,#2128);
#2126 = CARTESIAN_POINT('',(1.25845852029,0.14154147971,1.));
#2127 = DIRECTION('',(-0.103962051184,0.103962051184,0.989132844378));
#2128 = DIRECTION('',(9.383292753906E-14,-0.994521895368,0.104528463267)
  );
#2129 = ORIENTED_EDGE('',*,*,#1992,.F.);
#2130 = CYLINDRICAL_SURFACE('',#2131,0.1);
#2131 = AXIS2_PLACEMENT_3D('',#2132,#2133,#2134);
#2132 = CARTESIAN_POINT('',(1.301622700477,9.837729952288E-02,
    0.589320258332));
#2133 = DIRECTION('',(-0.103962051184,0.103962051184,0.989132844378));
#2134 = DIRECTION('',(9.1635032895E-14,-0.994521895368,0.104528463267));
#2135 = ADVANCED_FACE('',(#2136),#2148,.T.);
#2136 = FACE_BOUND('',#2137,.T.);
#2137 = EDGE_LOOP('',(#2138,#2139,#2146,#2147));
#2138 = ORIENTED_EDGE('',*,*,#1984,.T.);
#2139 = ORIENTED_EDGE('',*,*,#2140,.F.);
#2140 = EDGE_CURVE('',#2025,#1985,#2141,.T.);
#2141 = CIRCLE('',#2142,0.1);
#2142 = AXIS2_PLACEMENT_3D('',#2143,#2144,#2145);
#2143 = CARTESIAN_POINT('',(1.25845852029,0.14154147971,1.));
#2144 = DIRECTION('',(1.,1.99929860289E-15,-2.22044604925E-15));
#2145 = DIRECTION('',(1.99929860289E-15,-1.,2.775557561563E-16));
#2146 = ORIENTED_EDGE('',*,*,#2024,.F.);
#2147 = ORIENTED_EDGE('',*,*,#2007,.T.);
#2148 = CYLINDRICAL_SURFACE('',#2149,0.1);
#2149 = AXIS2_PLACEMENT_3D('',#2150,#2151,#2152);
#2150 = CARTESIAN_POINT('',(5.150107528018E-02,0.14154147971,1.));
#2151 = DIRECTION('',(1.,-0.,0.));
#2152 = DIRECTION('',(-0.,-0.994521895368,0.104528463268));
#2153 = ADVANCED_FACE('',(#2154),#2177,.T.);
#2154 = FACE_BOUND('',#2155,.T.);
#2155 = EDGE_LOOP('',(#2156,#2163,#2169,#2176));
#2156 = ORIENTED_EDGE('',*,*,#2157,.T.);
#2157 = EDGE_CURVE('',#2025,#2116,#2158,.T.);
#2158 = CIRCLE('',#2159,0.1);
#2159 = AXIS2_PLACEMENT_3D('',#2160,#2161,#2162);
#2160 = CARTESIAN_POINT('',(1.25845852029,0.14154147971,1.));
#2161 = DIRECTION('',(6.03351813925E-17,1.,-2.775557561563E-16));
#2162 = DIRECTION('',(1.,-6.03351813925E-17,-2.22044604925E-15));
#2163 = ORIENTED_EDGE('',*,*,#2164,.T.);
#2164 = EDGE_CURVE('',#2116,#2073,#2165,.T.);
#2165 = LINE('',#2166,#2167);
#2166 = CARTESIAN_POINT('',(1.357910709827,5.150107528018E-02,
    1.010452846327));
#2167 = VECTOR('',#2168,1.);
#2168 = DIRECTION('',(0.,1.,-0.));
#2169 = ORIENTED_EDGE('',*,*,#2170,.F.);
#2170 = EDGE_CURVE('',#2033,#2073,#2171,.T.);
#2171 = CIRCLE('',#2172,0.1);
#2172 = AXIS2_PLACEMENT_3D('',#2173,#2174,#2175);
#2173 = CARTESIAN_POINT('',(1.25845852029,2.85845852029,1.));
#2174 = DIRECTION('',(2.146982871698E-15,1.,0.));
#2175 = DIRECTION('',(1.,-2.146982871698E-15,0.));
#2176 = ORIENTED_EDGE('',*,*,#2032,.F.);
#2177 = CYLINDRICAL_SURFACE('',#2178,0.1);
#2178 = AXIS2_PLACEMENT_3D('',#2179,#2180,#2181);
#2179 = CARTESIAN_POINT('',(1.25845852029,5.150107528018E-02,1.));
#2180 = DIRECTION('',(0.,1.,-0.));
#2181 = DIRECTION('',(0.,0.,1.));
#2182 = ADVANCED_FACE('',(#2183),#2189,.F.);
#2183 = FACE_BOUND('',#2184,.F.);
#2184 = EDGE_LOOP('',(#2185,#2186,#2187,#2188));
#2185 = ORIENTED_EDGE('',*,*,#2056,.F.);
#2186 = ORIENTED_EDGE('',*,*,#2115,.T.);
#2187 = ORIENTED_EDGE('',*,*,#2164,.T.);
#2188 = ORIENTED_EDGE('',*,*,#2081,.F.);
#2189 = PLANE('',#2190);
#2190 = AXIS2_PLACEMENT_3D('',#2191,#2192,#2193);
#2191 = CARTESIAN_POINT('',(1.4,0.,0.61));
#2192 = DIRECTION('',(-0.994521895368,0.,-0.104528463268));
#2193 = DIRECTION('',(0.,1.,0.));
#2194 = ADVANCED_FACE('',(#2195),#2200,.T.);
#2195 = FACE_BOUND('',#2196,.T.);
#2196 = EDGE_LOOP('',(#2197,#2198,#2199));
#2197 = ORIENTED_EDGE('',*,*,#2098,.F.);
#2198 = ORIENTED_EDGE('',*,*,#2170,.T.);
#2199 = ORIENTED_EDGE('',*,*,#2072,.F.);
#2200 = SPHERICAL_SURFACE('',#2201,0.1);
#2201 = AXIS2_PLACEMENT_3D('',#2202,#2203,#2204);
#2202 = CARTESIAN_POINT('',(1.25845852029,2.85845852029,1.));
#2203 = DIRECTION('',(0.,0.,-1.));
#2204 = DIRECTION('',(-2.232676886845E-15,1.,0.));
#2205 = ADVANCED_FACE('',(#2206),#2211,.T.);
#2206 = FACE_BOUND('',#2207,.T.);
#2207 = EDGE_LOOP('',(#2208,#2209,#2210));
#2208 = ORIENTED_EDGE('',*,*,#2123,.T.);
#2209 = ORIENTED_EDGE('',*,*,#2157,.F.);
#2210 = ORIENTED_EDGE('',*,*,#2140,.T.);
#2211 = SPHERICAL_SURFACE('',#2212,0.1);
#2212 = AXIS2_PLACEMENT_3D('',#2213,#2214,#2215);
#2213 = CARTESIAN_POINT('',(1.25845852029,0.14154147971,1.));
#2214 = DIRECTION('',(-2.22044604925E-15,-2.775557561563E-16,-1.));
#2215 = DIRECTION('',(1.99929860289E-15,-1.,2.775557561563E-16));
#2216 = ( GEOMETRIC_REPRESENTATION_CONTEXT(3) 
GLOBAL_UNCERTAINTY_ASSIGNED_CONTEXT((#2220)) 
GLOBAL_UNIT_ASSIGNED_CONTEXT((#2217,#2218,#2219)) REPRESENTATION_CONTEXT
('Context #1','3D Context with UNIT and UNCERTAINTY') );
#2217 = ( LENGTH_UNIT() NAMED_UNIT(*) SI_UNIT(.MILLI.,.METRE.) );
#2218 = ( NAMED_UNIT(*) PLANE_ANGLE_UNIT() SI_UNIT($,.RADIAN.) );
#2219 = ( NAMED_UNIT(*) SI_UNIT($,.STERADIAN.) SOLID_ANGLE_UNIT() );
#2220 = UNCERTAINTY_MEASURE_WITH_UNIT(LENGTH_MEASURE(1.E-05),#2217,
  'distance_accuracy_value','confusion accuracy');
#2221 = SHAPE_DEFINITION_REPRESENTATION(#2222,#85);
#2222 = PRODUCT_DEFINITION_SHAPE('','',#2223);
#2223 = PRODUCT_DEFINITION('design','',#2224,#2227);
#2224 = PRODUCT_DEFINITION_FORMATION('','',#2225);
#2225 = PRODUCT('Open CASCADE STEP translator 7.5 7.1.1',
  'Open CASCADE STEP translator 7.5 7.1.1','',(#2226));
#2226 = PRODUCT_CONTEXT('',#2,'mechanical');
#2227 = PRODUCT_DEFINITION_CONTEXT('part definition',#2,'design');
#2228 = CONTEXT_DEPENDENT_SHAPE_REPRESENTATION(#2229,#2231);
#2229 = ( REPRESENTATION_RELATIONSHIP('','',#85,#75) 
REPRESENTATION_RELATIONSHIP_WITH_TRANSFORMATION(#2230) 
SHAPE_REPRESENTATION_RELATIONSHIP() );
#2230 = ITEM_DEFINED_TRANSFORMATION('','',#11,#76);
#2231 = PRODUCT_DEFINITION_SHAPE('Placement','Placement of an item',
  #2232);
#2232 = NEXT_ASSEMBLY_USAGE_OCCURRENCE('36','31','',#70,#2223,$);
#2233 = PRODUCT_RELATED_PRODUCT_CATEGORY('part',$,(#2225));
#2234 = CONTEXT_DEPENDENT_SHAPE_REPRESENTATION(#2235,#2237);
#2235 = ( REPRESENTATION_RELATIONSHIP('','',#75,#46) 
REPRESENTATION_RELATIONSHIP_WITH_TRANSFORMATION(#2236) 
SHAPE_REPRESENTATION_RELATIONSHIP() );
#2236 = ITEM_DEFINED_TRANSFORMATION('','',#11,#47);
#2237 = PRODUCT_DEFINITION_SHAPE('Placement','Placement of an item',
  #2238);
#2238 = NEXT_ASSEMBLY_USAGE_OCCURRENCE('37','32','',#41,#70,$);
#2239 = PRODUCT_RELATED_PRODUCT_CATEGORY('part',$,(#72));
#2240 = ADVANCED_BREP_SHAPE_REPRESENTATION('',(#11,#2241),#2783);
#2241 = MANIFOLD_SOLID_BREP('',#2242);
#2242 = CLOSED_SHELL('',(#2243,#2283,#2314,#2347,#2378,#2411,#2442,#2466
    ,#2491,#2515,#2540,#2564,#2588,#2613,#2637,#2662,#2686,#2703,#2720,
    #2737,#2754,#2771));
#2243 = ADVANCED_FACE('',(#2244),#2278,.F.);
#2244 = FACE_BOUND('',#2245,.F.);
#2245 = EDGE_LOOP('',(#2246,#2256,#2264,#2272));
#2246 = ORIENTED_EDGE('',*,*,#2247,.T.);
#2247 = EDGE_CURVE('',#2248,#2250,#2252,.T.);
#2248 = VERTEX_POINT('',#2249);
#2249 = CARTESIAN_POINT('',(0.,-0.25,0.51));
#2250 = VERTEX_POINT('',#2251);
#2251 = CARTESIAN_POINT('',(0.,0.25,0.51));
#2252 = LINE('',#2253,#2254);
#2253 = CARTESIAN_POINT('',(0.,-0.25,0.51));
#2254 = VECTOR('',#2255,1.);
#2255 = DIRECTION('',(0.,1.,0.));
#2256 = ORIENTED_EDGE('',*,*,#2257,.T.);
#2257 = EDGE_CURVE('',#2250,#2258,#2260,.T.);
#2258 = VERTEX_POINT('',#2259);
#2259 = CARTESIAN_POINT('',(0.,0.25,0.61));
#2260 = LINE('',#2261,#2262);
#2261 = CARTESIAN_POINT('',(0.,0.25,0.51));
#2262 = VECTOR('',#2263,1.);
#2263 = DIRECTION('',(0.,-0.,1.));
#2264 = ORIENTED_EDGE('',*,*,#2265,.T.);
#2265 = EDGE_CURVE('',#2258,#2266,#2268,.T.);
#2266 = VERTEX_POINT('',#2267);
#2267 = CARTESIAN_POINT('',(0.,-0.25,0.61));
#2268 = LINE('',#2269,#2270);
#2269 = CARTESIAN_POINT('',(0.,0.25,0.61));
#2270 = VECTOR('',#2271,1.);
#2271 = DIRECTION('',(0.,-1.,0.));
#2272 = ORIENTED_EDGE('',*,*,#2273,.T.);
#2273 = EDGE_CURVE('',#2266,#2248,#2274,.T.);
#2274 = LINE('',#2275,#2276);
#2275 = CARTESIAN_POINT('',(0.,-0.25,0.61));
#2276 = VECTOR('',#2277,1.);
#2277 = DIRECTION('',(0.,0.,-1.));
#2278 = PLANE('',#2279);
#2279 = AXIS2_PLACEMENT_3D('',#2280,#2281,#2282);
#2280 = CARTESIAN_POINT('',(0.,0.,0.56));
#2281 = DIRECTION('',(1.,0.,0.));
#2282 = DIRECTION('',(0.,0.,1.));
#2283 = ADVANCED_FACE('',(#2284),#2309,.T.);
#2284 = FACE_BOUND('',#2285,.T.);
#2285 = EDGE_LOOP('',(#2286,#2294,#2295,#2303));
#2286 = ORIENTED_EDGE('',*,*,#2287,.F.);
#2287 = EDGE_CURVE('',#2248,#2288,#2290,.T.);
#2288 = VERTEX_POINT('',#2289);
#2289 = CARTESIAN_POINT('',(0.15,-0.25,0.51));
#2290 = LINE('',#2291,#2292);
#2291 = CARTESIAN_POINT('',(0.,-0.25,0.51));
#2292 = VECTOR('',#2293,1.);
#2293 = DIRECTION('',(1.,-0.,0.));
#2294 = ORIENTED_EDGE('',*,*,#2247,.T.);
#2295 = ORIENTED_EDGE('',*,*,#2296,.T.);
#2296 = EDGE_CURVE('',#2250,#2297,#2299,.T.);
#2297 = VERTEX_POINT('',#2298);
#2298 = CARTESIAN_POINT('',(0.15,0.25,0.51));
#2299 = LINE('',#2300,#2301);
#2300 = CARTESIAN_POINT('',(0.,0.25,0.51));
#2301 = VECTOR('',#2302,1.);
#2302 = DIRECTION('',(1.,-0.,0.));
#2303 = ORIENTED_EDGE('',*,*,#2304,.F.);
#2304 = EDGE_CURVE('',#2288,#2297,#2305,.T.);
#2305 = LINE('',#2306,#2307);
#2306 = CARTESIAN_POINT('',(0.15,-0.25,0.51));
#2307 = VECTOR('',#2308,1.);
#2308 = DIRECTION('',(0.,1.,0.));
#2309 = PLANE('',#2310);
#2310 = AXIS2_PLACEMENT_3D('',#2311,#2312,#2313);
#2311 = CARTESIAN_POINT('',(0.,-0.25,0.51));
#2312 = DIRECTION('',(0.,0.,-1.));
#2313 = DIRECTION('',(0.,1.,0.));
#2314 = ADVANCED_FACE('',(#2315),#2342,.F.);
#2315 = FACE_BOUND('',#2316,.F.);
#2316 = EDGE_LOOP('',(#2317,#2326,#2334,#2341));
#2317 = ORIENTED_EDGE('',*,*,#2318,.T.);
#2318 = EDGE_CURVE('',#2288,#2319,#2321,.T.);
#2319 = VERTEX_POINT('',#2320);
#2320 = CARTESIAN_POINT('',(0.25,-0.25,0.41));
#2321 = CIRCLE('',#2322,0.1);
#2322 = AXIS2_PLACEMENT_3D('',#2323,#2324,#2325);
#2323 = CARTESIAN_POINT('',(0.15,-0.25,0.41));
#2324 = DIRECTION('',(0.,1.,0.));
#2325 = DIRECTION('',(0.,0.,-1.));
#2326 = ORIENTED_EDGE('',*,*,#2327,.T.);
#2327 = EDGE_CURVE('',#2319,#2328,#2330,.T.);
#2328 = VERTEX_POINT('',#2329);
#2329 = CARTESIAN_POINT('',(0.25,0.25,0.41));
#2330 = LINE('',#2331,#2332);
#2331 = CARTESIAN_POINT('',(0.25,-0.25,0.41));
#2332 = VECTOR('',#2333,1.);
#2333 = DIRECTION('',(0.,1.,0.));
#2334 = ORIENTED_EDGE('',*,*,#2335,.F.);
#2335 = EDGE_CURVE('',#2297,#2328,#2336,.T.);
#2336 = CIRCLE('',#2337,0.1);
#2337 = AXIS2_PLACEMENT_3D('',#2338,#2339,#2340);
#2338 = CARTESIAN_POINT('',(0.15,0.25,0.41));
#2339 = DIRECTION('',(0.,1.,0.));
#2340 = DIRECTION('',(0.,0.,-1.));
#2341 = ORIENTED_EDGE('',*,*,#2304,.F.);
#2342 = CYLINDRICAL_SURFACE('',#2343,0.1);
#2343 = AXIS2_PLACEMENT_3D('',#2344,#2345,#2346);
#2344 = CARTESIAN_POINT('',(0.15,-0.25,0.41));
#2345 = DIRECTION('',(0.,1.,0.));
#2346 = DIRECTION('',(0.,0.,-1.));
#2347 = ADVANCED_FACE('',(#2348),#2373,.T.);
#2348 = FACE_BOUND('',#2349,.T.);
#2349 = EDGE_LOOP('',(#2350,#2358,#2359,#2367));
#2350 = ORIENTED_EDGE('',*,*,#2351,.F.);
#2351 = EDGE_CURVE('',#2319,#2352,#2354,.T.);
#2352 = VERTEX_POINT('',#2353);
#2353 = CARTESIAN_POINT('',(0.25,-0.25,0.2));
#2354 = LINE('',#2355,#2356);
#2355 = CARTESIAN_POINT('',(0.25,-0.25,0.41));
#2356 = VECTOR('',#2357,1.);
#2357 = DIRECTION('',(0.,0.,-1.));
#2358 = ORIENTED_EDGE('',*,*,#2327,.T.);
#2359 = ORIENTED_EDGE('',*,*,#2360,.T.);
#2360 = EDGE_CURVE('',#2328,#2361,#2363,.T.);
#2361 = VERTEX_POINT('',#2362);
#2362 = CARTESIAN_POINT('',(0.25,0.25,0.2));
#2363 = LINE('',#2364,#2365);
#2364 = CARTESIAN_POINT('',(0.25,0.25,0.41));
#2365 = VECTOR('',#2366,1.);
#2366 = DIRECTION('',(0.,0.,-1.));
#2367 = ORIENTED_EDGE('',*,*,#2368,.F.);
#2368 = EDGE_CURVE('',#2352,#2361,#2369,.T.);
#2369 = LINE('',#2370,#2371);
#2370 = CARTESIAN_POINT('',(0.25,-0.25,0.2));
#2371 = VECTOR('',#2372,1.);
#2372 = DIRECTION('',(0.,1.,0.));
#2373 = PLANE('',#2374);
#2374 = AXIS2_PLACEMENT_3D('',#2375,#2376,#2377);
#2375 = CARTESIAN_POINT('',(0.25,-0.25,0.41));
#2376 = DIRECTION('',(-1.,0.,0.));
#2377 = DIRECTION('',(0.,1.,0.));
#2378 = ADVANCED_FACE('',(#2379),#2406,.T.);
#2379 = FACE_BOUND('',#2380,.T.);
#2380 = EDGE_LOOP('',(#2381,#2390,#2391,#2400));
#2381 = ORIENTED_EDGE('',*,*,#2382,.F.);
#2382 = EDGE_CURVE('',#2352,#2383,#2385,.T.);
#2383 = VERTEX_POINT('',#2384);
#2384 = CARTESIAN_POINT('',(0.45,-0.25,0.));
#2385 = CIRCLE('',#2386,0.2);
#2386 = AXIS2_PLACEMENT_3D('',#2387,#2388,#2389);
#2387 = CARTESIAN_POINT('',(0.45,-0.25,0.2));
#2388 = DIRECTION('',(0.,-1.,0.));
#2389 = DIRECTION('',(0.,0.,-1.));
#2390 = ORIENTED_EDGE('',*,*,#2368,.T.);
#2391 = ORIENTED_EDGE('',*,*,#2392,.T.);
#2392 = EDGE_CURVE('',#2361,#2393,#2395,.T.);
#2393 = VERTEX_POINT('',#2394);
#2394 = CARTESIAN_POINT('',(0.45,0.25,0.));
#2395 = CIRCLE('',#2396,0.2);
#2396 = AXIS2_PLACEMENT_3D('',#2397,#2398,#2399);
#2397 = CARTESIAN_POINT('',(0.45,0.25,0.2));
#2398 = DIRECTION('',(0.,-1.,0.));
#2399 = DIRECTION('',(0.,0.,-1.));
#2400 = ORIENTED_EDGE('',*,*,#2401,.T.);
#2401 = EDGE_CURVE('',#2393,#2383,#2402,.T.);
#2402 = LINE('',#2403,#2404);
#2403 = CARTESIAN_POINT('',(0.45,-0.25,0.));
#2404 = VECTOR('',#2405,1.);
#2405 = DIRECTION('',(0.,-1.,0.));
#2406 = CYLINDRICAL_SURFACE('',#2407,0.2);
#2407 = AXIS2_PLACEMENT_3D('',#2408,#2409,#2410);
#2408 = CARTESIAN_POINT('',(0.45,-0.25,0.2));
#2409 = DIRECTION('',(0.,-1.,0.));
#2410 = DIRECTION('',(0.,0.,-1.));
#2411 = ADVANCED_FACE('',(#2412),#2437,.T.);
#2412 = FACE_BOUND('',#2413,.T.);
#2413 = EDGE_LOOP('',(#2414,#2422,#2423,#2431));
#2414 = ORIENTED_EDGE('',*,*,#2415,.F.);
#2415 = EDGE_CURVE('',#2383,#2416,#2418,.T.);
#2416 = VERTEX_POINT('',#2417);
#2417 = CARTESIAN_POINT('',(0.55,-0.25,0.));
#2418 = LINE('',#2419,#2420);
#2419 = CARTESIAN_POINT('',(0.45,-0.25,0.));
#2420 = VECTOR('',#2421,1.);
#2421 = DIRECTION('',(1.,-0.,0.));
#2422 = ORIENTED_EDGE('',*,*,#2401,.F.);
#2423 = ORIENTED_EDGE('',*,*,#2424,.T.);
#2424 = EDGE_CURVE('',#2393,#2425,#2427,.T.);
#2425 = VERTEX_POINT('',#2426);
#2426 = CARTESIAN_POINT('',(0.55,0.25,0.));
#2427 = LINE('',#2428,#2429);
#2428 = CARTESIAN_POINT('',(0.45,0.25,0.));
#2429 = VECTOR('',#2430,1.);
#2430 = DIRECTION('',(1.,-0.,0.));
#2431 = ORIENTED_EDGE('',*,*,#2432,.F.);
#2432 = EDGE_CURVE('',#2416,#2425,#2433,.T.);
#2433 = LINE('',#2434,#2435);
#2434 = CARTESIAN_POINT('',(0.55,-0.25,0.));
#2435 = VECTOR('',#2436,1.);
#2436 = DIRECTION('',(0.,1.,0.));
#2437 = PLANE('',#2438);
#2438 = AXIS2_PLACEMENT_3D('',#2439,#2440,#2441);
#2439 = CARTESIAN_POINT('',(0.45,-0.25,0.));
#2440 = DIRECTION('',(0.,0.,-1.));
#2441 = DIRECTION('',(0.,1.,0.));
#2442 = ADVANCED_FACE('',(#2443),#2461,.T.);
#2443 = FACE_BOUND('',#2444,.T.);
#2444 = EDGE_LOOP('',(#2445,#2446,#2447,#2455));
#2445 = ORIENTED_EDGE('',*,*,#2296,.F.);
#2446 = ORIENTED_EDGE('',*,*,#2257,.T.);
#2447 = ORIENTED_EDGE('',*,*,#2448,.T.);
#2448 = EDGE_CURVE('',#2258,#2449,#2451,.T.);
#2449 = VERTEX_POINT('',#2450);
#2450 = CARTESIAN_POINT('',(0.15,0.25,0.61));
#2451 = LINE('',#2452,#2453);
#2452 = CARTESIAN_POINT('',(0.,0.25,0.61));
#2453 = VECTOR('',#2454,1.);
#2454 = DIRECTION('',(1.,0.,-0.));
#2455 = ORIENTED_EDGE('',*,*,#2456,.F.);
#2456 = EDGE_CURVE('',#2297,#2449,#2457,.T.);
#2457 = LINE('',#2458,#2459);
#2458 = CARTESIAN_POINT('',(0.15,0.25,0.51));
#2459 = VECTOR('',#2460,1.);
#2460 = DIRECTION('',(0.,-0.,1.));
#2461 = PLANE('',#2462);
#2462 = AXIS2_PLACEMENT_3D('',#2463,#2464,#2465);
#2463 = CARTESIAN_POINT('',(0.,0.25,0.51));
#2464 = DIRECTION('',(0.,1.,0.));
#2465 = DIRECTION('',(0.,-0.,1.));
#2466 = ADVANCED_FACE('',(#2467),#2486,.F.);
#2467 = FACE_BOUND('',#2468,.F.);
#2468 = EDGE_LOOP('',(#2469,#2470,#2478,#2485));
#2469 = ORIENTED_EDGE('',*,*,#2335,.T.);
#2470 = ORIENTED_EDGE('',*,*,#2471,.T.);
#2471 = EDGE_CURVE('',#2328,#2472,#2474,.T.);
#2472 = VERTEX_POINT('',#2473);
#2473 = CARTESIAN_POINT('',(0.35,0.25,0.41));
#2474 = LINE('',#2475,#2476);
#2475 = CARTESIAN_POINT('',(0.25,0.25,0.41));
#2476 = VECTOR('',#2477,1.);
#2477 = DIRECTION('',(1.,0.,9.95799250103E-17));
#2478 = ORIENTED_EDGE('',*,*,#2479,.F.);
#2479 = EDGE_CURVE('',#2449,#2472,#2480,.T.);
#2480 = CIRCLE('',#2481,0.2);
#2481 = AXIS2_PLACEMENT_3D('',#2482,#2483,#2484);
#2482 = CARTESIAN_POINT('',(0.15,0.25,0.41));
#2483 = DIRECTION('',(0.,1.,0.));
#2484 = DIRECTION('',(0.,0.,-1.));
#2485 = ORIENTED_EDGE('',*,*,#2456,.F.);
#2486 = PLANE('',#2487);
#2487 = AXIS2_PLACEMENT_3D('',#2488,#2489,#2490);
#2488 = CARTESIAN_POINT('',(0.256066017178,0.25,0.516066017178));
#2489 = DIRECTION('',(-0.,-1.,-0.));
#2490 = DIRECTION('',(0.707106781187,0.,-0.707106781187));
#2491 = ADVANCED_FACE('',(#2492),#2510,.T.);
#2492 = FACE_BOUND('',#2493,.T.);
#2493 = EDGE_LOOP('',(#2494,#2495,#2496,#2504));
#2494 = ORIENTED_EDGE('',*,*,#2360,.F.);
#2495 = ORIENTED_EDGE('',*,*,#2471,.T.);
#2496 = ORIENTED_EDGE('',*,*,#2497,.T.);
#2497 = EDGE_CURVE('',#2472,#2498,#2500,.T.);
#2498 = VERTEX_POINT('',#2499);
#2499 = CARTESIAN_POINT('',(0.35,0.25,0.2));
#2500 = LINE('',#2501,#2502);
#2501 = CARTESIAN_POINT('',(0.35,0.25,0.41));
#2502 = VECTOR('',#2503,1.);
#2503 = DIRECTION('',(6.123233995737E-17,0.,-1.));
#2504 = ORIENTED_EDGE('',*,*,#2505,.F.);
#2505 = EDGE_CURVE('',#2361,#2498,#2506,.T.);
#2506 = LINE('',#2507,#2508);
#2507 = CARTESIAN_POINT('',(0.25,0.25,0.2));
#2508 = VECTOR('',#2509,1.);
#2509 = DIRECTION('',(1.,0.,6.123233995737E-17));
#2510 = PLANE('',#2511);
#2511 = AXIS2_PLACEMENT_3D('',#2512,#2513,#2514);
#2512 = CARTESIAN_POINT('',(0.25,0.25,0.41));
#2513 = DIRECTION('',(-0.,1.,0.));
#2514 = DIRECTION('',(1.,0.,6.123233995737E-17));
#2515 = ADVANCED_FACE('',(#2516),#2535,.F.);
#2516 = FACE_BOUND('',#2517,.F.);
#2517 = EDGE_LOOP('',(#2518,#2519,#2527,#2534));
#2518 = ORIENTED_EDGE('',*,*,#2392,.T.);
#2519 = ORIENTED_EDGE('',*,*,#2520,.T.);
#2520 = EDGE_CURVE('',#2393,#2521,#2523,.T.);
#2521 = VERTEX_POINT('',#2522);
#2522 = CARTESIAN_POINT('',(0.45,0.25,0.1));
#2523 = LINE('',#2524,#2525);
#2524 = CARTESIAN_POINT('',(0.45,0.25,8.040905392539E-19));
#2525 = VECTOR('',#2526,1.);
#2526 = DIRECTION('',(2.449293598295E-16,0.,1.));
#2527 = ORIENTED_EDGE('',*,*,#2528,.F.);
#2528 = EDGE_CURVE('',#2498,#2521,#2529,.T.);
#2529 = CIRCLE('',#2530,0.1);
#2530 = AXIS2_PLACEMENT_3D('',#2531,#2532,#2533);
#2531 = CARTESIAN_POINT('',(0.45,0.25,0.2));
#2532 = DIRECTION('',(0.,-1.,0.));
#2533 = DIRECTION('',(0.,0.,-1.));
#2534 = ORIENTED_EDGE('',*,*,#2505,.F.);
#2535 = PLANE('',#2536);
#2536 = AXIS2_PLACEMENT_3D('',#2537,#2538,#2539);
#2537 = CARTESIAN_POINT('',(0.343933982822,0.25,9.393398282202E-02));
#2538 = DIRECTION('',(0.,-1.,0.));
#2539 = DIRECTION('',(0.707106781187,0.,-0.707106781187));
#2540 = ADVANCED_FACE('',(#2541),#2559,.T.);
#2541 = FACE_BOUND('',#2542,.T.);
#2542 = EDGE_LOOP('',(#2543,#2544,#2545,#2553));
#2543 = ORIENTED_EDGE('',*,*,#2424,.F.);
#2544 = ORIENTED_EDGE('',*,*,#2520,.T.);
#2545 = ORIENTED_EDGE('',*,*,#2546,.T.);
#2546 = EDGE_CURVE('',#2521,#2547,#2549,.T.);
#2547 = VERTEX_POINT('',#2548);
#2548 = CARTESIAN_POINT('',(0.55,0.25,0.1));
#2549 = LINE('',#2550,#2551);
#2550 = CARTESIAN_POINT('',(0.45,0.25,0.1));
#2551 = VECTOR('',#2552,1.);
#2552 = DIRECTION('',(1.,0.,-0.));
#2553 = ORIENTED_EDGE('',*,*,#2554,.F.);
#2554 = EDGE_CURVE('',#2425,#2547,#2555,.T.);
#2555 = LINE('',#2556,#2557);
#2556 = CARTESIAN_POINT('',(0.55,0.25,0.));
#2557 = VECTOR('',#2558,1.);
#2558 = DIRECTION('',(0.,-0.,1.));
#2559 = PLANE('',#2560);
#2560 = AXIS2_PLACEMENT_3D('',#2561,#2562,#2563);
#2561 = CARTESIAN_POINT('',(0.45,0.25,0.));
#2562 = DIRECTION('',(0.,1.,0.));
#2563 = DIRECTION('',(0.,-0.,1.));
#2564 = ADVANCED_FACE('',(#2565),#2583,.T.);
#2565 = FACE_BOUND('',#2566,.T.);
#2566 = EDGE_LOOP('',(#2567,#2568,#2569,#2577));
#2567 = ORIENTED_EDGE('',*,*,#2448,.F.);
#2568 = ORIENTED_EDGE('',*,*,#2265,.T.);
#2569 = ORIENTED_EDGE('',*,*,#2570,.T.);
#2570 = EDGE_CURVE('',#2266,#2571,#2573,.T.);
#2571 = VERTEX_POINT('',#2572);
#2572 = CARTESIAN_POINT('',(0.15,-0.25,0.61));
#2573 = LINE('',#2574,#2575);
#2574 = CARTESIAN_POINT('',(0.,-0.25,0.61));
#2575 = VECTOR('',#2576,1.);
#2576 = DIRECTION('',(1.,0.,0.));
#2577 = ORIENTED_EDGE('',*,*,#2578,.F.);
#2578 = EDGE_CURVE('',#2449,#2571,#2579,.T.);
#2579 = LINE('',#2580,#2581);
#2580 = CARTESIAN_POINT('',(0.15,0.25,0.61));
#2581 = VECTOR('',#2582,1.);
#2582 = DIRECTION('',(0.,-1.,0.));
#2583 = PLANE('',#2584);
#2584 = AXIS2_PLACEMENT_3D('',#2585,#2586,#2587);
#2585 = CARTESIAN_POINT('',(0.,0.25,0.61));
#2586 = DIRECTION('',(-0.,0.,1.));
#2587 = DIRECTION('',(0.,-1.,0.));
#2588 = ADVANCED_FACE('',(#2589),#2608,.T.);
#2589 = FACE_BOUND('',#2590,.T.);
#2590 = EDGE_LOOP('',(#2591,#2592,#2593,#2602));
#2591 = ORIENTED_EDGE('',*,*,#2479,.F.);
#2592 = ORIENTED_EDGE('',*,*,#2578,.T.);
#2593 = ORIENTED_EDGE('',*,*,#2594,.T.);
#2594 = EDGE_CURVE('',#2571,#2595,#2597,.T.);
#2595 = VERTEX_POINT('',#2596);
#2596 = CARTESIAN_POINT('',(0.35,-0.25,0.41));
#2597 = CIRCLE('',#2598,0.2);
#2598 = AXIS2_PLACEMENT_3D('',#2599,#2600,#2601);
#2599 = CARTESIAN_POINT('',(0.15,-0.25,0.41));
#2600 = DIRECTION('',(0.,1.,0.));
#2601 = DIRECTION('',(0.,0.,-1.));
#2602 = ORIENTED_EDGE('',*,*,#2603,.T.);
#2603 = EDGE_CURVE('',#2595,#2472,#2604,.T.);
#2604 = LINE('',#2605,#2606);
#2605 = CARTESIAN_POINT('',(0.35,0.25,0.41));
#2606 = VECTOR('',#2607,1.);
#2607 = DIRECTION('',(0.,1.,0.));
#2608 = CYLINDRICAL_SURFACE('',#2609,0.2);
#2609 = AXIS2_PLACEMENT_3D('',#2610,#2611,#2612);
#2610 = CARTESIAN_POINT('',(0.15,0.25,0.41));
#2611 = DIRECTION('',(0.,1.,0.));
#2612 = DIRECTION('',(0.,0.,-1.));
#2613 = ADVANCED_FACE('',(#2614),#2632,.T.);
#2614 = FACE_BOUND('',#2615,.T.);
#2615 = EDGE_LOOP('',(#2616,#2617,#2618,#2626));
#2616 = ORIENTED_EDGE('',*,*,#2497,.F.);
#2617 = ORIENTED_EDGE('',*,*,#2603,.F.);
#2618 = ORIENTED_EDGE('',*,*,#2619,.T.);
#2619 = EDGE_CURVE('',#2595,#2620,#2622,.T.);
#2620 = VERTEX_POINT('',#2621);
#2621 = CARTESIAN_POINT('',(0.35,-0.25,0.2));
#2622 = LINE('',#2623,#2624);
#2623 = CARTESIAN_POINT('',(0.35,-0.25,0.41));
#2624 = VECTOR('',#2625,1.);
#2625 = DIRECTION('',(0.,0.,-1.));
#2626 = ORIENTED_EDGE('',*,*,#2627,.F.);
#2627 = EDGE_CURVE('',#2498,#2620,#2628,.T.);
#2628 = LINE('',#2629,#2630);
#2629 = CARTESIAN_POINT('',(0.35,0.25,0.2));
#2630 = VECTOR('',#2631,1.);
#2631 = DIRECTION('',(0.,-1.,0.));
#2632 = PLANE('',#2633);
#2633 = AXIS2_PLACEMENT_3D('',#2634,#2635,#2636);
#2634 = CARTESIAN_POINT('',(0.35,0.25,0.41));
#2635 = DIRECTION('',(1.,0.,0.));
#2636 = DIRECTION('',(0.,-1.,0.));
#2637 = ADVANCED_FACE('',(#2638),#2657,.F.);
#2638 = FACE_BOUND('',#2639,.F.);
#2639 = EDGE_LOOP('',(#2640,#2641,#2649,#2656));
#2640 = ORIENTED_EDGE('',*,*,#2528,.T.);
#2641 = ORIENTED_EDGE('',*,*,#2642,.T.);
#2642 = EDGE_CURVE('',#2521,#2643,#2645,.T.);
#2643 = VERTEX_POINT('',#2644);
#2644 = CARTESIAN_POINT('',(0.45,-0.25,0.1));
#2645 = LINE('',#2646,#2647);
#2646 = CARTESIAN_POINT('',(0.45,0.25,0.1));
#2647 = VECTOR('',#2648,1.);
#2648 = DIRECTION('',(0.,-1.,0.));
#2649 = ORIENTED_EDGE('',*,*,#2650,.F.);
#2650 = EDGE_CURVE('',#2620,#2643,#2651,.T.);
#2651 = CIRCLE('',#2652,0.1);
#2652 = AXIS2_PLACEMENT_3D('',#2653,#2654,#2655);
#2653 = CARTESIAN_POINT('',(0.45,-0.25,0.2));
#2654 = DIRECTION('',(0.,-1.,0.));
#2655 = DIRECTION('',(0.,0.,-1.));
#2656 = ORIENTED_EDGE('',*,*,#2627,.F.);
#2657 = CYLINDRICAL_SURFACE('',#2658,0.1);
#2658 = AXIS2_PLACEMENT_3D('',#2659,#2660,#2661);
#2659 = CARTESIAN_POINT('',(0.45,0.25,0.2));
#2660 = DIRECTION('',(0.,-1.,0.));
#2661 = DIRECTION('',(0.,0.,-1.));
#2662 = ADVANCED_FACE('',(#2663),#2681,.T.);
#2663 = FACE_BOUND('',#2664,.T.);
#2664 = EDGE_LOOP('',(#2665,#2666,#2667,#2675));
#2665 = ORIENTED_EDGE('',*,*,#2546,.F.);
#2666 = ORIENTED_EDGE('',*,*,#2642,.T.);
#2667 = ORIENTED_EDGE('',*,*,#2668,.T.);
#2668 = EDGE_CURVE('',#2643,#2669,#2671,.T.);
#2669 = VERTEX_POINT('',#2670);
#2670 = CARTESIAN_POINT('',(0.55,-0.25,0.1));
#2671 = LINE('',#2672,#2673);
#2672 = CARTESIAN_POINT('',(0.45,-0.25,0.1));
#2673 = VECTOR('',#2674,1.);
#2674 = DIRECTION('',(1.,0.,0.));
#2675 = ORIENTED_EDGE('',*,*,#2676,.F.);
#2676 = EDGE_CURVE('',#2547,#2669,#2677,.T.);
#2677 = LINE('',#2678,#2679);
#2678 = CARTESIAN_POINT('',(0.55,0.25,0.1));
#2679 = VECTOR('',#2680,1.);
#2680 = DIRECTION('',(0.,-1.,0.));
#2681 = PLANE('',#2682);
#2682 = AXIS2_PLACEMENT_3D('',#2683,#2684,#2685);
#2683 = CARTESIAN_POINT('',(0.45,0.25,0.1));
#2684 = DIRECTION('',(-0.,0.,1.));
#2685 = DIRECTION('',(0.,-1.,0.));
#2686 = ADVANCED_FACE('',(#2687),#2698,.T.);
#2687 = FACE_BOUND('',#2688,.T.);
#2688 = EDGE_LOOP('',(#2689,#2690,#2691,#2692));
#2689 = ORIENTED_EDGE('',*,*,#2570,.F.);
#2690 = ORIENTED_EDGE('',*,*,#2273,.T.);
#2691 = ORIENTED_EDGE('',*,*,#2287,.T.);
#2692 = ORIENTED_EDGE('',*,*,#2693,.F.);
#2693 = EDGE_CURVE('',#2571,#2288,#2694,.T.);
#2694 = LINE('',#2695,#2696);
#2695 = CARTESIAN_POINT('',(0.15,-0.25,0.61));
#2696 = VECTOR('',#2697,1.);
#2697 = DIRECTION('',(0.,0.,-1.));
#2698 = PLANE('',#2699);
#2699 = AXIS2_PLACEMENT_3D('',#2700,#2701,#2702);
#2700 = CARTESIAN_POINT('',(0.,-0.25,0.61));
#2701 = DIRECTION('',(0.,-1.,0.));
#2702 = DIRECTION('',(0.,0.,-1.));
#2703 = ADVANCED_FACE('',(#2704),#2715,.F.);
#2704 = FACE_BOUND('',#2705,.F.);
#2705 = EDGE_LOOP('',(#2706,#2707,#2713,#2714));
#2706 = ORIENTED_EDGE('',*,*,#2594,.T.);
#2707 = ORIENTED_EDGE('',*,*,#2708,.T.);
#2708 = EDGE_CURVE('',#2595,#2319,#2709,.T.);
#2709 = LINE('',#2710,#2711);
#2710 = CARTESIAN_POINT('',(0.35,-0.25,0.41));
#2711 = VECTOR('',#2712,1.);
#2712 = DIRECTION('',(-1.,0.,-9.95799250103E-17));
#2713 = ORIENTED_EDGE('',*,*,#2318,.F.);
#2714 = ORIENTED_EDGE('',*,*,#2693,.F.);
#2715 = PLANE('',#2716);
#2716 = AXIS2_PLACEMENT_3D('',#2717,#2718,#2719);
#2717 = CARTESIAN_POINT('',(0.256066017178,-0.25,0.516066017178));
#2718 = DIRECTION('',(0.,1.,0.));
#2719 = DIRECTION('',(0.707106781187,0.,-0.707106781187));
#2720 = ADVANCED_FACE('',(#2721),#2732,.T.);
#2721 = FACE_BOUND('',#2722,.T.);
#2722 = EDGE_LOOP('',(#2723,#2724,#2725,#2726));
#2723 = ORIENTED_EDGE('',*,*,#2619,.F.);
#2724 = ORIENTED_EDGE('',*,*,#2708,.T.);
#2725 = ORIENTED_EDGE('',*,*,#2351,.T.);
#2726 = ORIENTED_EDGE('',*,*,#2727,.F.);
#2727 = EDGE_CURVE('',#2620,#2352,#2728,.T.);
#2728 = LINE('',#2729,#2730);
#2729 = CARTESIAN_POINT('',(0.35,-0.25,0.2));
#2730 = VECTOR('',#2731,1.);
#2731 = DIRECTION('',(-1.,0.,-6.123233995737E-17));
#2732 = PLANE('',#2733);
#2733 = AXIS2_PLACEMENT_3D('',#2734,#2735,#2736);
#2734 = CARTESIAN_POINT('',(0.35,-0.25,0.41));
#2735 = DIRECTION('',(0.,-1.,-0.));
#2736 = DIRECTION('',(-1.,0.,-6.123233995737E-17));
#2737 = ADVANCED_FACE('',(#2738),#2749,.F.);
#2738 = FACE_BOUND('',#2739,.F.);
#2739 = EDGE_LOOP('',(#2740,#2741,#2747,#2748));
#2740 = ORIENTED_EDGE('',*,*,#2650,.T.);
#2741 = ORIENTED_EDGE('',*,*,#2742,.T.);
#2742 = EDGE_CURVE('',#2643,#2383,#2743,.T.);
#2743 = LINE('',#2744,#2745);
#2744 = CARTESIAN_POINT('',(0.45,-0.25,0.1));
#2745 = VECTOR('',#2746,1.);
#2746 = DIRECTION('',(-2.449293598295E-16,0.,-1.));
#2747 = ORIENTED_EDGE('',*,*,#2382,.F.);
#2748 = ORIENTED_EDGE('',*,*,#2727,.F.);
#2749 = PLANE('',#2750);
#2750 = AXIS2_PLACEMENT_3D('',#2751,#2752,#2753);
#2751 = CARTESIAN_POINT('',(0.343933982822,-0.25,9.393398282202E-02));
#2752 = DIRECTION('',(-0.,1.,-0.));
#2753 = DIRECTION('',(0.707106781187,0.,-0.707106781187));
#2754 = ADVANCED_FACE('',(#2755),#2766,.T.);
#2755 = FACE_BOUND('',#2756,.T.);
#2756 = EDGE_LOOP('',(#2757,#2758,#2759,#2760));
#2757 = ORIENTED_EDGE('',*,*,#2668,.F.);
#2758 = ORIENTED_EDGE('',*,*,#2742,.T.);
#2759 = ORIENTED_EDGE('',*,*,#2415,.T.);
#2760 = ORIENTED_EDGE('',*,*,#2761,.F.);
#2761 = EDGE_CURVE('',#2669,#2416,#2762,.T.);
#2762 = LINE('',#2763,#2764);
#2763 = CARTESIAN_POINT('',(0.55,-0.25,0.1));
#2764 = VECTOR('',#2765,1.);
#2765 = DIRECTION('',(0.,0.,-1.));
#2766 = PLANE('',#2767);
#2767 = AXIS2_PLACEMENT_3D('',#2768,#2769,#2770);
#2768 = CARTESIAN_POINT('',(0.45,-0.25,0.1));
#2769 = DIRECTION('',(0.,-1.,0.));
#2770 = DIRECTION('',(0.,0.,-1.));
#2771 = ADVANCED_FACE('',(#2772),#2778,.T.);
#2772 = FACE_BOUND('',#2773,.T.);
#2773 = EDGE_LOOP('',(#2774,#2775,#2776,#2777));
#2774 = ORIENTED_EDGE('',*,*,#2432,.T.);
#2775 = ORIENTED_EDGE('',*,*,#2554,.T.);
#2776 = ORIENTED_EDGE('',*,*,#2676,.T.);
#2777 = ORIENTED_EDGE('',*,*,#2761,.T.);
#2778 = PLANE('',#2779);
#2779 = AXIS2_PLACEMENT_3D('',#2780,#2781,#2782);
#2780 = CARTESIAN_POINT('',(0.55,0.,5.E-02));
#2781 = DIRECTION('',(1.,0.,0.));
#2782 = DIRECTION('',(0.,0.,1.));
#2783 = ( GEOMETRIC_REPRESENTATION_CONTEXT(3) 
GLOBAL_UNCERTAINTY_ASSIGNED_CONTEXT((#2787)) 
GLOBAL_UNIT_ASSIGNED_CONTEXT((#2784,#2785,#2786)) REPRESENTATION_CONTEXT
('Context #1','3D Context with UNIT and UNCERTAINTY') );
#2784 = ( LENGTH_UNIT() NAMED_UNIT(*) SI_UNIT(.MILLI.,.METRE.) );
#2785 = ( NAMED_UNIT(*) PLANE_ANGLE_UNIT() SI_UNIT($,.RADIAN.) );
#2786 = ( NAMED_UNIT(*) SI_UNIT($,.STERADIAN.) SOLID_ANGLE_UNIT() );
#2787 = UNCERTAINTY_MEASURE_WITH_UNIT(LENGTH_MEASURE(1.E-07),#2784,
  'distance_accuracy_value','confusion accuracy');
#2788 = SHAPE_DEFINITION_REPRESENTATION(#2789,#2240);
#2789 = PRODUCT_DEFINITION_SHAPE('','',#2790);
#2790 = PRODUCT_DEFINITION('design','',#2791,#2794);
#2791 = PRODUCT_DEFINITION_FORMATION('','',#2792);
#2792 = PRODUCT('Leader','Leader','',(#2793));
#2793 = PRODUCT_CONTEXT('',#2,'mechanical');
#2794 = PRODUCT_DEFINITION_CONTEXT('part definition',#2,'design');
#2795 = CONTEXT_DEPENDENT_SHAPE_REPRESENTATION(#2796,#2798);
#2796 = ( REPRESENTATION_RELATIONSHIP('','',#2240,#46) 
REPRESENTATION_RELATIONSHIP_WITH_TRANSFORMATION(#2797) 
SHAPE_REPRESENTATION_RELATIONSHIP() );
#2797 = ITEM_DEFINED_TRANSFORMATION('','',#11,#51);
#2798 = PRODUCT_DEFINITION_SHAPE('Placement','Placement of an item',
  #2799);
#2799 = NEXT_ASSEMBLY_USAGE_OCCURRENCE('38','33','',#41,#2790,$);
#2800 = PRODUCT_RELATED_PRODUCT_CATEGORY('part',$,(#2792));
#2801 = CONTEXT_DEPENDENT_SHAPE_REPRESENTATION(#2802,#2804);
#2802 = ( REPRESENTATION_RELATIONSHIP('','',#2240,#46) 
REPRESENTATION_RELATIONSHIP_WITH_TRANSFORMATION(#2803) 
SHAPE_REPRESENTATION_RELATIONSHIP() );
#2803 = ITEM_DEFINED_TRANSFORMATION('','',#11,#55);
#2804 = PRODUCT_DEFINITION_SHAPE('Placement','Placement of an item',
  #2805);
#2805 = NEXT_ASSEMBLY_USAGE_OCCURRENCE('39','34','',#41,#2790,$);
#2806 = CONTEXT_DEPENDENT_SHAPE_REPRESENTATION(#2807,#2809);
#2807 = ( REPRESENTATION_RELATIONSHIP('','',#2240,#46) 
REPRESENTATION_RELATIONSHIP_WITH_TRANSFORMATION(#2808) 
SHAPE_REPRESENTATION_RELATIONSHIP() );
#2808 = ITEM_DEFINED_TRANSFORMATION('','',#11,#59);
#2809 = PRODUCT_DEFINITION_SHAPE('Placement','Placement of an item',
  #2810);
#2810 = NEXT_ASSEMBLY_USAGE_OCCURRENCE('40','35','',#41,#2790,$);
#2811 = CONTEXT_DEPENDENT_SHAPE_REPRESENTATION(#2812,#2814);
#2812 = ( REPRESENTATION_RELATIONSHIP('','',#46,#28) 
REPRESENTATION_RELATIONSHIP_WITH_TRANSFORMATION(#2813) 
SHAPE_REPRESENTATION_RELATIONSHIP() );
#2813 = ITEM_DEFINED_TRANSFORMATION('','',#11,#29);
#2814 = PRODUCT_DEFINITION_SHAPE('Placement','Placement of an item',
  #2815);
#2815 = NEXT_ASSEMBLY_USAGE_OCCURRENCE('41','','',#23,#41,$);
#2816 = PRODUCT_RELATED_PRODUCT_CATEGORY('part',$,(#43));
#2817 = MECHANICAL_DESIGN_GEOMETRIC_PRESENTATION_REPRESENTATION('',(
    #2818),#2783);
#2818 = STYLED_ITEM('color',(#2819),#2241);
#2819 = PRESENTATION_STYLE_ASSIGNMENT((#2820,#2826));
#2820 = SURFACE_STYLE_USAGE(.BOTH.,#2821);
#2821 = SURFACE_SIDE_STYLE('',(#2822));
#2822 = SURFACE_STYLE_FILL_AREA(#2823);
#2823 = FILL_AREA_STYLE('',(#2824));
#2824 = FILL_AREA_STYLE_COLOUR('',#2825);
#2825 = COLOUR_RGB('',0.800000010877,0.800000010877,0.800000010877);
#2826 = CURVE_STYLE('',#2827,POSITIVE_LENGTH_MEASURE(0.1),#2825);
#2827 = DRAUGHTING_PRE_DEFINED_CURVE_FONT('continuous');
#2828 = MECHANICAL_DESIGN_GEOMETRIC_PRESENTATION_REPRESENTATION('',(
    #2829),#2216);
#2829 = STYLED_ITEM('color',(#2830),#86);
#2830 = PRESENTATION_STYLE_ASSIGNMENT((#2831,#2837));
#2831 = SURFACE_STYLE_USAGE(.BOTH.,#2832);
#2832 = SURFACE_SIDE_STYLE('',(#2833));
#2833 = SURFACE_STYLE_FILL_AREA(#2834);
#2834 = FILL_AREA_STYLE('',(#2835));
#2835 = FILL_AREA_STYLE_COLOUR('',#2836);
#2836 = COLOUR_RGB('',0.199999998682,0.199999998682,0.199999998682);
#2837 = CURVE_STYLE('',#2838,POSITIVE_LENGTH_MEASURE(0.1),#2836);
#2838 = DRAUGHTING_PRE_DEFINED_CURVE_FONT('continuous');
ENDSEC;
END-ISO-10303-21;
