ISO-10303-21;
HEADER;
FILE_DESCRIPTION (( 'STEP AP214' ),
    '1' );
FILE_NAME ('PSM5020  Molded high current inductor.STEP',
    '2023-09-19T14:49:42',
    ( '微软用户' ),
    ( '微软中国' ),
    'SwSTEP 2.0',
    'SolidWorks 2018',
    '' );
FILE_SCHEMA (( 'AUTOMOTIVE_DESIGN' ));
ENDSEC;

DATA;
#1 = FACE_OUTER_BOUND ( 'NONE', #1553, .T. ) ;
#2 = CARTESIAN_POINT ( 'NONE',  ( 1.155077136052323317, 1.948000000000000176, 0.4981131265093856619 ) ) ;
#3 = CARTESIAN_POINT ( 'NONE',  ( -2.649999999999999467, 1.949999999999999956, -2.599999999999999201 ) ) ;
#4 = DIRECTION ( 'NONE',  ( -1.668003342285391551E-16, -0.0000000000000000000, -1.000000000000000000 ) ) ;
#5 =( LENGTH_UNIT ( ) NAMED_UNIT ( * ) SI_UNIT ( .MILLI., .METRE. ) );
#6 = CARTESIAN_POINT ( 'NONE',  ( 0.1457031250000003220, 1.947999999999999954, -0.1620317427416222145 ) ) ;
#7 = CARTESIAN_POINT ( 'NONE',  ( -1.381640624999999734, 1.947999999999999954, 0.6949995072583777800 ) ) ;
#8 = ORIENTED_EDGE ( 'NONE', *, *, #4318, .F. ) ;
#9 = CARTESIAN_POINT ( 'NONE',  ( 1.149999999999999245, 1.949999999999999956, 0.6059370072583776246 ) ) ;
#10 = PLANE ( 'NONE',  #3544 ) ;
#11 = DIRECTION ( 'NONE',  ( -0.0000000000000000000, 1.000000000000000000, -0.0000000000000000000 ) ) ;
#12 = CARTESIAN_POINT ( 'NONE',  ( 0.2857583947058107698, 1.948000000000000398, -0.2064449738145087698 ) ) ;
#13 = EDGE_CURVE ( 'NONE', #2150, #1017, #3393, .T. ) ;
#14 = ORIENTED_EDGE ( 'NONE', *, *, #2356, .F. ) ;
#15 = CARTESIAN_POINT ( 'NONE',  ( -0.5071446457658066453, 1.949999999999999734, 0.6753056673332188398 ) ) ;
#16 = LINE ( 'NONE', #3040, #1917 ) ;
#17 = VERTEX_POINT ( 'NONE', #2878 ) ;
#18 = AXIS2_PLACEMENT_3D ( 'NONE', #3863, #3189, #1051 ) ;
#19 = ORIENTED_EDGE ( 'NONE', *, *, #2258, .F. ) ;
#20 = EDGE_CURVE ( 'NONE', #1993, #1718, #4215, .T. ) ;
#21 = CARTESIAN_POINT ( 'NONE',  ( 1.235744900595479034, 1.950000000000000400, 0.1185698334011672794 ) ) ;
#22 = CARTESIAN_POINT ( 'NONE',  ( 2.719999999999999307, 0.2469693845669906629, -1.249999999999992450 ) ) ;
#23 = CARTESIAN_POINT ( 'NONE',  ( 1.201101049007265775, 1.947999999999999732, 0.7553772532575272480 ) ) ;
#24 = COLOUR_RGB ( '',0.3098039215686274606, 0.3098039215686274606, 0.3098039215686274606 ) ;
#25 =( NAMED_UNIT ( * ) PLANE_ANGLE_UNIT ( ) SI_UNIT ( $, .RADIAN. ) );
#26 = EDGE_LOOP ( 'NONE', ( #2431, #3798, #3742, #3615, #1530, #895, #1361, #799, #4272, #3506, #2042, #2320, #2411, #4361, #1966, #1953, #37 ) ) ;
#27 = DIRECTION ( 'NONE',  ( 1.000000000000000000, 0.0000000000000000000, 0.0000000000000000000 ) ) ;
#28 = CARTESIAN_POINT ( 'NONE',  ( 1.149999999999999245, 1.947999999999999954, 0.6059370072583776246 ) ) ;
#29 = PLANE ( 'NONE',  #4019 ) ;
#30 = ORIENTED_EDGE ( 'NONE', *, *, #3448, .F. ) ;
#31 = CARTESIAN_POINT ( 'NONE',  ( -0.9891306249707456644, 1.947999999999999066, 0.6779525925650816687 ) ) ;
#32 = ADVANCED_BREP_SHAPE_REPRESENTATION ( 'PSM5020  Molded high current inductor', ( #177, #2388 ), #485 ) ;
#33 = CARTESIAN_POINT ( 'NONE',  ( 2.849999999999999201, 1.050000000000000266, 1.250000000000001554 ) ) ;
#34 = EDGE_LOOP ( 'NONE', ( #915, #3887, #4339, #2458 ) ) ;
#35 = FACE_OUTER_BOUND ( 'NONE', #2870, .T. ) ;
#36 = ORIENTED_EDGE ( 'NONE', *, *, #2636, .F. ) ;
#37 = ORIENTED_EDGE ( 'NONE', *, *, #1658, .T. ) ;
#38 = ORIENTED_EDGE ( 'NONE', *, *, #745, .T. ) ;
#39 = CYLINDRICAL_SURFACE ( 'NONE', #2596, 0.1499999999999999944 ) ;
#40 = CARTESIAN_POINT ( 'NONE',  ( 1.375702600561551137, 1.947999999999999510, -0.2328804441932587066 ) ) ;
#41 = STYLED_ITEM ( 'NONE', ( #3779 ), #470 ) ;
#42 = VECTOR ( 'NONE', #3730, 1000.000000000000000 ) ;
#43 = B_SPLINE_CURVE_WITH_KNOTS ( 'NONE', 3,
 ( #1852, #1513, #2216, #89, #2583, #456, #2959, #814, #3309, #1173, #1401 ),
 .UNSPECIFIED., .F., .F.,
 ( 4, 1, 1, 1, 1, 1, 1, 1, 4 ),
 ( 0.0000000000000000000, 0.1611571078328777884, 0.3016690559266324012, 0.4203516255293798243, 0.5252821247799178694, 0.6267355132435494802, 0.7354493728806462682, 0.8580298397088239604, 0.9999999999999998890 ),
 .UNSPECIFIED. ) ;
#44 = CARTESIAN_POINT ( 'NONE',  ( -1.233984374999999467, 1.947999999999999954, -0.8026567427416222422 ) ) ;
#45 = VERTEX_POINT ( 'NONE', #1793 ) ;
#46 = ORIENTED_EDGE ( 'NONE', *, *, #3543, .F. ) ;
#47 = CARTESIAN_POINT ( 'NONE',  ( 0.5523636200972921184, 1.949999999999999956, 0.6747145842992139375 ) ) ;
#48 = ORIENTED_EDGE ( 'NONE', *, *, #3752, .F. ) ;
#49 = CARTESIAN_POINT ( 'NONE',  ( 1.252186412671138838, 1.947999999999999954, 0.06747039967109462466 ) ) ;
#50 = LINE ( 'NONE', #2421, #3834 ) ;
#51 = DIRECTION ( 'NONE',  ( -0.0000000000000000000, 1.000000000000000000, -0.0000000000000000000 ) ) ;
#52 = CARTESIAN_POINT ( 'NONE',  ( 0.4582031250000002665, 1.947999999999999954, 0.6032026322583777800 ) ) ;
#53 = ORIENTED_EDGE ( 'NONE', *, *, #3890, .T. ) ;
#54 = DIRECTION ( 'NONE',  ( -0.0000000000000000000, 1.000000000000000000, -0.0000000000000000000 ) ) ;
#55 = AXIS2_PLACEMENT_3D ( 'NONE', #2589, #461, #2970 ) ;
#56 = CARTESIAN_POINT ( 'NONE',  ( 1.584111948137235215, 1.950000000000000844, -0.6489570533938041619 ) ) ;
#57 = CARTESIAN_POINT ( 'NONE',  ( -1.223793444245258266, 1.947999999999999732, 0.5693992139488633919 ) ) ;
#58 = ORIENTED_EDGE ( 'NONE', *, *, #2982, .T. ) ;
#59 = CARTESIAN_POINT ( 'NONE',  ( 1.182675714726960203, 1.948000000000000176, 0.7384121129900388381 ) ) ;
#60 = EDGE_CURVE ( 'NONE', #4532, #1498, #1487, .T. ) ;
#61 = CARTESIAN_POINT ( 'NONE',  ( 1.627109010204786488, 1.947999999999999954, -0.7296056350783982625 ) ) ;
#62 = CARTESIAN_POINT ( 'NONE',  ( 1.372476893496692218, 1.949999999999999734, 0.1886066088511942074 ) ) ;
#63 = CARTESIAN_POINT ( 'NONE',  ( 1.192187499999999289, 1.947999999999999954, -0.8995317427416221756 ) ) ;
#64 = CARTESIAN_POINT ( 'NONE',  ( 0.5523636200972921184, 1.947999999999999954, 0.6747145842992139375 ) ) ;
#65 = EDGE_CURVE ( 'NONE', #1878, #2296, #2308, .T. ) ;
#66 = PLANE ( 'NONE',  #349 ) ;
#67 = EDGE_LOOP ( 'NONE', ( #86, #433, #2893, #2817 ) ) ;
#68 = DIRECTION ( 'NONE',  ( -1.000000000000000000, 0.0000000000000000000, 5.913830031739116529E-16 ) ) ;
#69 = CARTESIAN_POINT ( 'NONE',  ( 0.9275983890679022625, 1.947999999999999954, -0.6677884021245813484 ) ) ;
#70 = CARTESIAN_POINT ( 'NONE',  ( -0.09999999999999961697, 1.947999999999999954, 0.6754682572583776690 ) ) ;
#71 = CARTESIAN_POINT ( 'NONE',  ( 2.650000000000000799, 1.949999999999999956, 2.400000000000000355 ) ) ;
#72 = CARTESIAN_POINT ( 'NONE',  ( -0.1780640152784922214, 1.948000000000000176, -0.9740326654961621866 ) ) ;
#73 = ORIENTED_EDGE ( 'NONE', *, *, #1589, .F. ) ;
#74 = FILL_AREA_STYLE_COLOUR ( '', #4037 ) ;
#75 = VECTOR ( 'NONE', #389, 1000.000000000000000 ) ;
#76 = ORIENTED_EDGE ( 'NONE', *, *, #548, .T. ) ;
#77 = CARTESIAN_POINT ( 'NONE',  ( 1.150217157684036984, 1.949999999999999734, 0.6206882352883963394 ) ) ;
#78 = AXIS2_PLACEMENT_3D ( 'NONE', #1634, #4123, #1984 ) ;
#79 = CARTESIAN_POINT ( 'NONE',  ( 1.317244926267211458, 1.947999999999999066, 0.7687620779377969393 ) ) ;
#80 = PRODUCT_CONTEXT ( 'NONE', #2936, 'mechanical' ) ;
#81 = CARTESIAN_POINT ( 'NONE',  ( 0.1868550157927814093, 1.947999999999999066, -1.035540923714931560 ) ) ;
#82 = CARTESIAN_POINT ( 'NONE',  ( 1.750000000000001332, 0.1000000000000000056, 1.500000000000000000 ) ) ;
#83 = EDGE_CURVE ( 'NONE', #2192, #1429, #537, .T. ) ;
#84 = CARTESIAN_POINT ( 'NONE',  ( -2.919999999999999485, 0.05000000000000007910, -1.249999999999991118 ) ) ;
#85 = LINE ( 'NONE', #1081, #3760 ) ;
#86 = ORIENTED_EDGE ( 'NONE', *, *, #3053, .F. ) ;
#87 = LINE ( 'NONE', #1518, #3762 ) ;
#88 = EDGE_CURVE ( 'NONE', #3937, #222, #4097, .T. ) ;
#89 = CARTESIAN_POINT ( 'NONE',  ( -1.310422909595030383, 1.949999999999999734, 0.6886660644199400494 ) ) ;
#90 = LINE ( 'NONE', #1504, #1980 ) ;
#91 = CARTESIAN_POINT ( 'NONE',  ( 1.008064138123621056, 1.947999999999999954, -0.8249030908122402250 ) ) ;
#92 = CARTESIAN_POINT ( 'NONE',  ( -2.869999999999998774, 0.2469693845669906629, 1.250000000000000444 ) ) ;
#93 = CIRCLE ( 'NONE', #2461, 0.09999999999999982514 ) ;
#94 = ADVANCED_FACE ( 'NONE', ( #2194 ), #408, .T. ) ;
#95 = VECTOR ( 'NONE', #2860, 1000.000000000000000 ) ;
#96 = VERTEX_POINT ( 'NONE', #2169 ) ;
#97 = DIRECTION ( 'NONE',  ( 0.0000000000000000000, -1.000000000000000000, 0.0000000000000000000 ) ) ;
#98 = CARTESIAN_POINT ( 'NONE',  ( 0.0000000000000000000, 0.1000000000000000056, 0.0000000000000000000 ) ) ;
#99 = LINE ( 'NONE', #4623, #2960 ) ;
#100 = CARTESIAN_POINT ( 'NONE',  ( 0.1417333379130812920, 1.949999999999999956, -0.2600139863645349880 ) ) ;
#101 = ORIENTED_EDGE ( 'NONE', *, *, #4022, .F. ) ;
#102 = ORIENTED_EDGE ( 'NONE', *, *, #1653, .F. ) ;
#103 = FACE_OUTER_BOUND ( 'NONE', #1554, .T. ) ;
#104 =( LENGTH_UNIT ( ) NAMED_UNIT ( * ) SI_UNIT ( .MILLI., .METRE. ) );
#105 = ORIENTED_EDGE ( 'NONE', *, *, #1131, .T. ) ;
#106 = VECTOR ( 'NONE', #2937, 1000.000000000000000 ) ;
#107 = SURFACE_STYLE_FILL_AREA ( #4042 ) ;
#108 = FILL_AREA_STYLE ('',( #4377 ) ) ;
#109 = ORIENTED_EDGE ( 'NONE', *, *, #1774, .T. ) ;
#110 = EDGE_CURVE ( 'NONE', #3718, #2548, #3980, .T. ) ;
#111 = CARTESIAN_POINT ( 'NONE',  ( 1.150217157684036984, 1.947999999999999732, 0.6206882352883963394 ) ) ;
#112 = CARTESIAN_POINT ( 'NONE',  ( -0.5148437499999997113, 1.947999999999999954, 0.6754682572583776690 ) ) ;
#113 = DIRECTION ( 'NONE',  ( 1.000000000000000000, 0.0000000000000000000, 0.0000000000000000000 ) ) ;
#114 = CARTESIAN_POINT ( 'NONE',  ( -0.5749999999999995115, 1.947999999999999954, -1.049531742741622198 ) ) ;
#115 = PRESENTATION_LAYER_ASSIGNMENT (  '', '', ( #3788 ) ) ;
#116 = ADVANCED_FACE ( 'NONE', ( #314 ), #3864, .T. ) ;
#117 = CARTESIAN_POINT ( 'NONE',  ( 0.8499999999999994227, 1.947999999999999954, -0.6100786177416221978 ) ) ;
#118 = EDGE_CURVE ( 'NONE', #2904, #661, #2082, .T. ) ;
#119 = AXIS2_PLACEMENT_3D ( 'NONE', #1209, #4201, #3148 ) ;
#120 = CARTESIAN_POINT ( 'NONE',  ( 1.364453124999999378, 1.947999999999999954, 0.3219526322583777800 ) ) ;
#121 = CARTESIAN_POINT ( 'NONE',  ( 0.2862753745581189113, 1.948000000000000842, -0.4009586065441435587 ) ) ;
#122 = ORIENTED_EDGE ( 'NONE', *, *, #2884, .T. ) ;
#123 = DIRECTION ( 'NONE',  ( 8.340016711426957754E-17, 0.0000000000000000000, 1.000000000000000000 ) ) ;
#124 = CARTESIAN_POINT ( 'NONE',  ( 1.150617710779208824, 1.949999999999999734, 0.6478972657732385843 ) ) ;
#125 = CARTESIAN_POINT ( 'NONE',  ( -2.869999999999999218, 0.2469693845669906629, -1.249999999999999778 ) ) ;
#126 = CARTESIAN_POINT ( 'NONE',  ( -2.749999999999999556, 0.1000000000000000056, 4.587009191284825162E-16 ) ) ;
#127 = CARTESIAN_POINT ( 'NONE',  ( 1.418550995206711907, 1.947999999999999732, -0.03098175251406928149 ) ) ;
#128 = AXIS2_PLACEMENT_3D ( 'NONE', #3265, #4328, #2537 ) ;
#129 = ORIENTED_EDGE ( 'NONE', *, *, #680, .F. ) ;
#130 = DIRECTION ( 'NONE',  ( 2.170143416902684735E-32, 1.000000000000000000, -1.301042606982605321E-16 ) ) ;
#131 = CIRCLE ( 'NONE', #274, 0.1499999999999999944 ) ;
#132 = VECTOR ( 'NONE', #4619, 1000.000000000000000 ) ;
#133 = ADVANCED_FACE ( 'NONE', ( #2951 ), #2183, .T. ) ;
#134 = DIRECTION ( 'NONE',  ( -0.0000000000000000000, 1.000000000000000000, -0.0000000000000000000 ) ) ;
#135 = EDGE_LOOP ( 'NONE', ( #2836, #4376, #2048, #715, #1095, #2083 ) ) ;
#136 = CARTESIAN_POINT ( 'NONE',  ( 1.764383963182176274, 1.949999999999999956, -0.7981612787182041924 ) ) ;
#137 = PRODUCT_DEFINITION_CONTEXT ( 'detailed design', #2579, 'design' ) ;
#138 =( NAMED_UNIT ( * ) PLANE_ANGLE_UNIT ( ) SI_UNIT ( $, .RADIAN. ) );
#139 = CARTESIAN_POINT ( 'NONE',  ( 1.150617710779208824, 1.947999999999999732, 0.6478972657732385843 ) ) ;
#140 = AXIS2_PLACEMENT_3D ( 'NONE', #722, #3907, #1781 ) ;
#141 = VERTEX_POINT ( 'NONE', #3283 ) ;
#142 = CARTESIAN_POINT ( 'NONE',  ( -1.010673642598171496, 1.948000000000000398, 0.6647160894361001660 ) ) ;
#143 = CARTESIAN_POINT ( 'NONE',  ( 1.539416436918542352, 1.947999999999999510, -0.3607548097514204355 ) ) ;
#144 = VERTEX_POINT ( 'NONE', #3975 ) ;
#145 = PRESENTATION_STYLE_ASSIGNMENT (( #1651 ) ) ;
#146 = EDGE_CURVE ( 'NONE', #1062, #1837, #402, .T. ) ;
#147 = DIRECTION ( 'NONE',  ( -0.0000000000000000000, 1.000000000000000000, -0.0000000000000000000 ) ) ;
#148 = ORIENTED_EDGE ( 'NONE', *, *, #4595, .F. ) ;
#149 = VERTEX_POINT ( 'NONE', #1905 ) ;
#150 = FILL_AREA_STYLE ('',( #1985 ) ) ;
#151 = EDGE_LOOP ( 'NONE', ( #4256, #4397, #211, #4314, #2273, #3672 ) ) ;
#152 = LINE ( 'NONE', #1450, #779 ) ;
#153 = CARTESIAN_POINT ( 'NONE',  ( -1.233984374999999467, 1.947999999999999954, -0.8026567427416222422 ) ) ;
#154 = EDGE_CURVE ( 'NONE', #1941, #3721, #90, .T. ) ;
#155 = CYLINDRICAL_SURFACE ( 'NONE', #1773, 0.1499999999999999667 ) ;
#156 = VERTEX_POINT ( 'NONE', #1041 ) ;
#157 = EDGE_LOOP ( 'NONE', ( #637, #1000, #2922, #850 ) ) ;
#158 = CARTESIAN_POINT ( 'NONE',  ( -2.649999999999998579, 1.949999999999999956, 2.600000000000000533 ) ) ;
#159 = CARTESIAN_POINT ( 'NONE',  ( -0.5749999999999995115, 1.947999999999999954, -0.9745317427416221312 ) ) ;
#160 = DIRECTION ( 'NONE',  ( 1.000000000000000000, 0.0000000000000000000, -5.913830031739117515E-16 ) ) ;
#161 = PRESENTATION_STYLE_ASSIGNMENT (( #707 ) ) ;
#162 = EDGE_LOOP ( 'NONE', ( #924, #4202, #655, #1212 ) ) ;
#163 = DIRECTION ( 'NONE',  ( 0.0000000000000000000, -1.000000000000000000, 1.301042606982605321E-16 ) ) ;
#164 = LINE ( 'NONE', #636, #2793 ) ;
#165 = DIRECTION ( 'NONE',  ( -1.000000000000000000, 0.0000000000000000000, 0.0000000000000000000 ) ) ;
#166 = ADVANCED_FACE ( 'NONE', ( #3061 ), #3877, .T. ) ;
#167 = CARTESIAN_POINT ( 'NONE',  ( 1.366081255936127947, 1.948000000000000176, 0.2562088877582335278 ) ) ;
#168 = CARTESIAN_POINT ( 'NONE',  ( -0.2492132126738084985, 1.949999999999999956, 0.6116877290054670846 ) ) ;
#169 = CARTESIAN_POINT ( 'NONE',  ( 0.6250000000000003331, 1.947999999999999954, 0.7504682572583777356 ) ) ;
#170 = CARTESIAN_POINT ( 'NONE',  ( -0.2499999999999996392, 1.947999999999999954, 0.5930463822583778022 ) ) ;
#171 = EDGE_CURVE ( 'NONE', #2522, #1497, #1863, .T. ) ;
#172 = ORIENTED_EDGE ( 'NONE', *, *, #2832, .T. ) ;
#173 = CARTESIAN_POINT ( 'NONE',  ( 1.157291881579795012, 1.949999999999999956, 0.6849702510856381377 ) ) ;
#174 = CARTESIAN_POINT ( 'NONE',  ( -1.381640624999999734, 1.947999999999999954, 0.6949995072583777800 ) ) ;
#175 = PLANE ( 'NONE',  #2496 ) ;
#176 = MECHANICAL_DESIGN_GEOMETRIC_PRESENTATION_REPRESENTATION (  '', ( #4083 ), #3034 ) ;
#177 = MANIFOLD_SOLID_BREP ( '切除-拉伸4', #2181 ) ;
#178 = EDGE_LOOP ( 'NONE', ( #3377, #4448, #4046, #2073 ) ) ;
#179 = CARTESIAN_POINT ( 'NONE',  ( -0.1665622701661848282, 1.947999999999999732, 0.6753126451511561879 ) ) ;
#180 = ADVANCED_FACE ( 'NONE', ( #4382 ), #2351, .T. ) ;
#181 = CARTESIAN_POINT ( 'NONE',  ( 0.1516476220752981663, 1.947999999999999510, -0.9371349681412880495 ) ) ;
#182 = CARTESIAN_POINT ( 'NONE',  ( 1.371991470759382770, 1.948000000000000176, 0.4856109017844643660 ) ) ;
#183 = CARTESIAN_POINT ( 'NONE',  ( 1.157291881579795012, 1.947999999999999954, 0.6849702510856381377 ) ) ;
#184 = CARTESIAN_POINT ( 'NONE',  ( -0.5148437499999997113, 1.949999999999999956, 0.6754682572583776690 ) ) ;
#185 = DIRECTION ( 'NONE',  ( -0.0000000000000000000, -1.000000000000000000, -0.0000000000000000000 ) ) ;
#186 = CARTESIAN_POINT ( 'NONE',  ( -0.4254925946024945005, 1.948000000000000398, -0.9102718836452257101 ) ) ;
#187 = DIRECTION ( 'NONE',  ( 0.0000000000000000000, 0.0000000000000000000, 1.000000000000000000 ) ) ;
#188 = DIRECTION ( 'NONE',  ( -0.0000000000000000000, 1.000000000000000000, -0.0000000000000000000 ) ) ;
#189 = VECTOR ( 'NONE', #123, 1000.000000000000000 ) ;
#190 = ORIENTED_EDGE ( 'NONE', *, *, #649, .T. ) ;
#191 = AXIS2_PLACEMENT_3D ( 'NONE', #3720, #855, #4088 ) ;
#192 = VECTOR ( 'NONE', #2380, 1000.000000000000000 ) ;
#193 = ORIENTED_EDGE ( 'NONE', *, *, #2726, .T. ) ;
#194 = CIRCLE ( 'NONE', #384, 0.2000000000000000944 ) ;
#195 = CARTESIAN_POINT ( 'NONE',  ( 2.869999999999999218, 0.2469693845669906629, -1.249999999999999778 ) ) ;
#196 = VECTOR ( 'NONE', #3747, 1000.000000000000000 ) ;
#197 = DIRECTION ( 'NONE',  ( 0.0000000000000000000, 0.0000000000000000000, 1.000000000000000000 ) ) ;
#198 = VECTOR ( 'NONE', #2365, 1000.000000000000000 ) ;
#199 = CARTESIAN_POINT ( 'NONE',  ( 1.167314213240090215, 1.949999999999999956, 0.7153396826833348099 ) ) ;
#200 = CARTESIAN_POINT ( 'NONE',  ( 0.1868550157927814093, 1.949999999999999289, -1.035540923714931560 ) ) ;
#201 = CARTESIAN_POINT ( 'NONE',  ( 2.750000000000000888, 0.2000000000000000111, -1.500000000000000888 ) ) ;
#202 = EDGE_CURVE ( 'NONE', #1221, #3068, #1541, .T. ) ;
#203 = VECTOR ( 'NONE', #2118, 1000.000000000000000 ) ;
#204 = CARTESIAN_POINT ( 'NONE',  ( 1.162318373658507653, 1.949999999999999512, 0.4402851859161381332 ) ) ;
#205 = MECHANICAL_DESIGN_GEOMETRIC_PRESENTATION_REPRESENTATION (  '', ( #4355 ), #455 ) ;
#206 = CARTESIAN_POINT ( 'NONE',  ( 0.3127856165539683597, 1.949999999999999734, -0.7243682285711942059 ) ) ;
#207 = ADVANCED_FACE ( 'NONE', ( #4268 ), #1301, .T. ) ;
#208 = ORIENTED_EDGE ( 'NONE', *, *, #4598, .F. ) ;
#209 = VECTOR ( 'NONE', #130, 1000.000000000000000 ) ;
#210 = FACE_OUTER_BOUND ( 'NONE', #4167, .T. ) ;
#211 = ORIENTED_EDGE ( 'NONE', *, *, #2117, .T. ) ;
#212 = ORIENTED_EDGE ( 'NONE', *, *, #2616, .F. ) ;
#213 = AXIS2_PLACEMENT_3D ( 'NONE', #1091, #4249, #1012 ) ;
#214 = LINE ( 'NONE', #4085, #1996 ) ;
#215 = ORIENTED_EDGE ( 'NONE', *, *, #3415, .F. ) ;
#216 = LINE ( 'NONE', #4317, #4120 ) ;
#217 =( NAMED_UNIT ( * ) SI_UNIT ( $, .STERADIAN. ) SOLID_ANGLE_UNIT ( ) );
#218 = CARTESIAN_POINT ( 'NONE',  ( -0.5749999999999995115, 1.949999999999999956, -0.9745317427416221312 ) ) ;
#219 = EDGE_CURVE ( 'NONE', #2264, #661, #594, .T. ) ;
#220 = CARTESIAN_POINT ( 'NONE',  ( 2.869999999999999218, 0.7751668522645219772, -1.249999999999999778 ) ) ;
#221 = PLANE ( 'NONE',  #4184 ) ;
#222 = VERTEX_POINT ( 'NONE', #1243 ) ;
#223 = CARTESIAN_POINT ( 'NONE',  ( -2.649999999999999467, 1.949999999999999956, -2.399999999999999023 ) ) ;
#224 = CARTESIAN_POINT ( 'NONE',  ( 1.404772416843579341, 1.950000000000000400, -0.2940798723689540539 ) ) ;
#225 = EDGE_CURVE ( 'NONE', #2904, #1804, #2366, .T. ) ;
#226 = VERTEX_POINT ( 'NONE', #4370 ) ;
#227 = CARTESIAN_POINT ( 'NONE',  ( -0.03292754787075286710, 1.950000000000000400, -0.9742700699542301557 ) ) ;
#228 = EDGE_LOOP ( 'NONE', ( #2892, #3399, #673, #3181, #4109, #2234, #1801, #208, #2664, #2591, #1761, #2209, #1795, #3679, #3285, #3305, #2525 ) ) ;
#229 = CARTESIAN_POINT ( 'NONE',  ( -2.719999999999999307, 0.7751668522645219772, -1.249999999999996003 ) ) ;
#230 = CARTESIAN_POINT ( 'NONE',  ( -0.2497294461305188951, 1.949999999999999956, 0.5994566132405843017 ) ) ;
#231 = CARTESIAN_POINT ( 'NONE',  ( -1.224456719352574607, 1.950000000000000178, 0.5908455148654870870 ) ) ;
#232 = DIRECTION ( 'NONE',  ( 0.0000000000000000000, 0.0000000000000000000, -1.000000000000000000 ) ) ;
#233 = ADVANCED_FACE ( 'NONE', ( #2477 ), #4455, .T. ) ;
#234 = CARTESIAN_POINT ( 'NONE',  ( 0.1516476220752981663, 1.949999999999999512, -0.9371349681412880495 ) ) ;
#235 = AXIS2_PLACEMENT_3D ( 'NONE', #2772, #1343, #3828 ) ;
#236 = CARTESIAN_POINT ( 'NONE',  ( 0.3031025748671989373, 1.948000000000000398, -0.7598984619015767272 ) ) ;
#237 = EDGE_CURVE ( 'NONE', #4246, #1615, #2677, .T. ) ;
#238 = CARTESIAN_POINT ( 'NONE',  ( 0.1868550157927814093, 1.947999999999999066, -1.035540923714931560 ) ) ;
#239 = ORIENTED_EDGE ( 'NONE', *, *, #1118, .F. ) ;
#240 = CARTESIAN_POINT ( 'NONE',  ( -0.4293327398174165976, 1.949999999999999734, -0.9275160131556430265 ) ) ;
#241 = DIRECTION ( 'NONE',  ( -1.000000000000000000, 0.0000000000000000000, 0.0000000000000000000 ) ) ;
#242 = CARTESIAN_POINT ( 'NONE',  ( 0.9238281249999993339, 1.947999999999999954, -1.049531742741622198 ) ) ;
#243 = CARTESIAN_POINT ( 'NONE',  ( -1.969999999999998641, -0.09999999999999990841, -1.249999999999999556 ) ) ;
#244 = EDGE_CURVE ( 'NONE', #2376, #784, #2558, .T. ) ;
#245 = AXIS2_PLACEMENT_3D ( 'NONE', #2920, #781, #3272 ) ;
#246 = CARTESIAN_POINT ( 'NONE',  ( -0.02812499999999961212, 1.949999999999999956, -0.2245317427416221590 ) ) ;
#247 = CARTESIAN_POINT ( 'NONE',  ( -1.749999999999999112, 0.0000000000000000000, 1.500000000000000000 ) ) ;
#248 = EDGE_LOOP ( 'NONE', ( #2046, #3846, #4423, #897 ) ) ;
#249 = CARTESIAN_POINT ( 'NONE',  ( 0.4095710002299232655, 1.949999999999999734, -0.2989509158426672530 ) ) ;
#250 = CARTESIAN_POINT ( 'NONE',  ( -0.04843749999999965444, 1.947999999999999954, -0.9745317427416221312 ) ) ;
#251 = CIRCLE ( 'NONE', #3005, 0.1499999999999999667 ) ;
#252 = SURFACE_STYLE_FILL_AREA ( #3824 ) ;
#253 = ORIENTED_EDGE ( 'NONE', *, *, #2884, .F. ) ;
#254 = CARTESIAN_POINT ( 'NONE',  ( -0.4293327398174165976, 1.947999999999999732, -0.9275160131556430265 ) ) ;
#255 = CARTESIAN_POINT ( 'NONE',  ( -0.7699218749999995337, 1.947999999999999954, 0.2098432572583778244 ) ) ;
#256 = DIRECTION ( 'NONE',  ( 1.668003342285391304E-16, -6.505213034913019504E-15, -1.000000000000000000 ) ) ;
#257 = SURFACE_SIDE_STYLE ('',( #3767 ) ) ;
#258 = FACE_BOUND ( 'NONE', #3600, .T. ) ;
#259 = ADVANCED_FACE ( 'NONE', ( #786 ), #2436, .F. ) ;
#260 = VECTOR ( 'NONE', #1386, 1000.000000000000000 ) ;
#261 = CARTESIAN_POINT ( 'NONE',  ( 0.5250000000000003553, 1.950000000000000178, -0.6268754927416221312 ) ) ;
#262 = VERTEX_POINT ( 'NONE', #2462 ) ;
#263 = EDGE_CURVE ( 'NONE', #1837, #4628, #3407, .T. ) ;
#264 = CARTESIAN_POINT ( 'NONE',  ( -0.9891306249707456644, 1.949999999999999067, 0.6779525925650816687 ) ) ;
#265 = PRESENTATION_STYLE_ASSIGNMENT (( #1142 ) ) ;
#266 = ORIENTED_EDGE ( 'NONE', *, *, #3222, .T. ) ;
#267 = ORIENTED_EDGE ( 'NONE', *, *, #4216, .T. ) ;
#268 = EDGE_LOOP ( 'NONE', ( #340, #625, #1879, #1898 ) ) ;
#269 = CARTESIAN_POINT ( 'NONE',  ( 1.167314213240090215, 1.947999999999999954, 0.7153396826833348099 ) ) ;
#270 = VECTOR ( 'NONE', #4253, 1000.000000000000000 ) ;
#271 = CARTESIAN_POINT ( 'NONE',  ( 2.840729278764758892, 0.1579500538070878202, -1.249999999999999778 ) ) ;
#272 = EDGE_CURVE ( 'NONE', #4501, #1923, #4340, .T. ) ;
#273 = CARTESIAN_POINT ( 'NONE',  ( 1.364453124999999378, 1.949999999999999956, 0.3219526322583777800 ) ) ;
#274 = AXIS2_PLACEMENT_3D ( 'NONE', #84, #3019, #3699 ) ;
#275 = VECTOR ( 'NONE', #3695, 1000.000000000000000 ) ;
#276 = ORIENTED_EDGE ( 'NONE', *, *, #1219, .T. ) ;
#277 = ORIENTED_EDGE ( 'NONE', *, *, #4533, .T. ) ;
#278 = ORIENTED_EDGE ( 'NONE', *, *, #1807, .T. ) ;
#279 = ORIENTED_EDGE ( 'NONE', *, *, #484, .T. ) ;
#280 = LINE ( 'NONE', #3070, #3940 ) ;
#281 = CARTESIAN_POINT ( 'NONE',  ( 2.869999999999998774, 0.7751668522645223103, 1.250000000000000444 ) ) ;
#282 = CARTESIAN_POINT ( 'NONE',  ( 0.5323359256960067398, 1.949999999999999512, 0.6732254597942600727 ) ) ;
#283 = CARTESIAN_POINT ( 'NONE',  ( 1.371991470759382770, 1.950000000000000178, 0.4856109017844643660 ) ) ;
#284 = PRESENTATION_LAYER_ASSIGNMENT (  '', '', ( #41 ) ) ;
#285 = DIRECTION ( 'NONE',  ( -1.000000000000000000, 0.0000000000000000000, 0.0000000000000000000 ) ) ;
#286 = ORIENTED_EDGE ( 'NONE', *, *, #4213, .T. ) ;
#287 = ORIENTED_EDGE ( 'NONE', *, *, #1195, .F. ) ;
#288 = ORIENTED_EDGE ( 'NONE', *, *, #3084, .T. ) ;
#289 = CARTESIAN_POINT ( 'NONE',  ( -3.069999999999999396, 1.050000000000000266, 1.250000000000001554 ) ) ;
#290 = FACE_OUTER_BOUND ( 'NONE', #3709, .T. ) ;
#291 = CARTESIAN_POINT ( 'NONE',  ( 0.2483841730867371034, 1.947999999999864729, -0.3411250462203216927 ) ) ;
#292 = AXIS2_PLACEMENT_3D ( 'NONE', #1547, #4026, #1897 ) ;
#293 = ORIENTED_EDGE ( 'NONE', *, *, #4146, .F. ) ;
#294 = CARTESIAN_POINT ( 'NONE',  ( 0.4746657881453365535, 1.947999999999999510, -0.8496761329339874713 ) ) ;
#295 = DIRECTION ( 'NONE',  ( 0.0000000000000000000, -1.000000000000000000, 0.0000000000000000000 ) ) ;
#296 = DIRECTION ( 'NONE',  ( -0.0000000000000000000, 1.000000000000000000, -0.0000000000000000000 ) ) ;
#297 = CARTESIAN_POINT ( 'NONE',  ( 1.367183267218595288, 1.947999999999999732, 0.4076451596290783796 ) ) ;
#298 = DIRECTION ( 'NONE',  ( -1.668003342285391304E-16, 6.505213034913019504E-15, 1.000000000000000000 ) ) ;
#299 = CARTESIAN_POINT ( 'NONE',  ( -0.7699218749999995337, 1.947999999999999954, 0.2098432572583778244 ) ) ;
#300 = ORIENTED_EDGE ( 'NONE', *, *, #1111, .F. ) ;
#301 = EDGE_CURVE ( 'NONE', #1777, #2780, #555, .T. ) ;
#302 = ORIENTED_EDGE ( 'NONE', *, *, #1284, .F. ) ;
#303 = CARTESIAN_POINT ( 'NONE',  ( -0.2445366777552573090, 1.947999999999999954, 0.6288166544124502710 ) ) ;
#304 = LINE ( 'NONE', #2062, #2072 ) ;
#305 = VERTEX_POINT ( 'NONE', #882 ) ;
#306 = EDGE_CURVE ( 'NONE', #3721, #3938, #1379, .T. ) ;
#307 = VERTEX_POINT ( 'NONE', #3094 ) ;
#308 = CARTESIAN_POINT ( 'NONE',  ( 1.351707062961348349, 1.947999999999999732, 0.7438124522337086209 ) ) ;
#309 = B_SPLINE_CURVE_WITH_KNOTS ( 'NONE', 3,
 ( #3280, #2928, #2533, #683, #344, #311, #282, #47, #3493 ),
 .UNSPECIFIED., .F., .F.,
 ( 4, 1, 1, 1, 1, 1, 4 ),
 ( 0.0000000000000000000, 0.1622740009151285578, 0.3073003050539820924, 0.4366585655038450753, 0.5550128254279764750, 0.7747839085758535527, 1.000000000000000000 ),
 .UNSPECIFIED. ) ;
#310 = VECTOR ( 'NONE', #1792, 1000.000000000000000 ) ;
#311 = CARTESIAN_POINT ( 'NONE',  ( 0.5086173604937543891, 1.949999999999999956, 0.6632092074503195267 ) ) ;
#312 = CARTESIAN_POINT ( 'NONE',  ( 0.1457031250000003497, 1.950000000000000400, -0.1620317427416222422 ) ) ;
#313 = CARTESIAN_POINT ( 'NONE',  ( 1.374999999999999334, 1.949999999999999956, 0.6278120072583777134 ) ) ;
#314 = FACE_OUTER_BOUND ( 'NONE', #3351, .T. ) ;
#315 = CARTESIAN_POINT ( 'NONE',  ( -1.054687499999999556, 1.949999999999999956, -1.066328617741622020 ) ) ;
#316 = VECTOR ( 'NONE', #2695, 1000.000000000000000 ) ;
#317 = LINE ( 'NONE', #2326, #4099 ) ;
#318 = DIRECTION ( 'NONE',  ( -1.000000000000000000, -8.680573667610716020E-34, -1.734723475976806848E-16 ) ) ;
#319 = ORIENTED_EDGE ( 'NONE', *, *, #929, .T. ) ;
#320 = VECTOR ( 'NONE', #2603, 1000.000000000000000 ) ;
#321 = STYLED_ITEM ( 'NONE', ( #145 ), #2697 ) ;
#322 = CARTESIAN_POINT ( 'NONE',  ( 1.364988705153460824, 1.947999999999999510, 0.3003259657617208811 ) ) ;
#323 = UNCERTAINTY_MEASURE_WITH_UNIT (LENGTH_MEASURE( 1.000000000000000082E-05 ), #2504, 'distance_accuracy_value', 'NONE');
#324 = LINE ( 'NONE', #1427, #1875 ) ;
#325 = EDGE_CURVE ( 'NONE', #4372, #3607, #2321, .T. ) ;
#326 = ORIENTED_EDGE ( 'NONE', *, *, #237, .F. ) ;
#327 = ORIENTED_EDGE ( 'NONE', *, *, #1887, .F. ) ;
#328 = VECTOR ( 'NONE', #3359, 1000.000000000000000 ) ;
#329 = ORIENTED_EDGE ( 'NONE', *, *, #1771, .T. ) ;
#330 = ORIENTED_EDGE ( 'NONE', *, *, #2403, .F. ) ;
#331 = CARTESIAN_POINT ( 'NONE',  ( -1.223437499999999512, 1.947999999999999954, -0.8026567427416222422 ) ) ;
#332 = ORIENTED_EDGE ( 'NONE', *, *, #2161, .F. ) ;
#333 = VECTOR ( 'NONE', #1798, 1000.000000000000000 ) ;
#334 = DIRECTION ( 'NONE',  ( 0.0000000000000000000, 0.0000000000000000000, -1.000000000000000000 ) ) ;
#335 = EDGE_CURVE ( 'NONE', #3654, #3196, #4114, .T. ) ;
#336 = CARTESIAN_POINT ( 'NONE',  ( -0.7699218749999995337, 1.947999999999999954, 0.2098432572583778244 ) ) ;
#337 = SURFACE_STYLE_USAGE ( .BOTH. , #2456 ) ;
#338 = VERTEX_POINT ( 'NONE', #2979 ) ;
#339 = CARTESIAN_POINT ( 'NONE',  ( 1.374999999999999334, 1.947999999999999954, 0.6278120072583777134 ) ) ;
#340 = ORIENTED_EDGE ( 'NONE', *, *, #2345, .F. ) ;
#341 = CARTESIAN_POINT ( 'NONE',  ( 3.069999999999999396, 0.9000000000000003553, 3.669607353027861066E-17 ) ) ;
#342 = VECTOR ( 'NONE', #2641, 1000.000000000000000 ) ;
#343 = B_SPLINE_CURVE_WITH_KNOTS ( 'NONE', 3,
 ( #392, #751, #3249, #1114, #3596, #1462, #3945, #1808, #4309, #2168, #49, #2536, #407, #2916, #772, #3264, #1126, #3618, #1482, #3961, #1831, #4327, #2182, #61, #2561, #423, #2931 ),
 .UNSPECIFIED., .F., .F.,
 ( 4, 1, 1, 1, 1, 1, 1, 1, 1, 1, 1, 1, 1, 1, 1, 1, 1, 1, 1, 1, 1, 1, 1, 1, 4 ),
 ( 0.0000000000000000000, 0.03198208890138004579, 0.06571796350189502978, 0.1015530993077051192, 0.1395274057539031831, 0.1794536373020645392, 0.2216643890048783649, 0.2660864516751129116, 0.3126390547612246662, 0.3376467007691965061, 0.3651653477496336619, 0.3946756132003296225, 0.4268117770931200150, 0.4612761527804314365, 0.4982983313451385121, 0.5375658218603243110, 0.5792837170249431900, 0.6233584822010317383, 0.6697949062899549721, 0.7188114718455943519, 0.7701964251426741681, 0.8238415437232042837, 0.8801843867223698714, 0.9389031508596793474, 1.000000000000000000 ),
 .UNSPECIFIED. ) ;
#344 = CARTESIAN_POINT ( 'NONE',  ( 0.4913262500328551274, 1.950000000000000400, 0.6510613239260714113 ) ) ;
#345 = ORIENTED_EDGE ( 'NONE', *, *, #4538, .T. ) ;
#346 = CARTESIAN_POINT ( 'NONE',  ( 0.9238281249999993339, 1.949999999999999956, -1.049531742741622198 ) ) ;
#347 = EDGE_CURVE ( 'NONE', #4560, #1746, #4229, .T. ) ;
#348 = MECHANICAL_DESIGN_GEOMETRIC_PRESENTATION_REPRESENTATION (  '', ( #3788 ), #596 ) ;
#349 = AXIS2_PLACEMENT_3D ( 'NONE', #98, #2594, #464 ) ;
#350 = EDGE_CURVE ( 'NONE', #1718, #1429, #1121, .T. ) ;
#351 = CARTESIAN_POINT ( 'NONE',  ( 1.149999999999999245, 1.947999999999999954, 0.6059370072583776246 ) ) ;
#352 = AXIS2_PLACEMENT_3D ( 'NONE', #922, #578, #568 ) ;
#353 = CARTESIAN_POINT ( 'NONE',  ( 0.1824042497456870582, 1.950000000000000178, -0.9201931255309714341 ) ) ;
#354 = ORIENTED_EDGE ( 'NONE', *, *, #509, .T. ) ;
#355 = DIRECTION ( 'NONE',  ( 1.000000000000000000, 0.0000000000000000000, 0.0000000000000000000 ) ) ;
#356 = CARTESIAN_POINT ( 'NONE',  ( 0.1984596211771343377, 1.949999999999999734, -0.2950683117660161114 ) ) ;
#357 = CARTESIAN_POINT ( 'NONE',  ( -1.054687499999999556, 1.947999999999999954, 0.2098432572583778244 ) ) ;
#358 = DIRECTION ( 'NONE',  ( -1.445602896647339163E-16, 0.0000000000000000000, -1.000000000000000000 ) ) ;
#359 = LINE ( 'NONE', #1251, #4032 ) ;
#360 = LINE ( 'NONE', #3262, #3208 ) ;
#361 = EDGE_LOOP ( 'NONE', ( #859, #950, #972, #193 ) ) ;
#362 = CARTESIAN_POINT ( 'NONE',  ( 1.167314213240090215, 1.947999999999999954, 0.7153396826833348099 ) ) ;
#363 = CARTESIAN_POINT ( 'NONE',  ( 1.874999999999999334, 1.947999999999999954, -1.049531742741622198 ) ) ;
#364 = CARTESIAN_POINT ( 'NONE',  ( 0.5625000000000003331, 1.947999999999999954, 0.6754682572583776690 ) ) ;
#365 = CARTESIAN_POINT ( 'NONE',  ( 0.5238689536917116030, 1.948000000000000620, -0.5764784424082818326 ) ) ;
#366 = FACE_OUTER_BOUND ( 'NONE', #4400, .T. ) ;
#367 = CARTESIAN_POINT ( 'NONE',  ( -1.310422909595030383, 1.947999999999999732, 0.6886660644199400494 ) ) ;
#368 = LINE ( 'NONE', #3520, #3219 ) ;
#369 = CARTESIAN_POINT ( 'NONE',  ( 1.162318373658507653, 1.947999999999999510, 0.4402851859161381332 ) ) ;
#370 = AXIS2_PLACEMENT_3D ( 'NONE', #424, #1137, #3630 ) ;
#371 = CARTESIAN_POINT ( 'NONE',  ( 1.157291881579795012, 1.947999999999999954, 0.6849702510856381377 ) ) ;
#372 = DIRECTION ( 'NONE',  ( -1.000000000000000000, -0.0000000000000000000, -0.0000000000000000000 ) ) ;
#373 = ORIENTED_EDGE ( 'NONE', *, *, #1132, .T. ) ;
#374 = VERTEX_POINT ( 'NONE', #3987 ) ;
#375 = ORIENTED_EDGE ( 'NONE', *, *, #2616, .T. ) ;
#376 = FACE_OUTER_BOUND ( 'NONE', #3269, .T. ) ;
#377 = CARTESIAN_POINT ( 'NONE',  ( -1.223437499999999512, 1.947999999999999954, 0.2098432572583778244 ) ) ;
#378 = DIRECTION ( 'NONE',  ( -0.0000000000000000000, 1.000000000000000000, -0.0000000000000000000 ) ) ;
#379 = CARTESIAN_POINT ( 'NONE',  ( -0.04843749999999965444, 1.949999999999999956, -0.9745317427416221312 ) ) ;
#380 = CARTESIAN_POINT ( 'NONE',  ( 0.2177130563399392871, 1.947999999999999510, -0.1778897643601864142 ) ) ;
#381 = FACE_OUTER_BOUND ( 'NONE', #1974, .T. ) ;
#382 = EDGE_LOOP ( 'NONE', ( #1881, #2319, #1695, #1762, #2430, #4351, #4312, #3177, #1297, #2078, #3871, #1709, #1647, #835, #1275, #1087 ) ) ;
#383 = ORIENTED_EDGE ( 'NONE', *, *, #3895, .F. ) ;
#384 = AXIS2_PLACEMENT_3D ( 'NONE', #71, #2573, #444 ) ;
#385 = ORIENTED_EDGE ( 'NONE', *, *, #20, .T. ) ;
#386 = VECTOR ( 'NONE', #4438, 1000.000000000000000 ) ;
#387 = CARTESIAN_POINT ( 'NONE',  ( 1.252186412671138838, 1.949999999999999956, 0.06747039967109462466 ) ) ;
#388 = CARTESIAN_POINT ( 'NONE',  ( 0.3246938137983297890, 1.947999999999999510, -0.6188145420693685894 ) ) ;
#389 = DIRECTION ( 'NONE',  ( -1.000000000000000000, 0.0000000000000000000, 0.0000000000000000000 ) ) ;
#390 = DIRECTION ( 'NONE',  ( 0.0000000000000000000, 0.0000000000000000000, -1.000000000000000000 ) ) ;
#391 = EDGE_CURVE ( 'NONE', #3014, #2990, #1277, .T. ) ;
#392 = CARTESIAN_POINT ( 'NONE',  ( 1.149999999999999245, 1.947999999999999954, 0.6059370072583776246 ) ) ;
#393 = CARTESIAN_POINT ( 'NONE',  ( 0.5625000000000003331, 1.947999999999999954, 0.6754682572583776690 ) ) ;
#394 = CARTESIAN_POINT ( 'NONE',  ( 1.182675714726960203, 1.950000000000000178, 0.7384121129900388381 ) ) ;
#395 = DIRECTION ( 'NONE',  ( 0.0000000000000000000, 0.0000000000000000000, 1.000000000000000000 ) ) ;
#396 = CARTESIAN_POINT ( 'NONE',  ( -0.9302992688513845865, 1.947999999999999732, 0.6939538153691456879 ) ) ;
#397 = EDGE_CURVE ( 'NONE', #2012, #609, #3075, .T. ) ;
#398 = VERTEX_POINT ( 'NONE', #1133 ) ;
#399 = ORIENTED_EDGE ( 'NONE', *, *, #171, .F. ) ;
#400 = VECTOR ( 'NONE', #241, 1000.000000000000000 ) ;
#401 = CARTESIAN_POINT ( 'NONE',  ( 1.404772416843579341, 1.948000000000000398, -0.2940798723689540539 ) ) ;
#402 = B_SPLINE_CURVE_WITH_KNOTS ( 'NONE', 3,
 ( #2198, #1847, #72, #2574, #445, #2946, #4341, #3206, #4514, #744, #1182 ),
 .UNSPECIFIED., .F., .F.,
 ( 4, 1, 1, 1, 1, 1, 1, 1, 4 ),
 ( 0.0000000000000000000, 0.1383423290481983203, 0.2654979164518357915, 0.3879771727397753334, 0.5059987341909433223, 0.6195974035525063650, 0.7356512356941810049, 0.8614569045347086895, 0.9999999999999998890 ),
 .UNSPECIFIED. ) ;
#403 = CARTESIAN_POINT ( 'NONE',  ( -0.1593749999999996836, 1.949999999999999956, -0.9745317427416221312 ) ) ;
#404 = CARTESIAN_POINT ( 'NONE',  ( -0.03292754787075286710, 1.948000000000000398, -0.9742700699542301557 ) ) ;
#405 = DIRECTION ( 'NONE',  ( -0.0000000000000000000, 1.000000000000000000, -0.0000000000000000000 ) ) ;
#406 = ORIENTED_EDGE ( 'NONE', *, *, #3426, .F. ) ;
#407 = CARTESIAN_POINT ( 'NONE',  ( 1.283868122263189138, 1.947999999999999066, -0.01970096054249076759 ) ) ;
#408 = PLANE ( 'NONE',  #4281 ) ;
#409 = CARTESIAN_POINT ( 'NONE',  ( 1.182675714726960203, 1.948000000000000176, 0.7384121129900388381 ) ) ;
#410 = CARTESIAN_POINT ( 'NONE',  ( 0.4615004472511460287, 1.950000000000000844, 0.6097240041586983184 ) ) ;
#411 = CARTESIAN_POINT ( 'NONE',  ( 2.850000000000000533, 0.0000000000000000000, -2.599999999999999201 ) ) ;
#412 = CARTESIAN_POINT ( 'NONE',  ( -2.840729278764758892, 0.1579500538070878202, -1.249999999999991784 ) ) ;
#413 = EDGE_CURVE ( 'NONE', #1941, #4230, #2097, .T. ) ;
#414 = ORIENTED_EDGE ( 'NONE', *, *, #947, .T. ) ;
#415 = CARTESIAN_POINT ( 'NONE',  ( 0.5250000000000003553, 1.948000000000000176, -0.6268754927416221312 ) ) ;
#416 = LINE ( 'NONE', #2050, #4087 ) ;
#417 = EDGE_LOOP ( 'NONE', ( #2153, #4510, #785, #3532 ) ) ;
#418 = CARTESIAN_POINT ( 'NONE',  ( 1.627109010204786488, 1.949999999999999956, -0.7296056350783982625 ) ) ;
#419 = CARTESIAN_POINT ( 'NONE',  ( 1.192187499999999289, 1.949999999999999956, -0.8995317427416221756 ) ) ;
#420 = DIRECTION ( 'NONE',  ( -0.0000000000000000000, 1.000000000000000000, -0.0000000000000000000 ) ) ;
#421 = ORIENTED_EDGE ( 'NONE', *, *, #909, .T. ) ;
#422 = CARTESIAN_POINT ( 'NONE',  ( 0.5182840385684822637, 1.950000000000000178, -0.5278858411192557387 ) ) ;
#423 = CARTESIAN_POINT ( 'NONE',  ( 1.703608276568245206, 1.948000000000000176, -0.8705157094203244128 ) ) ;
#424 = CARTESIAN_POINT ( 'NONE',  ( -1.930078124999999423, 1.947999999999999954, 0.1571088822583777689 ) ) ;
#425 = CARTESIAN_POINT ( 'NONE',  ( 1.364988705153460824, 1.949999999999999512, 0.3003259657617208811 ) ) ;
#426 = FACE_OUTER_BOUND ( 'NONE', #3021, .T. ) ;
#427 = CARTESIAN_POINT ( 'NONE',  ( 1.201101049007265775, 1.949999999999999734, 0.7553772532575272480 ) ) ;
#428 = CARTESIAN_POINT ( 'NONE',  ( 0.5625000000000003331, 1.947999999999999954, 0.6754682572583776690 ) ) ;
#429 = VECTOR ( 'NONE', #3250, 1000.000000000000000 ) ;
#430 = CARTESIAN_POINT ( 'NONE',  ( -0.8015624999999995115, 1.947999999999999954, 0.6949995072583777800 ) ) ;
#431 = LINE ( 'NONE', #1630, #1152 ) ;
#432 = VERTEX_POINT ( 'NONE', #3736 ) ;
#433 = ORIENTED_EDGE ( 'NONE', *, *, #720, .F. ) ;
#434 = FACE_OUTER_BOUND ( 'NONE', #743, .T. ) ;
#435 = DIRECTION ( 'NONE',  ( -0.0000000000000000000, 0.0000000000000000000, 1.000000000000000000 ) ) ;
#436 = AXIS2_PLACEMENT_3D ( 'NONE', #2856, #2716, #2685 ) ;
#437 = VECTOR ( 'NONE', #1342, 1000.000000000000000 ) ;
#438 = CARTESIAN_POINT ( 'NONE',  ( 0.9121093749999994449, 1.947999999999999954, -0.5995317427416220202 ) ) ;
#439 = VERTEX_POINT ( 'NONE', #4386 ) ;
#440 = ORIENTED_EDGE ( 'NONE', *, *, #2227, .T. ) ;
#441 = CARTESIAN_POINT ( 'NONE',  ( 1.221802725451320848, 1.948000000000000620, 0.7665576661085372612 ) ) ;
#442 = VECTOR ( 'NONE', #3183, 1000.000000000000000 ) ;
#443 = ORIENTED_EDGE ( 'NONE', *, *, #60, .F. ) ;
#444 = DIRECTION ( 'NONE',  ( 0.0000000000000000000, 0.0000000000000000000, 1.000000000000000000 ) ) ;
#445 = CARTESIAN_POINT ( 'NONE',  ( -0.2113631532733617202, 1.948000000000000620, -0.9633283048749483601 ) ) ;
#446 = CARTESIAN_POINT ( 'NONE',  ( -4.340286833805369471E-33, -0.09999999999999974187, 1.301042606982602085E-17 ) ) ;
#447 = VECTOR ( 'NONE', #3560, 1000.000000000000000 ) ;
#448 = EDGE_CURVE ( 'NONE', #1539, #2904, #214, .T. ) ;
#449 = CARTESIAN_POINT ( 'NONE',  ( 1.276728597782917252, 1.948000000000000176, 0.7751598998074732405 ) ) ;
#450 = APPLICATION_PROTOCOL_DEFINITION ( 'draft international standard', 'automotive_design', 1998, #2579 ) ;
#451 = CARTESIAN_POINT ( 'NONE',  ( 0.3599253582375005478, 1.948000000000000398, -0.9695633288227186730 ) ) ;
#452 = FILL_AREA_STYLE_COLOUR ( '', #2737 ) ;
#453 = ADVANCED_FACE ( 'NONE', ( #103 ), #834, .T. ) ;
#454 = EDGE_CURVE ( 'NONE', #3719, #1609, #2840, .T. ) ;
#455 =( GEOMETRIC_REPRESENTATION_CONTEXT ( 3 ) GLOBAL_UNCERTAINTY_ASSIGNED_CONTEXT ( ( #3159 ) ) GLOBAL_UNIT_ASSIGNED_CONTEXT ( ( #5, #25, #4266 ) ) REPRESENTATION_CONTEXT ( 'NONE', 'WORKASPACE' ) );
#456 = CARTESIAN_POINT ( 'NONE',  ( -1.260004235965367592, 1.949999999999999512, 0.6645098911116238405 ) ) ;
#457 = CARTESIAN_POINT ( 'NONE',  ( 0.9767260809922075904, 1.948000000000000620, -0.7814292547346355366 ) ) ;
#458 = CARTESIAN_POINT ( 'NONE',  ( 0.02226562500000036499, 1.949999999999999956, -1.049531742741622198 ) ) ;
#459 = ORIENTED_EDGE ( 'NONE', *, *, #3673, .F. ) ;
#460 = CARTESIAN_POINT ( 'NONE',  ( -1.749999999999999556, 0.1000000000000000056, -1.499999999999999778 ) ) ;
#461 = DIRECTION ( 'NONE',  ( 1.000000000000000000, 0.0000000000000000000, -1.668003342285391551E-16 ) ) ;
#462 = CARTESIAN_POINT ( 'NONE',  ( 3.069999999999999396, 0.05000000000000040523, 1.250000000000000444 ) ) ;
#463 = EDGE_CURVE ( 'NONE', #4452, #1024, #2213, .T. ) ;
#464 = DIRECTION ( 'NONE',  ( 0.0000000000000000000, 0.0000000000000000000, 1.000000000000000000 ) ) ;
#465 = CARTESIAN_POINT ( 'NONE',  ( 0.1984596211771343377, 1.949999999999999734, -0.2950683117660161114 ) ) ;
#466 = CARTESIAN_POINT ( 'NONE',  ( 0.3944059719859957513, 1.949999999999999734, -0.9443987821507850988 ) ) ;
#467 = ORIENTED_EDGE ( 'NONE', *, *, #2438, .T. ) ;
#468 = EDGE_CURVE ( 'NONE', #1497, #1024, #1055, .T. ) ;
#469 = CARTESIAN_POINT ( 'NONE',  ( -1.497656249999999467, 1.949999999999999956, 0.6949995072583777800 ) ) ;
#470 = ADVANCED_FACE ( 'NONE', ( #3668 ), #4274, .F. ) ;
#471 = SURFACE_STYLE_USAGE ( .BOTH. , #2604 ) ;
#472 = DIRECTION ( 'NONE',  ( -0.0000000000000000000, -1.301042606982605321E-16, -1.000000000000000000 ) ) ;
#473 = VERTEX_POINT ( 'NONE', #927 ) ;
#474 = CARTESIAN_POINT ( 'NONE',  ( 1.201101049007265775, 1.947999999999999732, 0.7553772532575272480 ) ) ;
#475 = DIRECTION ( 'NONE',  ( 0.0000000000000000000, 0.0000000000000000000, -1.000000000000000000 ) ) ;
#476 = CARTESIAN_POINT ( 'NONE',  ( -0.4249999999999996003, 1.947999999999999954, 0.5922651322583777356 ) ) ;
#477 = VECTOR ( 'NONE', #659, 999.9999999999998863 ) ;
#478 = VECTOR ( 'NONE', #1663, 1000.000000000000000 ) ;
#479 = CARTESIAN_POINT ( 'NONE',  ( -1.231643621716443038, 1.947999999999999510, 0.6203590224397093067 ) ) ;
#480 = ORIENTED_EDGE ( 'NONE', *, *, #2855, .F. ) ;
#481 = FACE_OUTER_BOUND ( 'NONE', #1759, .T. ) ;
#482 = CARTESIAN_POINT ( 'NONE',  ( 2.919999999999999485, 0.05000000000000040523, 1.250000000000001554 ) ) ;
#483 = COLOUR_RGB ( '',0.3098039215686274606, 0.3098039215686274606, 0.3098039215686274606 ) ;
#484 = EDGE_CURVE ( 'NONE', #4240, #2638, #608, .T. ) ;
#485 =( GEOMETRIC_REPRESENTATION_CONTEXT ( 3 ) GLOBAL_UNCERTAINTY_ASSIGNED_CONTEXT ( ( #2868 ) ) GLOBAL_UNIT_ASSIGNED_CONTEXT ( ( #1835, #4335, #2189 ) ) REPRESENTATION_CONTEXT ( 'NONE', 'WORKASPACE' ) );
#486 = CARTESIAN_POINT ( 'NONE',  ( 0.3116948610704900480, 1.947999999999999510, -0.4731999283991038530 ) ) ;
#487 = VECTOR ( 'NONE', #2409, 1000.000000000000000 ) ;
#488 = CARTESIAN_POINT ( 'NONE',  ( 0.2900816416178475521, 1.947999999999999510, -0.7928036084011842455 ) ) ;
#489 = CARTESIAN_POINT ( 'NONE',  ( -0.2499999999999996392, 1.947999999999999954, -0.1495317427416221756 ) ) ;
#490 = CARTESIAN_POINT ( 'NONE',  ( 1.221802725451320848, 1.950000000000000622, 0.7665576661085372612 ) ) ;
#491 = DIRECTION ( 'NONE',  ( -1.734723475976806848E-16, 5.791690356211658041E-51, -1.000000000000000000 ) ) ;
#492 = CARTESIAN_POINT ( 'NONE',  ( -1.223437499999999512, 1.949999999999999956, 0.2098432572583778244 ) ) ;
#493 = EDGE_LOOP ( 'NONE', ( #2322, #1940, #2795, #3793 ) ) ;
#494 = ORIENTED_EDGE ( 'NONE', *, *, #1263, .T. ) ;
#495 = ADVANCED_FACE ( 'NONE', ( #3346 ), #1107, .T. ) ;
#496 = LINE ( 'NONE', #4410, #4277 ) ;
#497 = ORIENTED_EDGE ( 'NONE', *, *, #454, .F. ) ;
#498 = VECTOR ( 'NONE', #2108, 1000.000000000000000 ) ;
#499 = LINE ( 'NONE', #82, #2269 ) ;
#500 = VERTEX_POINT ( 'NONE', #1306 ) ;
#501 = VERTEX_POINT ( 'NONE', #4600 ) ;
#502 = LINE ( 'NONE', #4470, #1229 ) ;
#503 = CARTESIAN_POINT ( 'NONE',  ( 1.874999999999999334, 1.949999999999999956, -0.9757036177416220646 ) ) ;
#504 = EDGE_CURVE ( 'NONE', #3210, #3366, #4168, .T. ) ;
#505 = CARTESIAN_POINT ( 'NONE',  ( 1.221802725451320848, 1.948000000000000620, 0.7665576661085372612 ) ) ;
#506 = CARTESIAN_POINT ( 'NONE',  ( 2.919999999999999485, 1.050000000000000266, 1.250000000000001554 ) ) ;
#507 = CARTESIAN_POINT ( 'NONE',  ( 1.470687433733664617, 1.947999999999999732, -0.1912049795584070400 ) ) ;
#508 = AXIS2_PLACEMENT_3D ( 'NONE', #2470, #3553, #1409 ) ;
#509 = EDGE_CURVE ( 'NONE', #2053, #1609, #496, .T. ) ;
#510 = AXIS2_PLACEMENT_3D ( 'NONE', #2367, #3092, #4135 ) ;
#511 = ORIENTED_EDGE ( 'NONE', *, *, #1263, .F. ) ;
#512 = LINE ( 'NONE', #2018, #2170 ) ;
#513 = ADVANCED_FACE ( 'NONE', ( #3336 ), #3901, .T. ) ;
#514 = CARTESIAN_POINT ( 'NONE',  ( 2.749999999999999556, 0.1000000000000001027, -1.249999999999999556 ) ) ;
#515 = DIRECTION ( 'NONE',  ( -0.8448190755542285268, 0.0000000000000000000, -0.5350520811843447744 ) ) ;
#516 = FILL_AREA_STYLE ('',( #3708 ) ) ;
#517 = ORIENTED_EDGE ( 'NONE', *, *, #4182, .F. ) ;
#518 = DIRECTION ( 'NONE',  ( 1.000000000000000000, -1.482293002013899946E-13, 0.0000000000000000000 ) ) ;
#519 = CARTESIAN_POINT ( 'NONE',  ( -0.03164062499999965861, 1.947999999999999954, -0.1495317427416221756 ) ) ;
#520 = MECHANICAL_DESIGN_GEOMETRIC_PRESENTATION_REPRESENTATION (  '', ( #41 ), #766 ) ;
#521 = VERTEX_POINT ( 'NONE', #3026 ) ;
#522 = CARTESIAN_POINT ( 'NONE',  ( -0.2445366777552573090, 1.949999999999999956, 0.6288166544124502710 ) ) ;
#523 = LINE ( 'NONE', #3694, #4204 ) ;
#524 = LINE ( 'NONE', #2943, #4205 ) ;
#525 = PLANE ( 'NONE',  #436 ) ;
#526 = VERTEX_POINT ( 'NONE', #3233 ) ;
#527 = CARTESIAN_POINT ( 'NONE',  ( 1.969999999999998641, 0.1000000000000000056, 1.250000000000000444 ) ) ;
#528 = CARTESIAN_POINT ( 'NONE',  ( 1.243991272791726166, 1.949999999999999289, 0.7743127247134062863 ) ) ;
#529 = COLOUR_RGB ( '',0.3098039215686274606, 0.3098039215686274606, 0.3098039215686274606 ) ;
#530 = AXIS2_PLACEMENT_3D ( 'NONE', #446, #2606, #472 ) ;
#531 = CARTESIAN_POINT ( 'NONE',  ( -2.849999999999998757, 0.0000000000000000000, 2.600000000000000533 ) ) ;
#532 = SURFACE_SIDE_STYLE ('',( #1854 ) ) ;
#533 = VERTEX_POINT ( 'NONE', #1394 ) ;
#534 = DIRECTION ( 'NONE',  ( -1.000000000000000000, 0.0000000000000000000, 0.0000000000000000000 ) ) ;
#535 = CARTESIAN_POINT ( 'NONE',  ( -0.4254925946024945005, 1.950000000000000400, -0.9102718836452257101 ) ) ;
#536 = ADVANCED_FACE ( 'NONE', ( #998 ), #4496, .T. ) ;
#537 = LINE ( 'NONE', #3597, #3163 ) ;
#538 = AXIS2_PLACEMENT_3D ( 'NONE', #1178, #1158, #1141 ) ;
#539 = ORIENTED_EDGE ( 'NONE', *, *, #1559, .F. ) ;
#540 = FACE_OUTER_BOUND ( 'NONE', #3331, .T. ) ;
#541 = CARTESIAN_POINT ( 'NONE',  ( -1.223793444245258266, 1.949999999999999734, 0.5693992139488633919 ) ) ;
#542 = CARTESIAN_POINT ( 'NONE',  ( -0.1601562499999996114, 1.947999999999999954, 0.6754682572583776690 ) ) ;
#543 = ORIENTED_EDGE ( 'NONE', *, *, #839, .T. ) ;
#544 = ORIENTED_EDGE ( 'NONE', *, *, #1925, .T. ) ;
#545 = ORIENTED_EDGE ( 'NONE', *, *, #2874, .F. ) ;
#546 = LINE ( 'NONE', #3634, #3402 ) ;
#547 = CARTESIAN_POINT ( 'NONE',  ( 1.374646174452346159, 1.947999999999999732, 0.5778114811187434752 ) ) ;
#548 = EDGE_CURVE ( 'NONE', #930, #609, #1827, .T. ) ;
#549 = VECTOR ( 'NONE', #629, 1000.000000000000000 ) ;
#550 = ORIENTED_EDGE ( 'NONE', *, *, #4298, .F. ) ;
#551 = ORIENTED_EDGE ( 'NONE', *, *, #2117, .F. ) ;
#552 = CARTESIAN_POINT ( 'NONE',  ( 1.243991272791726166, 1.947999999999999288, 0.7743127247134062863 ) ) ;
#553 = CARTESIAN_POINT ( 'NONE',  ( -0.7699218749999995337, 1.949999999999999956, 0.2098432572583778244 ) ) ;
#554 = CARTESIAN_POINT ( 'NONE',  ( 2.649999999999999911, 0.0000000000000000000, -2.399999999999999023 ) ) ;
#555 = LINE ( 'NONE', #1687, #3296 ) ;
#556 = ORIENTED_EDGE ( 'NONE', *, *, #2939, .F. ) ;
#557 = CARTESIAN_POINT ( 'NONE',  ( -0.4569693768883054674, 1.947999999999999954, -0.9637753671948874334 ) ) ;
#558 = DIRECTION ( 'NONE',  ( 0.0000000000000000000, 0.0000000000000000000, -1.000000000000000000 ) ) ;
#559 = CARTESIAN_POINT ( 'NONE',  ( -2.849999999999998757, 1.949999999999999956, 2.400000000000000355 ) ) ;
#560 = LINE ( 'NONE', #2475, #1506 ) ;
#561 = SURFACE_SIDE_STYLE ('',( #4388 ) ) ;
#562 = ADVANCED_FACE ( 'NONE', ( #35 ), #892, .F. ) ;
#563 = CARTESIAN_POINT ( 'NONE',  ( 0.2558968224242945677, 1.947999999999999954, -0.8515432611457186551 ) ) ;
#564 = PRESENTATION_LAYER_ASSIGNMENT (  '', '', ( #321 ) ) ;
#565 = DIRECTION ( 'NONE',  ( 1.000000000000000000, 0.0000000000000000000, 0.0000000000000000000 ) ) ;
#566 = VERTEX_POINT ( 'NONE', #1637 ) ;
#567 = EDGE_CURVE ( 'NONE', #775, #1312, #1810, .T. ) ;
#568 = DIRECTION ( 'NONE',  ( 0.0000000000000000000, -1.000000000000000000, 6.505213034913019504E-15 ) ) ;
#569 = SURFACE_STYLE_USAGE ( .BOTH. , #532 ) ;
#570 = CARTESIAN_POINT ( 'NONE',  ( 1.184570836518352710, 1.950000000000000178, 0.3155642374280125395 ) ) ;
#571 = CARTESIAN_POINT ( 'NONE',  ( 0.2900816416178475521, 1.949999999999999512, -0.7928036084011842455 ) ) ;
#572 = VECTOR ( 'NONE', #1951, 1000.000000000000000 ) ;
#573 = EDGE_CURVE ( 'NONE', #3050, #2150, #1928, .T. ) ;
#574 = VERTEX_POINT ( 'NONE', #2007 ) ;
#575 = DIRECTION ( 'NONE',  ( -1.668003342285391551E-16, 0.0000000000000000000, 1.000000000000000000 ) ) ;
#576 = FILL_AREA_STYLE_COLOUR ( '', #3924 ) ;
#577 = CARTESIAN_POINT ( 'NONE',  ( 2.850000000000000533, 0.2000000000000000111, -1.500000000000000888 ) ) ;
#578 = DIRECTION ( 'NONE',  ( 1.668003342285391304E-16, 6.505213034913019504E-15, 1.000000000000000000 ) ) ;
#579 = PLANE ( 'NONE',  #3231 ) ;
#580 = CARTESIAN_POINT ( 'NONE',  ( 2.919999999999999485, 1.050000000000000266, 1.250000000000001554 ) ) ;
#581 = CARTESIAN_POINT ( 'NONE',  ( -2.849999999999999201, 1.050000000000000266, 1.250000000000001554 ) ) ;
#582 = CARTESIAN_POINT ( 'NONE',  ( 1.469718235009653151, 1.950000000000001288, -0.4261964218215025246 ) ) ;
#583 = ADVANCED_FACE ( 'NONE', ( #1707 ), #861, .T. ) ;
#584 = ORIENTED_EDGE ( 'NONE', *, *, #2392, .F. ) ;
#585 = DIRECTION ( 'NONE',  ( 1.668003342285391304E-16, 6.505213034913019504E-15, 1.000000000000000000 ) ) ;
#586 = LINE ( 'NONE', #4142, #2472 ) ;
#587 = VECTOR ( 'NONE', #2729, 1000.000000000000000 ) ;
#588 = ORIENTED_EDGE ( 'NONE', *, *, #3340, .T. ) ;
#589 = ORIENTED_EDGE ( 'NONE', *, *, #146, .T. ) ;
#590 = CARTESIAN_POINT ( 'NONE',  ( 0.2352009995418146149, 1.950000000000000178, -1.023894410874559346 ) ) ;
#591 = EDGE_CURVE ( 'NONE', #2150, #930, #3604, .T. ) ;
#592 = CARTESIAN_POINT ( 'NONE',  ( -2.849999999999999645, 0.2000000000000000944, -2.599999999999999201 ) ) ;
#593 = CARTESIAN_POINT ( 'NONE',  ( 0.2344560885791101001, 1.950000000000000178, -0.8772425188400435614 ) ) ;
#594 = CIRCLE ( 'NONE', #2277, 0.2000000000000000944 ) ;
#595 = CARTESIAN_POINT ( 'NONE',  ( 0.2745603565120058875, 1.947999999999999510, -0.8234040025839414190 ) ) ;
#596 =( GEOMETRIC_REPRESENTATION_CONTEXT ( 3 ) GLOBAL_UNCERTAINTY_ASSIGNED_CONTEXT ( ( #3303 ) ) GLOBAL_UNIT_ASSIGNED_CONTEXT ( ( #1211, #3702, #1571 ) ) REPRESENTATION_CONTEXT ( 'NONE', 'WORKASPACE' ) );
#597 = FACE_OUTER_BOUND ( 'NONE', #157, .T. ) ;
#598 = CARTESIAN_POINT ( 'NONE',  ( 0.2352009995418146149, 1.948000000000000176, -1.023894410874559346 ) ) ;
#599 = CARTESIAN_POINT ( 'NONE',  ( -1.054687499999999556, 1.949999999999999956, 0.5578901322583778022 ) ) ;
#600 = PLANE ( 'NONE',  #1392 ) ;
#601 = EDGE_CURVE ( 'NONE', #305, #1221, #774, .T. ) ;
#602 = STYLED_ITEM ( 'NONE', ( #932 ), #1177 ) ;
#603 = LINE ( 'NONE', #1257, #1549 ) ;
#604 = LINE ( 'NONE', #411, #3342 ) ;
#605 = CARTESIAN_POINT ( 'NONE',  ( -0.2492132126738084985, 1.949999999999999956, 0.6116877290054670846 ) ) ;
#606 = EDGE_LOOP ( 'NONE', ( #1490, #2354, #1557, #1992 ) ) ;
#607 = ORIENTED_EDGE ( 'NONE', *, *, #3585, .F. ) ;
#608 = LINE ( 'NONE', #4468, #2377 ) ;
#609 = VERTEX_POINT ( 'NONE', #514 ) ;
#610 = LINE ( 'NONE', #792, #498 ) ;
#611 = CARTESIAN_POINT ( 'NONE',  ( -1.969999999999998641, -0.09999999999999958922, 1.250000000000000444 ) ) ;
#612 = VERTEX_POINT ( 'NONE', #503 ) ;
#613 = ADVANCED_FACE ( 'NONE', ( #2546 ), #1269, .T. ) ;
#614 = VERTEX_POINT ( 'NONE', #2890 ) ;
#615 = CARTESIAN_POINT ( 'NONE',  ( 3.069999999999998952, -0.09999999999999958922, 1.250000000000000444 ) ) ;
#616 = LINE ( 'NONE', #4073, #1442 ) ;
#617 = CARTESIAN_POINT ( 'NONE',  ( -0.4254925946024945005, 1.950000000000000400, -0.9102718836452257101 ) ) ;
#618 = CARTESIAN_POINT ( 'NONE',  ( 0.1578569943813726562, 1.950000000000000178, -0.1640278507235126138 ) ) ;
#619 = CARTESIAN_POINT ( 'NONE',  ( -0.5749999999999995115, 1.949999999999999956, 0.6754682572583776690 ) ) ;
#620 =( LENGTH_UNIT ( ) NAMED_UNIT ( * ) SI_UNIT ( .MILLI., .METRE. ) );
#621 = ORIENTED_EDGE ( 'NONE', *, *, #1697, .F. ) ;
#622 = DIRECTION ( 'NONE',  ( -1.000000000000000000, 0.0000000000000000000, 0.0000000000000000000 ) ) ;
#623 = EDGE_LOOP ( 'NONE', ( #2957, #662, #551, #1378, #327, #3876 ) ) ;
#624 = STYLED_ITEM ( 'NONE', ( #3542 ), #3306 ) ;
#625 = ORIENTED_EDGE ( 'NONE', *, *, #848, .T. ) ;
#626 = CARTESIAN_POINT ( 'NONE',  ( -0.9302992688513845865, 1.949999999999999734, 0.6939538153691456879 ) ) ;
#627 = CARTESIAN_POINT ( 'NONE',  ( 1.276728597782917252, 1.950000000000000178, 0.7751598998074732405 ) ) ;
#628 = DIRECTION ( 'NONE',  ( 0.0000000000000000000, 0.0000000000000000000, 1.000000000000000000 ) ) ;
#629 = DIRECTION ( 'NONE',  ( -0.0000000000000000000, 1.000000000000000000, -0.0000000000000000000 ) ) ;
#630 = ADVANCED_FACE ( 'NONE', ( #2199 ), #525, .F. ) ;
#631 = EDGE_CURVE ( 'NONE', #1529, #2098, #317, .T. ) ;
#632 = ORIENTED_EDGE ( 'NONE', *, *, #690, .F. ) ;
#633 = EDGE_CURVE ( 'NONE', #2035, #3951, #4443, .T. ) ;
#634 = CARTESIAN_POINT ( 'NONE',  ( 0.2247701478301688538, 1.949999999999999956, -0.3161732815756836956 ) ) ;
#635 = ORIENTED_EDGE ( 'NONE', *, *, #1303, .T. ) ;
#636 = CARTESIAN_POINT ( 'NONE',  ( 1.719531249999999289, 1.949999999999999956, -0.8995317427416221756 ) ) ;
#637 = ORIENTED_EDGE ( 'NONE', *, *, #2902, .F. ) ;
#638 = FACE_OUTER_BOUND ( 'NONE', #417, .T. ) ;
#639 = VECTOR ( 'NONE', #1725, 1000.000000000000000 ) ;
#640 = ORIENTED_EDGE ( 'NONE', *, *, #3873, .F. ) ;
#641 = CARTESIAN_POINT ( 'NONE',  ( 1.293690439412771065, 1.950000000000000400, 0.7745883107353331853 ) ) ;
#642 = CARTESIAN_POINT ( 'NONE',  ( -0.4928006502841773551, 1.947999999999999732, -0.9740660627290346207 ) ) ;
#643 = CARTESIAN_POINT ( 'NONE',  ( 1.374646174452346159, 1.949999999999999734, 0.5778114811187434752 ) ) ;
#644 = LINE ( 'NONE', #2995, #3593 ) ;
#645 = ORIENTED_EDGE ( 'NONE', *, *, #118, .T. ) ;
#646 = DIRECTION ( 'NONE',  ( -8.340016711426957754E-17, -0.0000000000000000000, -1.000000000000000000 ) ) ;
#647 =( NAMED_UNIT ( * ) PLANE_ANGLE_UNIT ( ) SI_UNIT ( $, .RADIAN. ) );
#648 = VERTEX_POINT ( 'NONE', #2338 ) ;
#649 = EDGE_CURVE ( 'NONE', #3196, #1350, #1154, .T. ) ;
#650 = CARTESIAN_POINT ( 'NONE',  ( 0.2692171369306596840, 1.947999999999864285, -0.3692072256085413562 ) ) ;
#651 = VECTOR ( 'NONE', #2988, 1000.000000000000000 ) ;
#652 = DIRECTION ( 'NONE',  ( -1.000000000000000000, 0.0000000000000000000, 0.0000000000000000000 ) ) ;
#653 = ORIENTED_EDGE ( 'NONE', *, *, #1891, .F. ) ;
#654 = ORIENTED_EDGE ( 'NONE', *, *, #1697, .T. ) ;
#655 = ORIENTED_EDGE ( 'NONE', *, *, #1345, .T. ) ;
#656 = VECTOR ( 'NONE', #3948, 1000.000000000000000 ) ;
#657 = CARTESIAN_POINT ( 'NONE',  ( -3.069999999999999396, 1.050000000000000266, 1.250000000000001554 ) ) ;
#658 = CARTESIAN_POINT ( 'NONE',  ( 1.369675063002790072, 1.947999999999999510, 0.4446003410568046821 ) ) ;
#659 = DIRECTION ( 'NONE',  ( -0.9858865646407297678, 0.0000000000000000000, -0.1674146996559752465 ) ) ;
#660 = CIRCLE ( 'NONE', #2755, 0.1499999999999999667 ) ;
#661 = VERTEX_POINT ( 'NONE', #2179 ) ;
#662 = ORIENTED_EDGE ( 'NONE', *, *, #1861, .F. ) ;
#663 = VECTOR ( 'NONE', #2735, 1000.000000000000000 ) ;
#664 = ORIENTED_EDGE ( 'NONE', *, *, #1871, .F. ) ;
#665 = EDGE_LOOP ( 'NONE', ( #545, #148, #1032, #1169 ) ) ;
#666 = CARTESIAN_POINT ( 'NONE',  ( -0.2253892730022856450, 1.948000000000000176, 0.6552401202747987208 ) ) ;
#667 = VECTOR ( 'NONE', #1074, 1000.000000000000000 ) ;
#668 = CARTESIAN_POINT ( 'NONE',  ( 1.336438633232539086, 1.948000000000000620, 0.7586343357099468721 ) ) ;
#669 = B_SPLINE_CURVE_WITH_KNOTS ( 'NONE', 3,
 ( #3279, #791, #3628, #1496, #3972, #1842, #4344, #2195, #69, #2570, #438 ),
 .UNSPECIFIED., .F., .F.,
 ( 4, 1, 1, 1, 1, 1, 1, 1, 4 ),
 ( 0.0000000000000000000, 0.1208882608515991219, 0.2327678277454100775, 0.3405771785804135310, 0.4498082525890443883, 0.5662647939726858093, 0.6953233026002477724, 0.8392341133272409603, 1.000000000000000000 ),
 .UNSPECIFIED. ) ;
#670 = CARTESIAN_POINT ( 'NONE',  ( 1.317244926267211458, 1.949999999999999067, 0.7687620779377969393 ) ) ;
#671 = CARTESIAN_POINT ( 'NONE',  ( 1.750000000000000888, 0.1000000000000000056, -1.500000000000000222 ) ) ;
#672 = CARTESIAN_POINT ( 'NONE',  ( 2.869999999999998774, 0.2469693845669906629, 1.250000000000000444 ) ) ;
#673 = ORIENTED_EDGE ( 'NONE', *, *, #4505, .F. ) ;
#674 = CARTESIAN_POINT ( 'NONE',  ( -0.1593749999999996836, 1.947999999999999954, -0.9745317427416221312 ) ) ;
#675 = LINE ( 'NONE', #1933, #1393 ) ;
#676 = EDGE_CURVE ( 'NONE', #1471, #1575, #3168, .T. ) ;
#677 = AXIS2_PLACEMENT_3D ( 'NONE', #289, #1355, #3845 ) ;
#678 = AXIS2_PLACEMENT_3D ( 'NONE', #4247, #4597, #2465 ) ;
#679 = ORIENTED_EDGE ( 'NONE', *, *, #798, .T. ) ;
#680 = EDGE_CURVE ( 'NONE', #4532, #2756, #3988, .T. ) ;
#681 = CARTESIAN_POINT ( 'NONE',  ( 0.9238281249999993339, 1.947999999999999954, -1.049531742741622198 ) ) ;
#682 = STYLED_ITEM ( 'NONE', ( #2633 ), #906 ) ;
#683 = CARTESIAN_POINT ( 'NONE',  ( 0.4799545405733309233, 1.949999999999999956, 0.6374637870988865140 ) ) ;
#684 = DIRECTION ( 'NONE',  ( 0.0000000000000000000, 0.0000000000000000000, -1.000000000000000000 ) ) ;
#685 = CARTESIAN_POINT ( 'NONE',  ( -2.750000000000000000, 0.1000000000000000056, -1.500000000000000000 ) ) ;
#686 =( NAMED_UNIT ( * ) PLANE_ANGLE_UNIT ( ) SI_UNIT ( $, .RADIAN. ) );
#687 = AXIS2_PLACEMENT_3D ( 'NONE', #1806, #2872, #1033 ) ;
#688 = CARTESIAN_POINT ( 'NONE',  ( -2.849999999999999645, 1.949999999999999956, -2.399999999999999023 ) ) ;
#689 = VERTEX_POINT ( 'NONE', #3786 ) ;
#690 = EDGE_CURVE ( 'NONE', #141, #4115, #1477, .T. ) ;
#691 = VECTOR ( 'NONE', #1895, 1000.000000000000000 ) ;
#692 = VERTEX_POINT ( 'NONE', #4475 ) ;
#693 = ORIENTED_EDGE ( 'NONE', *, *, #3322, .F. ) ;
#694 = CARTESIAN_POINT ( 'NONE',  ( -0.5148437499999997113, 1.949999999999999956, 0.6754682572583776690 ) ) ;
#695 = EDGE_CURVE ( 'NONE', #4115, #837, #2956, .T. ) ;
#696 = B_SPLINE_CURVE_WITH_KNOTS ( 'NONE', 3,
 ( #1652, #946, #2008, #4498, #2355, #236, #2740, #595, #3099, #966, #3457, #1308, #3801, #1673, #4159, #2015, #4517, #2374, #250 ),
 .UNSPECIFIED., .F., .F.,
 ( 4, 1, 1, 1, 1, 1, 1, 1, 1, 1, 1, 1, 1, 1, 1, 1, 4 ),
 ( 0.0000000000000000000, 0.07083672463649644258, 0.1374638066551337745, 0.2015350427756842366, 0.2621978437435442122, 0.3208096743126412909, 0.3777386564995532381, 0.4330365699554039605, 0.4888318348584460571, 0.5444150360897048735, 0.6002820682791673024, 0.6581260883760042812, 0.7192736454611514674, 0.7827895121289152325, 0.8508105188043900702, 0.9226728665722090383, 1.000000000000000000 ),
 .UNSPECIFIED. ) ;
#697 = CARTESIAN_POINT ( 'NONE',  ( 0.2102828372217265263, 1.948000000000000176, -0.9006377503155060804 ) ) ;
#698 = CARTESIAN_POINT ( 'NONE',  ( 1.336438633232539086, 1.950000000000000622, 0.7586343357099468721 ) ) ;
#699 = DIRECTION ( 'NONE',  ( -1.000000000000000000, 0.0000000000000000000, 1.577021341797096623E-15 ) ) ;
#700 = PLANE ( 'NONE',  #4293 ) ;
#701 = VECTOR ( 'NONE', #3579, 1000.000000000000000 ) ;
#702 = DIRECTION ( 'NONE',  ( 1.000000000000000000, 0.0000000000000000000, 0.0000000000000000000 ) ) ;
#703 = CARTESIAN_POINT ( 'NONE',  ( 2.849999999999999201, 0.8500000000000005329, 1.250000000000001554 ) ) ;
#704 = CARTESIAN_POINT ( 'NONE',  ( -0.4356304498590484187, 1.948000000000000176, 0.6429437640815790500 ) ) ;
#705 = FACE_OUTER_BOUND ( 'NONE', #4027, .T. ) ;
#706 = AXIS2_PLACEMENT_3D ( 'NONE', #1015, #1353, #3843 ) ;
#707 = SURFACE_STYLE_USAGE ( .BOTH. , #2370 ) ;
#708 = LINE ( 'NONE', #3949, #1551 ) ;
#709 = EDGE_LOOP ( 'NONE', ( #1701, #3563, #1686, #2242 ) ) ;
#710 = ORIENTED_EDGE ( 'NONE', *, *, #740, .F. ) ;
#711 = ORIENTED_EDGE ( 'NONE', *, *, #4173, .T. ) ;
#712 = ORIENTED_EDGE ( 'NONE', *, *, #4146, .T. ) ;
#713 = CARTESIAN_POINT ( 'NONE',  ( -0.5749999999999995115, 1.949999999999999956, 0.7504682572583777356 ) ) ;
#714 =( LENGTH_UNIT ( ) NAMED_UNIT ( * ) SI_UNIT ( .MILLI., .METRE. ) );
#715 = ORIENTED_EDGE ( 'NONE', *, *, #2601, .F. ) ;
#716 = ORIENTED_EDGE ( 'NONE', *, *, #1643, .F. ) ;
#717 = CARTESIAN_POINT ( 'NONE',  ( 1.351707062961348349, 1.949999999999999734, 0.7438124522337086209 ) ) ;
#718 = CARTESIAN_POINT ( 'NONE',  ( 0.008579377030565459028, 1.950000000000000178, -0.2254635767086572429 ) ) ;
#719 = CARTESIAN_POINT ( 'NONE',  ( 0.1457031250000003497, 1.948000000000000176, -0.1620317427416222422 ) ) ;
#720 = EDGE_CURVE ( 'NONE', #17, #3733, #1045, .T. ) ;
#721 = CARTESIAN_POINT ( 'NONE',  ( -1.054687499999999556, 1.947999999999999954, 0.2098432572583778244 ) ) ;
#722 = CARTESIAN_POINT ( 'NONE',  ( -1.223437499999999512, 1.947999999999999954, 0.2098432572583778244 ) ) ;
#723 = VECTOR ( 'NONE', #1924, 1000.000000000000000 ) ;
#724 = CARTESIAN_POINT ( 'NONE',  ( 1.259566671016697725, 1.949999999999999734, 0.7750757718292706766 ) ) ;
#725 = DIRECTION ( 'NONE',  ( 0.0000000000000000000, 0.0000000000000000000, 1.000000000000000000 ) ) ;
#726 = CARTESIAN_POINT ( 'NONE',  ( -3.069999999999999396, 0.9000000000000003553, 3.669607353027861066E-17 ) ) ;
#727 = CARTESIAN_POINT ( 'NONE',  ( 0.5094900331534546467, 1.947999999999999288, -0.4822372693499977769 ) ) ;
#728 = CARTESIAN_POINT ( 'NONE',  ( 1.874999999999999334, 1.949999999999999956, -0.9757036177416220646 ) ) ;
#729 = CARTESIAN_POINT ( 'NONE',  ( 1.172105324500678947, 1.948000000000000398, 0.3794453557049608516 ) ) ;
#730 = DIRECTION ( 'NONE',  ( 1.000000000000000000, 0.0000000000000000000, 1.971276677246371519E-16 ) ) ;
#731 = ORIENTED_EDGE ( 'NONE', *, *, #1912, .F. ) ;
#732 = CARTESIAN_POINT ( 'NONE',  ( 1.362919123274594524, 1.950000000000000178, 0.7235627240391522275 ) ) ;
#733 = CARTESIAN_POINT ( 'NONE',  ( -3.069999999999998508, 0.1000000000000001027, -1.249999999999999556 ) ) ;
#734 = DIRECTION ( 'NONE',  ( -0.0000000000000000000, 0.0000000000000000000, -1.000000000000000000 ) ) ;
#735 = DIRECTION ( 'NONE',  ( 2.170143416902684735E-32, 1.000000000000000000, -1.301042606982605321E-16 ) ) ;
#736 = CARTESIAN_POINT ( 'NONE',  ( 1.259566671016697725, 1.947999999999999732, 0.7750757718292706766 ) ) ;
#737 = DIRECTION ( 'NONE',  ( 0.0000000000000000000, 0.0000000000000000000, -1.000000000000000000 ) ) ;
#738 = CARTESIAN_POINT ( 'NONE',  ( 2.650000000000000799, 0.0000000000000000000, 2.600000000000000533 ) ) ;
#739 = CARTESIAN_POINT ( 'NONE',  ( 0.1578569943813726562, 1.947999999999999954, -0.1640278507235126138 ) ) ;
#740 = EDGE_CURVE ( 'NONE', #4586, #262, #2553, .T. ) ;
#741 = DIRECTION ( 'NONE',  ( -1.000000000000000000, 0.0000000000000000000, 0.0000000000000000000 ) ) ;
#742 = ORIENTED_EDGE ( 'NONE', *, *, #2726, .F. ) ;
#743 = EDGE_LOOP ( 'NONE', ( #293, #2642, #1935, #4275 ) ) ;
#744 = CARTESIAN_POINT ( 'NONE',  ( -0.2497314087362719204, 1.947999999999999510, -0.8989123828167355779 ) ) ;
#745 = EDGE_CURVE ( 'NONE', #2415, #2487, #3868, .T. ) ;
#746 = CARTESIAN_POINT ( 'NONE',  ( 1.267063518590770377, 1.950000000000000622, 0.02558901860745652762 ) ) ;
#747 = AXIS2_PLACEMENT_3D ( 'NONE', #4379, #4364, #4348 ) ;
#748 = CARTESIAN_POINT ( 'NONE',  ( 0.2102828372217265263, 1.950000000000000178, -0.9006377503155060804 ) ) ;
#749 = EDGE_LOOP ( 'NONE', ( #383, #3144, #869, #3823 ) ) ;
#750 = CARTESIAN_POINT ( 'NONE',  ( 0.8499999999999994227, 1.947999999999999954, -0.6100786177416221978 ) ) ;
#751 = CARTESIAN_POINT ( 'NONE',  ( 1.150383524071818320, 1.948000000000000176, 0.5886142024647106341 ) ) ;
#752 = DIRECTION ( 'NONE',  ( -0.0000000000000000000, 1.000000000000000000, -0.0000000000000000000 ) ) ;
#753 = LINE ( 'NONE', #63, #4311 ) ;
#754 = FACE_OUTER_BOUND ( 'NONE', #4296, .T. ) ;
#755 = ORIENTED_EDGE ( 'NONE', *, *, #391, .T. ) ;
#756 = DIRECTION ( 'NONE',  ( -0.0000000000000000000, 1.000000000000000000, -0.0000000000000000000 ) ) ;
#757 = CARTESIAN_POINT ( 'NONE',  ( 3.069999999999999396, 0.05000000000000077993, 1.250000000000001554 ) ) ;
#758 = CARTESIAN_POINT ( 'NONE',  ( -0.8964843749999994449, 1.947999999999999954, 0.6949995072583777800 ) ) ;
#759 = CARTESIAN_POINT ( 'NONE',  ( -1.054687499999999556, 1.947999999999999954, 0.5578901322583778022 ) ) ;
#760 = LINE ( 'NONE', #3315, #4432 ) ;
#761 = ORIENTED_EDGE ( 'NONE', *, *, #88, .F. ) ;
#762 = VERTEX_POINT ( 'NONE', #2802 ) ;
#763 = COLOUR_RGB ( '',0.3098039215686274606, 0.3098039215686274606, 0.3098039215686274606 ) ;
#764 = CARTESIAN_POINT ( 'NONE',  ( 0.3217578726517183463, 1.949999999999999734, -0.9911216087668826002 ) ) ;
#765 = CARTESIAN_POINT ( 'NONE',  ( 1.435979929817733147, 1.947999999999999732, -0.3585567632024709850 ) ) ;
#766 =( GEOMETRIC_REPRESENTATION_CONTEXT ( 3 ) GLOBAL_UNCERTAINTY_ASSIGNED_CONTEXT ( ( #3450 ) ) GLOBAL_UNIT_ASSIGNED_CONTEXT ( ( #1104, #647, #217 ) ) REPRESENTATION_CONTEXT ( 'NONE', 'WORKASPACE' ) );
#767 = VERTEX_POINT ( 'NONE', #2784 ) ;
#768 = CARTESIAN_POINT ( 'NONE',  ( -1.381640624999999734, 1.947999999999999954, 0.6949995072583777800 ) ) ;
#769 = CARTESIAN_POINT ( 'NONE',  ( 0.1824042497456870582, 1.948000000000000176, -0.9201931255309714341 ) ) ;
#770 = SURFACE_STYLE_USAGE ( .BOTH. , #1696 ) ;
#771 = LINE ( 'NONE', #114, #651 ) ;
#772 = CARTESIAN_POINT ( 'NONE',  ( 1.325417944712371288, 1.947999999999999066, -0.1196109122439482642 ) ) ;
#773 = DIRECTION ( 'NONE',  ( 0.0000000000000000000, 0.0000000000000000000, -1.000000000000000000 ) ) ;
#774 = LINE ( 'NONE', #3, #2662 ) ;
#775 = VERTEX_POINT ( 'NONE', #2824 ) ;
#776 = CARTESIAN_POINT ( 'NONE',  ( 1.620165332977767880, 1.949999999999999512, -0.5344384763221272650 ) ) ;
#777 = ORIENTED_EDGE ( 'NONE', *, *, #2249, .T. ) ;
#778 = ORIENTED_EDGE ( 'NONE', *, *, #4371, .F. ) ;
#779 = VECTOR ( 'NONE', #1435, 1000.000000000000000 ) ;
#780 = CARTESIAN_POINT ( 'NONE',  ( 0.4677446276369387479, 1.950000000000000622, 0.6220736076875288401 ) ) ;
#781 = DIRECTION ( 'NONE',  ( -0.0000000000000000000, -1.000000000000000000, -0.0000000000000000000 ) ) ;
#782 = PLANE ( 'NONE',  #2839 ) ;
#783 = VECTOR ( 'NONE', #1270, 1000.000000000000000 ) ;
#784 = VERTEX_POINT ( 'NONE', #3077 ) ;
#785 = ORIENTED_EDGE ( 'NONE', *, *, #3200, .T. ) ;
#786 = FACE_OUTER_BOUND ( 'NONE', #268, .T. ) ;
#787 = EDGE_LOOP ( 'NONE', ( #385, #4214, #3666, #877, #278, #3652, #3286, #3171, #3705, #1134, #1865, #329, #190, #4451, #1919, #2040, #2672, #1670, #2997, #2270, #2400, #1719 ) ) ;
#788 = VERTEX_POINT ( 'NONE', #1737 ) ;
#789 = VECTOR ( 'NONE', #1421, 999.9999999999998863 ) ;
#790 = CARTESIAN_POINT ( 'NONE',  ( 1.672382102816676541, 1.949999999999999734, -0.8136130397050522767 ) ) ;
#791 = CARTESIAN_POINT ( 'NONE',  ( 1.173987005368898551, 1.947999999999999954, -0.8987187397733361616 ) ) ;
#792 = CARTESIAN_POINT ( 'NONE',  ( -1.497656249999999467, 1.947999999999999954, 0.7582807572583777356 ) ) ;
#793 = DIRECTION ( 'NONE',  ( -0.5350520811843447744, 0.0000000000000000000, 0.8448190755542285268 ) ) ;
#794 = DIRECTION ( 'NONE',  ( 1.668003342285391551E-16, 0.0000000000000000000, 1.000000000000000000 ) ) ;
#795 = CARTESIAN_POINT ( 'NONE',  ( 1.267578124999999112, 1.949999999999999956, 0.7754682572583777578 ) ) ;
#796 = FILL_AREA_STYLE ('',( #3624 ) ) ;
#797 = CARTESIAN_POINT ( 'NONE',  ( 0.3217578726517183463, 1.947999999999999732, -0.9911216087668826002 ) ) ;
#798 = EDGE_CURVE ( 'NONE', #1373, #982, #3657, .T. ) ;
#799 = ORIENTED_EDGE ( 'NONE', *, *, #2609, .T. ) ;
#800 = VECTOR ( 'NONE', #1927, 1000.000000000000000 ) ;
#801 = CARTESIAN_POINT ( 'NONE',  ( -8.870745047608670849E-16, 0.0000000000000000000, -1.499999999999999112 ) ) ;
#802 = CARTESIAN_POINT ( 'NONE',  ( 1.192187499999999289, 1.947999999999999954, -0.8995317427416221756 ) ) ;
#803 = CARTESIAN_POINT ( 'NONE',  ( 1.369618662865971226, 1.949999999999999956, 0.6971714421319312738 ) ) ;
#804 = ORIENTED_EDGE ( 'NONE', *, *, #1733, .F. ) ;
#805 = CARTESIAN_POINT ( 'NONE',  ( -1.223437499999999512, 1.949999999999999956, -0.8026567427416222422 ) ) ;
#806 = DIRECTION ( 'NONE',  ( -1.668003342285391304E-16, 6.505213034913019504E-15, 1.000000000000000000 ) ) ;
#807 = MECHANICAL_DESIGN_GEOMETRIC_PRESENTATION_REPRESENTATION (  '', ( #321 ), #1040 ) ;
#808 = CARTESIAN_POINT ( 'NONE',  ( -2.849999999999999645, 0.0000000000000000000, -2.599999999999999201 ) ) ;
#809 = DIRECTION ( 'NONE',  ( 1.668003342285391551E-16, -0.0000000000000000000, -1.000000000000000000 ) ) ;
#810 = EDGE_CURVE ( 'NONE', #4246, #2410, #1872, .T. ) ;
#811 = CARTESIAN_POINT ( 'NONE',  ( 1.398853443144161712, 1.949999999999999956, 0.04497125316744850221 ) ) ;
#812 = ORIENTED_EDGE ( 'NONE', *, *, #888, .F. ) ;
#813 = EDGE_CURVE ( 'NONE', #2582, #4465, #1755, .T. ) ;
#814 = CARTESIAN_POINT ( 'NONE',  ( -1.231643621716443038, 1.949999999999999512, 0.6203590224397093067 ) ) ;
#815 = UNCERTAINTY_MEASURE_WITH_UNIT (LENGTH_MEASURE( 1.000000000000000082E-05 ), #4005, 'distance_accuracy_value', 'NONE');
#816 = CARTESIAN_POINT ( 'NONE',  ( 0.9498459728461871032, 1.947999999999999954, -0.7292685140513546216 ) ) ;
#817 = DIRECTION ( 'NONE',  ( 0.0000000000000000000, -1.773188050494081155E-13, 1.000000000000000000 ) ) ;
#818 = CARTESIAN_POINT ( 'NONE',  ( 1.374397171363381576, 1.950000000000000400, 0.6647038430021480204 ) ) ;
#819 = VECTOR ( 'NONE', #4180, 1000.000000000000000 ) ;
#820 = ORIENTED_EDGE ( 'NONE', *, *, #1559, .T. ) ;
#821 = DIRECTION ( 'NONE',  ( -1.000000000000000000, 0.0000000000000000000, 0.0000000000000000000 ) ) ;
#822 = VECTOR ( 'NONE', #2220, 1000.000000000000000 ) ;
#823 = CARTESIAN_POINT ( 'NONE',  ( -0.2499999999999995837, 1.949999999999861844, -0.2245317427416221590 ) ) ;
#824 = DIRECTION ( 'NONE',  ( 1.000000000000000000, -0.0000000000000000000, -1.668003342285391304E-16 ) ) ;
#825 = CARTESIAN_POINT ( 'NONE',  ( -1.160156249999999556, 1.947999999999999954, -1.066328617741622020 ) ) ;
#826 = CARTESIAN_POINT ( 'NONE',  ( 0.2483841730867371034, 1.949999999999999956, -0.3411250462203216927 ) ) ;
#827 = ADVANCED_FACE ( 'NONE', ( #2830 ), #3430, .F. ) ;
#828 = CIRCLE ( 'NONE', #3861, 0.1499999999999999667 ) ;
#829 = CIRCLE ( 'NONE', #4390, 0.1499999999999999944 ) ;
#830 = CARTESIAN_POINT ( 'NONE',  ( 0.04423956000254225529, 1.947999999999999954, -0.2299003996873247857 ) ) ;
#831 = CARTESIAN_POINT ( 'NONE',  ( -2.849999999999999201, 0.8500000000000005329, 1.250000000000001554 ) ) ;
#832 = ORIENTED_EDGE ( 'NONE', *, *, #1774, .F. ) ;
#833 = ORIENTED_EDGE ( 'NONE', *, *, #3322, .T. ) ;
#834 = B_SPLINE_SURFACE_WITH_KNOTS ( 'NONE', 3, 1, ( 
 ( #2614, #728 ),
 ( #1839, #2160 ),
 ( #2774, #1358 ),
 ( #1389, #1441 ),
 ( #1193, #2228 ),
 ( #2191, #2175 ),
 ( #2141, #2125 ),
 ( #2102, #2081 ),
 ( #987, #2069 ),
 ( #1822, #1800 ),
 ( #2027, #1084 ),
 ( #1070, #1098 ),
 ( #127, #1058 ),
 ( #1016, #811 ),
 ( #2992, #3564 ),
 ( #3588, #3669 ),
 ( #167, #4554 ),
 ( #322, #1732 ),
 ( #120, #3609 ) ),
 .UNSPECIFIED., .F., .F., .F.,
 ( 4, 1, 1, 1, 1, 1, 1, 1, 1, 1, 1, 1, 1, 1, 1, 1, 4 ),
 ( 2, 2 ),
 ( 0.0000000000000000000, 0.07504821523037906450, 0.1486039369177886149, 0.2211717323084692599, 0.2920393210481821988, 0.3618842625667061941, 0.4301196306127530455, 0.4975360869343311565, 0.5636695384675781684, 0.6277398200506122405, 0.6889461195084187750, 0.7471061688603596318, 0.8025769415166145171, 0.8557393062067339962, 0.9061777337425384049, 0.9540073152136169243, 1.000000000000000000 ),
 ( 0.0000000000000000000, 1.000000000000000000 ),
 .UNSPECIFIED. ) ;
#835 = ORIENTED_EDGE ( 'NONE', *, *, #2438, .F. ) ;
#836 =( NAMED_UNIT ( * ) PLANE_ANGLE_UNIT ( ) SI_UNIT ( $, .RADIAN. ) );
#837 = VERTEX_POINT ( 'NONE', #3173 ) ;
#838 = FACE_OUTER_BOUND ( 'NONE', #2764, .T. ) ;
#839 = EDGE_CURVE ( 'NONE', #4628, #2180, #3548, .T. ) ;
#840 = VERTEX_POINT ( 'NONE', #3529 ) ;
#841 = ORIENTED_EDGE ( 'NONE', *, *, #3585, .T. ) ;
#842 = CARTESIAN_POINT ( 'NONE',  ( 1.267578124999999112, 1.947999999999999954, 0.7754682572583777578 ) ) ;
#843 = CARTESIAN_POINT ( 'NONE',  ( -2.840729278764758892, 0.1579500538070878202, -1.249999999999991784 ) ) ;
#844 = CARTESIAN_POINT ( 'NONE',  ( 2.749999999999999556, 0.1000000000000000056, 1.250000000000000222 ) ) ;
#845 = CARTESIAN_POINT ( 'NONE',  ( 0.6250000000000003331, 1.949999999999999956, 0.6754682572583776690 ) ) ;
#846 = AXIS2_PLACEMENT_3D ( 'NONE', #825, #2239, #113 ) ;
#847 = CARTESIAN_POINT ( 'NONE',  ( -1.223437499999999512, 1.947999999999999954, 0.5578901322583778022 ) ) ;
#848 = EDGE_CURVE ( 'NONE', #473, #3050, #828, .T. ) ;
#849 = PRESENTATION_LAYER_ASSIGNMENT (  '', '', ( #602 ) ) ;
#850 = ORIENTED_EDGE ( 'NONE', *, *, #1733, .T. ) ;
#851 = FILL_AREA_STYLE_COLOUR ( '', #2826 ) ;
#852 = CARTESIAN_POINT ( 'NONE',  ( 0.3241686561049211823, 1.947999999999999732, -0.5582771120016015720 ) ) ;
#853 = CARTESIAN_POINT ( 'NONE',  ( -0.4730345303621653064, 1.950000000000000178, -0.9703318044475114368 ) ) ;
#854 = ADVANCED_FACE ( 'NONE', ( #4387 ), #1431, .T. ) ;
#855 = DIRECTION ( 'NONE',  ( 8.340016711426957754E-17, 0.0000000000000000000, 1.000000000000000000 ) ) ;
#856 = DIRECTION ( 'NONE',  ( -1.000000000000000000, 0.0000000000000000000, 0.0000000000000000000 ) ) ;
#857 = ORIENTED_EDGE ( 'NONE', *, *, #3340, .F. ) ;
#858 = CARTESIAN_POINT ( 'NONE',  ( -1.969999999999998641, 0.1000000000000000056, 1.250000000000000444 ) ) ;
#859 = ORIENTED_EDGE ( 'NONE', *, *, #3134, .F. ) ;
#860 = FACE_BOUND ( 'NONE', #26, .T. ) ;
#861 = B_SPLINE_SURFACE_WITH_KNOTS ( 'NONE', 3, 1, ( 
 ( #1805, #3943 ),
 ( #388, #1564 ),
 ( #1460, #1444 ),
 ( #1422, #1282 ),
 ( #1260, #944 ),
 ( #919, #867 ),
 ( #488, #3098 ),
 ( #3567, #964 ),
 ( #563, #885 ),
 ( #3038, #593 ),
 ( #697, #748 ),
 ( #769, #353 ),
 ( #181, #234 ),
 ( #1829, #1245 ),
 ( #3749, #4139 ),
 ( #1234, #1200 ),
 ( #4295, #3955 ),
 ( #404, #4103 ),
 ( #1090, #1776 ) ),
 .UNSPECIFIED., .F., .F., .F.,
 ( 4, 1, 1, 1, 1, 1, 1, 1, 1, 1, 1, 1, 1, 1, 1, 1, 4 ),
 ( 2, 2 ),
 ( 0.0000000000000000000, 0.07083672463649644258, 0.1374638066551337745, 0.2015350427756842366, 0.2621978437435442122, 0.3208096743126412909, 0.3777386564995532381, 0.4330365699554039605, 0.4888318348584460571, 0.5444150360897048735, 0.6002820682791673024, 0.6581260883760042812, 0.7192736454611514674, 0.7827895121289152325, 0.8508105188043900702, 0.9226728665722090383, 1.000000000000000000 ),
 ( 0.0000000000000000000, 1.000000000000000000 ),
 .UNSPECIFIED. ) ;
#862 = CARTESIAN_POINT ( 'NONE',  ( 0.5246861734123621224, 1.950000000000000178, -0.6439552252217100037 ) ) ;
#863 = PRESENTATION_LAYER_ASSIGNMENT (  '', '', ( #4036 ) ) ;
#864 = ORIENTED_EDGE ( 'NONE', *, *, #1912, .T. ) ;
#865 = CARTESIAN_POINT ( 'NONE',  ( -0.5071446457658066453, 1.947999999999999732, 0.6753056673332188398 ) ) ;
#866 = SURFACE_SIDE_STYLE ('',( #2090 ) ) ;
#867 = CARTESIAN_POINT ( 'NONE',  ( 0.3031025748671989373, 1.950000000000000400, -0.7598984619015767272 ) ) ;
#868 = DIRECTION ( 'NONE',  ( 0.0000000000000000000, 1.000000000000000000, -0.0000000000000000000 ) ) ;
#869 = ORIENTED_EDGE ( 'NONE', *, *, #2019, .T. ) ;
#870 = CARTESIAN_POINT ( 'NONE',  ( 2.850000000000000533, 1.050000000000000044, -1.249999999999997558 ) ) ;
#871 = PRESENTATION_LAYER_ASSIGNMENT (  '', '', ( #624 ) ) ;
#872 = CARTESIAN_POINT ( 'NONE',  ( 1.089318668136561197, 1.950000000000000178, -0.8826656195883684219 ) ) ;
#873 = CARTESIAN_POINT ( 'NONE',  ( 1.418550995206711907, 1.947999999999999732, -0.03098175251406928149 ) ) ;
#874 = LINE ( 'NONE', #158, #4535 ) ;
#875 = ORIENTED_EDGE ( 'NONE', *, *, #1871, .T. ) ;
#876 = ADVANCED_FACE ( 'NONE', ( #1320 ), #600, .F. ) ;
#877 = ORIENTED_EDGE ( 'NONE', *, *, #633, .T. ) ;
#878 = LINE ( 'NONE', #2624, #189 ) ;
#879 = PRESENTATION_STYLE_ASSIGNMENT (( #1862 ) ) ;
#880 = EDGE_CURVE ( 'NONE', #2486, #2145, #4041, .T. ) ;
#881 = EDGE_LOOP ( 'NONE', ( #1461, #1083, #3121, #3556 ) ) ;
#882 = CARTESIAN_POINT ( 'NONE',  ( -2.649999999999999467, 0.0000000000000000000, -2.599999999999999201 ) ) ;
#883 = CARTESIAN_POINT ( 'NONE',  ( -0.03164062499999965861, 1.947999999999999954, -0.1495317427416221756 ) ) ;
#884 = VECTOR ( 'NONE', #2471, 1000.000000000000000 ) ;
#885 = CARTESIAN_POINT ( 'NONE',  ( 0.2558968224242945677, 1.949999999999999956, -0.8515432611457186551 ) ) ;
#886 = ORIENTED_EDGE ( 'NONE', *, *, #1937, .T. ) ;
#887 = DIRECTION ( 'NONE',  ( 0.0000000000000000000, -1.000000000000000000, 6.505213034913020293E-15 ) ) ;
#888 = EDGE_CURVE ( 'NONE', #1468, #3670, #3688, .T. ) ;
#889 = PLANE ( 'NONE',  #1256 ) ;
#890 = DIRECTION ( 'NONE',  ( -1.000000000000000000, 0.0000000000000000000, 0.0000000000000000000 ) ) ;
#891 =( LENGTH_UNIT ( ) NAMED_UNIT ( * ) SI_UNIT ( .MILLI., .METRE. ) );
#892 = CYLINDRICAL_SURFACE ( 'NONE', #3156, 0.1499999999999999667 ) ;
#893 = CARTESIAN_POINT ( 'NONE',  ( -0.7699218749999995337, 1.947999999999999954, 0.1465620072583777578 ) ) ;
#894 = ORIENTED_EDGE ( 'NONE', *, *, #909, .F. ) ;
#895 = ORIENTED_EDGE ( 'NONE', *, *, #3103, .T. ) ;
#896 = B_SPLINE_SURFACE_WITH_KNOTS ( 'NONE', 3, 1, ( 
 ( #934, #4077 ),
 ( #3802, #3791 ),
 ( #3768, #3743 ),
 ( #3728, #3441 ),
 ( #238, #200 ),
 ( #598, #967 ),
 ( #1574, #3428 ),
 ( #3413, #3395 ),
 ( #3379, #3100 ),
 ( #3087, #3055 ),
 ( #3030, #2707 ),
 ( #2652, #2359 ),
 ( #2341, #2313 ),
 ( #2298, #2285 ),
 ( #2017, #2009 ),
 ( #1994, #1972 ),
 ( #1948, #1675 ),
 ( #1654, #1641 ),
 ( #1626, #1611 ) ),
 .UNSPECIFIED., .F., .F., .F.,
 ( 4, 1, 1, 1, 1, 1, 1, 1, 1, 1, 1, 1, 1, 1, 1, 1, 4 ),
 ( 2, 2 ),
 ( 0.0000000000000000000, 0.07824767971357381169, 0.1520862088087482356, 0.2217853390228740895, 0.2883126069761516308, 0.3509753561916606479, 0.4112311774522670604, 0.4693787085670911852, 0.5261203244490839648, 0.5818586544643133962, 0.6366100824393705615, 0.6917228772266450498, 0.7479300232772827517, 0.8059839491622031726, 0.8669575541775801364, 0.9316382373724290122, 0.9999999999999998890 ),
 ( 0.0000000000000000000, 1.000000000000000000 ),
 .UNSPECIFIED. ) ;
#897 = ORIENTED_EDGE ( 'NONE', *, *, #3735, .T. ) ;
#898 = VECTOR ( 'NONE', #4626, 1000.000000000000000 ) ;
#899 = CIRCLE ( 'NONE', #2256, 0.2000000000000000944 ) ;
#900 = ORIENTED_EDGE ( 'NONE', *, *, #1402, .T. ) ;
#901 = ORIENTED_EDGE ( 'NONE', *, *, #4302, .F. ) ;
#902 = EDGE_LOOP ( 'NONE', ( #354, #497, #949, #2474 ) ) ;
#903 = CARTESIAN_POINT ( 'NONE',  ( -0.2364989045390582245, 1.949999999999999956, 0.6434290788040532005 ) ) ;
#904 = VECTOR ( 'NONE', #1061, 1000.000000000000000 ) ;
#905 = B_SPLINE_SURFACE_WITH_KNOTS ( 'NONE', 3, 1, ( 
 ( #3755, #3854 ),
 ( #3744, #3521 ),
 ( #3442, #3414 ),
 ( #3396, #3380 ),
 ( #3368, #3088 ),
 ( #3074, #3056 ),
 ( #3042, #3031 ),
 ( #2805, #2691 ),
 ( #2676, #2653 ),
 ( #2425, #2342 ),
 ( #2329, #2066 ) ),
 .UNSPECIFIED., .F., .F., .F.,
 ( 4, 1, 1, 1, 1, 1, 1, 1, 4 ),
 ( 2, 2 ),
 ( 0.0000000000000000000, 0.1437500629234674254, 0.2685736327797126344, 0.3822923843179458214, 0.4905275935712833379, 0.6022349223428677956, 0.7223051604436405704, 0.8548456732751845699, 1.000000000000000000 ),
 ( 0.0000000000000000000, 1.000000000000000000 ),
 .UNSPECIFIED. ) ;
#906 = ADVANCED_FACE ( 'NONE', ( #1782, #1, #977, #860 ), #993, .T. ) ;
#907 = DIRECTION ( 'NONE',  ( 0.0000000000000000000, 0.0000000000000000000, 1.000000000000000000 ) ) ;
#908 = CARTESIAN_POINT ( 'NONE',  ( 1.364570048213274100, 1.947999999999999954, 0.3297653346063704749 ) ) ;
#909 = EDGE_CURVE ( 'NONE', #3670, #4089, #2290, .T. ) ;
#910 = CARTESIAN_POINT ( 'NONE',  ( -0.4249999999999996003, 1.949999999999999956, 0.5922651322583777356 ) ) ;
#911 = CARTESIAN_POINT ( 'NONE',  ( -0.5071446457658066453, 1.949999999999999734, 0.6753056673332188398 ) ) ;
#912 =( NAMED_UNIT ( * ) PLANE_ANGLE_UNIT ( ) SI_UNIT ( $, .RADIAN. ) );
#913 = CARTESIAN_POINT ( 'NONE',  ( 2.850000000000000533, 1.949999999999999956, -2.599999999999999201 ) ) ;
#914 = CARTESIAN_POINT ( 'NONE',  ( -0.4357459951039738821, 1.949999999999999956, -0.9420871314429115628 ) ) ;
#915 = ORIENTED_EDGE ( 'NONE', *, *, #2542, .F. ) ;
#916 = CARTESIAN_POINT ( 'NONE',  ( 2.649999999999999911, 1.949999999999999956, -2.399999999999999023 ) ) ;
#917 = LINE ( 'NONE', #1591, #2576 ) ;
#918 = B_SPLINE_SURFACE_WITH_KNOTS ( 'NONE', 3, 1, ( 
 ( #4148, #246 ),
 ( #4237, #2210 ),
 ( #3216, #718 ),
 ( #2120, #3894 ),
 ( #4620, #4265 ),
 ( #1077, #1424 ),
 ( #2859, #2481 ),
 ( #3569, #1779 ),
 ( #1767, #356 ),
 ( #1006, #634 ),
 ( #291, #1349 ),
 ( #650, #1705 ),
 ( #2058, #2404 ),
 ( #2417, #4540 ),
 ( #4557, #3837 ),
 ( #4200, #3147 ),
 ( #3490, #2797 ),
 ( #3353, #3367 ),
 ( #3378, #4440 ) ),
 .UNSPECIFIED., .F., .F., .F.,
 ( 4, 1, 1, 1, 1, 1, 1, 1, 1, 1, 1, 1, 1, 1, 1, 1, 4 ),
 ( 2, 2 ),
 ( 0.0000000000000000000, 0.06305028065492318534, 0.1238316007327939228, 0.1827430681791538669, 0.2404174908201706651, 0.2965777631229954414, 0.3532562990518625656, 0.4095377961896380370, 0.4670174819011084777, 0.5247071502264095688, 0.5839906311414138074, 0.6445327536348971487, 0.7078335938490695201, 0.7741435574413698673, 0.8443695344174166895, 0.9197211147262119857, 1.000000000000000000 ),
 ( 0.0000000000000000000, 1.000000000000000000 ),
 .UNSPECIFIED. ) ;
#919 = CARTESIAN_POINT ( 'NONE',  ( 0.3031025748671989373, 1.948000000000000398, -0.7598984619015767272 ) ) ;
#920 = CARTESIAN_POINT ( 'NONE',  ( 1.374999999999999334, 1.947999999999999954, 0.6278120072583777134 ) ) ;
#921 = CARTESIAN_POINT ( 'NONE',  ( -0.09999999999999961697, 1.949999999999999956, 0.7504682572583777356 ) ) ;
#922 = CARTESIAN_POINT ( 'NONE',  ( -3.069999999999999396, 1.050000000000000266, -1.249999999999997558 ) ) ;
#923 = PLANE ( 'NONE',  #2020 ) ;
#924 = ORIENTED_EDGE ( 'NONE', *, *, #1807, .F. ) ;
#925 = CARTESIAN_POINT ( 'NONE',  ( 0.5250000000000003553, 1.948000000000000176, -0.6268754927416221312 ) ) ;
#926 = ADVANCED_FACE ( 'NONE', ( #3251 ), #2395, .T. ) ;
#927 = CARTESIAN_POINT ( 'NONE',  ( 2.840729278764758892, 0.1579500538070878202, 1.250000000000001554 ) ) ;
#928 =( LENGTH_UNIT ( ) NAMED_UNIT ( * ) SI_UNIT ( .MILLI., .METRE. ) );
#929 = EDGE_CURVE ( 'NONE', #533, #2486, #3137, .T. ) ;
#930 = VERTEX_POINT ( 'NONE', #271 ) ;
#931 = CARTESIAN_POINT ( 'NONE',  ( -0.1780640152784922214, 1.950000000000000178, -0.9740326654961621866 ) ) ;
#932 = PRESENTATION_STYLE_ASSIGNMENT (( #569 ) ) ;
#933 = LINE ( 'NONE', #2010, #2713 ) ;
#934 = CARTESIAN_POINT ( 'NONE',  ( 0.02226562500000036499, 1.947999999999999954, -1.049531742741622198 ) ) ;
#935 =( NAMED_UNIT ( * ) SI_UNIT ( $, .STERADIAN. ) SOLID_ANGLE_UNIT ( ) );
#936 = ORIENTED_EDGE ( 'NONE', *, *, #2842, .F. ) ;
#937 = EDGE_CURVE ( 'NONE', #2780, #226, #512, .T. ) ;
#938 = CARTESIAN_POINT ( 'NONE',  ( 1.218263156095386490, 1.949999999999999734, 0.1789362262054314257 ) ) ;
#939 = CARTESIAN_POINT ( 'NONE',  ( 0.2558968224242945677, 1.949999999999999956, -0.8515432611457186551 ) ) ;
#940 = LINE ( 'NONE', #4362, #3653 ) ;
#941 = VECTOR ( 'NONE', #4208, 1000.000000000000000 ) ;
#942 = DIRECTION ( 'NONE',  ( -1.668003342285391551E-16, 0.0000000000000000000, 1.000000000000000000 ) ) ;
#943 = ADVANCED_FACE ( 'NONE', ( #290 ), #3632, .T. ) ;
#944 = CARTESIAN_POINT ( 'NONE',  ( 0.3127856165539683597, 1.949999999999999734, -0.7243682285711942059 ) ) ;
#945 = ORIENTED_EDGE ( 'NONE', *, *, #3664, .F. ) ;
#946 = CARTESIAN_POINT ( 'NONE',  ( 0.3246938137983297890, 1.947999999999999510, -0.6188145420693685894 ) ) ;
#947 = EDGE_CURVE ( 'NONE', #338, #3120, #4573, .T. ) ;
#948 = FACE_OUTER_BOUND ( 'NONE', #178, .T. ) ;
#949 = ORIENTED_EDGE ( 'NONE', *, *, #2291, .F. ) ;
#950 = ORIENTED_EDGE ( 'NONE', *, *, #1043, .F. ) ;
#951 = DIRECTION ( 'NONE',  ( -2.170143416902684735E-32, 1.000000000000000000, -1.301042606982605321E-16 ) ) ;
#952 = VECTOR ( 'NONE', #3321, 1000.000000000000000 ) ;
#953 = ORIENTED_EDGE ( 'NONE', *, *, #3195, .F. ) ;
#954 = ORIENTED_EDGE ( 'NONE', *, *, #3474, .T. ) ;
#955 = SURFACE_SIDE_STYLE ('',( #3577 ) ) ;
#956 = CARTESIAN_POINT ( 'NONE',  ( 1.543930863968227651, 1.949999999999999956, -0.5713177517547939344 ) ) ;
#957 = EDGE_CURVE ( 'NONE', #3746, #1603, #2422, .T. ) ;
#958 = DIRECTION ( 'NONE',  ( 0.0000000000000000000, 0.0000000000000000000, -1.000000000000000000 ) ) ;
#959 = LINE ( 'NONE', #430, #106 ) ;
#960 = ORIENTED_EDGE ( 'NONE', *, *, #2492, .F. ) ;
#961 = CARTESIAN_POINT ( 'NONE',  ( 2.719999999999999751, 0.2469693845669906629, -2.599999999999999201 ) ) ;
#962 = ORIENTED_EDGE ( 'NONE', *, *, #676, .T. ) ;
#963 = CARTESIAN_POINT ( 'NONE',  ( 0.1821429568768933027, 1.949999999999999956, -0.1680164902311495623 ) ) ;
#964 = CARTESIAN_POINT ( 'NONE',  ( 0.2745603565120058875, 1.949999999999999512, -0.8234040025839414190 ) ) ;
#965 = PRESENTATION_LAYER_ASSIGNMENT (  '', '', ( #1419 ) ) ;
#966 = CARTESIAN_POINT ( 'NONE',  ( 0.2344560885791101001, 1.948000000000000176, -0.8772425188400435614 ) ) ;
#967 = CARTESIAN_POINT ( 'NONE',  ( 0.2352009995418146149, 1.950000000000000400, -1.023894410874559346 ) ) ;
#968 = CARTESIAN_POINT ( 'NONE',  ( -0.4254925946024945005, 1.948000000000000398, -0.9102718836452257101 ) ) ;
#969 = CARTESIAN_POINT ( 'NONE',  ( 0.1578569943813726562, 1.947999999999999954, -0.1640278507235126138 ) ) ;
#970 = CARTESIAN_POINT ( 'NONE',  ( 1.874999999999999334, 1.947999999999999954, -1.049531742741622198 ) ) ;
#971 = CARTESIAN_POINT ( 'NONE',  ( -0.03164062499999965861, 1.947999999999999954, -0.1495317427416221756 ) ) ;
#972 = ORIENTED_EDGE ( 'NONE', *, *, #3992, .T. ) ;
#973 = ADVANCED_FACE ( 'NONE', ( #1731 ), #896, .T. ) ;
#974 = EDGE_CURVE ( 'NONE', #1498, #2732, #4467, .T. ) ;
#975 = STYLED_ITEM ( 'NONE', ( #265 ), #32 ) ;
#976 = CARTESIAN_POINT ( 'NONE',  ( 3.069999999999998508, 0.1000000000000001027, -1.249999999999999556 ) ) ;
#977 = FACE_BOUND ( 'NONE', #2895, .T. ) ;
#978 = CARTESIAN_POINT ( 'NONE',  ( 0.2522216113529798243, 1.949999999999999956, -0.1909763478023661087 ) ) ;
#979 = DIRECTION ( 'NONE',  ( -1.000000000000000000, 0.0000000000000000000, 0.0000000000000000000 ) ) ;
#980 = DIRECTION ( 'NONE',  ( 1.000000000000000000, 0.0000000000000000000, 0.0000000000000000000 ) ) ;
#981 =( NAMED_UNIT ( * ) SI_UNIT ( $, .STERADIAN. ) SOLID_ANGLE_UNIT ( ) );
#982 = VERTEX_POINT ( 'NONE', #4062 ) ;
#983 = CARTESIAN_POINT ( 'NONE',  ( -0.1601562499999996114, 1.949999999999999956, 0.6754682572583776690 ) ) ;
#984 = CIRCLE ( 'NONE', #747, 0.2000000000000000944 ) ;
#985 = ORIENTED_EDGE ( 'NONE', *, *, #937, .T. ) ;
#986 = EDGE_LOOP ( 'NONE', ( #4609, #3176, #755, #2981 ) ) ;
#987 = CARTESIAN_POINT ( 'NONE',  ( 1.539416436918542352, 1.947999999999999510, -0.3607548097514204355 ) ) ;
#988 = EDGE_CURVE ( 'NONE', #2646, #1878, #917, .T. ) ;
#989 = ADVANCED_FACE ( 'NONE', ( #3528 ), #1223, .F. ) ;
#990 = LINE ( 'NONE', #2137, #2886 ) ;
#991 = ORIENTED_EDGE ( 'NONE', *, *, #2636, .T. ) ;
#992 = CARTESIAN_POINT ( 'NONE',  ( -0.8964843749999994449, 1.949999999999999956, 0.6949995072583777800 ) ) ;
#993 = PLANE ( 'NONE',  #2844 ) ;
#994 = EDGE_CURVE ( 'NONE', #4338, #96, #2696, .T. ) ;
#995 = ORIENTED_EDGE ( 'NONE', *, *, #2403, .T. ) ;
#996 = CARTESIAN_POINT ( 'NONE',  ( 1.374999999999999334, 1.947999999999999954, 0.6278120072583777134 ) ) ;
#997 = B_SPLINE_SURFACE_WITH_KNOTS ( 'NONE', 3, 1, ( 
 ( #802, #419 ),
 ( #3299, #1150 ),
 ( #3641, #1514 ),
 ( #3994, #1853 ),
 ( #4358, #2217 ),
 ( #91, #2584 ),
 ( #457, #2961 ),
 ( #816, #3310 ),
 ( #1174, #3655 ),
 ( #1528, #4007 ),
 ( #1876, #4373 ) ),
 .UNSPECIFIED., .F., .F., .F.,
 ( 4, 1, 1, 1, 1, 1, 1, 1, 4 ),
 ( 2, 2 ),
 ( 0.0000000000000000000, 0.1208882608515991219, 0.2327678277454100775, 0.3405771785804135310, 0.4498082525890443883, 0.5662647939726858093, 0.6953233026002477724, 0.8392341133272409603, 1.000000000000000000 ),
 ( 0.0000000000000000000, 1.000000000000000000 ),
 .UNSPECIFIED. ) ;
#998 = FACE_OUTER_BOUND ( 'NONE', #3227, .T. ) ;
#999 = ORIENTED_EDGE ( 'NONE', *, *, #1838, .T. ) ;
#1000 = ORIENTED_EDGE ( 'NONE', *, *, #2139, .F. ) ;
#1001 = EDGE_LOOP ( 'NONE', ( #4617, #2315, #2333, #1693 ) ) ;
#1002 = LINE ( 'NONE', #1415, #1936 ) ;
#1003 = ORIENTED_EDGE ( 'NONE', *, *, #4505, .T. ) ;
#1004 = CARTESIAN_POINT ( 'NONE',  ( -1.930078124999999423, 1.947999999999999954, 0.1571088822583777689 ) ) ;
#1005 = LINE ( 'NONE', #1238, #2787 ) ;
#1006 = CARTESIAN_POINT ( 'NONE',  ( 0.2247701478301688538, 1.947999999999864729, -0.3161732815756836956 ) ) ;
#1007 = ORIENTED_EDGE ( 'NONE', *, *, #1906, .F. ) ;
#1008 = EDGE_LOOP ( 'NONE', ( #1742, #2841, #3294, #253 ) ) ;
#1009 = VERTEX_POINT ( 'NONE', #1250 ) ;
#1010 = CARTESIAN_POINT ( 'NONE',  ( 3.069999999999999396, 1.050000000000000266, 1.250000000000001554 ) ) ;
#1011 = FACE_OUTER_BOUND ( 'NONE', #1665, .T. ) ;
#1012 = DIRECTION ( 'NONE',  ( 1.000000000000000000, 0.0000000000000000000, 0.0000000000000000000 ) ) ;
#1013 = SURFACE_STYLE_USAGE ( .BOTH. , #955 ) ;
#1014 = CARTESIAN_POINT ( 'NONE',  ( 1.374999999999999334, 1.949999999999999956, 0.6278120072583777134 ) ) ;
#1015 = CARTESIAN_POINT ( 'NONE',  ( 1.969999999999998641, -0.09999999999999958922, 1.250000000000000444 ) ) ;
#1016 = CARTESIAN_POINT ( 'NONE',  ( 1.398853443144161712, 1.947999999999999954, 0.04497125316744850221 ) ) ;
#1017 = VERTEX_POINT ( 'NONE', #220 ) ;
#1018 = STYLED_ITEM ( 'NONE', ( #3789 ), #3447 ) ;
#1019 = CARTESIAN_POINT ( 'NONE',  ( 1.374999999999999334, 1.947999999999999954, 0.6278120072583777134 ) ) ;
#1020 = CARTESIAN_POINT ( 'NONE',  ( 0.5625000000000003331, 1.947999999999999954, 0.6754682572583776690 ) ) ;
#1021 = CARTESIAN_POINT ( 'NONE',  ( 0.1821429568768933027, 1.950000000000000178, -0.1680164902311495623 ) ) ;
#1022 = CARTESIAN_POINT ( 'NONE',  ( 1.371991470759382770, 1.948000000000000176, 0.4856109017844643660 ) ) ;
#1023 = CARTESIAN_POINT ( 'NONE',  ( -8.870745047608670849E-16, 0.1000000000000000056, -1.499999999999999112 ) ) ;
#1024 = VERTEX_POINT ( 'NONE', #4441 ) ;
#1025 = CARTESIAN_POINT ( 'NONE',  ( -0.1961579192086493340, 1.948000000000000620, 0.6708549736007173303 ) ) ;
#1026 = CARTESIAN_POINT ( 'NONE',  ( -3.069999999999999396, 1.050000000000000266, 1.250000000000001554 ) ) ;
#1027 = EDGE_CURVE ( 'NONE', #2264, #4560, #1520, .T. ) ;
#1028 = ORIENTED_EDGE ( 'NONE', *, *, #2337, .T. ) ;
#1029 = CARTESIAN_POINT ( 'NONE',  ( 1.317244926267211458, 1.947999999999999066, 0.7687620779377969393 ) ) ;
#1030 = B_SPLINE_CURVE_WITH_KNOTS ( 'NONE', 3,
 ( #3000, #1207, #3696, #1567, #4045, #1916, #4415, #2275, #143, #2639, #507, #3013, #873, #3370, #1228, #3711, #1577, #4065, #1930 ),
 .UNSPECIFIED., .F., .F.,
 ( 4, 1, 1, 1, 1, 1, 1, 1, 1, 1, 1, 1, 1, 1, 1, 1, 4 ),
 ( 0.0000000000000000000, 0.07504821523037906450, 0.1486039369177886149, 0.2211717323084692599, 0.2920393210481821988, 0.3618842625667061941, 0.4301196306127530455, 0.4975360869343311565, 0.5636695384675781684, 0.6277398200506122405, 0.6889461195084187750, 0.7471061688603596318, 0.8025769415166145171, 0.8557393062067339962, 0.9061777337425384049, 0.9540073152136169243, 1.000000000000000000 ),
 .UNSPECIFIED. ) ;
#1031 = COLOUR_RGB ( '',0.3098039215686274606, 0.3098039215686274606, 0.3098039215686274606 ) ;
#1032 = ORIENTED_EDGE ( 'NONE', *, *, #4598, .T. ) ;
#1033 = DIRECTION ( 'NONE',  ( 0.0000000000000000000, 0.0000000000000000000, -1.000000000000000000 ) ) ;
#1034 = FILL_AREA_STYLE_COLOUR ( '', #4524 ) ;
#1035 = CARTESIAN_POINT ( 'NONE',  ( 0.3250000000000003997, 1.949999999999999956, -0.6046098677416221756 ) ) ;
#1036 = FACE_OUTER_BOUND ( 'NONE', #2775, .T. ) ;
#1037 = ORIENTED_EDGE ( 'NONE', *, *, #4417, .F. ) ;
#1038 = CARTESIAN_POINT ( 'NONE',  ( -2.792580928373622040, 0.1000000000000000472, 1.250000000000001554 ) ) ;
#1039 = VECTOR ( 'NONE', #793, 1000.000000000000227 ) ;
#1040 =( GEOMETRIC_REPRESENTATION_CONTEXT ( 3 ) GLOBAL_UNCERTAINTY_ASSIGNED_CONTEXT ( ( #2457 ) ) GLOBAL_UNIT_ASSIGNED_CONTEXT ( ( #4138, #2004, #4494 ) ) REPRESENTATION_CONTEXT ( 'NONE', 'WORKASPACE' ) );
#1041 = CARTESIAN_POINT ( 'NONE',  ( 2.850000000000000533, 0.0000000000000000000, -2.399999999999999023 ) ) ;
#1042 = PRESENTATION_STYLE_ASSIGNMENT (( #1582 ) ) ;
#1043 = EDGE_CURVE ( 'NONE', #2211, #3603, #3422, .T. ) ;
#1044 = VECTOR ( 'NONE', #2745, 1000.000000000000000 ) ;
#1045 = LINE ( 'NONE', #2442, #95 ) ;
#1046 = DIRECTION ( 'NONE',  ( 0.0000000000000000000, 0.0000000000000000000, -1.000000000000000000 ) ) ;
#1047 = VERTEX_POINT ( 'NONE', #4066 ) ;
#1048 = PRESENTATION_STYLE_ASSIGNMENT (( #3363 ) ) ;
#1049 = FILL_AREA_STYLE ('',( #1034 ) ) ;
#1050 = EDGE_CURVE ( 'NONE', #2752, #1492, #4356, .T. ) ;
#1051 = DIRECTION ( 'NONE',  ( 0.1656782175001126067, 0.0000000000000000000, -0.9861798660721001752 ) ) ;
#1052 = LINE ( 'NONE', #3896, #2835 ) ;
#1053 = ORIENTED_EDGE ( 'NONE', *, *, #2855, .T. ) ;
#1054 = VERTEX_POINT ( 'NONE', #1578 ) ;
#1055 = LINE ( 'NONE', #1026, #952 ) ;
#1056 = VERTEX_POINT ( 'NONE', #339 ) ;
#1057 = LINE ( 'NONE', #2190, #3671 ) ;
#1058 = CARTESIAN_POINT ( 'NONE',  ( 1.418550995206711907, 1.949999999999999734, -0.03098175251406928149 ) ) ;
#1059 = FACE_OUTER_BOUND ( 'NONE', #2176, .T. ) ;
#1060 = DIRECTION ( 'NONE',  ( 1.000000000000000000, 0.0000000000000000000, 0.0000000000000000000 ) ) ;
#1061 = DIRECTION ( 'NONE',  ( 0.0000000000000000000, 0.0000000000000000000, 1.000000000000000000 ) ) ;
#1062 = VERTEX_POINT ( 'NONE', #674 ) ;
#1063 = ORIENTED_EDGE ( 'NONE', *, *, #2392, .T. ) ;
#1064 = DIRECTION ( 'NONE',  ( 1.000000000000000000, -8.680573667610716020E-34, -1.734723475976806848E-16 ) ) ;
#1065 = DIRECTION ( 'NONE',  ( 0.0000000000000000000, -1.000000000000000000, 0.0000000000000000000 ) ) ;
#1066 = FILL_AREA_STYLE ('',( #4252 ) ) ;
#1067 = CARTESIAN_POINT ( 'NONE',  ( 2.919999999999999485, 0.05000000000000023870, -6.505213034913058189E-18 ) ) ;
#1068 = EDGE_CURVE ( 'NONE', #96, #1632, #675, .T. ) ;
#1069 = CARTESIAN_POINT ( 'NONE',  ( -0.4254282553332949246, 1.948000000000000398, 0.6110987382688288783 ) ) ;
#1070 = CARTESIAN_POINT ( 'NONE',  ( 1.442533940070729326, 1.948000000000000176, -0.1096469340164602790 ) ) ;
#1071 = STYLED_ITEM ( 'NONE', ( #1423 ), #2666 ) ;
#1072 = ORIENTED_EDGE ( 'NONE', *, *, #1359, .F. ) ;
#1073 = EDGE_CURVE ( 'NONE', #4230, #3938, #2336, .T. ) ;
#1074 = DIRECTION ( 'NONE',  ( 0.0000000000000000000, 0.0000000000000000000, -1.000000000000000000 ) ) ;
#1075 = MECHANICAL_DESIGN_GEOMETRIC_PRESENTATION_REPRESENTATION (  '', ( #602 ), #1316 ) ;
#1076 = CARTESIAN_POINT ( 'NONE',  ( -0.5148437499999997113, 1.947999999999999954, 0.6754682572583776690 ) ) ;
#1077 = CARTESIAN_POINT ( 'NONE',  ( 0.1108422718166211379, 1.947999999999864507, -0.2469848635021245631 ) ) ;
#1078 = CARTESIAN_POINT ( 'NONE',  ( 0.1821429568768933027, 1.947999999999999954, -0.1680164902311495623 ) ) ;
#1079 = DIRECTION ( 'NONE',  ( -1.000000000000000000, 0.0000000000000000000, 0.0000000000000000000 ) ) ;
#1080 = CARTESIAN_POINT ( 'NONE',  ( -0.8015624999999995115, 1.949999999999999956, 0.7582807572583777356 ) ) ;
#1081 = CARTESIAN_POINT ( 'NONE',  ( -0.2499999999999996392, 1.949999999999999956, -0.1495317427416221756 ) ) ;
#1082 = CARTESIAN_POINT ( 'NONE',  ( 0.4804566266255569928, 1.948000000000000176, -0.3999048532800211775 ) ) ;
#1083 = ORIENTED_EDGE ( 'NONE', *, *, #2790, .F. ) ;
#1084 = CARTESIAN_POINT ( 'NONE',  ( 1.470687433733664617, 1.949999999999999734, -0.1912049795584070400 ) ) ;
#1085 = FACE_OUTER_BOUND ( 'NONE', #3022, .T. ) ;
#1086 = LINE ( 'NONE', #4575, #132 ) ;
#1087 = ORIENTED_EDGE ( 'NONE', *, *, #1391, .T. ) ;
#1088 = CARTESIAN_POINT ( 'NONE',  ( 1.184570836518352710, 1.948000000000000176, 0.3155642374280125395 ) ) ;
#1089 = MECHANICAL_DESIGN_GEOMETRIC_PRESENTATION_REPRESENTATION (  '', ( #4036 ), #1330 ) ;
#1090 = CARTESIAN_POINT ( 'NONE',  ( -0.04843749999999965444, 1.947999999999999954, -0.9745317427416221312 ) ) ;
#1091 = CARTESIAN_POINT ( 'NONE',  ( -2.750000000000000000, 0.2000000000000000944, -2.599999999999999201 ) ) ;
#1092 = CARTESIAN_POINT ( 'NONE',  ( 0.2177130563399392871, 1.949999999999999734, -0.1778897643601864142 ) ) ;
#1093 = DIRECTION ( 'NONE',  ( -0.9257801419025528666, 0.0000000000000000000, 0.3780623346207464541 ) ) ;
#1094 = EDGE_LOOP ( 'NONE', ( #2509, #960, #3191, #1455 ) ) ;
#1095 = ORIENTED_EDGE ( 'NONE', *, *, #2019, .F. ) ;
#1096 = FACE_OUTER_BOUND ( 'NONE', #4190, .T. ) ;
#1097 = MECHANICAL_DESIGN_GEOMETRIC_PRESENTATION_REPRESENTATION (  '', ( #624 ), #1339 ) ;
#1098 = CARTESIAN_POINT ( 'NONE',  ( 1.442533940070729326, 1.950000000000000178, -0.1096469340164602790 ) ) ;
#1099 = VERTEX_POINT ( 'NONE', #4242 ) ;
#1100 = ORIENTED_EDGE ( 'NONE', *, *, #4478, .T. ) ;
#1101 = ORIENTED_EDGE ( 'NONE', *, *, #633, .F. ) ;
#1102 = ORIENTED_EDGE ( 'NONE', *, *, #3263, .T. ) ;
#1103 = FACE_OUTER_BOUND ( 'NONE', #709, .T. ) ;
#1104 =( LENGTH_UNIT ( ) NAMED_UNIT ( * ) SI_UNIT ( .MILLI., .METRE. ) );
#1105 = CARTESIAN_POINT ( 'NONE',  ( 1.283868122263189138, 1.949999999999999067, -0.01970096054249076759 ) ) ;
#1106 = LINE ( 'NONE', #1566, #275 ) ;
#1107 = PLANE ( 'NONE',  #1952 ) ;
#1108 = ORIENTED_EDGE ( 'NONE', *, *, #2295, .T. ) ;
#1109 = ORIENTED_EDGE ( 'NONE', *, *, #3698, .T. ) ;
#1110 = CARTESIAN_POINT ( 'NONE',  ( 1.374786841111830027, 1.949999999999999734, 0.6408568797345463031 ) ) ;
#1111 = EDGE_CURVE ( 'NONE', #2012, #1140, #2451, .T. ) ;
#1112 = SURFACE_STYLE_FILL_AREA ( #1598 ) ;
#1113 = ORIENTED_EDGE ( 'NONE', *, *, #548, .F. ) ;
#1114 = CARTESIAN_POINT ( 'NONE',  ( 1.155077136052323317, 1.948000000000000176, 0.4981131265093856619 ) ) ;
#1115 = LINE ( 'NONE', #615, #2155 ) ;
#1116 = CARTESIAN_POINT ( 'NONE',  ( 1.969999999999998641, -0.09999999999999958922, 1.250000000000000444 ) ) ;
#1117 = DIRECTION ( 'NONE',  ( -8.340016711426957754E-17, -0.0000000000000000000, -1.000000000000000000 ) ) ;
#1118 = EDGE_CURVE ( 'NONE', #2296, #4497, #4133, .T. ) ;
#1119 = CARTESIAN_POINT ( 'NONE',  ( 0.4582031250000002665, 1.949999999999999956, 0.6032026322583777800 ) ) ;
#1120 = CARTESIAN_POINT ( 'NONE',  ( 1.469718235009653151, 1.948000000000001064, -0.4261964218215025246 ) ) ;
#1121 = B_SPLINE_CURVE_WITH_KNOTS ( 'NONE', 3,
 ( #3146, #1512, #4055, #2627, #2631, #590, #3223, #764, #1145, #466, #1168, #1556, #3307, #4353, #1525, #3339, #2545, #862, #261 ),
 .UNSPECIFIED., .F., .F.,
 ( 4, 1, 1, 1, 1, 1, 1, 1, 1, 1, 1, 1, 1, 1, 1, 1, 4 ),
 ( 0.0000000000000000000, 0.07824767971357381169, 0.1520862088087482356, 0.2217853390228740895, 0.2883126069761516308, 0.3509753561916606479, 0.4112311774522670604, 0.4693787085670911852, 0.5261203244490839648, 0.5818586544643133962, 0.6366100824393705615, 0.6917228772266450498, 0.7479300232772827517, 0.8059839491622031726, 0.8669575541775801364, 0.9316382373724290122, 0.9999999999999998890 ),
 .UNSPECIFIED. ) ;
#1122 = CARTESIAN_POINT ( 'NONE',  ( -1.344202490143848960, 1.948000000000000176, 0.6939961711547680823 ) ) ;
#1123 = SURFACE_SIDE_STYLE ('',( #2777 ) ) ;
#1124 = ORIENTED_EDGE ( 'NONE', *, *, #3547, .F. ) ;
#1125 = CARTESIAN_POINT ( 'NONE',  ( 1.374999999999999334, 1.949999999999999956, 0.6278120072583777134 ) ) ;
#1126 = CARTESIAN_POINT ( 'NONE',  ( 1.375702600561551137, 1.947999999999999510, -0.2328804441932587066 ) ) ;
#1127 = CARTESIAN_POINT ( 'NONE',  ( 1.539416436918542352, 1.949999999999999512, -0.3607548097514204355 ) ) ;
#1128 = CARTESIAN_POINT ( 'NONE',  ( 0.0000000000000000000, 0.1000000000000000056, 1.500000000000000000 ) ) ;
#1129 = CARTESIAN_POINT ( 'NONE',  ( 0.4799545405733309233, 1.950000000000000178, 0.6374637870988865140 ) ) ;
#1130 = DIRECTION ( 'NONE',  ( 1.000000000000000000, -0.0000000000000000000, -0.0000000000000000000 ) ) ;
#1131 = EDGE_CURVE ( 'NONE', #1893, #2296, #2229, .T. ) ;
#1132 = EDGE_CURVE ( 'NONE', #1789, #2192, #1464, .T. ) ;
#1133 = CARTESIAN_POINT ( 'NONE',  ( -1.223437499999999512, 1.947999999999999954, 0.1465620072583777578 ) ) ;
#1134 = ORIENTED_EDGE ( 'NONE', *, *, #1453, .T. ) ;
#1135 = CARTESIAN_POINT ( 'NONE',  ( 1.703608276568245206, 1.950000000000000178, -0.8705157094203244128 ) ) ;
#1136 = DIRECTION ( 'NONE',  ( -1.000000000000000000, 0.0000000000000000000, 0.0000000000000000000 ) ) ;
#1137 = DIRECTION ( 'NONE',  ( 0.8463546595498929737, 0.0000000000000000000, 0.5326197426477775609 ) ) ;
#1138 = CARTESIAN_POINT ( 'NONE',  ( 0.9121093749999994449, 1.947999999999999954, -0.5995317427416220202 ) ) ;
#1139 = VECTOR ( 'NONE', #1790, 1000.000000000000000 ) ;
#1140 = VERTEX_POINT ( 'NONE', #4326 ) ;
#1141 = DIRECTION ( 'NONE',  ( 1.000000000000000000, 0.0000000000000000000, -1.577021341797096623E-15 ) ) ;
#1142 = SURFACE_STYLE_USAGE ( .BOTH. , #3290 ) ;
#1143 = CARTESIAN_POINT ( 'NONE',  ( -0.5749999999999995115, 1.947999999999999954, 0.6754682572583776690 ) ) ;
#1144 = VECTOR ( 'NONE', #1550, 1000.000000000000000 ) ;
#1145 = CARTESIAN_POINT ( 'NONE',  ( 0.3599253582375005478, 1.950000000000000400, -0.9695633288227186730 ) ) ;
#1146 = VECTOR ( 'NONE', #3925, 1000.000000000000000 ) ;
#1147 = VECTOR ( 'NONE', #794, 1000.000000000000000 ) ;
#1148 = UNCERTAINTY_MEASURE_WITH_UNIT (LENGTH_MEASURE( 1.000000000000000082E-05 ), #3635, 'distance_accuracy_value', 'NONE');
#1149 = ORIENTED_EDGE ( 'NONE', *, *, #4117, .T. ) ;
#1150 = CARTESIAN_POINT ( 'NONE',  ( 1.173987005368898551, 1.949999999999999956, -0.8987187397733361616 ) ) ;
#1151 = DIRECTION ( 'NONE',  ( 1.668003342285391551E-16, 0.0000000000000000000, 1.000000000000000000 ) ) ;
#1152 = VECTOR ( 'NONE', #3446, 1000.000000000000227 ) ;
#1153 = CARTESIAN_POINT ( 'NONE',  ( -0.8015624999999995115, 1.949999999999999956, 0.6949995072583777800 ) ) ;
#1154 = LINE ( 'NONE', #2165, #203 ) ;
#1155 = EDGE_CURVE ( 'NONE', #1429, #2035, #2926, .T. ) ;
#1156 = ORIENTED_EDGE ( 'NONE', *, *, #335, .F. ) ;
#1157 = LINE ( 'NONE', #4409, #209 ) ;
#1158 = DIRECTION ( 'NONE',  ( 1.577021341797096623E-15, 0.0000000000000000000, 1.000000000000000000 ) ) ;
#1159 = DIRECTION ( 'NONE',  ( 1.668003342285391551E-16, 0.0000000000000000000, 1.000000000000000000 ) ) ;
#1160 = CARTESIAN_POINT ( 'NONE',  ( 0.07979734129323104441, 1.947999999999999510, -1.048818587392941426 ) ) ;
#1161 = FILL_AREA_STYLE ('',( #452 ) ) ;
#1162 = LINE ( 'NONE', #4251, #1990 ) ;
#1163 = ORIENTED_EDGE ( 'NONE', *, *, #2704, .T. ) ;
#1164 = AXIS2_PLACEMENT_3D ( 'NONE', #4579, #318, #2816 ) ;
#1165 = ORIENTED_EDGE ( 'NONE', *, *, #4131, .T. ) ;
#1166 = AXIS2_PLACEMENT_3D ( 'NONE', #1763, #2116, #4616 ) ;
#1167 = VECTOR ( 'NONE', #4035, 1000.000000000000000 ) ;
#1168 = CARTESIAN_POINT ( 'NONE',  ( 0.4254655263455461300, 1.950000000000000400, -0.9163555938912182341 ) ) ;
#1169 = ORIENTED_EDGE ( 'NONE', *, *, #1360, .T. ) ;
#1170 = EDGE_CURVE ( 'NONE', #1377, #1539, #4012, .T. ) ;
#1171 = AXIS2_PLACEMENT_3D ( 'NONE', #4544, #3826, #390 ) ;
#1172 = LINE ( 'NONE', #2921, #3783 ) ;
#1173 = CARTESIAN_POINT ( 'NONE',  ( -1.223793444245258266, 1.949999999999999734, 0.5693992139488633919 ) ) ;
#1174 = CARTESIAN_POINT ( 'NONE',  ( 0.9275983890679022625, 1.947999999999999954, -0.6677884021245813484 ) ) ;
#1175 = DIRECTION ( 'NONE',  ( -1.329281555707085585E-14, 1.000000000000000000, 1.773188050494081155E-13 ) ) ;
#1176 = CARTESIAN_POINT ( 'NONE',  ( -2.919999999999999485, 0.05000000000000040523, 1.250000000000001554 ) ) ;
#1177 = ADVANCED_FACE ( 'NONE', ( #2818 ), #923, .T. ) ;
#1178 = CARTESIAN_POINT ( 'NONE',  ( 2.365532012695649373E-15, 0.1000000000000000056, 1.500000000000002887 ) ) ;
#1179 = EDGE_CURVE ( 'NONE', #1603, #2039, #586, .T. ) ;
#1180 = CARTESIAN_POINT ( 'NONE',  ( -2.849999999999999645, 1.949999999999999956, -2.599999999999999201 ) ) ;
#1181 = CARTESIAN_POINT ( 'NONE',  ( 0.2862753745581189113, 1.950000000000001066, -0.4009586065441435587 ) ) ;
#1182 = CARTESIAN_POINT ( 'NONE',  ( -0.2499999999999996392, 1.947999999999999954, -0.8925004927416221312 ) ) ;
#1183 = EDGE_CURVE ( 'NONE', #3120, #2271, #1536, .T. ) ;
#1184 = CARTESIAN_POINT ( 'NONE',  ( 0.1108422718166211379, 1.947999999999999732, -0.2469848635021245631 ) ) ;
#1185 = DIRECTION ( 'NONE',  ( 1.000000000000000000, 0.0000000000000000000, 0.0000000000000000000 ) ) ;
#1186 = ORIENTED_EDGE ( 'NONE', *, *, #1388, .T. ) ;
#1187 = PLANE ( 'NONE',  #1249 ) ;
#1188 = AXIS2_PLACEMENT_3D ( 'NONE', #3497, #298, #2804 ) ;
#1189 = CARTESIAN_POINT ( 'NONE',  ( -2.849999999999999645, 0.0000000000000000000, -2.399999999999999023 ) ) ;
#1190 = DIRECTION ( 'NONE',  ( 1.000000000000000000, 0.0000000000000000000, 0.0000000000000000000 ) ) ;
#1191 = CARTESIAN_POINT ( 'NONE',  ( 4.340286833805369471E-33, -0.09999999999999974187, 1.301042606982602085E-17 ) ) ;
#1192 = ADVANCED_FACE ( 'NONE', ( #3438 ), #1627, .T. ) ;
#1193 = CARTESIAN_POINT ( 'NONE',  ( 1.713205598861722301, 1.947999999999999954, -0.7098637071688893574 ) ) ;
#1194 = ORIENTED_EDGE ( 'NONE', *, *, #1348, .F. ) ;
#1195 = EDGE_CURVE ( 'NONE', #1923, #156, #1411, .T. ) ;
#1196 = PRESENTATION_LAYER_ASSIGNMENT (  '', '', ( #975 ) ) ;
#1197 = CARTESIAN_POINT ( 'NONE',  ( 0.3250000000000003997, 1.947999999999999954, -0.6046098677416221756 ) ) ;
#1198 = CYLINDRICAL_SURFACE ( 'NONE', #3922, 0.1499999999999999944 ) ;
#1199 = FACE_OUTER_BOUND ( 'NONE', #2405, .T. ) ;
#1200 = CARTESIAN_POINT ( 'NONE',  ( 0.04031693723677075986, 1.949999999999999289, -0.9688166605692372091 ) ) ;
#1201 = ORIENTED_EDGE ( 'NONE', *, *, #3698, .F. ) ;
#1202 = DIRECTION ( 'NONE',  ( -1.000000000000000000, 0.0000000000000000000, 0.0000000000000000000 ) ) ;
#1203 = PLANE ( 'NONE',  #2689 ) ;
#1204 = FACE_OUTER_BOUND ( 'NONE', #3234, .T. ) ;
#1205 =( NAMED_UNIT ( * ) SI_UNIT ( $, .STERADIAN. ) SOLID_ANGLE_UNIT ( ) );
#1206 = DIRECTION ( 'NONE',  ( 1.000000000000000000, 0.0000000000000000000, 0.0000000000000000000 ) ) ;
#1207 = CARTESIAN_POINT ( 'NONE',  ( 1.856008364469154737, 1.948000000000000176, -0.9459556516996279196 ) ) ;
#1208 = CYLINDRICAL_SURFACE ( 'NONE', #1672, 0.1499999999999999667 ) ;
#1209 = CARTESIAN_POINT ( 'NONE',  ( -2.719999999999998863, 0.7751668522645223103, 1.250000000000001554 ) ) ;
#1210 = SURFACE_STYLE_FILL_AREA ( #796 ) ;
#1211 =( LENGTH_UNIT ( ) NAMED_UNIT ( * ) SI_UNIT ( .MILLI., .METRE. ) );
#1212 = ORIENTED_EDGE ( 'NONE', *, *, #60, .T. ) ;
#1213 = ORIENTED_EDGE ( 'NONE', *, *, #3167, .F. ) ;
#1214 = ADVANCED_FACE ( 'NONE', ( #2357 ), #579, .T. ) ;
#1215 = SURFACE_STYLE_USAGE ( .BOTH. , #1123 ) ;
#1216 = ORIENTED_EDGE ( 'NONE', *, *, #1345, .F. ) ;
#1217 = FACE_OUTER_BOUND ( 'NONE', #4198, .T. ) ;
#1218 = VECTOR ( 'NONE', #491, 1000.000000000000000 ) ;
#1219 = EDGE_CURVE ( 'NONE', #1242, #1941, #4150, .T. ) ;
#1220 = ORIENTED_EDGE ( 'NONE', *, *, #4126, .T. ) ;
#1221 = VERTEX_POINT ( 'NONE', #4113 ) ;
#1222 = DIRECTION ( 'NONE',  ( -0.0000000000000000000, 1.000000000000000000, -0.0000000000000000000 ) ) ;
#1223 = PLANE ( 'NONE',  #352 ) ;
#1224 = DIRECTION ( 'NONE',  ( -0.0000000000000000000, 1.000000000000000000, -0.0000000000000000000 ) ) ;
#1225 = ORIENTED_EDGE ( 'NONE', *, *, #3664, .T. ) ;
#1226 = ORIENTED_EDGE ( 'NONE', *, *, #2469, .T. ) ;
#1227 = CARTESIAN_POINT ( 'NONE',  ( 1.008064138123621056, 1.949999999999999956, -0.8249030908122402250 ) ) ;
#1228 = CARTESIAN_POINT ( 'NONE',  ( 1.383650333485077821, 1.948000000000000620, 0.1182445135957468502 ) ) ;
#1229 = VECTOR ( 'NONE', #197, 1000.000000000000000 ) ;
#1230 = EDGE_CURVE ( 'NONE', #2151, #2522, #3207, .T. ) ;
#1231 = AXIS2_PLACEMENT_3D ( 'NONE', #4043, #4028, #4015 ) ;
#1232 = CARTESIAN_POINT ( 'NONE',  ( -0.4254282553332949246, 1.948000000000000398, 0.6110987382688288783 ) ) ;
#1233 = DIRECTION ( 'NONE',  ( -0.0000000000000000000, 1.000000000000000000, -0.0000000000000000000 ) ) ;
#1234 = CARTESIAN_POINT ( 'NONE',  ( 0.04031693723677075986, 1.947999999999999288, -0.9688166605692372091 ) ) ;
#1235 = DIRECTION ( 'NONE',  ( -0.0000000000000000000, 1.000000000000000000, -0.0000000000000000000 ) ) ;
#1236 = ORIENTED_EDGE ( 'NONE', *, *, #1818, .F. ) ;
#1237 = CARTESIAN_POINT ( 'NONE',  ( -1.930078124999999423, 1.947999999999999954, 0.1571088822583777689 ) ) ;
#1238 = CARTESIAN_POINT ( 'NONE',  ( 0.6250000000000003331, 1.947999999999999954, 0.6754682572583776690 ) ) ;
#1239 = CARTESIAN_POINT ( 'NONE',  ( 1.149999999999999245, 1.947999999999999954, 0.6059370072583776246 ) ) ;
#1240 = COLOUR_RGB ( '',0.3098039215686274606, 0.3098039215686274606, 0.3098039215686274606 ) ;
#1241 = ADVANCED_FACE ( 'NONE', ( #2244 ), #905, .T. ) ;
#1242 = VERTEX_POINT ( 'NONE', #4078 ) ;
#1243 = CARTESIAN_POINT ( 'NONE',  ( -1.835156249999999156, 1.949999999999999956, 0.1465620072583776468 ) ) ;
#1244 = CARTESIAN_POINT ( 'NONE',  ( -0.2253892730022856450, 1.950000000000000178, 0.6552401202747987208 ) ) ;
#1245 = CARTESIAN_POINT ( 'NONE',  ( 0.1177570121112068990, 1.950000000000000400, -0.9511546469697838013 ) ) ;
#1246 = CARTESIAN_POINT ( 'NONE',  ( -0.1657772393262032518, 1.949999999999999956, -0.9743607753621169598 ) ) ;
#1247 = ORIENTED_EDGE ( 'NONE', *, *, #4595, .T. ) ;
#1248 =( NAMED_UNIT ( * ) PLANE_ANGLE_UNIT ( ) SI_UNIT ( $, .RADIAN. ) );
#1249 = AXIS2_PLACEMENT_3D ( 'NONE', #3680, #4399, #2247 ) ;
#1250 = CARTESIAN_POINT ( 'NONE',  ( -0.5749999999999995115, 1.949999999999999956, 0.7504682572583777356 ) ) ;
#1251 = CARTESIAN_POINT ( 'NONE',  ( -3.069999999999999396, 1.050000000000000266, 1.250000000000001554 ) ) ;
#1252 = CARTESIAN_POINT ( 'NONE',  ( -1.223437499999999512, 1.949999999999999956, 0.5578901322583778022 ) ) ;
#1253 = CARTESIAN_POINT ( 'NONE',  ( -0.4569693768883054674, 1.949999999999999956, -0.9637753671948874334 ) ) ;
#1254 = VECTOR ( 'NONE', #3595, 1000.000000000000000 ) ;
#1255 = ORIENTED_EDGE ( 'NONE', *, *, #3103, .F. ) ;
#1256 = AXIS2_PLACEMENT_3D ( 'NONE', #2721, #2742, #3089 ) ;
#1257 = CARTESIAN_POINT ( 'NONE',  ( -0.8015624999999995115, 1.947999999999999954, 0.7582807572583777356 ) ) ;
#1258 = LINE ( 'NONE', #2503, #2306 ) ;
#1259 = ADVANCED_FACE ( 'NONE', ( #3106 ), #1198, .T. ) ;
#1260 = CARTESIAN_POINT ( 'NONE',  ( 0.3127856165539683597, 1.947999999999999732, -0.7243682285711942059 ) ) ;
#1261 = VECTOR ( 'NONE', #3946, 1000.000000000000000 ) ;
#1262 = CARTESIAN_POINT ( 'NONE',  ( -0.1593749999999996836, 1.949999999999999956, -0.9745317427416221312 ) ) ;
#1263 = EDGE_CURVE ( 'NONE', #4452, #1468, #359, .T. ) ;
#1264 = LINE ( 'NONE', #3799, #3867 ) ;
#1265 =( LENGTH_UNIT ( ) NAMED_UNIT ( * ) SI_UNIT ( .MILLI., .METRE. ) );
#1266 = DIRECTION ( 'NONE',  ( 1.000000000000000000, 0.0000000000000000000, 0.0000000000000000000 ) ) ;
#1267 = DIRECTION ( 'NONE',  ( 5.913830031739117515E-16, 0.0000000000000000000, 1.000000000000000000 ) ) ;
#1268 = CARTESIAN_POINT ( 'NONE',  ( 0.2522216113529798243, 1.947999999999999954, -0.1909763478023661087 ) ) ;
#1269 = CYLINDRICAL_SURFACE ( 'NONE', #191, 0.09999999999999982514 ) ;
#1270 = DIRECTION ( 'NONE',  ( -0.0000000000000000000, 1.000000000000000000, -0.0000000000000000000 ) ) ;
#1271 = CARTESIAN_POINT ( 'NONE',  ( 0.3250000000000003997, 1.949999999999999956, -0.6046098677416221756 ) ) ;
#1272 = ORIENTED_EDGE ( 'NONE', *, *, #1453, .F. ) ;
#1273 = VECTOR ( 'NONE', #2608, 1000.000000000000000 ) ;
#1274 = VECTOR ( 'NONE', #2825, 1000.000000000000000 ) ;
#1275 = ORIENTED_EDGE ( 'NONE', *, *, #4622, .F. ) ;
#1276 = VERTEX_POINT ( 'NONE', #1369 ) ;
#1277 = LINE ( 'NONE', #2905, #3999 ) ;
#1278 = VERTEX_POINT ( 'NONE', #1995 ) ;
#1279 = ORIENTED_EDGE ( 'NONE', *, *, #3526, .F. ) ;
#1280 =( NAMED_UNIT ( * ) SI_UNIT ( $, .STERADIAN. ) SOLID_ANGLE_UNIT ( ) );
#1281 = VECTOR ( 'NONE', #1452, 1000.000000000000000 ) ;
#1282 = CARTESIAN_POINT ( 'NONE',  ( 0.3196732825782326870, 1.950000000000000844, -0.6865947622113757198 ) ) ;
#1283 = CARTESIAN_POINT ( 'NONE',  ( -0.2113631532733617202, 1.950000000000000622, -0.9633283048749483601 ) ) ;
#1284 = EDGE_CURVE ( 'NONE', #3003, #2485, #4257, .T. ) ;
#1285 = CARTESIAN_POINT ( 'NONE',  ( 0.5625000000000003331, 1.949999999999999956, 0.6754682572583776690 ) ) ;
#1286 = CARTESIAN_POINT ( 'NONE',  ( 0.2177130563399392871, 1.947999999999999510, -0.1778897643601864142 ) ) ;
#1287 = CARTESIAN_POINT ( 'NONE',  ( 1.252186412671138838, 1.949999999999999956, 0.06747039967109462466 ) ) ;
#1288 = CARTESIAN_POINT ( 'NONE',  ( 0.2102828372217265263, 1.950000000000000178, -0.9006377503155060804 ) ) ;
#1289 = ADVANCED_FACE ( 'NONE', ( #2126 ), #221, .T. ) ;
#1290 = EDGE_CURVE ( 'NONE', #2376, #1529, #251, .T. ) ;
#1291 = ORIENTED_EDGE ( 'NONE', *, *, #2070, .F. ) ;
#1292 = CARTESIAN_POINT ( 'NONE',  ( -1.282670745786116173, 1.947999999999999732, 0.6783018334960169149 ) ) ;
#1293 = FILL_AREA_STYLE ('',( #576 ) ) ;
#1294 = VECTOR ( 'NONE', #3096, 1000.000000000000000 ) ;
#1295 = CARTESIAN_POINT ( 'NONE',  ( 2.787893352664561064, 0.1000000000000000333, -1.249999999999999778 ) ) ;
#1296 = CARTESIAN_POINT ( 'NONE',  ( -1.054687499999999556, 1.949999999999999956, 0.5578901322583778022 ) ) ;
#1297 = ORIENTED_EDGE ( 'NONE', *, *, #2230, .F. ) ;
#1298 = CARTESIAN_POINT ( 'NONE',  ( 2.869999999999998774, 0.1000000000000004774, 1.250000000000000444 ) ) ;
#1299 = CARTESIAN_POINT ( 'NONE',  ( 0.2522216113529798243, 1.950000000000000178, -0.1909763478023661087 ) ) ;
#1300 = CARTESIAN_POINT ( 'NONE',  ( 1.627109010204786488, 1.949999999999999956, -0.7296056350783982625 ) ) ;
#1301 = PLANE ( 'NONE',  #2512 ) ;
#1302 = DIRECTION ( 'NONE',  ( 1.668003342285391551E-16, 0.0000000000000000000, 1.000000000000000000 ) ) ;
#1303 = EDGE_CURVE ( 'NONE', #4089, #1878, #2024, .T. ) ;
#1304 = CARTESIAN_POINT ( 'NONE',  ( 0.2177130563399392871, 1.949999999999999512, -0.1778897643601864142 ) ) ;
#1305 = ADVANCED_FACE ( 'NONE', ( #3908 ), #3546, .T. ) ;
#1306 = CARTESIAN_POINT ( 'NONE',  ( 1.969999999999998641, -0.09999999999999990841, -1.249999999999999556 ) ) ;
#1307 = ORIENTED_EDGE ( 'NONE', *, *, #1678, .T. ) ;
#1308 = CARTESIAN_POINT ( 'NONE',  ( 0.1824042497456870582, 1.948000000000000176, -0.9201931255309714341 ) ) ;
#1309 = VECTOR ( 'NONE', #3792, 1000.000000000000000 ) ;
#1310 = FACE_OUTER_BOUND ( 'NONE', #2166, .T. ) ;
#1311 = AXIS2_PLACEMENT_3D ( 'NONE', #476, #1190, #3682 ) ;
#1312 = VERTEX_POINT ( 'NONE', #2727 ) ;
#1313 = CARTESIAN_POINT ( 'NONE',  ( -0.4251698121267690200, 1.947999999999999954, -0.8978589293909123858 ) ) ;
#1314 = CARTESIAN_POINT ( 'NONE',  ( 0.2857583947058107698, 1.950000000000000622, -0.2064449738145087698 ) ) ;
#1315 = EDGE_CURVE ( 'NONE', #2731, #2522, #131, .T. ) ;
#1316 =( GEOMETRIC_REPRESENTATION_CONTEXT ( 3 ) GLOBAL_UNCERTAINTY_ASSIGNED_CONTEXT ( ( #1347 ) ) GLOBAL_UNIT_ASSIGNED_CONTEXT ( ( #891, #912, #935 ) ) REPRESENTATION_CONTEXT ( 'NONE', 'WORKASPACE' ) );
#1317 = VECTOR ( 'NONE', #2994, 1000.000000000000000 ) ;
#1318 = PRESENTATION_STYLE_ASSIGNMENT (( #2519 ) ) ;
#1319 = FACE_OUTER_BOUND ( 'NONE', #4500, .T. ) ;
#1320 = FACE_OUTER_BOUND ( 'NONE', #3235, .T. ) ;
#1321 = CARTESIAN_POINT ( 'NONE',  ( 0.4804566266255569928, 1.950000000000000178, -0.3999048532800211775 ) ) ;
#1322 = CARTESIAN_POINT ( 'NONE',  ( -1.054211977670153955, 1.950000000000000178, 0.5693984220629555448 ) ) ;
#1323 = ORIENTED_EDGE ( 'NONE', *, *, #2070, .T. ) ;
#1324 = ORIENTED_EDGE ( 'NONE', *, *, #1073, .T. ) ;
#1325 = ORIENTED_EDGE ( 'NONE', *, *, #2159, .F. ) ;
#1326 = VECTOR ( 'NONE', #2079, 1000.000000000000000 ) ;
#1327 = CARTESIAN_POINT ( 'NONE',  ( 0.3363281250000002554, 1.949999999999999956, 0.7504682572583777356 ) ) ;
#1328 = CARTESIAN_POINT ( 'NONE',  ( 0.2857583947058107698, 1.948000000000000398, -0.2064449738145087698 ) ) ;
#1329 = PLANE ( 'NONE',  #3472 ) ;
#1330 =( GEOMETRIC_REPRESENTATION_CONTEXT ( 3 ) GLOBAL_UNCERTAINTY_ASSIGNED_CONTEXT ( ( #2164 ) ) GLOBAL_UNIT_ASSIGNED_CONTEXT ( ( #3686, #1668, #2581 ) ) REPRESENTATION_CONTEXT ( 'NONE', 'WORKASPACE' ) );
#1331 = CARTESIAN_POINT ( 'NONE',  ( -2.849999999999999645, 1.949999999999999956, -2.599999999999999201 ) ) ;
#1332 = LINE ( 'NONE', #2987, #4050 ) ;
#1333 = ORIENTED_EDGE ( 'NONE', *, *, #3640, .T. ) ;
#1334 = ADVANCED_FACE ( 'NONE', ( #1085 ), #918, .T. ) ;
#1335 = EDGE_LOOP ( 'NONE', ( #2096, #1186, #2654, #2833 ) ) ;
#1336 = ORIENTED_EDGE ( 'NONE', *, *, #4318, .T. ) ;
#1337 = CARTESIAN_POINT ( 'NONE',  ( 0.02226562500000036499, 1.947999999999999954, -1.049531742741622198 ) ) ;
#1338 = LINE ( 'NONE', #170, #386 ) ;
#1339 =( GEOMETRIC_REPRESENTATION_CONTEXT ( 3 ) GLOBAL_UNCERTAINTY_ASSIGNED_CONTEXT ( ( #4121 ) ) GLOBAL_UNIT_ASSIGNED_CONTEXT ( ( #2985, #836, #3333 ) ) REPRESENTATION_CONTEXT ( 'NONE', 'WORKASPACE' ) );
#1340 = CARTESIAN_POINT ( 'NONE',  ( -0.5749999999999995115, 1.947999999999999954, -0.9745317427416221312 ) ) ;
#1341 = CARTESIAN_POINT ( 'NONE',  ( 0.3183063928564711098, 1.947999999999999954, -0.2251304110705153461 ) ) ;
#1342 = DIRECTION ( 'NONE',  ( 0.0000000000000000000, -1.000000000000000000, 0.0000000000000000000 ) ) ;
#1343 = DIRECTION ( 'NONE',  ( 1.000000000000000000, 0.0000000000000000000, 0.0000000000000000000 ) ) ;
#1344 = ORIENTED_EDGE ( 'NONE', *, *, #3795, .T. ) ;
#1345 = EDGE_CURVE ( 'NONE', #2638, #4532, #1711, .T. ) ;
#1346 = PRESENTATION_STYLE_ASSIGNMENT (( #3041 ) ) ;
#1347 = UNCERTAINTY_MEASURE_WITH_UNIT (LENGTH_MEASURE( 1.000000000000000082E-05 ), #891, 'distance_accuracy_value', 'NONE');
#1348 = EDGE_CURVE ( 'NONE', #840, #141, #16, .T. ) ;
#1349 = CARTESIAN_POINT ( 'NONE',  ( 0.2483841730867371034, 1.949999999999999956, -0.3411250462203216927 ) ) ;
#1350 = VERTEX_POINT ( 'NONE', #2272 ) ;
#1351 =( LENGTH_UNIT ( ) NAMED_UNIT ( * ) SI_UNIT ( .MILLI., .METRE. ) );
#1352 = CARTESIAN_POINT ( 'NONE',  ( 0.3183063928564711098, 1.950000000000000178, -0.2251304110705153461 ) ) ;
#1353 = DIRECTION ( 'NONE',  ( 1.000000000000000000, -2.170143416902684735E-32, 2.823449048653207775E-48 ) ) ;
#1354 = ORIENTED_EDGE ( 'NONE', *, *, #4495, .T. ) ;
#1355 = DIRECTION ( 'NONE',  ( -1.668003342285391551E-16, 0.0000000000000000000, -1.000000000000000000 ) ) ;
#1356 = FACE_OUTER_BOUND ( 'NONE', #1403, .T. ) ;
#1357 = ORIENTED_EDGE ( 'NONE', *, *, #83, .T. ) ;
#1358 = CARTESIAN_POINT ( 'NONE',  ( 1.818402782514570992, 1.950000000000000178, -0.8870513212559697491 ) ) ;
#1359 = EDGE_CURVE ( 'NONE', #840, #1603, #3808, .T. ) ;
#1360 = EDGE_CURVE ( 'NONE', #4372, #3875, #2879, .T. ) ;
#1361 = ORIENTED_EDGE ( 'NONE', *, *, #2902, .T. ) ;
#1362 = CARTESIAN_POINT ( 'NONE',  ( 1.374786841111830027, 1.949999999999999734, 0.6408568797345463031 ) ) ;
#1363 = VECTOR ( 'NONE', #3571, 1000.000000000000000 ) ;
#1364 = CARTESIAN_POINT ( 'NONE',  ( 3.069999999999998508, -0.09999999999999990841, -1.249999999999999556 ) ) ;
#1365 = CARTESIAN_POINT ( 'NONE',  ( 0.3496891889253566643, 1.950000000000000178, -0.2469524206789395215 ) ) ;
#1366 = CARTESIAN_POINT ( 'NONE',  ( 1.374153553548058238, 1.948000000000000176, 0.5300042640537573346 ) ) ;
#1367 = VECTOR ( 'NONE', #3619, 1000.000000000000000 ) ;
#1368 = CARTESIAN_POINT ( 'NONE',  ( 2.919999999999999485, 0.9000000000000003553, 3.669607353027861066E-17 ) ) ;
#1369 = CARTESIAN_POINT ( 'NONE',  ( 1.969999999999998641, 0.1000000000000000056, -1.249999999999999556 ) ) ;
#1370 = VECTOR ( 'NONE', #3731, 1000.000000000000000 ) ;
#1371 = CARTESIAN_POINT ( 'NONE',  ( -0.1665622701661848282, 1.947999999999999732, 0.6753126451511561879 ) ) ;
#1372 = ORIENTED_EDGE ( 'NONE', *, *, #810, .T. ) ;
#1373 = VERTEX_POINT ( 'NONE', #377 ) ;
#1374 = VECTOR ( 'NONE', #2593, 1000.000000000000000 ) ;
#1375 = CARTESIAN_POINT ( 'NONE',  ( -0.4569655818528419178, 1.950000000000000400, 0.6647134354954489233 ) ) ;
#1376 = LINE ( 'NONE', #2770, #549 ) ;
#1377 = VERTEX_POINT ( 'NONE', #2897 ) ;
#1378 = ORIENTED_EDGE ( 'NONE', *, *, #2749, .F. ) ;
#1379 = LINE ( 'NONE', #1772, #442 ) ;
#1380 = ORIENTED_EDGE ( 'NONE', *, *, #745, .F. ) ;
#1381 = CARTESIAN_POINT ( 'NONE',  ( 1.293690439412771065, 1.948000000000000398, 0.7745883107353331853 ) ) ;
#1382 = LINE ( 'NONE', #703, #3182 ) ;
#1383 = B_SPLINE_CURVE_WITH_KNOTS ( 'NONE', 3,
 ( #2761, #230, #605, #4523, #3105, #4491, #4188, #4149, #2747, #3817, #983 ),
 .UNSPECIFIED., .F., .F.,
 ( 4, 1, 1, 1, 1, 1, 1, 1, 4 ),
 ( 0.0000000000000000000, 0.1389665573117665198, 0.2651567556060758224, 0.3815653103695028081, 0.4975613113670595000, 0.6135917478710879447, 0.7364453663157886076, 0.8612348227549435631, 1.000000000000000000 ),
 .UNSPECIFIED. ) ;
#1384 = CARTESIAN_POINT ( 'NONE',  ( -2.749999999999999556, 0.1000000000000000056, 4.587009191284825162E-16 ) ) ;
#1385 = CARTESIAN_POINT ( 'NONE',  ( 0.3496891889253566643, 1.947999999999999954, -0.2469524206789395215 ) ) ;
#1386 = DIRECTION ( 'NONE',  ( 0.0000000000000000000, 0.0000000000000000000, 1.000000000000000000 ) ) ;
#1387 = CARTESIAN_POINT ( 'NONE',  ( -2.822824021295208485, 0.1193166846023626382, 1.250000000000001554 ) ) ;
#1388 = EDGE_CURVE ( 'NONE', #4169, #2264, #874, .T. ) ;
#1389 = CARTESIAN_POINT ( 'NONE',  ( 1.764383963182176274, 1.947999999999999954, -0.7981612787182041924 ) ) ;
#1390 = ORIENTED_EDGE ( 'NONE', *, *, #3566, .T. ) ;
#1391 = EDGE_CURVE ( 'NONE', #1600, #4560, #984, .T. ) ;
#1392 = AXIS2_PLACEMENT_3D ( 'NONE', #657, #3756, #334 ) ;
#1393 = VECTOR ( 'NONE', #3870, 1000.000000000000000 ) ;
#1394 = CARTESIAN_POINT ( 'NONE',  ( -0.7699218749999995337, 1.947999999999999954, 0.2098432572583778244 ) ) ;
#1395 = CARTESIAN_POINT ( 'NONE',  ( -1.223437499999999512, 1.947999999999999954, 0.1465620072583777578 ) ) ;
#1396 = CARTESIAN_POINT ( 'NONE',  ( 0.3802149298307219705, 1.950000000000000844, -0.2716534822274653260 ) ) ;
#1397 = CARTESIAN_POINT ( 'NONE',  ( 1.364453124999999378, 1.947999999999999954, 0.3219526322583777800 ) ) ;
#1398 = DIRECTION ( 'NONE',  ( 0.0000000000000000000, 0.0000000000000000000, -1.000000000000000000 ) ) ;
#1399 = ORIENTED_EDGE ( 'NONE', *, *, #994, .F. ) ;
#1400 = PLANE ( 'NONE',  #2103 ) ;
#1401 = CARTESIAN_POINT ( 'NONE',  ( -1.223437499999999512, 1.949999999999999956, 0.5578901322583778022 ) ) ;
#1402 = EDGE_CURVE ( 'NONE', #156, #4051, #2766, .T. ) ;
#1403 = EDGE_LOOP ( 'NONE', ( #3073, #2115, #2535, #3774 ) ) ;
#1404 = DIRECTION ( 'NONE',  ( -0.0000000000000000000, 0.0000000000000000000, 1.000000000000000000 ) ) ;
#1405 = EDGE_CURVE ( 'NONE', #2143, #4169, #3589, .T. ) ;
#1406 = VERTEX_POINT ( 'NONE', #4110 ) ;
#1407 = DIRECTION ( 'NONE',  ( -1.000000000000000000, 0.0000000000000000000, 0.0000000000000000000 ) ) ;
#1408 = CARTESIAN_POINT ( 'NONE',  ( 0.3802149298307219705, 1.948000000000000620, -0.2716534822274653260 ) ) ;
#1409 = DIRECTION ( 'NONE',  ( -1.000000000000000000, 0.0000000000000000000, 0.0000000000000000000 ) ) ;
#1410 = SURFACE_STYLE_USAGE ( .BOTH. , #3554 ) ;
#1411 = CIRCLE ( 'NONE', #2259, 0.2000000000000000944 ) ;
#1412 = LINE ( 'NONE', #3479, #2127 ) ;
#1413 = EDGE_LOOP ( 'NONE', ( #4307, #778, #373, #1357 ) ) ;
#1414 = ORIENTED_EDGE ( 'NONE', *, *, #3992, .F. ) ;
#1415 = CARTESIAN_POINT ( 'NONE',  ( -0.5148437499999997113, 1.947999999999999954, -0.9745317427416221312 ) ) ;
#1416 = VECTOR ( 'NONE', #2235, 1000.000000000000000 ) ;
#1417 = CARTESIAN_POINT ( 'NONE',  ( -0.4444199751352705952, 1.948000000000000176, 0.6553594713195348698 ) ) ;
#1418 = VECTOR ( 'NONE', #3252, 1000.000000000000000 ) ;
#1419 = STYLED_ITEM ( 'NONE', ( #4161 ), #3082 ) ;
#1420 = COLOUR_RGB ( '',0.3098039215686274606, 0.3098039215686274606, 0.3098039215686274606 ) ;
#1421 = DIRECTION ( 'NONE',  ( -0.9858865646407297678, 0.0000000000000000000, -0.1674146996559752465 ) ) ;
#1422 = CARTESIAN_POINT ( 'NONE',  ( 0.3196732825782326870, 1.948000000000000620, -0.6865947622113757198 ) ) ;
#1423 = PRESENTATION_STYLE_ASSIGNMENT (( #3066 ) ) ;
#1424 = CARTESIAN_POINT ( 'NONE',  ( 0.1108422718166211379, 1.949999999999999734, -0.2469848635021245631 ) ) ;
#1425 = CARTESIAN_POINT ( 'NONE',  ( 0.4095710002299232655, 1.949999999999999956, -0.2989509158426672530 ) ) ;
#1426 = EDGE_CURVE ( 'NONE', #439, #4452, #3485, .T. ) ;
#1427 = CARTESIAN_POINT ( 'NONE',  ( 0.6250000000000003331, 1.947999999999999954, 0.7504682572583777356 ) ) ;
#1428 = MECHANICAL_DESIGN_GEOMETRIC_PRESENTATION_REPRESENTATION (  '', ( #975 ), #1679 ) ;
#1429 = VERTEX_POINT ( 'NONE', #3977 ) ;
#1430 = EDGE_LOOP ( 'NONE', ( #1540, #936, #3968, #3435 ) ) ;
#1431 = CYLINDRICAL_SURFACE ( 'NONE', #1171, 0.2000000000000000944 ) ;
#1432 = ORIENTED_EDGE ( 'NONE', *, *, #4371, .T. ) ;
#1433 = LINE ( 'NONE', #1327, #4170 ) ;
#1434 = SURFACE_STYLE_USAGE ( .BOTH. , #1449 ) ;
#1435 = DIRECTION ( 'NONE',  ( 0.0000000000000000000, 0.0000000000000000000, 1.000000000000000000 ) ) ;
#1436 = CARTESIAN_POINT ( 'NONE',  ( -2.719999999999999307, 0.2469693845669906629, -1.249999999999992450 ) ) ;
#1437 = CARTESIAN_POINT ( 'NONE',  ( 0.4370555356034600547, 1.947999999999999510, -0.3290348028886042608 ) ) ;
#1438 = VECTOR ( 'NONE', #3661, 1000.000000000000000 ) ;
#1439 = EDGE_LOOP ( 'NONE', ( #1201, #2791, #820, #3126 ) ) ;
#1440 = EDGE_LOOP ( 'NONE', ( #3487, #48, #3558, #3996 ) ) ;
#1441 = CARTESIAN_POINT ( 'NONE',  ( 1.764383963182176274, 1.949999999999999956, -0.7981612787182041924 ) ) ;
#1442 = VECTOR ( 'NONE', #1235, 1000.000000000000000 ) ;
#1443 = CARTESIAN_POINT ( 'NONE',  ( 1.200521831480332979, 1.948000000000000176, 0.2488750050303991379 ) ) ;
#1444 = CARTESIAN_POINT ( 'NONE',  ( 0.3240996372459424846, 1.949999999999999512, -0.6463797438119474048 ) ) ;
#1445 = CARTESIAN_POINT ( 'NONE',  ( 0.4095710002299232655, 1.947999999999999732, -0.2989509158426672530 ) ) ;
#1446 = PLANE ( 'NONE',  #4624 ) ;
#1447 = CARTESIAN_POINT ( 'NONE',  ( -1.233984374999999467, 1.949999999999999956, -0.8026567427416222422 ) ) ;
#1448 = CARTESIAN_POINT ( 'NONE',  ( -0.5749999999999995115, 1.949999999999999956, -1.049531742741622198 ) ) ;
#1449 = SURFACE_SIDE_STYLE ('',( #1481 ) ) ;
#1450 = CARTESIAN_POINT ( 'NONE',  ( -0.2499999999999996392, 1.947999999999999954, -0.1495317427416221756 ) ) ;
#1451 = CARTESIAN_POINT ( 'NONE',  ( -1.930078124999999423, 1.947999999999999954, 0.2098432572583778244 ) ) ;
#1452 = DIRECTION ( 'NONE',  ( 1.000000000000000000, 0.0000000000000000000, 0.0000000000000000000 ) ) ;
#1453 = EDGE_CURVE ( 'NONE', #3929, #3725, #4427, .T. ) ;
#1454 = ORIENTED_EDGE ( 'NONE', *, *, #2601, .T. ) ;
#1455 = ORIENTED_EDGE ( 'NONE', *, *, #1359, .T. ) ;
#1456 = DIRECTION ( 'NONE',  ( -2.170143416902684735E-32, 1.000000000000000000, -1.301042606982605321E-16 ) ) ;
#1457 = EDGE_CURVE ( 'NONE', #521, #1278, #753, .T. ) ;
#1458 = CARTESIAN_POINT ( 'NONE',  ( 1.303482079960315732, 1.950000000000000622, -0.06793765589756085854 ) ) ;
#1459 = STYLED_ITEM ( 'NONE', ( #1470 ), #1524 ) ;
#1460 = CARTESIAN_POINT ( 'NONE',  ( 0.3240996372459424846, 1.947999999999999510, -0.6463797438119474048 ) ) ;
#1461 = ORIENTED_EDGE ( 'NONE', *, *, #4255, .F. ) ;
#1462 = CARTESIAN_POINT ( 'NONE',  ( 1.172105324500678947, 1.948000000000000398, 0.3794453557049608516 ) ) ;
#1463 = CARTESIAN_POINT ( 'NONE',  ( -1.835156249999999600, 1.947999999999999954, 0.1465620072583777578 ) ) ;
#1464 = B_SPLINE_CURVE_WITH_KNOTS ( 'NONE', 3,
 ( #2798, #3838, #1160, #2205, #81, #2952, #2580, #797, #451, #3150, #2799, #2060, #294, #4561, #2420, #1830, #1845, #2560, #2930 ),
 .UNSPECIFIED., .F., .F.,
 ( 4, 1, 1, 1, 1, 1, 1, 1, 1, 1, 1, 1, 1, 1, 1, 1, 4 ),
 ( 0.0000000000000000000, 0.07824767971357381169, 0.1520862088087482356, 0.2217853390228740895, 0.2883126069761516308, 0.3509753561916606479, 0.4112311774522670604, 0.4693787085670911852, 0.5261203244490839648, 0.5818586544643133962, 0.6366100824393705615, 0.6917228772266450498, 0.7479300232772827517, 0.8059839491622031726, 0.8669575541775801364, 0.9316382373724290122, 0.9999999999999998890 ),
 .UNSPECIFIED. ) ;
#1465 = FILL_AREA_STYLE ('',( #1521 ) ) ;
#1466 = CARTESIAN_POINT ( 'NONE',  ( 1.374786841111830027, 1.947999999999999732, 0.6408568797345463031 ) ) ;
#1467 = DIRECTION ( 'NONE',  ( -0.0000000000000000000, 1.000000000000000000, -0.0000000000000000000 ) ) ;
#1468 = VERTEX_POINT ( 'NONE', #3633 ) ;
#1469 = DIRECTION ( 'NONE',  ( 0.5326197426477775609, 0.0000000000000000000, -0.8463546595498929737 ) ) ;
#1470 = PRESENTATION_STYLE_ASSIGNMENT (( #2986 ) ) ;
#1471 = VERTEX_POINT ( 'NONE', #3647 ) ;
#1472 = LINE ( 'NONE', #3998, #1254 ) ;
#1473 = ORIENTED_EDGE ( 'NONE', *, *, #2013, .F. ) ;
#1474 = CARTESIAN_POINT ( 'NONE',  ( -0.4928002481409974878, 1.950000000000000178, 0.6750027418934115842 ) ) ;
#1475 = CARTESIAN_POINT ( 'NONE',  ( 1.505524970118025552, 1.947999999999999066, -0.4972286647058513087 ) ) ;
#1476 = AXIS2_PLACEMENT_3D ( 'NONE', #2869, #3392, #2702 ) ;
#1477 = B_SPLINE_CURVE_WITH_KNOTS ( 'NONE', 3,
 ( #2063, #4504, #186, #4621, #4530, #3850, #557, #4564, #642, #4129, #3905 ),
 .UNSPECIFIED., .F., .F.,
 ( 4, 1, 1, 1, 1, 1, 1, 1, 4 ),
 ( 0.0000000000000000000, 0.1379352867459515131, 0.2621903052083504049, 0.3706756090927862957, 0.4731211586353580301, 0.5772188662442382379, 0.6969042262198819060, 0.8373186510641271729, 1.000000000000000000 ),
 .UNSPECIFIED. ) ;
#1478 = CARTESIAN_POINT ( 'NONE',  ( -1.282670745786116173, 1.947999999999999732, 0.6783018334960169149 ) ) ;
#1479 = DIRECTION ( 'NONE',  ( -1.668003342285391551E-16, -1.301042606982606307E-16, -1.000000000000000000 ) ) ;
#1480 = CARTESIAN_POINT ( 'NONE',  ( 1.267578124999999112, 1.947999999999999954, 0.7754682572583777578 ) ) ;
#1481 = SURFACE_STYLE_FILL_AREA ( #1465 ) ;
#1482 = CARTESIAN_POINT ( 'NONE',  ( 1.435979929817733147, 1.947999999999999732, -0.3585567632024709850 ) ) ;
#1483 = CARTESIAN_POINT ( 'NONE',  ( -1.223437499999999512, 1.947999999999999954, -0.8026567427416222422 ) ) ;
#1484 = CARTESIAN_POINT ( 'NONE',  ( 1.470687433733664617, 1.949999999999999734, -0.1912049795584070400 ) ) ;
#1485 = DIRECTION ( 'NONE',  ( 0.0000000000000000000, 0.0000000000000000000, 1.000000000000000000 ) ) ;
#1486 = CARTESIAN_POINT ( 'NONE',  ( 0.4913262500328551274, 1.950000000000000622, 0.6510613239260714113 ) ) ;
#1487 = LINE ( 'NONE', #393, #4321 ) ;
#1488 = LINE ( 'NONE', #126, #1596 ) ;
#1489 = PRESENTATION_LAYER_ASSIGNMENT (  '', '', ( #1018 ) ) ;
#1490 = ORIENTED_EDGE ( 'NONE', *, *, #2809, .F. ) ;
#1491 = ORIENTED_EDGE ( 'NONE', *, *, #988, .T. ) ;
#1492 = VERTEX_POINT ( 'NONE', #3659 ) ;
#1493 = LINE ( 'NONE', #808, #2669 ) ;
#1494 = CARTESIAN_POINT ( 'NONE',  ( 1.719531249999999289, 1.949999999999999956, -0.8995317427416221756 ) ) ;
#1495 = VECTOR ( 'NONE', #3114, 1000.000000000000000 ) ;
#1496 = CARTESIAN_POINT ( 'NONE',  ( 1.089318668136561197, 1.948000000000000176, -0.8826656195883684219 ) ) ;
#1497 = VERTEX_POINT ( 'NONE', #3572 ) ;
#1498 = VERTEX_POINT ( 'NONE', #3412 ) ;
#1499 = DIRECTION ( 'NONE',  ( 0.0000000000000000000, 0.0000000000000000000, -1.000000000000000000 ) ) ;
#1500 = VECTOR ( 'NONE', #2416, 1000.000000000000000 ) ;
#1501 = EDGE_LOOP ( 'NONE', ( #2968, #3405, #4206, #985 ) ) ;
#1502 = CARTESIAN_POINT ( 'NONE',  ( 0.5238689536917116030, 1.950000000000000622, -0.5764784424082818326 ) ) ;
#1503 = CARTESIAN_POINT ( 'NONE',  ( 2.919999999999999485, 0.05000000000000007910, -1.249999999999991118 ) ) ;
#1504 = CARTESIAN_POINT ( 'NONE',  ( 0.8499999999999994227, 1.947999999999999954, -0.6100786177416221978 ) ) ;
#1505 = DIRECTION ( 'NONE',  ( -0.9858865646407296568, 0.0000000000000000000, -0.1674146996559752187 ) ) ;
#1506 = VECTOR ( 'NONE', #2852, 1000.000000000000000 ) ;
#1507 = PLANE ( 'NONE',  #538 ) ;
#1508 = CARTESIAN_POINT ( 'NONE',  ( 1.374397171363381576, 1.948000000000000398, 0.6647038430021480204 ) ) ;
#1509 =( NAMED_UNIT ( * ) PLANE_ANGLE_UNIT ( ) SI_UNIT ( $, .RADIAN. ) );
#1510 = EDGE_CURVE ( 'NONE', #141, #2039, #523, .T. ) ;
#1511 = DIRECTION ( 'NONE',  ( -0.0000000000000000000, 0.0000000000000000000, 1.000000000000000000 ) ) ;
#1512 = CARTESIAN_POINT ( 'NONE',  ( 0.04180996273842500083, 1.950000000000000178, -1.049289473782991866 ) ) ;
#1513 = CARTESIAN_POINT ( 'NONE',  ( -1.368604582510384526, 1.949999999999999734, 0.6946501433777175771 ) ) ;
#1514 = CARTESIAN_POINT ( 'NONE',  ( 1.138942332136531954, 1.950000000000000178, -0.8971533194955905177 ) ) ;
#1515 = CARTESIAN_POINT ( 'NONE',  ( 0.3786565673514262764, 1.947999999999999954, -0.9556500774468101866 ) ) ;
#1516 = ORIENTED_EDGE ( 'NONE', *, *, #3501, .F. ) ;
#1517 = CARTESIAN_POINT ( 'NONE',  ( 1.719531249999999289, 1.947999999999999954, -0.8995317427416221756 ) ) ;
#1518 = CARTESIAN_POINT ( 'NONE',  ( 2.956915015869555799E-16, 0.1000000000000000056, -1.499999999999999334 ) ) ;
#1519 = SURFACE_SIDE_STYLE ('',( #3916 ) ) ;
#1520 = LINE ( 'NONE', #531, #572 ) ;
#1521 = FILL_AREA_STYLE_COLOUR ( '', #529 ) ;
#1522 = SURFACE_STYLE_USAGE ( .BOTH. , #3650 ) ;
#1523 = EDGE_CURVE ( 'NONE', #3911, #612, #3384, .T. ) ;
#1524 = ADVANCED_FACE ( 'NONE', ( #638 ), #3054, .T. ) ;
#1525 = CARTESIAN_POINT ( 'NONE',  ( 0.5077305709582249360, 1.950000000000000178, -0.7701719255827543797 ) ) ;
#1526 = ORIENTED_EDGE ( 'NONE', *, *, #448, .T. ) ;
#1527 = EDGE_CURVE ( 'NONE', #4240, #2035, #4157, .T. ) ;
#1528 = CARTESIAN_POINT ( 'NONE',  ( 0.9174593476185883834, 1.947999999999999954, -0.6231078888497151302 ) ) ;
#1529 = VERTEX_POINT ( 'NONE', #2637 ) ;
#1530 = ORIENTED_EDGE ( 'NONE', *, *, #504, .T. ) ;
#1531 = DIRECTION ( 'NONE',  ( -0.3784451192558107024, 0.0000000000000000000, -0.9256237311734478723 ) ) ;
#1532 = ORIENTED_EDGE ( 'NONE', *, *, #3293, .F. ) ;
#1533 = CARTESIAN_POINT ( 'NONE',  ( -1.223437499999999512, 1.949999999999999956, 0.5578901322583778022 ) ) ;
#1534 = CARTESIAN_POINT ( 'NONE',  ( -2.849999999999999201, 0.8500000000000003109, -1.249999999999996447 ) ) ;
#1535 = CARTESIAN_POINT ( 'NONE',  ( 0.3116948610704900480, 1.949999999999999512, -0.4731999283991038530 ) ) ;
#1536 = LINE ( 'NONE', #174, #3328 ) ;
#1537 = LINE ( 'NONE', #2037, #3329 ) ;
#1538 = CARTESIAN_POINT ( 'NONE',  ( -1.381640624999999734, 1.947999999999999954, 0.6949995072583777800 ) ) ;
#1539 = VERTEX_POINT ( 'NONE', #2674 ) ;
#1540 = ORIENTED_EDGE ( 'NONE', *, *, #1405, .F. ) ;
#1541 = CIRCLE ( 'NONE', #1569, 0.2000000000000000944 ) ;
#1542 = CARTESIAN_POINT ( 'NONE',  ( 0.1709610836565439995, 1.948000000000000176, -0.2759308410869534267 ) ) ;
#1543 = CARTESIAN_POINT ( 'NONE',  ( -0.5749999999999995115, 1.947999999999999954, -1.049531742741622198 ) ) ;
#1544 = LINE ( 'NONE', #4197, #2369 ) ;
#1545 = ADVANCED_FACE ( 'NONE', ( #3215 ), #2577, .F. ) ;
#1546 = DIRECTION ( 'NONE',  ( 1.000000000000000000, 0.0000000000000000000, -1.445602896647339163E-16 ) ) ;
#1547 = CARTESIAN_POINT ( 'NONE',  ( 2.750000000000000888, 0.2000000000000000111, 1.499999999999998446 ) ) ;
#1548 = EDGE_CURVE ( 'NONE', #1242, #574, #990, .T. ) ;
#1549 = VECTOR ( 'NONE', #1620, 1000.000000000000000 ) ;
#1550 = DIRECTION ( 'NONE',  ( 1.000000000000000000, -0.0000000000000000000, 0.0000000000000000000 ) ) ;
#1551 = VECTOR ( 'NONE', #4315, 1000.000000000000000 ) ;
#1552 = CARTESIAN_POINT ( 'NONE',  ( 3.069999999999999396, 1.050000000000000266, 1.250000000000001554 ) ) ;
#1553 = EDGE_LOOP ( 'NONE', ( #2434, #1844, #3726, #1667, #286, #267, #3985, #2157 ) ) ;
#1554 = EDGE_LOOP ( 'NONE', ( #857, #693, #4401, #2516 ) ) ;
#1555 = COLOUR_RGB ( '',0.3098039215686274606, 0.3098039215686274606, 0.3098039215686274606 ) ;
#1556 = CARTESIAN_POINT ( 'NONE',  ( 0.4524013035187768317, 1.950000000000000178, -0.8848001526991615684 ) ) ;
#1557 = ORIENTED_EDGE ( 'NONE', *, *, #690, .T. ) ;
#1558 = VECTOR ( 'NONE', #4, 1000.000000000000000 ) ;
#1559 = EDGE_CURVE ( 'NONE', #3076, #521, #3814, .T. ) ;
#1560 = ORIENTED_EDGE ( 'NONE', *, *, #2996, .F. ) ;
#1561 = ORIENTED_EDGE ( 'NONE', *, *, #3509, .T. ) ;
#1562 = CARTESIAN_POINT ( 'NONE',  ( -1.242669855802165824, 1.948000000000000176, 0.6452140088189265432 ) ) ;
#1563 = VECTOR ( 'NONE', #1572, 1000.000000000000000 ) ;
#1564 = CARTESIAN_POINT ( 'NONE',  ( 0.3246938137983297890, 1.949999999999999512, -0.6188145420693685894 ) ) ;
#1565 = ORIENTED_EDGE ( 'NONE', *, *, #2139, .T. ) ;
#1566 = CARTESIAN_POINT ( 'NONE',  ( -1.160156249999999556, 1.947999999999999954, -1.066328617741622020 ) ) ;
#1567 = CARTESIAN_POINT ( 'NONE',  ( 1.764383963182176274, 1.947999999999999954, -0.7981612787182041924 ) ) ;
#1568 = ADVANCED_FACE ( 'NONE', ( #2773, #1918 ), #1958, .F. ) ;
#1569 = AXIS2_PLACEMENT_3D ( 'NONE', #2866, #2887, #2853 ) ;
#1570 = ORIENTED_EDGE ( 'NONE', *, *, #3966, .F. ) ;
#1571 =( NAMED_UNIT ( * ) SI_UNIT ( $, .STERADIAN. ) SOLID_ANGLE_UNIT ( ) );
#1572 = DIRECTION ( 'NONE',  ( 1.000000000000000000, 0.0000000000000000000, 0.0000000000000000000 ) ) ;
#1573 = CARTESIAN_POINT ( 'NONE',  ( -1.054687499999999556, 1.947999999999999954, 0.1465620072583777578 ) ) ;
#1574 = CARTESIAN_POINT ( 'NONE',  ( 0.2801295655505388060, 1.948000000000000398, -1.008936217610774122 ) ) ;
#1575 = VERTEX_POINT ( 'NONE', #1926 ) ;
#1576 = CARTESIAN_POINT ( 'NONE',  ( 0.9498459728461871032, 1.949999999999999956, -0.7292685140513546216 ) ) ;
#1577 = CARTESIAN_POINT ( 'NONE',  ( 1.366081255936127947, 1.948000000000000176, 0.2562088877582335278 ) ) ;
#1578 = CARTESIAN_POINT ( 'NONE',  ( -1.160156249999999556, 1.949999999999999956, -1.066328617741622020 ) ) ;
#1579 = EDGE_LOOP ( 'NONE', ( #3186, #302, #1813, #58 ) ) ;
#1580 = EDGE_CURVE ( 'NONE', #1777, #3959, #2418, .T. ) ;
#1581 = ORIENTED_EDGE ( 'NONE', *, *, #2002, .F. ) ;
#1582 = SURFACE_STYLE_USAGE ( .BOTH. , #3591 ) ;
#1583 = VECTOR ( 'NONE', #3334, 1000.000000000000000 ) ;
#1584 = ORIENTED_EDGE ( 'NONE', *, *, #3859, .T. ) ;
#1585 = CIRCLE ( 'NONE', #4588, 0.1499999999999999667 ) ;
#1586 = ADVANCED_FACE ( 'NONE', ( #3274 ), #1507, .F. ) ;
#1587 = ORIENTED_EDGE ( 'NONE', *, *, #3426, .T. ) ;
#1588 = DIRECTION ( 'NONE',  ( 1.000000000000000000, 0.0000000000000000000, 0.0000000000000000000 ) ) ;
#1589 = EDGE_CURVE ( 'NONE', #3153, #3015, #3858, .T. ) ;
#1590 = DIRECTION ( 'NONE',  ( 8.340016711426957754E-17, 0.0000000000000000000, 1.000000000000000000 ) ) ;
#1591 = CARTESIAN_POINT ( 'NONE',  ( -2.869999999999999218, 0.1000000000000001582, -1.249999999999999778 ) ) ;
#1592 = CARTESIAN_POINT ( 'NONE',  ( -1.223437499999999512, 1.947999999999999954, 0.5578901322583778022 ) ) ;
#1593 = ORIENTED_EDGE ( 'NONE', *, *, #649, .F. ) ;
#1594 = DIRECTION ( 'NONE',  ( -0.0000000000000000000, 1.000000000000000000, -0.0000000000000000000 ) ) ;
#1595 = EDGE_LOOP ( 'NONE', ( #1255, #3180, #1820, #1565 ) ) ;
#1596 = VECTOR ( 'NONE', #2626, 1000.000000000000000 ) ;
#1597 = PRESENTATION_STYLE_ASSIGNMENT (( #1215 ) ) ;
#1598 = FILL_AREA_STYLE ('',( #3889 ) ) ;
#1599 = CARTESIAN_POINT ( 'NONE',  ( -0.2116851755590709316, 1.949999999999999956, 0.6643699725225820085 ) ) ;
#1600 = VERTEX_POINT ( 'NONE', #1625 ) ;
#1601 = VERTEX_POINT ( 'NONE', #921 ) ;
#1602 = CARTESIAN_POINT ( 'NONE',  ( 2.824795144358620558, 0.1235696882347456921, -1.249999999999999778 ) ) ;
#1603 = VERTEX_POINT ( 'NONE', #910 ) ;
#1604 = FACE_OUTER_BOUND ( 'NONE', #162, .T. ) ;
#1605 = CARTESIAN_POINT ( 'NONE',  ( -2.919999999999999485, -0.09999999999999990841, -1.249999999999999556 ) ) ;
#1606 = VECTOR ( 'NONE', #2363, 1000.000000000000000 ) ;
#1607 = EDGE_CURVE ( 'NONE', #3725, #2779, #85, .T. ) ;
#1608 = ORIENTED_EDGE ( 'NONE', *, *, #3273, .T. ) ;
#1609 = VERTEX_POINT ( 'NONE', #870 ) ;
#1610 = DIRECTION ( 'NONE',  ( -1.000000000000000000, 0.0000000000000000000, 8.340016711426957754E-17 ) ) ;
#1611 = CARTESIAN_POINT ( 'NONE',  ( 0.5250000000000002442, 1.950000000000000178, -0.6268754927416220202 ) ) ;
#1612 = DIRECTION ( 'NONE',  ( -0.0000000000000000000, 0.0000000000000000000, -1.000000000000000000 ) ) ;
#1613 = VECTOR ( 'NONE', #2056, 1000.000000000000000 ) ;
#1614 = ORIENTED_EDGE ( 'NONE', *, *, #1548, .F. ) ;
#1615 = VERTEX_POINT ( 'NONE', #858 ) ;
#1616 = CARTESIAN_POINT ( 'NONE',  ( -0.4928006502841773551, 1.949999999999999734, -0.9740660627290346207 ) ) ;
#1617 = FACE_OUTER_BOUND ( 'NONE', #881, .T. ) ;
#1618 = ADVANCED_FACE ( 'NONE', ( #1036 ), #3989, .T. ) ;
#1619 = DIRECTION ( 'NONE',  ( 0.0000000000000000000, -1.000000000000000000, 0.0000000000000000000 ) ) ;
#1620 = DIRECTION ( 'NONE',  ( -1.000000000000000000, 0.0000000000000000000, 0.0000000000000000000 ) ) ;
#1621 = DIRECTION ( 'NONE',  ( 0.0000000000000000000, -1.301042606982605321E-16, -1.000000000000000000 ) ) ;
#1622 = PRODUCT ( 'PSM5020  Molded high current inductor', 'PSM5020  Molded high current inductor', '', ( #80 ) ) ;
#1623 = DIRECTION ( 'NONE',  ( -1.668003342285391551E-16, -0.0000000000000000000, -1.000000000000000000 ) ) ;
#1624 = ORIENTED_EDGE ( 'NONE', *, *, #1771, .F. ) ;
#1625 = CARTESIAN_POINT ( 'NONE',  ( 2.850000000000000977, 0.0000000000000000000, 2.400000000000000355 ) ) ;
#1626 = CARTESIAN_POINT ( 'NONE',  ( 0.5250000000000002442, 1.947999999999999954, -0.6268754927416220202 ) ) ;
#1627 = PLANE ( 'NONE',  #2499 ) ;
#1628 = CARTESIAN_POINT ( 'NONE',  ( 0.4370555356034600547, 1.949999999999999734, -0.3290348028886042608 ) ) ;
#1629 = CARTESIAN_POINT ( 'NONE',  ( 1.149999999999999245, 1.949999999999999956, 0.6059370072583776246 ) ) ;
#1630 = CARTESIAN_POINT ( 'NONE',  ( -1.233984374999999467, 1.947999999999999954, -0.8026567427416222422 ) ) ;
#1631 = VECTOR ( 'NONE', #890, 1000.000000000000000 ) ;
#1632 = VERTEX_POINT ( 'NONE', #599 ) ;
#1633 = CARTESIAN_POINT ( 'NONE',  ( -1.368604582510384526, 1.949999999999999734, 0.6946501433777175771 ) ) ;
#1634 = CARTESIAN_POINT ( 'NONE',  ( 0.0000000000000000000, 1.949999999999999956, 0.0000000000000000000 ) ) ;
#1635 = EDGE_CURVE ( 'NONE', #2053, #4174, #1971, .T. ) ;
#1636 = ADVANCED_FACE ( 'NONE', ( #2944 ), #889, .T. ) ;
#1637 = CARTESIAN_POINT ( 'NONE',  ( -0.2499999999999996392, 1.947999999999999954, -0.2245317427416221590 ) ) ;
#1638 = UNCERTAINTY_MEASURE_WITH_UNIT (LENGTH_MEASURE( 1.000000000000000082E-05 ), #3897, 'distance_accuracy_value', 'NONE');
#1639 = CARTESIAN_POINT ( 'NONE',  ( -0.2366121449138049171, 1.949999999999999956, -0.9428565308514723631 ) ) ;
#1640 = AXIS2_PLACEMENT_3D ( 'NONE', #2446, #2099, #4591 ) ;
#1641 = CARTESIAN_POINT ( 'NONE',  ( 0.5246861734123621224, 1.950000000000000400, -0.6439552252217100037 ) ) ;
#1642 =( NAMED_UNIT ( * ) SI_UNIT ( $, .STERADIAN. ) SOLID_ANGLE_UNIT ( ) );
#1643 = EDGE_CURVE ( 'NONE', #3050, #2781, #4589, .T. ) ;
#1644 = CARTESIAN_POINT ( 'NONE',  ( 1.283868122263189138, 1.949999999999999067, -0.01970096054249076759 ) ) ;
#1645 = PRESENTATION_LAYER_ASSIGNMENT (  '', '', ( #682 ) ) ;
#1646 = CARTESIAN_POINT ( 'NONE',  ( 0.1516476220752981663, 1.949999999999999512, -0.9371349681412880495 ) ) ;
#1647 = ORIENTED_EDGE ( 'NONE', *, *, #2054, .T. ) ;
#1648 = CIRCLE ( 'NONE', #1730, 0.09999999999999982514 ) ;
#1649 = ORIENTED_EDGE ( 'NONE', *, *, #2448, .F. ) ;
#1650 = ORIENTED_EDGE ( 'NONE', *, *, #2693, .F. ) ;
#1651 = SURFACE_STYLE_USAGE ( .BOTH. , #3782 ) ;
#1652 = CARTESIAN_POINT ( 'NONE',  ( 0.3250000000000003997, 1.947999999999999954, -0.6046098677416221756 ) ) ;
#1653 = EDGE_CURVE ( 'NONE', #2548, #762, #933, .T. ) ;
#1654 = CARTESIAN_POINT ( 'NONE',  ( 0.5246861734123621224, 1.948000000000000176, -0.6439552252217100037 ) ) ;
#1655 = CARTESIAN_POINT ( 'NONE',  ( -0.4251698121267690200, 1.949999999999999956, -0.8978589293909123858 ) ) ;
#1656 = COLOUR_RGB ( '',0.3098039215686274606, 0.3098039215686274606, 0.3098039215686274606 ) ;
#1657 = CARTESIAN_POINT ( 'NONE',  ( 1.703608276568245206, 1.950000000000000178, -0.8705157094203244128 ) ) ;
#1658 = EDGE_CURVE ( 'NONE', #226, #4338, #2819, .T. ) ;
#1659 = CARTESIAN_POINT ( 'NONE',  ( -3.069999999999998952, 0.1000000000000004219, 1.250000000000000444 ) ) ;
#1660 = ADVANCED_FACE ( 'NONE', ( #3540 ), #4006, .T. ) ;
#1661 = LINE ( 'NONE', #883, #3456 ) ;
#1662 = CIRCLE ( 'NONE', #245, 0.2000000000000000944 ) ;
#1663 = DIRECTION ( 'NONE',  ( 1.000000000000000000, 0.0000000000000000000, 0.0000000000000000000 ) ) ;
#1664 = ORIENTED_EDGE ( 'NONE', *, *, #484, .F. ) ;
#1665 = EDGE_LOOP ( 'NONE', ( #3348, #101, #2360, #1225, #3562, #3009, #4630, #4607, #3685, #1650, #716, #4419 ) ) ;
#1666 = ORIENTED_EDGE ( 'NONE', *, *, #2658, .F. ) ;
#1667 = ORIENTED_EDGE ( 'NONE', *, *, #3195, .T. ) ;
#1668 =( NAMED_UNIT ( * ) PLANE_ANGLE_UNIT ( ) SI_UNIT ( $, .RADIAN. ) );
#1669 = CARTESIAN_POINT ( 'NONE',  ( 0.008579377030565459028, 1.950000000000000178, -0.2254635767086572429 ) ) ;
#1670 = ORIENTED_EDGE ( 'NONE', *, *, #957, .T. ) ;
#1671 = VERTEX_POINT ( 'NONE', #2232 ) ;
#1672 = AXIS2_PLACEMENT_3D ( 'NONE', #1368, #2077, #2444 ) ;
#1673 = CARTESIAN_POINT ( 'NONE',  ( 0.1177570121112068990, 1.948000000000000398, -0.9511546469697838013 ) ) ;
#1674 = LINE ( 'NONE', #4422, #1563 ) ;
#1675 = CARTESIAN_POINT ( 'NONE',  ( 0.5240754188738792063, 1.950000000000000178, -0.6771949969274655423 ) ) ;
#1676 = CARTESIAN_POINT ( 'NONE',  ( -0.4357459951039738821, 1.947999999999999954, -0.9420871314429115628 ) ) ;
#1677 = PLANE ( 'NONE',  #4380 ) ;
#1678 = EDGE_CURVE ( 'NONE', #3806, #1789, #1745, .T. ) ;
#1679 =( GEOMETRIC_REPRESENTATION_CONTEXT ( 3 ) GLOBAL_UNCERTAINTY_ASSIGNED_CONTEXT ( ( #1148 ) ) GLOBAL_UNIT_ASSIGNED_CONTEXT ( ( #3635, #1509, #3981 ) ) REPRESENTATION_CONTEXT ( 'NONE', 'WORKASPACE' ) );
#1680 = DIRECTION ( 'NONE',  ( 1.000000000000000000, 0.0000000000000000000, 0.0000000000000000000 ) ) ;
#1681 = EDGE_LOOP ( 'NONE', ( #945, #2429, #3325, #3461 ) ) ;
#1682 = ADVANCED_FACE ( 'NONE', ( #2597, #3651 ), #1877, .T. ) ;
#1683 = DIRECTION ( 'NONE',  ( 1.000000000000000000, -0.0000000000000000000, -0.0000000000000000000 ) ) ;
#1684 = CARTESIAN_POINT ( 'NONE',  ( 0.4370555356034600547, 1.947999999999999510, -0.3290348028886042608 ) ) ;
#1685 = DIRECTION ( 'NONE',  ( 1.000000000000000000, 0.0000000000000000000, -0.0000000000000000000 ) ) ;
#1686 = ORIENTED_EDGE ( 'NONE', *, *, #3184, .T. ) ;
#1687 = CARTESIAN_POINT ( 'NONE',  ( -1.054687499999999556, 1.947999999999999954, 0.1465620072583777578 ) ) ;
#1688 = UNCERTAINTY_MEASURE_WITH_UNIT (LENGTH_MEASURE( 1.000000000000000082E-05 ), #2827, 'distance_accuracy_value', 'NONE');
#1689 = EDGE_CURVE ( 'NONE', #4089, #4497, #4375, .T. ) ;
#1690 = ORIENTED_EDGE ( 'NONE', *, *, #988, .F. ) ;
#1691 = CARTESIAN_POINT ( 'NONE',  ( -2.849999999999999201, 1.050000000000000044, -1.249999999999997558 ) ) ;
#1692 = VECTOR ( 'NONE', #51, 1000.000000000000000 ) ;
#1693 = ORIENTED_EDGE ( 'NONE', *, *, #272, .T. ) ;
#1694 = LINE ( 'NONE', #1480, #4429 ) ;
#1695 = ORIENTED_EDGE ( 'NONE', *, *, #118, .F. ) ;
#1696 = SURFACE_SIDE_STYLE ('',( #252 ) ) ;
#1697 = EDGE_CURVE ( 'NONE', #3606, #2012, #1648, .T. ) ;
#1698 = CARTESIAN_POINT ( 'NONE',  ( 1.364453124999999378, 1.949999999999999956, 0.3219526322583777800 ) ) ;
#1699 = PRESENTATION_LAYER_ASSIGNMENT (  '', '', ( #1459 ) ) ;
#1700 = CIRCLE ( 'NONE', #292, 0.09999999999999982514 ) ;
#1701 = ORIENTED_EDGE ( 'NONE', *, *, #1290, .T. ) ;
#1702 = VECTOR ( 'NONE', #2848, 1000.000000000000000 ) ;
#1703 = DIRECTION ( 'NONE',  ( 1.000000000000000000, 0.0000000000000000000, 0.0000000000000000000 ) ) ;
#1704 = EDGE_LOOP ( 'NONE', ( #953, #2615, #2201, #2088 ) ) ;
#1705 = CARTESIAN_POINT ( 'NONE',  ( 0.2692171369306596840, 1.949999999999999512, -0.3692072256085413562 ) ) ;
#1706 = VECTOR ( 'NONE', #2335, 1000.000000000000000 ) ;
#1707 = FACE_OUTER_BOUND ( 'NONE', #3460, .T. ) ;
#1708 = DIRECTION ( 'NONE',  ( 1.000000000000000000, 0.0000000000000000000, 1.668003342285391551E-16 ) ) ;
#1709 = ORIENTED_EDGE ( 'NONE', *, *, #3815, .T. ) ;
#1710 = ORIENTED_EDGE ( 'NONE', *, *, #2749, .T. ) ;
#1711 = B_SPLINE_CURVE_WITH_KNOTS ( 'NONE', 3,
 ( #3931, #3947, #4300, #3681, #3583, #3622, #3317, #4424, #3220 ),
 .UNSPECIFIED., .F., .F.,
 ( 4, 1, 1, 1, 1, 1, 4 ),
 ( 0.0000000000000000000, 0.1622740009151285578, 0.3073003050539820924, 0.4366585655038450753, 0.5550128254279764750, 0.7747839085758535527, 1.000000000000000000 ),
 .UNSPECIFIED. ) ;
#1712 = EDGE_LOOP ( 'NONE', ( #1399, #1037, #319, #1812 ) ) ;
#1713 = FACE_OUTER_BOUND ( 'NONE', #1814, .T. ) ;
#1714 =( LENGTH_UNIT ( ) NAMED_UNIT ( * ) SI_UNIT ( .MILLI., .METRE. ) );
#1715 = CARTESIAN_POINT ( 'NONE',  ( 1.364570048213274100, 1.949999999999999956, 0.3297653346063704749 ) ) ;
#1716 = PLANE ( 'NONE',  #1188 ) ;
#1717 = VECTOR ( 'NONE', #558, 1000.000000000000000 ) ;
#1718 = VERTEX_POINT ( 'NONE', #458 ) ;
#1719 = ORIENTED_EDGE ( 'NONE', *, *, #3134, .T. ) ;
#1720 = VECTOR ( 'NONE', #1456, 1000.000000000000000 ) ;
#1721 = EDGE_LOOP ( 'NONE', ( #467, #3313, #3429, #3504, #4550 ) ) ;
#1722 = LINE ( 'NONE', #3880, #2681 ) ;
#1723 = MECHANICAL_DESIGN_GEOMETRIC_PRESENTATION_REPRESENTATION (  '', ( #1018 ), #1959 ) ;
#1724 = CARTESIAN_POINT ( 'NONE',  ( 1.374397171363381576, 1.950000000000000400, 0.6647038430021480204 ) ) ;
#1725 = DIRECTION ( 'NONE',  ( 0.0000000000000000000, 0.0000000000000000000, 1.000000000000000000 ) ) ;
#1726 =( NAMED_UNIT ( * ) PLANE_ANGLE_UNIT ( ) SI_UNIT ( $, .RADIAN. ) );
#1727 = CARTESIAN_POINT ( 'NONE',  ( 1.374646174452346159, 1.947999999999999732, 0.5778114811187434752 ) ) ;
#1728 = CARTESIAN_POINT ( 'NONE',  ( 2.840729278764758892, 0.1579500538070878202, 1.250000000000001554 ) ) ;
#1729 = ORIENTED_EDGE ( 'NONE', *, *, #937, .F. ) ;
#1730 = AXIS2_PLACEMENT_3D ( 'NONE', #201, #2350, #1680 ) ;
#1731 = FACE_OUTER_BOUND ( 'NONE', #1413, .T. ) ;
#1732 = CARTESIAN_POINT ( 'NONE',  ( 1.364988705153460824, 1.949999999999999512, 0.3003259657617208811 ) ) ;
#1733 = EDGE_CURVE ( 'NONE', #338, #3248, #2473, .T. ) ;
#1734 = ORIENTED_EDGE ( 'NONE', *, *, #676, .F. ) ;
#1735 = CARTESIAN_POINT ( 'NONE',  ( 1.276728597782917252, 1.948000000000000176, 0.7751598998074732405 ) ) ;
#1736 = B_SPLINE_CURVE_WITH_KNOTS ( 'NONE', 3,
 ( #768, #2530, #1122, #3613, #1478, #3954, #1828, #4323, #2178, #57, #2554 ),
 .UNSPECIFIED., .F., .F.,
 ( 4, 1, 1, 1, 1, 1, 1, 1, 4 ),
 ( 0.0000000000000000000, 0.1611571078328777884, 0.3016690559266324012, 0.4203516255293798243, 0.5252821247799178694, 0.6267355132435494802, 0.7354493728806462682, 0.8580298397088239604, 0.9999999999999998890 ),
 .UNSPECIFIED. ) ;
#1737 = CARTESIAN_POINT ( 'NONE',  ( 1.874999999999999334, 1.947999999999999954, -0.9757036177416220646 ) ) ;
#1738 = DIRECTION ( 'NONE',  ( -0.0000000000000000000, 0.0000000000000000000, 1.000000000000000000 ) ) ;
#1739 = CARTESIAN_POINT ( 'NONE',  ( -0.5749999999999995115, 1.947999999999999954, 0.7504682572583777356 ) ) ;
#1740 = PLANE ( 'NONE',  #1640 ) ;
#1741 = CARTESIAN_POINT ( 'NONE',  ( 0.8499999999999994227, 1.949999999999999956, -0.6100786177416221978 ) ) ;
#1742 = ORIENTED_EDGE ( 'NONE', *, *, #110, .F. ) ;
#1743 = AXIS2_PLACEMENT_3D ( 'NONE', #916, #4479, #232 ) ;
#1744 = EDGE_CURVE ( 'NONE', #3959, #226, #1537, .T. ) ;
#1745 = LINE ( 'NONE', #1543, #4484 ) ;
#1746 = VERTEX_POINT ( 'NONE', #2389 ) ;
#1747 = DIRECTION ( 'NONE',  ( -0.0000000000000000000, 1.000000000000000000, -0.0000000000000000000 ) ) ;
#1748 = SURFACE_STYLE_FILL_AREA ( #108 ) ;
#1749 = DIRECTION ( 'NONE',  ( -0.0000000000000000000, 0.0000000000000000000, 1.000000000000000000 ) ) ;
#1750 = CARTESIAN_POINT ( 'NONE',  ( -2.719999999999999307, 0.2469693845669906629, 1.250000000000001554 ) ) ;
#1751 = CARTESIAN_POINT ( 'NONE',  ( 0.4605574619839781225, 1.950000000000000400, -0.3630467898498152546 ) ) ;
#1752 = EDGE_CURVE ( 'NONE', #3607, #17, #3440, .T. ) ;
#1753 = CARTESIAN_POINT ( 'NONE',  ( 2.849999999999999201, 1.050000000000000266, -1.249999999999997558 ) ) ;
#1754 = PLANE ( 'NONE',  #140 ) ;
#1755 = LINE ( 'NONE', #2813, #4492 ) ;
#1756 = DIRECTION ( 'NONE',  ( 1.000000000000000000, 0.0000000000000000000, 0.0000000000000000000 ) ) ;
#1757 = CARTESIAN_POINT ( 'NONE',  ( -0.09999999999999961697, 1.947999999999999954, 0.7504682572583777356 ) ) ;
#1758 = VECTOR ( 'NONE', #2875, 1000.000000000000000 ) ;
#1759 = EDGE_LOOP ( 'NONE', ( #2026, #1614, #276, #2540 ) ) ;
#1760 = EDGE_LOOP ( 'NONE', ( #1581, #1932, #3844, #962 ) ) ;
#1761 = ORIENTED_EDGE ( 'NONE', *, *, #2567, .F. ) ;
#1762 = ORIENTED_EDGE ( 'NONE', *, *, #225, .T. ) ;
#1763 = CARTESIAN_POINT ( 'NONE',  ( -0.2499999999999996392, 1.947999999999999954, -0.8925004927416221312 ) ) ;
#1764 = FACE_OUTER_BOUND ( 'NONE', #3587, .T. ) ;
#1765 = ORIENTED_EDGE ( 'NONE', *, *, #2310, .T. ) ;
#1766 = CARTESIAN_POINT ( 'NONE',  ( 2.919999999999999485, -0.09999999999999990841, -1.249999999999999556 ) ) ;
#1767 = CARTESIAN_POINT ( 'NONE',  ( 0.1984596211771343377, 1.947999999999864507, -0.2950683117660161114 ) ) ;
#1768 = CARTESIAN_POINT ( 'NONE',  ( -0.02812499999999961212, 1.949999999999999956, -0.2245317427416221590 ) ) ;
#1769 =( NAMED_UNIT ( * ) PLANE_ANGLE_UNIT ( ) SI_UNIT ( $, .RADIAN. ) );
#1770 = PLANE ( 'NONE',  #2837 ) ;
#1771 = EDGE_CURVE ( 'NONE', #2779, #3196, #1383, .T. ) ;
#1772 = CARTESIAN_POINT ( 'NONE',  ( 0.9238281249999993339, 1.947999999999999954, -1.049531742741622198 ) ) ;
#1773 = AXIS2_PLACEMENT_3D ( 'NONE', #2253, #3355, #1206 ) ;
#1774 = EDGE_CURVE ( 'NONE', #609, #1276, #4151, .T. ) ;
#1775 = CARTESIAN_POINT ( 'NONE',  ( 1.150383524071818320, 1.950000000000000178, 0.5886142024647106341 ) ) ;
#1776 = CARTESIAN_POINT ( 'NONE',  ( -0.04843749999999965444, 1.949999999999999956, -0.9745317427416221312 ) ) ;
#1777 = VERTEX_POINT ( 'NONE', #4534 ) ;
#1778 = CARTESIAN_POINT ( 'NONE',  ( -0.5749999999999995115, 1.949999999999999956, -1.049531742741622198 ) ) ;
#1779 = CARTESIAN_POINT ( 'NONE',  ( 0.1709610836565439995, 1.950000000000000178, -0.2759308410869534267 ) ) ;
#1780 = CARTESIAN_POINT ( 'NONE',  ( 0.0000000000000000000, 1.949999999999999956, 0.0000000000000000000 ) ) ;
#1781 = DIRECTION ( 'NONE',  ( -1.000000000000000000, 0.0000000000000000000, 0.0000000000000000000 ) ) ;
#1782 = FACE_BOUND ( 'NONE', #787, .T. ) ;
#1783 = CARTESIAN_POINT ( 'NONE',  ( 2.850000000000000533, 1.949999999999999956, -2.599999999999999201 ) ) ;
#1784 = CARTESIAN_POINT ( 'NONE',  ( -2.919999999999999485, 0.9000000000000003553, -1.249999999999996669 ) ) ;
#1785 = DIRECTION ( 'NONE',  ( 0.0000000000000000000, -1.000000000000000000, 5.782411586589357244E-15 ) ) ;
#1786 = CARTESIAN_POINT ( 'NONE',  ( 0.3802149298307219705, 1.948000000000000620, -0.2716534822274653260 ) ) ;
#1787 = CARTESIAN_POINT ( 'NONE',  ( 1.218263156095386490, 1.947999999999999732, 0.1789362262054314257 ) ) ;
#1788 = DIRECTION ( 'NONE',  ( 1.000000000000000000, 0.0000000000000000000, 0.0000000000000000000 ) ) ;
#1789 = VERTEX_POINT ( 'NONE', #1337 ) ;
#1790 = DIRECTION ( 'NONE',  ( 1.445602896647339163E-16, 0.0000000000000000000, 1.000000000000000000 ) ) ;
#1791 = DIRECTION ( 'NONE',  ( 0.0000000000000000000, 1.000000000000000000, 0.0000000000000000000 ) ) ;
#1792 = DIRECTION ( 'NONE',  ( -0.0000000000000000000, 1.000000000000000000, -0.0000000000000000000 ) ) ;
#1793 = CARTESIAN_POINT ( 'NONE',  ( -0.04843749999999965444, 1.947999999999999954, -0.9745317427416221312 ) ) ;
#1794 = VECTOR ( 'NONE', #756, 1000.000000000000000 ) ;
#1795 = ORIENTED_EDGE ( 'NONE', *, *, #2057, .F. ) ;
#1796 = CARTESIAN_POINT ( 'NONE',  ( -0.8015624999999995115, 1.947999999999999954, 0.6949995072583777800 ) ) ;
#1797 = CARTESIAN_POINT ( 'NONE',  ( -1.045560817901287631, 1.948000000000000176, 0.6207605584716456848 ) ) ;
#1798 = DIRECTION ( 'NONE',  ( 0.0000000000000000000, 1.000000000000000000, 0.0000000000000000000 ) ) ;
#1799 = SURFACE_STYLE_FILL_AREA ( #1899 ) ;
#1800 = CARTESIAN_POINT ( 'NONE',  ( 1.502978685503361111, 1.949999999999999956, -0.2752487251923011469 ) ) ;
#1801 = ORIENTED_EDGE ( 'NONE', *, *, #325, .F. ) ;
#1802 = SURFACE_STYLE_FILL_AREA ( #1066 ) ;
#1803 = CARTESIAN_POINT ( 'NONE',  ( 1.325417944712371288, 1.949999999999999067, -0.1196109122439482642 ) ) ;
#1804 = VERTEX_POINT ( 'NONE', #247 ) ;
#1805 = CARTESIAN_POINT ( 'NONE',  ( 0.3250000000000003997, 1.947999999999999954, -0.6046098677416221756 ) ) ;
#1806 = CARTESIAN_POINT ( 'NONE',  ( -3.069999999999999396, 0.0000000000000000000, 3.669607353027861066E-17 ) ) ;
#1807 = EDGE_CURVE ( 'NONE', #3951, #1498, #309, .T. ) ;
#1808 = CARTESIAN_POINT ( 'NONE',  ( 1.200521831480332979, 1.948000000000000176, 0.2488750050303991379 ) ) ;
#1809 = CARTESIAN_POINT ( 'NONE',  ( -0.5749999999999995115, 1.947999999999999954, 0.7504682572583777356 ) ) ;
#1810 = LINE ( 'NONE', #2532, #4548 ) ;
#1811 = SHAPE_DEFINITION_REPRESENTATION ( #3062, #32 ) ;
#1812 = ORIENTED_EDGE ( 'NONE', *, *, #2629, .T. ) ;
#1813 = ORIENTED_EDGE ( 'NONE', *, *, #4238, .T. ) ;
#1814 = EDGE_LOOP ( 'NONE', ( #3639, #3261, #4332, #266 ) ) ;
#1815 = LINE ( 'NONE', #3242, #4553 ) ;
#1816 =( NAMED_UNIT ( * ) SI_UNIT ( $, .STERADIAN. ) SOLID_ANGLE_UNIT ( ) );
#1817 = CARTESIAN_POINT ( 'NONE',  ( -0.2499999999999996392, 1.949999999999999956, -0.8925004927416221312 ) ) ;
#1818 = EDGE_CURVE ( 'NONE', #2750, #1671, #2821, .T. ) ;
#1819 = VECTOR ( 'NONE', #3044, 1000.000000000000000 ) ;
#1820 = ORIENTED_EDGE ( 'NONE', *, *, #2651, .T. ) ;
#1821 = ORIENTED_EDGE ( 'NONE', *, *, #3387, .T. ) ;
#1822 = CARTESIAN_POINT ( 'NONE',  ( 1.502978685503361111, 1.947999999999999954, -0.2752487251923011469 ) ) ;
#1823 = ORIENTED_EDGE ( 'NONE', *, *, #839, .F. ) ;
#1824 = FACE_OUTER_BOUND ( 'NONE', #2828, .T. ) ;
#1825 = CARTESIAN_POINT ( 'NONE',  ( 3.069999999999999396, 1.050000000000000266, 1.250000000000001554 ) ) ;
#1826 = CARTESIAN_POINT ( 'NONE',  ( 1.543930863968227651, 1.947999999999999954, -0.5713177517547939344 ) ) ;
#1827 = B_SPLINE_CURVE_WITH_KNOTS ( 'NONE', 3,
 ( #3067, #1602, #1295, #2667 ),
 .UNSPECIFIED., .F., .F.,
 ( 4, 4 ),
 ( 0.0000000000000000000, 1.000000000000000000 ),
 .UNSPECIFIED. ) ;
#1828 = CARTESIAN_POINT ( 'NONE',  ( -1.242669855802165824, 1.948000000000000176, 0.6452140088189265432 ) ) ;
#1829 = CARTESIAN_POINT ( 'NONE',  ( 0.1177570121112068990, 1.948000000000000398, -0.9511546469697838013 ) ) ;
#1830 = CARTESIAN_POINT ( 'NONE',  ( 0.5175970989313561921, 1.947999999999999510, -0.7252967746065368537 ) ) ;
#1831 = CARTESIAN_POINT ( 'NONE',  ( 1.505524970118025552, 1.947999999999999066, -0.4972286647058513087 ) ) ;
#1832 = CARTESIAN_POINT ( 'NONE',  ( 1.418550995206711907, 1.949999999999999734, -0.03098175251406928149 ) ) ;
#1833 =( NAMED_UNIT ( * ) PLANE_ANGLE_UNIT ( ) SI_UNIT ( $, .RADIAN. ) );
#1834 = CARTESIAN_POINT ( 'NONE',  ( 0.5086173604937543891, 1.950000000000000178, 0.6632092074503195267 ) ) ;
#1835 =( LENGTH_UNIT ( ) NAMED_UNIT ( * ) SI_UNIT ( .MILLI., .METRE. ) );
#1836 = DIRECTION ( 'NONE',  ( -0.0000000000000000000, 0.0000000000000000000, 1.000000000000000000 ) ) ;
#1837 = VERTEX_POINT ( 'NONE', #3312 ) ;
#1838 = EDGE_CURVE ( 'NONE', #1312, #1804, #2245, .T. ) ;
#1839 = CARTESIAN_POINT ( 'NONE',  ( 1.856008364469154737, 1.948000000000000176, -0.9459556516996279196 ) ) ;
#1840 = VECTOR ( 'NONE', #2675, 1000.000000000000000 ) ;
#1841 = CARTESIAN_POINT ( 'NONE',  ( -0.5749999999999995115, 1.947999999999999954, -1.049531742741622198 ) ) ;
#1842 = CARTESIAN_POINT ( 'NONE',  ( 1.008064138123621056, 1.947999999999999954, -0.8249030908122402250 ) ) ;
#1843 = DIRECTION ( 'NONE',  ( -0.0000000000000000000, 1.000000000000000000, -0.0000000000000000000 ) ) ;
#1844 = ORIENTED_EDGE ( 'NONE', *, *, #1405, .T. ) ;
#1845 = CARTESIAN_POINT ( 'NONE',  ( 0.5240754188738792063, 1.947999999999999954, -0.6771949969274655423 ) ) ;
#1846 = DIRECTION ( 'NONE',  ( 0.0000000000000000000, -1.000000000000000000, 5.782411586589357244E-15 ) ) ;
#1847 = CARTESIAN_POINT ( 'NONE',  ( -0.1657772393262032518, 1.947999999999999954, -0.9743607753621169598 ) ) ;
#1848 = PLANE ( 'NONE',  #55 ) ;
#1849 =( LENGTH_UNIT ( ) NAMED_UNIT ( * ) SI_UNIT ( .MILLI., .METRE. ) );
#1850 = CARTESIAN_POINT ( 'NONE',  ( 1.362919123274594524, 1.948000000000000176, 0.7235627240391522275 ) ) ;
#1851 = ORIENTED_EDGE ( 'NONE', *, *, #2258, .T. ) ;
#1852 = CARTESIAN_POINT ( 'NONE',  ( -1.381640624999999734, 1.949999999999999956, 0.6949995072583777800 ) ) ;
#1853 = CARTESIAN_POINT ( 'NONE',  ( 1.089318668136561197, 1.950000000000000178, -0.8826656195883684219 ) ) ;
#1854 = SURFACE_STYLE_FILL_AREA ( #516 ) ;
#1855 = CARTESIAN_POINT ( 'NONE',  ( 2.919999999999999485, 1.050000000000000266, -1.249999999999997558 ) ) ;
#1856 = VECTOR ( 'NONE', #3803, 1000.000000000000000 ) ;
#1857 = ADVANCED_FACE ( 'NONE', ( #1310 ), #2030, .T. ) ;
#1858 = ORIENTED_EDGE ( 'NONE', *, *, #3365, .F. ) ;
#1859 =( LENGTH_UNIT ( ) NAMED_UNIT ( * ) SI_UNIT ( .MILLI., .METRE. ) );
#1860 = VECTOR ( 'NONE', #2197, 1000.000000000000000 ) ;
#1861 = EDGE_CURVE ( 'NONE', #2415, #4456, #360, .T. ) ;
#1862 = SURFACE_STYLE_USAGE ( .BOTH. , #1885 ) ;
#1863 = LINE ( 'NONE', #4069, #196 ) ;
#1864 =( NAMED_UNIT ( * ) PLANE_ANGLE_UNIT ( ) SI_UNIT ( $, .RADIAN. ) );
#1865 = ORIENTED_EDGE ( 'NONE', *, *, #1607, .T. ) ;
#1866 = AXIS2_PLACEMENT_3D ( 'NONE', #1784, #4290, #2138 ) ;
#1867 = ORIENTED_EDGE ( 'NONE', *, *, #1230, .F. ) ;
#1868 = PRESENTATION_STYLE_ASSIGNMENT (( #2760 ) ) ;
#1869 = AXIS2_PLACEMENT_3D ( 'NONE', #3212, #435, #2942 ) ;
#1870 = DIRECTION ( 'NONE',  ( 0.0000000000000000000, 0.0000000000000000000, 1.000000000000000000 ) ) ;
#1871 = EDGE_CURVE ( 'NONE', #2731, #2316, #1412, .T. ) ;
#1872 = LINE ( 'NONE', #2873, #4596 ) ;
#1873 = MECHANICAL_DESIGN_GEOMETRIC_PRESENTATION_REPRESENTATION (  '', ( #682 ), #2106 ) ;
#1874 = ORIENTED_EDGE ( 'NONE', *, *, #1303, .F. ) ;
#1875 = VECTOR ( 'NONE', #3218, 1000.000000000000000 ) ;
#1876 = CARTESIAN_POINT ( 'NONE',  ( 0.9121093749999994449, 1.947999999999999954, -0.5995317427416220202 ) ) ;
#1877 = PLANE ( 'NONE',  #1963 ) ;
#1878 = VERTEX_POINT ( 'NONE', #3551 ) ;
#1879 = ORIENTED_EDGE ( 'NONE', *, *, #573, .T. ) ;
#1880 = SURFACE_STYLE_FILL_AREA ( #4304 ) ;
#1881 = ORIENTED_EDGE ( 'NONE', *, *, #1027, .F. ) ;
#1882 = PLANE ( 'NONE',  #2047 ) ;
#1883 = SURFACE_STYLE_FILL_AREA ( #1161 ) ;
#1884 = ORIENTED_EDGE ( 'NONE', *, *, #567, .T. ) ;
#1885 = SURFACE_SIDE_STYLE ('',( #1799 ) ) ;
#1886 = CARTESIAN_POINT ( 'NONE',  ( -1.054687499999999556, 1.947999999999999954, 0.2098432572583778244 ) ) ;
#1887 = EDGE_CURVE ( 'NONE', #1539, #3153, #4033, .T. ) ;
#1888 = PLANE ( 'NONE',  #846 ) ;
#1889 = CARTESIAN_POINT ( 'NONE',  ( 0.3241686561049211823, 1.949999999999999734, -0.5582771120016015720 ) ) ;
#1890 = ADVANCED_FACE ( 'NONE', ( #1199 ), #3568, .T. ) ;
#1891 = EDGE_CURVE ( 'NONE', #4437, #3209, #3002, .T. ) ;
#1892 = ORIENTED_EDGE ( 'NONE', *, *, #3693, .F. ) ;
#1893 = VERTEX_POINT ( 'NONE', #92 ) ;
#1894 = CARTESIAN_POINT ( 'NONE',  ( 0.2247701478301688538, 1.947999999999999954, -0.3161732815756836956 ) ) ;
#1895 = DIRECTION ( 'NONE',  ( -0.0000000000000000000, 1.301042606982606307E-16, 1.000000000000000000 ) ) ;
#1896 = CARTESIAN_POINT ( 'NONE',  ( -0.5749999999999995115, 1.947999999999999954, 0.6754682572583776690 ) ) ;
#1897 = DIRECTION ( 'NONE',  ( 1.000000000000000000, 0.0000000000000000000, -2.168404344971012812E-15 ) ) ;
#1898 = ORIENTED_EDGE ( 'NONE', *, *, #591, .T. ) ;
#1899 = FILL_AREA_STYLE ('',( #1914 ) ) ;
#1900 = MECHANICAL_DESIGN_GEOMETRIC_PRESENTATION_REPRESENTATION (  '', ( #1419 ), #2124 ) ;
#1901 = CARTESIAN_POINT ( 'NONE',  ( -2.792580928373622484, 0.1000000000000000472, -1.249999999999991562 ) ) ;
#1902 = CARTESIAN_POINT ( 'NONE',  ( -1.969999999999998641, -0.09999999999999958922, 1.250000000000000444 ) ) ;
#1903 = DIRECTION ( 'NONE',  ( 0.0000000000000000000, 0.0000000000000000000, -1.000000000000000000 ) ) ;
#1904 = VECTOR ( 'NONE', #628, 1000.000000000000000 ) ;
#1905 = CARTESIAN_POINT ( 'NONE',  ( 0.3363281250000002554, 1.947999999999999954, 0.7504682572583777356 ) ) ;
#1906 = EDGE_CURVE ( 'NONE', #1099, #3606, #1086, .T. ) ;
#1907 = CARTESIAN_POINT ( 'NONE',  ( -1.223437499999999512, 1.949999999999999956, 0.5578901322583778022 ) ) ;
#1908 = CARTESIAN_POINT ( 'NONE',  ( -0.2499999999999996392, 1.949999999999999956, 0.5930463822583778022 ) ) ;
#1909 = ADVANCED_FACE ( 'NONE', ( #3910 ), #2526, .T. ) ;
#1910 = DIRECTION ( 'NONE',  ( -1.734723475976806848E-16, 0.0000000000000000000, -1.000000000000000000 ) ) ;
#1911 = SURFACE_SIDE_STYLE ('',( #107 ) ) ;
#1912 = EDGE_CURVE ( 'NONE', #2750, #4586, #1694, .T. ) ;
#1913 = VERTEX_POINT ( 'NONE', #3214 ) ;
#1914 = FILL_AREA_STYLE_COLOUR ( '', #24 ) ;
#1915 = CARTESIAN_POINT ( 'NONE',  ( 1.173987005368898551, 1.949999999999999956, -0.8987187397733361616 ) ) ;
#1916 = CARTESIAN_POINT ( 'NONE',  ( 1.665671429377515445, 1.947999999999999732, -0.6215359740174671854 ) ) ;
#1917 = VECTOR ( 'NONE', #2998, 1000.000000000000000 ) ;
#1918 = FACE_BOUND ( 'NONE', #4276, .T. ) ;
#1919 = ORIENTED_EDGE ( 'NONE', *, *, #3004, .T. ) ;
#1920 = CARTESIAN_POINT ( 'NONE',  ( -0.4294963531475908813, 1.949999999999999956, 0.6282631438194086204 ) ) ;
#1921 = CARTESIAN_POINT ( 'NONE',  ( 0.0000000000000000000, 0.1000000000000000056, 1.500000000000000000 ) ) ;
#1922 = CARTESIAN_POINT ( 'NONE',  ( -0.1601562499999996114, 1.947999999999999954, 0.6754682572583776690 ) ) ;
#1923 = VERTEX_POINT ( 'NONE', #4179 ) ;
#1924 = DIRECTION ( 'NONE',  ( 1.000000000000000000, 0.0000000000000000000, 0.0000000000000000000 ) ) ;
#1925 = EDGE_CURVE ( 'NONE', #689, #1893, #1585, .T. ) ;
#1926 = CARTESIAN_POINT ( 'NONE',  ( 0.6250000000000003331, 1.949999999999999956, 0.7504682572583777356 ) ) ;
#1927 = DIRECTION ( 'NONE',  ( -0.0000000000000000000, 1.000000000000000000, -0.0000000000000000000 ) ) ;
#1928 = LINE ( 'NONE', #195, #3716 ) ;
#1929 = CARTESIAN_POINT ( 'NONE',  ( 0.9174593476185883834, 1.949999999999999956, -0.6231078888497151302 ) ) ;
#1930 = CARTESIAN_POINT ( 'NONE',  ( 1.364453124999999378, 1.947999999999999954, 0.3219526322583777800 ) ) ;
#1931 = ORIENTED_EDGE ( 'NONE', *, *, #4060, .F. ) ;
#1932 = ORIENTED_EDGE ( 'NONE', *, *, #4262, .F. ) ;
#1933 = CARTESIAN_POINT ( 'NONE',  ( -1.054687499999999556, 1.949999999999999956, 0.2098432572583778244 ) ) ;
#1934 = ADVANCED_FACE ( 'NONE', ( #754 ), #2891, .F. ) ;
#1935 = ORIENTED_EDGE ( 'NONE', *, *, #2590, .T. ) ;
#1936 = VECTOR ( 'NONE', #3202, 1000.000000000000000 ) ;
#1937 = EDGE_CURVE ( 'NONE', #1837, #566, #4313, .T. ) ;
#1938 = MECHANICAL_DESIGN_GEOMETRIC_PRESENTATION_REPRESENTATION (  '', ( #1459 ), #2163 ) ;
#1939 = LINE ( 'NONE', #913, #1819 ) ;
#1940 = ORIENTED_EDGE ( 'NONE', *, *, #3958, .F. ) ;
#1941 = VERTEX_POINT ( 'NONE', #750 ) ;
#1942 = EDGE_LOOP ( 'NONE', ( #2617, #2033, #1149, #833 ) ) ;
#1943 = CARTESIAN_POINT ( 'NONE',  ( -1.381640624999999734, 1.949999999999999956, 0.6949995072583777800 ) ) ;
#1944 = CARTESIAN_POINT ( 'NONE',  ( -0.2497294461305188951, 1.947999999999999954, 0.5994566132405843017 ) ) ;
#1945 = VECTOR ( 'NONE', #3471, 1000.000000000000000 ) ;
#1946 = CARTESIAN_POINT ( 'NONE',  ( 3.069999999999999396, 1.050000000000000266, -1.249999999999997558 ) ) ;
#1947 = DIRECTION ( 'NONE',  ( -0.0000000000000000000, 1.000000000000000000, -0.0000000000000000000 ) ) ;
#1948 = CARTESIAN_POINT ( 'NONE',  ( 0.5240754188738792063, 1.947999999999999954, -0.6771949969274655423 ) ) ;
#1949 = CARTESIAN_POINT ( 'NONE',  ( -2.919999999999999485, 0.05000000000000023870, -6.505213034913058189E-18 ) ) ;
#1950 = CARTESIAN_POINT ( 'NONE',  ( -0.4251698121267690200, 1.949999999999999956, -0.8978589293909123858 ) ) ;
#1951 = DIRECTION ( 'NONE',  ( 1.000000000000000000, 0.0000000000000000000, 0.0000000000000000000 ) ) ;
#1952 = AXIS2_PLACEMENT_3D ( 'NONE', #2914, #1064, #1910 ) ;
#1953 = ORIENTED_EDGE ( 'NONE', *, *, #1744, .T. ) ;
#1954 =( NAMED_UNIT ( * ) PLANE_ANGLE_UNIT ( ) SI_UNIT ( $, .RADIAN. ) );
#1955 = CARTESIAN_POINT ( 'NONE',  ( -0.1961579192086493340, 1.950000000000000622, 0.6708549736007173303 ) ) ;
#1956 = ADVANCED_FACE ( 'NONE', ( #2414 ), #3893, .T. ) ;
#1957 = CARTESIAN_POINT ( 'NONE',  ( 1.365560873911624284, 1.947999999999999732, 0.3749596767205411463 ) ) ;
#1958 = PLANE ( 'NONE',  #3734 ) ;
#1959 =( GEOMETRIC_REPRESENTATION_CONTEXT ( 3 ) GLOBAL_UNCERTAINTY_ASSIGNED_CONTEXT ( ( #3829 ) ) GLOBAL_UNIT_ASSIGNED_CONTEXT ( ( #2268, #138, #2635 ) ) REPRESENTATION_CONTEXT ( 'NONE', 'WORKASPACE' ) );
#1960 = ORIENTED_EDGE ( 'NONE', *, *, #463, .T. ) ;
#1961 = CARTESIAN_POINT ( 'NONE',  ( -1.223437499999999512, 1.947999999999999954, 0.5578901322583778022 ) ) ;
#1962 = CARTESIAN_POINT ( 'NONE',  ( -0.5148437499999997113, 1.949999999999999956, -0.9745317427416221312 ) ) ;
#1963 = AXIS2_PLACEMENT_3D ( 'NONE', #1515, #1175, #817 ) ;
#1964 = CARTESIAN_POINT ( 'NONE',  ( -1.054687499999999556, 1.947999999999999954, -1.066328617741622020 ) ) ;
#1965 = LINE ( 'NONE', #1364, #75 ) ;
#1966 = ORIENTED_EDGE ( 'NONE', *, *, #3053, .T. ) ;
#1967 = UNCERTAINTY_MEASURE_WITH_UNIT (LENGTH_MEASURE( 1.000000000000000082E-05 ), #620, 'distance_accuracy_value', 'NONE');
#1968 = EDGE_CURVE ( 'NONE', #837, #3603, #3385, .T. ) ;
#1969 = B_SPLINE_CURVE_WITH_KNOTS ( 'NONE', 3,
 ( #2506, #3584, #3933, #1797, #4301, #2156, #31, #2521, #396, #2899, #758 ),
 .UNSPECIFIED., .F., .F.,
 ( 4, 1, 1, 1, 1, 1, 1, 1, 4 ),
 ( 0.0000000000000000000, 0.1437500629234674254, 0.2685736327797126344, 0.3822923843179458214, 0.4905275935712833379, 0.6022349223428677956, 0.7223051604436405704, 0.8548456732751845699, 1.000000000000000000 ),
 .UNSPECIFIED. ) ;
#1970 = DIRECTION ( 'NONE',  ( -0.0000000000000000000, 1.000000000000000000, -0.0000000000000000000 ) ) ;
#1971 = LINE ( 'NONE', #580, #192 ) ;
#1972 = CARTESIAN_POINT ( 'NONE',  ( 0.5175970989313561921, 1.949999999999999734, -0.7252967746065368537 ) ) ;
#1973 = DIRECTION ( 'NONE',  ( 0.0000000000000000000, -1.000000000000000000, 1.301042606982605321E-16 ) ) ;
#1974 = EDGE_LOOP ( 'NONE', ( #2964, #1072, #4261, #4601 ) ) ;
#1975 = CARTESIAN_POINT ( 'NONE',  ( 0.4605574619839781225, 1.948000000000000176, -0.3630467898498152546 ) ) ;
#1976 = CARTESIAN_POINT ( 'NONE',  ( 1.150383524071818320, 1.950000000000000178, 0.5886142024647106341 ) ) ;
#1977 = CARTESIAN_POINT ( 'NONE',  ( -1.930078124999999423, 1.949999999999999956, 0.2098432572583778244 ) ) ;
#1978 = LINE ( 'NONE', #2969, #822 ) ;
#1979 = ADVANCED_FACE ( 'NONE', ( #3268 ), #2453, .T. ) ;
#1980 = VECTOR ( 'NONE', #2043, 1000.000000000000000 ) ;
#1981 = LINE ( 'NONE', #1659, #1044 ) ;
#1982 = VECTOR ( 'NONE', #2149, 1000.000000000000000 ) ;
#1983 = CARTESIAN_POINT ( 'NONE',  ( -1.224456719352574607, 1.948000000000000176, 0.5908455148654870870 ) ) ;
#1984 = DIRECTION ( 'NONE',  ( 0.0000000000000000000, -0.0000000000000000000, 1.000000000000000000 ) ) ;
#1985 = FILL_AREA_STYLE_COLOUR ( '', #3502 ) ;
#1986 = ORIENTED_EDGE ( 'NONE', *, *, #2497, .T. ) ;
#1987 = COLOUR_RGB ( '',0.3098039215686274606, 0.3098039215686274606, 0.3098039215686274606 ) ;
#1988 = AXIS2_PLACEMENT_3D ( 'NONE', #3454, #1302, #3095 ) ;
#1989 = CARTESIAN_POINT ( 'NONE',  ( -0.2492189200522903214, 1.950000000000000178, -0.9111466642331318422 ) ) ;
#1990 = VECTOR ( 'NONE', #699, 1000.000000000000000 ) ;
#1991 = EDGE_CURVE ( 'NONE', #222, #4437, #524, .T. ) ;
#1992 = ORIENTED_EDGE ( 'NONE', *, *, #695, .T. ) ;
#1993 = VERTEX_POINT ( 'NONE', #1778 ) ;
#1994 = CARTESIAN_POINT ( 'NONE',  ( 0.5175970989313561921, 1.947999999999999510, -0.7252967746065368537 ) ) ;
#1995 = CARTESIAN_POINT ( 'NONE',  ( 1.192187499999999289, 1.949999999999999956, -0.8995317427416221756 ) ) ;
#1996 = VECTOR ( 'NONE', #3534, 1000.000000000000000 ) ;
#1997 = ORIENTED_EDGE ( 'NONE', *, *, #2407, .T. ) ;
#1998 = CARTESIAN_POINT ( 'NONE',  ( 0.5250000000000003553, 1.950000000000000400, -0.6268754927416221312 ) ) ;
#1999 = CARTESIAN_POINT ( 'NONE',  ( 1.325417944712371288, 1.949999999999999067, -0.1196109122439482642 ) ) ;
#2000 = CARTESIAN_POINT ( 'NONE',  ( 0.08051156457677316469, 1.950000000000000400, -0.9617177867703419203 ) ) ;
#2001 = VECTOR ( 'NONE', #1467, 1000.000000000000000 ) ;
#2002 = EDGE_CURVE ( 'NONE', #2732, #1575, #416, .T. ) ;
#2003 = CARTESIAN_POINT ( 'NONE',  ( -1.344202490143848960, 1.948000000000000176, 0.6939961711547680823 ) ) ;
#2004 =( NAMED_UNIT ( * ) PLANE_ANGLE_UNIT ( ) SI_UNIT ( $, .RADIAN. ) );
#2005 = ORIENTED_EDGE ( 'NONE', *, *, #1050, .F. ) ;
#2006 = ADVANCED_FACE ( 'NONE', ( #1356 ), #3973, .T. ) ;
#2007 = CARTESIAN_POINT ( 'NONE',  ( 0.9121093749999994449, 1.949999999999999956, -0.5995317427416220202 ) ) ;
#2008 = CARTESIAN_POINT ( 'NONE',  ( 0.3240996372459424846, 1.947999999999999510, -0.6463797438119474048 ) ) ;
#2009 = CARTESIAN_POINT ( 'NONE',  ( 0.5077305709582249360, 1.950000000000000400, -0.7701719255827543797 ) ) ;
#2010 = CARTESIAN_POINT ( 'NONE',  ( -1.233984374999999467, 1.947999999999999954, -0.8026567427416222422 ) ) ;
#2011 = CARTESIAN_POINT ( 'NONE',  ( -2.849999999999999201, 0.0000000000000000000, 1.500000000000000000 ) ) ;
#2012 = VERTEX_POINT ( 'NONE', #4324 ) ;
#2013 = EDGE_CURVE ( 'NONE', #4497, #1468, #1472, .T. ) ;
#2014 = CARTESIAN_POINT ( 'NONE',  ( 0.2857583947058107698, 1.950000000000000400, -0.2064449738145087698 ) ) ;
#2015 = CARTESIAN_POINT ( 'NONE',  ( 0.04031693723677075986, 1.947999999999999288, -0.9688166605692372091 ) ) ;
#2016 = AXIS2_PLACEMENT_3D ( 'NONE', #142, #2655, #518 ) ;
#2017 = CARTESIAN_POINT ( 'NONE',  ( 0.5077305709582249360, 1.948000000000000176, -0.7701719255827543797 ) ) ;
#2018 = CARTESIAN_POINT ( 'NONE',  ( -0.7699218749999995337, 1.947999999999999954, 0.1465620072583777578 ) ) ;
#2019 = EDGE_CURVE ( 'NONE', #566, #2582, #2185, .T. ) ;
#2020 = AXIS2_PLACEMENT_3D ( 'NONE', #1023, #1267, #160 ) ;
#2021 = DIRECTION ( 'NONE',  ( 1.971276677246371765E-16, 0.0000000000000000000, -1.000000000000000000 ) ) ;
#2022 = ADVANCED_FACE ( 'NONE', ( #3048 ), #2965, .T. ) ;
#2023 = EDGE_LOOP ( 'NONE', ( #3557, #4522, #1414, #3466, #632, #1194, #1325, #2730, #2246, #2906, #4283, #30, #4080, #4395, #3475, #4092, #2386, #517, #129, #1216, #1664, #3108 ) ) ;
#2024 = CIRCLE ( 'NONE', #4418, 0.1499999999999999667 ) ;
#2025 = PRESENTATION_STYLE_ASSIGNMENT (( #770 ) ) ;
#2026 = ORIENTED_EDGE ( 'NONE', *, *, #3795, .F. ) ;
#2027 = CARTESIAN_POINT ( 'NONE',  ( 1.470687433733664617, 1.947999999999999732, -0.1912049795584070400 ) ) ;
#2028 = CARTESIAN_POINT ( 'NONE',  ( 0.5094900331534546467, 1.949999999999999289, -0.4822372693499977769 ) ) ;
#2029 = CARTESIAN_POINT ( 'NONE',  ( -1.045560817901287631, 1.950000000000000178, 0.6207605584716456848 ) ) ;
#2030 = PLANE ( 'NONE',  #2698 ) ;
#2031 = CARTESIAN_POINT ( 'NONE',  ( -2.849999999999999201, 1.050000000000000266, -1.249999999999997558 ) ) ;
#2032 = DIRECTION ( 'NONE',  ( 0.0000000000000000000, 0.0000000000000000000, -1.000000000000000000 ) ) ;
#2033 = ORIENTED_EDGE ( 'NONE', *, *, #3735, .F. ) ;
#2034 = CARTESIAN_POINT ( 'NONE',  ( -1.223437499999999512, 1.947999999999999954, 0.2098432572583778244 ) ) ;
#2035 = VERTEX_POINT ( 'NONE', #2167 ) ;
#2036 = SURFACE_STYLE_FILL_AREA ( #1293 ) ;
#2037 = CARTESIAN_POINT ( 'NONE',  ( -1.054687499999999556, 1.949999999999999956, 0.1465620072583777578 ) ) ;
#2038 = ORIENTED_EDGE ( 'NONE', *, *, #3819, .F. ) ;
#2039 = VERTEX_POINT ( 'NONE', #2557 ) ;
#2040 = ORIENTED_EDGE ( 'NONE', *, *, #3784, .T. ) ;
#2041 = LINE ( 'NONE', #346, #3825 ) ;
#2042 = ORIENTED_EDGE ( 'NONE', *, *, #1050, .T. ) ;
#2043 = DIRECTION ( 'NONE',  ( 0.1656782175001126067, 0.0000000000000000000, -0.9861798660721001752 ) ) ;
#2044 = FACE_OUTER_BOUND ( 'NONE', #2508, .T. ) ;
#2045 = ORIENTED_EDGE ( 'NONE', *, *, #1219, .F. ) ;
#2046 = ORIENTED_EDGE ( 'NONE', *, *, #2295, .F. ) ;
#2047 = AXIS2_PLACEMENT_3D ( 'NONE', #3677, #1546, #4025 ) ;
#2048 = ORIENTED_EDGE ( 'NONE', *, *, #3640, .F. ) ;
#2049 = LINE ( 'NONE', #281, #1945 ) ;
#2050 = CARTESIAN_POINT ( 'NONE',  ( 0.6250000000000003331, 1.949999999999999956, 0.6754682572583776690 ) ) ;
#2051 = DIRECTION ( 'NONE',  ( 0.0000000000000000000, -0.0000000000000000000, 1.000000000000000000 ) ) ;
#2052 = CARTESIAN_POINT ( 'NONE',  ( 1.365560873911624284, 1.949999999999999734, 0.3749596767205411463 ) ) ;
#2053 = VERTEX_POINT ( 'NONE', #1855 ) ;
#2054 = EDGE_CURVE ( 'NONE', #307, #692, #3969, .T. ) ;
#2055 = DIRECTION ( 'NONE',  ( -0.3784451192558107024, 0.0000000000000000000, -0.9256237311734478723 ) ) ;
#2056 = DIRECTION ( 'NONE',  ( 0.0000000000000000000, 1.000000000000000000, 0.0000000000000000000 ) ) ;
#2057 = EDGE_CURVE ( 'NONE', #144, #338, #304, .T. ) ;
#2058 = CARTESIAN_POINT ( 'NONE',  ( 0.2862753745581189113, 1.947999999999865839, -0.4009586065441435587 ) ) ;
#2059 = ORIENTED_EDGE ( 'NONE', *, *, #1527, .F. ) ;
#2060 = CARTESIAN_POINT ( 'NONE',  ( 0.4524013035187768317, 1.948000000000000176, -0.8848001526991615684 ) ) ;
#2061 = CARTESIAN_POINT ( 'NONE',  ( -0.8964843749999994449, 1.947999999999999954, 0.6949995072583777800 ) ) ;
#2062 = CARTESIAN_POINT ( 'NONE',  ( -1.497656249999999467, 1.947999999999999954, 0.7582807572583777356 ) ) ;
#2063 = CARTESIAN_POINT ( 'NONE',  ( -0.4249999999999996003, 1.947999999999999954, -0.8913286177416221978 ) ) ;
#2064 = CARTESIAN_POINT ( 'NONE',  ( 1.364827313912499340, 1.950000000000000178, 0.3469555937183242400 ) ) ;
#2065 = CARTESIAN_POINT ( 'NONE',  ( -1.749999999999999112, 0.1000000000000000056, 1.500000000000000000 ) ) ;
#2066 = CARTESIAN_POINT ( 'NONE',  ( -0.8964843749999994449, 1.949999999999999956, 0.6949995072583777800 ) ) ;
#2067 = ORIENTED_EDGE ( 'NONE', *, *, #468, .F. ) ;
#2068 = CARTESIAN_POINT ( 'NONE',  ( -0.2499999999999996392, 1.947999999999999954, 0.5930463822583778022 ) ) ;
#2069 = CARTESIAN_POINT ( 'NONE',  ( 1.539416436918542352, 1.949999999999999512, -0.3607548097514204355 ) ) ;
#2070 = EDGE_CURVE ( 'NONE', #1497, #2410, #2301, .T. ) ;
#2071 = CARTESIAN_POINT ( 'NONE',  ( 1.369618662865971226, 1.949999999999999956, 0.6971714421319312738 ) ) ;
#2072 = VECTOR ( 'NONE', #1499, 1000.000000000000000 ) ;
#2073 = ORIENTED_EDGE ( 'NONE', *, *, #3958, .T. ) ;
#2074 = DIRECTION ( 'NONE',  ( 1.000000000000000000, 0.0000000000000000000, 0.0000000000000000000 ) ) ;
#2075 = CARTESIAN_POINT ( 'NONE',  ( 0.4804566266255569928, 1.950000000000000400, -0.3999048532800211775 ) ) ;
#2076 = CARTESIAN_POINT ( 'NONE',  ( 1.374879297923864208, 1.947999999999999732, 0.6107551063281213555 ) ) ;
#2077 = DIRECTION ( 'NONE',  ( 0.0000000000000000000, 0.0000000000000000000, -1.000000000000000000 ) ) ;
#2078 = ORIENTED_EDGE ( 'NONE', *, *, #1195, .T. ) ;
#2079 = DIRECTION ( 'NONE',  ( -1.000000000000000000, -0.0000000000000000000, -0.0000000000000000000 ) ) ;
#2080 = LINE ( 'NONE', #2877, #1146 ) ;
#2081 = CARTESIAN_POINT ( 'NONE',  ( 1.578305817086715024, 1.950000000000000178, -0.4473171028523493242 ) ) ;
#2082 = LINE ( 'NONE', #2932, #1147 ) ;
#2083 = ORIENTED_EDGE ( 'NONE', *, *, #1937, .F. ) ;
#2084 = COLOUR_RGB ( '',0.3098039215686274606, 0.3098039215686274606, 0.3098039215686274606 ) ;
#2085 = VECTOR ( 'NONE', #3424, 1000.000000000000000 ) ;
#2086 = CARTESIAN_POINT ( 'NONE',  ( 1.267578124999999112, 1.947999999999999954, 0.7754682572583777578 ) ) ;
#2087 = B_SPLINE_CURVE_WITH_KNOTS ( 'NONE', 3,
 ( #2068, #2792, #2428, #303, #2807, #666, #3161, #1025, #3522, #1371, #3855 ),
 .UNSPECIFIED., .F., .F.,
 ( 4, 1, 1, 1, 1, 1, 1, 1, 4 ),
 ( 0.0000000000000000000, 0.1389665573117665198, 0.2651567556060758224, 0.3815653103695028081, 0.4975613113670595000, 0.6135917478710879447, 0.7364453663157886076, 0.8612348227549435631, 1.000000000000000000 ),
 .UNSPECIFIED. ) ;
#2088 = ORIENTED_EDGE ( 'NONE', *, *, #4478, .F. ) ;
#2089 = DIRECTION ( 'NONE',  ( 0.0000000000000000000, 0.0000000000000000000, -1.000000000000000000 ) ) ;
#2090 = SURFACE_STYLE_FILL_AREA ( #3007 ) ;
#2091 = CARTESIAN_POINT ( 'NONE',  ( 0.4969928531847354614, 1.950000000000000178, -0.4395073983204638157 ) ) ;
#2092 = CARTESIAN_POINT ( 'NONE',  ( -1.223437499999999512, 1.949999999999999956, 0.1465620072583777578 ) ) ;
#2093 = PLANE ( 'NONE',  #2865 ) ;
#2094 = FACE_OUTER_BOUND ( 'NONE', #2493, .T. ) ;
#2095 = ORIENTED_EDGE ( 'NONE', *, *, #3316, .T. ) ;
#2096 = ORIENTED_EDGE ( 'NONE', *, *, #2854, .F. ) ;
#2097 = LINE ( 'NONE', #117, #3878 ) ;
#2098 = VERTEX_POINT ( 'NONE', #1766 ) ;
#2099 = DIRECTION ( 'NONE',  ( -4.740167927841175976E-13, -1.000000000000000000, -2.953315771961207188E-13 ) ) ;
#2100 = VECTOR ( 'NONE', #54, 1000.000000000000000 ) ;
#2101 = EDGE_CURVE ( 'NONE', #2123, #4586, #3517, .T. ) ;
#2102 = CARTESIAN_POINT ( 'NONE',  ( 1.578305817086715024, 1.948000000000000176, -0.4473171028523493242 ) ) ;
#2103 = AXIS2_PLACEMENT_3D ( 'NONE', #3541, #3886, #1756 ) ;
#2104 = EDGE_CURVE ( 'NONE', #3076, #3525, #3856, .T. ) ;
#2105 = PLANE ( 'NONE',  #678 ) ;
#2106 =( GEOMETRIC_REPRESENTATION_CONTEXT ( 3 ) GLOBAL_UNCERTAINTY_ASSIGNED_CONTEXT ( ( #4464 ) ) GLOBAL_UNIT_ASSIGNED_CONTEXT ( ( #1714, #1726, #1642 ) ) REPRESENTATION_CONTEXT ( 'NONE', 'WORKASPACE' ) );
#2107 = CARTESIAN_POINT ( 'NONE',  ( -0.1956631920767100685, 1.949999999999999956, -0.9700064906552622324 ) ) ;
#2108 = DIRECTION ( 'NONE',  ( -0.0000000000000000000, 1.000000000000000000, -0.0000000000000000000 ) ) ;
#2109 = CARTESIAN_POINT ( 'NONE',  ( 0.4804566266255569928, 1.948000000000000176, -0.3999048532800211775 ) ) ;
#2110 = UNCERTAINTY_MEASURE_WITH_UNIT (LENGTH_MEASURE( 1.000000000000000082E-05 ), #1265, 'distance_accuracy_value', 'NONE');
#2111 = CARTESIAN_POINT ( 'NONE',  ( 3.069999999999999396, 1.050000000000000266, 1.250000000000001554 ) ) ;
#2112 = DIRECTION ( 'NONE',  ( -0.0000000000000000000, 0.0000000000000000000, -1.000000000000000000 ) ) ;
#2113 = DIRECTION ( 'NONE',  ( -0.0000000000000000000, -1.000000000000000000, -0.0000000000000000000 ) ) ;
#2114 = EDGE_CURVE ( 'NONE', #2098, #500, #1965, .T. ) ;
#2115 = ORIENTED_EDGE ( 'NONE', *, *, #2704, .F. ) ;
#2116 = DIRECTION ( 'NONE',  ( -1.000000000000000000, 0.0000000000000000000, 0.0000000000000000000 ) ) ;
#2117 = EDGE_CURVE ( 'NONE', #4578, #2415, #2488, .T. ) ;
#2118 = DIRECTION ( 'NONE',  ( 1.000000000000000000, 0.0000000000000000000, 0.0000000000000000000 ) ) ;
#2119 = CARTESIAN_POINT ( 'NONE',  ( 1.243991272791726166, 1.947999999999999288, 0.7743127247134062863 ) ) ;
#2120 = CARTESIAN_POINT ( 'NONE',  ( 0.04423956000254225529, 1.947999999999864729, -0.2299003996873247857 ) ) ;
#2121 = CARTESIAN_POINT ( 'NONE',  ( 0.4969928531847354614, 1.947999999999999954, -0.4395073983204638157 ) ) ;
#2122 = CARTESIAN_POINT ( 'NONE',  ( -1.969999999999998641, -0.09999999999999990841, -1.249999999999999556 ) ) ;
#2123 = VERTEX_POINT ( 'NONE', #4264 ) ;
#2124 =( GEOMETRIC_REPRESENTATION_CONTEXT ( 3 ) GLOBAL_UNCERTAINTY_ASSIGNED_CONTEXT ( ( #1688 ) ) GLOBAL_UNIT_ASSIGNED_CONTEXT ( ( #2827, #686, #3190 ) ) REPRESENTATION_CONTEXT ( 'NONE', 'WORKASPACE' ) );
#2125 = CARTESIAN_POINT ( 'NONE',  ( 1.620165332977767880, 1.949999999999999512, -0.5344384763221272650 ) ) ;
#2126 = FACE_OUTER_BOUND ( 'NONE', #4067, .T. ) ;
#2127 = VECTOR ( 'NONE', #3130, 1000.000000000000000 ) ;
#2128 = ORIENTED_EDGE ( 'NONE', *, *, #3229, .T. ) ;
#2129 = CARTESIAN_POINT ( 'NONE',  ( 1.151171603331794691, 1.949999999999999734, 0.5530186709567129766 ) ) ;
#2130 = LINE ( 'NONE', #4347, #3110 ) ;
#2131 = DIRECTION ( 'NONE',  ( 0.3780623346207464541, 0.0000000000000000000, 0.9257801419025528666 ) ) ;
#2132 = DIRECTION ( 'NONE',  ( -1.000000000000000000, 0.0000000000000000000, 0.0000000000000000000 ) ) ;
#2133 = CARTESIAN_POINT ( 'NONE',  ( 0.5094900331534546467, 1.949999999999999512, -0.4822372693499977769 ) ) ;
#2134 = EDGE_CURVE ( 'NONE', #3014, #1350, #3349, .T. ) ;
#2135 = CARTESIAN_POINT ( 'NONE',  ( -1.749999999999999112, 0.1000000000000000056, 1.500000000000000000 ) ) ;
#2136 = LINE ( 'NONE', #315, #260 ) ;
#2137 = CARTESIAN_POINT ( 'NONE',  ( 0.9121093749999994449, 1.947999999999999954, -0.5995317427416220202 ) ) ;
#2138 = DIRECTION ( 'NONE',  ( 0.0000000000000000000, -1.000000000000000000, 5.782411586589358033E-15 ) ) ;
#2139 = EDGE_CURVE ( 'NONE', #144, #648, #610, .T. ) ;
#2140 = CARTESIAN_POINT ( 'NONE',  ( 0.3183063928564711098, 1.947999999999999954, -0.2251304110705153461 ) ) ;
#2141 = CARTESIAN_POINT ( 'NONE',  ( 1.620165332977767880, 1.947999999999999510, -0.5344384763221272650 ) ) ;
#2142 = COLOUR_RGB ( '',1.000000000000000000, 1.000000000000000000, 1.000000000000000000 ) ;
#2143 = VERTEX_POINT ( 'NONE', #2441 ) ;
#2144 = EDGE_LOOP ( 'NONE', ( #2038, #2941, #4000, #4558 ) ) ;
#2145 = VERTEX_POINT ( 'NONE', #4308 ) ;
#2146 = FACE_OUTER_BOUND ( 'NONE', #2494, .T. ) ;
#2147 = CARTESIAN_POINT ( 'NONE',  ( 1.235744900595479034, 1.948000000000000398, 0.1185698334011672794 ) ) ;
#2148 = LINE ( 'NONE', #4044, #42 ) ;
#2149 = DIRECTION ( 'NONE',  ( 1.000000000000000000, 0.0000000000000000000, 0.0000000000000000000 ) ) ;
#2150 = VERTEX_POINT ( 'NONE', #4393 ) ;
#2151 = VERTEX_POINT ( 'NONE', #2500 ) ;
#2152 = CARTESIAN_POINT ( 'NONE',  ( 0.5182840385684822637, 1.948000000000000176, -0.5278858411192557387 ) ) ;
#2153 = ORIENTED_EDGE ( 'NONE', *, *, #1891, .T. ) ;
#2154 = CARTESIAN_POINT ( 'NONE',  ( 3.069999999999999396, 0.9000000000000003553, -1.249999999999996669 ) ) ;
#2155 = VECTOR ( 'NONE', #1683, 1000.000000000000000 ) ;
#2156 = CARTESIAN_POINT ( 'NONE',  ( -1.012967947502199983, 1.948000000000000842, 0.6644930313086874207 ) ) ;
#2157 = ORIENTED_EDGE ( 'NONE', *, *, #202, .T. ) ;
#2158 = DIRECTION ( 'NONE',  ( -0.0000000000000000000, 1.000000000000000000, -0.0000000000000000000 ) ) ;
#2159 = EDGE_CURVE ( 'NONE', #3258, #840, #3882, .T. ) ;
#2160 = CARTESIAN_POINT ( 'NONE',  ( 1.856008364469154737, 1.950000000000000178, -0.9459556516996279196 ) ) ;
#2161 = EDGE_CURVE ( 'NONE', #4546, #3929, #1433, .T. ) ;
#2162 = CARTESIAN_POINT ( 'NONE',  ( 1.349686752820357771, 1.950000000000000400, -0.1744825352876065439 ) ) ;
#2163 =( GEOMETRIC_REPRESENTATION_CONTEXT ( 3 ) GLOBAL_UNCERTAINTY_ASSIGNED_CONTEXT ( ( #4316 ) ) GLOBAL_UNIT_ASSIGNED_CONTEXT ( ( #2972, #2949, #2934 ) ) REPRESENTATION_CONTEXT ( 'NONE', 'WORKASPACE' ) );
#2164 = UNCERTAINTY_MEASURE_WITH_UNIT (LENGTH_MEASURE( 1.000000000000000082E-05 ), #3686, 'distance_accuracy_value', 'NONE');
#2165 = CARTESIAN_POINT ( 'NONE',  ( -0.1601562499999996114, 1.949999999999999956, 0.6754682572583776690 ) ) ;
#2166 = EDGE_LOOP ( 'NONE', ( #4447, #1729, #1003, #3295 ) ) ;
#2167 = CARTESIAN_POINT ( 'NONE',  ( 0.1457031250000003497, 1.950000000000000178, -0.1620317427416222422 ) ) ;
#2168 = CARTESIAN_POINT ( 'NONE',  ( 1.235744900595479034, 1.948000000000000398, 0.1185698334011672794 ) ) ;
#2169 = CARTESIAN_POINT ( 'NONE',  ( -1.054687499999999556, 1.949999999999999956, 0.2098432572583778244 ) ) ;
#2170 = VECTOR ( 'NONE', #296, 1000.000000000000000 ) ;
#2171 = B_SPLINE_CURVE_WITH_KNOTS ( 'NONE', 3,
 ( #3289, #1466, #1508, #3979, #1850, #4349, #2203, #79, #2578, #449, #2950 ),
 .UNSPECIFIED., .F., .F.,
 ( 4, 1, 1, 1, 1, 1, 1, 1, 4 ),
 ( 0.0000000000000000000, 0.1843245635595973930, 0.3369585332898165086, 0.4634522619422560830, 0.5673941914866630354, 0.6598687952600568174, 0.7604100239580350307, 0.8707474339948251263, 0.9999999999999998890 ),
 .UNSPECIFIED. ) ;
#2172 = CARTESIAN_POINT ( 'NONE',  ( 1.719531249999999289, 1.947999999999999954, -0.8995317427416221756 ) ) ;
#2173 = CARTESIAN_POINT ( 'NONE',  ( -2.919999999999999485, -0.09999999999999958922, 1.250000000000000444 ) ) ;
#2174 = DIRECTION ( 'NONE',  ( 0.0000000000000000000, 0.0000000000000000000, -1.000000000000000000 ) ) ;
#2175 = CARTESIAN_POINT ( 'NONE',  ( 1.665671429377515445, 1.949999999999999734, -0.6215359740174671854 ) ) ;
#2176 = EDGE_LOOP ( 'NONE', ( #1380, #2186, #2128, #2555, #73, #1710, #4571, #3678 ) ) ;
#2177 = CARTESIAN_POINT ( 'NONE',  ( 1.584111948137235215, 1.948000000000000620, -0.6489570533938041619 ) ) ;
#2178 = CARTESIAN_POINT ( 'NONE',  ( -1.224456719352574607, 1.948000000000000176, 0.5908455148654870870 ) ) ;
#2179 = CARTESIAN_POINT ( 'NONE',  ( -2.849999999999998757, 0.0000000000000000000, 2.400000000000000355 ) ) ;
#2180 = VERTEX_POINT ( 'NONE', #823 ) ;
#2181 = CLOSED_SHELL ( 'NONE', ( #906, #1568, #4057, #613, #3447, #3374, #1545, #2966, #3082, #1177, #3306, #1586, #3097, #470, #2620, #854, #943, #2697, #233, #1909, #2212, #876, #989, #1934, #495, #827, #2763, #562, #2715, #1259, #116, #3689, #2746, #3032, #630, #2233, #3008, #3400, #4134, #259, #2302, #3049, #2325, #453, #4396, #3712, #1618, #3785, #4526, #2598, #3358, #4436, #1979, #2257, #973, #926, #4511, #2401, #1890, #1214, #3738, #1305, #3820, #3330, #2640, #536, #1636, #2022, #94, #4034, #166, #4102, #1660, #4187, #3667, #4416, #1682, #3758, #513, #4463, #583, #1334, #4010, #4480, #1241, #3423, #2372, #3643, #2989, #2280, #180, #2348, #3116, #4369, #133, #4082, #207, #3805, #1857, #1192, #4156, #2006, #1956, #1289, #3470, #2666, #1524 ) ) ;
#2182 = CARTESIAN_POINT ( 'NONE',  ( 1.584111948137235215, 1.948000000000000620, -0.6489570533938041619 ) ) ;
#2183 = PLANE ( 'NONE',  #370 ) ;
#2184 = CARTESIAN_POINT ( 'NONE',  ( 1.383650333485077821, 1.950000000000000622, 0.1182445135957468502 ) ) ;
#2185 = LINE ( 'NONE', #3849, #3152 ) ;
#2186 = ORIENTED_EDGE ( 'NONE', *, *, #1861, .T. ) ;
#2187 = DIRECTION ( 'NONE',  ( -1.000000000000000000, 0.0000000000000000000, 0.0000000000000000000 ) ) ;
#2188 = CARTESIAN_POINT ( 'NONE',  ( 0.5323359256960067398, 1.949999999999999734, 0.6732254597942600727 ) ) ;
#2189 =( NAMED_UNIT ( * ) SI_UNIT ( $, .STERADIAN. ) SOLID_ANGLE_UNIT ( ) );
#2190 = CARTESIAN_POINT ( 'NONE',  ( 3.069999999999998952, 0.1000000000000004219, 1.250000000000000444 ) ) ;
#2191 = CARTESIAN_POINT ( 'NONE',  ( 1.665671429377515445, 1.947999999999999732, -0.6215359740174671854 ) ) ;
#2192 = VERTEX_POINT ( 'NONE', #415 ) ;
#2193 = LINE ( 'NONE', #460, #4593 ) ;
#2194 = FACE_OUTER_BOUND ( 'NONE', #3125, .T. ) ;
#2195 = CARTESIAN_POINT ( 'NONE',  ( 0.9498459728461871032, 1.947999999999999954, -0.7292685140513546216 ) ) ;
#2196 = VECTOR ( 'NONE', #188, 1000.000000000000000 ) ;
#2197 = DIRECTION ( 'NONE',  ( -0.0000000000000000000, 1.000000000000000000, -0.0000000000000000000 ) ) ;
#2198 = CARTESIAN_POINT ( 'NONE',  ( -0.1593749999999996836, 1.947999999999999954, -0.9745317427416221312 ) ) ;
#2199 = FACE_OUTER_BOUND ( 'NONE', #1440, .T. ) ;
#2200 = DIRECTION ( 'NONE',  ( -0.0000000000000000000, 1.000000000000000000, -0.0000000000000000000 ) ) ;
#2201 = ORIENTED_EDGE ( 'NONE', *, *, #1391, .F. ) ;
#2202 = LINE ( 'NONE', #112, #1273 ) ;
#2203 = CARTESIAN_POINT ( 'NONE',  ( 1.336438633232539086, 1.948000000000000620, 0.7586343357099468721 ) ) ;
#2204 = DIRECTION ( 'NONE',  ( 1.000000000000000000, 0.0000000000000000000, 0.0000000000000000000 ) ) ;
#2205 = CARTESIAN_POINT ( 'NONE',  ( 0.1349775365447319631, 1.948000000000000398, -1.043527992705306717 ) ) ;
#2206 = EDGE_CURVE ( 'NONE', #3617, #156, #4279, .T. ) ;
#2207 = CARTESIAN_POINT ( 'NONE',  ( 2.850000000000000533, 1.949999999999999956, -2.399999999999999023 ) ) ;
#2208 = FACE_OUTER_BOUND ( 'NONE', #3714, .T. ) ;
#2209 = ORIENTED_EDGE ( 'NONE', *, *, #947, .F. ) ;
#2210 = CARTESIAN_POINT ( 'NONE',  ( -0.01574166323210817592, 1.950000000000000400, -0.2248461252419966527 ) ) ;
#2211 = VERTEX_POINT ( 'NONE', #4549 ) ;
#2212 = ADVANCED_FACE ( 'NONE', ( #4049 ), #3503, .F. ) ;
#2213 = CIRCLE ( 'NONE', #3713, 0.1499999999999999667 ) ;
#2214 = ORIENTED_EDGE ( 'NONE', *, *, #4213, .F. ) ;
#2215 = LINE ( 'NONE', #33, #333 ) ;
#2216 = CARTESIAN_POINT ( 'NONE',  ( -1.344202490143848960, 1.950000000000000178, 0.6939961711547680823 ) ) ;
#2217 = CARTESIAN_POINT ( 'NONE',  ( 1.045593357294463788, 1.949999999999999289, -0.8587978328277726670 ) ) ;
#2218 = CARTESIAN_POINT ( 'NONE',  ( -0.4569693768883054674, 1.947999999999999954, -0.9637753671948874334 ) ) ;
#2219 = DIRECTION ( 'NONE',  ( -1.000000000000000000, 0.0000000000000000000, 0.0000000000000000000 ) ) ;
#2220 = DIRECTION ( 'NONE',  ( -0.0000000000000000000, 1.000000000000000000, -0.0000000000000000000 ) ) ;
#2221 =( NAMED_UNIT ( * ) SI_UNIT ( $, .STERADIAN. ) SOLID_ANGLE_UNIT ( ) );
#2222 = DIRECTION ( 'NONE',  ( 0.0000000000000000000, -0.0000000000000000000, 1.000000000000000000 ) ) ;
#2223 = AXIS2_PLACEMENT_3D ( 'NONE', #1552, #4031, #1903 ) ;
#2224 = DIRECTION ( 'NONE',  ( -1.000000000000000000, 0.0000000000000000000, 1.577021341797096623E-15 ) ) ;
#2225 = CARTESIAN_POINT ( 'NONE',  ( 0.1108422718166211379, 1.949999999999999734, -0.2469848635021245631 ) ) ;
#2226 = ORIENTED_EDGE ( 'NONE', *, *, #3293, .T. ) ;
#2227 = EDGE_CURVE ( 'NONE', #1047, #3654, #2087, .T. ) ;
#2228 = CARTESIAN_POINT ( 'NONE',  ( 1.713205598861722301, 1.949999999999999956, -0.7098637071688893574 ) ) ;
#2229 = LINE ( 'NONE', #3360, #342 ) ;
#2230 = EDGE_CURVE ( 'NONE', #1923, #305, #2266, .T. ) ;
#2231 = CARTESIAN_POINT ( 'NONE',  ( -0.01574166323210817592, 1.948000000000000398, -0.2248461252419966527 ) ) ;
#2232 = CARTESIAN_POINT ( 'NONE',  ( 1.149999999999999245, 1.947999999999999954, 0.6059370072583776246 ) ) ;
#2233 = ADVANCED_FACE ( 'NONE', ( #1217 ), #4231, .T. ) ;
#2234 = ORIENTED_EDGE ( 'NONE', *, *, #1752, .F. ) ;
#2235 = DIRECTION ( 'NONE',  ( 1.000000000000000000, 0.0000000000000000000, 0.0000000000000000000 ) ) ;
#2236 = PLANE ( 'NONE',  #530 ) ;
#2237 = DIRECTION ( 'NONE',  ( 0.0000000000000000000, 1.000000000000000000, 0.0000000000000000000 ) ) ;
#2238 = CARTESIAN_POINT ( 'NONE',  ( -0.5749999999999995115, 1.947999999999999954, 0.7504682572583777356 ) ) ;
#2239 = DIRECTION ( 'NONE',  ( -0.0000000000000000000, 0.0000000000000000000, 1.000000000000000000 ) ) ;
#2240 = CARTESIAN_POINT ( 'NONE',  ( 0.3250000000000003997, 1.949999999999999956, -0.6046098677416221756 ) ) ;
#2241 = DIRECTION ( 'NONE',  ( 0.0000000000000000000, -1.000000000000000000, 0.0000000000000000000 ) ) ;
#2242 = ORIENTED_EDGE ( 'NONE', *, *, #2463, .T. ) ;
#2243 = CARTESIAN_POINT ( 'NONE',  ( 0.2692171369306596840, 1.947999999999999510, -0.3692072256085413562 ) ) ;
#2244 = FACE_OUTER_BOUND ( 'NONE', #493, .T. ) ;
#2245 = LINE ( 'NONE', #3518, #2358 ) ;
#2246 = ORIENTED_EDGE ( 'NONE', *, *, #2497, .F. ) ;
#2247 = DIRECTION ( 'NONE',  ( 1.000000000000000000, 0.0000000000000000000, 0.0000000000000000000 ) ) ;
#2248 = CIRCLE ( 'NONE', #2776, 0.1499999999999999667 ) ;
#2249 = EDGE_CURVE ( 'NONE', #4578, #689, #3848, .T. ) ;
#2250 = CARTESIAN_POINT ( 'NONE',  ( 0.0000000000000000000, 0.0000000000000000000, 0.0000000000000000000 ) ) ;
#2251 = SURFACE_STYLE_FILL_AREA ( #2564 ) ;
#2252 = CARTESIAN_POINT ( 'NONE',  ( 0.04423956000254225529, 1.949999999999999956, -0.2299003996873247857 ) ) ;
#2253 = CARTESIAN_POINT ( 'NONE',  ( 2.719999999999998863, 0.7751668522645223103, 1.250000000000001554 ) ) ;
#2254 = CARTESIAN_POINT ( 'NONE',  ( 1.267578124999999112, 1.947999999999999954, 0.7754682572583777578 ) ) ;
#2255 = FACE_OUTER_BOUND ( 'NONE', #3459, .T. ) ;
#2256 = AXIS2_PLACEMENT_3D ( 'NONE', #4462, #2314, #187 ) ;
#2257 = ADVANCED_FACE ( 'NONE', ( #2146 ), #1740, .F. ) ;
#2258 = EDGE_CURVE ( 'NONE', #3068, #2510, #3930, .T. ) ;
#2259 = AXIS2_PLACEMENT_3D ( 'NONE', #554, #185, #4568 ) ;
#2260 = ORIENTED_EDGE ( 'NONE', *, *, #3229, .F. ) ;
#2261 = CARTESIAN_POINT ( 'NONE',  ( -0.4928002481409974878, 1.948000000000000176, 0.6750027418934115842 ) ) ;
#2262 = FILL_AREA_STYLE_COLOUR ( '', #1987 ) ;
#2263 = EDGE_LOOP ( 'NONE', ( #3511, #3468, #3323, #2665 ) ) ;
#2264 = VERTEX_POINT ( 'NONE', #2831 ) ;
#2265 = ORIENTED_EDGE ( 'NONE', *, *, #3140, .F. ) ;
#2266 = LINE ( 'NONE', #4570, #1326 ) ;
#2267 = CARTESIAN_POINT ( 'NONE',  ( 1.818402782514570992, 1.950000000000000178, -0.8870513212559697491 ) ) ;
#2268 =( LENGTH_UNIT ( ) NAMED_UNIT ( * ) SI_UNIT ( .MILLI., .METRE. ) );
#2269 = VECTOR ( 'NONE', #4017, 1000.000000000000000 ) ;
#2270 = ORIENTED_EDGE ( 'NONE', *, *, #2809, .T. ) ;
#2271 = VERTEX_POINT ( 'NONE', #2459 ) ;
#2272 = CARTESIAN_POINT ( 'NONE',  ( -0.09999999999999961697, 1.949999999999999956, 0.6754682572583776690 ) ) ;
#2273 = ORIENTED_EDGE ( 'NONE', *, *, #4533, .F. ) ;
#2274 = CARTESIAN_POINT ( 'NONE',  ( 1.192187499999999289, 1.949999999999999956, -0.8995317427416221756 ) ) ;
#2275 = CARTESIAN_POINT ( 'NONE',  ( 1.578305817086715024, 1.948000000000000176, -0.4473171028523493242 ) ) ;
#2276 = LINE ( 'NONE', #3411, #3240 ) ;
#2277 = AXIS2_PLACEMENT_3D ( 'NONE', #3133, #2113, #1870 ) ;
#2278 = CARTESIAN_POINT ( 'NONE',  ( -1.260004235965367592, 1.947999999999999510, 0.6645098911116238405 ) ) ;
#2279 = DIRECTION ( 'NONE',  ( -1.000000000000000000, 0.0000000000000000000, -0.0000000000000000000 ) ) ;
#2280 = ADVANCED_FACE ( 'NONE', ( #376 ), #1400, .T. ) ;
#2281 = CARTESIAN_POINT ( 'NONE',  ( 0.5625000000000003331, 1.947999999999999954, 0.6754682572583776690 ) ) ;
#2282 = PLANE ( 'NONE',  #3166 ) ;
#2283 = ORIENTED_EDGE ( 'NONE', *, *, #154, .T. ) ;
#2284 = CARTESIAN_POINT ( 'NONE',  ( -0.4249999999999996003, 1.947999999999999954, 0.5922651322583777356 ) ) ;
#2285 = CARTESIAN_POINT ( 'NONE',  ( 0.4930839862926745254, 1.950000000000000622, -0.8115205905309959000 ) ) ;
#2286 = DIRECTION ( 'NONE',  ( -1.000000000000000000, 0.0000000000000000000, 0.0000000000000000000 ) ) ;
#2287 = ORIENTED_EDGE ( 'NONE', *, *, #3200, .F. ) ;
#2288 = PLANE ( 'NONE',  #2016 ) ;
#2289 = PLANE ( 'NONE',  #2717 ) ;
#2290 = LINE ( 'NONE', #2031, #4192 ) ;
#2291 = EDGE_CURVE ( 'NONE', #4174, #3719, #3017, .T. ) ;
#2292 = EDGE_LOOP ( 'NONE', ( #1491, #2489, #4536, #1220 ) ) ;
#2293 = CARTESIAN_POINT ( 'NONE',  ( -0.2492132126738084985, 1.947999999999999954, 0.6116877290054670846 ) ) ;
#2294 = DIRECTION ( 'NONE',  ( 1.734723475976806848E-16, 5.791690356211658041E-51, -1.000000000000000000 ) ) ;
#2295 = EDGE_CURVE ( 'NONE', #3938, #3911, #2041, .T. ) ;
#2296 = VERTEX_POINT ( 'NONE', #4610 ) ;
#2297 = ORIENTED_EDGE ( 'NONE', *, *, #4022, .T. ) ;
#2298 = CARTESIAN_POINT ( 'NONE',  ( 0.4930839862926745254, 1.948000000000000398, -0.8115205905309959000 ) ) ;
#2299 = CARTESIAN_POINT ( 'NONE',  ( 0.6250000000000003331, 1.947999999999999954, 0.6754682572583776690 ) ) ;
#2300 = CARTESIAN_POINT ( 'NONE',  ( 1.969999999999998641, 0.1000000000000004219, 1.250000000000000444 ) ) ;
#2301 = CIRCLE ( 'NONE', #4352, 0.1499999999999999667 ) ;
#2302 = ADVANCED_FACE ( 'NONE', ( #1103 ), #39, .T. ) ;
#2303 = ORIENTED_EDGE ( 'NONE', *, *, #1230, .T. ) ;
#2304 = CARTESIAN_POINT ( 'NONE',  ( -1.282670745786116173, 1.949999999999999734, 0.6783018334960169149 ) ) ;
#2305 = CARTESIAN_POINT ( 'NONE',  ( -0.1787291288247592203, 1.949999999999999956, 0.6750170933943698826 ) ) ;
#2306 = VECTOR ( 'NONE', #372, 1000.000000000000000 ) ;
#2307 = DIRECTION ( 'NONE',  ( -0.0000000000000000000, -1.301042606982605321E-16, -1.000000000000000000 ) ) ;
#2308 = LINE ( 'NONE', #2518, #429 ) ;
#2309 = CARTESIAN_POINT ( 'NONE',  ( 1.369675063002790072, 1.947999999999999510, 0.4446003410568046821 ) ) ;
#2310 = EDGE_CURVE ( 'NONE', #4115, #2211, #1002, .T. ) ;
#2311 = LINE ( 'NONE', #559, #2196 ) ;
#2312 =( NAMED_UNIT ( * ) SI_UNIT ( $, .STERADIAN. ) SOLID_ANGLE_UNIT ( ) );
#2313 = CARTESIAN_POINT ( 'NONE',  ( 0.4746657881453365535, 1.949999999999999734, -0.8496761329339874713 ) ) ;
#2314 = DIRECTION ( 'NONE',  ( 0.0000000000000000000, 1.000000000000000000, 0.0000000000000000000 ) ) ;
#2315 = ORIENTED_EDGE ( 'NONE', *, *, #601, .T. ) ;
#2316 = VERTEX_POINT ( 'NONE', #2122 ) ;
#2317 = LINE ( 'NONE', #2974, #4105 ) ;
#2318 = FACE_OUTER_BOUND ( 'NONE', #665, .T. ) ;
#2319 = ORIENTED_EDGE ( 'NONE', *, *, #219, .T. ) ;
#2320 = ORIENTED_EDGE ( 'NONE', *, *, #2874, .T. ) ;
#2321 = LINE ( 'NONE', #1004, #3179 ) ;
#2322 = ORIENTED_EDGE ( 'NONE', *, *, #3649, .F. ) ;
#2323 = CARTESIAN_POINT ( 'NONE',  ( -0.4730358034389805511, 1.949999999999999512, 0.6712677977343183278 ) ) ;
#2324 = LINE ( 'NONE', #1757, #447 ) ;
#2325 = ADVANCED_FACE ( 'NONE', ( #3722 ), #1770, .T. ) ;
#2326 = CARTESIAN_POINT ( 'NONE',  ( 2.919999999999999485, -0.09999999999999990841, -1.249999999999999556 ) ) ;
#2327 = B_SPLINE_CURVE_WITH_KNOTS ( 'NONE', 3,
 ( #273, #3131, #4195, #2052, #4545, #2408, #283, #2785, #643, #3141, #1014 ),
 .UNSPECIFIED., .F., .F.,
 ( 4, 1, 1, 1, 1, 1, 1, 1, 4 ),
 ( 0.0000000000000000000, 0.07657827510164968987, 0.1684948859829596413, 0.2745363855408012310, 0.3972836525223302773, 0.5314956114491780070, 0.6771139892124806714, 0.8328224455333890219, 1.000000000000000000 ),
 .UNSPECIFIED. ) ;
#2328 =( NAMED_UNIT ( * ) PLANE_ANGLE_UNIT ( ) SI_UNIT ( $, .RADIAN. ) );
#2329 = CARTESIAN_POINT ( 'NONE',  ( -0.8964843749999994449, 1.947999999999999954, 0.6949995072583777800 ) ) ;
#2330 = DIRECTION ( 'NONE',  ( -0.0000000000000000000, 1.000000000000000000, -0.0000000000000000000 ) ) ;
#2331 = CARTESIAN_POINT ( 'NONE',  ( 1.155077136052323317, 1.950000000000000178, 0.4981131265093856619 ) ) ;
#2332 = CARTESIAN_POINT ( 'NONE',  ( 0.3196732825782326870, 1.950000000000000844, -0.6865947622113757198 ) ) ;
#2333 = ORIENTED_EDGE ( 'NONE', *, *, #3117, .F. ) ;
#2334 = CARTESIAN_POINT ( 'NONE',  ( -0.4249999999999996003, 1.949999999999999956, 0.5922651322583777356 ) ) ;
#2335 = DIRECTION ( 'NONE',  ( -0.0000000000000000000, 1.000000000000000000, -0.0000000000000000000 ) ) ;
#2336 = LINE ( 'NONE', #1741, #4243 ) ;
#2337 = EDGE_CURVE ( 'NONE', #2151, #439, #2783, .T. ) ;
#2338 = CARTESIAN_POINT ( 'NONE',  ( -1.497656249999999467, 1.949999999999999956, 0.7582807572583777356 ) ) ;
#2339 = CARTESIAN_POINT ( 'NONE',  ( -0.2499999999999996392, 1.949999999999999956, -0.8925004927416221312 ) ) ;
#2340 = AXIS2_PLACEMENT_3D ( 'NONE', #4254, #2112, #4611 ) ;
#2341 = CARTESIAN_POINT ( 'NONE',  ( 0.4746657881453365535, 1.947999999999999510, -0.8496761329339874713 ) ) ;
#2342 = CARTESIAN_POINT ( 'NONE',  ( -0.9080922449963779730, 1.950000000000000178, 0.6946405454482410535 ) ) ;
#2343 = ORIENTED_EDGE ( 'NONE', *, *, #3376, .T. ) ;
#2344 = CARTESIAN_POINT ( 'NONE',  ( 0.5182840385684822637, 1.950000000000000400, -0.5278858411192557387 ) ) ;
#2345 = EDGE_CURVE ( 'NONE', #473, #930, #2896, .T. ) ;
#2346 = CARTESIAN_POINT ( 'NONE',  ( 1.375702600561551137, 1.949999999999999512, -0.2328804441932587066 ) ) ;
#2347 = CARTESIAN_POINT ( 'NONE',  ( -0.003003747401777201974, 1.950000000000000178, -0.9737652170563725340 ) ) ;
#2348 = ADVANCED_FACE ( 'NONE', ( #3608 ), #10, .T. ) ;
#2349 = DIRECTION ( 'NONE',  ( 0.0000000000000000000, -1.000000000000000000, 5.782411586589358033E-15 ) ) ;
#2350 = DIRECTION ( 'NONE',  ( -5.913830031739117515E-16, -0.0000000000000000000, -1.000000000000000000 ) ) ;
#2351 = B_SPLINE_SURFACE_WITH_KNOTS ( 'NONE', 3, 1, ( 
 ( #1538, #1943 ),
 ( #2834, #1633 ),
 ( #2003, #3433 ),
 ( #367, #2909 ),
 ( #1292, #2304 ),
 ( #2278, #3065 ),
 ( #1562, #2794 ),
 ( #479, #3420 ),
 ( #1983, #231 ),
 ( #4493, #541 ),
 ( #847, #1907 ) ),
 .UNSPECIFIED., .F., .F., .F.,
 ( 4, 1, 1, 1, 1, 1, 1, 1, 4 ),
 ( 2, 2 ),
 ( 0.0000000000000000000, 0.1611571078328777884, 0.3016690559266324012, 0.4203516255293798243, 0.5252821247799178694, 0.6267355132435494802, 0.7354493728806462682, 0.8580298397088239604, 0.9999999999999998890 ),
 ( 0.0000000000000000000, 1.000000000000000000 ),
 .UNSPECIFIED. ) ;
#2352 = CARTESIAN_POINT ( 'NONE',  ( -0.4730358034389805511, 1.947999999999999510, 0.6712677977343183278 ) ) ;
#2353 = DIRECTION ( 'NONE',  ( -1.000000000000000000, 0.0000000000000000000, 0.0000000000000000000 ) ) ;
#2354 = ORIENTED_EDGE ( 'NONE', *, *, #1510, .F. ) ;
#2355 = CARTESIAN_POINT ( 'NONE',  ( 0.3127856165539683597, 1.947999999999999732, -0.7243682285711942059 ) ) ;
#2356 = EDGE_CURVE ( 'NONE', #45, #4559, #1815, .T. ) ;
#2357 = FACE_OUTER_BOUND ( 'NONE', #1760, .T. ) ;
#2358 = VECTOR ( 'NONE', #3154, 1000.000000000000000 ) ;
#2359 = CARTESIAN_POINT ( 'NONE',  ( 0.4524013035187768317, 1.950000000000000400, -0.8848001526991615684 ) ) ;
#2360 = ORIENTED_EDGE ( 'NONE', *, *, #4471, .F. ) ;
#2361 = ORIENTED_EDGE ( 'NONE', *, *, #3123, .T. ) ;
#2362 = CARTESIAN_POINT ( 'NONE',  ( 0.5238689536917116030, 1.948000000000000620, -0.5764784424082818326 ) ) ;
#2363 = DIRECTION ( 'NONE',  ( 1.445602896647339163E-16, 0.0000000000000000000, 1.000000000000000000 ) ) ;
#2364 = EDGE_CURVE ( 'NONE', #3386, #1047, #152, .T. ) ;
#2365 = DIRECTION ( 'NONE',  ( -2.170143416902684735E-32, 1.000000000000000000, -1.301042606982605321E-16 ) ) ;
#2366 = LINE ( 'NONE', #3453, #3942 ) ;
#2367 = CARTESIAN_POINT ( 'NONE',  ( 0.3363281250000002554, 1.947999999999999954, 0.7504682572583777356 ) ) ;
#2368 = CARTESIAN_POINT ( 'NONE',  ( -1.497656249999999467, 1.947999999999999954, 0.6949995072583777800 ) ) ;
#2369 = VECTOR ( 'NONE', #285, 1000.000000000000000 ) ;
#2370 = SURFACE_SIDE_STYLE ('',( #1112 ) ) ;
#2371 = CARTESIAN_POINT ( 'NONE',  ( 0.6250000000000003331, 1.947999999999999954, 0.6754682572583776690 ) ) ;
#2372 = ADVANCED_FACE ( 'NONE', ( #1713 ), #29, .T. ) ;
#2373 = FACE_OUTER_BOUND ( 'NONE', #2907, .T. ) ;
#2374 = CARTESIAN_POINT ( 'NONE',  ( -0.03292754787075286710, 1.948000000000000398, -0.9742700699542301557 ) ) ;
#2375 = VERTEX_POINT ( 'NONE', #3932 ) ;
#2376 = VERTEX_POINT ( 'NONE', #757 ) ;
#2377 = VECTOR ( 'NONE', #2131, 999.9999999999998863 ) ;
#2378 = ORIENTED_EDGE ( 'NONE', *, *, #4053, .T. ) ;
#2379 = VECTOR ( 'NONE', #420, 1000.000000000000000 ) ;
#2380 = DIRECTION ( 'NONE',  ( -0.0000000000000000000, -0.0000000000000000000, 1.000000000000000000 ) ) ;
#2381 = CARTESIAN_POINT ( 'NONE',  ( 0.5094900331534546467, 1.947999999999999288, -0.4822372693499977769 ) ) ;
#2382 = CARTESIAN_POINT ( 'NONE',  ( 2.719999999999999307, 0.7751668522645219772, -1.249999999999996003 ) ) ;
#2383 = FILL_AREA_STYLE ('',( #4508 ) ) ;
#2384 = LINE ( 'NONE', #125, #1218 ) ;
#2385 = ORIENTED_EDGE ( 'NONE', *, *, #263, .F. ) ;
#2386 = ORIENTED_EDGE ( 'NONE', *, *, #4495, .F. ) ;
#2387 = EDGE_CURVE ( 'NONE', #500, #374, #2550, .T. ) ;
#2388 = AXIS2_PLACEMENT_3D ( 'NONE', #2541, #4350, #2204 ) ;
#2389 = CARTESIAN_POINT ( 'NONE',  ( 2.650000000000000799, 1.949999999999999956, 2.600000000000000533 ) ) ;
#2390 = LINE ( 'NONE', #1946, #4177 ) ;
#2391 = CARTESIAN_POINT ( 'NONE',  ( -0.1601562499999996114, 1.947999999999999954, 0.6754682572583776690 ) ) ;
#2392 = EDGE_CURVE ( 'NONE', #3606, #3617, #4449, .T. ) ;
#2393 = CARTESIAN_POINT ( 'NONE',  ( 0.3802149298307219705, 1.950000000000000622, -0.2716534822274653260 ) ) ;
#2394 = CARTESIAN_POINT ( 'NONE',  ( -1.012967947502199983, 1.950000000000001066, 0.6644930313086874207 ) ) ;
#2395 = B_SPLINE_SURFACE_WITH_KNOTS ( 'NONE', 3, 1, ( 
 ( #925, #1998 ),
 ( #3463, #2397 ),
 ( #2362, #2454 ),
 ( #2152, #2344 ),
 ( #2381, #2133 ),
 ( #2121, #2091 ),
 ( #2109, #2075 ),
 ( #1975, #1751 ),
 ( #1684, #1628 ),
 ( #1445, #1425 ),
 ( #1408, #1396 ),
 ( #1385, #1365 ),
 ( #1341, #1352 ),
 ( #1328, #1314 ),
 ( #1268, #1299 ),
 ( #1286, #1092 ),
 ( #1078, #1021 ),
 ( #969, #618 ),
 ( #719, #312 ) ),
 .UNSPECIFIED., .F., .F., .F.,
 ( 4, 1, 1, 1, 1, 1, 1, 1, 1, 1, 1, 1, 1, 1, 1, 1, 4 ),
 ( 2, 2 ),
 ( 0.0000000000000000000, 0.07769323114793325047, 0.1516483053744511755, 0.2223150417658225353, 0.2890713582224035960, 0.3538977920489910778, 0.4172777344718924808, 0.4794237294134857108, 0.5415358049520565542, 0.6023362603294810658, 0.6617577617490809638, 0.7201176534871058799, 0.7761313774390098397, 0.8323422728126831371, 0.8880415930466998287, 0.9439706021736669062, 1.000000000000000000 ),
 ( 0.0000000000000000000, 1.000000000000000000 ),
 .UNSPECIFIED. ) ;
#2396 = CARTESIAN_POINT ( 'NONE',  ( -0.5148437499999997113, 1.949999999999999956, -0.9745317427416221312 ) ) ;
#2397 = CARTESIAN_POINT ( 'NONE',  ( 0.5246168393933288154, 1.950000000000000400, -0.6098026600568194899 ) ) ;
#2398 = CARTESIAN_POINT ( 'NONE',  ( -1.930078124999999423, 1.947999999999999954, 0.1571088822583777689 ) ) ;
#2399 = CARTESIAN_POINT ( 'NONE',  ( -0.09999999999999961697, 1.947999999999999954, 0.7504682572583777356 ) ) ;
#2400 = ORIENTED_EDGE ( 'NONE', *, *, #1968, .T. ) ;
#2401 = ADVANCED_FACE ( 'NONE', ( #1604 ), #4014, .T. ) ;
#2402 = ORIENTED_EDGE ( 'NONE', *, *, #2939, .T. ) ;
#2403 = EDGE_CURVE ( 'NONE', #1056, #2750, #2171, .T. ) ;
#2404 = CARTESIAN_POINT ( 'NONE',  ( 0.2862753745581189113, 1.950000000000001066, -0.4009586065441435587 ) ) ;
#2405 = EDGE_LOOP ( 'NONE', ( #3857, #443, #2788, #4569 ) ) ;
#2406 = DIRECTION ( 'NONE',  ( 0.0000000000000000000, 0.0000000000000000000, -1.000000000000000000 ) ) ;
#2407 = EDGE_CURVE ( 'NONE', #2510, #775, #1493, .T. ) ;
#2408 = CARTESIAN_POINT ( 'NONE',  ( 1.369675063002790072, 1.949999999999999512, 0.4446003410568046821 ) ) ;
#2409 = DIRECTION ( 'NONE',  ( -0.0000000000000000000, 1.000000000000000000, -0.0000000000000000000 ) ) ;
#2410 = VERTEX_POINT ( 'NONE', #2173 ) ;
#2411 = ORIENTED_EDGE ( 'NONE', *, *, #2978, .T. ) ;
#2412 = CARTESIAN_POINT ( 'NONE',  ( 2.850000000000000533, 0.0000000000000000000, -2.599999999999999201 ) ) ;
#2413 = COLOUR_RGB ( '',0.3098039215686274606, 0.3098039215686274606, 0.3098039215686274606 ) ;
#2414 = FACE_OUTER_BOUND ( 'NONE', #4342, .T. ) ;
#2415 = VERTEX_POINT ( 'NONE', #3302 ) ;
#2416 = DIRECTION ( 'NONE',  ( -0.0000000000000000000, 1.000000000000000000, -0.0000000000000000000 ) ) ;
#2417 = CARTESIAN_POINT ( 'NONE',  ( 0.3009586803286726231, 1.947999999999864285, -0.4353631327210795710 ) ) ;
#2418 = LINE ( 'NONE', #1573, #4212 ) ;
#2419 = ORIENTED_EDGE ( 'NONE', *, *, #3090, .F. ) ;
#2420 = CARTESIAN_POINT ( 'NONE',  ( 0.5077305709582249360, 1.948000000000000176, -0.7701719255827543797 ) ) ;
#2421 = CARTESIAN_POINT ( 'NONE',  ( 2.850000000000001865, 0.1000000000000000056, 1.499999999999998224 ) ) ;
#2422 = B_SPLINE_CURVE_WITH_KNOTS ( 'NONE', 3,
 ( #184, #911, #4425, #4518, #4502, #4485, #4472, #4461, #4162, #4141, #4128 ),
 .UNSPECIFIED., .F., .F.,
 ( 4, 1, 1, 1, 1, 1, 1, 1, 4 ),
 ( 0.0000000000000000000, 0.1627076584026206085, 0.3031447916191870595, 0.4228495075813598070, 0.5269640502804006088, 0.6294261677196413274, 0.7404514699768505182, 0.8620424058176776594, 1.000000000000000000 ),
 .UNSPECIFIED. ) ;
#2423 = CARTESIAN_POINT ( 'NONE',  ( 1.365560873911624284, 1.949999999999999734, 0.3749596767205411463 ) ) ;
#2424 = VECTOR ( 'NONE', #735, 1000.000000000000000 ) ;
#2425 = CARTESIAN_POINT ( 'NONE',  ( -0.9080922449963779730, 1.948000000000000176, 0.6946405454482410535 ) ) ;
#2426 = ORIENTED_EDGE ( 'NONE', *, *, #1527, .T. ) ;
#2427 = LINE ( 'NONE', #1239, #3394 ) ;
#2428 = CARTESIAN_POINT ( 'NONE',  ( -0.2492132126738084985, 1.947999999999999954, 0.6116877290054670846 ) ) ;
#2429 = ORIENTED_EDGE ( 'NONE', *, *, #2387, .F. ) ;
#2430 = ORIENTED_EDGE ( 'NONE', *, *, #1838, .F. ) ;
#2431 = ORIENTED_EDGE ( 'NONE', *, *, #994, .T. ) ;
#2432 = LINE ( 'NONE', #4004, #4224 ) ;
#2433 = LINE ( 'NONE', #1753, #3874 ) ;
#2434 = ORIENTED_EDGE ( 'NONE', *, *, #4060, .T. ) ;
#2435 = VERTEX_POINT ( 'NONE', #3648 ) ;
#2436 = CYLINDRICAL_SURFACE ( 'NONE', #4431, 0.1499999999999999667 ) ;
#2437 = ORIENTED_EDGE ( 'NONE', *, *, #1523, .T. ) ;
#2438 = EDGE_CURVE ( 'NONE', #3778, #692, #2432, .T. ) ;
#2439 = CARTESIAN_POINT ( 'NONE',  ( 1.362919123274594524, 1.950000000000000178, 0.7235627240391522275 ) ) ;
#2440 = LINE ( 'NONE', #801, #4233 ) ;
#2441 = CARTESIAN_POINT ( 'NONE',  ( -2.849999999999998757, 1.949999999999999956, 2.400000000000000355 ) ) ;
#2442 = CARTESIAN_POINT ( 'NONE',  ( -1.054687499999999556, 1.947999999999999954, -1.066328617741622020 ) ) ;
#2443 = CARTESIAN_POINT ( 'NONE',  ( 1.374999999999999334, 1.947999999999999954, 0.6278120072583777134 ) ) ;
#2444 = DIRECTION ( 'NONE',  ( 1.000000000000000000, 0.0000000000000000000, 0.0000000000000000000 ) ) ;
#2445 = AXIS2_PLACEMENT_3D ( 'NONE', #4193, #4207, #4223 ) ;
#2446 = CARTESIAN_POINT ( 'NONE',  ( 1.538060825483441363, 1.947999999999999510, -0.3568933904445742988 ) ) ;
#2447 = ORIENTED_EDGE ( 'NONE', *, *, #171, .T. ) ;
#2448 = EDGE_CURVE ( 'NONE', #3386, #3725, #546, .T. ) ;
#2449 = ORIENTED_EDGE ( 'NONE', *, *, #1111, .T. ) ;
#2450 = CARTESIAN_POINT ( 'NONE',  ( -1.054687499999999556, 1.949999999999999956, -1.066328617741622020 ) ) ;
#2451 = LINE ( 'NONE', #4592, #3193 ) ;
#2452 = B_SPLINE_CURVE_WITH_KNOTS ( 'NONE', 3,
 ( #4515, #4154, #1669, #2252, #4368, #2225, #100, #2595, #465, #2977, #826, #3319, #1181, #3663, #1535, #4018, #1889, #4383, #2240 ),
 .UNSPECIFIED., .F., .F.,
 ( 4, 1, 1, 1, 1, 1, 1, 1, 1, 1, 1, 1, 1, 1, 1, 1, 4 ),
 ( 0.0000000000000000000, 0.06305028065492318534, 0.1238316007327939228, 0.1827430681791538669, 0.2404174908201706651, 0.2965777631229954414, 0.3532562990518625656, 0.4095377961896380370, 0.4670174819011084777, 0.5247071502264095688, 0.5839906311414138074, 0.6445327536348971487, 0.7078335938490695201, 0.7741435574413698673, 0.8443695344174166895, 0.9197211147262119857, 1.000000000000000000 ),
 .UNSPECIFIED. ) ;
#2453 = PLANE ( 'NONE',  #3637 ) ;
#2454 = CARTESIAN_POINT ( 'NONE',  ( 0.5238689536917116030, 1.950000000000000844, -0.5764784424082818326 ) ) ;
#2455 = PLANE ( 'NONE',  #18 ) ;
#2456 = SURFACE_SIDE_STYLE ('',( #3918 ) ) ;
#2457 = UNCERTAINTY_MEASURE_WITH_UNIT (LENGTH_MEASURE( 1.000000000000000082E-05 ), #4138, 'distance_accuracy_value', 'NONE');
#2458 = ORIENTED_EDGE ( 'NONE', *, *, #720, .T. ) ;
#2459 = CARTESIAN_POINT ( 'NONE',  ( -1.381640624999999734, 1.949999999999999956, 0.6949995072583777800 ) ) ;
#2460 = DIRECTION ( 'NONE',  ( -1.000000000000000000, 0.0000000000000000000, 5.913830031739116529E-16 ) ) ;
#2461 = AXIS2_PLACEMENT_3D ( 'NONE', #4164, #2021, #4521 ) ;
#2462 = CARTESIAN_POINT ( 'NONE',  ( 1.149999999999999245, 1.949999999999999956, 0.6059370072583776246 ) ) ;
#2463 = EDGE_CURVE ( 'NONE', #432, #2376, #3287, .T. ) ;
#2464 = ORIENTED_EDGE ( 'NONE', *, *, #1073, .F. ) ;
#2465 = DIRECTION ( 'NONE',  ( -1.000000000000000000, 0.0000000000000000000, 0.0000000000000000000 ) ) ;
#2466 = ORIENTED_EDGE ( 'NONE', *, *, #4354, .F. ) ;
#2467 = CARTESIAN_POINT ( 'NONE',  ( 1.267578124999999112, 1.947999999999999954, 0.7754682572583777578 ) ) ;
#2468 = CARTESIAN_POINT ( 'NONE',  ( 1.201101049007265775, 1.949999999999999734, 0.7553772532575272480 ) ) ;
#2469 = EDGE_CURVE ( 'NONE', #439, #3670, #2317, .T. ) ;
#2470 = CARTESIAN_POINT ( 'NONE',  ( -0.04843749999999965444, 1.947999999999999954, -0.9745317427416221312 ) ) ;
#2471 = DIRECTION ( 'NONE',  ( 0.0000000000000000000, -1.000000000000000000, 0.0000000000000000000 ) ) ;
#2472 = VECTOR ( 'NONE', #4091, 1000.000000000000000 ) ;
#2473 = LINE ( 'NONE', #2368, #587 ) ;
#2474 = ORIENTED_EDGE ( 'NONE', *, *, #1635, .F. ) ;
#2475 = CARTESIAN_POINT ( 'NONE',  ( -1.969999999999998641, 0.1000000000000004219, 1.250000000000000444 ) ) ;
#2476 = CARTESIAN_POINT ( 'NONE',  ( -0.4569655818528419178, 1.948000000000000398, 0.6647134354954489233 ) ) ;
#2477 = FACE_OUTER_BOUND ( 'NONE', #1704, .T. ) ;
#2478 = LINE ( 'NONE', #4185, #4385 ) ;
#2479 =( NAMED_UNIT ( * ) PLANE_ANGLE_UNIT ( ) SI_UNIT ( $, .RADIAN. ) );
#2480 = COLOUR_RGB ( '',0.3098039215686274606, 0.3098039215686274606, 0.3098039215686274606 ) ;
#2481 = CARTESIAN_POINT ( 'NONE',  ( 0.1417333379130812920, 1.949999999999999956, -0.2600139863645349880 ) ) ;
#2482 = CARTESIAN_POINT ( 'NONE',  ( 1.221802725451320848, 1.950000000000000622, 0.7665576661085372612 ) ) ;
#2483 = DIRECTION ( 'NONE',  ( 2.170143416902684735E-32, 1.000000000000000000, -1.301042606982605321E-16 ) ) ;
#2484 = DIRECTION ( 'NONE',  ( 1.000000000000000000, 0.0000000000000000000, -1.445602896647339163E-16 ) ) ;
#2485 = VERTEX_POINT ( 'NONE', #1533 ) ;
#2486 = VERTEX_POINT ( 'NONE', #1886 ) ;
#2487 = VERTEX_POINT ( 'NONE', #4381 ) ;
#2488 = LINE ( 'NONE', #1384, #1558 ) ;
#2489 = ORIENTED_EDGE ( 'NONE', *, *, #65, .T. ) ;
#2490 = CARTESIAN_POINT ( 'NONE',  ( 0.3363281250000002554, 1.949999999999999956, 0.7504682572583777356 ) ) ;
#2491 = CARTESIAN_POINT ( 'NONE',  ( -0.2499999999999996392, 1.949999999999999956, -0.2245317427416221590 ) ) ;
#2492 = EDGE_CURVE ( 'NONE', #3258, #3746, #2202, .T. ) ;
#2493 = EDGE_LOOP ( 'NONE', ( #2464, #3225, #2283, #2733 ) ) ;
#2494 = EDGE_LOOP ( 'NONE', ( #4166, #3810, #3408, #2045, #2623, #539, #1213, #1236, #330, #46, #2810 ) ) ;
#2495 = FACE_OUTER_BOUND ( 'NONE', #1595, .T. ) ;
#2496 = AXIS2_PLACEMENT_3D ( 'NONE', #4081, #2679, #534 ) ;
#2497 = EDGE_CURVE ( 'NONE', #501, #3033, #3172, .T. ) ;
#2498 = CARTESIAN_POINT ( 'NONE',  ( 1.155077136052323317, 1.950000000000000178, 0.4981131265093856619 ) ) ;
#2499 = AXIS2_PLACEMENT_3D ( 'NONE', #299, #1612, #2286 ) ;
#2500 = CARTESIAN_POINT ( 'NONE',  ( -3.069999999999999396, 0.9000000000000003553, -1.249999999999996669 ) ) ;
#2501 = CARTESIAN_POINT ( 'NONE',  ( 1.167314213240090215, 1.949999999999999956, 0.7153396826833348099 ) ) ;
#2502 = CARTESIAN_POINT ( 'NONE',  ( 1.719531249999999289, 1.947999999999999954, -0.8995317427416221756 ) ) ;
#2503 = CARTESIAN_POINT ( 'NONE',  ( -2.849999999999999645, 1.949999999999999956, -2.599999999999999201 ) ) ;
#2504 =( LENGTH_UNIT ( ) NAMED_UNIT ( * ) SI_UNIT ( .MILLI., .METRE. ) );
#2505 = CARTESIAN_POINT ( 'NONE',  ( -1.223437499999999512, 1.947999999999999954, 0.5578901322583778022 ) ) ;
#2506 = CARTESIAN_POINT ( 'NONE',  ( -1.054687499999999556, 1.947999999999999954, 0.5578901322583778022 ) ) ;
#2507 = CARTESIAN_POINT ( 'NONE',  ( 0.2522216113529798243, 1.947999999999999954, -0.1909763478023661087 ) ) ;
#2508 = EDGE_LOOP ( 'NONE', ( #2963, #640, #1336, #2739 ) ) ;
#2509 = ORIENTED_EDGE ( 'NONE', *, *, #957, .F. ) ;
#2510 = VERTEX_POINT ( 'NONE', #1189 ) ;
#2511 = CARTESIAN_POINT ( 'NONE',  ( 1.252186412671138838, 1.947999999999999954, 0.06747039967109462466 ) ) ;
#2512 = AXIS2_PLACEMENT_3D ( 'NONE', #1964, #741, #2938 ) ;
#2513 = CARTESIAN_POINT ( 'NONE',  ( 0.1457031250000003220, 1.949999999999999956, -0.1620317427416222145 ) ) ;
#2514 = DIRECTION ( 'NONE',  ( -0.0000000000000000000, 0.0000000000000000000, -1.000000000000000000 ) ) ;
#2515 = CARTESIAN_POINT ( 'NONE',  ( 1.182675714726960203, 1.950000000000000178, 0.7384121129900388381 ) ) ;
#2516 = ORIENTED_EDGE ( 'NONE', *, *, #3140, .T. ) ;
#2517 = CARTESIAN_POINT ( 'NONE',  ( -2.749999999999999556, 0.1000000000000000056, 1.500000000000000000 ) ) ;
#2518 = CARTESIAN_POINT ( 'NONE',  ( -2.869999999999998774, 0.7751668522645223103, 1.250000000000000444 ) ) ;
#2519 = SURFACE_STYLE_USAGE ( .BOTH. , #2538 ) ;
#2520 = DIRECTION ( 'NONE',  ( -1.000000000000000000, 0.0000000000000000000, 0.0000000000000000000 ) ) ;
#2521 = CARTESIAN_POINT ( 'NONE',  ( -0.9618042255934167173, 1.948000000000000620, 0.6883765114347670799 ) ) ;
#2522 = VERTEX_POINT ( 'NONE', #4016 ) ;
#2523 = AXIS2_PLACEMENT_3D ( 'NONE', #489, #1202, #3691 ) ;
#2524 = VECTOR ( 'NONE', #3963, 1000.000000000000000 ) ;
#2525 = ORIENTED_EDGE ( 'NONE', *, *, #4583, .F. ) ;
#2526 = CYLINDRICAL_SURFACE ( 'NONE', #213, 0.09999999999999982514 ) ;
#2527 = ORIENTED_EDGE ( 'NONE', *, *, #3365, .T. ) ;
#2528 = CARTESIAN_POINT ( 'NONE',  ( 2.650000000000000799, 1.949999999999999956, 2.400000000000000355 ) ) ;
#2529 = CARTESIAN_POINT ( 'NONE',  ( 1.375702600561551137, 1.949999999999999512, -0.2328804441932587066 ) ) ;
#2530 = CARTESIAN_POINT ( 'NONE',  ( -1.368604582510384526, 1.947999999999999732, 0.6946501433777175771 ) ) ;
#2531 = FACE_OUTER_BOUND ( 'NONE', #3939, .T. ) ;
#2532 = CARTESIAN_POINT ( 'NONE',  ( 2.956915015869555799E-16, 0.0000000000000000000, -1.499999999999999334 ) ) ;
#2533 = CARTESIAN_POINT ( 'NONE',  ( 0.4677446276369387479, 1.950000000000000400, 0.6220736076875288401 ) ) ;
#2534 = EDGE_CURVE ( 'NONE', #3983, #2415, #3187, .T. ) ;
#2535 = ORIENTED_EDGE ( 'NONE', *, *, #110, .T. ) ;
#2536 = CARTESIAN_POINT ( 'NONE',  ( 1.267063518590770377, 1.948000000000000620, 0.02558901860745652762 ) ) ;
#2537 = DIRECTION ( 'NONE',  ( -1.000000000000000000, 0.0000000000000000000, 0.0000000000000000000 ) ) ;
#2538 = SURFACE_SIDE_STYLE ('',( #2251 ) ) ;
#2539 = CARTESIAN_POINT ( 'NONE',  ( 0.4615004472511460287, 1.948000000000000620, 0.6097240041586983184 ) ) ;
#2540 = ORIENTED_EDGE ( 'NONE', *, *, #413, .T. ) ;
#2541 = CARTESIAN_POINT ( 'NONE',  ( 0.0000000000000000000, 0.0000000000000000000, 0.0000000000000000000 ) ) ;
#2542 = EDGE_CURVE ( 'NONE', #1054, #3733, #3991, .T. ) ;
#2543 = DIRECTION ( 'NONE',  ( -0.0000000000000000000, 1.000000000000000000, -0.0000000000000000000 ) ) ;
#2544 = FACE_OUTER_BOUND ( 'NONE', #902, .T. ) ;
#2545 = CARTESIAN_POINT ( 'NONE',  ( 0.5240754188738792063, 1.949999999999999956, -0.6771949969274655423 ) ) ;
#2546 = FACE_OUTER_BOUND ( 'NONE', #3700, .T. ) ;
#2547 = ORIENTED_EDGE ( 'NONE', *, *, #2658, .T. ) ;
#2548 = VERTEX_POINT ( 'NONE', #44 ) ;
#2549 = VERTEX_POINT ( 'NONE', #403 ) ;
#2550 = LINE ( 'NONE', #1116, #3507 ) ;
#2551 = CARTESIAN_POINT ( 'NONE',  ( 1.627109010204786488, 1.947999999999999954, -0.7296056350783982625 ) ) ;
#2552 = LINE ( 'NONE', #242, #4226 ) ;
#2553 = B_SPLINE_CURVE_WITH_KNOTS ( 'NONE', 3,
 ( #4250, #4487, #4286, #2482, #2468, #2515, #2501, #2709, #2692, #2757, #2743 ),
 .UNSPECIFIED., .F., .F.,
 ( 4, 1, 1, 1, 1, 1, 1, 1, 4 ),
 ( 0.0000000000000000000, 0.1025251202142046930, 0.1993233161830196554, 0.2989137924798606072, 0.4031036759861860164, 0.5176905750491206382, 0.6510222377263649163, 0.8108036024447183854, 1.000000000000000000 ),
 .UNSPECIFIED. ) ;
#2554 = CARTESIAN_POINT ( 'NONE',  ( -1.223437499999999512, 1.947999999999999954, 0.5578901322583778022 ) ) ;
#2555 = ORIENTED_EDGE ( 'NONE', *, *, #4298, .T. ) ;
#2556 = ORIENTED_EDGE ( 'NONE', *, *, #397, .T. ) ;
#2557 = CARTESIAN_POINT ( 'NONE',  ( -0.4249999999999996003, 1.949999999999999956, -0.8913286177416221978 ) ) ;
#2558 = LINE ( 'NONE', #1825, #1613 ) ;
#2559 = EDGE_LOOP ( 'NONE', ( #4329, #584, #654, #2449, #3629 ) ) ;
#2560 = CARTESIAN_POINT ( 'NONE',  ( 0.5246861734123621224, 1.948000000000000176, -0.6439552252217100037 ) ) ;
#2561 = CARTESIAN_POINT ( 'NONE',  ( 1.672382102816676541, 1.947999999999999732, -0.8136130397050522767 ) ) ;
#2562 = CARTESIAN_POINT ( 'NONE',  ( 1.366081255936127947, 1.950000000000000178, 0.2562088877582335278 ) ) ;
#2563 = FACE_OUTER_BOUND ( 'NONE', #3160, .T. ) ;
#2564 = FILL_AREA_STYLE ('',( #2592 ) ) ;
#2565 = CARTESIAN_POINT ( 'NONE',  ( 0.5523636200972921184, 1.950000000000000178, 0.6747145842992139375 ) ) ;
#2566 = APPLICATION_PROTOCOL_DEFINITION ( 'draft international standard', 'automotive_design', 1998, #2936 ) ;
#2567 = EDGE_CURVE ( 'NONE', #3120, #3003, #1736, .T. ) ;
#2568 = CARTESIAN_POINT ( 'NONE',  ( 2.649999999999999911, 1.949999999999999956, -2.599999999999999201 ) ) ;
#2569 = PLANE ( 'NONE',  #1869 ) ;
#2570 = CARTESIAN_POINT ( 'NONE',  ( 0.9174593476185883834, 1.947999999999999954, -0.6231078888497151302 ) ) ;
#2571 = ORIENTED_EDGE ( 'NONE', *, *, #4412, .F. ) ;
#2572 = CARTESIAN_POINT ( 'NONE',  ( -0.09999999999999961697, 1.947999999999999954, 0.7504682572583777356 ) ) ;
#2573 = DIRECTION ( 'NONE',  ( 0.0000000000000000000, 1.000000000000000000, 0.0000000000000000000 ) ) ;
#2574 = CARTESIAN_POINT ( 'NONE',  ( -0.1956631920767100685, 1.947999999999999954, -0.9700064906552622324 ) ) ;
#2575 = CARTESIAN_POINT ( 'NONE',  ( -0.8015624999999995115, 1.949999999999999956, 0.7582807572583777356 ) ) ;
#2576 = VECTOR ( 'NONE', #951, 1000.000000000000000 ) ;
#2577 = PLANE ( 'NONE',  #4322 ) ;
#2578 = CARTESIAN_POINT ( 'NONE',  ( 1.293690439412771065, 1.948000000000000398, 0.7745883107353331853 ) ) ;
#2579 = APPLICATION_CONTEXT ( 'automotive_design' ) ;
#2580 = CARTESIAN_POINT ( 'NONE',  ( 0.2801295655505388060, 1.948000000000000398, -1.008936217610774122 ) ) ;
#2581 =( NAMED_UNIT ( * ) SI_UNIT ( $, .STERADIAN. ) SOLID_ANGLE_UNIT ( ) );
#2582 = VERTEX_POINT ( 'NONE', #2927 ) ;
#2583 = CARTESIAN_POINT ( 'NONE',  ( -1.282670745786116173, 1.949999999999999734, 0.6783018334960169149 ) ) ;
#2584 = CARTESIAN_POINT ( 'NONE',  ( 1.008064138123621056, 1.949999999999999956, -0.8249030908122402250 ) ) ;
#2585 = CARTESIAN_POINT ( 'NONE',  ( -0.4444078632343570479, 1.950000000000000178, -0.9544279157223143351 ) ) ;
#2586 = ORIENTED_EDGE ( 'NONE', *, *, #2718, .F. ) ;
#2587 = DIRECTION ( 'NONE',  ( 1.000000000000000000, 0.0000000000000000000, 0.0000000000000000000 ) ) ;
#2588 = CARTESIAN_POINT ( 'NONE',  ( -0.5148437499999997113, 1.947999999999999954, 0.6754682572583776690 ) ) ;
#2589 = CARTESIAN_POINT ( 'NONE',  ( -2.849999999999999645, 1.949999999999999956, -2.599999999999999201 ) ) ;
#2590 = EDGE_CURVE ( 'NONE', #521, #1242, #669, .T. ) ;
#2591 = ORIENTED_EDGE ( 'NONE', *, *, #4238, .F. ) ;
#2592 = FILL_AREA_STYLE_COLOUR ( '', #483 ) ;
#2593 = DIRECTION ( 'NONE',  ( 0.0000000000000000000, 1.301042606982605321E-16, 1.000000000000000000 ) ) ;
#2594 = DIRECTION ( 'NONE',  ( 0.0000000000000000000, 1.000000000000000000, -0.0000000000000000000 ) ) ;
#2595 = CARTESIAN_POINT ( 'NONE',  ( 0.1709610836565439995, 1.950000000000000178, -0.2759308410869534267 ) ) ;
#2596 = AXIS2_PLACEMENT_3D ( 'NONE', #1067, #3559, #4241 ) ;
#2597 = FACE_BOUND ( 'NONE', #135, .T. ) ;
#2598 = ADVANCED_FACE ( 'NONE', ( #434 ), #997, .T. ) ;
#2599 = CARTESIAN_POINT ( 'NONE',  ( -0.4356304498590484187, 1.950000000000000178, 0.6429437640815790500 ) ) ;
#2600 = EDGE_LOOP ( 'NONE', ( #1272, #36, #2712, #3780 ) ) ;
#2601 = EDGE_CURVE ( 'NONE', #2582, #2851, #3535, .T. ) ;
#2602 = STYLED_ITEM ( 'NONE', ( #1346 ), #943 ) ;
#2603 = DIRECTION ( 'NONE',  ( 1.000000000000000000, 0.0000000000000000000, 0.0000000000000000000 ) ) ;
#2604 = SURFACE_SIDE_STYLE ('',( #1748 ) ) ;
#2605 = SURFACE_STYLE_FILL_AREA ( #3841 ) ;
#2606 = DIRECTION ( 'NONE',  ( 0.0000000000000000000, -1.000000000000000000, 1.301042606982605321E-16 ) ) ;
#2607 = LINE ( 'NONE', #2644, #3552 ) ;
#2608 = DIRECTION ( 'NONE',  ( -0.0000000000000000000, 1.000000000000000000, -0.0000000000000000000 ) ) ;
#2609 = EDGE_CURVE ( 'NONE', #3248, #2271, #3872, .T. ) ;
#2610 = VECTOR ( 'NONE', #3573, 1000.000000000000000 ) ;
#2611 = B_SPLINE_SURFACE_WITH_KNOTS ( 'NONE', 3, 1, ( 
 ( #351, #3565 ),
 ( #3902, #1775 ),
 ( #4280, #2129 ),
 ( #2, #2498 ),
 ( #369, #2867 ),
 ( #729, #3230 ),
 ( #1088, #3578 ),
 ( #1443, #3920 ),
 ( #1787, #4294 ),
 ( #2147, #21 ),
 ( #2511, #387 ),
 ( #2888, #746 ),
 ( #3245, #1105 ),
 ( #3592, #1458 ),
 ( #3941, #1803 ),
 ( #4306, #2162 ),
 ( #40, #2529 ),
 ( #401, #2911 ),
 ( #765, #3259 ),
 ( #1120, #3610 ),
 ( #1475, #3953 ),
 ( #1826, #4320 ),
 ( #2177, #56 ),
 ( #2551, #418 ),
 ( #2924, #790 ),
 ( #3276, #1135 ),
 ( #3626, #1494 ) ),
 .UNSPECIFIED., .F., .F., .F.,
 ( 4, 1, 1, 1, 1, 1, 1, 1, 1, 1, 1, 1, 1, 1, 1, 1, 1, 1, 1, 1, 1, 1, 1, 1, 4 ),
 ( 2, 2 ),
 ( 0.0000000000000000000, 0.03198208890138004579, 0.06571796350189502978, 0.1015530993077051192, 0.1395274057539031831, 0.1794536373020645392, 0.2216643890048783649, 0.2660864516751129116, 0.3126390547612246662, 0.3376467007691965061, 0.3651653477496336619, 0.3946756132003296225, 0.4268117770931200150, 0.4612761527804314365, 0.4982983313451385121, 0.5375658218603243110, 0.5792837170249431900, 0.6233584822010317383, 0.6697949062899549721, 0.7188114718455943519, 0.7701964251426741681, 0.8238415437232042837, 0.8801843867223698714, 0.9389031508596793474, 1.000000000000000000 ),
 ( 0.0000000000000000000, 1.000000000000000000 ),
 .UNSPECIFIED. ) ;
#2612 = VERTEX_POINT ( 'NONE', #3687 ) ;
#2613 = ORIENTED_EDGE ( 'NONE', *, *, #4454, .F. ) ;
#2614 = CARTESIAN_POINT ( 'NONE',  ( 1.874999999999999334, 1.947999999999999954, -0.9757036177416220646 ) ) ;
#2615 = ORIENTED_EDGE ( 'NONE', *, *, #347, .F. ) ;
#2616 = EDGE_CURVE ( 'NONE', #500, #1276, #1157, .T. ) ;
#2617 = ORIENTED_EDGE ( 'NONE', *, *, #1523, .F. ) ;
#2618 = ORIENTED_EDGE ( 'NONE', *, *, #20, .F. ) ;
#2619 = CARTESIAN_POINT ( 'NONE',  ( 0.3009586803286726231, 1.947999999999999510, -0.4353631327210795710 ) ) ;
#2620 = ADVANCED_FACE ( 'NONE', ( #2958 ), #2632, .T. ) ;
#2621 = CARTESIAN_POINT ( 'NONE',  ( -2.719999999999998863, 0.7751668522645223103, 1.250000000000001554 ) ) ;
#2622 = CARTESIAN_POINT ( 'NONE',  ( 1.874999999999999334, 1.947999999999999954, -0.9757036177416220646 ) ) ;
#2623 = ORIENTED_EDGE ( 'NONE', *, *, #2590, .F. ) ;
#2624 = CARTESIAN_POINT ( 'NONE',  ( 2.750000000000000888, 0.1000000000000000056, -2.293504595642413567E-16 ) ) ;
#2625 = STYLED_ITEM ( 'NONE', ( #4435 ), #3097 ) ;
#2626 = DIRECTION ( 'NONE',  ( -1.668003342285391551E-16, -0.0000000000000000000, -1.000000000000000000 ) ) ;
#2627 = CARTESIAN_POINT ( 'NONE',  ( 0.1349775365447319631, 1.950000000000000400, -1.043527992705306717 ) ) ;
#2628 = ORIENTED_EDGE ( 'NONE', *, *, #509, .F. ) ;
#2629 = EDGE_CURVE ( 'NONE', #2486, #96, #2607, .T. ) ;
#2630 = PRODUCT_DEFINITION ( '未知', '', #2876, #137 ) ;
#2631 = CARTESIAN_POINT ( 'NONE',  ( 0.1868550157927814093, 1.949999999999999067, -1.035540923714931560 ) ) ;
#2632 = PLANE ( 'NONE',  #3051 ) ;
#2633 = PRESENTATION_STYLE_ASSIGNMENT (( #1013 ) ) ;
#2634 = CARTESIAN_POINT ( 'NONE',  ( 1.713205598861722301, 1.949999999999999956, -0.7098637071688893574 ) ) ;
#2635 =( NAMED_UNIT ( * ) SI_UNIT ( $, .STERADIAN. ) SOLID_ANGLE_UNIT ( ) );
#2636 = EDGE_CURVE ( 'NONE', #2980, #3929, #1661, .T. ) ;
#2637 = CARTESIAN_POINT ( 'NONE',  ( 2.919999999999999485, -0.09999999999999958922, 1.250000000000000444 ) ) ;
#2638 = VERTEX_POINT ( 'NONE', #3373 ) ;
#2639 = CARTESIAN_POINT ( 'NONE',  ( 1.502978685503361111, 1.947999999999999954, -0.2752487251923011469 ) ) ;
#2640 = ADVANCED_FACE ( 'NONE', ( #705 ), #4068, .T. ) ;
#2641 = DIRECTION ( 'NONE',  ( -2.170143416902684735E-32, 1.000000000000000000, -1.301042606982605321E-16 ) ) ;
#2642 = ORIENTED_EDGE ( 'NONE', *, *, #1457, .F. ) ;
#2643 = DIRECTION ( 'NONE',  ( 1.000000000000000000, -0.0000000000000000000, 0.0000000000000000000 ) ) ;
#2644 = CARTESIAN_POINT ( 'NONE',  ( -1.054687499999999556, 1.947999999999999954, 0.2098432572583778244 ) ) ;
#2645 = VECTOR ( 'NONE', #3912, 1000.000000000000000 ) ;
#2646 = VERTEX_POINT ( 'NONE', #3409 ) ;
#2647 = ORIENTED_EDGE ( 'NONE', *, *, #225, .F. ) ;
#2648 = DIRECTION ( 'NONE',  ( 0.3780623346207464541, 0.0000000000000000000, 0.9257801419025528666 ) ) ;
#2649 = ORIENTED_EDGE ( 'NONE', *, *, #13, .F. ) ;
#2650 = LINE ( 'NONE', #3658, #4539 ) ;
#2651 = EDGE_CURVE ( 'NONE', #2375, #144, #603, .T. ) ;
#2652 = CARTESIAN_POINT ( 'NONE',  ( 0.4524013035187768317, 1.948000000000000176, -0.8848001526991615684 ) ) ;
#2653 = CARTESIAN_POINT ( 'NONE',  ( -0.9302992688513845865, 1.949999999999999734, 0.6939538153691456879 ) ) ;
#2654 = ORIENTED_EDGE ( 'NONE', *, *, #1027, .T. ) ;
#2655 = DIRECTION ( 'NONE',  ( -1.482293002013899946E-13, -1.000000000000000000, 2.496693961999075638E-14 ) ) ;
#2656 = DIRECTION ( 'NONE',  ( 0.0000000000000000000, -1.301042606982605321E-16, -1.000000000000000000 ) ) ;
#2657 = FACE_OUTER_BOUND ( 'NONE', #4079, .T. ) ;
#2658 = EDGE_CURVE ( 'NONE', #3033, #3127, #4273, .T. ) ;
#2659 = ORIENTED_EDGE ( 'NONE', *, *, #2356, .T. ) ;
#2660 = STYLED_ITEM ( 'NONE', ( #1318 ), #1545 ) ;
#2661 = FACE_OUTER_BOUND ( 'NONE', #151, .T. ) ;
#2662 = VECTOR ( 'NONE', #134, 1000.000000000000000 ) ;
#2663 = CARTESIAN_POINT ( 'NONE',  ( -0.2445366777552573090, 1.947999999999999954, 0.6288166544124502710 ) ) ;
#2664 = ORIENTED_EDGE ( 'NONE', *, *, #798, .F. ) ;
#2665 = ORIENTED_EDGE ( 'NONE', *, *, #4140, .T. ) ;
#2666 = ADVANCED_FACE ( 'NONE', ( #2373 ), #3717, .T. ) ;
#2667 = CARTESIAN_POINT ( 'NONE',  ( 2.749999999999999556, 0.1000000000000001027, -1.249999999999999556 ) ) ;
#2668 = ORIENTED_EDGE ( 'NONE', *, *, #2534, .T. ) ;
#2669 = VECTOR ( 'NONE', #1159, 1000.000000000000000 ) ;
#2670 = CARTESIAN_POINT ( 'NONE',  ( 1.719531249999999289, 1.949999999999999956, -0.8995317427416221756 ) ) ;
#2671 = LINE ( 'NONE', #1252, #1717 ) ;
#2672 = ORIENTED_EDGE ( 'NONE', *, *, #4354, .T. ) ;
#2673 = ORIENTED_EDGE ( 'NONE', *, *, #2609, .F. ) ;
#2674 = CARTESIAN_POINT ( 'NONE',  ( -2.849999999999998757, 0.2000000000000000944, 1.500000000000000000 ) ) ;
#2675 = DIRECTION ( 'NONE',  ( 1.000000000000000000, 0.0000000000000000000, 0.0000000000000000000 ) ) ;
#2676 = CARTESIAN_POINT ( 'NONE',  ( -0.9302992688513845865, 1.947999999999999732, 0.6939538153691456879 ) ) ;
#2677 = LINE ( 'NONE', #611, #1720 ) ;
#2678 = ORIENTED_EDGE ( 'NONE', *, *, #3984, .F. ) ;
#2679 = DIRECTION ( 'NONE',  ( -0.0000000000000000000, 0.0000000000000000000, -1.000000000000000000 ) ) ;
#2680 = DIRECTION ( 'NONE',  ( 0.0000000000000000000, 1.301042606982605321E-16, 1.000000000000000000 ) ) ;
#2681 = VECTOR ( 'NONE', #1747, 1000.000000000000000 ) ;
#2682 = AXIS2_PLACEMENT_3D ( 'NONE', #1922, #1749, #1788 ) ;
#2683 = CARTESIAN_POINT ( 'NONE',  ( -0.4251486293465165933, 1.950000000000000178, 0.5988014818056278665 ) ) ;
#2684 = CARTESIAN_POINT ( 'NONE',  ( -0.1665622701661848282, 1.949999999999999734, 0.6753126451511561879 ) ) ;
#2685 = DIRECTION ( 'NONE',  ( 0.0000000000000000000, 0.0000000000000000000, -1.000000000000000000 ) ) ;
#2686 = CARTESIAN_POINT ( 'NONE',  ( 1.374153553548058238, 1.948000000000000176, 0.5300042640537573346 ) ) ;
#2687 = ORIENTED_EDGE ( 'NONE', *, *, #3917, .T. ) ;
#2688 = CARTESIAN_POINT ( 'NONE',  ( 0.1457031250000003497, 1.948000000000000176, -0.1620317427416222422 ) ) ;
#2689 = AXIS2_PLACEMENT_3D ( 'NONE', #3010, #868, #3364 ) ;
#2690 =( NAMED_UNIT ( * ) SI_UNIT ( $, .STERADIAN. ) SOLID_ANGLE_UNIT ( ) );
#2691 = CARTESIAN_POINT ( 'NONE',  ( -0.9618042255934167173, 1.950000000000000844, 0.6883765114347670799 ) ) ;
#2692 = CARTESIAN_POINT ( 'NONE',  ( 1.150617710779208824, 1.949999999999999734, 0.6478972657732385843 ) ) ;
#2693 = EDGE_CURVE ( 'NONE', #2781, #2612, #3011, .T. ) ;
#2694 = CARTESIAN_POINT ( 'NONE',  ( 0.1457031250000003497, 1.948000000000000176, -0.1620317427416222422 ) ) ;
#2695 = DIRECTION ( 'NONE',  ( 1.000000000000000000, 0.0000000000000000000, 0.0000000000000000000 ) ) ;
#2696 = LINE ( 'NONE', #553, #1631 ) ;
#2697 = ADVANCED_FACE ( 'NONE', ( #1096 ), #3500, .T. ) ;
#2698 = AXIS2_PLACEMENT_3D ( 'NONE', #3138, #3236, #3188 ) ;
#2699 = ORIENTED_EDGE ( 'NONE', *, *, #4460, .T. ) ;
#2700 = DIRECTION ( 'NONE',  ( 0.0000000000000000000, 0.0000000000000000000, -1.000000000000000000 ) ) ;
#2701 = FILL_AREA_STYLE ('',( #4466 ) ) ;
#2702 = DIRECTION ( 'NONE',  ( -1.000000000000000000, 0.0000000000000000000, -1.971276677246371765E-16 ) ) ;
#2703 = CARTESIAN_POINT ( 'NONE',  ( 2.850000000000000533, 0.0000000000000000000, -1.500000000000000888 ) ) ;
#2704 = EDGE_CURVE ( 'NONE', #3718, #3209, #4439, .T. ) ;
#2705 = B_SPLINE_CURVE_WITH_KNOTS ( 'NONE', 3,
 ( #1629, #1976, #4476, #2331, #204, #2710, #570, #3078, #938, #3431, #1287, #3772, #1644, #4130, #1999, #4488, #2346, #224, #2724, #582, #3091, #956, #3445, #1300, #3796, #1657, #4144 ),
 .UNSPECIFIED., .F., .F.,
 ( 4, 1, 1, 1, 1, 1, 1, 1, 1, 1, 1, 1, 1, 1, 1, 1, 1, 1, 1, 1, 1, 1, 1, 1, 4 ),
 ( 0.0000000000000000000, 0.03198208890138004579, 0.06571796350189502978, 0.1015530993077051192, 0.1395274057539031831, 0.1794536373020645392, 0.2216643890048783649, 0.2660864516751129116, 0.3126390547612246662, 0.3376467007691965061, 0.3651653477496336619, 0.3946756132003296225, 0.4268117770931200150, 0.4612761527804314365, 0.4982983313451385121, 0.5375658218603243110, 0.5792837170249431900, 0.6233584822010317383, 0.6697949062899549721, 0.7188114718455943519, 0.7701964251426741681, 0.8238415437232042837, 0.8801843867223698714, 0.9389031508596793474, 1.000000000000000000 ),
 .UNSPECIFIED. ) ;
#2706 = DIRECTION ( 'NONE',  ( 0.0000000000000000000, -0.0000000000000000000, 1.000000000000000000 ) ) ;
#2707 = CARTESIAN_POINT ( 'NONE',  ( 0.4254655263455461300, 1.950000000000000622, -0.9163555938912182341 ) ) ;
#2708 = DIRECTION ( 'NONE',  ( 1.000000000000000000, -0.0000000000000000000, -1.668003342285391304E-16 ) ) ;
#2709 = CARTESIAN_POINT ( 'NONE',  ( 1.157291881579795012, 1.949999999999999956, 0.6849702510856381377 ) ) ;
#2710 = CARTESIAN_POINT ( 'NONE',  ( 1.172105324500678947, 1.950000000000000400, 0.3794453557049608516 ) ) ;
#2711 = CARTESIAN_POINT ( 'NONE',  ( 0.3031025748671989373, 1.950000000000000400, -0.7598984619015767272 ) ) ;
#2712 = ORIENTED_EDGE ( 'NONE', *, *, #2796, .T. ) ;
#2713 = VECTOR ( 'NONE', #3811, 1000.000000000000000 ) ;
#2714 = COLOUR_RGB ( '',0.3098039215686274606, 0.3098039215686274606, 0.3098039215686274606 ) ;
#2715 = ADVANCED_FACE ( 'NONE', ( #2661 ), #4325, .F. ) ;
#2716 = DIRECTION ( 'NONE',  ( -1.000000000000000000, 0.0000000000000000000, 0.0000000000000000000 ) ) ;
#2717 = AXIS2_PLACEMENT_3D ( 'NONE', #1191, #163, #2656 ) ;
#2718 = EDGE_CURVE ( 'NONE', #4465, #4413, #2452, .T. ) ;
#2719 =( NAMED_UNIT ( * ) PLANE_ANGLE_UNIT ( ) SI_UNIT ( $, .RADIAN. ) );
#2720 = DIRECTION ( 'NONE',  ( -0.0000000000000000000, 1.000000000000000000, -0.0000000000000000000 ) ) ;
#2721 = CARTESIAN_POINT ( 'NONE',  ( -0.09999999999999961697, 1.947999999999999954, 0.6754682572583776690 ) ) ;
#2722 = FILL_AREA_STYLE ('',( #3101 ) ) ;
#2723 = VECTOR ( 'NONE', #3139, 1000.000000000000000 ) ;
#2724 = CARTESIAN_POINT ( 'NONE',  ( 1.435979929817733147, 1.949999999999999734, -0.3585567632024709850 ) ) ;
#2725 = CARTESIAN_POINT ( 'NONE',  ( -0.04843749999999965444, 1.949999999999999956, -0.9745317427416221312 ) ) ;
#2726 = EDGE_CURVE ( 'NONE', #3806, #1993, #771, .T. ) ;
#2727 = CARTESIAN_POINT ( 'NONE',  ( -1.749999999999999556, 0.0000000000000000000, -1.499999999999999778 ) ) ;
#2728 = LINE ( 'NONE', #3906, #1758 ) ;
#2729 = DIRECTION ( 'NONE',  ( -0.0000000000000000000, 1.000000000000000000, -0.0000000000000000000 ) ) ;
#2730 = ORIENTED_EDGE ( 'NONE', *, *, #3316, .F. ) ;
#2731 = VERTEX_POINT ( 'NONE', #3337 ) ;
#2732 = VERTEX_POINT ( 'NONE', #845 ) ;
#2733 = ORIENTED_EDGE ( 'NONE', *, *, #306, .T. ) ;
#2734 = ORIENTED_EDGE ( 'NONE', *, *, #3273, .F. ) ;
#2735 = DIRECTION ( 'NONE',  ( -0.0000000000000000000, 1.000000000000000000, -0.0000000000000000000 ) ) ;
#2736 = CARTESIAN_POINT ( 'NONE',  ( -1.223437499999999512, 1.947999999999999954, -0.8026567427416222422 ) ) ;
#2737 = COLOUR_RGB ( '',0.3098039215686274606, 0.3098039215686274606, 0.3098039215686274606 ) ;
#2738 = CARTESIAN_POINT ( 'NONE',  ( 0.1457031250000003497, 1.950000000000000178, -0.1620317427416222422 ) ) ;
#2739 = ORIENTED_EDGE ( 'NONE', *, *, #3673, .T. ) ;
#2740 = CARTESIAN_POINT ( 'NONE',  ( 0.2900816416178475521, 1.947999999999999510, -0.7928036084011842455 ) ) ;
#2741 =( LENGTH_UNIT ( ) NAMED_UNIT ( * ) SI_UNIT ( .MILLI., .METRE. ) );
#2742 = DIRECTION ( 'NONE',  ( -1.000000000000000000, 0.0000000000000000000, 0.0000000000000000000 ) ) ;
#2743 = CARTESIAN_POINT ( 'NONE',  ( 1.149999999999999245, 1.949999999999999956, 0.6059370072583776246 ) ) ;
#2744 = CARTESIAN_POINT ( 'NONE',  ( -1.749999999999999334, 0.1000000000000000056, 2.529805069132842858E-16 ) ) ;
#2745 = DIRECTION ( 'NONE',  ( -1.000000000000000000, -0.0000000000000000000, -0.0000000000000000000 ) ) ;
#2746 = ADVANCED_FACE ( 'NONE', ( #2544 ), #3683, .F. ) ;
#2747 = CARTESIAN_POINT ( 'NONE',  ( -0.1787291288247592203, 1.949999999999999956, 0.6750170933943698826 ) ) ;
#2748 = DIRECTION ( 'NONE',  ( -1.000000000000000000, 0.0000000000000000000, 0.0000000000000000000 ) ) ;
#2749 = EDGE_CURVE ( 'NONE', #3153, #4578, #1488, .T. ) ;
#2750 = VERTEX_POINT ( 'NONE', #2254 ) ;
#2751 = CARTESIAN_POINT ( 'NONE',  ( 0.4605574619839781225, 1.950000000000000178, -0.3630467898498152546 ) ) ;
#2752 = VERTEX_POINT ( 'NONE', #492 ) ;
#2753 = CARTESIAN_POINT ( 'NONE',  ( -0.8015624999999995115, 1.947999999999999954, 0.7582807572583777356 ) ) ;
#2754 = VECTOR ( 'NONE', #684, 1000.000000000000000 ) ;
#2755 = AXIS2_PLACEMENT_3D ( 'NONE', #2382, #256, #2759 ) ;
#2756 = VERTEX_POINT ( 'NONE', #2371 ) ;
#2757 = CARTESIAN_POINT ( 'NONE',  ( 1.150217157684036984, 1.949999999999999734, 0.6206882352883963394 ) ) ;
#2758 = EDGE_CURVE ( 'NONE', #788, #4446, #1030, .T. ) ;
#2759 = DIRECTION ( 'NONE',  ( 0.0000000000000000000, -1.000000000000000000, 5.782411586589358033E-15 ) ) ;
#2760 = SURFACE_STYLE_USAGE ( .BOTH. , #257 ) ;
#2761 = CARTESIAN_POINT ( 'NONE',  ( -0.2499999999999996392, 1.949999999999999956, 0.5930463822583778022 ) ) ;
#2762 = CARTESIAN_POINT ( 'NONE',  ( -0.2499999999999996392, 1.947999999999999954, -0.8925004927416221312 ) ) ;
#2763 = ADVANCED_FACE ( 'NONE', ( #540 ), #2289, .T. ) ;
#2764 = EDGE_LOOP ( 'NONE', ( #2297, #4474, #2699, #901, #300, #2556, #109, #172 ) ) ;
#2765 = CARTESIAN_POINT ( 'NONE',  ( -0.9618042255934167173, 1.950000000000000844, 0.6883765114347670799 ) ) ;
#2766 = LINE ( 'NONE', #4402, #1692 ) ;
#2767 = ORIENTED_EDGE ( 'NONE', *, *, #2492, .T. ) ;
#2768 = CARTESIAN_POINT ( 'NONE',  ( 0.9238281249999993339, 1.947999999999999954, -1.049531742741622198 ) ) ;
#2769 = CARTESIAN_POINT ( 'NONE',  ( -1.223437499999999512, 1.947999999999999954, 0.2098432572583778244 ) ) ;
#2770 = CARTESIAN_POINT ( 'NONE',  ( 0.02226562500000036499, 1.947999999999999954, -1.049531742741622198 ) ) ;
#2771 = STYLED_ITEM ( 'NONE', ( #161 ), #233 ) ;
#2772 = CARTESIAN_POINT ( 'NONE',  ( -1.497656249999999467, 1.947999999999999954, 0.7582807572583777356 ) ) ;
#2773 = FACE_OUTER_BOUND ( 'NONE', #3201, .T. ) ;
#2774 = CARTESIAN_POINT ( 'NONE',  ( 1.818402782514570992, 1.948000000000000176, -0.8870513212559697491 ) ) ;
#2775 = EDGE_LOOP ( 'NONE', ( #710, #731, #3332, #3352 ) ) ;
#2776 = AXIS2_PLACEMENT_3D ( 'NONE', #2947, #806, #3301 ) ;
#2777 = SURFACE_STYLE_FILL_AREA ( #150 ) ;
#2778 = PLANE ( 'NONE',  #4582 ) ;
#2779 = VERTEX_POINT ( 'NONE', #4405 ) ;
#2780 = VERTEX_POINT ( 'NONE', #893 ) ;
#2781 = VERTEX_POINT ( 'NONE', #3383 ) ;
#2782 = CARTESIAN_POINT ( 'NONE',  ( 1.259566671016697725, 1.947999999999999732, 0.7750757718292706766 ) ) ;
#2783 = CIRCLE ( 'NONE', #1866, 0.1499999999999999667 ) ;
#2784 = CARTESIAN_POINT ( 'NONE',  ( 2.849999999999999201, 0.8500000000000003109, -1.249999999999996447 ) ) ;
#2785 = CARTESIAN_POINT ( 'NONE',  ( 1.374153553548058238, 1.950000000000000178, 0.5300042640537573346 ) ) ;
#2786 = CARTESIAN_POINT ( 'NONE',  ( -1.223437499999999512, 1.947999999999999954, 0.5578901322583778022 ) ) ;
#2787 = VECTOR ( 'NONE', #4444, 1000.000000000000000 ) ;
#2788 = ORIENTED_EDGE ( 'NONE', *, *, #680, .T. ) ;
#2789 = ORIENTED_EDGE ( 'NONE', *, *, #3361, .T. ) ;
#2790 = EDGE_CURVE ( 'NONE', #1671, #262, #2427, .T. ) ;
#2791 = ORIENTED_EDGE ( 'NONE', *, *, #2104, .F. ) ;
#2792 = CARTESIAN_POINT ( 'NONE',  ( -0.2497294461305188951, 1.947999999999999954, 0.5994566132405843017 ) ) ;
#2793 = VECTOR ( 'NONE', #652, 1000.000000000000000 ) ;
#2794 = CARTESIAN_POINT ( 'NONE',  ( -1.242669855802165824, 1.950000000000000178, 0.6452140088189265432 ) ) ;
#2795 = ORIENTED_EDGE ( 'NONE', *, *, #4583, .T. ) ;
#2796 = EDGE_CURVE ( 'NONE', #2980, #3386, #3281, .T. ) ;
#2797 = CARTESIAN_POINT ( 'NONE',  ( 0.3241686561049211823, 1.949999999999999734, -0.5582771120016015720 ) ) ;
#2798 = CARTESIAN_POINT ( 'NONE',  ( 0.02226562500000036499, 1.947999999999999954, -1.049531742741622198 ) ) ;
#2799 = CARTESIAN_POINT ( 'NONE',  ( 0.4254655263455461300, 1.948000000000000398, -0.9163555938912182341 ) ) ;
#2800 = B_SPLINE_CURVE_WITH_KNOTS ( 'NONE', 3,
 ( #3157, #4210, #3853, #1728 ),
 .UNSPECIFIED., .F., .F.,
 ( 4, 4 ),
 ( 0.0000000000000000000, 1.000000000000000000 ),
 .UNSPECIFIED. ) ;
#2801 = DIRECTION ( 'NONE',  ( -0.0000000000000000000, 0.0000000000000000000, 1.000000000000000000 ) ) ;
#2802 = CARTESIAN_POINT ( 'NONE',  ( -1.233984374999999467, 1.949999999999996625, -0.8026567427416222422 ) ) ;
#2803 = CARTESIAN_POINT ( 'NONE',  ( 1.367183267218595288, 1.949999999999999734, 0.4076451596290783796 ) ) ;
#2804 = DIRECTION ( 'NONE',  ( 0.0000000000000000000, -1.000000000000000000, 6.505213034913019504E-15 ) ) ;
#2805 = CARTESIAN_POINT ( 'NONE',  ( -0.9618042255934167173, 1.948000000000000620, 0.6883765114347670799 ) ) ;
#2806 = ORIENTED_EDGE ( 'NONE', *, *, #4302, .T. ) ;
#2807 = CARTESIAN_POINT ( 'NONE',  ( -0.2364989045390582245, 1.947999999999999954, 0.6434290788040532005 ) ) ;
#2808 = VECTOR ( 'NONE', #1266, 1000.000000000000000 ) ;
#2809 = EDGE_CURVE ( 'NONE', #2039, #837, #4574, .T. ) ;
#2810 = ORIENTED_EDGE ( 'NONE', *, *, #2758, .F. ) ;
#2811 = CARTESIAN_POINT ( 'NONE',  ( 1.351707062961348349, 1.949999999999999734, 0.7438124522337086209 ) ) ;
#2812 = DIRECTION ( 'NONE',  ( -1.668003342285391551E-16, -0.0000000000000000000, -1.000000000000000000 ) ) ;
#2813 = CARTESIAN_POINT ( 'NONE',  ( -0.02812499999999961212, 1.947999999999999954, -0.2245317427416221590 ) ) ;
#2814 = CARTESIAN_POINT ( 'NONE',  ( 1.719531249999999289, 1.947999999999999954, -0.8995317427416221756 ) ) ;
#2815 = UNCERTAINTY_MEASURE_WITH_UNIT (LENGTH_MEASURE( 1.000000000000000082E-05 ), #1859, 'distance_accuracy_value', 'NONE');
#2816 = DIRECTION ( 'NONE',  ( 1.734723475976806848E-16, 0.0000000000000000000, -1.000000000000000000 ) ) ;
#2817 = ORIENTED_EDGE ( 'NONE', *, *, #1580, .T. ) ;
#2818 = FACE_OUTER_BOUND ( 'NONE', #2559, .T. ) ;
#2819 = LINE ( 'NONE', #4519, #819 ) ;
#2820 = CARTESIAN_POINT ( 'NONE',  ( 2.850000000000000977, 1.050000000000000266, 1.250000000000001554 ) ) ;
#2821 = B_SPLINE_CURVE_WITH_KNOTS ( 'NONE', 3,
 ( #2467, #2782, #2119, #441, #23, #59, #269, #371, #2823, #2846, #2915 ),
 .UNSPECIFIED., .F., .F.,
 ( 4, 1, 1, 1, 1, 1, 1, 1, 4 ),
 ( 0.0000000000000000000, 0.1025251202142046930, 0.1993233161830196554, 0.2989137924798606072, 0.4031036759861860164, 0.5176905750491206382, 0.6510222377263649163, 0.8108036024447183854, 1.000000000000000000 ),
 .UNSPECIFIED. ) ;
#2822 = LINE ( 'NONE', #2945, #1860 ) ;
#2823 = CARTESIAN_POINT ( 'NONE',  ( 1.150617710779208824, 1.947999999999999732, 0.6478972657732385843 ) ) ;
#2824 = CARTESIAN_POINT ( 'NONE',  ( -2.849999999999999645, 0.0000000000000000000, -1.500000000000000000 ) ) ;
#2825 = DIRECTION ( 'NONE',  ( -0.0000000000000000000, 1.000000000000000000, -0.0000000000000000000 ) ) ;
#2826 = COLOUR_RGB ( '',1.000000000000000000, 1.000000000000000000, 1.000000000000000000 ) ;
#2827 =( LENGTH_UNIT ( ) NAMED_UNIT ( * ) SI_UNIT ( .MILLI., .METRE. ) );
#2828 = EDGE_LOOP ( 'NONE', ( #3616, #1734, #1354, #2687 ) ) ;
#2829 = FACE_OUTER_BOUND ( 'NONE', #1001, .T. ) ;
#2830 = FACE_OUTER_BOUND ( 'NONE', #3701, .T. ) ;
#2831 = CARTESIAN_POINT ( 'NONE',  ( -2.649999999999998579, 0.0000000000000000000, 2.600000000000000533 ) ) ;
#2832 = EDGE_CURVE ( 'NONE', #1276, #3514, #4217, .T. ) ;
#2833 = ORIENTED_EDGE ( 'NONE', *, *, #347, .T. ) ;
#2834 = CARTESIAN_POINT ( 'NONE',  ( -1.368604582510384526, 1.947999999999999732, 0.6946501433777175771 ) ) ;
#2835 = VECTOR ( 'NONE', #1065, 1000.000000000000000 ) ;
#2836 = ORIENTED_EDGE ( 'NONE', *, *, #146, .F. ) ;
#2837 = AXIS2_PLACEMENT_3D ( 'NONE', #363, #2863, #725 ) ;
#2838 = ORIENTED_EDGE ( 'NONE', *, *, #1315, .F. ) ;
#2839 = AXIS2_PLACEMENT_3D ( 'NONE', #3625, #1836, #4336 ) ;
#2840 = LINE ( 'NONE', #4189, #2967 ) ;
#2841 = ORIENTED_EDGE ( 'NONE', *, *, #4173, .F. ) ;
#2842 = EDGE_CURVE ( 'NONE', #661, #2143, #2311, .T. ) ;
#2843 = CARTESIAN_POINT ( 'NONE',  ( -0.8964843749999994449, 1.949999999999999956, 0.6949995072583777800 ) ) ;
#2844 = AXIS2_PLACEMENT_3D ( 'NONE', #1780, #1791, #2051 ) ;
#2845 = FACE_OUTER_BOUND ( 'NONE', #749, .T. ) ;
#2846 = CARTESIAN_POINT ( 'NONE',  ( 1.150217157684036984, 1.947999999999999732, 0.6206882352883963394 ) ) ;
#2847 = PLANE ( 'NONE',  #508 ) ;
#2848 = DIRECTION ( 'NONE',  ( -0.0000000000000000000, 1.000000000000000000, -0.0000000000000000000 ) ) ;
#2849 = ORIENTED_EDGE ( 'NONE', *, *, #2345, .T. ) ;
#2850 = ORIENTED_EDGE ( 'NONE', *, *, #1589, .T. ) ;
#2851 = VERTEX_POINT ( 'NONE', #3417 ) ;
#2852 = DIRECTION ( 'NONE',  ( -0.0000000000000000000, 1.301042606982605321E-16, 1.000000000000000000 ) ) ;
#2853 = DIRECTION ( 'NONE',  ( 0.0000000000000000000, 0.0000000000000000000, 1.000000000000000000 ) ) ;
#2854 = EDGE_CURVE ( 'NONE', #4169, #1746, #3165, .T. ) ;
#2855 = EDGE_CURVE ( 'NONE', #4413, #4559, #4599, .T. ) ;
#2856 = CARTESIAN_POINT ( 'NONE',  ( 3.069999999999999396, 0.0000000000000000000, 3.669607353027861066E-17 ) ) ;
#2857 = ORIENTED_EDGE ( 'NONE', *, *, #3566, .F. ) ;
#2858 =( NAMED_UNIT ( * ) SI_UNIT ( $, .STERADIAN. ) SOLID_ANGLE_UNIT ( ) );
#2859 = CARTESIAN_POINT ( 'NONE',  ( 0.1417333379130812920, 1.947999999999864729, -0.2600139863645349880 ) ) ;
#2860 = DIRECTION ( 'NONE',  ( -0.0000000000000000000, 1.000000000000000000, -0.0000000000000000000 ) ) ;
#2861 = PLANE ( 'NONE',  #3674 ) ;
#2862 = DIRECTION ( 'NONE',  ( 0.0000000000000000000, 1.000000000000000000, 0.0000000000000000000 ) ) ;
#2863 = DIRECTION ( 'NONE',  ( -1.000000000000000000, 0.0000000000000000000, 0.0000000000000000000 ) ) ;
#2864 = CARTESIAN_POINT ( 'NONE',  ( 0.5182840385684822637, 1.948000000000000176, -0.5278858411192557387 ) ) ;
#2865 = AXIS2_PLACEMENT_3D ( 'NONE', #3539, #1398, #3885 ) ;
#2866 = CARTESIAN_POINT ( 'NONE',  ( -2.649999999999999467, 1.949999999999999956, -2.399999999999999023 ) ) ;
#2867 = CARTESIAN_POINT ( 'NONE',  ( 1.162318373658507653, 1.949999999999999512, 0.4402851859161381332 ) ) ;
#2868 = UNCERTAINTY_MEASURE_WITH_UNIT (LENGTH_MEASURE( 1.000000000000000082E-05 ), #1835, 'distance_accuracy_value', 'NONE');
#2869 = CARTESIAN_POINT ( 'NONE',  ( 2.956915015869555799E-16, 0.1000000000000000056, -1.499999999999999334 ) ) ;
#2870 = EDGE_LOOP ( 'NONE', ( #239, #3492, #1874, #3398 ) ) ;
#2871 = EDGE_LOOP ( 'NONE', ( #3833, #1560, #995, #864 ) ) ;
#2872 = DIRECTION ( 'NONE',  ( 1.000000000000000000, 0.0000000000000000000, 0.0000000000000000000 ) ) ;
#2873 = CARTESIAN_POINT ( 'NONE',  ( -3.069999999999998952, -0.09999999999999958922, 1.250000000000000444 ) ) ;
#2874 = EDGE_CURVE ( 'NONE', #1492, #3875, #3986, .T. ) ;
#2875 = DIRECTION ( 'NONE',  ( 0.0000000000000000000, 0.0000000000000000000, 1.000000000000000000 ) ) ;
#2876 = PRODUCT_DEFINITION_FORMATION_WITH_SPECIFIED_SOURCE ( '任何', '', #1622, .NOT_KNOWN. ) ;
#2877 = CARTESIAN_POINT ( 'NONE',  ( -0.5749999999999995115, 1.949999999999999956, -0.9745317427416221312 ) ) ;
#2878 = CARTESIAN_POINT ( 'NONE',  ( -1.054687499999999556, 1.947999999999999954, -1.066328617741622020 ) ) ;
#2879 = LINE ( 'NONE', #1237, #1794 ) ;
#2880 = ORIENTED_EDGE ( 'NONE', *, *, #2996, .T. ) ;
#2881 = CARTESIAN_POINT ( 'NONE',  ( 0.0000000000000000000, 1.949999999999999956, 0.0000000000000000000 ) ) ;
#2882 = DIRECTION ( 'NONE',  ( 1.000000000000000000, 0.0000000000000000000, 0.0000000000000000000 ) ) ;
#2883 = CARTESIAN_POINT ( 'NONE',  ( -2.749999999999999556, 0.1000000000000000056, 1.250000000000000222 ) ) ;
#2884 = EDGE_CURVE ( 'NONE', #2548, #3937, #431, .T. ) ;
#2885 = CARTESIAN_POINT ( 'NONE',  ( 0.1821429568768933027, 1.947999999999999954, -0.1680164902311495623 ) ) ;
#2886 = VECTOR ( 'NONE', #1970, 1000.000000000000000 ) ;
#2887 = DIRECTION ( 'NONE',  ( 0.0000000000000000000, 1.000000000000000000, 0.0000000000000000000 ) ) ;
#2888 = CARTESIAN_POINT ( 'NONE',  ( 1.267063518590770377, 1.948000000000000620, 0.02558901860745652762 ) ) ;
#2889 = EDGE_LOOP ( 'NONE', ( #3297, #2903, #53, #2426 ) ) ;
#2890 = CARTESIAN_POINT ( 'NONE',  ( 2.750000000000000888, 0.1000000000000000056, 1.499999999999998446 ) ) ;
#2891 = PLANE ( 'NONE',  #687 ) ;
#2892 = ORIENTED_EDGE ( 'NONE', *, *, #880, .F. ) ;
#2893 = ORIENTED_EDGE ( 'NONE', *, *, #3580, .T. ) ;
#2894 = ORIENTED_EDGE ( 'NONE', *, *, #3035, .T. ) ;
#2895 = EDGE_LOOP ( 'NONE', ( #1108, #2437, #588, #3224, #4552, #3484, #2929, #1109, #712, #1344, #1324 ) ) ;
#2896 = LINE ( 'NONE', #3913, #898 ) ;
#2897 = CARTESIAN_POINT ( 'NONE',  ( -2.849999999999999645, 0.2000000000000000944, -1.500000000000000000 ) ) ;
#2898 = CARTESIAN_POINT ( 'NONE',  ( 0.4582031250000002665, 1.950000000000000178, 0.6032026322583777800 ) ) ;
#2899 = CARTESIAN_POINT ( 'NONE',  ( -0.9080922449963779730, 1.948000000000000176, 0.6946405454482410535 ) ) ;
#2900 = CARTESIAN_POINT ( 'NONE',  ( -0.03164062499999965861, 1.949999999999999956, -0.1495317427416221756 ) ) ;
#2901 = LINE ( 'NONE', #1961, #3612 ) ;
#2902 = EDGE_CURVE ( 'NONE', #648, #3248, #1264, .T. ) ;
#2903 = ORIENTED_EDGE ( 'NONE', *, *, #83, .F. ) ;
#2904 = VERTEX_POINT ( 'NONE', #2011 ) ;
#2905 = CARTESIAN_POINT ( 'NONE',  ( -0.09999999999999961697, 1.947999999999999954, 0.6754682572583776690 ) ) ;
#2906 = ORIENTED_EDGE ( 'NONE', *, *, #3859, .F. ) ;
#2907 = EDGE_LOOP ( 'NONE', ( #841, #543, #4145, #4278, #1053, #1587 ) ) ;
#2908 = FACE_OUTER_BOUND ( 'NONE', #2871, .T. ) ;
#2909 = CARTESIAN_POINT ( 'NONE',  ( -1.310422909595030383, 1.949999999999999734, 0.6886660644199400494 ) ) ;
#2910 = EDGE_CURVE ( 'NONE', #1615, #4578, #1981, .T. ) ;
#2911 = CARTESIAN_POINT ( 'NONE',  ( 1.404772416843579341, 1.950000000000000400, -0.2940798723689540539 ) ) ;
#2912 = AXIS2_PLACEMENT_3D ( 'NONE', #2881, #2862, #2706 ) ;
#2913 = CARTESIAN_POINT ( 'NONE',  ( -0.02812499999999956007, 1.947999999999864729, -0.2245317427416221590 ) ) ;
#2914 = CARTESIAN_POINT ( 'NONE',  ( -2.869999999999998774, 0.1000000000000004774, 1.250000000000001554 ) ) ;
#2915 = CARTESIAN_POINT ( 'NONE',  ( 1.149999999999999245, 1.947999999999999954, 0.6059370072583776246 ) ) ;
#2916 = CARTESIAN_POINT ( 'NONE',  ( 1.303482079960315732, 1.948000000000000620, -0.06793765589756085854 ) ) ;
#2917 = DIRECTION ( 'NONE',  ( 1.000000000000000000, 0.0000000000000000000, 0.0000000000000000000 ) ) ;
#2918 = CARTESIAN_POINT ( 'NONE',  ( 1.665671429377515445, 1.949999999999999734, -0.6215359740174671854 ) ) ;
#2919 = CARTESIAN_POINT ( 'NONE',  ( 0.4677446276369387479, 1.948000000000000398, 0.6220736076875288401 ) ) ;
#2920 = CARTESIAN_POINT ( 'NONE',  ( -2.649999999999999467, 0.0000000000000000000, -2.399999999999999023 ) ) ;
#2921 = CARTESIAN_POINT ( 'NONE',  ( -0.5749999999999995115, 1.947999999999999954, -0.9745317427416221312 ) ) ;
#2922 = ORIENTED_EDGE ( 'NONE', *, *, #2057, .T. ) ;
#2923 = DIRECTION ( 'NONE',  ( 0.0000000000000000000, 0.0000000000000000000, 1.000000000000000000 ) ) ;
#2924 = CARTESIAN_POINT ( 'NONE',  ( 1.672382102816676541, 1.947999999999999732, -0.8136130397050522767 ) ) ;
#2925 = AXIS2_PLACEMENT_3D ( 'NONE', #22, #3883, #4072 ) ;
#2926 = B_SPLINE_CURVE_WITH_KNOTS ( 'NONE', 3,
 ( #3960, #3282, #1502, #422, #2028, #3807, #1321, #2751, #4158, #249, #2393, #4528, #4516, #2014, #978, #1304, #963, #3455, #2738 ),
 .UNSPECIFIED., .F., .F.,
 ( 4, 1, 1, 1, 1, 1, 1, 1, 1, 1, 1, 1, 1, 1, 1, 1, 4 ),
 ( 0.0000000000000000000, 0.07769323114793325047, 0.1516483053744511755, 0.2223150417658225353, 0.2890713582224035960, 0.3538977920489910778, 0.4172777344718924808, 0.4794237294134857108, 0.5415358049520565542, 0.6023362603294810658, 0.6617577617490809638, 0.7201176534871058799, 0.7761313774390098397, 0.8323422728126831371, 0.8880415930466998287, 0.9439706021736669062, 1.000000000000000000 ),
 .UNSPECIFIED. ) ;
#2927 = CARTESIAN_POINT ( 'NONE',  ( -0.02812499999999956007, 1.947999999999864729, -0.2245317427416221590 ) ) ;
#2928 = CARTESIAN_POINT ( 'NONE',  ( 0.4615004472511460287, 1.950000000000000622, 0.6097240041586983184 ) ) ;
#2929 = ORIENTED_EDGE ( 'NONE', *, *, #4255, .T. ) ;
#2930 = CARTESIAN_POINT ( 'NONE',  ( 0.5250000000000003553, 1.948000000000000176, -0.6268754927416221312 ) ) ;
#2931 = CARTESIAN_POINT ( 'NONE',  ( 1.719531249999999289, 1.947999999999999954, -0.8995317427416221756 ) ) ;
#2932 = CARTESIAN_POINT ( 'NONE',  ( -2.849999999999999645, 0.0000000000000000000, -2.599999999999999201 ) ) ;
#2933 = CARTESIAN_POINT ( 'NONE',  ( 1.364453124999999378, 1.949999999999999956, 0.3219526322583777800 ) ) ;
#2934 =( NAMED_UNIT ( * ) SI_UNIT ( $, .STERADIAN. ) SOLID_ANGLE_UNIT ( ) );
#2935 = CARTESIAN_POINT ( 'NONE',  ( 0.5625000000000003331, 1.950000000000000178, 0.6754682572583776690 ) ) ;
#2936 = APPLICATION_CONTEXT ( 'automotive_design' ) ;
#2937 = DIRECTION ( 'NONE',  ( 0.0000000000000000000, 0.0000000000000000000, 1.000000000000000000 ) ) ;
#2938 = DIRECTION ( 'NONE',  ( 0.0000000000000000000, 0.0000000000000000000, 1.000000000000000000 ) ) ;
#2939 = EDGE_CURVE ( 'NONE', #2316, #2487, #2955, .T. ) ;
#2940 = VECTOR ( 'NONE', #405, 1000.000000000000000 ) ;
#2941 = ORIENTED_EDGE ( 'NONE', *, *, #1183, .F. ) ;
#2942 = DIRECTION ( 'NONE',  ( 1.000000000000000000, 0.0000000000000000000, 0.0000000000000000000 ) ) ;
#2943 = CARTESIAN_POINT ( 'NONE',  ( -1.835156249999999600, 1.949999999999999956, 0.1465620072583777578 ) ) ;
#2944 = FACE_OUTER_BOUND ( 'NONE', #986, .T. ) ;
#2945 = CARTESIAN_POINT ( 'NONE',  ( -0.8015624999999995115, 1.947999999999999954, 0.7582807572583777356 ) ) ;
#2946 = CARTESIAN_POINT ( 'NONE',  ( -0.2252046952027900728, 1.947999999999999732, -0.9544306241655254874 ) ) ;
#2947 = CARTESIAN_POINT ( 'NONE',  ( 2.919999999999999485, 0.9000000000000003553, -1.249999999999996669 ) ) ;
#2948 = LINE ( 'NONE', #1447, #1039 ) ;
#2949 =( NAMED_UNIT ( * ) PLANE_ANGLE_UNIT ( ) SI_UNIT ( $, .RADIAN. ) );
#2950 = CARTESIAN_POINT ( 'NONE',  ( 1.267578124999999112, 1.947999999999999954, 0.7754682572583777578 ) ) ;
#2951 = FACE_OUTER_BOUND ( 'NONE', #2263, .T. ) ;
#2952 = CARTESIAN_POINT ( 'NONE',  ( 0.2352009995418146149, 1.948000000000000176, -1.023894410874559346 ) ) ;
#2953 = EDGE_CURVE ( 'NONE', #4456, #1377, #93, .T. ) ;
#2954 = CARTESIAN_POINT ( 'NONE',  ( 2.919999999999999485, 0.9000000000000003553, 1.250000000000001554 ) ) ;
#2955 = LINE ( 'NONE', #243, #198 ) ;
#2956 = LINE ( 'NONE', #3536, #3771 ) ;
#2957 = ORIENTED_EDGE ( 'NONE', *, *, #2953, .F. ) ;
#2958 = FACE_OUTER_BOUND ( 'NONE', #4052, .T. ) ;
#2959 = CARTESIAN_POINT ( 'NONE',  ( -1.242669855802165824, 1.950000000000000178, 0.6452140088189265432 ) ) ;
#2960 = VECTOR ( 'NONE', #2483, 1000.000000000000000 ) ;
#2961 = CARTESIAN_POINT ( 'NONE',  ( 0.9767260809922075904, 1.950000000000000622, -0.7814292547346355366 ) ) ;
#2962 = CARTESIAN_POINT ( 'NONE',  ( -0.4357459951039738821, 1.949999999999999956, -0.9420871314429115628 ) ) ;
#2963 = ORIENTED_EDGE ( 'NONE', *, *, #2693, .T. ) ;
#2964 = ORIENTED_EDGE ( 'NONE', *, *, #1179, .F. ) ;
#2965 = PLANE ( 'NONE',  #4580 ) ;
#2966 = ADVANCED_FACE ( 'NONE', ( #2829 ), #1677, .F. ) ;
#2967 = VECTOR ( 'NONE', #4245, 1000.000000000000000 ) ;
#2968 = ORIENTED_EDGE ( 'NONE', *, *, #1744, .F. ) ;
#2969 = CARTESIAN_POINT ( 'NONE',  ( -1.223437499999999512, 1.947999999999999954, 0.1465620072583777578 ) ) ;
#2970 = DIRECTION ( 'NONE',  ( -1.668003342285391551E-16, 0.0000000000000000000, -1.000000000000000000 ) ) ;
#2971 = LINE ( 'NONE', #759, #2001 ) ;
#2972 =( LENGTH_UNIT ( ) NAMED_UNIT ( * ) SI_UNIT ( .MILLI., .METRE. ) );
#2973 = STYLED_ITEM ( 'NONE', ( #1868 ), #2966 ) ;
#2974 = CARTESIAN_POINT ( 'NONE',  ( -3.069999999999999396, 1.050000000000000266, -1.249999999999997558 ) ) ;
#2975 = UNCERTAINTY_MEASURE_WITH_UNIT (LENGTH_MEASURE( 1.000000000000000082E-05 ), #928, 'distance_accuracy_value', 'NONE');
#2976 = PLANE ( 'NONE',  #1311 ) ;
#2977 = CARTESIAN_POINT ( 'NONE',  ( 0.2247701478301688538, 1.949999999999999956, -0.3161732815756836956 ) ) ;
#2978 = EDGE_CURVE ( 'NONE', #3875, #1054, #2478, .T. ) ;
#2979 = CARTESIAN_POINT ( 'NONE',  ( -1.497656249999999467, 1.947999999999999954, 0.6949995072583777800 ) ) ;
#2980 = VERTEX_POINT ( 'NONE', #971 ) ;
#2981 = ORIENTED_EDGE ( 'NONE', *, *, #3501, .T. ) ;
#2982 = EDGE_CURVE ( 'NONE', #1373, #2752, #3451, .T. ) ;
#2983 = CARTESIAN_POINT ( 'NONE',  ( 0.008579377030565459028, 1.948000000000000176, -0.2254635767086572429 ) ) ;
#2984 = CARTESIAN_POINT ( 'NONE',  ( -0.5071447862218140257, 1.949999999999999956, -0.9743690953102102092 ) ) ;
#2985 =( LENGTH_UNIT ( ) NAMED_UNIT ( * ) SI_UNIT ( .MILLI., .METRE. ) );
#2986 = SURFACE_STYLE_USAGE ( .BOTH. , #3028 ) ;
#2987 = CARTESIAN_POINT ( 'NONE',  ( 1.874999999999999334, 1.947999999999999954, -1.049531742741622198 ) ) ;
#2988 = DIRECTION ( 'NONE',  ( -0.0000000000000000000, 1.000000000000000000, -0.0000000000000000000 ) ) ;
#2989 = ADVANCED_FACE ( 'NONE', ( #597 ), #3483, .T. ) ;
#2990 = VERTEX_POINT ( 'NONE', #2399 ) ;
#2991 = CARTESIAN_POINT ( 'NONE',  ( -0.4249999999999996003, 1.947999999999999954, 0.5922651322583777356 ) ) ;
#2992 = CARTESIAN_POINT ( 'NONE',  ( 1.383650333485077821, 1.948000000000000620, 0.1182445135957468502 ) ) ;
#2993 = CARTESIAN_POINT ( 'NONE',  ( 0.3194796320855440297, 1.948000000000000620, -0.5141088670816679196 ) ) ;
#2994 = DIRECTION ( 'NONE',  ( -0.0000000000000000000, 1.000000000000000000, -0.0000000000000000000 ) ) ;
#2995 = CARTESIAN_POINT ( 'NONE',  ( -0.04843749999999965444, 1.949999999999999956, -0.9745317427416221312 ) ) ;
#2996 = EDGE_CURVE ( 'NONE', #1056, #2123, #4270, .T. ) ;
#2997 = ORIENTED_EDGE ( 'NONE', *, *, #1179, .T. ) ;
#2998 = DIRECTION ( 'NONE',  ( 0.0000000000000000000, 0.0000000000000000000, -1.000000000000000000 ) ) ;
#2999 = DIRECTION ( 'NONE',  ( -0.0000000000000000000, 1.301042606982605321E-16, 1.000000000000000000 ) ) ;
#3000 = CARTESIAN_POINT ( 'NONE',  ( 1.874999999999999334, 1.947999999999999954, -0.9757036177416220646 ) ) ;
#3001 = VECTOR ( 'NONE', #1224, 1000.000000000000000 ) ;
#3002 = LINE ( 'NONE', #4563, #3107 ) ;
#3003 = VERTEX_POINT ( 'NONE', #2786 ) ;
#3004 = EDGE_CURVE ( 'NONE', #1601, #1009, #1544, .T. ) ;
#3005 = AXIS2_PLACEMENT_3D ( 'NONE', #482, #4244, #4629 ) ;
#3006 = PRESENTATION_STYLE_ASSIGNMENT (( #4002 ) ) ;
#3007 = FILL_AREA_STYLE ('',( #2262 ) ) ;
#3008 = ADVANCED_FACE ( 'NONE', ( #2255 ), #3143, .F. ) ;
#3009 = ORIENTED_EDGE ( 'NONE', *, *, #244, .T. ) ;
#3010 = CARTESIAN_POINT ( 'NONE',  ( 0.0000000000000000000, 0.1000000000000000056, 0.0000000000000000000 ) ) ;
#3011 = CIRCLE ( 'NONE', #4469, 0.1499999999999999667 ) ;
#3012 = CARTESIAN_POINT ( 'NONE',  ( 1.138942332136531954, 1.950000000000000178, -0.8971533194955905177 ) ) ;
#3013 = CARTESIAN_POINT ( 'NONE',  ( 1.442533940070729326, 1.948000000000000176, -0.1096469340164602790 ) ) ;
#3014 = VERTEX_POINT ( 'NONE', #4547 ) ;
#3015 = VERTEX_POINT ( 'NONE', #2065 ) ;
#3016 = EDGE_LOOP ( 'NONE', ( #1291, #399, #2838, #2857 ) ) ;
#3017 = LINE ( 'NONE', #2111, #270 ) ;
#3018 = PRESENTATION_LAYER_ASSIGNMENT (  '', '', ( #2771 ) ) ;
#3019 = DIRECTION ( 'NONE',  ( -1.668003342285391304E-16, -6.505213034913019504E-15, -1.000000000000000000 ) ) ;
#3020 = FACE_BOUND ( 'NONE', #1008, .T. ) ;
#3021 = EDGE_LOOP ( 'NONE', ( #2005, #3512, #679, #1247 ) ) ;
#3022 = EDGE_LOOP ( 'NONE', ( #2586, #3345, #1454, #4319 ) ) ;
#3023 = ORIENTED_EDGE ( 'NONE', *, *, #1635, .T. ) ;
#3024 = DIRECTION ( 'NONE',  ( -0.0000000000000000000, 1.000000000000000000, -0.0000000000000000000 ) ) ;
#3025 = FACE_OUTER_BOUND ( 'NONE', #361, .T. ) ;
#3026 = CARTESIAN_POINT ( 'NONE',  ( 1.192187499999999289, 1.947999999999999954, -0.8995317427416221756 ) ) ;
#3027 = DIRECTION ( 'NONE',  ( -0.5350520811843447744, 0.0000000000000000000, 0.8448190755542285268 ) ) ;
#3028 = SURFACE_SIDE_STYLE ('',( #3266 ) ) ;
#3029 = AXIS2_PLACEMENT_3D ( 'NONE', #1138, #3631, #1505 ) ;
#3030 = CARTESIAN_POINT ( 'NONE',  ( 0.4254655263455461300, 1.948000000000000398, -0.9163555938912182341 ) ) ;
#3031 = CARTESIAN_POINT ( 'NONE',  ( -0.9891306249707456644, 1.949999999999999067, 0.6779525925650816687 ) ) ;
#3032 = ADVANCED_FACE ( 'NONE', ( #1319 ), #1716, .F. ) ;
#3033 = VERTEX_POINT ( 'NONE', #4567 ) ;
#3034 =( GEOMETRIC_REPRESENTATION_CONTEXT ( 3 ) GLOBAL_UNCERTAINTY_ASSIGNED_CONTEXT ( ( #3498 ) ) GLOBAL_UNIT_ASSIGNED_CONTEXT ( ( #1849, #1833, #1816 ) ) REPRESENTATION_CONTEXT ( 'NONE', 'WORKASPACE' ) );
#3035 = EDGE_CURVE ( 'NONE', #4101, #473, #2800, .T. ) ;
#3036 = CARTESIAN_POINT ( 'NONE',  ( -0.4251486293465165933, 1.948000000000000176, 0.5988014818056278665 ) ) ;
#3037 = CARTESIAN_POINT ( 'NONE',  ( -0.2364989045390582245, 1.947999999999999954, 0.6434290788040532005 ) ) ;
#3038 = CARTESIAN_POINT ( 'NONE',  ( 0.2344560885791101001, 1.948000000000000176, -0.8772425188400435614 ) ) ;
#3039 = EDGE_CURVE ( 'NONE', #3209, #762, #368, .T. ) ;
#3040 = CARTESIAN_POINT ( 'NONE',  ( -0.4249999999999996003, 1.947999999999999954, 0.5922651322583777356 ) ) ;
#3041 = SURFACE_STYLE_USAGE ( .BOTH. , #3707 ) ;
#3042 = CARTESIAN_POINT ( 'NONE',  ( -0.9891306249707456644, 1.947999999999999066, 0.6779525925650816687 ) ) ;
#3043 = EDGE_LOOP ( 'NONE', ( #1884, #2734, #2260, #3909, #288 ) ) ;
#3044 = DIRECTION ( 'NONE',  ( -8.340016711426957754E-17, -0.0000000000000000000, -1.000000000000000000 ) ) ;
#3045 = CARTESIAN_POINT ( 'NONE',  ( -0.4293327398174165976, 1.949999999999999734, -0.9275160131556430265 ) ) ;
#3046 = CARTESIAN_POINT ( 'NONE',  ( -0.4254282553332949246, 1.950000000000000400, 0.6110987382688288783 ) ) ;
#3047 = CARTESIAN_POINT ( 'NONE',  ( -0.1601562499999996114, 1.949999999999999956, 0.6754682572583776690 ) ) ;
#3048 = FACE_OUTER_BOUND ( 'NONE', #3477, .T. ) ;
#3049 = ADVANCED_FACE ( 'NONE', ( #3113 ), #1208, .T. ) ;
#3050 = VERTEX_POINT ( 'NONE', #672 ) ;
#3051 = AXIS2_PLACEMENT_3D ( 'NONE', #1921, #4420, #2279 ) ;
#3052 = CARTESIAN_POINT ( 'NONE',  ( 1.374879297923864208, 1.947999999999999732, 0.6107551063281213555 ) ) ;
#3053 = EDGE_CURVE ( 'NONE', #3733, #3959, #2136, .T. ) ;
#3054 = PLANE ( 'NONE',  #2912 ) ;
#3055 = CARTESIAN_POINT ( 'NONE',  ( 0.3944059719859957513, 1.949999999999999956, -0.9443987821507850988 ) ) ;
#3056 = CARTESIAN_POINT ( 'NONE',  ( -1.012967947502199983, 1.950000000000001066, 0.6644930313086874207 ) ) ;
#3057 = DIRECTION ( 'NONE',  ( -1.000000000000000000, -0.0000000000000000000, -0.0000000000000000000 ) ) ;
#3058 = CARTESIAN_POINT ( 'NONE',  ( 0.6250000000000003331, 1.947999999999999954, 0.6754682572583776690 ) ) ;
#3059 = CARTESIAN_POINT ( 'NONE',  ( 0.3246938137983297890, 1.949999999999999512, -0.6188145420693685894 ) ) ;
#3060 = LINE ( 'NONE', #3582, #310 ) ;
#3061 = FACE_OUTER_BOUND ( 'NONE', #1094, .T. ) ;
#3062 = PRODUCT_DEFINITION_SHAPE ( 'NONE', 'NONE',  #2630 ) ;
#3063 = VECTOR ( 'NONE', #4119, 1000.000000000000000 ) ;
#3064 = VECTOR ( 'NONE', #2648, 999.9999999999998863 ) ;
#3065 = CARTESIAN_POINT ( 'NONE',  ( -1.260004235965367592, 1.949999999999999512, 0.6645098911116238405 ) ) ;
#3066 = SURFACE_STYLE_USAGE ( .BOTH. , #561 ) ;
#3067 = CARTESIAN_POINT ( 'NONE',  ( 2.840729278764758892, 0.1579500538070878202, -1.249999999999999778 ) ) ;
#3068 = VERTEX_POINT ( 'NONE', #3174 ) ;
#3069 = VECTOR ( 'NONE', #4029, 1000.000000000000000 ) ;
#3070 = CARTESIAN_POINT ( 'NONE',  ( -1.835156249999999600, 1.947999999999999954, 0.1465620072583777578 ) ) ;
#3071 = LINE ( 'NONE', #336, #1274 ) ;
#3072 = ORIENTED_EDGE ( 'NONE', *, *, #3123, .F. ) ;
#3073 = ORIENTED_EDGE ( 'NONE', *, *, #3039, .F. ) ;
#3074 = CARTESIAN_POINT ( 'NONE',  ( -1.012967947502199983, 1.948000000000000842, 0.6644930313086874207 ) ) ;
#3075 = LINE ( 'NONE', #3275, #1167 ) ;
#3076 = VERTEX_POINT ( 'NONE', #2814 ) ;
#3077 = CARTESIAN_POINT ( 'NONE',  ( 3.069999999999999396, 0.9000000000000003553, 1.250000000000001554 ) ) ;
#3079 = ORIENTED_EDGE ( 'NONE', *, *, #1887, .T. ) ;
#3078 = CARTESIAN_POINT ( 'NONE',  ( 1.200521831480332979, 1.950000000000000178, 0.2488750050303991379 ) ) ;
#3080 = CARTESIAN_POINT ( 'NONE',  ( 0.2745603565120058875, 1.949999999999999512, -0.8234040025839414190 ) ) ;
#3081 = VECTOR ( 'NONE', #2158, 1000.000000000000000 ) ;
#3082 = ADVANCED_FACE ( 'NONE', ( #4038 ), #2093, .F. ) ;
#3083 = CARTESIAN_POINT ( 'NONE',  ( 2.719999999999998863, 0.7751668522645223103, 1.250000000000001554 ) ) ;
#3084 = EDGE_CURVE ( 'NONE', #1377, #775, #3598, .T. ) ;
#3085 =( NAMED_UNIT ( * ) SI_UNIT ( $, .STERADIAN. ) SOLID_ANGLE_UNIT ( ) );
#3086 = AXIS2_PLACEMENT_3D ( 'NONE', #2954, #809, #3304 ) ;
#3087 = CARTESIAN_POINT ( 'NONE',  ( 0.3944059719859957513, 1.947999999999999732, -0.9443987821507850988 ) ) ;
#3088 = CARTESIAN_POINT ( 'NONE',  ( -1.032176425851095924, 1.949999999999999512, 0.6454232752828464870 ) ) ;
#3089 = DIRECTION ( 'NONE',  ( 0.0000000000000000000, 0.0000000000000000000, 1.000000000000000000 ) ) ;
#3090 = EDGE_CURVE ( 'NONE', #501, #1009, #4542, .T. ) ;
#3091 = CARTESIAN_POINT ( 'NONE',  ( 1.505524970118025552, 1.949999999999999067, -0.4972286647058513087 ) ) ;
#3092 = DIRECTION ( 'NONE',  ( 0.9256237311734478723, 0.0000000000000000000, -0.3784451192558107024 ) ) ;
#3093 = ORIENTED_EDGE ( 'NONE', *, *, #3784, .F. ) ;
#3094 = CARTESIAN_POINT ( 'NONE',  ( 1.750000000000000888, 0.0000000000000000000, -1.500000000000000222 ) ) ;
#3095 = DIRECTION ( 'NONE',  ( 1.000000000000000000, 0.0000000000000000000, 0.0000000000000000000 ) ) ;
#3096 = DIRECTION ( 'NONE',  ( 1.668003342285391551E-16, 0.0000000000000000000, 1.000000000000000000 ) ) ;
#3097 = ADVANCED_FACE ( 'NONE', ( #2657 ), #700, .F. ) ;
#3098 = CARTESIAN_POINT ( 'NONE',  ( 0.2900816416178475521, 1.949999999999999512, -0.7928036084011842455 ) ) ;
#3099 = CARTESIAN_POINT ( 'NONE',  ( 0.2558968224242945677, 1.947999999999999954, -0.8515432611457186551 ) ) ;
#3100 = CARTESIAN_POINT ( 'NONE',  ( 0.3599253582375005478, 1.950000000000000622, -0.9695633288227186730 ) ) ;
#3101 = FILL_AREA_STYLE_COLOUR ( '', #1240 ) ;
#3102 = CARTESIAN_POINT ( 'NONE',  ( 1.750000000000001110, 0.1000000000000000056, -2.529805069132845323E-16 ) ) ;
#3103 = EDGE_CURVE ( 'NONE', #3366, #648, #4095, .T. ) ;
#3104 = ORIENTED_EDGE ( 'NONE', *, *, #4389, .F. ) ;
#3105 = CARTESIAN_POINT ( 'NONE',  ( -0.2364989045390582245, 1.949999999999999956, 0.6434290788040532005 ) ) ;
#3106 = FACE_OUTER_BOUND ( 'NONE', #3016, .T. ) ;
#3107 = VECTOR ( 'NONE', #4285, 1000.000000000000000 ) ;
#3108 = ORIENTED_EDGE ( 'NONE', *, *, #3890, .F. ) ;
#3109 = FILL_AREA_STYLE ('',( #851 ) ) ;
#3110 = VECTOR ( 'NONE', #2200, 1000.000000000000000 ) ;
#3111 = PRESENTATION_LAYER_ASSIGNMENT (  '', '', ( #2625 ) ) ;
#3112 = DIRECTION ( 'NONE',  ( -0.0000000000000000000, 0.0000000000000000000, -1.000000000000000000 ) ) ;
#3113 = FACE_OUTER_BOUND ( 'NONE', #3145, .T. ) ;
#3114 = DIRECTION ( 'NONE',  ( 1.000000000000000000, 0.0000000000000000000, 0.0000000000000000000 ) ) ;
#3115 =( NAMED_UNIT ( * ) PLANE_ANGLE_UNIT ( ) SI_UNIT ( $, .RADIAN. ) );
#3116 = ADVANCED_FACE ( 'NONE', ( #426 ), #1754, .T. ) ;
#3117 = EDGE_CURVE ( 'NONE', #4501, #1221, #1258, .T. ) ;
#3118 = PRODUCT_RELATED_PRODUCT_CATEGORY ( 'part', '', ( #1622 ) ) ;
#3119 = ORIENTED_EDGE ( 'NONE', *, *, #454, .T. ) ;
#3120 = VERTEX_POINT ( 'NONE', #7 ) ;
#3121 = ORIENTED_EDGE ( 'NONE', *, *, #3167, .T. ) ;
#3122 = VECTOR ( 'NONE', #3192, 1000.000000000000000 ) ;
#3123 = EDGE_CURVE ( 'NONE', #3015, #1804, #3162, .T. ) ;
#3124 = LINE ( 'NONE', #1902, #3935 ) ;
#3125 = EDGE_LOOP ( 'NONE', ( #3093, #2419, #1986, #2547 ) ) ;
#3126 = ORIENTED_EDGE ( 'NONE', *, *, #1457, .T. ) ;
#3127 = VERTEX_POINT ( 'NONE', #3239 ) ;
#3128 = CARTESIAN_POINT ( 'NONE',  ( -0.9080922449963779730, 1.950000000000000178, 0.6946405454482410535 ) ) ;
#3129 = VECTOR ( 'NONE', #1621, 1000.000000000000000 ) ;
#3130 = DIRECTION ( 'NONE',  ( 1.000000000000000000, 0.0000000000000000000, 0.0000000000000000000 ) ) ;
#3131 = CARTESIAN_POINT ( 'NONE',  ( 1.364570048213274100, 1.949999999999999956, 0.3297653346063704749 ) ) ;
#3132 = DIRECTION ( 'NONE',  ( -0.0000000000000000000, 1.000000000000000000, -0.0000000000000000000 ) ) ;
#3133 = CARTESIAN_POINT ( 'NONE',  ( -2.649999999999998579, 0.0000000000000000000, 2.400000000000000799 ) ) ;
#3134 = EDGE_CURVE ( 'NONE', #3603, #1993, #2080, .T. ) ;
#3135 = ORIENTED_EDGE ( 'NONE', *, *, #2013, .T. ) ;
#3136 = ORIENTED_EDGE ( 'NONE', *, *, #2832, .F. ) ;
#3137 = LINE ( 'NONE', #255, #400 ) ;
#3138 = CARTESIAN_POINT ( 'NONE',  ( -0.7699218749999995337, 1.947999999999999954, 0.1465620072583777578 ) ) ;
#3139 = DIRECTION ( 'NONE',  ( -1.000000000000000000, 0.0000000000000000000, 0.0000000000000000000 ) ) ;
#3140 = EDGE_CURVE ( 'NONE', #4446, #4305, #3060, .T. ) ;
#3141 = CARTESIAN_POINT ( 'NONE',  ( 1.374879297923864208, 1.949999999999999734, 0.6107551063281213555 ) ) ;
#3142 = PRESENTATION_LAYER_ASSIGNMENT (  '', '', ( #2660 ) ) ;
#3143 = PLANE ( 'NONE',  #706 ) ;
#3144 = ORIENTED_EDGE ( 'NONE', *, *, #4556, .F. ) ;
#3145 = EDGE_LOOP ( 'NONE', ( #2378, #3777, #2527, #3023 ) ) ;
#3146 = CARTESIAN_POINT ( 'NONE',  ( 0.02226562500000036499, 1.949999999999999956, -1.049531742741622198 ) ) ;
#3147 = CARTESIAN_POINT ( 'NONE',  ( 0.3194796320855440297, 1.950000000000000844, -0.5141088670816679196 ) ) ;
#3148 = DIRECTION ( 'NONE',  ( -1.000000000000000000, 0.0000000000000000000, 0.0000000000000000000 ) ) ;
#3149 = VERTEX_POINT ( 'NONE', #2154 ) ;
#3150 = CARTESIAN_POINT ( 'NONE',  ( 0.3944059719859957513, 1.947999999999999732, -0.9443987821507850988 ) ) ;
#3151 = B_SPLINE_CURVE_WITH_KNOTS ( 'NONE', 3,
 ( #3740, #908, #4090, #1957, #4459, #2309, #182, #2686, #547, #3052, #920 ),
 .UNSPECIFIED., .F., .F.,
 ( 4, 1, 1, 1, 1, 1, 1, 1, 4 ),
 ( 0.0000000000000000000, 0.07657827510164968987, 0.1684948859829596413, 0.2745363855408012310, 0.3972836525223302773, 0.5314956114491780070, 0.6771139892124806714, 0.8328224455333890219, 1.000000000000000000 ),
 .UNSPECIFIED. ) ;
#3152 = VECTOR ( 'NONE', #2587, 1000.000000000000000 ) ;
#3153 = VERTEX_POINT ( 'NONE', #2517 ) ;
#3154 = DIRECTION ( 'NONE',  ( 1.445602896647339163E-16, 0.0000000000000000000, 1.000000000000000000 ) ) ;
#3155 = CARTESIAN_POINT ( 'NONE',  ( 1.369675063002790072, 1.949999999999999512, 0.4446003410568046821 ) ) ;
#3156 = AXIS2_PLACEMENT_3D ( 'NONE', #2621, #1479, #2353 ) ;
#3157 = CARTESIAN_POINT ( 'NONE',  ( 2.749999999999999556, 0.1000000000000000056, 1.250000000000000222 ) ) ;
#3158 = CARTESIAN_POINT ( 'NONE',  ( -1.835156249999999600, 1.947999999999999954, 0.1465620072583777578 ) ) ;
#3159 = UNCERTAINTY_MEASURE_WITH_UNIT (LENGTH_MEASURE( 1.000000000000000082E-05 ), #5, 'distance_accuracy_value', 'NONE');
#3160 = EDGE_LOOP ( 'NONE', ( #1823, #2385, #886, #4581 ) ) ;
#3161 = CARTESIAN_POINT ( 'NONE',  ( -0.2116851755590709316, 1.947999999999999954, 0.6643699725225820085 ) ) ;
#3162 = LINE ( 'NONE', #2135, #3976 ) ;
#3163 = VECTOR ( 'NONE', #752, 1000.000000000000000 ) ;
#3164 = AXIS2_PLACEMENT_3D ( 'NONE', #1395, #2074, #2089 ) ;
#3165 = LINE ( 'NONE', #3356, #316 ) ;
#3166 = AXIS2_PLACEMENT_3D ( 'NONE', #153, #515, #3027 ) ;
#3167 = EDGE_CURVE ( 'NONE', #1671, #3076, #343, .T. ) ;
#3168 = LINE ( 'NONE', #169, #2085 ) ;
#3169 = CARTESIAN_POINT ( 'NONE',  ( 1.336438633232539086, 1.950000000000000622, 0.7586343357099468721 ) ) ;
#3170 = ORIENTED_EDGE ( 'NONE', *, *, #1643, .T. ) ;
#3171 = ORIENTED_EDGE ( 'NONE', *, *, #4384, .T. ) ;
#3172 = LINE ( 'NONE', #2238, #4333 ) ;
#3173 = CARTESIAN_POINT ( 'NONE',  ( -0.5148437499999997113, 1.949999999999999956, -0.9745317427416221312 ) ) ;
#3174 = CARTESIAN_POINT ( 'NONE',  ( -2.849999999999999645, 1.949999999999999956, -2.399999999999999023 ) ) ;
#3175 = VECTOR ( 'NONE', #3481, 1000.000000000000000 ) ;
#3176 = ORIENTED_EDGE ( 'NONE', *, *, #2134, .F. ) ;
#3177 = ORIENTED_EDGE ( 'NONE', *, *, #4615, .T. ) ;
#3178 = STYLED_ITEM ( 'NONE', ( #2025 ), #1909 ) ;
#3179 = VECTOR ( 'NONE', #1469, 1000.000000000000000 ) ;
#3180 = ORIENTED_EDGE ( 'NONE', *, *, #3222, .F. ) ;
#3181 = ORIENTED_EDGE ( 'NONE', *, *, #301, .F. ) ;
#3182 = VECTOR ( 'NONE', #3203, 1000.000000000000000 ) ;
#3183 = DIRECTION ( 'NONE',  ( -0.0000000000000000000, 1.000000000000000000, -0.0000000000000000000 ) ) ;
#3184 = EDGE_CURVE ( 'NONE', #2098, #432, #3862, .T. ) ;
#3185 = CARTESIAN_POINT ( 'NONE',  ( -0.2499999999999996392, 1.949999999999999956, -0.1495317427416221756 ) ) ;
#3186 = ORIENTED_EDGE ( 'NONE', *, *, #4234, .F. ) ;
#3187 = B_SPLINE_CURVE_WITH_KNOTS ( 'NONE', 3,
 ( #843, #3318, #1901, #4403 ),
 .UNSPECIFIED., .F., .F.,
 ( 4, 4 ),
 ( 0.0000000000000000000, 1.000000000000000000 ),
 .UNSPECIFIED. ) ;
#3188 = DIRECTION ( 'NONE',  ( 0.0000000000000000000, 0.0000000000000000000, 1.000000000000000000 ) ) ;
#3189 = DIRECTION ( 'NONE',  ( 0.9861798660721001752, 0.0000000000000000000, 0.1656782175001126067 ) ) ;
#3190 =( NAMED_UNIT ( * ) SI_UNIT ( $, .STERADIAN. ) SOLID_ANGLE_UNIT ( ) );
#3191 = ORIENTED_EDGE ( 'NONE', *, *, #2159, .T. ) ;
#3192 = DIRECTION ( 'NONE',  ( 0.0000000000000000000, -1.000000000000000000, 0.0000000000000000000 ) ) ;
#3193 = VECTOR ( 'NONE', #2460, 1000.000000000000000 ) ;
#3194 = PRESENTATION_LAYER_ASSIGNMENT (  '', '', ( #2973 ) ) ;
#3195 = EDGE_CURVE ( 'NONE', #1746, #1406, #194, .T. ) ;
#3196 = VERTEX_POINT ( 'NONE', #4346 ) ;
#3197 = CARTESIAN_POINT ( 'NONE',  ( -0.09999999999999961697, 1.949999999999999956, 0.6754682572583776690 ) ) ;
#3198 = CARTESIAN_POINT ( 'NONE',  ( -0.2499999999999996392, 1.949999999999999956, -0.8925004927416221312 ) ) ;
#3199 =( NAMED_UNIT ( * ) PLANE_ANGLE_UNIT ( ) SI_UNIT ( $, .RADIAN. ) );
#3200 = EDGE_CURVE ( 'NONE', #762, #222, #2948, .T. ) ;
#3201 = EDGE_LOOP ( 'NONE', ( #1892, #3382, #1063, #4408, #900, #2214, #1100, #3970 ) ) ;
#3202 = DIRECTION ( 'NONE',  ( -1.000000000000000000, 0.0000000000000000000, 0.0000000000000000000 ) ) ;
#3203 = DIRECTION ( 'NONE',  ( 0.0000000000000000000, 1.301042606982606307E-16, 1.000000000000000000 ) ) ;
#3204 = CARTESIAN_POINT ( 'NONE',  ( -0.4294963531475908813, 1.947999999999999954, 0.6282631438194086204 ) ) ;
#3205 = ORIENTED_EDGE ( 'NONE', *, *, #4538, .F. ) ;
#3206 = CARTESIAN_POINT ( 'NONE',  ( -0.2445169274703949402, 1.947999999999999954, -0.9282540689507877696 ) ) ;
#3207 = LINE ( 'NONE', #4063, #1309 ) ;
#3208 = VECTOR ( 'NONE', #2812, 1000.000000000000000 ) ;
#3209 = VERTEX_POINT ( 'NONE', #805 ) ;
#3210 = VERTEX_POINT ( 'NONE', #1153 ) ;
#3211 = CARTESIAN_POINT ( 'NONE',  ( -0.4928002481409974878, 1.948000000000000176, 0.6750027418934115842 ) ) ;
#3212 = CARTESIAN_POINT ( 'NONE',  ( -1.054687499999999556, 1.947999999999999954, 0.1465620072583777578 ) ) ;
#3213 = LINE ( 'NONE', #2622, #1317 ) ;
#3214 = CARTESIAN_POINT ( 'NONE',  ( 1.750000000000001332, 0.1000000000000000056, 1.500000000000000000 ) ) ;
#3215 = FACE_OUTER_BOUND ( 'NONE', #382, .T. ) ;
#3216 = CARTESIAN_POINT ( 'NONE',  ( 0.008579377030565459028, 1.947999999999864951, -0.2254635767086572429 ) ) ;
#3217 = DIRECTION ( 'NONE',  ( -0.0000000000000000000, 1.000000000000000000, -0.0000000000000000000 ) ) ;
#3218 = DIRECTION ( 'NONE',  ( -1.000000000000000000, 0.0000000000000000000, 0.0000000000000000000 ) ) ;
#3219 = VECTOR ( 'NONE', #4577, 1000.000000000000000 ) ;
#3220 = CARTESIAN_POINT ( 'NONE',  ( 0.5625000000000003331, 1.947999999999999954, 0.6754682572583776690 ) ) ;
#3221 = CARTESIAN_POINT ( 'NONE',  ( 0.4969928531847354614, 1.947999999999999954, -0.4395073983204638157 ) ) ;
#3222 = EDGE_CURVE ( 'NONE', #2375, #3366, #2822, .T. ) ;
#3223 = CARTESIAN_POINT ( 'NONE',  ( 0.2801295655505388060, 1.950000000000000400, -1.008936217610774122 ) ) ;
#3224 = ORIENTED_EDGE ( 'NONE', *, *, #4389, .T. ) ;
#3225 = ORIENTED_EDGE ( 'NONE', *, *, #413, .F. ) ;
#3226 = VECTOR ( 'NONE', #907, 1000.000000000000000 ) ;
#3227 = EDGE_LOOP ( 'NONE', ( #1593, #1156, #3605, #3537 ) ) ;
#3228 = VECTOR ( 'NONE', #646, 1000.000000000000000 ) ;
#3229 = EDGE_CURVE ( 'NONE', #4456, #526, #87, .T. ) ;
#3230 = CARTESIAN_POINT ( 'NONE',  ( 1.172105324500678947, 1.950000000000000400, 0.3794453557049608516 ) ) ;
#3231 = AXIS2_PLACEMENT_3D ( 'NONE', #2299, #4486, #4473 ) ;
#3232 = FACE_OUTER_BOUND ( 'NONE', #34, .T. ) ;
#3233 = CARTESIAN_POINT ( 'NONE',  ( -1.749999999999999556, 0.1000000000000000056, -1.499999999999999778 ) ) ;
#3234 = EDGE_LOOP ( 'NONE', ( #3406, #1526, #645, #4104, #1931, #1851, #1997, #3505 ) ) ;
#3235 = EDGE_LOOP ( 'NONE', ( #3928, #4047, #494, #3832 ) ) ;
#3236 = DIRECTION ( 'NONE',  ( -1.000000000000000000, 0.0000000000000000000, 0.0000000000000000000 ) ) ;
#3237 = CARTESIAN_POINT ( 'NONE',  ( -1.969999999999998641, -0.09999999999999958922, 1.250000000000000444 ) ) ;
#3238 = PLANE ( 'NONE',  #4147 ) ;
#3239 = CARTESIAN_POINT ( 'NONE',  ( -0.5749999999999995115, 1.949999999999999956, 0.6754682572583776690 ) ) ;
#3240 = VECTOR ( 'NONE', #3751, 1000.000000000000000 ) ;
#3241 = FILL_AREA_STYLE ('',( #3270 ) ) ;
#3242 = CARTESIAN_POINT ( 'NONE',  ( -0.04843749999999965444, 1.947999999999999954, -0.9745317427416221312 ) ) ;
#3243 = CARTESIAN_POINT ( 'NONE',  ( 1.267578124999999112, 1.949999999999999956, 0.7754682572583777578 ) ) ;
#3244 = CARTESIAN_POINT ( 'NONE',  ( 0.1457031250000003497, 1.948000000000000176, -0.1620317427416222422 ) ) ;
#3245 = CARTESIAN_POINT ( 'NONE',  ( 1.283868122263189138, 1.947999999999999066, -0.01970096054249076759 ) ) ;
#3246 = MECHANICAL_DESIGN_GEOMETRIC_PRESENTATION_REPRESENTATION (  '', ( #2771 ), #3482 ) ;
#3247 = CARTESIAN_POINT ( 'NONE',  ( -0.2499999999999996392, 1.947999999999999954, -0.8925004927416221312 ) ) ;
#3248 = VERTEX_POINT ( 'NONE', #4001 ) ;
#3249 = CARTESIAN_POINT ( 'NONE',  ( 1.151171603331794691, 1.947999999999999732, 0.5530186709567129766 ) ) ;
#3250 = DIRECTION ( 'NONE',  ( 1.734723475976806848E-16, 1.301042606982606307E-16, 1.000000000000000000 ) ) ;
#3251 = FACE_OUTER_BOUND ( 'NONE', #2889, .T. ) ;
#3252 = DIRECTION ( 'NONE',  ( -0.0000000000000000000, 1.000000000000000000, -0.0000000000000000000 ) ) ;
#3253 = DIRECTION ( 'NONE',  ( 0.0000000000000000000, 1.301042606982605321E-16, 1.000000000000000000 ) ) ;
#3254 = DIRECTION ( 'NONE',  ( -0.0000000000000000000, 1.000000000000000000, -0.0000000000000000000 ) ) ;
#3255 = CARTESIAN_POINT ( 'NONE',  ( 0.9238281249999993339, 1.949999999999999956, -1.049531742741622198 ) ) ;
#3256 = STYLED_ITEM ( 'NONE', ( #3006 ), #3374 ) ;
#3257 = CARTESIAN_POINT ( 'NONE',  ( -0.4356304498590484187, 1.948000000000000176, 0.6429437640815790500 ) ) ;
#3258 = VERTEX_POINT ( 'NONE', #2588 ) ;
#3259 = CARTESIAN_POINT ( 'NONE',  ( 1.435979929817733147, 1.949999999999999734, -0.3585567632024709850 ) ) ;
#3260 = CARTESIAN_POINT ( 'NONE',  ( -0.2497314087362719204, 1.949999999999999512, -0.8989123828167355779 ) ) ;
#3261 = ORIENTED_EDGE ( 'NONE', *, *, #3387, .F. ) ;
#3262 = CARTESIAN_POINT ( 'NONE',  ( -2.749999999999999556, 0.1000000000000000056, 4.587009191284825162E-16 ) ) ;
#3263 = EDGE_CURVE ( 'NONE', #45, #1062, #940, .T. ) ;
#3264 = CARTESIAN_POINT ( 'NONE',  ( 1.349686752820357771, 1.948000000000000398, -0.1744825352876065439 ) ) ;
#3265 = CARTESIAN_POINT ( 'NONE',  ( -2.919999999999999485, 0.9000000000000003553, 3.669607353027861066E-17 ) ) ;
#3266 = SURFACE_STYLE_FILL_AREA ( #3241 ) ;
#3267 = CARTESIAN_POINT ( 'NONE',  ( 1.578305817086715024, 1.950000000000000178, -0.4473171028523493242 ) ) ;
#3268 = FACE_OUTER_BOUND ( 'NONE', #248, .T. ) ;
#3269 = EDGE_LOOP ( 'NONE', ( #2673, #804, #414, #4186 ) ) ;
#3270 = FILL_AREA_STYLE_COLOUR ( '', #2413 ) ;
#3271 = CARTESIAN_POINT ( 'NONE',  ( 0.4799545405733309233, 1.947999999999999954, 0.6374637870988865140 ) ) ;
#3272 = DIRECTION ( 'NONE',  ( 0.0000000000000000000, 0.0000000000000000000, 1.000000000000000000 ) ) ;
#3273 = EDGE_CURVE ( 'NONE', #526, #1312, #2193, .T. ) ;
#3274 = FACE_OUTER_BOUND ( 'NONE', #1721, .T. ) ;
#3275 = CARTESIAN_POINT ( 'NONE',  ( 2.750000000000000888, 0.1000000000000000056, -2.293504595642413567E-16 ) ) ;
#3276 = CARTESIAN_POINT ( 'NONE',  ( 1.703608276568245206, 1.948000000000000176, -0.8705157094203244128 ) ) ;
#3277 = VECTOR ( 'NONE', #27, 1000.000000000000000 ) ;
#3278 = B_SPLINE_CURVE_WITH_KNOTS ( 'NONE', 3,
 ( #3350, #4040, #2267, #136, #2634, #2918, #776, #3267, #1127, #3620, #1484, #3962, #1832, #4330, #2184, #62, #2562, #425, #2933 ),
 .UNSPECIFIED., .F., .F.,
 ( 4, 1, 1, 1, 1, 1, 1, 1, 1, 1, 1, 1, 1, 1, 1, 1, 4 ),
 ( 0.0000000000000000000, 0.07504821523037906450, 0.1486039369177886149, 0.2211717323084692599, 0.2920393210481821988, 0.3618842625667061941, 0.4301196306127530455, 0.4975360869343311565, 0.5636695384675781684, 0.6277398200506122405, 0.6889461195084187750, 0.7471061688603596318, 0.8025769415166145171, 0.8557393062067339962, 0.9061777337425384049, 0.9540073152136169243, 1.000000000000000000 ),
 .UNSPECIFIED. ) ;
#3279 = CARTESIAN_POINT ( 'NONE',  ( 1.192187499999999289, 1.947999999999999954, -0.8995317427416221756 ) ) ;
#3280 = CARTESIAN_POINT ( 'NONE',  ( 0.4582031250000002665, 1.949999999999999956, 0.6032026322583777800 ) ) ;
#3281 = LINE ( 'NONE', #519, #1370 ) ;
#3282 = CARTESIAN_POINT ( 'NONE',  ( 0.5246168393933288154, 1.950000000000000178, -0.6098026600568194899 ) ) ;
#3283 = CARTESIAN_POINT ( 'NONE',  ( -0.4249999999999996003, 1.947999999999999954, -0.8913286177416221978 ) ) ;
#3284 = PLANE ( 'NONE',  #3029 ) ;
#3285 = ORIENTED_EDGE ( 'NONE', *, *, #4013, .F. ) ;
#3286 = ORIENTED_EDGE ( 'NONE', *, *, #2002, .T. ) ;
#3287 = LINE ( 'NONE', #462, #1374 ) ;
#3288 = CARTESIAN_POINT ( 'NONE',  ( 1.874999999999999334, 1.949999999999999956, -1.049531742741622198 ) ) ;
#3289 = CARTESIAN_POINT ( 'NONE',  ( 1.374999999999999334, 1.947999999999999954, 0.6278120072583777134 ) ) ;
#3290 = SURFACE_SIDE_STYLE ('',( #1210 ) ) ;
#3291 = PLANE ( 'NONE',  #3320 ) ;
#3292 = LINE ( 'NONE', #4531, #3175 ) ;
#3293 = EDGE_CURVE ( 'NONE', #398, #4437, #1978, .T. ) ;
#3294 = ORIENTED_EDGE ( 'NONE', *, *, #3602, .F. ) ;
#3295 = ORIENTED_EDGE ( 'NONE', *, *, #4417, .T. ) ;
#3296 = VECTOR ( 'NONE', #1703, 1000.000000000000000 ) ;
#3297 = ORIENTED_EDGE ( 'NONE', *, *, #1155, .F. ) ;
#3298 = FACE_OUTER_BOUND ( 'NONE', #2600, .T. ) ;
#3299 = CARTESIAN_POINT ( 'NONE',  ( 1.173987005368898551, 1.947999999999999954, -0.8987187397733361616 ) ) ;
#3300 = CARTESIAN_POINT ( 'NONE',  ( 1.750000000000001110, 0.0000000000000000000, -2.529805069132845323E-16 ) ) ;
#3301 = DIRECTION ( 'NONE',  ( 0.0000000000000000000, -1.000000000000000000, 5.782411586589358033E-15 ) ) ;
#3302 = CARTESIAN_POINT ( 'NONE',  ( -2.749999999999999556, 0.1000000000000001027, -1.249999999999999556 ) ) ;
#3303 = UNCERTAINTY_MEASURE_WITH_UNIT (LENGTH_MEASURE( 1.000000000000000082E-05 ), #1211, 'distance_accuracy_value', 'NONE');
#3304 = DIRECTION ( 'NONE',  ( 1.000000000000000000, 0.0000000000000000000, 0.0000000000000000000 ) ) ;
#3305 = ORIENTED_EDGE ( 'NONE', *, *, #3474, .F. ) ;
#3306 = ADVANCED_FACE ( 'NONE', ( #4490 ), #1882, .T. ) ;
#3307 = CARTESIAN_POINT ( 'NONE',  ( 0.4746657881453365535, 1.949999999999999512, -0.8496761329339874713 ) ) ;
#3308 = VECTOR ( 'NONE', #165, 1000.000000000000000 ) ;
#3309 = CARTESIAN_POINT ( 'NONE',  ( -1.224456719352574607, 1.950000000000000178, 0.5908455148654870870 ) ) ;
#3310 = CARTESIAN_POINT ( 'NONE',  ( 0.9498459728461871032, 1.949999999999999956, -0.7292685140513546216 ) ) ;
#3311 = CARTESIAN_POINT ( 'NONE',  ( -0.5148437499999997113, 1.947999999999999954, -0.9745317427416221312 ) ) ;
#3312 = CARTESIAN_POINT ( 'NONE',  ( -0.2499999999999996392, 1.947999999999999954, -0.8925004927416221312 ) ) ;
#3313 = ORIENTED_EDGE ( 'NONE', *, *, #4074, .F. ) ;
#3314 = DIRECTION ( 'NONE',  ( 0.0000000000000000000, -1.000000000000000000, 0.0000000000000000000 ) ) ;
#3315 = CARTESIAN_POINT ( 'NONE',  ( -0.8015624999999995115, 1.947999999999999954, 0.6949995072583777800 ) ) ;
#3316 = EDGE_CURVE ( 'NONE', #3033, #3258, #4155, .T. ) ;
#3317 = CARTESIAN_POINT ( 'NONE',  ( 0.5323359256960067398, 1.947999999999999510, 0.6732254597942600727 ) ) ;
#3318 = CARTESIAN_POINT ( 'NONE',  ( -2.822824021295208485, 0.1193166846023626798, -1.249999999999991562 ) ) ;
#3319 = CARTESIAN_POINT ( 'NONE',  ( 0.2692171369306596840, 1.949999999999999512, -0.3692072256085413562 ) ) ;
#3320 = AXIS2_PLACEMENT_3D ( 'NONE', #1143, #1511, #3982 ) ;
#3321 = DIRECTION ( 'NONE',  ( -0.0000000000000000000, 1.000000000000000000, -0.0000000000000000000 ) ) ;
#3322 = EDGE_CURVE ( 'NONE', #788, #612, #3213, .T. ) ;
#3323 = ORIENTED_EDGE ( 'NONE', *, *, #325, .T. ) ;
#3324 = PRESENTATION_LAYER_ASSIGNMENT (  '', '', ( #2602 ) ) ;
#3325 = ORIENTED_EDGE ( 'NONE', *, *, #2114, .F. ) ;
#3326 = CARTESIAN_POINT ( 'NONE',  ( 0.07843012289270923088, 1.947999999999999954, -0.2367657188206809815 ) ) ;
#3327 = CARTESIAN_POINT ( 'NONE',  ( -0.5148437499999997113, 1.949999999999999956, -0.9745317427416221312 ) ) ;
#3328 = VECTOR ( 'NONE', #2720, 1000.000000000000000 ) ;
#3329 = VECTOR ( 'NONE', #4136, 1000.000000000000000 ) ;
#3330 = ADVANCED_FACE ( 'NONE', ( #366 ), #4398, .T. ) ;
#3331 = EDGE_LOOP ( 'NONE', ( #1372, #1390, #875, #1165 ) ) ;
#3332 = ORIENTED_EDGE ( 'NONE', *, *, #1818, .T. ) ;
#3333 =( NAMED_UNIT ( * ) SI_UNIT ( $, .STERADIAN. ) SOLID_ANGLE_UNIT ( ) );
#3334 = DIRECTION ( 'NONE',  ( 0.0000000000000000000, 0.0000000000000000000, 1.000000000000000000 ) ) ;
#3335 = CARTESIAN_POINT ( 'NONE',  ( -1.160156249999999556, 1.949999999999999956, -1.066328617741622020 ) ) ;
#3336 = FACE_OUTER_BOUND ( 'NONE', #3575, .T. ) ;
#3337 = CARTESIAN_POINT ( 'NONE',  ( -2.919999999999999485, -0.09999999999999990841, -1.249999999999999556 ) ) ;
#3338 = VECTOR ( 'NONE', #3132, 1000.000000000000000 ) ;
#3339 = CARTESIAN_POINT ( 'NONE',  ( 0.5175970989313561921, 1.949999999999999512, -0.7252967746065368537 ) ) ;
#3340 = EDGE_CURVE ( 'NONE', #612, #4305, #3278, .T. ) ;
#3341 = VECTOR ( 'NONE', #4100, 1000.000000000000000 ) ;
#3342 = VECTOR ( 'NONE', #1117, 1000.000000000000000 ) ;
#3343 = CARTESIAN_POINT ( 'NONE',  ( 0.3247170974319848469, 1.947999999999999954, -0.5888430404879786417 ) ) ;
#3344 = ORIENTED_EDGE ( 'NONE', *, *, #810, .F. ) ;
#3345 = ORIENTED_EDGE ( 'NONE', *, *, #813, .F. ) ;
#3346 = FACE_OUTER_BOUND ( 'NONE', #2292, .T. ) ;
#3347 = CARTESIAN_POINT ( 'NONE',  ( -0.2497314087362719204, 1.947999999999999510, -0.8989123828167355779 ) ) ;
#3348 = ORIENTED_EDGE ( 'NONE', *, *, #3035, .F. ) ;
#3349 = LINE ( 'NONE', #70, #2379 ) ;
#3350 = CARTESIAN_POINT ( 'NONE',  ( 1.874999999999999334, 1.949999999999999956, -0.9757036177416220646 ) ) ;
#3351 = EDGE_LOOP ( 'NONE', ( #4590, #4512, #4219, #3205 ) ) ;
#3352 = ORIENTED_EDGE ( 'NONE', *, *, #2790, .T. ) ;
#3353 = CARTESIAN_POINT ( 'NONE',  ( 0.3247170974319848469, 1.947999999999864729, -0.5888430404879786417 ) ) ;
#3354 = MECHANICAL_DESIGN_GEOMETRIC_PRESENTATION_REPRESENTATION (  '', ( #2625 ), #3576 ) ;
#3355 = DIRECTION ( 'NONE',  ( 1.668003342285391551E-16, -1.301042606982606307E-16, -1.000000000000000000 ) ) ;
#3356 = CARTESIAN_POINT ( 'NONE',  ( -2.849999999999998757, 1.949999999999999956, 2.600000000000000533 ) ) ;
#3357 = LINE ( 'NONE', #3723, #4406 ) ;
#3358 = ADVANCED_FACE ( 'NONE', ( #481 ), #3284, .T. ) ;
#3359 = DIRECTION ( 'NONE',  ( -0.0000000000000000000, 1.000000000000000000, -0.0000000000000000000 ) ) ;
#3360 = CARTESIAN_POINT ( 'NONE',  ( -2.869999999999998774, 0.1000000000000004774, 1.250000000000000444 ) ) ;
#3361 = EDGE_CURVE ( 'NONE', #2638, #3951, #2130, .T. ) ;
#3362 = CARTESIAN_POINT ( 'NONE',  ( -0.4249999999999996003, 1.947999999999999954, 0.5922651322583777356 ) ) ;
#3363 = SURFACE_STYLE_USAGE ( .BOTH. , #866 ) ;
#3364 = DIRECTION ( 'NONE',  ( 0.0000000000000000000, 0.0000000000000000000, 1.000000000000000000 ) ) ;
#3365 = EDGE_CURVE ( 'NONE', #3149, #2053, #2248, .T. ) ;
#3366 = VERTEX_POINT ( 'NONE', #2575 ) ;
#3367 = CARTESIAN_POINT ( 'NONE',  ( 0.3247170974319848469, 1.949999999999999956, -0.5888430404879786417 ) ) ;
#3368 = CARTESIAN_POINT ( 'NONE',  ( -1.032176425851095924, 1.947999999999999510, 0.6454232752828464870 ) ) ;
#3369 = CARTESIAN_POINT ( 'NONE',  ( 1.045593357294463788, 1.949999999999999289, -0.8587978328277726670 ) ) ;
#3370 = CARTESIAN_POINT ( 'NONE',  ( 1.398853443144161712, 1.947999999999999954, 0.04497125316744850221 ) ) ;
#3371 = ORIENTED_EDGE ( 'NONE', *, *, #3184, .F. ) ;
#3372 = CARTESIAN_POINT ( 'NONE',  ( -0.4569655818528419178, 1.948000000000000398, 0.6647134354954489233 ) ) ;
#3373 = CARTESIAN_POINT ( 'NONE',  ( 0.4582031250000002665, 1.947999999999999954, 0.6032026322583777800 ) ) ;
#3374 = ADVANCED_FACE ( 'NONE', ( #1204, #258 ), #1848, .F. ) ;
#3375 = CARTESIAN_POINT ( 'NONE',  ( -0.2492189200522903214, 1.950000000000000178, -0.9111466642331318422 ) ) ;
#3376 = EDGE_CURVE ( 'NONE', #149, #2980, #2650, .T. ) ;
#3377 = ORIENTED_EDGE ( 'NONE', *, *, #1068, .F. ) ;
#3378 = CARTESIAN_POINT ( 'NONE',  ( 0.3250000000000003997, 1.947999999999864729, -0.6046098677416221756 ) ) ;
#3379 = CARTESIAN_POINT ( 'NONE',  ( 0.3599253582375005478, 1.948000000000000398, -0.9695633288227186730 ) ) ;
#3380 = CARTESIAN_POINT ( 'NONE',  ( -1.045560817901287631, 1.950000000000000178, 0.6207605584716456848 ) ) ;
#3382 = ORIENTED_EDGE ( 'NONE', *, *, #1906, .T. ) ;
#3381 = CARTESIAN_POINT ( 'NONE',  ( -2.649999999999998579, 1.949999999999999956, 2.600000000000000533 ) ) ;
#3383 = CARTESIAN_POINT ( 'NONE',  ( 2.869999999999998774, 0.7751668522645223103, 1.250000000000000444 ) ) ;
#3384 = LINE ( 'NONE', #3288, #1583 ) ;
#3385 = LINE ( 'NONE', #2396, #3486 ) ;
#3386 = VERTEX_POINT ( 'NONE', #4011 ) ;
#3387 = EDGE_CURVE ( 'NONE', #2435, #3210, #760, .T. ) ;
#3388 = MECHANICAL_DESIGN_GEOMETRIC_PRESENTATION_REPRESENTATION (  '', ( #2660 ), #3611 ) ;
#3389 = PRESENTATION_STYLE_ASSIGNMENT (( #1434 ) ) ;
#3390 = CARTESIAN_POINT ( 'NONE',  ( -0.5148437499999997113, 1.949999999999999956, 0.6754682572583776690 ) ) ;
#3391 = CARTESIAN_POINT ( 'NONE',  ( -0.2253892730022856450, 1.948000000000000176, 0.6552401202747987208 ) ) ;
#3392 = DIRECTION ( 'NONE',  ( 1.971276677246371765E-16, 0.0000000000000000000, -1.000000000000000000 ) ) ;
#3393 = LINE ( 'NONE', #3926, #2424 ) ;
#3394 = VECTOR ( 'NONE', #1594, 1000.000000000000000 ) ;
#3395 = CARTESIAN_POINT ( 'NONE',  ( 0.3217578726517183463, 1.949999999999999956, -0.9911216087668826002 ) ) ;
#3396 = CARTESIAN_POINT ( 'NONE',  ( -1.045560817901287631, 1.948000000000000176, 0.6207605584716456848 ) ) ;
#3397 = CARTESIAN_POINT ( 'NONE',  ( -0.4444078632343570479, 1.950000000000000178, -0.9544279157223143351 ) ) ;
#3398 = ORIENTED_EDGE ( 'NONE', *, *, #1689, .T. ) ;
#3399 = ORIENTED_EDGE ( 'NONE', *, *, #929, .F. ) ;
#3400 = ADVANCED_FACE ( 'NONE', ( #3489 ), #2236, .T. ) ;
#3401 = ORIENTED_EDGE ( 'NONE', *, *, #3873, .T. ) ;
#3402 = VECTOR ( 'NONE', #4365, 1000.000000000000000 ) ;
#3403 = STYLED_ITEM ( 'NONE', ( #1597 ), #613 ) ;
#3404 = LINE ( 'NONE', #619, #1495 ) ;
#3405 = ORIENTED_EDGE ( 'NONE', *, *, #1580, .F. ) ;
#3406 = ORIENTED_EDGE ( 'NONE', *, *, #1170, .T. ) ;
#3407 = LINE ( 'NONE', #2762, #1500 ) ;
#3408 = ORIENTED_EDGE ( 'NONE', *, *, #154, .F. ) ;
#3409 = CARTESIAN_POINT ( 'NONE',  ( -2.869999999999999218, 0.2469693845669906629, -1.249999999999999778 ) ) ;
#3410 = LINE ( 'NONE', #3971, #789 ) ;
#3411 = CARTESIAN_POINT ( 'NONE',  ( -0.8964843749999994449, 1.947999999999999954, 0.6949995072583777800 ) ) ;
#3412 = CARTESIAN_POINT ( 'NONE',  ( 0.5625000000000003331, 1.949999999999999956, 0.6754682572583776690 ) ) ;
#3413 = CARTESIAN_POINT ( 'NONE',  ( 0.3217578726517183463, 1.947999999999999732, -0.9911216087668826002 ) ) ;
#3414 = CARTESIAN_POINT ( 'NONE',  ( -1.053323541470564395, 1.950000000000000178, 0.5908997914330877954 ) ) ;
#3415 = EDGE_CURVE ( 'NONE', #614, #1099, #1700, .T. ) ;
#3416 = DIRECTION ( 'NONE',  ( 0.0000000000000000000, 0.0000000000000000000, -1.000000000000000000 ) ) ;
#3417 = CARTESIAN_POINT ( 'NONE',  ( 0.3250000000000003997, 1.947999999999999954, -0.6046098677416221756 ) ) ;
#3418 = ORIENTED_EDGE ( 'NONE', *, *, #468, .T. ) ;
#3419 = AXIS2_PLACEMENT_3D ( 'NONE', #1020, #2801, #4236 ) ;
#3420 = CARTESIAN_POINT ( 'NONE',  ( -1.231643621716443038, 1.949999999999999512, 0.6203590224397093067 ) ) ;
#3421 =( NAMED_UNIT ( * ) PLANE_ANGLE_UNIT ( ) SI_UNIT ( $, .RADIAN. ) );
#3422 = LINE ( 'NONE', #159, #800 ) ;
#3423 = ADVANCED_FACE ( 'NONE', ( #2531 ), #1187, .T. ) ;
#3424 = DIRECTION ( 'NONE',  ( -0.0000000000000000000, 1.000000000000000000, -0.0000000000000000000 ) ) ;
#3425 = CARTESIAN_POINT ( 'NONE',  ( -0.1956631920767100685, 1.949999999999999956, -0.9700064906552622324 ) ) ;
#3426 = EDGE_CURVE ( 'NONE', #4559, #2549, #644, .T. ) ;
#3427 = B_SPLINE_CURVE_WITH_KNOTS ( 'NONE', 3,
 ( #2274, #1915, #3012, #872, #3369, #1227, #3710, #1576, #4064, #1929, #4426 ),
 .UNSPECIFIED., .F., .F.,
 ( 4, 1, 1, 1, 1, 1, 1, 1, 4 ),
 ( 0.0000000000000000000, 0.1208882608515991219, 0.2327678277454100775, 0.3405771785804135310, 0.4498082525890443883, 0.5662647939726858093, 0.6953233026002477724, 0.8392341133272409603, 1.000000000000000000 ),
 .UNSPECIFIED. ) ;
#3428 = CARTESIAN_POINT ( 'NONE',  ( 0.2801295655505388060, 1.950000000000000622, -1.008936217610774122 ) ) ;
#3429 = ORIENTED_EDGE ( 'NONE', *, *, #4460, .F. ) ;
#3430 = PLANE ( 'NONE',  #4118 ) ;
#3431 = CARTESIAN_POINT ( 'NONE',  ( 1.235744900595479034, 1.950000000000000400, 0.1185698334011672794 ) ) ;
#3432 = CARTESIAN_POINT ( 'NONE',  ( 0.2344560885791101001, 1.950000000000000178, -0.8772425188400435614 ) ) ;
#3433 = CARTESIAN_POINT ( 'NONE',  ( -1.344202490143848960, 1.950000000000000178, 0.6939961711547680823 ) ) ;
#3434 = DIRECTION ( 'NONE',  ( 1.000000000000000000, 0.0000000000000000000, 0.0000000000000000000 ) ) ;
#3435 = ORIENTED_EDGE ( 'NONE', *, *, #1388, .F. ) ;
#3436 = MECHANICAL_DESIGN_GEOMETRIC_PRESENTATION_REPRESENTATION (  '', ( #2973 ), #3660 ) ;
#3437 = CARTESIAN_POINT ( 'NONE',  ( -1.160156249999999556, 1.947999999999999954, -1.066328617741622020 ) ) ;
#3438 = FACE_OUTER_BOUND ( 'NONE', #1712, .T. ) ;
#3439 = EDGE_CURVE ( 'NONE', #4101, #614, #878, .T. ) ;
#3440 = LINE ( 'NONE', #4513, #478 ) ;
#3441 = CARTESIAN_POINT ( 'NONE',  ( 0.1349775365447319631, 1.950000000000000622, -1.043527992705306717 ) ) ;
#3442 = CARTESIAN_POINT ( 'NONE',  ( -1.053323541470564395, 1.948000000000000176, 0.5908997914330877954 ) ) ;
#3443 = EDGE_LOOP ( 'NONE', ( #277, #2668, #38, #556, #664, #3866, #1867, #1028, #1226, #421, #635, #1690 ) ) ;
#3444 = CARTESIAN_POINT ( 'NONE',  ( -0.2499999999999996392, 1.949999999999999956, -0.8925004927416221312 ) ) ;
#3445 = CARTESIAN_POINT ( 'NONE',  ( 1.584111948137235215, 1.950000000000000844, -0.6489570533938041619 ) ) ;
#3446 = DIRECTION ( 'NONE',  ( -0.5350520811843447744, 0.0000000000000000000, 0.8448190755542285268 ) ) ;
#3447 = ADVANCED_FACE ( 'NONE', ( #1059 ), #1203, .F. ) ;
#3448 = EDGE_CURVE ( 'NONE', #3654, #3014, #3467, .T. ) ;
#3449 = COLOUR_RGB ( '',0.3098039215686274606, 0.3098039215686274606, 0.3098039215686274606 ) ;
#3450 = UNCERTAINTY_MEASURE_WITH_UNIT (LENGTH_MEASURE( 1.000000000000000082E-05 ), #1104, 'distance_accuracy_value', 'NONE');
#3451 = LINE ( 'NONE', #2034, #3338 ) ;
#3452 = PRESENTATION_STYLE_ASSIGNMENT (( #4163 ) ) ;
#3453 = CARTESIAN_POINT ( 'NONE',  ( 0.0000000000000000000, 0.0000000000000000000, 1.500000000000000000 ) ) ;
#3454 = CARTESIAN_POINT ( 'NONE',  ( -2.719999999999999751, 0.2469693845669906629, -2.599999999999999201 ) ) ;
#3455 = CARTESIAN_POINT ( 'NONE',  ( 0.1578569943813726562, 1.949999999999999956, -0.1640278507235126138 ) ) ;
#3456 = VECTOR ( 'NONE', #1233, 1000.000000000000000 ) ;
#3457 = CARTESIAN_POINT ( 'NONE',  ( 0.2102828372217265263, 1.948000000000000176, -0.9006377503155060804 ) ) ;
#3458 = VECTOR ( 'NONE', #3254, 1000.000000000000000 ) ;
#3459 = EDGE_LOOP ( 'NONE', ( #3136, #212, #3898, #3816 ) ) ;
#3460 = EDGE_LOOP ( 'NONE', ( #480, #2678, #1333, #2659 ) ) ;
#3461 = ORIENTED_EDGE ( 'NONE', *, *, #631, .F. ) ;
#3462 = CARTESIAN_POINT ( 'NONE',  ( -0.4249999999999996003, 1.947999999999999954, -0.8913286177416221978 ) ) ;
#3463 = CARTESIAN_POINT ( 'NONE',  ( 0.5246168393933288154, 1.948000000000000176, -0.6098026600568194899 ) ) ;
#3464 = DIRECTION ( 'NONE',  ( 1.445602896647339163E-16, 0.0000000000000000000, 1.000000000000000000 ) ) ;
#3465 = ORIENTED_EDGE ( 'NONE', *, *, #591, .F. ) ;
#3466 = ORIENTED_EDGE ( 'NONE', *, *, #2310, .F. ) ;
#3467 = LINE ( 'NONE', #4059, #723 ) ;
#3468 = ORIENTED_EDGE ( 'NONE', *, *, #1360, .F. ) ;
#3469 = EDGE_CURVE ( 'NONE', #3761, #3210, #1674, .T. ) ;
#3470 = ADVANCED_FACE ( 'NONE', ( #4289 ), #2282, .T. ) ;
#3471 = DIRECTION ( 'NONE',  ( -1.734723475976806848E-16, 1.301042606982606307E-16, 1.000000000000000000 ) ) ;
#3472 = AXIS2_PLACEMENT_3D ( 'NONE', #3812, #4183, #2032 ) ;
#3473 = DIRECTION ( 'NONE',  ( 2.170143416902684735E-32, -1.000000000000000000, 0.0000000000000000000 ) ) ;
#3474 = EDGE_CURVE ( 'NONE', #3715, #2435, #3357, .T. ) ;
#3475 = ORIENTED_EDGE ( 'NONE', *, *, #2796, .F. ) ;
#3476 = CARTESIAN_POINT ( 'NONE',  ( -0.4294963531475908813, 1.947999999999999954, 0.6282631438194086204 ) ) ;
#3477 = EDGE_LOOP ( 'NONE', ( #4220, #1516, #1584, #3997 ) ) ;
#3478 = CARTESIAN_POINT ( 'NONE',  ( -0.1601562499999996114, 1.947999999999999954, 0.6754682572583776690 ) ) ;
#3479 = CARTESIAN_POINT ( 'NONE',  ( -3.069999999999998508, -0.09999999999999990841, -1.249999999999999556 ) ) ;
#3480 = DIRECTION ( 'NONE',  ( -1.000000000000000000, -2.170143416902684735E-32, 2.823449048653207775E-48 ) ) ;
#3481 = DIRECTION ( 'NONE',  ( -1.000000000000000000, 0.0000000000000000000, 0.0000000000000000000 ) ) ;
#3482 =( GEOMETRIC_REPRESENTATION_CONTEXT ( 3 ) GLOBAL_UNCERTAINTY_ASSIGNED_CONTEXT ( ( #3965 ) ) GLOBAL_UNIT_ASSIGNED_CONTEXT ( ( #104, #1954, #4153 ) ) REPRESENTATION_CONTEXT ( 'NONE', 'WORKASPACE' ) );
#3483 = PLANE ( 'NONE',  #235 ) ;
#3484 = ORIENTED_EDGE ( 'NONE', *, *, #740, .T. ) ;
#3485 = LINE ( 'NONE', #4061, #2524 ) ;
#3486 = VECTOR ( 'NONE', #2132, 1000.000000000000000 ) ;
#3487 = ORIENTED_EDGE ( 'NONE', *, *, #3509, .F. ) ;
#3488 = CARTESIAN_POINT ( 'NONE',  ( 2.650000000000000799, 1.949999999999999956, 2.600000000000000533 ) ) ;
#3489 = FACE_OUTER_BOUND ( 'NONE', #1681, .T. ) ;
#3490 = CARTESIAN_POINT ( 'NONE',  ( 0.3241686561049211823, 1.947999999999864507, -0.5582771120016015720 ) ) ;
#3491 = PRESENTATION_LAYER_ASSIGNMENT (  '', '', ( #3256 ) ) ;
#3492 = ORIENTED_EDGE ( 'NONE', *, *, #65, .F. ) ;
#3493 = CARTESIAN_POINT ( 'NONE',  ( 0.5625000000000003331, 1.949999999999999956, 0.6754682572583776690 ) ) ;
#3494 = DIRECTION ( 'NONE',  ( 0.0000000000000000000, -1.000000000000000000, 0.0000000000000000000 ) ) ;
#3495 = CARTESIAN_POINT ( 'NONE',  ( 1.364453124999999378, 1.947999999999999954, 0.3219526322583777800 ) ) ;
#3496 = EDGE_LOOP ( 'NONE', ( #4127, #2571, #2806, #4021 ) ) ;
#3497 = CARTESIAN_POINT ( 'NONE',  ( 3.069999999999999396, 1.050000000000000266, -1.249999999999997558 ) ) ;
#3498 = UNCERTAINTY_MEASURE_WITH_UNIT (LENGTH_MEASURE( 1.000000000000000082E-05 ), #1849, 'distance_accuracy_value', 'NONE');
#3499 = STYLED_ITEM ( 'NONE', ( #3389 ), #1586 ) ;
#3500 = CYLINDRICAL_SURFACE ( 'NONE', #1743, 0.2000000000000000944 ) ;
#3501 = EDGE_CURVE ( 'NONE', #2990, #1601, #616, .T. ) ;
#3502 = COLOUR_RGB ( '',0.3098039215686274606, 0.3098039215686274606, 0.3098039215686274606 ) ;
#3503 = PLANE ( 'NONE',  #677 ) ;
#3504 = ORIENTED_EDGE ( 'NONE', *, *, #3415, .T. ) ;
#3505 = ORIENTED_EDGE ( 'NONE', *, *, #3084, .F. ) ;
#3506 = ORIENTED_EDGE ( 'NONE', *, *, #4234, .T. ) ;
#3507 = VECTOR ( 'NONE', #3253, 1000.000000000000000 ) ;
#3508 = CARTESIAN_POINT ( 'NONE',  ( -0.4444199751352705952, 1.948000000000000176, 0.6553594713195348698 ) ) ;
#3509 = EDGE_CURVE ( 'NONE', #3149, #432, #2390, .T. ) ;
#3510 = LINE ( 'NONE', #3102, #4337 ) ;
#3511 = ORIENTED_EDGE ( 'NONE', *, *, #2978, .F. ) ;
#3512 = ORIENTED_EDGE ( 'NONE', *, *, #2982, .F. ) ;
#3513 = VECTOR ( 'NONE', #2241, 1000.000000000000000 ) ;
#3514 = VERTEX_POINT ( 'NONE', #527 ) ;
#3515 = CARTESIAN_POINT ( 'NONE',  ( 1.374786841111830027, 1.947999999999999732, 0.6408568797345463031 ) ) ;
#3516 = LINE ( 'NONE', #713, #667 ) ;
#3517 = B_SPLINE_CURVE_WITH_KNOTS ( 'NONE', 3,
 ( #1125, #1110, #818, #803, #732, #717, #698, #670, #641, #627, #3656 ),
 .UNSPECIFIED., .F., .F.,
 ( 4, 1, 1, 1, 1, 1, 1, 1, 4 ),
 ( 0.0000000000000000000, 0.1843245635595973930, 0.3369585332898165086, 0.4634522619422560830, 0.5673941914866630354, 0.6598687952600568174, 0.7604100239580350307, 0.8707474339948251263, 0.9999999999999998890 ),
 .UNSPECIFIED. ) ;
#3518 = CARTESIAN_POINT ( 'NONE',  ( -1.749999999999999334, 0.0000000000000000000, 2.529805069132842858E-16 ) ) ;
#3519 = CARTESIAN_POINT ( 'NONE',  ( 1.371991470759382770, 1.950000000000000178, 0.4856109017844643660 ) ) ;
#3520 = CARTESIAN_POINT ( 'NONE',  ( -1.223437499999999512, 1.949999999999999956, -0.8026567427416222422 ) ) ;
#3521 = CARTESIAN_POINT ( 'NONE',  ( -1.054211977670153955, 1.950000000000000178, 0.5693984220629555448 ) ) ;
#3522 = CARTESIAN_POINT ( 'NONE',  ( -0.1787291288247592203, 1.947999999999999954, 0.6750170933943698826 ) ) ;
#3523 = PRESENTATION_LAYER_ASSIGNMENT (  '', '', ( #1071 ) ) ;
#3524 = CARTESIAN_POINT ( 'NONE',  ( -0.4444199751352705952, 1.950000000000000178, 0.6553594713195348698 ) ) ;
#3525 = VERTEX_POINT ( 'NONE', #2670 ) ;
#3526 = EDGE_CURVE ( 'NONE', #1047, #2779, #1338, .T. ) ;
#3527 = CARTESIAN_POINT ( 'NONE',  ( 1.317244926267211458, 1.949999999999999067, 0.7687620779377969393 ) ) ;
#3528 = FACE_OUTER_BOUND ( 'NONE', #3443, .T. ) ;
#3529 = CARTESIAN_POINT ( 'NONE',  ( -0.4249999999999996003, 1.947999999999999954, 0.5922651322583777356 ) ) ;
#3530 = CARTESIAN_POINT ( 'NONE',  ( -0.5749999999999995115, 1.947999999999999954, -1.049531742741622198 ) ) ;
#3531 = FILL_AREA_STYLE_COLOUR ( '', #1420 ) ;
#3532 = ORIENTED_EDGE ( 'NONE', *, *, #1991, .T. ) ;
#3533 = CARTESIAN_POINT ( 'NONE',  ( -2.749999999999999556, 0.1000000000000000056, 1.250000000000000222 ) ) ;
#3534 = DIRECTION ( 'NONE',  ( 0.0000000000000000000, -1.000000000000000000, 0.0000000000000000000 ) ) ;
#3535 = B_SPLINE_CURVE_WITH_KNOTS ( 'NONE', 3,
 ( #2913, #2231, #2983, #830, #3326, #1184, #3675, #1542, #4023, #1894, #4392, #2243, #121, #2619, #486, #2993, #852, #3343, #1197 ),
 .UNSPECIFIED., .F., .F.,
 ( 4, 1, 1, 1, 1, 1, 1, 1, 1, 1, 1, 1, 1, 1, 1, 1, 4 ),
 ( 0.0000000000000000000, 0.06305028065492318534, 0.1238316007327939228, 0.1827430681791538669, 0.2404174908201706651, 0.2965777631229954414, 0.3532562990518625656, 0.4095377961896380370, 0.4670174819011084777, 0.5247071502264095688, 0.5839906311414138074, 0.6445327536348971487, 0.7078335938490695201, 0.7741435574413698673, 0.8443695344174166895, 0.9197211147262119857, 1.000000000000000000 ),
 .UNSPECIFIED. ) ;
#3536 = CARTESIAN_POINT ( 'NONE',  ( -0.5148437499999997113, 1.947999999999999954, -0.9745317427416221312 ) ) ;
#3537 = ORIENTED_EDGE ( 'NONE', *, *, #2134, .T. ) ;
#3538 = CARTESIAN_POINT ( 'NONE',  ( -2.919999999999999485, 1.050000000000000266, 1.250000000000001554 ) ) ;
#3539 = CARTESIAN_POINT ( 'NONE',  ( -2.849999999999998757, 1.949999999999999956, 2.600000000000000533 ) ) ;
#3540 = FACE_OUTER_BOUND ( 'NONE', #606, .T. ) ;
#3541 = CARTESIAN_POINT ( 'NONE',  ( -1.497656249999999467, 1.947999999999999954, 0.6949995072583777800 ) ) ;
#3542 = PRESENTATION_STYLE_ASSIGNMENT (( #471 ) ) ;
#3543 = EDGE_CURVE ( 'NONE', #4446, #1056, #3151, .T. ) ;
#3544 = AXIS2_PLACEMENT_3D ( 'NONE', #2505, #2882, #737 ) ;
#3545 = STYLED_ITEM ( 'NONE', ( #4509 ), #4057 ) ;
#3546 = PLANE ( 'NONE',  #510 ) ;
#3547 = EDGE_CURVE ( 'NONE', #3715, #3761, #2276, .T. ) ;
#3548 = LINE ( 'NONE', #3444, #701 ) ;
#3549 = MECHANICAL_DESIGN_GEOMETRIC_PRESENTATION_REPRESENTATION (  '', ( #2602 ), #3797 ) ;
#3550 = CARTESIAN_POINT ( 'NONE',  ( -0.2492189200522903214, 1.948000000000000176, -0.9111466642331318422 ) ) ;
#3551 = CARTESIAN_POINT ( 'NONE',  ( -2.869999999999999218, 0.7751668522645219772, -1.249999999999999778 ) ) ;
#3552 = VECTOR ( 'NONE', #147, 1000.000000000000000 ) ;
#3553 = DIRECTION ( 'NONE',  ( -0.0000000000000000000, 0.0000000000000000000, -1.000000000000000000 ) ) ;
#3554 = SURFACE_SIDE_STYLE ('',( #1802 ) ) ;
#3555 = LINE ( 'NONE', #4291, #4605 ) ;
#3556 = ORIENTED_EDGE ( 'NONE', *, *, #2104, .T. ) ;
#3557 = ORIENTED_EDGE ( 'NONE', *, *, #1132, .F. ) ;
#3558 = ORIENTED_EDGE ( 'NONE', *, *, #244, .F. ) ;
#3559 = DIRECTION ( 'NONE',  ( 0.0000000000000000000, 1.301042606982605321E-16, 1.000000000000000000 ) ) ;
#3560 = DIRECTION ( 'NONE',  ( -1.000000000000000000, 0.0000000000000000000, 0.0000000000000000000 ) ) ;
#3561 = CARTESIAN_POINT ( 'NONE',  ( -0.4251486293465165933, 1.948000000000000176, 0.5988014818056278665 ) ) ;
#3562 = ORIENTED_EDGE ( 'NONE', *, *, #1290, .F. ) ;
#3563 = ORIENTED_EDGE ( 'NONE', *, *, #631, .T. ) ;
#3564 = CARTESIAN_POINT ( 'NONE',  ( 1.383650333485077821, 1.950000000000000622, 0.1182445135957468502 ) ) ;
#3565 = CARTESIAN_POINT ( 'NONE',  ( 1.149999999999999245, 1.949999999999999956, 0.6059370072583776246 ) ) ;
#3566 = EDGE_CURVE ( 'NONE', #2410, #2731, #4056, .T. ) ;
#3567 = CARTESIAN_POINT ( 'NONE',  ( 0.2745603565120058875, 1.947999999999999510, -0.8234040025839414190 ) ) ;
#3568 = PLANE ( 'NONE',  #3419 ) ;
#3569 = CARTESIAN_POINT ( 'NONE',  ( 0.1709610836565439995, 1.947999999999864951, -0.2759308410869534267 ) ) ;
#3570 = DIRECTION ( 'NONE',  ( 0.0000000000000000000, 0.0000000000000000000, 1.000000000000000000 ) ) ;
#3571 = DIRECTION ( 'NONE',  ( -1.000000000000000000, 0.0000000000000000000, 0.0000000000000000000 ) ) ;
#3572 = CARTESIAN_POINT ( 'NONE',  ( -3.069999999999999396, 0.05000000000000077993, 1.250000000000001554 ) ) ;
#3573 = DIRECTION ( 'NONE',  ( 0.0000000000000000000, 0.0000000000000000000, -1.000000000000000000 ) ) ;
#3574 = CARTESIAN_POINT ( 'NONE',  ( 0.4605574619839781225, 1.948000000000000176, -0.3630467898498152546 ) ) ;
#3575 = EDGE_LOOP ( 'NONE', ( #607, #1570, #589, #4175 ) ) ;
#3576 =( GEOMETRIC_REPRESENTATION_CONTEXT ( 3 ) GLOBAL_UNCERTAINTY_ASSIGNED_CONTEXT ( ( #1638 ) ) GLOBAL_UNIT_ASSIGNED_CONTEXT ( ( #3897, #1769, #4269 ) ) REPRESENTATION_CONTEXT ( 'NONE', 'WORKASPACE' ) );
#3577 = SURFACE_STYLE_FILL_AREA ( #1049 ) ;
#3578 = CARTESIAN_POINT ( 'NONE',  ( 1.184570836518352710, 1.950000000000000178, 0.3155642374280125395 ) ) ;
#3579 = DIRECTION ( 'NONE',  ( 0.0000000000000000000, 0.0000000000000000000, 1.000000000000000000 ) ) ;
#3580 = EDGE_CURVE ( 'NONE', #17, #1777, #502, .T. ) ;
#3581 = DIRECTION ( 'NONE',  ( 0.3780623346207464541, 0.0000000000000000000, 0.9257801419025528666 ) ) ;
#3582 = CARTESIAN_POINT ( 'NONE',  ( 1.364453124999999378, 1.947999999999999954, 0.3219526322583777800 ) ) ;
#3583 = CARTESIAN_POINT ( 'NONE',  ( 0.4913262500328551274, 1.948000000000000398, 0.6510613239260714113 ) ) ;
#3584 = CARTESIAN_POINT ( 'NONE',  ( -1.054211977670153955, 1.948000000000000176, 0.5693984220629555448 ) ) ;
#3585 = EDGE_CURVE ( 'NONE', #2549, #4628, #4221, .T. ) ;
#3586 = CARTESIAN_POINT ( 'NONE',  ( 0.3363281250000002554, 1.947999999999999954, 0.7504682572583777356 ) ) ;
#3587 = EDGE_LOOP ( 'NONE', ( #2466, #1666, #2095, #2767 ) ) ;
#3588 = CARTESIAN_POINT ( 'NONE',  ( 1.372476893496692218, 1.947999999999999732, 0.1886066088511942074 ) ) ;
#3589 = CIRCLE ( 'NONE', #1231, 0.2000000000000000944 ) ;
#3590 = ORIENTED_EDGE ( 'NONE', *, *, #1991, .F. ) ;
#3591 = SURFACE_SIDE_STYLE ('',( #3764 ) ) ;
#3592 = CARTESIAN_POINT ( 'NONE',  ( 1.303482079960315732, 1.948000000000000620, -0.06793765589756085854 ) ) ;
#3593 = VECTOR ( 'NONE', #856, 1000.000000000000000 ) ;
#3594 = CARTESIAN_POINT ( 'NONE',  ( -0.2445169274703949402, 1.949999999999999956, -0.9282540689507877696 ) ) ;
#3595 = DIRECTION ( 'NONE',  ( -0.0000000000000000000, 1.000000000000000000, -0.0000000000000000000 ) ) ;
#3596 = CARTESIAN_POINT ( 'NONE',  ( 1.162318373658507653, 1.947999999999999510, 0.4402851859161381332 ) ) ;
#3597 = CARTESIAN_POINT ( 'NONE',  ( 0.5250000000000003553, 1.948000000000000176, -0.6268754927416221312 ) ) ;
#3598 = LINE ( 'NONE', #4604, #884 ) ;
#3599 = CARTESIAN_POINT ( 'NONE',  ( 2.850000000000000533, 0.1000000000000000056, -1.500000000000000888 ) ) ;
#3600 = EDGE_LOOP ( 'NONE', ( #1473, #3990, #894, #812 ) ) ;
#3601 = CARTESIAN_POINT ( 'NONE',  ( -1.054687499999999556, 1.949999999999999956, 0.1465620072583777578 ) ) ;
#3602 = EDGE_CURVE ( 'NONE', #3937, #398, #280, .T. ) ;
#3603 = VERTEX_POINT ( 'NONE', #218 ) ;
#3604 = CIRCLE ( 'NONE', #2925, 0.1499999999999999944 ) ;
#3605 = ORIENTED_EDGE ( 'NONE', *, *, #3448, .T. ) ;
#3606 = VERTEX_POINT ( 'NONE', #577 ) ;
#3607 = VERTEX_POINT ( 'NONE', #3437 ) ;
#3608 = FACE_OUTER_BOUND ( 'NONE', #1579, .T. ) ;
#3609 = CARTESIAN_POINT ( 'NONE',  ( 1.364453124999999378, 1.949999999999999956, 0.3219526322583777800 ) ) ;
#3610 = CARTESIAN_POINT ( 'NONE',  ( 1.469718235009653151, 1.950000000000001288, -0.4261964218215025246 ) ) ;
#3611 =( GEOMETRIC_REPRESENTATION_CONTEXT ( 3 ) GLOBAL_UNCERTAINTY_ASSIGNED_CONTEXT ( ( #323 ) ) GLOBAL_UNIT_ASSIGNED_CONTEXT ( ( #2504, #2328, #2312 ) ) REPRESENTATION_CONTEXT ( 'NONE', 'WORKASPACE' ) );
#3612 = VECTOR ( 'NONE', #3416, 1000.000000000000000 ) ;
#3613 = CARTESIAN_POINT ( 'NONE',  ( -1.310422909595030383, 1.947999999999999732, 0.6886660644199400494 ) ) ;
#3614 = CARTESIAN_POINT ( 'NONE',  ( -0.2445169274703949402, 1.947999999999999954, -0.9282540689507877696 ) ) ;
#3615 = ORIENTED_EDGE ( 'NONE', *, *, #3469, .T. ) ;
#3616 = ORIENTED_EDGE ( 'NONE', *, *, #4384, .F. ) ;
#3617 = VERTEX_POINT ( 'NONE', #2703 ) ;
#3618 = CARTESIAN_POINT ( 'NONE',  ( 1.404772416843579341, 1.948000000000000398, -0.2940798723689540539 ) ) ;
#3619 = DIRECTION ( 'NONE',  ( -1.000000000000000000, 0.0000000000000000000, 0.0000000000000000000 ) ) ;
#3620 = CARTESIAN_POINT ( 'NONE',  ( 1.502978685503361111, 1.949999999999999956, -0.2752487251923011469 ) ) ;
#3621 = FACE_OUTER_BOUND ( 'NONE', #1501, .T. ) ;
#3622 = CARTESIAN_POINT ( 'NONE',  ( 0.5086173604937543891, 1.947999999999999954, 0.6632092074503195267 ) ) ;
#3623 = CARTESIAN_POINT ( 'NONE',  ( 0.4913262500328551274, 1.948000000000000398, 0.6510613239260714113 ) ) ;
#3624 = FILL_AREA_STYLE_COLOUR ( '', #2142 ) ;
#3625 = CARTESIAN_POINT ( 'NONE',  ( -0.2499999999999996392, 1.947999999999999954, -0.2245317427416221590 ) ) ;
#3626 = CARTESIAN_POINT ( 'NONE',  ( 1.719531249999999289, 1.947999999999999954, -0.8995317427416221756 ) ) ;
#3627 = PRESENTATION_LAYER_ASSIGNMENT (  '', '', ( #3403 ) ) ;
#3628 = CARTESIAN_POINT ( 'NONE',  ( 1.138942332136531954, 1.948000000000000176, -0.8971533194955905177 ) ) ;
#3629 = ORIENTED_EDGE ( 'NONE', *, *, #4412, .T. ) ;
#3630 = DIRECTION ( 'NONE',  ( 0.5326197426477775609, 0.0000000000000000000, -0.8463546595498929737 ) ) ;
#3631 = DIRECTION ( 'NONE',  ( 0.1674146996559752187, 0.0000000000000000000, -0.9858865646407296568 ) ) ;
#3632 = CYLINDRICAL_SURFACE ( 'NONE', #4507, 0.2000000000000000944 ) ;
#3633 = CARTESIAN_POINT ( 'NONE',  ( -2.849999999999999201, 1.050000000000000266, 1.250000000000001554 ) ) ;
#3634 = CARTESIAN_POINT ( 'NONE',  ( -0.2499999999999996392, 1.947999999999999954, -0.1495317427416221756 ) ) ;
#3635 =( LENGTH_UNIT ( ) NAMED_UNIT ( * ) SI_UNIT ( .MILLI., .METRE. ) );
#3636 = UNCERTAINTY_MEASURE_WITH_UNIT (LENGTH_MEASURE( 1.000000000000000082E-05 ), #2741, 'distance_accuracy_value', 'NONE');
#3637 = AXIS2_PLACEMENT_3D ( 'NONE', #2768, #3957, #355 ) ;
#3638 = AXIS2_PLACEMENT_3D ( 'NONE', #2753, #3112, #979 ) ;
#3639 = ORIENTED_EDGE ( 'NONE', *, *, #504, .F. ) ;
#3640 = EDGE_CURVE ( 'NONE', #2851, #45, #696, .T. ) ;
#3641 = CARTESIAN_POINT ( 'NONE',  ( 1.138942332136531954, 1.948000000000000176, -0.8971533194955905177 ) ) ;
#3642 = PRESENTATION_LAYER_ASSIGNMENT (  '', '', ( #3178 ) ) ;
#3643 = ADVANCED_FACE ( 'NONE', ( #2495 ), #3787, .T. ) ;
#3644 = DIRECTION ( 'NONE',  ( 1.000000000000000000, 0.0000000000000000000, 1.971276677246371519E-16 ) ) ;
#3645 = FILL_AREA_STYLE ('',( #74 ) ) ;
#3646 = ORIENTED_EDGE ( 'NONE', *, *, #601, .F. ) ;
#3647 = CARTESIAN_POINT ( 'NONE',  ( 0.6250000000000003331, 1.947999999999999954, 0.7504682572583777356 ) ) ;
#3648 = CARTESIAN_POINT ( 'NONE',  ( -0.8015624999999995115, 1.947999999999999954, 0.6949995072583777800 ) ) ;
#3649 = EDGE_CURVE ( 'NONE', #1632, #3761, #4248, .T. ) ;
#3650 = SURFACE_SIDE_STYLE ('',( #1883 ) ) ;
#3651 = FACE_OUTER_BOUND ( 'NONE', #2023, .T. ) ;
#3652 = ORIENTED_EDGE ( 'NONE', *, *, #974, .T. ) ;
#3653 = VECTOR ( 'NONE', #821, 1000.000000000000000 ) ;
#3654 = VERTEX_POINT ( 'NONE', #3478 ) ;
#3655 = CARTESIAN_POINT ( 'NONE',  ( 0.9275983890679022625, 1.949999999999999956, -0.6677884021245813484 ) ) ;
#3656 = CARTESIAN_POINT ( 'NONE',  ( 1.267578124999999112, 1.949999999999999956, 0.7754682572583777578 ) ) ;
#3657 = LINE ( 'NONE', #2769, #2723 ) ;
#3658 = CARTESIAN_POINT ( 'NONE',  ( 0.3363281250000002554, 1.947999999999999954, 0.7504682572583777356 ) ) ;
#3659 = CARTESIAN_POINT ( 'NONE',  ( -1.930078124999999423, 1.949999999999999956, 0.2098432572583778244 ) ) ;
#3660 =( GEOMETRIC_REPRESENTATION_CONTEXT ( 3 ) GLOBAL_UNCERTAINTY_ASSIGNED_CONTEXT ( ( #1967 ) ) GLOBAL_UNIT_ASSIGNED_CONTEXT ( ( #620, #3115, #981 ) ) REPRESENTATION_CONTEXT ( 'NONE', 'WORKASPACE' ) );
#3661 = DIRECTION ( 'NONE',  ( 1.668003342285391551E-16, 0.0000000000000000000, 1.000000000000000000 ) ) ;
#3662 = FACE_OUTER_BOUND ( 'NONE', #3729, .T. ) ;
#3663 = CARTESIAN_POINT ( 'NONE',  ( 0.3009586803286726231, 1.949999999999999512, -0.4353631327210795710 ) ) ;
#3664 = EDGE_CURVE ( 'NONE', #374, #1529, #1115, .T. ) ;
#3665 = ORIENTED_EDGE ( 'NONE', *, *, #3543, .T. ) ;
#3666 = ORIENTED_EDGE ( 'NONE', *, *, #1155, .T. ) ;
#3667 = ADVANCED_FACE ( 'NONE', ( #3025 ), #4191, .T. ) ;
#3668 = FACE_OUTER_BOUND ( 'NONE', #3043, .T. ) ;
#3669 = CARTESIAN_POINT ( 'NONE',  ( 1.372476893496692218, 1.949999999999999734, 0.1886066088511942074 ) ) ;
#3670 = VERTEX_POINT ( 'NONE', #1691 ) ;
#3671 = VECTOR ( 'NONE', #1130, 1000.000000000000000 ) ;
#3672 = ORIENTED_EDGE ( 'NONE', *, *, #4126, .F. ) ;
#3673 = EDGE_CURVE ( 'NONE', #1017, #2781, #2049, .T. ) ;
#3674 = AXIS2_PLACEMENT_3D ( 'NONE', #721, #1079, #3570 ) ;
#3675 = CARTESIAN_POINT ( 'NONE',  ( 0.1417333379130812920, 1.947999999999999954, -0.2600139863645349880 ) ) ;
#3676 = CARTESIAN_POINT ( 'NONE',  ( -0.4928006502841773551, 1.947999999999999732, -0.9740660627290346207 ) ) ;
#3677 = CARTESIAN_POINT ( 'NONE',  ( 1.750000000000001110, 0.1000000000000000056, -2.529805069132845323E-16 ) ) ;
#3678 = ORIENTED_EDGE ( 'NONE', *, *, #3836, .F. ) ;
#3679 = ORIENTED_EDGE ( 'NONE', *, *, #2651, .F. ) ;
#3680 = CARTESIAN_POINT ( 'NONE',  ( -0.8964843749999994449, 1.947999999999999954, 0.6949995072583777800 ) ) ;
#3681 = CARTESIAN_POINT ( 'NONE',  ( 0.4799545405733309233, 1.947999999999999954, 0.6374637870988865140 ) ) ;
#3682 = DIRECTION ( 'NONE',  ( 0.0000000000000000000, 0.0000000000000000000, -1.000000000000000000 ) ) ;
#3683 = PLANE ( 'NONE',  #2223 ) ;
#3684 = DIRECTION ( 'NONE',  ( -1.000000000000000000, 0.0000000000000000000, 0.0000000000000000000 ) ) ;
#3685 = ORIENTED_EDGE ( 'NONE', *, *, #3919, .F. ) ;
#3686 =( LENGTH_UNIT ( ) NAMED_UNIT ( * ) SI_UNIT ( .MILLI., .METRE. ) );
#3687 = CARTESIAN_POINT ( 'NONE',  ( 2.850000000000000977, 0.8499999999999974243, 1.250000000000001554 ) ) ;
#3688 = LINE ( 'NONE', #581, #2754 ) ;
#3689 = ADVANCED_FACE ( 'NONE', ( #1011 ), #2778, .F. ) ;
#3690 = CARTESIAN_POINT ( 'NONE',  ( -0.2366121449138049171, 1.949999999999999956, -0.9428565308514723631 ) ) ;
#3691 = DIRECTION ( 'NONE',  ( 0.0000000000000000000, 0.0000000000000000000, 1.000000000000000000 ) ) ;
#3692 = FILL_AREA_STYLE_COLOUR ( '', #1031 ) ;
#3693 = EDGE_CURVE ( 'NONE', #1099, #3778, #50, .T. ) ;
#3694 = CARTESIAN_POINT ( 'NONE',  ( -0.4249999999999996003, 1.947999999999999954, -0.8913286177416221978 ) ) ;
#3695 = DIRECTION ( 'NONE',  ( -0.0000000000000000000, 1.000000000000000000, -0.0000000000000000000 ) ) ;
#3696 = CARTESIAN_POINT ( 'NONE',  ( 1.818402782514570992, 1.948000000000000176, -0.8870513212559697491 ) ) ;
#3697 = CARTESIAN_POINT ( 'NONE',  ( -0.5148437499999997113, 1.947999999999999954, 0.6754682572583776690 ) ) ;
#3698 = EDGE_CURVE ( 'NONE', #3525, #1278, #164, .T. ) ;
#3699 = DIRECTION ( 'NONE',  ( 0.0000000000000000000, -1.000000000000000000, 5.782411586589357244E-15 ) ) ;
#3700 = EDGE_LOOP ( 'NONE', ( #3821, #2894, #2849, #76, #4222, #621, #1007, #215 ) ) ;
#3701 = EDGE_LOOP ( 'NONE', ( #4503, #326, #4537, #2402 ) ) ;
#3702 =( NAMED_UNIT ( * ) PLANE_ANGLE_UNIT ( ) SI_UNIT ( $, .RADIAN. ) );
#3703 = VECTOR ( 'NONE', #1222, 1000.000000000000000 ) ;
#3704 = CARTESIAN_POINT ( 'NONE',  ( -0.2366121449138049171, 1.947999999999999954, -0.9428565308514723631 ) ) ;
#3705 = ORIENTED_EDGE ( 'NONE', *, *, #2161, .T. ) ;
#3706 = VECTOR ( 'NONE', #2187, 1000.000000000000000 ) ;
#3707 = SURFACE_SIDE_STYLE ('',( #4071 ) ) ;
#3708 = FILL_AREA_STYLE_COLOUR ( '', #1555 ) ;
#3709 = EDGE_LOOP ( 'NONE', ( #4482, #3646, #3759, #19 ) ) ;
#3710 = CARTESIAN_POINT ( 'NONE',  ( 0.9767260809922075904, 1.950000000000000622, -0.7814292547346355366 ) ) ;
#3711 = CARTESIAN_POINT ( 'NONE',  ( 1.372476893496692218, 1.947999999999999732, 0.1886066088511942074 ) ) ;
#3712 = ADVANCED_FACE ( 'NONE', ( #2908 ), #4075, .T. ) ;
#3713 = AXIS2_PLACEMENT_3D ( 'NONE', #3781, #4407, #3684 ) ;
#3714 = EDGE_LOOP ( 'NONE', ( #3104, #2265, #3665, #2880 ) ) ;
#3715 = VERTEX_POINT ( 'NONE', #2061 ) ;
#3716 = VECTOR ( 'NONE', #2294, 1000.000000000000000 ) ;
#3717 = PLANE ( 'NONE',  #78 ) ;
#3718 = VERTEX_POINT ( 'NONE', #331 ) ;
#3719 = VERTEX_POINT ( 'NONE', #2820 ) ;
#3720 = CARTESIAN_POINT ( 'NONE',  ( 2.750000000000000888, 0.2000000000000000111, -2.293504595642413567E-16 ) ) ;
#3721 = VERTEX_POINT ( 'NONE', #681 ) ;
#3722 = FACE_OUTER_BOUND ( 'NONE', #1942, .T. ) ;
#3723 = CARTESIAN_POINT ( 'NONE',  ( -0.8964843749999994449, 1.947999999999999954, 0.6949995072583777800 ) ) ;
#3724 = FACE_OUTER_BOUND ( 'NONE', #4048, .T. ) ;
#3725 = VERTEX_POINT ( 'NONE', #3185 ) ;
#3726 = ORIENTED_EDGE ( 'NONE', *, *, #2854, .T. ) ;
#3727 = MECHANICAL_DESIGN_GEOMETRIC_PRESENTATION_REPRESENTATION (  '', ( #3256 ), #3952 ) ;
#3728 = CARTESIAN_POINT ( 'NONE',  ( 0.1349775365447319631, 1.948000000000000398, -1.043527992705306717 ) ) ;
#3729 = EDGE_LOOP ( 'NONE', ( #1101, #2059, #279, #2789 ) ) ;
#3730 = DIRECTION ( 'NONE',  ( 0.0000000000000000000, 0.0000000000000000000, -1.000000000000000000 ) ) ;
#3731 = DIRECTION ( 'NONE',  ( -1.000000000000000000, 0.0000000000000000000, 0.0000000000000000000 ) ) ;
#3732 = LINE ( 'NONE', #341, #4458 ) ;
#3733 = VERTEX_POINT ( 'NONE', #2450 ) ;
#3734 = AXIS2_PLACEMENT_3D ( 'NONE', #1783, #1610, #1590 ) ;
#3735 = EDGE_CURVE ( 'NONE', #4310, #3911, #1722, .T. ) ;
#3736 = CARTESIAN_POINT ( 'NONE',  ( 3.069999999999999396, 0.05000000000000012768, -1.249999999999991118 ) ) ;
#3737 = CARTESIAN_POINT ( 'NONE',  ( -0.2116851755590709316, 1.947999999999999954, 0.6643699725225820085 ) ) ;
#3738 = ADVANCED_FACE ( 'NONE', ( #1824 ), #2105, .T. ) ;
#3739 = CARTESIAN_POINT ( 'NONE',  ( -0.2252046952027900728, 1.949999999999999734, -0.9544306241655254874 ) ) ;
#3740 = CARTESIAN_POINT ( 'NONE',  ( 1.364453124999999378, 1.947999999999999954, 0.3219526322583777800 ) ) ;
#3741 = EDGE_CURVE ( 'NONE', #1350, #1601, #4562, .T. ) ;
#3742 = ORIENTED_EDGE ( 'NONE', *, *, #3649, .T. ) ;
#3743 = CARTESIAN_POINT ( 'NONE',  ( 0.07979734129323104441, 1.949999999999999734, -1.048818587392941426 ) ) ;
#3744 = CARTESIAN_POINT ( 'NONE',  ( -1.054211977670153955, 1.948000000000000176, 0.5693984220629555448 ) ) ;
#3745 = CARTESIAN_POINT ( 'NONE',  ( -0.4730345303621653064, 1.950000000000000178, -0.9703318044475114368 ) ) ;
#3746 = VERTEX_POINT ( 'NONE', #694 ) ;
#3747 = DIRECTION ( 'NONE',  ( -0.0000000000000000000, 1.301042606982605321E-16, 1.000000000000000000 ) ) ;
#3748 = CARTESIAN_POINT ( 'NONE',  ( -0.5749999999999995115, 1.947999999999999954, 0.6754682572583776690 ) ) ;
#3749 = CARTESIAN_POINT ( 'NONE',  ( 0.08051156457677316469, 1.948000000000000398, -0.9617177867703419203 ) ) ;
#3750 = MECHANICAL_DESIGN_GEOMETRIC_PRESENTATION_REPRESENTATION (  '', ( #1071 ), #3978 ) ;
#3751 = DIRECTION ( 'NONE',  ( -0.0000000000000000000, 1.000000000000000000, -0.0000000000000000000 ) ) ;
#3752 = EDGE_CURVE ( 'NONE', #784, #3149, #3732, .T. ) ;
#3753 = DIRECTION ( 'NONE',  ( -0.0000000000000000000, 1.000000000000000000, -0.0000000000000000000 ) ) ;
#3754 = DIRECTION ( 'NONE',  ( 0.0000000000000000000, 0.0000000000000000000, -1.000000000000000000 ) ) ;
#3755 = CARTESIAN_POINT ( 'NONE',  ( -1.054687499999999556, 1.947999999999999954, 0.5578901322583778022 ) ) ;
#3756 = DIRECTION ( 'NONE',  ( 0.0000000000000000000, -1.000000000000000000, -0.0000000000000000000 ) ) ;
#3757 = CARTESIAN_POINT ( 'NONE',  ( -1.969999999999998641, -0.09999999999999958922, 1.250000000000000444 ) ) ;
#3758 = ADVANCED_FACE ( 'NONE', ( #2563 ), #3891, .T. ) ;
#3759 = ORIENTED_EDGE ( 'NONE', *, *, #4615, .F. ) ;
#3760 = VECTOR ( 'NONE', #1485, 1000.000000000000000 ) ;
#3761 = VERTEX_POINT ( 'NONE', #2843 ) ;
#3762 = VECTOR ( 'NONE', #3644, 1000.000000000000000 ) ;
#3763 = CARTESIAN_POINT ( 'NONE',  ( -0.2252046952027900728, 1.947999999999999732, -0.9544306241655254874 ) ) ;
#3764 = SURFACE_STYLE_FILL_AREA ( #3109 ) ;
#3765 = CARTESIAN_POINT ( 'NONE',  ( -0.2252046952027900728, 1.949999999999999734, -0.9544306241655254874 ) ) ;
#3766 = B_SPLINE_CURVE_WITH_KNOTS ( 'NONE', 3,
 ( #4271, #4627, #365, #2864, #727, #3221, #1082, #3574, #1437, #3915, #1786, #4292, #2140, #12, #2507, #380, #2885, #739, #3244 ),
 .UNSPECIFIED., .F., .F.,
 ( 4, 1, 1, 1, 1, 1, 1, 1, 1, 1, 1, 1, 1, 1, 1, 1, 4 ),
 ( 0.0000000000000000000, 0.07769323114793325047, 0.1516483053744511755, 0.2223150417658225353, 0.2890713582224035960, 0.3538977920489910778, 0.4172777344718924808, 0.4794237294134857108, 0.5415358049520565542, 0.6023362603294810658, 0.6617577617490809638, 0.7201176534871058799, 0.7761313774390098397, 0.8323422728126831371, 0.8880415930466998287, 0.9439706021736669062, 1.000000000000000000 ),
 .UNSPECIFIED. ) ;
#3767 = SURFACE_STYLE_FILL_AREA ( #2383 ) ;
#3768 = CARTESIAN_POINT ( 'NONE',  ( 0.07979734129323104441, 1.947999999999999510, -1.048818587392941426 ) ) ;
#3769 = DIRECTION ( 'NONE',  ( -0.0000000000000000000, 1.301042606982605321E-16, 1.000000000000000000 ) ) ;
#3770 = CARTESIAN_POINT ( 'NONE',  ( 2.719999999999999307, 0.2469693845669906629, 1.250000000000001554 ) ) ;
#3771 = VECTOR ( 'NONE', #2330, 1000.000000000000000 ) ;
#3772 = CARTESIAN_POINT ( 'NONE',  ( 1.267063518590770377, 1.950000000000000622, 0.02558901860745652762 ) ) ;
#3773 = CARTESIAN_POINT ( 'NONE',  ( 0.1824042497456870582, 1.950000000000000178, -0.9201931255309714341 ) ) ;
#3774 = ORIENTED_EDGE ( 'NONE', *, *, #1653, .T. ) ;
#3775 = UNCERTAINTY_MEASURE_WITH_UNIT (LENGTH_MEASURE( 1.000000000000000082E-05 ), #1351, 'distance_accuracy_value', 'NONE');
#3776 = LINE ( 'NONE', #726, #2610 ) ;
#3777 = ORIENTED_EDGE ( 'NONE', *, *, #3752, .T. ) ;
#3778 = VERTEX_POINT ( 'NONE', #4263 ) ;
#3779 = PRESENTATION_STYLE_ASSIGNMENT (( #3835 ) ) ;
#3780 = ORIENTED_EDGE ( 'NONE', *, *, #2448, .T. ) ;
#3781 = CARTESIAN_POINT ( 'NONE',  ( -2.919999999999999485, 0.9000000000000003553, 1.250000000000001554 ) ) ;
#3782 = SURFACE_SIDE_STYLE ('',( #2036 ) ) ;
#3783 = VECTOR ( 'NONE', #2174, 1000.000000000000000 ) ;
#3784 = EDGE_CURVE ( 'NONE', #1009, #3127, #3516, .T. ) ;
#3785 = ADVANCED_FACE ( 'NONE', ( #1617 ), #2611, .T. ) ;
#3786 = CARTESIAN_POINT ( 'NONE',  ( -2.840729278764758892, 0.1579500538070878202, 1.250000000000001554 ) ) ;
#3787 = PLANE ( 'NONE',  #3638 ) ;
#3788 = STYLED_ITEM ( 'NONE', ( #1048 ), #2620 ) ;
#3789 = PRESENTATION_STYLE_ASSIGNMENT (( #4411 ) ) ;
#3790 = PRESENTATION_LAYER_ASSIGNMENT (  '', '', ( #3545 ) ) ;
#3791 = CARTESIAN_POINT ( 'NONE',  ( 0.04180996273842500083, 1.950000000000000400, -1.049289473782991866 ) ) ;
#3792 = DIRECTION ( 'NONE',  ( 0.0000000000000000000, -1.000000000000000000, 6.505213034913020293E-15 ) ) ;
#3793 = ORIENTED_EDGE ( 'NONE', *, *, #3547, .T. ) ;
#3794 = FILL_AREA_STYLE_COLOUR ( '', #1656 ) ;
#3795 = EDGE_CURVE ( 'NONE', #574, #4230, #3410, .T. ) ;
#3796 = CARTESIAN_POINT ( 'NONE',  ( 1.672382102816676541, 1.949999999999999734, -0.8136130397050522767 ) ) ;
#3797 =( GEOMETRIC_REPRESENTATION_CONTEXT ( 3 ) GLOBAL_UNCERTAINTY_ASSIGNED_CONTEXT ( ( #3636 ) ) GLOBAL_UNIT_ASSIGNED_CONTEXT ( ( #2741, #2719, #2690 ) ) REPRESENTATION_CONTEXT ( 'NONE', 'WORKASPACE' ) );
#3798 = ORIENTED_EDGE ( 'NONE', *, *, #1068, .T. ) ;
#3799 = CARTESIAN_POINT ( 'NONE',  ( -1.497656249999999467, 1.949999999999999956, 0.7582807572583777356 ) ) ;
#3800 = CARTESIAN_POINT ( 'NONE',  ( -0.2113631532733617202, 1.950000000000000622, -0.9633283048749483601 ) ) ;
#3801 = CARTESIAN_POINT ( 'NONE',  ( 0.1516476220752981663, 1.947999999999999510, -0.9371349681412880495 ) ) ;
#3802 = CARTESIAN_POINT ( 'NONE',  ( 0.04180996273842500083, 1.948000000000000176, -1.049289473782991866 ) ) ;
#3803 = DIRECTION ( 'NONE',  ( 2.170143416902684735E-32, 1.000000000000000000, -1.301042606982605321E-16 ) ) ;
#3804 = DIRECTION ( 'NONE',  ( 0.5326197426477775609, 0.0000000000000000000, -0.8463546595498929737 ) ) ;
#3805 = ADVANCED_FACE ( 'NONE', ( #3621 ), #2569, .T. ) ;
#3806 = VERTEX_POINT ( 'NONE', #1841 ) ;
#3807 = CARTESIAN_POINT ( 'NONE',  ( 0.4969928531847354614, 1.949999999999999956, -0.4395073983204638157 ) ) ;
#3808 = LINE ( 'NONE', #2284, #3703 ) ;
#3809 = COLOUR_RGB ( '',0.3098039215686274606, 0.3098039215686274606, 0.3098039215686274606 ) ;
#3810 = ORIENTED_EDGE ( 'NONE', *, *, #4366, .F. ) ;
#3811 = DIRECTION ( 'NONE',  ( -0.0000000000000000000, 1.000000000000000000, -0.0000000000000000000 ) ) ;
#3812 = CARTESIAN_POINT ( 'NONE',  ( -1.930078124999999423, 1.947999999999999954, 0.2098432572583778244 ) ) ;
#3813 = DIRECTION ( 'NONE',  ( 0.0000000000000000000, 0.0000000000000000000, 1.000000000000000000 ) ) ;
#3814 = LINE ( 'NONE', #2172, #3706 ) ;
#3815 = EDGE_CURVE ( 'NONE', #3617, #307, #2440, .T. ) ;
#3816 = ORIENTED_EDGE ( 'NONE', *, *, #4471, .T. ) ;
#3817 = CARTESIAN_POINT ( 'NONE',  ( -0.1665622701661848282, 1.949999999999999734, 0.6753126451511561879 ) ) ;
#3818 = ORIENTED_EDGE ( 'NONE', *, *, #13, .T. ) ;
#3819 = EDGE_CURVE ( 'NONE', #2271, #2485, #43, .T. ) ;
#3820 = ADVANCED_FACE ( 'NONE', ( #3298 ), #3888, .T. ) ;
#3821 = ORIENTED_EDGE ( 'NONE', *, *, #3439, .F. ) ;
#3822 = ORIENTED_EDGE ( 'NONE', *, *, #3469, .F. ) ;
#3823 = ORIENTED_EDGE ( 'NONE', *, *, #813, .T. ) ;
#3824 = FILL_AREA_STYLE ('',( #4543 ) ) ;
#3825 = VECTOR ( 'NONE', #702, 1000.000000000000000 ) ;
#3826 = DIRECTION ( 'NONE',  ( 0.0000000000000000000, -1.000000000000000000, 0.0000000000000000000 ) ) ;
#3827 = PLANE ( 'NONE',  #4178 ) ;
#3828 = DIRECTION ( 'NONE',  ( 0.0000000000000000000, 0.0000000000000000000, -1.000000000000000000 ) ) ;
#3829 = UNCERTAINTY_MEASURE_WITH_UNIT (LENGTH_MEASURE( 1.000000000000000082E-05 ), #2268, 'distance_accuracy_value', 'NONE');
#3830 = FACE_OUTER_BOUND ( 'NONE', #228, .T. ) ;
#3831 = ORIENTED_EDGE ( 'NONE', *, *, #237, .T. ) ;
#3832 = ORIENTED_EDGE ( 'NONE', *, *, #888, .T. ) ;
#3833 = ORIENTED_EDGE ( 'NONE', *, *, #2101, .F. ) ;
#3834 = VECTOR ( 'NONE', #295, 1000.000000000000000 ) ;
#3835 = SURFACE_STYLE_USAGE ( .BOTH. , #3900 ) ;
#3836 = EDGE_CURVE ( 'NONE', #2487, #1615, #560, .T. ) ;
#3837 = CARTESIAN_POINT ( 'NONE',  ( 0.3116948610704900480, 1.949999999999999512, -0.4731999283991038530 ) ) ;
#3838 = CARTESIAN_POINT ( 'NONE',  ( 0.04180996273842500083, 1.948000000000000176, -1.049289473782991866 ) ) ;
#3839 = DIRECTION ( 'NONE',  ( 1.668003342285391551E-16, 0.0000000000000000000, -1.000000000000000000 ) ) ;
#3840 = CARTESIAN_POINT ( 'NONE',  ( -0.2499999999999996392, 1.947999999999999954, -0.8925004927416221312 ) ) ;
#3841 = FILL_AREA_STYLE ('',( #3794 ) ) ;
#3842 = CARTESIAN_POINT ( 'NONE',  ( 1.364570048213274100, 1.947999999999999954, 0.3297653346063704749 ) ) ;
#3843 = DIRECTION ( 'NONE',  ( -2.170143416902684735E-32, -1.000000000000000000, 0.0000000000000000000 ) ) ;
#3844 = ORIENTED_EDGE ( 'NONE', *, *, #4182, .T. ) ;
#3845 = DIRECTION ( 'NONE',  ( -1.000000000000000000, 0.0000000000000000000, 1.668003342285391551E-16 ) ) ;
#3846 = ORIENTED_EDGE ( 'NONE', *, *, #306, .F. ) ;
#3847 = CARTESIAN_POINT ( 'NONE',  ( 1.374397171363381576, 1.948000000000000398, 0.6647038430021480204 ) ) ;
#3848 = B_SPLINE_CURVE_WITH_KNOTS ( 'NONE', 3,
 ( #3533, #1038, #1387, #3869 ),
 .UNSPECIFIED., .F., .F.,
 ( 4, 4 ),
 ( 0.0000000000000000000, 1.000000000000000000 ),
 .UNSPECIFIED. ) ;
#3849 = CARTESIAN_POINT ( 'NONE',  ( -0.2499999999999996392, 1.947999999999999954, -0.2245317427416221590 ) ) ;
#3850 = CARTESIAN_POINT ( 'NONE',  ( -0.4444078632343570479, 1.948000000000000176, -0.9544279157223143351 ) ) ;
#3851 = CARTESIAN_POINT ( 'NONE',  ( 1.374153553548058238, 1.950000000000000178, 0.5300042640537573346 ) ) ;
#3852 = MECHANICAL_DESIGN_GEOMETRIC_PRESENTATION_REPRESENTATION (  '', ( #3403 ), #4096 ) ;
#3853 = CARTESIAN_POINT ( 'NONE',  ( 2.824795144358620558, 0.1235696882347456088, 1.250000000000000222 ) ) ;
#3854 = CARTESIAN_POINT ( 'NONE',  ( -1.054687499999999556, 1.949999999999999956, 0.5578901322583778022 ) ) ;
#3855 = CARTESIAN_POINT ( 'NONE',  ( -0.1601562499999996114, 1.947999999999999954, 0.6754682572583776690 ) ) ;
#3856 = LINE ( 'NONE', #1517, #2940 ) ;
#3857 = ORIENTED_EDGE ( 'NONE', *, *, #974, .F. ) ;
#3858 = LINE ( 'NONE', #1128, #1144 ) ;
#3859 = EDGE_CURVE ( 'NONE', #2990, #501, #2324, .T. ) ;
#3860 = CARTESIAN_POINT ( 'NONE',  ( 1.293690439412771065, 1.950000000000000400, 0.7745883107353331853 ) ) ;
#3861 = AXIS2_PLACEMENT_3D ( 'NONE', #3770, #4194, #4181 ) ;
#3862 = CIRCLE ( 'NONE', #4527, 0.1499999999999999944 ) ;
#3863 = CARTESIAN_POINT ( 'NONE',  ( 0.8499999999999994227, 1.947999999999999954, -0.6100786177416221978 ) ) ;
#3864 = CYLINDRICAL_SURFACE ( 'NONE', #128, 0.1499999999999999667 ) ;
#3865 = MECHANICAL_DESIGN_GEOMETRIC_PRESENTATION_REPRESENTATION (  '', ( #3178 ), #4122 ) ;
#3866 = ORIENTED_EDGE ( 'NONE', *, *, #1315, .T. ) ;
#3867 = VECTOR ( 'NONE', #958, 1000.000000000000000 ) ;
#3868 = LINE ( 'NONE', #733, #941 ) ;
#3869 = CARTESIAN_POINT ( 'NONE',  ( -2.840729278764758892, 0.1579500538070878202, 1.250000000000001554 ) ) ;
#3870 = DIRECTION ( 'NONE',  ( 0.0000000000000000000, 0.0000000000000000000, 1.000000000000000000 ) ) ;
#3871 = ORIENTED_EDGE ( 'NONE', *, *, #2206, .F. ) ;
#3872 = LINE ( 'NONE', #469, #320 ) ;
#3873 = EDGE_CURVE ( 'NONE', #767, #2612, #1382, .T. ) ;
#3874 = VECTOR ( 'NONE', #4603, 1000.000000000000000 ) ;
#3875 = VERTEX_POINT ( 'NONE', #3899 ) ;
#3876 = ORIENTED_EDGE ( 'NONE', *, *, #1170, .F. ) ;
#3877 = B_SPLINE_SURFACE_WITH_KNOTS ( 'NONE', 3, 1, ( 
 ( #3697, #3390 ),
 ( #865, #15 ),
 ( #2261, #1474 ),
 ( #2352, #2323 ),
 ( #3372, #1375 ),
 ( #3508, #3524 ),
 ( #3257, #2599 ),
 ( #3476, #1920 ),
 ( #1232, #3046 ),
 ( #3036, #2683 ),
 ( #3362, #2334 ) ),
 .UNSPECIFIED., .F., .F., .F.,
 ( 4, 1, 1, 1, 1, 1, 1, 1, 4 ),
 ( 2, 2 ),
 ( 0.0000000000000000000, 0.1627076584026206085, 0.3031447916191870595, 0.4228495075813598070, 0.5269640502804006088, 0.6294261677196413274, 0.7404514699768505182, 0.8620424058176776594, 1.000000000000000000 ),
 ( 0.0000000000000000000, 1.000000000000000000 ),
 .UNSPECIFIED. ) ;
#3878 = VECTOR ( 'NONE', #3024, 1000.000000000000000 ) ;
#3879 = ORIENTED_EDGE ( 'NONE', *, *, #272, .F. ) ;
#3880 = CARTESIAN_POINT ( 'NONE',  ( 1.874999999999999334, 1.947999999999999954, -1.049531742741622198 ) ) ;
#3881 = LINE ( 'NONE', #3950, #2100 ) ;
#3882 = B_SPLINE_CURVE_WITH_KNOTS ( 'NONE', 3,
 ( #1076, #4360, #3211, #4613, #2476, #1417, #704, #3204, #1069, #3561, #2991 ),
 .UNSPECIFIED., .F., .F.,
 ( 4, 1, 1, 1, 1, 1, 1, 1, 4 ),
 ( 0.0000000000000000000, 0.1627076584026206085, 0.3031447916191870595, 0.4228495075813598070, 0.5269640502804006088, 0.6294261677196413274, 0.7404514699768505182, 0.8620424058176776594, 1.000000000000000000 ),
 .UNSPECIFIED. ) ;
#3883 = DIRECTION ( 'NONE',  ( 1.668003342285391304E-16, -6.505213034913019504E-15, -1.000000000000000000 ) ) ;
#3884 = DIRECTION ( 'NONE',  ( -1.000000000000000000, 0.0000000000000000000, 0.0000000000000000000 ) ) ;
#3885 = DIRECTION ( 'NONE',  ( -1.000000000000000000, 0.0000000000000000000, -0.0000000000000000000 ) ) ;
#3886 = DIRECTION ( 'NONE',  ( -0.0000000000000000000, 0.0000000000000000000, 1.000000000000000000 ) ) ;
#3887 = ORIENTED_EDGE ( 'NONE', *, *, #4140, .F. ) ;
#3888 = PLANE ( 'NONE',  #2340 ) ;
#3889 = FILL_AREA_STYLE_COLOUR ( '', #3449 ) ;
#3890 = EDGE_CURVE ( 'NONE', #2192, #4240, #3766, .T. ) ;
#3891 = PLANE ( 'NONE',  #1166 ) ;
#3892 = CARTESIAN_POINT ( 'NONE',  ( -0.2113631532733617202, 1.948000000000000620, -0.9633283048749483601 ) ) ;
#3893 = PLANE ( 'NONE',  #3164 ) ;
#3894 = CARTESIAN_POINT ( 'NONE',  ( 0.04423956000254225529, 1.949999999999999956, -0.2299003996873247857 ) ) ;
#3895 = EDGE_CURVE ( 'NONE', #2180, #4465, #4343, .T. ) ;
#3896 = CARTESIAN_POINT ( 'NONE',  ( 2.850000000000000977, 1.949999999999999956, 2.400000000000000355 ) ) ;
#3897 =( LENGTH_UNIT ( ) NAMED_UNIT ( * ) SI_UNIT ( .MILLI., .METRE. ) );
#3898 = ORIENTED_EDGE ( 'NONE', *, *, #2387, .T. ) ;
#3899 = CARTESIAN_POINT ( 'NONE',  ( -1.930078124999999423, 1.949999999999999956, 0.1571088822583777689 ) ) ;
#3900 = SURFACE_SIDE_STYLE ('',( #1880 ) ) ;
#3901 = B_SPLINE_SURFACE_WITH_KNOTS ( 'NONE', 3, 1, ( 
 ( #4282, #4481 ),
 ( #4124, #4058 ),
 ( #4039, #3923 ),
 ( #3903, #2107 ),
 ( #3892, #3800 ),
 ( #3763, #3739 ),
 ( #3704, #3690 ),
 ( #3614, #3594 ),
 ( #3550, #3375 ),
 ( #3347, #3260 ),
 ( #3247, #3198 ) ),
 .UNSPECIFIED., .F., .F., .F.,
 ( 4, 1, 1, 1, 1, 1, 1, 1, 4 ),
 ( 2, 2 ),
 ( 0.0000000000000000000, 0.1383423290481983203, 0.2654979164518357915, 0.3879771727397753334, 0.5059987341909433223, 0.6195974035525063650, 0.7356512356941810049, 0.8614569045347086895, 0.9999999999999998890 ),
 ( 0.0000000000000000000, 1.000000000000000000 ),
 .UNSPECIFIED. ) ;
#3902 = CARTESIAN_POINT ( 'NONE',  ( 1.150383524071818320, 1.948000000000000176, 0.5886142024647106341 ) ) ;
#3903 = CARTESIAN_POINT ( 'NONE',  ( -0.1956631920767100685, 1.947999999999999954, -0.9700064906552622324 ) ) ;
#3904 = ORIENTED_EDGE ( 'NONE', *, *, #2114, .T. ) ;
#3905 = CARTESIAN_POINT ( 'NONE',  ( -0.5148437499999997113, 1.947999999999999954, -0.9745317427416221312 ) ) ;
#3906 = CARTESIAN_POINT ( 'NONE',  ( -0.7699218749999995337, 1.947999999999999954, 0.1465620072583777578 ) ) ;
#3907 = DIRECTION ( 'NONE',  ( -0.0000000000000000000, 0.0000000000000000000, -1.000000000000000000 ) ) ;
#3908 = FACE_OUTER_BOUND ( 'NONE', #4606, .T. ) ;
#3909 = ORIENTED_EDGE ( 'NONE', *, *, #2953, .T. ) ;
#3910 = FACE_OUTER_BOUND ( 'NONE', #623, .T. ) ;
#3911 = VERTEX_POINT ( 'NONE', #3934 ) ;
#3912 = DIRECTION ( 'NONE',  ( -1.000000000000000000, 0.0000000000000000000, 0.0000000000000000000 ) ) ;
#3913 = CARTESIAN_POINT ( 'NONE',  ( 2.840729278764758892, 0.1579500538070878202, 2.013768404913236072E-17 ) ) ;
#3914 = DIRECTION ( 'NONE',  ( 1.668003342285391304E-16, 6.505213034913019504E-15, 1.000000000000000000 ) ) ;
#3915 = CARTESIAN_POINT ( 'NONE',  ( 0.4095710002299232655, 1.947999999999999732, -0.2989509158426672530 ) ) ;
#3916 = SURFACE_STYLE_FILL_AREA ( #3645 ) ;
#3917 = EDGE_CURVE ( 'NONE', #149, #4546, #4003, .T. ) ;
#3918 = SURFACE_STYLE_FILL_AREA ( #4587 ) ;
#3919 = EDGE_CURVE ( 'NONE', #2612, #3719, #2215, .T. ) ;
#3920 = CARTESIAN_POINT ( 'NONE',  ( 1.200521831480332979, 1.950000000000000178, 0.2488750050303991379 ) ) ;
#3921 = ORIENTED_EDGE ( 'NONE', *, *, #1043, .T. ) ;
#3922 = AXIS2_PLACEMENT_3D ( 'NONE', #1949, #3769, #1973 ) ;
#3923 = CARTESIAN_POINT ( 'NONE',  ( -0.1780640152784922214, 1.950000000000000178, -0.9740326654961621866 ) ) ;
#3924 = COLOUR_RGB ( '',0.3098039215686274606, 0.3098039215686274606, 0.3098039215686274606 ) ;
#3925 = DIRECTION ( 'NONE',  ( 0.0000000000000000000, 0.0000000000000000000, -1.000000000000000000 ) ) ;
#3926 = CARTESIAN_POINT ( 'NONE',  ( 2.869999999999999218, 0.1000000000000001582, -1.249999999999999778 ) ) ;
#3927 = ORIENTED_EDGE ( 'NONE', *, *, #3919, .T. ) ;
#3928 = ORIENTED_EDGE ( 'NONE', *, *, #2469, .F. ) ;
#3929 = VERTEX_POINT ( 'NONE', #2900 ) ;
#3930 = LINE ( 'NONE', #688, #3122 ) ;
#3931 = CARTESIAN_POINT ( 'NONE',  ( 0.4582031250000002665, 1.947999999999999954, 0.6032026322583777800 ) ) ;
#3932 = CARTESIAN_POINT ( 'NONE',  ( -0.8015624999999995115, 1.947999999999999954, 0.7582807572583777356 ) ) ;
#3933 = CARTESIAN_POINT ( 'NONE',  ( -1.053323541470564395, 1.948000000000000176, 0.5908997914330877954 ) ) ;
#3934 = CARTESIAN_POINT ( 'NONE',  ( 1.874999999999999334, 1.949999999999999956, -1.049531742741622198 ) ) ;
#3935 = VECTOR ( 'NONE', #2999, 1000.000000000000000 ) ;
#3936 = EDGE_LOOP ( 'NONE', ( #2287, #102, #122, #4433 ) ) ;
#3937 = VERTEX_POINT ( 'NONE', #4303 ) ;
#3938 = VERTEX_POINT ( 'NONE', #3255 ) ;
#3939 = EDGE_LOOP ( 'NONE', ( #3822, #1124, #954, #1821 ) ) ;
#3940 = VECTOR ( 'NONE', #565, 1000.000000000000000 ) ;
#3941 = CARTESIAN_POINT ( 'NONE',  ( 1.325417944712371288, 1.947999999999999066, -0.1196109122439482642 ) ) ;
#3942 = VECTOR ( 'NONE', #2643, 1000.000000000000000 ) ;
#3943 = CARTESIAN_POINT ( 'NONE',  ( 0.3250000000000003997, 1.949999999999999956, -0.6046098677416221756 ) ) ;
#3944 = DIRECTION ( 'NONE',  ( -0.0000000000000000000, 0.0000000000000000000, -1.000000000000000000 ) ) ;
#3945 = CARTESIAN_POINT ( 'NONE',  ( 1.184570836518352710, 1.948000000000000176, 0.3155642374280125395 ) ) ;
#3946 = DIRECTION ( 'NONE',  ( -0.0000000000000000000, 1.000000000000000000, -0.0000000000000000000 ) ) ;
#3947 = CARTESIAN_POINT ( 'NONE',  ( 0.4615004472511460287, 1.948000000000000620, 0.6097240041586983184 ) ) ;
#3948 = DIRECTION ( 'NONE',  ( 0.0000000000000000000, -1.000000000000000000, 0.0000000000000000000 ) ) ;
#3949 = CARTESIAN_POINT ( 'NONE',  ( -1.930078124999999423, 1.947999999999999954, 0.2098432572583778244 ) ) ;
#3950 = CARTESIAN_POINT ( 'NONE',  ( -0.1593749999999996836, 1.947999999999999954, -0.9745317427416221312 ) ) ;
#3951 = VERTEX_POINT ( 'NONE', #1119 ) ;
#3952 =( GEOMETRIC_REPRESENTATION_CONTEXT ( 3 ) GLOBAL_UNCERTAINTY_ASSIGNED_CONTEXT ( ( #2815 ) ) GLOBAL_UNIT_ASSIGNED_CONTEXT ( ( #1859, #4363, #2221 ) ) REPRESENTATION_CONTEXT ( 'NONE', 'WORKASPACE' ) );
#3953 = CARTESIAN_POINT ( 'NONE',  ( 1.505524970118025552, 1.949999999999999067, -0.4972286647058513087 ) ) ;
#3954 = CARTESIAN_POINT ( 'NONE',  ( -1.260004235965367592, 1.947999999999999510, 0.6645098911116238405 ) ) ;
#3955 = CARTESIAN_POINT ( 'NONE',  ( -0.003003747401777201974, 1.950000000000000178, -0.9737652170563725340 ) ) ;
#3956 = PRESENTATION_LAYER_ASSIGNMENT (  '', '', ( #3499 ) ) ;
#3957 = DIRECTION ( 'NONE',  ( -0.0000000000000000000, 0.0000000000000000000, 1.000000000000000000 ) ) ;
#3958 = EDGE_CURVE ( 'NONE', #2145, #1632, #2971, .T. ) ;
#3959 = VERTEX_POINT ( 'NONE', #3601 ) ;
#3960 = CARTESIAN_POINT ( 'NONE',  ( 0.5250000000000003553, 1.950000000000000178, -0.6268754927416221312 ) ) ;
#3961 = CARTESIAN_POINT ( 'NONE',  ( 1.469718235009653151, 1.948000000000001064, -0.4261964218215025246 ) ) ;
#3962 = CARTESIAN_POINT ( 'NONE',  ( 1.442533940070729326, 1.950000000000000178, -0.1096469340164602790 ) ) ;
#3963 = DIRECTION ( 'NONE',  ( -0.0000000000000000000, -0.0000000000000000000, 1.000000000000000000 ) ) ;
#3964 = CARTESIAN_POINT ( 'NONE',  ( 0.5086173604937543891, 1.947999999999999954, 0.6632092074503195267 ) ) ;
#3965 = UNCERTAINTY_MEASURE_WITH_UNIT (LENGTH_MEASURE( 1.000000000000000082E-05 ), #104, 'distance_accuracy_value', 'NONE');
#3966 = EDGE_CURVE ( 'NONE', #1062, #2549, #3881, .T. ) ;
#3967 = EDGE_LOOP ( 'NONE', ( #4551, #777, #544, #105, #4107, #3135, #511, #1960, #2067, #1323, #3344, #3831 ) ) ;
#3968 = ORIENTED_EDGE ( 'NONE', *, *, #219, .F. ) ;
#3969 = LINE ( 'NONE', #3300, #1139 ) ;
#3970 = ORIENTED_EDGE ( 'NONE', *, *, #4622, .T. ) ;
#3971 = CARTESIAN_POINT ( 'NONE',  ( 0.9121093749999994449, 1.949999999999999956, -0.5995317427416220202 ) ) ;
#3972 = CARTESIAN_POINT ( 'NONE',  ( 1.045593357294463788, 1.947999999999999288, -0.8587978328277726670 ) ) ;
#3973 = PLANE ( 'NONE',  #4108 ) ;
#3974 = DIRECTION ( 'NONE',  ( -1.668003342285391304E-16, 6.505213034913019504E-15, 1.000000000000000000 ) ) ;
#3975 = CARTESIAN_POINT ( 'NONE',  ( -1.497656249999999467, 1.947999999999999954, 0.7582807572583777356 ) ) ;
#3976 = VECTOR ( 'NONE', #4288, 1000.000000000000000 ) ;
#3977 = CARTESIAN_POINT ( 'NONE',  ( 0.5250000000000003553, 1.950000000000000178, -0.6268754927416221312 ) ) ;
#3978 =( GEOMETRIC_REPRESENTATION_CONTEXT ( 3 ) GLOBAL_UNCERTAINTY_ASSIGNED_CONTEXT ( ( #2975 ) ) GLOBAL_UNIT_ASSIGNED_CONTEXT ( ( #928, #3421, #1280 ) ) REPRESENTATION_CONTEXT ( 'NONE', 'WORKASPACE' ) );
#3979 = CARTESIAN_POINT ( 'NONE',  ( 1.369618662865971226, 1.947999999999999954, 0.6971714421319312738 ) ) ;
#3980 = LINE ( 'NONE', #1483, #1367 ) ;
#3981 =( NAMED_UNIT ( * ) SI_UNIT ( $, .STERADIAN. ) SOLID_ANGLE_UNIT ( ) );
#3982 = DIRECTION ( 'NONE',  ( 1.000000000000000000, 0.0000000000000000000, 0.0000000000000000000 ) ) ;
#3983 = VERTEX_POINT ( 'NONE', #412 ) ;
#3984 = EDGE_CURVE ( 'NONE', #2851, #4413, #216, .T. ) ;
#3985 = ORIENTED_EDGE ( 'NONE', *, *, #3117, .T. ) ;
#3986 = LINE ( 'NONE', #1977, #3063 ) ;
#3987 = CARTESIAN_POINT ( 'NONE',  ( 1.969999999999998641, -0.09999999999999958922, 1.250000000000000444 ) ) ;
#3988 = LINE ( 'NONE', #2281, #1982 ) ;
#3989 = B_SPLINE_SURFACE_WITH_KNOTS ( 'NONE', 3, 1, ( 
 ( #842, #795 ),
 ( #736, #724 ),
 ( #552, #528 ),
 ( #505, #490 ),
 ( #474, #427 ),
 ( #409, #394 ),
 ( #362, #199 ),
 ( #183, #173 ),
 ( #139, #124 ),
 ( #111, #77 ),
 ( #28, #9 ) ),
 .UNSPECIFIED., .F., .F., .F.,
 ( 4, 1, 1, 1, 1, 1, 1, 1, 4 ),
 ( 2, 2 ),
 ( 0.0000000000000000000, 0.1025251202142046930, 0.1993233161830196554, 0.2989137924798606072, 0.4031036759861860164, 0.5176905750491206382, 0.6510222377263649163, 0.8108036024447183854, 1.000000000000000000 ),
 ( 0.0000000000000000000, 1.000000000000000000 ),
 .UNSPECIFIED. ) ;
#3990 = ORIENTED_EDGE ( 'NONE', *, *, #1689, .F. ) ;
#3991 = LINE ( 'NONE', #3335, #3069 ) ;
#3992 = EDGE_CURVE ( 'NONE', #2211, #3806, #1172, .T. ) ;
#3993 = FACE_OUTER_BOUND ( 'NONE', #4284, .T. ) ;
#3994 = CARTESIAN_POINT ( 'NONE',  ( 1.089318668136561197, 1.948000000000000176, -0.8826656195883684219 ) ) ;
#3995 = CARTESIAN_POINT ( 'NONE',  ( -0.4928006502841773551, 1.949999999999999734, -0.9740660627290346207 ) ) ;
#3996 = ORIENTED_EDGE ( 'NONE', *, *, #2463, .F. ) ;
#3997 = ORIENTED_EDGE ( 'NONE', *, *, #3090, .T. ) ;
#3998 = CARTESIAN_POINT ( 'NONE',  ( -2.849999999999999201, 1.050000000000000266, 1.250000000000001554 ) ) ;
#3999 = VECTOR ( 'NONE', #2923, 1000.000000000000000 ) ;
#4000 = ORIENTED_EDGE ( 'NONE', *, *, #2567, .T. ) ;
#4001 = CARTESIAN_POINT ( 'NONE',  ( -1.497656249999999467, 1.949999999999999956, 0.6949995072583777800 ) ) ;
#4002 = SURFACE_STYLE_USAGE ( .BOTH. , #1519 ) ;
#4003 = LINE ( 'NONE', #3586, #3081 ) ;
#4004 = CARTESIAN_POINT ( 'NONE',  ( 2.365532012695649373E-15, 0.0000000000000000000, 1.500000000000002887 ) ) ;
#4005 =( LENGTH_UNIT ( ) NAMED_UNIT ( * ) SI_UNIT ( .MILLI., .METRE. ) );
#4006 = B_SPLINE_SURFACE_WITH_KNOTS ( 'NONE', 3, 1, ( 
 ( #3462, #4143 ),
 ( #1313, #1655 ),
 ( #968, #617 ),
 ( #254, #240 ),
 ( #1676, #2962 ),
 ( #4374, #2585 ),
 ( #2218, #4024 ),
 ( #4359, #853 ),
 ( #3676, #3995 ),
 ( #4008, #2984 ),
 ( #3311, #3327 ) ),
 .UNSPECIFIED., .F., .F., .F.,
 ( 4, 1, 1, 1, 1, 1, 1, 1, 4 ),
 ( 2, 2 ),
 ( 0.0000000000000000000, 0.1379352867459515131, 0.2621903052083504049, 0.3706756090927862957, 0.4731211586353580301, 0.5772188662442382379, 0.6969042262198819060, 0.8373186510641271729, 1.000000000000000000 ),
 ( 0.0000000000000000000, 1.000000000000000000 ),
 .UNSPECIFIED. ) ;
#4007 = CARTESIAN_POINT ( 'NONE',  ( 0.9174593476185883834, 1.949999999999999956, -0.6231078888497151302 ) ) ;
#4008 = CARTESIAN_POINT ( 'NONE',  ( -0.5071447862218140257, 1.947999999999999954, -0.9743690953102102092 ) ) ;
#4009 = DIRECTION ( 'NONE',  ( 0.0000000000000000000, 0.0000000000000000000, 1.000000000000000000 ) ) ;
#4010 = ADVANCED_FACE ( 'NONE', ( #2845 ), #782, .T. ) ;
#4011 = CARTESIAN_POINT ( 'NONE',  ( -0.2499999999999996392, 1.947999999999999954, -0.1495317427416221756 ) ) ;
#4012 = LINE ( 'NONE', #592, #1294 ) ;
#4013 = EDGE_CURVE ( 'NONE', #2435, #2375, #959, .T. ) ;
#4014 = B_SPLINE_SURFACE_WITH_KNOTS ( 'NONE', 3, 1, ( 
 ( #52, #2898 ),
 ( #2539, #410 ),
 ( #2919, #780 ),
 ( #3271, #1129 ),
 ( #3623, #1486 ),
 ( #3964, #1834 ),
 ( #4334, #2188 ),
 ( #64, #2565 ),
 ( #428, #2935 ) ),
 .UNSPECIFIED., .F., .F., .F.,
 ( 4, 1, 1, 1, 1, 1, 4 ),
 ( 2, 2 ),
 ( 0.0000000000000000000, 0.1622740009151285578, 0.3073003050539820924, 0.4366585655038450753, 0.5550128254279764750, 0.7747839085758535527, 1.000000000000000000 ),
 ( 0.0000000000000000000, 1.000000000000000000 ),
 .UNSPECIFIED. ) ;
#4015 = DIRECTION ( 'NONE',  ( 0.0000000000000000000, 0.0000000000000000000, 1.000000000000000000 ) ) ;
#4016 = CARTESIAN_POINT ( 'NONE',  ( -3.069999999999999396, 0.05000000000000012768, -1.249999999999991118 ) ) ;
#4017 = DIRECTION ( 'NONE',  ( 0.0000000000000000000, -1.000000000000000000, 0.0000000000000000000 ) ) ;
#4018 = CARTESIAN_POINT ( 'NONE',  ( 0.3194796320855440297, 1.950000000000000844, -0.5141088670816679196 ) ) ;
#4019 = AXIS2_PLACEMENT_3D ( 'NONE', #1796, #2520, #395 ) ;
#4020 = MECHANICAL_DESIGN_GEOMETRIC_PRESENTATION_REPRESENTATION (  '', ( #3545 ), #4259 ) ;
#4021 = ORIENTED_EDGE ( 'NONE', *, *, #4074, .T. ) ;
#4022 = EDGE_CURVE ( 'NONE', #3514, #4101, #1057, .T. ) ;
#4023 = CARTESIAN_POINT ( 'NONE',  ( 0.1984596211771343377, 1.947999999999999732, -0.2950683117660161114 ) ) ;
#4024 = CARTESIAN_POINT ( 'NONE',  ( -0.4569693768883054674, 1.949999999999999956, -0.9637753671948874334 ) ) ;
#4025 = DIRECTION ( 'NONE',  ( -1.445602896647339163E-16, 0.0000000000000000000, -1.000000000000000000 ) ) ;
#4026 = DIRECTION ( 'NONE',  ( 1.577021341797096623E-15, 0.0000000000000000000, 1.000000000000000000 ) ) ;
#4027 = EDGE_LOOP ( 'NONE', ( #1624, #1279, #440, #4137 ) ) ;
#4028 = DIRECTION ( 'NONE',  ( 0.0000000000000000000, 1.000000000000000000, 0.0000000000000000000 ) ) ;
#4029 = DIRECTION ( 'NONE',  ( 1.000000000000000000, 0.0000000000000000000, 0.0000000000000000000 ) ) ;
#4030 = DIRECTION ( 'NONE',  ( 0.0000000000000000000, 0.0000000000000000000, 1.000000000000000000 ) ) ;
#4031 = DIRECTION ( 'NONE',  ( 0.0000000000000000000, -1.000000000000000000, 0.0000000000000000000 ) ) ;
#4032 = VECTOR ( 'NONE', #2708, 1000.000000000000000 ) ;
#4033 = CIRCLE ( 'NONE', #2445, 0.09999999999999982514 ) ;
#4034 = ADVANCED_FACE ( 'NONE', ( #1764 ), #3291, .T. ) ;
#4035 = DIRECTION ( 'NONE',  ( 8.340016711426957754E-17, 0.0000000000000000000, 1.000000000000000000 ) ) ;
#4036 = STYLED_ITEM ( 'NONE', ( #1042 ), #177 ) ;
#4037 = COLOUR_RGB ( '',0.3098039215686274606, 0.3098039215686274606, 0.3098039215686274606 ) ;
#4038 = FACE_OUTER_BOUND ( 'NONE', #1335, .T. ) ;
#4039 = CARTESIAN_POINT ( 'NONE',  ( -0.1780640152784922214, 1.948000000000000176, -0.9740326654961621866 ) ) ;
#4040 = CARTESIAN_POINT ( 'NONE',  ( 1.856008364469154737, 1.950000000000000178, -0.9459556516996279196 ) ) ;
#4041 = LINE ( 'NONE', #357, #1904 ) ;
#4042 = FILL_AREA_STYLE ('',( #3692 ) ) ;
#4043 = CARTESIAN_POINT ( 'NONE',  ( -2.649999999999998579, 1.949999999999999956, 2.400000000000000799 ) ) ;
#4044 = CARTESIAN_POINT ( 'NONE',  ( -1.223437499999999512, 1.947999999999999954, 0.1465620072583777578 ) ) ;
#4045 = CARTESIAN_POINT ( 'NONE',  ( 1.713205598861722301, 1.947999999999999954, -0.7098637071688893574 ) ) ;
#4046 = ORIENTED_EDGE ( 'NONE', *, *, #880, .T. ) ;
#4047 = ORIENTED_EDGE ( 'NONE', *, *, #1426, .T. ) ;
#4048 = EDGE_LOOP ( 'NONE', ( #4260, #4054, #1765, #3921 ) ) ;
#4049 = FACE_OUTER_BOUND ( 'NONE', #3967, .T. ) ;
#4050 = VECTOR ( 'NONE', #4030, 1000.000000000000000 ) ;
#4051 = VERTEX_POINT ( 'NONE', #2207 ) ;
#4052 = EDGE_LOOP ( 'NONE', ( #2647, #4171, #3079, #2850, #2361 ) ) ;
#4053 = EDGE_CURVE ( 'NONE', #4174, #784, #4612, .T. ) ;
#4054 = ORIENTED_EDGE ( 'NONE', *, *, #695, .F. ) ;
#4055 = CARTESIAN_POINT ( 'NONE',  ( 0.07979734129323104441, 1.949999999999999512, -1.048818587392941426 ) ) ;
#4056 = LINE ( 'NONE', #1605, #3129 ) ;
#4057 = ADVANCED_FACE ( 'NONE', ( #838 ), #66, .F. ) ;
#4058 = CARTESIAN_POINT ( 'NONE',  ( -0.1657772393262032518, 1.949999999999999956, -0.9743607753621169598 ) ) ;
#4059 = CARTESIAN_POINT ( 'NONE',  ( -0.1601562499999996114, 1.947999999999999954, 0.6754682572583776690 ) ) ;
#4060 = EDGE_CURVE ( 'NONE', #3068, #2143, #4172, .T. ) ;
#4061 = CARTESIAN_POINT ( 'NONE',  ( -2.919999999999999485, 1.050000000000000266, 1.250000000000001554 ) ) ;
#4062 = CARTESIAN_POINT ( 'NONE',  ( -1.930078124999999423, 1.947999999999999954, 0.2098432572583778244 ) ) ;
#4063 = CARTESIAN_POINT ( 'NONE',  ( -3.069999999999999396, 1.050000000000000266, -1.249999999999997558 ) ) ;
#4064 = CARTESIAN_POINT ( 'NONE',  ( 0.9275983890679022625, 1.949999999999999956, -0.6677884021245813484 ) ) ;
#4065 = CARTESIAN_POINT ( 'NONE',  ( 1.364988705153460824, 1.947999999999999510, 0.3003259657617208811 ) ) ;
#4066 = CARTESIAN_POINT ( 'NONE',  ( -0.2499999999999996392, 1.947999999999999954, 0.5930463822583778022 ) ) ;
#4067 = EDGE_LOOP ( 'NONE', ( #3590, #761, #4614, #2226 ) ) ;
#4068 = B_SPLINE_SURFACE_WITH_KNOTS ( 'NONE', 3, 1, ( 
 ( #4070, #1908 ),
 ( #1944, #4434 ),
 ( #2293, #168 ),
 ( #2663, #522 ),
 ( #3037, #903 ),
 ( #3391, #1244 ),
 ( #3737, #1599 ),
 ( #4086, #1955 ),
 ( #4457, #2305 ),
 ( #179, #2684 ),
 ( #542, #3047 ) ),
 .UNSPECIFIED., .F., .F., .F.,
 ( 4, 1, 1, 1, 1, 1, 1, 1, 4 ),
 ( 2, 2 ),
 ( 0.0000000000000000000, 0.1389665573117665198, 0.2651567556060758224, 0.3815653103695028081, 0.4975613113670595000, 0.6135917478710879447, 0.7364453663157886076, 0.8612348227549435631, 1.000000000000000000 ),
 ( 0.0000000000000000000, 1.000000000000000000 ),
 .UNSPECIFIED. ) ;
#4069 = CARTESIAN_POINT ( 'NONE',  ( -3.069999999999999396, 0.05000000000000040523, 1.250000000000000444 ) ) ;
#4070 = CARTESIAN_POINT ( 'NONE',  ( -0.2499999999999996392, 1.947999999999999954, 0.5930463822583778022 ) ) ;
#4071 = SURFACE_STYLE_FILL_AREA ( #2722 ) ;
#4072 = DIRECTION ( 'NONE',  ( 0.0000000000000000000, -1.000000000000000000, 5.782411586589357244E-15 ) ) ;
#4073 = CARTESIAN_POINT ( 'NONE',  ( -0.09999999999999961697, 1.947999999999999954, 0.7504682572583777356 ) ) ;
#4074 = EDGE_CURVE ( 'NONE', #1913, #692, #499, .T. ) ;
#4075 = B_SPLINE_SURFACE_WITH_KNOTS ( 'NONE', 3, 1, ( 
 ( #1019, #4203 ),
 ( #3515, #1362 ),
 ( #3847, #1724 ),
 ( #4218, #2071 ),
 ( #4572, #2439 ),
 ( #308, #2811 ),
 ( #668, #3169 ),
 ( #1029, #3527 ),
 ( #1381, #3860 ),
 ( #1735, #4235 ),
 ( #2086, #4584 ) ),
 .UNSPECIFIED., .F., .F., .F.,
 ( 4, 1, 1, 1, 1, 1, 1, 1, 4 ),
 ( 2, 2 ),
 ( 0.0000000000000000000, 0.1843245635595973930, 0.3369585332898165086, 0.4634522619422560830, 0.5673941914866630354, 0.6598687952600568174, 0.7604100239580350307, 0.8707474339948251263, 0.9999999999999998890 ),
 ( 0.0000000000000000000, 1.000000000000000000 ),
 .UNSPECIFIED. ) ;
#4076 = CARTESIAN_POINT ( 'NONE',  ( -0.03164062499999965861, 1.949999999999999956, -0.1495317427416221756 ) ) ;
#4077 = CARTESIAN_POINT ( 'NONE',  ( 0.02226562500000036499, 1.950000000000000178, -1.049531742741622198 ) ) ;
#4078 = CARTESIAN_POINT ( 'NONE',  ( 0.9121093749999994449, 1.947999999999999954, -0.5995317427416220202 ) ) ;
#4079 = EDGE_LOOP ( 'NONE', ( #999, #3072, #550, #1608 ) ) ;
#4080 = ORIENTED_EDGE ( 'NONE', *, *, #2227, .F. ) ;
#4081 = CARTESIAN_POINT ( 'NONE',  ( -0.5148437499999997113, 1.947999999999999954, -0.9745317427416221312 ) ) ;
#4082 = ADVANCED_FACE ( 'NONE', ( #3232 ), #1888, .T. ) ;
#4083 = STYLED_ITEM ( 'NONE', ( #879 ), #1568 ) ;
#4084 = ORIENTED_EDGE ( 'NONE', *, *, #4454, .T. ) ;
#4085 = CARTESIAN_POINT ( 'NONE',  ( -2.849999999999999201, 0.1000000000000000056, 1.500000000000000000 ) ) ;
#4086 = CARTESIAN_POINT ( 'NONE',  ( -0.1961579192086493340, 1.948000000000000620, 0.6708549736007173303 ) ) ;
#4087 = VECTOR ( 'NONE', #4009, 1000.000000000000000 ) ;
#4088 = DIRECTION ( 'NONE',  ( 1.000000000000000000, 0.0000000000000000000, -8.340016711426989801E-17 ) ) ;
#4089 = VERTEX_POINT ( 'NONE', #1534 ) ;
#4090 = CARTESIAN_POINT ( 'NONE',  ( 1.364827313912499340, 1.948000000000000176, 0.3469555937183242400 ) ) ;
#4091 = DIRECTION ( 'NONE',  ( 0.0000000000000000000, 0.0000000000000000000, -1.000000000000000000 ) ) ;
#4092 = ORIENTED_EDGE ( 'NONE', *, *, #3376, .F. ) ;
#4093 = CARTESIAN_POINT ( 'NONE',  ( 0.8499999999999994227, 1.949999999999999956, -0.6100786177416221978 ) ) ;
#4094 = CARTESIAN_POINT ( 'NONE',  ( -0.5071447862218140257, 1.949999999999999956, -0.9743690953102102092 ) ) ;
#4095 = LINE ( 'NONE', #1080, #1363 ) ;
#4096 =( GEOMETRIC_REPRESENTATION_CONTEXT ( 3 ) GLOBAL_UNCERTAINTY_ASSIGNED_CONTEXT ( ( #4594 ) ) GLOBAL_UNIT_ASSIGNED_CONTEXT ( ( #714, #2479, #3085 ) ) REPRESENTATION_CONTEXT ( 'NONE', 'WORKASPACE' ) );
#4097 = LINE ( 'NONE', #1463, #1261 ) ;
#4098 = VECTOR ( 'NONE', #2680, 1000.000000000000000 ) ;
#4099 = VECTOR ( 'NONE', #2307, 1000.000000000000000 ) ;
#4100 = DIRECTION ( 'NONE',  ( -0.0000000000000000000, 1.000000000000000000, -0.0000000000000000000 ) ) ;
#4101 = VERTEX_POINT ( 'NONE', #844 ) ;
#4102 = ADVANCED_FACE ( 'NONE', ( #381 ), #2976, .T. ) ;
#4103 = CARTESIAN_POINT ( 'NONE',  ( -0.03292754787075286710, 1.950000000000000400, -0.9742700699542301557 ) ) ;
#4104 = ORIENTED_EDGE ( 'NONE', *, *, #2842, .T. ) ;
#4105 = VECTOR ( 'NONE', #824, 1000.000000000000000 ) ;
#4106 = LINE ( 'NONE', #671, #437 ) ;
#4107 = ORIENTED_EDGE ( 'NONE', *, *, #1118, .T. ) ;
#4108 = AXIS2_PLACEMENT_3D ( 'NONE', #4345, #3944, #3884 ) ;
#4109 = ORIENTED_EDGE ( 'NONE', *, *, #3580, .F. ) ;
#4110 = CARTESIAN_POINT ( 'NONE',  ( 2.850000000000000977, 1.949999999999999956, 2.400000000000000355 ) ) ;
#4111 = AXIS2_PLACEMENT_3D ( 'NONE', #1340, #4541, #2406 ) ;
#4112 = CARTESIAN_POINT ( 'NONE',  ( -1.497656249999999467, 1.947999999999999954, 0.6949995072583777800 ) ) ;
#4113 = CARTESIAN_POINT ( 'NONE',  ( -2.649999999999999467, 1.949999999999999956, -2.599999999999999201 ) ) ;
#4114 = LINE ( 'NONE', #2391, #663 ) ;
#4115 = VERTEX_POINT ( 'NONE', #4404 ) ;
#4116 = SURFACE_SIDE_STYLE ('',( #2605 ) ) ;
#4117 = EDGE_CURVE ( 'NONE', #4310, #788, #1332, .T. ) ;
#4118 = AXIS2_PLACEMENT_3D ( 'NONE', #3237, #3480, #3473 ) ;
#4119 = DIRECTION ( 'NONE',  ( 0.0000000000000000000, 0.0000000000000000000, -1.000000000000000000 ) ) ;
#4120 = VECTOR ( 'NONE', #2543, 1000.000000000000000 ) ;
#4121 = UNCERTAINTY_MEASURE_WITH_UNIT (LENGTH_MEASURE( 1.000000000000000082E-05 ), #2985, 'distance_accuracy_value', 'NONE');
#4122 =( GEOMETRIC_REPRESENTATION_CONTEXT ( 3 ) GLOBAL_UNCERTAINTY_ASSIGNED_CONTEXT ( ( #3775 ) ) GLOBAL_UNIT_ASSIGNED_CONTEXT ( ( #1351, #3199, #2858 ) ) REPRESENTATION_CONTEXT ( 'NONE', 'WORKASPACE' ) );
#4123 = DIRECTION ( 'NONE',  ( 0.0000000000000000000, 1.000000000000000000, 0.0000000000000000000 ) ) ;
#4124 = CARTESIAN_POINT ( 'NONE',  ( -0.1657772393262032518, 1.947999999999999954, -0.9743607753621169598 ) ) ;
#4125 = CARTESIAN_POINT ( 'NONE',  ( -0.2445169274703949402, 1.949999999999999956, -0.9282540689507877696 ) ) ;
#4126 = EDGE_CURVE ( 'NONE', #1893, #2646, #2384, .T. ) ;
#4127 = ORIENTED_EDGE ( 'NONE', *, *, #2054, .F. ) ;
#4128 = CARTESIAN_POINT ( 'NONE',  ( -0.4249999999999996003, 1.949999999999999956, 0.5922651322583777356 ) ) ;
#4129 = CARTESIAN_POINT ( 'NONE',  ( -0.5071447862218140257, 1.947999999999999954, -0.9743690953102102092 ) ) ;
#4130 = CARTESIAN_POINT ( 'NONE',  ( 1.303482079960315732, 1.950000000000000622, -0.06793765589756085854 ) ) ;
#4131 = EDGE_CURVE ( 'NONE', #2316, #4246, #3124, .T. ) ;
#4132 = CARTESIAN_POINT ( 'NONE',  ( 0.1177570121112068990, 1.950000000000000400, -0.9511546469697838013 ) ) ;
#4133 = CIRCLE ( 'NONE', #119, 0.1499999999999999667 ) ;
#4134 = ADVANCED_FACE ( 'NONE', ( #2044 ), #155, .F. ) ;
#4135 = DIRECTION ( 'NONE',  ( -0.3784451192558107024, 0.0000000000000000000, -0.9256237311734478723 ) ) ;
#4136 = DIRECTION ( 'NONE',  ( 1.000000000000000000, 0.0000000000000000000, 0.0000000000000000000 ) ) ;
#4137 = ORIENTED_EDGE ( 'NONE', *, *, #335, .T. ) ;
#4138 =( LENGTH_UNIT ( ) NAMED_UNIT ( * ) SI_UNIT ( .MILLI., .METRE. ) );
#4139 = CARTESIAN_POINT ( 'NONE',  ( 0.08051156457677316469, 1.950000000000000400, -0.9617177867703419203 ) ) ;
#4140 = EDGE_CURVE ( 'NONE', #3607, #1054, #1106, .T. ) ;
#4141 = CARTESIAN_POINT ( 'NONE',  ( -0.4251486293465165933, 1.950000000000000178, 0.5988014818056278665 ) ) ;
#4142 = CARTESIAN_POINT ( 'NONE',  ( -0.4249999999999996003, 1.949999999999999956, 0.5922651322583777356 ) ) ;
#4143 = CARTESIAN_POINT ( 'NONE',  ( -0.4249999999999996003, 1.949999999999999956, -0.8913286177416221978 ) ) ;
#4144 = CARTESIAN_POINT ( 'NONE',  ( 1.719531249999999289, 1.949999999999999956, -0.8995317427416221756 ) ) ;
#4145 = ORIENTED_EDGE ( 'NONE', *, *, #3895, .T. ) ;
#4146 = EDGE_CURVE ( 'NONE', #1278, #574, #3427, .T. ) ;
#4147 = AXIS2_PLACEMENT_3D ( 'NONE', #6, #1093, #3581 ) ;
#4148 = CARTESIAN_POINT ( 'NONE',  ( -0.02812499999999961212, 1.947999999999864729, -0.2245317427416221590 ) ) ;
#4149 = CARTESIAN_POINT ( 'NONE',  ( -0.1961579192086493340, 1.950000000000000622, 0.6708549736007173303 ) ) ;
#4150 = LINE ( 'NONE', #4442, #477 ) ;
#4151 = LINE ( 'NONE', #976, #4258 ) ;
#4152 = ORIENTED_EDGE ( 'NONE', *, *, #1402, .F. ) ;
#4153 =( NAMED_UNIT ( * ) SI_UNIT ( $, .STERADIAN. ) SOLID_ANGLE_UNIT ( ) );
#4154 = CARTESIAN_POINT ( 'NONE',  ( -0.01574166323210817592, 1.950000000000000400, -0.2248461252419966527 ) ) ;
#4155 = LINE ( 'NONE', #1896, #1416 ) ;
#4156 = ADVANCED_FACE ( 'NONE', ( #3020, #3830 ), #2288, .F. ) ;
#4157 = LINE ( 'NONE', #2688, #1418 ) ;
#4158 = CARTESIAN_POINT ( 'NONE',  ( 0.4370555356034600547, 1.949999999999999512, -0.3290348028886042608 ) ) ;
#4159 = CARTESIAN_POINT ( 'NONE',  ( 0.08051156457677316469, 1.948000000000000398, -0.9617177867703419203 ) ) ;
#4160 = B_SPLINE_SURFACE_WITH_KNOTS ( 'NONE', 3, 1, ( 
 ( #3495, #1698 ),
 ( #3842, #1715 ),
 ( #4209, #2064 ),
 ( #4565, #2423 ),
 ( #297, #2803 ),
 ( #658, #3155 ),
 ( #1022, #3519 ),
 ( #1366, #3851 ),
 ( #1727, #4225 ),
 ( #2076, #4576 ),
 ( #2443, #313 ) ),
 .UNSPECIFIED., .F., .F., .F.,
 ( 4, 1, 1, 1, 1, 1, 1, 1, 4 ),
 ( 2, 2 ),
 ( 0.0000000000000000000, 0.07657827510164968987, 0.1684948859829596413, 0.2745363855408012310, 0.3972836525223302773, 0.5314956114491780070, 0.6771139892124806714, 0.8328224455333890219, 1.000000000000000000 ),
 ( 0.0000000000000000000, 1.000000000000000000 ),
 .UNSPECIFIED. ) ;
#4161 = PRESENTATION_STYLE_ASSIGNMENT (( #337 ) ) ;
#4162 = CARTESIAN_POINT ( 'NONE',  ( -0.4254282553332949246, 1.950000000000000400, 0.6110987382688288783 ) ) ;
#4163 = SURFACE_STYLE_USAGE ( .BOTH. , #4116 ) ;
#4164 = CARTESIAN_POINT ( 'NONE',  ( -2.750000000000000000, 0.2000000000000000944, -1.500000000000000000 ) ) ;
#4165 = ORIENTED_EDGE ( 'NONE', *, *, #2364, .T. ) ;
#4166 = ORIENTED_EDGE ( 'NONE', *, *, #4117, .F. ) ;
#4167 = EDGE_LOOP ( 'NONE', ( #406, #14, #1102, #4394 ) ) ;
#4168 = LINE ( 'NONE', #4618, #3226 ) ;
#4169 = VERTEX_POINT ( 'NONE', #3381 ) ;
#4170 = VECTOR ( 'NONE', #2055, 1000.000000000000000 ) ;
#4171 = ORIENTED_EDGE ( 'NONE', *, *, #448, .F. ) ;
#4172 = LINE ( 'NONE', #1180, #1438 ) ;
#4173 = EDGE_CURVE ( 'NONE', #398, #3718, #2148, .T. ) ;
#4174 = VERTEX_POINT ( 'NONE', #506 ) ;
#4175 = ORIENTED_EDGE ( 'NONE', *, *, #263, .T. ) ;
#4176 = CARTESIAN_POINT ( 'NONE',  ( -1.053323541470564395, 1.950000000000000178, 0.5908997914330877954 ) ) ;
#4177 = VECTOR ( 'NONE', #887, 1000.000000000000000 ) ;
#4178 = AXIS2_PLACEMENT_3D ( 'NONE', #3530, #1738, #4239 ) ;
#4179 = CARTESIAN_POINT ( 'NONE',  ( 2.649999999999999911, 0.0000000000000000000, -2.599999999999999201 ) ) ;
#4180 = DIRECTION ( 'NONE',  ( 0.0000000000000000000, 0.0000000000000000000, 1.000000000000000000 ) ) ;
#4181 = DIRECTION ( 'NONE',  ( 1.000000000000000000, 0.0000000000000000000, 0.0000000000000000000 ) ) ;
#4182 = EDGE_CURVE ( 'NONE', #2756, #1471, #1005, .T. ) ;
#4183 = DIRECTION ( 'NONE',  ( 1.000000000000000000, 0.0000000000000000000, 0.0000000000000000000 ) ) ;
#4184 = AXIS2_PLACEMENT_3D ( 'NONE', #3158, #1404, #1060 ) ;
#4185 = CARTESIAN_POINT ( 'NONE',  ( -1.930078124999999423, 1.949999999999999956, 0.1571088822583777689 ) ) ;
#4186 = ORIENTED_EDGE ( 'NONE', *, *, #1183, .T. ) ;
#4187 = ADVANCED_FACE ( 'NONE', ( #3724 ), #175, .T. ) ;
#4188 = CARTESIAN_POINT ( 'NONE',  ( -0.2116851755590709316, 1.949999999999999956, 0.6643699725225820085 ) ) ;
#4189 = CARTESIAN_POINT ( 'NONE',  ( 2.849999999999999201, 1.050000000000000266, 1.250000000000001554 ) ) ;
#4190 = EDGE_LOOP ( 'NONE', ( #4430, #4152, #287, #3879 ) ) ;
#4191 = PLANE ( 'NONE',  #4111 ) ;
#4192 = VECTOR ( 'NONE', #4602, 1000.000000000000000 ) ;
#4193 = CARTESIAN_POINT ( 'NONE',  ( -2.749999999999999112, 0.2000000000000000944, 1.500000000000000444 ) ) ;
#4194 = DIRECTION ( 'NONE',  ( -1.668003342285391551E-16, 0.0000000000000000000, 1.000000000000000000 ) ) ;
#4195 = CARTESIAN_POINT ( 'NONE',  ( 1.364827313912499340, 1.950000000000000178, 0.3469555937183242400 ) ) ;
#4196 = AXIS2_PLACEMENT_3D ( 'NONE', #2528, #1619, #2700 ) ;
#4197 = CARTESIAN_POINT ( 'NONE',  ( -0.09999999999999961697, 1.949999999999999956, 0.7504682572583777356 ) ) ;
#4198 = EDGE_LOOP ( 'NONE', ( #2649, #4525, #3170, #459 ) ) ;
#4199 = FILL_AREA_STYLE_COLOUR ( '', #4608 ) ;
#4200 = CARTESIAN_POINT ( 'NONE',  ( 0.3194796320855440297, 1.947999999999865617, -0.5141088670816679196 ) ) ;
#4201 = DIRECTION ( 'NONE',  ( -1.668003342285391551E-16, -0.0000000000000000000, -1.000000000000000000 ) ) ;
#4202 = ORIENTED_EDGE ( 'NONE', *, *, #3361, .F. ) ;
#4203 = CARTESIAN_POINT ( 'NONE',  ( 1.374999999999999334, 1.949999999999999956, 0.6278120072583777134 ) ) ;
#4204 = VECTOR ( 'NONE', #4414, 1000.000000000000000 ) ;
#4205 = VECTOR ( 'NONE', #4297, 1000.000000000000000 ) ;
#4206 = ORIENTED_EDGE ( 'NONE', *, *, #301, .T. ) ;
#4207 = DIRECTION ( 'NONE',  ( -0.0000000000000000000, -0.0000000000000000000, 1.000000000000000000 ) ) ;
#4208 = DIRECTION ( 'NONE',  ( 1.000000000000000000, 0.0000000000000000000, 0.0000000000000000000 ) ) ;
#4209 = CARTESIAN_POINT ( 'NONE',  ( 1.364827313912499340, 1.948000000000000176, 0.3469555937183242400 ) ) ;
#4210 = CARTESIAN_POINT ( 'NONE',  ( 2.787893352664561064, 0.09999999999999996392, 1.250000000000000222 ) ) ;
#4211 = MECHANICAL_DESIGN_GEOMETRIC_PRESENTATION_REPRESENTATION (  '', ( #3499 ), #4453 ) ;
#4212 = VECTOR ( 'NONE', #1947, 1000.000000000000000 ) ;
#4213 = EDGE_CURVE ( 'NONE', #1406, #4051, #1939, .T. ) ;
#4214 = ORIENTED_EDGE ( 'NONE', *, *, #350, .T. ) ;
#4215 = LINE ( 'NONE', #1448, #3277 ) ;
#4216 = EDGE_CURVE ( 'NONE', #4051, #4501, #899, .T. ) ;
#4217 = LINE ( 'NONE', #2300, #4098 ) ;
#4218 = CARTESIAN_POINT ( 'NONE',  ( 1.369618662865971226, 1.947999999999999954, 0.6971714421319312738 ) ) ;
#4219 = ORIENTED_EDGE ( 'NONE', *, *, #2337, .F. ) ;
#4220 = ORIENTED_EDGE ( 'NONE', *, *, #3004, .F. ) ;
#4221 = B_SPLINE_CURVE_WITH_KNOTS ( 'NONE', 3,
 ( #1262, #1246, #931, #3425, #1283, #3765, #1639, #4125, #1989, #4483, #2339 ),
 .UNSPECIFIED., .F., .F.,
 ( 4, 1, 1, 1, 1, 1, 1, 1, 4 ),
 ( 0.0000000000000000000, 0.1383423290481983203, 0.2654979164518357915, 0.3879771727397753334, 0.5059987341909433223, 0.6195974035525063650, 0.7356512356941810049, 0.8614569045347086895, 0.9999999999999998890 ),
 .UNSPECIFIED. ) ;
#4222 = ORIENTED_EDGE ( 'NONE', *, *, #397, .F. ) ;
#4223 = DIRECTION ( 'NONE',  ( -1.000000000000000000, 0.0000000000000000000, 0.0000000000000000000 ) ) ;
#4224 = VECTOR ( 'NONE', #2224, 1000.000000000000000 ) ;
#4225 = CARTESIAN_POINT ( 'NONE',  ( 1.374646174452346159, 1.949999999999999734, 0.5778114811187434752 ) ) ;
#4226 = VECTOR ( 'NONE', #980, 1000.000000000000000 ) ;
#4227 = ORIENTED_EDGE ( 'NONE', *, *, #1607, .F. ) ;
#4228 = ORIENTED_EDGE ( 'NONE', *, *, #3917, .F. ) ;
#4229 = LINE ( 'NONE', #3488, #328 ) ;
#4230 = VERTEX_POINT ( 'NONE', #4093 ) ;
#4231 = PLANE ( 'NONE',  #1164 ) ;
#4232 = DIRECTION ( 'NONE',  ( 0.1656782175001126067, 0.0000000000000000000, -0.9861798660721001752 ) ) ;
#4233 = VECTOR ( 'NONE', #68, 1000.000000000000000 ) ;
#4234 = EDGE_CURVE ( 'NONE', #2485, #2752, #2671, .T. ) ;
#4235 = CARTESIAN_POINT ( 'NONE',  ( 1.276728597782917252, 1.950000000000000178, 0.7751598998074732405 ) ) ;
#4236 = DIRECTION ( 'NONE',  ( 1.000000000000000000, 0.0000000000000000000, 0.0000000000000000000 ) ) ;
#4237 = CARTESIAN_POINT ( 'NONE',  ( -0.01574166323210817592, 1.947999999999865173, -0.2248461252419966527 ) ) ;
#4238 = EDGE_CURVE ( 'NONE', #3003, #1373, #2901, .T. ) ;
#4239 = DIRECTION ( 'NONE',  ( 1.000000000000000000, 0.0000000000000000000, 0.0000000000000000000 ) ) ;
#4240 = VERTEX_POINT ( 'NONE', #2694 ) ;
#4241 = DIRECTION ( 'NONE',  ( 0.0000000000000000000, -1.000000000000000000, 1.301042606982605321E-16 ) ) ;
#4242 = CARTESIAN_POINT ( 'NONE',  ( 2.850000000000000977, 0.2000000000000000111, 1.499999999999998224 ) ) ;
#4243 = VECTOR ( 'NONE', #4232, 1000.000000000000000 ) ;
#4244 = DIRECTION ( 'NONE',  ( 1.668003342285391551E-16, -0.0000000000000000000, -1.000000000000000000 ) ) ;
#4245 = DIRECTION ( 'NONE',  ( 0.0000000000000000000, 0.0000000000000000000, -1.000000000000000000 ) ) ;
#4246 = VERTEX_POINT ( 'NONE', #3757 ) ;
#4247 = CARTESIAN_POINT ( 'NONE',  ( 0.6250000000000003331, 1.947999999999999954, 0.7504682572583777356 ) ) ;
#4248 = B_SPLINE_CURVE_WITH_KNOTS ( 'NONE', 3,
 ( #1296, #1322, #4176, #2029, #4529, #2394, #264, #2765, #626, #3128, #992 ),
 .UNSPECIFIED., .F., .F.,
 ( 4, 1, 1, 1, 1, 1, 1, 1, 4 ),
 ( 0.0000000000000000000, 0.1437500629234674254, 0.2685736327797126344, 0.3822923843179458214, 0.4905275935712833379, 0.6022349223428677956, 0.7223051604436405704, 0.8548456732751845699, 1.000000000000000000 ),
 .UNSPECIFIED. ) ;
#4249 = DIRECTION ( 'NONE',  ( 1.668003342285391551E-16, 0.0000000000000000000, 1.000000000000000000 ) ) ;
#4250 = CARTESIAN_POINT ( 'NONE',  ( 1.267578124999999112, 1.949999999999999956, 0.7754682572583777578 ) ) ;
#4251 = CARTESIAN_POINT ( 'NONE',  ( 2.365532012695649373E-15, 0.1000000000000000056, 1.500000000000002887 ) ) ;
#4252 = FILL_AREA_STYLE_COLOUR ( '', #763 ) ;
#4253 = DIRECTION ( 'NONE',  ( -1.000000000000000000, 0.0000000000000000000, -1.668003342285391304E-16 ) ) ;
#4254 = CARTESIAN_POINT ( 'NONE',  ( -0.03164062499999965861, 1.947999999999999954, -0.1495317427416221756 ) ) ;
#4255 = EDGE_CURVE ( 'NONE', #262, #3525, #2705, .T. ) ;
#4256 = ORIENTED_EDGE ( 'NONE', *, *, #1925, .F. ) ;
#4257 = LINE ( 'NONE', #1592, #3001 ) ;
#4258 = VECTOR ( 'NONE', #622, 1000.000000000000000 ) ;
#4259 =( GEOMETRIC_REPRESENTATION_CONTEXT ( 3 ) GLOBAL_UNCERTAINTY_ASSIGNED_CONTEXT ( ( #815 ) ) GLOBAL_UNIT_ASSIGNED_CONTEXT ( ( #4005, #1864, #4367 ) ) REPRESENTATION_CONTEXT ( 'NONE', 'WORKASPACE' ) );
#4260 = ORIENTED_EDGE ( 'NONE', *, *, #1968, .F. ) ;
#4261 = ORIENTED_EDGE ( 'NONE', *, *, #1348, .T. ) ;
#4262 = EDGE_CURVE ( 'NONE', #2756, #2732, #4555, .T. ) ;
#4263 = CARTESIAN_POINT ( 'NONE',  ( 2.850000000000000977, 0.0000000000000000000, 1.499999999999998668 ) ) ;
#4264 = CARTESIAN_POINT ( 'NONE',  ( 1.374999999999999334, 1.949999999999999956, 0.6278120072583777134 ) ) ;
#4265 = CARTESIAN_POINT ( 'NONE',  ( 0.07843012289270923088, 1.949999999999999956, -0.2367657188206809815 ) ) ;
#4266 =( NAMED_UNIT ( * ) SI_UNIT ( $, .STERADIAN. ) SOLID_ANGLE_UNIT ( ) );
#4267 = CARTESIAN_POINT ( 'NONE',  ( -2.849999999999999201, 0.8500000000000005329, 1.250000000000001554 ) ) ;
#4268 = FACE_OUTER_BOUND ( 'NONE', #67, .T. ) ;
#4269 =( NAMED_UNIT ( * ) SI_UNIT ( $, .STERADIAN. ) SOLID_ANGLE_UNIT ( ) );
#4270 = LINE ( 'NONE', #996, #487 ) ;
#4271 = CARTESIAN_POINT ( 'NONE',  ( 0.5250000000000003553, 1.948000000000000176, -0.6268754927416221312 ) ) ;
#4272 = ORIENTED_EDGE ( 'NONE', *, *, #3819, .T. ) ;
#4273 = LINE ( 'NONE', #3748, #3341 ) ;
#4274 = PLANE ( 'NONE',  #1476 ) ;
#4275 = ORIENTED_EDGE ( 'NONE', *, *, #1548, .T. ) ;
#4276 = EDGE_LOOP ( 'NONE', ( #3927, #3119, #4084, #3401 ) ) ;
#4277 = VECTOR ( 'NONE', #4421, 1000.000000000000000 ) ;
#4278 = ORIENTED_EDGE ( 'NONE', *, *, #2718, .T. ) ;
#4279 = LINE ( 'NONE', #2412, #3228 ) ;
#4280 = CARTESIAN_POINT ( 'NONE',  ( 1.151171603331794691, 1.947999999999999732, 0.5530186709567129766 ) ) ;
#4281 = AXIS2_PLACEMENT_3D ( 'NONE', #1809, #2917, #773 ) ;
#4282 = CARTESIAN_POINT ( 'NONE',  ( -0.1593749999999996836, 1.947999999999999954, -0.9745317427416221312 ) ) ;
#4283 = ORIENTED_EDGE ( 'NONE', *, *, #391, .F. ) ;
#4284 = EDGE_LOOP ( 'NONE', ( #2618, #742, #1307, #1432 ) ) ;
#4285 = DIRECTION ( 'NONE',  ( 0.0000000000000000000, 0.0000000000000000000, -1.000000000000000000 ) ) ;
#4286 = CARTESIAN_POINT ( 'NONE',  ( 1.243991272791726166, 1.949999999999999289, 0.7743127247134062863 ) ) ;
#4287 = CARTESIAN_POINT ( 'NONE',  ( 2.649999999999999911, 1.949999999999999956, -2.599999999999999201 ) ) ;
#4288 = DIRECTION ( 'NONE',  ( 0.0000000000000000000, -1.000000000000000000, 0.0000000000000000000 ) ) ;
#4289 = FACE_OUTER_BOUND ( 'NONE', #3936, .T. ) ;
#4290 = DIRECTION ( 'NONE',  ( -1.668003342285391304E-16, -6.505213034913019504E-15, -1.000000000000000000 ) ) ;
#4291 = CARTESIAN_POINT ( 'NONE',  ( -0.2499999999999996392, 1.947999999999999954, -0.2245317427416221590 ) ) ;
#4292 = CARTESIAN_POINT ( 'NONE',  ( 0.3496891889253566643, 1.947999999999999954, -0.2469524206789395215 ) ) ;
#4293 = AXIS2_PLACEMENT_3D ( 'NONE', #4625, #2484, #358 ) ;
#4294 = CARTESIAN_POINT ( 'NONE',  ( 1.218263156095386490, 1.949999999999999734, 0.1789362262054314257 ) ) ;
#4295 = CARTESIAN_POINT ( 'NONE',  ( -0.003003747401777201974, 1.948000000000000176, -0.9737652170563725340 ) ) ;
#4296 = EDGE_LOOP ( 'NONE', ( #2303, #2447, #3418, #345 ) ) ;
#4297 = DIRECTION ( 'NONE',  ( 1.000000000000000000, 0.0000000000000000000, 0.0000000000000000000 ) ) ;
#4298 = EDGE_CURVE ( 'NONE', #526, #3015, #4450, .T. ) ;
#4299 = DIRECTION ( 'NONE',  ( -0.0000000000000000000, 1.000000000000000000, -0.0000000000000000000 ) ) ;
#4300 = CARTESIAN_POINT ( 'NONE',  ( 0.4677446276369387479, 1.948000000000000398, 0.6220736076875288401 ) ) ;
#4301 = CARTESIAN_POINT ( 'NONE',  ( -1.032176425851095924, 1.947999999999999510, 0.6454232752828464870 ) ) ;
#4302 = EDGE_CURVE ( 'NONE', #1140, #1913, #3510, .T. ) ;
#4303 = CARTESIAN_POINT ( 'NONE',  ( -1.835156249999999378, 1.948000000000109644, 0.1465620072583777578 ) ) ;
#4304 = FILL_AREA_STYLE ('',( #4199 ) ) ;
#4305 = VERTEX_POINT ( 'NONE', #4506 ) ;
#4306 = CARTESIAN_POINT ( 'NONE',  ( 1.349686752820357771, 1.948000000000000398, -0.1744825352876065439 ) ) ;
#4307 = ORIENTED_EDGE ( 'NONE', *, *, #350, .F. ) ;
#4308 = CARTESIAN_POINT ( 'NONE',  ( -1.054687499999999556, 1.947999999999999954, 0.5578901322583778022 ) ) ;
#4309 = CARTESIAN_POINT ( 'NONE',  ( 1.218263156095386490, 1.947999999999999732, 0.1789362262054314257 ) ) ;
#4310 = VERTEX_POINT ( 'NONE', #970 ) ;
#4311 = VECTOR ( 'NONE', #3753, 1000.000000000000000 ) ;
#4312 = ORIENTED_EDGE ( 'NONE', *, *, #2407, .F. ) ;
#4313 = LINE ( 'NONE', #3840, #639 ) ;
#4314 = ORIENTED_EDGE ( 'NONE', *, *, #2534, .F. ) ;
#4315 = DIRECTION ( 'NONE',  ( 0.0000000000000000000, 0.0000000000000000000, -1.000000000000000000 ) ) ;
#4316 = UNCERTAINTY_MEASURE_WITH_UNIT (LENGTH_MEASURE( 1.000000000000000082E-05 ), #2972, 'distance_accuracy_value', 'NONE');
#4317 = CARTESIAN_POINT ( 'NONE',  ( 0.3250000000000003997, 1.947999999999999954, -0.6046098677416221756 ) ) ;
#4318 = EDGE_CURVE ( 'NONE', #767, #1017, #660, .T. ) ;
#4319 = ORIENTED_EDGE ( 'NONE', *, *, #3984, .T. ) ;
#4320 = CARTESIAN_POINT ( 'NONE',  ( 1.543930863968227651, 1.949999999999999956, -0.5713177517547939344 ) ) ;
#4321 = VECTOR ( 'NONE', #4299, 1000.000000000000000 ) ;
#4322 = AXIS2_PLACEMENT_3D ( 'NONE', #2250, #2237, #2222 ) ;
#4323 = CARTESIAN_POINT ( 'NONE',  ( -1.231643621716443038, 1.947999999999999510, 0.6203590224397093067 ) ) ;
#4324 = CARTESIAN_POINT ( 'NONE',  ( 2.750000000000000444, 0.1000000000000000056, -1.500000000000000888 ) ) ;
#4325 = CYLINDRICAL_SURFACE ( 'NONE', #1988, 0.1499999999999999667 ) ;
#4326 = CARTESIAN_POINT ( 'NONE',  ( 1.750000000000000888, 0.1000000000000000056, -1.500000000000000222 ) ) ;
#4327 = CARTESIAN_POINT ( 'NONE',  ( 1.543930863968227651, 1.947999999999999954, -0.5713177517547939344 ) ) ;
#4328 = DIRECTION ( 'NONE',  ( 0.0000000000000000000, 0.0000000000000000000, -1.000000000000000000 ) ) ;
#4329 = ORIENTED_EDGE ( 'NONE', *, *, #3815, .F. ) ;
#4330 = CARTESIAN_POINT ( 'NONE',  ( 1.398853443144161712, 1.949999999999999956, 0.04497125316744850221 ) ) ;
#4331 = ORIENTED_EDGE ( 'NONE', *, *, #3526, .T. ) ;
#4332 = ORIENTED_EDGE ( 'NONE', *, *, #4013, .T. ) ;
#4333 = VECTOR ( 'NONE', #475, 1000.000000000000000 ) ;
#4334 = CARTESIAN_POINT ( 'NONE',  ( 0.5323359256960067398, 1.947999999999999510, 0.6732254597942600727 ) ) ;
#4335 =( NAMED_UNIT ( * ) PLANE_ANGLE_UNIT ( ) SI_UNIT ( $, .RADIAN. ) );
#4336 = DIRECTION ( 'NONE',  ( 1.000000000000000000, 0.0000000000000000000, 0.0000000000000000000 ) ) ;
#4337 = VECTOR ( 'NONE', #3464, 1000.000000000000000 ) ;
#4338 = VERTEX_POINT ( 'NONE', #4520 ) ;
#4339 = ORIENTED_EDGE ( 'NONE', *, *, #1752, .T. ) ;
#4340 = LINE ( 'NONE', #2568, #3513 ) ;
#4341 = CARTESIAN_POINT ( 'NONE',  ( -0.2366121449138049171, 1.947999999999999954, -0.9428565308514723631 ) ) ;
#4342 = EDGE_LOOP ( 'NONE', ( #653, #1532, #711, #1163 ) ) ;
#4343 = LINE ( 'NONE', #2491, #1281 ) ;
#4344 = CARTESIAN_POINT ( 'NONE',  ( 0.9767260809922075904, 1.948000000000000620, -0.7814292547346355366 ) ) ;
#4345 = CARTESIAN_POINT ( 'NONE',  ( -1.223437499999999512, 1.947999999999999954, -0.8026567427416222422 ) ) ;
#4346 = CARTESIAN_POINT ( 'NONE',  ( -0.1601562499999996114, 1.949999999999999956, 0.6754682572583776690 ) ) ;
#4347 = CARTESIAN_POINT ( 'NONE',  ( 0.4582031250000002665, 1.947999999999999954, 0.6032026322583777800 ) ) ;
#4348 = DIRECTION ( 'NONE',  ( 0.0000000000000000000, 0.0000000000000000000, 1.000000000000000000 ) ) ;
#4349 = CARTESIAN_POINT ( 'NONE',  ( 1.351707062961348349, 1.947999999999999732, 0.7438124522337086209 ) ) ;
#4350 = DIRECTION ( 'NONE',  ( 0.0000000000000000000, 0.0000000000000000000, 1.000000000000000000 ) ) ;
#4351 = ORIENTED_EDGE ( 'NONE', *, *, #567, .F. ) ;
#4352 = AXIS2_PLACEMENT_3D ( 'NONE', #1176, #1151, #1136 ) ;
#4353 = CARTESIAN_POINT ( 'NONE',  ( 0.4930839862926745254, 1.950000000000000400, -0.8115205905309959000 ) ) ;
#4354 = EDGE_CURVE ( 'NONE', #3127, #3746, #3404, .T. ) ;
#4355 = STYLED_ITEM ( 'NONE', ( #3452 ), #854 ) ;
#4356 = LINE ( 'NONE', #4428, #3308 ) ;
#4357 = DIRECTION ( 'NONE',  ( -1.000000000000000000, 0.0000000000000000000, 0.0000000000000000000 ) ) ;
#4358 = CARTESIAN_POINT ( 'NONE',  ( 1.045593357294463788, 1.947999999999999288, -0.8587978328277726670 ) ) ;
#4359 = CARTESIAN_POINT ( 'NONE',  ( -0.4730345303621653064, 1.948000000000000176, -0.9703318044475114368 ) ) ;
#4360 = CARTESIAN_POINT ( 'NONE',  ( -0.5071446457658066453, 1.947999999999999732, 0.6753056673332188398 ) ) ;
#4361 = ORIENTED_EDGE ( 'NONE', *, *, #2542, .T. ) ;
#4362 = CARTESIAN_POINT ( 'NONE',  ( -0.04843749999999965444, 1.947999999999999954, -0.9745317427416221312 ) ) ;
#4363 =( NAMED_UNIT ( * ) PLANE_ANGLE_UNIT ( ) SI_UNIT ( $, .RADIAN. ) );
#4364 = DIRECTION ( 'NONE',  ( -0.0000000000000000000, -1.000000000000000000, -0.0000000000000000000 ) ) ;
#4365 = DIRECTION ( 'NONE',  ( -0.0000000000000000000, 1.000000000000000000, -0.0000000000000000000 ) ) ;
#4366 = EDGE_CURVE ( 'NONE', #3721, #4310, #2552, .T. ) ;
#4367 =( NAMED_UNIT ( * ) SI_UNIT ( $, .STERADIAN. ) SOLID_ANGLE_UNIT ( ) );
#4368 = CARTESIAN_POINT ( 'NONE',  ( 0.07843012289270923088, 1.949999999999999956, -0.2367657188206809815 ) ) ;
#4369 = ADVANCED_FACE ( 'NONE', ( #2318 ), #1329, .T. ) ;
#4370 = CARTESIAN_POINT ( 'NONE',  ( -0.7699218749999995337, 1.949999999999999956, 0.1465620072583777578 ) ) ;
#4371 = EDGE_CURVE ( 'NONE', #1789, #1718, #1376, .T. ) ;
#4372 = VERTEX_POINT ( 'NONE', #2398 ) ;
#4373 = CARTESIAN_POINT ( 'NONE',  ( 0.9121093749999994449, 1.949999999999999956, -0.5995317427416220202 ) ) ;
#4374 = CARTESIAN_POINT ( 'NONE',  ( -0.4444078632343570479, 1.948000000000000176, -0.9544279157223143351 ) ) ;
#4375 = LINE ( 'NONE', #831, #691 ) ;
#4376 = ORIENTED_EDGE ( 'NONE', *, *, #3263, .F. ) ;
#4377 = FILL_AREA_STYLE_COLOUR ( '', #2714 ) ;
#4378 = DIRECTION ( 'NONE',  ( -0.0000000000000000000, 1.000000000000000000, -0.0000000000000000000 ) ) ;
#4379 = CARTESIAN_POINT ( 'NONE',  ( 2.650000000000000799, 0.0000000000000000000, 2.400000000000000355 ) ) ;
#4380 = AXIS2_PLACEMENT_3D ( 'NONE', #1331, #3813, #1685 ) ;
#4381 = CARTESIAN_POINT ( 'NONE',  ( -1.969999999999998641, 0.1000000000000000056, -1.249999999999999556 ) ) ;
#4382 = FACE_OUTER_BOUND ( 'NONE', #2144, .T. ) ;
#4383 = CARTESIAN_POINT ( 'NONE',  ( 0.3247170974319848469, 1.949999999999999956, -0.5888430404879786417 ) ) ;
#4384 = EDGE_CURVE ( 'NONE', #1575, #4546, #3292, .T. ) ;
#4385 = VECTOR ( 'NONE', #3804, 1000.000000000000000 ) ;
#4386 = CARTESIAN_POINT ( 'NONE',  ( -2.919999999999999485, 1.050000000000000266, -1.249999999999997558 ) ) ;
#4387 = FACE_OUTER_BOUND ( 'NONE', #1430, .T. ) ;
#4388 = SURFACE_STYLE_FILL_AREA ( #2701 ) ;
#4389 = EDGE_CURVE ( 'NONE', #4305, #2123, #2327, .T. ) ;
#4390 = AXIS2_PLACEMENT_3D ( 'NONE', #1436, #3914, #1785 ) ;
#4391 = LINE ( 'NONE', #1451, #3458 ) ;
#4392 = CARTESIAN_POINT ( 'NONE',  ( 0.2483841730867371034, 1.947999999999999954, -0.3411250462203216927 ) ) ;
#4393 = CARTESIAN_POINT ( 'NONE',  ( 2.869999999999999218, 0.2469693845669906629, -1.249999999999999778 ) ) ;
#4394 = ORIENTED_EDGE ( 'NONE', *, *, #3966, .T. ) ;
#4395 = ORIENTED_EDGE ( 'NONE', *, *, #2364, .F. ) ;
#4396 = ADVANCED_FACE ( 'NONE', ( #2208 ), #4160, .T. ) ;
#4397 = ORIENTED_EDGE ( 'NONE', *, *, #2249, .F. ) ;
#4398 = PLANE ( 'NONE',  #2523 ) ;
#4399 = DIRECTION ( 'NONE',  ( -0.0000000000000000000, 0.0000000000000000000, 1.000000000000000000 ) ) ;
#4400 = EDGE_LOOP ( 'NONE', ( #4227, #1649, #4165, #4331 ) ) ;
#4401 = ORIENTED_EDGE ( 'NONE', *, *, #2758, .T. ) ;
#4402 = CARTESIAN_POINT ( 'NONE',  ( 2.850000000000000533, 1.949999999999999956, -2.399999999999999023 ) ) ;
#4403 = CARTESIAN_POINT ( 'NONE',  ( -2.749999999999999556, 0.1000000000000001027, -1.249999999999999556 ) ) ;
#4404 = CARTESIAN_POINT ( 'NONE',  ( -0.5148437499999997113, 1.947999999999999954, -0.9745317427416221312 ) ) ;
#4405 = CARTESIAN_POINT ( 'NONE',  ( -0.2499999999999996392, 1.949999999999999956, 0.5930463822583778022 ) ) ;
#4406 = VECTOR ( 'NONE', #1588, 1000.000000000000000 ) ;
#4407 = DIRECTION ( 'NONE',  ( 1.668003342285391551E-16, 0.0000000000000000000, 1.000000000000000000 ) ) ;
#4408 = ORIENTED_EDGE ( 'NONE', *, *, #2206, .T. ) ;
#4409 = CARTESIAN_POINT ( 'NONE',  ( 1.969999999999998641, -0.09999999999999990841, -1.249999999999999556 ) ) ;
#4410 = CARTESIAN_POINT ( 'NONE',  ( 3.069999999999999396, 1.050000000000000266, -1.249999999999997558 ) ) ;
#4411 = SURFACE_STYLE_USAGE ( .BOTH. , #1911 ) ;
#4412 = EDGE_CURVE ( 'NONE', #1140, #307, #4106, .T. ) ;
#4413 = VERTEX_POINT ( 'NONE', #1035 ) ;
#4414 = DIRECTION ( 'NONE',  ( -0.0000000000000000000, 1.000000000000000000, -0.0000000000000000000 ) ) ;
#4415 = CARTESIAN_POINT ( 'NONE',  ( 1.620165332977767880, 1.947999999999999510, -0.5344384763221272650 ) ) ;
#4416 = ADVANCED_FACE ( 'NONE', ( #3993 ), #3827, .T. ) ;
#4417 = EDGE_CURVE ( 'NONE', #533, #4338, #3071, .T. ) ;
#4418 = AXIS2_PLACEMENT_3D ( 'NONE', #229, #585, #2349 ) ;
#4419 = ORIENTED_EDGE ( 'NONE', *, *, #848, .F. ) ;
#4420 = DIRECTION ( 'NONE',  ( 0.0000000000000000000, 0.0000000000000000000, -1.000000000000000000 ) ) ;
#4421 = DIRECTION ( 'NONE',  ( -1.000000000000000000, 0.0000000000000000000, -1.668003342285391304E-16 ) ) ;
#4422 = CARTESIAN_POINT ( 'NONE',  ( -0.8964843749999994449, 1.949999999999999956, 0.6949995072583777800 ) ) ;
#4423 = ORIENTED_EDGE ( 'NONE', *, *, #4366, .T. ) ;
#4424 = CARTESIAN_POINT ( 'NONE',  ( 0.5523636200972921184, 1.947999999999999954, 0.6747145842992139375 ) ) ;
#4425 = CARTESIAN_POINT ( 'NONE',  ( -0.4928002481409974878, 1.950000000000000178, 0.6750027418934115842 ) ) ;
#4426 = CARTESIAN_POINT ( 'NONE',  ( 0.9121093749999994449, 1.949999999999999956, -0.5995317427416220202 ) ) ;
#4427 = LINE ( 'NONE', #4076, #2645 ) ;
#4428 = CARTESIAN_POINT ( 'NONE',  ( -1.223437499999999512, 1.949999999999999956, 0.2098432572583778244 ) ) ;
#4429 = VECTOR ( 'NONE', #1843, 1000.000000000000000 ) ;
#4430 = ORIENTED_EDGE ( 'NONE', *, *, #4216, .F. ) ;
#4431 = AXIS2_PLACEMENT_3D ( 'NONE', #961, #575, #2748 ) ;
#4432 = VECTOR ( 'NONE', #4378, 1000.000000000000000 ) ;
#4433 = ORIENTED_EDGE ( 'NONE', *, *, #88, .T. ) ;
#4434 = CARTESIAN_POINT ( 'NONE',  ( -0.2497294461305188951, 1.949999999999999956, 0.5994566132405843017 ) ) ;
#4435 = PRESENTATION_STYLE_ASSIGNMENT (( #1410 ) ) ;
#4436 = ADVANCED_FACE ( 'NONE', ( #2094 ), #2455, .T. ) ;
#4437 = VERTEX_POINT ( 'NONE', #2092 ) ;
#4438 = DIRECTION ( 'NONE',  ( -0.0000000000000000000, 1.000000000000000000, -0.0000000000000000000 ) ) ;
#4439 = LINE ( 'NONE', #2736, #1706 ) ;
#4440 = CARTESIAN_POINT ( 'NONE',  ( 0.3250000000000003997, 1.949999999999999956, -0.6046098677416221756 ) ) ;
#4441 = CARTESIAN_POINT ( 'NONE',  ( -3.069999999999999396, 0.9000000000000003553, 1.250000000000001554 ) ) ;
#4442 = CARTESIAN_POINT ( 'NONE',  ( 0.9121093749999994449, 1.947999999999999954, -0.5995317427416220202 ) ) ;
#4443 = LINE ( 'NONE', #2513, #3064 ) ;
#4444 = DIRECTION ( 'NONE',  ( 0.0000000000000000000, 0.0000000000000000000, 1.000000000000000000 ) ) ;
#4445 = CARTESIAN_POINT ( 'NONE',  ( -0.4249999999999996003, 1.949999999999999956, -0.8913286177416221978 ) ) ;
#4446 = VERTEX_POINT ( 'NONE', #1397 ) ;
#4447 = ORIENTED_EDGE ( 'NONE', *, *, #1658, .F. ) ;
#4448 = ORIENTED_EDGE ( 'NONE', *, *, #2629, .F. ) ;
#4449 = LINE ( 'NONE', #3599, #656 ) ;
#4450 = LINE ( 'NONE', #2744, #1606 ) ;
#4451 = ORIENTED_EDGE ( 'NONE', *, *, #3741, .T. ) ;
#4452 = VERTEX_POINT ( 'NONE', #3538 ) ;
#4453 =( GEOMETRIC_REPRESENTATION_CONTEXT ( 3 ) GLOBAL_UNCERTAINTY_ASSIGNED_CONTEXT ( ( #2110 ) ) GLOBAL_UNIT_ASSIGNED_CONTEXT ( ( #1265, #1248, #1205 ) ) REPRESENTATION_CONTEXT ( 'NONE', 'WORKASPACE' ) );
#4454 = EDGE_CURVE ( 'NONE', #1609, #767, #2433, .T. ) ;
#4455 = CYLINDRICAL_SURFACE ( 'NONE', #4196, 0.2000000000000000944 ) ;
#4456 = VERTEX_POINT ( 'NONE', #685 ) ;
#4457 = CARTESIAN_POINT ( 'NONE',  ( -0.1787291288247592203, 1.947999999999999954, 0.6750170933943698826 ) ) ;
#4458 = VECTOR ( 'NONE', #1046, 1000.000000000000000 ) ;
#4459 = CARTESIAN_POINT ( 'NONE',  ( 1.367183267218595288, 1.947999999999999732, 0.4076451596290783796 ) ) ;
#4460 = EDGE_CURVE ( 'NONE', #614, #1913, #1162, .T. ) ;
#4461 = CARTESIAN_POINT ( 'NONE',  ( -0.4294963531475908813, 1.949999999999999956, 0.6282631438194086204 ) ) ;
#4462 = CARTESIAN_POINT ( 'NONE',  ( 2.649999999999999911, 1.949999999999999956, -2.399999999999999023 ) ) ;
#4463 = ADVANCED_FACE ( 'NONE', ( #210 ), #2847, .T. ) ;
#4464 = UNCERTAINTY_MEASURE_WITH_UNIT (LENGTH_MEASURE( 1.000000000000000082E-05 ), #1714, 'distance_accuracy_value', 'NONE');
#4465 = VERTEX_POINT ( 'NONE', #1768 ) ;
#4466 = FILL_AREA_STYLE_COLOUR ( '', #2480 ) ;
#4467 = LINE ( 'NONE', #1285, #2808 ) ;
#4468 = CARTESIAN_POINT ( 'NONE',  ( 0.1457031250000003220, 1.947999999999999954, -0.1620317427416222145 ) ) ;
#4469 = AXIS2_PLACEMENT_3D ( 'NONE', #3083, #942, #3434 ) ;
#4470 = CARTESIAN_POINT ( 'NONE',  ( -1.054687499999999556, 1.947999999999999954, -1.066328617741622020 ) ) ;
#4471 = EDGE_CURVE ( 'NONE', #374, #3514, #99, .T. ) ;
#4472 = CARTESIAN_POINT ( 'NONE',  ( -0.4356304498590484187, 1.950000000000000178, 0.6429437640815790500 ) ) ;
#4473 = DIRECTION ( 'NONE',  ( 0.0000000000000000000, 0.0000000000000000000, 1.000000000000000000 ) ) ;
#4474 = ORIENTED_EDGE ( 'NONE', *, *, #3439, .T. ) ;
#4475 = CARTESIAN_POINT ( 'NONE',  ( 1.750000000000001332, 0.0000000000000000000, 1.500000000000000000 ) ) ;
#4476 = CARTESIAN_POINT ( 'NONE',  ( 1.151171603331794691, 1.949999999999999734, 0.5530186709567129766 ) ) ;
#4477 = CARTESIAN_POINT ( 'NONE',  ( 0.3240996372459424846, 1.949999999999999512, -0.6463797438119474048 ) ) ;
#4478 = EDGE_CURVE ( 'NONE', #1406, #1600, #1052, .T. ) ;
#4479 = DIRECTION ( 'NONE',  ( 0.0000000000000000000, -1.000000000000000000, 0.0000000000000000000 ) ) ;
#4480 = ADVANCED_FACE ( 'NONE', ( #948 ), #2861, .T. ) ;
#4481 = CARTESIAN_POINT ( 'NONE',  ( -0.1593749999999996836, 1.949999999999999956, -0.9745317427416221312 ) ) ;
#4482 = ORIENTED_EDGE ( 'NONE', *, *, #202, .F. ) ;
#4483 = CARTESIAN_POINT ( 'NONE',  ( -0.2497314087362719204, 1.949999999999999512, -0.8989123828167355779 ) ) ;
#4484 = VECTOR ( 'NONE', #1185, 1000.000000000000000 ) ;
#4485 = CARTESIAN_POINT ( 'NONE',  ( -0.4444199751352705952, 1.950000000000000178, 0.6553594713195348698 ) ) ;
#4486 = DIRECTION ( 'NONE',  ( -1.000000000000000000, 0.0000000000000000000, 0.0000000000000000000 ) ) ;
#4487 = CARTESIAN_POINT ( 'NONE',  ( 1.259566671016697725, 1.949999999999999734, 0.7750757718292706766 ) ) ;
#4488 = CARTESIAN_POINT ( 'NONE',  ( 1.349686752820357771, 1.950000000000000400, -0.1744825352876065439 ) ) ;
#4489 = CARTESIAN_POINT ( 'NONE',  ( 0.04031693723677075986, 1.949999999999999289, -0.9688166605692372091 ) ) ;
#4490 = FACE_OUTER_BOUND ( 'NONE', #3496, .T. ) ;
#4491 = CARTESIAN_POINT ( 'NONE',  ( -0.2253892730022856450, 1.950000000000000178, 0.6552401202747987208 ) ) ;
#4492 = VECTOR ( 'NONE', #3217, 1000.000000000000000 ) ;
#4493 = CARTESIAN_POINT ( 'NONE',  ( -1.223793444245258266, 1.947999999999999732, 0.5693992139488633919 ) ) ;
#4494 =( NAMED_UNIT ( * ) SI_UNIT ( $, .STERADIAN. ) SOLID_ANGLE_UNIT ( ) );
#4495 = EDGE_CURVE ( 'NONE', #1471, #149, #324, .T. ) ;
#4496 = PLANE ( 'NONE',  #2682 ) ;
#4497 = VERTEX_POINT ( 'NONE', #4267 ) ;
#4498 = CARTESIAN_POINT ( 'NONE',  ( 0.3196732825782326870, 1.948000000000000620, -0.6865947622113757198 ) ) ;
#4499 = FACE_OUTER_BOUND ( 'NONE', #1439, .T. ) ;
#4500 = EDGE_LOOP ( 'NONE', ( #1113, #3465, #3818, #8, #2613, #2628, #1858, #1561, #3371, #3904, #375, #832 ) ) ;
#4501 = VERTEX_POINT ( 'NONE', #4287 ) ;
#4502 = CARTESIAN_POINT ( 'NONE',  ( -0.4569655818528419178, 1.950000000000000400, 0.6647134354954489233 ) ) ;
#4503 = ORIENTED_EDGE ( 'NONE', *, *, #3836, .T. ) ;
#4504 = CARTESIAN_POINT ( 'NONE',  ( -0.4251698121267690200, 1.947999999999999954, -0.8978589293909123858 ) ) ;
#4505 = EDGE_CURVE ( 'NONE', #2780, #533, #2728, .T. ) ;
#4506 = CARTESIAN_POINT ( 'NONE',  ( 1.364453124999999378, 1.949999999999999956, 0.3219526322583777800 ) ) ;
#4507 = AXIS2_PLACEMENT_3D ( 'NONE', #223, #3494, #3754 ) ;
#4508 = FILL_AREA_STYLE_COLOUR ( '', #2084 ) ;
#4509 = PRESENTATION_STYLE_ASSIGNMENT (( #1522 ) ) ;
#4510 = ORIENTED_EDGE ( 'NONE', *, *, #3039, .T. ) ;
#4511 = ADVANCED_FACE ( 'NONE', ( #3662 ), #3238, .T. ) ;
#4512 = ORIENTED_EDGE ( 'NONE', *, *, #1426, .F. ) ;
#4513 = CARTESIAN_POINT ( 'NONE',  ( -1.160156249999999556, 1.947999999999999954, -1.066328617741622020 ) ) ;
#4514 = CARTESIAN_POINT ( 'NONE',  ( -0.2492189200522903214, 1.948000000000000176, -0.9111466642331318422 ) ) ;
#4515 = CARTESIAN_POINT ( 'NONE',  ( -0.02812499999999961212, 1.949999999999999956, -0.2245317427416221590 ) ) ;
#4516 = CARTESIAN_POINT ( 'NONE',  ( 0.3183063928564711098, 1.949999999999999956, -0.2251304110705153461 ) ) ;
#4517 = CARTESIAN_POINT ( 'NONE',  ( -0.003003747401777201974, 1.948000000000000176, -0.9737652170563725340 ) ) ;
#4518 = CARTESIAN_POINT ( 'NONE',  ( -0.4730358034389805511, 1.949999999999999512, 0.6712677977343183278 ) ) ;
#4519 = CARTESIAN_POINT ( 'NONE',  ( -0.7699218749999995337, 1.949999999999999956, 0.1465620072583777578 ) ) ;
#4520 = CARTESIAN_POINT ( 'NONE',  ( -0.7699218749999995337, 1.949999999999999956, 0.2098432572583778244 ) ) ;
#4521 = DIRECTION ( 'NONE',  ( -1.000000000000000000, 0.0000000000000000000, 0.0000000000000000000 ) ) ;
#4522 = ORIENTED_EDGE ( 'NONE', *, *, #1678, .F. ) ;
#4523 = CARTESIAN_POINT ( 'NONE',  ( -0.2445366777552573090, 1.949999999999999956, 0.6288166544124502710 ) ) ;
#4524 = COLOUR_RGB ( '',0.3098039215686274606, 0.3098039215686274606, 0.3098039215686274606 ) ;
#4525 = ORIENTED_EDGE ( 'NONE', *, *, #573, .F. ) ;
#4526 = ADVANCED_FACE ( 'NONE', ( #4499 ), #1446, .T. ) ;
#4527 = AXIS2_PLACEMENT_3D ( 'NONE', #1503, #3974, #1846 ) ;
#4528 = CARTESIAN_POINT ( 'NONE',  ( 0.3496891889253566643, 1.949999999999999956, -0.2469524206789395215 ) ) ;
#4529 = CARTESIAN_POINT ( 'NONE',  ( -1.032176425851095924, 1.949999999999999512, 0.6454232752828464870 ) ) ;
#4530 = CARTESIAN_POINT ( 'NONE',  ( -0.4357459951039738821, 1.947999999999999954, -0.9420871314429115628 ) ) ;
#4531 = CARTESIAN_POINT ( 'NONE',  ( 0.6250000000000003331, 1.949999999999999956, 0.7504682572583777356 ) ) ;
#4532 = VERTEX_POINT ( 'NONE', #364 ) ;
#4533 = EDGE_CURVE ( 'NONE', #2646, #3983, #829, .T. ) ;
#4534 = CARTESIAN_POINT ( 'NONE',  ( -1.054687499999999556, 1.947999999999999954, 0.1465620072583777578 ) ) ;
#4535 = VECTOR ( 'NONE', #97, 1000.000000000000000 ) ;
#4536 = ORIENTED_EDGE ( 'NONE', *, *, #1131, .F. ) ;
#4537 = ORIENTED_EDGE ( 'NONE', *, *, #4131, .F. ) ;
#4538 = EDGE_CURVE ( 'NONE', #1024, #2151, #3776, .T. ) ;
#4539 = VECTOR ( 'NONE', #1531, 1000.000000000000000 ) ;
#4540 = CARTESIAN_POINT ( 'NONE',  ( 0.3009586803286726231, 1.949999999999999512, -0.4353631327210795710 ) ) ;
#4541 = DIRECTION ( 'NONE',  ( 1.000000000000000000, 0.0000000000000000000, 0.0000000000000000000 ) ) ;
#4542 = LINE ( 'NONE', #1739, #1702 ) ;
#4543 = FILL_AREA_STYLE_COLOUR ( '', #3809 ) ;
#4544 = CARTESIAN_POINT ( 'NONE',  ( -2.649999999999998579, 1.949999999999999956, 2.400000000000000799 ) ) ;
#4545 = CARTESIAN_POINT ( 'NONE',  ( 1.367183267218595288, 1.949999999999999734, 0.4076451596290783796 ) ) ;
#4546 = VERTEX_POINT ( 'NONE', #2490 ) ;
#4547 = CARTESIAN_POINT ( 'NONE',  ( -0.09999999999999961697, 1.947999999999999954, 0.6754682572583776690 ) ) ;
#4548 = VECTOR ( 'NONE', #730, 1000.000000000000000 ) ;
#4549 = CARTESIAN_POINT ( 'NONE',  ( -0.5749999999999995115, 1.947999999999999954, -0.9745317427416221312 ) ) ;
#4550 = ORIENTED_EDGE ( 'NONE', *, *, #3693, .T. ) ;
#4551 = ORIENTED_EDGE ( 'NONE', *, *, #2910, .T. ) ;
#4552 = ORIENTED_EDGE ( 'NONE', *, *, #2101, .T. ) ;
#4553 = VECTOR ( 'NONE', #378, 1000.000000000000000 ) ;
#4554 = CARTESIAN_POINT ( 'NONE',  ( 1.366081255936127947, 1.950000000000000178, 0.2562088877582335278 ) ) ;
#4555 = LINE ( 'NONE', #3058, #783 ) ;
#4556 = EDGE_CURVE ( 'NONE', #566, #2180, #3555, .T. ) ;
#4557 = CARTESIAN_POINT ( 'NONE',  ( 0.3116948610704900480, 1.947999999999864285, -0.4731999283991038530 ) ) ;
#4558 = ORIENTED_EDGE ( 'NONE', *, *, #1284, .T. ) ;
#4559 = VERTEX_POINT ( 'NONE', #379 ) ;
#4560 = VERTEX_POINT ( 'NONE', #738 ) ;
#4561 = CARTESIAN_POINT ( 'NONE',  ( 0.4930839862926745254, 1.948000000000000398, -0.8115205905309959000 ) ) ;
#4562 = LINE ( 'NONE', #3197, #904 ) ;
#4563 = CARTESIAN_POINT ( 'NONE',  ( -1.223437499999999512, 1.949999999999999956, 0.1465620072583777578 ) ) ;
#4564 = CARTESIAN_POINT ( 'NONE',  ( -0.4730345303621653064, 1.948000000000000176, -0.9703318044475114368 ) ) ;
#4565 = CARTESIAN_POINT ( 'NONE',  ( 1.365560873911624284, 1.947999999999999732, 0.3749596767205411463 ) ) ;
#4566 = PRESENTATION_LAYER_ASSIGNMENT (  '', '', ( #4083 ) ) ;
#4567 = CARTESIAN_POINT ( 'NONE',  ( -0.5749999999999995115, 1.947999999999999954, 0.6754682572583776690 ) ) ;
#4568 = DIRECTION ( 'NONE',  ( 0.0000000000000000000, 0.0000000000000000000, 1.000000000000000000 ) ) ;
#4569 = ORIENTED_EDGE ( 'NONE', *, *, #4262, .T. ) ;
#4570 = CARTESIAN_POINT ( 'NONE',  ( -2.849999999999999645, 0.0000000000000000000, -2.599999999999999201 ) ) ;
#4571 = ORIENTED_EDGE ( 'NONE', *, *, #2910, .F. ) ;
#4572 = CARTESIAN_POINT ( 'NONE',  ( 1.362919123274594524, 1.948000000000000176, 0.7235627240391522275 ) ) ;
#4573 = LINE ( 'NONE', #4112, #1840 ) ;
#4574 = B_SPLINE_CURVE_WITH_KNOTS ( 'NONE', 3,
 ( #4445, #1950, #535, #3045, #914, #3397, #1253, #3745, #1616, #4094, #1962 ),
 .UNSPECIFIED., .F., .F.,
 ( 4, 1, 1, 1, 1, 1, 1, 1, 4 ),
 ( 0.0000000000000000000, 0.1379352867459515131, 0.2621903052083504049, 0.3706756090927862957, 0.4731211586353580301, 0.5772188662442382379, 0.6969042262198819060, 0.8373186510641271729, 1.000000000000000000 ),
 .UNSPECIFIED. ) ;
#4575 = CARTESIAN_POINT ( 'NONE',  ( 2.850000000000000533, 0.2000000000000000944, -2.599999999999999201 ) ) ;
#4576 = CARTESIAN_POINT ( 'NONE',  ( 1.374879297923864208, 1.949999999999999734, 0.6107551063281213555 ) ) ;
#4577 = DIRECTION ( 'NONE',  ( -1.000000000000000000, 0.0000000000000000000, 0.0000000000000000000 ) ) ;
#4578 = VERTEX_POINT ( 'NONE', #2883 ) ;
#4579 = CARTESIAN_POINT ( 'NONE',  ( 2.869999999999998774, 0.1000000000000004774, 1.250000000000001554 ) ) ;
#4581 = ORIENTED_EDGE ( 'NONE', *, *, #4556, .T. ) ;
#4580 = AXIS2_PLACEMENT_3D ( 'NONE', #2572, #2514, #2219 ) ;
#4582 = AXIS2_PLACEMENT_3D ( 'NONE', #1010, #3839, #1708 ) ;
#4583 = EDGE_CURVE ( 'NONE', #2145, #3715, #1969, .T. ) ;
#4584 = CARTESIAN_POINT ( 'NONE',  ( 1.267578124999999112, 1.949999999999999956, 0.7754682572583777578 ) ) ;
#4585 = PRESENTATION_LAYER_ASSIGNMENT (  '', '', ( #4355 ) ) ;
#4586 = VERTEX_POINT ( 'NONE', #3243 ) ;
#4587 = FILL_AREA_STYLE ('',( #3531 ) ) ;
#4588 = AXIS2_PLACEMENT_3D ( 'NONE', #1750, #1623, #1407 ) ;
#4589 = LINE ( 'NONE', #1298, #1856 ) ;
#4590 = ORIENTED_EDGE ( 'NONE', *, *, #463, .F. ) ;
#4591 = DIRECTION ( 'NONE',  ( 1.000000000000000000, -4.740167927841175976E-13, 0.0000000000000000000 ) ) ;
#4592 = CARTESIAN_POINT ( 'NONE',  ( -8.870745047608670849E-16, 0.1000000000000000056, -1.499999999999999112 ) ) ;
#4593 = VECTOR ( 'NONE', #3314, 1000.000000000000000 ) ;
#4594 = UNCERTAINTY_MEASURE_WITH_UNIT (LENGTH_MEASURE( 1.000000000000000082E-05 ), #714, 'distance_accuracy_value', 'NONE');
#4595 = EDGE_CURVE ( 'NONE', #982, #1492, #4391, .T. ) ;
#4596 = VECTOR ( 'NONE', #3057, 1000.000000000000000 ) ;
#4597 = DIRECTION ( 'NONE',  ( -0.0000000000000000000, 0.0000000000000000000, -1.000000000000000000 ) ) ;
#4598 = EDGE_CURVE ( 'NONE', #982, #4372, #708, .T. ) ;
#4599 = B_SPLINE_CURVE_WITH_KNOTS ( 'NONE', 3,
 ( #1271, #3059, #4477, #2332, #206, #2711, #571, #3080, #939, #3432, #1288, #3773, #1646, #4132, #2000, #4489, #2347, #227, #2725 ),
 .UNSPECIFIED., .F., .F.,
 ( 4, 1, 1, 1, 1, 1, 1, 1, 1, 1, 1, 1, 1, 1, 1, 1, 4 ),
 ( 0.0000000000000000000, 0.07083672463649644258, 0.1374638066551337745, 0.2015350427756842366, 0.2621978437435442122, 0.3208096743126412909, 0.3777386564995532381, 0.4330365699554039605, 0.4888318348584460571, 0.5444150360897048735, 0.6002820682791673024, 0.6581260883760042812, 0.7192736454611514674, 0.7827895121289152325, 0.8508105188043900702, 0.9226728665722090383, 1.000000000000000000 ),
 .UNSPECIFIED. ) ;
#4600 = CARTESIAN_POINT ( 'NONE',  ( -0.5749999999999995115, 1.947999999999999954, 0.7504682572583777356 ) ) ;
#4601 = ORIENTED_EDGE ( 'NONE', *, *, #1510, .T. ) ;
#4602 = DIRECTION ( 'NONE',  ( 0.0000000000000000000, -1.000000000000000000, 6.505213034913020293E-15 ) ) ;
#4603 = DIRECTION ( 'NONE',  ( 0.0000000000000000000, -1.000000000000000000, 6.505213034913020293E-15 ) ) ;
#4604 = CARTESIAN_POINT ( 'NONE',  ( -2.849999999999999645, 0.1000000000000000056, -1.500000000000000000 ) ) ;
#4605 = VECTOR ( 'NONE', #11, 1000.000000000000000 ) ;
#4606 = EDGE_LOOP ( 'NONE', ( #332, #4228, #2343, #991 ) ) ;
#4607 = ORIENTED_EDGE ( 'NONE', *, *, #2291, .T. ) ;
#4608 = COLOUR_RGB ( '',0.3098039215686274606, 0.3098039215686274606, 0.3098039215686274606 ) ;
#4609 = ORIENTED_EDGE ( 'NONE', *, *, #3741, .F. ) ;
#4610 = CARTESIAN_POINT ( 'NONE',  ( -2.869999999999998774, 0.7751668522645223103, 1.250000000000000444 ) ) ;
#4611 = DIRECTION ( 'NONE',  ( -1.000000000000000000, 0.0000000000000000000, 0.0000000000000000000 ) ) ;
#4612 = CIRCLE ( 'NONE', #3086, 0.1499999999999999667 ) ;
#4613 = CARTESIAN_POINT ( 'NONE',  ( -0.4730358034389805511, 1.947999999999999510, 0.6712677977343183278 ) ) ;
#4614 = ORIENTED_EDGE ( 'NONE', *, *, #3602, .T. ) ;
#4615 = EDGE_CURVE ( 'NONE', #2510, #305, #1662, .T. ) ;
#4616 = DIRECTION ( 'NONE',  ( 0.0000000000000000000, 0.0000000000000000000, 1.000000000000000000 ) ) ;
#4617 = ORIENTED_EDGE ( 'NONE', *, *, #2230, .T. ) ;
#4618 = CARTESIAN_POINT ( 'NONE',  ( -0.8015624999999995115, 1.949999999999999956, 0.6949995072583777800 ) ) ;
#4619 = DIRECTION ( 'NONE',  ( -8.340016711426957754E-17, -0.0000000000000000000, -1.000000000000000000 ) ) ;
#4620 = CARTESIAN_POINT ( 'NONE',  ( 0.07843012289270923088, 1.947999999999864729, -0.2367657188206809815 ) ) ;
#4621 = CARTESIAN_POINT ( 'NONE',  ( -0.4293327398174165976, 1.947999999999999732, -0.9275160131556430265 ) ) ;
#4622 = EDGE_CURVE ( 'NONE', #1600, #3778, #604, .T. ) ;
#4623 = CARTESIAN_POINT ( 'NONE',  ( 1.969999999999998641, -0.09999999999999958922, 1.250000000000000444 ) ) ;
#4624 = AXIS2_PLACEMENT_3D ( 'NONE', #2502, #734, #4357 ) ;
#4625 = CARTESIAN_POINT ( 'NONE',  ( -1.749999999999999334, 0.1000000000000000056, 2.529805069132842858E-16 ) ) ;
#4626 = DIRECTION ( 'NONE',  ( 1.668003342285391551E-16, -0.0000000000000000000, -1.000000000000000000 ) ) ;
#4627 = CARTESIAN_POINT ( 'NONE',  ( 0.5246168393933288154, 1.948000000000000176, -0.6098026600568194899 ) ) ;
#4628 = VERTEX_POINT ( 'NONE', #1817 ) ;
#4629 = DIRECTION ( 'NONE',  ( 1.000000000000000000, 0.0000000000000000000, 0.0000000000000000000 ) ) ;
#4630 = ORIENTED_EDGE ( 'NONE', *, *, #4053, .F. ) ;
ENDSEC;
END-ISO-10303-21;
