ISO-10303-21;
HEADER;
/* Generated by software containing ST-Developer
 * from STEP Tools, Inc. (www.steptools.com) 
 */
/* OPTION: using custom schema-name function */

FILE_DESCRIPTION(
/* description */ (''),
/* implementation_level */ '2;1');

FILE_NAME(
/* name */ 'R22_12~1',
/* time_stamp */ '2014-12-23T22:07:43+01:00',
/* author */ (''),
/* organization */ (''),
/* preprocessor_version */ 'ST-DEVELOPER v14',
/* originating_system */ '',
/* authorisation */ '');

FILE_SCHEMA (('AUTOMOTIVE_DESIGN'));
ENDSEC;

DATA;
#10=SHAPE_REPRESENTATION_RELATIONSHIP('','',#1158,#111);
#11=(
BOUNDED_CURVE()
B_SPLINE_CURVE(1,(#2287,#2288),.UNSPECIFIED.,.F.,.F.)
B_SPLINE_CURVE_WITH_KNOTS((2,2),(0.,1.55210239933416),.UNSPECIFIED.)
CURVE()
GEOMETRIC_REPRESENTATION_ITEM()
RATIONAL_B_SPLINE_CURVE((1.,1.))
REPRESENTATION_ITEM('')
);
#12=(
BOUNDED_CURVE()
B_SPLINE_CURVE(2,(#2289,#2290,#2291,#2292,#2293,#2294,#2295,#2296,#2297,
#2298,#2299),.UNSPECIFIED.,.F.,.F.)
B_SPLINE_CURVE_WITH_KNOTS((3,2,2,2,2,3),(-1.4128318530718,-1.2728318530718,
-1.25712388980385,-0.927123889803847,-0.911415926535898,-0.721415926535898),
 .UNSPECIFIED.)
CURVE()
GEOMETRIC_REPRESENTATION_ITEM()
RATIONAL_B_SPLINE_CURVE((1.,1.,1.,0.707106781186548,1.,1.,1.,0.707106781186548,
1.,1.,1.))
REPRESENTATION_ITEM('')
);
#13=(
BOUNDED_CURVE()
B_SPLINE_CURVE(2,(#2300,#2301,#2302,#2303,#2304,#2305,#2306,#2307,#2308,
#2309,#2310),.UNSPECIFIED.,.F.,.F.)
B_SPLINE_CURVE_WITH_KNOTS((3,2,2,2,2,3),(0.721415926535898,0.911415926535898,
0.927123889803847,1.25712388980385,1.2728318530718,1.4128318530718),
 .UNSPECIFIED.)
CURVE()
GEOMETRIC_REPRESENTATION_ITEM()
RATIONAL_B_SPLINE_CURVE((1.,1.,1.,0.707106781186548,1.,1.,1.,0.707106781186548,
1.,1.,1.))
REPRESENTATION_ITEM('')
);
#14=(
BOUNDED_CURVE()
B_SPLINE_CURVE(2,(#2311,#2312,#2313,#2314,#2315,#2316,#2317,#2318,#2319,
#2320,#2321,#2322,#2323,#2324,#2325),.UNSPECIFIED.,.F.,.F.)
B_SPLINE_CURVE_WITH_KNOTS((3,2,2,2,2,2,2,3),(-2.34137166941154,-2.11137166941154,
-2.07995574287564,-1.66995574287564,-1.63853981633974,-1.46853981633974,
-1.4528318530718,-1.4128318530718),.UNSPECIFIED.)
CURVE()
GEOMETRIC_REPRESENTATION_ITEM()
RATIONAL_B_SPLINE_CURVE((1.,1.,1.,0.707106781186548,1.,1.,1.,0.707106781186548,
1.,1.,1.,0.707106781186548,1.,1.,1.))
REPRESENTATION_ITEM('')
);
#15=(
BOUNDED_CURVE()
B_SPLINE_CURVE(2,(#2326,#2327,#2328,#2329,#2330,#2331,#2332,#2333,#2334,
#2335,#2336,#2337,#2338,#2339,#2340),.UNSPECIFIED.,.F.,.F.)
B_SPLINE_CURVE_WITH_KNOTS((3,2,2,2,2,2,2,3),(1.4128318530718,1.4528318530718,
1.46853981633974,1.63853981633974,1.66995574287564,2.07995574287564,2.11137166941154,
2.34137166941154),.UNSPECIFIED.)
CURVE()
GEOMETRIC_REPRESENTATION_ITEM()
RATIONAL_B_SPLINE_CURVE((1.,1.,1.,0.707106781186548,1.,1.,1.,0.707106781186548,
1.,1.,1.,0.707106781186548,1.,1.,1.))
REPRESENTATION_ITEM('')
);
#16=(
BOUNDED_CURVE()
B_SPLINE_CURVE(1,(#2406,#2407),.UNSPECIFIED.,.F.,.F.)
B_SPLINE_CURVE_WITH_KNOTS((2,2),(0.,1.55210239933418),.UNSPECIFIED.)
CURVE()
GEOMETRIC_REPRESENTATION_ITEM()
RATIONAL_B_SPLINE_CURVE((1.,1.))
REPRESENTATION_ITEM('')
);
#17=(
BOUNDED_CURVE()
B_SPLINE_CURVE(2,(#2408,#2409,#2410,#2411,#2412,#2413,#2414),
 .UNSPECIFIED.,.F.,.F.)
B_SPLINE_CURVE_WITH_KNOTS((3,2,2,3),(-0.731415926535898,-0.541415926535898,
-0.525707963267949,-0.195707963267949),.UNSPECIFIED.)
CURVE()
GEOMETRIC_REPRESENTATION_ITEM()
RATIONAL_B_SPLINE_CURVE((1.,1.,1.,0.707106781186548,1.,1.,1.))
REPRESENTATION_ITEM('')
);
#18=(
BOUNDED_CURVE()
B_SPLINE_CURVE(1,(#2415,#2416),.UNSPECIFIED.,.F.,.F.)
B_SPLINE_CURVE_WITH_KNOTS((2,2),(-1.55210239933418,0.),.UNSPECIFIED.)
CURVE()
GEOMETRIC_REPRESENTATION_ITEM()
RATIONAL_B_SPLINE_CURVE((1.,1.))
REPRESENTATION_ITEM('')
);
#19=(
BOUNDED_CURVE()
B_SPLINE_CURVE(2,(#2417,#2418,#2419,#2420,#2421,#2422,#2423),
 .UNSPECIFIED.,.F.,.F.)
B_SPLINE_CURVE_WITH_KNOTS((3,2,2,3),(0.195707963267949,0.525707963267949,
0.541415926535898,0.731415926535898),.UNSPECIFIED.)
CURVE()
GEOMETRIC_REPRESENTATION_ITEM()
RATIONAL_B_SPLINE_CURVE((1.,1.,1.,0.707106781186548,1.,1.,1.))
REPRESENTATION_ITEM('')
);
#20=(
BOUNDED_CURVE()
B_SPLINE_CURVE(1,(#2430,#2431),.UNSPECIFIED.,.F.,.F.)
B_SPLINE_CURVE_WITH_KNOTS((2,2),(0.,1.55210239933418),.UNSPECIFIED.)
CURVE()
GEOMETRIC_REPRESENTATION_ITEM()
RATIONAL_B_SPLINE_CURVE((1.,1.))
REPRESENTATION_ITEM('')
);
#21=(
BOUNDED_CURVE()
B_SPLINE_CURVE(2,(#2432,#2433,#2434,#2435,#2436,#2437,#2438,#2439,#2440,
#2441,#2442,#2443,#2444,#2445,#2446),.UNSPECIFIED.,.F.,.F.)
B_SPLINE_CURVE_WITH_KNOTS((3,2,2,2,2,2,2,3),(-1.70995574287564,-1.66995574287564,
-1.65424777960769,-1.48424777960769,-1.4528318530718,-1.0428318530718,-1.0114159265359,
-0.781415926535898),.UNSPECIFIED.)
CURVE()
GEOMETRIC_REPRESENTATION_ITEM()
RATIONAL_B_SPLINE_CURVE((1.,1.,1.,0.707106781186548,1.,1.,1.,0.707106781186548,
1.,1.,1.,0.707106781186548,1.,1.,1.))
REPRESENTATION_ITEM('')
);
#22=(
BOUNDED_CURVE()
B_SPLINE_CURVE(2,(#2447,#2448,#2449,#2450,#2451,#2452,#2453,#2454,#2455,
#2456,#2457,#2458,#2459,#2460,#2461),.UNSPECIFIED.,.F.,.F.)
B_SPLINE_CURVE_WITH_KNOTS((3,2,2,2,2,2,2,3),(0.781415926535898,1.0114159265359,
1.0428318530718,1.4528318530718,1.48424777960769,1.65424777960769,1.66995574287564,
1.70995574287564),.UNSPECIFIED.)
CURVE()
GEOMETRIC_REPRESENTATION_ITEM()
RATIONAL_B_SPLINE_CURVE((1.,1.,1.,0.707106781186548,1.,1.,1.,0.707106781186548,
1.,1.,1.,0.707106781186548,1.,1.,1.))
REPRESENTATION_ITEM('')
);
#23=(
BOUNDED_CURVE()
B_SPLINE_CURVE(2,(#2462,#2463,#2464,#2465,#2466),.UNSPECIFIED.,.F.,.F.)
B_SPLINE_CURVE_WITH_KNOTS((3,2,3),(1.70995574287564,1.84995574287564,1.86566370614359),
 .UNSPECIFIED.)
CURVE()
GEOMETRIC_REPRESENTATION_ITEM()
RATIONAL_B_SPLINE_CURVE((1.,1.,1.,0.707106781186548,1.))
REPRESENTATION_ITEM('')
);
#24=(
BOUNDED_CURVE()
B_SPLINE_CURVE(2,(#2467,#2468,#2469,#2470,#2471),.UNSPECIFIED.,.F.,.F.)
B_SPLINE_CURVE_WITH_KNOTS((3,2,3),(1.70995574287564,1.84995574287564,1.86566370614359),
 .UNSPECIFIED.)
CURVE()
GEOMETRIC_REPRESENTATION_ITEM()
RATIONAL_B_SPLINE_CURVE((1.,1.,1.,0.707106781186548,1.))
REPRESENTATION_ITEM('')
);
#25=(
BOUNDED_CURVE()
B_SPLINE_CURVE(2,(#2546,#2547,#2548,#2549,#2550,#2551,#2552,#2553,#2554),
 .UNSPECIFIED.,.F.,.F.)
B_SPLINE_CURVE_WITH_KNOTS((3,2,2,2,3),(-5.88566370614359,-5.86995574287564,
-5.53995574287564,-5.52424777960769,-4.04424777586262),.UNSPECIFIED.)
CURVE()
GEOMETRIC_REPRESENTATION_ITEM()
RATIONAL_B_SPLINE_CURVE((1.,0.707106781186548,1.,1.,1.,0.707106781186548,
1.,1.,1.))
REPRESENTATION_ITEM('')
);
#26=(
BOUNDED_CURVE()
B_SPLINE_CURVE(1,(#2555,#2556),.UNSPECIFIED.,.F.,.F.)
B_SPLINE_CURVE_WITH_KNOTS((2,2),(0.,1.55210239933417),.UNSPECIFIED.)
CURVE()
GEOMETRIC_REPRESENTATION_ITEM()
RATIONAL_B_SPLINE_CURVE((1.,1.))
REPRESENTATION_ITEM('')
);
#27=(
BOUNDED_CURVE()
B_SPLINE_CURVE(1,(#2557,#2558),.UNSPECIFIED.,.F.,.F.)
B_SPLINE_CURVE_WITH_KNOTS((2,2),(0.,1.55210239933417),.UNSPECIFIED.)
CURVE()
GEOMETRIC_REPRESENTATION_ITEM()
RATIONAL_B_SPLINE_CURVE((1.,1.))
REPRESENTATION_ITEM('')
);
#28=(
BOUNDED_CURVE()
B_SPLINE_CURVE(2,(#2559,#2560,#2561,#2562,#2563,#2564,#2565,#2566,#2567),
 .UNSPECIFIED.,.F.,.F.)
B_SPLINE_CURVE_WITH_KNOTS((3,2,2,2,3),(-5.88566370614359,-5.86995574287564,
-5.53995574287564,-5.52424777960769,-4.04424777960769),.UNSPECIFIED.)
CURVE()
GEOMETRIC_REPRESENTATION_ITEM()
RATIONAL_B_SPLINE_CURVE((1.,0.707106781186548,1.,1.,1.,0.707106781186548,
1.,1.,1.))
REPRESENTATION_ITEM('')
);
#29=(
BOUNDED_CURVE()
B_SPLINE_CURVE(2,(#2568,#2569,#2570,#2571,#2572,#2573,#2574,#2575,#2576),
 .UNSPECIFIED.,.F.,.F.)
B_SPLINE_CURVE_WITH_KNOTS((3,2,2,2,3),(-4.04424777960769,-4.02853981633974,
-3.69853981633974,-3.6828318530718,-2.2028318530718),.UNSPECIFIED.)
CURVE()
GEOMETRIC_REPRESENTATION_ITEM()
RATIONAL_B_SPLINE_CURVE((1.,0.707106781186576,1.,1.,1.,0.707106781186548,
1.,1.,1.))
REPRESENTATION_ITEM('')
);
#30=(
BOUNDED_CURVE()
B_SPLINE_CURVE(2,(#2577,#2578,#2579,#2580,#2581,#2582,#2583,#2584,#2585),
 .UNSPECIFIED.,.F.,.F.)
B_SPLINE_CURVE_WITH_KNOTS((3,2,2,2,3),(-4.04424777586262,-4.02853981633974,
-3.69853981633974,-3.6828318530718,-2.2028318530718),.UNSPECIFIED.)
CURVE()
GEOMETRIC_REPRESENTATION_ITEM()
RATIONAL_B_SPLINE_CURVE((1.,0.707106900395856,1.,1.,1.,0.707106781186548,
1.,1.,1.))
REPRESENTATION_ITEM('')
);
#31=(
BOUNDED_SURFACE()
B_SPLINE_SURFACE(1,2,((#2219,#2220,#2221,#2222,#2223,#2224,#2225,#2226,#2227,
#2228,#2229),(#2230,#2231,#2232,#2233,#2234,#2235,#2236,#2237,#2238,#2239,
#2240)),.UNSPECIFIED.,.F.,.F.,.F.)
B_SPLINE_SURFACE_WITH_KNOTS((2,2),(3,2,2,2,2,3),(0.,1.55210239933416),(-1.4128318530718,
-1.2728318530718,-1.25712388980385,-0.927123889803847,-0.911415926535898,
-0.721415926535898),.UNSPECIFIED.)
GEOMETRIC_REPRESENTATION_ITEM()
RATIONAL_B_SPLINE_SURFACE(((1.,1.,1.,0.707106781186548,1.,1.,1.,0.707106781186548,
1.,1.,1.),(1.,1.,1.,0.707106781186548,1.,1.,1.,0.707106781186548,1.,1.,1.)))
REPRESENTATION_ITEM('')
SURFACE()
);
#32=(
BOUNDED_SURFACE()
B_SPLINE_SURFACE(1,2,((#2242,#2243,#2244,#2245,#2246,#2247,#2248,#2249,#2250,
#2251,#2252,#2253,#2254,#2255,#2256),(#2257,#2258,#2259,#2260,#2261,#2262,
#2263,#2264,#2265,#2266,#2267,#2268,#2269,#2270,#2271)),.UNSPECIFIED.,.F.,
 .F.,.F.)
B_SPLINE_SURFACE_WITH_KNOTS((2,2),(3,2,2,2,2,2,2,3),(0.,1.55210239933416),
(-2.34137166941154,-2.11137166941154,-2.07995574287564,-1.66995574287564,
-1.63853981633974,-1.46853981633974,-1.4528318530718,-1.4128318530718),
 .UNSPECIFIED.)
GEOMETRIC_REPRESENTATION_ITEM()
RATIONAL_B_SPLINE_SURFACE(((1.,1.,1.,0.707106781186548,1.,1.,1.,0.707106781186548,
1.,1.,1.,0.707106781186548,1.,1.,1.),(1.,1.,1.,0.707106781186548,1.,1.,1.,
0.707106781186548,1.,1.,1.,0.707106781186548,1.,1.,1.)))
REPRESENTATION_ITEM('')
SURFACE()
);
#33=(
BOUNDED_SURFACE()
B_SPLINE_SURFACE(1,2,((#2341,#2342,#2343,#2344,#2345,#2346,#2347),(#2348,
#2349,#2350,#2351,#2352,#2353,#2354)),.UNSPECIFIED.,.F.,.F.,.F.)
B_SPLINE_SURFACE_WITH_KNOTS((2,2),(3,2,2,3),(0.,1.55210239933418),(-0.731415926535898,
-0.541415926535898,-0.525707963267949,-0.195707963267949),.UNSPECIFIED.)
GEOMETRIC_REPRESENTATION_ITEM()
RATIONAL_B_SPLINE_SURFACE(((1.,1.,1.,0.707106781186548,1.,1.,1.),(1.,1.,
1.,0.707106781186548,1.,1.,1.)))
REPRESENTATION_ITEM('')
SURFACE()
);
#34=(
BOUNDED_SURFACE()
B_SPLINE_SURFACE(1,2,((#2356,#2357,#2358,#2359,#2360,#2361,#2362,#2363,#2364,
#2365,#2366,#2367,#2368,#2369,#2370),(#2371,#2372,#2373,#2374,#2375,#2376,
#2377,#2378,#2379,#2380,#2381,#2382,#2383,#2384,#2385)),.UNSPECIFIED.,.F.,
 .F.,.F.)
B_SPLINE_SURFACE_WITH_KNOTS((2,2),(3,2,2,2,2,2,2,3),(0.,1.55210239933418),
(-1.70995574287564,-1.66995574287564,-1.65424777960769,-1.48424777960769,
-1.4528318530718,-1.0428318530718,-1.0114159265359,-0.781415926535898),
 .UNSPECIFIED.)
GEOMETRIC_REPRESENTATION_ITEM()
RATIONAL_B_SPLINE_SURFACE(((1.,1.,1.,0.707106781186548,1.,1.,1.,0.707106781186548,
1.,1.,1.,0.707106781186548,1.,1.,1.),(1.,1.,1.,0.707106781186548,1.,1.,1.,
0.707106781186548,1.,1.,1.,0.707106781186548,1.,1.,1.)))
REPRESENTATION_ITEM('')
SURFACE()
);
#35=(
BOUNDED_SURFACE()
B_SPLINE_SURFACE(1,2,((#2387,#2388,#2389,#2390,#2391),(#2392,#2393,#2394,
#2395,#2396)),.UNSPECIFIED.,.F.,.F.,.F.)
B_SPLINE_SURFACE_WITH_KNOTS((2,2),(3,2,3),(0.,1.55210239933418),(-1.86566370614359,
-1.84995574287564,-1.70995574287564),.UNSPECIFIED.)
GEOMETRIC_REPRESENTATION_ITEM()
RATIONAL_B_SPLINE_SURFACE(((1.,0.707106781186548,1.,1.,1.),(1.,0.707106781186548,
1.,1.,1.)))
REPRESENTATION_ITEM('')
SURFACE()
);
#36=(
BOUNDED_SURFACE()
B_SPLINE_SURFACE(2,1,((#2473,#2474),(#2475,#2476),(#2477,#2478),(#2479,#2480),
(#2481,#2482),(#2483,#2484),(#2485,#2486),(#2487,#2488),(#2489,#2490),(#2491,
#2492),(#2493,#2494),(#2495,#2496),(#2497,#2498),(#2499,#2500),(#2501,#2502),
(#2503,#2504),(#2505,#2506)),.UNSPECIFIED.,.T.,.F.,.F.)
B_SPLINE_SURFACE_WITH_KNOTS((3,2,2,2,2,2,2,2,3),(2,2),(-5.88566370614359,
-5.86995574287564,-5.53995574287564,-5.52424777960769,-4.04424777960769,
-4.02853981633974,-3.69853981633974,-3.6828318530718,-2.2028318530718),(0.,
1.55210239933417),.UNSPECIFIED.)
GEOMETRIC_REPRESENTATION_ITEM()
RATIONAL_B_SPLINE_SURFACE(((1.,1.),(0.707106781186548,0.707106781186548),
(1.,1.),(1.,1.),(1.,1.),(0.707106781186548,0.707106781186548),(1.,1.),(1.,
1.),(1.,1.),(0.707106781186548,0.707106781186548),(1.,1.),(1.,1.),(1.,1.),
(0.707106781186548,0.707106781186548),(1.,1.),(1.,1.),(1.,1.)))
REPRESENTATION_ITEM('')
SURFACE()
);
#37=(
BOUNDED_SURFACE()
B_SPLINE_SURFACE(2,1,((#2508,#2509),(#2510,#2511),(#2512,#2513),(#2514,#2515),
(#2516,#2517),(#2518,#2519),(#2520,#2521),(#2522,#2523),(#2524,#2525),(#2526,
#2527),(#2528,#2529),(#2530,#2531),(#2532,#2533),(#2534,#2535),(#2536,#2537),
(#2538,#2539),(#2540,#2541)),.UNSPECIFIED.,.T.,.F.,.F.)
B_SPLINE_SURFACE_WITH_KNOTS((3,2,2,2,2,2,2,2,3),(2,2),(-5.88566370614359,
-5.86995574287564,-5.53995574287564,-5.52424777960769,-4.04424777960769,
-4.02853981633974,-3.69853981633974,-3.6828318530718,-2.2028318530718),(0.,
1.55210239933417),.UNSPECIFIED.)
GEOMETRIC_REPRESENTATION_ITEM()
RATIONAL_B_SPLINE_SURFACE(((1.,1.),(0.707106781186548,0.707106781186548),
(1.,1.),(1.,1.),(1.,1.),(0.707106781186548,0.707106781186548),(1.,1.),(1.,
1.),(1.,1.),(0.707106781186548,0.707106781186548),(1.,1.),(1.,1.),(1.,1.),
(0.707106781186548,0.707106781186548),(1.,1.),(1.,1.),(1.,1.)))
REPRESENTATION_ITEM('')
SURFACE()
);
#38=FACE_BOUND('',#292,.T.);
#39=FACE_BOUND('',#294,.T.);
#40=COLOUR_RGB('',1.,1.,1.);
#41=COLOUR_RGB('',1.,1.,1.);
#42=COLOUR_RGB('',1.,1.,1.);
#43=COLOUR_RGB('',0.,0.,0.);
#44=COLOUR_RGB('',0.862745098039216,0.862745098039216,0.862745098039216);
#45=COLOUR_RGB('',0.862745098039216,0.862745098039216,0.862745098039216);
#46=COLOUR_RGB('',0.901960784313726,0.901960784313726,0.901960784313726);
#47=FILL_AREA_STYLE_COLOUR('',#40);
#48=FILL_AREA_STYLE_COLOUR('',#41);
#49=FILL_AREA_STYLE_COLOUR('',#42);
#50=FILL_AREA_STYLE_COLOUR('',#43);
#51=FILL_AREA_STYLE_COLOUR('',#44);
#52=FILL_AREA_STYLE_COLOUR('',#45);
#53=FILL_AREA_STYLE_COLOUR('',#46);
#54=FILL_AREA_STYLE('',(#47));
#55=FILL_AREA_STYLE('',(#48));
#56=FILL_AREA_STYLE('',(#49));
#57=FILL_AREA_STYLE('',(#50));
#58=FILL_AREA_STYLE('',(#51));
#59=FILL_AREA_STYLE('',(#52));
#60=FILL_AREA_STYLE('',(#53));
#61=SURFACE_STYLE_FILL_AREA(#54);
#62=SURFACE_STYLE_FILL_AREA(#55);
#63=SURFACE_STYLE_FILL_AREA(#56);
#64=SURFACE_STYLE_FILL_AREA(#57);
#65=SURFACE_STYLE_FILL_AREA(#58);
#66=SURFACE_STYLE_FILL_AREA(#59);
#67=SURFACE_STYLE_FILL_AREA(#60);
#68=SURFACE_SIDE_STYLE('',(#61));
#69=SURFACE_SIDE_STYLE('',(#62));
#70=SURFACE_SIDE_STYLE('',(#63));
#71=SURFACE_SIDE_STYLE('brep_4',(#64));
#72=SURFACE_SIDE_STYLE('brep_5',(#65));
#73=SURFACE_SIDE_STYLE('brep_6',(#66));
#74=SURFACE_SIDE_STYLE('brep_7',(#67));
#75=SURFACE_STYLE_USAGE(.BOTH.,#68);
#76=SURFACE_STYLE_USAGE(.BOTH.,#69);
#77=SURFACE_STYLE_USAGE(.BOTH.,#70);
#78=SURFACE_STYLE_USAGE(.BOTH.,#71);
#79=SURFACE_STYLE_USAGE(.BOTH.,#72);
#80=SURFACE_STYLE_USAGE(.BOTH.,#73);
#81=SURFACE_STYLE_USAGE(.BOTH.,#74);
#82=MECHANICAL_DESIGN_GEOMETRIC_PRESENTATION_REPRESENTATION('',(#90,#91,
#92,#93,#94,#95,#96),#1157);
#83=PRESENTATION_STYLE_ASSIGNMENT((#75));
#84=PRESENTATION_STYLE_ASSIGNMENT((#76));
#85=PRESENTATION_STYLE_ASSIGNMENT((#77));
#86=PRESENTATION_STYLE_ASSIGNMENT((#78));
#87=PRESENTATION_STYLE_ASSIGNMENT((#79));
#88=PRESENTATION_STYLE_ASSIGNMENT((#80));
#89=PRESENTATION_STYLE_ASSIGNMENT((#81));
#90=STYLED_ITEM('',(#83),#104);
#91=STYLED_ITEM('',(#84),#105);
#92=STYLED_ITEM('',(#85),#106);
#93=STYLED_ITEM('',(#86),#107);
#94=STYLED_ITEM('',(#87),#108);
#95=STYLED_ITEM('',(#88),#109);
#96=STYLED_ITEM('',(#89),#110);
#97=PRESENTATION_LAYER_ASSIGNMENT('TextValueLayer','',(#104));
#98=PRESENTATION_LAYER_ASSIGNMENT('TextValueLayer','',(#105));
#99=PRESENTATION_LAYER_ASSIGNMENT('TextValueLayer','',(#106));
#100=PRESENTATION_LAYER_ASSIGNMENT('Res 1206::Top','',(#107));
#101=PRESENTATION_LAYER_ASSIGNMENT('Res 1206::Pins','',(#108));
#102=PRESENTATION_LAYER_ASSIGNMENT('Res 1206::Pins','',(#109));
#103=PRESENTATION_LAYER_ASSIGNMENT('Res 1206::Carrier','',(#110));
#104=MANIFOLD_SOLID_BREP('brep_1',#112);
#105=MANIFOLD_SOLID_BREP('brep_2',#113);
#106=MANIFOLD_SOLID_BREP('brep_3',#114);
#107=MANIFOLD_SOLID_BREP('brep_4',#115);
#108=MANIFOLD_SOLID_BREP('brep_5',#116);
#109=MANIFOLD_SOLID_BREP('brep_6',#117);
#110=MANIFOLD_SOLID_BREP('brep_7',#118);
#111=ADVANCED_BREP_SHAPE_REPRESENTATION('brep_rep_0',(#104,#105,#106,#107,
#108,#109,#110,#1180),#1157);
#112=CLOSED_SHELL('',(#119,#120,#121,#122,#123,#124,#125,#126,#127,#128,
#129,#130,#131,#132,#133,#134,#135));
#113=CLOSED_SHELL('',(#136,#137,#138,#139,#140,#141,#142,#143,#144,#145,
#146,#147,#148,#149,#150,#151,#152));
#114=CLOSED_SHELL('',(#153,#154,#155,#156,#157,#158,#159,#160,#161,#162,
#163,#164,#165,#166));
#115=CLOSED_SHELL('',(#167,#168,#169,#170,#171,#172));
#116=CLOSED_SHELL('',(#173,#174,#175,#176,#177));
#117=CLOSED_SHELL('',(#178,#179,#180,#181,#182,#183));
#118=CLOSED_SHELL('',(#184,#185,#186,#187));
#119=ADVANCED_FACE('',(#188),#1120,.T.);
#120=ADVANCED_FACE('',(#189),#1121,.T.);
#121=ADVANCED_FACE('',(#190),#1078,.T.);
#122=ADVANCED_FACE('',(#191),#1079,.T.);
#123=ADVANCED_FACE('',(#192),#1080,.T.);
#124=ADVANCED_FACE('',(#193),#1081,.T.);
#125=ADVANCED_FACE('',(#194),#1082,.T.);
#126=ADVANCED_FACE('',(#195),#1083,.T.);
#127=ADVANCED_FACE('',(#196),#1084,.T.);
#128=ADVANCED_FACE('',(#197),#1085,.T.);
#129=ADVANCED_FACE('',(#198),#1086,.T.);
#130=ADVANCED_FACE('',(#199),#1087,.T.);
#131=ADVANCED_FACE('',(#200),#1088,.T.);
#132=ADVANCED_FACE('',(#201),#1089,.T.);
#133=ADVANCED_FACE('',(#202),#1090,.T.);
#134=ADVANCED_FACE('',(#203),#1091,.T.);
#135=ADVANCED_FACE('',(#204),#1092,.T.);
#136=ADVANCED_FACE('',(#205),#1122,.T.);
#137=ADVANCED_FACE('',(#206),#1123,.T.);
#138=ADVANCED_FACE('',(#207),#1093,.T.);
#139=ADVANCED_FACE('',(#208),#1094,.T.);
#140=ADVANCED_FACE('',(#209),#1095,.T.);
#141=ADVANCED_FACE('',(#210),#1096,.T.);
#142=ADVANCED_FACE('',(#211),#1097,.T.);
#143=ADVANCED_FACE('',(#212),#1098,.T.);
#144=ADVANCED_FACE('',(#213),#1099,.T.);
#145=ADVANCED_FACE('',(#214),#1100,.T.);
#146=ADVANCED_FACE('',(#215),#1101,.T.);
#147=ADVANCED_FACE('',(#216),#1102,.T.);
#148=ADVANCED_FACE('',(#217),#1103,.T.);
#149=ADVANCED_FACE('',(#218),#1104,.T.);
#150=ADVANCED_FACE('',(#219),#1105,.T.);
#151=ADVANCED_FACE('',(#220),#1106,.T.);
#152=ADVANCED_FACE('',(#221),#1107,.T.);
#153=ADVANCED_FACE('',(#222,#38),#1124,.T.);
#154=ADVANCED_FACE('',(#223,#39),#1125,.T.);
#155=ADVANCED_FACE('',(#224),#1108,.T.);
#156=ADVANCED_FACE('',(#225),#1109,.T.);
#157=ADVANCED_FACE('',(#226),#1110,.T.);
#158=ADVANCED_FACE('',(#227),#1111,.T.);
#159=ADVANCED_FACE('',(#228),#1112,.T.);
#160=ADVANCED_FACE('',(#229),#1113,.T.);
#161=ADVANCED_FACE('',(#230),#1114,.T.);
#162=ADVANCED_FACE('',(#231),#1115,.T.);
#163=ADVANCED_FACE('',(#232),#1116,.T.);
#164=ADVANCED_FACE('',(#233),#1117,.T.);
#165=ADVANCED_FACE('',(#234),#1118,.T.);
#166=ADVANCED_FACE('',(#235),#1119,.T.);
#167=ADVANCED_FACE('',(#236),#1126,.T.);
#168=ADVANCED_FACE('',(#237),#1127,.T.);
#169=ADVANCED_FACE('',(#238),#1128,.T.);
#170=ADVANCED_FACE('',(#239),#1129,.T.);
#171=ADVANCED_FACE('',(#240),#1130,.T.);
#172=ADVANCED_FACE('',(#241),#1131,.T.);
#173=ADVANCED_FACE('',(#242),#1132,.T.);
#174=ADVANCED_FACE('',(#243),#31,.T.);
#175=ADVANCED_FACE('',(#244),#1133,.T.);
#176=ADVANCED_FACE('',(#245),#32,.T.);
#177=ADVANCED_FACE('',(#246),#1134,.T.);
#178=ADVANCED_FACE('',(#247),#33,.T.);
#179=ADVANCED_FACE('',(#248),#1135,.T.);
#180=ADVANCED_FACE('',(#249),#34,.T.);
#181=ADVANCED_FACE('',(#250),#1136,.T.);
#182=ADVANCED_FACE('',(#251),#35,.T.);
#183=ADVANCED_FACE('',(#252),#1137,.T.);
#184=ADVANCED_FACE('',(#253),#1138,.T.);
#185=ADVANCED_FACE('',(#254),#36,.T.);
#186=ADVANCED_FACE('',(#255),#1139,.T.);
#187=ADVANCED_FACE('',(#256),#37,.T.);
#188=FACE_OUTER_BOUND('',#257,.T.);
#189=FACE_OUTER_BOUND('',#258,.T.);
#190=FACE_OUTER_BOUND('',#259,.T.);
#191=FACE_OUTER_BOUND('',#260,.T.);
#192=FACE_OUTER_BOUND('',#261,.T.);
#193=FACE_OUTER_BOUND('',#262,.T.);
#194=FACE_OUTER_BOUND('',#263,.T.);
#195=FACE_OUTER_BOUND('',#264,.T.);
#196=FACE_OUTER_BOUND('',#265,.T.);
#197=FACE_OUTER_BOUND('',#266,.T.);
#198=FACE_OUTER_BOUND('',#267,.T.);
#199=FACE_OUTER_BOUND('',#268,.T.);
#200=FACE_OUTER_BOUND('',#269,.T.);
#201=FACE_OUTER_BOUND('',#270,.T.);
#202=FACE_OUTER_BOUND('',#271,.T.);
#203=FACE_OUTER_BOUND('',#272,.T.);
#204=FACE_OUTER_BOUND('',#273,.T.);
#205=FACE_OUTER_BOUND('',#274,.T.);
#206=FACE_OUTER_BOUND('',#275,.T.);
#207=FACE_OUTER_BOUND('',#276,.T.);
#208=FACE_OUTER_BOUND('',#277,.T.);
#209=FACE_OUTER_BOUND('',#278,.T.);
#210=FACE_OUTER_BOUND('',#279,.T.);
#211=FACE_OUTER_BOUND('',#280,.T.);
#212=FACE_OUTER_BOUND('',#281,.T.);
#213=FACE_OUTER_BOUND('',#282,.T.);
#214=FACE_OUTER_BOUND('',#283,.T.);
#215=FACE_OUTER_BOUND('',#284,.T.);
#216=FACE_OUTER_BOUND('',#285,.T.);
#217=FACE_OUTER_BOUND('',#286,.T.);
#218=FACE_OUTER_BOUND('',#287,.T.);
#219=FACE_OUTER_BOUND('',#288,.T.);
#220=FACE_OUTER_BOUND('',#289,.T.);
#221=FACE_OUTER_BOUND('',#290,.T.);
#222=FACE_OUTER_BOUND('',#291,.T.);
#223=FACE_OUTER_BOUND('',#293,.T.);
#224=FACE_OUTER_BOUND('',#295,.T.);
#225=FACE_OUTER_BOUND('',#296,.T.);
#226=FACE_OUTER_BOUND('',#297,.T.);
#227=FACE_OUTER_BOUND('',#298,.T.);
#228=FACE_OUTER_BOUND('',#299,.T.);
#229=FACE_OUTER_BOUND('',#300,.T.);
#230=FACE_OUTER_BOUND('',#301,.T.);
#231=FACE_OUTER_BOUND('',#302,.T.);
#232=FACE_OUTER_BOUND('',#303,.T.);
#233=FACE_OUTER_BOUND('',#304,.T.);
#234=FACE_OUTER_BOUND('',#305,.T.);
#235=FACE_OUTER_BOUND('',#306,.T.);
#236=FACE_OUTER_BOUND('',#307,.T.);
#237=FACE_OUTER_BOUND('',#308,.T.);
#238=FACE_OUTER_BOUND('',#309,.T.);
#239=FACE_OUTER_BOUND('',#310,.T.);
#240=FACE_OUTER_BOUND('',#311,.T.);
#241=FACE_OUTER_BOUND('',#312,.T.);
#242=FACE_OUTER_BOUND('',#313,.T.);
#243=FACE_OUTER_BOUND('',#314,.T.);
#244=FACE_OUTER_BOUND('',#315,.T.);
#245=FACE_OUTER_BOUND('',#316,.T.);
#246=FACE_OUTER_BOUND('',#317,.T.);
#247=FACE_OUTER_BOUND('',#318,.T.);
#248=FACE_OUTER_BOUND('',#319,.T.);
#249=FACE_OUTER_BOUND('',#320,.T.);
#250=FACE_OUTER_BOUND('',#321,.T.);
#251=FACE_OUTER_BOUND('',#322,.T.);
#252=FACE_OUTER_BOUND('',#323,.T.);
#253=FACE_OUTER_BOUND('',#324,.T.);
#254=FACE_OUTER_BOUND('',#325,.T.);
#255=FACE_OUTER_BOUND('',#326,.T.);
#256=FACE_OUTER_BOUND('',#327,.T.);
#257=EDGE_LOOP('',(#328,#329,#330,#331,#332,#333,#334,#335,#336,#337,#338,
#339,#340,#341,#342));
#258=EDGE_LOOP('',(#343,#344,#345,#346,#347,#348,#349,#350,#351,#352,#353,
#354,#355,#356,#357));
#259=EDGE_LOOP('',(#358,#359,#360,#361));
#260=EDGE_LOOP('',(#362,#363,#364,#365));
#261=EDGE_LOOP('',(#366,#367,#368,#369));
#262=EDGE_LOOP('',(#370,#371,#372,#373));
#263=EDGE_LOOP('',(#374,#375,#376,#377));
#264=EDGE_LOOP('',(#378,#379,#380,#381));
#265=EDGE_LOOP('',(#382,#383,#384,#385));
#266=EDGE_LOOP('',(#386,#387,#388,#389));
#267=EDGE_LOOP('',(#390,#391,#392,#393));
#268=EDGE_LOOP('',(#394,#395,#396,#397));
#269=EDGE_LOOP('',(#398,#399,#400,#401));
#270=EDGE_LOOP('',(#402,#403,#404,#405));
#271=EDGE_LOOP('',(#406,#407,#408,#409));
#272=EDGE_LOOP('',(#410,#411,#412,#413));
#273=EDGE_LOOP('',(#414,#415,#416,#417));
#274=EDGE_LOOP('',(#418,#419,#420,#421,#422,#423,#424,#425,#426,#427,#428,
#429,#430,#431,#432));
#275=EDGE_LOOP('',(#433,#434,#435,#436,#437,#438,#439,#440,#441,#442,#443,
#444,#445,#446,#447));
#276=EDGE_LOOP('',(#448,#449,#450,#451));
#277=EDGE_LOOP('',(#452,#453,#454,#455));
#278=EDGE_LOOP('',(#456,#457,#458,#459));
#279=EDGE_LOOP('',(#460,#461,#462,#463));
#280=EDGE_LOOP('',(#464,#465,#466,#467));
#281=EDGE_LOOP('',(#468,#469,#470,#471));
#282=EDGE_LOOP('',(#472,#473,#474,#475));
#283=EDGE_LOOP('',(#476,#477,#478,#479));
#284=EDGE_LOOP('',(#480,#481,#482,#483));
#285=EDGE_LOOP('',(#484,#485,#486,#487));
#286=EDGE_LOOP('',(#488,#489,#490,#491));
#287=EDGE_LOOP('',(#492,#493,#494,#495));
#288=EDGE_LOOP('',(#496,#497,#498,#499));
#289=EDGE_LOOP('',(#500,#501,#502,#503));
#290=EDGE_LOOP('',(#504,#505,#506,#507));
#291=EDGE_LOOP('',(#508,#509,#510,#511,#512,#513,#514,#515,#516));
#292=EDGE_LOOP('',(#517,#518,#519));
#293=EDGE_LOOP('',(#520,#521,#522,#523,#524,#525,#526,#527,#528));
#294=EDGE_LOOP('',(#529,#530,#531));
#295=EDGE_LOOP('',(#532,#533,#534,#535));
#296=EDGE_LOOP('',(#536,#537,#538,#539));
#297=EDGE_LOOP('',(#540,#541,#542,#543));
#298=EDGE_LOOP('',(#544,#545,#546,#547));
#299=EDGE_LOOP('',(#548,#549,#550,#551));
#300=EDGE_LOOP('',(#552,#553,#554,#555));
#301=EDGE_LOOP('',(#556,#557,#558,#559));
#302=EDGE_LOOP('',(#560,#561,#562,#563));
#303=EDGE_LOOP('',(#564,#565,#566,#567));
#304=EDGE_LOOP('',(#568,#569,#570,#571));
#305=EDGE_LOOP('',(#572,#573,#574,#575));
#306=EDGE_LOOP('',(#576,#577,#578,#579));
#307=EDGE_LOOP('',(#580,#581,#582,#583));
#308=EDGE_LOOP('',(#584,#585,#586,#587));
#309=EDGE_LOOP('',(#588,#589,#590,#591));
#310=EDGE_LOOP('',(#592,#593,#594,#595));
#311=EDGE_LOOP('',(#596,#597,#598,#599));
#312=EDGE_LOOP('',(#600,#601,#602,#603));
#313=EDGE_LOOP('',(#604,#605,#606,#607));
#314=EDGE_LOOP('',(#608,#609,#610,#611));
#315=EDGE_LOOP('',(#612,#613,#614));
#316=EDGE_LOOP('',(#615,#616,#617,#618));
#317=EDGE_LOOP('',(#619,#620,#621));
#318=EDGE_LOOP('',(#622,#623,#624,#625));
#319=EDGE_LOOP('',(#626,#627,#628,#629));
#320=EDGE_LOOP('',(#630,#631,#632,#633));
#321=EDGE_LOOP('',(#634,#635,#636,#637));
#322=EDGE_LOOP('',(#638,#639,#640,#641));
#323=EDGE_LOOP('',(#642,#643,#644,#645));
#324=EDGE_LOOP('',(#646,#647));
#325=EDGE_LOOP('',(#648,#649,#650,#651));
#326=EDGE_LOOP('',(#652,#653));
#327=EDGE_LOOP('',(#654,#655,#656,#657));
#328=ORIENTED_EDGE('',*,*,#658,.T.);
#329=ORIENTED_EDGE('',*,*,#672,.T.);
#330=ORIENTED_EDGE('',*,*,#671,.T.);
#331=ORIENTED_EDGE('',*,*,#670,.T.);
#332=ORIENTED_EDGE('',*,*,#669,.T.);
#333=ORIENTED_EDGE('',*,*,#668,.T.);
#334=ORIENTED_EDGE('',*,*,#667,.T.);
#335=ORIENTED_EDGE('',*,*,#666,.T.);
#336=ORIENTED_EDGE('',*,*,#665,.T.);
#337=ORIENTED_EDGE('',*,*,#664,.T.);
#338=ORIENTED_EDGE('',*,*,#663,.T.);
#339=ORIENTED_EDGE('',*,*,#662,.T.);
#340=ORIENTED_EDGE('',*,*,#661,.T.);
#341=ORIENTED_EDGE('',*,*,#660,.T.);
#342=ORIENTED_EDGE('',*,*,#659,.T.);
#343=ORIENTED_EDGE('',*,*,#674,.F.);
#344=ORIENTED_EDGE('',*,*,#675,.F.);
#345=ORIENTED_EDGE('',*,*,#676,.F.);
#346=ORIENTED_EDGE('',*,*,#677,.F.);
#347=ORIENTED_EDGE('',*,*,#678,.F.);
#348=ORIENTED_EDGE('',*,*,#679,.F.);
#349=ORIENTED_EDGE('',*,*,#680,.F.);
#350=ORIENTED_EDGE('',*,*,#681,.F.);
#351=ORIENTED_EDGE('',*,*,#682,.F.);
#352=ORIENTED_EDGE('',*,*,#683,.F.);
#353=ORIENTED_EDGE('',*,*,#684,.F.);
#354=ORIENTED_EDGE('',*,*,#685,.F.);
#355=ORIENTED_EDGE('',*,*,#686,.F.);
#356=ORIENTED_EDGE('',*,*,#687,.F.);
#357=ORIENTED_EDGE('',*,*,#673,.F.);
#358=ORIENTED_EDGE('',*,*,#689,.F.);
#359=ORIENTED_EDGE('',*,*,#673,.T.);
#360=ORIENTED_EDGE('',*,*,#688,.F.);
#361=ORIENTED_EDGE('',*,*,#658,.F.);
#362=ORIENTED_EDGE('',*,*,#688,.T.);
#363=ORIENTED_EDGE('',*,*,#687,.T.);
#364=ORIENTED_EDGE('',*,*,#690,.F.);
#365=ORIENTED_EDGE('',*,*,#672,.F.);
#366=ORIENTED_EDGE('',*,*,#690,.T.);
#367=ORIENTED_EDGE('',*,*,#686,.T.);
#368=ORIENTED_EDGE('',*,*,#691,.F.);
#369=ORIENTED_EDGE('',*,*,#671,.F.);
#370=ORIENTED_EDGE('',*,*,#691,.T.);
#371=ORIENTED_EDGE('',*,*,#685,.T.);
#372=ORIENTED_EDGE('',*,*,#692,.F.);
#373=ORIENTED_EDGE('',*,*,#670,.F.);
#374=ORIENTED_EDGE('',*,*,#692,.T.);
#375=ORIENTED_EDGE('',*,*,#684,.T.);
#376=ORIENTED_EDGE('',*,*,#693,.F.);
#377=ORIENTED_EDGE('',*,*,#669,.F.);
#378=ORIENTED_EDGE('',*,*,#693,.T.);
#379=ORIENTED_EDGE('',*,*,#683,.T.);
#380=ORIENTED_EDGE('',*,*,#694,.F.);
#381=ORIENTED_EDGE('',*,*,#668,.F.);
#382=ORIENTED_EDGE('',*,*,#694,.T.);
#383=ORIENTED_EDGE('',*,*,#682,.T.);
#384=ORIENTED_EDGE('',*,*,#695,.F.);
#385=ORIENTED_EDGE('',*,*,#667,.F.);
#386=ORIENTED_EDGE('',*,*,#695,.T.);
#387=ORIENTED_EDGE('',*,*,#681,.T.);
#388=ORIENTED_EDGE('',*,*,#696,.F.);
#389=ORIENTED_EDGE('',*,*,#666,.F.);
#390=ORIENTED_EDGE('',*,*,#696,.T.);
#391=ORIENTED_EDGE('',*,*,#680,.T.);
#392=ORIENTED_EDGE('',*,*,#697,.F.);
#393=ORIENTED_EDGE('',*,*,#665,.F.);
#394=ORIENTED_EDGE('',*,*,#697,.T.);
#395=ORIENTED_EDGE('',*,*,#679,.T.);
#396=ORIENTED_EDGE('',*,*,#698,.F.);
#397=ORIENTED_EDGE('',*,*,#664,.F.);
#398=ORIENTED_EDGE('',*,*,#698,.T.);
#399=ORIENTED_EDGE('',*,*,#678,.T.);
#400=ORIENTED_EDGE('',*,*,#699,.F.);
#401=ORIENTED_EDGE('',*,*,#663,.F.);
#402=ORIENTED_EDGE('',*,*,#699,.T.);
#403=ORIENTED_EDGE('',*,*,#677,.T.);
#404=ORIENTED_EDGE('',*,*,#700,.F.);
#405=ORIENTED_EDGE('',*,*,#662,.F.);
#406=ORIENTED_EDGE('',*,*,#700,.T.);
#407=ORIENTED_EDGE('',*,*,#676,.T.);
#408=ORIENTED_EDGE('',*,*,#701,.F.);
#409=ORIENTED_EDGE('',*,*,#661,.F.);
#410=ORIENTED_EDGE('',*,*,#701,.T.);
#411=ORIENTED_EDGE('',*,*,#675,.T.);
#412=ORIENTED_EDGE('',*,*,#702,.F.);
#413=ORIENTED_EDGE('',*,*,#660,.F.);
#414=ORIENTED_EDGE('',*,*,#702,.T.);
#415=ORIENTED_EDGE('',*,*,#674,.T.);
#416=ORIENTED_EDGE('',*,*,#689,.T.);
#417=ORIENTED_EDGE('',*,*,#659,.F.);
#418=ORIENTED_EDGE('',*,*,#703,.T.);
#419=ORIENTED_EDGE('',*,*,#717,.T.);
#420=ORIENTED_EDGE('',*,*,#716,.T.);
#421=ORIENTED_EDGE('',*,*,#715,.T.);
#422=ORIENTED_EDGE('',*,*,#714,.T.);
#423=ORIENTED_EDGE('',*,*,#713,.T.);
#424=ORIENTED_EDGE('',*,*,#712,.T.);
#425=ORIENTED_EDGE('',*,*,#711,.T.);
#426=ORIENTED_EDGE('',*,*,#710,.T.);
#427=ORIENTED_EDGE('',*,*,#709,.T.);
#428=ORIENTED_EDGE('',*,*,#708,.T.);
#429=ORIENTED_EDGE('',*,*,#707,.T.);
#430=ORIENTED_EDGE('',*,*,#706,.T.);
#431=ORIENTED_EDGE('',*,*,#705,.T.);
#432=ORIENTED_EDGE('',*,*,#704,.T.);
#433=ORIENTED_EDGE('',*,*,#719,.F.);
#434=ORIENTED_EDGE('',*,*,#720,.F.);
#435=ORIENTED_EDGE('',*,*,#721,.F.);
#436=ORIENTED_EDGE('',*,*,#722,.F.);
#437=ORIENTED_EDGE('',*,*,#723,.F.);
#438=ORIENTED_EDGE('',*,*,#724,.F.);
#439=ORIENTED_EDGE('',*,*,#725,.F.);
#440=ORIENTED_EDGE('',*,*,#726,.F.);
#441=ORIENTED_EDGE('',*,*,#727,.F.);
#442=ORIENTED_EDGE('',*,*,#728,.F.);
#443=ORIENTED_EDGE('',*,*,#729,.F.);
#444=ORIENTED_EDGE('',*,*,#730,.F.);
#445=ORIENTED_EDGE('',*,*,#731,.F.);
#446=ORIENTED_EDGE('',*,*,#732,.F.);
#447=ORIENTED_EDGE('',*,*,#718,.F.);
#448=ORIENTED_EDGE('',*,*,#734,.F.);
#449=ORIENTED_EDGE('',*,*,#718,.T.);
#450=ORIENTED_EDGE('',*,*,#733,.F.);
#451=ORIENTED_EDGE('',*,*,#703,.F.);
#452=ORIENTED_EDGE('',*,*,#733,.T.);
#453=ORIENTED_EDGE('',*,*,#732,.T.);
#454=ORIENTED_EDGE('',*,*,#735,.F.);
#455=ORIENTED_EDGE('',*,*,#717,.F.);
#456=ORIENTED_EDGE('',*,*,#735,.T.);
#457=ORIENTED_EDGE('',*,*,#731,.T.);
#458=ORIENTED_EDGE('',*,*,#736,.F.);
#459=ORIENTED_EDGE('',*,*,#716,.F.);
#460=ORIENTED_EDGE('',*,*,#736,.T.);
#461=ORIENTED_EDGE('',*,*,#730,.T.);
#462=ORIENTED_EDGE('',*,*,#737,.F.);
#463=ORIENTED_EDGE('',*,*,#715,.F.);
#464=ORIENTED_EDGE('',*,*,#737,.T.);
#465=ORIENTED_EDGE('',*,*,#729,.T.);
#466=ORIENTED_EDGE('',*,*,#738,.F.);
#467=ORIENTED_EDGE('',*,*,#714,.F.);
#468=ORIENTED_EDGE('',*,*,#738,.T.);
#469=ORIENTED_EDGE('',*,*,#728,.T.);
#470=ORIENTED_EDGE('',*,*,#739,.F.);
#471=ORIENTED_EDGE('',*,*,#713,.F.);
#472=ORIENTED_EDGE('',*,*,#739,.T.);
#473=ORIENTED_EDGE('',*,*,#727,.T.);
#474=ORIENTED_EDGE('',*,*,#740,.F.);
#475=ORIENTED_EDGE('',*,*,#712,.F.);
#476=ORIENTED_EDGE('',*,*,#740,.T.);
#477=ORIENTED_EDGE('',*,*,#726,.T.);
#478=ORIENTED_EDGE('',*,*,#741,.F.);
#479=ORIENTED_EDGE('',*,*,#711,.F.);
#480=ORIENTED_EDGE('',*,*,#741,.T.);
#481=ORIENTED_EDGE('',*,*,#725,.T.);
#482=ORIENTED_EDGE('',*,*,#742,.F.);
#483=ORIENTED_EDGE('',*,*,#710,.F.);
#484=ORIENTED_EDGE('',*,*,#742,.T.);
#485=ORIENTED_EDGE('',*,*,#724,.T.);
#486=ORIENTED_EDGE('',*,*,#743,.F.);
#487=ORIENTED_EDGE('',*,*,#709,.F.);
#488=ORIENTED_EDGE('',*,*,#743,.T.);
#489=ORIENTED_EDGE('',*,*,#723,.T.);
#490=ORIENTED_EDGE('',*,*,#744,.F.);
#491=ORIENTED_EDGE('',*,*,#708,.F.);
#492=ORIENTED_EDGE('',*,*,#744,.T.);
#493=ORIENTED_EDGE('',*,*,#722,.T.);
#494=ORIENTED_EDGE('',*,*,#745,.F.);
#495=ORIENTED_EDGE('',*,*,#707,.F.);
#496=ORIENTED_EDGE('',*,*,#745,.T.);
#497=ORIENTED_EDGE('',*,*,#721,.T.);
#498=ORIENTED_EDGE('',*,*,#746,.F.);
#499=ORIENTED_EDGE('',*,*,#706,.F.);
#500=ORIENTED_EDGE('',*,*,#746,.T.);
#501=ORIENTED_EDGE('',*,*,#720,.T.);
#502=ORIENTED_EDGE('',*,*,#747,.F.);
#503=ORIENTED_EDGE('',*,*,#705,.F.);
#504=ORIENTED_EDGE('',*,*,#747,.T.);
#505=ORIENTED_EDGE('',*,*,#719,.T.);
#506=ORIENTED_EDGE('',*,*,#734,.T.);
#507=ORIENTED_EDGE('',*,*,#704,.F.);
#508=ORIENTED_EDGE('',*,*,#748,.T.);
#509=ORIENTED_EDGE('',*,*,#757,.T.);
#510=ORIENTED_EDGE('',*,*,#756,.T.);
#511=ORIENTED_EDGE('',*,*,#755,.T.);
#512=ORIENTED_EDGE('',*,*,#754,.T.);
#513=ORIENTED_EDGE('',*,*,#753,.T.);
#514=ORIENTED_EDGE('',*,*,#752,.T.);
#515=ORIENTED_EDGE('',*,*,#751,.T.);
#516=ORIENTED_EDGE('',*,*,#750,.T.);
#517=ORIENTED_EDGE('',*,*,#758,.F.);
#518=ORIENTED_EDGE('',*,*,#759,.F.);
#519=ORIENTED_EDGE('',*,*,#749,.F.);
#520=ORIENTED_EDGE('',*,*,#762,.F.);
#521=ORIENTED_EDGE('',*,*,#763,.F.);
#522=ORIENTED_EDGE('',*,*,#764,.F.);
#523=ORIENTED_EDGE('',*,*,#765,.F.);
#524=ORIENTED_EDGE('',*,*,#766,.F.);
#525=ORIENTED_EDGE('',*,*,#767,.F.);
#526=ORIENTED_EDGE('',*,*,#768,.F.);
#527=ORIENTED_EDGE('',*,*,#769,.F.);
#528=ORIENTED_EDGE('',*,*,#760,.F.);
#529=ORIENTED_EDGE('',*,*,#761,.T.);
#530=ORIENTED_EDGE('',*,*,#771,.T.);
#531=ORIENTED_EDGE('',*,*,#770,.T.);
#532=ORIENTED_EDGE('',*,*,#773,.F.);
#533=ORIENTED_EDGE('',*,*,#760,.T.);
#534=ORIENTED_EDGE('',*,*,#772,.F.);
#535=ORIENTED_EDGE('',*,*,#748,.F.);
#536=ORIENTED_EDGE('',*,*,#772,.T.);
#537=ORIENTED_EDGE('',*,*,#769,.T.);
#538=ORIENTED_EDGE('',*,*,#774,.F.);
#539=ORIENTED_EDGE('',*,*,#757,.F.);
#540=ORIENTED_EDGE('',*,*,#774,.T.);
#541=ORIENTED_EDGE('',*,*,#768,.T.);
#542=ORIENTED_EDGE('',*,*,#775,.F.);
#543=ORIENTED_EDGE('',*,*,#756,.F.);
#544=ORIENTED_EDGE('',*,*,#775,.T.);
#545=ORIENTED_EDGE('',*,*,#767,.T.);
#546=ORIENTED_EDGE('',*,*,#776,.F.);
#547=ORIENTED_EDGE('',*,*,#755,.F.);
#548=ORIENTED_EDGE('',*,*,#776,.T.);
#549=ORIENTED_EDGE('',*,*,#766,.T.);
#550=ORIENTED_EDGE('',*,*,#777,.F.);
#551=ORIENTED_EDGE('',*,*,#754,.F.);
#552=ORIENTED_EDGE('',*,*,#777,.T.);
#553=ORIENTED_EDGE('',*,*,#765,.T.);
#554=ORIENTED_EDGE('',*,*,#778,.F.);
#555=ORIENTED_EDGE('',*,*,#753,.F.);
#556=ORIENTED_EDGE('',*,*,#778,.T.);
#557=ORIENTED_EDGE('',*,*,#764,.T.);
#558=ORIENTED_EDGE('',*,*,#779,.F.);
#559=ORIENTED_EDGE('',*,*,#752,.F.);
#560=ORIENTED_EDGE('',*,*,#779,.T.);
#561=ORIENTED_EDGE('',*,*,#763,.T.);
#562=ORIENTED_EDGE('',*,*,#780,.F.);
#563=ORIENTED_EDGE('',*,*,#751,.F.);
#564=ORIENTED_EDGE('',*,*,#780,.T.);
#565=ORIENTED_EDGE('',*,*,#762,.T.);
#566=ORIENTED_EDGE('',*,*,#773,.T.);
#567=ORIENTED_EDGE('',*,*,#750,.F.);
#568=ORIENTED_EDGE('',*,*,#782,.F.);
#569=ORIENTED_EDGE('',*,*,#770,.F.);
#570=ORIENTED_EDGE('',*,*,#781,.F.);
#571=ORIENTED_EDGE('',*,*,#758,.T.);
#572=ORIENTED_EDGE('',*,*,#781,.T.);
#573=ORIENTED_EDGE('',*,*,#771,.F.);
#574=ORIENTED_EDGE('',*,*,#783,.F.);
#575=ORIENTED_EDGE('',*,*,#759,.T.);
#576=ORIENTED_EDGE('',*,*,#783,.T.);
#577=ORIENTED_EDGE('',*,*,#761,.F.);
#578=ORIENTED_EDGE('',*,*,#782,.T.);
#579=ORIENTED_EDGE('',*,*,#749,.T.);
#580=ORIENTED_EDGE('',*,*,#784,.T.);
#581=ORIENTED_EDGE('',*,*,#785,.T.);
#582=ORIENTED_EDGE('',*,*,#786,.T.);
#583=ORIENTED_EDGE('',*,*,#787,.T.);
#584=ORIENTED_EDGE('',*,*,#788,.T.);
#585=ORIENTED_EDGE('',*,*,#789,.T.);
#586=ORIENTED_EDGE('',*,*,#790,.T.);
#587=ORIENTED_EDGE('',*,*,#787,.F.);
#588=ORIENTED_EDGE('',*,*,#789,.F.);
#589=ORIENTED_EDGE('',*,*,#791,.T.);
#590=ORIENTED_EDGE('',*,*,#792,.T.);
#591=ORIENTED_EDGE('',*,*,#793,.T.);
#592=ORIENTED_EDGE('',*,*,#794,.T.);
#593=ORIENTED_EDGE('',*,*,#791,.F.);
#594=ORIENTED_EDGE('',*,*,#788,.F.);
#595=ORIENTED_EDGE('',*,*,#786,.F.);
#596=ORIENTED_EDGE('',*,*,#795,.T.);
#597=ORIENTED_EDGE('',*,*,#792,.F.);
#598=ORIENTED_EDGE('',*,*,#794,.F.);
#599=ORIENTED_EDGE('',*,*,#785,.F.);
#600=ORIENTED_EDGE('',*,*,#784,.F.);
#601=ORIENTED_EDGE('',*,*,#790,.F.);
#602=ORIENTED_EDGE('',*,*,#793,.F.);
#603=ORIENTED_EDGE('',*,*,#795,.F.);
#604=ORIENTED_EDGE('',*,*,#796,.T.);
#605=ORIENTED_EDGE('',*,*,#797,.T.);
#606=ORIENTED_EDGE('',*,*,#798,.T.);
#607=ORIENTED_EDGE('',*,*,#799,.T.);
#608=ORIENTED_EDGE('',*,*,#800,.T.);
#609=ORIENTED_EDGE('',*,*,#801,.T.);
#610=ORIENTED_EDGE('',*,*,#796,.F.);
#611=ORIENTED_EDGE('',*,*,#802,.T.);
#612=ORIENTED_EDGE('',*,*,#797,.F.);
#613=ORIENTED_EDGE('',*,*,#801,.F.);
#614=ORIENTED_EDGE('',*,*,#803,.F.);
#615=ORIENTED_EDGE('',*,*,#798,.F.);
#616=ORIENTED_EDGE('',*,*,#803,.T.);
#617=ORIENTED_EDGE('',*,*,#800,.F.);
#618=ORIENTED_EDGE('',*,*,#804,.T.);
#619=ORIENTED_EDGE('',*,*,#804,.F.);
#620=ORIENTED_EDGE('',*,*,#802,.F.);
#621=ORIENTED_EDGE('',*,*,#799,.F.);
#622=ORIENTED_EDGE('',*,*,#805,.T.);
#623=ORIENTED_EDGE('',*,*,#806,.T.);
#624=ORIENTED_EDGE('',*,*,#807,.T.);
#625=ORIENTED_EDGE('',*,*,#808,.T.);
#626=ORIENTED_EDGE('',*,*,#809,.T.);
#627=ORIENTED_EDGE('',*,*,#810,.T.);
#628=ORIENTED_EDGE('',*,*,#805,.F.);
#629=ORIENTED_EDGE('',*,*,#811,.T.);
#630=ORIENTED_EDGE('',*,*,#812,.T.);
#631=ORIENTED_EDGE('',*,*,#813,.T.);
#632=ORIENTED_EDGE('',*,*,#809,.F.);
#633=ORIENTED_EDGE('',*,*,#814,.T.);
#634=ORIENTED_EDGE('',*,*,#806,.F.);
#635=ORIENTED_EDGE('',*,*,#810,.F.);
#636=ORIENTED_EDGE('',*,*,#813,.F.);
#637=ORIENTED_EDGE('',*,*,#815,.T.);
#638=ORIENTED_EDGE('',*,*,#807,.F.);
#639=ORIENTED_EDGE('',*,*,#815,.F.);
#640=ORIENTED_EDGE('',*,*,#812,.F.);
#641=ORIENTED_EDGE('',*,*,#816,.T.);
#642=ORIENTED_EDGE('',*,*,#816,.F.);
#643=ORIENTED_EDGE('',*,*,#814,.F.);
#644=ORIENTED_EDGE('',*,*,#811,.F.);
#645=ORIENTED_EDGE('',*,*,#808,.F.);
#646=ORIENTED_EDGE('',*,*,#820,.T.);
#647=ORIENTED_EDGE('',*,*,#821,.T.);
#648=ORIENTED_EDGE('',*,*,#819,.T.);
#649=ORIENTED_EDGE('',*,*,#820,.F.);
#650=ORIENTED_EDGE('',*,*,#818,.F.);
#651=ORIENTED_EDGE('',*,*,#817,.T.);
#652=ORIENTED_EDGE('',*,*,#822,.F.);
#653=ORIENTED_EDGE('',*,*,#817,.F.);
#654=ORIENTED_EDGE('',*,*,#819,.F.);
#655=ORIENTED_EDGE('',*,*,#822,.T.);
#656=ORIENTED_EDGE('',*,*,#818,.T.);
#657=ORIENTED_EDGE('',*,*,#821,.F.);
#658=EDGE_CURVE('',#968,#982,#823,.T.);
#659=EDGE_CURVE('',#969,#968,#824,.T.);
#660=EDGE_CURVE('',#970,#969,#825,.T.);
#661=EDGE_CURVE('',#971,#970,#826,.T.);
#662=EDGE_CURVE('',#972,#971,#827,.T.);
#663=EDGE_CURVE('',#973,#972,#828,.T.);
#664=EDGE_CURVE('',#974,#973,#829,.T.);
#665=EDGE_CURVE('',#975,#974,#830,.T.);
#666=EDGE_CURVE('',#976,#975,#831,.T.);
#667=EDGE_CURVE('',#977,#976,#832,.T.);
#668=EDGE_CURVE('',#978,#977,#833,.T.);
#669=EDGE_CURVE('',#979,#978,#834,.T.);
#670=EDGE_CURVE('',#980,#979,#835,.T.);
#671=EDGE_CURVE('',#981,#980,#836,.T.);
#672=EDGE_CURVE('',#982,#981,#837,.T.);
#673=EDGE_CURVE('',#983,#997,#838,.T.);
#674=EDGE_CURVE('',#984,#983,#839,.T.);
#675=EDGE_CURVE('',#985,#984,#840,.T.);
#676=EDGE_CURVE('',#986,#985,#841,.T.);
#677=EDGE_CURVE('',#987,#986,#842,.T.);
#678=EDGE_CURVE('',#988,#987,#843,.T.);
#679=EDGE_CURVE('',#989,#988,#844,.T.);
#680=EDGE_CURVE('',#990,#989,#845,.T.);
#681=EDGE_CURVE('',#991,#990,#846,.T.);
#682=EDGE_CURVE('',#992,#991,#847,.T.);
#683=EDGE_CURVE('',#993,#992,#848,.T.);
#684=EDGE_CURVE('',#994,#993,#849,.T.);
#685=EDGE_CURVE('',#995,#994,#850,.T.);
#686=EDGE_CURVE('',#996,#995,#851,.T.);
#687=EDGE_CURVE('',#997,#996,#852,.T.);
#688=EDGE_CURVE('',#982,#997,#853,.T.);
#689=EDGE_CURVE('',#983,#968,#854,.T.);
#690=EDGE_CURVE('',#981,#996,#855,.T.);
#691=EDGE_CURVE('',#980,#995,#856,.T.);
#692=EDGE_CURVE('',#979,#994,#857,.T.);
#693=EDGE_CURVE('',#978,#993,#858,.T.);
#694=EDGE_CURVE('',#977,#992,#859,.T.);
#695=EDGE_CURVE('',#976,#991,#860,.T.);
#696=EDGE_CURVE('',#975,#990,#861,.T.);
#697=EDGE_CURVE('',#974,#989,#862,.T.);
#698=EDGE_CURVE('',#973,#988,#863,.T.);
#699=EDGE_CURVE('',#972,#987,#864,.T.);
#700=EDGE_CURVE('',#971,#986,#865,.T.);
#701=EDGE_CURVE('',#970,#985,#866,.T.);
#702=EDGE_CURVE('',#969,#984,#867,.T.);
#703=EDGE_CURVE('',#998,#1012,#868,.T.);
#704=EDGE_CURVE('',#999,#998,#869,.T.);
#705=EDGE_CURVE('',#1000,#999,#870,.T.);
#706=EDGE_CURVE('',#1001,#1000,#871,.T.);
#707=EDGE_CURVE('',#1002,#1001,#872,.T.);
#708=EDGE_CURVE('',#1003,#1002,#873,.T.);
#709=EDGE_CURVE('',#1004,#1003,#874,.T.);
#710=EDGE_CURVE('',#1005,#1004,#875,.T.);
#711=EDGE_CURVE('',#1006,#1005,#876,.T.);
#712=EDGE_CURVE('',#1007,#1006,#877,.T.);
#713=EDGE_CURVE('',#1008,#1007,#878,.T.);
#714=EDGE_CURVE('',#1009,#1008,#879,.T.);
#715=EDGE_CURVE('',#1010,#1009,#880,.T.);
#716=EDGE_CURVE('',#1011,#1010,#881,.T.);
#717=EDGE_CURVE('',#1012,#1011,#882,.T.);
#718=EDGE_CURVE('',#1013,#1027,#883,.T.);
#719=EDGE_CURVE('',#1014,#1013,#884,.T.);
#720=EDGE_CURVE('',#1015,#1014,#885,.T.);
#721=EDGE_CURVE('',#1016,#1015,#886,.T.);
#722=EDGE_CURVE('',#1017,#1016,#887,.T.);
#723=EDGE_CURVE('',#1018,#1017,#888,.T.);
#724=EDGE_CURVE('',#1019,#1018,#889,.T.);
#725=EDGE_CURVE('',#1020,#1019,#890,.T.);
#726=EDGE_CURVE('',#1021,#1020,#891,.T.);
#727=EDGE_CURVE('',#1022,#1021,#892,.T.);
#728=EDGE_CURVE('',#1023,#1022,#893,.T.);
#729=EDGE_CURVE('',#1024,#1023,#894,.T.);
#730=EDGE_CURVE('',#1025,#1024,#895,.T.);
#731=EDGE_CURVE('',#1026,#1025,#896,.T.);
#732=EDGE_CURVE('',#1027,#1026,#897,.T.);
#733=EDGE_CURVE('',#1012,#1027,#898,.T.);
#734=EDGE_CURVE('',#1013,#998,#899,.T.);
#735=EDGE_CURVE('',#1011,#1026,#900,.T.);
#736=EDGE_CURVE('',#1010,#1025,#901,.T.);
#737=EDGE_CURVE('',#1009,#1024,#902,.T.);
#738=EDGE_CURVE('',#1008,#1023,#903,.T.);
#739=EDGE_CURVE('',#1007,#1022,#904,.T.);
#740=EDGE_CURVE('',#1006,#1021,#905,.T.);
#741=EDGE_CURVE('',#1005,#1020,#906,.T.);
#742=EDGE_CURVE('',#1004,#1019,#907,.T.);
#743=EDGE_CURVE('',#1003,#1018,#908,.T.);
#744=EDGE_CURVE('',#1002,#1017,#909,.T.);
#745=EDGE_CURVE('',#1001,#1016,#910,.T.);
#746=EDGE_CURVE('',#1000,#1015,#911,.T.);
#747=EDGE_CURVE('',#999,#1014,#912,.T.);
#748=EDGE_CURVE('',#1028,#1037,#913,.T.);
#749=EDGE_CURVE('',#1029,#1039,#914,.T.);
#750=EDGE_CURVE('',#1030,#1028,#915,.T.);
#751=EDGE_CURVE('',#1031,#1030,#916,.T.);
#752=EDGE_CURVE('',#1032,#1031,#917,.T.);
#753=EDGE_CURVE('',#1033,#1032,#918,.T.);
#754=EDGE_CURVE('',#1034,#1033,#919,.T.);
#755=EDGE_CURVE('',#1035,#1034,#920,.T.);
#756=EDGE_CURVE('',#1036,#1035,#921,.T.);
#757=EDGE_CURVE('',#1037,#1036,#922,.T.);
#758=EDGE_CURVE('',#1038,#1029,#923,.T.);
#759=EDGE_CURVE('',#1039,#1038,#924,.T.);
#760=EDGE_CURVE('',#1040,#1049,#925,.T.);
#761=EDGE_CURVE('',#1041,#1051,#926,.T.);
#762=EDGE_CURVE('',#1042,#1040,#927,.T.);
#763=EDGE_CURVE('',#1043,#1042,#928,.T.);
#764=EDGE_CURVE('',#1044,#1043,#929,.T.);
#765=EDGE_CURVE('',#1045,#1044,#930,.T.);
#766=EDGE_CURVE('',#1046,#1045,#931,.T.);
#767=EDGE_CURVE('',#1047,#1046,#932,.T.);
#768=EDGE_CURVE('',#1048,#1047,#933,.T.);
#769=EDGE_CURVE('',#1049,#1048,#934,.T.);
#770=EDGE_CURVE('',#1050,#1041,#935,.T.);
#771=EDGE_CURVE('',#1051,#1050,#936,.T.);
#772=EDGE_CURVE('',#1037,#1049,#937,.T.);
#773=EDGE_CURVE('',#1040,#1028,#938,.T.);
#774=EDGE_CURVE('',#1036,#1048,#939,.T.);
#775=EDGE_CURVE('',#1035,#1047,#940,.T.);
#776=EDGE_CURVE('',#1034,#1046,#941,.T.);
#777=EDGE_CURVE('',#1033,#1045,#942,.T.);
#778=EDGE_CURVE('',#1032,#1044,#943,.T.);
#779=EDGE_CURVE('',#1031,#1043,#944,.T.);
#780=EDGE_CURVE('',#1030,#1042,#945,.T.);
#781=EDGE_CURVE('',#1038,#1050,#946,.T.);
#782=EDGE_CURVE('',#1041,#1029,#947,.T.);
#783=EDGE_CURVE('',#1039,#1051,#948,.T.);
#784=EDGE_CURVE('',#1052,#1053,#949,.T.);
#785=EDGE_CURVE('',#1053,#1054,#950,.T.);
#786=EDGE_CURVE('',#1054,#1055,#951,.T.);
#787=EDGE_CURVE('',#1055,#1052,#952,.T.);
#788=EDGE_CURVE('',#1055,#1056,#953,.T.);
#789=EDGE_CURVE('',#1056,#1057,#954,.T.);
#790=EDGE_CURVE('',#1057,#1052,#955,.T.);
#791=EDGE_CURVE('',#1056,#1058,#956,.T.);
#792=EDGE_CURVE('',#1058,#1059,#957,.T.);
#793=EDGE_CURVE('',#1059,#1057,#958,.T.);
#794=EDGE_CURVE('',#1054,#1058,#959,.T.);
#795=EDGE_CURVE('',#1053,#1059,#960,.T.);
#796=EDGE_CURVE('',#1060,#1061,#961,.T.);
#797=EDGE_CURVE('',#1061,#1062,#962,.T.);
#798=EDGE_CURVE('',#1062,#1063,#963,.T.);
#799=EDGE_CURVE('',#1063,#1060,#964,.T.);
#800=EDGE_CURVE('',#1064,#1065,#11,.T.);
#801=EDGE_CURVE('',#1065,#1061,#12,.T.);
#802=EDGE_CURVE('',#1060,#1064,#13,.T.);
#803=EDGE_CURVE('',#1062,#1065,#14,.T.);
#804=EDGE_CURVE('',#1064,#1063,#15,.T.);
#805=EDGE_CURVE('',#1066,#1067,#16,.T.);
#806=EDGE_CURVE('',#1067,#1068,#17,.T.);
#807=EDGE_CURVE('',#1068,#1069,#18,.T.);
#808=EDGE_CURVE('',#1069,#1066,#19,.T.);
#809=EDGE_CURVE('',#1070,#1071,#965,.T.);
#810=EDGE_CURVE('',#1071,#1067,#966,.T.);
#811=EDGE_CURVE('',#1066,#1070,#967,.T.);
#812=EDGE_CURVE('',#1072,#1073,#20,.T.);
#813=EDGE_CURVE('',#1073,#1071,#21,.T.);
#814=EDGE_CURVE('',#1070,#1072,#22,.T.);
#815=EDGE_CURVE('',#1073,#1068,#23,.T.);
#816=EDGE_CURVE('',#1072,#1069,#24,.T.);
#817=EDGE_CURVE('',#1076,#1077,#25,.T.);
#818=EDGE_CURVE('',#1076,#1074,#26,.T.);
#819=EDGE_CURVE('',#1077,#1075,#27,.T.);
#820=EDGE_CURVE('',#1074,#1075,#28,.T.);
#821=EDGE_CURVE('',#1075,#1074,#29,.T.);
#822=EDGE_CURVE('',#1077,#1076,#30,.T.);
#823=B_SPLINE_CURVE_WITH_KNOTS('',3,(#1382,#1383,#1384,#1385),
 .UNSPECIFIED.,.F.,.F.,(4,4),(0.,1.),.UNSPECIFIED.);
#824=B_SPLINE_CURVE_WITH_KNOTS('',1,(#1386,#1387),.UNSPECIFIED.,.F.,.F.,
(2,2),(18.,19.),.UNSPECIFIED.);
#825=B_SPLINE_CURVE_WITH_KNOTS('',3,(#1388,#1389,#1390,#1391),
 .UNSPECIFIED.,.F.,.F.,(4,4),(17.,18.),.UNSPECIFIED.);
#826=B_SPLINE_CURVE_WITH_KNOTS('',3,(#1392,#1393,#1394,#1395,#1396,#1397,
#1398),.UNSPECIFIED.,.F.,.F.,(4,3,4),(15.,16.,17.),.UNSPECIFIED.);
#827=B_SPLINE_CURVE_WITH_KNOTS('',3,(#1399,#1400,#1401,#1402,#1403,#1404,
#1405),.UNSPECIFIED.,.F.,.F.,(4,3,4),(13.,14.,15.),.UNSPECIFIED.);
#828=B_SPLINE_CURVE_WITH_KNOTS('',3,(#1406,#1407,#1408,#1409),
 .UNSPECIFIED.,.F.,.F.,(4,4),(12.,13.),.UNSPECIFIED.);
#829=B_SPLINE_CURVE_WITH_KNOTS('',3,(#1410,#1411,#1412,#1413),
 .UNSPECIFIED.,.F.,.F.,(4,4),(11.,12.),.UNSPECIFIED.);
#830=B_SPLINE_CURVE_WITH_KNOTS('',3,(#1414,#1415,#1416,#1417),
 .UNSPECIFIED.,.F.,.F.,(4,4),(10.,11.),.UNSPECIFIED.);
#831=B_SPLINE_CURVE_WITH_KNOTS('',3,(#1418,#1419,#1420,#1421),
 .UNSPECIFIED.,.F.,.F.,(4,4),(9.,10.),.UNSPECIFIED.);
#832=B_SPLINE_CURVE_WITH_KNOTS('',1,(#1422,#1423),.UNSPECIFIED.,.F.,.F.,
(2,2),(8.,9.),.UNSPECIFIED.);
#833=B_SPLINE_CURVE_WITH_KNOTS('',1,(#1424,#1425),.UNSPECIFIED.,.F.,.F.,
(2,2),(7.,8.),.UNSPECIFIED.);
#834=B_SPLINE_CURVE_WITH_KNOTS('',1,(#1426,#1427),.UNSPECIFIED.,.F.,.F.,
(2,2),(6.,7.),.UNSPECIFIED.);
#835=B_SPLINE_CURVE_WITH_KNOTS('',3,(#1428,#1429,#1430,#1431),
 .UNSPECIFIED.,.F.,.F.,(4,4),(5.,6.),.UNSPECIFIED.);
#836=B_SPLINE_CURVE_WITH_KNOTS('',3,(#1432,#1433,#1434,#1435),
 .UNSPECIFIED.,.F.,.F.,(4,4),(4.,5.),.UNSPECIFIED.);
#837=B_SPLINE_CURVE_WITH_KNOTS('',3,(#1436,#1437,#1438,#1439,#1440,#1441,
#1442,#1443,#1444,#1445),.UNSPECIFIED.,.F.,.F.,(4,3,3,4),(1.,2.,3.,4.),
 .UNSPECIFIED.);
#838=B_SPLINE_CURVE_WITH_KNOTS('',3,(#1446,#1447,#1448,#1449),
 .UNSPECIFIED.,.F.,.F.,(4,4),(0.,1.),.UNSPECIFIED.);
#839=B_SPLINE_CURVE_WITH_KNOTS('',3,(#1450,#1451,#1452,#1453),
 .UNSPECIFIED.,.F.,.F.,(4,4),(18.,19.),.UNSPECIFIED.);
#840=B_SPLINE_CURVE_WITH_KNOTS('',3,(#1454,#1455,#1456,#1457),
 .UNSPECIFIED.,.F.,.F.,(4,4),(17.,18.),.UNSPECIFIED.);
#841=B_SPLINE_CURVE_WITH_KNOTS('',3,(#1458,#1459,#1460,#1461,#1462,#1463,
#1464),.UNSPECIFIED.,.F.,.F.,(4,3,4),(15.,16.,17.),.UNSPECIFIED.);
#842=B_SPLINE_CURVE_WITH_KNOTS('',3,(#1465,#1466,#1467,#1468,#1469,#1470,
#1471),.UNSPECIFIED.,.F.,.F.,(4,3,4),(13.,14.,15.),.UNSPECIFIED.);
#843=B_SPLINE_CURVE_WITH_KNOTS('',3,(#1472,#1473,#1474,#1475),
 .UNSPECIFIED.,.F.,.F.,(4,4),(12.,13.),.UNSPECIFIED.);
#844=B_SPLINE_CURVE_WITH_KNOTS('',3,(#1476,#1477,#1478,#1479),
 .UNSPECIFIED.,.F.,.F.,(4,4),(11.,12.),.UNSPECIFIED.);
#845=B_SPLINE_CURVE_WITH_KNOTS('',3,(#1480,#1481,#1482,#1483),
 .UNSPECIFIED.,.F.,.F.,(4,4),(10.,11.),.UNSPECIFIED.);
#846=B_SPLINE_CURVE_WITH_KNOTS('',3,(#1484,#1485,#1486,#1487),
 .UNSPECIFIED.,.F.,.F.,(4,4),(9.,10.),.UNSPECIFIED.);
#847=B_SPLINE_CURVE_WITH_KNOTS('',3,(#1488,#1489,#1490,#1491),
 .UNSPECIFIED.,.F.,.F.,(4,4),(8.,9.),.UNSPECIFIED.);
#848=B_SPLINE_CURVE_WITH_KNOTS('',3,(#1492,#1493,#1494,#1495),
 .UNSPECIFIED.,.F.,.F.,(4,4),(7.,8.),.UNSPECIFIED.);
#849=B_SPLINE_CURVE_WITH_KNOTS('',3,(#1496,#1497,#1498,#1499),
 .UNSPECIFIED.,.F.,.F.,(4,4),(6.,7.),.UNSPECIFIED.);
#850=B_SPLINE_CURVE_WITH_KNOTS('',3,(#1500,#1501,#1502,#1503),
 .UNSPECIFIED.,.F.,.F.,(4,4),(5.,6.),.UNSPECIFIED.);
#851=B_SPLINE_CURVE_WITH_KNOTS('',3,(#1504,#1505,#1506,#1507),
 .UNSPECIFIED.,.F.,.F.,(4,4),(4.,5.),.UNSPECIFIED.);
#852=B_SPLINE_CURVE_WITH_KNOTS('',3,(#1508,#1509,#1510,#1511,#1512,#1513,
#1514,#1515,#1516,#1517),.UNSPECIFIED.,.F.,.F.,(4,3,3,4),(1.,2.,3.,4.),
 .UNSPECIFIED.);
#853=B_SPLINE_CURVE_WITH_KNOTS('',1,(#1518,#1519),.UNSPECIFIED.,.F.,.F.,
(2,2),(0.,1.),.UNSPECIFIED.);
#854=B_SPLINE_CURVE_WITH_KNOTS('',1,(#1520,#1521),.UNSPECIFIED.,.F.,.F.,
(2,2),(-1.,0.),.UNSPECIFIED.);
#855=B_SPLINE_CURVE_WITH_KNOTS('',1,(#1522,#1523),.UNSPECIFIED.,.F.,.F.,
(2,2),(0.,1.),.UNSPECIFIED.);
#856=B_SPLINE_CURVE_WITH_KNOTS('',1,(#1524,#1525),.UNSPECIFIED.,.F.,.F.,
(2,2),(0.,1.),.UNSPECIFIED.);
#857=B_SPLINE_CURVE_WITH_KNOTS('',1,(#1526,#1527),.UNSPECIFIED.,.F.,.F.,
(2,2),(0.,1.),.UNSPECIFIED.);
#858=B_SPLINE_CURVE_WITH_KNOTS('',1,(#1528,#1529),.UNSPECIFIED.,.F.,.F.,
(2,2),(0.,1.),.UNSPECIFIED.);
#859=B_SPLINE_CURVE_WITH_KNOTS('',1,(#1530,#1531),.UNSPECIFIED.,.F.,.F.,
(2,2),(0.,1.),.UNSPECIFIED.);
#860=B_SPLINE_CURVE_WITH_KNOTS('',1,(#1532,#1533),.UNSPECIFIED.,.F.,.F.,
(2,2),(0.,1.),.UNSPECIFIED.);
#861=B_SPLINE_CURVE_WITH_KNOTS('',1,(#1534,#1535),.UNSPECIFIED.,.F.,.F.,
(2,2),(0.,1.),.UNSPECIFIED.);
#862=B_SPLINE_CURVE_WITH_KNOTS('',1,(#1536,#1537),.UNSPECIFIED.,.F.,.F.,
(2,2),(0.,1.),.UNSPECIFIED.);
#863=B_SPLINE_CURVE_WITH_KNOTS('',1,(#1538,#1539),.UNSPECIFIED.,.F.,.F.,
(2,2),(0.,1.),.UNSPECIFIED.);
#864=B_SPLINE_CURVE_WITH_KNOTS('',1,(#1540,#1541),.UNSPECIFIED.,.F.,.F.,
(2,2),(0.,1.),.UNSPECIFIED.);
#865=B_SPLINE_CURVE_WITH_KNOTS('',1,(#1542,#1543),.UNSPECIFIED.,.F.,.F.,
(2,2),(0.,1.),.UNSPECIFIED.);
#866=B_SPLINE_CURVE_WITH_KNOTS('',1,(#1544,#1545),.UNSPECIFIED.,.F.,.F.,
(2,2),(0.,1.),.UNSPECIFIED.);
#867=B_SPLINE_CURVE_WITH_KNOTS('',1,(#1546,#1547),.UNSPECIFIED.,.F.,.F.,
(2,2),(0.,1.),.UNSPECIFIED.);
#868=B_SPLINE_CURVE_WITH_KNOTS('',3,(#1724,#1725,#1726,#1727),
 .UNSPECIFIED.,.F.,.F.,(4,4),(0.,1.),.UNSPECIFIED.);
#869=B_SPLINE_CURVE_WITH_KNOTS('',1,(#1728,#1729),.UNSPECIFIED.,.F.,.F.,
(2,2),(18.,19.),.UNSPECIFIED.);
#870=B_SPLINE_CURVE_WITH_KNOTS('',3,(#1730,#1731,#1732,#1733),
 .UNSPECIFIED.,.F.,.F.,(4,4),(17.,18.),.UNSPECIFIED.);
#871=B_SPLINE_CURVE_WITH_KNOTS('',3,(#1734,#1735,#1736,#1737,#1738,#1739,
#1740),.UNSPECIFIED.,.F.,.F.,(4,3,4),(15.,16.,17.),.UNSPECIFIED.);
#872=B_SPLINE_CURVE_WITH_KNOTS('',3,(#1741,#1742,#1743,#1744,#1745,#1746,
#1747),.UNSPECIFIED.,.F.,.F.,(4,3,4),(13.,14.,15.),.UNSPECIFIED.);
#873=B_SPLINE_CURVE_WITH_KNOTS('',3,(#1748,#1749,#1750,#1751),
 .UNSPECIFIED.,.F.,.F.,(4,4),(12.,13.),.UNSPECIFIED.);
#874=B_SPLINE_CURVE_WITH_KNOTS('',3,(#1752,#1753,#1754,#1755),
 .UNSPECIFIED.,.F.,.F.,(4,4),(11.,12.),.UNSPECIFIED.);
#875=B_SPLINE_CURVE_WITH_KNOTS('',3,(#1756,#1757,#1758,#1759),
 .UNSPECIFIED.,.F.,.F.,(4,4),(10.,11.),.UNSPECIFIED.);
#876=B_SPLINE_CURVE_WITH_KNOTS('',3,(#1760,#1761,#1762,#1763),
 .UNSPECIFIED.,.F.,.F.,(4,4),(9.,10.),.UNSPECIFIED.);
#877=B_SPLINE_CURVE_WITH_KNOTS('',1,(#1764,#1765),.UNSPECIFIED.,.F.,.F.,
(2,2),(8.,9.),.UNSPECIFIED.);
#878=B_SPLINE_CURVE_WITH_KNOTS('',1,(#1766,#1767),.UNSPECIFIED.,.F.,.F.,
(2,2),(7.,8.),.UNSPECIFIED.);
#879=B_SPLINE_CURVE_WITH_KNOTS('',1,(#1768,#1769),.UNSPECIFIED.,.F.,.F.,
(2,2),(6.,7.),.UNSPECIFIED.);
#880=B_SPLINE_CURVE_WITH_KNOTS('',3,(#1770,#1771,#1772,#1773),
 .UNSPECIFIED.,.F.,.F.,(4,4),(5.,6.),.UNSPECIFIED.);
#881=B_SPLINE_CURVE_WITH_KNOTS('',3,(#1774,#1775,#1776,#1777),
 .UNSPECIFIED.,.F.,.F.,(4,4),(4.,5.),.UNSPECIFIED.);
#882=B_SPLINE_CURVE_WITH_KNOTS('',3,(#1778,#1779,#1780,#1781,#1782,#1783,
#1784,#1785,#1786,#1787),.UNSPECIFIED.,.F.,.F.,(4,3,3,4),(1.,2.,3.,4.),
 .UNSPECIFIED.);
#883=B_SPLINE_CURVE_WITH_KNOTS('',3,(#1788,#1789,#1790,#1791),
 .UNSPECIFIED.,.F.,.F.,(4,4),(0.,1.),.UNSPECIFIED.);
#884=B_SPLINE_CURVE_WITH_KNOTS('',3,(#1792,#1793,#1794,#1795),
 .UNSPECIFIED.,.F.,.F.,(4,4),(18.,19.),.UNSPECIFIED.);
#885=B_SPLINE_CURVE_WITH_KNOTS('',3,(#1796,#1797,#1798,#1799),
 .UNSPECIFIED.,.F.,.F.,(4,4),(17.,18.),.UNSPECIFIED.);
#886=B_SPLINE_CURVE_WITH_KNOTS('',3,(#1800,#1801,#1802,#1803,#1804,#1805,
#1806),.UNSPECIFIED.,.F.,.F.,(4,3,4),(15.,16.,17.),.UNSPECIFIED.);
#887=B_SPLINE_CURVE_WITH_KNOTS('',3,(#1807,#1808,#1809,#1810,#1811,#1812,
#1813),.UNSPECIFIED.,.F.,.F.,(4,3,4),(13.,14.,15.),.UNSPECIFIED.);
#888=B_SPLINE_CURVE_WITH_KNOTS('',3,(#1814,#1815,#1816,#1817),
 .UNSPECIFIED.,.F.,.F.,(4,4),(12.,13.),.UNSPECIFIED.);
#889=B_SPLINE_CURVE_WITH_KNOTS('',3,(#1818,#1819,#1820,#1821),
 .UNSPECIFIED.,.F.,.F.,(4,4),(11.,12.),.UNSPECIFIED.);
#890=B_SPLINE_CURVE_WITH_KNOTS('',3,(#1822,#1823,#1824,#1825),
 .UNSPECIFIED.,.F.,.F.,(4,4),(10.,11.),.UNSPECIFIED.);
#891=B_SPLINE_CURVE_WITH_KNOTS('',3,(#1826,#1827,#1828,#1829),
 .UNSPECIFIED.,.F.,.F.,(4,4),(9.,10.),.UNSPECIFIED.);
#892=B_SPLINE_CURVE_WITH_KNOTS('',3,(#1830,#1831,#1832,#1833),
 .UNSPECIFIED.,.F.,.F.,(4,4),(8.,9.),.UNSPECIFIED.);
#893=B_SPLINE_CURVE_WITH_KNOTS('',3,(#1834,#1835,#1836,#1837),
 .UNSPECIFIED.,.F.,.F.,(4,4),(7.,8.),.UNSPECIFIED.);
#894=B_SPLINE_CURVE_WITH_KNOTS('',3,(#1838,#1839,#1840,#1841),
 .UNSPECIFIED.,.F.,.F.,(4,4),(6.,7.),.UNSPECIFIED.);
#895=B_SPLINE_CURVE_WITH_KNOTS('',3,(#1842,#1843,#1844,#1845),
 .UNSPECIFIED.,.F.,.F.,(4,4),(5.,6.),.UNSPECIFIED.);
#896=B_SPLINE_CURVE_WITH_KNOTS('',3,(#1846,#1847,#1848,#1849),
 .UNSPECIFIED.,.F.,.F.,(4,4),(4.,5.),.UNSPECIFIED.);
#897=B_SPLINE_CURVE_WITH_KNOTS('',3,(#1850,#1851,#1852,#1853,#1854,#1855,
#1856,#1857,#1858,#1859),.UNSPECIFIED.,.F.,.F.,(4,3,3,4),(1.,2.,3.,4.),
 .UNSPECIFIED.);
#898=B_SPLINE_CURVE_WITH_KNOTS('',1,(#1860,#1861),.UNSPECIFIED.,.F.,.F.,
(2,2),(0.,1.),.UNSPECIFIED.);
#899=B_SPLINE_CURVE_WITH_KNOTS('',1,(#1862,#1863),.UNSPECIFIED.,.F.,.F.,
(2,2),(-1.,0.),.UNSPECIFIED.);
#900=B_SPLINE_CURVE_WITH_KNOTS('',1,(#1864,#1865),.UNSPECIFIED.,.F.,.F.,
(2,2),(0.,1.),.UNSPECIFIED.);
#901=B_SPLINE_CURVE_WITH_KNOTS('',1,(#1866,#1867),.UNSPECIFIED.,.F.,.F.,
(2,2),(0.,1.),.UNSPECIFIED.);
#902=B_SPLINE_CURVE_WITH_KNOTS('',1,(#1868,#1869),.UNSPECIFIED.,.F.,.F.,
(2,2),(0.,1.),.UNSPECIFIED.);
#903=B_SPLINE_CURVE_WITH_KNOTS('',1,(#1870,#1871),.UNSPECIFIED.,.F.,.F.,
(2,2),(0.,1.),.UNSPECIFIED.);
#904=B_SPLINE_CURVE_WITH_KNOTS('',1,(#1872,#1873),.UNSPECIFIED.,.F.,.F.,
(2,2),(0.,1.),.UNSPECIFIED.);
#905=B_SPLINE_CURVE_WITH_KNOTS('',1,(#1874,#1875),.UNSPECIFIED.,.F.,.F.,
(2,2),(0.,1.),.UNSPECIFIED.);
#906=B_SPLINE_CURVE_WITH_KNOTS('',1,(#1876,#1877),.UNSPECIFIED.,.F.,.F.,
(2,2),(0.,1.),.UNSPECIFIED.);
#907=B_SPLINE_CURVE_WITH_KNOTS('',1,(#1878,#1879),.UNSPECIFIED.,.F.,.F.,
(2,2),(0.,1.),.UNSPECIFIED.);
#908=B_SPLINE_CURVE_WITH_KNOTS('',1,(#1880,#1881),.UNSPECIFIED.,.F.,.F.,
(2,2),(0.,1.),.UNSPECIFIED.);
#909=B_SPLINE_CURVE_WITH_KNOTS('',1,(#1882,#1883),.UNSPECIFIED.,.F.,.F.,
(2,2),(0.,1.),.UNSPECIFIED.);
#910=B_SPLINE_CURVE_WITH_KNOTS('',1,(#1884,#1885),.UNSPECIFIED.,.F.,.F.,
(2,2),(0.,1.),.UNSPECIFIED.);
#911=B_SPLINE_CURVE_WITH_KNOTS('',1,(#1886,#1887),.UNSPECIFIED.,.F.,.F.,
(2,2),(0.,1.),.UNSPECIFIED.);
#912=B_SPLINE_CURVE_WITH_KNOTS('',1,(#1888,#1889),.UNSPECIFIED.,.F.,.F.,
(2,2),(0.,1.),.UNSPECIFIED.);
#913=B_SPLINE_CURVE_WITH_KNOTS('',1,(#2042,#2043),.UNSPECIFIED.,.F.,.F.,
(2,2),(0.,1.),.UNSPECIFIED.);
#914=B_SPLINE_CURVE_WITH_KNOTS('',1,(#2044,#2045),.UNSPECIFIED.,.F.,.F.,
(2,2),(-6.,-5.),.UNSPECIFIED.);
#915=B_SPLINE_CURVE_WITH_KNOTS('',3,(#2046,#2047,#2048,#2049),
 .UNSPECIFIED.,.F.,.F.,(4,4),(10.,11.),.UNSPECIFIED.);
#916=B_SPLINE_CURVE_WITH_KNOTS('',3,(#2050,#2051,#2052,#2053),
 .UNSPECIFIED.,.F.,.F.,(4,4),(9.,10.),.UNSPECIFIED.);
#917=B_SPLINE_CURVE_WITH_KNOTS('',3,(#2054,#2055,#2056,#2057,#2058,#2059,
#2060,#2061,#2062,#2063),.UNSPECIFIED.,.F.,.F.,(4,3,3,4),(6.,7.,8.,9.),
 .UNSPECIFIED.);
#918=B_SPLINE_CURVE_WITH_KNOTS('',1,(#2064,#2065),.UNSPECIFIED.,.F.,.F.,
(2,2),(5.,6.),.UNSPECIFIED.);
#919=B_SPLINE_CURVE_WITH_KNOTS('',1,(#2066,#2067),.UNSPECIFIED.,.F.,.F.,
(2,2),(4.,5.),.UNSPECIFIED.);
#920=B_SPLINE_CURVE_WITH_KNOTS('',1,(#2068,#2069),.UNSPECIFIED.,.F.,.F.,
(2,2),(3.,4.),.UNSPECIFIED.);
#921=B_SPLINE_CURVE_WITH_KNOTS('',1,(#2070,#2071),.UNSPECIFIED.,.F.,.F.,
(2,2),(2.,3.),.UNSPECIFIED.);
#922=B_SPLINE_CURVE_WITH_KNOTS('',3,(#2072,#2073,#2074,#2075),
 .UNSPECIFIED.,.F.,.F.,(4,4),(1.,2.),.UNSPECIFIED.);
#923=B_SPLINE_CURVE_WITH_KNOTS('',3,(#2076,#2077,#2078,#2079,#2080,#2081,
#2082,#2083,#2084,#2085),.UNSPECIFIED.,.F.,.F.,(4,3,3,4),(-3.,-2.,-1.,0.),
 .UNSPECIFIED.);
#924=B_SPLINE_CURVE_WITH_KNOTS('',3,(#2086,#2087,#2088,#2089,#2090,#2091,
#2092),.UNSPECIFIED.,.F.,.F.,(4,3,4),(-5.,-4.,-3.),.UNSPECIFIED.);
#925=B_SPLINE_CURVE_WITH_KNOTS('',3,(#2093,#2094,#2095,#2096),
 .UNSPECIFIED.,.F.,.F.,(4,4),(0.,1.),.UNSPECIFIED.);
#926=B_SPLINE_CURVE_WITH_KNOTS('',3,(#2097,#2098,#2099,#2100),
 .UNSPECIFIED.,.F.,.F.,(4,4),(-6.,-5.),.UNSPECIFIED.);
#927=B_SPLINE_CURVE_WITH_KNOTS('',3,(#2101,#2102,#2103,#2104),
 .UNSPECIFIED.,.F.,.F.,(4,4),(10.,11.),.UNSPECIFIED.);
#928=B_SPLINE_CURVE_WITH_KNOTS('',3,(#2105,#2106,#2107,#2108),
 .UNSPECIFIED.,.F.,.F.,(4,4),(9.,10.),.UNSPECIFIED.);
#929=B_SPLINE_CURVE_WITH_KNOTS('',3,(#2109,#2110,#2111,#2112,#2113,#2114,
#2115,#2116,#2117,#2118),.UNSPECIFIED.,.F.,.F.,(4,3,3,4),(6.,7.,8.,9.),
 .UNSPECIFIED.);
#930=B_SPLINE_CURVE_WITH_KNOTS('',3,(#2119,#2120,#2121,#2122),
 .UNSPECIFIED.,.F.,.F.,(4,4),(5.,6.),.UNSPECIFIED.);
#931=B_SPLINE_CURVE_WITH_KNOTS('',3,(#2123,#2124,#2125,#2126),
 .UNSPECIFIED.,.F.,.F.,(4,4),(4.,5.),.UNSPECIFIED.);
#932=B_SPLINE_CURVE_WITH_KNOTS('',3,(#2127,#2128,#2129,#2130),
 .UNSPECIFIED.,.F.,.F.,(4,4),(3.,4.),.UNSPECIFIED.);
#933=B_SPLINE_CURVE_WITH_KNOTS('',3,(#2131,#2132,#2133,#2134),
 .UNSPECIFIED.,.F.,.F.,(4,4),(2.,3.),.UNSPECIFIED.);
#934=B_SPLINE_CURVE_WITH_KNOTS('',3,(#2135,#2136,#2137,#2138),
 .UNSPECIFIED.,.F.,.F.,(4,4),(1.,2.),.UNSPECIFIED.);
#935=B_SPLINE_CURVE_WITH_KNOTS('',3,(#2139,#2140,#2141,#2142,#2143,#2144,
#2145,#2146,#2147,#2148),.UNSPECIFIED.,.F.,.F.,(4,3,3,4),(-3.,-2.,-1.,0.),
 .UNSPECIFIED.);
#936=B_SPLINE_CURVE_WITH_KNOTS('',3,(#2149,#2150,#2151,#2152,#2153,#2154,
#2155),.UNSPECIFIED.,.F.,.F.,(4,3,4),(-5.,-4.,-3.),.UNSPECIFIED.);
#937=B_SPLINE_CURVE_WITH_KNOTS('',1,(#2156,#2157),.UNSPECIFIED.,.F.,.F.,
(2,2),(0.,1.),.UNSPECIFIED.);
#938=B_SPLINE_CURVE_WITH_KNOTS('',1,(#2158,#2159),.UNSPECIFIED.,.F.,.F.,
(2,2),(-1.,0.),.UNSPECIFIED.);
#939=B_SPLINE_CURVE_WITH_KNOTS('',1,(#2160,#2161),.UNSPECIFIED.,.F.,.F.,
(2,2),(0.,1.),.UNSPECIFIED.);
#940=B_SPLINE_CURVE_WITH_KNOTS('',1,(#2162,#2163),.UNSPECIFIED.,.F.,.F.,
(2,2),(0.,1.),.UNSPECIFIED.);
#941=B_SPLINE_CURVE_WITH_KNOTS('',1,(#2164,#2165),.UNSPECIFIED.,.F.,.F.,
(2,2),(0.,1.),.UNSPECIFIED.);
#942=B_SPLINE_CURVE_WITH_KNOTS('',1,(#2166,#2167),.UNSPECIFIED.,.F.,.F.,
(2,2),(0.,1.),.UNSPECIFIED.);
#943=B_SPLINE_CURVE_WITH_KNOTS('',1,(#2168,#2169),.UNSPECIFIED.,.F.,.F.,
(2,2),(0.,1.),.UNSPECIFIED.);
#944=B_SPLINE_CURVE_WITH_KNOTS('',1,(#2170,#2171),.UNSPECIFIED.,.F.,.F.,
(2,2),(0.,1.),.UNSPECIFIED.);
#945=B_SPLINE_CURVE_WITH_KNOTS('',1,(#2172,#2173),.UNSPECIFIED.,.F.,.F.,
(2,2),(0.,1.),.UNSPECIFIED.);
#946=B_SPLINE_CURVE_WITH_KNOTS('',1,(#2174,#2175),.UNSPECIFIED.,.F.,.F.,
(2,2),(0.,1.),.UNSPECIFIED.);
#947=B_SPLINE_CURVE_WITH_KNOTS('',1,(#2176,#2177),.UNSPECIFIED.,.F.,.F.,
(2,2),(-1.,0.),.UNSPECIFIED.);
#948=B_SPLINE_CURVE_WITH_KNOTS('',1,(#2178,#2179),.UNSPECIFIED.,.F.,.F.,
(2,2),(0.,1.),.UNSPECIFIED.);
#949=B_SPLINE_CURVE_WITH_KNOTS('',1,(#2194,#2195),.UNSPECIFIED.,.F.,.F.,
(2,2),(0.,1.1),.UNSPECIFIED.);
#950=B_SPLINE_CURVE_WITH_KNOTS('',1,(#2196,#2197),.UNSPECIFIED.,.F.,.F.,
(2,2),(1.1,1.15),.UNSPECIFIED.);
#951=B_SPLINE_CURVE_WITH_KNOTS('',1,(#2198,#2199),.UNSPECIFIED.,.F.,.F.,
(2,2),(1.15,2.25),.UNSPECIFIED.);
#952=B_SPLINE_CURVE_WITH_KNOTS('',1,(#2200,#2201),.UNSPECIFIED.,.F.,.F.,
(2,2),(2.25,2.3),.UNSPECIFIED.);
#953=B_SPLINE_CURVE_WITH_KNOTS('',1,(#2202,#2203),.UNSPECIFIED.,.F.,.F.,
(2,2),(0.,1.55210239933416),.UNSPECIFIED.);
#954=B_SPLINE_CURVE_WITH_KNOTS('',1,(#2204,#2205),.UNSPECIFIED.,.F.,.F.,
(2,2),(2.25,2.3),.UNSPECIFIED.);
#955=B_SPLINE_CURVE_WITH_KNOTS('',1,(#2206,#2207),.UNSPECIFIED.,.F.,.F.,
(2,2),(-1.55210239933416,0.),.UNSPECIFIED.);
#956=B_SPLINE_CURVE_WITH_KNOTS('',1,(#2208,#2209),.UNSPECIFIED.,.F.,.F.,
(2,2),(-2.25,-1.15),.UNSPECIFIED.);
#957=B_SPLINE_CURVE_WITH_KNOTS('',1,(#2210,#2211),.UNSPECIFIED.,.F.,.F.,
(2,2),(-1.15,-1.1),.UNSPECIFIED.);
#958=B_SPLINE_CURVE_WITH_KNOTS('',1,(#2212,#2213),.UNSPECIFIED.,.F.,.F.,
(2,2),(-1.1,0.),.UNSPECIFIED.);
#959=B_SPLINE_CURVE_WITH_KNOTS('',1,(#2214,#2215),.UNSPECIFIED.,.F.,.F.,
(2,2),(0.,1.55210239933416),.UNSPECIFIED.);
#960=B_SPLINE_CURVE_WITH_KNOTS('',1,(#2216,#2217),.UNSPECIFIED.,.F.,.F.,
(2,2),(0.,1.55210239933416),.UNSPECIFIED.);
#961=B_SPLINE_CURVE_WITH_KNOTS('',1,(#2279,#2280),.UNSPECIFIED.,.F.,.F.,
(2,2),(-0.776051199667082,0.776051199667082),.UNSPECIFIED.);
#962=B_SPLINE_CURVE_WITH_KNOTS('',1,(#2281,#2282),.UNSPECIFIED.,.F.,.F.,
(2,2),(-0.025,0.025),.UNSPECIFIED.);
#963=B_SPLINE_CURVE_WITH_KNOTS('',1,(#2283,#2284),.UNSPECIFIED.,.F.,.F.,
(2,2),(-0.776051199667082,0.776051199667082),.UNSPECIFIED.);
#964=B_SPLINE_CURVE_WITH_KNOTS('',1,(#2285,#2286),.UNSPECIFIED.,.F.,.F.,
(2,2),(-0.025,0.025),.UNSPECIFIED.);
#965=B_SPLINE_CURVE_WITH_KNOTS('',1,(#2424,#2425),.UNSPECIFIED.,.F.,.F.,
(2,2),(-0.77605119966709,0.776051199667089),.UNSPECIFIED.);
#966=B_SPLINE_CURVE_WITH_KNOTS('',1,(#2426,#2427),.UNSPECIFIED.,.F.,.F.,
(2,2),(-0.0249999999999999,0.0250000000000001),.UNSPECIFIED.);
#967=B_SPLINE_CURVE_WITH_KNOTS('',1,(#2428,#2429),.UNSPECIFIED.,.F.,.F.,
(2,2),(-0.0250000000000001,0.0249999999999999),.UNSPECIFIED.);
#968=VERTEX_POINT('',#1352);
#969=VERTEX_POINT('',#1353);
#970=VERTEX_POINT('',#1354);
#971=VERTEX_POINT('',#1355);
#972=VERTEX_POINT('',#1356);
#973=VERTEX_POINT('',#1357);
#974=VERTEX_POINT('',#1358);
#975=VERTEX_POINT('',#1359);
#976=VERTEX_POINT('',#1360);
#977=VERTEX_POINT('',#1361);
#978=VERTEX_POINT('',#1362);
#979=VERTEX_POINT('',#1363);
#980=VERTEX_POINT('',#1364);
#981=VERTEX_POINT('',#1365);
#982=VERTEX_POINT('',#1366);
#983=VERTEX_POINT('',#1367);
#984=VERTEX_POINT('',#1368);
#985=VERTEX_POINT('',#1369);
#986=VERTEX_POINT('',#1370);
#987=VERTEX_POINT('',#1371);
#988=VERTEX_POINT('',#1372);
#989=VERTEX_POINT('',#1373);
#990=VERTEX_POINT('',#1374);
#991=VERTEX_POINT('',#1375);
#992=VERTEX_POINT('',#1376);
#993=VERTEX_POINT('',#1377);
#994=VERTEX_POINT('',#1378);
#995=VERTEX_POINT('',#1379);
#996=VERTEX_POINT('',#1380);
#997=VERTEX_POINT('',#1381);
#998=VERTEX_POINT('',#1694);
#999=VERTEX_POINT('',#1695);
#1000=VERTEX_POINT('',#1696);
#1001=VERTEX_POINT('',#1697);
#1002=VERTEX_POINT('',#1698);
#1003=VERTEX_POINT('',#1699);
#1004=VERTEX_POINT('',#1700);
#1005=VERTEX_POINT('',#1701);
#1006=VERTEX_POINT('',#1702);
#1007=VERTEX_POINT('',#1703);
#1008=VERTEX_POINT('',#1704);
#1009=VERTEX_POINT('',#1705);
#1010=VERTEX_POINT('',#1706);
#1011=VERTEX_POINT('',#1707);
#1012=VERTEX_POINT('',#1708);
#1013=VERTEX_POINT('',#1709);
#1014=VERTEX_POINT('',#1710);
#1015=VERTEX_POINT('',#1711);
#1016=VERTEX_POINT('',#1712);
#1017=VERTEX_POINT('',#1713);
#1018=VERTEX_POINT('',#1714);
#1019=VERTEX_POINT('',#1715);
#1020=VERTEX_POINT('',#1716);
#1021=VERTEX_POINT('',#1717);
#1022=VERTEX_POINT('',#1718);
#1023=VERTEX_POINT('',#1719);
#1024=VERTEX_POINT('',#1720);
#1025=VERTEX_POINT('',#1721);
#1026=VERTEX_POINT('',#1722);
#1027=VERTEX_POINT('',#1723);
#1028=VERTEX_POINT('',#2018);
#1029=VERTEX_POINT('',#2019);
#1030=VERTEX_POINT('',#2020);
#1031=VERTEX_POINT('',#2021);
#1032=VERTEX_POINT('',#2022);
#1033=VERTEX_POINT('',#2023);
#1034=VERTEX_POINT('',#2024);
#1035=VERTEX_POINT('',#2025);
#1036=VERTEX_POINT('',#2026);
#1037=VERTEX_POINT('',#2027);
#1038=VERTEX_POINT('',#2028);
#1039=VERTEX_POINT('',#2029);
#1040=VERTEX_POINT('',#2030);
#1041=VERTEX_POINT('',#2031);
#1042=VERTEX_POINT('',#2032);
#1043=VERTEX_POINT('',#2033);
#1044=VERTEX_POINT('',#2034);
#1045=VERTEX_POINT('',#2035);
#1046=VERTEX_POINT('',#2036);
#1047=VERTEX_POINT('',#2037);
#1048=VERTEX_POINT('',#2038);
#1049=VERTEX_POINT('',#2039);
#1050=VERTEX_POINT('',#2040);
#1051=VERTEX_POINT('',#2041);
#1052=VERTEX_POINT('',#2186);
#1053=VERTEX_POINT('',#2187);
#1054=VERTEX_POINT('',#2188);
#1055=VERTEX_POINT('',#2189);
#1056=VERTEX_POINT('',#2190);
#1057=VERTEX_POINT('',#2191);
#1058=VERTEX_POINT('',#2192);
#1059=VERTEX_POINT('',#2193);
#1060=VERTEX_POINT('',#2273);
#1061=VERTEX_POINT('',#2274);
#1062=VERTEX_POINT('',#2275);
#1063=VERTEX_POINT('',#2276);
#1064=VERTEX_POINT('',#2277);
#1065=VERTEX_POINT('',#2278);
#1066=VERTEX_POINT('',#2398);
#1067=VERTEX_POINT('',#2399);
#1068=VERTEX_POINT('',#2400);
#1069=VERTEX_POINT('',#2401);
#1070=VERTEX_POINT('',#2402);
#1071=VERTEX_POINT('',#2403);
#1072=VERTEX_POINT('',#2404);
#1073=VERTEX_POINT('',#2405);
#1074=VERTEX_POINT('',#2542);
#1075=VERTEX_POINT('',#2543);
#1076=VERTEX_POINT('',#2544);
#1077=VERTEX_POINT('',#2545);
#1078=B_SPLINE_SURFACE_WITH_KNOTS('',1,3,((#1208,#1209,#1210,#1211),(#1212,
#1213,#1214,#1215)),.UNSPECIFIED.,.F.,.F.,.F.,(2,2),(4,4),(0.,1.),(0.,1.),
 .UNSPECIFIED.);
#1079=B_SPLINE_SURFACE_WITH_KNOTS('',1,3,((#1216,#1217,#1218,#1219,#1220,
#1221,#1222,#1223,#1224,#1225),(#1226,#1227,#1228,#1229,#1230,#1231,#1232,
#1233,#1234,#1235)),.UNSPECIFIED.,.F.,.F.,.F.,(2,2),(4,3,3,4),(0.,1.),(1.,
2.,3.,4.),.UNSPECIFIED.);
#1080=B_SPLINE_SURFACE_WITH_KNOTS('',1,3,((#1236,#1237,#1238,#1239),(#1240,
#1241,#1242,#1243)),.UNSPECIFIED.,.F.,.F.,.F.,(2,2),(4,4),(0.,1.),(4.,5.),
 .UNSPECIFIED.);
#1081=B_SPLINE_SURFACE_WITH_KNOTS('',1,3,((#1244,#1245,#1246,#1247),(#1248,
#1249,#1250,#1251)),.UNSPECIFIED.,.F.,.F.,.F.,(2,2),(4,4),(0.,1.),(5.,6.),
 .UNSPECIFIED.);
#1082=B_SPLINE_SURFACE_WITH_KNOTS('',1,3,((#1252,#1253,#1254,#1255),(#1256,
#1257,#1258,#1259)),.UNSPECIFIED.,.F.,.F.,.F.,(2,2),(4,4),(0.,1.),(6.,7.),
 .UNSPECIFIED.);
#1083=B_SPLINE_SURFACE_WITH_KNOTS('',1,3,((#1260,#1261,#1262,#1263),(#1264,
#1265,#1266,#1267)),.UNSPECIFIED.,.F.,.F.,.F.,(2,2),(4,4),(0.,1.),(7.,8.),
 .UNSPECIFIED.);
#1084=B_SPLINE_SURFACE_WITH_KNOTS('',1,3,((#1268,#1269,#1270,#1271),(#1272,
#1273,#1274,#1275)),.UNSPECIFIED.,.F.,.F.,.F.,(2,2),(4,4),(0.,1.),(8.,9.),
 .UNSPECIFIED.);
#1085=B_SPLINE_SURFACE_WITH_KNOTS('',1,3,((#1276,#1277,#1278,#1279),(#1280,
#1281,#1282,#1283)),.UNSPECIFIED.,.F.,.F.,.F.,(2,2),(4,4),(0.,1.),(9.,10.),
 .UNSPECIFIED.);
#1086=B_SPLINE_SURFACE_WITH_KNOTS('',1,3,((#1284,#1285,#1286,#1287),(#1288,
#1289,#1290,#1291)),.UNSPECIFIED.,.F.,.F.,.F.,(2,2),(4,4),(0.,1.),(10.,11.),
 .UNSPECIFIED.);
#1087=B_SPLINE_SURFACE_WITH_KNOTS('',1,3,((#1292,#1293,#1294,#1295),(#1296,
#1297,#1298,#1299)),.UNSPECIFIED.,.F.,.F.,.F.,(2,2),(4,4),(0.,1.),(11.,12.),
 .UNSPECIFIED.);
#1088=B_SPLINE_SURFACE_WITH_KNOTS('',1,3,((#1300,#1301,#1302,#1303),(#1304,
#1305,#1306,#1307)),.UNSPECIFIED.,.F.,.F.,.F.,(2,2),(4,4),(0.,1.),(12.,13.),
 .UNSPECIFIED.);
#1089=B_SPLINE_SURFACE_WITH_KNOTS('',1,3,((#1308,#1309,#1310,#1311,#1312,
#1313,#1314),(#1315,#1316,#1317,#1318,#1319,#1320,#1321)),.UNSPECIFIED.,
 .F.,.F.,.F.,(2,2),(4,3,4),(0.,1.),(13.,14.,15.),.UNSPECIFIED.);
#1090=B_SPLINE_SURFACE_WITH_KNOTS('',1,3,((#1322,#1323,#1324,#1325,#1326,
#1327,#1328),(#1329,#1330,#1331,#1332,#1333,#1334,#1335)),.UNSPECIFIED.,
 .F.,.F.,.F.,(2,2),(4,3,4),(0.,1.),(15.,16.,17.),.UNSPECIFIED.);
#1091=B_SPLINE_SURFACE_WITH_KNOTS('',1,3,((#1336,#1337,#1338,#1339),(#1340,
#1341,#1342,#1343)),.UNSPECIFIED.,.F.,.F.,.F.,(2,2),(4,4),(0.,1.),(17.,18.),
 .UNSPECIFIED.);
#1092=B_SPLINE_SURFACE_WITH_KNOTS('',1,3,((#1344,#1345,#1346,#1347),(#1348,
#1349,#1350,#1351)),.UNSPECIFIED.,.F.,.F.,.F.,(2,2),(4,4),(0.,1.),(18.,19.),
 .UNSPECIFIED.);
#1093=B_SPLINE_SURFACE_WITH_KNOTS('',1,3,((#1550,#1551,#1552,#1553),(#1554,
#1555,#1556,#1557)),.UNSPECIFIED.,.F.,.F.,.F.,(2,2),(4,4),(0.,1.),(0.,1.),
 .UNSPECIFIED.);
#1094=B_SPLINE_SURFACE_WITH_KNOTS('',1,3,((#1558,#1559,#1560,#1561,#1562,
#1563,#1564,#1565,#1566,#1567),(#1568,#1569,#1570,#1571,#1572,#1573,#1574,
#1575,#1576,#1577)),.UNSPECIFIED.,.F.,.F.,.F.,(2,2),(4,3,3,4),(0.,1.),(1.,
2.,3.,4.),.UNSPECIFIED.);
#1095=B_SPLINE_SURFACE_WITH_KNOTS('',1,3,((#1578,#1579,#1580,#1581),(#1582,
#1583,#1584,#1585)),.UNSPECIFIED.,.F.,.F.,.F.,(2,2),(4,4),(0.,1.),(4.,5.),
 .UNSPECIFIED.);
#1096=B_SPLINE_SURFACE_WITH_KNOTS('',1,3,((#1586,#1587,#1588,#1589),(#1590,
#1591,#1592,#1593)),.UNSPECIFIED.,.F.,.F.,.F.,(2,2),(4,4),(0.,1.),(5.,6.),
 .UNSPECIFIED.);
#1097=B_SPLINE_SURFACE_WITH_KNOTS('',1,3,((#1594,#1595,#1596,#1597),(#1598,
#1599,#1600,#1601)),.UNSPECIFIED.,.F.,.F.,.F.,(2,2),(4,4),(0.,1.),(6.,7.),
 .UNSPECIFIED.);
#1098=B_SPLINE_SURFACE_WITH_KNOTS('',1,3,((#1602,#1603,#1604,#1605),(#1606,
#1607,#1608,#1609)),.UNSPECIFIED.,.F.,.F.,.F.,(2,2),(4,4),(0.,1.),(7.,8.),
 .UNSPECIFIED.);
#1099=B_SPLINE_SURFACE_WITH_KNOTS('',1,3,((#1610,#1611,#1612,#1613),(#1614,
#1615,#1616,#1617)),.UNSPECIFIED.,.F.,.F.,.F.,(2,2),(4,4),(0.,1.),(8.,9.),
 .UNSPECIFIED.);
#1100=B_SPLINE_SURFACE_WITH_KNOTS('',1,3,((#1618,#1619,#1620,#1621),(#1622,
#1623,#1624,#1625)),.UNSPECIFIED.,.F.,.F.,.F.,(2,2),(4,4),(0.,1.),(9.,10.),
 .UNSPECIFIED.);
#1101=B_SPLINE_SURFACE_WITH_KNOTS('',1,3,((#1626,#1627,#1628,#1629),(#1630,
#1631,#1632,#1633)),.UNSPECIFIED.,.F.,.F.,.F.,(2,2),(4,4),(0.,1.),(10.,11.),
 .UNSPECIFIED.);
#1102=B_SPLINE_SURFACE_WITH_KNOTS('',1,3,((#1634,#1635,#1636,#1637),(#1638,
#1639,#1640,#1641)),.UNSPECIFIED.,.F.,.F.,.F.,(2,2),(4,4),(0.,1.),(11.,12.),
 .UNSPECIFIED.);
#1103=B_SPLINE_SURFACE_WITH_KNOTS('',1,3,((#1642,#1643,#1644,#1645),(#1646,
#1647,#1648,#1649)),.UNSPECIFIED.,.F.,.F.,.F.,(2,2),(4,4),(0.,1.),(12.,13.),
 .UNSPECIFIED.);
#1104=B_SPLINE_SURFACE_WITH_KNOTS('',1,3,((#1650,#1651,#1652,#1653,#1654,
#1655,#1656),(#1657,#1658,#1659,#1660,#1661,#1662,#1663)),.UNSPECIFIED.,
 .F.,.F.,.F.,(2,2),(4,3,4),(0.,1.),(13.,14.,15.),.UNSPECIFIED.);
#1105=B_SPLINE_SURFACE_WITH_KNOTS('',1,3,((#1664,#1665,#1666,#1667,#1668,
#1669,#1670),(#1671,#1672,#1673,#1674,#1675,#1676,#1677)),.UNSPECIFIED.,
 .F.,.F.,.F.,(2,2),(4,3,4),(0.,1.),(15.,16.,17.),.UNSPECIFIED.);
#1106=B_SPLINE_SURFACE_WITH_KNOTS('',1,3,((#1678,#1679,#1680,#1681),(#1682,
#1683,#1684,#1685)),.UNSPECIFIED.,.F.,.F.,.F.,(2,2),(4,4),(0.,1.),(17.,18.),
 .UNSPECIFIED.);
#1107=B_SPLINE_SURFACE_WITH_KNOTS('',1,3,((#1686,#1687,#1688,#1689),(#1690,
#1691,#1692,#1693)),.UNSPECIFIED.,.F.,.F.,.F.,(2,2),(4,4),(0.,1.),(18.,19.),
 .UNSPECIFIED.);
#1108=B_SPLINE_SURFACE_WITH_KNOTS('',1,3,((#1892,#1893,#1894,#1895),(#1896,
#1897,#1898,#1899)),.UNSPECIFIED.,.F.,.F.,.F.,(2,2),(4,4),(0.,1.),(0.,1.),
 .UNSPECIFIED.);
#1109=B_SPLINE_SURFACE_WITH_KNOTS('',1,3,((#1900,#1901,#1902,#1903),(#1904,
#1905,#1906,#1907)),.UNSPECIFIED.,.F.,.F.,.F.,(2,2),(4,4),(0.,1.),(1.,2.),
 .UNSPECIFIED.);
#1110=B_SPLINE_SURFACE_WITH_KNOTS('',1,3,((#1908,#1909,#1910,#1911),(#1912,
#1913,#1914,#1915)),.UNSPECIFIED.,.F.,.F.,.F.,(2,2),(4,4),(0.,1.),(2.,3.),
 .UNSPECIFIED.);
#1111=B_SPLINE_SURFACE_WITH_KNOTS('',1,3,((#1916,#1917,#1918,#1919),(#1920,
#1921,#1922,#1923)),.UNSPECIFIED.,.F.,.F.,.F.,(2,2),(4,4),(0.,1.),(3.,4.),
 .UNSPECIFIED.);
#1112=B_SPLINE_SURFACE_WITH_KNOTS('',1,3,((#1924,#1925,#1926,#1927),(#1928,
#1929,#1930,#1931)),.UNSPECIFIED.,.F.,.F.,.F.,(2,2),(4,4),(0.,1.),(4.,5.),
 .UNSPECIFIED.);
#1113=B_SPLINE_SURFACE_WITH_KNOTS('',1,3,((#1932,#1933,#1934,#1935),(#1936,
#1937,#1938,#1939)),.UNSPECIFIED.,.F.,.F.,.F.,(2,2),(4,4),(0.,1.),(5.,6.),
 .UNSPECIFIED.);
#1114=B_SPLINE_SURFACE_WITH_KNOTS('',1,3,((#1940,#1941,#1942,#1943,#1944,
#1945,#1946,#1947,#1948,#1949),(#1950,#1951,#1952,#1953,#1954,#1955,#1956,
#1957,#1958,#1959)),.UNSPECIFIED.,.F.,.F.,.F.,(2,2),(4,3,3,4),(0.,1.),(6.,
7.,8.,9.),.UNSPECIFIED.);
#1115=B_SPLINE_SURFACE_WITH_KNOTS('',1,3,((#1960,#1961,#1962,#1963),(#1964,
#1965,#1966,#1967)),.UNSPECIFIED.,.F.,.F.,.F.,(2,2),(4,4),(0.,1.),(9.,10.),
 .UNSPECIFIED.);
#1116=B_SPLINE_SURFACE_WITH_KNOTS('',1,3,((#1968,#1969,#1970,#1971),(#1972,
#1973,#1974,#1975)),.UNSPECIFIED.,.F.,.F.,.F.,(2,2),(4,4),(0.,1.),(10.,11.),
 .UNSPECIFIED.);
#1117=B_SPLINE_SURFACE_WITH_KNOTS('',1,3,((#1976,#1977,#1978,#1979,#1980,
#1981,#1982,#1983,#1984,#1985),(#1986,#1987,#1988,#1989,#1990,#1991,#1992,
#1993,#1994,#1995)),.UNSPECIFIED.,.F.,.F.,.F.,(2,2),(4,3,3,4),(0.,1.),(0.,
1.,2.,3.),.UNSPECIFIED.);
#1118=B_SPLINE_SURFACE_WITH_KNOTS('',1,3,((#1996,#1997,#1998,#1999,#2000,
#2001,#2002),(#2003,#2004,#2005,#2006,#2007,#2008,#2009)),.UNSPECIFIED.,
 .F.,.F.,.F.,(2,2),(4,3,4),(0.,1.),(3.,4.,5.),.UNSPECIFIED.);
#1119=B_SPLINE_SURFACE_WITH_KNOTS('',1,3,((#2010,#2011,#2012,#2013),(#2014,
#2015,#2016,#2017)),.UNSPECIFIED.,.F.,.F.,.F.,(2,2),(4,4),(0.,1.),(5.,6.),
 .UNSPECIFIED.);
#1120=PLANE('',#1160);
#1121=PLANE('',#1161);
#1122=PLANE('',#1162);
#1123=PLANE('',#1163);
#1124=PLANE('',#1164);
#1125=PLANE('',#1165);
#1126=PLANE('',#1166);
#1127=PLANE('',#1167);
#1128=PLANE('',#1168);
#1129=PLANE('',#1169);
#1130=PLANE('',#1170);
#1131=PLANE('',#1171);
#1132=PLANE('',#1172);
#1133=PLANE('',#1173);
#1134=PLANE('',#1174);
#1135=PLANE('',#1175);
#1136=PLANE('',#1176);
#1137=PLANE('',#1177);
#1138=PLANE('',#1178);
#1139=PLANE('',#1179);
#1140=SHAPE_DEFINITION_REPRESENTATION(#1141,#1158);
#1141=PRODUCT_DEFINITION_SHAPE('Document','',#1143);
#1142=PRODUCT_DEFINITION_CONTEXT('3D Mechanical Parts',#1147,'design');
#1143=PRODUCT_DEFINITION('A','First version',#1144,#1142);
#1144=PRODUCT_DEFINITION_FORMATION_WITH_SPECIFIED_SOURCE('A',
'First version',#1149,.MADE.);
#1145=PRODUCT_RELATED_PRODUCT_CATEGORY('tool','tool',(#1149));
#1146=APPLICATION_PROTOCOL_DEFINITION('Draft International Standard',
'automotive_design',1999,#1147);
#1147=APPLICATION_CONTEXT(
'data for automotive mechanical design processes');
#1148=PRODUCT_CONTEXT('3D Mechanical Parts',#1147,'mechanical');
#1149=PRODUCT('Document','Document','Rhino converted to STEP',(#1148));
#1150=(
LENGTH_UNIT()
NAMED_UNIT(*)
SI_UNIT(.MILLI.,.METRE.)
);
#1151=(
NAMED_UNIT(*)
PLANE_ANGLE_UNIT()
SI_UNIT($,.RADIAN.)
);
#1152=DIMENSIONAL_EXPONENTS(0.,0.,0.,0.,0.,0.,0.);
#1153=PLANE_ANGLE_MEASURE_WITH_UNIT(PLANE_ANGLE_MEASURE(0.01745329252),#1151);
#1154=(
CONVERSION_BASED_UNIT('DEGREES',#1153)
NAMED_UNIT(#1152)
PLANE_ANGLE_UNIT()
);
#1155=(
NAMED_UNIT(*)
SI_UNIT($,.STERADIAN.)
SOLID_ANGLE_UNIT()
);
#1156=UNCERTAINTY_MEASURE_WITH_UNIT(LENGTH_MEASURE(0.001),#1150,
'DISTANCE_ACCURACY_VALUE',
'Maximum model space distance between geometric entities at asserted co
nnectivities');
#1157=(
GEOMETRIC_REPRESENTATION_CONTEXT(3)
GLOBAL_UNCERTAINTY_ASSIGNED_CONTEXT((#1156))
GLOBAL_UNIT_ASSIGNED_CONTEXT((#1155,#1154,#1150))
REPRESENTATION_CONTEXT('ID1','3D')
);
#1158=SHAPE_REPRESENTATION('Document',(#1159,#1180),#1157);
#1159=AXIS2_PLACEMENT_3D('',#1205,#1181,#1182);
#1160=AXIS2_PLACEMENT_3D('',#1206,#1183,$);
#1161=AXIS2_PLACEMENT_3D('',#1207,#1184,$);
#1162=AXIS2_PLACEMENT_3D('',#1548,#1185,$);
#1163=AXIS2_PLACEMENT_3D('',#1549,#1186,$);
#1164=AXIS2_PLACEMENT_3D('',#1890,#1187,$);
#1165=AXIS2_PLACEMENT_3D('',#1891,#1188,$);
#1166=AXIS2_PLACEMENT_3D('',#2180,#1189,$);
#1167=AXIS2_PLACEMENT_3D('',#2181,#1190,$);
#1168=AXIS2_PLACEMENT_3D('',#2182,#1191,$);
#1169=AXIS2_PLACEMENT_3D('',#2183,#1192,$);
#1170=AXIS2_PLACEMENT_3D('',#2184,#1193,$);
#1171=AXIS2_PLACEMENT_3D('',#2185,#1194,$);
#1172=AXIS2_PLACEMENT_3D('',#2218,#1195,$);
#1173=AXIS2_PLACEMENT_3D('',#2241,#1196,$);
#1174=AXIS2_PLACEMENT_3D('',#2272,#1197,$);
#1175=AXIS2_PLACEMENT_3D('',#2355,#1198,$);
#1176=AXIS2_PLACEMENT_3D('',#2386,#1199,$);
#1177=AXIS2_PLACEMENT_3D('',#2397,#1200,$);
#1178=AXIS2_PLACEMENT_3D('',#2472,#1201,$);
#1179=AXIS2_PLACEMENT_3D('',#2507,#1202,$);
#1180=AXIS2_PLACEMENT_3D('',#2586,#1203,#1204);
#1181=DIRECTION('',(0.,0.,1.));
#1182=DIRECTION('',(1.,0.,0.));
#1183=DIRECTION('',(0.,0.,-1.));
#1184=DIRECTION('',(0.,0.,1.));
#1185=DIRECTION('',(0.,0.,-1.));
#1186=DIRECTION('',(0.,0.,1.));
#1187=DIRECTION('',(0.,0.,-1.));
#1188=DIRECTION('',(0.,0.,1.));
#1189=DIRECTION('',(0.,-1.,0.));
#1190=DIRECTION('',(-1.,0.,0.));
#1191=DIRECTION('',(0.,1.,0.));
#1192=DIRECTION('',(0.,0.,1.));
#1193=DIRECTION('',(1.,0.,0.));
#1194=DIRECTION('',(0.,0.,-1.));
#1195=DIRECTION('',(1.,0.,0.));
#1196=DIRECTION('',(0.,1.,0.));
#1197=DIRECTION('',(0.,-1.,0.));
#1198=DIRECTION('',(-1.,0.,0.));
#1199=DIRECTION('',(0.,1.,0.));
#1200=DIRECTION('',(0.,-1.,0.));
#1201=DIRECTION('',(0.,1.,0.));
#1202=DIRECTION('',(0.,-1.,0.));
#1203=DIRECTION('',(0.,0.,1.));
#1204=DIRECTION('',(1.,0.,0.));
#1205=CARTESIAN_POINT('',(0.,0.,0.));
#1206=CARTESIAN_POINT('',(0.279130434782609,0.47304347826087,0.545));
#1207=CARTESIAN_POINT('',(0.279130434782609,0.47304347826087,0.565));
#1208=CARTESIAN_POINT('',(0.308695652173913,0.16304347826087,0.545));
#1209=CARTESIAN_POINT('',(0.308695652173913,0.286956521739131,0.545));
#1210=CARTESIAN_POINT('',(0.321739130434783,0.371739130434783,0.545));
#1211=CARTESIAN_POINT('',(0.360869565217391,0.404347826086957,0.545));
#1212=CARTESIAN_POINT('',(0.308695652173913,0.16304347826087,0.565));
#1213=CARTESIAN_POINT('',(0.308695652173913,0.28695652173913,0.565));
#1214=CARTESIAN_POINT('',(0.321739130434783,0.371739130434783,0.565));
#1215=CARTESIAN_POINT('',(0.360869565217391,0.404347826086957,0.565));
#1216=CARTESIAN_POINT('',(0.360869565217391,0.404347826086957,0.545));
#1217=CARTESIAN_POINT('',(0.393478260869565,0.443478260869565,0.545));
#1218=CARTESIAN_POINT('',(0.445652173913044,0.46304347826087,0.545));
#1219=CARTESIAN_POINT('',(0.517391304347826,0.46304347826087,0.545));
#1220=CARTESIAN_POINT('',(0.641304347826087,0.46304347826087,0.545));
#1221=CARTESIAN_POINT('',(0.706521739130435,0.397826086956522,0.545));
#1222=CARTESIAN_POINT('',(0.706521739130435,0.260869565217391,0.545));
#1223=CARTESIAN_POINT('',(0.706521739130435,0.215217391304348,0.545));
#1224=CARTESIAN_POINT('',(0.7,0.156521739130435,0.545));
#1225=CARTESIAN_POINT('',(0.680434782608696,0.104347826086957,0.545));
#1226=CARTESIAN_POINT('',(0.360869565217391,0.404347826086957,0.565));
#1227=CARTESIAN_POINT('',(0.393478260869565,0.443478260869565,0.565));
#1228=CARTESIAN_POINT('',(0.445652173913044,0.46304347826087,0.565));
#1229=CARTESIAN_POINT('',(0.517391304347826,0.46304347826087,0.565));
#1230=CARTESIAN_POINT('',(0.641304347826087,0.46304347826087,0.565));
#1231=CARTESIAN_POINT('',(0.706521739130435,0.397826086956522,0.565));
#1232=CARTESIAN_POINT('',(0.706521739130435,0.260869565217391,0.565));
#1233=CARTESIAN_POINT('',(0.706521739130435,0.215217391304348,0.565));
#1234=CARTESIAN_POINT('',(0.7,0.156521739130435,0.565));
#1235=CARTESIAN_POINT('',(0.680434782608696,0.104347826086957,0.565));
#1236=CARTESIAN_POINT('',(0.680434782608696,0.104347826086957,0.545));
#1237=CARTESIAN_POINT('',(0.667391304347826,0.0456521739130435,0.545));
#1238=CARTESIAN_POINT('',(0.634782608695652,-0.0260869565217391,0.545));
#1239=CARTESIAN_POINT('',(0.589130434782609,-0.110869565217391,0.545));
#1240=CARTESIAN_POINT('',(0.680434782608696,0.104347826086957,0.565));
#1241=CARTESIAN_POINT('',(0.667391304347826,0.0456521739130435,0.565));
#1242=CARTESIAN_POINT('',(0.634782608695652,-0.0260869565217391,0.565));
#1243=CARTESIAN_POINT('',(0.589130434782609,-0.110869565217391,0.565));
#1244=CARTESIAN_POINT('',(0.589130434782609,-0.110869565217391,0.545));
#1245=CARTESIAN_POINT('',(0.552173913043478,-0.189130434782609,0.545));
#1246=CARTESIAN_POINT('',(0.515217391304348,-0.267391304347826,0.545));
#1247=CARTESIAN_POINT('',(0.478260869565218,-0.345652173913044,0.545));
#1248=CARTESIAN_POINT('',(0.589130434782609,-0.110869565217391,0.565));
#1249=CARTESIAN_POINT('',(0.552173913043478,-0.189130434782609,0.565));
#1250=CARTESIAN_POINT('',(0.515217391304348,-0.267391304347826,0.565));
#1251=CARTESIAN_POINT('',(0.478260869565217,-0.345652173913044,0.565));
#1252=CARTESIAN_POINT('',(0.478260869565218,-0.345652173913044,0.545));
#1253=CARTESIAN_POINT('',(0.545652173913044,-0.345652173913044,0.545));
#1254=CARTESIAN_POINT('',(0.613043478260869,-0.345652173913044,0.545));
#1255=CARTESIAN_POINT('',(0.680434782608696,-0.345652173913044,0.545));
#1256=CARTESIAN_POINT('',(0.478260869565217,-0.345652173913044,0.565));
#1257=CARTESIAN_POINT('',(0.545652173913044,-0.345652173913044,0.565));
#1258=CARTESIAN_POINT('',(0.613043478260869,-0.345652173913044,0.565));
#1259=CARTESIAN_POINT('',(0.680434782608696,-0.345652173913044,0.565));
#1260=CARTESIAN_POINT('',(0.680434782608696,-0.345652173913044,0.545));
#1261=CARTESIAN_POINT('',(0.680434782608696,-0.380434782608696,0.545));
#1262=CARTESIAN_POINT('',(0.680434782608696,-0.415217391304348,0.545));
#1263=CARTESIAN_POINT('',(0.680434782608696,-0.45,0.545));
#1264=CARTESIAN_POINT('',(0.680434782608696,-0.345652173913044,0.565));
#1265=CARTESIAN_POINT('',(0.680434782608696,-0.380434782608696,0.565));
#1266=CARTESIAN_POINT('',(0.680434782608696,-0.415217391304348,0.565));
#1267=CARTESIAN_POINT('',(0.680434782608696,-0.45,0.565));
#1268=CARTESIAN_POINT('',(0.680434782608696,-0.45,0.545));
#1269=CARTESIAN_POINT('',(0.55,-0.45,0.545));
#1270=CARTESIAN_POINT('',(0.419565217391304,-0.45,0.545));
#1271=CARTESIAN_POINT('',(0.289130434782609,-0.45,0.545));
#1272=CARTESIAN_POINT('',(0.680434782608696,-0.45,0.565));
#1273=CARTESIAN_POINT('',(0.55,-0.45,0.565));
#1274=CARTESIAN_POINT('',(0.419565217391304,-0.45,0.565));
#1275=CARTESIAN_POINT('',(0.289130434782609,-0.45,0.565));
#1276=CARTESIAN_POINT('',(0.289130434782609,-0.45,0.545));
#1277=CARTESIAN_POINT('',(0.341304347826087,-0.345652173913044,0.545));
#1278=CARTESIAN_POINT('',(0.393478260869565,-0.241304347826087,0.545));
#1279=CARTESIAN_POINT('',(0.445652173913044,-0.13695652173913,0.545));
#1280=CARTESIAN_POINT('',(0.289130434782609,-0.45,0.565));
#1281=CARTESIAN_POINT('',(0.341304347826087,-0.345652173913044,0.565));
#1282=CARTESIAN_POINT('',(0.393478260869565,-0.241304347826087,0.565));
#1283=CARTESIAN_POINT('',(0.445652173913044,-0.13695652173913,0.565));
#1284=CARTESIAN_POINT('',(0.445652173913044,-0.13695652173913,0.545));
#1285=CARTESIAN_POINT('',(0.445652173913044,-0.13695652173913,0.545));
#1286=CARTESIAN_POINT('',(0.452173913043478,-0.130434782608696,0.545));
#1287=CARTESIAN_POINT('',(0.458695652173913,-0.117391304347826,0.545));
#1288=CARTESIAN_POINT('',(0.445652173913044,-0.13695652173913,0.565));
#1289=CARTESIAN_POINT('',(0.445652173913044,-0.13695652173913,0.565));
#1290=CARTESIAN_POINT('',(0.452173913043478,-0.130434782608696,0.565));
#1291=CARTESIAN_POINT('',(0.458695652173913,-0.117391304347826,0.565));
#1292=CARTESIAN_POINT('',(0.458695652173913,-0.117391304347826,0.545));
#1293=CARTESIAN_POINT('',(0.458695652173913,-0.104347826086957,0.545));
#1294=CARTESIAN_POINT('',(0.465217391304348,-0.0913043478260869,0.545));
#1295=CARTESIAN_POINT('',(0.465217391304348,-0.0913043478260869,0.545));
#1296=CARTESIAN_POINT('',(0.458695652173913,-0.117391304347826,0.565));
#1297=CARTESIAN_POINT('',(0.458695652173913,-0.104347826086957,0.565));
#1298=CARTESIAN_POINT('',(0.465217391304348,-0.091304347826087,0.565));
#1299=CARTESIAN_POINT('',(0.465217391304348,-0.091304347826087,0.565));
#1300=CARTESIAN_POINT('',(0.465217391304348,-0.0913043478260869,0.545));
#1301=CARTESIAN_POINT('',(0.504347826086957,-0.00652173913043475,0.545));
#1302=CARTESIAN_POINT('',(0.536956521739131,0.0586956521739131,0.545));
#1303=CARTESIAN_POINT('',(0.556521739130435,0.110869565217391,0.545));
#1304=CARTESIAN_POINT('',(0.465217391304348,-0.091304347826087,0.565));
#1305=CARTESIAN_POINT('',(0.504347826086957,-0.00652173913043478,0.565));
#1306=CARTESIAN_POINT('',(0.53695652173913,0.0586956521739131,0.565));
#1307=CARTESIAN_POINT('',(0.556521739130435,0.110869565217391,0.565));
#1308=CARTESIAN_POINT('',(0.556521739130435,0.110869565217391,0.545));
#1309=CARTESIAN_POINT('',(0.576086956521739,0.156521739130435,0.545));
#1310=CARTESIAN_POINT('',(0.582608695652174,0.208695652173913,0.545));
#1311=CARTESIAN_POINT('',(0.582608695652174,0.254347826086957,0.545));
#1312=CARTESIAN_POINT('',(0.582608695652174,0.286956521739131,0.545));
#1313=CARTESIAN_POINT('',(0.576086956521739,0.31304347826087,0.545));
#1314=CARTESIAN_POINT('',(0.56304347826087,0.332608695652174,0.545));
#1315=CARTESIAN_POINT('',(0.556521739130435,0.110869565217391,0.565));
#1316=CARTESIAN_POINT('',(0.576086956521739,0.156521739130435,0.565));
#1317=CARTESIAN_POINT('',(0.582608695652174,0.208695652173913,0.565));
#1318=CARTESIAN_POINT('',(0.582608695652174,0.254347826086957,0.565));
#1319=CARTESIAN_POINT('',(0.582608695652174,0.28695652173913,0.565));
#1320=CARTESIAN_POINT('',(0.576086956521739,0.31304347826087,0.565));
#1321=CARTESIAN_POINT('',(0.56304347826087,0.332608695652174,0.565));
#1322=CARTESIAN_POINT('',(0.56304347826087,0.332608695652174,0.545));
#1323=CARTESIAN_POINT('',(0.55,0.345652173913044,0.545));
#1324=CARTESIAN_POINT('',(0.536956521739131,0.358695652173913,0.545));
#1325=CARTESIAN_POINT('',(0.510869565217391,0.358695652173913,0.545));
#1326=CARTESIAN_POINT('',(0.478260869565218,0.358695652173913,0.545));
#1327=CARTESIAN_POINT('',(0.458695652173913,0.339130434782609,0.545));
#1328=CARTESIAN_POINT('',(0.445652173913044,0.306521739130435,0.545));
#1329=CARTESIAN_POINT('',(0.56304347826087,0.332608695652174,0.565));
#1330=CARTESIAN_POINT('',(0.55,0.345652173913043,0.565));
#1331=CARTESIAN_POINT('',(0.53695652173913,0.358695652173913,0.565));
#1332=CARTESIAN_POINT('',(0.510869565217391,0.358695652173913,0.565));
#1333=CARTESIAN_POINT('',(0.478260869565217,0.358695652173913,0.565));
#1334=CARTESIAN_POINT('',(0.458695652173913,0.339130434782609,0.565));
#1335=CARTESIAN_POINT('',(0.445652173913044,0.306521739130435,0.565));
#1336=CARTESIAN_POINT('',(0.445652173913044,0.306521739130435,0.545));
#1337=CARTESIAN_POINT('',(0.439130434782609,0.273913043478261,0.545));
#1338=CARTESIAN_POINT('',(0.432608695652174,0.228260869565218,0.545));
#1339=CARTESIAN_POINT('',(0.432608695652174,0.16304347826087,0.545));
#1340=CARTESIAN_POINT('',(0.445652173913044,0.306521739130435,0.565));
#1341=CARTESIAN_POINT('',(0.439130434782609,0.273913043478261,0.565));
#1342=CARTESIAN_POINT('',(0.432608695652174,0.228260869565217,0.565));
#1343=CARTESIAN_POINT('',(0.432608695652174,0.16304347826087,0.565));
#1344=CARTESIAN_POINT('',(0.432608695652174,0.16304347826087,0.545));
#1345=CARTESIAN_POINT('',(0.391304347826087,0.16304347826087,0.545));
#1346=CARTESIAN_POINT('',(0.35,0.16304347826087,0.545));
#1347=CARTESIAN_POINT('',(0.308695652173913,0.16304347826087,0.545));
#1348=CARTESIAN_POINT('',(0.432608695652174,0.16304347826087,0.565));
#1349=CARTESIAN_POINT('',(0.391304347826087,0.16304347826087,0.565));
#1350=CARTESIAN_POINT('',(0.35,0.16304347826087,0.565));
#1351=CARTESIAN_POINT('',(0.308695652173913,0.16304347826087,0.565));
#1352=CARTESIAN_POINT('',(0.308695652173913,0.16304347826087,0.545));
#1353=CARTESIAN_POINT('',(0.432608695652174,0.16304347826087,0.545));
#1354=CARTESIAN_POINT('',(0.445652173913044,0.306521739130435,0.545));
#1355=CARTESIAN_POINT('',(0.56304347826087,0.332608695652174,0.545));
#1356=CARTESIAN_POINT('',(0.556521739130435,0.110869565217391,0.545));
#1357=CARTESIAN_POINT('',(0.465217391304348,-0.0913043478260869,0.545));
#1358=CARTESIAN_POINT('',(0.458695652173913,-0.117391304347826,0.545));
#1359=CARTESIAN_POINT('',(0.445652173913044,-0.13695652173913,0.545));
#1360=CARTESIAN_POINT('',(0.289130434782609,-0.45,0.545));
#1361=CARTESIAN_POINT('',(0.680434782608696,-0.45,0.545));
#1362=CARTESIAN_POINT('',(0.680434782608696,-0.345652173913044,0.545));
#1363=CARTESIAN_POINT('',(0.478260869565218,-0.345652173913044,0.545));
#1364=CARTESIAN_POINT('',(0.589130434782609,-0.110869565217391,0.545));
#1365=CARTESIAN_POINT('',(0.680434782608696,0.104347826086957,0.545));
#1366=CARTESIAN_POINT('',(0.360869565217391,0.404347826086957,0.545));
#1367=CARTESIAN_POINT('',(0.308695652173913,0.16304347826087,0.565));
#1368=CARTESIAN_POINT('',(0.432608695652174,0.16304347826087,0.565));
#1369=CARTESIAN_POINT('',(0.445652173913044,0.306521739130435,0.565));
#1370=CARTESIAN_POINT('',(0.56304347826087,0.332608695652174,0.565));
#1371=CARTESIAN_POINT('',(0.556521739130435,0.110869565217391,0.565));
#1372=CARTESIAN_POINT('',(0.465217391304348,-0.091304347826087,0.565));
#1373=CARTESIAN_POINT('',(0.458695652173913,-0.117391304347826,0.565));
#1374=CARTESIAN_POINT('',(0.445652173913044,-0.13695652173913,0.565));
#1375=CARTESIAN_POINT('',(0.289130434782609,-0.45,0.565));
#1376=CARTESIAN_POINT('',(0.680434782608696,-0.45,0.565));
#1377=CARTESIAN_POINT('',(0.680434782608696,-0.345652173913044,0.565));
#1378=CARTESIAN_POINT('',(0.478260869565217,-0.345652173913044,0.565));
#1379=CARTESIAN_POINT('',(0.589130434782609,-0.110869565217391,0.565));
#1380=CARTESIAN_POINT('',(0.680434782608696,0.104347826086957,0.565));
#1381=CARTESIAN_POINT('',(0.360869565217391,0.404347826086957,0.565));
#1382=CARTESIAN_POINT('',(0.308695652173913,0.16304347826087,0.545));
#1383=CARTESIAN_POINT('',(0.308695652173913,0.286956521739131,0.545));
#1384=CARTESIAN_POINT('',(0.321739130434783,0.371739130434783,0.545));
#1385=CARTESIAN_POINT('',(0.360869565217391,0.404347826086957,0.545));
#1386=CARTESIAN_POINT('',(0.432608695652174,0.16304347826087,0.545));
#1387=CARTESIAN_POINT('',(0.308695652173913,0.16304347826087,0.545));
#1388=CARTESIAN_POINT('',(0.445652173913044,0.306521739130435,0.545));
#1389=CARTESIAN_POINT('',(0.439130434782609,0.273913043478261,0.545));
#1390=CARTESIAN_POINT('',(0.432608695652174,0.228260869565218,0.545));
#1391=CARTESIAN_POINT('',(0.432608695652174,0.16304347826087,0.545));
#1392=CARTESIAN_POINT('',(0.56304347826087,0.332608695652174,0.545));
#1393=CARTESIAN_POINT('',(0.55,0.345652173913044,0.545));
#1394=CARTESIAN_POINT('',(0.536956521739131,0.358695652173913,0.545));
#1395=CARTESIAN_POINT('',(0.510869565217391,0.358695652173913,0.545));
#1396=CARTESIAN_POINT('',(0.478260869565218,0.358695652173913,0.545));
#1397=CARTESIAN_POINT('',(0.458695652173913,0.339130434782609,0.545));
#1398=CARTESIAN_POINT('',(0.445652173913044,0.306521739130435,0.545));
#1399=CARTESIAN_POINT('',(0.556521739130435,0.110869565217391,0.545));
#1400=CARTESIAN_POINT('',(0.576086956521739,0.156521739130435,0.545));
#1401=CARTESIAN_POINT('',(0.582608695652174,0.208695652173913,0.545));
#1402=CARTESIAN_POINT('',(0.582608695652174,0.254347826086957,0.545));
#1403=CARTESIAN_POINT('',(0.582608695652174,0.286956521739131,0.545));
#1404=CARTESIAN_POINT('',(0.576086956521739,0.31304347826087,0.545));
#1405=CARTESIAN_POINT('',(0.56304347826087,0.332608695652174,0.545));
#1406=CARTESIAN_POINT('',(0.465217391304348,-0.0913043478260869,0.545));
#1407=CARTESIAN_POINT('',(0.504347826086957,-0.00652173913043475,0.545));
#1408=CARTESIAN_POINT('',(0.536956521739131,0.0586956521739131,0.545));
#1409=CARTESIAN_POINT('',(0.556521739130435,0.110869565217391,0.545));
#1410=CARTESIAN_POINT('',(0.458695652173913,-0.117391304347826,0.545));
#1411=CARTESIAN_POINT('',(0.458695652173913,-0.104347826086957,0.545));
#1412=CARTESIAN_POINT('',(0.465217391304348,-0.0913043478260869,0.545));
#1413=CARTESIAN_POINT('',(0.465217391304348,-0.0913043478260869,0.545));
#1414=CARTESIAN_POINT('',(0.445652173913044,-0.13695652173913,0.545));
#1415=CARTESIAN_POINT('',(0.445652173913044,-0.13695652173913,0.545));
#1416=CARTESIAN_POINT('',(0.452173913043478,-0.130434782608696,0.545));
#1417=CARTESIAN_POINT('',(0.458695652173913,-0.117391304347826,0.545));
#1418=CARTESIAN_POINT('',(0.289130434782609,-0.45,0.545));
#1419=CARTESIAN_POINT('',(0.341304347826087,-0.345652173913044,0.545));
#1420=CARTESIAN_POINT('',(0.393478260869565,-0.241304347826087,0.545));
#1421=CARTESIAN_POINT('',(0.445652173913044,-0.13695652173913,0.545));
#1422=CARTESIAN_POINT('',(0.680434782608696,-0.45,0.545));
#1423=CARTESIAN_POINT('',(0.289130434782609,-0.45,0.545));
#1424=CARTESIAN_POINT('',(0.680434782608696,-0.345652173913044,0.545));
#1425=CARTESIAN_POINT('',(0.680434782608696,-0.45,0.545));
#1426=CARTESIAN_POINT('',(0.478260869565218,-0.345652173913044,0.545));
#1427=CARTESIAN_POINT('',(0.680434782608696,-0.345652173913044,0.545));
#1428=CARTESIAN_POINT('',(0.589130434782609,-0.110869565217391,0.545));
#1429=CARTESIAN_POINT('',(0.552173913043478,-0.189130434782609,0.545));
#1430=CARTESIAN_POINT('',(0.515217391304348,-0.267391304347826,0.545));
#1431=CARTESIAN_POINT('',(0.478260869565218,-0.345652173913044,0.545));
#1432=CARTESIAN_POINT('',(0.680434782608696,0.104347826086957,0.545));
#1433=CARTESIAN_POINT('',(0.667391304347826,0.0456521739130435,0.545));
#1434=CARTESIAN_POINT('',(0.634782608695652,-0.0260869565217391,0.545));
#1435=CARTESIAN_POINT('',(0.589130434782609,-0.110869565217391,0.545));
#1436=CARTESIAN_POINT('',(0.360869565217391,0.404347826086957,0.545));
#1437=CARTESIAN_POINT('',(0.393478260869565,0.443478260869565,0.545));
#1438=CARTESIAN_POINT('',(0.445652173913044,0.46304347826087,0.545));
#1439=CARTESIAN_POINT('',(0.517391304347826,0.46304347826087,0.545));
#1440=CARTESIAN_POINT('',(0.641304347826087,0.46304347826087,0.545));
#1441=CARTESIAN_POINT('',(0.706521739130435,0.397826086956522,0.545));
#1442=CARTESIAN_POINT('',(0.706521739130435,0.260869565217391,0.545));
#1443=CARTESIAN_POINT('',(0.706521739130435,0.215217391304348,0.545));
#1444=CARTESIAN_POINT('',(0.7,0.156521739130435,0.545));
#1445=CARTESIAN_POINT('',(0.680434782608696,0.104347826086957,0.545));
#1446=CARTESIAN_POINT('',(0.308695652173913,0.16304347826087,0.565));
#1447=CARTESIAN_POINT('',(0.308695652173913,0.28695652173913,0.565));
#1448=CARTESIAN_POINT('',(0.321739130434783,0.371739130434783,0.565));
#1449=CARTESIAN_POINT('',(0.360869565217391,0.404347826086957,0.565));
#1450=CARTESIAN_POINT('',(0.432608695652174,0.16304347826087,0.565));
#1451=CARTESIAN_POINT('',(0.391304347826087,0.16304347826087,0.565));
#1452=CARTESIAN_POINT('',(0.35,0.16304347826087,0.565));
#1453=CARTESIAN_POINT('',(0.308695652173913,0.16304347826087,0.565));
#1454=CARTESIAN_POINT('',(0.445652173913044,0.306521739130435,0.565));
#1455=CARTESIAN_POINT('',(0.439130434782609,0.273913043478261,0.565));
#1456=CARTESIAN_POINT('',(0.432608695652174,0.228260869565217,0.565));
#1457=CARTESIAN_POINT('',(0.432608695652174,0.16304347826087,0.565));
#1458=CARTESIAN_POINT('',(0.56304347826087,0.332608695652174,0.565));
#1459=CARTESIAN_POINT('',(0.55,0.345652173913043,0.565));
#1460=CARTESIAN_POINT('',(0.53695652173913,0.358695652173913,0.565));
#1461=CARTESIAN_POINT('',(0.510869565217391,0.358695652173913,0.565));
#1462=CARTESIAN_POINT('',(0.478260869565217,0.358695652173913,0.565));
#1463=CARTESIAN_POINT('',(0.458695652173913,0.339130434782609,0.565));
#1464=CARTESIAN_POINT('',(0.445652173913044,0.306521739130435,0.565));
#1465=CARTESIAN_POINT('',(0.556521739130435,0.110869565217391,0.565));
#1466=CARTESIAN_POINT('',(0.576086956521739,0.156521739130435,0.565));
#1467=CARTESIAN_POINT('',(0.582608695652174,0.208695652173913,0.565));
#1468=CARTESIAN_POINT('',(0.582608695652174,0.254347826086957,0.565));
#1469=CARTESIAN_POINT('',(0.582608695652174,0.28695652173913,0.565));
#1470=CARTESIAN_POINT('',(0.576086956521739,0.31304347826087,0.565));
#1471=CARTESIAN_POINT('',(0.56304347826087,0.332608695652174,0.565));
#1472=CARTESIAN_POINT('',(0.465217391304348,-0.091304347826087,0.565));
#1473=CARTESIAN_POINT('',(0.504347826086957,-0.00652173913043478,0.565));
#1474=CARTESIAN_POINT('',(0.53695652173913,0.0586956521739131,0.565));
#1475=CARTESIAN_POINT('',(0.556521739130435,0.110869565217391,0.565));
#1476=CARTESIAN_POINT('',(0.458695652173913,-0.117391304347826,0.565));
#1477=CARTESIAN_POINT('',(0.458695652173913,-0.104347826086957,0.565));
#1478=CARTESIAN_POINT('',(0.465217391304348,-0.091304347826087,0.565));
#1479=CARTESIAN_POINT('',(0.465217391304348,-0.091304347826087,0.565));
#1480=CARTESIAN_POINT('',(0.445652173913044,-0.13695652173913,0.565));
#1481=CARTESIAN_POINT('',(0.445652173913044,-0.13695652173913,0.565));
#1482=CARTESIAN_POINT('',(0.452173913043478,-0.130434782608696,0.565));
#1483=CARTESIAN_POINT('',(0.458695652173913,-0.117391304347826,0.565));
#1484=CARTESIAN_POINT('',(0.289130434782609,-0.45,0.565));
#1485=CARTESIAN_POINT('',(0.341304347826087,-0.345652173913044,0.565));
#1486=CARTESIAN_POINT('',(0.393478260869565,-0.241304347826087,0.565));
#1487=CARTESIAN_POINT('',(0.445652173913044,-0.13695652173913,0.565));
#1488=CARTESIAN_POINT('',(0.680434782608696,-0.45,0.565));
#1489=CARTESIAN_POINT('',(0.55,-0.45,0.565));
#1490=CARTESIAN_POINT('',(0.419565217391304,-0.45,0.565));
#1491=CARTESIAN_POINT('',(0.289130434782609,-0.45,0.565));
#1492=CARTESIAN_POINT('',(0.680434782608696,-0.345652173913044,0.565));
#1493=CARTESIAN_POINT('',(0.680434782608696,-0.380434782608696,0.565));
#1494=CARTESIAN_POINT('',(0.680434782608696,-0.415217391304348,0.565));
#1495=CARTESIAN_POINT('',(0.680434782608696,-0.45,0.565));
#1496=CARTESIAN_POINT('',(0.478260869565217,-0.345652173913044,0.565));
#1497=CARTESIAN_POINT('',(0.545652173913044,-0.345652173913044,0.565));
#1498=CARTESIAN_POINT('',(0.613043478260869,-0.345652173913044,0.565));
#1499=CARTESIAN_POINT('',(0.680434782608696,-0.345652173913044,0.565));
#1500=CARTESIAN_POINT('',(0.589130434782609,-0.110869565217391,0.565));
#1501=CARTESIAN_POINT('',(0.552173913043478,-0.189130434782609,0.565));
#1502=CARTESIAN_POINT('',(0.515217391304348,-0.267391304347826,0.565));
#1503=CARTESIAN_POINT('',(0.478260869565217,-0.345652173913044,0.565));
#1504=CARTESIAN_POINT('',(0.680434782608696,0.104347826086957,0.565));
#1505=CARTESIAN_POINT('',(0.667391304347826,0.0456521739130435,0.565));
#1506=CARTESIAN_POINT('',(0.634782608695652,-0.0260869565217391,0.565));
#1507=CARTESIAN_POINT('',(0.589130434782609,-0.110869565217391,0.565));
#1508=CARTESIAN_POINT('',(0.360869565217391,0.404347826086957,0.565));
#1509=CARTESIAN_POINT('',(0.393478260869565,0.443478260869565,0.565));
#1510=CARTESIAN_POINT('',(0.445652173913044,0.46304347826087,0.565));
#1511=CARTESIAN_POINT('',(0.517391304347826,0.46304347826087,0.565));
#1512=CARTESIAN_POINT('',(0.641304347826087,0.46304347826087,0.565));
#1513=CARTESIAN_POINT('',(0.706521739130435,0.397826086956522,0.565));
#1514=CARTESIAN_POINT('',(0.706521739130435,0.260869565217391,0.565));
#1515=CARTESIAN_POINT('',(0.706521739130435,0.215217391304348,0.565));
#1516=CARTESIAN_POINT('',(0.7,0.156521739130435,0.565));
#1517=CARTESIAN_POINT('',(0.680434782608696,0.104347826086957,0.565));
#1518=CARTESIAN_POINT('',(0.360869565217391,0.404347826086957,0.545));
#1519=CARTESIAN_POINT('',(0.360869565217391,0.404347826086957,0.565));
#1520=CARTESIAN_POINT('',(0.308695652173913,0.16304347826087,0.565));
#1521=CARTESIAN_POINT('',(0.308695652173913,0.16304347826087,0.545));
#1522=CARTESIAN_POINT('',(0.680434782608696,0.104347826086957,0.545));
#1523=CARTESIAN_POINT('',(0.680434782608696,0.104347826086957,0.565));
#1524=CARTESIAN_POINT('',(0.589130434782609,-0.110869565217391,0.545));
#1525=CARTESIAN_POINT('',(0.589130434782609,-0.110869565217391,0.565));
#1526=CARTESIAN_POINT('',(0.478260869565218,-0.345652173913044,0.545));
#1527=CARTESIAN_POINT('',(0.478260869565217,-0.345652173913044,0.565));
#1528=CARTESIAN_POINT('',(0.680434782608696,-0.345652173913044,0.545));
#1529=CARTESIAN_POINT('',(0.680434782608696,-0.345652173913044,0.565));
#1530=CARTESIAN_POINT('',(0.680434782608696,-0.45,0.545));
#1531=CARTESIAN_POINT('',(0.680434782608696,-0.45,0.565));
#1532=CARTESIAN_POINT('',(0.289130434782609,-0.45,0.545));
#1533=CARTESIAN_POINT('',(0.289130434782609,-0.45,0.565));
#1534=CARTESIAN_POINT('',(0.445652173913044,-0.13695652173913,0.545));
#1535=CARTESIAN_POINT('',(0.445652173913044,-0.13695652173913,0.565));
#1536=CARTESIAN_POINT('',(0.458695652173913,-0.117391304347826,0.545));
#1537=CARTESIAN_POINT('',(0.458695652173913,-0.117391304347826,0.565));
#1538=CARTESIAN_POINT('',(0.465217391304348,-0.0913043478260869,0.545));
#1539=CARTESIAN_POINT('',(0.465217391304348,-0.091304347826087,0.565));
#1540=CARTESIAN_POINT('',(0.556521739130435,0.110869565217391,0.545));
#1541=CARTESIAN_POINT('',(0.556521739130435,0.110869565217391,0.565));
#1542=CARTESIAN_POINT('',(0.56304347826087,0.332608695652174,0.545));
#1543=CARTESIAN_POINT('',(0.56304347826087,0.332608695652174,0.565));
#1544=CARTESIAN_POINT('',(0.445652173913044,0.306521739130435,0.545));
#1545=CARTESIAN_POINT('',(0.445652173913044,0.306521739130435,0.565));
#1546=CARTESIAN_POINT('',(0.432608695652174,0.16304347826087,0.545));
#1547=CARTESIAN_POINT('',(0.432608695652174,0.16304347826087,0.565));
#1548=CARTESIAN_POINT('',(-0.242608695652174,0.47304347826087,0.545));
#1549=CARTESIAN_POINT('',(-0.242608695652174,0.47304347826087,0.565));
#1550=CARTESIAN_POINT('',(-0.21304347826087,0.163043478260869,0.545));
#1551=CARTESIAN_POINT('',(-0.21304347826087,0.28695652173913,0.545));
#1552=CARTESIAN_POINT('',(-0.2,0.371739130434783,0.545));
#1553=CARTESIAN_POINT('',(-0.160869565217391,0.404347826086956,0.545));
#1554=CARTESIAN_POINT('',(-0.21304347826087,0.16304347826087,0.565));
#1555=CARTESIAN_POINT('',(-0.21304347826087,0.28695652173913,0.565));
#1556=CARTESIAN_POINT('',(-0.2,0.371739130434783,0.565));
#1557=CARTESIAN_POINT('',(-0.160869565217391,0.404347826086957,0.565));
#1558=CARTESIAN_POINT('',(-0.160869565217391,0.404347826086956,0.545));
#1559=CARTESIAN_POINT('',(-0.128260869565217,0.443478260869565,0.545));
#1560=CARTESIAN_POINT('',(-0.0760869565217391,0.46304347826087,0.545));
#1561=CARTESIAN_POINT('',(-0.00434782608695655,0.46304347826087,0.545));
#1562=CARTESIAN_POINT('',(0.119565217391304,0.46304347826087,0.545));
#1563=CARTESIAN_POINT('',(0.184782608695652,0.397826086956522,0.545));
#1564=CARTESIAN_POINT('',(0.184782608695652,0.260869565217391,0.545));
#1565=CARTESIAN_POINT('',(0.184782608695652,0.215217391304348,0.545));
#1566=CARTESIAN_POINT('',(0.178260869565217,0.156521739130435,0.545));
#1567=CARTESIAN_POINT('',(0.158695652173913,0.104347826086956,0.545));
#1568=CARTESIAN_POINT('',(-0.160869565217391,0.404347826086957,0.565));
#1569=CARTESIAN_POINT('',(-0.128260869565217,0.443478260869565,0.565));
#1570=CARTESIAN_POINT('',(-0.0760869565217391,0.46304347826087,0.565));
#1571=CARTESIAN_POINT('',(-0.00434782608695652,0.46304347826087,0.565));
#1572=CARTESIAN_POINT('',(0.119565217391304,0.46304347826087,0.565));
#1573=CARTESIAN_POINT('',(0.184782608695652,0.397826086956522,0.565));
#1574=CARTESIAN_POINT('',(0.184782608695652,0.260869565217391,0.565));
#1575=CARTESIAN_POINT('',(0.184782608695652,0.215217391304348,0.565));
#1576=CARTESIAN_POINT('',(0.178260869565217,0.156521739130435,0.565));
#1577=CARTESIAN_POINT('',(0.158695652173913,0.104347826086957,0.565));
#1578=CARTESIAN_POINT('',(0.158695652173913,0.104347826086956,0.545));
#1579=CARTESIAN_POINT('',(0.145652173913043,0.0456521739130434,0.545));
#1580=CARTESIAN_POINT('',(0.11304347826087,-0.0260869565217393,0.545));
#1581=CARTESIAN_POINT('',(0.0673913043478261,-0.110869565217391,0.545));
#1582=CARTESIAN_POINT('',(0.158695652173913,0.104347826086957,0.565));
#1583=CARTESIAN_POINT('',(0.145652173913043,0.0456521739130435,0.565));
#1584=CARTESIAN_POINT('',(0.11304347826087,-0.0260869565217391,0.565));
#1585=CARTESIAN_POINT('',(0.0673913043478261,-0.110869565217391,0.565));
#1586=CARTESIAN_POINT('',(0.0673913043478261,-0.110869565217391,0.545));
#1587=CARTESIAN_POINT('',(0.0304347826086956,-0.189130434782609,0.545));
#1588=CARTESIAN_POINT('',(-0.0065217391304348,-0.267391304347826,0.545));
#1589=CARTESIAN_POINT('',(-0.0434782608695652,-0.345652173913044,0.545));
#1590=CARTESIAN_POINT('',(0.0673913043478261,-0.110869565217391,0.565));
#1591=CARTESIAN_POINT('',(0.0304347826086957,-0.189130434782609,0.565));
#1592=CARTESIAN_POINT('',(-0.00652173913043478,-0.267391304347826,0.565));
#1593=CARTESIAN_POINT('',(-0.0434782608695652,-0.345652173913044,0.565));
#1594=CARTESIAN_POINT('',(-0.0434782608695652,-0.345652173913044,0.545));
#1595=CARTESIAN_POINT('',(0.0239130434782609,-0.345652173913044,0.545));
#1596=CARTESIAN_POINT('',(0.091304347826087,-0.345652173913044,0.545));
#1597=CARTESIAN_POINT('',(0.158695652173913,-0.345652173913044,0.545));
#1598=CARTESIAN_POINT('',(-0.0434782608695652,-0.345652173913044,0.565));
#1599=CARTESIAN_POINT('',(0.0239130434782609,-0.345652173913044,0.565));
#1600=CARTESIAN_POINT('',(0.091304347826087,-0.345652173913044,0.565));
#1601=CARTESIAN_POINT('',(0.158695652173913,-0.345652173913044,0.565));
#1602=CARTESIAN_POINT('',(0.158695652173913,-0.345652173913044,0.545));
#1603=CARTESIAN_POINT('',(0.158695652173913,-0.380434782608696,0.545));
#1604=CARTESIAN_POINT('',(0.158695652173913,-0.415217391304348,0.545));
#1605=CARTESIAN_POINT('',(0.158695652173913,-0.45,0.545));
#1606=CARTESIAN_POINT('',(0.158695652173913,-0.345652173913044,0.565));
#1607=CARTESIAN_POINT('',(0.158695652173913,-0.380434782608696,0.565));
#1608=CARTESIAN_POINT('',(0.158695652173913,-0.415217391304348,0.565));
#1609=CARTESIAN_POINT('',(0.158695652173913,-0.45,0.565));
#1610=CARTESIAN_POINT('',(0.158695652173913,-0.45,0.545));
#1611=CARTESIAN_POINT('',(0.0282608695652174,-0.45,0.545));
#1612=CARTESIAN_POINT('',(-0.102173913043478,-0.45,0.545));
#1613=CARTESIAN_POINT('',(-0.232608695652174,-0.45,0.545));
#1614=CARTESIAN_POINT('',(0.158695652173913,-0.45,0.565));
#1615=CARTESIAN_POINT('',(0.0282608695652174,-0.45,0.565));
#1616=CARTESIAN_POINT('',(-0.102173913043478,-0.45,0.565));
#1617=CARTESIAN_POINT('',(-0.232608695652174,-0.45,0.565));
#1618=CARTESIAN_POINT('',(-0.232608695652174,-0.45,0.545));
#1619=CARTESIAN_POINT('',(-0.180434782608696,-0.345652173913044,0.545));
#1620=CARTESIAN_POINT('',(-0.128260869565217,-0.241304347826087,0.545));
#1621=CARTESIAN_POINT('',(-0.0760869565217391,-0.136956521739131,0.545));
#1622=CARTESIAN_POINT('',(-0.232608695652174,-0.45,0.565));
#1623=CARTESIAN_POINT('',(-0.180434782608696,-0.345652173913044,0.565));
#1624=CARTESIAN_POINT('',(-0.128260869565217,-0.241304347826087,0.565));
#1625=CARTESIAN_POINT('',(-0.0760869565217391,-0.13695652173913,0.565));
#1626=CARTESIAN_POINT('',(-0.0760869565217391,-0.136956521739131,0.545));
#1627=CARTESIAN_POINT('',(-0.0760869565217391,-0.136956521739131,0.545));
#1628=CARTESIAN_POINT('',(-0.0695652173913043,-0.130434782608696,0.545));
#1629=CARTESIAN_POINT('',(-0.0630434782608696,-0.117391304347826,0.545));
#1630=CARTESIAN_POINT('',(-0.0760869565217391,-0.13695652173913,0.565));
#1631=CARTESIAN_POINT('',(-0.0760869565217391,-0.13695652173913,0.565));
#1632=CARTESIAN_POINT('',(-0.0695652173913043,-0.130434782608696,0.565));
#1633=CARTESIAN_POINT('',(-0.0630434782608696,-0.117391304347826,0.565));
#1634=CARTESIAN_POINT('',(-0.0630434782608696,-0.117391304347826,0.545));
#1635=CARTESIAN_POINT('',(-0.0630434782608696,-0.104347826086957,0.545));
#1636=CARTESIAN_POINT('',(-0.0565217391304348,-0.091304347826087,0.545));
#1637=CARTESIAN_POINT('',(-0.0565217391304348,-0.091304347826087,0.545));
#1638=CARTESIAN_POINT('',(-0.0630434782608696,-0.117391304347826,0.565));
#1639=CARTESIAN_POINT('',(-0.0630434782608696,-0.104347826086957,0.565));
#1640=CARTESIAN_POINT('',(-0.0565217391304348,-0.091304347826087,0.565));
#1641=CARTESIAN_POINT('',(-0.0565217391304348,-0.091304347826087,0.565));
#1642=CARTESIAN_POINT('',(-0.0565217391304348,-0.091304347826087,0.545));
#1643=CARTESIAN_POINT('',(-0.0173913043478261,-0.00652173913043491,0.545));
#1644=CARTESIAN_POINT('',(0.0152173913043478,0.058695652173913,0.545));
#1645=CARTESIAN_POINT('',(0.0347826086956522,0.110869565217391,0.545));
#1646=CARTESIAN_POINT('',(-0.0565217391304348,-0.091304347826087,0.565));
#1647=CARTESIAN_POINT('',(-0.0173913043478261,-0.00652173913043478,0.565));
#1648=CARTESIAN_POINT('',(0.0152173913043478,0.0586956521739131,0.565));
#1649=CARTESIAN_POINT('',(0.0347826086956522,0.110869565217391,0.565));
#1650=CARTESIAN_POINT('',(0.0347826086956522,0.110869565217391,0.545));
#1651=CARTESIAN_POINT('',(0.0543478260869565,0.156521739130435,0.545));
#1652=CARTESIAN_POINT('',(0.0608695652173913,0.208695652173913,0.545));
#1653=CARTESIAN_POINT('',(0.0608695652173913,0.254347826086956,0.545));
#1654=CARTESIAN_POINT('',(0.0608695652173913,0.28695652173913,0.545));
#1655=CARTESIAN_POINT('',(0.0543478260869565,0.313043478260869,0.545));
#1656=CARTESIAN_POINT('',(0.0413043478260869,0.332608695652174,0.545));
#1657=CARTESIAN_POINT('',(0.0347826086956522,0.110869565217391,0.565));
#1658=CARTESIAN_POINT('',(0.0543478260869565,0.156521739130435,0.565));
#1659=CARTESIAN_POINT('',(0.0608695652173913,0.208695652173913,0.565));
#1660=CARTESIAN_POINT('',(0.0608695652173913,0.254347826086957,0.565));
#1661=CARTESIAN_POINT('',(0.0608695652173913,0.28695652173913,0.565));
#1662=CARTESIAN_POINT('',(0.0543478260869565,0.31304347826087,0.565));
#1663=CARTESIAN_POINT('',(0.041304347826087,0.332608695652174,0.565));
#1664=CARTESIAN_POINT('',(0.0413043478260869,0.332608695652174,0.545));
#1665=CARTESIAN_POINT('',(0.0282608695652174,0.345652173913043,0.545));
#1666=CARTESIAN_POINT('',(0.0152173913043478,0.358695652173913,0.545));
#1667=CARTESIAN_POINT('',(-0.0108695652173913,0.358695652173913,0.545));
#1668=CARTESIAN_POINT('',(-0.0434782608695652,0.358695652173913,0.545));
#1669=CARTESIAN_POINT('',(-0.0630434782608696,0.339130434782609,0.545));
#1670=CARTESIAN_POINT('',(-0.0760869565217391,0.306521739130435,0.545));
#1671=CARTESIAN_POINT('',(0.041304347826087,0.332608695652174,0.565));
#1672=CARTESIAN_POINT('',(0.0282608695652174,0.345652173913043,0.565));
#1673=CARTESIAN_POINT('',(0.0152173913043478,0.358695652173913,0.565));
#1674=CARTESIAN_POINT('',(-0.0108695652173913,0.358695652173913,0.565));
#1675=CARTESIAN_POINT('',(-0.0434782608695652,0.358695652173913,0.565));
#1676=CARTESIAN_POINT('',(-0.0630434782608696,0.339130434782609,0.565));
#1677=CARTESIAN_POINT('',(-0.0760869565217391,0.306521739130435,0.565));
#1678=CARTESIAN_POINT('',(-0.0760869565217391,0.306521739130435,0.545));
#1679=CARTESIAN_POINT('',(-0.0826086956521739,0.273913043478261,0.545));
#1680=CARTESIAN_POINT('',(-0.0891304347826087,0.228260869565217,0.545));
#1681=CARTESIAN_POINT('',(-0.0891304347826087,0.163043478260869,0.545));
#1682=CARTESIAN_POINT('',(-0.0760869565217391,0.306521739130435,0.565));
#1683=CARTESIAN_POINT('',(-0.0826086956521739,0.273913043478261,0.565));
#1684=CARTESIAN_POINT('',(-0.0891304347826087,0.228260869565217,0.565));
#1685=CARTESIAN_POINT('',(-0.0891304347826087,0.16304347826087,0.565));
#1686=CARTESIAN_POINT('',(-0.0891304347826088,0.16304347826087,0.545));
#1687=CARTESIAN_POINT('',(-0.130434782608696,0.16304347826087,0.545));
#1688=CARTESIAN_POINT('',(-0.171739130434783,0.16304347826087,0.545));
#1689=CARTESIAN_POINT('',(-0.21304347826087,0.16304347826087,0.545));
#1690=CARTESIAN_POINT('',(-0.0891304347826087,0.16304347826087,0.565));
#1691=CARTESIAN_POINT('',(-0.130434782608696,0.16304347826087,0.565));
#1692=CARTESIAN_POINT('',(-0.171739130434783,0.16304347826087,0.565));
#1693=CARTESIAN_POINT('',(-0.21304347826087,0.16304347826087,0.565));
#1694=CARTESIAN_POINT('',(-0.21304347826087,0.163043478260869,0.545));
#1695=CARTESIAN_POINT('',(-0.0891304347826087,0.163043478260869,0.545));
#1696=CARTESIAN_POINT('',(-0.0760869565217391,0.306521739130435,0.545));
#1697=CARTESIAN_POINT('',(0.0413043478260869,0.332608695652174,0.545));
#1698=CARTESIAN_POINT('',(0.0347826086956522,0.110869565217391,0.545));
#1699=CARTESIAN_POINT('',(-0.0565217391304348,-0.091304347826087,0.545));
#1700=CARTESIAN_POINT('',(-0.0630434782608696,-0.117391304347826,0.545));
#1701=CARTESIAN_POINT('',(-0.0760869565217391,-0.136956521739131,0.545));
#1702=CARTESIAN_POINT('',(-0.232608695652174,-0.45,0.545));
#1703=CARTESIAN_POINT('',(0.158695652173913,-0.45,0.545));
#1704=CARTESIAN_POINT('',(0.158695652173913,-0.345652173913044,0.545));
#1705=CARTESIAN_POINT('',(-0.0434782608695652,-0.345652173913044,0.545));
#1706=CARTESIAN_POINT('',(0.0673913043478261,-0.110869565217391,0.545));
#1707=CARTESIAN_POINT('',(0.158695652173913,0.104347826086956,0.545));
#1708=CARTESIAN_POINT('',(-0.160869565217391,0.404347826086956,0.545));
#1709=CARTESIAN_POINT('',(-0.21304347826087,0.16304347826087,0.565));
#1710=CARTESIAN_POINT('',(-0.0891304347826087,0.16304347826087,0.565));
#1711=CARTESIAN_POINT('',(-0.0760869565217391,0.306521739130435,0.565));
#1712=CARTESIAN_POINT('',(0.041304347826087,0.332608695652174,0.565));
#1713=CARTESIAN_POINT('',(0.0347826086956522,0.110869565217391,0.565));
#1714=CARTESIAN_POINT('',(-0.0565217391304348,-0.091304347826087,0.565));
#1715=CARTESIAN_POINT('',(-0.0630434782608696,-0.117391304347826,0.565));
#1716=CARTESIAN_POINT('',(-0.0760869565217391,-0.13695652173913,0.565));
#1717=CARTESIAN_POINT('',(-0.232608695652174,-0.45,0.565));
#1718=CARTESIAN_POINT('',(0.158695652173913,-0.45,0.565));
#1719=CARTESIAN_POINT('',(0.158695652173913,-0.345652173913044,0.565));
#1720=CARTESIAN_POINT('',(-0.0434782608695652,-0.345652173913044,0.565));
#1721=CARTESIAN_POINT('',(0.0673913043478261,-0.110869565217391,0.565));
#1722=CARTESIAN_POINT('',(0.158695652173913,0.104347826086957,0.565));
#1723=CARTESIAN_POINT('',(-0.160869565217391,0.404347826086957,0.565));
#1724=CARTESIAN_POINT('',(-0.21304347826087,0.163043478260869,0.545));
#1725=CARTESIAN_POINT('',(-0.21304347826087,0.28695652173913,0.545));
#1726=CARTESIAN_POINT('',(-0.2,0.371739130434783,0.545));
#1727=CARTESIAN_POINT('',(-0.160869565217391,0.404347826086956,0.545));
#1728=CARTESIAN_POINT('',(-0.0891304347826088,0.16304347826087,0.545));
#1729=CARTESIAN_POINT('',(-0.21304347826087,0.16304347826087,0.545));
#1730=CARTESIAN_POINT('',(-0.0760869565217391,0.306521739130435,0.545));
#1731=CARTESIAN_POINT('',(-0.0826086956521739,0.273913043478261,0.545));
#1732=CARTESIAN_POINT('',(-0.0891304347826087,0.228260869565217,0.545));
#1733=CARTESIAN_POINT('',(-0.0891304347826087,0.163043478260869,0.545));
#1734=CARTESIAN_POINT('',(0.0413043478260869,0.332608695652174,0.545));
#1735=CARTESIAN_POINT('',(0.0282608695652174,0.345652173913043,0.545));
#1736=CARTESIAN_POINT('',(0.0152173913043478,0.358695652173913,0.545));
#1737=CARTESIAN_POINT('',(-0.0108695652173913,0.358695652173913,0.545));
#1738=CARTESIAN_POINT('',(-0.0434782608695652,0.358695652173913,0.545));
#1739=CARTESIAN_POINT('',(-0.0630434782608696,0.339130434782609,0.545));
#1740=CARTESIAN_POINT('',(-0.0760869565217391,0.306521739130435,0.545));
#1741=CARTESIAN_POINT('',(0.0347826086956522,0.110869565217391,0.545));
#1742=CARTESIAN_POINT('',(0.0543478260869565,0.156521739130435,0.545));
#1743=CARTESIAN_POINT('',(0.0608695652173913,0.208695652173913,0.545));
#1744=CARTESIAN_POINT('',(0.0608695652173913,0.254347826086956,0.545));
#1745=CARTESIAN_POINT('',(0.0608695652173913,0.28695652173913,0.545));
#1746=CARTESIAN_POINT('',(0.0543478260869565,0.313043478260869,0.545));
#1747=CARTESIAN_POINT('',(0.0413043478260869,0.332608695652174,0.545));
#1748=CARTESIAN_POINT('',(-0.0565217391304348,-0.091304347826087,0.545));
#1749=CARTESIAN_POINT('',(-0.0173913043478261,-0.00652173913043491,0.545));
#1750=CARTESIAN_POINT('',(0.0152173913043478,0.058695652173913,0.545));
#1751=CARTESIAN_POINT('',(0.0347826086956522,0.110869565217391,0.545));
#1752=CARTESIAN_POINT('',(-0.0630434782608696,-0.117391304347826,0.545));
#1753=CARTESIAN_POINT('',(-0.0630434782608696,-0.104347826086957,0.545));
#1754=CARTESIAN_POINT('',(-0.0565217391304348,-0.091304347826087,0.545));
#1755=CARTESIAN_POINT('',(-0.0565217391304348,-0.091304347826087,0.545));
#1756=CARTESIAN_POINT('',(-0.0760869565217391,-0.136956521739131,0.545));
#1757=CARTESIAN_POINT('',(-0.0760869565217391,-0.136956521739131,0.545));
#1758=CARTESIAN_POINT('',(-0.0695652173913043,-0.130434782608696,0.545));
#1759=CARTESIAN_POINT('',(-0.0630434782608696,-0.117391304347826,0.545));
#1760=CARTESIAN_POINT('',(-0.232608695652174,-0.45,0.545));
#1761=CARTESIAN_POINT('',(-0.180434782608696,-0.345652173913044,0.545));
#1762=CARTESIAN_POINT('',(-0.128260869565217,-0.241304347826087,0.545));
#1763=CARTESIAN_POINT('',(-0.0760869565217391,-0.136956521739131,0.545));
#1764=CARTESIAN_POINT('',(0.158695652173913,-0.45,0.545));
#1765=CARTESIAN_POINT('',(-0.232608695652174,-0.45,0.545));
#1766=CARTESIAN_POINT('',(0.158695652173913,-0.345652173913044,0.545));
#1767=CARTESIAN_POINT('',(0.158695652173913,-0.45,0.545));
#1768=CARTESIAN_POINT('',(-0.0434782608695652,-0.345652173913044,0.545));
#1769=CARTESIAN_POINT('',(0.158695652173913,-0.345652173913044,0.545));
#1770=CARTESIAN_POINT('',(0.0673913043478261,-0.110869565217391,0.545));
#1771=CARTESIAN_POINT('',(0.0304347826086956,-0.189130434782609,0.545));
#1772=CARTESIAN_POINT('',(-0.0065217391304348,-0.267391304347826,0.545));
#1773=CARTESIAN_POINT('',(-0.0434782608695652,-0.345652173913044,0.545));
#1774=CARTESIAN_POINT('',(0.158695652173913,0.104347826086956,0.545));
#1775=CARTESIAN_POINT('',(0.145652173913043,0.0456521739130434,0.545));
#1776=CARTESIAN_POINT('',(0.11304347826087,-0.0260869565217393,0.545));
#1777=CARTESIAN_POINT('',(0.0673913043478261,-0.110869565217391,0.545));
#1778=CARTESIAN_POINT('',(-0.160869565217391,0.404347826086956,0.545));
#1779=CARTESIAN_POINT('',(-0.128260869565217,0.443478260869565,0.545));
#1780=CARTESIAN_POINT('',(-0.0760869565217391,0.46304347826087,0.545));
#1781=CARTESIAN_POINT('',(-0.00434782608695655,0.46304347826087,0.545));
#1782=CARTESIAN_POINT('',(0.119565217391304,0.46304347826087,0.545));
#1783=CARTESIAN_POINT('',(0.184782608695652,0.397826086956522,0.545));
#1784=CARTESIAN_POINT('',(0.184782608695652,0.260869565217391,0.545));
#1785=CARTESIAN_POINT('',(0.184782608695652,0.215217391304348,0.545));
#1786=CARTESIAN_POINT('',(0.178260869565217,0.156521739130435,0.545));
#1787=CARTESIAN_POINT('',(0.158695652173913,0.104347826086956,0.545));
#1788=CARTESIAN_POINT('',(-0.21304347826087,0.16304347826087,0.565));
#1789=CARTESIAN_POINT('',(-0.21304347826087,0.28695652173913,0.565));
#1790=CARTESIAN_POINT('',(-0.2,0.371739130434783,0.565));
#1791=CARTESIAN_POINT('',(-0.160869565217391,0.404347826086957,0.565));
#1792=CARTESIAN_POINT('',(-0.0891304347826087,0.16304347826087,0.565));
#1793=CARTESIAN_POINT('',(-0.130434782608696,0.16304347826087,0.565));
#1794=CARTESIAN_POINT('',(-0.171739130434783,0.16304347826087,0.565));
#1795=CARTESIAN_POINT('',(-0.21304347826087,0.16304347826087,0.565));
#1796=CARTESIAN_POINT('',(-0.0760869565217391,0.306521739130435,0.565));
#1797=CARTESIAN_POINT('',(-0.0826086956521739,0.273913043478261,0.565));
#1798=CARTESIAN_POINT('',(-0.0891304347826087,0.228260869565217,0.565));
#1799=CARTESIAN_POINT('',(-0.0891304347826087,0.16304347826087,0.565));
#1800=CARTESIAN_POINT('',(0.041304347826087,0.332608695652174,0.565));
#1801=CARTESIAN_POINT('',(0.0282608695652174,0.345652173913043,0.565));
#1802=CARTESIAN_POINT('',(0.0152173913043478,0.358695652173913,0.565));
#1803=CARTESIAN_POINT('',(-0.0108695652173913,0.358695652173913,0.565));
#1804=CARTESIAN_POINT('',(-0.0434782608695652,0.358695652173913,0.565));
#1805=CARTESIAN_POINT('',(-0.0630434782608696,0.339130434782609,0.565));
#1806=CARTESIAN_POINT('',(-0.0760869565217391,0.306521739130435,0.565));
#1807=CARTESIAN_POINT('',(0.0347826086956522,0.110869565217391,0.565));
#1808=CARTESIAN_POINT('',(0.0543478260869565,0.156521739130435,0.565));
#1809=CARTESIAN_POINT('',(0.0608695652173913,0.208695652173913,0.565));
#1810=CARTESIAN_POINT('',(0.0608695652173913,0.254347826086957,0.565));
#1811=CARTESIAN_POINT('',(0.0608695652173913,0.28695652173913,0.565));
#1812=CARTESIAN_POINT('',(0.0543478260869565,0.31304347826087,0.565));
#1813=CARTESIAN_POINT('',(0.041304347826087,0.332608695652174,0.565));
#1814=CARTESIAN_POINT('',(-0.0565217391304348,-0.091304347826087,0.565));
#1815=CARTESIAN_POINT('',(-0.0173913043478261,-0.00652173913043478,0.565));
#1816=CARTESIAN_POINT('',(0.0152173913043478,0.0586956521739131,0.565));
#1817=CARTESIAN_POINT('',(0.0347826086956522,0.110869565217391,0.565));
#1818=CARTESIAN_POINT('',(-0.0630434782608696,-0.117391304347826,0.565));
#1819=CARTESIAN_POINT('',(-0.0630434782608696,-0.104347826086957,0.565));
#1820=CARTESIAN_POINT('',(-0.0565217391304348,-0.091304347826087,0.565));
#1821=CARTESIAN_POINT('',(-0.0565217391304348,-0.091304347826087,0.565));
#1822=CARTESIAN_POINT('',(-0.0760869565217391,-0.13695652173913,0.565));
#1823=CARTESIAN_POINT('',(-0.0760869565217391,-0.13695652173913,0.565));
#1824=CARTESIAN_POINT('',(-0.0695652173913043,-0.130434782608696,0.565));
#1825=CARTESIAN_POINT('',(-0.0630434782608696,-0.117391304347826,0.565));
#1826=CARTESIAN_POINT('',(-0.232608695652174,-0.45,0.565));
#1827=CARTESIAN_POINT('',(-0.180434782608696,-0.345652173913044,0.565));
#1828=CARTESIAN_POINT('',(-0.128260869565217,-0.241304347826087,0.565));
#1829=CARTESIAN_POINT('',(-0.0760869565217391,-0.13695652173913,0.565));
#1830=CARTESIAN_POINT('',(0.158695652173913,-0.45,0.565));
#1831=CARTESIAN_POINT('',(0.0282608695652174,-0.45,0.565));
#1832=CARTESIAN_POINT('',(-0.102173913043478,-0.45,0.565));
#1833=CARTESIAN_POINT('',(-0.232608695652174,-0.45,0.565));
#1834=CARTESIAN_POINT('',(0.158695652173913,-0.345652173913044,0.565));
#1835=CARTESIAN_POINT('',(0.158695652173913,-0.380434782608696,0.565));
#1836=CARTESIAN_POINT('',(0.158695652173913,-0.415217391304348,0.565));
#1837=CARTESIAN_POINT('',(0.158695652173913,-0.45,0.565));
#1838=CARTESIAN_POINT('',(-0.0434782608695652,-0.345652173913044,0.565));
#1839=CARTESIAN_POINT('',(0.0239130434782609,-0.345652173913044,0.565));
#1840=CARTESIAN_POINT('',(0.091304347826087,-0.345652173913044,0.565));
#1841=CARTESIAN_POINT('',(0.158695652173913,-0.345652173913044,0.565));
#1842=CARTESIAN_POINT('',(0.0673913043478261,-0.110869565217391,0.565));
#1843=CARTESIAN_POINT('',(0.0304347826086957,-0.189130434782609,0.565));
#1844=CARTESIAN_POINT('',(-0.00652173913043478,-0.267391304347826,0.565));
#1845=CARTESIAN_POINT('',(-0.0434782608695652,-0.345652173913044,0.565));
#1846=CARTESIAN_POINT('',(0.158695652173913,0.104347826086957,0.565));
#1847=CARTESIAN_POINT('',(0.145652173913043,0.0456521739130435,0.565));
#1848=CARTESIAN_POINT('',(0.11304347826087,-0.0260869565217391,0.565));
#1849=CARTESIAN_POINT('',(0.0673913043478261,-0.110869565217391,0.565));
#1850=CARTESIAN_POINT('',(-0.160869565217391,0.404347826086957,0.565));
#1851=CARTESIAN_POINT('',(-0.128260869565217,0.443478260869565,0.565));
#1852=CARTESIAN_POINT('',(-0.0760869565217391,0.46304347826087,0.565));
#1853=CARTESIAN_POINT('',(-0.00434782608695652,0.46304347826087,0.565));
#1854=CARTESIAN_POINT('',(0.119565217391304,0.46304347826087,0.565));
#1855=CARTESIAN_POINT('',(0.184782608695652,0.397826086956522,0.565));
#1856=CARTESIAN_POINT('',(0.184782608695652,0.260869565217391,0.565));
#1857=CARTESIAN_POINT('',(0.184782608695652,0.215217391304348,0.565));
#1858=CARTESIAN_POINT('',(0.178260869565217,0.156521739130435,0.565));
#1859=CARTESIAN_POINT('',(0.158695652173913,0.104347826086957,0.565));
#1860=CARTESIAN_POINT('',(-0.160869565217391,0.404347826086956,0.545));
#1861=CARTESIAN_POINT('',(-0.160869565217391,0.404347826086957,0.565));
#1862=CARTESIAN_POINT('',(-0.21304347826087,0.16304347826087,0.565));
#1863=CARTESIAN_POINT('',(-0.21304347826087,0.163043478260869,0.545));
#1864=CARTESIAN_POINT('',(0.158695652173913,0.104347826086956,0.545));
#1865=CARTESIAN_POINT('',(0.158695652173913,0.104347826086957,0.565));
#1866=CARTESIAN_POINT('',(0.0673913043478261,-0.110869565217391,0.545));
#1867=CARTESIAN_POINT('',(0.0673913043478261,-0.110869565217391,0.565));
#1868=CARTESIAN_POINT('',(-0.0434782608695652,-0.345652173913044,0.545));
#1869=CARTESIAN_POINT('',(-0.0434782608695652,-0.345652173913044,0.565));
#1870=CARTESIAN_POINT('',(0.158695652173913,-0.345652173913044,0.545));
#1871=CARTESIAN_POINT('',(0.158695652173913,-0.345652173913044,0.565));
#1872=CARTESIAN_POINT('',(0.158695652173913,-0.45,0.545));
#1873=CARTESIAN_POINT('',(0.158695652173913,-0.45,0.565));
#1874=CARTESIAN_POINT('',(-0.232608695652174,-0.45,0.545));
#1875=CARTESIAN_POINT('',(-0.232608695652174,-0.45,0.565));
#1876=CARTESIAN_POINT('',(-0.0760869565217391,-0.136956521739131,0.545));
#1877=CARTESIAN_POINT('',(-0.0760869565217391,-0.13695652173913,0.565));
#1878=CARTESIAN_POINT('',(-0.0630434782608696,-0.117391304347826,0.545));
#1879=CARTESIAN_POINT('',(-0.0630434782608696,-0.117391304347826,0.565));
#1880=CARTESIAN_POINT('',(-0.0565217391304348,-0.091304347826087,0.545));
#1881=CARTESIAN_POINT('',(-0.0565217391304348,-0.091304347826087,0.565));
#1882=CARTESIAN_POINT('',(0.0347826086956522,0.110869565217391,0.545));
#1883=CARTESIAN_POINT('',(0.0347826086956522,0.110869565217391,0.565));
#1884=CARTESIAN_POINT('',(0.0413043478260869,0.332608695652174,0.545));
#1885=CARTESIAN_POINT('',(0.041304347826087,0.332608695652174,0.565));
#1886=CARTESIAN_POINT('',(-0.0760869565217391,0.306521739130435,0.545));
#1887=CARTESIAN_POINT('',(-0.0760869565217391,0.306521739130435,0.565));
#1888=CARTESIAN_POINT('',(-0.0891304347826087,0.163043478260869,0.545));
#1889=CARTESIAN_POINT('',(-0.0891304347826087,0.16304347826087,0.565));
#1890=CARTESIAN_POINT('',(-0.718695652173913,0.453478260869565,0.545));
#1891=CARTESIAN_POINT('',(-0.718695652173913,0.453478260869565,0.565));
#1892=CARTESIAN_POINT('',(-0.317391304347826,-0.45,0.545));
#1893=CARTESIAN_POINT('',(-0.356521739130435,-0.45,0.545));
#1894=CARTESIAN_POINT('',(-0.395652173913043,-0.45,0.545));
#1895=CARTESIAN_POINT('',(-0.434782608695652,-0.45,0.545));
#1896=CARTESIAN_POINT('',(-0.317391304347826,-0.45,0.565));
#1897=CARTESIAN_POINT('',(-0.356521739130435,-0.45,0.565));
#1898=CARTESIAN_POINT('',(-0.395652173913043,-0.45,0.565));
#1899=CARTESIAN_POINT('',(-0.434782608695652,-0.45,0.565));
#1900=CARTESIAN_POINT('',(-0.434782608695652,-0.45,0.545));
#1901=CARTESIAN_POINT('',(-0.482608695652174,-0.310869565217391,0.545));
#1902=CARTESIAN_POINT('',(-0.530434782608696,-0.171739130434783,0.545));
#1903=CARTESIAN_POINT('',(-0.578260869565217,-0.0326086956521739,0.545));
#1904=CARTESIAN_POINT('',(-0.434782608695652,-0.45,0.565));
#1905=CARTESIAN_POINT('',(-0.482608695652174,-0.310869565217391,0.565));
#1906=CARTESIAN_POINT('',(-0.530434782608696,-0.171739130434783,0.565));
#1907=CARTESIAN_POINT('',(-0.578260869565217,-0.0326086956521739,0.565));
#1908=CARTESIAN_POINT('',(-0.578260869565217,-0.0326086956521739,0.545));
#1909=CARTESIAN_POINT('',(-0.582608695652174,-0.0326086956521739,0.545));
#1910=CARTESIAN_POINT('',(-0.58695652173913,-0.0326086956521739,0.545));
#1911=CARTESIAN_POINT('',(-0.591304347826087,-0.0326086956521739,0.545));
#1912=CARTESIAN_POINT('',(-0.578260869565217,-0.0326086956521739,0.565));
#1913=CARTESIAN_POINT('',(-0.582608695652174,-0.0326086956521739,0.565));
#1914=CARTESIAN_POINT('',(-0.58695652173913,-0.0326086956521739,0.565));
#1915=CARTESIAN_POINT('',(-0.591304347826087,-0.0326086956521739,0.565));
#1916=CARTESIAN_POINT('',(-0.591304347826087,-0.0326086956521738,0.545));
#1917=CARTESIAN_POINT('',(-0.591304347826087,-0.171739130434783,0.545));
#1918=CARTESIAN_POINT('',(-0.591304347826087,-0.310869565217391,0.545));
#1919=CARTESIAN_POINT('',(-0.591304347826087,-0.45,0.545));
#1920=CARTESIAN_POINT('',(-0.591304347826087,-0.0326086956521739,0.565));
#1921=CARTESIAN_POINT('',(-0.591304347826087,-0.171739130434783,0.565));
#1922=CARTESIAN_POINT('',(-0.591304347826087,-0.310869565217391,0.565));
#1923=CARTESIAN_POINT('',(-0.591304347826087,-0.45,0.565));
#1924=CARTESIAN_POINT('',(-0.591304347826087,-0.45,0.545));
#1925=CARTESIAN_POINT('',(-0.630434782608696,-0.45,0.545));
#1926=CARTESIAN_POINT('',(-0.669565217391304,-0.45,0.545));
#1927=CARTESIAN_POINT('',(-0.708695652173913,-0.45,0.545));
#1928=CARTESIAN_POINT('',(-0.591304347826087,-0.45,0.565));
#1929=CARTESIAN_POINT('',(-0.630434782608696,-0.45,0.565));
#1930=CARTESIAN_POINT('',(-0.669565217391304,-0.45,0.565));
#1931=CARTESIAN_POINT('',(-0.708695652173913,-0.45,0.565));
#1932=CARTESIAN_POINT('',(-0.708695652173913,-0.45,0.545));
#1933=CARTESIAN_POINT('',(-0.708695652173913,-0.152173913043478,0.545));
#1934=CARTESIAN_POINT('',(-0.708695652173913,0.145652173913044,0.545));
#1935=CARTESIAN_POINT('',(-0.708695652173913,0.443478260869565,0.545));
#1936=CARTESIAN_POINT('',(-0.708695652173913,-0.45,0.565));
#1937=CARTESIAN_POINT('',(-0.708695652173913,-0.152173913043478,0.565));
#1938=CARTESIAN_POINT('',(-0.708695652173913,0.145652173913044,0.565));
#1939=CARTESIAN_POINT('',(-0.708695652173913,0.443478260869565,0.565));
#1940=CARTESIAN_POINT('',(-0.708695652173913,0.443478260869565,0.545));
#1941=CARTESIAN_POINT('',(-0.654347826086957,0.443478260869565,0.545));
#1942=CARTESIAN_POINT('',(-0.6,0.443478260869565,0.545));
#1943=CARTESIAN_POINT('',(-0.545652173913044,0.443478260869565,0.545));
#1944=CARTESIAN_POINT('',(-0.408695652173913,0.443478260869565,0.545));
#1945=CARTESIAN_POINT('',(-0.343478260869565,0.365217391304348,0.545));
#1946=CARTESIAN_POINT('',(-0.343478260869565,0.215217391304348,0.545));
#1947=CARTESIAN_POINT('',(-0.343478260869565,0.143478260869565,0.545));
#1948=CARTESIAN_POINT('',(-0.35,0.0913043478260869,0.545));
#1949=CARTESIAN_POINT('',(-0.376086956521739,0.0586956521739131,0.545));
#1950=CARTESIAN_POINT('',(-0.708695652173913,0.443478260869565,0.565));
#1951=CARTESIAN_POINT('',(-0.654347826086957,0.443478260869565,0.565));
#1952=CARTESIAN_POINT('',(-0.6,0.443478260869565,0.565));
#1953=CARTESIAN_POINT('',(-0.545652173913044,0.443478260869565,0.565));
#1954=CARTESIAN_POINT('',(-0.408695652173913,0.443478260869565,0.565));
#1955=CARTESIAN_POINT('',(-0.343478260869565,0.365217391304348,0.565));
#1956=CARTESIAN_POINT('',(-0.343478260869565,0.215217391304348,0.565));
#1957=CARTESIAN_POINT('',(-0.343478260869565,0.143478260869565,0.565));
#1958=CARTESIAN_POINT('',(-0.35,0.091304347826087,0.565));
#1959=CARTESIAN_POINT('',(-0.376086956521739,0.0586956521739131,0.565));
#1960=CARTESIAN_POINT('',(-0.376086956521739,0.0586956521739131,0.545));
#1961=CARTESIAN_POINT('',(-0.395652173913043,0.0195652173913043,0.545));
#1962=CARTESIAN_POINT('',(-0.428260869565217,-0.0065217391304348,0.545));
#1963=CARTESIAN_POINT('',(-0.473913043478261,-0.0260869565217391,0.545));
#1964=CARTESIAN_POINT('',(-0.376086956521739,0.0586956521739131,0.565));
#1965=CARTESIAN_POINT('',(-0.395652173913043,0.0195652173913043,0.565));
#1966=CARTESIAN_POINT('',(-0.428260869565217,-0.00652173913043478,0.565));
#1967=CARTESIAN_POINT('',(-0.473913043478261,-0.0260869565217391,0.565));
#1968=CARTESIAN_POINT('',(-0.473913043478261,-0.0260869565217391,0.545));
#1969=CARTESIAN_POINT('',(-0.421739130434783,-0.167391304347826,0.545));
#1970=CARTESIAN_POINT('',(-0.369565217391304,-0.308695652173913,0.545));
#1971=CARTESIAN_POINT('',(-0.317391304347826,-0.45,0.545));
#1972=CARTESIAN_POINT('',(-0.473913043478261,-0.0260869565217391,0.565));
#1973=CARTESIAN_POINT('',(-0.421739130434783,-0.167391304347826,0.565));
#1974=CARTESIAN_POINT('',(-0.369565217391304,-0.308695652173913,0.565));
#1975=CARTESIAN_POINT('',(-0.317391304347826,-0.45,0.565));
#1976=CARTESIAN_POINT('',(-0.591304347826087,0.0586956521739131,0.545));
#1977=CARTESIAN_POINT('',(-0.545652173913044,0.0586956521739131,0.545));
#1978=CARTESIAN_POINT('',(-0.51304347826087,0.0717391304347826,0.545));
#1979=CARTESIAN_POINT('',(-0.493478260869565,0.0913043478260869,0.545));
#1980=CARTESIAN_POINT('',(-0.473913043478261,0.110869565217391,0.545));
#1981=CARTESIAN_POINT('',(-0.460869565217391,0.15,0.545));
#1982=CARTESIAN_POINT('',(-0.460869565217391,0.202173913043478,0.545));
#1983=CARTESIAN_POINT('',(-0.460869565217391,0.254347826086957,0.545));
#1984=CARTESIAN_POINT('',(-0.467391304347826,0.286956521739131,0.545));
#1985=CARTESIAN_POINT('',(-0.48695652173913,0.31304347826087,0.545));
#1986=CARTESIAN_POINT('',(-0.591304347826087,0.0586956521739131,0.565));
#1987=CARTESIAN_POINT('',(-0.545652173913044,0.0586956521739131,0.565));
#1988=CARTESIAN_POINT('',(-0.51304347826087,0.0717391304347826,0.565));
#1989=CARTESIAN_POINT('',(-0.493478260869565,0.091304347826087,0.565));
#1990=CARTESIAN_POINT('',(-0.473913043478261,0.110869565217391,0.565));
#1991=CARTESIAN_POINT('',(-0.460869565217391,0.15,0.565));
#1992=CARTESIAN_POINT('',(-0.460869565217391,0.202173913043478,0.565));
#1993=CARTESIAN_POINT('',(-0.460869565217391,0.254347826086957,0.565));
#1994=CARTESIAN_POINT('',(-0.467391304347826,0.28695652173913,0.565));
#1995=CARTESIAN_POINT('',(-0.48695652173913,0.31304347826087,0.565));
#1996=CARTESIAN_POINT('',(-0.48695652173913,0.31304347826087,0.545));
#1997=CARTESIAN_POINT('',(-0.506521739130435,0.332608695652174,0.545));
#1998=CARTESIAN_POINT('',(-0.539130434782609,0.345652173913044,0.545));
#1999=CARTESIAN_POINT('',(-0.584782608695652,0.345652173913044,0.545));
#2000=CARTESIAN_POINT('',(-0.58695652173913,0.345652173913044,0.545));
#2001=CARTESIAN_POINT('',(-0.589130434782609,0.345652173913044,0.545));
#2002=CARTESIAN_POINT('',(-0.591304347826087,0.345652173913044,0.545));
#2003=CARTESIAN_POINT('',(-0.48695652173913,0.31304347826087,0.565));
#2004=CARTESIAN_POINT('',(-0.506521739130435,0.332608695652174,0.565));
#2005=CARTESIAN_POINT('',(-0.539130434782609,0.345652173913043,0.565));
#2006=CARTESIAN_POINT('',(-0.584782608695652,0.345652173913043,0.565));
#2007=CARTESIAN_POINT('',(-0.58695652173913,0.345652173913044,0.565));
#2008=CARTESIAN_POINT('',(-0.589130434782609,0.345652173913044,0.565));
#2009=CARTESIAN_POINT('',(-0.591304347826087,0.345652173913044,0.565));
#2010=CARTESIAN_POINT('',(-0.591304347826087,0.345652173913044,0.545));
#2011=CARTESIAN_POINT('',(-0.591304347826087,0.25,0.545));
#2012=CARTESIAN_POINT('',(-0.591304347826087,0.154347826086957,0.545));
#2013=CARTESIAN_POINT('',(-0.591304347826087,0.058695652173913,0.545));
#2014=CARTESIAN_POINT('',(-0.591304347826087,0.345652173913044,0.565));
#2015=CARTESIAN_POINT('',(-0.591304347826087,0.25,0.565));
#2016=CARTESIAN_POINT('',(-0.591304347826087,0.154347826086957,0.565));
#2017=CARTESIAN_POINT('',(-0.591304347826087,0.0586956521739131,0.565));
#2018=CARTESIAN_POINT('',(-0.317391304347826,-0.45,0.545));
#2019=CARTESIAN_POINT('',(-0.591304347826087,0.0586956521739131,0.545));
#2020=CARTESIAN_POINT('',(-0.473913043478261,-0.0260869565217391,0.545));
#2021=CARTESIAN_POINT('',(-0.376086956521739,0.0586956521739131,0.545));
#2022=CARTESIAN_POINT('',(-0.708695652173913,0.443478260869565,0.545));
#2023=CARTESIAN_POINT('',(-0.708695652173913,-0.45,0.545));
#2024=CARTESIAN_POINT('',(-0.591304347826087,-0.45,0.545));
#2025=CARTESIAN_POINT('',(-0.591304347826087,-0.0326086956521739,0.545));
#2026=CARTESIAN_POINT('',(-0.578260869565217,-0.0326086956521739,0.545));
#2027=CARTESIAN_POINT('',(-0.434782608695652,-0.45,0.545));
#2028=CARTESIAN_POINT('',(-0.48695652173913,0.31304347826087,0.545));
#2029=CARTESIAN_POINT('',(-0.591304347826087,0.345652173913044,0.545));
#2030=CARTESIAN_POINT('',(-0.317391304347826,-0.45,0.565));
#2031=CARTESIAN_POINT('',(-0.591304347826087,0.0586956521739131,0.565));
#2032=CARTESIAN_POINT('',(-0.473913043478261,-0.0260869565217391,0.565));
#2033=CARTESIAN_POINT('',(-0.376086956521739,0.0586956521739131,0.565));
#2034=CARTESIAN_POINT('',(-0.708695652173913,0.443478260869565,0.565));
#2035=CARTESIAN_POINT('',(-0.708695652173913,-0.45,0.565));
#2036=CARTESIAN_POINT('',(-0.591304347826087,-0.45,0.565));
#2037=CARTESIAN_POINT('',(-0.591304347826087,-0.0326086956521739,0.565));
#2038=CARTESIAN_POINT('',(-0.578260869565217,-0.0326086956521739,0.565));
#2039=CARTESIAN_POINT('',(-0.434782608695652,-0.45,0.565));
#2040=CARTESIAN_POINT('',(-0.48695652173913,0.31304347826087,0.565));
#2041=CARTESIAN_POINT('',(-0.591304347826087,0.345652173913044,0.565));
#2042=CARTESIAN_POINT('',(-0.317391304347826,-0.45,0.545));
#2043=CARTESIAN_POINT('',(-0.434782608695652,-0.45,0.545));
#2044=CARTESIAN_POINT('',(-0.591304347826087,0.058695652173913,0.545));
#2045=CARTESIAN_POINT('',(-0.591304347826087,0.345652173913044,0.545));
#2046=CARTESIAN_POINT('',(-0.473913043478261,-0.0260869565217391,0.545));
#2047=CARTESIAN_POINT('',(-0.421739130434783,-0.167391304347826,0.545));
#2048=CARTESIAN_POINT('',(-0.369565217391304,-0.308695652173913,0.545));
#2049=CARTESIAN_POINT('',(-0.317391304347826,-0.45,0.545));
#2050=CARTESIAN_POINT('',(-0.376086956521739,0.0586956521739131,0.545));
#2051=CARTESIAN_POINT('',(-0.395652173913043,0.0195652173913043,0.545));
#2052=CARTESIAN_POINT('',(-0.428260869565217,-0.0065217391304348,0.545));
#2053=CARTESIAN_POINT('',(-0.473913043478261,-0.0260869565217391,0.545));
#2054=CARTESIAN_POINT('',(-0.708695652173913,0.443478260869565,0.545));
#2055=CARTESIAN_POINT('',(-0.654347826086957,0.443478260869565,0.545));
#2056=CARTESIAN_POINT('',(-0.6,0.443478260869565,0.545));
#2057=CARTESIAN_POINT('',(-0.545652173913044,0.443478260869565,0.545));
#2058=CARTESIAN_POINT('',(-0.408695652173913,0.443478260869565,0.545));
#2059=CARTESIAN_POINT('',(-0.343478260869565,0.365217391304348,0.545));
#2060=CARTESIAN_POINT('',(-0.343478260869565,0.215217391304348,0.545));
#2061=CARTESIAN_POINT('',(-0.343478260869565,0.143478260869565,0.545));
#2062=CARTESIAN_POINT('',(-0.35,0.0913043478260869,0.545));
#2063=CARTESIAN_POINT('',(-0.376086956521739,0.0586956521739131,0.545));
#2064=CARTESIAN_POINT('',(-0.708695652173913,-0.45,0.545));
#2065=CARTESIAN_POINT('',(-0.708695652173913,0.443478260869565,0.545));
#2066=CARTESIAN_POINT('',(-0.591304347826087,-0.45,0.545));
#2067=CARTESIAN_POINT('',(-0.708695652173913,-0.45,0.545));
#2068=CARTESIAN_POINT('',(-0.591304347826087,-0.0326086956521738,0.545));
#2069=CARTESIAN_POINT('',(-0.591304347826087,-0.45,0.545));
#2070=CARTESIAN_POINT('',(-0.578260869565217,-0.0326086956521739,0.545));
#2071=CARTESIAN_POINT('',(-0.591304347826087,-0.0326086956521739,0.545));
#2072=CARTESIAN_POINT('',(-0.434782608695652,-0.45,0.545));
#2073=CARTESIAN_POINT('',(-0.482608695652174,-0.310869565217391,0.545));
#2074=CARTESIAN_POINT('',(-0.530434782608696,-0.171739130434783,0.545));
#2075=CARTESIAN_POINT('',(-0.578260869565217,-0.0326086956521739,0.545));
#2076=CARTESIAN_POINT('',(-0.48695652173913,0.31304347826087,0.545));
#2077=CARTESIAN_POINT('',(-0.467391304347826,0.286956521739131,0.545));
#2078=CARTESIAN_POINT('',(-0.460869565217391,0.254347826086957,0.545));
#2079=CARTESIAN_POINT('',(-0.460869565217391,0.202173913043478,0.545));
#2080=CARTESIAN_POINT('',(-0.460869565217391,0.15,0.545));
#2081=CARTESIAN_POINT('',(-0.473913043478261,0.110869565217391,0.545));
#2082=CARTESIAN_POINT('',(-0.493478260869565,0.0913043478260869,0.545));
#2083=CARTESIAN_POINT('',(-0.51304347826087,0.0717391304347826,0.545));
#2084=CARTESIAN_POINT('',(-0.545652173913044,0.0586956521739131,0.545));
#2085=CARTESIAN_POINT('',(-0.591304347826087,0.0586956521739131,0.545));
#2086=CARTESIAN_POINT('',(-0.591304347826087,0.345652173913044,0.545));
#2087=CARTESIAN_POINT('',(-0.589130434782609,0.345652173913044,0.545));
#2088=CARTESIAN_POINT('',(-0.58695652173913,0.345652173913044,0.545));
#2089=CARTESIAN_POINT('',(-0.584782608695652,0.345652173913044,0.545));
#2090=CARTESIAN_POINT('',(-0.539130434782609,0.345652173913044,0.545));
#2091=CARTESIAN_POINT('',(-0.506521739130435,0.332608695652174,0.545));
#2092=CARTESIAN_POINT('',(-0.48695652173913,0.31304347826087,0.545));
#2093=CARTESIAN_POINT('',(-0.317391304347826,-0.45,0.565));
#2094=CARTESIAN_POINT('',(-0.356521739130435,-0.45,0.565));
#2095=CARTESIAN_POINT('',(-0.395652173913043,-0.45,0.565));
#2096=CARTESIAN_POINT('',(-0.434782608695652,-0.45,0.565));
#2097=CARTESIAN_POINT('',(-0.591304347826087,0.0586956521739131,0.565));
#2098=CARTESIAN_POINT('',(-0.591304347826087,0.154347826086957,0.565));
#2099=CARTESIAN_POINT('',(-0.591304347826087,0.25,0.565));
#2100=CARTESIAN_POINT('',(-0.591304347826087,0.345652173913044,0.565));
#2101=CARTESIAN_POINT('',(-0.473913043478261,-0.0260869565217391,0.565));
#2102=CARTESIAN_POINT('',(-0.421739130434783,-0.167391304347826,0.565));
#2103=CARTESIAN_POINT('',(-0.369565217391304,-0.308695652173913,0.565));
#2104=CARTESIAN_POINT('',(-0.317391304347826,-0.45,0.565));
#2105=CARTESIAN_POINT('',(-0.376086956521739,0.0586956521739131,0.565));
#2106=CARTESIAN_POINT('',(-0.395652173913043,0.0195652173913043,0.565));
#2107=CARTESIAN_POINT('',(-0.428260869565217,-0.00652173913043478,0.565));
#2108=CARTESIAN_POINT('',(-0.473913043478261,-0.0260869565217391,0.565));
#2109=CARTESIAN_POINT('',(-0.708695652173913,0.443478260869565,0.565));
#2110=CARTESIAN_POINT('',(-0.654347826086957,0.443478260869565,0.565));
#2111=CARTESIAN_POINT('',(-0.6,0.443478260869565,0.565));
#2112=CARTESIAN_POINT('',(-0.545652173913044,0.443478260869565,0.565));
#2113=CARTESIAN_POINT('',(-0.408695652173913,0.443478260869565,0.565));
#2114=CARTESIAN_POINT('',(-0.343478260869565,0.365217391304348,0.565));
#2115=CARTESIAN_POINT('',(-0.343478260869565,0.215217391304348,0.565));
#2116=CARTESIAN_POINT('',(-0.343478260869565,0.143478260869565,0.565));
#2117=CARTESIAN_POINT('',(-0.35,0.091304347826087,0.565));
#2118=CARTESIAN_POINT('',(-0.376086956521739,0.0586956521739131,0.565));
#2119=CARTESIAN_POINT('',(-0.708695652173913,-0.45,0.565));
#2120=CARTESIAN_POINT('',(-0.708695652173913,-0.152173913043478,0.565));
#2121=CARTESIAN_POINT('',(-0.708695652173913,0.145652173913044,0.565));
#2122=CARTESIAN_POINT('',(-0.708695652173913,0.443478260869565,0.565));
#2123=CARTESIAN_POINT('',(-0.591304347826087,-0.45,0.565));
#2124=CARTESIAN_POINT('',(-0.630434782608696,-0.45,0.565));
#2125=CARTESIAN_POINT('',(-0.669565217391304,-0.45,0.565));
#2126=CARTESIAN_POINT('',(-0.708695652173913,-0.45,0.565));
#2127=CARTESIAN_POINT('',(-0.591304347826087,-0.0326086956521739,0.565));
#2128=CARTESIAN_POINT('',(-0.591304347826087,-0.171739130434783,0.565));
#2129=CARTESIAN_POINT('',(-0.591304347826087,-0.310869565217391,0.565));
#2130=CARTESIAN_POINT('',(-0.591304347826087,-0.45,0.565));
#2131=CARTESIAN_POINT('',(-0.578260869565217,-0.0326086956521739,0.565));
#2132=CARTESIAN_POINT('',(-0.582608695652174,-0.0326086956521739,0.565));
#2133=CARTESIAN_POINT('',(-0.58695652173913,-0.0326086956521739,0.565));
#2134=CARTESIAN_POINT('',(-0.591304347826087,-0.0326086956521739,0.565));
#2135=CARTESIAN_POINT('',(-0.434782608695652,-0.45,0.565));
#2136=CARTESIAN_POINT('',(-0.482608695652174,-0.310869565217391,0.565));
#2137=CARTESIAN_POINT('',(-0.530434782608696,-0.171739130434783,0.565));
#2138=CARTESIAN_POINT('',(-0.578260869565217,-0.0326086956521739,0.565));
#2139=CARTESIAN_POINT('',(-0.48695652173913,0.31304347826087,0.565));
#2140=CARTESIAN_POINT('',(-0.467391304347826,0.28695652173913,0.565));
#2141=CARTESIAN_POINT('',(-0.460869565217391,0.254347826086957,0.565));
#2142=CARTESIAN_POINT('',(-0.460869565217391,0.202173913043478,0.565));
#2143=CARTESIAN_POINT('',(-0.460869565217391,0.15,0.565));
#2144=CARTESIAN_POINT('',(-0.473913043478261,0.110869565217391,0.565));
#2145=CARTESIAN_POINT('',(-0.493478260869565,0.091304347826087,0.565));
#2146=CARTESIAN_POINT('',(-0.51304347826087,0.0717391304347826,0.565));
#2147=CARTESIAN_POINT('',(-0.545652173913044,0.0586956521739131,0.565));
#2148=CARTESIAN_POINT('',(-0.591304347826087,0.0586956521739131,0.565));
#2149=CARTESIAN_POINT('',(-0.591304347826087,0.345652173913044,0.565));
#2150=CARTESIAN_POINT('',(-0.589130434782609,0.345652173913044,0.565));
#2151=CARTESIAN_POINT('',(-0.58695652173913,0.345652173913044,0.565));
#2152=CARTESIAN_POINT('',(-0.584782608695652,0.345652173913043,0.565));
#2153=CARTESIAN_POINT('',(-0.539130434782609,0.345652173913043,0.565));
#2154=CARTESIAN_POINT('',(-0.506521739130435,0.332608695652174,0.565));
#2155=CARTESIAN_POINT('',(-0.48695652173913,0.31304347826087,0.565));
#2156=CARTESIAN_POINT('',(-0.434782608695652,-0.45,0.545));
#2157=CARTESIAN_POINT('',(-0.434782608695652,-0.45,0.565));
#2158=CARTESIAN_POINT('',(-0.317391304347826,-0.45,0.565));
#2159=CARTESIAN_POINT('',(-0.317391304347826,-0.45,0.545));
#2160=CARTESIAN_POINT('',(-0.578260869565217,-0.0326086956521739,0.545));
#2161=CARTESIAN_POINT('',(-0.578260869565217,-0.0326086956521739,0.565));
#2162=CARTESIAN_POINT('',(-0.591304347826087,-0.0326086956521739,0.545));
#2163=CARTESIAN_POINT('',(-0.591304347826087,-0.0326086956521739,0.565));
#2164=CARTESIAN_POINT('',(-0.591304347826087,-0.45,0.545));
#2165=CARTESIAN_POINT('',(-0.591304347826087,-0.45,0.565));
#2166=CARTESIAN_POINT('',(-0.708695652173913,-0.45,0.545));
#2167=CARTESIAN_POINT('',(-0.708695652173913,-0.45,0.565));
#2168=CARTESIAN_POINT('',(-0.708695652173913,0.443478260869565,0.545));
#2169=CARTESIAN_POINT('',(-0.708695652173913,0.443478260869565,0.565));
#2170=CARTESIAN_POINT('',(-0.376086956521739,0.0586956521739131,0.545));
#2171=CARTESIAN_POINT('',(-0.376086956521739,0.0586956521739131,0.565));
#2172=CARTESIAN_POINT('',(-0.473913043478261,-0.0260869565217391,0.545));
#2173=CARTESIAN_POINT('',(-0.473913043478261,-0.0260869565217391,0.565));
#2174=CARTESIAN_POINT('',(-0.48695652173913,0.31304347826087,0.545));
#2175=CARTESIAN_POINT('',(-0.48695652173913,0.31304347826087,0.565));
#2176=CARTESIAN_POINT('',(-0.591304347826087,0.0586956521739131,0.565));
#2177=CARTESIAN_POINT('',(-0.591304347826087,0.0586956521739131,0.545));
#2178=CARTESIAN_POINT('',(-0.591304347826087,0.345652173913044,0.545));
#2179=CARTESIAN_POINT('',(-0.591304347826087,0.345652173913044,0.565));
#2180=CARTESIAN_POINT('',(-1.44,-0.772102399334161,1.28499999999999));
#2181=CARTESIAN_POINT('',(-1.1,1.05521023993342,-0.215000000000005));
#2182=CARTESIAN_POINT('',(-1.44,0.780000000000004,-0.215000000000005));
#2183=CARTESIAN_POINT('',(-1.44,-1.04731263926758,0.559999999999995));
#2184=CARTESIAN_POINT('',(1.1,-1.04731263926758,-0.215000000000005));
#2185=CARTESIAN_POINT('',(1.44,-1.04731263926758,0.509999999999995));
#2186=CARTESIAN_POINT('',(-1.1,-0.772102399334161,0.509999999999995));
#2187=CARTESIAN_POINT('',(1.1,-0.77210239933416,0.509999999999995));
#2188=CARTESIAN_POINT('',(1.1,-0.77210239933416,0.559999999999995));
#2189=CARTESIAN_POINT('',(-1.1,-0.772102399334161,0.559999999999995));
#2190=CARTESIAN_POINT('',(-1.1,0.780000000000004,0.559999999999995));
#2191=CARTESIAN_POINT('',(-1.1,0.780000000000004,0.509999999999995));
#2192=CARTESIAN_POINT('',(1.1,0.780000000000004,0.559999999999995));
#2193=CARTESIAN_POINT('',(1.1,0.780000000000004,0.509999999999995));
#2194=CARTESIAN_POINT('',(-1.1,-0.772102399334161,0.509999999999995));
#2195=CARTESIAN_POINT('',(1.1,-0.77210239933416,0.509999999999995));
#2196=CARTESIAN_POINT('',(1.1,-0.77210239933416,0.509999999999995));
#2197=CARTESIAN_POINT('',(1.1,-0.77210239933416,0.559999999999995));
#2198=CARTESIAN_POINT('',(1.1,-0.77210239933416,0.559999999999995));
#2199=CARTESIAN_POINT('',(-1.1,-0.772102399334161,0.559999999999995));
#2200=CARTESIAN_POINT('',(-1.1,-0.772102399334161,0.559999999999995));
#2201=CARTESIAN_POINT('',(-1.1,-0.772102399334161,0.509999999999995));
#2202=CARTESIAN_POINT('',(-1.1,-0.772102399334161,0.559999999999995));
#2203=CARTESIAN_POINT('',(-1.1,0.780000000000004,0.559999999999995));
#2204=CARTESIAN_POINT('',(-1.1,0.780000000000004,0.559999999999995));
#2205=CARTESIAN_POINT('',(-1.1,0.780000000000004,0.509999999999995));
#2206=CARTESIAN_POINT('',(-1.1,0.780000000000004,0.509999999999995));
#2207=CARTESIAN_POINT('',(-1.1,-0.772102399334161,0.509999999999995));
#2208=CARTESIAN_POINT('',(-1.1,0.780000000000004,0.559999999999995));
#2209=CARTESIAN_POINT('',(1.1,0.780000000000004,0.559999999999995));
#2210=CARTESIAN_POINT('',(1.1,0.780000000000004,0.559999999999995));
#2211=CARTESIAN_POINT('',(1.1,0.780000000000004,0.509999999999995));
#2212=CARTESIAN_POINT('',(1.1,0.780000000000004,0.509999999999995));
#2213=CARTESIAN_POINT('',(-1.1,0.780000000000004,0.509999999999995));
#2214=CARTESIAN_POINT('',(1.1,-0.77210239933416,0.559999999999995));
#2215=CARTESIAN_POINT('',(1.1,0.780000000000004,0.559999999999995));
#2216=CARTESIAN_POINT('',(1.1,-0.77210239933416,0.509999999999995));
#2217=CARTESIAN_POINT('',(1.1,0.780000000000004,0.509999999999995));
#2218=CARTESIAN_POINT('',(-1.1,-0.772102399334168,0.51));
#2219=CARTESIAN_POINT('',(-1.25,-0.772102399334161,0.0599999999999948));
#2220=CARTESIAN_POINT('',(-1.42,-0.772102399334161,0.0599999999999947));
#2221=CARTESIAN_POINT('',(-1.49,-0.772102399334161,0.0599999999999947));
#2222=CARTESIAN_POINT('',(-1.5,-0.77210239933416,0.0599999999999947));
#2223=CARTESIAN_POINT('',(-1.5,-0.772102399334161,0.0699999999999947));
#2224=CARTESIAN_POINT('',(-1.5,-0.772102399334161,0.234999999999995));
#2225=CARTESIAN_POINT('',(-1.5,-0.772102399334168,0.5));
#2226=CARTESIAN_POINT('',(-1.5,-0.772102399334168,0.51));
#2227=CARTESIAN_POINT('',(-1.49,-0.772102399334168,0.51));
#2228=CARTESIAN_POINT('',(-1.395,-0.772102399334168,0.51));
#2229=CARTESIAN_POINT('',(-1.1,-0.772102399334168,0.51));
#2230=CARTESIAN_POINT('',(-1.25,0.780000000000004,0.060000000000017));
#2231=CARTESIAN_POINT('',(-1.42,0.780000000000004,0.060000000000017));
#2232=CARTESIAN_POINT('',(-1.49,0.780000000000004,0.060000000000017));
#2233=CARTESIAN_POINT('',(-1.5,0.780000000000004,0.060000000000017));
#2234=CARTESIAN_POINT('',(-1.5,0.780000000000004,0.070000000000017));
#2235=CARTESIAN_POINT('',(-1.5,0.780000000000004,0.235000000000017));
#2236=CARTESIAN_POINT('',(-1.5,0.779999999999996,0.500000000000022));
#2237=CARTESIAN_POINT('',(-1.5,0.779999999999996,0.510000000000022));
#2238=CARTESIAN_POINT('',(-1.49,0.779999999999996,0.510000000000022));
#2239=CARTESIAN_POINT('',(-1.395,0.779999999999996,0.510000000000022));
#2240=CARTESIAN_POINT('',(-1.1,0.779999999999996,0.510000000000022));
#2241=CARTESIAN_POINT('',(-2.315,0.779999999999996,-0.764999999999983));
#2242=CARTESIAN_POINT('',(-1.1,-0.772102399334168,0.56));
#2243=CARTESIAN_POINT('',(-1.415,-0.772102399334168,0.56));
#2244=CARTESIAN_POINT('',(-1.53,-0.772102399334168,0.56));
#2245=CARTESIAN_POINT('',(-1.55,-0.772102399334168,0.56));
#2246=CARTESIAN_POINT('',(-1.55,-0.772102399334168,0.54));
#2247=CARTESIAN_POINT('',(-1.55,-0.772102399334161,0.234999999999995));
#2248=CARTESIAN_POINT('',(-1.55,-0.772102399334161,0.0299999999999948));
#2249=CARTESIAN_POINT('',(-1.55,-0.77210239933416,0.00999999999999475));
#2250=CARTESIAN_POINT('',(-1.53,-0.772102399334161,0.00999999999999474));
#2251=CARTESIAN_POINT('',(-1.445,-0.772102399334161,0.00999999999999474));
#2252=CARTESIAN_POINT('',(-1.26,-0.772102399334161,0.00999999999999475));
#2253=CARTESIAN_POINT('',(-1.25,-0.77210239933416,0.00999999999999475));
#2254=CARTESIAN_POINT('',(-1.25,-0.772102399334161,0.0199999999999948));
#2255=CARTESIAN_POINT('',(-1.25,-0.772102399334161,0.0399999999999948));
#2256=CARTESIAN_POINT('',(-1.25,-0.772102399334161,0.0599999999999948));
#2257=CARTESIAN_POINT('',(-1.1,0.779999999999996,0.560000000000022));
#2258=CARTESIAN_POINT('',(-1.415,0.779999999999996,0.560000000000022));
#2259=CARTESIAN_POINT('',(-1.53,0.779999999999996,0.560000000000022));
#2260=CARTESIAN_POINT('',(-1.55,0.779999999999996,0.560000000000022));
#2261=CARTESIAN_POINT('',(-1.55,0.779999999999996,0.540000000000022));
#2262=CARTESIAN_POINT('',(-1.55,0.780000000000004,0.235000000000017));
#2263=CARTESIAN_POINT('',(-1.55,0.780000000000004,0.030000000000017));
#2264=CARTESIAN_POINT('',(-1.55,0.780000000000004,0.010000000000017));
#2265=CARTESIAN_POINT('',(-1.53,0.780000000000004,0.010000000000017));
#2266=CARTESIAN_POINT('',(-1.445,0.780000000000004,0.010000000000017));
#2267=CARTESIAN_POINT('',(-1.26,0.780000000000004,0.010000000000017));
#2268=CARTESIAN_POINT('',(-1.25,0.780000000000004,0.010000000000017));
#2269=CARTESIAN_POINT('',(-1.25,0.780000000000004,0.020000000000017));
#2270=CARTESIAN_POINT('',(-1.25,0.780000000000004,0.040000000000017));
#2271=CARTESIAN_POINT('',(-1.25,0.780000000000004,0.060000000000017));
#2272=CARTESIAN_POINT('',(-2.315,-0.772102399334168,1.335));
#2273=CARTESIAN_POINT('',(-1.1,-0.772102399334168,0.51));
#2274=CARTESIAN_POINT('',(-1.1,0.779999999999996,0.510000000000022));
#2275=CARTESIAN_POINT('',(-1.1,0.779999999999996,0.560000000000022));
#2276=CARTESIAN_POINT('',(-1.1,-0.772102399334168,0.56));
#2277=CARTESIAN_POINT('',(-1.25,-0.772102399334163,0.0599999999999948));
#2278=CARTESIAN_POINT('',(-1.25,0.780000000000001,0.060000000000017));
#2279=CARTESIAN_POINT('',(-1.1,-0.772102399334168,0.51));
#2280=CARTESIAN_POINT('',(-1.1,0.779999999999996,0.510000000000022));
#2281=CARTESIAN_POINT('',(-1.1,0.779999999999996,0.510000000000022));
#2282=CARTESIAN_POINT('',(-1.1,0.779999999999996,0.560000000000022));
#2283=CARTESIAN_POINT('',(-1.1,0.779999999999996,0.560000000000022));
#2284=CARTESIAN_POINT('',(-1.1,-0.772102399334168,0.56));
#2285=CARTESIAN_POINT('',(-1.1,-0.772102399334168,0.56));
#2286=CARTESIAN_POINT('',(-1.1,-0.772102399334168,0.51));
#2287=CARTESIAN_POINT('',(-1.25,-0.772102399334163,0.0599999999999948));
#2288=CARTESIAN_POINT('',(-1.25,0.780000000000001,0.060000000000017));
#2289=CARTESIAN_POINT('',(-1.25,0.780000000000001,0.060000000000017));
#2290=CARTESIAN_POINT('',(-1.42,0.780000000000001,0.060000000000017));
#2291=CARTESIAN_POINT('',(-1.49,0.780000000000001,0.060000000000017));
#2292=CARTESIAN_POINT('',(-1.5,0.780000000000001,0.060000000000017));
#2293=CARTESIAN_POINT('',(-1.5,0.780000000000001,0.070000000000017));
#2294=CARTESIAN_POINT('',(-1.5,0.780000000000002,0.235000000000017));
#2295=CARTESIAN_POINT('',(-1.5,0.779999999999995,0.500000000000022));
#2296=CARTESIAN_POINT('',(-1.5,0.779999999999995,0.510000000000022));
#2297=CARTESIAN_POINT('',(-1.49,0.779999999999995,0.510000000000022));
#2298=CARTESIAN_POINT('',(-1.395,0.779999999999996,0.510000000000022));
#2299=CARTESIAN_POINT('',(-1.1,0.779999999999996,0.510000000000022));
#2300=CARTESIAN_POINT('',(-1.1,-0.772102399334168,0.51));
#2301=CARTESIAN_POINT('',(-1.395,-0.772102399334168,0.51));
#2302=CARTESIAN_POINT('',(-1.49,-0.772102399334169,0.51));
#2303=CARTESIAN_POINT('',(-1.5,-0.772102399334169,0.51));
#2304=CARTESIAN_POINT('',(-1.5,-0.772102399334169,0.5));
#2305=CARTESIAN_POINT('',(-1.5,-0.772102399334163,0.234999999999995));
#2306=CARTESIAN_POINT('',(-1.5,-0.772102399334164,0.0699999999999947));
#2307=CARTESIAN_POINT('',(-1.5,-0.772102399334163,0.0599999999999947));
#2308=CARTESIAN_POINT('',(-1.49,-0.772102399334164,0.0599999999999947));
#2309=CARTESIAN_POINT('',(-1.42,-0.772102399334164,0.0599999999999947));
#2310=CARTESIAN_POINT('',(-1.25,-0.772102399334163,0.0599999999999948));
#2311=CARTESIAN_POINT('',(-1.1,0.779999999999996,0.560000000000022));
#2312=CARTESIAN_POINT('',(-1.415,0.779999999999996,0.560000000000022));
#2313=CARTESIAN_POINT('',(-1.53,0.779999999999995,0.560000000000022));
#2314=CARTESIAN_POINT('',(-1.55,0.779999999999995,0.560000000000022));
#2315=CARTESIAN_POINT('',(-1.55,0.779999999999995,0.540000000000022));
#2316=CARTESIAN_POINT('',(-1.55,0.780000000000002,0.235000000000017));
#2317=CARTESIAN_POINT('',(-1.55,0.780000000000001,0.030000000000017));
#2318=CARTESIAN_POINT('',(-1.55,0.780000000000001,0.010000000000017));
#2319=CARTESIAN_POINT('',(-1.53,0.780000000000001,0.010000000000017));
#2320=CARTESIAN_POINT('',(-1.445,0.780000000000001,0.010000000000017));
#2321=CARTESIAN_POINT('',(-1.26,0.780000000000001,0.010000000000017));
#2322=CARTESIAN_POINT('',(-1.25,0.780000000000001,0.010000000000017));
#2323=CARTESIAN_POINT('',(-1.25,0.780000000000001,0.020000000000017));
#2324=CARTESIAN_POINT('',(-1.25,0.780000000000001,0.040000000000017));
#2325=CARTESIAN_POINT('',(-1.25,0.780000000000001,0.060000000000017));
#2326=CARTESIAN_POINT('',(-1.25,-0.772102399334163,0.0599999999999948));
#2327=CARTESIAN_POINT('',(-1.25,-0.772102399334163,0.0399999999999948));
#2328=CARTESIAN_POINT('',(-1.25,-0.772102399334164,0.0199999999999948));
#2329=CARTESIAN_POINT('',(-1.25,-0.772102399334162,0.00999999999999474));
#2330=CARTESIAN_POINT('',(-1.26,-0.772102399334164,0.00999999999999474));
#2331=CARTESIAN_POINT('',(-1.445,-0.772102399334164,0.00999999999999473));
#2332=CARTESIAN_POINT('',(-1.53,-0.772102399334164,0.00999999999999473));
#2333=CARTESIAN_POINT('',(-1.55,-0.772102399334163,0.00999999999999474));
#2334=CARTESIAN_POINT('',(-1.55,-0.772102399334164,0.0299999999999948));
#2335=CARTESIAN_POINT('',(-1.55,-0.772102399334163,0.234999999999995));
#2336=CARTESIAN_POINT('',(-1.55,-0.772102399334169,0.54));
#2337=CARTESIAN_POINT('',(-1.55,-0.772102399334169,0.56));
#2338=CARTESIAN_POINT('',(-1.53,-0.772102399334169,0.56));
#2339=CARTESIAN_POINT('',(-1.415,-0.772102399334169,0.56));
#2340=CARTESIAN_POINT('',(-1.1,-0.772102399334168,0.56));
#2341=CARTESIAN_POINT('',(1.1,-0.77210239933416,0.509999999999995));
#2342=CARTESIAN_POINT('',(1.395,-0.772102399334161,0.509999999999995));
#2343=CARTESIAN_POINT('',(1.49,-0.772102399334161,0.509999999999995));
#2344=CARTESIAN_POINT('',(1.5,-0.77210239933416,0.509999999999995));
#2345=CARTESIAN_POINT('',(1.5,-0.772102399334161,0.499999999999995));
#2346=CARTESIAN_POINT('',(1.5,-0.772102399334161,0.234999999999995));
#2347=CARTESIAN_POINT('',(1.5,-0.772102399334161,0.0699999999999947));
#2348=CARTESIAN_POINT('',(1.1,0.780000000000019,0.509999999999994));
#2349=CARTESIAN_POINT('',(1.395,0.780000000000019,0.509999999999994));
#2350=CARTESIAN_POINT('',(1.49,0.780000000000019,0.509999999999994));
#2351=CARTESIAN_POINT('',(1.5,0.780000000000019,0.509999999999994));
#2352=CARTESIAN_POINT('',(1.5,0.780000000000019,0.499999999999994));
#2353=CARTESIAN_POINT('',(1.5,0.780000000000019,0.234999999999994));
#2354=CARTESIAN_POINT('',(1.5,0.780000000000019,0.0699999999999943));
#2355=CARTESIAN_POINT('',(1.1,-0.77210239933416,0.559999999999995));
#2356=CARTESIAN_POINT('',(1.25,-0.772102399334161,0.0599999999999948));
#2357=CARTESIAN_POINT('',(1.25,-0.772102399334161,0.0399999999999948));
#2358=CARTESIAN_POINT('',(1.25,-0.772102399334161,0.0199999999999948));
#2359=CARTESIAN_POINT('',(1.25,-0.77210239933416,0.00999999999999475));
#2360=CARTESIAN_POINT('',(1.26,-0.772102399334161,0.00999999999999475));
#2361=CARTESIAN_POINT('',(1.445,-0.772102399334161,0.00999999999999475));
#2362=CARTESIAN_POINT('',(1.53,-0.772102399334161,0.00999999999999475));
#2363=CARTESIAN_POINT('',(1.55,-0.77210239933416,0.00999999999999475));
#2364=CARTESIAN_POINT('',(1.55,-0.772102399334161,0.0299999999999948));
#2365=CARTESIAN_POINT('',(1.55,-0.772102399334161,0.234999999999995));
#2366=CARTESIAN_POINT('',(1.55,-0.772102399334161,0.539999999999995));
#2367=CARTESIAN_POINT('',(1.55,-0.77210239933416,0.559999999999995));
#2368=CARTESIAN_POINT('',(1.53,-0.772102399334161,0.559999999999995));
#2369=CARTESIAN_POINT('',(1.415,-0.772102399334161,0.559999999999995));
#2370=CARTESIAN_POINT('',(1.1,-0.77210239933416,0.559999999999995));
#2371=CARTESIAN_POINT('',(1.25,0.780000000000019,0.0599999999999943));
#2372=CARTESIAN_POINT('',(1.25,0.780000000000019,0.0399999999999943));
#2373=CARTESIAN_POINT('',(1.25,0.780000000000019,0.0199999999999943));
#2374=CARTESIAN_POINT('',(1.25,0.780000000000019,0.00999999999999429));
#2375=CARTESIAN_POINT('',(1.26,0.780000000000019,0.00999999999999429));
#2376=CARTESIAN_POINT('',(1.445,0.780000000000019,0.00999999999999429));
#2377=CARTESIAN_POINT('',(1.53,0.780000000000019,0.00999999999999429));
#2378=CARTESIAN_POINT('',(1.55,0.780000000000019,0.00999999999999429));
#2379=CARTESIAN_POINT('',(1.55,0.780000000000019,0.0299999999999943));
#2380=CARTESIAN_POINT('',(1.55,0.780000000000019,0.234999999999994));
#2381=CARTESIAN_POINT('',(1.55,0.780000000000019,0.539999999999994));
#2382=CARTESIAN_POINT('',(1.55,0.780000000000019,0.559999999999994));
#2383=CARTESIAN_POINT('',(1.53,0.780000000000019,0.559999999999994));
#2384=CARTESIAN_POINT('',(1.415,0.780000000000019,0.559999999999994));
#2385=CARTESIAN_POINT('',(1.1,0.780000000000019,0.559999999999994));
#2386=CARTESIAN_POINT('',(0.335,0.780000000000019,-0.765000000000006));
#2387=CARTESIAN_POINT('',(1.5,-0.772102399334161,0.0699999999999947));
#2388=CARTESIAN_POINT('',(1.5,-0.77210239933416,0.0599999999999948));
#2389=CARTESIAN_POINT('',(1.49,-0.772102399334161,0.0599999999999948));
#2390=CARTESIAN_POINT('',(1.42,-0.772102399334161,0.0599999999999948));
#2391=CARTESIAN_POINT('',(1.25,-0.772102399334161,0.0599999999999948));
#2392=CARTESIAN_POINT('',(1.5,0.780000000000019,0.0699999999999943));
#2393=CARTESIAN_POINT('',(1.5,0.780000000000019,0.0599999999999943));
#2394=CARTESIAN_POINT('',(1.49,0.780000000000019,0.0599999999999943));
#2395=CARTESIAN_POINT('',(1.42,0.780000000000019,0.0599999999999943));
#2396=CARTESIAN_POINT('',(1.25,0.780000000000019,0.0599999999999943));
#2397=CARTESIAN_POINT('',(0.335,-0.77210239933416,1.335));
#2398=CARTESIAN_POINT('',(1.1,-0.77210239933416,0.509999999999995));
#2399=CARTESIAN_POINT('',(1.1,0.780000000000019,0.509999999999994));
#2400=CARTESIAN_POINT('',(1.5,0.780000000000019,0.0699999999999943));
#2401=CARTESIAN_POINT('',(1.5,-0.772102399334161,0.0699999999999947));
#2402=CARTESIAN_POINT('',(1.1,-0.77210239933416,0.559999999999995));
#2403=CARTESIAN_POINT('',(1.1,0.780000000000019,0.559999999999994));
#2404=CARTESIAN_POINT('',(1.25,-0.772102399334161,0.0599999999999948));
#2405=CARTESIAN_POINT('',(1.25,0.780000000000019,0.0599999999999943));
#2406=CARTESIAN_POINT('',(1.1,-0.77210239933416,0.509999999999995));
#2407=CARTESIAN_POINT('',(1.1,0.780000000000019,0.509999999999994));
#2408=CARTESIAN_POINT('',(1.1,0.780000000000019,0.509999999999994));
#2409=CARTESIAN_POINT('',(1.395,0.780000000000019,0.509999999999994));
#2410=CARTESIAN_POINT('',(1.49,0.780000000000019,0.509999999999994));
#2411=CARTESIAN_POINT('',(1.5,0.780000000000019,0.509999999999994));
#2412=CARTESIAN_POINT('',(1.5,0.780000000000019,0.499999999999994));
#2413=CARTESIAN_POINT('',(1.5,0.780000000000019,0.234999999999994));
#2414=CARTESIAN_POINT('',(1.5,0.780000000000019,0.0699999999999943));
#2415=CARTESIAN_POINT('',(1.5,0.780000000000019,0.0699999999999943));
#2416=CARTESIAN_POINT('',(1.5,-0.772102399334161,0.0699999999999947));
#2417=CARTESIAN_POINT('',(1.5,-0.772102399334161,0.0699999999999947));
#2418=CARTESIAN_POINT('',(1.5,-0.772102399334161,0.234999999999995));
#2419=CARTESIAN_POINT('',(1.5,-0.772102399334161,0.499999999999995));
#2420=CARTESIAN_POINT('',(1.5,-0.77210239933416,0.509999999999995));
#2421=CARTESIAN_POINT('',(1.49,-0.772102399334161,0.509999999999995));
#2422=CARTESIAN_POINT('',(1.395,-0.772102399334161,0.509999999999995));
#2423=CARTESIAN_POINT('',(1.1,-0.77210239933416,0.509999999999995));
#2424=CARTESIAN_POINT('',(1.1,-0.77210239933416,0.559999999999995));
#2425=CARTESIAN_POINT('',(1.1,0.780000000000019,0.559999999999994));
#2426=CARTESIAN_POINT('',(1.1,0.780000000000019,0.559999999999994));
#2427=CARTESIAN_POINT('',(1.1,0.780000000000019,0.509999999999994));
#2428=CARTESIAN_POINT('',(1.1,-0.77210239933416,0.509999999999995));
#2429=CARTESIAN_POINT('',(1.1,-0.77210239933416,0.559999999999995));
#2430=CARTESIAN_POINT('',(1.25,-0.772102399334161,0.0599999999999948));
#2431=CARTESIAN_POINT('',(1.25,0.780000000000019,0.0599999999999943));
#2432=CARTESIAN_POINT('',(1.25,0.780000000000019,0.0599999999999943));
#2433=CARTESIAN_POINT('',(1.25,0.780000000000019,0.0399999999999943));
#2434=CARTESIAN_POINT('',(1.25,0.780000000000019,0.0199999999999943));
#2435=CARTESIAN_POINT('',(1.25,0.780000000000019,0.00999999999999428));
#2436=CARTESIAN_POINT('',(1.26,0.780000000000019,0.00999999999999428));
#2437=CARTESIAN_POINT('',(1.445,0.780000000000019,0.00999999999999428));
#2438=CARTESIAN_POINT('',(1.53,0.780000000000019,0.00999999999999428));
#2439=CARTESIAN_POINT('',(1.55,0.780000000000019,0.00999999999999428));
#2440=CARTESIAN_POINT('',(1.55,0.780000000000019,0.0299999999999943));
#2441=CARTESIAN_POINT('',(1.55,0.780000000000019,0.234999999999994));
#2442=CARTESIAN_POINT('',(1.55,0.780000000000019,0.539999999999994));
#2443=CARTESIAN_POINT('',(1.55,0.780000000000019,0.559999999999994));
#2444=CARTESIAN_POINT('',(1.53,0.780000000000019,0.559999999999994));
#2445=CARTESIAN_POINT('',(1.415,0.780000000000019,0.559999999999994));
#2446=CARTESIAN_POINT('',(1.1,0.780000000000019,0.559999999999994));
#2447=CARTESIAN_POINT('',(1.1,-0.77210239933416,0.559999999999995));
#2448=CARTESIAN_POINT('',(1.415,-0.772102399334161,0.559999999999995));
#2449=CARTESIAN_POINT('',(1.53,-0.772102399334161,0.559999999999995));
#2450=CARTESIAN_POINT('',(1.55,-0.77210239933416,0.559999999999995));
#2451=CARTESIAN_POINT('',(1.55,-0.772102399334161,0.539999999999995));
#2452=CARTESIAN_POINT('',(1.55,-0.772102399334161,0.234999999999995));
#2453=CARTESIAN_POINT('',(1.55,-0.772102399334161,0.0299999999999948));
#2454=CARTESIAN_POINT('',(1.55,-0.772102399334159,0.00999999999999474));
#2455=CARTESIAN_POINT('',(1.53,-0.772102399334161,0.00999999999999474));
#2456=CARTESIAN_POINT('',(1.445,-0.772102399334161,0.00999999999999474));
#2457=CARTESIAN_POINT('',(1.26,-0.772102399334161,0.00999999999999474));
#2458=CARTESIAN_POINT('',(1.25,-0.772102399334159,0.00999999999999474));
#2459=CARTESIAN_POINT('',(1.25,-0.772102399334161,0.0199999999999948));
#2460=CARTESIAN_POINT('',(1.25,-0.772102399334161,0.0399999999999948));
#2461=CARTESIAN_POINT('',(1.25,-0.772102399334161,0.0599999999999948));
#2462=CARTESIAN_POINT('',(1.25,0.780000000000019,0.0599999999999943));
#2463=CARTESIAN_POINT('',(1.42,0.780000000000019,0.0599999999999943));
#2464=CARTESIAN_POINT('',(1.49,0.780000000000019,0.0599999999999943));
#2465=CARTESIAN_POINT('',(1.5,0.780000000000019,0.0599999999999943));
#2466=CARTESIAN_POINT('',(1.5,0.780000000000019,0.0699999999999943));
#2467=CARTESIAN_POINT('',(1.25,-0.772102399334161,0.0599999999999948));
#2468=CARTESIAN_POINT('',(1.42,-0.772102399334161,0.0599999999999948));
#2469=CARTESIAN_POINT('',(1.49,-0.772102399334161,0.0599999999999948));
#2470=CARTESIAN_POINT('',(1.5,-0.772102399334159,0.0599999999999948));
#2471=CARTESIAN_POINT('',(1.5,-0.772102399334161,0.0699999999999947));
#2472=CARTESIAN_POINT('',(-1.92,0.78000000000002,-0.704999999999968));
#2473=CARTESIAN_POINT('',(-1.49,-0.772102399334153,0.0599999999999947));
#2474=CARTESIAN_POINT('',(-1.49,0.78000000000002,0.0600000000000327));
#2475=CARTESIAN_POINT('',(-1.5,-0.772102399334153,0.0599999999999947));
#2476=CARTESIAN_POINT('',(-1.5,0.78000000000002,0.0600000000000327));
#2477=CARTESIAN_POINT('',(-1.5,-0.772102399334153,0.0699999999999947));
#2478=CARTESIAN_POINT('',(-1.5,0.78000000000002,0.0700000000000327));
#2479=CARTESIAN_POINT('',(-1.5,-0.772102399334153,0.234999999999995));
#2480=CARTESIAN_POINT('',(-1.5,0.78000000000002,0.235000000000033));
#2481=CARTESIAN_POINT('',(-1.5,-0.772102399334164,0.5));
#2482=CARTESIAN_POINT('',(-1.5,0.780000000000009,0.500000000000038));
#2483=CARTESIAN_POINT('',(-1.5,-0.772102399334164,0.51));
#2484=CARTESIAN_POINT('',(-1.5,0.780000000000009,0.510000000000038));
#2485=CARTESIAN_POINT('',(-1.49,-0.772102399334164,0.51));
#2486=CARTESIAN_POINT('',(-1.49,0.780000000000009,0.510000000000038));
#2487=CARTESIAN_POINT('',(-3.47961134732067E-18,-0.772102399334172,0.51));
#2488=CARTESIAN_POINT('',(-3.47961134732067E-18,0.780000000000001,0.510000000000038));
#2489=CARTESIAN_POINT('',(1.49,-0.772102399334164,0.51));
#2490=CARTESIAN_POINT('',(1.49,0.780000000000009,0.510000000000038));
#2491=CARTESIAN_POINT('',(1.5,-0.772102399334164,0.51));
#2492=CARTESIAN_POINT('',(1.5,0.780000000000009,0.510000000000038));
#2493=CARTESIAN_POINT('',(1.5,-0.772102399334164,0.5));
#2494=CARTESIAN_POINT('',(1.5,0.780000000000009,0.500000000000038));
#2495=CARTESIAN_POINT('',(1.5,-0.772102399334153,0.234999999999995));
#2496=CARTESIAN_POINT('',(1.5,0.78000000000002,0.235000000000033));
#2497=CARTESIAN_POINT('',(1.5,-0.772102399334153,0.0699999999999947));
#2498=CARTESIAN_POINT('',(1.5,0.78000000000002,0.0700000000000327));
#2499=CARTESIAN_POINT('',(1.5,-0.772102399334153,0.0599999999999947));
#2500=CARTESIAN_POINT('',(1.5,0.78000000000002,0.0600000000000326));
#2501=CARTESIAN_POINT('',(1.49,-0.772102399334153,0.0599999999999948));
#2502=CARTESIAN_POINT('',(1.49,0.78000000000002,0.0600000000000327));
#2503=CARTESIAN_POINT('',(-3.47961134732067E-18,-0.772102399334161,0.0599999999999947));
#2504=CARTESIAN_POINT('',(-3.47961134732067E-18,0.780000000000012,0.0600000000000327));
#2505=CARTESIAN_POINT('',(-1.49,-0.772102399334153,0.0599999999999947));
#2506=CARTESIAN_POINT('',(-1.49,0.78000000000002,0.0600000000000327));
#2507=CARTESIAN_POINT('',(-1.92,-0.772102399334153,1.275));
#2508=CARTESIAN_POINT('',(-1.49,-0.772102399334153,0.0599999999999947));
#2509=CARTESIAN_POINT('',(-1.49,0.78000000000002,0.0600000000000327));
#2510=CARTESIAN_POINT('',(-1.5,-0.772102399334153,0.0599999999999947));
#2511=CARTESIAN_POINT('',(-1.5,0.78000000000002,0.0600000000000327));
#2512=CARTESIAN_POINT('',(-1.5,-0.772102399334153,0.0699999999999947));
#2513=CARTESIAN_POINT('',(-1.5,0.78000000000002,0.0700000000000327));
#2514=CARTESIAN_POINT('',(-1.5,-0.772102399334153,0.234999999999995));
#2515=CARTESIAN_POINT('',(-1.5,0.78000000000002,0.235000000000033));
#2516=CARTESIAN_POINT('',(-1.5,-0.772102399334164,0.5));
#2517=CARTESIAN_POINT('',(-1.5,0.780000000000009,0.500000000000038));
#2518=CARTESIAN_POINT('',(-1.5,-0.772102399334164,0.51));
#2519=CARTESIAN_POINT('',(-1.5,0.780000000000009,0.510000000000038));
#2520=CARTESIAN_POINT('',(-1.49,-0.772102399334164,0.51));
#2521=CARTESIAN_POINT('',(-1.49,0.780000000000009,0.510000000000038));
#2522=CARTESIAN_POINT('',(-3.47961134732067E-18,-0.772102399334172,0.51));
#2523=CARTESIAN_POINT('',(-3.47961134732067E-18,0.780000000000001,0.510000000000038));
#2524=CARTESIAN_POINT('',(1.49,-0.772102399334164,0.51));
#2525=CARTESIAN_POINT('',(1.49,0.780000000000009,0.510000000000038));
#2526=CARTESIAN_POINT('',(1.5,-0.772102399334164,0.51));
#2527=CARTESIAN_POINT('',(1.5,0.780000000000009,0.510000000000038));
#2528=CARTESIAN_POINT('',(1.5,-0.772102399334164,0.5));
#2529=CARTESIAN_POINT('',(1.5,0.780000000000009,0.500000000000038));
#2530=CARTESIAN_POINT('',(1.5,-0.772102399334153,0.234999999999995));
#2531=CARTESIAN_POINT('',(1.5,0.78000000000002,0.235000000000033));
#2532=CARTESIAN_POINT('',(1.5,-0.772102399334153,0.0699999999999947));
#2533=CARTESIAN_POINT('',(1.5,0.78000000000002,0.0700000000000327));
#2534=CARTESIAN_POINT('',(1.5,-0.772102399334153,0.0599999999999947));
#2535=CARTESIAN_POINT('',(1.5,0.78000000000002,0.0600000000000326));
#2536=CARTESIAN_POINT('',(1.49,-0.772102399334153,0.0599999999999948));
#2537=CARTESIAN_POINT('',(1.49,0.78000000000002,0.0600000000000327));
#2538=CARTESIAN_POINT('',(-3.47961134732067E-18,-0.772102399334161,0.0599999999999947));
#2539=CARTESIAN_POINT('',(-3.47961134732067E-18,0.780000000000012,0.0600000000000327));
#2540=CARTESIAN_POINT('',(-1.49,-0.772102399334153,0.0599999999999947));
#2541=CARTESIAN_POINT('',(-1.49,0.78000000000002,0.0600000000000327));
#2542=CARTESIAN_POINT('',(-1.49,0.78000000000002,0.0600000000000327));
#2543=CARTESIAN_POINT('',(1.49,0.780000000000013,0.510000000000038));
#2544=CARTESIAN_POINT('',(-1.49,-0.772102399334153,0.0599999999999947));
#2545=CARTESIAN_POINT('',(1.49000000224783,-0.77210239933416,0.51));
#2546=CARTESIAN_POINT('',(-1.49,-0.772102399334153,0.0599999999999947));
#2547=CARTESIAN_POINT('',(-1.49999999998263,-0.772102399334153,0.0599999999999947));
#2548=CARTESIAN_POINT('',(-1.49999999998526,-0.772102399334153,0.0699999999999947));
#2549=CARTESIAN_POINT('',(-1.50000000002852,-0.772102399334153,0.234999999999995));
#2550=CARTESIAN_POINT('',(-1.50000000009802,-0.772102399334164,0.5));
#2551=CARTESIAN_POINT('',(-1.50000000010064,-0.772102399334164,0.51));
#2552=CARTESIAN_POINT('',(-1.490000000118,-0.772102399334164,0.51));
#2553=CARTESIAN_POINT('',(1.06491442648197E-09,-0.77210239933417,0.51));
#2554=CARTESIAN_POINT('',(1.49000000224783,-0.77210239933416,0.51));
#2555=CARTESIAN_POINT('',(-1.49,-0.772102399334153,0.0599999999999947));
#2556=CARTESIAN_POINT('',(-1.49,0.78000000000002,0.0600000000000327));
#2557=CARTESIAN_POINT('',(1.49000000224783,-0.77210239933416,0.51));
#2558=CARTESIAN_POINT('',(1.49,0.780000000000013,0.510000000000038));
#2559=CARTESIAN_POINT('',(-1.49,0.78000000000002,0.0600000000000327));
#2560=CARTESIAN_POINT('',(-1.5,0.78000000000002,0.0600000000000327));
#2561=CARTESIAN_POINT('',(-1.5,0.78000000000002,0.0700000000000327));
#2562=CARTESIAN_POINT('',(-1.5,0.78000000000002,0.235000000000033));
#2563=CARTESIAN_POINT('',(-1.5,0.780000000000009,0.500000000000038));
#2564=CARTESIAN_POINT('',(-1.5,0.780000000000009,0.510000000000038));
#2565=CARTESIAN_POINT('',(-1.49,0.780000000000009,0.510000000000038));
#2566=CARTESIAN_POINT('',(4.16621843270071E-16,0.780000000000003,0.510000000000038));
#2567=CARTESIAN_POINT('',(1.49,0.780000000000013,0.510000000000038));
#2568=CARTESIAN_POINT('',(1.49,0.780000000000013,0.510000000000038));
#2569=CARTESIAN_POINT('',(1.5,0.780000000000013,0.510000000000037));
#2570=CARTESIAN_POINT('',(1.5,0.780000000000013,0.500000000000038));
#2571=CARTESIAN_POINT('',(1.5,0.780000000000024,0.235000000000033));
#2572=CARTESIAN_POINT('',(1.5,0.780000000000024,0.0700000000000327));
#2573=CARTESIAN_POINT('',(1.5,0.780000000000024,0.0600000000000326));
#2574=CARTESIAN_POINT('',(1.49,0.780000000000024,0.0600000000000327));
#2575=CARTESIAN_POINT('',(-1.07076306487728E-16,0.780000000000014,0.0600000000000327));
#2576=CARTESIAN_POINT('',(-1.49,0.78000000000002,0.0600000000000327));
#2577=CARTESIAN_POINT('',(1.49000000224783,-0.77210239933416,0.51));
#2578=CARTESIAN_POINT('',(1.4999999988724,-0.77210239933416,0.509999996628252));
#2579=CARTESIAN_POINT('',(1.49999999887295,-0.77210239933416,0.5));
#2580=CARTESIAN_POINT('',(1.49999999888771,-0.772102399334149,0.234999999999995));
#2581=CARTESIAN_POINT('',(1.4999999988969,-0.772102399334149,0.0699999999999949));
#2582=CARTESIAN_POINT('',(1.49999999889745,-0.772102399334149,0.0599999999999949));
#2583=CARTESIAN_POINT('',(1.48999999890114,-0.772102399334149,0.059999999999995));
#2584=CARTESIAN_POINT('',(-5.49429380608478E-10,-0.772102399334159,0.0599999999999948));
#2585=CARTESIAN_POINT('',(-1.49,-0.772102399334153,0.0599999999999947));
#2586=CARTESIAN_POINT('',(0.,0.,0.));
ENDSEC;
END-ISO-10303-21;
