ISO-10303-21;
HEADER;
FILE_DESCRIPTION(('FreeCAD Model'),'2;1');
FILE_NAME('Open CASCADE Shape Model','2025-09-30T00:33:51',(''),(''),
  'Open CASCADE STEP processor 7.8','FreeCAD','Unknown');
FILE_SCHEMA(('AUTOMOTIVE_DESIGN { 1 0 10303 214 1 1 1 1 }'));
ENDSEC;
DATA;
#1 = APPLICATION_PROTOCOL_DEFINITION('international standard',
  'automotive_design',2000,#2);
#2 = APPLICATION_CONTEXT(
  'core data for automotive mechanical design processes');
#3 = SHAPE_DEFINITION_REPRESENTATION(#4,#10);
#4 = PRODUCT_DEFINITION_SHAPE('','',#5);
#5 = PRODUCT_DEFINITION('design','',#6,#9);
#6 = PRODUCT_DEFINITION_FORMATION('','',#7);
#7 = PRODUCT('QFP_standard','QFP_standard','',(#8));
#8 = PRODUCT_CONTEXT('',#2,'mechanical');
#9 = PRODUCT_DEFINITION_CONTEXT('part definition',#2,'design');
#10 = SHAPE_REPRESENTATION('',(#11,#15,#19,#23,#27,#31,#35,#39,#43,#47,
    #51,#55,#59,#63,#67,#71,#75,#79,#83,#87,#91,#95,#99,#103,#107,#111,
    #115,#119,#123,#127,#131,#135,#139,#143,#147,#151,#155),#159);
#11 = AXIS2_PLACEMENT_3D('',#12,#13,#14);
#12 = CARTESIAN_POINT('',(0.,0.,0.));
#13 = DIRECTION('',(0.,0.,1.));
#14 = DIRECTION('',(1.,0.,-0.));
#15 = AXIS2_PLACEMENT_3D('',#16,#17,#18);
#16 = CARTESIAN_POINT('',(0.,0.,0.));
#17 = DIRECTION('',(0.,0.,1.));
#18 = DIRECTION('',(1.,0.,0.));
#19 = AXIS2_PLACEMENT_3D('',#20,#21,#22);
#20 = CARTESIAN_POINT('',(0.,0.,0.));
#21 = DIRECTION('',(0.,0.,1.));
#22 = DIRECTION('',(1.,0.,0.));
#23 = AXIS2_PLACEMENT_3D('',#24,#25,#26);
#24 = CARTESIAN_POINT('',(0.,0.,0.));
#25 = DIRECTION('',(0.,0.,1.));
#26 = DIRECTION('',(1.,0.,0.));
#27 = AXIS2_PLACEMENT_3D('',#28,#29,#30);
#28 = CARTESIAN_POINT('',(0.,0.,0.));
#29 = DIRECTION('',(0.,0.,1.));
#30 = DIRECTION('',(1.,0.,0.));
#31 = AXIS2_PLACEMENT_3D('',#32,#33,#34);
#32 = CARTESIAN_POINT('',(0.,0.,0.));
#33 = DIRECTION('',(0.,0.,1.));
#34 = DIRECTION('',(1.,0.,0.));
#35 = AXIS2_PLACEMENT_3D('',#36,#37,#38);
#36 = CARTESIAN_POINT('',(0.,0.,0.));
#37 = DIRECTION('',(0.,0.,1.));
#38 = DIRECTION('',(1.,0.,0.));
#39 = AXIS2_PLACEMENT_3D('',#40,#41,#42);
#40 = CARTESIAN_POINT('',(0.,0.,0.));
#41 = DIRECTION('',(0.,0.,1.));
#42 = DIRECTION('',(1.,0.,0.));
#43 = AXIS2_PLACEMENT_3D('',#44,#45,#46);
#44 = CARTESIAN_POINT('',(0.,0.,0.));
#45 = DIRECTION('',(0.,0.,1.));
#46 = DIRECTION('',(1.,0.,0.));
#47 = AXIS2_PLACEMENT_3D('',#48,#49,#50);
#48 = CARTESIAN_POINT('',(0.,0.,0.));
#49 = DIRECTION('',(0.,0.,1.));
#50 = DIRECTION('',(1.,0.,0.));
#51 = AXIS2_PLACEMENT_3D('',#52,#53,#54);
#52 = CARTESIAN_POINT('',(0.,0.,0.));
#53 = DIRECTION('',(0.,0.,1.));
#54 = DIRECTION('',(1.,0.,0.));
#55 = AXIS2_PLACEMENT_3D('',#56,#57,#58);
#56 = CARTESIAN_POINT('',(0.,0.,0.));
#57 = DIRECTION('',(0.,0.,1.));
#58 = DIRECTION('',(1.,0.,0.));
#59 = AXIS2_PLACEMENT_3D('',#60,#61,#62);
#60 = CARTESIAN_POINT('',(0.,0.,0.));
#61 = DIRECTION('',(0.,-1.,-2.22044604925E-16));
#62 = DIRECTION('',(1.,0.,0.));
#63 = AXIS2_PLACEMENT_3D('',#64,#65,#66);
#64 = CARTESIAN_POINT('',(0.,0.,0.));
#65 = DIRECTION('',(0.,-1.,-2.22044604925E-16));
#66 = DIRECTION('',(1.,0.,0.));
#67 = AXIS2_PLACEMENT_3D('',#68,#69,#70);
#68 = CARTESIAN_POINT('',(0.,0.,0.));
#69 = DIRECTION('',(0.,-1.,-2.22044604925E-16));
#70 = DIRECTION('',(1.,0.,0.));
#71 = AXIS2_PLACEMENT_3D('',#72,#73,#74);
#72 = CARTESIAN_POINT('',(0.,0.,0.));
#73 = DIRECTION('',(0.,-1.,-2.22044604925E-16));
#74 = DIRECTION('',(1.,0.,0.));
#75 = AXIS2_PLACEMENT_3D('',#76,#77,#78);
#76 = CARTESIAN_POINT('',(0.,0.,0.));
#77 = DIRECTION('',(0.,-1.,-2.22044604925E-16));
#78 = DIRECTION('',(1.,0.,0.));
#79 = AXIS2_PLACEMENT_3D('',#80,#81,#82);
#80 = CARTESIAN_POINT('',(0.,0.,0.));
#81 = DIRECTION('',(0.,0.,1.));
#82 = DIRECTION('',(1.,0.,0.));
#83 = AXIS2_PLACEMENT_3D('',#84,#85,#86);
#84 = CARTESIAN_POINT('',(0.,0.,0.));
#85 = DIRECTION('',(0.,0.,1.));
#86 = DIRECTION('',(1.,0.,0.));
#87 = AXIS2_PLACEMENT_3D('',#88,#89,#90);
#88 = CARTESIAN_POINT('',(0.,0.,0.));
#89 = DIRECTION('',(0.,0.,1.));
#90 = DIRECTION('',(1.,0.,0.));
#91 = AXIS2_PLACEMENT_3D('',#92,#93,#94);
#92 = CARTESIAN_POINT('',(0.,0.,0.));
#93 = DIRECTION('',(0.,0.,1.));
#94 = DIRECTION('',(1.,0.,0.));
#95 = AXIS2_PLACEMENT_3D('',#96,#97,#98);
#96 = CARTESIAN_POINT('',(0.,0.,0.));
#97 = DIRECTION('',(0.,0.,1.));
#98 = DIRECTION('',(1.,0.,0.));
#99 = AXIS2_PLACEMENT_3D('',#100,#101,#102);
#100 = CARTESIAN_POINT('',(0.,0.,0.));
#101 = DIRECTION('',(1.,1.232595164408E-32,1.110223024625E-16));
#102 = DIRECTION('',(0.,1.,-1.110223024625E-16));
#103 = AXIS2_PLACEMENT_3D('',#104,#105,#106);
#104 = CARTESIAN_POINT('',(0.,0.,0.));
#105 = DIRECTION('',(1.,1.232595164408E-32,1.110223024625E-16));
#106 = DIRECTION('',(0.,1.,-1.110223024625E-16));
#107 = AXIS2_PLACEMENT_3D('',#108,#109,#110);
#108 = CARTESIAN_POINT('',(0.,0.,0.));
#109 = DIRECTION('',(1.,1.232595164408E-32,1.110223024625E-16));
#110 = DIRECTION('',(0.,1.,-1.110223024625E-16));
#111 = AXIS2_PLACEMENT_3D('',#112,#113,#114);
#112 = CARTESIAN_POINT('',(0.,0.,0.));
#113 = DIRECTION('',(1.,1.232595164408E-32,1.110223024625E-16));
#114 = DIRECTION('',(0.,1.,-1.110223024625E-16));
#115 = AXIS2_PLACEMENT_3D('',#116,#117,#118);
#116 = CARTESIAN_POINT('',(0.,0.,0.));
#117 = DIRECTION('',(1.,1.232595164408E-32,1.110223024625E-16));
#118 = DIRECTION('',(0.,1.,-1.110223024625E-16));
#119 = AXIS2_PLACEMENT_3D('',#120,#121,#122);
#120 = CARTESIAN_POINT('',(0.,0.,0.));
#121 = DIRECTION('',(1.,1.232595164408E-32,1.110223024625E-16));
#122 = DIRECTION('',(0.,1.,-1.110223024625E-16));
#123 = AXIS2_PLACEMENT_3D('',#124,#125,#126);
#124 = CARTESIAN_POINT('',(0.,0.,0.));
#125 = DIRECTION('',(1.,1.232595164408E-32,1.110223024625E-16));
#126 = DIRECTION('',(0.,1.,-1.110223024625E-16));
#127 = AXIS2_PLACEMENT_3D('',#128,#129,#130);
#128 = CARTESIAN_POINT('',(0.,0.,0.));
#129 = DIRECTION('',(1.,1.232595164408E-32,1.110223024625E-16));
#130 = DIRECTION('',(0.,1.,-1.110223024625E-16));
#131 = AXIS2_PLACEMENT_3D('',#132,#133,#134);
#132 = CARTESIAN_POINT('',(0.,0.,0.));
#133 = DIRECTION('',(1.,1.232595164408E-32,1.110223024625E-16));
#134 = DIRECTION('',(0.,1.,-1.110223024625E-16));
#135 = AXIS2_PLACEMENT_3D('',#136,#137,#138);
#136 = CARTESIAN_POINT('',(0.,0.,0.));
#137 = DIRECTION('',(1.,1.232595164408E-32,1.110223024625E-16));
#138 = DIRECTION('',(0.,1.,-1.110223024625E-16));
#139 = AXIS2_PLACEMENT_3D('',#140,#141,#142);
#140 = CARTESIAN_POINT('',(0.,0.,0.));
#141 = DIRECTION('',(0.,-1.,1.110223024625E-16));
#142 = DIRECTION('',(0.,1.110223024625E-16,1.));
#143 = AXIS2_PLACEMENT_3D('',#144,#145,#146);
#144 = CARTESIAN_POINT('',(0.,0.,0.));
#145 = DIRECTION('',(0.,-1.,1.110223024625E-16));
#146 = DIRECTION('',(0.,1.110223024625E-16,1.));
#147 = AXIS2_PLACEMENT_3D('',#148,#149,#150);
#148 = CARTESIAN_POINT('',(0.,0.,0.));
#149 = DIRECTION('',(0.,-1.,1.110223024625E-16));
#150 = DIRECTION('',(0.,1.110223024625E-16,1.));
#151 = AXIS2_PLACEMENT_3D('',#152,#153,#154);
#152 = CARTESIAN_POINT('',(0.,0.,0.));
#153 = DIRECTION('',(0.,-1.,1.110223024625E-16));
#154 = DIRECTION('',(0.,1.110223024625E-16,1.));
#155 = AXIS2_PLACEMENT_3D('',#156,#157,#158);
#156 = CARTESIAN_POINT('',(0.,0.,0.));
#157 = DIRECTION('',(0.,-1.,1.110223024625E-16));
#158 = DIRECTION('',(0.,1.110223024625E-16,1.));
#159 = ( GEOMETRIC_REPRESENTATION_CONTEXT(3) 
GLOBAL_UNCERTAINTY_ASSIGNED_CONTEXT((#163)) GLOBAL_UNIT_ASSIGNED_CONTEXT
((#160,#161,#162)) REPRESENTATION_CONTEXT('Context #1',
  '3D Context with UNIT and UNCERTAINTY') );
#160 = ( LENGTH_UNIT() NAMED_UNIT(*) SI_UNIT(.MILLI.,.METRE.) );
#161 = ( NAMED_UNIT(*) PLANE_ANGLE_UNIT() SI_UNIT($,.RADIAN.) );
#162 = ( NAMED_UNIT(*) SI_UNIT($,.STERADIAN.) SOLID_ANGLE_UNIT() );
#163 = UNCERTAINTY_MEASURE_WITH_UNIT(LENGTH_MEASURE(2.E-07),#160,
  'distance_accuracy_value','confusion accuracy');
#164 = PRODUCT_RELATED_PRODUCT_CATEGORY('part',$,(#7));
#165 = SHAPE_DEFINITION_REPRESENTATION(#166,#172);
#166 = PRODUCT_DEFINITION_SHAPE('','',#167);
#167 = PRODUCT_DEFINITION('design','',#168,#171);
#168 = PRODUCT_DEFINITION_FORMATION('','',#169);
#169 = PRODUCT('Array','Array','',(#170));
#170 = PRODUCT_CONTEXT('',#2,'mechanical');
#171 = PRODUCT_DEFINITION_CONTEXT('part definition',#2,'design');
#172 = SHAPE_REPRESENTATION('',(#11,#173,#177,#181,#185,#189,#193,#197,
    #201,#205,#209,#213,#217,#221,#225,#229,#233,#237,#241,#245,#249,
    #253,#257,#261,#265,#269,#273,#277,#281,#285,#289,#293,#297,#301,
    #305,#309,#313,#317,#321,#325,#329,#333,#337,#341,#345),#349);
#173 = AXIS2_PLACEMENT_3D('',#174,#175,#176);
#174 = CARTESIAN_POINT('',(0.,0.,0.));
#175 = DIRECTION('',(0.,0.,1.));
#176 = DIRECTION('',(1.,0.,0.));
#177 = AXIS2_PLACEMENT_3D('',#178,#179,#180);
#178 = CARTESIAN_POINT('',(0.,0.,-0.5));
#179 = DIRECTION('',(0.,0.,1.));
#180 = DIRECTION('',(1.,0.,0.));
#181 = AXIS2_PLACEMENT_3D('',#182,#183,#184);
#182 = CARTESIAN_POINT('',(0.,0.,-1.));
#183 = DIRECTION('',(0.,0.,1.));
#184 = DIRECTION('',(1.,0.,0.));
#185 = AXIS2_PLACEMENT_3D('',#186,#187,#188);
#186 = CARTESIAN_POINT('',(0.,0.,-1.5));
#187 = DIRECTION('',(0.,0.,1.));
#188 = DIRECTION('',(1.,0.,0.));
#189 = AXIS2_PLACEMENT_3D('',#190,#191,#192);
#190 = CARTESIAN_POINT('',(0.,0.,-2.));
#191 = DIRECTION('',(0.,0.,1.));
#192 = DIRECTION('',(1.,0.,0.));
#193 = AXIS2_PLACEMENT_3D('',#194,#195,#196);
#194 = CARTESIAN_POINT('',(0.,0.,-2.5));
#195 = DIRECTION('',(0.,0.,1.));
#196 = DIRECTION('',(1.,0.,0.));
#197 = AXIS2_PLACEMENT_3D('',#198,#199,#200);
#198 = CARTESIAN_POINT('',(0.,0.,-3.));
#199 = DIRECTION('',(0.,0.,1.));
#200 = DIRECTION('',(1.,0.,0.));
#201 = AXIS2_PLACEMENT_3D('',#202,#203,#204);
#202 = CARTESIAN_POINT('',(0.,0.,-3.5));
#203 = DIRECTION('',(0.,0.,1.));
#204 = DIRECTION('',(1.,0.,0.));
#205 = AXIS2_PLACEMENT_3D('',#206,#207,#208);
#206 = CARTESIAN_POINT('',(0.,0.,-4.));
#207 = DIRECTION('',(0.,0.,1.));
#208 = DIRECTION('',(1.,0.,0.));
#209 = AXIS2_PLACEMENT_3D('',#210,#211,#212);
#210 = CARTESIAN_POINT('',(0.,0.,-4.5));
#211 = DIRECTION('',(0.,0.,1.));
#212 = DIRECTION('',(1.,0.,0.));
#213 = AXIS2_PLACEMENT_3D('',#214,#215,#216);
#214 = CARTESIAN_POINT('',(0.,0.,-5.));
#215 = DIRECTION('',(0.,0.,1.));
#216 = DIRECTION('',(1.,0.,0.));
#217 = AXIS2_PLACEMENT_3D('',#218,#219,#220);
#218 = CARTESIAN_POINT('',(0.,0.,-5.5));
#219 = DIRECTION('',(0.,0.,1.));
#220 = DIRECTION('',(1.,0.,0.));
#221 = AXIS2_PLACEMENT_3D('',#222,#223,#224);
#222 = CARTESIAN_POINT('',(0.,0.,-6.));
#223 = DIRECTION('',(0.,0.,1.));
#224 = DIRECTION('',(1.,0.,0.));
#225 = AXIS2_PLACEMENT_3D('',#226,#227,#228);
#226 = CARTESIAN_POINT('',(0.,0.,-6.5));
#227 = DIRECTION('',(0.,0.,1.));
#228 = DIRECTION('',(1.,0.,0.));
#229 = AXIS2_PLACEMENT_3D('',#230,#231,#232);
#230 = CARTESIAN_POINT('',(0.,0.,-7.));
#231 = DIRECTION('',(0.,0.,1.));
#232 = DIRECTION('',(1.,0.,0.));
#233 = AXIS2_PLACEMENT_3D('',#234,#235,#236);
#234 = CARTESIAN_POINT('',(0.,0.,-7.5));
#235 = DIRECTION('',(0.,0.,1.));
#236 = DIRECTION('',(1.,0.,0.));
#237 = AXIS2_PLACEMENT_3D('',#238,#239,#240);
#238 = CARTESIAN_POINT('',(0.,0.,-8.));
#239 = DIRECTION('',(0.,0.,1.));
#240 = DIRECTION('',(1.,0.,0.));
#241 = AXIS2_PLACEMENT_3D('',#242,#243,#244);
#242 = CARTESIAN_POINT('',(0.,0.,-8.5));
#243 = DIRECTION('',(0.,0.,1.));
#244 = DIRECTION('',(1.,0.,0.));
#245 = AXIS2_PLACEMENT_3D('',#246,#247,#248);
#246 = CARTESIAN_POINT('',(0.,0.,-9.));
#247 = DIRECTION('',(0.,0.,1.));
#248 = DIRECTION('',(1.,0.,0.));
#249 = AXIS2_PLACEMENT_3D('',#250,#251,#252);
#250 = CARTESIAN_POINT('',(0.,0.,-9.5));
#251 = DIRECTION('',(0.,0.,1.));
#252 = DIRECTION('',(1.,0.,0.));
#253 = AXIS2_PLACEMENT_3D('',#254,#255,#256);
#254 = CARTESIAN_POINT('',(0.,0.,-10.));
#255 = DIRECTION('',(0.,0.,1.));
#256 = DIRECTION('',(1.,0.,0.));
#257 = AXIS2_PLACEMENT_3D('',#258,#259,#260);
#258 = CARTESIAN_POINT('',(0.,0.,-10.5));
#259 = DIRECTION('',(0.,0.,1.));
#260 = DIRECTION('',(1.,0.,0.));
#261 = AXIS2_PLACEMENT_3D('',#262,#263,#264);
#262 = CARTESIAN_POINT('',(0.,0.,-11.));
#263 = DIRECTION('',(0.,0.,1.));
#264 = DIRECTION('',(1.,0.,0.));
#265 = AXIS2_PLACEMENT_3D('',#266,#267,#268);
#266 = CARTESIAN_POINT('',(0.,0.,-11.5));
#267 = DIRECTION('',(0.,0.,1.));
#268 = DIRECTION('',(1.,0.,0.));
#269 = AXIS2_PLACEMENT_3D('',#270,#271,#272);
#270 = CARTESIAN_POINT('',(0.,0.,-12.));
#271 = DIRECTION('',(0.,0.,1.));
#272 = DIRECTION('',(1.,0.,0.));
#273 = AXIS2_PLACEMENT_3D('',#274,#275,#276);
#274 = CARTESIAN_POINT('',(0.,0.,-12.5));
#275 = DIRECTION('',(0.,0.,1.));
#276 = DIRECTION('',(1.,0.,0.));
#277 = AXIS2_PLACEMENT_3D('',#278,#279,#280);
#278 = CARTESIAN_POINT('',(0.,0.,-13.));
#279 = DIRECTION('',(0.,0.,1.));
#280 = DIRECTION('',(1.,0.,0.));
#281 = AXIS2_PLACEMENT_3D('',#282,#283,#284);
#282 = CARTESIAN_POINT('',(0.,0.,-13.5));
#283 = DIRECTION('',(0.,0.,1.));
#284 = DIRECTION('',(1.,0.,0.));
#285 = AXIS2_PLACEMENT_3D('',#286,#287,#288);
#286 = CARTESIAN_POINT('',(0.,0.,-14.));
#287 = DIRECTION('',(0.,0.,1.));
#288 = DIRECTION('',(1.,0.,0.));
#289 = AXIS2_PLACEMENT_3D('',#290,#291,#292);
#290 = CARTESIAN_POINT('',(0.,0.,-14.5));
#291 = DIRECTION('',(0.,0.,1.));
#292 = DIRECTION('',(1.,0.,0.));
#293 = AXIS2_PLACEMENT_3D('',#294,#295,#296);
#294 = CARTESIAN_POINT('',(0.,0.,-15.));
#295 = DIRECTION('',(0.,0.,1.));
#296 = DIRECTION('',(1.,0.,0.));
#297 = AXIS2_PLACEMENT_3D('',#298,#299,#300);
#298 = CARTESIAN_POINT('',(0.,0.,-15.5));
#299 = DIRECTION('',(0.,0.,1.));
#300 = DIRECTION('',(1.,0.,0.));
#301 = AXIS2_PLACEMENT_3D('',#302,#303,#304);
#302 = CARTESIAN_POINT('',(0.,0.,-16.));
#303 = DIRECTION('',(0.,0.,1.));
#304 = DIRECTION('',(1.,0.,0.));
#305 = AXIS2_PLACEMENT_3D('',#306,#307,#308);
#306 = CARTESIAN_POINT('',(0.,0.,-16.5));
#307 = DIRECTION('',(0.,0.,1.));
#308 = DIRECTION('',(1.,0.,0.));
#309 = AXIS2_PLACEMENT_3D('',#310,#311,#312);
#310 = CARTESIAN_POINT('',(0.,0.,-17.));
#311 = DIRECTION('',(0.,0.,1.));
#312 = DIRECTION('',(1.,0.,0.));
#313 = AXIS2_PLACEMENT_3D('',#314,#315,#316);
#314 = CARTESIAN_POINT('',(0.,0.,-17.5));
#315 = DIRECTION('',(0.,0.,1.));
#316 = DIRECTION('',(1.,0.,0.));
#317 = AXIS2_PLACEMENT_3D('',#318,#319,#320);
#318 = CARTESIAN_POINT('',(0.,0.,-18.));
#319 = DIRECTION('',(0.,0.,1.));
#320 = DIRECTION('',(1.,0.,0.));
#321 = AXIS2_PLACEMENT_3D('',#322,#323,#324);
#322 = CARTESIAN_POINT('',(0.,0.,-18.5));
#323 = DIRECTION('',(0.,0.,1.));
#324 = DIRECTION('',(1.,0.,0.));
#325 = AXIS2_PLACEMENT_3D('',#326,#327,#328);
#326 = CARTESIAN_POINT('',(0.,0.,-19.));
#327 = DIRECTION('',(0.,0.,1.));
#328 = DIRECTION('',(1.,0.,0.));
#329 = AXIS2_PLACEMENT_3D('',#330,#331,#332);
#330 = CARTESIAN_POINT('',(0.,0.,-19.5));
#331 = DIRECTION('',(0.,0.,1.));
#332 = DIRECTION('',(1.,0.,0.));
#333 = AXIS2_PLACEMENT_3D('',#334,#335,#336);
#334 = CARTESIAN_POINT('',(0.,0.,-20.));
#335 = DIRECTION('',(0.,0.,1.));
#336 = DIRECTION('',(1.,0.,0.));
#337 = AXIS2_PLACEMENT_3D('',#338,#339,#340);
#338 = CARTESIAN_POINT('',(0.,0.,-20.5));
#339 = DIRECTION('',(0.,0.,1.));
#340 = DIRECTION('',(1.,0.,0.));
#341 = AXIS2_PLACEMENT_3D('',#342,#343,#344);
#342 = CARTESIAN_POINT('',(0.,0.,-21.));
#343 = DIRECTION('',(0.,0.,1.));
#344 = DIRECTION('',(1.,0.,0.));
#345 = AXIS2_PLACEMENT_3D('',#346,#347,#348);
#346 = CARTESIAN_POINT('',(0.,0.,-21.5));
#347 = DIRECTION('',(0.,0.,1.));
#348 = DIRECTION('',(1.,0.,0.));
#349 = ( GEOMETRIC_REPRESENTATION_CONTEXT(3) 
GLOBAL_UNCERTAINTY_ASSIGNED_CONTEXT((#353)) GLOBAL_UNIT_ASSIGNED_CONTEXT
((#350,#351,#352)) REPRESENTATION_CONTEXT('Context #1',
  '3D Context with UNIT and UNCERTAINTY') );
#350 = ( LENGTH_UNIT() NAMED_UNIT(*) SI_UNIT(.MILLI.,.METRE.) );
#351 = ( NAMED_UNIT(*) PLANE_ANGLE_UNIT() SI_UNIT($,.RADIAN.) );
#352 = ( NAMED_UNIT(*) SI_UNIT($,.STERADIAN.) SOLID_ANGLE_UNIT() );
#353 = UNCERTAINTY_MEASURE_WITH_UNIT(LENGTH_MEASURE(1.E-07),#350,
  'distance_accuracy_value','confusion accuracy');
#354 = CONTEXT_DEPENDENT_SHAPE_REPRESENTATION(#355,#357);
#355 = ( REPRESENTATION_RELATIONSHIP('','',#172,#10) 
REPRESENTATION_RELATIONSHIP_WITH_TRANSFORMATION(#356) 
SHAPE_REPRESENTATION_RELATIONSHIP() );
#356 = ITEM_DEFINED_TRANSFORMATION('','',#11,#15);
#357 = PRODUCT_DEFINITION_SHAPE('Placement','Placement of an item',#358
  );
#358 = NEXT_ASSEMBLY_USAGE_OCCURRENCE('2755','Array','',#5,#167,$);
#359 = PRODUCT_RELATED_PRODUCT_CATEGORY('part',$,(#169));
#360 = SHAPE_DEFINITION_REPRESENTATION(#361,#367);
#361 = PRODUCT_DEFINITION_SHAPE('','',#362);
#362 = PRODUCT_DEFINITION('design','',#363,#366);
#363 = PRODUCT_DEFINITION_FORMATION('','',#364);
#364 = PRODUCT('Body001 (Mirror #1)','Body001 (Mirror #1)','',(#365));
#365 = PRODUCT_CONTEXT('',#2,'mechanical');
#366 = PRODUCT_DEFINITION_CONTEXT('part definition',#2,'design');
#367 = ADVANCED_BREP_SHAPE_REPRESENTATION('',(#11,#368),#720);
#368 = MANIFOLD_SOLID_BREP('',#369);
#369 = CLOSED_SHELL('',(#370,#410,#441,#474,#505,#536,#567,#598,#631,
    #662,#684,#702));
#370 = ADVANCED_FACE('',(#371),#405,.F.);
#371 = FACE_BOUND('',#372,.T.);
#372 = EDGE_LOOP('',(#373,#383,#391,#399));
#373 = ORIENTED_EDGE('',*,*,#374,.T.);
#374 = EDGE_CURVE('',#375,#377,#379,.T.);
#375 = VERTEX_POINT('',#376);
#376 = CARTESIAN_POINT('',(-12.,0.81,10.68));
#377 = VERTEX_POINT('',#378);
#378 = CARTESIAN_POINT('',(-12.,0.81,10.82));
#379 = LINE('',#380,#381);
#380 = CARTESIAN_POINT('',(-12.,0.81,10.68));
#381 = VECTOR('',#382,1.);
#382 = DIRECTION('',(-0.,-0.,1.));
#383 = ORIENTED_EDGE('',*,*,#384,.T.);
#384 = EDGE_CURVE('',#377,#385,#387,.T.);
#385 = VERTEX_POINT('',#386);
#386 = CARTESIAN_POINT('',(-12.36,0.81,10.82));
#387 = LINE('',#388,#389);
#388 = CARTESIAN_POINT('',(-12.,0.81,10.82));
#389 = VECTOR('',#390,1.);
#390 = DIRECTION('',(-1.,-0.,-0.));
#391 = ORIENTED_EDGE('',*,*,#392,.F.);
#392 = EDGE_CURVE('',#393,#385,#395,.T.);
#393 = VERTEX_POINT('',#394);
#394 = CARTESIAN_POINT('',(-12.36,0.81,10.68));
#395 = LINE('',#396,#397);
#396 = CARTESIAN_POINT('',(-12.36,0.81,10.68));
#397 = VECTOR('',#398,1.);
#398 = DIRECTION('',(-0.,-0.,1.));
#399 = ORIENTED_EDGE('',*,*,#400,.F.);
#400 = EDGE_CURVE('',#375,#393,#401,.T.);
#401 = LINE('',#402,#403);
#402 = CARTESIAN_POINT('',(-12.,0.81,10.68));
#403 = VECTOR('',#404,1.);
#404 = DIRECTION('',(-1.,-0.,-0.));
#405 = PLANE('',#406);
#406 = AXIS2_PLACEMENT_3D('',#407,#408,#409);
#407 = CARTESIAN_POINT('',(-12.,0.81,10.68));
#408 = DIRECTION('',(-0.,1.,-0.));
#409 = DIRECTION('',(1.,0.,0.));
#410 = ADVANCED_FACE('',(#411),#436,.F.);
#411 = FACE_BOUND('',#412,.T.);
#412 = EDGE_LOOP('',(#413,#414,#422,#430));
#413 = ORIENTED_EDGE('',*,*,#392,.T.);
#414 = ORIENTED_EDGE('',*,*,#415,.T.);
#415 = EDGE_CURVE('',#385,#416,#418,.T.);
#416 = VERTEX_POINT('',#417);
#417 = CARTESIAN_POINT('',(-12.36,0.14,10.82));
#418 = LINE('',#419,#420);
#419 = CARTESIAN_POINT('',(-12.36,0.81,10.82));
#420 = VECTOR('',#421,1.);
#421 = DIRECTION('',(-0.,-1.,-0.));
#422 = ORIENTED_EDGE('',*,*,#423,.F.);
#423 = EDGE_CURVE('',#424,#416,#426,.T.);
#424 = VERTEX_POINT('',#425);
#425 = CARTESIAN_POINT('',(-12.36,0.14,10.68));
#426 = LINE('',#427,#428);
#427 = CARTESIAN_POINT('',(-12.36,0.14,10.68));
#428 = VECTOR('',#429,1.);
#429 = DIRECTION('',(-0.,-0.,1.));
#430 = ORIENTED_EDGE('',*,*,#431,.F.);
#431 = EDGE_CURVE('',#393,#424,#432,.T.);
#432 = LINE('',#433,#434);
#433 = CARTESIAN_POINT('',(-12.36,0.81,10.68));
#434 = VECTOR('',#435,1.);
#435 = DIRECTION('',(-0.,-1.,-0.));
#436 = PLANE('',#437);
#437 = AXIS2_PLACEMENT_3D('',#438,#439,#440);
#438 = CARTESIAN_POINT('',(-12.36,0.81,10.68));
#439 = DIRECTION('',(-1.,-0.,-0.));
#440 = DIRECTION('',(0.,1.,0.));
#441 = ADVANCED_FACE('',(#442),#469,.T.);
#442 = FACE_BOUND('',#443,.T.);
#443 = EDGE_LOOP('',(#444,#445,#454,#462));
#444 = ORIENTED_EDGE('',*,*,#423,.T.);
#445 = ORIENTED_EDGE('',*,*,#446,.T.);
#446 = EDGE_CURVE('',#416,#447,#449,.T.);
#447 = VERTEX_POINT('',#448);
#448 = CARTESIAN_POINT('',(-12.5,1.44175055139E-32,10.82));
#449 = CIRCLE('',#450,0.14);
#450 = AXIS2_PLACEMENT_3D('',#451,#452,#453);
#451 = CARTESIAN_POINT('',(-12.5,0.14,10.82));
#452 = DIRECTION('',(0.,0.,-1.));
#453 = DIRECTION('',(-1.,-0.,-0.));
#454 = ORIENTED_EDGE('',*,*,#455,.F.);
#455 = EDGE_CURVE('',#456,#447,#458,.T.);
#456 = VERTEX_POINT('',#457);
#457 = CARTESIAN_POINT('',(-12.5,1.44175055139E-32,10.68));
#458 = LINE('',#459,#460);
#459 = CARTESIAN_POINT('',(-12.5,1.44175055139E-32,10.68));
#460 = VECTOR('',#461,1.);
#461 = DIRECTION('',(-0.,-0.,1.));
#462 = ORIENTED_EDGE('',*,*,#463,.F.);
#463 = EDGE_CURVE('',#424,#456,#464,.T.);
#464 = CIRCLE('',#465,0.14);
#465 = AXIS2_PLACEMENT_3D('',#466,#467,#468);
#466 = CARTESIAN_POINT('',(-12.5,0.14,10.68));
#467 = DIRECTION('',(0.,0.,-1.));
#468 = DIRECTION('',(-1.,-0.,-0.));
#469 = CYLINDRICAL_SURFACE('',#470,0.14);
#470 = AXIS2_PLACEMENT_3D('',#471,#472,#473);
#471 = CARTESIAN_POINT('',(-12.5,0.14,10.68));
#472 = DIRECTION('',(0.,-0.,-1.));
#473 = DIRECTION('',(-1.,-0.,-0.));
#474 = ADVANCED_FACE('',(#475),#500,.F.);
#475 = FACE_BOUND('',#476,.T.);
#476 = EDGE_LOOP('',(#477,#478,#486,#494));
#477 = ORIENTED_EDGE('',*,*,#455,.T.);
#478 = ORIENTED_EDGE('',*,*,#479,.T.);
#479 = EDGE_CURVE('',#447,#480,#482,.T.);
#480 = VERTEX_POINT('',#481);
#481 = CARTESIAN_POINT('',(-13.,-9.501353100163E-33,10.82));
#482 = LINE('',#483,#484);
#483 = CARTESIAN_POINT('',(-12.5,1.44175055139E-32,10.82));
#484 = VECTOR('',#485,1.);
#485 = DIRECTION('',(-1.,-4.783771722814E-32,-0.));
#486 = ORIENTED_EDGE('',*,*,#487,.F.);
#487 = EDGE_CURVE('',#488,#480,#490,.T.);
#488 = VERTEX_POINT('',#489);
#489 = CARTESIAN_POINT('',(-13.,-9.501353100163E-33,10.68));
#490 = LINE('',#491,#492);
#491 = CARTESIAN_POINT('',(-13.,-9.501353100163E-33,10.68));
#492 = VECTOR('',#493,1.);
#493 = DIRECTION('',(-0.,-0.,1.));
#494 = ORIENTED_EDGE('',*,*,#495,.F.);
#495 = EDGE_CURVE('',#456,#488,#496,.T.);
#496 = LINE('',#497,#498);
#497 = CARTESIAN_POINT('',(-12.5,1.44175055139E-32,10.68));
#498 = VECTOR('',#499,1.);
#499 = DIRECTION('',(-1.,-4.783771722814E-32,-0.));
#500 = PLANE('',#501);
#501 = AXIS2_PLACEMENT_3D('',#502,#503,#504);
#502 = CARTESIAN_POINT('',(-12.5,1.44175055139E-32,10.68));
#503 = DIRECTION('',(-4.783771722814E-32,1.,-0.));
#504 = DIRECTION('',(1.,4.783771722814E-32,0.));
#505 = ADVANCED_FACE('',(#506),#531,.F.);
#506 = FACE_BOUND('',#507,.T.);
#507 = EDGE_LOOP('',(#508,#509,#517,#525));
#508 = ORIENTED_EDGE('',*,*,#487,.T.);
#509 = ORIENTED_EDGE('',*,*,#510,.T.);
#510 = EDGE_CURVE('',#480,#511,#513,.T.);
#511 = VERTEX_POINT('',#512);
#512 = CARTESIAN_POINT('',(-13.,0.14,10.82));
#513 = LINE('',#514,#515);
#514 = CARTESIAN_POINT('',(-13.,-9.501353100163E-33,10.82));
#515 = VECTOR('',#516,1.);
#516 = DIRECTION('',(0.,1.,0.));
#517 = ORIENTED_EDGE('',*,*,#518,.F.);
#518 = EDGE_CURVE('',#519,#511,#521,.T.);
#519 = VERTEX_POINT('',#520);
#520 = CARTESIAN_POINT('',(-13.,0.14,10.68));
#521 = LINE('',#522,#523);
#522 = CARTESIAN_POINT('',(-13.,0.14,10.68));
#523 = VECTOR('',#524,1.);
#524 = DIRECTION('',(-0.,-0.,1.));
#525 = ORIENTED_EDGE('',*,*,#526,.F.);
#526 = EDGE_CURVE('',#488,#519,#527,.T.);
#527 = LINE('',#528,#529);
#528 = CARTESIAN_POINT('',(-13.,-9.501353100163E-33,10.68));
#529 = VECTOR('',#530,1.);
#530 = DIRECTION('',(0.,1.,0.));
#531 = PLANE('',#532);
#532 = AXIS2_PLACEMENT_3D('',#533,#534,#535);
#533 = CARTESIAN_POINT('',(-13.,-9.501353100163E-33,10.68));
#534 = DIRECTION('',(1.,-0.,-0.));
#535 = DIRECTION('',(0.,-1.,0.));
#536 = ADVANCED_FACE('',(#537),#562,.F.);
#537 = FACE_BOUND('',#538,.T.);
#538 = EDGE_LOOP('',(#539,#540,#548,#556));
#539 = ORIENTED_EDGE('',*,*,#518,.T.);
#540 = ORIENTED_EDGE('',*,*,#541,.T.);
#541 = EDGE_CURVE('',#511,#542,#544,.T.);
#542 = VERTEX_POINT('',#543);
#543 = CARTESIAN_POINT('',(-12.5,0.14,10.82));
#544 = LINE('',#545,#546);
#545 = CARTESIAN_POINT('',(-13.,0.14,10.82));
#546 = VECTOR('',#547,1.);
#547 = DIRECTION('',(1.,0.,0.));
#548 = ORIENTED_EDGE('',*,*,#549,.F.);
#549 = EDGE_CURVE('',#550,#542,#552,.T.);
#550 = VERTEX_POINT('',#551);
#551 = CARTESIAN_POINT('',(-12.5,0.14,10.68));
#552 = LINE('',#553,#554);
#553 = CARTESIAN_POINT('',(-12.5,0.14,10.68));
#554 = VECTOR('',#555,1.);
#555 = DIRECTION('',(-0.,-0.,1.));
#556 = ORIENTED_EDGE('',*,*,#557,.F.);
#557 = EDGE_CURVE('',#519,#550,#558,.T.);
#558 = LINE('',#559,#560);
#559 = CARTESIAN_POINT('',(-13.,0.14,10.68));
#560 = VECTOR('',#561,1.);
#561 = DIRECTION('',(1.,0.,0.));
#562 = PLANE('',#563);
#563 = AXIS2_PLACEMENT_3D('',#564,#565,#566);
#564 = CARTESIAN_POINT('',(-13.,0.14,10.68));
#565 = DIRECTION('',(-0.,-1.,-0.));
#566 = DIRECTION('',(-1.,0.,0.));
#567 = ADVANCED_FACE('',(#568),#593,.F.);
#568 = FACE_BOUND('',#569,.T.);
#569 = EDGE_LOOP('',(#570,#571,#579,#587));
#570 = ORIENTED_EDGE('',*,*,#549,.T.);
#571 = ORIENTED_EDGE('',*,*,#572,.T.);
#572 = EDGE_CURVE('',#542,#573,#575,.T.);
#573 = VERTEX_POINT('',#574);
#574 = CARTESIAN_POINT('',(-12.5,0.81,10.82));
#575 = LINE('',#576,#577);
#576 = CARTESIAN_POINT('',(-12.5,0.14,10.82));
#577 = VECTOR('',#578,1.);
#578 = DIRECTION('',(0.,1.,0.));
#579 = ORIENTED_EDGE('',*,*,#580,.F.);
#580 = EDGE_CURVE('',#581,#573,#583,.T.);
#581 = VERTEX_POINT('',#582);
#582 = CARTESIAN_POINT('',(-12.5,0.81,10.68));
#583 = LINE('',#584,#585);
#584 = CARTESIAN_POINT('',(-12.5,0.81,10.68));
#585 = VECTOR('',#586,1.);
#586 = DIRECTION('',(-0.,-0.,1.));
#587 = ORIENTED_EDGE('',*,*,#588,.F.);
#588 = EDGE_CURVE('',#550,#581,#589,.T.);
#589 = LINE('',#590,#591);
#590 = CARTESIAN_POINT('',(-12.5,0.14,10.68));
#591 = VECTOR('',#592,1.);
#592 = DIRECTION('',(0.,1.,0.));
#593 = PLANE('',#594);
#594 = AXIS2_PLACEMENT_3D('',#595,#596,#597);
#595 = CARTESIAN_POINT('',(-12.5,0.14,10.68));
#596 = DIRECTION('',(1.,-0.,-0.));
#597 = DIRECTION('',(0.,-1.,0.));
#598 = ADVANCED_FACE('',(#599),#626,.T.);
#599 = FACE_BOUND('',#600,.T.);
#600 = EDGE_LOOP('',(#601,#602,#611,#619));
#601 = ORIENTED_EDGE('',*,*,#580,.T.);
#602 = ORIENTED_EDGE('',*,*,#603,.T.);
#603 = EDGE_CURVE('',#573,#604,#606,.T.);
#604 = VERTEX_POINT('',#605);
#605 = CARTESIAN_POINT('',(-12.36,0.95,10.82));
#606 = CIRCLE('',#607,0.14);
#607 = AXIS2_PLACEMENT_3D('',#608,#609,#610);
#608 = CARTESIAN_POINT('',(-12.36,0.81,10.82));
#609 = DIRECTION('',(0.,0.,-1.));
#610 = DIRECTION('',(-1.,-0.,-0.));
#611 = ORIENTED_EDGE('',*,*,#612,.F.);
#612 = EDGE_CURVE('',#613,#604,#615,.T.);
#613 = VERTEX_POINT('',#614);
#614 = CARTESIAN_POINT('',(-12.36,0.95,10.68));
#615 = LINE('',#616,#617);
#616 = CARTESIAN_POINT('',(-12.36,0.95,10.68));
#617 = VECTOR('',#618,1.);
#618 = DIRECTION('',(-0.,-0.,1.));
#619 = ORIENTED_EDGE('',*,*,#620,.F.);
#620 = EDGE_CURVE('',#581,#613,#621,.T.);
#621 = CIRCLE('',#622,0.14);
#622 = AXIS2_PLACEMENT_3D('',#623,#624,#625);
#623 = CARTESIAN_POINT('',(-12.36,0.81,10.68));
#624 = DIRECTION('',(0.,0.,-1.));
#625 = DIRECTION('',(-1.,-0.,-0.));
#626 = CYLINDRICAL_SURFACE('',#627,0.14);
#627 = AXIS2_PLACEMENT_3D('',#628,#629,#630);
#628 = CARTESIAN_POINT('',(-12.36,0.81,10.68));
#629 = DIRECTION('',(0.,-0.,-1.));
#630 = DIRECTION('',(-1.,-0.,-0.));
#631 = ADVANCED_FACE('',(#632),#657,.F.);
#632 = FACE_BOUND('',#633,.T.);
#633 = EDGE_LOOP('',(#634,#635,#643,#651));
#634 = ORIENTED_EDGE('',*,*,#612,.T.);
#635 = ORIENTED_EDGE('',*,*,#636,.T.);
#636 = EDGE_CURVE('',#604,#637,#639,.T.);
#637 = VERTEX_POINT('',#638);
#638 = CARTESIAN_POINT('',(-12.,0.95,10.82));
#639 = LINE('',#640,#641);
#640 = CARTESIAN_POINT('',(-12.36,0.95,10.82));
#641 = VECTOR('',#642,1.);
#642 = DIRECTION('',(1.,0.,0.));
#643 = ORIENTED_EDGE('',*,*,#644,.F.);
#644 = EDGE_CURVE('',#645,#637,#647,.T.);
#645 = VERTEX_POINT('',#646);
#646 = CARTESIAN_POINT('',(-12.,0.95,10.68));
#647 = LINE('',#648,#649);
#648 = CARTESIAN_POINT('',(-12.,0.95,10.68));
#649 = VECTOR('',#650,1.);
#650 = DIRECTION('',(-0.,-0.,1.));
#651 = ORIENTED_EDGE('',*,*,#652,.F.);
#652 = EDGE_CURVE('',#613,#645,#653,.T.);
#653 = LINE('',#654,#655);
#654 = CARTESIAN_POINT('',(-12.36,0.95,10.68));
#655 = VECTOR('',#656,1.);
#656 = DIRECTION('',(1.,0.,0.));
#657 = PLANE('',#658);
#658 = AXIS2_PLACEMENT_3D('',#659,#660,#661);
#659 = CARTESIAN_POINT('',(-12.36,0.95,10.68));
#660 = DIRECTION('',(-0.,-1.,-0.));
#661 = DIRECTION('',(-1.,0.,0.));
#662 = ADVANCED_FACE('',(#663),#679,.F.);
#663 = FACE_BOUND('',#664,.T.);
#664 = EDGE_LOOP('',(#665,#666,#672,#673));
#665 = ORIENTED_EDGE('',*,*,#644,.T.);
#666 = ORIENTED_EDGE('',*,*,#667,.T.);
#667 = EDGE_CURVE('',#637,#377,#668,.T.);
#668 = LINE('',#669,#670);
#669 = CARTESIAN_POINT('',(-12.,0.95,10.82));
#670 = VECTOR('',#671,1.);
#671 = DIRECTION('',(-0.,-1.,-0.));
#672 = ORIENTED_EDGE('',*,*,#374,.F.);
#673 = ORIENTED_EDGE('',*,*,#674,.F.);
#674 = EDGE_CURVE('',#645,#375,#675,.T.);
#675 = LINE('',#676,#677);
#676 = CARTESIAN_POINT('',(-12.,0.95,10.68));
#677 = VECTOR('',#678,1.);
#678 = DIRECTION('',(-0.,-1.,-0.));
#679 = PLANE('',#680);
#680 = AXIS2_PLACEMENT_3D('',#681,#682,#683);
#681 = CARTESIAN_POINT('',(-12.,0.95,10.68));
#682 = DIRECTION('',(-1.,-0.,-0.));
#683 = DIRECTION('',(0.,1.,0.));
#684 = ADVANCED_FACE('',(#685),#697,.F.);
#685 = FACE_BOUND('',#686,.T.);
#686 = EDGE_LOOP('',(#687,#688,#689,#690,#691,#692,#693,#694,#695,#696)
  );
#687 = ORIENTED_EDGE('',*,*,#400,.T.);
#688 = ORIENTED_EDGE('',*,*,#431,.T.);
#689 = ORIENTED_EDGE('',*,*,#463,.T.);
#690 = ORIENTED_EDGE('',*,*,#495,.T.);
#691 = ORIENTED_EDGE('',*,*,#526,.T.);
#692 = ORIENTED_EDGE('',*,*,#557,.T.);
#693 = ORIENTED_EDGE('',*,*,#588,.T.);
#694 = ORIENTED_EDGE('',*,*,#620,.T.);
#695 = ORIENTED_EDGE('',*,*,#652,.T.);
#696 = ORIENTED_EDGE('',*,*,#674,.T.);
#697 = PLANE('',#698);
#698 = AXIS2_PLACEMENT_3D('',#699,#700,#701);
#699 = CARTESIAN_POINT('',(-12.47228020655,0.444958800607,10.68));
#700 = DIRECTION('',(0.,0.,1.));
#701 = DIRECTION('',(1.,0.,0.));
#702 = ADVANCED_FACE('',(#703),#715,.T.);
#703 = FACE_BOUND('',#704,.F.);
#704 = EDGE_LOOP('',(#705,#706,#707,#708,#709,#710,#711,#712,#713,#714)
  );
#705 = ORIENTED_EDGE('',*,*,#384,.T.);
#706 = ORIENTED_EDGE('',*,*,#415,.T.);
#707 = ORIENTED_EDGE('',*,*,#446,.T.);
#708 = ORIENTED_EDGE('',*,*,#479,.T.);
#709 = ORIENTED_EDGE('',*,*,#510,.T.);
#710 = ORIENTED_EDGE('',*,*,#541,.T.);
#711 = ORIENTED_EDGE('',*,*,#572,.T.);
#712 = ORIENTED_EDGE('',*,*,#603,.T.);
#713 = ORIENTED_EDGE('',*,*,#636,.T.);
#714 = ORIENTED_EDGE('',*,*,#667,.T.);
#715 = PLANE('',#716);
#716 = AXIS2_PLACEMENT_3D('',#717,#718,#719);
#717 = CARTESIAN_POINT('',(-12.47228020655,0.444958800607,10.82));
#718 = DIRECTION('',(0.,0.,1.));
#719 = DIRECTION('',(1.,0.,0.));
#720 = ( GEOMETRIC_REPRESENTATION_CONTEXT(3) 
GLOBAL_UNCERTAINTY_ASSIGNED_CONTEXT((#724)) GLOBAL_UNIT_ASSIGNED_CONTEXT
((#721,#722,#723)) REPRESENTATION_CONTEXT('Context #1',
  '3D Context with UNIT and UNCERTAINTY') );
#721 = ( LENGTH_UNIT() NAMED_UNIT(*) SI_UNIT(.MILLI.,.METRE.) );
#722 = ( NAMED_UNIT(*) PLANE_ANGLE_UNIT() SI_UNIT($,.RADIAN.) );
#723 = ( NAMED_UNIT(*) SI_UNIT($,.STERADIAN.) SOLID_ANGLE_UNIT() );
#724 = UNCERTAINTY_MEASURE_WITH_UNIT(LENGTH_MEASURE(1.E-07),#721,
  'distance_accuracy_value','confusion accuracy');
#725 = CONTEXT_DEPENDENT_SHAPE_REPRESENTATION(#726,#728);
#726 = ( REPRESENTATION_RELATIONSHIP('','',#367,#172) 
REPRESENTATION_RELATIONSHIP_WITH_TRANSFORMATION(#727) 
SHAPE_REPRESENTATION_RELATIONSHIP() );
#727 = ITEM_DEFINED_TRANSFORMATION('','',#11,#173);
#728 = PRODUCT_DEFINITION_SHAPE('Placement','Placement of an item',#729
  );
#729 = NEXT_ASSEMBLY_USAGE_OCCURRENCE('2711','0','',#167,#362,$);
#730 = PRODUCT_RELATED_PRODUCT_CATEGORY('part',$,(#364));
#731 = CONTEXT_DEPENDENT_SHAPE_REPRESENTATION(#732,#734);
#732 = ( REPRESENTATION_RELATIONSHIP('','',#367,#172) 
REPRESENTATION_RELATIONSHIP_WITH_TRANSFORMATION(#733) 
SHAPE_REPRESENTATION_RELATIONSHIP() );
#733 = ITEM_DEFINED_TRANSFORMATION('','',#11,#177);
#734 = PRODUCT_DEFINITION_SHAPE('Placement','Placement of an item',#735
  );
#735 = NEXT_ASSEMBLY_USAGE_OCCURRENCE('2712','1','',#167,#362,$);
#736 = CONTEXT_DEPENDENT_SHAPE_REPRESENTATION(#737,#739);
#737 = ( REPRESENTATION_RELATIONSHIP('','',#367,#172) 
REPRESENTATION_RELATIONSHIP_WITH_TRANSFORMATION(#738) 
SHAPE_REPRESENTATION_RELATIONSHIP() );
#738 = ITEM_DEFINED_TRANSFORMATION('','',#11,#181);
#739 = PRODUCT_DEFINITION_SHAPE('Placement','Placement of an item',#740
  );
#740 = NEXT_ASSEMBLY_USAGE_OCCURRENCE('2713','2','',#167,#362,$);
#741 = CONTEXT_DEPENDENT_SHAPE_REPRESENTATION(#742,#744);
#742 = ( REPRESENTATION_RELATIONSHIP('','',#367,#172) 
REPRESENTATION_RELATIONSHIP_WITH_TRANSFORMATION(#743) 
SHAPE_REPRESENTATION_RELATIONSHIP() );
#743 = ITEM_DEFINED_TRANSFORMATION('','',#11,#185);
#744 = PRODUCT_DEFINITION_SHAPE('Placement','Placement of an item',#745
  );
#745 = NEXT_ASSEMBLY_USAGE_OCCURRENCE('2714','3','',#167,#362,$);
#746 = CONTEXT_DEPENDENT_SHAPE_REPRESENTATION(#747,#749);
#747 = ( REPRESENTATION_RELATIONSHIP('','',#367,#172) 
REPRESENTATION_RELATIONSHIP_WITH_TRANSFORMATION(#748) 
SHAPE_REPRESENTATION_RELATIONSHIP() );
#748 = ITEM_DEFINED_TRANSFORMATION('','',#11,#189);
#749 = PRODUCT_DEFINITION_SHAPE('Placement','Placement of an item',#750
  );
#750 = NEXT_ASSEMBLY_USAGE_OCCURRENCE('2715','4','',#167,#362,$);
#751 = CONTEXT_DEPENDENT_SHAPE_REPRESENTATION(#752,#754);
#752 = ( REPRESENTATION_RELATIONSHIP('','',#367,#172) 
REPRESENTATION_RELATIONSHIP_WITH_TRANSFORMATION(#753) 
SHAPE_REPRESENTATION_RELATIONSHIP() );
#753 = ITEM_DEFINED_TRANSFORMATION('','',#11,#193);
#754 = PRODUCT_DEFINITION_SHAPE('Placement','Placement of an item',#755
  );
#755 = NEXT_ASSEMBLY_USAGE_OCCURRENCE('2716','5','',#167,#362,$);
#756 = CONTEXT_DEPENDENT_SHAPE_REPRESENTATION(#757,#759);
#757 = ( REPRESENTATION_RELATIONSHIP('','',#367,#172) 
REPRESENTATION_RELATIONSHIP_WITH_TRANSFORMATION(#758) 
SHAPE_REPRESENTATION_RELATIONSHIP() );
#758 = ITEM_DEFINED_TRANSFORMATION('','',#11,#197);
#759 = PRODUCT_DEFINITION_SHAPE('Placement','Placement of an item',#760
  );
#760 = NEXT_ASSEMBLY_USAGE_OCCURRENCE('2717','6','',#167,#362,$);
#761 = CONTEXT_DEPENDENT_SHAPE_REPRESENTATION(#762,#764);
#762 = ( REPRESENTATION_RELATIONSHIP('','',#367,#172) 
REPRESENTATION_RELATIONSHIP_WITH_TRANSFORMATION(#763) 
SHAPE_REPRESENTATION_RELATIONSHIP() );
#763 = ITEM_DEFINED_TRANSFORMATION('','',#11,#201);
#764 = PRODUCT_DEFINITION_SHAPE('Placement','Placement of an item',#765
  );
#765 = NEXT_ASSEMBLY_USAGE_OCCURRENCE('2718','7','',#167,#362,$);
#766 = CONTEXT_DEPENDENT_SHAPE_REPRESENTATION(#767,#769);
#767 = ( REPRESENTATION_RELATIONSHIP('','',#367,#172) 
REPRESENTATION_RELATIONSHIP_WITH_TRANSFORMATION(#768) 
SHAPE_REPRESENTATION_RELATIONSHIP() );
#768 = ITEM_DEFINED_TRANSFORMATION('','',#11,#205);
#769 = PRODUCT_DEFINITION_SHAPE('Placement','Placement of an item',#770
  );
#770 = NEXT_ASSEMBLY_USAGE_OCCURRENCE('2719','8','',#167,#362,$);
#771 = CONTEXT_DEPENDENT_SHAPE_REPRESENTATION(#772,#774);
#772 = ( REPRESENTATION_RELATIONSHIP('','',#367,#172) 
REPRESENTATION_RELATIONSHIP_WITH_TRANSFORMATION(#773) 
SHAPE_REPRESENTATION_RELATIONSHIP() );
#773 = ITEM_DEFINED_TRANSFORMATION('','',#11,#209);
#774 = PRODUCT_DEFINITION_SHAPE('Placement','Placement of an item',#775
  );
#775 = NEXT_ASSEMBLY_USAGE_OCCURRENCE('2720','9','',#167,#362,$);
#776 = CONTEXT_DEPENDENT_SHAPE_REPRESENTATION(#777,#779);
#777 = ( REPRESENTATION_RELATIONSHIP('','',#367,#172) 
REPRESENTATION_RELATIONSHIP_WITH_TRANSFORMATION(#778) 
SHAPE_REPRESENTATION_RELATIONSHIP() );
#778 = ITEM_DEFINED_TRANSFORMATION('','',#11,#213);
#779 = PRODUCT_DEFINITION_SHAPE('Placement','Placement of an item',#780
  );
#780 = NEXT_ASSEMBLY_USAGE_OCCURRENCE('2721','10','',#167,#362,$);
#781 = CONTEXT_DEPENDENT_SHAPE_REPRESENTATION(#782,#784);
#782 = ( REPRESENTATION_RELATIONSHIP('','',#367,#172) 
REPRESENTATION_RELATIONSHIP_WITH_TRANSFORMATION(#783) 
SHAPE_REPRESENTATION_RELATIONSHIP() );
#783 = ITEM_DEFINED_TRANSFORMATION('','',#11,#217);
#784 = PRODUCT_DEFINITION_SHAPE('Placement','Placement of an item',#785
  );
#785 = NEXT_ASSEMBLY_USAGE_OCCURRENCE('2722','11','',#167,#362,$);
#786 = CONTEXT_DEPENDENT_SHAPE_REPRESENTATION(#787,#789);
#787 = ( REPRESENTATION_RELATIONSHIP('','',#367,#172) 
REPRESENTATION_RELATIONSHIP_WITH_TRANSFORMATION(#788) 
SHAPE_REPRESENTATION_RELATIONSHIP() );
#788 = ITEM_DEFINED_TRANSFORMATION('','',#11,#221);
#789 = PRODUCT_DEFINITION_SHAPE('Placement','Placement of an item',#790
  );
#790 = NEXT_ASSEMBLY_USAGE_OCCURRENCE('2723','12','',#167,#362,$);
#791 = CONTEXT_DEPENDENT_SHAPE_REPRESENTATION(#792,#794);
#792 = ( REPRESENTATION_RELATIONSHIP('','',#367,#172) 
REPRESENTATION_RELATIONSHIP_WITH_TRANSFORMATION(#793) 
SHAPE_REPRESENTATION_RELATIONSHIP() );
#793 = ITEM_DEFINED_TRANSFORMATION('','',#11,#225);
#794 = PRODUCT_DEFINITION_SHAPE('Placement','Placement of an item',#795
  );
#795 = NEXT_ASSEMBLY_USAGE_OCCURRENCE('2724','13','',#167,#362,$);
#796 = CONTEXT_DEPENDENT_SHAPE_REPRESENTATION(#797,#799);
#797 = ( REPRESENTATION_RELATIONSHIP('','',#367,#172) 
REPRESENTATION_RELATIONSHIP_WITH_TRANSFORMATION(#798) 
SHAPE_REPRESENTATION_RELATIONSHIP() );
#798 = ITEM_DEFINED_TRANSFORMATION('','',#11,#229);
#799 = PRODUCT_DEFINITION_SHAPE('Placement','Placement of an item',#800
  );
#800 = NEXT_ASSEMBLY_USAGE_OCCURRENCE('2725','14','',#167,#362,$);
#801 = CONTEXT_DEPENDENT_SHAPE_REPRESENTATION(#802,#804);
#802 = ( REPRESENTATION_RELATIONSHIP('','',#367,#172) 
REPRESENTATION_RELATIONSHIP_WITH_TRANSFORMATION(#803) 
SHAPE_REPRESENTATION_RELATIONSHIP() );
#803 = ITEM_DEFINED_TRANSFORMATION('','',#11,#233);
#804 = PRODUCT_DEFINITION_SHAPE('Placement','Placement of an item',#805
  );
#805 = NEXT_ASSEMBLY_USAGE_OCCURRENCE('2726','15','',#167,#362,$);
#806 = CONTEXT_DEPENDENT_SHAPE_REPRESENTATION(#807,#809);
#807 = ( REPRESENTATION_RELATIONSHIP('','',#367,#172) 
REPRESENTATION_RELATIONSHIP_WITH_TRANSFORMATION(#808) 
SHAPE_REPRESENTATION_RELATIONSHIP() );
#808 = ITEM_DEFINED_TRANSFORMATION('','',#11,#237);
#809 = PRODUCT_DEFINITION_SHAPE('Placement','Placement of an item',#810
  );
#810 = NEXT_ASSEMBLY_USAGE_OCCURRENCE('2727','16','',#167,#362,$);
#811 = CONTEXT_DEPENDENT_SHAPE_REPRESENTATION(#812,#814);
#812 = ( REPRESENTATION_RELATIONSHIP('','',#367,#172) 
REPRESENTATION_RELATIONSHIP_WITH_TRANSFORMATION(#813) 
SHAPE_REPRESENTATION_RELATIONSHIP() );
#813 = ITEM_DEFINED_TRANSFORMATION('','',#11,#241);
#814 = PRODUCT_DEFINITION_SHAPE('Placement','Placement of an item',#815
  );
#815 = NEXT_ASSEMBLY_USAGE_OCCURRENCE('2728','17','',#167,#362,$);
#816 = CONTEXT_DEPENDENT_SHAPE_REPRESENTATION(#817,#819);
#817 = ( REPRESENTATION_RELATIONSHIP('','',#367,#172) 
REPRESENTATION_RELATIONSHIP_WITH_TRANSFORMATION(#818) 
SHAPE_REPRESENTATION_RELATIONSHIP() );
#818 = ITEM_DEFINED_TRANSFORMATION('','',#11,#245);
#819 = PRODUCT_DEFINITION_SHAPE('Placement','Placement of an item',#820
  );
#820 = NEXT_ASSEMBLY_USAGE_OCCURRENCE('2729','18','',#167,#362,$);
#821 = CONTEXT_DEPENDENT_SHAPE_REPRESENTATION(#822,#824);
#822 = ( REPRESENTATION_RELATIONSHIP('','',#367,#172) 
REPRESENTATION_RELATIONSHIP_WITH_TRANSFORMATION(#823) 
SHAPE_REPRESENTATION_RELATIONSHIP() );
#823 = ITEM_DEFINED_TRANSFORMATION('','',#11,#249);
#824 = PRODUCT_DEFINITION_SHAPE('Placement','Placement of an item',#825
  );
#825 = NEXT_ASSEMBLY_USAGE_OCCURRENCE('2730','19','',#167,#362,$);
#826 = CONTEXT_DEPENDENT_SHAPE_REPRESENTATION(#827,#829);
#827 = ( REPRESENTATION_RELATIONSHIP('','',#367,#172) 
REPRESENTATION_RELATIONSHIP_WITH_TRANSFORMATION(#828) 
SHAPE_REPRESENTATION_RELATIONSHIP() );
#828 = ITEM_DEFINED_TRANSFORMATION('','',#11,#253);
#829 = PRODUCT_DEFINITION_SHAPE('Placement','Placement of an item',#830
  );
#830 = NEXT_ASSEMBLY_USAGE_OCCURRENCE('2731','20','',#167,#362,$);
#831 = CONTEXT_DEPENDENT_SHAPE_REPRESENTATION(#832,#834);
#832 = ( REPRESENTATION_RELATIONSHIP('','',#367,#172) 
REPRESENTATION_RELATIONSHIP_WITH_TRANSFORMATION(#833) 
SHAPE_REPRESENTATION_RELATIONSHIP() );
#833 = ITEM_DEFINED_TRANSFORMATION('','',#11,#257);
#834 = PRODUCT_DEFINITION_SHAPE('Placement','Placement of an item',#835
  );
#835 = NEXT_ASSEMBLY_USAGE_OCCURRENCE('2732','21','',#167,#362,$);
#836 = CONTEXT_DEPENDENT_SHAPE_REPRESENTATION(#837,#839);
#837 = ( REPRESENTATION_RELATIONSHIP('','',#367,#172) 
REPRESENTATION_RELATIONSHIP_WITH_TRANSFORMATION(#838) 
SHAPE_REPRESENTATION_RELATIONSHIP() );
#838 = ITEM_DEFINED_TRANSFORMATION('','',#11,#261);
#839 = PRODUCT_DEFINITION_SHAPE('Placement','Placement of an item',#840
  );
#840 = NEXT_ASSEMBLY_USAGE_OCCURRENCE('2733','22','',#167,#362,$);
#841 = CONTEXT_DEPENDENT_SHAPE_REPRESENTATION(#842,#844);
#842 = ( REPRESENTATION_RELATIONSHIP('','',#367,#172) 
REPRESENTATION_RELATIONSHIP_WITH_TRANSFORMATION(#843) 
SHAPE_REPRESENTATION_RELATIONSHIP() );
#843 = ITEM_DEFINED_TRANSFORMATION('','',#11,#265);
#844 = PRODUCT_DEFINITION_SHAPE('Placement','Placement of an item',#845
  );
#845 = NEXT_ASSEMBLY_USAGE_OCCURRENCE('2734','23','',#167,#362,$);
#846 = CONTEXT_DEPENDENT_SHAPE_REPRESENTATION(#847,#849);
#847 = ( REPRESENTATION_RELATIONSHIP('','',#367,#172) 
REPRESENTATION_RELATIONSHIP_WITH_TRANSFORMATION(#848) 
SHAPE_REPRESENTATION_RELATIONSHIP() );
#848 = ITEM_DEFINED_TRANSFORMATION('','',#11,#269);
#849 = PRODUCT_DEFINITION_SHAPE('Placement','Placement of an item',#850
  );
#850 = NEXT_ASSEMBLY_USAGE_OCCURRENCE('2735','24','',#167,#362,$);
#851 = CONTEXT_DEPENDENT_SHAPE_REPRESENTATION(#852,#854);
#852 = ( REPRESENTATION_RELATIONSHIP('','',#367,#172) 
REPRESENTATION_RELATIONSHIP_WITH_TRANSFORMATION(#853) 
SHAPE_REPRESENTATION_RELATIONSHIP() );
#853 = ITEM_DEFINED_TRANSFORMATION('','',#11,#273);
#854 = PRODUCT_DEFINITION_SHAPE('Placement','Placement of an item',#855
  );
#855 = NEXT_ASSEMBLY_USAGE_OCCURRENCE('2736','25','',#167,#362,$);
#856 = CONTEXT_DEPENDENT_SHAPE_REPRESENTATION(#857,#859);
#857 = ( REPRESENTATION_RELATIONSHIP('','',#367,#172) 
REPRESENTATION_RELATIONSHIP_WITH_TRANSFORMATION(#858) 
SHAPE_REPRESENTATION_RELATIONSHIP() );
#858 = ITEM_DEFINED_TRANSFORMATION('','',#11,#277);
#859 = PRODUCT_DEFINITION_SHAPE('Placement','Placement of an item',#860
  );
#860 = NEXT_ASSEMBLY_USAGE_OCCURRENCE('2737','26','',#167,#362,$);
#861 = CONTEXT_DEPENDENT_SHAPE_REPRESENTATION(#862,#864);
#862 = ( REPRESENTATION_RELATIONSHIP('','',#367,#172) 
REPRESENTATION_RELATIONSHIP_WITH_TRANSFORMATION(#863) 
SHAPE_REPRESENTATION_RELATIONSHIP() );
#863 = ITEM_DEFINED_TRANSFORMATION('','',#11,#281);
#864 = PRODUCT_DEFINITION_SHAPE('Placement','Placement of an item',#865
  );
#865 = NEXT_ASSEMBLY_USAGE_OCCURRENCE('2738','27','',#167,#362,$);
#866 = CONTEXT_DEPENDENT_SHAPE_REPRESENTATION(#867,#869);
#867 = ( REPRESENTATION_RELATIONSHIP('','',#367,#172) 
REPRESENTATION_RELATIONSHIP_WITH_TRANSFORMATION(#868) 
SHAPE_REPRESENTATION_RELATIONSHIP() );
#868 = ITEM_DEFINED_TRANSFORMATION('','',#11,#285);
#869 = PRODUCT_DEFINITION_SHAPE('Placement','Placement of an item',#870
  );
#870 = NEXT_ASSEMBLY_USAGE_OCCURRENCE('2739','28','',#167,#362,$);
#871 = CONTEXT_DEPENDENT_SHAPE_REPRESENTATION(#872,#874);
#872 = ( REPRESENTATION_RELATIONSHIP('','',#367,#172) 
REPRESENTATION_RELATIONSHIP_WITH_TRANSFORMATION(#873) 
SHAPE_REPRESENTATION_RELATIONSHIP() );
#873 = ITEM_DEFINED_TRANSFORMATION('','',#11,#289);
#874 = PRODUCT_DEFINITION_SHAPE('Placement','Placement of an item',#875
  );
#875 = NEXT_ASSEMBLY_USAGE_OCCURRENCE('2740','29','',#167,#362,$);
#876 = CONTEXT_DEPENDENT_SHAPE_REPRESENTATION(#877,#879);
#877 = ( REPRESENTATION_RELATIONSHIP('','',#367,#172) 
REPRESENTATION_RELATIONSHIP_WITH_TRANSFORMATION(#878) 
SHAPE_REPRESENTATION_RELATIONSHIP() );
#878 = ITEM_DEFINED_TRANSFORMATION('','',#11,#293);
#879 = PRODUCT_DEFINITION_SHAPE('Placement','Placement of an item',#880
  );
#880 = NEXT_ASSEMBLY_USAGE_OCCURRENCE('2741','30','',#167,#362,$);
#881 = CONTEXT_DEPENDENT_SHAPE_REPRESENTATION(#882,#884);
#882 = ( REPRESENTATION_RELATIONSHIP('','',#367,#172) 
REPRESENTATION_RELATIONSHIP_WITH_TRANSFORMATION(#883) 
SHAPE_REPRESENTATION_RELATIONSHIP() );
#883 = ITEM_DEFINED_TRANSFORMATION('','',#11,#297);
#884 = PRODUCT_DEFINITION_SHAPE('Placement','Placement of an item',#885
  );
#885 = NEXT_ASSEMBLY_USAGE_OCCURRENCE('2742','31','',#167,#362,$);
#886 = CONTEXT_DEPENDENT_SHAPE_REPRESENTATION(#887,#889);
#887 = ( REPRESENTATION_RELATIONSHIP('','',#367,#172) 
REPRESENTATION_RELATIONSHIP_WITH_TRANSFORMATION(#888) 
SHAPE_REPRESENTATION_RELATIONSHIP() );
#888 = ITEM_DEFINED_TRANSFORMATION('','',#11,#301);
#889 = PRODUCT_DEFINITION_SHAPE('Placement','Placement of an item',#890
  );
#890 = NEXT_ASSEMBLY_USAGE_OCCURRENCE('2743','32','',#167,#362,$);
#891 = CONTEXT_DEPENDENT_SHAPE_REPRESENTATION(#892,#894);
#892 = ( REPRESENTATION_RELATIONSHIP('','',#367,#172) 
REPRESENTATION_RELATIONSHIP_WITH_TRANSFORMATION(#893) 
SHAPE_REPRESENTATION_RELATIONSHIP() );
#893 = ITEM_DEFINED_TRANSFORMATION('','',#11,#305);
#894 = PRODUCT_DEFINITION_SHAPE('Placement','Placement of an item',#895
  );
#895 = NEXT_ASSEMBLY_USAGE_OCCURRENCE('2744','33','',#167,#362,$);
#896 = CONTEXT_DEPENDENT_SHAPE_REPRESENTATION(#897,#899);
#897 = ( REPRESENTATION_RELATIONSHIP('','',#367,#172) 
REPRESENTATION_RELATIONSHIP_WITH_TRANSFORMATION(#898) 
SHAPE_REPRESENTATION_RELATIONSHIP() );
#898 = ITEM_DEFINED_TRANSFORMATION('','',#11,#309);
#899 = PRODUCT_DEFINITION_SHAPE('Placement','Placement of an item',#900
  );
#900 = NEXT_ASSEMBLY_USAGE_OCCURRENCE('2745','34','',#167,#362,$);
#901 = CONTEXT_DEPENDENT_SHAPE_REPRESENTATION(#902,#904);
#902 = ( REPRESENTATION_RELATIONSHIP('','',#367,#172) 
REPRESENTATION_RELATIONSHIP_WITH_TRANSFORMATION(#903) 
SHAPE_REPRESENTATION_RELATIONSHIP() );
#903 = ITEM_DEFINED_TRANSFORMATION('','',#11,#313);
#904 = PRODUCT_DEFINITION_SHAPE('Placement','Placement of an item',#905
  );
#905 = NEXT_ASSEMBLY_USAGE_OCCURRENCE('2746','35','',#167,#362,$);
#906 = CONTEXT_DEPENDENT_SHAPE_REPRESENTATION(#907,#909);
#907 = ( REPRESENTATION_RELATIONSHIP('','',#367,#172) 
REPRESENTATION_RELATIONSHIP_WITH_TRANSFORMATION(#908) 
SHAPE_REPRESENTATION_RELATIONSHIP() );
#908 = ITEM_DEFINED_TRANSFORMATION('','',#11,#317);
#909 = PRODUCT_DEFINITION_SHAPE('Placement','Placement of an item',#910
  );
#910 = NEXT_ASSEMBLY_USAGE_OCCURRENCE('2747','36','',#167,#362,$);
#911 = CONTEXT_DEPENDENT_SHAPE_REPRESENTATION(#912,#914);
#912 = ( REPRESENTATION_RELATIONSHIP('','',#367,#172) 
REPRESENTATION_RELATIONSHIP_WITH_TRANSFORMATION(#913) 
SHAPE_REPRESENTATION_RELATIONSHIP() );
#913 = ITEM_DEFINED_TRANSFORMATION('','',#11,#321);
#914 = PRODUCT_DEFINITION_SHAPE('Placement','Placement of an item',#915
  );
#915 = NEXT_ASSEMBLY_USAGE_OCCURRENCE('2748','37','',#167,#362,$);
#916 = CONTEXT_DEPENDENT_SHAPE_REPRESENTATION(#917,#919);
#917 = ( REPRESENTATION_RELATIONSHIP('','',#367,#172) 
REPRESENTATION_RELATIONSHIP_WITH_TRANSFORMATION(#918) 
SHAPE_REPRESENTATION_RELATIONSHIP() );
#918 = ITEM_DEFINED_TRANSFORMATION('','',#11,#325);
#919 = PRODUCT_DEFINITION_SHAPE('Placement','Placement of an item',#920
  );
#920 = NEXT_ASSEMBLY_USAGE_OCCURRENCE('2749','38','',#167,#362,$);
#921 = CONTEXT_DEPENDENT_SHAPE_REPRESENTATION(#922,#924);
#922 = ( REPRESENTATION_RELATIONSHIP('','',#367,#172) 
REPRESENTATION_RELATIONSHIP_WITH_TRANSFORMATION(#923) 
SHAPE_REPRESENTATION_RELATIONSHIP() );
#923 = ITEM_DEFINED_TRANSFORMATION('','',#11,#329);
#924 = PRODUCT_DEFINITION_SHAPE('Placement','Placement of an item',#925
  );
#925 = NEXT_ASSEMBLY_USAGE_OCCURRENCE('2750','39','',#167,#362,$);
#926 = CONTEXT_DEPENDENT_SHAPE_REPRESENTATION(#927,#929);
#927 = ( REPRESENTATION_RELATIONSHIP('','',#367,#172) 
REPRESENTATION_RELATIONSHIP_WITH_TRANSFORMATION(#928) 
SHAPE_REPRESENTATION_RELATIONSHIP() );
#928 = ITEM_DEFINED_TRANSFORMATION('','',#11,#333);
#929 = PRODUCT_DEFINITION_SHAPE('Placement','Placement of an item',#930
  );
#930 = NEXT_ASSEMBLY_USAGE_OCCURRENCE('2751','40','',#167,#362,$);
#931 = CONTEXT_DEPENDENT_SHAPE_REPRESENTATION(#932,#934);
#932 = ( REPRESENTATION_RELATIONSHIP('','',#367,#172) 
REPRESENTATION_RELATIONSHIP_WITH_TRANSFORMATION(#933) 
SHAPE_REPRESENTATION_RELATIONSHIP() );
#933 = ITEM_DEFINED_TRANSFORMATION('','',#11,#337);
#934 = PRODUCT_DEFINITION_SHAPE('Placement','Placement of an item',#935
  );
#935 = NEXT_ASSEMBLY_USAGE_OCCURRENCE('2752','41','',#167,#362,$);
#936 = CONTEXT_DEPENDENT_SHAPE_REPRESENTATION(#937,#939);
#937 = ( REPRESENTATION_RELATIONSHIP('','',#367,#172) 
REPRESENTATION_RELATIONSHIP_WITH_TRANSFORMATION(#938) 
SHAPE_REPRESENTATION_RELATIONSHIP() );
#938 = ITEM_DEFINED_TRANSFORMATION('','',#11,#341);
#939 = PRODUCT_DEFINITION_SHAPE('Placement','Placement of an item',#940
  );
#940 = NEXT_ASSEMBLY_USAGE_OCCURRENCE('2753','42','',#167,#362,$);
#941 = CONTEXT_DEPENDENT_SHAPE_REPRESENTATION(#942,#944);
#942 = ( REPRESENTATION_RELATIONSHIP('','',#367,#172) 
REPRESENTATION_RELATIONSHIP_WITH_TRANSFORMATION(#943) 
SHAPE_REPRESENTATION_RELATIONSHIP() );
#943 = ITEM_DEFINED_TRANSFORMATION('','',#11,#345);
#944 = PRODUCT_DEFINITION_SHAPE('Placement','Placement of an item',#945
  );
#945 = NEXT_ASSEMBLY_USAGE_OCCURRENCE('2754','43','',#167,#362,$);
#946 = SHAPE_DEFINITION_REPRESENTATION(#947,#953);
#947 = PRODUCT_DEFINITION_SHAPE('','',#948);
#948 = PRODUCT_DEFINITION('design','',#949,#952);
#949 = PRODUCT_DEFINITION_FORMATION('','',#950);
#950 = PRODUCT('Array001','Array001','',(#951));
#951 = PRODUCT_CONTEXT('',#2,'mechanical');
#952 = PRODUCT_DEFINITION_CONTEXT('part definition',#2,'design');
#953 = SHAPE_REPRESENTATION('',(#11,#954,#958,#962,#966,#970,#974,#978,
    #982,#986,#990,#994,#998,#1002,#1006,#1010,#1014,#1018,#1022,#1026,
    #1030,#1034,#1038,#1042,#1046,#1050,#1054,#1058,#1062,#1066,#1070,
    #1074,#1078,#1082,#1086,#1090,#1094,#1098,#1102,#1106,#1110,#1114,
    #1118,#1122,#1126),#1130);
#954 = AXIS2_PLACEMENT_3D('',#955,#956,#957);
#955 = CARTESIAN_POINT('',(0.,0.,10.75));
#956 = DIRECTION('',(0.,0.,1.));
#957 = DIRECTION('',(1.,0.,0.));
#958 = AXIS2_PLACEMENT_3D('',#959,#960,#961);
#959 = CARTESIAN_POINT('',(0.,0.,10.25));
#960 = DIRECTION('',(0.,0.,1.));
#961 = DIRECTION('',(1.,0.,0.));
#962 = AXIS2_PLACEMENT_3D('',#963,#964,#965);
#963 = CARTESIAN_POINT('',(0.,0.,9.75));
#964 = DIRECTION('',(0.,0.,1.));
#965 = DIRECTION('',(1.,0.,0.));
#966 = AXIS2_PLACEMENT_3D('',#967,#968,#969);
#967 = CARTESIAN_POINT('',(0.,0.,9.25));
#968 = DIRECTION('',(0.,0.,1.));
#969 = DIRECTION('',(1.,0.,0.));
#970 = AXIS2_PLACEMENT_3D('',#971,#972,#973);
#971 = CARTESIAN_POINT('',(0.,0.,8.75));
#972 = DIRECTION('',(0.,0.,1.));
#973 = DIRECTION('',(1.,0.,0.));
#974 = AXIS2_PLACEMENT_3D('',#975,#976,#977);
#975 = CARTESIAN_POINT('',(0.,0.,8.25));
#976 = DIRECTION('',(0.,0.,1.));
#977 = DIRECTION('',(1.,0.,0.));
#978 = AXIS2_PLACEMENT_3D('',#979,#980,#981);
#979 = CARTESIAN_POINT('',(0.,0.,7.75));
#980 = DIRECTION('',(0.,0.,1.));
#981 = DIRECTION('',(1.,0.,0.));
#982 = AXIS2_PLACEMENT_3D('',#983,#984,#985);
#983 = CARTESIAN_POINT('',(0.,0.,7.25));
#984 = DIRECTION('',(0.,0.,1.));
#985 = DIRECTION('',(1.,0.,0.));
#986 = AXIS2_PLACEMENT_3D('',#987,#988,#989);
#987 = CARTESIAN_POINT('',(0.,0.,6.75));
#988 = DIRECTION('',(0.,0.,1.));
#989 = DIRECTION('',(1.,0.,0.));
#990 = AXIS2_PLACEMENT_3D('',#991,#992,#993);
#991 = CARTESIAN_POINT('',(0.,0.,6.25));
#992 = DIRECTION('',(0.,0.,1.));
#993 = DIRECTION('',(1.,0.,0.));
#994 = AXIS2_PLACEMENT_3D('',#995,#996,#997);
#995 = CARTESIAN_POINT('',(0.,0.,5.75));
#996 = DIRECTION('',(0.,0.,1.));
#997 = DIRECTION('',(1.,0.,0.));
#998 = AXIS2_PLACEMENT_3D('',#999,#1000,#1001);
#999 = CARTESIAN_POINT('',(0.,0.,5.25));
#1000 = DIRECTION('',(0.,0.,1.));
#1001 = DIRECTION('',(1.,0.,0.));
#1002 = AXIS2_PLACEMENT_3D('',#1003,#1004,#1005);
#1003 = CARTESIAN_POINT('',(0.,0.,4.75));
#1004 = DIRECTION('',(0.,0.,1.));
#1005 = DIRECTION('',(1.,0.,0.));
#1006 = AXIS2_PLACEMENT_3D('',#1007,#1008,#1009);
#1007 = CARTESIAN_POINT('',(0.,0.,4.25));
#1008 = DIRECTION('',(0.,0.,1.));
#1009 = DIRECTION('',(1.,0.,0.));
#1010 = AXIS2_PLACEMENT_3D('',#1011,#1012,#1013);
#1011 = CARTESIAN_POINT('',(0.,0.,3.75));
#1012 = DIRECTION('',(0.,0.,1.));
#1013 = DIRECTION('',(1.,0.,0.));
#1014 = AXIS2_PLACEMENT_3D('',#1015,#1016,#1017);
#1015 = CARTESIAN_POINT('',(0.,0.,3.25));
#1016 = DIRECTION('',(0.,0.,1.));
#1017 = DIRECTION('',(1.,0.,0.));
#1018 = AXIS2_PLACEMENT_3D('',#1019,#1020,#1021);
#1019 = CARTESIAN_POINT('',(0.,0.,2.75));
#1020 = DIRECTION('',(0.,0.,1.));
#1021 = DIRECTION('',(1.,0.,0.));
#1022 = AXIS2_PLACEMENT_3D('',#1023,#1024,#1025);
#1023 = CARTESIAN_POINT('',(0.,0.,2.25));
#1024 = DIRECTION('',(0.,0.,1.));
#1025 = DIRECTION('',(1.,0.,0.));
#1026 = AXIS2_PLACEMENT_3D('',#1027,#1028,#1029);
#1027 = CARTESIAN_POINT('',(0.,0.,1.75));
#1028 = DIRECTION('',(0.,0.,1.));
#1029 = DIRECTION('',(1.,0.,0.));
#1030 = AXIS2_PLACEMENT_3D('',#1031,#1032,#1033);
#1031 = CARTESIAN_POINT('',(0.,0.,1.25));
#1032 = DIRECTION('',(0.,0.,1.));
#1033 = DIRECTION('',(1.,0.,0.));
#1034 = AXIS2_PLACEMENT_3D('',#1035,#1036,#1037);
#1035 = CARTESIAN_POINT('',(0.,0.,0.75));
#1036 = DIRECTION('',(0.,0.,1.));
#1037 = DIRECTION('',(1.,0.,0.));
#1038 = AXIS2_PLACEMENT_3D('',#1039,#1040,#1041);
#1039 = CARTESIAN_POINT('',(0.,0.,0.25));
#1040 = DIRECTION('',(0.,0.,1.));
#1041 = DIRECTION('',(1.,0.,0.));
#1042 = AXIS2_PLACEMENT_3D('',#1043,#1044,#1045);
#1043 = CARTESIAN_POINT('',(0.,0.,-0.25));
#1044 = DIRECTION('',(0.,0.,1.));
#1045 = DIRECTION('',(1.,0.,0.));
#1046 = AXIS2_PLACEMENT_3D('',#1047,#1048,#1049);
#1047 = CARTESIAN_POINT('',(0.,0.,-0.75));
#1048 = DIRECTION('',(0.,0.,1.));
#1049 = DIRECTION('',(1.,0.,0.));
#1050 = AXIS2_PLACEMENT_3D('',#1051,#1052,#1053);
#1051 = CARTESIAN_POINT('',(0.,0.,-1.25));
#1052 = DIRECTION('',(0.,0.,1.));
#1053 = DIRECTION('',(1.,0.,0.));
#1054 = AXIS2_PLACEMENT_3D('',#1055,#1056,#1057);
#1055 = CARTESIAN_POINT('',(0.,0.,-1.75));
#1056 = DIRECTION('',(0.,0.,1.));
#1057 = DIRECTION('',(1.,0.,0.));
#1058 = AXIS2_PLACEMENT_3D('',#1059,#1060,#1061);
#1059 = CARTESIAN_POINT('',(0.,0.,-2.25));
#1060 = DIRECTION('',(0.,0.,1.));
#1061 = DIRECTION('',(1.,0.,0.));
#1062 = AXIS2_PLACEMENT_3D('',#1063,#1064,#1065);
#1063 = CARTESIAN_POINT('',(0.,0.,-2.75));
#1064 = DIRECTION('',(0.,0.,1.));
#1065 = DIRECTION('',(1.,0.,0.));
#1066 = AXIS2_PLACEMENT_3D('',#1067,#1068,#1069);
#1067 = CARTESIAN_POINT('',(0.,0.,-3.25));
#1068 = DIRECTION('',(0.,0.,1.));
#1069 = DIRECTION('',(1.,0.,0.));
#1070 = AXIS2_PLACEMENT_3D('',#1071,#1072,#1073);
#1071 = CARTESIAN_POINT('',(0.,0.,-3.75));
#1072 = DIRECTION('',(0.,0.,1.));
#1073 = DIRECTION('',(1.,0.,0.));
#1074 = AXIS2_PLACEMENT_3D('',#1075,#1076,#1077);
#1075 = CARTESIAN_POINT('',(0.,0.,-4.25));
#1076 = DIRECTION('',(0.,0.,1.));
#1077 = DIRECTION('',(1.,0.,0.));
#1078 = AXIS2_PLACEMENT_3D('',#1079,#1080,#1081);
#1079 = CARTESIAN_POINT('',(0.,0.,-4.75));
#1080 = DIRECTION('',(0.,0.,1.));
#1081 = DIRECTION('',(1.,0.,0.));
#1082 = AXIS2_PLACEMENT_3D('',#1083,#1084,#1085);
#1083 = CARTESIAN_POINT('',(0.,0.,-5.25));
#1084 = DIRECTION('',(0.,0.,1.));
#1085 = DIRECTION('',(1.,0.,0.));
#1086 = AXIS2_PLACEMENT_3D('',#1087,#1088,#1089);
#1087 = CARTESIAN_POINT('',(0.,0.,-5.75));
#1088 = DIRECTION('',(0.,0.,1.));
#1089 = DIRECTION('',(1.,0.,0.));
#1090 = AXIS2_PLACEMENT_3D('',#1091,#1092,#1093);
#1091 = CARTESIAN_POINT('',(0.,0.,-6.25));
#1092 = DIRECTION('',(0.,0.,1.));
#1093 = DIRECTION('',(1.,0.,0.));
#1094 = AXIS2_PLACEMENT_3D('',#1095,#1096,#1097);
#1095 = CARTESIAN_POINT('',(0.,0.,-6.75));
#1096 = DIRECTION('',(0.,0.,1.));
#1097 = DIRECTION('',(1.,0.,0.));
#1098 = AXIS2_PLACEMENT_3D('',#1099,#1100,#1101);
#1099 = CARTESIAN_POINT('',(0.,0.,-7.25));
#1100 = DIRECTION('',(0.,0.,1.));
#1101 = DIRECTION('',(1.,0.,0.));
#1102 = AXIS2_PLACEMENT_3D('',#1103,#1104,#1105);
#1103 = CARTESIAN_POINT('',(0.,0.,-7.75));
#1104 = DIRECTION('',(0.,0.,1.));
#1105 = DIRECTION('',(1.,0.,0.));
#1106 = AXIS2_PLACEMENT_3D('',#1107,#1108,#1109);
#1107 = CARTESIAN_POINT('',(0.,0.,-8.25));
#1108 = DIRECTION('',(0.,0.,1.));
#1109 = DIRECTION('',(1.,0.,0.));
#1110 = AXIS2_PLACEMENT_3D('',#1111,#1112,#1113);
#1111 = CARTESIAN_POINT('',(0.,0.,-8.75));
#1112 = DIRECTION('',(0.,0.,1.));
#1113 = DIRECTION('',(1.,0.,0.));
#1114 = AXIS2_PLACEMENT_3D('',#1115,#1116,#1117);
#1115 = CARTESIAN_POINT('',(0.,0.,-9.25));
#1116 = DIRECTION('',(0.,0.,1.));
#1117 = DIRECTION('',(1.,0.,0.));
#1118 = AXIS2_PLACEMENT_3D('',#1119,#1120,#1121);
#1119 = CARTESIAN_POINT('',(0.,0.,-9.75));
#1120 = DIRECTION('',(0.,0.,1.));
#1121 = DIRECTION('',(1.,0.,0.));
#1122 = AXIS2_PLACEMENT_3D('',#1123,#1124,#1125);
#1123 = CARTESIAN_POINT('',(0.,0.,-10.25));
#1124 = DIRECTION('',(0.,0.,1.));
#1125 = DIRECTION('',(1.,0.,0.));
#1126 = AXIS2_PLACEMENT_3D('',#1127,#1128,#1129);
#1127 = CARTESIAN_POINT('',(0.,0.,-10.75));
#1128 = DIRECTION('',(0.,0.,1.));
#1129 = DIRECTION('',(1.,0.,0.));
#1130 = ( GEOMETRIC_REPRESENTATION_CONTEXT(3) 
GLOBAL_UNCERTAINTY_ASSIGNED_CONTEXT((#1134)) 
GLOBAL_UNIT_ASSIGNED_CONTEXT((#1131,#1132,#1133)) REPRESENTATION_CONTEXT
('Context #1','3D Context with UNIT and UNCERTAINTY') );
#1131 = ( LENGTH_UNIT() NAMED_UNIT(*) SI_UNIT(.MILLI.,.METRE.) );
#1132 = ( NAMED_UNIT(*) PLANE_ANGLE_UNIT() SI_UNIT($,.RADIAN.) );
#1133 = ( NAMED_UNIT(*) SI_UNIT($,.STERADIAN.) SOLID_ANGLE_UNIT() );
#1134 = UNCERTAINTY_MEASURE_WITH_UNIT(LENGTH_MEASURE(1.E-07),#1131,
  'distance_accuracy_value','confusion accuracy');
#1135 = CONTEXT_DEPENDENT_SHAPE_REPRESENTATION(#1136,#1138);
#1136 = ( REPRESENTATION_RELATIONSHIP('','',#953,#10) 
REPRESENTATION_RELATIONSHIP_WITH_TRANSFORMATION(#1137) 
SHAPE_REPRESENTATION_RELATIONSHIP() );
#1137 = ITEM_DEFINED_TRANSFORMATION('','',#11,#19);
#1138 = PRODUCT_DEFINITION_SHAPE('Placement','Placement of an item',
  #1139);
#1139 = NEXT_ASSEMBLY_USAGE_OCCURRENCE('2800','Array001','',#5,#948,$);
#1140 = PRODUCT_RELATED_PRODUCT_CATEGORY('part',$,(#950));
#1141 = SHAPE_DEFINITION_REPRESENTATION(#1142,#1148);
#1142 = PRODUCT_DEFINITION_SHAPE('','',#1143);
#1143 = PRODUCT_DEFINITION('design','',#1144,#1147);
#1144 = PRODUCT_DEFINITION_FORMATION('','',#1145);
#1145 = PRODUCT('Body001','Body001','',(#1146));
#1146 = PRODUCT_CONTEXT('',#2,'mechanical');
#1147 = PRODUCT_DEFINITION_CONTEXT('part definition',#2,'design');
#1148 = ADVANCED_BREP_SHAPE_REPRESENTATION('',(#11,#1149),#1501);
#1149 = MANIFOLD_SOLID_BREP('',#1150);
#1150 = CLOSED_SHELL('',(#1151,#1191,#1222,#1255,#1286,#1317,#1348,#1379
    ,#1412,#1443,#1465,#1483));
#1151 = ADVANCED_FACE('',(#1152),#1186,.F.);
#1152 = FACE_BOUND('',#1153,.F.);
#1153 = EDGE_LOOP('',(#1154,#1164,#1172,#1180));
#1154 = ORIENTED_EDGE('',*,*,#1155,.T.);
#1155 = EDGE_CURVE('',#1156,#1158,#1160,.T.);
#1156 = VERTEX_POINT('',#1157);
#1157 = CARTESIAN_POINT('',(12.,0.81,-7.E-02));
#1158 = VERTEX_POINT('',#1159);
#1159 = CARTESIAN_POINT('',(12.,0.81,7.E-02));
#1160 = LINE('',#1161,#1162);
#1161 = CARTESIAN_POINT('',(12.,0.81,-7.E-02));
#1162 = VECTOR('',#1163,1.);
#1163 = DIRECTION('',(0.,0.,1.));
#1164 = ORIENTED_EDGE('',*,*,#1165,.T.);
#1165 = EDGE_CURVE('',#1158,#1166,#1168,.T.);
#1166 = VERTEX_POINT('',#1167);
#1167 = CARTESIAN_POINT('',(12.36,0.81,7.E-02));
#1168 = LINE('',#1169,#1170);
#1169 = CARTESIAN_POINT('',(12.,0.81,7.E-02));
#1170 = VECTOR('',#1171,1.);
#1171 = DIRECTION('',(1.,0.,0.));
#1172 = ORIENTED_EDGE('',*,*,#1173,.F.);
#1173 = EDGE_CURVE('',#1174,#1166,#1176,.T.);
#1174 = VERTEX_POINT('',#1175);
#1175 = CARTESIAN_POINT('',(12.36,0.81,-7.E-02));
#1176 = LINE('',#1177,#1178);
#1177 = CARTESIAN_POINT('',(12.36,0.81,-7.E-02));
#1178 = VECTOR('',#1179,1.);
#1179 = DIRECTION('',(0.,0.,1.));
#1180 = ORIENTED_EDGE('',*,*,#1181,.F.);
#1181 = EDGE_CURVE('',#1156,#1174,#1182,.T.);
#1182 = LINE('',#1183,#1184);
#1183 = CARTESIAN_POINT('',(12.,0.81,-7.E-02));
#1184 = VECTOR('',#1185,1.);
#1185 = DIRECTION('',(1.,0.,0.));
#1186 = PLANE('',#1187);
#1187 = AXIS2_PLACEMENT_3D('',#1188,#1189,#1190);
#1188 = CARTESIAN_POINT('',(12.,0.81,-7.E-02));
#1189 = DIRECTION('',(0.,1.,0.));
#1190 = DIRECTION('',(1.,0.,0.));
#1191 = ADVANCED_FACE('',(#1192),#1217,.F.);
#1192 = FACE_BOUND('',#1193,.F.);
#1193 = EDGE_LOOP('',(#1194,#1195,#1203,#1211));
#1194 = ORIENTED_EDGE('',*,*,#1173,.T.);
#1195 = ORIENTED_EDGE('',*,*,#1196,.T.);
#1196 = EDGE_CURVE('',#1166,#1197,#1199,.T.);
#1197 = VERTEX_POINT('',#1198);
#1198 = CARTESIAN_POINT('',(12.36,0.14,7.E-02));
#1199 = LINE('',#1200,#1201);
#1200 = CARTESIAN_POINT('',(12.36,0.81,7.E-02));
#1201 = VECTOR('',#1202,1.);
#1202 = DIRECTION('',(0.,-1.,0.));
#1203 = ORIENTED_EDGE('',*,*,#1204,.F.);
#1204 = EDGE_CURVE('',#1205,#1197,#1207,.T.);
#1205 = VERTEX_POINT('',#1206);
#1206 = CARTESIAN_POINT('',(12.36,0.14,-7.E-02));
#1207 = LINE('',#1208,#1209);
#1208 = CARTESIAN_POINT('',(12.36,0.14,-7.E-02));
#1209 = VECTOR('',#1210,1.);
#1210 = DIRECTION('',(0.,0.,1.));
#1211 = ORIENTED_EDGE('',*,*,#1212,.F.);
#1212 = EDGE_CURVE('',#1174,#1205,#1213,.T.);
#1213 = LINE('',#1214,#1215);
#1214 = CARTESIAN_POINT('',(12.36,0.81,-7.E-02));
#1215 = VECTOR('',#1216,1.);
#1216 = DIRECTION('',(0.,-1.,0.));
#1217 = PLANE('',#1218);
#1218 = AXIS2_PLACEMENT_3D('',#1219,#1220,#1221);
#1219 = CARTESIAN_POINT('',(12.36,0.81,-7.E-02));
#1220 = DIRECTION('',(1.,0.,0.));
#1221 = DIRECTION('',(0.,-1.,0.));
#1222 = ADVANCED_FACE('',(#1223),#1250,.T.);
#1223 = FACE_BOUND('',#1224,.F.);
#1224 = EDGE_LOOP('',(#1225,#1226,#1235,#1243));
#1225 = ORIENTED_EDGE('',*,*,#1204,.T.);
#1226 = ORIENTED_EDGE('',*,*,#1227,.T.);
#1227 = EDGE_CURVE('',#1197,#1228,#1230,.T.);
#1228 = VERTEX_POINT('',#1229);
#1229 = CARTESIAN_POINT('',(12.5,1.44175055139E-32,7.E-02));
#1230 = CIRCLE('',#1231,0.14);
#1231 = AXIS2_PLACEMENT_3D('',#1232,#1233,#1234);
#1232 = CARTESIAN_POINT('',(12.5,0.14,7.E-02));
#1233 = DIRECTION('',(0.,0.,1.));
#1234 = DIRECTION('',(1.,0.,0.));
#1235 = ORIENTED_EDGE('',*,*,#1236,.F.);
#1236 = EDGE_CURVE('',#1237,#1228,#1239,.T.);
#1237 = VERTEX_POINT('',#1238);
#1238 = CARTESIAN_POINT('',(12.5,1.44175055139E-32,-7.E-02));
#1239 = LINE('',#1240,#1241);
#1240 = CARTESIAN_POINT('',(12.5,1.44175055139E-32,-7.E-02));
#1241 = VECTOR('',#1242,1.);
#1242 = DIRECTION('',(0.,0.,1.));
#1243 = ORIENTED_EDGE('',*,*,#1244,.F.);
#1244 = EDGE_CURVE('',#1205,#1237,#1245,.T.);
#1245 = CIRCLE('',#1246,0.14);
#1246 = AXIS2_PLACEMENT_3D('',#1247,#1248,#1249);
#1247 = CARTESIAN_POINT('',(12.5,0.14,-7.E-02));
#1248 = DIRECTION('',(0.,0.,1.));
#1249 = DIRECTION('',(1.,0.,0.));
#1250 = CYLINDRICAL_SURFACE('',#1251,0.14);
#1251 = AXIS2_PLACEMENT_3D('',#1252,#1253,#1254);
#1252 = CARTESIAN_POINT('',(12.5,0.14,-7.E-02));
#1253 = DIRECTION('',(-0.,-0.,-1.));
#1254 = DIRECTION('',(1.,0.,0.));
#1255 = ADVANCED_FACE('',(#1256),#1281,.F.);
#1256 = FACE_BOUND('',#1257,.F.);
#1257 = EDGE_LOOP('',(#1258,#1259,#1267,#1275));
#1258 = ORIENTED_EDGE('',*,*,#1236,.T.);
#1259 = ORIENTED_EDGE('',*,*,#1260,.T.);
#1260 = EDGE_CURVE('',#1228,#1261,#1263,.T.);
#1261 = VERTEX_POINT('',#1262);
#1262 = CARTESIAN_POINT('',(13.,-9.501353100163E-33,7.E-02));
#1263 = LINE('',#1264,#1265);
#1264 = CARTESIAN_POINT('',(12.5,1.44175055139E-32,7.E-02));
#1265 = VECTOR('',#1266,1.);
#1266 = DIRECTION('',(1.,-4.783771722814E-32,0.));
#1267 = ORIENTED_EDGE('',*,*,#1268,.F.);
#1268 = EDGE_CURVE('',#1269,#1261,#1271,.T.);
#1269 = VERTEX_POINT('',#1270);
#1270 = CARTESIAN_POINT('',(13.,-9.501353100163E-33,-7.E-02));
#1271 = LINE('',#1272,#1273);
#1272 = CARTESIAN_POINT('',(13.,-9.501353100163E-33,-7.E-02));
#1273 = VECTOR('',#1274,1.);
#1274 = DIRECTION('',(0.,0.,1.));
#1275 = ORIENTED_EDGE('',*,*,#1276,.F.);
#1276 = EDGE_CURVE('',#1237,#1269,#1277,.T.);
#1277 = LINE('',#1278,#1279);
#1278 = CARTESIAN_POINT('',(12.5,1.44175055139E-32,-7.E-02));
#1279 = VECTOR('',#1280,1.);
#1280 = DIRECTION('',(1.,-4.783771722814E-32,0.));
#1281 = PLANE('',#1282);
#1282 = AXIS2_PLACEMENT_3D('',#1283,#1284,#1285);
#1283 = CARTESIAN_POINT('',(12.5,1.44175055139E-32,-7.E-02));
#1284 = DIRECTION('',(4.783771722814E-32,1.,0.));
#1285 = DIRECTION('',(1.,-4.783771722814E-32,0.));
#1286 = ADVANCED_FACE('',(#1287),#1312,.F.);
#1287 = FACE_BOUND('',#1288,.F.);
#1288 = EDGE_LOOP('',(#1289,#1290,#1298,#1306));
#1289 = ORIENTED_EDGE('',*,*,#1268,.T.);
#1290 = ORIENTED_EDGE('',*,*,#1291,.T.);
#1291 = EDGE_CURVE('',#1261,#1292,#1294,.T.);
#1292 = VERTEX_POINT('',#1293);
#1293 = CARTESIAN_POINT('',(13.,0.14,7.E-02));
#1294 = LINE('',#1295,#1296);
#1295 = CARTESIAN_POINT('',(13.,-9.501353100163E-33,7.E-02));
#1296 = VECTOR('',#1297,1.);
#1297 = DIRECTION('',(0.,1.,0.));
#1298 = ORIENTED_EDGE('',*,*,#1299,.F.);
#1299 = EDGE_CURVE('',#1300,#1292,#1302,.T.);
#1300 = VERTEX_POINT('',#1301);
#1301 = CARTESIAN_POINT('',(13.,0.14,-7.E-02));
#1302 = LINE('',#1303,#1304);
#1303 = CARTESIAN_POINT('',(13.,0.14,-7.E-02));
#1304 = VECTOR('',#1305,1.);
#1305 = DIRECTION('',(0.,0.,1.));
#1306 = ORIENTED_EDGE('',*,*,#1307,.F.);
#1307 = EDGE_CURVE('',#1269,#1300,#1308,.T.);
#1308 = LINE('',#1309,#1310);
#1309 = CARTESIAN_POINT('',(13.,-9.501353100163E-33,-7.E-02));
#1310 = VECTOR('',#1311,1.);
#1311 = DIRECTION('',(0.,1.,0.));
#1312 = PLANE('',#1313);
#1313 = AXIS2_PLACEMENT_3D('',#1314,#1315,#1316);
#1314 = CARTESIAN_POINT('',(13.,-9.501353100163E-33,-7.E-02));
#1315 = DIRECTION('',(-1.,0.,0.));
#1316 = DIRECTION('',(0.,1.,0.));
#1317 = ADVANCED_FACE('',(#1318),#1343,.F.);
#1318 = FACE_BOUND('',#1319,.F.);
#1319 = EDGE_LOOP('',(#1320,#1321,#1329,#1337));
#1320 = ORIENTED_EDGE('',*,*,#1299,.T.);
#1321 = ORIENTED_EDGE('',*,*,#1322,.T.);
#1322 = EDGE_CURVE('',#1292,#1323,#1325,.T.);
#1323 = VERTEX_POINT('',#1324);
#1324 = CARTESIAN_POINT('',(12.5,0.14,7.E-02));
#1325 = LINE('',#1326,#1327);
#1326 = CARTESIAN_POINT('',(13.,0.14,7.E-02));
#1327 = VECTOR('',#1328,1.);
#1328 = DIRECTION('',(-1.,0.,0.));
#1329 = ORIENTED_EDGE('',*,*,#1330,.F.);
#1330 = EDGE_CURVE('',#1331,#1323,#1333,.T.);
#1331 = VERTEX_POINT('',#1332);
#1332 = CARTESIAN_POINT('',(12.5,0.14,-7.E-02));
#1333 = LINE('',#1334,#1335);
#1334 = CARTESIAN_POINT('',(12.5,0.14,-7.E-02));
#1335 = VECTOR('',#1336,1.);
#1336 = DIRECTION('',(0.,0.,1.));
#1337 = ORIENTED_EDGE('',*,*,#1338,.F.);
#1338 = EDGE_CURVE('',#1300,#1331,#1339,.T.);
#1339 = LINE('',#1340,#1341);
#1340 = CARTESIAN_POINT('',(13.,0.14,-7.E-02));
#1341 = VECTOR('',#1342,1.);
#1342 = DIRECTION('',(-1.,0.,0.));
#1343 = PLANE('',#1344);
#1344 = AXIS2_PLACEMENT_3D('',#1345,#1346,#1347);
#1345 = CARTESIAN_POINT('',(13.,0.14,-7.E-02));
#1346 = DIRECTION('',(0.,-1.,0.));
#1347 = DIRECTION('',(-1.,0.,0.));
#1348 = ADVANCED_FACE('',(#1349),#1374,.F.);
#1349 = FACE_BOUND('',#1350,.F.);
#1350 = EDGE_LOOP('',(#1351,#1352,#1360,#1368));
#1351 = ORIENTED_EDGE('',*,*,#1330,.T.);
#1352 = ORIENTED_EDGE('',*,*,#1353,.T.);
#1353 = EDGE_CURVE('',#1323,#1354,#1356,.T.);
#1354 = VERTEX_POINT('',#1355);
#1355 = CARTESIAN_POINT('',(12.5,0.81,7.E-02));
#1356 = LINE('',#1357,#1358);
#1357 = CARTESIAN_POINT('',(12.5,0.14,7.E-02));
#1358 = VECTOR('',#1359,1.);
#1359 = DIRECTION('',(0.,1.,0.));
#1360 = ORIENTED_EDGE('',*,*,#1361,.F.);
#1361 = EDGE_CURVE('',#1362,#1354,#1364,.T.);
#1362 = VERTEX_POINT('',#1363);
#1363 = CARTESIAN_POINT('',(12.5,0.81,-7.E-02));
#1364 = LINE('',#1365,#1366);
#1365 = CARTESIAN_POINT('',(12.5,0.81,-7.E-02));
#1366 = VECTOR('',#1367,1.);
#1367 = DIRECTION('',(0.,0.,1.));
#1368 = ORIENTED_EDGE('',*,*,#1369,.F.);
#1369 = EDGE_CURVE('',#1331,#1362,#1370,.T.);
#1370 = LINE('',#1371,#1372);
#1371 = CARTESIAN_POINT('',(12.5,0.14,-7.E-02));
#1372 = VECTOR('',#1373,1.);
#1373 = DIRECTION('',(0.,1.,0.));
#1374 = PLANE('',#1375);
#1375 = AXIS2_PLACEMENT_3D('',#1376,#1377,#1378);
#1376 = CARTESIAN_POINT('',(12.5,0.14,-7.E-02));
#1377 = DIRECTION('',(-1.,0.,0.));
#1378 = DIRECTION('',(0.,1.,0.));
#1379 = ADVANCED_FACE('',(#1380),#1407,.T.);
#1380 = FACE_BOUND('',#1381,.F.);
#1381 = EDGE_LOOP('',(#1382,#1383,#1392,#1400));
#1382 = ORIENTED_EDGE('',*,*,#1361,.T.);
#1383 = ORIENTED_EDGE('',*,*,#1384,.T.);
#1384 = EDGE_CURVE('',#1354,#1385,#1387,.T.);
#1385 = VERTEX_POINT('',#1386);
#1386 = CARTESIAN_POINT('',(12.36,0.95,7.E-02));
#1387 = CIRCLE('',#1388,0.14);
#1388 = AXIS2_PLACEMENT_3D('',#1389,#1390,#1391);
#1389 = CARTESIAN_POINT('',(12.36,0.81,7.E-02));
#1390 = DIRECTION('',(0.,0.,1.));
#1391 = DIRECTION('',(1.,0.,0.));
#1392 = ORIENTED_EDGE('',*,*,#1393,.F.);
#1393 = EDGE_CURVE('',#1394,#1385,#1396,.T.);
#1394 = VERTEX_POINT('',#1395);
#1395 = CARTESIAN_POINT('',(12.36,0.95,-7.E-02));
#1396 = LINE('',#1397,#1398);
#1397 = CARTESIAN_POINT('',(12.36,0.95,-7.E-02));
#1398 = VECTOR('',#1399,1.);
#1399 = DIRECTION('',(0.,0.,1.));
#1400 = ORIENTED_EDGE('',*,*,#1401,.F.);
#1401 = EDGE_CURVE('',#1362,#1394,#1402,.T.);
#1402 = CIRCLE('',#1403,0.14);
#1403 = AXIS2_PLACEMENT_3D('',#1404,#1405,#1406);
#1404 = CARTESIAN_POINT('',(12.36,0.81,-7.E-02));
#1405 = DIRECTION('',(0.,0.,1.));
#1406 = DIRECTION('',(1.,0.,0.));
#1407 = CYLINDRICAL_SURFACE('',#1408,0.14);
#1408 = AXIS2_PLACEMENT_3D('',#1409,#1410,#1411);
#1409 = CARTESIAN_POINT('',(12.36,0.81,-7.E-02));
#1410 = DIRECTION('',(-0.,-0.,-1.));
#1411 = DIRECTION('',(1.,0.,0.));
#1412 = ADVANCED_FACE('',(#1413),#1438,.F.);
#1413 = FACE_BOUND('',#1414,.F.);
#1414 = EDGE_LOOP('',(#1415,#1416,#1424,#1432));
#1415 = ORIENTED_EDGE('',*,*,#1393,.T.);
#1416 = ORIENTED_EDGE('',*,*,#1417,.T.);
#1417 = EDGE_CURVE('',#1385,#1418,#1420,.T.);
#1418 = VERTEX_POINT('',#1419);
#1419 = CARTESIAN_POINT('',(12.,0.95,7.E-02));
#1420 = LINE('',#1421,#1422);
#1421 = CARTESIAN_POINT('',(12.36,0.95,7.E-02));
#1422 = VECTOR('',#1423,1.);
#1423 = DIRECTION('',(-1.,0.,0.));
#1424 = ORIENTED_EDGE('',*,*,#1425,.F.);
#1425 = EDGE_CURVE('',#1426,#1418,#1428,.T.);
#1426 = VERTEX_POINT('',#1427);
#1427 = CARTESIAN_POINT('',(12.,0.95,-7.E-02));
#1428 = LINE('',#1429,#1430);
#1429 = CARTESIAN_POINT('',(12.,0.95,-7.E-02));
#1430 = VECTOR('',#1431,1.);
#1431 = DIRECTION('',(0.,0.,1.));
#1432 = ORIENTED_EDGE('',*,*,#1433,.F.);
#1433 = EDGE_CURVE('',#1394,#1426,#1434,.T.);
#1434 = LINE('',#1435,#1436);
#1435 = CARTESIAN_POINT('',(12.36,0.95,-7.E-02));
#1436 = VECTOR('',#1437,1.);
#1437 = DIRECTION('',(-1.,0.,0.));
#1438 = PLANE('',#1439);
#1439 = AXIS2_PLACEMENT_3D('',#1440,#1441,#1442);
#1440 = CARTESIAN_POINT('',(12.36,0.95,-7.E-02));
#1441 = DIRECTION('',(0.,-1.,0.));
#1442 = DIRECTION('',(-1.,0.,0.));
#1443 = ADVANCED_FACE('',(#1444),#1460,.F.);
#1444 = FACE_BOUND('',#1445,.F.);
#1445 = EDGE_LOOP('',(#1446,#1447,#1453,#1454));
#1446 = ORIENTED_EDGE('',*,*,#1425,.T.);
#1447 = ORIENTED_EDGE('',*,*,#1448,.T.);
#1448 = EDGE_CURVE('',#1418,#1158,#1449,.T.);
#1449 = LINE('',#1450,#1451);
#1450 = CARTESIAN_POINT('',(12.,0.95,7.E-02));
#1451 = VECTOR('',#1452,1.);
#1452 = DIRECTION('',(0.,-1.,0.));
#1453 = ORIENTED_EDGE('',*,*,#1155,.F.);
#1454 = ORIENTED_EDGE('',*,*,#1455,.F.);
#1455 = EDGE_CURVE('',#1426,#1156,#1456,.T.);
#1456 = LINE('',#1457,#1458);
#1457 = CARTESIAN_POINT('',(12.,0.95,-7.E-02));
#1458 = VECTOR('',#1459,1.);
#1459 = DIRECTION('',(0.,-1.,0.));
#1460 = PLANE('',#1461);
#1461 = AXIS2_PLACEMENT_3D('',#1462,#1463,#1464);
#1462 = CARTESIAN_POINT('',(12.,0.95,-7.E-02));
#1463 = DIRECTION('',(1.,0.,0.));
#1464 = DIRECTION('',(0.,-1.,0.));
#1465 = ADVANCED_FACE('',(#1466),#1478,.F.);
#1466 = FACE_BOUND('',#1467,.F.);
#1467 = EDGE_LOOP('',(#1468,#1469,#1470,#1471,#1472,#1473,#1474,#1475,
    #1476,#1477));
#1468 = ORIENTED_EDGE('',*,*,#1181,.T.);
#1469 = ORIENTED_EDGE('',*,*,#1212,.T.);
#1470 = ORIENTED_EDGE('',*,*,#1244,.T.);
#1471 = ORIENTED_EDGE('',*,*,#1276,.T.);
#1472 = ORIENTED_EDGE('',*,*,#1307,.T.);
#1473 = ORIENTED_EDGE('',*,*,#1338,.T.);
#1474 = ORIENTED_EDGE('',*,*,#1369,.T.);
#1475 = ORIENTED_EDGE('',*,*,#1401,.T.);
#1476 = ORIENTED_EDGE('',*,*,#1433,.T.);
#1477 = ORIENTED_EDGE('',*,*,#1455,.T.);
#1478 = PLANE('',#1479);
#1479 = AXIS2_PLACEMENT_3D('',#1480,#1481,#1482);
#1480 = CARTESIAN_POINT('',(12.472280206553,0.444958800607,-7.E-02));
#1481 = DIRECTION('',(0.,0.,1.));
#1482 = DIRECTION('',(1.,0.,0.));
#1483 = ADVANCED_FACE('',(#1484),#1496,.T.);
#1484 = FACE_BOUND('',#1485,.T.);
#1485 = EDGE_LOOP('',(#1486,#1487,#1488,#1489,#1490,#1491,#1492,#1493,
    #1494,#1495));
#1486 = ORIENTED_EDGE('',*,*,#1165,.T.);
#1487 = ORIENTED_EDGE('',*,*,#1196,.T.);
#1488 = ORIENTED_EDGE('',*,*,#1227,.T.);
#1489 = ORIENTED_EDGE('',*,*,#1260,.T.);
#1490 = ORIENTED_EDGE('',*,*,#1291,.T.);
#1491 = ORIENTED_EDGE('',*,*,#1322,.T.);
#1492 = ORIENTED_EDGE('',*,*,#1353,.T.);
#1493 = ORIENTED_EDGE('',*,*,#1384,.T.);
#1494 = ORIENTED_EDGE('',*,*,#1417,.T.);
#1495 = ORIENTED_EDGE('',*,*,#1448,.T.);
#1496 = PLANE('',#1497);
#1497 = AXIS2_PLACEMENT_3D('',#1498,#1499,#1500);
#1498 = CARTESIAN_POINT('',(12.472280206553,0.444958800607,7.E-02));
#1499 = DIRECTION('',(0.,0.,1.));
#1500 = DIRECTION('',(1.,0.,0.));
#1501 = ( GEOMETRIC_REPRESENTATION_CONTEXT(3) 
GLOBAL_UNCERTAINTY_ASSIGNED_CONTEXT((#1505)) 
GLOBAL_UNIT_ASSIGNED_CONTEXT((#1502,#1503,#1504)) REPRESENTATION_CONTEXT
('Context #1','3D Context with UNIT and UNCERTAINTY') );
#1502 = ( LENGTH_UNIT() NAMED_UNIT(*) SI_UNIT(.MILLI.,.METRE.) );
#1503 = ( NAMED_UNIT(*) PLANE_ANGLE_UNIT() SI_UNIT($,.RADIAN.) );
#1504 = ( NAMED_UNIT(*) SI_UNIT($,.STERADIAN.) SOLID_ANGLE_UNIT() );
#1505 = UNCERTAINTY_MEASURE_WITH_UNIT(LENGTH_MEASURE(1.E-07),#1502,
  'distance_accuracy_value','confusion accuracy');
#1506 = CONTEXT_DEPENDENT_SHAPE_REPRESENTATION(#1507,#1509);
#1507 = ( REPRESENTATION_RELATIONSHIP('','',#1148,#953) 
REPRESENTATION_RELATIONSHIP_WITH_TRANSFORMATION(#1508) 
SHAPE_REPRESENTATION_RELATIONSHIP() );
#1508 = ITEM_DEFINED_TRANSFORMATION('','',#11,#954);
#1509 = PRODUCT_DEFINITION_SHAPE('Placement','Placement of an item',
  #1510);
#1510 = NEXT_ASSEMBLY_USAGE_OCCURRENCE('2756','0','',#948,#1143,$);
#1511 = PRODUCT_RELATED_PRODUCT_CATEGORY('part',$,(#1145));
#1512 = CONTEXT_DEPENDENT_SHAPE_REPRESENTATION(#1513,#1515);
#1513 = ( REPRESENTATION_RELATIONSHIP('','',#1148,#953) 
REPRESENTATION_RELATIONSHIP_WITH_TRANSFORMATION(#1514) 
SHAPE_REPRESENTATION_RELATIONSHIP() );
#1514 = ITEM_DEFINED_TRANSFORMATION('','',#11,#958);
#1515 = PRODUCT_DEFINITION_SHAPE('Placement','Placement of an item',
  #1516);
#1516 = NEXT_ASSEMBLY_USAGE_OCCURRENCE('2757','1','',#948,#1143,$);
#1517 = CONTEXT_DEPENDENT_SHAPE_REPRESENTATION(#1518,#1520);
#1518 = ( REPRESENTATION_RELATIONSHIP('','',#1148,#953) 
REPRESENTATION_RELATIONSHIP_WITH_TRANSFORMATION(#1519) 
SHAPE_REPRESENTATION_RELATIONSHIP() );
#1519 = ITEM_DEFINED_TRANSFORMATION('','',#11,#962);
#1520 = PRODUCT_DEFINITION_SHAPE('Placement','Placement of an item',
  #1521);
#1521 = NEXT_ASSEMBLY_USAGE_OCCURRENCE('2758','2','',#948,#1143,$);
#1522 = CONTEXT_DEPENDENT_SHAPE_REPRESENTATION(#1523,#1525);
#1523 = ( REPRESENTATION_RELATIONSHIP('','',#1148,#953) 
REPRESENTATION_RELATIONSHIP_WITH_TRANSFORMATION(#1524) 
SHAPE_REPRESENTATION_RELATIONSHIP() );
#1524 = ITEM_DEFINED_TRANSFORMATION('','',#11,#966);
#1525 = PRODUCT_DEFINITION_SHAPE('Placement','Placement of an item',
  #1526);
#1526 = NEXT_ASSEMBLY_USAGE_OCCURRENCE('2759','3','',#948,#1143,$);
#1527 = CONTEXT_DEPENDENT_SHAPE_REPRESENTATION(#1528,#1530);
#1528 = ( REPRESENTATION_RELATIONSHIP('','',#1148,#953) 
REPRESENTATION_RELATIONSHIP_WITH_TRANSFORMATION(#1529) 
SHAPE_REPRESENTATION_RELATIONSHIP() );
#1529 = ITEM_DEFINED_TRANSFORMATION('','',#11,#970);
#1530 = PRODUCT_DEFINITION_SHAPE('Placement','Placement of an item',
  #1531);
#1531 = NEXT_ASSEMBLY_USAGE_OCCURRENCE('2760','4','',#948,#1143,$);
#1532 = CONTEXT_DEPENDENT_SHAPE_REPRESENTATION(#1533,#1535);
#1533 = ( REPRESENTATION_RELATIONSHIP('','',#1148,#953) 
REPRESENTATION_RELATIONSHIP_WITH_TRANSFORMATION(#1534) 
SHAPE_REPRESENTATION_RELATIONSHIP() );
#1534 = ITEM_DEFINED_TRANSFORMATION('','',#11,#974);
#1535 = PRODUCT_DEFINITION_SHAPE('Placement','Placement of an item',
  #1536);
#1536 = NEXT_ASSEMBLY_USAGE_OCCURRENCE('2761','5','',#948,#1143,$);
#1537 = CONTEXT_DEPENDENT_SHAPE_REPRESENTATION(#1538,#1540);
#1538 = ( REPRESENTATION_RELATIONSHIP('','',#1148,#953) 
REPRESENTATION_RELATIONSHIP_WITH_TRANSFORMATION(#1539) 
SHAPE_REPRESENTATION_RELATIONSHIP() );
#1539 = ITEM_DEFINED_TRANSFORMATION('','',#11,#978);
#1540 = PRODUCT_DEFINITION_SHAPE('Placement','Placement of an item',
  #1541);
#1541 = NEXT_ASSEMBLY_USAGE_OCCURRENCE('2762','6','',#948,#1143,$);
#1542 = CONTEXT_DEPENDENT_SHAPE_REPRESENTATION(#1543,#1545);
#1543 = ( REPRESENTATION_RELATIONSHIP('','',#1148,#953) 
REPRESENTATION_RELATIONSHIP_WITH_TRANSFORMATION(#1544) 
SHAPE_REPRESENTATION_RELATIONSHIP() );
#1544 = ITEM_DEFINED_TRANSFORMATION('','',#11,#982);
#1545 = PRODUCT_DEFINITION_SHAPE('Placement','Placement of an item',
  #1546);
#1546 = NEXT_ASSEMBLY_USAGE_OCCURRENCE('2763','7','',#948,#1143,$);
#1547 = CONTEXT_DEPENDENT_SHAPE_REPRESENTATION(#1548,#1550);
#1548 = ( REPRESENTATION_RELATIONSHIP('','',#1148,#953) 
REPRESENTATION_RELATIONSHIP_WITH_TRANSFORMATION(#1549) 
SHAPE_REPRESENTATION_RELATIONSHIP() );
#1549 = ITEM_DEFINED_TRANSFORMATION('','',#11,#986);
#1550 = PRODUCT_DEFINITION_SHAPE('Placement','Placement of an item',
  #1551);
#1551 = NEXT_ASSEMBLY_USAGE_OCCURRENCE('2764','8','',#948,#1143,$);
#1552 = CONTEXT_DEPENDENT_SHAPE_REPRESENTATION(#1553,#1555);
#1553 = ( REPRESENTATION_RELATIONSHIP('','',#1148,#953) 
REPRESENTATION_RELATIONSHIP_WITH_TRANSFORMATION(#1554) 
SHAPE_REPRESENTATION_RELATIONSHIP() );
#1554 = ITEM_DEFINED_TRANSFORMATION('','',#11,#990);
#1555 = PRODUCT_DEFINITION_SHAPE('Placement','Placement of an item',
  #1556);
#1556 = NEXT_ASSEMBLY_USAGE_OCCURRENCE('2765','9','',#948,#1143,$);
#1557 = CONTEXT_DEPENDENT_SHAPE_REPRESENTATION(#1558,#1560);
#1558 = ( REPRESENTATION_RELATIONSHIP('','',#1148,#953) 
REPRESENTATION_RELATIONSHIP_WITH_TRANSFORMATION(#1559) 
SHAPE_REPRESENTATION_RELATIONSHIP() );
#1559 = ITEM_DEFINED_TRANSFORMATION('','',#11,#994);
#1560 = PRODUCT_DEFINITION_SHAPE('Placement','Placement of an item',
  #1561);
#1561 = NEXT_ASSEMBLY_USAGE_OCCURRENCE('2766','10','',#948,#1143,$);
#1562 = CONTEXT_DEPENDENT_SHAPE_REPRESENTATION(#1563,#1565);
#1563 = ( REPRESENTATION_RELATIONSHIP('','',#1148,#953) 
REPRESENTATION_RELATIONSHIP_WITH_TRANSFORMATION(#1564) 
SHAPE_REPRESENTATION_RELATIONSHIP() );
#1564 = ITEM_DEFINED_TRANSFORMATION('','',#11,#998);
#1565 = PRODUCT_DEFINITION_SHAPE('Placement','Placement of an item',
  #1566);
#1566 = NEXT_ASSEMBLY_USAGE_OCCURRENCE('2767','11','',#948,#1143,$);
#1567 = CONTEXT_DEPENDENT_SHAPE_REPRESENTATION(#1568,#1570);
#1568 = ( REPRESENTATION_RELATIONSHIP('','',#1148,#953) 
REPRESENTATION_RELATIONSHIP_WITH_TRANSFORMATION(#1569) 
SHAPE_REPRESENTATION_RELATIONSHIP() );
#1569 = ITEM_DEFINED_TRANSFORMATION('','',#11,#1002);
#1570 = PRODUCT_DEFINITION_SHAPE('Placement','Placement of an item',
  #1571);
#1571 = NEXT_ASSEMBLY_USAGE_OCCURRENCE('2768','12','',#948,#1143,$);
#1572 = CONTEXT_DEPENDENT_SHAPE_REPRESENTATION(#1573,#1575);
#1573 = ( REPRESENTATION_RELATIONSHIP('','',#1148,#953) 
REPRESENTATION_RELATIONSHIP_WITH_TRANSFORMATION(#1574) 
SHAPE_REPRESENTATION_RELATIONSHIP() );
#1574 = ITEM_DEFINED_TRANSFORMATION('','',#11,#1006);
#1575 = PRODUCT_DEFINITION_SHAPE('Placement','Placement of an item',
  #1576);
#1576 = NEXT_ASSEMBLY_USAGE_OCCURRENCE('2769','13','',#948,#1143,$);
#1577 = CONTEXT_DEPENDENT_SHAPE_REPRESENTATION(#1578,#1580);
#1578 = ( REPRESENTATION_RELATIONSHIP('','',#1148,#953) 
REPRESENTATION_RELATIONSHIP_WITH_TRANSFORMATION(#1579) 
SHAPE_REPRESENTATION_RELATIONSHIP() );
#1579 = ITEM_DEFINED_TRANSFORMATION('','',#11,#1010);
#1580 = PRODUCT_DEFINITION_SHAPE('Placement','Placement of an item',
  #1581);
#1581 = NEXT_ASSEMBLY_USAGE_OCCURRENCE('2770','14','',#948,#1143,$);
#1582 = CONTEXT_DEPENDENT_SHAPE_REPRESENTATION(#1583,#1585);
#1583 = ( REPRESENTATION_RELATIONSHIP('','',#1148,#953) 
REPRESENTATION_RELATIONSHIP_WITH_TRANSFORMATION(#1584) 
SHAPE_REPRESENTATION_RELATIONSHIP() );
#1584 = ITEM_DEFINED_TRANSFORMATION('','',#11,#1014);
#1585 = PRODUCT_DEFINITION_SHAPE('Placement','Placement of an item',
  #1586);
#1586 = NEXT_ASSEMBLY_USAGE_OCCURRENCE('2771','15','',#948,#1143,$);
#1587 = CONTEXT_DEPENDENT_SHAPE_REPRESENTATION(#1588,#1590);
#1588 = ( REPRESENTATION_RELATIONSHIP('','',#1148,#953) 
REPRESENTATION_RELATIONSHIP_WITH_TRANSFORMATION(#1589) 
SHAPE_REPRESENTATION_RELATIONSHIP() );
#1589 = ITEM_DEFINED_TRANSFORMATION('','',#11,#1018);
#1590 = PRODUCT_DEFINITION_SHAPE('Placement','Placement of an item',
  #1591);
#1591 = NEXT_ASSEMBLY_USAGE_OCCURRENCE('2772','16','',#948,#1143,$);
#1592 = CONTEXT_DEPENDENT_SHAPE_REPRESENTATION(#1593,#1595);
#1593 = ( REPRESENTATION_RELATIONSHIP('','',#1148,#953) 
REPRESENTATION_RELATIONSHIP_WITH_TRANSFORMATION(#1594) 
SHAPE_REPRESENTATION_RELATIONSHIP() );
#1594 = ITEM_DEFINED_TRANSFORMATION('','',#11,#1022);
#1595 = PRODUCT_DEFINITION_SHAPE('Placement','Placement of an item',
  #1596);
#1596 = NEXT_ASSEMBLY_USAGE_OCCURRENCE('2773','17','',#948,#1143,$);
#1597 = CONTEXT_DEPENDENT_SHAPE_REPRESENTATION(#1598,#1600);
#1598 = ( REPRESENTATION_RELATIONSHIP('','',#1148,#953) 
REPRESENTATION_RELATIONSHIP_WITH_TRANSFORMATION(#1599) 
SHAPE_REPRESENTATION_RELATIONSHIP() );
#1599 = ITEM_DEFINED_TRANSFORMATION('','',#11,#1026);
#1600 = PRODUCT_DEFINITION_SHAPE('Placement','Placement of an item',
  #1601);
#1601 = NEXT_ASSEMBLY_USAGE_OCCURRENCE('2774','18','',#948,#1143,$);
#1602 = CONTEXT_DEPENDENT_SHAPE_REPRESENTATION(#1603,#1605);
#1603 = ( REPRESENTATION_RELATIONSHIP('','',#1148,#953) 
REPRESENTATION_RELATIONSHIP_WITH_TRANSFORMATION(#1604) 
SHAPE_REPRESENTATION_RELATIONSHIP() );
#1604 = ITEM_DEFINED_TRANSFORMATION('','',#11,#1030);
#1605 = PRODUCT_DEFINITION_SHAPE('Placement','Placement of an item',
  #1606);
#1606 = NEXT_ASSEMBLY_USAGE_OCCURRENCE('2775','19','',#948,#1143,$);
#1607 = CONTEXT_DEPENDENT_SHAPE_REPRESENTATION(#1608,#1610);
#1608 = ( REPRESENTATION_RELATIONSHIP('','',#1148,#953) 
REPRESENTATION_RELATIONSHIP_WITH_TRANSFORMATION(#1609) 
SHAPE_REPRESENTATION_RELATIONSHIP() );
#1609 = ITEM_DEFINED_TRANSFORMATION('','',#11,#1034);
#1610 = PRODUCT_DEFINITION_SHAPE('Placement','Placement of an item',
  #1611);
#1611 = NEXT_ASSEMBLY_USAGE_OCCURRENCE('2776','20','',#948,#1143,$);
#1612 = CONTEXT_DEPENDENT_SHAPE_REPRESENTATION(#1613,#1615);
#1613 = ( REPRESENTATION_RELATIONSHIP('','',#1148,#953) 
REPRESENTATION_RELATIONSHIP_WITH_TRANSFORMATION(#1614) 
SHAPE_REPRESENTATION_RELATIONSHIP() );
#1614 = ITEM_DEFINED_TRANSFORMATION('','',#11,#1038);
#1615 = PRODUCT_DEFINITION_SHAPE('Placement','Placement of an item',
  #1616);
#1616 = NEXT_ASSEMBLY_USAGE_OCCURRENCE('2777','21','',#948,#1143,$);
#1617 = CONTEXT_DEPENDENT_SHAPE_REPRESENTATION(#1618,#1620);
#1618 = ( REPRESENTATION_RELATIONSHIP('','',#1148,#953) 
REPRESENTATION_RELATIONSHIP_WITH_TRANSFORMATION(#1619) 
SHAPE_REPRESENTATION_RELATIONSHIP() );
#1619 = ITEM_DEFINED_TRANSFORMATION('','',#11,#1042);
#1620 = PRODUCT_DEFINITION_SHAPE('Placement','Placement of an item',
  #1621);
#1621 = NEXT_ASSEMBLY_USAGE_OCCURRENCE('2778','22','',#948,#1143,$);
#1622 = CONTEXT_DEPENDENT_SHAPE_REPRESENTATION(#1623,#1625);
#1623 = ( REPRESENTATION_RELATIONSHIP('','',#1148,#953) 
REPRESENTATION_RELATIONSHIP_WITH_TRANSFORMATION(#1624) 
SHAPE_REPRESENTATION_RELATIONSHIP() );
#1624 = ITEM_DEFINED_TRANSFORMATION('','',#11,#1046);
#1625 = PRODUCT_DEFINITION_SHAPE('Placement','Placement of an item',
  #1626);
#1626 = NEXT_ASSEMBLY_USAGE_OCCURRENCE('2779','23','',#948,#1143,$);
#1627 = CONTEXT_DEPENDENT_SHAPE_REPRESENTATION(#1628,#1630);
#1628 = ( REPRESENTATION_RELATIONSHIP('','',#1148,#953) 
REPRESENTATION_RELATIONSHIP_WITH_TRANSFORMATION(#1629) 
SHAPE_REPRESENTATION_RELATIONSHIP() );
#1629 = ITEM_DEFINED_TRANSFORMATION('','',#11,#1050);
#1630 = PRODUCT_DEFINITION_SHAPE('Placement','Placement of an item',
  #1631);
#1631 = NEXT_ASSEMBLY_USAGE_OCCURRENCE('2780','24','',#948,#1143,$);
#1632 = CONTEXT_DEPENDENT_SHAPE_REPRESENTATION(#1633,#1635);
#1633 = ( REPRESENTATION_RELATIONSHIP('','',#1148,#953) 
REPRESENTATION_RELATIONSHIP_WITH_TRANSFORMATION(#1634) 
SHAPE_REPRESENTATION_RELATIONSHIP() );
#1634 = ITEM_DEFINED_TRANSFORMATION('','',#11,#1054);
#1635 = PRODUCT_DEFINITION_SHAPE('Placement','Placement of an item',
  #1636);
#1636 = NEXT_ASSEMBLY_USAGE_OCCURRENCE('2781','25','',#948,#1143,$);
#1637 = CONTEXT_DEPENDENT_SHAPE_REPRESENTATION(#1638,#1640);
#1638 = ( REPRESENTATION_RELATIONSHIP('','',#1148,#953) 
REPRESENTATION_RELATIONSHIP_WITH_TRANSFORMATION(#1639) 
SHAPE_REPRESENTATION_RELATIONSHIP() );
#1639 = ITEM_DEFINED_TRANSFORMATION('','',#11,#1058);
#1640 = PRODUCT_DEFINITION_SHAPE('Placement','Placement of an item',
  #1641);
#1641 = NEXT_ASSEMBLY_USAGE_OCCURRENCE('2782','26','',#948,#1143,$);
#1642 = CONTEXT_DEPENDENT_SHAPE_REPRESENTATION(#1643,#1645);
#1643 = ( REPRESENTATION_RELATIONSHIP('','',#1148,#953) 
REPRESENTATION_RELATIONSHIP_WITH_TRANSFORMATION(#1644) 
SHAPE_REPRESENTATION_RELATIONSHIP() );
#1644 = ITEM_DEFINED_TRANSFORMATION('','',#11,#1062);
#1645 = PRODUCT_DEFINITION_SHAPE('Placement','Placement of an item',
  #1646);
#1646 = NEXT_ASSEMBLY_USAGE_OCCURRENCE('2783','27','',#948,#1143,$);
#1647 = CONTEXT_DEPENDENT_SHAPE_REPRESENTATION(#1648,#1650);
#1648 = ( REPRESENTATION_RELATIONSHIP('','',#1148,#953) 
REPRESENTATION_RELATIONSHIP_WITH_TRANSFORMATION(#1649) 
SHAPE_REPRESENTATION_RELATIONSHIP() );
#1649 = ITEM_DEFINED_TRANSFORMATION('','',#11,#1066);
#1650 = PRODUCT_DEFINITION_SHAPE('Placement','Placement of an item',
  #1651);
#1651 = NEXT_ASSEMBLY_USAGE_OCCURRENCE('2784','28','',#948,#1143,$);
#1652 = CONTEXT_DEPENDENT_SHAPE_REPRESENTATION(#1653,#1655);
#1653 = ( REPRESENTATION_RELATIONSHIP('','',#1148,#953) 
REPRESENTATION_RELATIONSHIP_WITH_TRANSFORMATION(#1654) 
SHAPE_REPRESENTATION_RELATIONSHIP() );
#1654 = ITEM_DEFINED_TRANSFORMATION('','',#11,#1070);
#1655 = PRODUCT_DEFINITION_SHAPE('Placement','Placement of an item',
  #1656);
#1656 = NEXT_ASSEMBLY_USAGE_OCCURRENCE('2785','29','',#948,#1143,$);
#1657 = CONTEXT_DEPENDENT_SHAPE_REPRESENTATION(#1658,#1660);
#1658 = ( REPRESENTATION_RELATIONSHIP('','',#1148,#953) 
REPRESENTATION_RELATIONSHIP_WITH_TRANSFORMATION(#1659) 
SHAPE_REPRESENTATION_RELATIONSHIP() );
#1659 = ITEM_DEFINED_TRANSFORMATION('','',#11,#1074);
#1660 = PRODUCT_DEFINITION_SHAPE('Placement','Placement of an item',
  #1661);
#1661 = NEXT_ASSEMBLY_USAGE_OCCURRENCE('2786','30','',#948,#1143,$);
#1662 = CONTEXT_DEPENDENT_SHAPE_REPRESENTATION(#1663,#1665);
#1663 = ( REPRESENTATION_RELATIONSHIP('','',#1148,#953) 
REPRESENTATION_RELATIONSHIP_WITH_TRANSFORMATION(#1664) 
SHAPE_REPRESENTATION_RELATIONSHIP() );
#1664 = ITEM_DEFINED_TRANSFORMATION('','',#11,#1078);
#1665 = PRODUCT_DEFINITION_SHAPE('Placement','Placement of an item',
  #1666);
#1666 = NEXT_ASSEMBLY_USAGE_OCCURRENCE('2787','31','',#948,#1143,$);
#1667 = CONTEXT_DEPENDENT_SHAPE_REPRESENTATION(#1668,#1670);
#1668 = ( REPRESENTATION_RELATIONSHIP('','',#1148,#953) 
REPRESENTATION_RELATIONSHIP_WITH_TRANSFORMATION(#1669) 
SHAPE_REPRESENTATION_RELATIONSHIP() );
#1669 = ITEM_DEFINED_TRANSFORMATION('','',#11,#1082);
#1670 = PRODUCT_DEFINITION_SHAPE('Placement','Placement of an item',
  #1671);
#1671 = NEXT_ASSEMBLY_USAGE_OCCURRENCE('2788','32','',#948,#1143,$);
#1672 = CONTEXT_DEPENDENT_SHAPE_REPRESENTATION(#1673,#1675);
#1673 = ( REPRESENTATION_RELATIONSHIP('','',#1148,#953) 
REPRESENTATION_RELATIONSHIP_WITH_TRANSFORMATION(#1674) 
SHAPE_REPRESENTATION_RELATIONSHIP() );
#1674 = ITEM_DEFINED_TRANSFORMATION('','',#11,#1086);
#1675 = PRODUCT_DEFINITION_SHAPE('Placement','Placement of an item',
  #1676);
#1676 = NEXT_ASSEMBLY_USAGE_OCCURRENCE('2789','33','',#948,#1143,$);
#1677 = CONTEXT_DEPENDENT_SHAPE_REPRESENTATION(#1678,#1680);
#1678 = ( REPRESENTATION_RELATIONSHIP('','',#1148,#953) 
REPRESENTATION_RELATIONSHIP_WITH_TRANSFORMATION(#1679) 
SHAPE_REPRESENTATION_RELATIONSHIP() );
#1679 = ITEM_DEFINED_TRANSFORMATION('','',#11,#1090);
#1680 = PRODUCT_DEFINITION_SHAPE('Placement','Placement of an item',
  #1681);
#1681 = NEXT_ASSEMBLY_USAGE_OCCURRENCE('2790','34','',#948,#1143,$);
#1682 = CONTEXT_DEPENDENT_SHAPE_REPRESENTATION(#1683,#1685);
#1683 = ( REPRESENTATION_RELATIONSHIP('','',#1148,#953) 
REPRESENTATION_RELATIONSHIP_WITH_TRANSFORMATION(#1684) 
SHAPE_REPRESENTATION_RELATIONSHIP() );
#1684 = ITEM_DEFINED_TRANSFORMATION('','',#11,#1094);
#1685 = PRODUCT_DEFINITION_SHAPE('Placement','Placement of an item',
  #1686);
#1686 = NEXT_ASSEMBLY_USAGE_OCCURRENCE('2791','35','',#948,#1143,$);
#1687 = CONTEXT_DEPENDENT_SHAPE_REPRESENTATION(#1688,#1690);
#1688 = ( REPRESENTATION_RELATIONSHIP('','',#1148,#953) 
REPRESENTATION_RELATIONSHIP_WITH_TRANSFORMATION(#1689) 
SHAPE_REPRESENTATION_RELATIONSHIP() );
#1689 = ITEM_DEFINED_TRANSFORMATION('','',#11,#1098);
#1690 = PRODUCT_DEFINITION_SHAPE('Placement','Placement of an item',
  #1691);
#1691 = NEXT_ASSEMBLY_USAGE_OCCURRENCE('2792','36','',#948,#1143,$);
#1692 = CONTEXT_DEPENDENT_SHAPE_REPRESENTATION(#1693,#1695);
#1693 = ( REPRESENTATION_RELATIONSHIP('','',#1148,#953) 
REPRESENTATION_RELATIONSHIP_WITH_TRANSFORMATION(#1694) 
SHAPE_REPRESENTATION_RELATIONSHIP() );
#1694 = ITEM_DEFINED_TRANSFORMATION('','',#11,#1102);
#1695 = PRODUCT_DEFINITION_SHAPE('Placement','Placement of an item',
  #1696);
#1696 = NEXT_ASSEMBLY_USAGE_OCCURRENCE('2793','37','',#948,#1143,$);
#1697 = CONTEXT_DEPENDENT_SHAPE_REPRESENTATION(#1698,#1700);
#1698 = ( REPRESENTATION_RELATIONSHIP('','',#1148,#953) 
REPRESENTATION_RELATIONSHIP_WITH_TRANSFORMATION(#1699) 
SHAPE_REPRESENTATION_RELATIONSHIP() );
#1699 = ITEM_DEFINED_TRANSFORMATION('','',#11,#1106);
#1700 = PRODUCT_DEFINITION_SHAPE('Placement','Placement of an item',
  #1701);
#1701 = NEXT_ASSEMBLY_USAGE_OCCURRENCE('2794','38','',#948,#1143,$);
#1702 = CONTEXT_DEPENDENT_SHAPE_REPRESENTATION(#1703,#1705);
#1703 = ( REPRESENTATION_RELATIONSHIP('','',#1148,#953) 
REPRESENTATION_RELATIONSHIP_WITH_TRANSFORMATION(#1704) 
SHAPE_REPRESENTATION_RELATIONSHIP() );
#1704 = ITEM_DEFINED_TRANSFORMATION('','',#11,#1110);
#1705 = PRODUCT_DEFINITION_SHAPE('Placement','Placement of an item',
  #1706);
#1706 = NEXT_ASSEMBLY_USAGE_OCCURRENCE('2795','39','',#948,#1143,$);
#1707 = CONTEXT_DEPENDENT_SHAPE_REPRESENTATION(#1708,#1710);
#1708 = ( REPRESENTATION_RELATIONSHIP('','',#1148,#953) 
REPRESENTATION_RELATIONSHIP_WITH_TRANSFORMATION(#1709) 
SHAPE_REPRESENTATION_RELATIONSHIP() );
#1709 = ITEM_DEFINED_TRANSFORMATION('','',#11,#1114);
#1710 = PRODUCT_DEFINITION_SHAPE('Placement','Placement of an item',
  #1711);
#1711 = NEXT_ASSEMBLY_USAGE_OCCURRENCE('2796','40','',#948,#1143,$);
#1712 = CONTEXT_DEPENDENT_SHAPE_REPRESENTATION(#1713,#1715);
#1713 = ( REPRESENTATION_RELATIONSHIP('','',#1148,#953) 
REPRESENTATION_RELATIONSHIP_WITH_TRANSFORMATION(#1714) 
SHAPE_REPRESENTATION_RELATIONSHIP() );
#1714 = ITEM_DEFINED_TRANSFORMATION('','',#11,#1118);
#1715 = PRODUCT_DEFINITION_SHAPE('Placement','Placement of an item',
  #1716);
#1716 = NEXT_ASSEMBLY_USAGE_OCCURRENCE('2797','41','',#948,#1143,$);
#1717 = CONTEXT_DEPENDENT_SHAPE_REPRESENTATION(#1718,#1720);
#1718 = ( REPRESENTATION_RELATIONSHIP('','',#1148,#953) 
REPRESENTATION_RELATIONSHIP_WITH_TRANSFORMATION(#1719) 
SHAPE_REPRESENTATION_RELATIONSHIP() );
#1719 = ITEM_DEFINED_TRANSFORMATION('','',#11,#1122);
#1720 = PRODUCT_DEFINITION_SHAPE('Placement','Placement of an item',
  #1721);
#1721 = NEXT_ASSEMBLY_USAGE_OCCURRENCE('2798','42','',#948,#1143,$);
#1722 = CONTEXT_DEPENDENT_SHAPE_REPRESENTATION(#1723,#1725);
#1723 = ( REPRESENTATION_RELATIONSHIP('','',#1148,#953) 
REPRESENTATION_RELATIONSHIP_WITH_TRANSFORMATION(#1724) 
SHAPE_REPRESENTATION_RELATIONSHIP() );
#1724 = ITEM_DEFINED_TRANSFORMATION('','',#11,#1126);
#1725 = PRODUCT_DEFINITION_SHAPE('Placement','Placement of an item',
  #1726);
#1726 = NEXT_ASSEMBLY_USAGE_OCCURRENCE('2799','43','',#948,#1143,$);
#1727 = SHAPE_DEFINITION_REPRESENTATION(#1728,#1734);
#1728 = PRODUCT_DEFINITION_SHAPE('','',#1729);
#1729 = PRODUCT_DEFINITION('design','',#1730,#1733);
#1730 = PRODUCT_DEFINITION_FORMATION('','',#1731);
#1731 = PRODUCT('Array002','Array002','',(#1732));
#1732 = PRODUCT_CONTEXT('',#2,'mechanical');
#1733 = PRODUCT_DEFINITION_CONTEXT('part definition',#2,'design');
#1734 = SHAPE_REPRESENTATION('',(#11,#1735,#1739,#1743,#1747,#1751,#1755
    ,#1759,#1763,#1767,#1771,#1775,#1779,#1783,#1787,#1791,#1795,#1799,
    #1803,#1807,#1811,#1815,#1819,#1823,#1827,#1831,#1835,#1839,#1843,
    #1847,#1851,#1855,#1859,#1863,#1867,#1871,#1875,#1879,#1883,#1887,
    #1891,#1895,#1899,#1903,#1907),#1911);
#1735 = AXIS2_PLACEMENT_3D('',#1736,#1737,#1738);
#1736 = CARTESIAN_POINT('',(0.,0.,0.));
#1737 = DIRECTION('',(0.,0.,1.));
#1738 = DIRECTION('',(1.,0.,0.));
#1739 = AXIS2_PLACEMENT_3D('',#1740,#1741,#1742);
#1740 = CARTESIAN_POINT('',(-0.5,0.,0.));
#1741 = DIRECTION('',(0.,0.,1.));
#1742 = DIRECTION('',(1.,0.,0.));
#1743 = AXIS2_PLACEMENT_3D('',#1744,#1745,#1746);
#1744 = CARTESIAN_POINT('',(-1.,0.,0.));
#1745 = DIRECTION('',(0.,0.,1.));
#1746 = DIRECTION('',(1.,0.,0.));
#1747 = AXIS2_PLACEMENT_3D('',#1748,#1749,#1750);
#1748 = CARTESIAN_POINT('',(-1.5,0.,0.));
#1749 = DIRECTION('',(0.,0.,1.));
#1750 = DIRECTION('',(1.,0.,0.));
#1751 = AXIS2_PLACEMENT_3D('',#1752,#1753,#1754);
#1752 = CARTESIAN_POINT('',(-2.,0.,0.));
#1753 = DIRECTION('',(0.,0.,1.));
#1754 = DIRECTION('',(1.,0.,0.));
#1755 = AXIS2_PLACEMENT_3D('',#1756,#1757,#1758);
#1756 = CARTESIAN_POINT('',(-2.5,0.,0.));
#1757 = DIRECTION('',(0.,0.,1.));
#1758 = DIRECTION('',(1.,0.,0.));
#1759 = AXIS2_PLACEMENT_3D('',#1760,#1761,#1762);
#1760 = CARTESIAN_POINT('',(-3.,0.,0.));
#1761 = DIRECTION('',(0.,0.,1.));
#1762 = DIRECTION('',(1.,0.,0.));
#1763 = AXIS2_PLACEMENT_3D('',#1764,#1765,#1766);
#1764 = CARTESIAN_POINT('',(-3.5,0.,0.));
#1765 = DIRECTION('',(0.,0.,1.));
#1766 = DIRECTION('',(1.,0.,0.));
#1767 = AXIS2_PLACEMENT_3D('',#1768,#1769,#1770);
#1768 = CARTESIAN_POINT('',(-4.,0.,0.));
#1769 = DIRECTION('',(0.,0.,1.));
#1770 = DIRECTION('',(1.,0.,0.));
#1771 = AXIS2_PLACEMENT_3D('',#1772,#1773,#1774);
#1772 = CARTESIAN_POINT('',(-4.5,0.,0.));
#1773 = DIRECTION('',(0.,0.,1.));
#1774 = DIRECTION('',(1.,0.,0.));
#1775 = AXIS2_PLACEMENT_3D('',#1776,#1777,#1778);
#1776 = CARTESIAN_POINT('',(-5.,0.,0.));
#1777 = DIRECTION('',(0.,0.,1.));
#1778 = DIRECTION('',(1.,0.,0.));
#1779 = AXIS2_PLACEMENT_3D('',#1780,#1781,#1782);
#1780 = CARTESIAN_POINT('',(-5.5,0.,0.));
#1781 = DIRECTION('',(0.,0.,1.));
#1782 = DIRECTION('',(1.,0.,0.));
#1783 = AXIS2_PLACEMENT_3D('',#1784,#1785,#1786);
#1784 = CARTESIAN_POINT('',(-6.,0.,0.));
#1785 = DIRECTION('',(0.,0.,1.));
#1786 = DIRECTION('',(1.,0.,0.));
#1787 = AXIS2_PLACEMENT_3D('',#1788,#1789,#1790);
#1788 = CARTESIAN_POINT('',(-6.5,0.,0.));
#1789 = DIRECTION('',(0.,0.,1.));
#1790 = DIRECTION('',(1.,0.,0.));
#1791 = AXIS2_PLACEMENT_3D('',#1792,#1793,#1794);
#1792 = CARTESIAN_POINT('',(-7.,0.,0.));
#1793 = DIRECTION('',(0.,0.,1.));
#1794 = DIRECTION('',(1.,0.,0.));
#1795 = AXIS2_PLACEMENT_3D('',#1796,#1797,#1798);
#1796 = CARTESIAN_POINT('',(-7.5,0.,0.));
#1797 = DIRECTION('',(0.,0.,1.));
#1798 = DIRECTION('',(1.,0.,0.));
#1799 = AXIS2_PLACEMENT_3D('',#1800,#1801,#1802);
#1800 = CARTESIAN_POINT('',(-8.,0.,0.));
#1801 = DIRECTION('',(0.,0.,1.));
#1802 = DIRECTION('',(1.,0.,0.));
#1803 = AXIS2_PLACEMENT_3D('',#1804,#1805,#1806);
#1804 = CARTESIAN_POINT('',(-8.5,0.,0.));
#1805 = DIRECTION('',(0.,0.,1.));
#1806 = DIRECTION('',(1.,0.,0.));
#1807 = AXIS2_PLACEMENT_3D('',#1808,#1809,#1810);
#1808 = CARTESIAN_POINT('',(-9.,0.,0.));
#1809 = DIRECTION('',(0.,0.,1.));
#1810 = DIRECTION('',(1.,0.,0.));
#1811 = AXIS2_PLACEMENT_3D('',#1812,#1813,#1814);
#1812 = CARTESIAN_POINT('',(-9.5,0.,0.));
#1813 = DIRECTION('',(0.,0.,1.));
#1814 = DIRECTION('',(1.,0.,0.));
#1815 = AXIS2_PLACEMENT_3D('',#1816,#1817,#1818);
#1816 = CARTESIAN_POINT('',(-10.,0.,0.));
#1817 = DIRECTION('',(0.,0.,1.));
#1818 = DIRECTION('',(1.,0.,0.));
#1819 = AXIS2_PLACEMENT_3D('',#1820,#1821,#1822);
#1820 = CARTESIAN_POINT('',(-10.5,0.,0.));
#1821 = DIRECTION('',(0.,0.,1.));
#1822 = DIRECTION('',(1.,0.,0.));
#1823 = AXIS2_PLACEMENT_3D('',#1824,#1825,#1826);
#1824 = CARTESIAN_POINT('',(-11.,0.,0.));
#1825 = DIRECTION('',(0.,0.,1.));
#1826 = DIRECTION('',(1.,0.,0.));
#1827 = AXIS2_PLACEMENT_3D('',#1828,#1829,#1830);
#1828 = CARTESIAN_POINT('',(-11.5,0.,0.));
#1829 = DIRECTION('',(0.,0.,1.));
#1830 = DIRECTION('',(1.,0.,0.));
#1831 = AXIS2_PLACEMENT_3D('',#1832,#1833,#1834);
#1832 = CARTESIAN_POINT('',(-12.,0.,0.));
#1833 = DIRECTION('',(0.,0.,1.));
#1834 = DIRECTION('',(1.,0.,0.));
#1835 = AXIS2_PLACEMENT_3D('',#1836,#1837,#1838);
#1836 = CARTESIAN_POINT('',(-12.5,0.,0.));
#1837 = DIRECTION('',(0.,0.,1.));
#1838 = DIRECTION('',(1.,0.,0.));
#1839 = AXIS2_PLACEMENT_3D('',#1840,#1841,#1842);
#1840 = CARTESIAN_POINT('',(-13.,0.,0.));
#1841 = DIRECTION('',(0.,0.,1.));
#1842 = DIRECTION('',(1.,0.,0.));
#1843 = AXIS2_PLACEMENT_3D('',#1844,#1845,#1846);
#1844 = CARTESIAN_POINT('',(-13.5,0.,0.));
#1845 = DIRECTION('',(0.,0.,1.));
#1846 = DIRECTION('',(1.,0.,0.));
#1847 = AXIS2_PLACEMENT_3D('',#1848,#1849,#1850);
#1848 = CARTESIAN_POINT('',(-14.,0.,0.));
#1849 = DIRECTION('',(0.,0.,1.));
#1850 = DIRECTION('',(1.,0.,0.));
#1851 = AXIS2_PLACEMENT_3D('',#1852,#1853,#1854);
#1852 = CARTESIAN_POINT('',(-14.5,0.,0.));
#1853 = DIRECTION('',(0.,0.,1.));
#1854 = DIRECTION('',(1.,0.,0.));
#1855 = AXIS2_PLACEMENT_3D('',#1856,#1857,#1858);
#1856 = CARTESIAN_POINT('',(-15.,0.,0.));
#1857 = DIRECTION('',(0.,0.,1.));
#1858 = DIRECTION('',(1.,0.,0.));
#1859 = AXIS2_PLACEMENT_3D('',#1860,#1861,#1862);
#1860 = CARTESIAN_POINT('',(-15.5,0.,0.));
#1861 = DIRECTION('',(0.,0.,1.));
#1862 = DIRECTION('',(1.,0.,0.));
#1863 = AXIS2_PLACEMENT_3D('',#1864,#1865,#1866);
#1864 = CARTESIAN_POINT('',(-16.,0.,0.));
#1865 = DIRECTION('',(0.,0.,1.));
#1866 = DIRECTION('',(1.,0.,0.));
#1867 = AXIS2_PLACEMENT_3D('',#1868,#1869,#1870);
#1868 = CARTESIAN_POINT('',(-16.5,0.,0.));
#1869 = DIRECTION('',(0.,0.,1.));
#1870 = DIRECTION('',(1.,0.,0.));
#1871 = AXIS2_PLACEMENT_3D('',#1872,#1873,#1874);
#1872 = CARTESIAN_POINT('',(-17.,0.,0.));
#1873 = DIRECTION('',(0.,0.,1.));
#1874 = DIRECTION('',(1.,0.,0.));
#1875 = AXIS2_PLACEMENT_3D('',#1876,#1877,#1878);
#1876 = CARTESIAN_POINT('',(-17.5,0.,0.));
#1877 = DIRECTION('',(0.,0.,1.));
#1878 = DIRECTION('',(1.,0.,0.));
#1879 = AXIS2_PLACEMENT_3D('',#1880,#1881,#1882);
#1880 = CARTESIAN_POINT('',(-18.,0.,0.));
#1881 = DIRECTION('',(0.,0.,1.));
#1882 = DIRECTION('',(1.,0.,0.));
#1883 = AXIS2_PLACEMENT_3D('',#1884,#1885,#1886);
#1884 = CARTESIAN_POINT('',(-18.5,0.,0.));
#1885 = DIRECTION('',(0.,0.,1.));
#1886 = DIRECTION('',(1.,0.,0.));
#1887 = AXIS2_PLACEMENT_3D('',#1888,#1889,#1890);
#1888 = CARTESIAN_POINT('',(-19.,0.,0.));
#1889 = DIRECTION('',(0.,0.,1.));
#1890 = DIRECTION('',(1.,0.,0.));
#1891 = AXIS2_PLACEMENT_3D('',#1892,#1893,#1894);
#1892 = CARTESIAN_POINT('',(-19.5,0.,0.));
#1893 = DIRECTION('',(0.,0.,1.));
#1894 = DIRECTION('',(1.,0.,0.));
#1895 = AXIS2_PLACEMENT_3D('',#1896,#1897,#1898);
#1896 = CARTESIAN_POINT('',(-20.,0.,0.));
#1897 = DIRECTION('',(0.,0.,1.));
#1898 = DIRECTION('',(1.,0.,0.));
#1899 = AXIS2_PLACEMENT_3D('',#1900,#1901,#1902);
#1900 = CARTESIAN_POINT('',(-20.5,0.,0.));
#1901 = DIRECTION('',(0.,0.,1.));
#1902 = DIRECTION('',(1.,0.,0.));
#1903 = AXIS2_PLACEMENT_3D('',#1904,#1905,#1906);
#1904 = CARTESIAN_POINT('',(-21.,0.,0.));
#1905 = DIRECTION('',(0.,0.,1.));
#1906 = DIRECTION('',(1.,0.,0.));
#1907 = AXIS2_PLACEMENT_3D('',#1908,#1909,#1910);
#1908 = CARTESIAN_POINT('',(-21.5,0.,0.));
#1909 = DIRECTION('',(0.,0.,1.));
#1910 = DIRECTION('',(1.,0.,0.));
#1911 = ( GEOMETRIC_REPRESENTATION_CONTEXT(3) 
GLOBAL_UNCERTAINTY_ASSIGNED_CONTEXT((#1915)) 
GLOBAL_UNIT_ASSIGNED_CONTEXT((#1912,#1913,#1914)) REPRESENTATION_CONTEXT
('Context #1','3D Context with UNIT and UNCERTAINTY') );
#1912 = ( LENGTH_UNIT() NAMED_UNIT(*) SI_UNIT(.MILLI.,.METRE.) );
#1913 = ( NAMED_UNIT(*) PLANE_ANGLE_UNIT() SI_UNIT($,.RADIAN.) );
#1914 = ( NAMED_UNIT(*) SI_UNIT($,.STERADIAN.) SOLID_ANGLE_UNIT() );
#1915 = UNCERTAINTY_MEASURE_WITH_UNIT(LENGTH_MEASURE(1.E-07),#1912,
  'distance_accuracy_value','confusion accuracy');
#1916 = CONTEXT_DEPENDENT_SHAPE_REPRESENTATION(#1917,#1919);
#1917 = ( REPRESENTATION_RELATIONSHIP('','',#1734,#10) 
REPRESENTATION_RELATIONSHIP_WITH_TRANSFORMATION(#1918) 
SHAPE_REPRESENTATION_RELATIONSHIP() );
#1918 = ITEM_DEFINED_TRANSFORMATION('','',#11,#23);
#1919 = PRODUCT_DEFINITION_SHAPE('Placement','Placement of an item',
  #1920);
#1920 = NEXT_ASSEMBLY_USAGE_OCCURRENCE('2845','Array002','',#5,#1729,$);
#1921 = PRODUCT_RELATED_PRODUCT_CATEGORY('part',$,(#1731));
#1922 = SHAPE_DEFINITION_REPRESENTATION(#1923,#1929);
#1923 = PRODUCT_DEFINITION_SHAPE('','',#1924);
#1924 = PRODUCT_DEFINITION('design','',#1925,#1928);
#1925 = PRODUCT_DEFINITION_FORMATION('','',#1926);
#1926 = PRODUCT('Body002 (Mirror #2)','Body002 (Mirror #2)','',(#1927));
#1927 = PRODUCT_CONTEXT('',#2,'mechanical');
#1928 = PRODUCT_DEFINITION_CONTEXT('part definition',#2,'design');
#1929 = ADVANCED_BREP_SHAPE_REPRESENTATION('',(#11,#1930),#2282);
#1930 = MANIFOLD_SOLID_BREP('',#1931);
#1931 = CLOSED_SHELL('',(#1932,#1972,#2003,#2034,#2065,#2098,#2129,#2160
    ,#2191,#2222,#2246,#2264));
#1932 = ADVANCED_FACE('',(#1933),#1967,.T.);
#1933 = FACE_BOUND('',#1934,.F.);
#1934 = EDGE_LOOP('',(#1935,#1945,#1953,#1961));
#1935 = ORIENTED_EDGE('',*,*,#1936,.T.);
#1936 = EDGE_CURVE('',#1937,#1939,#1941,.T.);
#1937 = VERTEX_POINT('',#1938);
#1938 = CARTESIAN_POINT('',(10.68,0.81,12.5));
#1939 = VERTEX_POINT('',#1940);
#1940 = CARTESIAN_POINT('',(10.82,0.81,12.5));
#1941 = LINE('',#1942,#1943);
#1942 = CARTESIAN_POINT('',(10.68,0.81,12.5));
#1943 = VECTOR('',#1944,1.);
#1944 = DIRECTION('',(1.,-2.22044604925E-16,-1.110223024625E-16));
#1945 = ORIENTED_EDGE('',*,*,#1946,.T.);
#1946 = EDGE_CURVE('',#1939,#1947,#1949,.T.);
#1947 = VERTEX_POINT('',#1948);
#1948 = CARTESIAN_POINT('',(10.82,0.14,12.5));
#1949 = LINE('',#1950,#1951);
#1950 = CARTESIAN_POINT('',(10.82,0.81,12.5));
#1951 = VECTOR('',#1952,1.);
#1952 = DIRECTION('',(4.440892098501E-16,-1.,-3.330669073875E-16));
#1953 = ORIENTED_EDGE('',*,*,#1954,.F.);
#1954 = EDGE_CURVE('',#1955,#1947,#1957,.T.);
#1955 = VERTEX_POINT('',#1956);
#1956 = CARTESIAN_POINT('',(10.68,0.14,12.5));
#1957 = LINE('',#1958,#1959);
#1958 = CARTESIAN_POINT('',(10.68,0.14,12.5));
#1959 = VECTOR('',#1960,1.);
#1960 = DIRECTION('',(1.,-2.22044604925E-16,-1.110223024625E-16));
#1961 = ORIENTED_EDGE('',*,*,#1962,.F.);
#1962 = EDGE_CURVE('',#1937,#1955,#1963,.T.);
#1963 = LINE('',#1964,#1965);
#1964 = CARTESIAN_POINT('',(10.68,0.81,12.5));
#1965 = VECTOR('',#1966,1.);
#1966 = DIRECTION('',(4.440892098501E-16,-1.,-3.330669073875E-16));
#1967 = PLANE('',#1968);
#1968 = AXIS2_PLACEMENT_3D('',#1969,#1970,#1971);
#1969 = CARTESIAN_POINT('',(10.68,0.81,12.5));
#1970 = DIRECTION('',(1.110223024625E-16,-3.330669073875E-16,1.));
#1971 = DIRECTION('',(2.465190328816E-32,1.,3.330669073875E-16));
#1972 = ADVANCED_FACE('',(#1973),#1998,.T.);
#1973 = FACE_BOUND('',#1974,.F.);
#1974 = EDGE_LOOP('',(#1975,#1976,#1984,#1992));
#1975 = ORIENTED_EDGE('',*,*,#1954,.T.);
#1976 = ORIENTED_EDGE('',*,*,#1977,.T.);
#1977 = EDGE_CURVE('',#1947,#1978,#1980,.T.);
#1978 = VERTEX_POINT('',#1979);
#1979 = CARTESIAN_POINT('',(10.82,0.14,13.));
#1980 = LINE('',#1981,#1982);
#1981 = CARTESIAN_POINT('',(10.82,0.14,12.5));
#1982 = VECTOR('',#1983,1.);
#1983 = DIRECTION('',(3.330669073875E-16,-1.110223024625E-16,1.));
#1984 = ORIENTED_EDGE('',*,*,#1985,.F.);
#1985 = EDGE_CURVE('',#1986,#1978,#1988,.T.);
#1986 = VERTEX_POINT('',#1987);
#1987 = CARTESIAN_POINT('',(10.68,0.14,13.));
#1988 = LINE('',#1989,#1990);
#1989 = CARTESIAN_POINT('',(10.68,0.14,13.));
#1990 = VECTOR('',#1991,1.);
#1991 = DIRECTION('',(1.,-2.22044604925E-16,-1.110223024625E-16));
#1992 = ORIENTED_EDGE('',*,*,#1993,.F.);
#1993 = EDGE_CURVE('',#1955,#1986,#1994,.T.);
#1994 = LINE('',#1995,#1996);
#1995 = CARTESIAN_POINT('',(10.68,0.14,12.5));
#1996 = VECTOR('',#1997,1.);
#1997 = DIRECTION('',(3.330669073875E-16,-1.110223024625E-16,1.));
#1998 = PLANE('',#1999);
#1999 = AXIS2_PLACEMENT_3D('',#2000,#2001,#2002);
#2000 = CARTESIAN_POINT('',(10.68,0.14,12.5));
#2001 = DIRECTION('',(2.22044604925E-16,1.,1.110223024625E-16));
#2002 = DIRECTION('',(-3.330669073875E-16,1.110223024625E-16,-1.));
#2003 = ADVANCED_FACE('',(#2004),#2029,.T.);
#2004 = FACE_BOUND('',#2005,.F.);
#2005 = EDGE_LOOP('',(#2006,#2007,#2015,#2023));
#2006 = ORIENTED_EDGE('',*,*,#1985,.T.);
#2007 = ORIENTED_EDGE('',*,*,#2008,.T.);
#2008 = EDGE_CURVE('',#1978,#2009,#2011,.T.);
#2009 = VERTEX_POINT('',#2010);
#2010 = CARTESIAN_POINT('',(10.82,-1.458833054357E-15,13.));
#2011 = LINE('',#2012,#2013);
#2012 = CARTESIAN_POINT('',(10.82,0.14,13.));
#2013 = VECTOR('',#2014,1.);
#2014 = DIRECTION('',(4.440892098501E-16,-1.,-3.330669073875E-16));
#2015 = ORIENTED_EDGE('',*,*,#2016,.F.);
#2016 = EDGE_CURVE('',#2017,#2009,#2019,.T.);
#2017 = VERTEX_POINT('',#2018);
#2018 = CARTESIAN_POINT('',(10.68,-1.427746809668E-15,13.));
#2019 = LINE('',#2020,#2021);
#2020 = CARTESIAN_POINT('',(10.68,-1.427746809668E-15,13.));
#2021 = VECTOR('',#2022,1.);
#2022 = DIRECTION('',(1.,-2.22044604925E-16,-1.110223024625E-16));
#2023 = ORIENTED_EDGE('',*,*,#2024,.F.);
#2024 = EDGE_CURVE('',#1986,#2017,#2025,.T.);
#2025 = LINE('',#2026,#2027);
#2026 = CARTESIAN_POINT('',(10.68,0.14,13.));
#2027 = VECTOR('',#2028,1.);
#2028 = DIRECTION('',(4.440892098501E-16,-1.,-3.330669073875E-16));
#2029 = PLANE('',#2030);
#2030 = AXIS2_PLACEMENT_3D('',#2031,#2032,#2033);
#2031 = CARTESIAN_POINT('',(10.68,0.14,13.));
#2032 = DIRECTION('',(1.110223024625E-16,-3.330669073875E-16,1.));
#2033 = DIRECTION('',(2.465190328816E-32,1.,3.330669073875E-16));
#2034 = ADVANCED_FACE('',(#2035),#2060,.T.);
#2035 = FACE_BOUND('',#2036,.F.);
#2036 = EDGE_LOOP('',(#2037,#2038,#2046,#2054));
#2037 = ORIENTED_EDGE('',*,*,#2016,.T.);
#2038 = ORIENTED_EDGE('',*,*,#2039,.T.);
#2039 = EDGE_CURVE('',#2009,#2040,#2042,.T.);
#2040 = VERTEX_POINT('',#2041);
#2041 = CARTESIAN_POINT('',(10.82,-2.347011475918E-15,12.5));
#2042 = LINE('',#2043,#2044);
#2043 = CARTESIAN_POINT('',(10.82,-3.845812557302E-15,13.));
#2044 = VECTOR('',#2045,1.);
#2045 = DIRECTION('',(-3.330669073875E-16,-1.776356843122E-15,-1.));
#2046 = ORIENTED_EDGE('',*,*,#2047,.F.);
#2047 = EDGE_CURVE('',#2048,#2040,#2050,.T.);
#2048 = VERTEX_POINT('',#2049);
#2049 = CARTESIAN_POINT('',(10.68,-2.315925231229E-15,12.5));
#2050 = LINE('',#2051,#2052);
#2051 = CARTESIAN_POINT('',(10.68,-2.315925231229E-15,12.5));
#2052 = VECTOR('',#2053,1.);
#2053 = DIRECTION('',(1.,-2.22044604925E-16,-1.110223024625E-16));
#2054 = ORIENTED_EDGE('',*,*,#2055,.F.);
#2055 = EDGE_CURVE('',#2017,#2048,#2056,.T.);
#2056 = LINE('',#2057,#2058);
#2057 = CARTESIAN_POINT('',(10.68,-3.814726312612E-15,13.));
#2058 = VECTOR('',#2059,1.);
#2059 = DIRECTION('',(-3.330669073875E-16,-1.776356843122E-15,-1.));
#2060 = PLANE('',#2061);
#2061 = AXIS2_PLACEMENT_3D('',#2062,#2063,#2064);
#2062 = CARTESIAN_POINT('',(10.68,-1.427746809668E-15,13.));
#2063 = DIRECTION('',(-2.22044604925E-16,-1.,1.776356843122E-15));
#2064 = DIRECTION('',(3.330669073875E-16,1.776356843122E-15,1.));
#2065 = ADVANCED_FACE('',(#2066),#2093,.T.);
#2066 = FACE_BOUND('',#2067,.T.);
#2067 = EDGE_LOOP('',(#2068,#2078,#2085,#2086));
#2068 = ORIENTED_EDGE('',*,*,#2069,.T.);
#2069 = EDGE_CURVE('',#2070,#2072,#2074,.T.);
#2070 = VERTEX_POINT('',#2071);
#2071 = CARTESIAN_POINT('',(10.68,0.14,12.36));
#2072 = VERTEX_POINT('',#2073);
#2073 = CARTESIAN_POINT('',(10.82,0.14,12.36));
#2074 = LINE('',#2075,#2076);
#2075 = CARTESIAN_POINT('',(10.68,0.14,12.36));
#2076 = VECTOR('',#2077,1.);
#2077 = DIRECTION('',(1.,-2.22044604925E-16,-1.110223024625E-16));
#2078 = ORIENTED_EDGE('',*,*,#2079,.T.);
#2079 = EDGE_CURVE('',#2072,#2040,#2080,.T.);
#2080 = CIRCLE('',#2081,0.14);
#2081 = AXIS2_PLACEMENT_3D('',#2082,#2083,#2084);
#2082 = CARTESIAN_POINT('',(10.82,0.14,12.5));
#2083 = DIRECTION('',(-1.,-4.440892098501E-16,3.330669073875E-16));
#2084 = DIRECTION('',(-4.440892098501E-16,1.,3.330669073875E-16));
#2085 = ORIENTED_EDGE('',*,*,#2047,.F.);
#2086 = ORIENTED_EDGE('',*,*,#2087,.F.);
#2087 = EDGE_CURVE('',#2070,#2048,#2088,.T.);
#2088 = CIRCLE('',#2089,0.14);
#2089 = AXIS2_PLACEMENT_3D('',#2090,#2091,#2092);
#2090 = CARTESIAN_POINT('',(10.68,0.14,12.5));
#2091 = DIRECTION('',(-1.,-4.440892098501E-16,3.330669073875E-16));
#2092 = DIRECTION('',(-4.440892098501E-16,1.,3.330669073875E-16));
#2093 = CYLINDRICAL_SURFACE('',#2094,0.14);
#2094 = AXIS2_PLACEMENT_3D('',#2095,#2096,#2097);
#2095 = CARTESIAN_POINT('',(10.68,0.14,12.5));
#2096 = DIRECTION('',(-1.,-8.628166150855E-32,3.330669073875E-16));
#2097 = DIRECTION('',(2.465190328816E-32,1.,3.330669073875E-16));
#2098 = ADVANCED_FACE('',(#2099),#2124,.T.);
#2099 = FACE_BOUND('',#2100,.F.);
#2100 = EDGE_LOOP('',(#2101,#2102,#2110,#2118));
#2101 = ORIENTED_EDGE('',*,*,#2069,.T.);
#2102 = ORIENTED_EDGE('',*,*,#2103,.T.);
#2103 = EDGE_CURVE('',#2072,#2104,#2106,.T.);
#2104 = VERTEX_POINT('',#2105);
#2105 = CARTESIAN_POINT('',(10.82,0.81,12.36));
#2106 = LINE('',#2107,#2108);
#2107 = CARTESIAN_POINT('',(10.82,0.14,12.36));
#2108 = VECTOR('',#2109,1.);
#2109 = DIRECTION('',(-4.440892098501E-16,1.,3.330669073875E-16));
#2110 = ORIENTED_EDGE('',*,*,#2111,.F.);
#2111 = EDGE_CURVE('',#2112,#2104,#2114,.T.);
#2112 = VERTEX_POINT('',#2113);
#2113 = CARTESIAN_POINT('',(10.68,0.81,12.36));
#2114 = LINE('',#2115,#2116);
#2115 = CARTESIAN_POINT('',(10.68,0.81,12.36));
#2116 = VECTOR('',#2117,1.);
#2117 = DIRECTION('',(1.,-2.22044604925E-16,-1.110223024625E-16));
#2118 = ORIENTED_EDGE('',*,*,#2119,.F.);
#2119 = EDGE_CURVE('',#2070,#2112,#2120,.T.);
#2120 = LINE('',#2121,#2122);
#2121 = CARTESIAN_POINT('',(10.68,0.14,12.36));
#2122 = VECTOR('',#2123,1.);
#2123 = DIRECTION('',(-4.440892098501E-16,1.,3.330669073875E-16));
#2124 = PLANE('',#2125);
#2125 = AXIS2_PLACEMENT_3D('',#2126,#2127,#2128);
#2126 = CARTESIAN_POINT('',(10.68,0.14,12.36));
#2127 = DIRECTION('',(-1.110223024625E-16,3.330669073875E-16,-1.));
#2128 = DIRECTION('',(-2.465190328816E-32,-1.,-3.330669073875E-16));
#2129 = ADVANCED_FACE('',(#2130),#2155,.T.);
#2130 = FACE_BOUND('',#2131,.F.);
#2131 = EDGE_LOOP('',(#2132,#2133,#2141,#2149));
#2132 = ORIENTED_EDGE('',*,*,#2111,.T.);
#2133 = ORIENTED_EDGE('',*,*,#2134,.T.);
#2134 = EDGE_CURVE('',#2104,#2135,#2137,.T.);
#2135 = VERTEX_POINT('',#2136);
#2136 = CARTESIAN_POINT('',(10.82,0.81,12.));
#2137 = LINE('',#2138,#2139);
#2138 = CARTESIAN_POINT('',(10.82,0.81,12.36));
#2139 = VECTOR('',#2140,1.);
#2140 = DIRECTION('',(-3.330669073875E-16,1.110223024625E-16,-1.));
#2141 = ORIENTED_EDGE('',*,*,#2142,.F.);
#2142 = EDGE_CURVE('',#2143,#2135,#2145,.T.);
#2143 = VERTEX_POINT('',#2144);
#2144 = CARTESIAN_POINT('',(10.68,0.81,12.));
#2145 = LINE('',#2146,#2147);
#2146 = CARTESIAN_POINT('',(10.68,0.81,12.));
#2147 = VECTOR('',#2148,1.);
#2148 = DIRECTION('',(1.,-2.22044604925E-16,-1.110223024625E-16));
#2149 = ORIENTED_EDGE('',*,*,#2150,.F.);
#2150 = EDGE_CURVE('',#2112,#2143,#2151,.T.);
#2151 = LINE('',#2152,#2153);
#2152 = CARTESIAN_POINT('',(10.68,0.81,12.36));
#2153 = VECTOR('',#2154,1.);
#2154 = DIRECTION('',(-3.330669073875E-16,1.110223024625E-16,-1.));
#2155 = PLANE('',#2156);
#2156 = AXIS2_PLACEMENT_3D('',#2157,#2158,#2159);
#2157 = CARTESIAN_POINT('',(10.68,0.81,12.36));
#2158 = DIRECTION('',(-2.22044604925E-16,-1.,-1.110223024625E-16));
#2159 = DIRECTION('',(3.330669073875E-16,-1.110223024625E-16,1.));
#2160 = ADVANCED_FACE('',(#2161),#2186,.T.);
#2161 = FACE_BOUND('',#2162,.F.);
#2162 = EDGE_LOOP('',(#2163,#2164,#2172,#2180));
#2163 = ORIENTED_EDGE('',*,*,#2142,.T.);
#2164 = ORIENTED_EDGE('',*,*,#2165,.T.);
#2165 = EDGE_CURVE('',#2135,#2166,#2168,.T.);
#2166 = VERTEX_POINT('',#2167);
#2167 = CARTESIAN_POINT('',(10.82,0.95,12.));
#2168 = LINE('',#2169,#2170);
#2169 = CARTESIAN_POINT('',(10.82,0.81,12.));
#2170 = VECTOR('',#2171,1.);
#2171 = DIRECTION('',(-4.440892098501E-16,1.,3.330669073875E-16));
#2172 = ORIENTED_EDGE('',*,*,#2173,.F.);
#2173 = EDGE_CURVE('',#2174,#2166,#2176,.T.);
#2174 = VERTEX_POINT('',#2175);
#2175 = CARTESIAN_POINT('',(10.68,0.95,12.));
#2176 = LINE('',#2177,#2178);
#2177 = CARTESIAN_POINT('',(10.68,0.95,12.));
#2178 = VECTOR('',#2179,1.);
#2179 = DIRECTION('',(1.,-2.22044604925E-16,-1.110223024625E-16));
#2180 = ORIENTED_EDGE('',*,*,#2181,.F.);
#2181 = EDGE_CURVE('',#2143,#2174,#2182,.T.);
#2182 = LINE('',#2183,#2184);
#2183 = CARTESIAN_POINT('',(10.68,0.81,12.));
#2184 = VECTOR('',#2185,1.);
#2185 = DIRECTION('',(-4.440892098501E-16,1.,3.330669073875E-16));
#2186 = PLANE('',#2187);
#2187 = AXIS2_PLACEMENT_3D('',#2188,#2189,#2190);
#2188 = CARTESIAN_POINT('',(10.68,0.81,12.));
#2189 = DIRECTION('',(-1.110223024625E-16,3.330669073875E-16,-1.));
#2190 = DIRECTION('',(-2.465190328816E-32,-1.,-3.330669073875E-16));
#2191 = ADVANCED_FACE('',(#2192),#2217,.T.);
#2192 = FACE_BOUND('',#2193,.F.);
#2193 = EDGE_LOOP('',(#2194,#2195,#2203,#2211));
#2194 = ORIENTED_EDGE('',*,*,#2173,.T.);
#2195 = ORIENTED_EDGE('',*,*,#2196,.T.);
#2196 = EDGE_CURVE('',#2166,#2197,#2199,.T.);
#2197 = VERTEX_POINT('',#2198);
#2198 = CARTESIAN_POINT('',(10.82,0.95,12.36));
#2199 = LINE('',#2200,#2201);
#2200 = CARTESIAN_POINT('',(10.82,0.95,12.));
#2201 = VECTOR('',#2202,1.);
#2202 = DIRECTION('',(3.330669073875E-16,-1.110223024625E-16,1.));
#2203 = ORIENTED_EDGE('',*,*,#2204,.F.);
#2204 = EDGE_CURVE('',#2205,#2197,#2207,.T.);
#2205 = VERTEX_POINT('',#2206);
#2206 = CARTESIAN_POINT('',(10.68,0.95,12.36));
#2207 = LINE('',#2208,#2209);
#2208 = CARTESIAN_POINT('',(10.68,0.95,12.36));
#2209 = VECTOR('',#2210,1.);
#2210 = DIRECTION('',(1.,-2.22044604925E-16,-1.110223024625E-16));
#2211 = ORIENTED_EDGE('',*,*,#2212,.F.);
#2212 = EDGE_CURVE('',#2174,#2205,#2213,.T.);
#2213 = LINE('',#2214,#2215);
#2214 = CARTESIAN_POINT('',(10.68,0.95,12.));
#2215 = VECTOR('',#2216,1.);
#2216 = DIRECTION('',(3.330669073875E-16,-1.110223024625E-16,1.));
#2217 = PLANE('',#2218);
#2218 = AXIS2_PLACEMENT_3D('',#2219,#2220,#2221);
#2219 = CARTESIAN_POINT('',(10.68,0.95,12.));
#2220 = DIRECTION('',(2.22044604925E-16,1.,1.110223024625E-16));
#2221 = DIRECTION('',(-3.330669073875E-16,1.110223024625E-16,-1.));
#2222 = ADVANCED_FACE('',(#2223),#2241,.T.);
#2223 = FACE_BOUND('',#2224,.T.);
#2224 = EDGE_LOOP('',(#2225,#2226,#2233,#2234));
#2225 = ORIENTED_EDGE('',*,*,#1936,.T.);
#2226 = ORIENTED_EDGE('',*,*,#2227,.T.);
#2227 = EDGE_CURVE('',#1939,#2197,#2228,.T.);
#2228 = CIRCLE('',#2229,0.14);
#2229 = AXIS2_PLACEMENT_3D('',#2230,#2231,#2232);
#2230 = CARTESIAN_POINT('',(10.82,0.81,12.36));
#2231 = DIRECTION('',(-1.,-4.440892098501E-16,3.330669073875E-16));
#2232 = DIRECTION('',(-4.440892098501E-16,1.,3.330669073875E-16));
#2233 = ORIENTED_EDGE('',*,*,#2204,.F.);
#2234 = ORIENTED_EDGE('',*,*,#2235,.F.);
#2235 = EDGE_CURVE('',#1937,#2205,#2236,.T.);
#2236 = CIRCLE('',#2237,0.14);
#2237 = AXIS2_PLACEMENT_3D('',#2238,#2239,#2240);
#2238 = CARTESIAN_POINT('',(10.68,0.81,12.36));
#2239 = DIRECTION('',(-1.,-4.440892098501E-16,3.330669073875E-16));
#2240 = DIRECTION('',(-4.440892098501E-16,1.,3.330669073875E-16));
#2241 = CYLINDRICAL_SURFACE('',#2242,0.14);
#2242 = AXIS2_PLACEMENT_3D('',#2243,#2244,#2245);
#2243 = CARTESIAN_POINT('',(10.68,0.81,12.36));
#2244 = DIRECTION('',(-1.,-8.628166150855E-32,3.330669073875E-16));
#2245 = DIRECTION('',(2.465190328816E-32,1.,3.330669073875E-16));
#2246 = ADVANCED_FACE('',(#2247),#2259,.F.);
#2247 = FACE_BOUND('',#2248,.F.);
#2248 = EDGE_LOOP('',(#2249,#2250,#2251,#2252,#2253,#2254,#2255,#2256,
    #2257,#2258));
#2249 = ORIENTED_EDGE('',*,*,#1962,.T.);
#2250 = ORIENTED_EDGE('',*,*,#1993,.T.);
#2251 = ORIENTED_EDGE('',*,*,#2024,.T.);
#2252 = ORIENTED_EDGE('',*,*,#2055,.T.);
#2253 = ORIENTED_EDGE('',*,*,#2087,.F.);
#2254 = ORIENTED_EDGE('',*,*,#2119,.T.);
#2255 = ORIENTED_EDGE('',*,*,#2150,.T.);
#2256 = ORIENTED_EDGE('',*,*,#2181,.T.);
#2257 = ORIENTED_EDGE('',*,*,#2212,.T.);
#2258 = ORIENTED_EDGE('',*,*,#2235,.F.);
#2259 = PLANE('',#2260);
#2260 = AXIS2_PLACEMENT_3D('',#2261,#2262,#2263);
#2261 = CARTESIAN_POINT('',(10.68,0.444958800607,12.472280206553));
#2262 = DIRECTION('',(1.,-6.661338147751E-16,-1.110223024625E-16));
#2263 = DIRECTION('',(3.330669073875E-16,-1.110223024625E-16,1.));
#2264 = ADVANCED_FACE('',(#2265),#2277,.T.);
#2265 = FACE_BOUND('',#2266,.T.);
#2266 = EDGE_LOOP('',(#2267,#2268,#2269,#2270,#2271,#2272,#2273,#2274,
    #2275,#2276));
#2267 = ORIENTED_EDGE('',*,*,#1946,.T.);
#2268 = ORIENTED_EDGE('',*,*,#1977,.T.);
#2269 = ORIENTED_EDGE('',*,*,#2008,.T.);
#2270 = ORIENTED_EDGE('',*,*,#2039,.T.);
#2271 = ORIENTED_EDGE('',*,*,#2079,.F.);
#2272 = ORIENTED_EDGE('',*,*,#2103,.T.);
#2273 = ORIENTED_EDGE('',*,*,#2134,.T.);
#2274 = ORIENTED_EDGE('',*,*,#2165,.T.);
#2275 = ORIENTED_EDGE('',*,*,#2196,.T.);
#2276 = ORIENTED_EDGE('',*,*,#2227,.F.);
#2277 = PLANE('',#2278);
#2278 = AXIS2_PLACEMENT_3D('',#2279,#2280,#2281);
#2279 = CARTESIAN_POINT('',(10.82,0.444958800607,12.472280206553));
#2280 = DIRECTION('',(1.,-6.661338147751E-16,-1.110223024625E-16));
#2281 = DIRECTION('',(3.330669073875E-16,-1.110223024625E-16,1.));
#2282 = ( GEOMETRIC_REPRESENTATION_CONTEXT(3) 
GLOBAL_UNCERTAINTY_ASSIGNED_CONTEXT((#2286)) 
GLOBAL_UNIT_ASSIGNED_CONTEXT((#2283,#2284,#2285)) REPRESENTATION_CONTEXT
('Context #1','3D Context with UNIT and UNCERTAINTY') );
#2283 = ( LENGTH_UNIT() NAMED_UNIT(*) SI_UNIT(.MILLI.,.METRE.) );
#2284 = ( NAMED_UNIT(*) PLANE_ANGLE_UNIT() SI_UNIT($,.RADIAN.) );
#2285 = ( NAMED_UNIT(*) SI_UNIT($,.STERADIAN.) SOLID_ANGLE_UNIT() );
#2286 = UNCERTAINTY_MEASURE_WITH_UNIT(LENGTH_MEASURE(1.E-07),#2283,
  'distance_accuracy_value','confusion accuracy');
#2287 = CONTEXT_DEPENDENT_SHAPE_REPRESENTATION(#2288,#2290);
#2288 = ( REPRESENTATION_RELATIONSHIP('','',#1929,#1734) 
REPRESENTATION_RELATIONSHIP_WITH_TRANSFORMATION(#2289) 
SHAPE_REPRESENTATION_RELATIONSHIP() );
#2289 = ITEM_DEFINED_TRANSFORMATION('','',#11,#1735);
#2290 = PRODUCT_DEFINITION_SHAPE('Placement','Placement of an item',
  #2291);
#2291 = NEXT_ASSEMBLY_USAGE_OCCURRENCE('2801','0','',#1729,#1924,$);
#2292 = PRODUCT_RELATED_PRODUCT_CATEGORY('part',$,(#1926));
#2293 = CONTEXT_DEPENDENT_SHAPE_REPRESENTATION(#2294,#2296);
#2294 = ( REPRESENTATION_RELATIONSHIP('','',#1929,#1734) 
REPRESENTATION_RELATIONSHIP_WITH_TRANSFORMATION(#2295) 
SHAPE_REPRESENTATION_RELATIONSHIP() );
#2295 = ITEM_DEFINED_TRANSFORMATION('','',#11,#1739);
#2296 = PRODUCT_DEFINITION_SHAPE('Placement','Placement of an item',
  #2297);
#2297 = NEXT_ASSEMBLY_USAGE_OCCURRENCE('2802','1','',#1729,#1924,$);
#2298 = CONTEXT_DEPENDENT_SHAPE_REPRESENTATION(#2299,#2301);
#2299 = ( REPRESENTATION_RELATIONSHIP('','',#1929,#1734) 
REPRESENTATION_RELATIONSHIP_WITH_TRANSFORMATION(#2300) 
SHAPE_REPRESENTATION_RELATIONSHIP() );
#2300 = ITEM_DEFINED_TRANSFORMATION('','',#11,#1743);
#2301 = PRODUCT_DEFINITION_SHAPE('Placement','Placement of an item',
  #2302);
#2302 = NEXT_ASSEMBLY_USAGE_OCCURRENCE('2803','2','',#1729,#1924,$);
#2303 = CONTEXT_DEPENDENT_SHAPE_REPRESENTATION(#2304,#2306);
#2304 = ( REPRESENTATION_RELATIONSHIP('','',#1929,#1734) 
REPRESENTATION_RELATIONSHIP_WITH_TRANSFORMATION(#2305) 
SHAPE_REPRESENTATION_RELATIONSHIP() );
#2305 = ITEM_DEFINED_TRANSFORMATION('','',#11,#1747);
#2306 = PRODUCT_DEFINITION_SHAPE('Placement','Placement of an item',
  #2307);
#2307 = NEXT_ASSEMBLY_USAGE_OCCURRENCE('2804','3','',#1729,#1924,$);
#2308 = CONTEXT_DEPENDENT_SHAPE_REPRESENTATION(#2309,#2311);
#2309 = ( REPRESENTATION_RELATIONSHIP('','',#1929,#1734) 
REPRESENTATION_RELATIONSHIP_WITH_TRANSFORMATION(#2310) 
SHAPE_REPRESENTATION_RELATIONSHIP() );
#2310 = ITEM_DEFINED_TRANSFORMATION('','',#11,#1751);
#2311 = PRODUCT_DEFINITION_SHAPE('Placement','Placement of an item',
  #2312);
#2312 = NEXT_ASSEMBLY_USAGE_OCCURRENCE('2805','4','',#1729,#1924,$);
#2313 = CONTEXT_DEPENDENT_SHAPE_REPRESENTATION(#2314,#2316);
#2314 = ( REPRESENTATION_RELATIONSHIP('','',#1929,#1734) 
REPRESENTATION_RELATIONSHIP_WITH_TRANSFORMATION(#2315) 
SHAPE_REPRESENTATION_RELATIONSHIP() );
#2315 = ITEM_DEFINED_TRANSFORMATION('','',#11,#1755);
#2316 = PRODUCT_DEFINITION_SHAPE('Placement','Placement of an item',
  #2317);
#2317 = NEXT_ASSEMBLY_USAGE_OCCURRENCE('2806','5','',#1729,#1924,$);
#2318 = CONTEXT_DEPENDENT_SHAPE_REPRESENTATION(#2319,#2321);
#2319 = ( REPRESENTATION_RELATIONSHIP('','',#1929,#1734) 
REPRESENTATION_RELATIONSHIP_WITH_TRANSFORMATION(#2320) 
SHAPE_REPRESENTATION_RELATIONSHIP() );
#2320 = ITEM_DEFINED_TRANSFORMATION('','',#11,#1759);
#2321 = PRODUCT_DEFINITION_SHAPE('Placement','Placement of an item',
  #2322);
#2322 = NEXT_ASSEMBLY_USAGE_OCCURRENCE('2807','6','',#1729,#1924,$);
#2323 = CONTEXT_DEPENDENT_SHAPE_REPRESENTATION(#2324,#2326);
#2324 = ( REPRESENTATION_RELATIONSHIP('','',#1929,#1734) 
REPRESENTATION_RELATIONSHIP_WITH_TRANSFORMATION(#2325) 
SHAPE_REPRESENTATION_RELATIONSHIP() );
#2325 = ITEM_DEFINED_TRANSFORMATION('','',#11,#1763);
#2326 = PRODUCT_DEFINITION_SHAPE('Placement','Placement of an item',
  #2327);
#2327 = NEXT_ASSEMBLY_USAGE_OCCURRENCE('2808','7','',#1729,#1924,$);
#2328 = CONTEXT_DEPENDENT_SHAPE_REPRESENTATION(#2329,#2331);
#2329 = ( REPRESENTATION_RELATIONSHIP('','',#1929,#1734) 
REPRESENTATION_RELATIONSHIP_WITH_TRANSFORMATION(#2330) 
SHAPE_REPRESENTATION_RELATIONSHIP() );
#2330 = ITEM_DEFINED_TRANSFORMATION('','',#11,#1767);
#2331 = PRODUCT_DEFINITION_SHAPE('Placement','Placement of an item',
  #2332);
#2332 = NEXT_ASSEMBLY_USAGE_OCCURRENCE('2809','8','',#1729,#1924,$);
#2333 = CONTEXT_DEPENDENT_SHAPE_REPRESENTATION(#2334,#2336);
#2334 = ( REPRESENTATION_RELATIONSHIP('','',#1929,#1734) 
REPRESENTATION_RELATIONSHIP_WITH_TRANSFORMATION(#2335) 
SHAPE_REPRESENTATION_RELATIONSHIP() );
#2335 = ITEM_DEFINED_TRANSFORMATION('','',#11,#1771);
#2336 = PRODUCT_DEFINITION_SHAPE('Placement','Placement of an item',
  #2337);
#2337 = NEXT_ASSEMBLY_USAGE_OCCURRENCE('2810','9','',#1729,#1924,$);
#2338 = CONTEXT_DEPENDENT_SHAPE_REPRESENTATION(#2339,#2341);
#2339 = ( REPRESENTATION_RELATIONSHIP('','',#1929,#1734) 
REPRESENTATION_RELATIONSHIP_WITH_TRANSFORMATION(#2340) 
SHAPE_REPRESENTATION_RELATIONSHIP() );
#2340 = ITEM_DEFINED_TRANSFORMATION('','',#11,#1775);
#2341 = PRODUCT_DEFINITION_SHAPE('Placement','Placement of an item',
  #2342);
#2342 = NEXT_ASSEMBLY_USAGE_OCCURRENCE('2811','10','',#1729,#1924,$);
#2343 = CONTEXT_DEPENDENT_SHAPE_REPRESENTATION(#2344,#2346);
#2344 = ( REPRESENTATION_RELATIONSHIP('','',#1929,#1734) 
REPRESENTATION_RELATIONSHIP_WITH_TRANSFORMATION(#2345) 
SHAPE_REPRESENTATION_RELATIONSHIP() );
#2345 = ITEM_DEFINED_TRANSFORMATION('','',#11,#1779);
#2346 = PRODUCT_DEFINITION_SHAPE('Placement','Placement of an item',
  #2347);
#2347 = NEXT_ASSEMBLY_USAGE_OCCURRENCE('2812','11','',#1729,#1924,$);
#2348 = CONTEXT_DEPENDENT_SHAPE_REPRESENTATION(#2349,#2351);
#2349 = ( REPRESENTATION_RELATIONSHIP('','',#1929,#1734) 
REPRESENTATION_RELATIONSHIP_WITH_TRANSFORMATION(#2350) 
SHAPE_REPRESENTATION_RELATIONSHIP() );
#2350 = ITEM_DEFINED_TRANSFORMATION('','',#11,#1783);
#2351 = PRODUCT_DEFINITION_SHAPE('Placement','Placement of an item',
  #2352);
#2352 = NEXT_ASSEMBLY_USAGE_OCCURRENCE('2813','12','',#1729,#1924,$);
#2353 = CONTEXT_DEPENDENT_SHAPE_REPRESENTATION(#2354,#2356);
#2354 = ( REPRESENTATION_RELATIONSHIP('','',#1929,#1734) 
REPRESENTATION_RELATIONSHIP_WITH_TRANSFORMATION(#2355) 
SHAPE_REPRESENTATION_RELATIONSHIP() );
#2355 = ITEM_DEFINED_TRANSFORMATION('','',#11,#1787);
#2356 = PRODUCT_DEFINITION_SHAPE('Placement','Placement of an item',
  #2357);
#2357 = NEXT_ASSEMBLY_USAGE_OCCURRENCE('2814','13','',#1729,#1924,$);
#2358 = CONTEXT_DEPENDENT_SHAPE_REPRESENTATION(#2359,#2361);
#2359 = ( REPRESENTATION_RELATIONSHIP('','',#1929,#1734) 
REPRESENTATION_RELATIONSHIP_WITH_TRANSFORMATION(#2360) 
SHAPE_REPRESENTATION_RELATIONSHIP() );
#2360 = ITEM_DEFINED_TRANSFORMATION('','',#11,#1791);
#2361 = PRODUCT_DEFINITION_SHAPE('Placement','Placement of an item',
  #2362);
#2362 = NEXT_ASSEMBLY_USAGE_OCCURRENCE('2815','14','',#1729,#1924,$);
#2363 = CONTEXT_DEPENDENT_SHAPE_REPRESENTATION(#2364,#2366);
#2364 = ( REPRESENTATION_RELATIONSHIP('','',#1929,#1734) 
REPRESENTATION_RELATIONSHIP_WITH_TRANSFORMATION(#2365) 
SHAPE_REPRESENTATION_RELATIONSHIP() );
#2365 = ITEM_DEFINED_TRANSFORMATION('','',#11,#1795);
#2366 = PRODUCT_DEFINITION_SHAPE('Placement','Placement of an item',
  #2367);
#2367 = NEXT_ASSEMBLY_USAGE_OCCURRENCE('2816','15','',#1729,#1924,$);
#2368 = CONTEXT_DEPENDENT_SHAPE_REPRESENTATION(#2369,#2371);
#2369 = ( REPRESENTATION_RELATIONSHIP('','',#1929,#1734) 
REPRESENTATION_RELATIONSHIP_WITH_TRANSFORMATION(#2370) 
SHAPE_REPRESENTATION_RELATIONSHIP() );
#2370 = ITEM_DEFINED_TRANSFORMATION('','',#11,#1799);
#2371 = PRODUCT_DEFINITION_SHAPE('Placement','Placement of an item',
  #2372);
#2372 = NEXT_ASSEMBLY_USAGE_OCCURRENCE('2817','16','',#1729,#1924,$);
#2373 = CONTEXT_DEPENDENT_SHAPE_REPRESENTATION(#2374,#2376);
#2374 = ( REPRESENTATION_RELATIONSHIP('','',#1929,#1734) 
REPRESENTATION_RELATIONSHIP_WITH_TRANSFORMATION(#2375) 
SHAPE_REPRESENTATION_RELATIONSHIP() );
#2375 = ITEM_DEFINED_TRANSFORMATION('','',#11,#1803);
#2376 = PRODUCT_DEFINITION_SHAPE('Placement','Placement of an item',
  #2377);
#2377 = NEXT_ASSEMBLY_USAGE_OCCURRENCE('2818','17','',#1729,#1924,$);
#2378 = CONTEXT_DEPENDENT_SHAPE_REPRESENTATION(#2379,#2381);
#2379 = ( REPRESENTATION_RELATIONSHIP('','',#1929,#1734) 
REPRESENTATION_RELATIONSHIP_WITH_TRANSFORMATION(#2380) 
SHAPE_REPRESENTATION_RELATIONSHIP() );
#2380 = ITEM_DEFINED_TRANSFORMATION('','',#11,#1807);
#2381 = PRODUCT_DEFINITION_SHAPE('Placement','Placement of an item',
  #2382);
#2382 = NEXT_ASSEMBLY_USAGE_OCCURRENCE('2819','18','',#1729,#1924,$);
#2383 = CONTEXT_DEPENDENT_SHAPE_REPRESENTATION(#2384,#2386);
#2384 = ( REPRESENTATION_RELATIONSHIP('','',#1929,#1734) 
REPRESENTATION_RELATIONSHIP_WITH_TRANSFORMATION(#2385) 
SHAPE_REPRESENTATION_RELATIONSHIP() );
#2385 = ITEM_DEFINED_TRANSFORMATION('','',#11,#1811);
#2386 = PRODUCT_DEFINITION_SHAPE('Placement','Placement of an item',
  #2387);
#2387 = NEXT_ASSEMBLY_USAGE_OCCURRENCE('2820','19','',#1729,#1924,$);
#2388 = CONTEXT_DEPENDENT_SHAPE_REPRESENTATION(#2389,#2391);
#2389 = ( REPRESENTATION_RELATIONSHIP('','',#1929,#1734) 
REPRESENTATION_RELATIONSHIP_WITH_TRANSFORMATION(#2390) 
SHAPE_REPRESENTATION_RELATIONSHIP() );
#2390 = ITEM_DEFINED_TRANSFORMATION('','',#11,#1815);
#2391 = PRODUCT_DEFINITION_SHAPE('Placement','Placement of an item',
  #2392);
#2392 = NEXT_ASSEMBLY_USAGE_OCCURRENCE('2821','20','',#1729,#1924,$);
#2393 = CONTEXT_DEPENDENT_SHAPE_REPRESENTATION(#2394,#2396);
#2394 = ( REPRESENTATION_RELATIONSHIP('','',#1929,#1734) 
REPRESENTATION_RELATIONSHIP_WITH_TRANSFORMATION(#2395) 
SHAPE_REPRESENTATION_RELATIONSHIP() );
#2395 = ITEM_DEFINED_TRANSFORMATION('','',#11,#1819);
#2396 = PRODUCT_DEFINITION_SHAPE('Placement','Placement of an item',
  #2397);
#2397 = NEXT_ASSEMBLY_USAGE_OCCURRENCE('2822','21','',#1729,#1924,$);
#2398 = CONTEXT_DEPENDENT_SHAPE_REPRESENTATION(#2399,#2401);
#2399 = ( REPRESENTATION_RELATIONSHIP('','',#1929,#1734) 
REPRESENTATION_RELATIONSHIP_WITH_TRANSFORMATION(#2400) 
SHAPE_REPRESENTATION_RELATIONSHIP() );
#2400 = ITEM_DEFINED_TRANSFORMATION('','',#11,#1823);
#2401 = PRODUCT_DEFINITION_SHAPE('Placement','Placement of an item',
  #2402);
#2402 = NEXT_ASSEMBLY_USAGE_OCCURRENCE('2823','22','',#1729,#1924,$);
#2403 = CONTEXT_DEPENDENT_SHAPE_REPRESENTATION(#2404,#2406);
#2404 = ( REPRESENTATION_RELATIONSHIP('','',#1929,#1734) 
REPRESENTATION_RELATIONSHIP_WITH_TRANSFORMATION(#2405) 
SHAPE_REPRESENTATION_RELATIONSHIP() );
#2405 = ITEM_DEFINED_TRANSFORMATION('','',#11,#1827);
#2406 = PRODUCT_DEFINITION_SHAPE('Placement','Placement of an item',
  #2407);
#2407 = NEXT_ASSEMBLY_USAGE_OCCURRENCE('2824','23','',#1729,#1924,$);
#2408 = CONTEXT_DEPENDENT_SHAPE_REPRESENTATION(#2409,#2411);
#2409 = ( REPRESENTATION_RELATIONSHIP('','',#1929,#1734) 
REPRESENTATION_RELATIONSHIP_WITH_TRANSFORMATION(#2410) 
SHAPE_REPRESENTATION_RELATIONSHIP() );
#2410 = ITEM_DEFINED_TRANSFORMATION('','',#11,#1831);
#2411 = PRODUCT_DEFINITION_SHAPE('Placement','Placement of an item',
  #2412);
#2412 = NEXT_ASSEMBLY_USAGE_OCCURRENCE('2825','24','',#1729,#1924,$);
#2413 = CONTEXT_DEPENDENT_SHAPE_REPRESENTATION(#2414,#2416);
#2414 = ( REPRESENTATION_RELATIONSHIP('','',#1929,#1734) 
REPRESENTATION_RELATIONSHIP_WITH_TRANSFORMATION(#2415) 
SHAPE_REPRESENTATION_RELATIONSHIP() );
#2415 = ITEM_DEFINED_TRANSFORMATION('','',#11,#1835);
#2416 = PRODUCT_DEFINITION_SHAPE('Placement','Placement of an item',
  #2417);
#2417 = NEXT_ASSEMBLY_USAGE_OCCURRENCE('2826','25','',#1729,#1924,$);
#2418 = CONTEXT_DEPENDENT_SHAPE_REPRESENTATION(#2419,#2421);
#2419 = ( REPRESENTATION_RELATIONSHIP('','',#1929,#1734) 
REPRESENTATION_RELATIONSHIP_WITH_TRANSFORMATION(#2420) 
SHAPE_REPRESENTATION_RELATIONSHIP() );
#2420 = ITEM_DEFINED_TRANSFORMATION('','',#11,#1839);
#2421 = PRODUCT_DEFINITION_SHAPE('Placement','Placement of an item',
  #2422);
#2422 = NEXT_ASSEMBLY_USAGE_OCCURRENCE('2827','26','',#1729,#1924,$);
#2423 = CONTEXT_DEPENDENT_SHAPE_REPRESENTATION(#2424,#2426);
#2424 = ( REPRESENTATION_RELATIONSHIP('','',#1929,#1734) 
REPRESENTATION_RELATIONSHIP_WITH_TRANSFORMATION(#2425) 
SHAPE_REPRESENTATION_RELATIONSHIP() );
#2425 = ITEM_DEFINED_TRANSFORMATION('','',#11,#1843);
#2426 = PRODUCT_DEFINITION_SHAPE('Placement','Placement of an item',
  #2427);
#2427 = NEXT_ASSEMBLY_USAGE_OCCURRENCE('2828','27','',#1729,#1924,$);
#2428 = CONTEXT_DEPENDENT_SHAPE_REPRESENTATION(#2429,#2431);
#2429 = ( REPRESENTATION_RELATIONSHIP('','',#1929,#1734) 
REPRESENTATION_RELATIONSHIP_WITH_TRANSFORMATION(#2430) 
SHAPE_REPRESENTATION_RELATIONSHIP() );
#2430 = ITEM_DEFINED_TRANSFORMATION('','',#11,#1847);
#2431 = PRODUCT_DEFINITION_SHAPE('Placement','Placement of an item',
  #2432);
#2432 = NEXT_ASSEMBLY_USAGE_OCCURRENCE('2829','28','',#1729,#1924,$);
#2433 = CONTEXT_DEPENDENT_SHAPE_REPRESENTATION(#2434,#2436);
#2434 = ( REPRESENTATION_RELATIONSHIP('','',#1929,#1734) 
REPRESENTATION_RELATIONSHIP_WITH_TRANSFORMATION(#2435) 
SHAPE_REPRESENTATION_RELATIONSHIP() );
#2435 = ITEM_DEFINED_TRANSFORMATION('','',#11,#1851);
#2436 = PRODUCT_DEFINITION_SHAPE('Placement','Placement of an item',
  #2437);
#2437 = NEXT_ASSEMBLY_USAGE_OCCURRENCE('2830','29','',#1729,#1924,$);
#2438 = CONTEXT_DEPENDENT_SHAPE_REPRESENTATION(#2439,#2441);
#2439 = ( REPRESENTATION_RELATIONSHIP('','',#1929,#1734) 
REPRESENTATION_RELATIONSHIP_WITH_TRANSFORMATION(#2440) 
SHAPE_REPRESENTATION_RELATIONSHIP() );
#2440 = ITEM_DEFINED_TRANSFORMATION('','',#11,#1855);
#2441 = PRODUCT_DEFINITION_SHAPE('Placement','Placement of an item',
  #2442);
#2442 = NEXT_ASSEMBLY_USAGE_OCCURRENCE('2831','30','',#1729,#1924,$);
#2443 = CONTEXT_DEPENDENT_SHAPE_REPRESENTATION(#2444,#2446);
#2444 = ( REPRESENTATION_RELATIONSHIP('','',#1929,#1734) 
REPRESENTATION_RELATIONSHIP_WITH_TRANSFORMATION(#2445) 
SHAPE_REPRESENTATION_RELATIONSHIP() );
#2445 = ITEM_DEFINED_TRANSFORMATION('','',#11,#1859);
#2446 = PRODUCT_DEFINITION_SHAPE('Placement','Placement of an item',
  #2447);
#2447 = NEXT_ASSEMBLY_USAGE_OCCURRENCE('2832','31','',#1729,#1924,$);
#2448 = CONTEXT_DEPENDENT_SHAPE_REPRESENTATION(#2449,#2451);
#2449 = ( REPRESENTATION_RELATIONSHIP('','',#1929,#1734) 
REPRESENTATION_RELATIONSHIP_WITH_TRANSFORMATION(#2450) 
SHAPE_REPRESENTATION_RELATIONSHIP() );
#2450 = ITEM_DEFINED_TRANSFORMATION('','',#11,#1863);
#2451 = PRODUCT_DEFINITION_SHAPE('Placement','Placement of an item',
  #2452);
#2452 = NEXT_ASSEMBLY_USAGE_OCCURRENCE('2833','32','',#1729,#1924,$);
#2453 = CONTEXT_DEPENDENT_SHAPE_REPRESENTATION(#2454,#2456);
#2454 = ( REPRESENTATION_RELATIONSHIP('','',#1929,#1734) 
REPRESENTATION_RELATIONSHIP_WITH_TRANSFORMATION(#2455) 
SHAPE_REPRESENTATION_RELATIONSHIP() );
#2455 = ITEM_DEFINED_TRANSFORMATION('','',#11,#1867);
#2456 = PRODUCT_DEFINITION_SHAPE('Placement','Placement of an item',
  #2457);
#2457 = NEXT_ASSEMBLY_USAGE_OCCURRENCE('2834','33','',#1729,#1924,$);
#2458 = CONTEXT_DEPENDENT_SHAPE_REPRESENTATION(#2459,#2461);
#2459 = ( REPRESENTATION_RELATIONSHIP('','',#1929,#1734) 
REPRESENTATION_RELATIONSHIP_WITH_TRANSFORMATION(#2460) 
SHAPE_REPRESENTATION_RELATIONSHIP() );
#2460 = ITEM_DEFINED_TRANSFORMATION('','',#11,#1871);
#2461 = PRODUCT_DEFINITION_SHAPE('Placement','Placement of an item',
  #2462);
#2462 = NEXT_ASSEMBLY_USAGE_OCCURRENCE('2835','34','',#1729,#1924,$);
#2463 = CONTEXT_DEPENDENT_SHAPE_REPRESENTATION(#2464,#2466);
#2464 = ( REPRESENTATION_RELATIONSHIP('','',#1929,#1734) 
REPRESENTATION_RELATIONSHIP_WITH_TRANSFORMATION(#2465) 
SHAPE_REPRESENTATION_RELATIONSHIP() );
#2465 = ITEM_DEFINED_TRANSFORMATION('','',#11,#1875);
#2466 = PRODUCT_DEFINITION_SHAPE('Placement','Placement of an item',
  #2467);
#2467 = NEXT_ASSEMBLY_USAGE_OCCURRENCE('2836','35','',#1729,#1924,$);
#2468 = CONTEXT_DEPENDENT_SHAPE_REPRESENTATION(#2469,#2471);
#2469 = ( REPRESENTATION_RELATIONSHIP('','',#1929,#1734) 
REPRESENTATION_RELATIONSHIP_WITH_TRANSFORMATION(#2470) 
SHAPE_REPRESENTATION_RELATIONSHIP() );
#2470 = ITEM_DEFINED_TRANSFORMATION('','',#11,#1879);
#2471 = PRODUCT_DEFINITION_SHAPE('Placement','Placement of an item',
  #2472);
#2472 = NEXT_ASSEMBLY_USAGE_OCCURRENCE('2837','36','',#1729,#1924,$);
#2473 = CONTEXT_DEPENDENT_SHAPE_REPRESENTATION(#2474,#2476);
#2474 = ( REPRESENTATION_RELATIONSHIP('','',#1929,#1734) 
REPRESENTATION_RELATIONSHIP_WITH_TRANSFORMATION(#2475) 
SHAPE_REPRESENTATION_RELATIONSHIP() );
#2475 = ITEM_DEFINED_TRANSFORMATION('','',#11,#1883);
#2476 = PRODUCT_DEFINITION_SHAPE('Placement','Placement of an item',
  #2477);
#2477 = NEXT_ASSEMBLY_USAGE_OCCURRENCE('2838','37','',#1729,#1924,$);
#2478 = CONTEXT_DEPENDENT_SHAPE_REPRESENTATION(#2479,#2481);
#2479 = ( REPRESENTATION_RELATIONSHIP('','',#1929,#1734) 
REPRESENTATION_RELATIONSHIP_WITH_TRANSFORMATION(#2480) 
SHAPE_REPRESENTATION_RELATIONSHIP() );
#2480 = ITEM_DEFINED_TRANSFORMATION('','',#11,#1887);
#2481 = PRODUCT_DEFINITION_SHAPE('Placement','Placement of an item',
  #2482);
#2482 = NEXT_ASSEMBLY_USAGE_OCCURRENCE('2839','38','',#1729,#1924,$);
#2483 = CONTEXT_DEPENDENT_SHAPE_REPRESENTATION(#2484,#2486);
#2484 = ( REPRESENTATION_RELATIONSHIP('','',#1929,#1734) 
REPRESENTATION_RELATIONSHIP_WITH_TRANSFORMATION(#2485) 
SHAPE_REPRESENTATION_RELATIONSHIP() );
#2485 = ITEM_DEFINED_TRANSFORMATION('','',#11,#1891);
#2486 = PRODUCT_DEFINITION_SHAPE('Placement','Placement of an item',
  #2487);
#2487 = NEXT_ASSEMBLY_USAGE_OCCURRENCE('2840','39','',#1729,#1924,$);
#2488 = CONTEXT_DEPENDENT_SHAPE_REPRESENTATION(#2489,#2491);
#2489 = ( REPRESENTATION_RELATIONSHIP('','',#1929,#1734) 
REPRESENTATION_RELATIONSHIP_WITH_TRANSFORMATION(#2490) 
SHAPE_REPRESENTATION_RELATIONSHIP() );
#2490 = ITEM_DEFINED_TRANSFORMATION('','',#11,#1895);
#2491 = PRODUCT_DEFINITION_SHAPE('Placement','Placement of an item',
  #2492);
#2492 = NEXT_ASSEMBLY_USAGE_OCCURRENCE('2841','40','',#1729,#1924,$);
#2493 = CONTEXT_DEPENDENT_SHAPE_REPRESENTATION(#2494,#2496);
#2494 = ( REPRESENTATION_RELATIONSHIP('','',#1929,#1734) 
REPRESENTATION_RELATIONSHIP_WITH_TRANSFORMATION(#2495) 
SHAPE_REPRESENTATION_RELATIONSHIP() );
#2495 = ITEM_DEFINED_TRANSFORMATION('','',#11,#1899);
#2496 = PRODUCT_DEFINITION_SHAPE('Placement','Placement of an item',
  #2497);
#2497 = NEXT_ASSEMBLY_USAGE_OCCURRENCE('2842','41','',#1729,#1924,$);
#2498 = CONTEXT_DEPENDENT_SHAPE_REPRESENTATION(#2499,#2501);
#2499 = ( REPRESENTATION_RELATIONSHIP('','',#1929,#1734) 
REPRESENTATION_RELATIONSHIP_WITH_TRANSFORMATION(#2500) 
SHAPE_REPRESENTATION_RELATIONSHIP() );
#2500 = ITEM_DEFINED_TRANSFORMATION('','',#11,#1903);
#2501 = PRODUCT_DEFINITION_SHAPE('Placement','Placement of an item',
  #2502);
#2502 = NEXT_ASSEMBLY_USAGE_OCCURRENCE('2843','42','',#1729,#1924,$);
#2503 = CONTEXT_DEPENDENT_SHAPE_REPRESENTATION(#2504,#2506);
#2504 = ( REPRESENTATION_RELATIONSHIP('','',#1929,#1734) 
REPRESENTATION_RELATIONSHIP_WITH_TRANSFORMATION(#2505) 
SHAPE_REPRESENTATION_RELATIONSHIP() );
#2505 = ITEM_DEFINED_TRANSFORMATION('','',#11,#1907);
#2506 = PRODUCT_DEFINITION_SHAPE('Placement','Placement of an item',
  #2507);
#2507 = NEXT_ASSEMBLY_USAGE_OCCURRENCE('2844','43','',#1729,#1924,$);
#2508 = SHAPE_DEFINITION_REPRESENTATION(#2509,#2515);
#2509 = PRODUCT_DEFINITION_SHAPE('','',#2510);
#2510 = PRODUCT_DEFINITION('design','',#2511,#2514);
#2511 = PRODUCT_DEFINITION_FORMATION('','',#2512);
#2512 = PRODUCT('Array003','Array003','',(#2513));
#2513 = PRODUCT_CONTEXT('',#2,'mechanical');
#2514 = PRODUCT_DEFINITION_CONTEXT('part definition',#2,'design');
#2515 = SHAPE_REPRESENTATION('',(#11,#2516,#2520,#2524,#2528,#2532,#2536
    ,#2540,#2544,#2548,#2552,#2556,#2560,#2564,#2568,#2572,#2576,#2580,
    #2584,#2588,#2592,#2596,#2600,#2604,#2608,#2612,#2616,#2620,#2624,
    #2628,#2632,#2636,#2640,#2644,#2648,#2652,#2656,#2660,#2664,#2668,
    #2672,#2676,#2680,#2684,#2688),#2692);
#2516 = AXIS2_PLACEMENT_3D('',#2517,#2518,#2519);
#2517 = CARTESIAN_POINT('',(10.75,0.,0.));
#2518 = DIRECTION('',(0.,0.,1.));
#2519 = DIRECTION('',(1.,0.,0.));
#2520 = AXIS2_PLACEMENT_3D('',#2521,#2522,#2523);
#2521 = CARTESIAN_POINT('',(10.25,0.,0.));
#2522 = DIRECTION('',(0.,0.,1.));
#2523 = DIRECTION('',(1.,0.,0.));
#2524 = AXIS2_PLACEMENT_3D('',#2525,#2526,#2527);
#2525 = CARTESIAN_POINT('',(9.75,0.,0.));
#2526 = DIRECTION('',(0.,0.,1.));
#2527 = DIRECTION('',(1.,0.,0.));
#2528 = AXIS2_PLACEMENT_3D('',#2529,#2530,#2531);
#2529 = CARTESIAN_POINT('',(9.25,0.,0.));
#2530 = DIRECTION('',(0.,0.,1.));
#2531 = DIRECTION('',(1.,0.,0.));
#2532 = AXIS2_PLACEMENT_3D('',#2533,#2534,#2535);
#2533 = CARTESIAN_POINT('',(8.75,0.,0.));
#2534 = DIRECTION('',(0.,0.,1.));
#2535 = DIRECTION('',(1.,0.,0.));
#2536 = AXIS2_PLACEMENT_3D('',#2537,#2538,#2539);
#2537 = CARTESIAN_POINT('',(8.25,0.,0.));
#2538 = DIRECTION('',(0.,0.,1.));
#2539 = DIRECTION('',(1.,0.,0.));
#2540 = AXIS2_PLACEMENT_3D('',#2541,#2542,#2543);
#2541 = CARTESIAN_POINT('',(7.75,0.,0.));
#2542 = DIRECTION('',(0.,0.,1.));
#2543 = DIRECTION('',(1.,0.,0.));
#2544 = AXIS2_PLACEMENT_3D('',#2545,#2546,#2547);
#2545 = CARTESIAN_POINT('',(7.25,0.,0.));
#2546 = DIRECTION('',(0.,0.,1.));
#2547 = DIRECTION('',(1.,0.,0.));
#2548 = AXIS2_PLACEMENT_3D('',#2549,#2550,#2551);
#2549 = CARTESIAN_POINT('',(6.75,0.,0.));
#2550 = DIRECTION('',(0.,0.,1.));
#2551 = DIRECTION('',(1.,0.,0.));
#2552 = AXIS2_PLACEMENT_3D('',#2553,#2554,#2555);
#2553 = CARTESIAN_POINT('',(6.25,0.,0.));
#2554 = DIRECTION('',(0.,0.,1.));
#2555 = DIRECTION('',(1.,0.,0.));
#2556 = AXIS2_PLACEMENT_3D('',#2557,#2558,#2559);
#2557 = CARTESIAN_POINT('',(5.75,0.,0.));
#2558 = DIRECTION('',(0.,0.,1.));
#2559 = DIRECTION('',(1.,0.,0.));
#2560 = AXIS2_PLACEMENT_3D('',#2561,#2562,#2563);
#2561 = CARTESIAN_POINT('',(5.25,0.,0.));
#2562 = DIRECTION('',(0.,0.,1.));
#2563 = DIRECTION('',(1.,0.,0.));
#2564 = AXIS2_PLACEMENT_3D('',#2565,#2566,#2567);
#2565 = CARTESIAN_POINT('',(4.75,0.,0.));
#2566 = DIRECTION('',(0.,0.,1.));
#2567 = DIRECTION('',(1.,0.,0.));
#2568 = AXIS2_PLACEMENT_3D('',#2569,#2570,#2571);
#2569 = CARTESIAN_POINT('',(4.25,0.,0.));
#2570 = DIRECTION('',(0.,0.,1.));
#2571 = DIRECTION('',(1.,0.,0.));
#2572 = AXIS2_PLACEMENT_3D('',#2573,#2574,#2575);
#2573 = CARTESIAN_POINT('',(3.75,0.,0.));
#2574 = DIRECTION('',(0.,0.,1.));
#2575 = DIRECTION('',(1.,0.,0.));
#2576 = AXIS2_PLACEMENT_3D('',#2577,#2578,#2579);
#2577 = CARTESIAN_POINT('',(3.25,0.,0.));
#2578 = DIRECTION('',(0.,0.,1.));
#2579 = DIRECTION('',(1.,0.,0.));
#2580 = AXIS2_PLACEMENT_3D('',#2581,#2582,#2583);
#2581 = CARTESIAN_POINT('',(2.75,0.,0.));
#2582 = DIRECTION('',(0.,0.,1.));
#2583 = DIRECTION('',(1.,0.,0.));
#2584 = AXIS2_PLACEMENT_3D('',#2585,#2586,#2587);
#2585 = CARTESIAN_POINT('',(2.25,0.,0.));
#2586 = DIRECTION('',(0.,0.,1.));
#2587 = DIRECTION('',(1.,0.,0.));
#2588 = AXIS2_PLACEMENT_3D('',#2589,#2590,#2591);
#2589 = CARTESIAN_POINT('',(1.75,0.,0.));
#2590 = DIRECTION('',(0.,0.,1.));
#2591 = DIRECTION('',(1.,0.,0.));
#2592 = AXIS2_PLACEMENT_3D('',#2593,#2594,#2595);
#2593 = CARTESIAN_POINT('',(1.25,0.,0.));
#2594 = DIRECTION('',(0.,0.,1.));
#2595 = DIRECTION('',(1.,0.,0.));
#2596 = AXIS2_PLACEMENT_3D('',#2597,#2598,#2599);
#2597 = CARTESIAN_POINT('',(0.75,0.,0.));
#2598 = DIRECTION('',(0.,0.,1.));
#2599 = DIRECTION('',(1.,0.,0.));
#2600 = AXIS2_PLACEMENT_3D('',#2601,#2602,#2603);
#2601 = CARTESIAN_POINT('',(0.25,0.,0.));
#2602 = DIRECTION('',(0.,0.,1.));
#2603 = DIRECTION('',(1.,0.,0.));
#2604 = AXIS2_PLACEMENT_3D('',#2605,#2606,#2607);
#2605 = CARTESIAN_POINT('',(-0.25,0.,0.));
#2606 = DIRECTION('',(0.,0.,1.));
#2607 = DIRECTION('',(1.,0.,0.));
#2608 = AXIS2_PLACEMENT_3D('',#2609,#2610,#2611);
#2609 = CARTESIAN_POINT('',(-0.75,0.,0.));
#2610 = DIRECTION('',(0.,0.,1.));
#2611 = DIRECTION('',(1.,0.,0.));
#2612 = AXIS2_PLACEMENT_3D('',#2613,#2614,#2615);
#2613 = CARTESIAN_POINT('',(-1.25,0.,0.));
#2614 = DIRECTION('',(0.,0.,1.));
#2615 = DIRECTION('',(1.,0.,0.));
#2616 = AXIS2_PLACEMENT_3D('',#2617,#2618,#2619);
#2617 = CARTESIAN_POINT('',(-1.75,0.,0.));
#2618 = DIRECTION('',(0.,0.,1.));
#2619 = DIRECTION('',(1.,0.,0.));
#2620 = AXIS2_PLACEMENT_3D('',#2621,#2622,#2623);
#2621 = CARTESIAN_POINT('',(-2.25,0.,0.));
#2622 = DIRECTION('',(0.,0.,1.));
#2623 = DIRECTION('',(1.,0.,0.));
#2624 = AXIS2_PLACEMENT_3D('',#2625,#2626,#2627);
#2625 = CARTESIAN_POINT('',(-2.75,0.,0.));
#2626 = DIRECTION('',(0.,0.,1.));
#2627 = DIRECTION('',(1.,0.,0.));
#2628 = AXIS2_PLACEMENT_3D('',#2629,#2630,#2631);
#2629 = CARTESIAN_POINT('',(-3.25,0.,0.));
#2630 = DIRECTION('',(0.,0.,1.));
#2631 = DIRECTION('',(1.,0.,0.));
#2632 = AXIS2_PLACEMENT_3D('',#2633,#2634,#2635);
#2633 = CARTESIAN_POINT('',(-3.75,0.,0.));
#2634 = DIRECTION('',(0.,0.,1.));
#2635 = DIRECTION('',(1.,0.,0.));
#2636 = AXIS2_PLACEMENT_3D('',#2637,#2638,#2639);
#2637 = CARTESIAN_POINT('',(-4.25,0.,0.));
#2638 = DIRECTION('',(0.,0.,1.));
#2639 = DIRECTION('',(1.,0.,0.));
#2640 = AXIS2_PLACEMENT_3D('',#2641,#2642,#2643);
#2641 = CARTESIAN_POINT('',(-4.75,0.,0.));
#2642 = DIRECTION('',(0.,0.,1.));
#2643 = DIRECTION('',(1.,0.,0.));
#2644 = AXIS2_PLACEMENT_3D('',#2645,#2646,#2647);
#2645 = CARTESIAN_POINT('',(-5.25,0.,0.));
#2646 = DIRECTION('',(0.,0.,1.));
#2647 = DIRECTION('',(1.,0.,0.));
#2648 = AXIS2_PLACEMENT_3D('',#2649,#2650,#2651);
#2649 = CARTESIAN_POINT('',(-5.75,0.,0.));
#2650 = DIRECTION('',(0.,0.,1.));
#2651 = DIRECTION('',(1.,0.,0.));
#2652 = AXIS2_PLACEMENT_3D('',#2653,#2654,#2655);
#2653 = CARTESIAN_POINT('',(-6.25,0.,0.));
#2654 = DIRECTION('',(0.,0.,1.));
#2655 = DIRECTION('',(1.,0.,0.));
#2656 = AXIS2_PLACEMENT_3D('',#2657,#2658,#2659);
#2657 = CARTESIAN_POINT('',(-6.75,0.,0.));
#2658 = DIRECTION('',(0.,0.,1.));
#2659 = DIRECTION('',(1.,0.,0.));
#2660 = AXIS2_PLACEMENT_3D('',#2661,#2662,#2663);
#2661 = CARTESIAN_POINT('',(-7.25,0.,0.));
#2662 = DIRECTION('',(0.,0.,1.));
#2663 = DIRECTION('',(1.,0.,0.));
#2664 = AXIS2_PLACEMENT_3D('',#2665,#2666,#2667);
#2665 = CARTESIAN_POINT('',(-7.75,0.,0.));
#2666 = DIRECTION('',(0.,0.,1.));
#2667 = DIRECTION('',(1.,0.,0.));
#2668 = AXIS2_PLACEMENT_3D('',#2669,#2670,#2671);
#2669 = CARTESIAN_POINT('',(-8.25,0.,0.));
#2670 = DIRECTION('',(0.,0.,1.));
#2671 = DIRECTION('',(1.,0.,0.));
#2672 = AXIS2_PLACEMENT_3D('',#2673,#2674,#2675);
#2673 = CARTESIAN_POINT('',(-8.75,0.,0.));
#2674 = DIRECTION('',(0.,0.,1.));
#2675 = DIRECTION('',(1.,0.,0.));
#2676 = AXIS2_PLACEMENT_3D('',#2677,#2678,#2679);
#2677 = CARTESIAN_POINT('',(-9.25,0.,0.));
#2678 = DIRECTION('',(0.,0.,1.));
#2679 = DIRECTION('',(1.,0.,0.));
#2680 = AXIS2_PLACEMENT_3D('',#2681,#2682,#2683);
#2681 = CARTESIAN_POINT('',(-9.75,0.,0.));
#2682 = DIRECTION('',(0.,0.,1.));
#2683 = DIRECTION('',(1.,0.,0.));
#2684 = AXIS2_PLACEMENT_3D('',#2685,#2686,#2687);
#2685 = CARTESIAN_POINT('',(-10.25,0.,0.));
#2686 = DIRECTION('',(0.,0.,1.));
#2687 = DIRECTION('',(1.,0.,0.));
#2688 = AXIS2_PLACEMENT_3D('',#2689,#2690,#2691);
#2689 = CARTESIAN_POINT('',(-10.75,0.,0.));
#2690 = DIRECTION('',(0.,0.,1.));
#2691 = DIRECTION('',(1.,0.,0.));
#2692 = ( GEOMETRIC_REPRESENTATION_CONTEXT(3) 
GLOBAL_UNCERTAINTY_ASSIGNED_CONTEXT((#2696)) 
GLOBAL_UNIT_ASSIGNED_CONTEXT((#2693,#2694,#2695)) REPRESENTATION_CONTEXT
('Context #1','3D Context with UNIT and UNCERTAINTY') );
#2693 = ( LENGTH_UNIT() NAMED_UNIT(*) SI_UNIT(.MILLI.,.METRE.) );
#2694 = ( NAMED_UNIT(*) PLANE_ANGLE_UNIT() SI_UNIT($,.RADIAN.) );
#2695 = ( NAMED_UNIT(*) SI_UNIT($,.STERADIAN.) SOLID_ANGLE_UNIT() );
#2696 = UNCERTAINTY_MEASURE_WITH_UNIT(LENGTH_MEASURE(1.E-07),#2693,
  'distance_accuracy_value','confusion accuracy');
#2697 = CONTEXT_DEPENDENT_SHAPE_REPRESENTATION(#2698,#2700);
#2698 = ( REPRESENTATION_RELATIONSHIP('','',#2515,#10) 
REPRESENTATION_RELATIONSHIP_WITH_TRANSFORMATION(#2699) 
SHAPE_REPRESENTATION_RELATIONSHIP() );
#2699 = ITEM_DEFINED_TRANSFORMATION('','',#11,#27);
#2700 = PRODUCT_DEFINITION_SHAPE('Placement','Placement of an item',
  #2701);
#2701 = NEXT_ASSEMBLY_USAGE_OCCURRENCE('2890','Array003','',#5,#2510,$);
#2702 = PRODUCT_RELATED_PRODUCT_CATEGORY('part',$,(#2512));
#2703 = SHAPE_DEFINITION_REPRESENTATION(#2704,#2710);
#2704 = PRODUCT_DEFINITION_SHAPE('','',#2705);
#2705 = PRODUCT_DEFINITION('design','',#2706,#2709);
#2706 = PRODUCT_DEFINITION_FORMATION('','',#2707);
#2707 = PRODUCT('Body002','Body002','',(#2708));
#2708 = PRODUCT_CONTEXT('',#2,'mechanical');
#2709 = PRODUCT_DEFINITION_CONTEXT('part definition',#2,'design');
#2710 = ADVANCED_BREP_SHAPE_REPRESENTATION('',(#11,#2711),#3063);
#2711 = MANIFOLD_SOLID_BREP('',#2712);
#2712 = CLOSED_SHELL('',(#2713,#2753,#2784,#2815,#2846,#2879,#2910,#2941
    ,#2972,#3003,#3027,#3045));
#2713 = ADVANCED_FACE('',(#2714),#2748,.T.);
#2714 = FACE_BOUND('',#2715,.T.);
#2715 = EDGE_LOOP('',(#2716,#2726,#2734,#2742));
#2716 = ORIENTED_EDGE('',*,*,#2717,.T.);
#2717 = EDGE_CURVE('',#2718,#2720,#2722,.T.);
#2718 = VERTEX_POINT('',#2719);
#2719 = CARTESIAN_POINT('',(-7.E-02,0.81,-12.5));
#2720 = VERTEX_POINT('',#2721);
#2721 = CARTESIAN_POINT('',(7.E-02,0.81,-12.5));
#2722 = LINE('',#2723,#2724);
#2723 = CARTESIAN_POINT('',(-7.E-02,0.81,-12.5));
#2724 = VECTOR('',#2725,1.);
#2725 = DIRECTION('',(1.,-2.22044604925E-16,1.110223024625E-16));
#2726 = ORIENTED_EDGE('',*,*,#2727,.T.);
#2727 = EDGE_CURVE('',#2720,#2728,#2730,.T.);
#2728 = VERTEX_POINT('',#2729);
#2729 = CARTESIAN_POINT('',(7.E-02,0.14,-12.5));
#2730 = LINE('',#2731,#2732);
#2731 = CARTESIAN_POINT('',(7.000000000001E-02,0.81,-12.5));
#2732 = VECTOR('',#2733,1.);
#2733 = DIRECTION('',(2.22044604925E-16,-1.,5.551115123126E-16));
#2734 = ORIENTED_EDGE('',*,*,#2735,.F.);
#2735 = EDGE_CURVE('',#2736,#2728,#2738,.T.);
#2736 = VERTEX_POINT('',#2737);
#2737 = CARTESIAN_POINT('',(-7.E-02,0.14,-12.5));
#2738 = LINE('',#2739,#2740);
#2739 = CARTESIAN_POINT('',(-7.E-02,0.14,-12.5));
#2740 = VECTOR('',#2741,1.);
#2741 = DIRECTION('',(1.,-2.22044604925E-16,1.110223024625E-16));
#2742 = ORIENTED_EDGE('',*,*,#2743,.F.);
#2743 = EDGE_CURVE('',#2718,#2736,#2744,.T.);
#2744 = LINE('',#2745,#2746);
#2745 = CARTESIAN_POINT('',(-6.999999999999E-02,0.81,-12.5));
#2746 = VECTOR('',#2747,1.);
#2747 = DIRECTION('',(2.22044604925E-16,-1.,5.551115123126E-16));
#2748 = PLANE('',#2749);
#2749 = AXIS2_PLACEMENT_3D('',#2750,#2751,#2752);
#2750 = CARTESIAN_POINT('',(-7.E-02,0.81,-12.5));
#2751 = DIRECTION('',(1.110223024625E-16,-3.330669073875E-16,-1.));
#2752 = DIRECTION('',(-2.465190328816E-32,-1.,3.330669073875E-16));
#2753 = ADVANCED_FACE('',(#2754),#2779,.T.);
#2754 = FACE_BOUND('',#2755,.T.);
#2755 = EDGE_LOOP('',(#2756,#2757,#2765,#2773));
#2756 = ORIENTED_EDGE('',*,*,#2735,.T.);
#2757 = ORIENTED_EDGE('',*,*,#2758,.T.);
#2758 = EDGE_CURVE('',#2728,#2759,#2761,.T.);
#2759 = VERTEX_POINT('',#2760);
#2760 = CARTESIAN_POINT('',(7.E-02,0.14,-13.));
#2761 = LINE('',#2762,#2763);
#2762 = CARTESIAN_POINT('',(7.000000000001E-02,0.14,-12.5));
#2763 = VECTOR('',#2764,1.);
#2764 = DIRECTION('',(5.551115123126E-16,1.110223024625E-16,-1.));
#2765 = ORIENTED_EDGE('',*,*,#2766,.F.);
#2766 = EDGE_CURVE('',#2767,#2759,#2769,.T.);
#2767 = VERTEX_POINT('',#2768);
#2768 = CARTESIAN_POINT('',(-7.E-02,0.14,-13.));
#2769 = LINE('',#2770,#2771);
#2770 = CARTESIAN_POINT('',(-7.E-02,0.14,-13.));
#2771 = VECTOR('',#2772,1.);
#2772 = DIRECTION('',(1.,-2.22044604925E-16,1.110223024625E-16));
#2773 = ORIENTED_EDGE('',*,*,#2774,.F.);
#2774 = EDGE_CURVE('',#2736,#2767,#2775,.T.);
#2775 = LINE('',#2776,#2777);
#2776 = CARTESIAN_POINT('',(-6.999999999999E-02,0.14,-12.5));
#2777 = VECTOR('',#2778,1.);
#2778 = DIRECTION('',(5.551115123126E-16,1.110223024625E-16,-1.));
#2779 = PLANE('',#2780);
#2780 = AXIS2_PLACEMENT_3D('',#2781,#2782,#2783);
#2781 = CARTESIAN_POINT('',(-7.E-02,0.14,-12.5));
#2782 = DIRECTION('',(2.22044604925E-16,1.,-1.110223024625E-16));
#2783 = DIRECTION('',(3.330669073875E-16,-1.110223024625E-16,-1.));
#2784 = ADVANCED_FACE('',(#2785),#2810,.T.);
#2785 = FACE_BOUND('',#2786,.T.);
#2786 = EDGE_LOOP('',(#2787,#2788,#2796,#2804));
#2787 = ORIENTED_EDGE('',*,*,#2766,.T.);
#2788 = ORIENTED_EDGE('',*,*,#2789,.T.);
#2789 = EDGE_CURVE('',#2759,#2790,#2792,.T.);
#2790 = VERTEX_POINT('',#2791);
#2791 = CARTESIAN_POINT('',(7.E-02,-1.458833054357E-15,-13.));
#2792 = LINE('',#2793,#2794);
#2793 = CARTESIAN_POINT('',(7.000000000001E-02,0.14,-13.));
#2794 = VECTOR('',#2795,1.);
#2795 = DIRECTION('',(2.22044604925E-16,-1.,5.551115123126E-16));
#2796 = ORIENTED_EDGE('',*,*,#2797,.F.);
#2797 = EDGE_CURVE('',#2798,#2790,#2800,.T.);
#2798 = VERTEX_POINT('',#2799);
#2799 = CARTESIAN_POINT('',(-7.E-02,-1.427746809668E-15,-13.));
#2800 = LINE('',#2801,#2802);
#2801 = CARTESIAN_POINT('',(-7.E-02,-1.427746809668E-15,-13.));
#2802 = VECTOR('',#2803,1.);
#2803 = DIRECTION('',(1.,-2.22044604925E-16,1.110223024625E-16));
#2804 = ORIENTED_EDGE('',*,*,#2805,.F.);
#2805 = EDGE_CURVE('',#2767,#2798,#2806,.T.);
#2806 = LINE('',#2807,#2808);
#2807 = CARTESIAN_POINT('',(-6.999999999999E-02,0.14,-13.));
#2808 = VECTOR('',#2809,1.);
#2809 = DIRECTION('',(2.22044604925E-16,-1.,5.551115123126E-16));
#2810 = PLANE('',#2811);
#2811 = AXIS2_PLACEMENT_3D('',#2812,#2813,#2814);
#2812 = CARTESIAN_POINT('',(-7.E-02,0.14,-13.));
#2813 = DIRECTION('',(1.110223024625E-16,-3.330669073875E-16,-1.));
#2814 = DIRECTION('',(-2.465190328816E-32,-1.,3.330669073875E-16));
#2815 = ADVANCED_FACE('',(#2816),#2841,.T.);
#2816 = FACE_BOUND('',#2817,.T.);
#2817 = EDGE_LOOP('',(#2818,#2819,#2827,#2835));
#2818 = ORIENTED_EDGE('',*,*,#2797,.T.);
#2819 = ORIENTED_EDGE('',*,*,#2820,.T.);
#2820 = EDGE_CURVE('',#2790,#2821,#2823,.T.);
#2821 = VERTEX_POINT('',#2822);
#2822 = CARTESIAN_POINT('',(7.E-02,-2.347011475918E-15,-12.5));
#2823 = LINE('',#2824,#2825);
#2824 = CARTESIAN_POINT('',(7.000000000001E-02,1.427746809668E-15,-13.)
  );
#2825 = VECTOR('',#2826,1.);
#2826 = DIRECTION('',(-5.551115123126E-16,-1.998401448047E-15,1.));
#2827 = ORIENTED_EDGE('',*,*,#2828,.F.);
#2828 = EDGE_CURVE('',#2829,#2821,#2831,.T.);
#2829 = VERTEX_POINT('',#2830);
#2830 = CARTESIAN_POINT('',(-7.E-02,-2.315925231229E-15,-12.5));
#2831 = LINE('',#2832,#2833);
#2832 = CARTESIAN_POINT('',(-7.E-02,-2.315925231229E-15,-12.5));
#2833 = VECTOR('',#2834,1.);
#2834 = DIRECTION('',(1.,-2.22044604925E-16,1.110223024625E-16));
#2835 = ORIENTED_EDGE('',*,*,#2836,.F.);
#2836 = EDGE_CURVE('',#2798,#2829,#2837,.T.);
#2837 = LINE('',#2838,#2839);
#2838 = CARTESIAN_POINT('',(-6.999999999999E-02,1.458833054357E-15,-13.)
  );
#2839 = VECTOR('',#2840,1.);
#2840 = DIRECTION('',(-5.551115123126E-16,-1.998401448047E-15,1.));
#2841 = PLANE('',#2842);
#2842 = AXIS2_PLACEMENT_3D('',#2843,#2844,#2845);
#2843 = CARTESIAN_POINT('',(-7.E-02,-1.427746809668E-15,-13.));
#2844 = DIRECTION('',(-2.22044604925E-16,-1.,-1.776356843122E-15));
#2845 = DIRECTION('',(-3.330669073875E-16,-1.776356843122E-15,1.));
#2846 = ADVANCED_FACE('',(#2847),#2874,.T.);
#2847 = FACE_BOUND('',#2848,.F.);
#2848 = EDGE_LOOP('',(#2849,#2859,#2866,#2867));
#2849 = ORIENTED_EDGE('',*,*,#2850,.T.);
#2850 = EDGE_CURVE('',#2851,#2853,#2855,.T.);
#2851 = VERTEX_POINT('',#2852);
#2852 = CARTESIAN_POINT('',(-7.E-02,0.14,-12.36));
#2853 = VERTEX_POINT('',#2854);
#2854 = CARTESIAN_POINT('',(7.E-02,0.14,-12.36));
#2855 = LINE('',#2856,#2857);
#2856 = CARTESIAN_POINT('',(-7.E-02,0.14,-12.36));
#2857 = VECTOR('',#2858,1.);
#2858 = DIRECTION('',(1.,-2.22044604925E-16,1.110223024625E-16));
#2859 = ORIENTED_EDGE('',*,*,#2860,.T.);
#2860 = EDGE_CURVE('',#2853,#2821,#2861,.T.);
#2861 = CIRCLE('',#2862,0.14);
#2862 = AXIS2_PLACEMENT_3D('',#2863,#2864,#2865);
#2863 = CARTESIAN_POINT('',(7.000000000001E-02,0.14,-12.5));
#2864 = DIRECTION('',(1.,2.22044604925E-16,5.551115123126E-16));
#2865 = DIRECTION('',(-2.22044604925E-16,1.,-5.551115123126E-16));
#2866 = ORIENTED_EDGE('',*,*,#2828,.F.);
#2867 = ORIENTED_EDGE('',*,*,#2868,.F.);
#2868 = EDGE_CURVE('',#2851,#2829,#2869,.T.);
#2869 = CIRCLE('',#2870,0.14);
#2870 = AXIS2_PLACEMENT_3D('',#2871,#2872,#2873);
#2871 = CARTESIAN_POINT('',(-6.999999999999E-02,0.14,-12.5));
#2872 = DIRECTION('',(1.,2.22044604925E-16,5.551115123126E-16));
#2873 = DIRECTION('',(-2.22044604925E-16,1.,-5.551115123126E-16));
#2874 = CYLINDRICAL_SURFACE('',#2875,0.14);
#2875 = AXIS2_PLACEMENT_3D('',#2876,#2877,#2878);
#2876 = CARTESIAN_POINT('',(-7.E-02,0.14,-12.5));
#2877 = DIRECTION('',(-1.,-8.628166150855E-32,-3.330669073875E-16));
#2878 = DIRECTION('',(2.465190328816E-32,1.,-3.330669073875E-16));
#2879 = ADVANCED_FACE('',(#2880),#2905,.T.);
#2880 = FACE_BOUND('',#2881,.T.);
#2881 = EDGE_LOOP('',(#2882,#2883,#2891,#2899));
#2882 = ORIENTED_EDGE('',*,*,#2850,.T.);
#2883 = ORIENTED_EDGE('',*,*,#2884,.T.);
#2884 = EDGE_CURVE('',#2853,#2885,#2887,.T.);
#2885 = VERTEX_POINT('',#2886);
#2886 = CARTESIAN_POINT('',(7.E-02,0.81,-12.36));
#2887 = LINE('',#2888,#2889);
#2888 = CARTESIAN_POINT('',(7.000000000001E-02,0.14,-12.36));
#2889 = VECTOR('',#2890,1.);
#2890 = DIRECTION('',(-2.22044604925E-16,1.,-5.551115123126E-16));
#2891 = ORIENTED_EDGE('',*,*,#2892,.F.);
#2892 = EDGE_CURVE('',#2893,#2885,#2895,.T.);
#2893 = VERTEX_POINT('',#2894);
#2894 = CARTESIAN_POINT('',(-7.E-02,0.81,-12.36));
#2895 = LINE('',#2896,#2897);
#2896 = CARTESIAN_POINT('',(-7.E-02,0.81,-12.36));
#2897 = VECTOR('',#2898,1.);
#2898 = DIRECTION('',(1.,-2.22044604925E-16,1.110223024625E-16));
#2899 = ORIENTED_EDGE('',*,*,#2900,.F.);
#2900 = EDGE_CURVE('',#2851,#2893,#2901,.T.);
#2901 = LINE('',#2902,#2903);
#2902 = CARTESIAN_POINT('',(-6.999999999999E-02,0.14,-12.36));
#2903 = VECTOR('',#2904,1.);
#2904 = DIRECTION('',(-2.22044604925E-16,1.,-5.551115123126E-16));
#2905 = PLANE('',#2906);
#2906 = AXIS2_PLACEMENT_3D('',#2907,#2908,#2909);
#2907 = CARTESIAN_POINT('',(-7.E-02,0.14,-12.36));
#2908 = DIRECTION('',(-1.110223024625E-16,3.330669073875E-16,1.));
#2909 = DIRECTION('',(2.465190328816E-32,1.,-3.330669073875E-16));
#2910 = ADVANCED_FACE('',(#2911),#2936,.T.);
#2911 = FACE_BOUND('',#2912,.T.);
#2912 = EDGE_LOOP('',(#2913,#2914,#2922,#2930));
#2913 = ORIENTED_EDGE('',*,*,#2892,.T.);
#2914 = ORIENTED_EDGE('',*,*,#2915,.T.);
#2915 = EDGE_CURVE('',#2885,#2916,#2918,.T.);
#2916 = VERTEX_POINT('',#2917);
#2917 = CARTESIAN_POINT('',(7.E-02,0.81,-12.));
#2918 = LINE('',#2919,#2920);
#2919 = CARTESIAN_POINT('',(7.000000000001E-02,0.81,-12.36));
#2920 = VECTOR('',#2921,1.);
#2921 = DIRECTION('',(-5.551115123126E-16,-1.110223024625E-16,1.));
#2922 = ORIENTED_EDGE('',*,*,#2923,.F.);
#2923 = EDGE_CURVE('',#2924,#2916,#2926,.T.);
#2924 = VERTEX_POINT('',#2925);
#2925 = CARTESIAN_POINT('',(-7.E-02,0.81,-12.));
#2926 = LINE('',#2927,#2928);
#2927 = CARTESIAN_POINT('',(-7.E-02,0.81,-12.));
#2928 = VECTOR('',#2929,1.);
#2929 = DIRECTION('',(1.,-2.22044604925E-16,1.110223024625E-16));
#2930 = ORIENTED_EDGE('',*,*,#2931,.F.);
#2931 = EDGE_CURVE('',#2893,#2924,#2932,.T.);
#2932 = LINE('',#2933,#2934);
#2933 = CARTESIAN_POINT('',(-6.999999999999E-02,0.81,-12.36));
#2934 = VECTOR('',#2935,1.);
#2935 = DIRECTION('',(-5.551115123126E-16,-1.110223024625E-16,1.));
#2936 = PLANE('',#2937);
#2937 = AXIS2_PLACEMENT_3D('',#2938,#2939,#2940);
#2938 = CARTESIAN_POINT('',(-7.E-02,0.81,-12.36));
#2939 = DIRECTION('',(-2.22044604925E-16,-1.,1.110223024625E-16));
#2940 = DIRECTION('',(-3.330669073875E-16,1.110223024625E-16,1.));
#2941 = ADVANCED_FACE('',(#2942),#2967,.T.);
#2942 = FACE_BOUND('',#2943,.T.);
#2943 = EDGE_LOOP('',(#2944,#2945,#2953,#2961));
#2944 = ORIENTED_EDGE('',*,*,#2923,.T.);
#2945 = ORIENTED_EDGE('',*,*,#2946,.T.);
#2946 = EDGE_CURVE('',#2916,#2947,#2949,.T.);
#2947 = VERTEX_POINT('',#2948);
#2948 = CARTESIAN_POINT('',(7.E-02,0.95,-12.));
#2949 = LINE('',#2950,#2951);
#2950 = CARTESIAN_POINT('',(7.000000000001E-02,0.81,-12.));
#2951 = VECTOR('',#2952,1.);
#2952 = DIRECTION('',(-2.22044604925E-16,1.,-5.551115123126E-16));
#2953 = ORIENTED_EDGE('',*,*,#2954,.F.);
#2954 = EDGE_CURVE('',#2955,#2947,#2957,.T.);
#2955 = VERTEX_POINT('',#2956);
#2956 = CARTESIAN_POINT('',(-7.E-02,0.95,-12.));
#2957 = LINE('',#2958,#2959);
#2958 = CARTESIAN_POINT('',(-7.E-02,0.95,-12.));
#2959 = VECTOR('',#2960,1.);
#2960 = DIRECTION('',(1.,-2.22044604925E-16,1.110223024625E-16));
#2961 = ORIENTED_EDGE('',*,*,#2962,.F.);
#2962 = EDGE_CURVE('',#2924,#2955,#2963,.T.);
#2963 = LINE('',#2964,#2965);
#2964 = CARTESIAN_POINT('',(-6.999999999999E-02,0.81,-12.));
#2965 = VECTOR('',#2966,1.);
#2966 = DIRECTION('',(-2.22044604925E-16,1.,-5.551115123126E-16));
#2967 = PLANE('',#2968);
#2968 = AXIS2_PLACEMENT_3D('',#2969,#2970,#2971);
#2969 = CARTESIAN_POINT('',(-7.E-02,0.81,-12.));
#2970 = DIRECTION('',(-1.110223024625E-16,3.330669073875E-16,1.));
#2971 = DIRECTION('',(2.465190328816E-32,1.,-3.330669073875E-16));
#2972 = ADVANCED_FACE('',(#2973),#2998,.T.);
#2973 = FACE_BOUND('',#2974,.T.);
#2974 = EDGE_LOOP('',(#2975,#2976,#2984,#2992));
#2975 = ORIENTED_EDGE('',*,*,#2954,.T.);
#2976 = ORIENTED_EDGE('',*,*,#2977,.T.);
#2977 = EDGE_CURVE('',#2947,#2978,#2980,.T.);
#2978 = VERTEX_POINT('',#2979);
#2979 = CARTESIAN_POINT('',(7.E-02,0.95,-12.36));
#2980 = LINE('',#2981,#2982);
#2981 = CARTESIAN_POINT('',(7.000000000001E-02,0.95,-12.));
#2982 = VECTOR('',#2983,1.);
#2983 = DIRECTION('',(5.551115123126E-16,1.110223024625E-16,-1.));
#2984 = ORIENTED_EDGE('',*,*,#2985,.F.);
#2985 = EDGE_CURVE('',#2986,#2978,#2988,.T.);
#2986 = VERTEX_POINT('',#2987);
#2987 = CARTESIAN_POINT('',(-7.E-02,0.95,-12.36));
#2988 = LINE('',#2989,#2990);
#2989 = CARTESIAN_POINT('',(-7.E-02,0.95,-12.36));
#2990 = VECTOR('',#2991,1.);
#2991 = DIRECTION('',(1.,-2.22044604925E-16,1.110223024625E-16));
#2992 = ORIENTED_EDGE('',*,*,#2993,.F.);
#2993 = EDGE_CURVE('',#2955,#2986,#2994,.T.);
#2994 = LINE('',#2995,#2996);
#2995 = CARTESIAN_POINT('',(-6.999999999999E-02,0.95,-12.));
#2996 = VECTOR('',#2997,1.);
#2997 = DIRECTION('',(5.551115123126E-16,1.110223024625E-16,-1.));
#2998 = PLANE('',#2999);
#2999 = AXIS2_PLACEMENT_3D('',#3000,#3001,#3002);
#3000 = CARTESIAN_POINT('',(-7.E-02,0.95,-12.));
#3001 = DIRECTION('',(2.22044604925E-16,1.,-1.110223024625E-16));
#3002 = DIRECTION('',(3.330669073875E-16,-1.110223024625E-16,-1.));
#3003 = ADVANCED_FACE('',(#3004),#3022,.T.);
#3004 = FACE_BOUND('',#3005,.F.);
#3005 = EDGE_LOOP('',(#3006,#3007,#3014,#3015));
#3006 = ORIENTED_EDGE('',*,*,#2717,.T.);
#3007 = ORIENTED_EDGE('',*,*,#3008,.T.);
#3008 = EDGE_CURVE('',#2720,#2978,#3009,.T.);
#3009 = CIRCLE('',#3010,0.14);
#3010 = AXIS2_PLACEMENT_3D('',#3011,#3012,#3013);
#3011 = CARTESIAN_POINT('',(7.000000000001E-02,0.81,-12.36));
#3012 = DIRECTION('',(1.,2.22044604925E-16,5.551115123126E-16));
#3013 = DIRECTION('',(-2.22044604925E-16,1.,-5.551115123126E-16));
#3014 = ORIENTED_EDGE('',*,*,#2985,.F.);
#3015 = ORIENTED_EDGE('',*,*,#3016,.F.);
#3016 = EDGE_CURVE('',#2718,#2986,#3017,.T.);
#3017 = CIRCLE('',#3018,0.14);
#3018 = AXIS2_PLACEMENT_3D('',#3019,#3020,#3021);
#3019 = CARTESIAN_POINT('',(-6.999999999999E-02,0.81,-12.36));
#3020 = DIRECTION('',(1.,2.22044604925E-16,5.551115123126E-16));
#3021 = DIRECTION('',(-2.22044604925E-16,1.,-5.551115123126E-16));
#3022 = CYLINDRICAL_SURFACE('',#3023,0.14);
#3023 = AXIS2_PLACEMENT_3D('',#3024,#3025,#3026);
#3024 = CARTESIAN_POINT('',(-7.E-02,0.81,-12.36));
#3025 = DIRECTION('',(-1.,-8.628166150855E-32,-3.330669073875E-16));
#3026 = DIRECTION('',(2.465190328816E-32,1.,-3.330669073875E-16));
#3027 = ADVANCED_FACE('',(#3028),#3040,.F.);
#3028 = FACE_BOUND('',#3029,.T.);
#3029 = EDGE_LOOP('',(#3030,#3031,#3032,#3033,#3034,#3035,#3036,#3037,
    #3038,#3039));
#3030 = ORIENTED_EDGE('',*,*,#2743,.T.);
#3031 = ORIENTED_EDGE('',*,*,#2774,.T.);
#3032 = ORIENTED_EDGE('',*,*,#2805,.T.);
#3033 = ORIENTED_EDGE('',*,*,#2836,.T.);
#3034 = ORIENTED_EDGE('',*,*,#2868,.F.);
#3035 = ORIENTED_EDGE('',*,*,#2900,.T.);
#3036 = ORIENTED_EDGE('',*,*,#2931,.T.);
#3037 = ORIENTED_EDGE('',*,*,#2962,.T.);
#3038 = ORIENTED_EDGE('',*,*,#2993,.T.);
#3039 = ORIENTED_EDGE('',*,*,#3016,.F.);
#3040 = PLANE('',#3041);
#3041 = AXIS2_PLACEMENT_3D('',#3042,#3043,#3044);
#3042 = CARTESIAN_POINT('',(-6.999999999999E-02,0.444958800607,
    -12.47228020655));
#3043 = DIRECTION('',(1.,-4.440892098501E-16,-1.110223024625E-16));
#3044 = DIRECTION('',(-5.551115123126E-16,-1.110223024625E-16,1.));
#3045 = ADVANCED_FACE('',(#3046),#3058,.T.);
#3046 = FACE_BOUND('',#3047,.F.);
#3047 = EDGE_LOOP('',(#3048,#3049,#3050,#3051,#3052,#3053,#3054,#3055,
    #3056,#3057));
#3048 = ORIENTED_EDGE('',*,*,#2727,.T.);
#3049 = ORIENTED_EDGE('',*,*,#2758,.T.);
#3050 = ORIENTED_EDGE('',*,*,#2789,.T.);
#3051 = ORIENTED_EDGE('',*,*,#2820,.T.);
#3052 = ORIENTED_EDGE('',*,*,#2860,.F.);
#3053 = ORIENTED_EDGE('',*,*,#2884,.T.);
#3054 = ORIENTED_EDGE('',*,*,#2915,.T.);
#3055 = ORIENTED_EDGE('',*,*,#2946,.T.);
#3056 = ORIENTED_EDGE('',*,*,#2977,.T.);
#3057 = ORIENTED_EDGE('',*,*,#3008,.F.);
#3058 = PLANE('',#3059);
#3059 = AXIS2_PLACEMENT_3D('',#3060,#3061,#3062);
#3060 = CARTESIAN_POINT('',(7.000000000001E-02,0.444958800607,
    -12.47228020655));
#3061 = DIRECTION('',(1.,-4.440892098501E-16,-1.110223024625E-16));
#3062 = DIRECTION('',(-5.551115123126E-16,-1.110223024625E-16,1.));
#3063 = ( GEOMETRIC_REPRESENTATION_CONTEXT(3) 
GLOBAL_UNCERTAINTY_ASSIGNED_CONTEXT((#3067)) 
GLOBAL_UNIT_ASSIGNED_CONTEXT((#3064,#3065,#3066)) REPRESENTATION_CONTEXT
('Context #1','3D Context with UNIT and UNCERTAINTY') );
#3064 = ( LENGTH_UNIT() NAMED_UNIT(*) SI_UNIT(.MILLI.,.METRE.) );
#3065 = ( NAMED_UNIT(*) PLANE_ANGLE_UNIT() SI_UNIT($,.RADIAN.) );
#3066 = ( NAMED_UNIT(*) SI_UNIT($,.STERADIAN.) SOLID_ANGLE_UNIT() );
#3067 = UNCERTAINTY_MEASURE_WITH_UNIT(LENGTH_MEASURE(1.E-07),#3064,
  'distance_accuracy_value','confusion accuracy');
#3068 = CONTEXT_DEPENDENT_SHAPE_REPRESENTATION(#3069,#3071);
#3069 = ( REPRESENTATION_RELATIONSHIP('','',#2710,#2515) 
REPRESENTATION_RELATIONSHIP_WITH_TRANSFORMATION(#3070) 
SHAPE_REPRESENTATION_RELATIONSHIP() );
#3070 = ITEM_DEFINED_TRANSFORMATION('','',#11,#2516);
#3071 = PRODUCT_DEFINITION_SHAPE('Placement','Placement of an item',
  #3072);
#3072 = NEXT_ASSEMBLY_USAGE_OCCURRENCE('2846','0','',#2510,#2705,$);
#3073 = PRODUCT_RELATED_PRODUCT_CATEGORY('part',$,(#2707));
#3074 = CONTEXT_DEPENDENT_SHAPE_REPRESENTATION(#3075,#3077);
#3075 = ( REPRESENTATION_RELATIONSHIP('','',#2710,#2515) 
REPRESENTATION_RELATIONSHIP_WITH_TRANSFORMATION(#3076) 
SHAPE_REPRESENTATION_RELATIONSHIP() );
#3076 = ITEM_DEFINED_TRANSFORMATION('','',#11,#2520);
#3077 = PRODUCT_DEFINITION_SHAPE('Placement','Placement of an item',
  #3078);
#3078 = NEXT_ASSEMBLY_USAGE_OCCURRENCE('2847','1','',#2510,#2705,$);
#3079 = CONTEXT_DEPENDENT_SHAPE_REPRESENTATION(#3080,#3082);
#3080 = ( REPRESENTATION_RELATIONSHIP('','',#2710,#2515) 
REPRESENTATION_RELATIONSHIP_WITH_TRANSFORMATION(#3081) 
SHAPE_REPRESENTATION_RELATIONSHIP() );
#3081 = ITEM_DEFINED_TRANSFORMATION('','',#11,#2524);
#3082 = PRODUCT_DEFINITION_SHAPE('Placement','Placement of an item',
  #3083);
#3083 = NEXT_ASSEMBLY_USAGE_OCCURRENCE('2848','2','',#2510,#2705,$);
#3084 = CONTEXT_DEPENDENT_SHAPE_REPRESENTATION(#3085,#3087);
#3085 = ( REPRESENTATION_RELATIONSHIP('','',#2710,#2515) 
REPRESENTATION_RELATIONSHIP_WITH_TRANSFORMATION(#3086) 
SHAPE_REPRESENTATION_RELATIONSHIP() );
#3086 = ITEM_DEFINED_TRANSFORMATION('','',#11,#2528);
#3087 = PRODUCT_DEFINITION_SHAPE('Placement','Placement of an item',
  #3088);
#3088 = NEXT_ASSEMBLY_USAGE_OCCURRENCE('2849','3','',#2510,#2705,$);
#3089 = CONTEXT_DEPENDENT_SHAPE_REPRESENTATION(#3090,#3092);
#3090 = ( REPRESENTATION_RELATIONSHIP('','',#2710,#2515) 
REPRESENTATION_RELATIONSHIP_WITH_TRANSFORMATION(#3091) 
SHAPE_REPRESENTATION_RELATIONSHIP() );
#3091 = ITEM_DEFINED_TRANSFORMATION('','',#11,#2532);
#3092 = PRODUCT_DEFINITION_SHAPE('Placement','Placement of an item',
  #3093);
#3093 = NEXT_ASSEMBLY_USAGE_OCCURRENCE('2850','4','',#2510,#2705,$);
#3094 = CONTEXT_DEPENDENT_SHAPE_REPRESENTATION(#3095,#3097);
#3095 = ( REPRESENTATION_RELATIONSHIP('','',#2710,#2515) 
REPRESENTATION_RELATIONSHIP_WITH_TRANSFORMATION(#3096) 
SHAPE_REPRESENTATION_RELATIONSHIP() );
#3096 = ITEM_DEFINED_TRANSFORMATION('','',#11,#2536);
#3097 = PRODUCT_DEFINITION_SHAPE('Placement','Placement of an item',
  #3098);
#3098 = NEXT_ASSEMBLY_USAGE_OCCURRENCE('2851','5','',#2510,#2705,$);
#3099 = CONTEXT_DEPENDENT_SHAPE_REPRESENTATION(#3100,#3102);
#3100 = ( REPRESENTATION_RELATIONSHIP('','',#2710,#2515) 
REPRESENTATION_RELATIONSHIP_WITH_TRANSFORMATION(#3101) 
SHAPE_REPRESENTATION_RELATIONSHIP() );
#3101 = ITEM_DEFINED_TRANSFORMATION('','',#11,#2540);
#3102 = PRODUCT_DEFINITION_SHAPE('Placement','Placement of an item',
  #3103);
#3103 = NEXT_ASSEMBLY_USAGE_OCCURRENCE('2852','6','',#2510,#2705,$);
#3104 = CONTEXT_DEPENDENT_SHAPE_REPRESENTATION(#3105,#3107);
#3105 = ( REPRESENTATION_RELATIONSHIP('','',#2710,#2515) 
REPRESENTATION_RELATIONSHIP_WITH_TRANSFORMATION(#3106) 
SHAPE_REPRESENTATION_RELATIONSHIP() );
#3106 = ITEM_DEFINED_TRANSFORMATION('','',#11,#2544);
#3107 = PRODUCT_DEFINITION_SHAPE('Placement','Placement of an item',
  #3108);
#3108 = NEXT_ASSEMBLY_USAGE_OCCURRENCE('2853','7','',#2510,#2705,$);
#3109 = CONTEXT_DEPENDENT_SHAPE_REPRESENTATION(#3110,#3112);
#3110 = ( REPRESENTATION_RELATIONSHIP('','',#2710,#2515) 
REPRESENTATION_RELATIONSHIP_WITH_TRANSFORMATION(#3111) 
SHAPE_REPRESENTATION_RELATIONSHIP() );
#3111 = ITEM_DEFINED_TRANSFORMATION('','',#11,#2548);
#3112 = PRODUCT_DEFINITION_SHAPE('Placement','Placement of an item',
  #3113);
#3113 = NEXT_ASSEMBLY_USAGE_OCCURRENCE('2854','8','',#2510,#2705,$);
#3114 = CONTEXT_DEPENDENT_SHAPE_REPRESENTATION(#3115,#3117);
#3115 = ( REPRESENTATION_RELATIONSHIP('','',#2710,#2515) 
REPRESENTATION_RELATIONSHIP_WITH_TRANSFORMATION(#3116) 
SHAPE_REPRESENTATION_RELATIONSHIP() );
#3116 = ITEM_DEFINED_TRANSFORMATION('','',#11,#2552);
#3117 = PRODUCT_DEFINITION_SHAPE('Placement','Placement of an item',
  #3118);
#3118 = NEXT_ASSEMBLY_USAGE_OCCURRENCE('2855','9','',#2510,#2705,$);
#3119 = CONTEXT_DEPENDENT_SHAPE_REPRESENTATION(#3120,#3122);
#3120 = ( REPRESENTATION_RELATIONSHIP('','',#2710,#2515) 
REPRESENTATION_RELATIONSHIP_WITH_TRANSFORMATION(#3121) 
SHAPE_REPRESENTATION_RELATIONSHIP() );
#3121 = ITEM_DEFINED_TRANSFORMATION('','',#11,#2556);
#3122 = PRODUCT_DEFINITION_SHAPE('Placement','Placement of an item',
  #3123);
#3123 = NEXT_ASSEMBLY_USAGE_OCCURRENCE('2856','10','',#2510,#2705,$);
#3124 = CONTEXT_DEPENDENT_SHAPE_REPRESENTATION(#3125,#3127);
#3125 = ( REPRESENTATION_RELATIONSHIP('','',#2710,#2515) 
REPRESENTATION_RELATIONSHIP_WITH_TRANSFORMATION(#3126) 
SHAPE_REPRESENTATION_RELATIONSHIP() );
#3126 = ITEM_DEFINED_TRANSFORMATION('','',#11,#2560);
#3127 = PRODUCT_DEFINITION_SHAPE('Placement','Placement of an item',
  #3128);
#3128 = NEXT_ASSEMBLY_USAGE_OCCURRENCE('2857','11','',#2510,#2705,$);
#3129 = CONTEXT_DEPENDENT_SHAPE_REPRESENTATION(#3130,#3132);
#3130 = ( REPRESENTATION_RELATIONSHIP('','',#2710,#2515) 
REPRESENTATION_RELATIONSHIP_WITH_TRANSFORMATION(#3131) 
SHAPE_REPRESENTATION_RELATIONSHIP() );
#3131 = ITEM_DEFINED_TRANSFORMATION('','',#11,#2564);
#3132 = PRODUCT_DEFINITION_SHAPE('Placement','Placement of an item',
  #3133);
#3133 = NEXT_ASSEMBLY_USAGE_OCCURRENCE('2858','12','',#2510,#2705,$);
#3134 = CONTEXT_DEPENDENT_SHAPE_REPRESENTATION(#3135,#3137);
#3135 = ( REPRESENTATION_RELATIONSHIP('','',#2710,#2515) 
REPRESENTATION_RELATIONSHIP_WITH_TRANSFORMATION(#3136) 
SHAPE_REPRESENTATION_RELATIONSHIP() );
#3136 = ITEM_DEFINED_TRANSFORMATION('','',#11,#2568);
#3137 = PRODUCT_DEFINITION_SHAPE('Placement','Placement of an item',
  #3138);
#3138 = NEXT_ASSEMBLY_USAGE_OCCURRENCE('2859','13','',#2510,#2705,$);
#3139 = CONTEXT_DEPENDENT_SHAPE_REPRESENTATION(#3140,#3142);
#3140 = ( REPRESENTATION_RELATIONSHIP('','',#2710,#2515) 
REPRESENTATION_RELATIONSHIP_WITH_TRANSFORMATION(#3141) 
SHAPE_REPRESENTATION_RELATIONSHIP() );
#3141 = ITEM_DEFINED_TRANSFORMATION('','',#11,#2572);
#3142 = PRODUCT_DEFINITION_SHAPE('Placement','Placement of an item',
  #3143);
#3143 = NEXT_ASSEMBLY_USAGE_OCCURRENCE('2860','14','',#2510,#2705,$);
#3144 = CONTEXT_DEPENDENT_SHAPE_REPRESENTATION(#3145,#3147);
#3145 = ( REPRESENTATION_RELATIONSHIP('','',#2710,#2515) 
REPRESENTATION_RELATIONSHIP_WITH_TRANSFORMATION(#3146) 
SHAPE_REPRESENTATION_RELATIONSHIP() );
#3146 = ITEM_DEFINED_TRANSFORMATION('','',#11,#2576);
#3147 = PRODUCT_DEFINITION_SHAPE('Placement','Placement of an item',
  #3148);
#3148 = NEXT_ASSEMBLY_USAGE_OCCURRENCE('2861','15','',#2510,#2705,$);
#3149 = CONTEXT_DEPENDENT_SHAPE_REPRESENTATION(#3150,#3152);
#3150 = ( REPRESENTATION_RELATIONSHIP('','',#2710,#2515) 
REPRESENTATION_RELATIONSHIP_WITH_TRANSFORMATION(#3151) 
SHAPE_REPRESENTATION_RELATIONSHIP() );
#3151 = ITEM_DEFINED_TRANSFORMATION('','',#11,#2580);
#3152 = PRODUCT_DEFINITION_SHAPE('Placement','Placement of an item',
  #3153);
#3153 = NEXT_ASSEMBLY_USAGE_OCCURRENCE('2862','16','',#2510,#2705,$);
#3154 = CONTEXT_DEPENDENT_SHAPE_REPRESENTATION(#3155,#3157);
#3155 = ( REPRESENTATION_RELATIONSHIP('','',#2710,#2515) 
REPRESENTATION_RELATIONSHIP_WITH_TRANSFORMATION(#3156) 
SHAPE_REPRESENTATION_RELATIONSHIP() );
#3156 = ITEM_DEFINED_TRANSFORMATION('','',#11,#2584);
#3157 = PRODUCT_DEFINITION_SHAPE('Placement','Placement of an item',
  #3158);
#3158 = NEXT_ASSEMBLY_USAGE_OCCURRENCE('2863','17','',#2510,#2705,$);
#3159 = CONTEXT_DEPENDENT_SHAPE_REPRESENTATION(#3160,#3162);
#3160 = ( REPRESENTATION_RELATIONSHIP('','',#2710,#2515) 
REPRESENTATION_RELATIONSHIP_WITH_TRANSFORMATION(#3161) 
SHAPE_REPRESENTATION_RELATIONSHIP() );
#3161 = ITEM_DEFINED_TRANSFORMATION('','',#11,#2588);
#3162 = PRODUCT_DEFINITION_SHAPE('Placement','Placement of an item',
  #3163);
#3163 = NEXT_ASSEMBLY_USAGE_OCCURRENCE('2864','18','',#2510,#2705,$);
#3164 = CONTEXT_DEPENDENT_SHAPE_REPRESENTATION(#3165,#3167);
#3165 = ( REPRESENTATION_RELATIONSHIP('','',#2710,#2515) 
REPRESENTATION_RELATIONSHIP_WITH_TRANSFORMATION(#3166) 
SHAPE_REPRESENTATION_RELATIONSHIP() );
#3166 = ITEM_DEFINED_TRANSFORMATION('','',#11,#2592);
#3167 = PRODUCT_DEFINITION_SHAPE('Placement','Placement of an item',
  #3168);
#3168 = NEXT_ASSEMBLY_USAGE_OCCURRENCE('2865','19','',#2510,#2705,$);
#3169 = CONTEXT_DEPENDENT_SHAPE_REPRESENTATION(#3170,#3172);
#3170 = ( REPRESENTATION_RELATIONSHIP('','',#2710,#2515) 
REPRESENTATION_RELATIONSHIP_WITH_TRANSFORMATION(#3171) 
SHAPE_REPRESENTATION_RELATIONSHIP() );
#3171 = ITEM_DEFINED_TRANSFORMATION('','',#11,#2596);
#3172 = PRODUCT_DEFINITION_SHAPE('Placement','Placement of an item',
  #3173);
#3173 = NEXT_ASSEMBLY_USAGE_OCCURRENCE('2866','20','',#2510,#2705,$);
#3174 = CONTEXT_DEPENDENT_SHAPE_REPRESENTATION(#3175,#3177);
#3175 = ( REPRESENTATION_RELATIONSHIP('','',#2710,#2515) 
REPRESENTATION_RELATIONSHIP_WITH_TRANSFORMATION(#3176) 
SHAPE_REPRESENTATION_RELATIONSHIP() );
#3176 = ITEM_DEFINED_TRANSFORMATION('','',#11,#2600);
#3177 = PRODUCT_DEFINITION_SHAPE('Placement','Placement of an item',
  #3178);
#3178 = NEXT_ASSEMBLY_USAGE_OCCURRENCE('2867','21','',#2510,#2705,$);
#3179 = CONTEXT_DEPENDENT_SHAPE_REPRESENTATION(#3180,#3182);
#3180 = ( REPRESENTATION_RELATIONSHIP('','',#2710,#2515) 
REPRESENTATION_RELATIONSHIP_WITH_TRANSFORMATION(#3181) 
SHAPE_REPRESENTATION_RELATIONSHIP() );
#3181 = ITEM_DEFINED_TRANSFORMATION('','',#11,#2604);
#3182 = PRODUCT_DEFINITION_SHAPE('Placement','Placement of an item',
  #3183);
#3183 = NEXT_ASSEMBLY_USAGE_OCCURRENCE('2868','22','',#2510,#2705,$);
#3184 = CONTEXT_DEPENDENT_SHAPE_REPRESENTATION(#3185,#3187);
#3185 = ( REPRESENTATION_RELATIONSHIP('','',#2710,#2515) 
REPRESENTATION_RELATIONSHIP_WITH_TRANSFORMATION(#3186) 
SHAPE_REPRESENTATION_RELATIONSHIP() );
#3186 = ITEM_DEFINED_TRANSFORMATION('','',#11,#2608);
#3187 = PRODUCT_DEFINITION_SHAPE('Placement','Placement of an item',
  #3188);
#3188 = NEXT_ASSEMBLY_USAGE_OCCURRENCE('2869','23','',#2510,#2705,$);
#3189 = CONTEXT_DEPENDENT_SHAPE_REPRESENTATION(#3190,#3192);
#3190 = ( REPRESENTATION_RELATIONSHIP('','',#2710,#2515) 
REPRESENTATION_RELATIONSHIP_WITH_TRANSFORMATION(#3191) 
SHAPE_REPRESENTATION_RELATIONSHIP() );
#3191 = ITEM_DEFINED_TRANSFORMATION('','',#11,#2612);
#3192 = PRODUCT_DEFINITION_SHAPE('Placement','Placement of an item',
  #3193);
#3193 = NEXT_ASSEMBLY_USAGE_OCCURRENCE('2870','24','',#2510,#2705,$);
#3194 = CONTEXT_DEPENDENT_SHAPE_REPRESENTATION(#3195,#3197);
#3195 = ( REPRESENTATION_RELATIONSHIP('','',#2710,#2515) 
REPRESENTATION_RELATIONSHIP_WITH_TRANSFORMATION(#3196) 
SHAPE_REPRESENTATION_RELATIONSHIP() );
#3196 = ITEM_DEFINED_TRANSFORMATION('','',#11,#2616);
#3197 = PRODUCT_DEFINITION_SHAPE('Placement','Placement of an item',
  #3198);
#3198 = NEXT_ASSEMBLY_USAGE_OCCURRENCE('2871','25','',#2510,#2705,$);
#3199 = CONTEXT_DEPENDENT_SHAPE_REPRESENTATION(#3200,#3202);
#3200 = ( REPRESENTATION_RELATIONSHIP('','',#2710,#2515) 
REPRESENTATION_RELATIONSHIP_WITH_TRANSFORMATION(#3201) 
SHAPE_REPRESENTATION_RELATIONSHIP() );
#3201 = ITEM_DEFINED_TRANSFORMATION('','',#11,#2620);
#3202 = PRODUCT_DEFINITION_SHAPE('Placement','Placement of an item',
  #3203);
#3203 = NEXT_ASSEMBLY_USAGE_OCCURRENCE('2872','26','',#2510,#2705,$);
#3204 = CONTEXT_DEPENDENT_SHAPE_REPRESENTATION(#3205,#3207);
#3205 = ( REPRESENTATION_RELATIONSHIP('','',#2710,#2515) 
REPRESENTATION_RELATIONSHIP_WITH_TRANSFORMATION(#3206) 
SHAPE_REPRESENTATION_RELATIONSHIP() );
#3206 = ITEM_DEFINED_TRANSFORMATION('','',#11,#2624);
#3207 = PRODUCT_DEFINITION_SHAPE('Placement','Placement of an item',
  #3208);
#3208 = NEXT_ASSEMBLY_USAGE_OCCURRENCE('2873','27','',#2510,#2705,$);
#3209 = CONTEXT_DEPENDENT_SHAPE_REPRESENTATION(#3210,#3212);
#3210 = ( REPRESENTATION_RELATIONSHIP('','',#2710,#2515) 
REPRESENTATION_RELATIONSHIP_WITH_TRANSFORMATION(#3211) 
SHAPE_REPRESENTATION_RELATIONSHIP() );
#3211 = ITEM_DEFINED_TRANSFORMATION('','',#11,#2628);
#3212 = PRODUCT_DEFINITION_SHAPE('Placement','Placement of an item',
  #3213);
#3213 = NEXT_ASSEMBLY_USAGE_OCCURRENCE('2874','28','',#2510,#2705,$);
#3214 = CONTEXT_DEPENDENT_SHAPE_REPRESENTATION(#3215,#3217);
#3215 = ( REPRESENTATION_RELATIONSHIP('','',#2710,#2515) 
REPRESENTATION_RELATIONSHIP_WITH_TRANSFORMATION(#3216) 
SHAPE_REPRESENTATION_RELATIONSHIP() );
#3216 = ITEM_DEFINED_TRANSFORMATION('','',#11,#2632);
#3217 = PRODUCT_DEFINITION_SHAPE('Placement','Placement of an item',
  #3218);
#3218 = NEXT_ASSEMBLY_USAGE_OCCURRENCE('2875','29','',#2510,#2705,$);
#3219 = CONTEXT_DEPENDENT_SHAPE_REPRESENTATION(#3220,#3222);
#3220 = ( REPRESENTATION_RELATIONSHIP('','',#2710,#2515) 
REPRESENTATION_RELATIONSHIP_WITH_TRANSFORMATION(#3221) 
SHAPE_REPRESENTATION_RELATIONSHIP() );
#3221 = ITEM_DEFINED_TRANSFORMATION('','',#11,#2636);
#3222 = PRODUCT_DEFINITION_SHAPE('Placement','Placement of an item',
  #3223);
#3223 = NEXT_ASSEMBLY_USAGE_OCCURRENCE('2876','30','',#2510,#2705,$);
#3224 = CONTEXT_DEPENDENT_SHAPE_REPRESENTATION(#3225,#3227);
#3225 = ( REPRESENTATION_RELATIONSHIP('','',#2710,#2515) 
REPRESENTATION_RELATIONSHIP_WITH_TRANSFORMATION(#3226) 
SHAPE_REPRESENTATION_RELATIONSHIP() );
#3226 = ITEM_DEFINED_TRANSFORMATION('','',#11,#2640);
#3227 = PRODUCT_DEFINITION_SHAPE('Placement','Placement of an item',
  #3228);
#3228 = NEXT_ASSEMBLY_USAGE_OCCURRENCE('2877','31','',#2510,#2705,$);
#3229 = CONTEXT_DEPENDENT_SHAPE_REPRESENTATION(#3230,#3232);
#3230 = ( REPRESENTATION_RELATIONSHIP('','',#2710,#2515) 
REPRESENTATION_RELATIONSHIP_WITH_TRANSFORMATION(#3231) 
SHAPE_REPRESENTATION_RELATIONSHIP() );
#3231 = ITEM_DEFINED_TRANSFORMATION('','',#11,#2644);
#3232 = PRODUCT_DEFINITION_SHAPE('Placement','Placement of an item',
  #3233);
#3233 = NEXT_ASSEMBLY_USAGE_OCCURRENCE('2878','32','',#2510,#2705,$);
#3234 = CONTEXT_DEPENDENT_SHAPE_REPRESENTATION(#3235,#3237);
#3235 = ( REPRESENTATION_RELATIONSHIP('','',#2710,#2515) 
REPRESENTATION_RELATIONSHIP_WITH_TRANSFORMATION(#3236) 
SHAPE_REPRESENTATION_RELATIONSHIP() );
#3236 = ITEM_DEFINED_TRANSFORMATION('','',#11,#2648);
#3237 = PRODUCT_DEFINITION_SHAPE('Placement','Placement of an item',
  #3238);
#3238 = NEXT_ASSEMBLY_USAGE_OCCURRENCE('2879','33','',#2510,#2705,$);
#3239 = CONTEXT_DEPENDENT_SHAPE_REPRESENTATION(#3240,#3242);
#3240 = ( REPRESENTATION_RELATIONSHIP('','',#2710,#2515) 
REPRESENTATION_RELATIONSHIP_WITH_TRANSFORMATION(#3241) 
SHAPE_REPRESENTATION_RELATIONSHIP() );
#3241 = ITEM_DEFINED_TRANSFORMATION('','',#11,#2652);
#3242 = PRODUCT_DEFINITION_SHAPE('Placement','Placement of an item',
  #3243);
#3243 = NEXT_ASSEMBLY_USAGE_OCCURRENCE('2880','34','',#2510,#2705,$);
#3244 = CONTEXT_DEPENDENT_SHAPE_REPRESENTATION(#3245,#3247);
#3245 = ( REPRESENTATION_RELATIONSHIP('','',#2710,#2515) 
REPRESENTATION_RELATIONSHIP_WITH_TRANSFORMATION(#3246) 
SHAPE_REPRESENTATION_RELATIONSHIP() );
#3246 = ITEM_DEFINED_TRANSFORMATION('','',#11,#2656);
#3247 = PRODUCT_DEFINITION_SHAPE('Placement','Placement of an item',
  #3248);
#3248 = NEXT_ASSEMBLY_USAGE_OCCURRENCE('2881','35','',#2510,#2705,$);
#3249 = CONTEXT_DEPENDENT_SHAPE_REPRESENTATION(#3250,#3252);
#3250 = ( REPRESENTATION_RELATIONSHIP('','',#2710,#2515) 
REPRESENTATION_RELATIONSHIP_WITH_TRANSFORMATION(#3251) 
SHAPE_REPRESENTATION_RELATIONSHIP() );
#3251 = ITEM_DEFINED_TRANSFORMATION('','',#11,#2660);
#3252 = PRODUCT_DEFINITION_SHAPE('Placement','Placement of an item',
  #3253);
#3253 = NEXT_ASSEMBLY_USAGE_OCCURRENCE('2882','36','',#2510,#2705,$);
#3254 = CONTEXT_DEPENDENT_SHAPE_REPRESENTATION(#3255,#3257);
#3255 = ( REPRESENTATION_RELATIONSHIP('','',#2710,#2515) 
REPRESENTATION_RELATIONSHIP_WITH_TRANSFORMATION(#3256) 
SHAPE_REPRESENTATION_RELATIONSHIP() );
#3256 = ITEM_DEFINED_TRANSFORMATION('','',#11,#2664);
#3257 = PRODUCT_DEFINITION_SHAPE('Placement','Placement of an item',
  #3258);
#3258 = NEXT_ASSEMBLY_USAGE_OCCURRENCE('2883','37','',#2510,#2705,$);
#3259 = CONTEXT_DEPENDENT_SHAPE_REPRESENTATION(#3260,#3262);
#3260 = ( REPRESENTATION_RELATIONSHIP('','',#2710,#2515) 
REPRESENTATION_RELATIONSHIP_WITH_TRANSFORMATION(#3261) 
SHAPE_REPRESENTATION_RELATIONSHIP() );
#3261 = ITEM_DEFINED_TRANSFORMATION('','',#11,#2668);
#3262 = PRODUCT_DEFINITION_SHAPE('Placement','Placement of an item',
  #3263);
#3263 = NEXT_ASSEMBLY_USAGE_OCCURRENCE('2884','38','',#2510,#2705,$);
#3264 = CONTEXT_DEPENDENT_SHAPE_REPRESENTATION(#3265,#3267);
#3265 = ( REPRESENTATION_RELATIONSHIP('','',#2710,#2515) 
REPRESENTATION_RELATIONSHIP_WITH_TRANSFORMATION(#3266) 
SHAPE_REPRESENTATION_RELATIONSHIP() );
#3266 = ITEM_DEFINED_TRANSFORMATION('','',#11,#2672);
#3267 = PRODUCT_DEFINITION_SHAPE('Placement','Placement of an item',
  #3268);
#3268 = NEXT_ASSEMBLY_USAGE_OCCURRENCE('2885','39','',#2510,#2705,$);
#3269 = CONTEXT_DEPENDENT_SHAPE_REPRESENTATION(#3270,#3272);
#3270 = ( REPRESENTATION_RELATIONSHIP('','',#2710,#2515) 
REPRESENTATION_RELATIONSHIP_WITH_TRANSFORMATION(#3271) 
SHAPE_REPRESENTATION_RELATIONSHIP() );
#3271 = ITEM_DEFINED_TRANSFORMATION('','',#11,#2676);
#3272 = PRODUCT_DEFINITION_SHAPE('Placement','Placement of an item',
  #3273);
#3273 = NEXT_ASSEMBLY_USAGE_OCCURRENCE('2886','40','',#2510,#2705,$);
#3274 = CONTEXT_DEPENDENT_SHAPE_REPRESENTATION(#3275,#3277);
#3275 = ( REPRESENTATION_RELATIONSHIP('','',#2710,#2515) 
REPRESENTATION_RELATIONSHIP_WITH_TRANSFORMATION(#3276) 
SHAPE_REPRESENTATION_RELATIONSHIP() );
#3276 = ITEM_DEFINED_TRANSFORMATION('','',#11,#2680);
#3277 = PRODUCT_DEFINITION_SHAPE('Placement','Placement of an item',
  #3278);
#3278 = NEXT_ASSEMBLY_USAGE_OCCURRENCE('2887','41','',#2510,#2705,$);
#3279 = CONTEXT_DEPENDENT_SHAPE_REPRESENTATION(#3280,#3282);
#3280 = ( REPRESENTATION_RELATIONSHIP('','',#2710,#2515) 
REPRESENTATION_RELATIONSHIP_WITH_TRANSFORMATION(#3281) 
SHAPE_REPRESENTATION_RELATIONSHIP() );
#3281 = ITEM_DEFINED_TRANSFORMATION('','',#11,#2684);
#3282 = PRODUCT_DEFINITION_SHAPE('Placement','Placement of an item',
  #3283);
#3283 = NEXT_ASSEMBLY_USAGE_OCCURRENCE('2888','42','',#2510,#2705,$);
#3284 = CONTEXT_DEPENDENT_SHAPE_REPRESENTATION(#3285,#3287);
#3285 = ( REPRESENTATION_RELATIONSHIP('','',#2710,#2515) 
REPRESENTATION_RELATIONSHIP_WITH_TRANSFORMATION(#3286) 
SHAPE_REPRESENTATION_RELATIONSHIP() );
#3286 = ITEM_DEFINED_TRANSFORMATION('','',#11,#2688);
#3287 = PRODUCT_DEFINITION_SHAPE('Placement','Placement of an item',
  #3288);
#3288 = NEXT_ASSEMBLY_USAGE_OCCURRENCE('2889','43','',#2510,#2705,$);
#3289 = SHAPE_DEFINITION_REPRESENTATION(#3290,#3296);
#3290 = PRODUCT_DEFINITION_SHAPE('','',#3291);
#3291 = PRODUCT_DEFINITION('design','',#3292,#3295);
#3292 = PRODUCT_DEFINITION_FORMATION('','',#3293);
#3293 = PRODUCT('Body','Body','',(#3294));
#3294 = PRODUCT_CONTEXT('',#2,'mechanical');
#3295 = PRODUCT_DEFINITION_CONTEXT('part definition',#2,'design');
#3296 = ADVANCED_BREP_SHAPE_REPRESENTATION('',(#11,#3297),#3684);
#3297 = MANIFOLD_SOLID_BREP('',#3298);
#3298 = CLOSED_SHELL('',(#3299,#3339,#3370,#3401,#3432,#3463,#3487,#3511
    ,#3528,#3550,#3574,#3598,#3626,#3638,#3650,#3675));
#3299 = ADVANCED_FACE('',(#3300),#3334,.T.);
#3300 = FACE_BOUND('',#3301,.T.);
#3301 = EDGE_LOOP('',(#3302,#3312,#3320,#3328));
#3302 = ORIENTED_EDGE('',*,*,#3303,.T.);
#3303 = EDGE_CURVE('',#3304,#3306,#3308,.T.);
#3304 = VERTEX_POINT('',#3305);
#3305 = CARTESIAN_POINT('',(12.,0.81,12.));
#3306 = VERTEX_POINT('',#3307);
#3307 = CARTESIAN_POINT('',(12.,0.81,-12.));
#3308 = LINE('',#3309,#3310);
#3309 = CARTESIAN_POINT('',(12.,0.81,34.311375363864));
#3310 = VECTOR('',#3311,1.);
#3311 = DIRECTION('',(0.,0.,-1.));
#3312 = ORIENTED_EDGE('',*,*,#3313,.T.);
#3313 = EDGE_CURVE('',#3306,#3314,#3316,.T.);
#3314 = VERTEX_POINT('',#3315);
#3315 = CARTESIAN_POINT('',(12.,0.95,-12.));
#3316 = LINE('',#3317,#3318);
#3317 = CARTESIAN_POINT('',(12.,-2.6645352591E-15,-12.));
#3318 = VECTOR('',#3319,1.);
#3319 = DIRECTION('',(0.,1.,-2.22044604925E-16));
#3320 = ORIENTED_EDGE('',*,*,#3321,.F.);
#3321 = EDGE_CURVE('',#3322,#3314,#3324,.T.);
#3322 = VERTEX_POINT('',#3323);
#3323 = CARTESIAN_POINT('',(12.,0.95,12.));
#3324 = LINE('',#3325,#3326);
#3325 = CARTESIAN_POINT('',(12.,0.95,34.311375363864));
#3326 = VECTOR('',#3327,1.);
#3327 = DIRECTION('',(0.,0.,-1.));
#3328 = ORIENTED_EDGE('',*,*,#3329,.F.);
#3329 = EDGE_CURVE('',#3304,#3322,#3330,.T.);
#3330 = LINE('',#3331,#3332);
#3331 = CARTESIAN_POINT('',(12.,2.6645352591E-15,12.));
#3332 = VECTOR('',#3333,1.);
#3333 = DIRECTION('',(0.,1.,-2.22044604925E-16));
#3334 = PLANE('',#3335);
#3335 = AXIS2_PLACEMENT_3D('',#3336,#3337,#3338);
#3336 = CARTESIAN_POINT('',(12.,-2.6645352591E-15,-12.));
#3337 = DIRECTION('',(1.,0.,0.));
#3338 = DIRECTION('',(0.,2.22044604925E-16,1.));
#3339 = ADVANCED_FACE('',(#3340),#3365,.F.);
#3340 = FACE_BOUND('',#3341,.F.);
#3341 = EDGE_LOOP('',(#3342,#3350,#3351,#3359));
#3342 = ORIENTED_EDGE('',*,*,#3343,.F.);
#3343 = EDGE_CURVE('',#3304,#3344,#3346,.T.);
#3344 = VERTEX_POINT('',#3345);
#3345 = CARTESIAN_POINT('',(11.908648457443,0.16,11.908648457443));
#3346 = LINE('',#3347,#3348);
#3347 = CARTESIAN_POINT('',(12.379133162301,3.507672623788,
    12.379133162301));
#3348 = VECTOR('',#3349,1.);
#3349 = DIRECTION('',(-0.137844537492,-0.980814848464,-0.137844537492));
#3350 = ORIENTED_EDGE('',*,*,#3303,.T.);
#3351 = ORIENTED_EDGE('',*,*,#3352,.T.);
#3352 = EDGE_CURVE('',#3306,#3353,#3355,.T.);
#3353 = VERTEX_POINT('',#3354);
#3354 = CARTESIAN_POINT('',(11.908648457443,0.16,-11.90864845744));
#3355 = LINE('',#3356,#3357);
#3356 = CARTESIAN_POINT('',(11.727178721178,-1.131224266949,
    -11.72717872117));
#3357 = VECTOR('',#3358,1.);
#3358 = DIRECTION('',(-0.137844537492,-0.980814848464,0.137844537492));
#3359 = ORIENTED_EDGE('',*,*,#3360,.F.);
#3360 = EDGE_CURVE('',#3344,#3353,#3361,.T.);
#3361 = LINE('',#3362,#3363);
#3362 = CARTESIAN_POINT('',(11.908648457443,0.16,34.311375363864));
#3363 = VECTOR('',#3364,1.);
#3364 = DIRECTION('',(0.,0.,-1.));
#3365 = PLANE('',#3366);
#3366 = AXIS2_PLACEMENT_3D('',#3367,#3368,#3369);
#3367 = CARTESIAN_POINT('',(12.,0.81,34.311375363864));
#3368 = DIRECTION('',(-0.990268068742,0.13917310096,0.));
#3369 = DIRECTION('',(-0.13917310096,-0.990268068742,0.));
#3370 = ADVANCED_FACE('',(#3371),#3396,.T.);
#3371 = FACE_BOUND('',#3372,.T.);
#3372 = EDGE_LOOP('',(#3373,#3381,#3382,#3390));
#3373 = ORIENTED_EDGE('',*,*,#3374,.F.);
#3374 = EDGE_CURVE('',#3304,#3375,#3377,.T.);
#3375 = VERTEX_POINT('',#3376);
#3376 = CARTESIAN_POINT('',(-12.,0.81,12.));
#3377 = LINE('',#3378,#3379);
#3378 = CARTESIAN_POINT('',(34.311375363864,0.81,12.));
#3379 = VECTOR('',#3380,1.);
#3380 = DIRECTION('',(-1.,0.,0.));
#3381 = ORIENTED_EDGE('',*,*,#3329,.T.);
#3382 = ORIENTED_EDGE('',*,*,#3383,.T.);
#3383 = EDGE_CURVE('',#3322,#3384,#3386,.T.);
#3384 = VERTEX_POINT('',#3385);
#3385 = CARTESIAN_POINT('',(-12.,0.95,12.));
#3386 = LINE('',#3387,#3388);
#3387 = CARTESIAN_POINT('',(34.311375363864,0.95,12.));
#3388 = VECTOR('',#3389,1.);
#3389 = DIRECTION('',(-1.,0.,0.));
#3390 = ORIENTED_EDGE('',*,*,#3391,.F.);
#3391 = EDGE_CURVE('',#3375,#3384,#3392,.T.);
#3392 = LINE('',#3393,#3394);
#3393 = CARTESIAN_POINT('',(-12.,2.6645352591E-15,12.));
#3394 = VECTOR('',#3395,1.);
#3395 = DIRECTION('',(0.,1.,-2.22044604925E-16));
#3396 = PLANE('',#3397);
#3397 = AXIS2_PLACEMENT_3D('',#3398,#3399,#3400);
#3398 = CARTESIAN_POINT('',(12.,2.6645352591E-15,12.));
#3399 = DIRECTION('',(0.,2.22044604925E-16,1.));
#3400 = DIRECTION('',(-1.,0.,0.));
#3401 = ADVANCED_FACE('',(#3402),#3427,.F.);
#3402 = FACE_BOUND('',#3403,.F.);
#3403 = EDGE_LOOP('',(#3404,#3405,#3413,#3421));
#3404 = ORIENTED_EDGE('',*,*,#3321,.F.);
#3405 = ORIENTED_EDGE('',*,*,#3406,.F.);
#3406 = EDGE_CURVE('',#3407,#3322,#3409,.T.);
#3407 = VERTEX_POINT('',#3408);
#3408 = CARTESIAN_POINT('',(11.908648457443,1.6,11.908648457443));
#3409 = LINE('',#3410,#3411);
#3410 = CARTESIAN_POINT('',(12.379133162301,-1.747672623788,
    12.379133162301));
#3411 = VECTOR('',#3412,1.);
#3412 = DIRECTION('',(0.137844537492,-0.980814848464,0.137844537492));
#3413 = ORIENTED_EDGE('',*,*,#3414,.T.);
#3414 = EDGE_CURVE('',#3407,#3415,#3417,.T.);
#3415 = VERTEX_POINT('',#3416);
#3416 = CARTESIAN_POINT('',(11.908648457443,1.6,-11.90864845744));
#3417 = LINE('',#3418,#3419);
#3418 = CARTESIAN_POINT('',(11.908648457443,1.6,34.311375363864));
#3419 = VECTOR('',#3420,1.);
#3420 = DIRECTION('',(0.,0.,-1.));
#3421 = ORIENTED_EDGE('',*,*,#3422,.T.);
#3422 = EDGE_CURVE('',#3415,#3314,#3423,.T.);
#3423 = LINE('',#3424,#3425);
#3424 = CARTESIAN_POINT('',(11.727178721178,2.891224266949,
    -11.72717872117));
#3425 = VECTOR('',#3426,1.);
#3426 = DIRECTION('',(0.137844537492,-0.980814848464,-0.137844537492));
#3427 = PLANE('',#3428);
#3428 = AXIS2_PLACEMENT_3D('',#3429,#3430,#3431);
#3429 = CARTESIAN_POINT('',(11.908648457443,1.6,34.311375363864));
#3430 = DIRECTION('',(-0.990268068742,-0.13917310096,0.));
#3431 = DIRECTION('',(0.13917310096,-0.990268068742,0.));
#3432 = ADVANCED_FACE('',(#3433),#3458,.T.);
#3433 = FACE_BOUND('',#3434,.T.);
#3434 = EDGE_LOOP('',(#3435,#3443,#3451,#3457));
#3435 = ORIENTED_EDGE('',*,*,#3436,.T.);
#3436 = EDGE_CURVE('',#3306,#3437,#3439,.T.);
#3437 = VERTEX_POINT('',#3438);
#3438 = CARTESIAN_POINT('',(-12.,0.81,-12.));
#3439 = LINE('',#3440,#3441);
#3440 = CARTESIAN_POINT('',(34.311375363864,0.81,-12.));
#3441 = VECTOR('',#3442,1.);
#3442 = DIRECTION('',(-1.,0.,0.));
#3443 = ORIENTED_EDGE('',*,*,#3444,.T.);
#3444 = EDGE_CURVE('',#3437,#3445,#3447,.T.);
#3445 = VERTEX_POINT('',#3446);
#3446 = CARTESIAN_POINT('',(-12.,0.95,-12.));
#3447 = LINE('',#3448,#3449);
#3448 = CARTESIAN_POINT('',(-12.,-2.6645352591E-15,-12.));
#3449 = VECTOR('',#3450,1.);
#3450 = DIRECTION('',(0.,1.,-2.22044604925E-16));
#3451 = ORIENTED_EDGE('',*,*,#3452,.F.);
#3452 = EDGE_CURVE('',#3314,#3445,#3453,.T.);
#3453 = LINE('',#3454,#3455);
#3454 = CARTESIAN_POINT('',(34.311375363864,0.95,-12.));
#3455 = VECTOR('',#3456,1.);
#3456 = DIRECTION('',(-1.,0.,0.));
#3457 = ORIENTED_EDGE('',*,*,#3313,.F.);
#3458 = PLANE('',#3459);
#3459 = AXIS2_PLACEMENT_3D('',#3460,#3461,#3462);
#3460 = CARTESIAN_POINT('',(-12.,-2.6645352591E-15,-12.));
#3461 = DIRECTION('',(0.,-2.22044604925E-16,-1.));
#3462 = DIRECTION('',(1.,0.,0.));
#3463 = ADVANCED_FACE('',(#3464),#3482,.F.);
#3464 = FACE_BOUND('',#3465,.F.);
#3465 = EDGE_LOOP('',(#3466,#3467,#3475,#3481));
#3466 = ORIENTED_EDGE('',*,*,#3343,.T.);
#3467 = ORIENTED_EDGE('',*,*,#3468,.T.);
#3468 = EDGE_CURVE('',#3344,#3469,#3471,.T.);
#3469 = VERTEX_POINT('',#3470);
#3470 = CARTESIAN_POINT('',(-11.90864845744,0.16,11.908648457443));
#3471 = LINE('',#3472,#3473);
#3472 = CARTESIAN_POINT('',(34.311375363864,0.16,11.908648457443));
#3473 = VECTOR('',#3474,1.);
#3474 = DIRECTION('',(-1.,0.,0.));
#3475 = ORIENTED_EDGE('',*,*,#3476,.F.);
#3476 = EDGE_CURVE('',#3375,#3469,#3477,.T.);
#3477 = LINE('',#3478,#3479);
#3478 = CARTESIAN_POINT('',(-11.72717872117,-1.131224266949,
    11.727178721178));
#3479 = VECTOR('',#3480,1.);
#3480 = DIRECTION('',(0.137844537492,-0.980814848464,-0.137844537492));
#3481 = ORIENTED_EDGE('',*,*,#3374,.F.);
#3482 = PLANE('',#3483);
#3483 = AXIS2_PLACEMENT_3D('',#3484,#3485,#3486);
#3484 = CARTESIAN_POINT('',(34.311375363864,0.16,11.908648457443));
#3485 = DIRECTION('',(0.,0.13917310096,-0.990268068742));
#3486 = DIRECTION('',(0.,0.990268068742,0.13917310096));
#3487 = ADVANCED_FACE('',(#3488),#3506,.F.);
#3488 = FACE_BOUND('',#3489,.F.);
#3489 = EDGE_LOOP('',(#3490,#3491,#3492,#3500));
#3490 = ORIENTED_EDGE('',*,*,#3468,.F.);
#3491 = ORIENTED_EDGE('',*,*,#3360,.T.);
#3492 = ORIENTED_EDGE('',*,*,#3493,.T.);
#3493 = EDGE_CURVE('',#3353,#3494,#3496,.T.);
#3494 = VERTEX_POINT('',#3495);
#3495 = CARTESIAN_POINT('',(-11.90864845744,0.16,-11.90864845744));
#3496 = LINE('',#3497,#3498);
#3497 = CARTESIAN_POINT('',(34.311375363864,0.16,-11.90864845744));
#3498 = VECTOR('',#3499,1.);
#3499 = DIRECTION('',(-1.,0.,0.));
#3500 = ORIENTED_EDGE('',*,*,#3501,.F.);
#3501 = EDGE_CURVE('',#3469,#3494,#3502,.T.);
#3502 = LINE('',#3503,#3504);
#3503 = CARTESIAN_POINT('',(-11.90864845744,0.16,34.311375363864));
#3504 = VECTOR('',#3505,1.);
#3505 = DIRECTION('',(0.,0.,-1.));
#3506 = PLANE('',#3507);
#3507 = AXIS2_PLACEMENT_3D('',#3508,#3509,#3510);
#3508 = CARTESIAN_POINT('',(0.,0.16,-2.775557561563E-17));
#3509 = DIRECTION('',(0.,1.,0.));
#3510 = DIRECTION('',(0.,0.,1.));
#3511 = ADVANCED_FACE('',(#3512),#3523,.F.);
#3512 = FACE_BOUND('',#3513,.T.);
#3513 = EDGE_LOOP('',(#3514,#3515,#3516,#3522));
#3514 = ORIENTED_EDGE('',*,*,#3352,.T.);
#3515 = ORIENTED_EDGE('',*,*,#3493,.T.);
#3516 = ORIENTED_EDGE('',*,*,#3517,.F.);
#3517 = EDGE_CURVE('',#3437,#3494,#3518,.T.);
#3518 = LINE('',#3519,#3520);
#3519 = CARTESIAN_POINT('',(-11.07522428005,-5.770121157687,
    -11.07522428005));
#3520 = VECTOR('',#3521,1.);
#3521 = DIRECTION('',(0.137844537492,-0.980814848464,0.137844537492));
#3522 = ORIENTED_EDGE('',*,*,#3436,.F.);
#3523 = PLANE('',#3524);
#3524 = AXIS2_PLACEMENT_3D('',#3525,#3526,#3527);
#3525 = CARTESIAN_POINT('',(34.311375363864,0.16,-11.90864845744));
#3526 = DIRECTION('',(0.,0.13917310096,0.990268068742));
#3527 = DIRECTION('',(0.,-0.990268068742,0.13917310096));
#3528 = ADVANCED_FACE('',(#3529),#3545,.T.);
#3529 = FACE_BOUND('',#3530,.T.);
#3530 = EDGE_LOOP('',(#3531,#3537,#3538,#3544));
#3531 = ORIENTED_EDGE('',*,*,#3532,.F.);
#3532 = EDGE_CURVE('',#3375,#3437,#3533,.T.);
#3533 = LINE('',#3534,#3535);
#3534 = CARTESIAN_POINT('',(-12.,0.81,34.311375363864));
#3535 = VECTOR('',#3536,1.);
#3536 = DIRECTION('',(0.,0.,-1.));
#3537 = ORIENTED_EDGE('',*,*,#3391,.T.);
#3538 = ORIENTED_EDGE('',*,*,#3539,.T.);
#3539 = EDGE_CURVE('',#3384,#3445,#3540,.T.);
#3540 = LINE('',#3541,#3542);
#3541 = CARTESIAN_POINT('',(-12.,0.95,34.311375363864));
#3542 = VECTOR('',#3543,1.);
#3543 = DIRECTION('',(0.,0.,-1.));
#3544 = ORIENTED_EDGE('',*,*,#3444,.F.);
#3545 = PLANE('',#3546);
#3546 = AXIS2_PLACEMENT_3D('',#3547,#3548,#3549);
#3547 = CARTESIAN_POINT('',(-12.,2.6645352591E-15,12.));
#3548 = DIRECTION('',(-1.,0.,0.));
#3549 = DIRECTION('',(0.,-2.22044604925E-16,-1.));
#3550 = ADVANCED_FACE('',(#3551),#3569,.F.);
#3551 = FACE_BOUND('',#3552,.F.);
#3552 = EDGE_LOOP('',(#3553,#3554,#3555,#3563));
#3553 = ORIENTED_EDGE('',*,*,#3406,.T.);
#3554 = ORIENTED_EDGE('',*,*,#3383,.T.);
#3555 = ORIENTED_EDGE('',*,*,#3556,.F.);
#3556 = EDGE_CURVE('',#3557,#3384,#3559,.T.);
#3557 = VERTEX_POINT('',#3558);
#3558 = CARTESIAN_POINT('',(-11.90864845744,1.6,11.908648457443));
#3559 = LINE('',#3560,#3561);
#3560 = CARTESIAN_POINT('',(-11.72717872117,2.891224266949,
    11.727178721178));
#3561 = VECTOR('',#3562,1.);
#3562 = DIRECTION('',(-0.137844537492,-0.980814848464,0.137844537492));
#3563 = ORIENTED_EDGE('',*,*,#3564,.F.);
#3564 = EDGE_CURVE('',#3407,#3557,#3565,.T.);
#3565 = LINE('',#3566,#3567);
#3566 = CARTESIAN_POINT('',(34.311375363864,1.6,11.908648457443));
#3567 = VECTOR('',#3568,1.);
#3568 = DIRECTION('',(-1.,0.,0.));
#3569 = PLANE('',#3570);
#3570 = AXIS2_PLACEMENT_3D('',#3571,#3572,#3573);
#3571 = CARTESIAN_POINT('',(34.311375363864,0.95,12.));
#3572 = DIRECTION('',(0.,-0.13917310096,-0.990268068742));
#3573 = DIRECTION('',(0.,0.990268068742,-0.13917310096));
#3574 = ADVANCED_FACE('',(#3575),#3593,.F.);
#3575 = FACE_BOUND('',#3576,.T.);
#3576 = EDGE_LOOP('',(#3577,#3578,#3579,#3587));
#3577 = ORIENTED_EDGE('',*,*,#3422,.T.);
#3578 = ORIENTED_EDGE('',*,*,#3452,.T.);
#3579 = ORIENTED_EDGE('',*,*,#3580,.F.);
#3580 = EDGE_CURVE('',#3581,#3445,#3583,.T.);
#3581 = VERTEX_POINT('',#3582);
#3582 = CARTESIAN_POINT('',(-11.90864845744,1.6,-11.90864845744));
#3583 = LINE('',#3584,#3585);
#3584 = CARTESIAN_POINT('',(-11.07522428005,7.530121157687,
    -11.07522428005));
#3585 = VECTOR('',#3586,1.);
#3586 = DIRECTION('',(-0.137844537492,-0.980814848464,-0.137844537492));
#3587 = ORIENTED_EDGE('',*,*,#3588,.F.);
#3588 = EDGE_CURVE('',#3415,#3581,#3589,.T.);
#3589 = LINE('',#3590,#3591);
#3590 = CARTESIAN_POINT('',(34.311375363864,1.6,-11.90864845744));
#3591 = VECTOR('',#3592,1.);
#3592 = DIRECTION('',(-1.,0.,0.));
#3593 = PLANE('',#3594);
#3594 = AXIS2_PLACEMENT_3D('',#3595,#3596,#3597);
#3595 = CARTESIAN_POINT('',(34.311375363864,0.95,-12.));
#3596 = DIRECTION('',(0.,-0.13917310096,0.990268068742));
#3597 = DIRECTION('',(-0.,-0.990268068742,-0.13917310096));
#3598 = ADVANCED_FACE('',(#3599,#3610),#3621,.T.);
#3599 = FACE_BOUND('',#3600,.T.);
#3600 = EDGE_LOOP('',(#3601,#3602,#3603,#3604));
#3601 = ORIENTED_EDGE('',*,*,#3564,.F.);
#3602 = ORIENTED_EDGE('',*,*,#3414,.T.);
#3603 = ORIENTED_EDGE('',*,*,#3588,.T.);
#3604 = ORIENTED_EDGE('',*,*,#3605,.F.);
#3605 = EDGE_CURVE('',#3557,#3581,#3606,.T.);
#3606 = LINE('',#3607,#3608);
#3607 = CARTESIAN_POINT('',(-11.90864845744,1.6,34.311375363864));
#3608 = VECTOR('',#3609,1.);
#3609 = DIRECTION('',(0.,0.,-1.));
#3610 = FACE_BOUND('',#3611,.T.);
#3611 = EDGE_LOOP('',(#3612));
#3612 = ORIENTED_EDGE('',*,*,#3613,.F.);
#3613 = EDGE_CURVE('',#3614,#3614,#3616,.T.);
#3614 = VERTEX_POINT('',#3615);
#3615 = CARTESIAN_POINT('',(-7.480519480519,1.6,-8.571428571429));
#3616 = CIRCLE('',#3617,1.090909090909);
#3617 = AXIS2_PLACEMENT_3D('',#3618,#3619,#3620);
#3618 = CARTESIAN_POINT('',(-8.571428571429,1.6,-8.571428571429));
#3619 = DIRECTION('',(-0.,1.,2.22044604925E-16));
#3620 = DIRECTION('',(1.,0.,0.));
#3621 = PLANE('',#3622);
#3622 = AXIS2_PLACEMENT_3D('',#3623,#3624,#3625);
#3623 = CARTESIAN_POINT('',(0.,1.6,-4.440892098501E-16));
#3624 = DIRECTION('',(0.,1.,0.));
#3625 = DIRECTION('',(0.,0.,1.));
#3626 = ADVANCED_FACE('',(#3627),#3633,.F.);
#3627 = FACE_BOUND('',#3628,.T.);
#3628 = EDGE_LOOP('',(#3629,#3630,#3631,#3632));
#3629 = ORIENTED_EDGE('',*,*,#3476,.F.);
#3630 = ORIENTED_EDGE('',*,*,#3532,.T.);
#3631 = ORIENTED_EDGE('',*,*,#3517,.T.);
#3632 = ORIENTED_EDGE('',*,*,#3501,.F.);
#3633 = PLANE('',#3634);
#3634 = AXIS2_PLACEMENT_3D('',#3635,#3636,#3637);
#3635 = CARTESIAN_POINT('',(-12.,0.81,34.311375363864));
#3636 = DIRECTION('',(0.990268068742,0.13917310096,0.));
#3637 = DIRECTION('',(-0.13917310096,0.990268068742,0.));
#3638 = ADVANCED_FACE('',(#3639),#3645,.F.);
#3639 = FACE_BOUND('',#3640,.T.);
#3640 = EDGE_LOOP('',(#3641,#3642,#3643,#3644));
#3641 = ORIENTED_EDGE('',*,*,#3539,.F.);
#3642 = ORIENTED_EDGE('',*,*,#3556,.F.);
#3643 = ORIENTED_EDGE('',*,*,#3605,.T.);
#3644 = ORIENTED_EDGE('',*,*,#3580,.T.);
#3645 = PLANE('',#3646);
#3646 = AXIS2_PLACEMENT_3D('',#3647,#3648,#3649);
#3647 = CARTESIAN_POINT('',(-11.90864845744,1.6,34.311375363864));
#3648 = DIRECTION('',(0.990268068742,-0.13917310096,0.));
#3649 = DIRECTION('',(0.13917310096,0.990268068742,0.));
#3650 = ADVANCED_FACE('',(#3651),#3670,.F.);
#3651 = FACE_BOUND('',#3652,.F.);
#3652 = EDGE_LOOP('',(#3653,#3661,#3668,#3669));
#3653 = ORIENTED_EDGE('',*,*,#3654,.T.);
#3654 = EDGE_CURVE('',#3614,#3655,#3657,.T.);
#3655 = VERTEX_POINT('',#3656);
#3656 = CARTESIAN_POINT('',(-7.480519480519,1.493333333333,
    -8.571428571429));
#3657 = LINE('',#3658,#3659);
#3658 = CARTESIAN_POINT('',(-7.480519480519,1.6,-8.571428571429));
#3659 = VECTOR('',#3660,1.);
#3660 = DIRECTION('',(0.,-1.,-2.22044604925E-16));
#3661 = ORIENTED_EDGE('',*,*,#3662,.T.);
#3662 = EDGE_CURVE('',#3655,#3655,#3663,.T.);
#3663 = CIRCLE('',#3664,1.090909090909);
#3664 = AXIS2_PLACEMENT_3D('',#3665,#3666,#3667);
#3665 = CARTESIAN_POINT('',(-8.571428571429,1.493333333333,
    -8.571428571429));
#3666 = DIRECTION('',(-0.,1.,2.22044604925E-16));
#3667 = DIRECTION('',(1.,0.,0.));
#3668 = ORIENTED_EDGE('',*,*,#3654,.F.);
#3669 = ORIENTED_EDGE('',*,*,#3613,.F.);
#3670 = CYLINDRICAL_SURFACE('',#3671,1.090909090909);
#3671 = AXIS2_PLACEMENT_3D('',#3672,#3673,#3674);
#3672 = CARTESIAN_POINT('',(-8.571428571429,1.6,-8.571428571429));
#3673 = DIRECTION('',(0.,1.,2.22044604925E-16));
#3674 = DIRECTION('',(1.,0.,0.));
#3675 = ADVANCED_FACE('',(#3676),#3679,.T.);
#3676 = FACE_BOUND('',#3677,.T.);
#3677 = EDGE_LOOP('',(#3678));
#3678 = ORIENTED_EDGE('',*,*,#3662,.T.);
#3679 = PLANE('',#3680);
#3680 = AXIS2_PLACEMENT_3D('',#3681,#3682,#3683);
#3681 = CARTESIAN_POINT('',(-8.571428571429,1.493333333333,
    -8.571428571429));
#3682 = DIRECTION('',(0.,1.,2.350287727802E-16));
#3683 = DIRECTION('',(0.,-2.350287727802E-16,1.));
#3684 = ( GEOMETRIC_REPRESENTATION_CONTEXT(3) 
GLOBAL_UNCERTAINTY_ASSIGNED_CONTEXT((#3688)) 
GLOBAL_UNIT_ASSIGNED_CONTEXT((#3685,#3686,#3687)) REPRESENTATION_CONTEXT
('Context #1','3D Context with UNIT and UNCERTAINTY') );
#3685 = ( LENGTH_UNIT() NAMED_UNIT(*) SI_UNIT(.MILLI.,.METRE.) );
#3686 = ( NAMED_UNIT(*) PLANE_ANGLE_UNIT() SI_UNIT($,.RADIAN.) );
#3687 = ( NAMED_UNIT(*) SI_UNIT($,.STERADIAN.) SOLID_ANGLE_UNIT() );
#3688 = UNCERTAINTY_MEASURE_WITH_UNIT(LENGTH_MEASURE(2.E-05),#3685,
  'distance_accuracy_value','confusion accuracy');
#3689 = CONTEXT_DEPENDENT_SHAPE_REPRESENTATION(#3690,#3692);
#3690 = ( REPRESENTATION_RELATIONSHIP('','',#3296,#10) 
REPRESENTATION_RELATIONSHIP_WITH_TRANSFORMATION(#3691) 
SHAPE_REPRESENTATION_RELATIONSHIP() );
#3691 = ITEM_DEFINED_TRANSFORMATION('','',#11,#31);
#3692 = PRODUCT_DEFINITION_SHAPE('Placement','Placement of an item',
  #3693);
#3693 = NEXT_ASSEMBLY_USAGE_OCCURRENCE('2891','Body','',#5,#3291,$);
#3694 = PRODUCT_RELATED_PRODUCT_CATEGORY('part',$,(#3293));
#3695 = SHAPE_DEFINITION_REPRESENTATION(#3696,#3702);
#3696 = PRODUCT_DEFINITION_SHAPE('','',#3697);
#3697 = PRODUCT_DEFINITION('design','',#3698,#3701);
#3698 = PRODUCT_DEFINITION_FORMATION('','',#3699);
#3699 = PRODUCT('Body004','Body004','',(#3700));
#3700 = PRODUCT_CONTEXT('',#2,'mechanical');
#3701 = PRODUCT_DEFINITION_CONTEXT('part definition',#2,'design');
#3702 = ADVANCED_BREP_SHAPE_REPRESENTATION('',(#11,#3703),#3756);
#3703 = MANIFOLD_SOLID_BREP('',#3704);
#3704 = CLOSED_SHELL('',(#3705,#3738,#3747));
#3705 = ADVANCED_FACE('',(#3706),#3733,.T.);
#3706 = FACE_BOUND('',#3707,.F.);
#3707 = EDGE_LOOP('',(#3708,#3718,#3725,#3726));
#3708 = ORIENTED_EDGE('',*,*,#3709,.T.);
#3709 = EDGE_CURVE('',#3710,#3712,#3714,.T.);
#3710 = VERTEX_POINT('',#3711);
#3711 = CARTESIAN_POINT('',(-9.662337662338,1.493333333333,
    -8.571428571429));
#3712 = VERTEX_POINT('',#3713);
#3713 = CARTESIAN_POINT('',(-9.662337662338,1.6,-8.571428571429));
#3714 = LINE('',#3715,#3716);
#3715 = CARTESIAN_POINT('',(-9.662337662338,1.493333333333,
    -8.571428571429));
#3716 = VECTOR('',#3717,1.);
#3717 = DIRECTION('',(0.,1.,-2.22044604925E-16));
#3718 = ORIENTED_EDGE('',*,*,#3719,.T.);
#3719 = EDGE_CURVE('',#3712,#3712,#3720,.T.);
#3720 = CIRCLE('',#3721,1.090909090909);
#3721 = AXIS2_PLACEMENT_3D('',#3722,#3723,#3724);
#3722 = CARTESIAN_POINT('',(-8.571428571429,1.6,-8.571428571429));
#3723 = DIRECTION('',(0.,1.,-2.22044604925E-16));
#3724 = DIRECTION('',(-1.,0.,0.));
#3725 = ORIENTED_EDGE('',*,*,#3709,.F.);
#3726 = ORIENTED_EDGE('',*,*,#3727,.F.);
#3727 = EDGE_CURVE('',#3710,#3710,#3728,.T.);
#3728 = CIRCLE('',#3729,1.090909090909);
#3729 = AXIS2_PLACEMENT_3D('',#3730,#3731,#3732);
#3730 = CARTESIAN_POINT('',(-8.571428571429,1.493333333333,
    -8.571428571429));
#3731 = DIRECTION('',(0.,1.,-2.22044604925E-16));
#3732 = DIRECTION('',(-1.,0.,0.));
#3733 = CYLINDRICAL_SURFACE('',#3734,1.090909090909);
#3734 = AXIS2_PLACEMENT_3D('',#3735,#3736,#3737);
#3735 = CARTESIAN_POINT('',(-8.571428571429,1.493333333333,
    -8.571428571429));
#3736 = DIRECTION('',(0.,-1.,2.22044604925E-16));
#3737 = DIRECTION('',(-1.,0.,0.));
#3738 = ADVANCED_FACE('',(#3739),#3742,.F.);
#3739 = FACE_BOUND('',#3740,.F.);
#3740 = EDGE_LOOP('',(#3741));
#3741 = ORIENTED_EDGE('',*,*,#3727,.T.);
#3742 = PLANE('',#3743);
#3743 = AXIS2_PLACEMENT_3D('',#3744,#3745,#3746);
#3744 = CARTESIAN_POINT('',(-8.571428571429,1.493333333333,
    -8.571428571429));
#3745 = DIRECTION('',(0.,1.,-2.350287727802E-16));
#3746 = DIRECTION('',(0.,2.350287727802E-16,1.));
#3747 = ADVANCED_FACE('',(#3748),#3751,.T.);
#3748 = FACE_BOUND('',#3749,.T.);
#3749 = EDGE_LOOP('',(#3750));
#3750 = ORIENTED_EDGE('',*,*,#3719,.T.);
#3751 = PLANE('',#3752);
#3752 = AXIS2_PLACEMENT_3D('',#3753,#3754,#3755);
#3753 = CARTESIAN_POINT('',(-8.571428571429,1.6,-8.571428571429));
#3754 = DIRECTION('',(0.,1.,-2.350287727802E-16));
#3755 = DIRECTION('',(0.,2.350287727802E-16,1.));
#3756 = ( GEOMETRIC_REPRESENTATION_CONTEXT(3) 
GLOBAL_UNCERTAINTY_ASSIGNED_CONTEXT((#3760)) 
GLOBAL_UNIT_ASSIGNED_CONTEXT((#3757,#3758,#3759)) REPRESENTATION_CONTEXT
('Context #1','3D Context with UNIT and UNCERTAINTY') );
#3757 = ( LENGTH_UNIT() NAMED_UNIT(*) SI_UNIT(.MILLI.,.METRE.) );
#3758 = ( NAMED_UNIT(*) PLANE_ANGLE_UNIT() SI_UNIT($,.RADIAN.) );
#3759 = ( NAMED_UNIT(*) SI_UNIT($,.STERADIAN.) SOLID_ANGLE_UNIT() );
#3760 = UNCERTAINTY_MEASURE_WITH_UNIT(LENGTH_MEASURE(1.E-07),#3757,
  'distance_accuracy_value','confusion accuracy');
#3761 = CONTEXT_DEPENDENT_SHAPE_REPRESENTATION(#3762,#3764);
#3762 = ( REPRESENTATION_RELATIONSHIP('','',#3702,#10) 
REPRESENTATION_RELATIONSHIP_WITH_TRANSFORMATION(#3763) 
SHAPE_REPRESENTATION_RELATIONSHIP() );
#3763 = ITEM_DEFINED_TRANSFORMATION('','',#11,#35);
#3764 = PRODUCT_DEFINITION_SHAPE('Placement','Placement of an item',
  #3765);
#3765 = NEXT_ASSEMBLY_USAGE_OCCURRENCE('2892','Body004','',#5,#3697,$);
#3766 = PRODUCT_RELATED_PRODUCT_CATEGORY('part',$,(#3699));
#3767 = SHAPE_DEFINITION_REPRESENTATION(#3768,#3774);
#3768 = PRODUCT_DEFINITION_SHAPE('','',#3769);
#3769 = PRODUCT_DEFINITION('design','',#3770,#3773);
#3770 = PRODUCT_DEFINITION_FORMATION('','',#3771);
#3771 = PRODUCT('XY-plane','XY-plane','',(#3772));
#3772 = PRODUCT_CONTEXT('',#2,'mechanical');
#3773 = PRODUCT_DEFINITION_CONTEXT('part definition',#2,'design');
#3774 = MANIFOLD_SURFACE_SHAPE_REPRESENTATION('',(#11),#3775);
#3775 = ( GEOMETRIC_REPRESENTATION_CONTEXT(3) 
GLOBAL_UNCERTAINTY_ASSIGNED_CONTEXT((#3779)) 
GLOBAL_UNIT_ASSIGNED_CONTEXT((#3776,#3777,#3778)) REPRESENTATION_CONTEXT
('Context #1','3D Context with UNIT and UNCERTAINTY') );
#3776 = ( LENGTH_UNIT() NAMED_UNIT(*) SI_UNIT(.MILLI.,.METRE.) );
#3777 = ( NAMED_UNIT(*) PLANE_ANGLE_UNIT() SI_UNIT($,.RADIAN.) );
#3778 = ( NAMED_UNIT(*) SI_UNIT($,.STERADIAN.) SOLID_ANGLE_UNIT() );
#3779 = UNCERTAINTY_MEASURE_WITH_UNIT(LENGTH_MEASURE(1.E-07),#3776,
  'distance_accuracy_value','confusion accuracy');
#3780 = CONTEXT_DEPENDENT_SHAPE_REPRESENTATION(#3781,#3783);
#3781 = ( REPRESENTATION_RELATIONSHIP('','',#3774,#10) 
REPRESENTATION_RELATIONSHIP_WITH_TRANSFORMATION(#3782) 
SHAPE_REPRESENTATION_RELATIONSHIP() );
#3782 = ITEM_DEFINED_TRANSFORMATION('','',#11,#39);
#3783 = PRODUCT_DEFINITION_SHAPE('Placement','Placement of an item',
  #3784);
#3784 = NEXT_ASSEMBLY_USAGE_OCCURRENCE('2893','XY-plane','',#5,#3769,$);
#3785 = PRODUCT_RELATED_PRODUCT_CATEGORY('part',$,(#3771));
#3786 = CONTEXT_DEPENDENT_SHAPE_REPRESENTATION(#3787,#3789);
#3787 = ( REPRESENTATION_RELATIONSHIP('','',#3774,#10) 
REPRESENTATION_RELATIONSHIP_WITH_TRANSFORMATION(#3788) 
SHAPE_REPRESENTATION_RELATIONSHIP() );
#3788 = ITEM_DEFINED_TRANSFORMATION('','',#11,#43);
#3789 = PRODUCT_DEFINITION_SHAPE('Placement','Placement of an item',
  #3790);
#3790 = NEXT_ASSEMBLY_USAGE_OCCURRENCE('2894','XY-plane001','',#5,#3769,
  $);
#3791 = CONTEXT_DEPENDENT_SHAPE_REPRESENTATION(#3792,#3794);
#3792 = ( REPRESENTATION_RELATIONSHIP('','',#3774,#10) 
REPRESENTATION_RELATIONSHIP_WITH_TRANSFORMATION(#3793) 
SHAPE_REPRESENTATION_RELATIONSHIP() );
#3793 = ITEM_DEFINED_TRANSFORMATION('','',#11,#47);
#3794 = PRODUCT_DEFINITION_SHAPE('Placement','Placement of an item',
  #3795);
#3795 = NEXT_ASSEMBLY_USAGE_OCCURRENCE('2895','XY-plane002','',#5,#3769,
  $);
#3796 = CONTEXT_DEPENDENT_SHAPE_REPRESENTATION(#3797,#3799);
#3797 = ( REPRESENTATION_RELATIONSHIP('','',#3774,#10) 
REPRESENTATION_RELATIONSHIP_WITH_TRANSFORMATION(#3798) 
SHAPE_REPRESENTATION_RELATIONSHIP() );
#3798 = ITEM_DEFINED_TRANSFORMATION('','',#11,#51);
#3799 = PRODUCT_DEFINITION_SHAPE('Placement','Placement of an item',
  #3800);
#3800 = NEXT_ASSEMBLY_USAGE_OCCURRENCE('2896','XY-plane003','',#5,#3769,
  $);
#3801 = CONTEXT_DEPENDENT_SHAPE_REPRESENTATION(#3802,#3804);
#3802 = ( REPRESENTATION_RELATIONSHIP('','',#3774,#10) 
REPRESENTATION_RELATIONSHIP_WITH_TRANSFORMATION(#3803) 
SHAPE_REPRESENTATION_RELATIONSHIP() );
#3803 = ITEM_DEFINED_TRANSFORMATION('','',#11,#55);
#3804 = PRODUCT_DEFINITION_SHAPE('Placement','Placement of an item',
  #3805);
#3805 = NEXT_ASSEMBLY_USAGE_OCCURRENCE('2897','XY-plane004','',#5,#3769,
  $);
#3806 = CONTEXT_DEPENDENT_SHAPE_REPRESENTATION(#3807,#3809);
#3807 = ( REPRESENTATION_RELATIONSHIP('','',#3774,#10) 
REPRESENTATION_RELATIONSHIP_WITH_TRANSFORMATION(#3808) 
SHAPE_REPRESENTATION_RELATIONSHIP() );
#3808 = ITEM_DEFINED_TRANSFORMATION('','',#11,#59);
#3809 = PRODUCT_DEFINITION_SHAPE('Placement','Placement of an item',
  #3810);
#3810 = NEXT_ASSEMBLY_USAGE_OCCURRENCE('2898','XZ-plane','',#5,#3769,$);
#3811 = CONTEXT_DEPENDENT_SHAPE_REPRESENTATION(#3812,#3814);
#3812 = ( REPRESENTATION_RELATIONSHIP('','',#3774,#10) 
REPRESENTATION_RELATIONSHIP_WITH_TRANSFORMATION(#3813) 
SHAPE_REPRESENTATION_RELATIONSHIP() );
#3813 = ITEM_DEFINED_TRANSFORMATION('','',#11,#63);
#3814 = PRODUCT_DEFINITION_SHAPE('Placement','Placement of an item',
  #3815);
#3815 = NEXT_ASSEMBLY_USAGE_OCCURRENCE('2899','XZ-plane001','',#5,#3769,
  $);
#3816 = CONTEXT_DEPENDENT_SHAPE_REPRESENTATION(#3817,#3819);
#3817 = ( REPRESENTATION_RELATIONSHIP('','',#3774,#10) 
REPRESENTATION_RELATIONSHIP_WITH_TRANSFORMATION(#3818) 
SHAPE_REPRESENTATION_RELATIONSHIP() );
#3818 = ITEM_DEFINED_TRANSFORMATION('','',#11,#67);
#3819 = PRODUCT_DEFINITION_SHAPE('Placement','Placement of an item',
  #3820);
#3820 = NEXT_ASSEMBLY_USAGE_OCCURRENCE('2900','XZ-plane002','',#5,#3769,
  $);
#3821 = CONTEXT_DEPENDENT_SHAPE_REPRESENTATION(#3822,#3824);
#3822 = ( REPRESENTATION_RELATIONSHIP('','',#3774,#10) 
REPRESENTATION_RELATIONSHIP_WITH_TRANSFORMATION(#3823) 
SHAPE_REPRESENTATION_RELATIONSHIP() );
#3823 = ITEM_DEFINED_TRANSFORMATION('','',#11,#71);
#3824 = PRODUCT_DEFINITION_SHAPE('Placement','Placement of an item',
  #3825);
#3825 = NEXT_ASSEMBLY_USAGE_OCCURRENCE('2901','XZ-plane003','',#5,#3769,
  $);
#3826 = CONTEXT_DEPENDENT_SHAPE_REPRESENTATION(#3827,#3829);
#3827 = ( REPRESENTATION_RELATIONSHIP('','',#3774,#10) 
REPRESENTATION_RELATIONSHIP_WITH_TRANSFORMATION(#3828) 
SHAPE_REPRESENTATION_RELATIONSHIP() );
#3828 = ITEM_DEFINED_TRANSFORMATION('','',#11,#75);
#3829 = PRODUCT_DEFINITION_SHAPE('Placement','Placement of an item',
  #3830);
#3830 = NEXT_ASSEMBLY_USAGE_OCCURRENCE('2902','XZ-plane004','',#5,#3769,
  $);
#3831 = SHAPE_DEFINITION_REPRESENTATION(#3832,#3838);
#3832 = PRODUCT_DEFINITION_SHAPE('','',#3833);
#3833 = PRODUCT_DEFINITION('design','',#3834,#3837);
#3834 = PRODUCT_DEFINITION_FORMATION('','',#3835);
#3835 = PRODUCT('X-axis','X-axis','',(#3836));
#3836 = PRODUCT_CONTEXT('',#2,'mechanical');
#3837 = PRODUCT_DEFINITION_CONTEXT('part definition',#2,'design');
#3838 = GEOMETRICALLY_BOUNDED_WIREFRAME_SHAPE_REPRESENTATION('',(#11,
    #3839),#3844);
#3839 = GEOMETRIC_CURVE_SET('',(#3840));
#3840 = LINE('',#3841,#3842);
#3841 = CARTESIAN_POINT('',(0.,0.,0.));
#3842 = VECTOR('',#3843,1.);
#3843 = DIRECTION('',(1.,0.,0.));
#3844 = ( GEOMETRIC_REPRESENTATION_CONTEXT(3) 
GLOBAL_UNCERTAINTY_ASSIGNED_CONTEXT((#3848)) 
GLOBAL_UNIT_ASSIGNED_CONTEXT((#3845,#3846,#3847)) REPRESENTATION_CONTEXT
('Context #1','3D Context with UNIT and UNCERTAINTY') );
#3845 = ( LENGTH_UNIT() NAMED_UNIT(*) SI_UNIT(.MILLI.,.METRE.) );
#3846 = ( NAMED_UNIT(*) PLANE_ANGLE_UNIT() SI_UNIT($,.RADIAN.) );
#3847 = ( NAMED_UNIT(*) SI_UNIT($,.STERADIAN.) SOLID_ANGLE_UNIT() );
#3848 = UNCERTAINTY_MEASURE_WITH_UNIT(LENGTH_MEASURE(1.E-07),#3845,
  'distance_accuracy_value','confusion accuracy');
#3849 = CONTEXT_DEPENDENT_SHAPE_REPRESENTATION(#3850,#3852);
#3850 = ( REPRESENTATION_RELATIONSHIP('','',#3838,#10) 
REPRESENTATION_RELATIONSHIP_WITH_TRANSFORMATION(#3851) 
SHAPE_REPRESENTATION_RELATIONSHIP() );
#3851 = ITEM_DEFINED_TRANSFORMATION('','',#11,#79);
#3852 = PRODUCT_DEFINITION_SHAPE('Placement','Placement of an item',
  #3853);
#3853 = NEXT_ASSEMBLY_USAGE_OCCURRENCE('2903','X-axis','',#5,#3833,$);
#3854 = PRODUCT_RELATED_PRODUCT_CATEGORY('part',$,(#3835));
#3855 = CONTEXT_DEPENDENT_SHAPE_REPRESENTATION(#3856,#3858);
#3856 = ( REPRESENTATION_RELATIONSHIP('','',#3838,#10) 
REPRESENTATION_RELATIONSHIP_WITH_TRANSFORMATION(#3857) 
SHAPE_REPRESENTATION_RELATIONSHIP() );
#3857 = ITEM_DEFINED_TRANSFORMATION('','',#11,#83);
#3858 = PRODUCT_DEFINITION_SHAPE('Placement','Placement of an item',
  #3859);
#3859 = NEXT_ASSEMBLY_USAGE_OCCURRENCE('2904','X-axis001','',#5,#3833,$
  );
#3860 = CONTEXT_DEPENDENT_SHAPE_REPRESENTATION(#3861,#3863);
#3861 = ( REPRESENTATION_RELATIONSHIP('','',#3838,#10) 
REPRESENTATION_RELATIONSHIP_WITH_TRANSFORMATION(#3862) 
SHAPE_REPRESENTATION_RELATIONSHIP() );
#3862 = ITEM_DEFINED_TRANSFORMATION('','',#11,#87);
#3863 = PRODUCT_DEFINITION_SHAPE('Placement','Placement of an item',
  #3864);
#3864 = NEXT_ASSEMBLY_USAGE_OCCURRENCE('2905','X-axis002','',#5,#3833,$
  );
#3865 = CONTEXT_DEPENDENT_SHAPE_REPRESENTATION(#3866,#3868);
#3866 = ( REPRESENTATION_RELATIONSHIP('','',#3838,#10) 
REPRESENTATION_RELATIONSHIP_WITH_TRANSFORMATION(#3867) 
SHAPE_REPRESENTATION_RELATIONSHIP() );
#3867 = ITEM_DEFINED_TRANSFORMATION('','',#11,#91);
#3868 = PRODUCT_DEFINITION_SHAPE('Placement','Placement of an item',
  #3869);
#3869 = NEXT_ASSEMBLY_USAGE_OCCURRENCE('2906','X-axis003','',#5,#3833,$
  );
#3870 = CONTEXT_DEPENDENT_SHAPE_REPRESENTATION(#3871,#3873);
#3871 = ( REPRESENTATION_RELATIONSHIP('','',#3838,#10) 
REPRESENTATION_RELATIONSHIP_WITH_TRANSFORMATION(#3872) 
SHAPE_REPRESENTATION_RELATIONSHIP() );
#3872 = ITEM_DEFINED_TRANSFORMATION('','',#11,#95);
#3873 = PRODUCT_DEFINITION_SHAPE('Placement','Placement of an item',
  #3874);
#3874 = NEXT_ASSEMBLY_USAGE_OCCURRENCE('2907','X-axis004','',#5,#3833,$
  );
#3875 = CONTEXT_DEPENDENT_SHAPE_REPRESENTATION(#3876,#3878);
#3876 = ( REPRESENTATION_RELATIONSHIP('','',#3774,#10) 
REPRESENTATION_RELATIONSHIP_WITH_TRANSFORMATION(#3877) 
SHAPE_REPRESENTATION_RELATIONSHIP() );
#3877 = ITEM_DEFINED_TRANSFORMATION('','',#11,#99);
#3878 = PRODUCT_DEFINITION_SHAPE('Placement','Placement of an item',
  #3879);
#3879 = NEXT_ASSEMBLY_USAGE_OCCURRENCE('2908','YZ-plane','',#5,#3769,$);
#3880 = CONTEXT_DEPENDENT_SHAPE_REPRESENTATION(#3881,#3883);
#3881 = ( REPRESENTATION_RELATIONSHIP('','',#3774,#10) 
REPRESENTATION_RELATIONSHIP_WITH_TRANSFORMATION(#3882) 
SHAPE_REPRESENTATION_RELATIONSHIP() );
#3882 = ITEM_DEFINED_TRANSFORMATION('','',#11,#103);
#3883 = PRODUCT_DEFINITION_SHAPE('Placement','Placement of an item',
  #3884);
#3884 = NEXT_ASSEMBLY_USAGE_OCCURRENCE('2909','YZ-plane001','',#5,#3769,
  $);
#3885 = CONTEXT_DEPENDENT_SHAPE_REPRESENTATION(#3886,#3888);
#3886 = ( REPRESENTATION_RELATIONSHIP('','',#3774,#10) 
REPRESENTATION_RELATIONSHIP_WITH_TRANSFORMATION(#3887) 
SHAPE_REPRESENTATION_RELATIONSHIP() );
#3887 = ITEM_DEFINED_TRANSFORMATION('','',#11,#107);
#3888 = PRODUCT_DEFINITION_SHAPE('Placement','Placement of an item',
  #3889);
#3889 = NEXT_ASSEMBLY_USAGE_OCCURRENCE('2910','YZ-plane002','',#5,#3769,
  $);
#3890 = CONTEXT_DEPENDENT_SHAPE_REPRESENTATION(#3891,#3893);
#3891 = ( REPRESENTATION_RELATIONSHIP('','',#3774,#10) 
REPRESENTATION_RELATIONSHIP_WITH_TRANSFORMATION(#3892) 
SHAPE_REPRESENTATION_RELATIONSHIP() );
#3892 = ITEM_DEFINED_TRANSFORMATION('','',#11,#111);
#3893 = PRODUCT_DEFINITION_SHAPE('Placement','Placement of an item',
  #3894);
#3894 = NEXT_ASSEMBLY_USAGE_OCCURRENCE('2911','YZ-plane003','',#5,#3769,
  $);
#3895 = CONTEXT_DEPENDENT_SHAPE_REPRESENTATION(#3896,#3898);
#3896 = ( REPRESENTATION_RELATIONSHIP('','',#3774,#10) 
REPRESENTATION_RELATIONSHIP_WITH_TRANSFORMATION(#3897) 
SHAPE_REPRESENTATION_RELATIONSHIP() );
#3897 = ITEM_DEFINED_TRANSFORMATION('','',#11,#115);
#3898 = PRODUCT_DEFINITION_SHAPE('Placement','Placement of an item',
  #3899);
#3899 = NEXT_ASSEMBLY_USAGE_OCCURRENCE('2912','YZ-plane004','',#5,#3769,
  $);
#3900 = CONTEXT_DEPENDENT_SHAPE_REPRESENTATION(#3901,#3903);
#3901 = ( REPRESENTATION_RELATIONSHIP('','',#3838,#10) 
REPRESENTATION_RELATIONSHIP_WITH_TRANSFORMATION(#3902) 
SHAPE_REPRESENTATION_RELATIONSHIP() );
#3902 = ITEM_DEFINED_TRANSFORMATION('','',#11,#119);
#3903 = PRODUCT_DEFINITION_SHAPE('Placement','Placement of an item',
  #3904);
#3904 = NEXT_ASSEMBLY_USAGE_OCCURRENCE('2913','Y-axis','',#5,#3833,$);
#3905 = CONTEXT_DEPENDENT_SHAPE_REPRESENTATION(#3906,#3908);
#3906 = ( REPRESENTATION_RELATIONSHIP('','',#3838,#10) 
REPRESENTATION_RELATIONSHIP_WITH_TRANSFORMATION(#3907) 
SHAPE_REPRESENTATION_RELATIONSHIP() );
#3907 = ITEM_DEFINED_TRANSFORMATION('','',#11,#123);
#3908 = PRODUCT_DEFINITION_SHAPE('Placement','Placement of an item',
  #3909);
#3909 = NEXT_ASSEMBLY_USAGE_OCCURRENCE('2914','Y-axis001','',#5,#3833,$
  );
#3910 = CONTEXT_DEPENDENT_SHAPE_REPRESENTATION(#3911,#3913);
#3911 = ( REPRESENTATION_RELATIONSHIP('','',#3838,#10) 
REPRESENTATION_RELATIONSHIP_WITH_TRANSFORMATION(#3912) 
SHAPE_REPRESENTATION_RELATIONSHIP() );
#3912 = ITEM_DEFINED_TRANSFORMATION('','',#11,#127);
#3913 = PRODUCT_DEFINITION_SHAPE('Placement','Placement of an item',
  #3914);
#3914 = NEXT_ASSEMBLY_USAGE_OCCURRENCE('2915','Y-axis002','',#5,#3833,$
  );
#3915 = CONTEXT_DEPENDENT_SHAPE_REPRESENTATION(#3916,#3918);
#3916 = ( REPRESENTATION_RELATIONSHIP('','',#3838,#10) 
REPRESENTATION_RELATIONSHIP_WITH_TRANSFORMATION(#3917) 
SHAPE_REPRESENTATION_RELATIONSHIP() );
#3917 = ITEM_DEFINED_TRANSFORMATION('','',#11,#131);
#3918 = PRODUCT_DEFINITION_SHAPE('Placement','Placement of an item',
  #3919);
#3919 = NEXT_ASSEMBLY_USAGE_OCCURRENCE('2916','Y-axis003','',#5,#3833,$
  );
#3920 = CONTEXT_DEPENDENT_SHAPE_REPRESENTATION(#3921,#3923);
#3921 = ( REPRESENTATION_RELATIONSHIP('','',#3838,#10) 
REPRESENTATION_RELATIONSHIP_WITH_TRANSFORMATION(#3922) 
SHAPE_REPRESENTATION_RELATIONSHIP() );
#3922 = ITEM_DEFINED_TRANSFORMATION('','',#11,#135);
#3923 = PRODUCT_DEFINITION_SHAPE('Placement','Placement of an item',
  #3924);
#3924 = NEXT_ASSEMBLY_USAGE_OCCURRENCE('2917','Y-axis004','',#5,#3833,$
  );
#3925 = CONTEXT_DEPENDENT_SHAPE_REPRESENTATION(#3926,#3928);
#3926 = ( REPRESENTATION_RELATIONSHIP('','',#3838,#10) 
REPRESENTATION_RELATIONSHIP_WITH_TRANSFORMATION(#3927) 
SHAPE_REPRESENTATION_RELATIONSHIP() );
#3927 = ITEM_DEFINED_TRANSFORMATION('','',#11,#139);
#3928 = PRODUCT_DEFINITION_SHAPE('Placement','Placement of an item',
  #3929);
#3929 = NEXT_ASSEMBLY_USAGE_OCCURRENCE('2918','Z-axis','',#5,#3833,$);
#3930 = CONTEXT_DEPENDENT_SHAPE_REPRESENTATION(#3931,#3933);
#3931 = ( REPRESENTATION_RELATIONSHIP('','',#3838,#10) 
REPRESENTATION_RELATIONSHIP_WITH_TRANSFORMATION(#3932) 
SHAPE_REPRESENTATION_RELATIONSHIP() );
#3932 = ITEM_DEFINED_TRANSFORMATION('','',#11,#143);
#3933 = PRODUCT_DEFINITION_SHAPE('Placement','Placement of an item',
  #3934);
#3934 = NEXT_ASSEMBLY_USAGE_OCCURRENCE('2919','Z-axis001','',#5,#3833,$
  );
#3935 = CONTEXT_DEPENDENT_SHAPE_REPRESENTATION(#3936,#3938);
#3936 = ( REPRESENTATION_RELATIONSHIP('','',#3838,#10) 
REPRESENTATION_RELATIONSHIP_WITH_TRANSFORMATION(#3937) 
SHAPE_REPRESENTATION_RELATIONSHIP() );
#3937 = ITEM_DEFINED_TRANSFORMATION('','',#11,#147);
#3938 = PRODUCT_DEFINITION_SHAPE('Placement','Placement of an item',
  #3939);
#3939 = NEXT_ASSEMBLY_USAGE_OCCURRENCE('2920','Z-axis002','',#5,#3833,$
  );
#3940 = CONTEXT_DEPENDENT_SHAPE_REPRESENTATION(#3941,#3943);
#3941 = ( REPRESENTATION_RELATIONSHIP('','',#3838,#10) 
REPRESENTATION_RELATIONSHIP_WITH_TRANSFORMATION(#3942) 
SHAPE_REPRESENTATION_RELATIONSHIP() );
#3942 = ITEM_DEFINED_TRANSFORMATION('','',#11,#151);
#3943 = PRODUCT_DEFINITION_SHAPE('Placement','Placement of an item',
  #3944);
#3944 = NEXT_ASSEMBLY_USAGE_OCCURRENCE('2921','Z-axis003','',#5,#3833,$
  );
#3945 = CONTEXT_DEPENDENT_SHAPE_REPRESENTATION(#3946,#3948);
#3946 = ( REPRESENTATION_RELATIONSHIP('','',#3838,#10) 
REPRESENTATION_RELATIONSHIP_WITH_TRANSFORMATION(#3947) 
SHAPE_REPRESENTATION_RELATIONSHIP() );
#3947 = ITEM_DEFINED_TRANSFORMATION('','',#11,#155);
#3948 = PRODUCT_DEFINITION_SHAPE('Placement','Placement of an item',
  #3949);
#3949 = NEXT_ASSEMBLY_USAGE_OCCURRENCE('2922','Z-axis004','',#5,#3833,$
  );
#3950 = MECHANICAL_DESIGN_GEOMETRIC_PRESENTATION_REPRESENTATION('',(
    #3951),#3063);
#3951 = STYLED_ITEM('color',(#3952),#2711);
#3952 = PRESENTATION_STYLE_ASSIGNMENT((#3953,#3959));
#3953 = SURFACE_STYLE_USAGE(.BOTH.,#3954);
#3954 = SURFACE_SIDE_STYLE('',(#3955));
#3955 = SURFACE_STYLE_FILL_AREA(#3956);
#3956 = FILL_AREA_STYLE('',(#3957));
#3957 = FILL_AREA_STYLE_COLOUR('',#3958);
#3958 = COLOUR_RGB('',0.800000010877,0.800000010877,0.800000010877);
#3959 = CURVE_STYLE('',#3960,POSITIVE_LENGTH_MEASURE(0.1),#3961);
#3960 = DRAUGHTING_PRE_DEFINED_CURVE_FONT('continuous');
#3961 = COLOUR_RGB('',9.803921802644E-02,9.803921802644E-02,
  9.803921802644E-02);
#3962 = MECHANICAL_DESIGN_GEOMETRIC_PRESENTATION_REPRESENTATION('',(
    #3963),#3684);
#3963 = STYLED_ITEM('color',(#3964),#3297);
#3964 = PRESENTATION_STYLE_ASSIGNMENT((#3965,#3971));
#3965 = SURFACE_STYLE_USAGE(.BOTH.,#3966);
#3966 = SURFACE_SIDE_STYLE('',(#3967));
#3967 = SURFACE_STYLE_FILL_AREA(#3968);
#3968 = FILL_AREA_STYLE('',(#3969));
#3969 = FILL_AREA_STYLE_COLOUR('',#3970);
#3970 = COLOUR_RGB('',0.250980406631,0.250980406631,0.250980406631);
#3971 = CURVE_STYLE('',#3972,POSITIVE_LENGTH_MEASURE(0.1),#3961);
#3972 = DRAUGHTING_PRE_DEFINED_CURVE_FONT('continuous');
#3973 = MECHANICAL_DESIGN_GEOMETRIC_PRESENTATION_REPRESENTATION('',(
    #3974),#720);
#3974 = STYLED_ITEM('color',(#3975),#368);
#3975 = PRESENTATION_STYLE_ASSIGNMENT((#3976,#3981));
#3976 = SURFACE_STYLE_USAGE(.BOTH.,#3977);
#3977 = SURFACE_SIDE_STYLE('',(#3978));
#3978 = SURFACE_STYLE_FILL_AREA(#3979);
#3979 = FILL_AREA_STYLE('',(#3980));
#3980 = FILL_AREA_STYLE_COLOUR('',#3958);
#3981 = CURVE_STYLE('',#3982,POSITIVE_LENGTH_MEASURE(0.1),#3961);
#3982 = DRAUGHTING_PRE_DEFINED_CURVE_FONT('continuous');
#3983 = MECHANICAL_DESIGN_GEOMETRIC_PRESENTATION_REPRESENTATION('',(
    #3984),#1501);
#3984 = STYLED_ITEM('color',(#3985),#1149);
#3985 = PRESENTATION_STYLE_ASSIGNMENT((#3986,#3991));
#3986 = SURFACE_STYLE_USAGE(.BOTH.,#3987);
#3987 = SURFACE_SIDE_STYLE('',(#3988));
#3988 = SURFACE_STYLE_FILL_AREA(#3989);
#3989 = FILL_AREA_STYLE('',(#3990));
#3990 = FILL_AREA_STYLE_COLOUR('',#3958);
#3991 = CURVE_STYLE('',#3992,POSITIVE_LENGTH_MEASURE(0.1),#3961);
#3992 = DRAUGHTING_PRE_DEFINED_CURVE_FONT('continuous');
#3993 = MECHANICAL_DESIGN_GEOMETRIC_PRESENTATION_REPRESENTATION('',(
    #3994),#3756);
#3994 = STYLED_ITEM('color',(#3995),#3703);
#3995 = PRESENTATION_STYLE_ASSIGNMENT((#3996,#4002));
#3996 = SURFACE_STYLE_USAGE(.BOTH.,#3997);
#3997 = SURFACE_SIDE_STYLE('',(#3998));
#3998 = SURFACE_STYLE_FILL_AREA(#3999);
#3999 = FILL_AREA_STYLE('',(#4000));
#4000 = FILL_AREA_STYLE_COLOUR('',#4001);
#4001 = DRAUGHTING_PRE_DEFINED_COLOUR('white');
#4002 = CURVE_STYLE('',#4003,POSITIVE_LENGTH_MEASURE(0.1),#4001);
#4003 = DRAUGHTING_PRE_DEFINED_CURVE_FONT('continuous');
#4004 = MECHANICAL_DESIGN_GEOMETRIC_PRESENTATION_REPRESENTATION('',(
    #4005),#2282);
#4005 = STYLED_ITEM('color',(#4006),#1930);
#4006 = PRESENTATION_STYLE_ASSIGNMENT((#4007,#4012));
#4007 = SURFACE_STYLE_USAGE(.BOTH.,#4008);
#4008 = SURFACE_SIDE_STYLE('',(#4009));
#4009 = SURFACE_STYLE_FILL_AREA(#4010);
#4010 = FILL_AREA_STYLE('',(#4011));
#4011 = FILL_AREA_STYLE_COLOUR('',#3958);
#4012 = CURVE_STYLE('',#4013,POSITIVE_LENGTH_MEASURE(0.1),#3961);
#4013 = DRAUGHTING_PRE_DEFINED_CURVE_FONT('continuous');
ENDSEC;
END-ISO-10303-21;
