ISO-10303-21;
HEADER;
FILE_DESCRIPTION(('Open CASCADE Model'),'2;1');
FILE_NAME('Open CASCADE Shape Model','2025-11-17T14:05:44',('Author'),(
    'Open CASCADE'),'Open CASCADE STEP processor 7.5','Open CASCADE 7.5'
  ,'Unknown');
FILE_SCHEMA(('AUTOMOTIVE_DESIGN { 1 0 10303 214 1 1 1 1 }'));
ENDSEC;
DATA;
#1 = APPLICATION_PROTOCOL_DEFINITION('international standard',
  'automotive_design',2000,#2);
#2 = APPLICATION_CONTEXT(
  'core data for automotive mechanical design processes');
#3 = SHAPE_DEFINITION_REPRESENTATION(#4,#10);
#4 = PRODUCT_DEFINITION_SHAPE('','',#5);
#5 = PRODUCT_DEFINITION('design','',#6,#9);
#6 = PRODUCT_DEFINITION_FORMATION('','',#7);
#7 = PRODUCT('PCB','PCB','',(#8));
#8 = PRODUCT_CONTEXT('',#2,'mechanical');
#9 = PRODUCT_DEFINITION_CONTEXT('part definition',#2,'design');
#10 = SHAPE_REPRESENTATION('',(#11),#15);
#11 = AXIS2_PLACEMENT_3D('',#12,#13,#14);
#12 = CARTESIAN_POINT('',(0.,0.,0.));
#13 = DIRECTION('',(0.,0.,1.));
#14 = DIRECTION('',(1.,0.,-0.));
#15 = ( GEOMETRIC_REPRESENTATION_CONTEXT(3) 
GLOBAL_UNCERTAINTY_ASSIGNED_CONTEXT((#19)) GLOBAL_UNIT_ASSIGNED_CONTEXT(
(#16,#17,#18)) REPRESENTATION_CONTEXT('Context #1',
  '3D Context with UNIT and UNCERTAINTY') );
#16 = ( LENGTH_UNIT() NAMED_UNIT(*) SI_UNIT(.MILLI.,.METRE.) );
#17 = ( NAMED_UNIT(*) PLANE_ANGLE_UNIT() SI_UNIT($,.RADIAN.) );
#18 = ( NAMED_UNIT(*) SI_UNIT($,.STERADIAN.) SOLID_ANGLE_UNIT() );
#19 = UNCERTAINTY_MEASURE_WITH_UNIT(LENGTH_MEASURE(1.E-07),#16,
  'distance_accuracy_value','confusion accuracy');
#20 = PRODUCT_RELATED_PRODUCT_CATEGORY('part',$,(#7));
#21 = SHAPE_DEFINITION_REPRESENTATION(#22,#28);
#22 = PRODUCT_DEFINITION_SHAPE('','',#23);
#23 = PRODUCT_DEFINITION('design','',#24,#27);
#24 = PRODUCT_DEFINITION_FORMATION('','',#25);
#25 = PRODUCT('Designator1','Designator1','',(#26));
#26 = PRODUCT_CONTEXT('',#2,'mechanical');
#27 = PRODUCT_DEFINITION_CONTEXT('part definition',#2,'design');
#28 = SHAPE_REPRESENTATION('',(#11,#29),#33);
#29 = AXIS2_PLACEMENT_3D('',#30,#31,#32);
#30 = CARTESIAN_POINT('',(0.,0.,0.));
#31 = DIRECTION('',(0.,0.,1.));
#32 = DIRECTION('',(1.,0.,0.));
#33 = ( GEOMETRIC_REPRESENTATION_CONTEXT(3) 
GLOBAL_UNCERTAINTY_ASSIGNED_CONTEXT((#37)) GLOBAL_UNIT_ASSIGNED_CONTEXT(
(#34,#35,#36)) REPRESENTATION_CONTEXT('Context #1',
  '3D Context with UNIT and UNCERTAINTY') );
#34 = ( LENGTH_UNIT() NAMED_UNIT(*) SI_UNIT(.MILLI.,.METRE.) );
#35 = ( NAMED_UNIT(*) PLANE_ANGLE_UNIT() SI_UNIT($,.RADIAN.) );
#36 = ( NAMED_UNIT(*) SI_UNIT($,.STERADIAN.) SOLID_ANGLE_UNIT() );
#37 = UNCERTAINTY_MEASURE_WITH_UNIT(LENGTH_MEASURE(1.E-06),#34,
  'distance_accuracy_value','confusion accuracy');
#38 = PRODUCT_RELATED_PRODUCT_CATEGORY('part',$,(#25));
#39 = SHAPE_DEFINITION_REPRESENTATION(#40,#46);
#40 = PRODUCT_DEFINITION_SHAPE('','',#41);
#41 = PRODUCT_DEFINITION('design','',#42,#45);
#42 = PRODUCT_DEFINITION_FORMATION('','',#43);
#43 = PRODUCT('6913783056','6913783056','',(#44));
#44 = PRODUCT_CONTEXT('',#2,'mechanical');
#45 = PRODUCT_DEFINITION_CONTEXT('part definition',#2,'design');
#46 = SHAPE_REPRESENTATION('',(#11,#47,#51,#55,#59,#63,#67,#71,#75,#79,
    #83,#87,#91,#95,#99,#103,#107,#111,#115,#119,#123,#127,#131,#135,
    #139,#143,#147,#151,#155,#159,#163,#167,#171,#175,#179,#183,#187,
    #191,#195,#199,#203,#207,#211,#215,#219,#223,#227,#231,#235,#239,
    #243,#247,#251,#255,#259,#263,#267),#271);
#47 = AXIS2_PLACEMENT_3D('',#48,#49,#50);
#48 = CARTESIAN_POINT('',(-5.15,-11.2,1.E-03));
#49 = DIRECTION('',(0.,0.,1.));
#50 = DIRECTION('',(1.,0.,0.));
#51 = AXIS2_PLACEMENT_3D('',#52,#53,#54);
#52 = CARTESIAN_POINT('',(-5.15,-11.2,0.));
#53 = DIRECTION('',(0.,0.,1.));
#54 = DIRECTION('',(1.,0.,0.));
#55 = AXIS2_PLACEMENT_3D('',#56,#57,#58);
#56 = CARTESIAN_POINT('',(-5.15,-10.4,0.));
#57 = DIRECTION('',(0.,0.,1.));
#58 = DIRECTION('',(-1.,1.224646799147E-16,0.));
#59 = AXIS2_PLACEMENT_3D('',#60,#61,#62);
#60 = CARTESIAN_POINT('',(-5.15,-9.6,0.));
#61 = DIRECTION('',(0.,0.,1.));
#62 = DIRECTION('',(-1.,1.224646799147E-16,0.));
#63 = AXIS2_PLACEMENT_3D('',#64,#65,#66);
#64 = CARTESIAN_POINT('',(-5.15,-8.8,0.));
#65 = DIRECTION('',(0.,0.,1.));
#66 = DIRECTION('',(-1.,1.224646799147E-16,0.));
#67 = AXIS2_PLACEMENT_3D('',#68,#69,#70);
#68 = CARTESIAN_POINT('',(-5.15,-8.,0.));
#69 = DIRECTION('',(0.,0.,1.));
#70 = DIRECTION('',(-1.,1.224646799147E-16,0.));
#71 = AXIS2_PLACEMENT_3D('',#72,#73,#74);
#72 = CARTESIAN_POINT('',(-5.15,-7.2,0.));
#73 = DIRECTION('',(0.,0.,1.));
#74 = DIRECTION('',(-1.,1.224646799147E-16,0.));
#75 = AXIS2_PLACEMENT_3D('',#76,#77,#78);
#76 = CARTESIAN_POINT('',(-5.15,-6.4,0.));
#77 = DIRECTION('',(0.,0.,1.));
#78 = DIRECTION('',(-1.,1.224646799147E-16,0.));
#79 = AXIS2_PLACEMENT_3D('',#80,#81,#82);
#80 = CARTESIAN_POINT('',(-5.15,-5.6,0.));
#81 = DIRECTION('',(0.,0.,1.));
#82 = DIRECTION('',(-1.,1.224646799147E-16,0.));
#83 = AXIS2_PLACEMENT_3D('',#84,#85,#86);
#84 = CARTESIAN_POINT('',(-5.15,-4.8,0.));
#85 = DIRECTION('',(0.,0.,1.));
#86 = DIRECTION('',(-1.,1.224646799147E-16,0.));
#87 = AXIS2_PLACEMENT_3D('',#88,#89,#90);
#88 = CARTESIAN_POINT('',(-5.15,-4.,0.));
#89 = DIRECTION('',(0.,0.,1.));
#90 = DIRECTION('',(-1.,1.224646799147E-16,0.));
#91 = AXIS2_PLACEMENT_3D('',#92,#93,#94);
#92 = CARTESIAN_POINT('',(-5.15,-3.2,0.));
#93 = DIRECTION('',(0.,0.,1.));
#94 = DIRECTION('',(-1.,1.224646799147E-16,0.));
#95 = AXIS2_PLACEMENT_3D('',#96,#97,#98);
#96 = CARTESIAN_POINT('',(-5.15,-2.4,0.));
#97 = DIRECTION('',(0.,0.,1.));
#98 = DIRECTION('',(-1.,1.224646799147E-16,0.));
#99 = AXIS2_PLACEMENT_3D('',#100,#101,#102);
#100 = CARTESIAN_POINT('',(-5.15,-1.6,0.));
#101 = DIRECTION('',(0.,0.,1.));
#102 = DIRECTION('',(-1.,1.224646799147E-16,0.));
#103 = AXIS2_PLACEMENT_3D('',#104,#105,#106);
#104 = CARTESIAN_POINT('',(-5.15,-0.8,0.));
#105 = DIRECTION('',(0.,0.,1.));
#106 = DIRECTION('',(-1.,1.224646799147E-16,0.));
#107 = AXIS2_PLACEMENT_3D('',#108,#109,#110);
#108 = CARTESIAN_POINT('',(-5.15,0.,0.));
#109 = DIRECTION('',(0.,0.,1.));
#110 = DIRECTION('',(-1.,1.224646799147E-16,0.));
#111 = AXIS2_PLACEMENT_3D('',#112,#113,#114);
#112 = CARTESIAN_POINT('',(-5.15,0.8,0.));
#113 = DIRECTION('',(0.,0.,1.));
#114 = DIRECTION('',(-1.,1.224646799147E-16,0.));
#115 = AXIS2_PLACEMENT_3D('',#116,#117,#118);
#116 = CARTESIAN_POINT('',(-5.15,1.6,0.));
#117 = DIRECTION('',(0.,0.,1.));
#118 = DIRECTION('',(-1.,1.224646799147E-16,0.));
#119 = AXIS2_PLACEMENT_3D('',#120,#121,#122);
#120 = CARTESIAN_POINT('',(-5.15,2.4,0.));
#121 = DIRECTION('',(0.,0.,1.));
#122 = DIRECTION('',(-1.,1.224646799147E-16,0.));
#123 = AXIS2_PLACEMENT_3D('',#124,#125,#126);
#124 = CARTESIAN_POINT('',(-5.15,3.2,0.));
#125 = DIRECTION('',(0.,0.,1.));
#126 = DIRECTION('',(-1.,1.224646799147E-16,0.));
#127 = AXIS2_PLACEMENT_3D('',#128,#129,#130);
#128 = CARTESIAN_POINT('',(-5.15,4.,0.));
#129 = DIRECTION('',(0.,0.,1.));
#130 = DIRECTION('',(-1.,1.224646799147E-16,0.));
#131 = AXIS2_PLACEMENT_3D('',#132,#133,#134);
#132 = CARTESIAN_POINT('',(-5.15,4.8,0.));
#133 = DIRECTION('',(0.,0.,1.));
#134 = DIRECTION('',(-1.,1.224646799147E-16,0.));
#135 = AXIS2_PLACEMENT_3D('',#136,#137,#138);
#136 = CARTESIAN_POINT('',(-5.15,5.6,0.));
#137 = DIRECTION('',(0.,0.,1.));
#138 = DIRECTION('',(-1.,1.224646799147E-16,0.));
#139 = AXIS2_PLACEMENT_3D('',#140,#141,#142);
#140 = CARTESIAN_POINT('',(-5.15,6.4,0.));
#141 = DIRECTION('',(0.,0.,1.));
#142 = DIRECTION('',(-1.,1.224646799147E-16,0.));
#143 = AXIS2_PLACEMENT_3D('',#144,#145,#146);
#144 = CARTESIAN_POINT('',(-5.15,7.2,0.));
#145 = DIRECTION('',(0.,0.,1.));
#146 = DIRECTION('',(-1.,1.224646799147E-16,0.));
#147 = AXIS2_PLACEMENT_3D('',#148,#149,#150);
#148 = CARTESIAN_POINT('',(-5.15,8.,0.));
#149 = DIRECTION('',(0.,0.,1.));
#150 = DIRECTION('',(-1.,1.224646799147E-16,0.));
#151 = AXIS2_PLACEMENT_3D('',#152,#153,#154);
#152 = CARTESIAN_POINT('',(-5.15,8.8,0.));
#153 = DIRECTION('',(0.,0.,1.));
#154 = DIRECTION('',(-1.,1.224646799147E-16,0.));
#155 = AXIS2_PLACEMENT_3D('',#156,#157,#158);
#156 = CARTESIAN_POINT('',(-5.15,9.6,0.));
#157 = DIRECTION('',(0.,0.,1.));
#158 = DIRECTION('',(-1.,1.224646799147E-16,0.));
#159 = AXIS2_PLACEMENT_3D('',#160,#161,#162);
#160 = CARTESIAN_POINT('',(-5.15,10.4,0.));
#161 = DIRECTION('',(0.,0.,1.));
#162 = DIRECTION('',(-1.,1.224646799147E-16,0.));
#163 = AXIS2_PLACEMENT_3D('',#164,#165,#166);
#164 = CARTESIAN_POINT('',(5.15,-10.4,0.));
#165 = DIRECTION('',(0.,0.,1.));
#166 = DIRECTION('',(1.,0.,0.));
#167 = AXIS2_PLACEMENT_3D('',#168,#169,#170);
#168 = CARTESIAN_POINT('',(5.15,-9.6,0.));
#169 = DIRECTION('',(0.,0.,1.));
#170 = DIRECTION('',(1.,0.,0.));
#171 = AXIS2_PLACEMENT_3D('',#172,#173,#174);
#172 = CARTESIAN_POINT('',(5.15,-8.8,0.));
#173 = DIRECTION('',(0.,0.,1.));
#174 = DIRECTION('',(1.,0.,0.));
#175 = AXIS2_PLACEMENT_3D('',#176,#177,#178);
#176 = CARTESIAN_POINT('',(5.15,-8.,0.));
#177 = DIRECTION('',(0.,0.,1.));
#178 = DIRECTION('',(1.,0.,0.));
#179 = AXIS2_PLACEMENT_3D('',#180,#181,#182);
#180 = CARTESIAN_POINT('',(5.15,-7.2,0.));
#181 = DIRECTION('',(0.,0.,1.));
#182 = DIRECTION('',(1.,0.,0.));
#183 = AXIS2_PLACEMENT_3D('',#184,#185,#186);
#184 = CARTESIAN_POINT('',(5.15,-6.4,0.));
#185 = DIRECTION('',(0.,0.,1.));
#186 = DIRECTION('',(1.,0.,0.));
#187 = AXIS2_PLACEMENT_3D('',#188,#189,#190);
#188 = CARTESIAN_POINT('',(5.15,-5.6,0.));
#189 = DIRECTION('',(0.,0.,1.));
#190 = DIRECTION('',(1.,0.,0.));
#191 = AXIS2_PLACEMENT_3D('',#192,#193,#194);
#192 = CARTESIAN_POINT('',(5.15,-4.8,0.));
#193 = DIRECTION('',(0.,0.,1.));
#194 = DIRECTION('',(1.,0.,0.));
#195 = AXIS2_PLACEMENT_3D('',#196,#197,#198);
#196 = CARTESIAN_POINT('',(5.15,-4.,0.));
#197 = DIRECTION('',(0.,0.,1.));
#198 = DIRECTION('',(1.,0.,0.));
#199 = AXIS2_PLACEMENT_3D('',#200,#201,#202);
#200 = CARTESIAN_POINT('',(5.15,-3.2,0.));
#201 = DIRECTION('',(0.,0.,1.));
#202 = DIRECTION('',(1.,0.,0.));
#203 = AXIS2_PLACEMENT_3D('',#204,#205,#206);
#204 = CARTESIAN_POINT('',(5.15,-2.4,0.));
#205 = DIRECTION('',(0.,0.,1.));
#206 = DIRECTION('',(1.,0.,0.));
#207 = AXIS2_PLACEMENT_3D('',#208,#209,#210);
#208 = CARTESIAN_POINT('',(5.15,-1.6,0.));
#209 = DIRECTION('',(0.,0.,1.));
#210 = DIRECTION('',(1.,0.,0.));
#211 = AXIS2_PLACEMENT_3D('',#212,#213,#214);
#212 = CARTESIAN_POINT('',(5.15,-0.8,0.));
#213 = DIRECTION('',(0.,0.,1.));
#214 = DIRECTION('',(1.,0.,0.));
#215 = AXIS2_PLACEMENT_3D('',#216,#217,#218);
#216 = CARTESIAN_POINT('',(5.15,0.,0.));
#217 = DIRECTION('',(0.,0.,1.));
#218 = DIRECTION('',(1.,0.,0.));
#219 = AXIS2_PLACEMENT_3D('',#220,#221,#222);
#220 = CARTESIAN_POINT('',(5.15,0.8,0.));
#221 = DIRECTION('',(0.,0.,1.));
#222 = DIRECTION('',(1.,0.,0.));
#223 = AXIS2_PLACEMENT_3D('',#224,#225,#226);
#224 = CARTESIAN_POINT('',(5.15,1.6,0.));
#225 = DIRECTION('',(0.,0.,1.));
#226 = DIRECTION('',(1.,0.,0.));
#227 = AXIS2_PLACEMENT_3D('',#228,#229,#230);
#228 = CARTESIAN_POINT('',(5.15,2.4,0.));
#229 = DIRECTION('',(0.,0.,1.));
#230 = DIRECTION('',(1.,0.,0.));
#231 = AXIS2_PLACEMENT_3D('',#232,#233,#234);
#232 = CARTESIAN_POINT('',(5.15,3.2,0.));
#233 = DIRECTION('',(0.,0.,1.));
#234 = DIRECTION('',(1.,0.,0.));
#235 = AXIS2_PLACEMENT_3D('',#236,#237,#238);
#236 = CARTESIAN_POINT('',(5.15,4.,0.));
#237 = DIRECTION('',(0.,0.,1.));
#238 = DIRECTION('',(1.,0.,0.));
#239 = AXIS2_PLACEMENT_3D('',#240,#241,#242);
#240 = CARTESIAN_POINT('',(5.15,4.8,0.));
#241 = DIRECTION('',(0.,0.,1.));
#242 = DIRECTION('',(1.,0.,0.));
#243 = AXIS2_PLACEMENT_3D('',#244,#245,#246);
#244 = CARTESIAN_POINT('',(5.15,5.6,0.));
#245 = DIRECTION('',(0.,0.,1.));
#246 = DIRECTION('',(1.,0.,0.));
#247 = AXIS2_PLACEMENT_3D('',#248,#249,#250);
#248 = CARTESIAN_POINT('',(5.15,6.4,0.));
#249 = DIRECTION('',(0.,0.,1.));
#250 = DIRECTION('',(1.,0.,0.));
#251 = AXIS2_PLACEMENT_3D('',#252,#253,#254);
#252 = CARTESIAN_POINT('',(5.15,7.2,0.));
#253 = DIRECTION('',(0.,0.,1.));
#254 = DIRECTION('',(1.,0.,0.));
#255 = AXIS2_PLACEMENT_3D('',#256,#257,#258);
#256 = CARTESIAN_POINT('',(5.15,8.,0.));
#257 = DIRECTION('',(0.,0.,1.));
#258 = DIRECTION('',(1.,0.,0.));
#259 = AXIS2_PLACEMENT_3D('',#260,#261,#262);
#260 = CARTESIAN_POINT('',(5.15,8.8,0.));
#261 = DIRECTION('',(0.,0.,1.));
#262 = DIRECTION('',(1.,0.,0.));
#263 = AXIS2_PLACEMENT_3D('',#264,#265,#266);
#264 = CARTESIAN_POINT('',(5.15,9.6,0.));
#265 = DIRECTION('',(0.,0.,1.));
#266 = DIRECTION('',(1.,0.,0.));
#267 = AXIS2_PLACEMENT_3D('',#268,#269,#270);
#268 = CARTESIAN_POINT('',(5.15,10.4,0.));
#269 = DIRECTION('',(0.,0.,1.));
#270 = DIRECTION('',(1.,0.,0.));
#271 = ( GEOMETRIC_REPRESENTATION_CONTEXT(3) 
GLOBAL_UNCERTAINTY_ASSIGNED_CONTEXT((#275)) GLOBAL_UNIT_ASSIGNED_CONTEXT
((#272,#273,#274)) REPRESENTATION_CONTEXT('Context #1',
  '3D Context with UNIT and UNCERTAINTY') );
#272 = ( LENGTH_UNIT() NAMED_UNIT(*) SI_UNIT(.MILLI.,.METRE.) );
#273 = ( NAMED_UNIT(*) PLANE_ANGLE_UNIT() SI_UNIT($,.RADIAN.) );
#274 = ( NAMED_UNIT(*) SI_UNIT($,.STERADIAN.) SOLID_ANGLE_UNIT() );
#275 = UNCERTAINTY_MEASURE_WITH_UNIT(LENGTH_MEASURE(1.E-06),#272,
  'distance_accuracy_value','confusion accuracy');
#276 = MANIFOLD_SURFACE_SHAPE_REPRESENTATION('',(#11,#277),#296);
#277 = SHELL_BASED_SURFACE_MODEL('',(#278));
#278 = OPEN_SHELL('',(#279));
#279 = ADVANCED_FACE('',(#280),#291,.T.);
#280 = FACE_BOUND('',#281,.T.);
#281 = EDGE_LOOP('',(#282));
#282 = ORIENTED_EDGE('',*,*,#283,.T.);
#283 = EDGE_CURVE('',#284,#284,#286,.T.);
#284 = VERTEX_POINT('',#285);
#285 = CARTESIAN_POINT('',(2.360416666667,20.683333333333,1.1));
#286 = CIRCLE('',#287,0.64375);
#287 = AXIS2_PLACEMENT_3D('',#288,#289,#290);
#288 = CARTESIAN_POINT('',(1.716666666667,20.683333333333,1.1));
#289 = DIRECTION('',(0.,0.,1.));
#290 = DIRECTION('',(1.,0.,-0.));
#291 = PLANE('',#292);
#292 = AXIS2_PLACEMENT_3D('',#293,#294,#295);
#293 = CARTESIAN_POINT('',(1.716666666667,20.683333333333,1.1));
#294 = DIRECTION('',(-1.982872165698E-31,-3.767457114827E-30,1.));
#295 = DIRECTION('',(0.,1.,3.767457114827E-30));
#296 = ( GEOMETRIC_REPRESENTATION_CONTEXT(3) 
GLOBAL_UNCERTAINTY_ASSIGNED_CONTEXT((#300)) GLOBAL_UNIT_ASSIGNED_CONTEXT
((#297,#298,#299)) REPRESENTATION_CONTEXT('Context #1',
  '3D Context with UNIT and UNCERTAINTY') );
#297 = ( LENGTH_UNIT() NAMED_UNIT(*) SI_UNIT(.MILLI.,.METRE.) );
#298 = ( NAMED_UNIT(*) PLANE_ANGLE_UNIT() SI_UNIT($,.RADIAN.) );
#299 = ( NAMED_UNIT(*) SI_UNIT($,.STERADIAN.) SOLID_ANGLE_UNIT() );
#300 = UNCERTAINTY_MEASURE_WITH_UNIT(LENGTH_MEASURE(1.E-07),#297,
  'distance_accuracy_value','confusion accuracy');
#301 = SHAPE_DEFINITION_REPRESENTATION(#302,#276);
#302 = PRODUCT_DEFINITION_SHAPE('','',#303);
#303 = PRODUCT_DEFINITION('design','',#304,#307);
#304 = PRODUCT_DEFINITION_FORMATION('','',#305);
#305 = PRODUCT('Open CASCADE STEP translator 7.5 2.1',
  'Open CASCADE STEP translator 7.5 2.1','',(#306));
#306 = PRODUCT_CONTEXT('',#2,'mechanical');
#307 = PRODUCT_DEFINITION_CONTEXT('part definition',#2,'design');
#308 = CONTEXT_DEPENDENT_SHAPE_REPRESENTATION(#309,#311);
#309 = ( REPRESENTATION_RELATIONSHIP('','',#276,#46) 
REPRESENTATION_RELATIONSHIP_WITH_TRANSFORMATION(#310) 
SHAPE_REPRESENTATION_RELATIONSHIP() );
#310 = ITEM_DEFINED_TRANSFORMATION('','',#11,#47);
#311 = PRODUCT_DEFINITION_SHAPE('Placement','Placement of an item',#312
  );
#312 = NEXT_ASSEMBLY_USAGE_OCCURRENCE('115','58','',#41,#303,$);
#313 = PRODUCT_RELATED_PRODUCT_CATEGORY('part',$,(#305));
#314 = SHAPE_DEFINITION_REPRESENTATION(#315,#321);
#315 = PRODUCT_DEFINITION_SHAPE('','',#316);
#316 = PRODUCT_DEFINITION('design','',#317,#320);
#317 = PRODUCT_DEFINITION_FORMATION('','',#318);
#318 = PRODUCT('Body','Body','',(#319));
#319 = PRODUCT_CONTEXT('',#2,'mechanical');
#320 = PRODUCT_DEFINITION_CONTEXT('part definition',#2,'design');
#321 = SHAPE_REPRESENTATION('',(#11,#322),#326);
#322 = AXIS2_PLACEMENT_3D('',#323,#324,#325);
#323 = CARTESIAN_POINT('',(0.,0.,0.));
#324 = DIRECTION('',(0.,0.,1.));
#325 = DIRECTION('',(1.,0.,0.));
#326 = ( GEOMETRIC_REPRESENTATION_CONTEXT(3) 
GLOBAL_UNCERTAINTY_ASSIGNED_CONTEXT((#330)) GLOBAL_UNIT_ASSIGNED_CONTEXT
((#327,#328,#329)) REPRESENTATION_CONTEXT('Context #1',
  '3D Context with UNIT and UNCERTAINTY') );
#327 = ( LENGTH_UNIT() NAMED_UNIT(*) SI_UNIT(.MILLI.,.METRE.) );
#328 = ( NAMED_UNIT(*) PLANE_ANGLE_UNIT() SI_UNIT($,.RADIAN.) );
#329 = ( NAMED_UNIT(*) SI_UNIT($,.STERADIAN.) SOLID_ANGLE_UNIT() );
#330 = UNCERTAINTY_MEASURE_WITH_UNIT(LENGTH_MEASURE(1.E-05),#327,
  'distance_accuracy_value','confusion accuracy');
#331 = ADVANCED_BREP_SHAPE_REPRESENTATION('',(#11,#332),#2657);
#332 = MANIFOLD_SOLID_BREP('',#333);
#333 = CLOSED_SHELL('',(#334,#374,#410,#449,#482,#518,#627,#658,#675,
    #784,#815,#832,#863,#894,#922,#950,#968,#1004,#1032,#1060,#1099,
    #1117,#1148,#1182,#1206,#1315,#1424,#1435,#1452,#1476,#1585,#1694,
    #1725,#1736,#1764,#1792,#1809,#1834,#1862,#1890,#1915,#1948,#1965,
    #2074,#2106,#2123,#2232,#2264,#2281,#2312,#2329,#2354,#2372,#2405,
    #2430,#2448,#2481,#2510,#2527,#2544,#2555,#2583,#2600,#2611,#2623,
    #2648));
#334 = ADVANCED_FACE('',(#335),#369,.F.);
#335 = FACE_BOUND('',#336,.F.);
#336 = EDGE_LOOP('',(#337,#347,#355,#363));
#337 = ORIENTED_EDGE('',*,*,#338,.F.);
#338 = EDGE_CURVE('',#339,#341,#343,.T.);
#339 = VERTEX_POINT('',#340);
#340 = CARTESIAN_POINT('',(5.478104631727E-04,22.3,0.569787931602));
#341 = VERTEX_POINT('',#342);
#342 = CARTESIAN_POINT('',(4.576793840744E-02,22.254779872056,
    0.139547153673));
#343 = LINE('',#344,#345);
#344 = CARTESIAN_POINT('',(-1.074890013952E-03,22.301622700477,
    0.585226895341));
#345 = VECTOR('',#346,1.);
#346 = DIRECTION('',(0.103962051184,-0.103962051184,-0.989132844378));
#347 = ORIENTED_EDGE('',*,*,#348,.F.);
#348 = EDGE_CURVE('',#349,#339,#351,.T.);
#349 = VERTEX_POINT('',#350);
#350 = CARTESIAN_POINT('',(5.478104631726E-04,0.1,0.569787931602));
#351 = LINE('',#352,#353);
#352 = CARTESIAN_POINT('',(5.478104631727E-04,0.,0.569787931602));
#353 = VECTOR('',#354,1.);
#354 = DIRECTION('',(-0.,1.,0.));
#355 = ORIENTED_EDGE('',*,*,#356,.T.);
#356 = EDGE_CURVE('',#349,#357,#359,.T.);
#357 = VERTEX_POINT('',#358);
#358 = CARTESIAN_POINT('',(4.576793840744E-02,0.145220127944,
    0.139547153673));
#359 = LINE('',#360,#361);
#360 = CARTESIAN_POINT('',(-1.074890013952E-03,9.837729952288E-02,
    0.585226895341));
#361 = VECTOR('',#362,1.);
#362 = DIRECTION('',(0.103962051184,0.103962051184,-0.989132844378));
#363 = ORIENTED_EDGE('',*,*,#364,.T.);
#364 = EDGE_CURVE('',#357,#341,#365,.T.);
#365 = LINE('',#366,#367);
#366 = CARTESIAN_POINT('',(4.576793840744E-02,5.517972351448E-02,
    0.139547153673));
#367 = VECTOR('',#368,1.);
#368 = DIRECTION('',(-0.,1.,-0.));
#369 = PLANE('',#370);
#370 = AXIS2_PLACEMENT_3D('',#371,#372,#373);
#371 = CARTESIAN_POINT('',(0.,0.,0.575));
#372 = DIRECTION('',(0.994521895368,0.,0.104528463268));
#373 = DIRECTION('',(-0.,1.,0.));
#374 = ADVANCED_FACE('',(#375),#405,.T.);
#375 = FACE_BOUND('',#376,.T.);
#376 = EDGE_LOOP('',(#377,#389,#397,#404));
#377 = ORIENTED_EDGE('',*,*,#378,.T.);
#378 = EDGE_CURVE('',#339,#379,#381,.T.);
#379 = VERTEX_POINT('',#380);
#380 = CARTESIAN_POINT('',(0.1,22.399452189537,0.569787931602));
#381 = ( BOUNDED_CURVE() B_SPLINE_CURVE(6,(#382,#383,#384,#385,#386,#387
,#388),.UNSPECIFIED.,.F.,.F.) B_SPLINE_CURVE_WITH_KNOTS((7,7),(0.,
1.559869909752),.PIECEWISE_BEZIER_KNOTS.) CURVE() 
GEOMETRIC_REPRESENTATION_ITEM() RATIONAL_B_SPLINE_CURVE((1.030950613501,
    1.009890100201,0.997953445068,0.994040710927,0.997953445068,
1.009890100201,1.030950613501)) REPRESENTATION_ITEM('') );
#382 = CARTESIAN_POINT('',(5.478104631727E-04,22.3,0.569787931602));
#383 = CARTESIAN_POINT('',(8.362191750262E-04,22.326396068307,
    0.567043906005));
#384 = CARTESIAN_POINT('',(9.450074782514E-03,22.352114481755,
    0.565246144534));
#385 = CARTESIAN_POINT('',(2.568827830487E-02,22.374311721695,
    0.564619824568));
#386 = CARTESIAN_POINT('',(4.788551824518E-02,22.390549925217,
    0.565246144534));
#387 = CARTESIAN_POINT('',(7.360393169276E-02,22.399163780825,
    0.567043906005));
#388 = CARTESIAN_POINT('',(0.1,22.399452189537,0.569787931602));
#389 = ORIENTED_EDGE('',*,*,#390,.T.);
#390 = EDGE_CURVE('',#379,#391,#393,.T.);
#391 = VERTEX_POINT('',#392);
#392 = CARTESIAN_POINT('',(0.145220127944,22.354232061593,0.139547153673
    ));
#393 = LINE('',#394,#395);
#394 = CARTESIAN_POINT('',(9.837729952288E-02,22.401074890014,
    0.585226895341));
#395 = VECTOR('',#396,1.);
#396 = DIRECTION('',(0.103962051184,-0.103962051184,-0.989132844378));
#397 = ORIENTED_EDGE('',*,*,#398,.F.);
#398 = EDGE_CURVE('',#341,#391,#399,.T.);
#399 = CIRCLE('',#400,0.1);
#400 = AXIS2_PLACEMENT_3D('',#401,#402,#403);
#401 = CARTESIAN_POINT('',(0.145220127944,22.254779872056,0.15));
#402 = DIRECTION('',(0.103962051185,-0.103962051185,-0.989132844378));
#403 = DIRECTION('',(-0.994521895368,-4.689824917303E-14,-0.104528463268
    ));
#404 = ORIENTED_EDGE('',*,*,#338,.F.);
#405 = CYLINDRICAL_SURFACE('',#406,0.1);
#406 = AXIS2_PLACEMENT_3D('',#407,#408,#409);
#407 = CARTESIAN_POINT('',(9.837729952288E-02,22.301622700477,
    0.595679741668));
#408 = DIRECTION('',(0.103962051184,-0.103962051184,-0.989132844378));
#409 = DIRECTION('',(-0.994521895368,9.1635032895E-14,-0.104528463267));
#410 = ADVANCED_FACE('',(#411),#444,.T.);
#411 = FACE_BOUND('',#412,.T.);
#412 = EDGE_LOOP('',(#413,#425,#433,#443));
#413 = ORIENTED_EDGE('',*,*,#414,.F.);
#414 = EDGE_CURVE('',#415,#349,#417,.T.);
#415 = VERTEX_POINT('',#416);
#416 = CARTESIAN_POINT('',(-2.775557561563E-17,0.1,0.580240777928));
#417 = ( BOUNDED_CURVE() B_SPLINE_CURVE(6,(#418,#419,#420,#421,#422,#423
,#424),.UNSPECIFIED.,.F.,.F.) B_SPLINE_CURVE_WITH_KNOTS((7,7),(0.,
0.10471975512),.PIECEWISE_BEZIER_KNOTS.) CURVE() 
GEOMETRIC_REPRESENTATION_ITEM() RATIONAL_B_SPLINE_CURVE((1.000137088577,
    1.00004568784,0.999990860763,0.999972587294,0.999990860763,
1.00004568784,1.000137088577)) REPRESENTATION_ITEM('') );
#418 = CARTESIAN_POINT('',(2.775557561563E-17,0.1,0.580240777928));
#419 = CARTESIAN_POINT('',(5.551115123126E-17,0.1,0.578495289159));
#420 = CARTESIAN_POINT('',(3.655943564777E-05,0.1,0.57674999185));
#421 = CARTESIAN_POINT('',(1.096652759717E-04,0.1,0.575005747314));
#422 = CARTESIAN_POINT('',(2.192831180766E-04,0.1,0.57326341629));
#423 = CARTESIAN_POINT('',(3.653572044893E-04,0.1,0.571523858401));
#424 = CARTESIAN_POINT('',(5.478104631727E-04,0.1,0.569787931602));
#425 = ORIENTED_EDGE('',*,*,#426,.T.);
#426 = EDGE_CURVE('',#415,#427,#429,.T.);
#427 = VERTEX_POINT('',#428);
#428 = CARTESIAN_POINT('',(1.415534356397E-15,22.3,0.580240777928));
#429 = LINE('',#430,#431);
#430 = CARTESIAN_POINT('',(2.775557561563E-17,0.,0.580240777928));
#431 = VECTOR('',#432,1.);
#432 = DIRECTION('',(-0.,1.,0.));
#433 = ORIENTED_EDGE('',*,*,#434,.T.);
#434 = EDGE_CURVE('',#427,#339,#435,.T.);
#435 = ( BOUNDED_CURVE() B_SPLINE_CURVE(6,(#436,#437,#438,#439,#440,#441
,#442),.UNSPECIFIED.,.F.,.F.) B_SPLINE_CURVE_WITH_KNOTS((7,7),(0.,
0.10471975512),.PIECEWISE_BEZIER_KNOTS.) CURVE() 
GEOMETRIC_REPRESENTATION_ITEM() RATIONAL_B_SPLINE_CURVE((1.000137088577,
    1.00004568784,0.999990860763,0.999972587294,0.999990860763,
1.00004568784,1.000137088577)) REPRESENTATION_ITEM('') );
#436 = CARTESIAN_POINT('',(2.775557561563E-17,22.3,0.580240777928));
#437 = CARTESIAN_POINT('',(5.551115123126E-17,22.3,0.578495289159));
#438 = CARTESIAN_POINT('',(3.655943564777E-05,22.3,0.57674999185));
#439 = CARTESIAN_POINT('',(1.096652759717E-04,22.3,0.575005747314));
#440 = CARTESIAN_POINT('',(2.192831180766E-04,22.3,0.57326341629));
#441 = CARTESIAN_POINT('',(3.653572044893E-04,22.3,0.571523858401));
#442 = CARTESIAN_POINT('',(5.478104631727E-04,22.3,0.569787931602));
#443 = ORIENTED_EDGE('',*,*,#348,.F.);
#444 = CYLINDRICAL_SURFACE('',#445,0.1);
#445 = AXIS2_PLACEMENT_3D('',#446,#447,#448);
#446 = CARTESIAN_POINT('',(0.1,0.,0.580240777928));
#447 = DIRECTION('',(-0.,1.,0.));
#448 = DIRECTION('',(-0.994521895368,0.,-0.104528463268));
#449 = ADVANCED_FACE('',(#450),#477,.T.);
#450 = FACE_BOUND('',#451,.T.);
#451 = EDGE_LOOP('',(#452,#453,#462,#470));
#452 = ORIENTED_EDGE('',*,*,#364,.T.);
#453 = ORIENTED_EDGE('',*,*,#454,.F.);
#454 = EDGE_CURVE('',#455,#341,#457,.T.);
#455 = VERTEX_POINT('',#456);
#456 = CARTESIAN_POINT('',(0.145220127944,22.254779872056,5.E-02));
#457 = CIRCLE('',#458,0.1);
#458 = AXIS2_PLACEMENT_3D('',#459,#460,#461);
#459 = CARTESIAN_POINT('',(0.145220127944,22.254779872056,0.15));
#460 = DIRECTION('',(-3.572283018952E-14,1.,1.983015429059E-28));
#461 = DIRECTION('',(-1.,-3.572283018952E-14,5.551115123126E-15));
#462 = ORIENTED_EDGE('',*,*,#463,.F.);
#463 = EDGE_CURVE('',#464,#455,#466,.T.);
#464 = VERTEX_POINT('',#465);
#465 = CARTESIAN_POINT('',(0.145220127944,0.145220127944,5.E-02));
#466 = LINE('',#467,#468);
#467 = CARTESIAN_POINT('',(0.145220127944,5.517972351448E-02,5.E-02));
#468 = VECTOR('',#469,1.);
#469 = DIRECTION('',(-0.,1.,-0.));
#470 = ORIENTED_EDGE('',*,*,#471,.T.);
#471 = EDGE_CURVE('',#464,#357,#472,.T.);
#472 = CIRCLE('',#473,0.1);
#473 = AXIS2_PLACEMENT_3D('',#474,#475,#476);
#474 = CARTESIAN_POINT('',(0.145220127944,0.145220127944,0.15));
#475 = DIRECTION('',(2.499123253613E-16,1.,2.775557561563E-16));
#476 = DIRECTION('',(-1.,2.499123253613E-16,6.936460443842E-32));
#477 = CYLINDRICAL_SURFACE('',#478,0.1);
#478 = AXIS2_PLACEMENT_3D('',#479,#480,#481);
#479 = CARTESIAN_POINT('',(0.145220127944,5.517972351448E-02,0.15));
#480 = DIRECTION('',(-0.,1.,-0.));
#481 = DIRECTION('',(-0.994521895368,-0.,-0.104528463268));
#482 = ADVANCED_FACE('',(#483),#513,.T.);
#483 = FACE_BOUND('',#484,.T.);
#484 = EDGE_LOOP('',(#485,#486,#495,#503));
#485 = ORIENTED_EDGE('',*,*,#356,.T.);
#486 = ORIENTED_EDGE('',*,*,#487,.T.);
#487 = EDGE_CURVE('',#357,#488,#490,.T.);
#488 = VERTEX_POINT('',#489);
#489 = CARTESIAN_POINT('',(0.145220127944,4.576793840744E-02,
    0.139547153673));
#490 = CIRCLE('',#491,0.1);
#491 = AXIS2_PLACEMENT_3D('',#492,#493,#494);
#492 = CARTESIAN_POINT('',(0.145220127944,0.145220127944,0.15));
#493 = DIRECTION('',(-0.103962051184,-0.103962051184,0.989132844378));
#494 = DIRECTION('',(-0.994521895368,-9.136094658579E-14,-0.104528463267
    ));
#495 = ORIENTED_EDGE('',*,*,#496,.F.);
#496 = EDGE_CURVE('',#497,#488,#499,.T.);
#497 = VERTEX_POINT('',#498);
#498 = CARTESIAN_POINT('',(0.1,5.478104631726E-04,0.569787931602));
#499 = LINE('',#500,#501);
#500 = CARTESIAN_POINT('',(9.837729952288E-02,-1.074890013952E-03,
    0.585226895341));
#501 = VECTOR('',#502,1.);
#502 = DIRECTION('',(0.103962051184,0.103962051184,-0.989132844378));
#503 = ORIENTED_EDGE('',*,*,#504,.F.);
#504 = EDGE_CURVE('',#349,#497,#505,.T.);
#505 = ( BOUNDED_CURVE() B_SPLINE_CURVE(6,(#506,#507,#508,#509,#510,#511
,#512),.UNSPECIFIED.,.F.,.F.) B_SPLINE_CURVE_WITH_KNOTS((7,7),(0.,
1.559869909752),.PIECEWISE_BEZIER_KNOTS.) CURVE() 
GEOMETRIC_REPRESENTATION_ITEM() RATIONAL_B_SPLINE_CURVE((1.030950613501,
    1.009890100201,0.997953445068,0.994040710927,0.997953445068,
1.009890100201,1.030950613501)) REPRESENTATION_ITEM('') );
#506 = CARTESIAN_POINT('',(5.478104631727E-04,0.1,0.569787931602));
#507 = CARTESIAN_POINT('',(8.362191750262E-04,7.360393169277E-02,
    0.567043906005));
#508 = CARTESIAN_POINT('',(9.450074782514E-03,4.788551824518E-02,
    0.565246144534));
#509 = CARTESIAN_POINT('',(2.568827830487E-02,2.568827830487E-02,
    0.564619824568));
#510 = CARTESIAN_POINT('',(4.788551824518E-02,9.450074782514E-03,
    0.565246144534));
#511 = CARTESIAN_POINT('',(7.360393169276E-02,8.362191750264E-04,
    0.567043906005));
#512 = CARTESIAN_POINT('',(0.1,5.478104631726E-04,0.569787931602));
#513 = CYLINDRICAL_SURFACE('',#514,0.1);
#514 = AXIS2_PLACEMENT_3D('',#515,#516,#517);
#515 = CARTESIAN_POINT('',(9.837729952288E-02,9.837729952288E-02,
    0.595679741668));
#516 = DIRECTION('',(0.103962051184,0.103962051184,-0.989132844378));
#517 = DIRECTION('',(-0.994521895368,-9.1635032895E-14,-0.104528463267)
  );
#518 = ADVANCED_FACE('',(#519),#545,.T.);
#519 = FACE_BOUND('',#520,.T.);
#520 = EDGE_LOOP('',(#521,#522,#523,#535));
#521 = ORIENTED_EDGE('',*,*,#378,.F.);
#522 = ORIENTED_EDGE('',*,*,#434,.F.);
#523 = ORIENTED_EDGE('',*,*,#524,.F.);
#524 = EDGE_CURVE('',#525,#427,#527,.T.);
#525 = VERTEX_POINT('',#526);
#526 = CARTESIAN_POINT('',(0.1,22.4,0.580240777928));
#527 = ( BOUNDED_CURVE() B_SPLINE_CURVE(6,(#528,#529,#530,#531,#532,#533
,#534),.UNSPECIFIED.,.F.,.F.) B_SPLINE_CURVE_WITH_KNOTS((7,7),(0.,
1.570796326795),.PIECEWISE_BEZIER_KNOTS.) CURVE() 
GEOMETRIC_REPRESENTATION_ITEM() RATIONAL_B_SPLINE_CURVE((1.031393471788,
    1.010025407661,0.997924642725,0.993958444137,0.997924642725,
1.010025407661,1.031393471788)) REPRESENTATION_ITEM('') );
#528 = CARTESIAN_POINT('',(0.1,22.4,0.580240777928));
#529 = CARTESIAN_POINT('',(7.326632168471E-02,22.4,0.580240777928));
#530 = CARTESIAN_POINT('',(4.722914274178E-02,22.391499564937,
    0.580240777928));
#531 = CARTESIAN_POINT('',(2.480804867977E-02,22.37519195132,
    0.580240777928));
#532 = CARTESIAN_POINT('',(8.500435063369E-03,22.352770857258,
    0.580240777928));
#533 = CARTESIAN_POINT('',(1.249000902703E-16,22.326733678315,
    0.580240777928));
#534 = CARTESIAN_POINT('',(-1.387778780781E-17,22.3,0.580240777928));
#535 = ORIENTED_EDGE('',*,*,#536,.F.);
#536 = EDGE_CURVE('',#379,#525,#537,.T.);
#537 = ( BOUNDED_CURVE() B_SPLINE_CURVE(6,(#538,#539,#540,#541,#542,#543
,#544),.UNSPECIFIED.,.F.,.F.) B_SPLINE_CURVE_WITH_KNOTS((7,7),(0.,
0.10471975512),.PIECEWISE_BEZIER_KNOTS.) CURVE() 
GEOMETRIC_REPRESENTATION_ITEM() RATIONAL_B_SPLINE_CURVE((1.000137088577,
    1.00004568784,0.999990860763,0.999972587294,0.999990860763,
1.00004568784,1.000137088577)) REPRESENTATION_ITEM('') );
#538 = CARTESIAN_POINT('',(0.1,22.399452189537,0.569787931602));
#539 = CARTESIAN_POINT('',(0.1,22.399634642796,0.571523858401));
#540 = CARTESIAN_POINT('',(0.1,22.399780716882,0.57326341629));
#541 = CARTESIAN_POINT('',(0.1,22.399890334724,0.575005747314));
#542 = CARTESIAN_POINT('',(0.1,22.399963440564,0.57674999185));
#543 = CARTESIAN_POINT('',(0.1,22.4,0.578495289159));
#544 = CARTESIAN_POINT('',(0.1,22.4,0.580240777928));
#545 = B_SPLINE_SURFACE_WITH_KNOTS('',8,8,(
    (#546,#547,#548,#549,#550,#551,#552,#553,#554)
    ,(#555,#556,#557,#558,#559,#560,#561,#562,#563)
    ,(#564,#565,#566,#567,#568,#569,#570,#571,#572)
    ,(#573,#574,#575,#576,#577,#578,#579,#580,#581)
    ,(#582,#583,#584,#585,#586,#587,#588,#589,#590)
    ,(#591,#592,#593,#594,#595,#596,#597,#598,#599)
    ,(#600,#601,#602,#603,#604,#605,#606,#607,#608)
    ,(#609,#610,#611,#612,#613,#614,#615,#616,#617)
    ,(#618,#619,#620,#621,#622,#623,#624,#625,#626
  )),.UNSPECIFIED.,.F.,.F.,.F.,(9,9),(9,9),(-7.778174593051E-02,
    7.778174593053E-02),(-7.315613219614E-03,8.855910256722E-03),
  .PIECEWISE_BEZIER_KNOTS.);
#546 = CARTESIAN_POINT('',(4.314286134681E-04,22.289568739837,
    0.582292534228));
#547 = CARTESIAN_POINT('',(3.594616383017E-04,22.289640569674,
    0.580265856781));
#548 = CARTESIAN_POINT('',(3.933739171695E-04,22.289606889243,
    0.578244685123));
#549 = CARTESIAN_POINT('',(8.139233364798E-04,22.289185680871,
    0.576244605343));
#550 = CARTESIAN_POINT('',(-5.30016279562E-04,22.290530258417,
    0.574149414281));
#551 = CARTESIAN_POINT('',(1.674870584326E-03,22.288325137492,
    0.572244945927));
#552 = CARTESIAN_POINT('',(6.735465356706E-04,22.289326333311,
    0.570167933805));
#553 = CARTESIAN_POINT('',(9.604387131711E-04,22.289039750287,
    0.568160825431));
#554 = CARTESIAN_POINT('',(1.418941430276E-03,22.288581318579,
    0.566162527791));
#555 = CARTESIAN_POINT('',(-1.699464169711E-03,22.319199273853,
    0.581445543082));
#556 = CARTESIAN_POINT('',(-1.968997512113E-03,22.319468581045,
    0.579408381183));
#557 = CARTESIAN_POINT('',(-2.065389896654E-03,22.319564323767,
    0.577380876297));
#558 = CARTESIAN_POINT('',(-9.508146639553E-04,22.318452034117,
    0.575415216246));
#559 = CARTESIAN_POINT('',(-1.94578549613E-03,22.319444967787,
    0.573342900583));
#560 = CARTESIAN_POINT('',(-9.990284715996E-04,22.318498783243,
    0.571367060197));
#561 = CARTESIAN_POINT('',(-1.74789818918E-03,22.319247720693,
    0.569305628223));
#562 = CARTESIAN_POINT('',(-9.59093148599E-04,22.318459242043,
    0.56732508823));
#563 = CARTESIAN_POINT('',(-3.6603337789E-04,22.317866154415,
    0.565333899139));
#564 = CARTESIAN_POINT('',(3.083466751578E-03,22.341918305944,
    0.580966735706));
#565 = CARTESIAN_POINT('',(3.512236102653E-03,22.341491039176,
    0.5789662276));
#566 = CARTESIAN_POINT('',(4.836925161249E-03,22.340168349476,
    0.577016081634));
#567 = CARTESIAN_POINT('',(-3.379324346433E-03,22.348367230291,
    0.574549463595));
#568 = CARTESIAN_POINT('',(1.067252571129E-02,22.334343121106,
    0.573290154492));
#569 = CARTESIAN_POINT('',(-3.20808593193E-03,22.348195567045,
    0.570506696809));
#570 = CARTESIAN_POINT('',(5.951595314153E-03,22.339055600222,
    0.568987643211));
#571 = CARTESIAN_POINT('',(3.63324196164E-03,22.341367891188,
    0.566836698386));
#572 = CARTESIAN_POINT('',(4.08819539631E-03,22.340912381733,
    0.564838071467));
#573 = CARTESIAN_POINT('',(1.681696660958E-02,22.355680313928,
    0.580966122543));
#574 = CARTESIAN_POINT('',(1.789364946271E-02,22.354601792288,
    0.579001210416));
#575 = CARTESIAN_POINT('',(1.348001994803E-02,22.359013102851,
    0.576736237025));
#576 = CARTESIAN_POINT('',(2.239212581588E-02,22.350127928577,
    0.575211885902));
#577 = CARTESIAN_POINT('',(-4.75479060306E-03,22.377228958531,
    0.571695399222));
#578 = CARTESIAN_POINT('',(2.754559016621E-02,22.344977414299,
    0.571450304029));
#579 = CARTESIAN_POINT('',(1.61154795416E-02,22.356374081711,
    0.568787092648));
#580 = CARTESIAN_POINT('',(1.816963313792E-02,22.354328120823,
    0.566881205459));
#581 = CARTESIAN_POINT('',(1.644398966562E-02,22.356054562143,
    0.564764692574));
#582 = CARTESIAN_POINT('',(2.298193622375E-02,22.377018063777,
    0.580562861623));
#583 = CARTESIAN_POINT('',(2.164239606418E-02,22.37835760395,
    0.57846812679));
#584 = CARTESIAN_POINT('',(2.545262539439E-02,22.374547374529,
    0.576657366698));
#585 = CARTESIAN_POINT('',(1.651426245975E-02,22.383485737715,
    0.574124669805));
#586 = CARTESIAN_POINT('',(4.544230312796E-02,22.354557696636,
    0.573706575935));
#587 = CARTESIAN_POINT('',(1.22006427225E-02,22.387799357471,
    0.569841269866));
#588 = CARTESIAN_POINT('',(2.213981167382E-02,22.377860188224,
    0.568382572824));
#589 = CARTESIAN_POINT('',(2.307979521093E-02,22.376920204815,
    0.566400663563));
#590 = CARTESIAN_POINT('',(2.559561294993E-02,22.374404387049,
    0.564514810223));
#591 = CARTESIAN_POINT('',(4.431968607402E-02,22.383183033388,
    0.580966122543));
#592 = CARTESIAN_POINT('',(4.539820770586E-02,22.38210635052,
    0.579001210416));
#593 = CARTESIAN_POINT('',(4.098689723064E-02,22.386519980094,
    0.576736237026));
#594 = CARTESIAN_POINT('',(4.987207124894E-02,22.377607874077,
    0.5752118859));
#595 = CARTESIAN_POINT('',(2.277104167423E-02,22.404754790775,
    0.571695399224));
#596 = CARTESIAN_POINT('',(5.502258553718E-02,22.372454409688,
    0.571450304028));
#597 = CARTESIAN_POINT('',(4.362591837431E-02,22.383884520538,
    0.568787092649));
#598 = CARTESIAN_POINT('',(4.567187915672E-02,22.381830366841,
    0.566881205459));
#599 = CARTESIAN_POINT('',(4.394543785771E-02,22.383556010335,
    0.564764692574));
#600 = CARTESIAN_POINT('',(5.808169405267E-02,22.396916533252,
    0.580966735706));
#601 = CARTESIAN_POINT('',(5.850896082372E-02,22.39648776391,
    0.5789662276));
#602 = CARTESIAN_POINT('',(5.983165047304E-02,22.395163074827,
    0.577016081633));
#603 = CARTESIAN_POINT('',(5.163276979959E-02,22.403379324397,
    0.574549463596));
#604 = CARTESIAN_POINT('',(6.565687878313E-02,22.389327474209,
    0.573290154491));
#605 = CARTESIAN_POINT('',(5.180443303642E-02,22.403208086007,
    0.57050669681));
#606 = CARTESIAN_POINT('',(6.094439973435E-02,22.394048404647,
    0.56898764321));
#607 = CARTESIAN_POINT('',(5.863210882261E-02,22.39636675805,
    0.566836698386));
#608 = CARTESIAN_POINT('',(5.908761826658E-02,22.395911804603,
    0.564838071467));
#609 = CARTESIAN_POINT('',(8.080072614933E-02,22.401699464168,
    0.581445543083));
#610 = CARTESIAN_POINT('',(8.053141895656E-02,22.401968997507,
    0.579408381183));
#611 = CARTESIAN_POINT('',(8.043567624935E-02,22.402065389897,
    0.577380876298));
#612 = CARTESIAN_POINT('',(8.154796584788E-02,22.400950814661,
    0.575415216245));
#613 = CARTESIAN_POINT('',(8.055503225744E-02,22.401945785503,
    0.573342900584));
#614 = CARTESIAN_POINT('',(8.150121672575E-02,22.400999028461,
    0.571367060197));
#615 = CARTESIAN_POINT('',(8.07522793217E-02,22.401747898197,
    0.569305628224));
#616 = CARTESIAN_POINT('',(8.154075795399E-02,22.400959093145,
    0.56732508823));
#617 = CARTESIAN_POINT('',(8.213384558491E-02,22.400366033378,
    0.565333899139));
#618 = CARTESIAN_POINT('',(0.110431260161,22.399568571388,0.582292534228
    ));
#619 = CARTESIAN_POINT('',(0.110359430326,22.399640538362,0.580265856781
    ));
#620 = CARTESIAN_POINT('',(0.110393110755,22.399606626084,0.578244685123
    ));
#621 = CARTESIAN_POINT('',(0.110814319131,22.399186076662,0.576244605343
    ));
#622 = CARTESIAN_POINT('',(0.10946974158,22.400530016281,0.574149414281)
  );
#623 = CARTESIAN_POINT('',(0.111674862509,22.398325129416,0.572244945927
    ));
#624 = CARTESIAN_POINT('',(0.110673666688,22.399326453464,0.570167933805
    ));
#625 = CARTESIAN_POINT('',(0.110960249713,22.399039561287,0.568160825431
    ));
#626 = CARTESIAN_POINT('',(0.11141868142,22.39858105857,0.566162527791)
  );
#627 = ADVANCED_FACE('',(#628),#653,.F.);
#628 = FACE_BOUND('',#629,.F.);
#629 = EDGE_LOOP('',(#630,#631,#639,#647));
#630 = ORIENTED_EDGE('',*,*,#390,.T.);
#631 = ORIENTED_EDGE('',*,*,#632,.T.);
#632 = EDGE_CURVE('',#391,#633,#635,.T.);
#633 = VERTEX_POINT('',#634);
#634 = CARTESIAN_POINT('',(10.154779872056,22.354232061593,
    0.139547153673));
#635 = LINE('',#636,#637);
#636 = CARTESIAN_POINT('',(5.517972351448E-02,22.354232061593,
    0.139547153673));
#637 = VECTOR('',#638,1.);
#638 = DIRECTION('',(1.,-0.,-0.));
#639 = ORIENTED_EDGE('',*,*,#640,.F.);
#640 = EDGE_CURVE('',#641,#633,#643,.T.);
#641 = VERTEX_POINT('',#642);
#642 = CARTESIAN_POINT('',(10.2,22.399452189537,0.569787931602));
#643 = LINE('',#644,#645);
#644 = CARTESIAN_POINT('',(10.201622700477,22.401074890014,
    0.585226895341));
#645 = VECTOR('',#646,1.);
#646 = DIRECTION('',(-0.103962051184,-0.103962051184,-0.989132844378));
#647 = ORIENTED_EDGE('',*,*,#648,.F.);
#648 = EDGE_CURVE('',#379,#641,#649,.T.);
#649 = LINE('',#650,#651);
#650 = CARTESIAN_POINT('',(0.,22.399452189537,0.569787931602));
#651 = VECTOR('',#652,1.);
#652 = DIRECTION('',(1.,0.,-0.));
#653 = PLANE('',#654);
#654 = AXIS2_PLACEMENT_3D('',#655,#656,#657);
#655 = CARTESIAN_POINT('',(0.,22.4,0.575));
#656 = DIRECTION('',(0.,-0.994521895368,0.104528463268));
#657 = DIRECTION('',(1.,0.,0.));
#658 = ADVANCED_FACE('',(#659),#670,.T.);
#659 = FACE_BOUND('',#660,.T.);
#660 = EDGE_LOOP('',(#661,#662,#669));
#661 = ORIENTED_EDGE('',*,*,#398,.T.);
#662 = ORIENTED_EDGE('',*,*,#663,.F.);
#663 = EDGE_CURVE('',#455,#391,#664,.T.);
#664 = CIRCLE('',#665,0.1);
#665 = AXIS2_PLACEMENT_3D('',#666,#667,#668);
#666 = CARTESIAN_POINT('',(0.145220127944,22.254779872056,0.15));
#667 = DIRECTION('',(1.,4.697817839977E-15,-5.551115123126E-15));
#668 = DIRECTION('',(-4.697817839977E-15,1.,2.607812765719E-29));
#669 = ORIENTED_EDGE('',*,*,#454,.T.);
#670 = SPHERICAL_SURFACE('',#671,0.1);
#671 = AXIS2_PLACEMENT_3D('',#672,#673,#674);
#672 = CARTESIAN_POINT('',(0.145220127944,22.254779872056,0.15));
#673 = DIRECTION('',(5.551115123126E-15,0.,1.));
#674 = DIRECTION('',(-1.,-3.572283018952E-14,5.551115123126E-15));
#675 = ADVANCED_FACE('',(#676),#702,.F.);
#676 = FACE_BOUND('',#677,.F.);
#677 = EDGE_LOOP('',(#678,#679,#680,#692));
#678 = ORIENTED_EDGE('',*,*,#504,.F.);
#679 = ORIENTED_EDGE('',*,*,#414,.F.);
#680 = ORIENTED_EDGE('',*,*,#681,.F.);
#681 = EDGE_CURVE('',#682,#415,#684,.T.);
#682 = VERTEX_POINT('',#683);
#683 = CARTESIAN_POINT('',(0.1,2.775557561563E-17,0.580240777928));
#684 = ( BOUNDED_CURVE() B_SPLINE_CURVE(6,(#685,#686,#687,#688,#689,#690
,#691),.UNSPECIFIED.,.F.,.F.) B_SPLINE_CURVE_WITH_KNOTS((7,7),(0.,
1.570796326795),.PIECEWISE_BEZIER_KNOTS.) CURVE() 
GEOMETRIC_REPRESENTATION_ITEM() RATIONAL_B_SPLINE_CURVE((1.031393471788,
    1.010025407661,0.997924642725,0.993958444137,0.997924642725,
1.010025407661,1.031393471788)) REPRESENTATION_ITEM('') );
#685 = CARTESIAN_POINT('',(0.1,-1.387778780781E-17,0.580240777928));
#686 = CARTESIAN_POINT('',(7.326632168471E-02,-1.387778780781E-17,
    0.580240777928));
#687 = CARTESIAN_POINT('',(4.722914274178E-02,8.500435063369E-03,
    0.580240777928));
#688 = CARTESIAN_POINT('',(2.480804867977E-02,2.480804867977E-02,
    0.580240777928));
#689 = CARTESIAN_POINT('',(8.500435063369E-03,4.722914274178E-02,
    0.580240777928));
#690 = CARTESIAN_POINT('',(1.249000902703E-16,7.326632168471E-02,
    0.580240777928));
#691 = CARTESIAN_POINT('',(-1.387778780781E-17,0.1,0.580240777928));
#692 = ORIENTED_EDGE('',*,*,#693,.F.);
#693 = EDGE_CURVE('',#497,#682,#694,.T.);
#694 = ( BOUNDED_CURVE() B_SPLINE_CURVE(6,(#695,#696,#697,#698,#699,#700
,#701),.UNSPECIFIED.,.F.,.F.) B_SPLINE_CURVE_WITH_KNOTS((7,7),(0.,
0.10471975512),.PIECEWISE_BEZIER_KNOTS.) CURVE() 
GEOMETRIC_REPRESENTATION_ITEM() RATIONAL_B_SPLINE_CURVE((1.000137088577,
    1.00004568784,0.999990860763,0.999972587294,0.999990860763,
1.00004568784,1.000137088577)) REPRESENTATION_ITEM('') );
#695 = CARTESIAN_POINT('',(0.1,5.478104631727E-04,0.569787931602));
#696 = CARTESIAN_POINT('',(0.1,3.653572044893E-04,0.571523858401));
#697 = CARTESIAN_POINT('',(0.1,2.192831180766E-04,0.57326341629));
#698 = CARTESIAN_POINT('',(0.1,1.096652759717E-04,0.575005747314));
#699 = CARTESIAN_POINT('',(0.1,3.655943564777E-05,0.57674999185));
#700 = CARTESIAN_POINT('',(0.1,5.551115123126E-17,0.578495289159));
#701 = CARTESIAN_POINT('',(0.1,2.775557561563E-17,0.580240777928));
#702 = B_SPLINE_SURFACE_WITH_KNOTS('',8,8,(
    (#703,#704,#705,#706,#707,#708,#709,#710,#711)
    ,(#712,#713,#714,#715,#716,#717,#718,#719,#720)
    ,(#721,#722,#723,#724,#725,#726,#727,#728,#729)
    ,(#730,#731,#732,#733,#734,#735,#736,#737,#738)
    ,(#739,#740,#741,#742,#743,#744,#745,#746,#747)
    ,(#748,#749,#750,#751,#752,#753,#754,#755,#756)
    ,(#757,#758,#759,#760,#761,#762,#763,#764,#765)
    ,(#766,#767,#768,#769,#770,#771,#772,#773,#774)
    ,(#775,#776,#777,#778,#779,#780,#781,#782,#783
  )),.UNSPECIFIED.,.F.,.F.,.F.,(9,9),(9,9),(-7.778174593052E-02,
    7.778174593052E-02),(-8.855910256723E-03,7.315613219614E-03),
  .PIECEWISE_BEZIER_KNOTS.);
#703 = CARTESIAN_POINT('',(0.11141868142,1.418941429818E-03,
    0.566162527791));
#704 = CARTESIAN_POINT('',(0.110960249713,9.604387129836E-04,
    0.568160825431));
#705 = CARTESIAN_POINT('',(0.110673666689,6.735465358355E-04,
    0.570167933805));
#706 = CARTESIAN_POINT('',(0.111674862508,1.674870584197E-03,
    0.572244945927));
#707 = CARTESIAN_POINT('',(0.109469741581,-5.300162805271E-04,
    0.574149414281));
#708 = CARTESIAN_POINT('',(0.11081431913,8.139233376893E-04,
    0.576244605343));
#709 = CARTESIAN_POINT('',(0.110393110756,3.933739162383E-04,
    0.578244685123));
#710 = CARTESIAN_POINT('',(0.110359430326,3.59461638195E-04,
    0.580265856781));
#711 = CARTESIAN_POINT('',(0.110431260162,4.314286125834E-04,
    0.582292534228));
#712 = CARTESIAN_POINT('',(8.213384558486E-02,-3.660333777655E-04,
    0.565333899139));
#713 = CARTESIAN_POINT('',(8.154075795392E-02,-9.590931482892E-04,
    0.56732508823));
#714 = CARTESIAN_POINT('',(8.075227932067E-02,-1.747898187074E-03,
    0.569305628223));
#715 = CARTESIAN_POINT('',(8.150121672851E-02,-9.990284774492E-04,
    0.571367060197));
#716 = CARTESIAN_POINT('',(8.055503225207E-02,-1.945785485918E-03,
    0.573342900583));
#717 = CARTESIAN_POINT('',(8.154796585239E-02,-9.508146725081E-04,
    0.575415216246));
#718 = CARTESIAN_POINT('',(8.043567624731E-02,-2.065389892656E-03,
    0.577380876297));
#719 = CARTESIAN_POINT('',(8.053141895512E-02,-1.968997509858E-03,
    0.579408381183));
#720 = CARTESIAN_POINT('',(8.080072614858E-02,-1.699464168333E-03,
    0.581445543083));
#721 = CARTESIAN_POINT('',(5.908761826693E-02,4.088195396475E-03,
    0.564838071467));
#722 = CARTESIAN_POINT('',(5.863210882373E-02,3.63324196207E-03,
    0.566836698386));
#723 = CARTESIAN_POINT('',(6.094439973517E-02,5.951595313621E-03,
    0.568987643211));
#724 = CARTESIAN_POINT('',(5.180443303245E-02,-3.208085934232E-03,
    0.570506696808));
#725 = CARTESIAN_POINT('',(6.565687879187E-02,1.067252570753E-02,
    0.573290154494));
#726 = CARTESIAN_POINT('',(5.163276979177E-02,-3.379324338144E-03,
    0.574549463594));
#727 = CARTESIAN_POINT('',(5.983165047856E-02,4.836925150683E-03,
    0.577016081634));
#728 = CARTESIAN_POINT('',(5.850896082643E-02,3.512236098272E-03,
    0.5789662276));
#729 = CARTESIAN_POINT('',(5.808169405401E-02,3.083466749615E-03,
    0.580966735706));
#730 = CARTESIAN_POINT('',(4.394543785552E-02,1.644398966433E-02,
    0.564764692574));
#731 = CARTESIAN_POINT('',(4.56718791522E-02,1.816963313549E-02,
    0.56688120546));
#732 = CARTESIAN_POINT('',(4.362591837738E-02,1.611547954621E-02,
    0.568787092647));
#733 = CARTESIAN_POINT('',(5.502258554138E-02,2.754559016187E-02,
    0.571450304032));
#734 = CARTESIAN_POINT('',(2.277104166764E-02,-4.754790592941E-03,
    0.571695399219));
#735 = CARTESIAN_POINT('',(4.987207125438E-02,2.239212578888E-02,
    0.575211885904));
#736 = CARTESIAN_POINT('',(4.098689723097E-02,1.348001996607E-02,
    0.576736237024));
#737 = CARTESIAN_POINT('',(4.539820770396E-02,1.789364946743E-02,
    0.579001210417));
#738 = CARTESIAN_POINT('',(4.4319686073E-02,1.681696661108E-02,
    0.580966122543));
#739 = CARTESIAN_POINT('',(2.559561295371E-02,2.55956129521E-02,
    0.564514810223));
#740 = CARTESIAN_POINT('',(2.307979521748E-02,2.307979521543E-02,
    0.566400663562));
#741 = CARTESIAN_POINT('',(2.213981166588E-02,2.213981166891E-02,
    0.568382572826));
#742 = CARTESIAN_POINT('',(1.22006427268E-02,1.220064272387E-02,
    0.569841269861));
#743 = CARTESIAN_POINT('',(4.544230311924E-02,4.544230311942E-02,
    0.57370657594));
#744 = CARTESIAN_POINT('',(1.651426247717E-02,1.651426247889E-02,
    0.574124669802));
#745 = CARTESIAN_POINT('',(2.545262538011E-02,2.545262537945E-02,
    0.5766573667));
#746 = CARTESIAN_POINT('',(2.164239606129E-02,2.164239606109E-02,
    0.578468126789));
#747 = CARTESIAN_POINT('',(2.298193622308E-02,2.298193622289E-02,
    0.580562861623));
#748 = CARTESIAN_POINT('',(1.644398966268E-02,4.394543785587E-02,
    0.564764692574));
#749 = CARTESIAN_POINT('',(1.816963313355E-02,4.567187915296E-02,
    0.56688120546));
#750 = CARTESIAN_POINT('',(1.611547955036E-02,4.362591837748E-02,
    0.568787092647));
#751 = CARTESIAN_POINT('',(2.754559015419E-02,5.502258553734E-02,
    0.571450304032));
#752 = CARTESIAN_POINT('',(-4.754790584863E-03,2.277104167614E-02,
    0.571695399219));
#753 = CARTESIAN_POINT('',(2.239212578162E-02,4.987207124387E-02,
    0.575211885904));
#754 = CARTESIAN_POINT('',(1.348001996966E-02,4.098689723578E-02,
    0.576736237024));
#755 = CARTESIAN_POINT('',(1.789364946946E-02,4.539820770627E-02,
    0.579001210417));
#756 = CARTESIAN_POINT('',(1.681696661183E-02,4.431968607398E-02,
    0.580966122543));
#757 = CARTESIAN_POINT('',(4.08819539721E-03,5.908761826702E-02,
    0.564838071467));
#758 = CARTESIAN_POINT('',(3.633241962783E-03,5.863210882369E-02,
    0.566836698386));
#759 = CARTESIAN_POINT('',(5.951595310697E-03,6.094439973384E-02,
    0.568987643211));
#760 = CARTESIAN_POINT('',(-3.20808592662E-03,5.180443303837E-02,
    0.570506696808));
#761 = CARTESIAN_POINT('',(1.067252569981E-02,6.565687878392E-02,
    0.573290154494));
#762 = CARTESIAN_POINT('',(-3.379324332131E-03,5.163276979901E-02,
    0.574549463594));
#763 = CARTESIAN_POINT('',(4.836925146137E-03,5.983165047358E-02,
    0.577016081634));
#764 = CARTESIAN_POINT('',(3.512236096605E-03,5.850896082464E-02,
    0.5789662276));
#765 = CARTESIAN_POINT('',(3.083466748918E-03,5.80816940532E-02,
    0.580966735706));
#766 = CARTESIAN_POINT('',(-3.660333778264E-04,8.213384558483E-02,
    0.565333899139));
#767 = CARTESIAN_POINT('',(-9.590931485137E-04,8.154075795377E-02,
    0.56732508823));
#768 = CARTESIAN_POINT('',(-1.747898186489E-03,8.075227932113E-02,
    0.569305628223));
#769 = CARTESIAN_POINT('',(-9.990284804245E-04,8.15012167255E-02,
    0.571367060197));
#770 = CARTESIAN_POINT('',(-1.945785480693E-03,8.05550322574E-02,
    0.573342900584));
#771 = CARTESIAN_POINT('',(-9.508146765863E-04,8.154796584823E-02,
    0.575415216246));
#772 = CARTESIAN_POINT('',(-2.065389891036E-03,8.043567624893E-02,
    0.577380876297));
#773 = CARTESIAN_POINT('',(-1.968997508879E-03,8.053141895612E-02,
    0.579408381183));
#774 = CARTESIAN_POINT('',(-1.699464167776E-03,8.080072614912E-02,
    0.581445543083));
#775 = CARTESIAN_POINT('',(1.418941429976E-03,0.111418681421,
    0.566162527791));
#776 = CARTESIAN_POINT('',(9.604387129583E-04,0.110960249713,
    0.568160825431));
#777 = CARTESIAN_POINT('',(6.735465357902E-04,0.110673666689,
    0.570167933805));
#778 = CARTESIAN_POINT('',(1.674870584842E-03,0.111674862509,
    0.572244945927));
#779 = CARTESIAN_POINT('',(-5.300162813644E-04,0.10946974158,
    0.574149414281));
#780 = CARTESIAN_POINT('',(8.139233386054E-04,0.110814319131,
    0.576244605343));
#781 = CARTESIAN_POINT('',(3.933739158215E-04,0.110393110755,
    0.578244685123));
#782 = CARTESIAN_POINT('',(3.594616381307E-04,0.110359430326,
    0.580265856781));
#783 = CARTESIAN_POINT('',(4.314286121263E-04,0.110431260161,
    0.582292534228));
#784 = ADVANCED_FACE('',(#785),#810,.F.);
#785 = FACE_BOUND('',#786,.F.);
#786 = EDGE_LOOP('',(#787,#788,#796,#804));
#787 = ORIENTED_EDGE('',*,*,#426,.T.);
#788 = ORIENTED_EDGE('',*,*,#789,.T.);
#789 = EDGE_CURVE('',#427,#790,#792,.T.);
#790 = VERTEX_POINT('',#791);
#791 = CARTESIAN_POINT('',(1.387778780781E-17,22.3,0.669759222072));
#792 = LINE('',#793,#794);
#793 = CARTESIAN_POINT('',(-1.387778780781E-17,22.3,0.575));
#794 = VECTOR('',#795,1.);
#795 = DIRECTION('',(0.,0.,1.));
#796 = ORIENTED_EDGE('',*,*,#797,.F.);
#797 = EDGE_CURVE('',#798,#790,#800,.T.);
#798 = VERTEX_POINT('',#799);
#799 = CARTESIAN_POINT('',(-1.387778780781E-17,0.1,0.669759222072));
#800 = LINE('',#801,#802);
#801 = CARTESIAN_POINT('',(1.387778780781E-17,0.,0.669759222072));
#802 = VECTOR('',#803,1.);
#803 = DIRECTION('',(0.,1.,-0.));
#804 = ORIENTED_EDGE('',*,*,#805,.F.);
#805 = EDGE_CURVE('',#415,#798,#806,.T.);
#806 = LINE('',#807,#808);
#807 = CARTESIAN_POINT('',(-1.387778780781E-17,0.1,0.575));
#808 = VECTOR('',#809,1.);
#809 = DIRECTION('',(0.,0.,1.));
#810 = PLANE('',#811);
#811 = AXIS2_PLACEMENT_3D('',#812,#813,#814);
#812 = CARTESIAN_POINT('',(0.,0.,0.575));
#813 = DIRECTION('',(1.,0.,-0.));
#814 = DIRECTION('',(0.,0.,1.));
#815 = ADVANCED_FACE('',(#816),#827,.T.);
#816 = FACE_BOUND('',#817,.T.);
#817 = EDGE_LOOP('',(#818,#819,#826));
#818 = ORIENTED_EDGE('',*,*,#471,.F.);
#819 = ORIENTED_EDGE('',*,*,#820,.T.);
#820 = EDGE_CURVE('',#464,#488,#821,.T.);
#821 = CIRCLE('',#822,0.1);
#822 = AXIS2_PLACEMENT_3D('',#823,#824,#825);
#823 = CARTESIAN_POINT('',(0.145220127944,0.145220127944,0.15));
#824 = DIRECTION('',(-1.,-1.329445445314E-16,-3.689952358427E-32));
#825 = DIRECTION('',(1.329445445314E-16,-1.,-2.775557561563E-16));
#826 = ORIENTED_EDGE('',*,*,#487,.F.);
#827 = SPHERICAL_SURFACE('',#828,0.1);
#828 = AXIS2_PLACEMENT_3D('',#829,#830,#831);
#829 = CARTESIAN_POINT('',(0.145220127944,0.145220127944,0.15));
#830 = DIRECTION('',(0.,-2.775557561563E-16,1.));
#831 = DIRECTION('',(-1.,2.499123253613E-16,6.936460443843E-32));
#832 = ADVANCED_FACE('',(#833),#858,.F.);
#833 = FACE_BOUND('',#834,.F.);
#834 = EDGE_LOOP('',(#835,#836,#844,#852));
#835 = ORIENTED_EDGE('',*,*,#463,.F.);
#836 = ORIENTED_EDGE('',*,*,#837,.T.);
#837 = EDGE_CURVE('',#464,#838,#840,.T.);
#838 = VERTEX_POINT('',#839);
#839 = CARTESIAN_POINT('',(10.154779872056,0.145220127944,5.E-02));
#840 = LINE('',#841,#842);
#841 = CARTESIAN_POINT('',(5.517972351448E-02,0.145220127944,5.E-02));
#842 = VECTOR('',#843,1.);
#843 = DIRECTION('',(1.,0.,-0.));
#844 = ORIENTED_EDGE('',*,*,#845,.T.);
#845 = EDGE_CURVE('',#838,#846,#848,.T.);
#846 = VERTEX_POINT('',#847);
#847 = CARTESIAN_POINT('',(10.154779872056,22.254779872056,5.E-02));
#848 = LINE('',#849,#850);
#849 = CARTESIAN_POINT('',(10.154779872056,5.517972351448E-02,5.E-02));
#850 = VECTOR('',#851,1.);
#851 = DIRECTION('',(-0.,1.,-0.));
#852 = ORIENTED_EDGE('',*,*,#853,.F.);
#853 = EDGE_CURVE('',#455,#846,#854,.T.);
#854 = LINE('',#855,#856);
#855 = CARTESIAN_POINT('',(5.517972351448E-02,22.254779872056,5.E-02));
#856 = VECTOR('',#857,1.);
#857 = DIRECTION('',(1.,-0.,-0.));
#858 = PLANE('',#859);
#859 = AXIS2_PLACEMENT_3D('',#860,#861,#862);
#860 = CARTESIAN_POINT('',(0.,0.,5.E-02));
#861 = DIRECTION('',(0.,0.,1.));
#862 = DIRECTION('',(1.,0.,-0.));
#863 = ADVANCED_FACE('',(#864),#889,.T.);
#864 = FACE_BOUND('',#865,.T.);
#865 = EDGE_LOOP('',(#866,#867,#875,#883));
#866 = ORIENTED_EDGE('',*,*,#496,.T.);
#867 = ORIENTED_EDGE('',*,*,#868,.T.);
#868 = EDGE_CURVE('',#488,#869,#871,.T.);
#869 = VERTEX_POINT('',#870);
#870 = CARTESIAN_POINT('',(10.154779872056,4.576793840744E-02,
    0.139547153673));
#871 = LINE('',#872,#873);
#872 = CARTESIAN_POINT('',(5.517972351448E-02,4.576793840744E-02,
    0.139547153673));
#873 = VECTOR('',#874,1.);
#874 = DIRECTION('',(1.,0.,-0.));
#875 = ORIENTED_EDGE('',*,*,#876,.F.);
#876 = EDGE_CURVE('',#877,#869,#879,.T.);
#877 = VERTEX_POINT('',#878);
#878 = CARTESIAN_POINT('',(10.2,5.478104631727E-04,0.569787931602));
#879 = LINE('',#880,#881);
#880 = CARTESIAN_POINT('',(10.201622700477,-1.074890013952E-03,
    0.585226895341));
#881 = VECTOR('',#882,1.);
#882 = DIRECTION('',(-0.103962051184,0.103962051184,-0.989132844378));
#883 = ORIENTED_EDGE('',*,*,#884,.F.);
#884 = EDGE_CURVE('',#497,#877,#885,.T.);
#885 = LINE('',#886,#887);
#886 = CARTESIAN_POINT('',(0.,5.478104631727E-04,0.569787931602));
#887 = VECTOR('',#888,1.);
#888 = DIRECTION('',(1.,0.,-0.));
#889 = PLANE('',#890);
#890 = AXIS2_PLACEMENT_3D('',#891,#892,#893);
#891 = CARTESIAN_POINT('',(0.,0.,0.575));
#892 = DIRECTION('',(0.,-0.994521895368,-0.104528463268));
#893 = DIRECTION('',(1.,0.,0.));
#894 = ADVANCED_FACE('',(#895),#917,.T.);
#895 = FACE_BOUND('',#896,.T.);
#896 = EDGE_LOOP('',(#897,#898,#906,#916));
#897 = ORIENTED_EDGE('',*,*,#536,.T.);
#898 = ORIENTED_EDGE('',*,*,#899,.T.);
#899 = EDGE_CURVE('',#525,#900,#902,.T.);
#900 = VERTEX_POINT('',#901);
#901 = CARTESIAN_POINT('',(10.2,22.4,0.580240777928));
#902 = LINE('',#903,#904);
#903 = CARTESIAN_POINT('',(0.,22.4,0.580240777928));
#904 = VECTOR('',#905,1.);
#905 = DIRECTION('',(1.,0.,-0.));
#906 = ORIENTED_EDGE('',*,*,#907,.T.);
#907 = EDGE_CURVE('',#900,#641,#908,.T.);
#908 = ( BOUNDED_CURVE() B_SPLINE_CURVE(6,(#909,#910,#911,#912,#913,#914
,#915),.UNSPECIFIED.,.F.,.F.) B_SPLINE_CURVE_WITH_KNOTS((7,7),(0.,
0.10471975512),.PIECEWISE_BEZIER_KNOTS.) CURVE() 
GEOMETRIC_REPRESENTATION_ITEM() RATIONAL_B_SPLINE_CURVE((1.000137088577,
    1.00004568784,0.999990860763,0.999972587294,0.999990860763,
1.00004568784,1.000137088577)) REPRESENTATION_ITEM('') );
#909 = CARTESIAN_POINT('',(10.2,22.4,0.580240777928));
#910 = CARTESIAN_POINT('',(10.2,22.4,0.578495289159));
#911 = CARTESIAN_POINT('',(10.2,22.399963440564,0.57674999185));
#912 = CARTESIAN_POINT('',(10.2,22.399890334724,0.575005747314));
#913 = CARTESIAN_POINT('',(10.2,22.399780716882,0.57326341629));
#914 = CARTESIAN_POINT('',(10.2,22.399634642796,0.571523858401));
#915 = CARTESIAN_POINT('',(10.2,22.399452189537,0.569787931602));
#916 = ORIENTED_EDGE('',*,*,#648,.F.);
#917 = CYLINDRICAL_SURFACE('',#918,0.1);
#918 = AXIS2_PLACEMENT_3D('',#919,#920,#921);
#919 = CARTESIAN_POINT('',(0.,22.3,0.580240777928));
#920 = DIRECTION('',(1.,0.,-0.));
#921 = DIRECTION('',(-0.,0.994521895368,-0.104528463268));
#922 = ADVANCED_FACE('',(#923),#945,.T.);
#923 = FACE_BOUND('',#924,.T.);
#924 = EDGE_LOOP('',(#925,#926,#938,#944));
#925 = ORIENTED_EDGE('',*,*,#789,.T.);
#926 = ORIENTED_EDGE('',*,*,#927,.F.);
#927 = EDGE_CURVE('',#928,#790,#930,.T.);
#928 = VERTEX_POINT('',#929);
#929 = CARTESIAN_POINT('',(0.1,22.4,0.669759222072));
#930 = ( BOUNDED_CURVE() B_SPLINE_CURVE(6,(#931,#932,#933,#934,#935,#936
,#937),.UNSPECIFIED.,.F.,.F.) B_SPLINE_CURVE_WITH_KNOTS((7,7),(0.,
1.570796326795),.PIECEWISE_BEZIER_KNOTS.) CURVE() 
GEOMETRIC_REPRESENTATION_ITEM() RATIONAL_B_SPLINE_CURVE((1.031393471788,
    1.010025407661,0.997924642725,0.993958444137,0.997924642725,
1.010025407661,1.031393471788)) REPRESENTATION_ITEM('') );
#931 = CARTESIAN_POINT('',(0.1,22.4,0.669759222072));
#932 = CARTESIAN_POINT('',(7.326632168471E-02,22.4,0.669759222072));
#933 = CARTESIAN_POINT('',(4.722914274178E-02,22.391499564937,
    0.669759222072));
#934 = CARTESIAN_POINT('',(2.480804867977E-02,22.37519195132,
    0.669759222072));
#935 = CARTESIAN_POINT('',(8.500435063369E-03,22.352770857258,
    0.669759222072));
#936 = CARTESIAN_POINT('',(1.249000902703E-16,22.326733678315,
    0.669759222072));
#937 = CARTESIAN_POINT('',(-1.387778780781E-17,22.3,0.669759222072));
#938 = ORIENTED_EDGE('',*,*,#939,.F.);
#939 = EDGE_CURVE('',#525,#928,#940,.T.);
#940 = LINE('',#941,#942);
#941 = CARTESIAN_POINT('',(0.1,22.4,0.575));
#942 = VECTOR('',#943,1.);
#943 = DIRECTION('',(0.,0.,1.));
#944 = ORIENTED_EDGE('',*,*,#524,.T.);
#945 = CYLINDRICAL_SURFACE('',#946,0.1);
#946 = AXIS2_PLACEMENT_3D('',#947,#948,#949);
#947 = CARTESIAN_POINT('',(0.1,22.3,0.575));
#948 = DIRECTION('',(0.,0.,1.));
#949 = DIRECTION('',(-1.,-0.,0.));
#950 = ADVANCED_FACE('',(#951),#963,.T.);
#951 = FACE_BOUND('',#952,.T.);
#952 = EDGE_LOOP('',(#953,#954,#961,#962));
#953 = ORIENTED_EDGE('',*,*,#632,.T.);
#954 = ORIENTED_EDGE('',*,*,#955,.F.);
#955 = EDGE_CURVE('',#846,#633,#956,.T.);
#956 = CIRCLE('',#957,0.1);
#957 = AXIS2_PLACEMENT_3D('',#958,#959,#960);
#958 = CARTESIAN_POINT('',(10.154779872056,22.254779872056,0.15));
#959 = DIRECTION('',(1.,-0.,0.));
#960 = DIRECTION('',(0.,1.,-3.552713678801E-14));
#961 = ORIENTED_EDGE('',*,*,#853,.F.);
#962 = ORIENTED_EDGE('',*,*,#663,.T.);
#963 = CYLINDRICAL_SURFACE('',#964,0.1);
#964 = AXIS2_PLACEMENT_3D('',#965,#966,#967);
#965 = CARTESIAN_POINT('',(5.517972351448E-02,22.254779872056,0.15));
#966 = DIRECTION('',(1.,-0.,-0.));
#967 = DIRECTION('',(0.,0.994521895368,-0.104528463268));
#968 = ADVANCED_FACE('',(#969),#999,.T.);
#969 = FACE_BOUND('',#970,.T.);
#970 = EDGE_LOOP('',(#971,#983,#991,#998));
#971 = ORIENTED_EDGE('',*,*,#972,.T.);
#972 = EDGE_CURVE('',#641,#973,#975,.T.);
#973 = VERTEX_POINT('',#974);
#974 = CARTESIAN_POINT('',(10.299452189537,22.3,0.569787931602));
#975 = ( BOUNDED_CURVE() B_SPLINE_CURVE(6,(#976,#977,#978,#979,#980,#981
,#982),.UNSPECIFIED.,.F.,.F.) B_SPLINE_CURVE_WITH_KNOTS((7,7),(0.,
1.559869909752),.PIECEWISE_BEZIER_KNOTS.) CURVE() 
GEOMETRIC_REPRESENTATION_ITEM() RATIONAL_B_SPLINE_CURVE((1.030950613501,
    1.009890100201,0.997953445068,0.994040710927,0.997953445068,
1.009890100201,1.030950613501)) REPRESENTATION_ITEM('') );
#976 = CARTESIAN_POINT('',(10.2,22.399452189537,0.569787931602));
#977 = CARTESIAN_POINT('',(10.226396068307,22.399163780825,
    0.567043906005));
#978 = CARTESIAN_POINT('',(10.252114481755,22.390549925217,
    0.565246144534));
#979 = CARTESIAN_POINT('',(10.274311721695,22.374311721695,
    0.564619824568));
#980 = CARTESIAN_POINT('',(10.290549925217,22.352114481755,
    0.565246144534));
#981 = CARTESIAN_POINT('',(10.299163780825,22.326396068307,
    0.567043906005));
#982 = CARTESIAN_POINT('',(10.299452189537,22.3,0.569787931602));
#983 = ORIENTED_EDGE('',*,*,#984,.T.);
#984 = EDGE_CURVE('',#973,#985,#987,.T.);
#985 = VERTEX_POINT('',#986);
#986 = CARTESIAN_POINT('',(10.254232061593,22.254779872056,
    0.139547153673));
#987 = LINE('',#988,#989);
#988 = CARTESIAN_POINT('',(10.301074890014,22.301622700477,
    0.585226895341));
#989 = VECTOR('',#990,1.);
#990 = DIRECTION('',(-0.103962051184,-0.103962051184,-0.989132844378));
#991 = ORIENTED_EDGE('',*,*,#992,.F.);
#992 = EDGE_CURVE('',#633,#985,#993,.T.);
#993 = CIRCLE('',#994,0.1);
#994 = AXIS2_PLACEMENT_3D('',#995,#996,#997);
#995 = CARTESIAN_POINT('',(10.154779872056,22.254779872056,0.15));
#996 = DIRECTION('',(-0.103962051185,-0.103962051185,-0.989132844378));
#997 = DIRECTION('',(-1.175448627322E-14,0.994521895368,-0.104528463268)
  );
#998 = ORIENTED_EDGE('',*,*,#640,.F.);
#999 = CYLINDRICAL_SURFACE('',#1000,0.1);
#1000 = AXIS2_PLACEMENT_3D('',#1001,#1002,#1003);
#1001 = CARTESIAN_POINT('',(10.201622700477,22.301622700477,
    0.595679741668));
#1002 = DIRECTION('',(-0.103962051184,-0.103962051184,-0.989132844378));
#1003 = DIRECTION('',(9.1635032895E-14,0.994521895368,-0.104528463267));
#1004 = ADVANCED_FACE('',(#1005),#1027,.T.);
#1005 = FACE_BOUND('',#1006,.T.);
#1006 = EDGE_LOOP('',(#1007,#1008,#1020,#1026));
#1007 = ORIENTED_EDGE('',*,*,#884,.T.);
#1008 = ORIENTED_EDGE('',*,*,#1009,.F.);
#1009 = EDGE_CURVE('',#1010,#877,#1012,.T.);
#1010 = VERTEX_POINT('',#1011);
#1011 = CARTESIAN_POINT('',(10.2,-3.608224830032E-16,0.580240777928));
#1012 = ( BOUNDED_CURVE() B_SPLINE_CURVE(6,(#1013,#1014,#1015,#1016,
#1017,#1018,#1019),.UNSPECIFIED.,.F.,.F.) B_SPLINE_CURVE_WITH_KNOTS((7,7
),(0.,0.10471975512),.PIECEWISE_BEZIER_KNOTS.) CURVE() 
GEOMETRIC_REPRESENTATION_ITEM() RATIONAL_B_SPLINE_CURVE((1.000137088577,
    1.00004568784,0.999990860763,0.999972587294,0.999990860763,
1.00004568784,1.000137088577)) REPRESENTATION_ITEM('') );
#1013 = CARTESIAN_POINT('',(10.2,2.775557561563E-17,0.580240777928));
#1014 = CARTESIAN_POINT('',(10.2,5.551115123126E-17,0.578495289159));
#1015 = CARTESIAN_POINT('',(10.2,3.655943564777E-05,0.57674999185));
#1016 = CARTESIAN_POINT('',(10.2,1.096652759717E-04,0.575005747314));
#1017 = CARTESIAN_POINT('',(10.2,2.192831180766E-04,0.57326341629));
#1018 = CARTESIAN_POINT('',(10.2,3.653572044893E-04,0.571523858401));
#1019 = CARTESIAN_POINT('',(10.2,5.478104631727E-04,0.569787931602));
#1020 = ORIENTED_EDGE('',*,*,#1021,.F.);
#1021 = EDGE_CURVE('',#682,#1010,#1022,.T.);
#1022 = LINE('',#1023,#1024);
#1023 = CARTESIAN_POINT('',(0.,2.775557561563E-17,0.580240777928));
#1024 = VECTOR('',#1025,1.);
#1025 = DIRECTION('',(1.,0.,-0.));
#1026 = ORIENTED_EDGE('',*,*,#693,.F.);
#1027 = CYLINDRICAL_SURFACE('',#1028,0.1);
#1028 = AXIS2_PLACEMENT_3D('',#1029,#1030,#1031);
#1029 = CARTESIAN_POINT('',(0.,0.1,0.580240777928));
#1030 = DIRECTION('',(1.,0.,-0.));
#1031 = DIRECTION('',(0.,-0.994521895368,-0.104528463268));
#1032 = ADVANCED_FACE('',(#1033),#1055,.T.);
#1033 = FACE_BOUND('',#1034,.T.);
#1034 = EDGE_LOOP('',(#1035,#1036,#1044,#1054));
#1035 = ORIENTED_EDGE('',*,*,#681,.F.);
#1036 = ORIENTED_EDGE('',*,*,#1037,.T.);
#1037 = EDGE_CURVE('',#682,#1038,#1040,.T.);
#1038 = VERTEX_POINT('',#1039);
#1039 = CARTESIAN_POINT('',(0.1,-1.387778780781E-17,0.669759222072));
#1040 = LINE('',#1041,#1042);
#1041 = CARTESIAN_POINT('',(0.1,-1.387778780781E-17,0.575));
#1042 = VECTOR('',#1043,1.);
#1043 = DIRECTION('',(0.,0.,1.));
#1044 = ORIENTED_EDGE('',*,*,#1045,.F.);
#1045 = EDGE_CURVE('',#798,#1038,#1046,.T.);
#1046 = ( BOUNDED_CURVE() B_SPLINE_CURVE(6,(#1047,#1048,#1049,#1050,
#1051,#1052,#1053),.UNSPECIFIED.,.F.,.F.) B_SPLINE_CURVE_WITH_KNOTS((7,7
),(0.,1.570796326795),.PIECEWISE_BEZIER_KNOTS.) CURVE() 
GEOMETRIC_REPRESENTATION_ITEM() RATIONAL_B_SPLINE_CURVE((1.031393471788,
    1.010025407661,0.997924642725,0.993958444137,0.997924642725,
1.010025407661,1.031393471788)) REPRESENTATION_ITEM('') );
#1047 = CARTESIAN_POINT('',(-1.387778780781E-17,0.1,0.669759222072));
#1048 = CARTESIAN_POINT('',(1.249000902703E-16,7.326632168471E-02,
    0.669759222072));
#1049 = CARTESIAN_POINT('',(8.500435063369E-03,4.722914274178E-02,
    0.669759222072));
#1050 = CARTESIAN_POINT('',(2.480804867977E-02,2.480804867977E-02,
    0.669759222072));
#1051 = CARTESIAN_POINT('',(4.722914274178E-02,8.500435063369E-03,
    0.669759222072));
#1052 = CARTESIAN_POINT('',(7.326632168471E-02,-1.387778780781E-17,
    0.669759222072));
#1053 = CARTESIAN_POINT('',(0.1,-1.387778780781E-17,0.669759222072));
#1054 = ORIENTED_EDGE('',*,*,#805,.F.);
#1055 = CYLINDRICAL_SURFACE('',#1056,0.1);
#1056 = AXIS2_PLACEMENT_3D('',#1057,#1058,#1059);
#1057 = CARTESIAN_POINT('',(0.1,0.1,0.575));
#1058 = DIRECTION('',(0.,0.,1.));
#1059 = DIRECTION('',(-1.,-0.,0.));
#1060 = ADVANCED_FACE('',(#1061),#1094,.T.);
#1061 = FACE_BOUND('',#1062,.T.);
#1062 = EDGE_LOOP('',(#1063,#1075,#1083,#1093));
#1063 = ORIENTED_EDGE('',*,*,#1064,.F.);
#1064 = EDGE_CURVE('',#1065,#798,#1067,.T.);
#1065 = VERTEX_POINT('',#1066);
#1066 = CARTESIAN_POINT('',(5.478104631727E-04,0.1,0.680212068398));
#1067 = ( BOUNDED_CURVE() B_SPLINE_CURVE(6,(#1068,#1069,#1070,#1071,
#1072,#1073,#1074),.UNSPECIFIED.,.F.,.F.) B_SPLINE_CURVE_WITH_KNOTS((7,7
),(0.,0.10471975512),.PIECEWISE_BEZIER_KNOTS.) CURVE() 
GEOMETRIC_REPRESENTATION_ITEM() RATIONAL_B_SPLINE_CURVE((1.000137088577,
    1.00004568784,0.999990860763,0.999972587294,0.999990860763,
1.00004568784,1.000137088577)) REPRESENTATION_ITEM('') );
#1068 = CARTESIAN_POINT('',(5.478104631727E-04,0.1,0.680212068398));
#1069 = CARTESIAN_POINT('',(3.653572044893E-04,0.1,0.678476141599));
#1070 = CARTESIAN_POINT('',(2.192831180767E-04,0.1,0.67673658371));
#1071 = CARTESIAN_POINT('',(1.096652759717E-04,0.1,0.674994252686));
#1072 = CARTESIAN_POINT('',(3.655943564763E-05,0.1,0.67325000815));
#1073 = CARTESIAN_POINT('',(1.387778780781E-16,0.1,0.671504710841));
#1074 = CARTESIAN_POINT('',(1.387778780781E-17,0.1,0.669759222072));
#1075 = ORIENTED_EDGE('',*,*,#1076,.T.);
#1076 = EDGE_CURVE('',#1065,#1077,#1079,.T.);
#1077 = VERTEX_POINT('',#1078);
#1078 = CARTESIAN_POINT('',(5.478104631727E-04,22.3,0.680212068398));
#1079 = LINE('',#1080,#1081);
#1080 = CARTESIAN_POINT('',(5.478104631727E-04,0.,0.680212068398));
#1081 = VECTOR('',#1082,1.);
#1082 = DIRECTION('',(0.,1.,-0.));
#1083 = ORIENTED_EDGE('',*,*,#1084,.F.);
#1084 = EDGE_CURVE('',#790,#1077,#1085,.T.);
#1085 = ( BOUNDED_CURVE() B_SPLINE_CURVE(6,(#1086,#1087,#1088,#1089,
#1090,#1091,#1092),.UNSPECIFIED.,.F.,.F.) B_SPLINE_CURVE_WITH_KNOTS((7,7
),(0.,0.10471975512),.PIECEWISE_BEZIER_KNOTS.) CURVE() 
GEOMETRIC_REPRESENTATION_ITEM() RATIONAL_B_SPLINE_CURVE((1.000137088577,
    1.00004568784,0.999990860763,0.999972587294,0.999990860763,
1.00004568784,1.000137088577)) REPRESENTATION_ITEM('') );
#1086 = CARTESIAN_POINT('',(1.387778780781E-17,22.3,0.669759222072));
#1087 = CARTESIAN_POINT('',(1.387778780781E-16,22.3,0.671504710841));
#1088 = CARTESIAN_POINT('',(3.655943564763E-05,22.3,0.67325000815));
#1089 = CARTESIAN_POINT('',(1.096652759717E-04,22.3,0.674994252686));
#1090 = CARTESIAN_POINT('',(2.192831180767E-04,22.3,0.67673658371));
#1091 = CARTESIAN_POINT('',(3.653572044893E-04,22.3,0.678476141599));
#1092 = CARTESIAN_POINT('',(5.478104631727E-04,22.3,0.680212068398));
#1093 = ORIENTED_EDGE('',*,*,#797,.F.);
#1094 = CYLINDRICAL_SURFACE('',#1095,0.1);
#1095 = AXIS2_PLACEMENT_3D('',#1096,#1097,#1098);
#1096 = CARTESIAN_POINT('',(0.1,0.,0.669759222072));
#1097 = DIRECTION('',(0.,1.,-0.));
#1098 = DIRECTION('',(-1.,0.,0.));
#1099 = ADVANCED_FACE('',(#1100),#1112,.T.);
#1100 = FACE_BOUND('',#1101,.T.);
#1101 = EDGE_LOOP('',(#1102,#1103,#1104,#1111));
#1102 = ORIENTED_EDGE('',*,*,#820,.F.);
#1103 = ORIENTED_EDGE('',*,*,#837,.T.);
#1104 = ORIENTED_EDGE('',*,*,#1105,.T.);
#1105 = EDGE_CURVE('',#838,#869,#1106,.T.);
#1106 = CIRCLE('',#1107,0.1);
#1107 = AXIS2_PLACEMENT_3D('',#1108,#1109,#1110);
#1108 = CARTESIAN_POINT('',(10.154779872056,0.145220127944,0.15));
#1109 = DIRECTION('',(-1.,0.,0.));
#1110 = DIRECTION('',(0.,-1.,0.));
#1111 = ORIENTED_EDGE('',*,*,#868,.F.);
#1112 = CYLINDRICAL_SURFACE('',#1113,0.1);
#1113 = AXIS2_PLACEMENT_3D('',#1114,#1115,#1116);
#1114 = CARTESIAN_POINT('',(5.517972351448E-02,0.145220127944,0.15));
#1115 = DIRECTION('',(1.,0.,-0.));
#1116 = DIRECTION('',(0.,-0.994521895368,-0.104528463268));
#1117 = ADVANCED_FACE('',(#1118),#1143,.T.);
#1118 = FACE_BOUND('',#1119,.T.);
#1119 = EDGE_LOOP('',(#1120,#1121,#1128,#1136));
#1120 = ORIENTED_EDGE('',*,*,#845,.T.);
#1121 = ORIENTED_EDGE('',*,*,#1122,.T.);
#1122 = EDGE_CURVE('',#846,#985,#1123,.T.);
#1123 = CIRCLE('',#1124,0.1);
#1124 = AXIS2_PLACEMENT_3D('',#1125,#1126,#1127);
#1125 = CARTESIAN_POINT('',(10.154779872056,22.254779872056,0.15));
#1126 = DIRECTION('',(6.123233995737E-17,-1.,3.552713678801E-14));
#1127 = DIRECTION('',(1.,6.123233995737E-17,-2.175409717515E-30));
#1128 = ORIENTED_EDGE('',*,*,#1129,.F.);
#1129 = EDGE_CURVE('',#1130,#985,#1132,.T.);
#1130 = VERTEX_POINT('',#1131);
#1131 = CARTESIAN_POINT('',(10.254232061593,0.145220127944,
    0.139547153673));
#1132 = LINE('',#1133,#1134);
#1133 = CARTESIAN_POINT('',(10.254232061593,5.517972351448E-02,
    0.139547153673));
#1134 = VECTOR('',#1135,1.);
#1135 = DIRECTION('',(-0.,1.,-0.));
#1136 = ORIENTED_EDGE('',*,*,#1137,.F.);
#1137 = EDGE_CURVE('',#838,#1130,#1138,.T.);
#1138 = CIRCLE('',#1139,0.1);
#1139 = AXIS2_PLACEMENT_3D('',#1140,#1141,#1142);
#1140 = CARTESIAN_POINT('',(10.154779872056,0.145220127944,0.15));
#1141 = DIRECTION('',(3.828568698927E-16,-1.,0.));
#1142 = DIRECTION('',(1.,3.828568698927E-16,0.));
#1143 = CYLINDRICAL_SURFACE('',#1144,0.1);
#1144 = AXIS2_PLACEMENT_3D('',#1145,#1146,#1147);
#1145 = CARTESIAN_POINT('',(10.154779872056,5.517972351448E-02,0.15));
#1146 = DIRECTION('',(-0.,1.,-0.));
#1147 = DIRECTION('',(0.,0.,-1.));
#1148 = ADVANCED_FACE('',(#1149),#1177,.T.);
#1149 = FACE_BOUND('',#1150,.T.);
#1150 = EDGE_LOOP('',(#1151,#1152,#1159,#1167));
#1151 = ORIENTED_EDGE('',*,*,#876,.T.);
#1152 = ORIENTED_EDGE('',*,*,#1153,.T.);
#1153 = EDGE_CURVE('',#869,#1130,#1154,.T.);
#1154 = CIRCLE('',#1155,0.1);
#1155 = AXIS2_PLACEMENT_3D('',#1156,#1157,#1158);
#1156 = CARTESIAN_POINT('',(10.154779872056,0.145220127944,0.15));
#1157 = DIRECTION('',(0.103962051184,-0.103962051184,0.989132844378));
#1158 = DIRECTION('',(9.1635032895E-14,-0.994521895368,-0.104528463267)
  );
#1159 = ORIENTED_EDGE('',*,*,#1160,.F.);
#1160 = EDGE_CURVE('',#1161,#1130,#1163,.T.);
#1161 = VERTEX_POINT('',#1162);
#1162 = CARTESIAN_POINT('',(10.299452189537,0.1,0.569787931602));
#1163 = LINE('',#1164,#1165);
#1164 = CARTESIAN_POINT('',(10.301074890014,9.837729952288E-02,
    0.585226895341));
#1165 = VECTOR('',#1166,1.);
#1166 = DIRECTION('',(-0.103962051184,0.103962051184,-0.989132844378));
#1167 = ORIENTED_EDGE('',*,*,#1168,.F.);
#1168 = EDGE_CURVE('',#877,#1161,#1169,.T.);
#1169 = ( BOUNDED_CURVE() B_SPLINE_CURVE(6,(#1170,#1171,#1172,#1173,
#1174,#1175,#1176),.UNSPECIFIED.,.F.,.F.) B_SPLINE_CURVE_WITH_KNOTS((7,7
),(0.,1.559869909752),.PIECEWISE_BEZIER_KNOTS.) CURVE() 
GEOMETRIC_REPRESENTATION_ITEM() RATIONAL_B_SPLINE_CURVE((1.030950613501,
    1.009890100201,0.997953445068,0.994040710927,0.997953445068,
1.009890100201,1.030950613501)) REPRESENTATION_ITEM('') );
#1170 = CARTESIAN_POINT('',(10.2,5.478104631727E-04,0.569787931602));
#1171 = CARTESIAN_POINT('',(10.226396068307,8.362191750262E-04,
    0.567043906005));
#1172 = CARTESIAN_POINT('',(10.252114481755,9.450074782514E-03,
    0.565246144534));
#1173 = CARTESIAN_POINT('',(10.274311721695,2.568827830487E-02,
    0.564619824568));
#1174 = CARTESIAN_POINT('',(10.290549925217,4.788551824518E-02,
    0.565246144534));
#1175 = CARTESIAN_POINT('',(10.299163780825,7.360393169276E-02,
    0.567043906005));
#1176 = CARTESIAN_POINT('',(10.299452189537,0.1,0.569787931602));
#1177 = CYLINDRICAL_SURFACE('',#1178,0.1);
#1178 = AXIS2_PLACEMENT_3D('',#1179,#1180,#1181);
#1179 = CARTESIAN_POINT('',(10.201622700477,9.837729952288E-02,
    0.595679741668));
#1180 = DIRECTION('',(-0.103962051184,0.103962051184,-0.989132844378));
#1181 = DIRECTION('',(9.1635032895E-14,-0.994521895368,-0.104528463267)
  );
#1182 = ADVANCED_FACE('',(#1183),#1201,.T.);
#1183 = FACE_BOUND('',#1184,.T.);
#1184 = EDGE_LOOP('',(#1185,#1186,#1187,#1195));
#1185 = ORIENTED_EDGE('',*,*,#899,.F.);
#1186 = ORIENTED_EDGE('',*,*,#939,.T.);
#1187 = ORIENTED_EDGE('',*,*,#1188,.T.);
#1188 = EDGE_CURVE('',#928,#1189,#1191,.T.);
#1189 = VERTEX_POINT('',#1190);
#1190 = CARTESIAN_POINT('',(10.2,22.4,0.669759222072));
#1191 = LINE('',#1192,#1193);
#1192 = CARTESIAN_POINT('',(1.387778780781E-17,22.4,0.669759222072));
#1193 = VECTOR('',#1194,1.);
#1194 = DIRECTION('',(1.,0.,0.));
#1195 = ORIENTED_EDGE('',*,*,#1196,.F.);
#1196 = EDGE_CURVE('',#900,#1189,#1197,.T.);
#1197 = LINE('',#1198,#1199);
#1198 = CARTESIAN_POINT('',(10.2,22.4,0.575));
#1199 = VECTOR('',#1200,1.);
#1200 = DIRECTION('',(0.,0.,1.));
#1201 = PLANE('',#1202);
#1202 = AXIS2_PLACEMENT_3D('',#1203,#1204,#1205);
#1203 = CARTESIAN_POINT('',(0.,22.4,0.575));
#1204 = DIRECTION('',(-0.,1.,0.));
#1205 = DIRECTION('',(0.,0.,1.));
#1206 = ADVANCED_FACE('',(#1207),#1233,.T.);
#1207 = FACE_BOUND('',#1208,.T.);
#1208 = EDGE_LOOP('',(#1209,#1210,#1211,#1223));
#1209 = ORIENTED_EDGE('',*,*,#972,.F.);
#1210 = ORIENTED_EDGE('',*,*,#907,.F.);
#1211 = ORIENTED_EDGE('',*,*,#1212,.F.);
#1212 = EDGE_CURVE('',#1213,#900,#1215,.T.);
#1213 = VERTEX_POINT('',#1214);
#1214 = CARTESIAN_POINT('',(10.3,22.3,0.580240777928));
#1215 = ( BOUNDED_CURVE() B_SPLINE_CURVE(6,(#1216,#1217,#1218,#1219,
#1220,#1221,#1222),.UNSPECIFIED.,.F.,.F.) B_SPLINE_CURVE_WITH_KNOTS((7,7
),(0.,1.570796326795),.PIECEWISE_BEZIER_KNOTS.) CURVE() 
GEOMETRIC_REPRESENTATION_ITEM() RATIONAL_B_SPLINE_CURVE((1.031393471788,
    1.010025407661,0.997924642725,0.993958444137,0.997924642725,
1.010025407661,1.031393471788)) REPRESENTATION_ITEM('') );
#1216 = CARTESIAN_POINT('',(10.3,22.3,0.580240777928));
#1217 = CARTESIAN_POINT('',(10.3,22.326733678315,0.580240777928));
#1218 = CARTESIAN_POINT('',(10.291499564937,22.352770857258,
    0.580240777928));
#1219 = CARTESIAN_POINT('',(10.27519195132,22.37519195132,0.580240777928
    ));
#1220 = CARTESIAN_POINT('',(10.252770857258,22.391499564937,
    0.580240777928));
#1221 = CARTESIAN_POINT('',(10.226733678315,22.4,0.580240777928));
#1222 = CARTESIAN_POINT('',(10.2,22.4,0.580240777928));
#1223 = ORIENTED_EDGE('',*,*,#1224,.F.);
#1224 = EDGE_CURVE('',#973,#1213,#1225,.T.);
#1225 = ( BOUNDED_CURVE() B_SPLINE_CURVE(6,(#1226,#1227,#1228,#1229,
#1230,#1231,#1232),.UNSPECIFIED.,.F.,.F.) B_SPLINE_CURVE_WITH_KNOTS((7,7
),(0.,0.10471975512),.PIECEWISE_BEZIER_KNOTS.) CURVE() 
GEOMETRIC_REPRESENTATION_ITEM() RATIONAL_B_SPLINE_CURVE((1.000137088577,
    1.00004568784,0.999990860763,0.999972587294,0.999990860763,
1.00004568784,1.000137088577)) REPRESENTATION_ITEM('') );
#1226 = CARTESIAN_POINT('',(10.299452189537,22.3,0.569787931602));
#1227 = CARTESIAN_POINT('',(10.299634642796,22.3,0.571523858401));
#1228 = CARTESIAN_POINT('',(10.299780716882,22.3,0.57326341629));
#1229 = CARTESIAN_POINT('',(10.299890334724,22.3,0.575005747314));
#1230 = CARTESIAN_POINT('',(10.299963440564,22.3,0.57674999185));
#1231 = CARTESIAN_POINT('',(10.3,22.3,0.578495289159));
#1232 = CARTESIAN_POINT('',(10.3,22.3,0.580240777928));
#1233 = B_SPLINE_SURFACE_WITH_KNOTS('',8,8,(
    (#1234,#1235,#1236,#1237,#1238,#1239,#1240,#1241,#1242)
    ,(#1243,#1244,#1245,#1246,#1247,#1248,#1249,#1250,#1251)
    ,(#1252,#1253,#1254,#1255,#1256,#1257,#1258,#1259,#1260)
    ,(#1261,#1262,#1263,#1264,#1265,#1266,#1267,#1268,#1269)
    ,(#1270,#1271,#1272,#1273,#1274,#1275,#1276,#1277,#1278)
    ,(#1279,#1280,#1281,#1282,#1283,#1284,#1285,#1286,#1287)
    ,(#1288,#1289,#1290,#1291,#1292,#1293,#1294,#1295,#1296)
    ,(#1297,#1298,#1299,#1300,#1301,#1302,#1303,#1304,#1305)
    ,(#1306,#1307,#1308,#1309,#1310,#1311,#1312,#1313,#1314
  )),.UNSPECIFIED.,.F.,.F.,.F.,(9,9),(9,9),(-7.778174593054E-02,
    7.77817459305E-02),(-7.315613219614E-03,8.855910256723E-03),
  .PIECEWISE_BEZIER_KNOTS.);
#1234 = CARTESIAN_POINT('',(10.189568739838,22.399568571387,
    0.582292534228));
#1235 = CARTESIAN_POINT('',(10.189640569674,22.399640538362,
    0.580265856781));
#1236 = CARTESIAN_POINT('',(10.189606889245,22.399606626084,
    0.578244685123));
#1237 = CARTESIAN_POINT('',(10.18918568087,22.399186076662,
    0.576244605343));
#1238 = CARTESIAN_POINT('',(10.190530258419,22.400530016281,
    0.574149414281));
#1239 = CARTESIAN_POINT('',(10.188325137492,22.398325129416,
    0.572244945927));
#1240 = CARTESIAN_POINT('',(10.189326333311,22.399326453464,
    0.570167933805));
#1241 = CARTESIAN_POINT('',(10.189039750287,22.399039561287,
    0.568160825431));
#1242 = CARTESIAN_POINT('',(10.18858131858,22.398581058571,
    0.566162527791));
#1243 = CARTESIAN_POINT('',(10.219199273851,22.401699464168,
    0.581445543083));
#1244 = CARTESIAN_POINT('',(10.219468581046,22.401968997505,
    0.579408381183));
#1245 = CARTESIAN_POINT('',(10.21956432375,22.402065389909,
    0.577380876298));
#1246 = CARTESIAN_POINT('',(10.218452034151,22.400950814639,
    0.575415216244));
#1247 = CARTESIAN_POINT('',(10.219444967744,22.401945785528,
    0.573342900585));
#1248 = CARTESIAN_POINT('',(10.218498783274,22.400999028442,
    0.571367060196));
#1249 = CARTESIAN_POINT('',(10.219247720678,22.401747898205,
    0.569305628224));
#1250 = CARTESIAN_POINT('',(10.218459242046,22.400959093143,
    0.567325088229));
#1251 = CARTESIAN_POINT('',(10.217866154415,22.400366033378,
    0.565333899139));
#1252 = CARTESIAN_POINT('',(10.241918305946,22.396916533251,
    0.580966735706));
#1253 = CARTESIAN_POINT('',(10.241491039171,22.396487763918,0.5789662276
    ));
#1254 = CARTESIAN_POINT('',(10.240168349529,22.395163074786,
    0.577016081631));
#1255 = CARTESIAN_POINT('',(10.248367230197,22.403379324466,
    0.574549463599));
#1256 = CARTESIAN_POINT('',(10.234343121217,22.389327474129,
    0.573290154488));
#1257 = CARTESIAN_POINT('',(10.248195566966,22.403208086073,
    0.570506696813));
#1258 = CARTESIAN_POINT('',(10.239055600265,22.394048404615,
    0.568987643209));
#1259 = CARTESIAN_POINT('',(10.241367891176,22.396366758057,
    0.566836698387));
#1260 = CARTESIAN_POINT('',(10.240912381734,22.395911804604,
    0.564838071467));
#1261 = CARTESIAN_POINT('',(10.255680313926,22.383183033388,
    0.580966122543));
#1262 = CARTESIAN_POINT('',(10.254601792301,22.382106350499,
    0.579001210415));
#1263 = CARTESIAN_POINT('',(10.259013102757,22.386519980165,
    0.57673623703));
#1264 = CARTESIAN_POINT('',(10.250127928764,22.377607873952,
    0.575211885894));
#1265 = CARTESIAN_POINT('',(10.277228958316,22.404754790917,
    0.571695399231));
#1266 = CARTESIAN_POINT('',(10.244977414462,22.372454409571,
    0.571450304023));
#1267 = CARTESIAN_POINT('',(10.256374081625,22.383884520592,
    0.568787092652));
#1268 = CARTESIAN_POINT('',(10.254328120848,22.381830366828,
    0.566881205458));
#1269 = CARTESIAN_POINT('',(10.256054562143,22.383556010334,
    0.564764692574));
#1270 = CARTESIAN_POINT('',(10.277018063778,22.377018063778,
    0.580562861623));
#1271 = CARTESIAN_POINT('',(10.278357603933,22.378357603982,
    0.578468126791));
#1272 = CARTESIAN_POINT('',(10.274547374631,22.374547374448,
    0.576657366693));
#1273 = CARTESIAN_POINT('',(10.283485737501,22.383485737854,
    0.574124669814));
#1274 = CARTESIAN_POINT('',(10.254557696902,22.354557696473,
    0.573706575925));
#1275 = CARTESIAN_POINT('',(10.287799357268,22.387799357608,
    0.569841269873));
#1276 = CARTESIAN_POINT('',(10.277860188332,22.377860188159,
    0.56838257282));
#1277 = CARTESIAN_POINT('',(10.276920204783,22.376920204831,
    0.566400663564));
#1278 = CARTESIAN_POINT('',(10.274404387049,22.37440438705,
    0.564514810223));
#1279 = CARTESIAN_POINT('',(10.283183033387,22.355680313926,
    0.580966122543));
#1280 = CARTESIAN_POINT('',(10.282106350534,22.354601792255,
    0.579001210415));
#1281 = CARTESIAN_POINT('',(10.286519980023,22.359013102917,
    0.57673623703));
#1282 = CARTESIAN_POINT('',(10.277607874232,22.350127928461,
    0.575211885893));
#1283 = CARTESIAN_POINT('',(10.304754790569,22.37722895868,
    0.571695399231));
#1284 = CARTESIAN_POINT('',(10.27245440985,22.344977414175,
    0.571450304022));
#1285 = CARTESIAN_POINT('',(10.283884520451,22.356374081772,
    0.568787092652));
#1286 = CARTESIAN_POINT('',(10.281830366866,22.354328120806,
    0.566881205458));
#1287 = CARTESIAN_POINT('',(10.283556010335,22.356054562143,
    0.564764692574));
#1288 = CARTESIAN_POINT('',(10.296916533251,22.341918305947,
    0.580966735706));
#1289 = CARTESIAN_POINT('',(10.296487763902,22.341491039197,0.5789662276
    ));
#1290 = CARTESIAN_POINT('',(10.295163074857,22.340168349439,
    0.577016081631));
#1291 = CARTESIAN_POINT('',(10.303379324325,22.348367230368,
    0.574549463599));
#1292 = CARTESIAN_POINT('',(10.289327474308,22.334343121014,
    0.573290154487));
#1293 = CARTESIAN_POINT('',(10.303208085923,22.348195567124,
    0.570506696813));
#1294 = CARTESIAN_POINT('',(10.294048404689,22.339055600182,
    0.568987643209));
#1295 = CARTESIAN_POINT('',(10.296366758037,22.3413678912,0.566836698387
    ));
#1296 = CARTESIAN_POINT('',(10.295911804604,22.340912381734,
    0.564838071467));
#1297 = CARTESIAN_POINT('',(10.301699464168,22.319199273851,
    0.581445543083));
#1298 = CARTESIAN_POINT('',(10.30196899751,22.319468581037,
    0.579408381183));
#1299 = CARTESIAN_POINT('',(10.30206538989,22.319564323777,
    0.577380876298));
#1300 = CARTESIAN_POINT('',(10.300950814678,22.3184520341,0.575415216244
    ));
#1301 = CARTESIAN_POINT('',(10.301945785479,22.319444967806,
    0.573342900585));
#1302 = CARTESIAN_POINT('',(10.300999028482,22.318498783224,
    0.571367060196));
#1303 = CARTESIAN_POINT('',(10.301747898186,22.319247720704,
    0.569305628224));
#1304 = CARTESIAN_POINT('',(10.300959093149,22.318459242039,
    0.567325088229));
#1305 = CARTESIAN_POINT('',(10.300366033378,22.317866154415,
    0.565333899139));
#1306 = CARTESIAN_POINT('',(10.299568571388,22.289568739838,
    0.582292534228));
#1307 = CARTESIAN_POINT('',(10.299640538362,22.289640569674,
    0.580265856781));
#1308 = CARTESIAN_POINT('',(10.299606626085,22.289606889245,
    0.578244685123));
#1309 = CARTESIAN_POINT('',(10.29918607666,22.289185680867,
    0.576244605343));
#1310 = CARTESIAN_POINT('',(10.300530016283,22.290530258422,
    0.574149414281));
#1311 = CARTESIAN_POINT('',(10.298325129414,22.28832513749,
    0.572244945927));
#1312 = CARTESIAN_POINT('',(10.299326453465,22.289326333312,
    0.570167933805));
#1313 = CARTESIAN_POINT('',(10.299039561287,22.289039750287,
    0.568160825431));
#1314 = CARTESIAN_POINT('',(10.29858105857,22.288581318579,
    0.566162527791));
#1315 = ADVANCED_FACE('',(#1316),#1342,.T.);
#1316 = FACE_BOUND('',#1317,.T.);
#1317 = EDGE_LOOP('',(#1318,#1319,#1331,#1341));
#1318 = ORIENTED_EDGE('',*,*,#1084,.T.);
#1319 = ORIENTED_EDGE('',*,*,#1320,.T.);
#1320 = EDGE_CURVE('',#1077,#1321,#1323,.T.);
#1321 = VERTEX_POINT('',#1322);
#1322 = CARTESIAN_POINT('',(0.1,22.399452189537,0.680212068398));
#1323 = ( BOUNDED_CURVE() B_SPLINE_CURVE(6,(#1324,#1325,#1326,#1327,
#1328,#1329,#1330),.UNSPECIFIED.,.F.,.F.) B_SPLINE_CURVE_WITH_KNOTS((7,7
),(0.,1.559869909752),.PIECEWISE_BEZIER_KNOTS.) CURVE() 
GEOMETRIC_REPRESENTATION_ITEM() RATIONAL_B_SPLINE_CURVE((1.030950613501,
    1.009890100201,0.997953445068,0.994040710927,0.997953445068,
1.009890100201,1.030950613501)) REPRESENTATION_ITEM('') );
#1324 = CARTESIAN_POINT('',(5.478104631728E-04,22.3,0.680212068398));
#1325 = CARTESIAN_POINT('',(8.362191750263E-04,22.326396068307,
    0.682956093995));
#1326 = CARTESIAN_POINT('',(9.450074782515E-03,22.352114481755,
    0.684753855466));
#1327 = CARTESIAN_POINT('',(2.568827830487E-02,22.374311721695,
    0.685380175432));
#1328 = CARTESIAN_POINT('',(4.788551824518E-02,22.390549925217,
    0.684753855466));
#1329 = CARTESIAN_POINT('',(7.360393169276E-02,22.399163780825,
    0.682956093995));
#1330 = CARTESIAN_POINT('',(0.1,22.399452189537,0.680212068398));
#1331 = ORIENTED_EDGE('',*,*,#1332,.T.);
#1332 = EDGE_CURVE('',#1321,#928,#1333,.T.);
#1333 = ( BOUNDED_CURVE() B_SPLINE_CURVE(6,(#1334,#1335,#1336,#1337,
#1338,#1339,#1340),.UNSPECIFIED.,.F.,.F.) B_SPLINE_CURVE_WITH_KNOTS((7,7
),(0.,0.10471975512),.PIECEWISE_BEZIER_KNOTS.) CURVE() 
GEOMETRIC_REPRESENTATION_ITEM() RATIONAL_B_SPLINE_CURVE((1.000137088577,
    1.00004568784,0.999990860763,0.999972587294,0.999990860763,
1.00004568784,1.000137088577)) REPRESENTATION_ITEM('') );
#1334 = CARTESIAN_POINT('',(0.1,22.399452189537,0.680212068398));
#1335 = CARTESIAN_POINT('',(0.1,22.399634642796,0.678476141599));
#1336 = CARTESIAN_POINT('',(0.1,22.399780716882,0.67673658371));
#1337 = CARTESIAN_POINT('',(0.1,22.399890334724,0.674994252686));
#1338 = CARTESIAN_POINT('',(0.1,22.399963440564,0.67325000815));
#1339 = CARTESIAN_POINT('',(0.1,22.4,0.671504710841));
#1340 = CARTESIAN_POINT('',(0.1,22.4,0.669759222072));
#1341 = ORIENTED_EDGE('',*,*,#927,.T.);
#1342 = B_SPLINE_SURFACE_WITH_KNOTS('',8,8,(
    (#1343,#1344,#1345,#1346,#1347,#1348,#1349,#1350,#1351)
    ,(#1352,#1353,#1354,#1355,#1356,#1357,#1358,#1359,#1360)
    ,(#1361,#1362,#1363,#1364,#1365,#1366,#1367,#1368,#1369)
    ,(#1370,#1371,#1372,#1373,#1374,#1375,#1376,#1377,#1378)
    ,(#1379,#1380,#1381,#1382,#1383,#1384,#1385,#1386,#1387)
    ,(#1388,#1389,#1390,#1391,#1392,#1393,#1394,#1395,#1396)
    ,(#1397,#1398,#1399,#1400,#1401,#1402,#1403,#1404,#1405)
    ,(#1406,#1407,#1408,#1409,#1410,#1411,#1412,#1413,#1414)
    ,(#1415,#1416,#1417,#1418,#1419,#1420,#1421,#1422,#1423
  )),.UNSPECIFIED.,.F.,.F.,.F.,(9,9),(9,9),(-7.778174593053E-02,
    7.778174593051E-02),(-8.855910256718E-03,7.315613219607E-03),
  .PIECEWISE_BEZIER_KNOTS.);
#1343 = CARTESIAN_POINT('',(1.418941430486E-03,22.288581318579,
    0.683837472209));
#1344 = CARTESIAN_POINT('',(9.604387130938E-04,22.289039750287,
    0.681839174569));
#1345 = CARTESIAN_POINT('',(6.735465347629E-04,22.289326333312,
    0.679832066195));
#1346 = CARTESIAN_POINT('',(1.67487058743E-03,22.288325137489,
    0.677755054073));
#1347 = CARTESIAN_POINT('',(-5.300162845216E-04,22.290530258422,
    0.675850585719));
#1348 = CARTESIAN_POINT('',(8.139233404268E-04,22.289185680868,
    0.673755394657));
#1349 = CARTESIAN_POINT('',(3.933739151715E-04,22.289606889245,
    0.671755314877));
#1350 = CARTESIAN_POINT('',(3.594616380359E-04,22.289640569675,
    0.669734143219));
#1351 = CARTESIAN_POINT('',(4.314286119528E-04,22.289568739839,
    0.667707465772));
#1352 = CARTESIAN_POINT('',(-3.660333777678E-04,22.317866154415,
    0.684666100861));
#1353 = CARTESIAN_POINT('',(-9.590931487404E-04,22.318459242043,
    0.682674911771));
#1354 = CARTESIAN_POINT('',(-1.747898187467E-03,22.319247720694,
    0.680694371776));
#1355 = CARTESIAN_POINT('',(-9.990284811621E-04,22.318498783243,
    0.678632939804));
#1356 = CARTESIAN_POINT('',(-1.945785478457E-03,22.319444967786,
    0.676657099416));
#1357 = CARTESIAN_POINT('',(-9.508146793187E-04,22.318452034112,
    0.674584783755));
#1358 = CARTESIAN_POINT('',(-2.065389889746E-03,22.319564323775,
    0.672619123702));
#1359 = CARTESIAN_POINT('',(-1.968997508489E-03,22.319468581036,
    0.670591618817));
#1360 = CARTESIAN_POINT('',(-1.699464167534E-03,22.31919927385,
    0.668554456917));
#1361 = CARTESIAN_POINT('',(4.088195396736E-03,22.340912381734,
    0.685161928533));
#1362 = CARTESIAN_POINT('',(3.633241962147E-03,22.34136789119,
    0.683163301614));
#1363 = CARTESIAN_POINT('',(5.951595314664E-03,22.339055600213,
    0.68101235679));
#1364 = CARTESIAN_POINT('',(-3.208085928448E-03,22.34819556707,
    0.679493303189));
#1365 = CARTESIAN_POINT('',(1.067252569852E-02,22.334343121068,
    0.67670984551));
#1366 = CARTESIAN_POINT('',(-3.379324328563E-03,22.348367230337,
    0.675450536403));
#1367 = CARTESIAN_POINT('',(4.836925143669E-03,22.340168349447,
    0.672983918368));
#1368 = CARTESIAN_POINT('',(3.512236094999E-03,22.341491039203,
    0.6710337724));
#1369 = CARTESIAN_POINT('',(3.083466748305E-03,22.341918305948,
    0.669033264294));
#1370 = CARTESIAN_POINT('',(1.644398966403E-02,22.356054562142,
    0.685235307426));
#1371 = CARTESIAN_POINT('',(1.816963313527E-02,22.35432812082,
    0.683118794541));
#1372 = CARTESIAN_POINT('',(1.611547954156E-02,22.356374081727,
    0.68121290735));
#1373 = CARTESIAN_POINT('',(2.754559016657E-02,22.344977414247,
    0.678549695975));
#1374 = CARTESIAN_POINT('',(-4.754790583905E-03,22.377228958602,
    0.678304600773));
#1375 = CARTESIAN_POINT('',(2.239212577382E-02,22.350127928505,
    0.674788114103));
#1376 = CARTESIAN_POINT('',(1.348001997312E-02,22.359013102912,
    0.673263762972));
#1377 = CARTESIAN_POINT('',(1.789364947284E-02,22.354601792242,
    0.670998789584));
#1378 = CARTESIAN_POINT('',(1.681696661293E-02,22.355680313924,
    0.669033877457));
#1379 = CARTESIAN_POINT('',(2.559561295188E-02,22.37440438705,
    0.685485189777));
#1380 = CARTESIAN_POINT('',(2.307979521494E-02,22.376920204818,
    0.683599336437));
#1381 = CARTESIAN_POINT('',(2.213981167273E-02,22.377860188204,
    0.681617427179));
#1382 = CARTESIAN_POINT('',(1.220064272228E-02,22.387799357536,
    0.68015873013));
#1383 = CARTESIAN_POINT('',(4.544230310885E-02,22.354557696544,
    0.67629342407));
#1384 = CARTESIAN_POINT('',(1.651426249382E-02,22.383485737823,
    0.675875330189));
#1385 = CARTESIAN_POINT('',(2.545262537506E-02,22.374547374442,
    0.673342633306));
#1386 = CARTESIAN_POINT('',(2.164239605655E-02,22.378357604002,
    0.67153187321));
#1387 = CARTESIAN_POINT('',(2.298193622154E-02,22.37701806378,
    0.669437138377));
#1388 = CARTESIAN_POINT('',(4.394543785647E-02,22.383556010334,
    0.685235307426));
#1389 = CARTESIAN_POINT('',(4.567187915366E-02,22.381830366836,
    0.683118794541));
#1390 = CARTESIAN_POINT('',(4.362591837632E-02,22.383884520557,
    0.681212907349));
#1391 = CARTESIAN_POINT('',(5.502258553527E-02,22.372454409628,
    0.678549695975));
#1392 = CARTESIAN_POINT('',(2.277104168816E-02,22.404754790866,
    0.678304600773));
#1393 = CARTESIAN_POINT('',(4.98720712349E-02,22.377607873965,
    0.674788114104));
#1394 = CARTESIAN_POINT('',(4.098689723785E-02,22.386519980178,
    0.673263762971));
#1395 = CARTESIAN_POINT('',(4.539820770845E-02,22.382106350481,
    0.670998789585));
#1396 = CARTESIAN_POINT('',(4.431968607465E-02,22.383183033387,
    0.669033877457));
#1397 = CARTESIAN_POINT('',(5.908761826669E-02,22.395911804604,
    0.685161928533));
#1398 = CARTESIAN_POINT('',(5.863210882328E-02,22.396366758053,
    0.683163301614));
#1399 = CARTESIAN_POINT('',(6.094439973288E-02,22.394048404633,
    0.68101235679));
#1400 = CARTESIAN_POINT('',(5.18044330444E-02,22.40320808604,
    0.67949330319));
#1401 = CARTESIAN_POINT('',(6.565687877661E-02,22.389327474148,
    0.676709845509));
#1402 = CARTESIAN_POINT('',(5.163276980355E-02,22.40337932447,
    0.675450536403));
#1403 = CARTESIAN_POINT('',(5.983165047309E-02,22.395163074774,
    0.672983918368));
#1404 = CARTESIAN_POINT('',(5.850896082424E-02,22.39648776393,
    0.6710337724));
#1405 = CARTESIAN_POINT('',(5.808169405309E-02,22.396916533252,
    0.669033264294));
#1406 = CARTESIAN_POINT('',(8.21338455848E-02,22.400366033378,
    0.684666100861));
#1407 = CARTESIAN_POINT('',(8.154075795354E-02,22.400959093144,
    0.68267491177));
#1408 = CARTESIAN_POINT('',(8.075227932078E-02,22.401747898202,
    0.680694371776));
#1409 = CARTESIAN_POINT('',(8.150121672511E-02,22.400999028448,
    0.678632939803));
#1410 = CARTESIAN_POINT('',(8.055503225795E-02,22.401945785525,
    0.676657099416));
#1411 = CARTESIAN_POINT('',(8.154796584747E-02,22.400950814637,
    0.674584783755));
#1412 = CARTESIAN_POINT('',(8.043567624934E-02,22.402065389914,
    0.672619123702));
#1413 = CARTESIAN_POINT('',(8.053141895582E-02,22.401968997502,
    0.670591618817));
#1414 = CARTESIAN_POINT('',(8.080072614903E-02,22.401699464168,
    0.668554456917));
#1415 = CARTESIAN_POINT('',(0.111418681421,22.39858105857,0.683837472209
    ));
#1416 = CARTESIAN_POINT('',(0.110960249713,22.399039561287,
    0.681839174569));
#1417 = CARTESIAN_POINT('',(0.110673666689,22.399326453464,
    0.679832066195));
#1418 = CARTESIAN_POINT('',(0.111674862509,22.398325129415,
    0.677755054073));
#1419 = CARTESIAN_POINT('',(0.10946974158,22.400530016282,0.675850585718
    ));
#1420 = CARTESIAN_POINT('',(0.110814319131,22.399186076662,
    0.673755394657));
#1421 = CARTESIAN_POINT('',(0.110393110755,22.399606626084,
    0.671755314877));
#1422 = CARTESIAN_POINT('',(0.110359430326,22.399640538362,
    0.669734143219));
#1423 = CARTESIAN_POINT('',(0.110431260162,22.399568571388,
    0.667707465772));
#1424 = ADVANCED_FACE('',(#1425),#1430,.T.);
#1425 = FACE_BOUND('',#1426,.T.);
#1426 = EDGE_LOOP('',(#1427,#1428,#1429));
#1427 = ORIENTED_EDGE('',*,*,#992,.T.);
#1428 = ORIENTED_EDGE('',*,*,#1122,.F.);
#1429 = ORIENTED_EDGE('',*,*,#955,.T.);
#1430 = SPHERICAL_SURFACE('',#1431,0.1);
#1431 = AXIS2_PLACEMENT_3D('',#1432,#1433,#1434);
#1432 = CARTESIAN_POINT('',(10.154779872056,22.254779872056,0.15));
#1433 = DIRECTION('',(0.,3.552713678801E-14,1.));
#1434 = DIRECTION('',(0.,1.,-3.552713678801E-14));
#1435 = ADVANCED_FACE('',(#1436),#1447,.T.);
#1436 = FACE_BOUND('',#1437,.T.);
#1437 = EDGE_LOOP('',(#1438,#1439,#1445,#1446));
#1438 = ORIENTED_EDGE('',*,*,#984,.F.);
#1439 = ORIENTED_EDGE('',*,*,#1440,.F.);
#1440 = EDGE_CURVE('',#1161,#973,#1441,.T.);
#1441 = LINE('',#1442,#1443);
#1442 = CARTESIAN_POINT('',(10.299452189537,0.,0.569787931602));
#1443 = VECTOR('',#1444,1.);
#1444 = DIRECTION('',(-0.,1.,0.));
#1445 = ORIENTED_EDGE('',*,*,#1160,.T.);
#1446 = ORIENTED_EDGE('',*,*,#1129,.T.);
#1447 = PLANE('',#1448);
#1448 = AXIS2_PLACEMENT_3D('',#1449,#1450,#1451);
#1449 = CARTESIAN_POINT('',(10.3,0.,0.575));
#1450 = DIRECTION('',(0.994521895368,0.,-0.104528463268));
#1451 = DIRECTION('',(0.,1.,0.));
#1452 = ADVANCED_FACE('',(#1453),#1471,.F.);
#1453 = FACE_BOUND('',#1454,.F.);
#1454 = EDGE_LOOP('',(#1455,#1456,#1457,#1465));
#1455 = ORIENTED_EDGE('',*,*,#1021,.F.);
#1456 = ORIENTED_EDGE('',*,*,#1037,.T.);
#1457 = ORIENTED_EDGE('',*,*,#1458,.T.);
#1458 = EDGE_CURVE('',#1038,#1459,#1461,.T.);
#1459 = VERTEX_POINT('',#1460);
#1460 = CARTESIAN_POINT('',(10.2,-1.387778780781E-17,0.669759222072));
#1461 = LINE('',#1462,#1463);
#1462 = CARTESIAN_POINT('',(0.,1.387778780781E-17,0.669759222072));
#1463 = VECTOR('',#1464,1.);
#1464 = DIRECTION('',(1.,-0.,0.));
#1465 = ORIENTED_EDGE('',*,*,#1466,.F.);
#1466 = EDGE_CURVE('',#1010,#1459,#1467,.T.);
#1467 = LINE('',#1468,#1469);
#1468 = CARTESIAN_POINT('',(10.2,-1.387778780781E-17,0.575));
#1469 = VECTOR('',#1470,1.);
#1470 = DIRECTION('',(0.,0.,1.));
#1471 = PLANE('',#1472);
#1472 = AXIS2_PLACEMENT_3D('',#1473,#1474,#1475);
#1473 = CARTESIAN_POINT('',(0.,0.,0.575));
#1474 = DIRECTION('',(-0.,1.,0.));
#1475 = DIRECTION('',(0.,0.,1.));
#1476 = ADVANCED_FACE('',(#1477),#1503,.F.);
#1477 = FACE_BOUND('',#1478,.F.);
#1478 = EDGE_LOOP('',(#1479,#1480,#1481,#1493));
#1479 = ORIENTED_EDGE('',*,*,#1168,.F.);
#1480 = ORIENTED_EDGE('',*,*,#1009,.F.);
#1481 = ORIENTED_EDGE('',*,*,#1482,.F.);
#1482 = EDGE_CURVE('',#1483,#1010,#1485,.T.);
#1483 = VERTEX_POINT('',#1484);
#1484 = CARTESIAN_POINT('',(10.3,0.1,0.580240777928));
#1485 = ( BOUNDED_CURVE() B_SPLINE_CURVE(6,(#1486,#1487,#1488,#1489,
#1490,#1491,#1492),.UNSPECIFIED.,.F.,.F.) B_SPLINE_CURVE_WITH_KNOTS((7,7
),(0.,1.570796326795),.PIECEWISE_BEZIER_KNOTS.) CURVE() 
GEOMETRIC_REPRESENTATION_ITEM() RATIONAL_B_SPLINE_CURVE((1.031393471788,
    1.010025407661,0.997924642725,0.993958444137,0.997924642725,
1.010025407661,1.031393471788)) REPRESENTATION_ITEM('') );
#1486 = CARTESIAN_POINT('',(10.3,0.1,0.580240777928));
#1487 = CARTESIAN_POINT('',(10.3,7.326632168471E-02,0.580240777928));
#1488 = CARTESIAN_POINT('',(10.291499564937,4.722914274178E-02,
    0.580240777928));
#1489 = CARTESIAN_POINT('',(10.27519195132,2.480804867977E-02,
    0.580240777928));
#1490 = CARTESIAN_POINT('',(10.252770857258,8.500435063369E-03,
    0.580240777928));
#1491 = CARTESIAN_POINT('',(10.226733678315,1.249000902703E-16,
    0.580240777928));
#1492 = CARTESIAN_POINT('',(10.2,-1.387778780781E-17,0.580240777928));
#1493 = ORIENTED_EDGE('',*,*,#1494,.F.);
#1494 = EDGE_CURVE('',#1161,#1483,#1495,.T.);
#1495 = ( BOUNDED_CURVE() B_SPLINE_CURVE(6,(#1496,#1497,#1498,#1499,
#1500,#1501,#1502),.UNSPECIFIED.,.F.,.F.) B_SPLINE_CURVE_WITH_KNOTS((7,7
),(0.,0.10471975512),.PIECEWISE_BEZIER_KNOTS.) CURVE() 
GEOMETRIC_REPRESENTATION_ITEM() RATIONAL_B_SPLINE_CURVE((1.000137088577,
    1.00004568784,0.999990860763,0.999972587294,0.999990860763,
1.00004568784,1.000137088577)) REPRESENTATION_ITEM('') );
#1496 = CARTESIAN_POINT('',(10.299452189537,0.1,0.569787931602));
#1497 = CARTESIAN_POINT('',(10.299634642796,0.1,0.571523858401));
#1498 = CARTESIAN_POINT('',(10.299780716882,0.1,0.57326341629));
#1499 = CARTESIAN_POINT('',(10.299890334724,0.1,0.575005747314));
#1500 = CARTESIAN_POINT('',(10.299963440564,0.1,0.57674999185));
#1501 = CARTESIAN_POINT('',(10.3,0.1,0.578495289159));
#1502 = CARTESIAN_POINT('',(10.3,0.1,0.580240777928));
#1503 = B_SPLINE_SURFACE_WITH_KNOTS('',8,8,(
    (#1504,#1505,#1506,#1507,#1508,#1509,#1510,#1511,#1512)
    ,(#1513,#1514,#1515,#1516,#1517,#1518,#1519,#1520,#1521)
    ,(#1522,#1523,#1524,#1525,#1526,#1527,#1528,#1529,#1530)
    ,(#1531,#1532,#1533,#1534,#1535,#1536,#1537,#1538,#1539)
    ,(#1540,#1541,#1542,#1543,#1544,#1545,#1546,#1547,#1548)
    ,(#1549,#1550,#1551,#1552,#1553,#1554,#1555,#1556,#1557)
    ,(#1558,#1559,#1560,#1561,#1562,#1563,#1564,#1565,#1566)
    ,(#1567,#1568,#1569,#1570,#1571,#1572,#1573,#1574,#1575)
    ,(#1576,#1577,#1578,#1579,#1580,#1581,#1582,#1583,#1584
  )),.UNSPECIFIED.,.F.,.F.,.F.,(9,9),(9,9),(-7.778174593053E-02,
    7.778174593051E-02),(-7.315613219613E-03,8.855910256723E-03),
  .PIECEWISE_BEZIER_KNOTS.);
#1504 = CARTESIAN_POINT('',(10.189568739836,4.31428614509E-04,
    0.582292534228));
#1505 = CARTESIAN_POINT('',(10.189640569674,3.594616383078E-04,
    0.580265856781));
#1506 = CARTESIAN_POINT('',(10.189606889241,3.933739187963E-04,
    0.578244685123));
#1507 = CARTESIAN_POINT('',(10.189185680876,8.139233321926E-04,
    0.576244605343));
#1508 = CARTESIAN_POINT('',(10.190530258411,-5.30016273783E-04,
    0.574149414282));
#1509 = CARTESIAN_POINT('',(10.188325137496,1.674870580721E-03,
    0.572244945927));
#1510 = CARTESIAN_POINT('',(10.18932633331,6.735465365394E-04,
    0.570167933805));
#1511 = CARTESIAN_POINT('',(10.189039750287,9.604387129828E-04,
    0.568160825431));
#1512 = CARTESIAN_POINT('',(10.18858131858,1.41894142964E-03,
    0.566162527791));
#1513 = CARTESIAN_POINT('',(10.219199273854,-1.699464171066E-03,
    0.581445543082));
#1514 = CARTESIAN_POINT('',(10.21946858105,-1.968997514555E-03,
    0.579408381183));
#1515 = CARTESIAN_POINT('',(10.219564323758,-2.06538989963E-03,
    0.577380876298));
#1516 = CARTESIAN_POINT('',(10.218452034135,-9.50814657174E-04,
    0.575415216245));
#1517 = CARTESIAN_POINT('',(10.219444967761,-1.945785503997E-03,
    0.573342900584));
#1518 = CARTESIAN_POINT('',(10.218498783266,-9.990284669368E-04,
    0.571367060196));
#1519 = CARTESIAN_POINT('',(10.21924772068,-1.747898190031E-03,
    0.569305628224));
#1520 = CARTESIAN_POINT('',(10.218459242047,-9.590931483745E-04,
    0.567325088229));
#1521 = CARTESIAN_POINT('',(10.217866154415,-3.660333780168E-04,
    0.565333899139));
#1522 = CARTESIAN_POINT('',(10.241918305942,3.083466753292E-03,
    0.580966735706));
#1523 = CARTESIAN_POINT('',(10.241491039164,3.512236106841E-03,
    0.578966227601));
#1524 = CARTESIAN_POINT('',(10.240168349504,4.836925170921E-03,
    0.577016081632));
#1525 = CARTESIAN_POINT('',(10.248367230218,-3.379324357658E-03,
    0.574549463599));
#1526 = CARTESIAN_POINT('',(10.234343121206,1.067252572462E-02,
    0.573290154487));
#1527 = CARTESIAN_POINT('',(10.248195566962,-3.20808594365E-03,
    0.570506696813));
#1528 = CARTESIAN_POINT('',(10.23905560027,5.951595316478E-03,
    0.568987643208));
#1529 = CARTESIAN_POINT('',(10.241367891174,3.633241962505E-03,
    0.566836698387));
#1530 = CARTESIAN_POINT('',(10.240912381733,4.088195396904E-03,
    0.564838071467));
#1531 = CARTESIAN_POINT('',(10.25568031393,1.681696660825E-02,
    0.580966122543));
#1532 = CARTESIAN_POINT('',(10.254601792308,1.789364945791E-02,
    0.579001210414));
#1533 = CARTESIAN_POINT('',(10.259013102796,1.348001993425E-02,
    0.576736237029));
#1534 = CARTESIAN_POINT('',(10.250127928705,2.239212584542E-02,
    0.575211885896));
#1535 = CARTESIAN_POINT('',(10.277228958346,-4.754790629666E-03,
    0.571695399231));
#1536 = CARTESIAN_POINT('',(10.244977414458,2.754559018526E-02,
    0.571450304022));
#1537 = CARTESIAN_POINT('',(10.256374081621,1.611547953629E-02,
    0.568787092652));
#1538 = CARTESIAN_POINT('',(10.254328120851,1.816963313555E-02,
    0.566881205458));
#1539 = CARTESIAN_POINT('',(10.256054562144,1.64439896639E-02,
    0.564764692574));
#1540 = CARTESIAN_POINT('',(10.277018063775,2.298193622419E-02,
    0.580562861623));
#1541 = CARTESIAN_POINT('',(10.278357603931,2.164239606685E-02,
    0.578468126792));
#1542 = CARTESIAN_POINT('',(10.2745473746,2.545262540341E-02,
    0.576657366693));
#1543 = CARTESIAN_POINT('',(10.283485737555,1.651426243508E-02,
    0.574124669813));
#1544 = CARTESIAN_POINT('',(10.25455769686,4.544230315726E-02,
    0.573706575925));
#1545 = CARTESIAN_POINT('',(10.287799357279,1.220064270038E-02,
    0.569841269874));
#1546 = CARTESIAN_POINT('',(10.277860188332,2.21398116817E-02,
    0.56838257282));
#1547 = CARTESIAN_POINT('',(10.276920204781,2.307979521392E-02,
    0.566400663564));
#1548 = CARTESIAN_POINT('',(10.274404387048,2.559561295216E-02,
    0.564514810223));
#1549 = CARTESIAN_POINT('',(10.283183033388,4.431968607406E-02,
    0.580966122543));
#1550 = CARTESIAN_POINT('',(10.282106350533,4.539820770551E-02,
    0.579001210415));
#1551 = CARTESIAN_POINT('',(10.286519980033,4.098689723016E-02,
    0.57673623703));
#1552 = CARTESIAN_POINT('',(10.277607874211,4.987207125887E-02,
    0.575211885893));
#1553 = CARTESIAN_POINT('',(10.304754790591,2.277104166067E-02,
    0.571695399232));
#1554 = CARTESIAN_POINT('',(10.272454409843,5.50225855517E-02,
    0.571450304022));
#1555 = CARTESIAN_POINT('',(10.283884520451,4.362591836776E-02,
    0.568787092652));
#1556 = CARTESIAN_POINT('',(10.281830366868,4.567187915465E-02,
    0.566881205458));
#1557 = CARTESIAN_POINT('',(10.283556010336,4.394543785617E-02,
    0.564764692574));
#1558 = CARTESIAN_POINT('',(10.296916533252,5.808169405216E-02,
    0.580966735706));
#1559 = CARTESIAN_POINT('',(10.296487763905,5.850896082261E-02,
    0.578966227601));
#1560 = CARTESIAN_POINT('',(10.295163074858,5.983165046974E-02,
    0.577016081631));
#1561 = CARTESIAN_POINT('',(10.30337932433,5.163276979889E-02,
    0.5745494636));
#1562 = CARTESIAN_POINT('',(10.289327474304,6.565687878375E-02,
    0.573290154486));
#1563 = CARTESIAN_POINT('',(10.303208085922,5.1804433039E-02,
    0.570506696814));
#1564 = CARTESIAN_POINT('',(10.29404840469,6.094439973621E-02,
    0.568987643208));
#1565 = CARTESIAN_POINT('',(10.296366758036,5.863210882304E-02,
    0.566836698387));
#1566 = CARTESIAN_POINT('',(10.295911804603,5.90876182669E-02,
    0.564838071467));
#1567 = CARTESIAN_POINT('',(10.301699464167,8.080072614993E-02,
    0.581445543083));
#1568 = CARTESIAN_POINT('',(10.301968997507,8.053141895768E-02,
    0.579408381183));
#1569 = CARTESIAN_POINT('',(10.302065389888,8.043567625167E-02,
    0.577380876299));
#1570 = CARTESIAN_POINT('',(10.300950814684,8.154796584219E-02,
    0.575415216243));
#1571 = CARTESIAN_POINT('',(10.301945785471,8.055503226387E-02,
    0.573342900586));
#1572 = CARTESIAN_POINT('',(10.300999028487,8.150121672194E-02,
    0.571367060195));
#1573 = CARTESIAN_POINT('',(10.301747898184,8.075227932145E-02,
    0.569305628224));
#1574 = CARTESIAN_POINT('',(10.300959093149,8.154075795342E-02,
    0.567325088229));
#1575 = CARTESIAN_POINT('',(10.300366033378,8.213384558487E-02,
    0.565333899139));
#1576 = CARTESIAN_POINT('',(10.299568571389,0.110431260161,
    0.582292534228));
#1577 = CARTESIAN_POINT('',(10.299640538362,0.110359430326,
    0.580265856781));
#1578 = CARTESIAN_POINT('',(10.299606626085,0.110393110754,
    0.578244685123));
#1579 = CARTESIAN_POINT('',(10.299186076658,0.110814319134,
    0.576244605343));
#1580 = CARTESIAN_POINT('',(10.300530016286,0.109469741576,
    0.574149414281));
#1581 = CARTESIAN_POINT('',(10.298325129412,0.111674862512,
    0.572244945928));
#1582 = CARTESIAN_POINT('',(10.299326453465,0.110673666688,
    0.570167933805));
#1583 = CARTESIAN_POINT('',(10.299039561287,0.110960249713,
    0.568160825431));
#1584 = CARTESIAN_POINT('',(10.298581058569,0.111418681421,
    0.566162527791));
#1585 = ADVANCED_FACE('',(#1586),#1612,.T.);
#1586 = FACE_BOUND('',#1587,.T.);
#1587 = EDGE_LOOP('',(#1588,#1589,#1601,#1611));
#1588 = ORIENTED_EDGE('',*,*,#1045,.T.);
#1589 = ORIENTED_EDGE('',*,*,#1590,.T.);
#1590 = EDGE_CURVE('',#1038,#1591,#1593,.T.);
#1591 = VERTEX_POINT('',#1592);
#1592 = CARTESIAN_POINT('',(0.1,5.478104631727E-04,0.680212068398));
#1593 = ( BOUNDED_CURVE() B_SPLINE_CURVE(6,(#1594,#1595,#1596,#1597,
#1598,#1599,#1600),.UNSPECIFIED.,.F.,.F.) B_SPLINE_CURVE_WITH_KNOTS((7,7
),(0.,0.10471975512),.PIECEWISE_BEZIER_KNOTS.) CURVE() 
GEOMETRIC_REPRESENTATION_ITEM() RATIONAL_B_SPLINE_CURVE((1.000137088577,
    1.00004568784,0.999990860763,0.999972587294,0.999990860763,
1.00004568784,1.000137088577)) REPRESENTATION_ITEM('') );
#1594 = CARTESIAN_POINT('',(0.1,1.387778780781E-17,0.669759222072));
#1595 = CARTESIAN_POINT('',(0.1,1.387778780781E-16,0.671504710841));
#1596 = CARTESIAN_POINT('',(0.1,3.655943564763E-05,0.67325000815));
#1597 = CARTESIAN_POINT('',(0.1,1.096652759717E-04,0.674994252686));
#1598 = CARTESIAN_POINT('',(0.1,2.192831180767E-04,0.67673658371));
#1599 = CARTESIAN_POINT('',(0.1,3.653572044893E-04,0.678476141599));
#1600 = CARTESIAN_POINT('',(0.1,5.478104631727E-04,0.680212068398));
#1601 = ORIENTED_EDGE('',*,*,#1602,.T.);
#1602 = EDGE_CURVE('',#1591,#1065,#1603,.T.);
#1603 = ( BOUNDED_CURVE() B_SPLINE_CURVE(6,(#1604,#1605,#1606,#1607,
#1608,#1609,#1610),.UNSPECIFIED.,.F.,.F.) B_SPLINE_CURVE_WITH_KNOTS((7,7
),(0.,1.559869909752),.PIECEWISE_BEZIER_KNOTS.) CURVE() 
GEOMETRIC_REPRESENTATION_ITEM() RATIONAL_B_SPLINE_CURVE((1.030950613501,
    1.009890100201,0.997953445068,0.994040710927,0.997953445068,
1.009890100201,1.030950613501)) REPRESENTATION_ITEM('') );
#1604 = CARTESIAN_POINT('',(0.1,5.478104631727E-04,0.680212068398));
#1605 = CARTESIAN_POINT('',(7.360393169276E-02,8.362191750265E-04,
    0.682956093995));
#1606 = CARTESIAN_POINT('',(4.788551824518E-02,9.450074782514E-03,
    0.684753855466));
#1607 = CARTESIAN_POINT('',(2.568827830487E-02,2.568827830487E-02,
    0.685380175432));
#1608 = CARTESIAN_POINT('',(9.450074782514E-03,4.788551824518E-02,
    0.684753855466));
#1609 = CARTESIAN_POINT('',(8.362191750263E-04,7.360393169277E-02,
    0.682956093995));
#1610 = CARTESIAN_POINT('',(5.478104631727E-04,0.1,0.680212068398));
#1611 = ORIENTED_EDGE('',*,*,#1064,.T.);
#1612 = B_SPLINE_SURFACE_WITH_KNOTS('',8,8,(
    (#1613,#1614,#1615,#1616,#1617,#1618,#1619,#1620,#1621)
    ,(#1622,#1623,#1624,#1625,#1626,#1627,#1628,#1629,#1630)
    ,(#1631,#1632,#1633,#1634,#1635,#1636,#1637,#1638,#1639)
    ,(#1640,#1641,#1642,#1643,#1644,#1645,#1646,#1647,#1648)
    ,(#1649,#1650,#1651,#1652,#1653,#1654,#1655,#1656,#1657)
    ,(#1658,#1659,#1660,#1661,#1662,#1663,#1664,#1665,#1666)
    ,(#1667,#1668,#1669,#1670,#1671,#1672,#1673,#1674,#1675)
    ,(#1676,#1677,#1678,#1679,#1680,#1681,#1682,#1683,#1684)
    ,(#1685,#1686,#1687,#1688,#1689,#1690,#1691,#1692,#1693
  )),.UNSPECIFIED.,.F.,.F.,.F.,(9,9),(9,9),(-7.778174593052E-02,
    7.778174593052E-02),(-7.315613219613E-03,8.855910256723E-03),
  .PIECEWISE_BEZIER_KNOTS.);
#1613 = CARTESIAN_POINT('',(4.314286118429E-04,0.110431260161,
    0.667707465772));
#1614 = CARTESIAN_POINT('',(3.594616380765E-04,0.110359430326,
    0.669734143219));
#1615 = CARTESIAN_POINT('',(3.933739149104E-04,0.110393110754,
    0.671755314877));
#1616 = CARTESIAN_POINT('',(8.13923341049E-04,0.110814319134,
    0.673755394657));
#1617 = CARTESIAN_POINT('',(-5.30016284948E-04,0.109469741577,
    0.675850585719));
#1618 = CARTESIAN_POINT('',(1.67487058733E-03,0.111674862511,
    0.677755054072));
#1619 = CARTESIAN_POINT('',(6.735465349909E-04,0.110673666688,
    0.679832066195));
#1620 = CARTESIAN_POINT('',(9.604387131741E-04,0.110960249713,
    0.681839174569));
#1621 = CARTESIAN_POINT('',(1.41894143066E-03,0.111418681421,
    0.683837472208));
#1622 = CARTESIAN_POINT('',(-1.69946416743E-03,8.080072614952E-02,
    0.668554456917));
#1623 = CARTESIAN_POINT('',(-1.968997508243E-03,8.053141895682E-02,
    0.670591618817));
#1624 = CARTESIAN_POINT('',(-2.065389889348E-03,8.043567625058E-02,
    0.672619123702));
#1625 = CARTESIAN_POINT('',(-9.508146805976E-04,8.15479658444E-02,
    0.674584783756));
#1626 = CARTESIAN_POINT('',(-1.945785476419E-03,8.055503226147E-02,
    0.676657099415));
#1627 = CARTESIAN_POINT('',(-9.990284830092E-04,8.150121672318E-02,
    0.678632939804));
#1628 = CARTESIAN_POINT('',(-1.74789818702E-03,8.075227932063E-02,
    0.680694371776));
#1629 = CARTESIAN_POINT('',(-9.590931488427E-04,8.154075795341E-02,
    0.682674911771));
#1630 = CARTESIAN_POINT('',(-3.66033377759E-04,8.213384558489E-02,
    0.684666100861));
#1631 = CARTESIAN_POINT('',(3.083466748101E-03,5.808169405236E-02,
    0.669033264294));
#1632 = CARTESIAN_POINT('',(3.512236094676E-03,5.850896082263E-02,
    0.6710337724));
#1633 = CARTESIAN_POINT('',(4.836925141096E-03,5.983165047007E-02,
    0.672983918368));
#1634 = CARTESIAN_POINT('',(-3.379324321458E-03,5.163276980347E-02,
    0.675450536402));
#1635 = CARTESIAN_POINT('',(1.067252568584E-02,6.565687877924E-02,
    0.676709845511));
#1636 = CARTESIAN_POINT('',(-3.208085916119E-03,5.180443304152E-02,
    0.679493303188));
#1637 = CARTESIAN_POINT('',(5.951595309964E-03,6.094439973627E-02,
    0.68101235679));
#1638 = CARTESIAN_POINT('',(3.633241962009E-03,5.863210882267E-02,
    0.683163301614));
#1639 = CARTESIAN_POINT('',(4.088195396844E-03,5.908761826647E-02,
    0.685161928533));
#1640 = CARTESIAN_POINT('',(1.681696661311E-02,4.431968607523E-02,
    0.669033877457));
#1641 = CARTESIAN_POINT('',(1.789364947303E-02,4.539820770996E-02,
    0.670998789584));
#1642 = CARTESIAN_POINT('',(1.348001997873E-02,4.098689724059E-02,
    0.673263762971));
#1643 = CARTESIAN_POINT('',(2.239212575666E-02,4.987207123672E-02,
    0.674788114104));
#1644 = CARTESIAN_POINT('',(-4.754790557581E-03,2.277104167685E-02,
    0.678304600772));
#1645 = CARTESIAN_POINT('',(2.754559014506E-02,5.502258555021E-02,
    0.678549695974));
#1646 = CARTESIAN_POINT('',(1.611547954957E-02,4.362591836713E-02,
    0.68121290735));
#1647 = CARTESIAN_POINT('',(1.816963313633E-02,4.567187915557E-02,
    0.683118794541));
#1648 = CARTESIAN_POINT('',(1.644398966417E-02,4.394543785732E-02,
    0.685235307426));
#1649 = CARTESIAN_POINT('',(2.298193622131E-02,2.298193622121E-02,
    0.669437138377));
#1650 = CARTESIAN_POINT('',(2.164239605654E-02,2.16423960563E-02,
    0.67153187321));
#1651 = CARTESIAN_POINT('',(2.545262536905E-02,2.545262537524E-02,
    0.673342633305));
#1652 = CARTESIAN_POINT('',(1.651426251161E-02,1.651426248499E-02,
    0.675875330189));
#1653 = CARTESIAN_POINT('',(4.544230308455E-02,4.544230312675E-02,
    0.67629342407));
#1654 = CARTESIAN_POINT('',(1.220064274117E-02,1.220064270367E-02,
    0.680158730131));
#1655 = CARTESIAN_POINT('',(2.213981166634E-02,2.213981168384E-02,
    0.681617427178));
#1656 = CARTESIAN_POINT('',(2.307979521334E-02,2.307979521231E-02,
    0.683599336437));
#1657 = CARTESIAN_POINT('',(2.559561295187E-02,2.559561295069E-02,
    0.685485189777));
#1658 = CARTESIAN_POINT('',(4.431968607476E-02,1.681696661274E-02,
    0.669033877457));
#1659 = CARTESIAN_POINT('',(4.539820770835E-02,1.789364947176E-02,
    0.670998789585));
#1660 = CARTESIAN_POINT('',(4.098689724093E-02,1.348001997023E-02,
    0.673263762972));
#1661 = CARTESIAN_POINT('',(4.987207122569E-02,2.239212578433E-02,
    0.674788114103));
#1662 = CARTESIAN_POINT('',(2.277104169853E-02,-4.754790597086E-03,
    0.678304600773));
#1663 = CARTESIAN_POINT('',(5.502258552895E-02,2.754559017848E-02,
    0.678549695974));
#1664 = CARTESIAN_POINT('',(4.362591837817E-02,1.611547953475E-02,
    0.68121290735));
#1665 = CARTESIAN_POINT('',(4.567187915471E-02,1.816963313711E-02,
    0.683118794541));
#1666 = CARTESIAN_POINT('',(4.394543785641E-02,1.644398966494E-02,
    0.685235307426));
#1667 = CARTESIAN_POINT('',(5.808169405297E-02,3.08346674864E-03,
    0.669033264294));
#1668 = CARTESIAN_POINT('',(5.850896082416E-02,3.512236096055E-03,
    0.6710337724));
#1669 = CARTESIAN_POINT('',(5.983165047297E-02,4.836925146923E-03,
    0.672983918368));
#1670 = CARTESIAN_POINT('',(5.163276980374E-02,-3.379324334617E-03,
    0.675450536403));
#1671 = CARTESIAN_POINT('',(6.565687877817E-02,1.067252570566E-02,
    0.67670984551));
#1672 = CARTESIAN_POINT('',(5.180443304287E-02,-3.208085933391E-03,
    0.679493303189));
#1673 = CARTESIAN_POINT('',(6.094439973393E-02,5.951595316882E-03,
    0.68101235679));
#1674 = CARTESIAN_POINT('',(5.863210882309E-02,3.633241961622E-03,
    0.683163301614));
#1675 = CARTESIAN_POINT('',(5.908761826687E-02,4.08819539648E-03,
    0.685161928533));
#1676 = CARTESIAN_POINT('',(8.080072614901E-02,-1.699464167951E-03,
    0.668554456917));
#1677 = CARTESIAN_POINT('',(8.053141895592E-02,-1.968997509109E-03,
    0.670591618817));
#1678 = CARTESIAN_POINT('',(8.043567624894E-02,-2.065389891332E-03,
    0.672619123702));
#1679 = CARTESIAN_POINT('',(8.154796584827E-02,-9.508146756662E-04,
    0.674584783755));
#1680 = CARTESIAN_POINT('',(8.055503225658E-02,-1.945785482743E-03,
    0.676657099415));
#1681 = CARTESIAN_POINT('',(8.150121672636E-02,-9.990284787974E-04,
    0.678632939804));
#1682 = CARTESIAN_POINT('',(8.075227932002E-02,-1.747898188066E-03,
    0.680694371776));
#1683 = CARTESIAN_POINT('',(8.154075795352E-02,-9.590931487805E-04,
    0.682674911771));
#1684 = CARTESIAN_POINT('',(8.213384558487E-02,-3.660333778405E-04,
    0.684666100861));
#1685 = CARTESIAN_POINT('',(0.110431260162,4.314286121905E-04,
    0.667707465772));
#1686 = CARTESIAN_POINT('',(0.110359430326,3.594616380983E-04,
    0.669734143219));
#1687 = CARTESIAN_POINT('',(0.110393110755,3.933739153488E-04,
    0.671755314877));
#1688 = CARTESIAN_POINT('',(0.110814319133,8.139233404147E-04,
    0.673755394657));
#1689 = CARTESIAN_POINT('',(0.109469741578,-5.30016284477E-04,
    0.675850585719));
#1690 = CARTESIAN_POINT('',(0.111674862511,1.67487058724E-03,
    0.677755054073));
#1691 = CARTESIAN_POINT('',(0.110673666688,6.735465347955E-04,
    0.679832066195));
#1692 = CARTESIAN_POINT('',(0.110960249713,9.604387130915E-04,
    0.681839174569));
#1693 = CARTESIAN_POINT('',(0.111418681421,1.418941430388E-03,
    0.683837472209));
#1694 = ADVANCED_FACE('',(#1695),#1720,.T.);
#1695 = FACE_BOUND('',#1696,.T.);
#1696 = EDGE_LOOP('',(#1697,#1698,#1706,#1714));
#1697 = ORIENTED_EDGE('',*,*,#1076,.F.);
#1698 = ORIENTED_EDGE('',*,*,#1699,.T.);
#1699 = EDGE_CURVE('',#1065,#1700,#1702,.T.);
#1700 = VERTEX_POINT('',#1701);
#1701 = CARTESIAN_POINT('',(2.272438309008E-02,0.122176572627,
    0.891208062716));
#1702 = LINE('',#1703,#1704);
#1703 = CARTESIAN_POINT('',(-1.074890013952E-03,9.837729952288E-02,
    0.664773104659));
#1704 = VECTOR('',#1705,1.);
#1705 = DIRECTION('',(0.103962051184,0.103962051184,0.989132844378));
#1706 = ORIENTED_EDGE('',*,*,#1707,.T.);
#1707 = EDGE_CURVE('',#1700,#1708,#1710,.T.);
#1708 = VERTEX_POINT('',#1709);
#1709 = CARTESIAN_POINT('',(2.272438309008E-02,22.277823427373,
    0.891208062716));
#1710 = LINE('',#1711,#1712);
#1711 = CARTESIAN_POINT('',(2.272438309008E-02,2.642593011019E-02,
    0.891208062716));
#1712 = VECTOR('',#1713,1.);
#1713 = DIRECTION('',(0.,1.,0.));
#1714 = ORIENTED_EDGE('',*,*,#1715,.F.);
#1715 = EDGE_CURVE('',#1077,#1708,#1716,.T.);
#1716 = LINE('',#1717,#1718);
#1717 = CARTESIAN_POINT('',(-1.074890013952E-03,22.301622700477,
    0.664773104659));
#1718 = VECTOR('',#1719,1.);
#1719 = DIRECTION('',(0.103962051184,-0.103962051184,0.989132844378));
#1720 = PLANE('',#1721);
#1721 = AXIS2_PLACEMENT_3D('',#1722,#1723,#1724);
#1722 = CARTESIAN_POINT('',(0.,0.,0.675));
#1723 = DIRECTION('',(-0.994521895368,0.,0.104528463268));
#1724 = DIRECTION('',(0.,1.,0.));
#1725 = ADVANCED_FACE('',(#1726),#1731,.T.);
#1726 = FACE_BOUND('',#1727,.T.);
#1727 = EDGE_LOOP('',(#1728,#1729,#1730));
#1728 = ORIENTED_EDGE('',*,*,#1105,.F.);
#1729 = ORIENTED_EDGE('',*,*,#1137,.T.);
#1730 = ORIENTED_EDGE('',*,*,#1153,.F.);
#1731 = SPHERICAL_SURFACE('',#1732,0.1);
#1732 = AXIS2_PLACEMENT_3D('',#1733,#1734,#1735);
#1733 = CARTESIAN_POINT('',(10.154779872056,0.145220127944,0.15));
#1734 = DIRECTION('',(0.,0.,1.));
#1735 = DIRECTION('',(0.,-1.,0.));
#1736 = ADVANCED_FACE('',(#1737),#1759,.T.);
#1737 = FACE_BOUND('',#1738,.T.);
#1738 = EDGE_LOOP('',(#1739,#1740,#1752,#1758));
#1739 = ORIENTED_EDGE('',*,*,#1196,.T.);
#1740 = ORIENTED_EDGE('',*,*,#1741,.T.);
#1741 = EDGE_CURVE('',#1189,#1742,#1744,.T.);
#1742 = VERTEX_POINT('',#1743);
#1743 = CARTESIAN_POINT('',(10.3,22.3,0.669759222072));
#1744 = ( BOUNDED_CURVE() B_SPLINE_CURVE(6,(#1745,#1746,#1747,#1748,
#1749,#1750,#1751),.UNSPECIFIED.,.F.,.F.) B_SPLINE_CURVE_WITH_KNOTS((7,7
),(0.,1.570796326795),.PIECEWISE_BEZIER_KNOTS.) CURVE() 
GEOMETRIC_REPRESENTATION_ITEM() RATIONAL_B_SPLINE_CURVE((1.031393471788,
    1.010025407661,0.997924642725,0.993958444137,0.997924642725,
1.010025407661,1.031393471788)) REPRESENTATION_ITEM('') );
#1745 = CARTESIAN_POINT('',(10.2,22.4,0.669759222072));
#1746 = CARTESIAN_POINT('',(10.226733678315,22.4,0.669759222072));
#1747 = CARTESIAN_POINT('',(10.252770857258,22.391499564937,
    0.669759222072));
#1748 = CARTESIAN_POINT('',(10.27519195132,22.37519195132,0.669759222072
    ));
#1749 = CARTESIAN_POINT('',(10.291499564937,22.352770857258,
    0.669759222072));
#1750 = CARTESIAN_POINT('',(10.3,22.326733678315,0.669759222072));
#1751 = CARTESIAN_POINT('',(10.3,22.3,0.669759222072));
#1752 = ORIENTED_EDGE('',*,*,#1753,.F.);
#1753 = EDGE_CURVE('',#1213,#1742,#1754,.T.);
#1754 = LINE('',#1755,#1756);
#1755 = CARTESIAN_POINT('',(10.3,22.3,0.575));
#1756 = VECTOR('',#1757,1.);
#1757 = DIRECTION('',(0.,0.,1.));
#1758 = ORIENTED_EDGE('',*,*,#1212,.T.);
#1759 = CYLINDRICAL_SURFACE('',#1760,0.1);
#1760 = AXIS2_PLACEMENT_3D('',#1761,#1762,#1763);
#1761 = CARTESIAN_POINT('',(10.2,22.3,0.575));
#1762 = DIRECTION('',(0.,0.,1.));
#1763 = DIRECTION('',(-0.,1.,0.));
#1764 = ADVANCED_FACE('',(#1765),#1787,.T.);
#1765 = FACE_BOUND('',#1766,.T.);
#1766 = EDGE_LOOP('',(#1767,#1768,#1776,#1786));
#1767 = ORIENTED_EDGE('',*,*,#1332,.F.);
#1768 = ORIENTED_EDGE('',*,*,#1769,.T.);
#1769 = EDGE_CURVE('',#1321,#1770,#1772,.T.);
#1770 = VERTEX_POINT('',#1771);
#1771 = CARTESIAN_POINT('',(10.2,22.399452189537,0.680212068398));
#1772 = LINE('',#1773,#1774);
#1773 = CARTESIAN_POINT('',(1.387778780781E-17,22.399452189537,
    0.680212068398));
#1774 = VECTOR('',#1775,1.);
#1775 = DIRECTION('',(1.,0.,0.));
#1776 = ORIENTED_EDGE('',*,*,#1777,.T.);
#1777 = EDGE_CURVE('',#1770,#1189,#1778,.T.);
#1778 = ( BOUNDED_CURVE() B_SPLINE_CURVE(6,(#1779,#1780,#1781,#1782,
#1783,#1784,#1785),.UNSPECIFIED.,.F.,.F.) B_SPLINE_CURVE_WITH_KNOTS((7,7
),(0.,0.10471975512),.PIECEWISE_BEZIER_KNOTS.) CURVE() 
GEOMETRIC_REPRESENTATION_ITEM() RATIONAL_B_SPLINE_CURVE((1.000137088577,
    1.00004568784,0.999990860763,0.999972587294,0.999990860763,
1.00004568784,1.000137088577)) REPRESENTATION_ITEM('') );
#1779 = CARTESIAN_POINT('',(10.2,22.399452189537,0.680212068398));
#1780 = CARTESIAN_POINT('',(10.2,22.399634642796,0.678476141599));
#1781 = CARTESIAN_POINT('',(10.2,22.399780716882,0.67673658371));
#1782 = CARTESIAN_POINT('',(10.2,22.399890334724,0.674994252686));
#1783 = CARTESIAN_POINT('',(10.2,22.399963440564,0.67325000815));
#1784 = CARTESIAN_POINT('',(10.2,22.4,0.671504710841));
#1785 = CARTESIAN_POINT('',(10.2,22.4,0.669759222072));
#1786 = ORIENTED_EDGE('',*,*,#1188,.F.);
#1787 = CYLINDRICAL_SURFACE('',#1788,0.1);
#1788 = AXIS2_PLACEMENT_3D('',#1789,#1790,#1791);
#1789 = CARTESIAN_POINT('',(1.387778780781E-17,22.3,0.669759222072));
#1790 = DIRECTION('',(1.,0.,0.));
#1791 = DIRECTION('',(-0.,1.,0.));
#1792 = ADVANCED_FACE('',(#1793),#1804,.T.);
#1793 = FACE_BOUND('',#1794,.T.);
#1794 = EDGE_LOOP('',(#1795,#1796,#1797,#1803));
#1795 = ORIENTED_EDGE('',*,*,#1440,.T.);
#1796 = ORIENTED_EDGE('',*,*,#1224,.T.);
#1797 = ORIENTED_EDGE('',*,*,#1798,.F.);
#1798 = EDGE_CURVE('',#1483,#1213,#1799,.T.);
#1799 = LINE('',#1800,#1801);
#1800 = CARTESIAN_POINT('',(10.3,0.,0.580240777928));
#1801 = VECTOR('',#1802,1.);
#1802 = DIRECTION('',(-0.,1.,0.));
#1803 = ORIENTED_EDGE('',*,*,#1494,.F.);
#1804 = CYLINDRICAL_SURFACE('',#1805,0.1);
#1805 = AXIS2_PLACEMENT_3D('',#1806,#1807,#1808);
#1806 = CARTESIAN_POINT('',(10.2,0.,0.580240777928));
#1807 = DIRECTION('',(-0.,1.,0.));
#1808 = DIRECTION('',(0.994521895368,0.,-0.104528463268));
#1809 = ADVANCED_FACE('',(#1810),#1829,.T.);
#1810 = FACE_BOUND('',#1811,.T.);
#1811 = EDGE_LOOP('',(#1812,#1813,#1822,#1828));
#1812 = ORIENTED_EDGE('',*,*,#1715,.T.);
#1813 = ORIENTED_EDGE('',*,*,#1814,.T.);
#1814 = EDGE_CURVE('',#1708,#1815,#1817,.T.);
#1815 = VERTEX_POINT('',#1816);
#1816 = CARTESIAN_POINT('',(0.122176572627,22.37727561691,0.891208062716
    ));
#1817 = CIRCLE('',#1818,0.1);
#1818 = AXIS2_PLACEMENT_3D('',#1819,#1820,#1821);
#1819 = CARTESIAN_POINT('',(0.122176572627,22.277823427373,0.88075521639
    ));
#1820 = DIRECTION('',(-0.103962051184,0.103962051184,-0.989132844378));
#1821 = DIRECTION('',(-0.994521895368,9.1635032895E-14,0.104528463267));
#1822 = ORIENTED_EDGE('',*,*,#1823,.F.);
#1823 = EDGE_CURVE('',#1321,#1815,#1824,.T.);
#1824 = LINE('',#1825,#1826);
#1825 = CARTESIAN_POINT('',(9.837729952288E-02,22.401074890014,
    0.664773104659));
#1826 = VECTOR('',#1827,1.);
#1827 = DIRECTION('',(0.103962051184,-0.103962051184,0.989132844378));
#1828 = ORIENTED_EDGE('',*,*,#1320,.F.);
#1829 = CYLINDRICAL_SURFACE('',#1830,0.1);
#1830 = AXIS2_PLACEMENT_3D('',#1831,#1832,#1833);
#1831 = CARTESIAN_POINT('',(9.837729952288E-02,22.301622700477,
    0.654320258332));
#1832 = DIRECTION('',(0.103962051184,-0.103962051184,0.989132844378));
#1833 = DIRECTION('',(-0.994521895368,9.1635032895E-14,0.104528463267));
#1834 = ADVANCED_FACE('',(#1835),#1857,.T.);
#1835 = FACE_BOUND('',#1836,.T.);
#1836 = EDGE_LOOP('',(#1837,#1838,#1846,#1856));
#1837 = ORIENTED_EDGE('',*,*,#1482,.F.);
#1838 = ORIENTED_EDGE('',*,*,#1839,.T.);
#1839 = EDGE_CURVE('',#1483,#1840,#1842,.T.);
#1840 = VERTEX_POINT('',#1841);
#1841 = CARTESIAN_POINT('',(10.3,0.1,0.669759222072));
#1842 = LINE('',#1843,#1844);
#1843 = CARTESIAN_POINT('',(10.3,0.1,0.575));
#1844 = VECTOR('',#1845,1.);
#1845 = DIRECTION('',(0.,0.,1.));
#1846 = ORIENTED_EDGE('',*,*,#1847,.F.);
#1847 = EDGE_CURVE('',#1459,#1840,#1848,.T.);
#1848 = ( BOUNDED_CURVE() B_SPLINE_CURVE(6,(#1849,#1850,#1851,#1852,
#1853,#1854,#1855),.UNSPECIFIED.,.F.,.F.) B_SPLINE_CURVE_WITH_KNOTS((7,7
),(0.,1.570796326795),.PIECEWISE_BEZIER_KNOTS.) CURVE() 
GEOMETRIC_REPRESENTATION_ITEM() RATIONAL_B_SPLINE_CURVE((1.031393471788,
    1.010025407661,0.997924642725,0.993958444137,0.997924642725,
1.010025407661,1.031393471788)) REPRESENTATION_ITEM('') );
#1849 = CARTESIAN_POINT('',(10.2,-1.387778780781E-17,0.669759222072));
#1850 = CARTESIAN_POINT('',(10.226733678315,1.249000902703E-16,
    0.669759222072));
#1851 = CARTESIAN_POINT('',(10.252770857258,8.500435063369E-03,
    0.669759222072));
#1852 = CARTESIAN_POINT('',(10.27519195132,2.480804867977E-02,
    0.669759222072));
#1853 = CARTESIAN_POINT('',(10.291499564937,4.722914274178E-02,
    0.669759222072));
#1854 = CARTESIAN_POINT('',(10.3,7.326632168471E-02,0.669759222072));
#1855 = CARTESIAN_POINT('',(10.3,0.1,0.669759222072));
#1856 = ORIENTED_EDGE('',*,*,#1466,.F.);
#1857 = CYLINDRICAL_SURFACE('',#1858,0.1);
#1858 = AXIS2_PLACEMENT_3D('',#1859,#1860,#1861);
#1859 = CARTESIAN_POINT('',(10.2,0.1,0.575));
#1860 = DIRECTION('',(0.,0.,1.));
#1861 = DIRECTION('',(0.,-1.,0.));
#1862 = ADVANCED_FACE('',(#1863),#1885,.T.);
#1863 = FACE_BOUND('',#1864,.T.);
#1864 = EDGE_LOOP('',(#1865,#1866,#1878,#1884));
#1865 = ORIENTED_EDGE('',*,*,#1458,.T.);
#1866 = ORIENTED_EDGE('',*,*,#1867,.F.);
#1867 = EDGE_CURVE('',#1868,#1459,#1870,.T.);
#1868 = VERTEX_POINT('',#1869);
#1869 = CARTESIAN_POINT('',(10.2,5.478104631741E-04,0.680212068398));
#1870 = ( BOUNDED_CURVE() B_SPLINE_CURVE(6,(#1871,#1872,#1873,#1874,
#1875,#1876,#1877),.UNSPECIFIED.,.F.,.F.) B_SPLINE_CURVE_WITH_KNOTS((7,7
),(0.,0.10471975512),.PIECEWISE_BEZIER_KNOTS.) CURVE() 
GEOMETRIC_REPRESENTATION_ITEM() RATIONAL_B_SPLINE_CURVE((1.000137088577,
    1.00004568784,0.999990860763,0.999972587294,0.999990860763,
1.00004568784,1.000137088577)) REPRESENTATION_ITEM('') );
#1871 = CARTESIAN_POINT('',(10.2,5.478104631727E-04,0.680212068398));
#1872 = CARTESIAN_POINT('',(10.2,3.653572044893E-04,0.678476141599));
#1873 = CARTESIAN_POINT('',(10.2,2.192831180767E-04,0.67673658371));
#1874 = CARTESIAN_POINT('',(10.2,1.096652759717E-04,0.674994252686));
#1875 = CARTESIAN_POINT('',(10.2,3.655943564763E-05,0.67325000815));
#1876 = CARTESIAN_POINT('',(10.2,1.387778780781E-16,0.671504710841));
#1877 = CARTESIAN_POINT('',(10.2,1.387778780781E-17,0.669759222072));
#1878 = ORIENTED_EDGE('',*,*,#1879,.F.);
#1879 = EDGE_CURVE('',#1591,#1868,#1880,.T.);
#1880 = LINE('',#1881,#1882);
#1881 = CARTESIAN_POINT('',(0.,5.478104631727E-04,0.680212068398));
#1882 = VECTOR('',#1883,1.);
#1883 = DIRECTION('',(1.,-0.,0.));
#1884 = ORIENTED_EDGE('',*,*,#1590,.F.);
#1885 = CYLINDRICAL_SURFACE('',#1886,0.1);
#1886 = AXIS2_PLACEMENT_3D('',#1887,#1888,#1889);
#1887 = CARTESIAN_POINT('',(0.,0.1,0.669759222072));
#1888 = DIRECTION('',(1.,-0.,0.));
#1889 = DIRECTION('',(0.,-1.,-0.));
#1890 = ADVANCED_FACE('',(#1891),#1910,.T.);
#1891 = FACE_BOUND('',#1892,.T.);
#1892 = EDGE_LOOP('',(#1893,#1894,#1902,#1909));
#1893 = ORIENTED_EDGE('',*,*,#1602,.F.);
#1894 = ORIENTED_EDGE('',*,*,#1895,.T.);
#1895 = EDGE_CURVE('',#1591,#1896,#1898,.T.);
#1896 = VERTEX_POINT('',#1897);
#1897 = CARTESIAN_POINT('',(0.122176572627,2.272438309008E-02,
    0.891208062716));
#1898 = LINE('',#1899,#1900);
#1899 = CARTESIAN_POINT('',(9.837729952288E-02,-1.074890013952E-03,
    0.664773104659));
#1900 = VECTOR('',#1901,1.);
#1901 = DIRECTION('',(0.103962051184,0.103962051184,0.989132844378));
#1902 = ORIENTED_EDGE('',*,*,#1903,.T.);
#1903 = EDGE_CURVE('',#1896,#1700,#1904,.T.);
#1904 = CIRCLE('',#1905,0.1);
#1905 = AXIS2_PLACEMENT_3D('',#1906,#1907,#1908);
#1906 = CARTESIAN_POINT('',(0.122176572627,0.122176572627,0.88075521639)
  );
#1907 = DIRECTION('',(-0.103962051184,-0.103962051184,-0.989132844378));
#1908 = DIRECTION('',(-0.99458126461,1.086699344846E-02,0.10339253619));
#1909 = ORIENTED_EDGE('',*,*,#1699,.F.);
#1910 = CYLINDRICAL_SURFACE('',#1911,0.1);
#1911 = AXIS2_PLACEMENT_3D('',#1912,#1913,#1914);
#1912 = CARTESIAN_POINT('',(9.837729952288E-02,9.837729952288E-02,
    0.654320258332));
#1913 = DIRECTION('',(0.103962051184,0.103962051184,0.989132844378));
#1914 = DIRECTION('',(-0.994521895368,-9.1635032895E-14,0.104528463267)
  );
#1915 = ADVANCED_FACE('',(#1916),#1943,.T.);
#1916 = FACE_BOUND('',#1917,.T.);
#1917 = EDGE_LOOP('',(#1918,#1919,#1928,#1936));
#1918 = ORIENTED_EDGE('',*,*,#1707,.F.);
#1919 = ORIENTED_EDGE('',*,*,#1920,.T.);
#1920 = EDGE_CURVE('',#1700,#1921,#1923,.T.);
#1921 = VERTEX_POINT('',#1922);
#1922 = CARTESIAN_POINT('',(5.146589450825E-02,0.122176572627,
    0.951465894508));
#1923 = CIRCLE('',#1924,0.1);
#1924 = AXIS2_PLACEMENT_3D('',#1925,#1926,#1927);
#1925 = CARTESIAN_POINT('',(0.122176572627,0.122176572627,0.88075521639)
  );
#1926 = DIRECTION('',(-1.789819916861E-16,1.,-3.752435490216E-16));
#1927 = DIRECTION('',(-0.994521895368,-1.38777878078E-16,0.104528463268)
  );
#1928 = ORIENTED_EDGE('',*,*,#1929,.T.);
#1929 = EDGE_CURVE('',#1921,#1930,#1932,.T.);
#1930 = VERTEX_POINT('',#1931);
#1931 = CARTESIAN_POINT('',(5.146589450825E-02,22.277823427373,
    0.951465894508));
#1932 = LINE('',#1933,#1934);
#1933 = CARTESIAN_POINT('',(5.146589450825E-02,2.642593011019E-02,
    0.951465894508));
#1934 = VECTOR('',#1935,1.);
#1935 = DIRECTION('',(0.,1.,0.));
#1936 = ORIENTED_EDGE('',*,*,#1937,.T.);
#1937 = EDGE_CURVE('',#1930,#1708,#1938,.T.);
#1938 = CIRCLE('',#1939,0.1);
#1939 = AXIS2_PLACEMENT_3D('',#1940,#1941,#1942);
#1940 = CARTESIAN_POINT('',(0.122176572627,22.277823427373,0.88075521639
    ));
#1941 = DIRECTION('',(0.,-1.,-0.));
#1942 = DIRECTION('',(-0.707106781187,0.,-0.707106781187));
#1943 = CYLINDRICAL_SURFACE('',#1944,0.1);
#1944 = AXIS2_PLACEMENT_3D('',#1945,#1946,#1947);
#1945 = CARTESIAN_POINT('',(0.122176572627,2.642593011019E-02,
    0.88075521639));
#1946 = DIRECTION('',(0.,1.,0.));
#1947 = DIRECTION('',(-0.994521895368,0.,0.104528463268));
#1948 = ADVANCED_FACE('',(#1949),#1960,.T.);
#1949 = FACE_BOUND('',#1950,.T.);
#1950 = EDGE_LOOP('',(#1951,#1952,#1953,#1959));
#1951 = ORIENTED_EDGE('',*,*,#1798,.T.);
#1952 = ORIENTED_EDGE('',*,*,#1753,.T.);
#1953 = ORIENTED_EDGE('',*,*,#1954,.F.);
#1954 = EDGE_CURVE('',#1840,#1742,#1955,.T.);
#1955 = LINE('',#1956,#1957);
#1956 = CARTESIAN_POINT('',(10.3,1.387778780781E-17,0.669759222072));
#1957 = VECTOR('',#1958,1.);
#1958 = DIRECTION('',(0.,1.,-0.));
#1959 = ORIENTED_EDGE('',*,*,#1839,.F.);
#1960 = PLANE('',#1961);
#1961 = AXIS2_PLACEMENT_3D('',#1962,#1963,#1964);
#1962 = CARTESIAN_POINT('',(10.3,0.,0.575));
#1963 = DIRECTION('',(1.,0.,-0.));
#1964 = DIRECTION('',(0.,0.,1.));
#1965 = ADVANCED_FACE('',(#1966),#1992,.F.);
#1966 = FACE_BOUND('',#1967,.F.);
#1967 = EDGE_LOOP('',(#1968,#1969,#1981,#1991));
#1968 = ORIENTED_EDGE('',*,*,#1741,.T.);
#1969 = ORIENTED_EDGE('',*,*,#1970,.T.);
#1970 = EDGE_CURVE('',#1742,#1971,#1973,.T.);
#1971 = VERTEX_POINT('',#1972);
#1972 = CARTESIAN_POINT('',(10.299452189537,22.3,0.680212068398));
#1973 = ( BOUNDED_CURVE() B_SPLINE_CURVE(6,(#1974,#1975,#1976,#1977,
#1978,#1979,#1980),.UNSPECIFIED.,.F.,.F.) B_SPLINE_CURVE_WITH_KNOTS((7,7
),(0.,0.10471975512),.PIECEWISE_BEZIER_KNOTS.) CURVE() 
GEOMETRIC_REPRESENTATION_ITEM() RATIONAL_B_SPLINE_CURVE((1.000137088577,
    1.00004568784,0.999990860763,0.999972587294,0.999990860763,
1.00004568784,1.000137088577)) REPRESENTATION_ITEM('') );
#1974 = CARTESIAN_POINT('',(10.3,22.3,0.669759222072));
#1975 = CARTESIAN_POINT('',(10.3,22.3,0.671504710841));
#1976 = CARTESIAN_POINT('',(10.299963440564,22.3,0.67325000815));
#1977 = CARTESIAN_POINT('',(10.299890334724,22.3,0.674994252686));
#1978 = CARTESIAN_POINT('',(10.299780716882,22.3,0.67673658371));
#1979 = CARTESIAN_POINT('',(10.299634642796,22.3,0.678476141599));
#1980 = CARTESIAN_POINT('',(10.299452189537,22.3,0.680212068398));
#1981 = ORIENTED_EDGE('',*,*,#1982,.T.);
#1982 = EDGE_CURVE('',#1971,#1770,#1983,.T.);
#1983 = ( BOUNDED_CURVE() B_SPLINE_CURVE(6,(#1984,#1985,#1986,#1987,
#1988,#1989,#1990),.UNSPECIFIED.,.F.,.F.) B_SPLINE_CURVE_WITH_KNOTS((7,7
),(0.,1.559869909752),.PIECEWISE_BEZIER_KNOTS.) CURVE() 
GEOMETRIC_REPRESENTATION_ITEM() RATIONAL_B_SPLINE_CURVE((1.030950613501,
    1.009890100201,0.997953445068,0.994040710927,0.997953445068,
1.009890100201,1.030950613501)) REPRESENTATION_ITEM('') );
#1984 = CARTESIAN_POINT('',(10.299452189537,22.3,0.680212068398));
#1985 = CARTESIAN_POINT('',(10.299163780825,22.326396068307,
    0.682956093995));
#1986 = CARTESIAN_POINT('',(10.290549925217,22.352114481755,
    0.684753855466));
#1987 = CARTESIAN_POINT('',(10.274311721695,22.374311721695,
    0.685380175432));
#1988 = CARTESIAN_POINT('',(10.252114481755,22.390549925217,
    0.684753855466));
#1989 = CARTESIAN_POINT('',(10.226396068307,22.399163780825,
    0.682956093995));
#1990 = CARTESIAN_POINT('',(10.2,22.399452189537,0.680212068398));
#1991 = ORIENTED_EDGE('',*,*,#1777,.T.);
#1992 = B_SPLINE_SURFACE_WITH_KNOTS('',8,8,(
    (#1993,#1994,#1995,#1996,#1997,#1998,#1999,#2000,#2001)
    ,(#2002,#2003,#2004,#2005,#2006,#2007,#2008,#2009,#2010)
    ,(#2011,#2012,#2013,#2014,#2015,#2016,#2017,#2018,#2019)
    ,(#2020,#2021,#2022,#2023,#2024,#2025,#2026,#2027,#2028)
    ,(#2029,#2030,#2031,#2032,#2033,#2034,#2035,#2036,#2037)
    ,(#2038,#2039,#2040,#2041,#2042,#2043,#2044,#2045,#2046)
    ,(#2047,#2048,#2049,#2050,#2051,#2052,#2053,#2054,#2055)
    ,(#2056,#2057,#2058,#2059,#2060,#2061,#2062,#2063,#2064)
    ,(#2065,#2066,#2067,#2068,#2069,#2070,#2071,#2072,#2073
  )),.UNSPECIFIED.,.F.,.F.,.F.,(9,9),(9,9),(-7.778174593054E-02,
    7.77817459305E-02),(-7.315613219609E-03,8.855910256718E-03),
  .PIECEWISE_BEZIER_KNOTS.);
#1993 = CARTESIAN_POINT('',(10.189568739838,22.399568571387,
    0.667707465772));
#1994 = CARTESIAN_POINT('',(10.189640569674,22.399640538362,
    0.669734143219));
#1995 = CARTESIAN_POINT('',(10.189606889244,22.399606626084,
    0.671755314877));
#1996 = CARTESIAN_POINT('',(10.18918568087,22.399186076663,
    0.673755394657));
#1997 = CARTESIAN_POINT('',(10.190530258419,22.40053001628,
    0.675850585718));
#1998 = CARTESIAN_POINT('',(10.188325137492,22.398325129416,
    0.677755054073));
#1999 = CARTESIAN_POINT('',(10.189326333311,22.399326453464,
    0.679832066195));
#2000 = CARTESIAN_POINT('',(10.189039750287,22.399039561287,
    0.681839174569));
#2001 = CARTESIAN_POINT('',(10.188581318579,22.39858105857,
    0.683837472209));
#2002 = CARTESIAN_POINT('',(10.219199273852,22.401699464169,
    0.668554456918));
#2003 = CARTESIAN_POINT('',(10.219468581046,22.401968997513,
    0.670591618817));
#2004 = CARTESIAN_POINT('',(10.219564323753,22.402065389883,
    0.672619123703));
#2005 = CARTESIAN_POINT('',(10.218452034147,22.400950814689,
    0.674584783754));
#2006 = CARTESIAN_POINT('',(10.219444967748,22.401945785467,
    0.676657099417));
#2007 = CARTESIAN_POINT('',(10.218498783271,22.400999028493,
    0.678632939803));
#2008 = CARTESIAN_POINT('',(10.21924772068,22.401747898179,
    0.680694371777));
#2009 = CARTESIAN_POINT('',(10.218459242046,22.400959093151,
    0.68267491177));
#2010 = CARTESIAN_POINT('',(10.217866154415,22.400366033378,
    0.684666100861));
#2011 = CARTESIAN_POINT('',(10.241918305946,22.396916533249,
    0.669033264294));
#2012 = CARTESIAN_POINT('',(10.241491039172,22.39648776389,0.6710337724)
  );
#2013 = CARTESIAN_POINT('',(10.240168349522,22.395163074887,
    0.672983918366));
#2014 = CARTESIAN_POINT('',(10.248367230203,22.403379324267,
    0.675450536406));
#2015 = CARTESIAN_POINT('',(10.234343121215,22.389327474373,
    0.676709845506));
#2016 = CARTESIAN_POINT('',(10.248195566962,22.403208085873,
    0.679493303193));
#2017 = CARTESIAN_POINT('',(10.239055600266,22.394048404717,
    0.681012356789));
#2018 = CARTESIAN_POINT('',(10.241367891176,22.396366758028,
    0.683163301614));
#2019 = CARTESIAN_POINT('',(10.240912381733,22.395911804603,
    0.685161928533));
#2020 = CARTESIAN_POINT('',(10.255680313927,22.38318303339,
    0.669033877457));
#2021 = CARTESIAN_POINT('',(10.254601792297,22.382106350554,
    0.670998789585));
#2022 = CARTESIAN_POINT('',(10.259013102767,22.386519979958,
    0.673263762975));
#2023 = CARTESIAN_POINT('',(10.250127928755,22.377607874354,
    0.674788114096));
#2024 = CARTESIAN_POINT('',(10.277228958319,22.40475479043,
    0.678304600781));
#2025 = CARTESIAN_POINT('',(10.244977414468,22.37245440996,
    0.678549695969));
#2026 = CARTESIAN_POINT('',(10.256374081619,22.383884520392,
    0.681212907352));
#2027 = CARTESIAN_POINT('',(10.254328120849,22.381830366885,
    0.683118794541));
#2028 = CARTESIAN_POINT('',(10.256054562144,22.383556010338,
    0.685235307426));
#2029 = CARTESIAN_POINT('',(10.277018063777,22.377018063776,
    0.669437138376));
#2030 = CARTESIAN_POINT('',(10.278357603939,22.378357603914,
    0.671531873209));
#2031 = CARTESIAN_POINT('',(10.274547374625,22.374547374718,
    0.673342633301));
#2032 = CARTESIAN_POINT('',(10.283485737506,22.383485737338,
    0.675875330199));
#2033 = CARTESIAN_POINT('',(10.2545576969,22.354557697087,0.676293424061
    ));
#2034 = CARTESIAN_POINT('',(10.287799357257,22.38779935712,
    0.680158730136));
#2035 = CARTESIAN_POINT('',(10.277860188342,22.377860188408,
    0.681617427176));
#2036 = CARTESIAN_POINT('',(10.276920204781,22.376920204761,
    0.683599336437));
#2037 = CARTESIAN_POINT('',(10.274404387047,22.374404387045,
    0.685485189777));
#2038 = CARTESIAN_POINT('',(10.283183033388,22.355680313927,
    0.669033877457));
#2039 = CARTESIAN_POINT('',(10.282106350529,22.354601792312,
    0.670998789586));
#2040 = CARTESIAN_POINT('',(10.286519980022,22.359013102682,
    0.673263762976));
#2041 = CARTESIAN_POINT('',(10.277607874235,22.350127928912,
    0.674788114096));
#2042 = CARTESIAN_POINT('',(10.304754790568,22.377228958149,
    0.678304600779));
#2043 = CARTESIAN_POINT('',(10.272454409859,22.344977414594,
    0.678549695971));
#2044 = CARTESIAN_POINT('',(10.283884520442,22.35637408156,
    0.681212907352));
#2045 = CARTESIAN_POINT('',(10.281830366868,22.354328120866,
    0.683118794541));
#2046 = CARTESIAN_POINT('',(10.283556010337,22.356054562146,
    0.685235307426));
#2047 = CARTESIAN_POINT('',(10.296916533252,22.341918305947,
    0.669033264294));
#2048 = CARTESIAN_POINT('',(10.296487763905,22.341491039167,
    0.671033772399));
#2049 = CARTESIAN_POINT('',(10.29516307486,22.340168349571,
    0.672983918366));
#2050 = CARTESIAN_POINT('',(10.303379324324,22.34836723012,
    0.675450536405));
#2051 = CARTESIAN_POINT('',(10.28932747431,22.33434312131,0.676709845508
    ));
#2052 = CARTESIAN_POINT('',(10.303208085916,22.348195566887,
    0.67949330319));
#2053 = CARTESIAN_POINT('',(10.294048404694,22.3390556003,0.68101235679)
  );
#2054 = CARTESIAN_POINT('',(10.296366758036,22.341367891167,
    0.683163301614));
#2055 = CARTESIAN_POINT('',(10.295911804603,22.340912381732,
    0.685161928533));
#2056 = CARTESIAN_POINT('',(10.301699464167,22.31919927385,
    0.668554456918));
#2057 = CARTESIAN_POINT('',(10.301968997508,22.319468581046,
    0.670591618817));
#2058 = CARTESIAN_POINT('',(10.302065389888,22.319564323737,
    0.672619123703));
#2059 = CARTESIAN_POINT('',(10.300950814683,22.318452034178,
    0.674584783754));
#2060 = CARTESIAN_POINT('',(10.301945785473,22.319444967713,
    0.676657099417));
#2061 = CARTESIAN_POINT('',(10.300999028486,22.318498783297,
    0.678632939803));
#2062 = CARTESIAN_POINT('',(10.301747898185,22.319247720669,
    0.680694371777));
#2063 = CARTESIAN_POINT('',(10.300959093149,22.318459242049,
    0.682674911771));
#2064 = CARTESIAN_POINT('',(10.300366033378,22.317866154415,
    0.684666100861));
#2065 = CARTESIAN_POINT('',(10.299568571388,22.289568739839,
    0.667707465772));
#2066 = CARTESIAN_POINT('',(10.299640538362,22.289640569674,
    0.669734143219));
#2067 = CARTESIAN_POINT('',(10.299606626085,22.289606889246,
    0.671755314877));
#2068 = CARTESIAN_POINT('',(10.299186076658,22.289185680867,
    0.673755394657));
#2069 = CARTESIAN_POINT('',(10.300530016287,22.290530258423,
    0.675850585719));
#2070 = CARTESIAN_POINT('',(10.298325129411,22.28832513749,
    0.677755054073));
#2071 = CARTESIAN_POINT('',(10.299326453466,22.289326333312,
    0.679832066195));
#2072 = CARTESIAN_POINT('',(10.299039561287,22.289039750287,
    0.681839174569));
#2073 = CARTESIAN_POINT('',(10.29858105857,22.288581318579,
    0.683837472208));
#2074 = ADVANCED_FACE('',(#2075),#2101,.T.);
#2075 = FACE_BOUND('',#2076,.T.);
#2076 = EDGE_LOOP('',(#2077,#2078,#2079,#2087,#2095));
#2077 = ORIENTED_EDGE('',*,*,#1769,.F.);
#2078 = ORIENTED_EDGE('',*,*,#1823,.T.);
#2079 = ORIENTED_EDGE('',*,*,#2080,.T.);
#2080 = EDGE_CURVE('',#1815,#2081,#2083,.T.);
#2081 = VERTEX_POINT('',#2082);
#2082 = CARTESIAN_POINT('',(0.341421356237,22.354232061593,
    1.110452846327));
#2083 = LINE('',#2084,#2085);
#2084 = CARTESIAN_POINT('',(9.226989723016E-02,22.380418935157,
    0.86130138732));
#2085 = VECTOR('',#2086,1.);
#2086 = DIRECTION('',(0.705161999394,-7.411551268478E-02,0.705161999394)
  );
#2087 = ORIENTED_EDGE('',*,*,#2088,.T.);
#2088 = EDGE_CURVE('',#2081,#2089,#2091,.T.);
#2089 = VERTEX_POINT('',#2090);
#2090 = CARTESIAN_POINT('',(10.154779872056,22.354232061593,
    1.110452846327));
#2091 = LINE('',#2092,#2093);
#2092 = CARTESIAN_POINT('',(0.3,22.354232061593,1.110452846327));
#2093 = VECTOR('',#2094,1.);
#2094 = DIRECTION('',(1.,0.,0.));
#2095 = ORIENTED_EDGE('',*,*,#2096,.F.);
#2096 = EDGE_CURVE('',#1770,#2089,#2097,.T.);
#2097 = LINE('',#2098,#2099);
#2098 = CARTESIAN_POINT('',(10.201622700477,22.401074890014,
    0.664773104659));
#2099 = VECTOR('',#2100,1.);
#2100 = DIRECTION('',(-0.103962051184,-0.103962051184,0.989132844378));
#2101 = PLANE('',#2102);
#2102 = AXIS2_PLACEMENT_3D('',#2103,#2104,#2105);
#2103 = CARTESIAN_POINT('',(0.,22.4,0.675));
#2104 = DIRECTION('',(0.,0.994521895368,0.104528463268));
#2105 = DIRECTION('',(1.,0.,-0.));
#2106 = ADVANCED_FACE('',(#2107),#2118,.T.);
#2107 = FACE_BOUND('',#2108,.T.);
#2108 = EDGE_LOOP('',(#2109,#2110,#2117));
#2109 = ORIENTED_EDGE('',*,*,#1937,.F.);
#2110 = ORIENTED_EDGE('',*,*,#2111,.T.);
#2111 = EDGE_CURVE('',#1930,#1815,#2112,.T.);
#2112 = CIRCLE('',#2113,0.1);
#2113 = AXIS2_PLACEMENT_3D('',#2114,#2115,#2116);
#2114 = CARTESIAN_POINT('',(0.122176572627,22.277823427373,0.88075521639
    ));
#2115 = DIRECTION('',(-0.705161999394,7.411551268478E-02,-0.705161999394
    ));
#2116 = DIRECTION('',(5.240758161052E-02,0.997249663214,
    5.240758161052E-02));
#2117 = ORIENTED_EDGE('',*,*,#1814,.F.);
#2118 = SPHERICAL_SURFACE('',#2119,0.1);
#2119 = AXIS2_PLACEMENT_3D('',#2120,#2121,#2122);
#2120 = CARTESIAN_POINT('',(0.122176572627,22.277823427373,0.88075521639
    ));
#2121 = DIRECTION('',(0.707106781187,0.,-0.707106781187));
#2122 = DIRECTION('',(-0.707106781187,0.,-0.707106781187));
#2123 = ADVANCED_FACE('',(#2124),#2150,.T.);
#2124 = FACE_BOUND('',#2125,.T.);
#2125 = EDGE_LOOP('',(#2126,#2127,#2139,#2149));
#2126 = ORIENTED_EDGE('',*,*,#1847,.T.);
#2127 = ORIENTED_EDGE('',*,*,#2128,.T.);
#2128 = EDGE_CURVE('',#1840,#2129,#2131,.T.);
#2129 = VERTEX_POINT('',#2130);
#2130 = CARTESIAN_POINT('',(10.299452189537,0.1,0.680212068398));
#2131 = ( BOUNDED_CURVE() B_SPLINE_CURVE(6,(#2132,#2133,#2134,#2135,
#2136,#2137,#2138),.UNSPECIFIED.,.F.,.F.) B_SPLINE_CURVE_WITH_KNOTS((7,7
),(0.,0.10471975512),.PIECEWISE_BEZIER_KNOTS.) CURVE() 
GEOMETRIC_REPRESENTATION_ITEM() RATIONAL_B_SPLINE_CURVE((1.000137088577,
    1.00004568784,0.999990860763,0.999972587294,0.999990860763,
1.00004568784,1.000137088577)) REPRESENTATION_ITEM('') );
#2132 = CARTESIAN_POINT('',(10.3,0.1,0.669759222072));
#2133 = CARTESIAN_POINT('',(10.3,0.1,0.671504710841));
#2134 = CARTESIAN_POINT('',(10.299963440564,0.1,0.67325000815));
#2135 = CARTESIAN_POINT('',(10.299890334724,0.1,0.674994252686));
#2136 = CARTESIAN_POINT('',(10.299780716882,0.1,0.67673658371));
#2137 = CARTESIAN_POINT('',(10.299634642796,0.1,0.678476141599));
#2138 = CARTESIAN_POINT('',(10.299452189537,0.1,0.680212068398));
#2139 = ORIENTED_EDGE('',*,*,#2140,.T.);
#2140 = EDGE_CURVE('',#2129,#1868,#2141,.T.);
#2141 = ( BOUNDED_CURVE() B_SPLINE_CURVE(6,(#2142,#2143,#2144,#2145,
#2146,#2147,#2148),.UNSPECIFIED.,.F.,.F.) B_SPLINE_CURVE_WITH_KNOTS((7,7
),(0.,1.559869909752),.PIECEWISE_BEZIER_KNOTS.) CURVE() 
GEOMETRIC_REPRESENTATION_ITEM() RATIONAL_B_SPLINE_CURVE((1.030950613501,
    1.009890100201,0.997953445068,0.994040710927,0.997953445068,
1.009890100201,1.030950613501)) REPRESENTATION_ITEM('') );
#2142 = CARTESIAN_POINT('',(10.299452189537,0.1,0.680212068398));
#2143 = CARTESIAN_POINT('',(10.299163780825,7.360393169277E-02,
    0.682956093995));
#2144 = CARTESIAN_POINT('',(10.290549925217,4.788551824519E-02,
    0.684753855466));
#2145 = CARTESIAN_POINT('',(10.274311721695,2.568827830487E-02,
    0.685380175432));
#2146 = CARTESIAN_POINT('',(10.252114481755,9.450074782515E-03,
    0.684753855466));
#2147 = CARTESIAN_POINT('',(10.226396068307,8.362191750266E-04,
    0.682956093995));
#2148 = CARTESIAN_POINT('',(10.2,5.47810463173E-04,0.680212068398));
#2149 = ORIENTED_EDGE('',*,*,#1867,.T.);
#2150 = B_SPLINE_SURFACE_WITH_KNOTS('',8,8,(
    (#2151,#2152,#2153,#2154,#2155,#2156,#2157,#2158,#2159)
    ,(#2160,#2161,#2162,#2163,#2164,#2165,#2166,#2167,#2168)
    ,(#2169,#2170,#2171,#2172,#2173,#2174,#2175,#2176,#2177)
    ,(#2178,#2179,#2180,#2181,#2182,#2183,#2184,#2185,#2186)
    ,(#2187,#2188,#2189,#2190,#2191,#2192,#2193,#2194,#2195)
    ,(#2196,#2197,#2198,#2199,#2200,#2201,#2202,#2203,#2204)
    ,(#2205,#2206,#2207,#2208,#2209,#2210,#2211,#2212,#2213)
    ,(#2214,#2215,#2216,#2217,#2218,#2219,#2220,#2221,#2222)
    ,(#2223,#2224,#2225,#2226,#2227,#2228,#2229,#2230,#2231
  )),.UNSPECIFIED.,.F.,.F.,.F.,(9,9),(9,9),(-7.778174593053E-02,
    7.778174593051E-02),(-7.315613219615E-03,8.855910256724E-03),
  .PIECEWISE_BEZIER_KNOTS.);
#2151 = CARTESIAN_POINT('',(10.189568739839,4.314286121449E-04,
    0.667707465772));
#2152 = CARTESIAN_POINT('',(10.189640569674,3.594616380571E-04,
    0.669734143219));
#2153 = CARTESIAN_POINT('',(10.189606889245,3.933739152224E-04,
    0.671755314877));
#2154 = CARTESIAN_POINT('',(10.189185680867,8.13923340834E-04,
    0.673755394657));
#2155 = CARTESIAN_POINT('',(10.190530258423,-5.300162850409E-04,
    0.675850585719));
#2156 = CARTESIAN_POINT('',(10.188325137489,1.674870587765E-03,
    0.677755054072));
#2157 = CARTESIAN_POINT('',(10.189326333312,6.735465347682E-04,
    0.679832066195));
#2158 = CARTESIAN_POINT('',(10.189039750287,9.604387132201E-04,
    0.681839174569));
#2159 = CARTESIAN_POINT('',(10.188581318578,1.418941431024E-03,
    0.683837472208));
#2160 = CARTESIAN_POINT('',(10.219199273851,-1.699464167909E-03,
    0.668554456917));
#2161 = CARTESIAN_POINT('',(10.219468581046,-1.968997509058E-03,
    0.670591618817));
#2162 = CARTESIAN_POINT('',(10.219564323743,-2.065389890532E-03,
    0.672619123702));
#2163 = CARTESIAN_POINT('',(10.218452034167,-9.508146781297E-04,
    0.674584783755));
#2164 = CARTESIAN_POINT('',(10.219444967725,-1.945785479487E-03,
    0.676657099416));
#2165 = CARTESIAN_POINT('',(10.218498783288,-9.990284814298E-04,
    0.678632939803));
#2166 = CARTESIAN_POINT('',(10.219247720673,-1.747898187771E-03,
    0.680694371777));
#2167 = CARTESIAN_POINT('',(10.218459242049,-9.590931491001E-04,
    0.68267491177));
#2168 = CARTESIAN_POINT('',(10.217866154415,-3.660333777977E-04,
    0.684666100861));
#2169 = CARTESIAN_POINT('',(10.241918305947,3.083466749101E-03,
    0.669033264294));
#2170 = CARTESIAN_POINT('',(10.241491039167,3.51223609694E-03,
    0.6710337724));
#2171 = CARTESIAN_POINT('',(10.240168349554,4.836925147612E-03,
    0.672983918367));
#2172 = CARTESIAN_POINT('',(10.248367230148,-3.379324334893E-03,
    0.675450536405));
#2173 = CARTESIAN_POINT('',(10.234343121283,1.06725257026E-02,
    0.676709845508));
#2174 = CARTESIAN_POINT('',(10.248195566905,-3.208085927495E-03,
    0.679493303191));
#2175 = CARTESIAN_POINT('',(10.239055600291,5.951595315238E-03,
    0.681012356789));
#2176 = CARTESIAN_POINT('',(10.241367891169,3.633241962116E-03,
    0.683163301614));
#2177 = CARTESIAN_POINT('',(10.240912381733,4.088195396719E-03,
    0.685161928533));
#2178 = CARTESIAN_POINT('',(10.255680313926,1.681696661152E-02,
    0.669033877457));
#2179 = CARTESIAN_POINT('',(10.254601792309,1.789364946852E-02,
    0.670998789584));
#2180 = CARTESIAN_POINT('',(10.259013102717,1.348001996254E-02,
    0.673263762973));
#2181 = CARTESIAN_POINT('',(10.250127928844,2.239212580037E-02,
    0.6747881141));
#2182 = CARTESIAN_POINT('',(10.27722895821,-4.754790605972E-03,
    0.678304600778));
#2183 = CARTESIAN_POINT('',(10.244977414543,2.75455901841E-02,
    0.678549695969));
#2184 = CARTESIAN_POINT('',(10.256374081583,1.611547953398E-02,
    0.681212907353));
#2185 = CARTESIAN_POINT('',(10.254328120859,1.81696331357E-02,
    0.68311879454));
#2186 = CARTESIAN_POINT('',(10.256054562143,1.644398966449E-02,
    0.685235307426));
#2187 = CARTESIAN_POINT('',(10.277018063776,2.29819362233E-02,
    0.669437138377));
#2188 = CARTESIAN_POINT('',(10.278357603921,2.164239606224E-02,
    0.67153187321));
#2189 = CARTESIAN_POINT('',(10.27454737467,2.545262539227E-02,
    0.673342633304));
#2190 = CARTESIAN_POINT('',(10.283485737424,1.651426245152E-02,
    0.675875330193));
#2191 = CARTESIAN_POINT('',(10.254557697,4.544230315625E-02,
    0.676293424065));
#2192 = CARTESIAN_POINT('',(10.287799357187,1.220064268843E-02,
    0.680158730137));
#2193 = CARTESIAN_POINT('',(10.277860188372,2.213981168848E-02,
    0.681617427174));
#2194 = CARTESIAN_POINT('',(10.276920204772,2.307979521392E-02,
    0.683599336438));
#2195 = CARTESIAN_POINT('',(10.274404387049,2.559561295137E-02,
    0.685485189777));
#2196 = CARTESIAN_POINT('',(10.28318303339,4.431968607286E-02,
    0.669033877457));
#2197 = CARTESIAN_POINT('',(10.282106350545,4.539820770308E-02,
    0.670998789584));
#2198 = CARTESIAN_POINT('',(10.28651998,4.098689722128E-02,
    0.673263762973));
#2199 = CARTESIAN_POINT('',(10.27760787428,4.987207127456E-02,
    0.674788114101));
#2200 = CARTESIAN_POINT('',(10.304754790496,2.27710416509E-02,
    0.678304600776));
#2201 = CARTESIAN_POINT('',(10.272454409905,5.502258556695E-02,
    0.678549695971));
#2202 = CARTESIAN_POINT('',(10.283884520424,4.362591836218E-02,
    0.681212907352));
#2203 = CARTESIAN_POINT('',(10.281830366874,4.567187915425E-02,
    0.683118794541));
#2204 = CARTESIAN_POINT('',(10.283556010335,4.394543785683E-02,
    0.685235307426));
#2205 = CARTESIAN_POINT('',(10.29691653325,5.808169405448E-02,
    0.669033264294));
#2206 = CARTESIAN_POINT('',(10.296487763895,5.850896082736E-02,
    0.6710337724));
#2207 = CARTESIAN_POINT('',(10.295163074866,5.983165048214E-02,
    0.672983918367));
#2208 = CARTESIAN_POINT('',(10.3033793243,5.163276978861E-02,
    0.675450536404));
#2209 = CARTESIAN_POINT('',(10.289327474345,6.565687879206E-02,
    0.676709845509));
#2210 = CARTESIAN_POINT('',(10.303208085888,5.180443303764E-02,
    0.67949330319));
#2211 = CARTESIAN_POINT('',(10.294048404702,6.094439973797E-02,
    0.681012356789));
#2212 = CARTESIAN_POINT('',(10.296366758034,5.863210882316E-02,
    0.683163301614));
#2213 = CARTESIAN_POINT('',(10.295911804604,5.908761826675E-02,
    0.685161928533));
#2214 = CARTESIAN_POINT('',(10.301699464169,8.080072614821E-02,
    0.668554456917));
#2215 = CARTESIAN_POINT('',(10.301968997512,8.053141895468E-02,
    0.670591618817));
#2216 = CARTESIAN_POINT('',(10.302065389889,8.043567624651E-02,
    0.672619123702));
#2217 = CARTESIAN_POINT('',(10.300950814681,8.154796585344E-02,
    0.674584783755));
#2218 = CARTESIAN_POINT('',(10.301945785476,8.055503225066E-02,
    0.676657099416));
#2219 = CARTESIAN_POINT('',(10.300999028486,8.150121672894E-02,
    0.678632939803));
#2220 = CARTESIAN_POINT('',(10.301747898185,8.075227931878E-02,
    0.680694371777));
#2221 = CARTESIAN_POINT('',(10.30095909315,8.154075795303E-02,
    0.68267491177));
#2222 = CARTESIAN_POINT('',(10.300366033378,8.213384558482E-02,
    0.684666100861));
#2223 = CARTESIAN_POINT('',(10.299568571387,0.110431260162,
    0.667707465772));
#2224 = CARTESIAN_POINT('',(10.299640538362,0.110359430326,
    0.669734143219));
#2225 = CARTESIAN_POINT('',(10.299606626084,0.110393110755,
    0.671755314877));
#2226 = CARTESIAN_POINT('',(10.299186076661,0.110814319133,
    0.673755394657));
#2227 = CARTESIAN_POINT('',(10.300530016283,0.109469741577,
    0.675850585719));
#2228 = CARTESIAN_POINT('',(10.298325129414,0.111674862512,
    0.677755054072));
#2229 = CARTESIAN_POINT('',(10.299326453465,0.110673666688,
    0.679832066195));
#2230 = CARTESIAN_POINT('',(10.299039561287,0.110960249713,
    0.681839174569));
#2231 = CARTESIAN_POINT('',(10.298581058569,0.111418681422,
    0.683837472208));
#2232 = ADVANCED_FACE('',(#2233),#2259,.F.);
#2233 = FACE_BOUND('',#2234,.F.);
#2234 = EDGE_LOOP('',(#2235,#2236,#2237,#2245,#2253));
#2235 = ORIENTED_EDGE('',*,*,#1879,.F.);
#2236 = ORIENTED_EDGE('',*,*,#1895,.T.);
#2237 = ORIENTED_EDGE('',*,*,#2238,.T.);
#2238 = EDGE_CURVE('',#1896,#2239,#2241,.T.);
#2239 = VERTEX_POINT('',#2240);
#2240 = CARTESIAN_POINT('',(0.341421356237,4.576793840744E-02,
    1.110452846327));
#2241 = LINE('',#2242,#2243);
#2242 = CARTESIAN_POINT('',(9.226989723016E-02,1.958106484316E-02,
    0.86130138732));
#2243 = VECTOR('',#2244,1.);
#2244 = DIRECTION('',(0.705161999394,7.411551268478E-02,0.705161999394)
  );
#2245 = ORIENTED_EDGE('',*,*,#2246,.T.);
#2246 = EDGE_CURVE('',#2239,#2247,#2249,.T.);
#2247 = VERTEX_POINT('',#2248);
#2248 = CARTESIAN_POINT('',(10.154779872056,4.576793840744E-02,
    1.110452846327));
#2249 = LINE('',#2250,#2251);
#2250 = CARTESIAN_POINT('',(0.3,4.576793840744E-02,1.110452846327));
#2251 = VECTOR('',#2252,1.);
#2252 = DIRECTION('',(1.,-0.,0.));
#2253 = ORIENTED_EDGE('',*,*,#2254,.F.);
#2254 = EDGE_CURVE('',#1868,#2247,#2255,.T.);
#2255 = LINE('',#2256,#2257);
#2256 = CARTESIAN_POINT('',(10.201622700477,-1.074890013952E-03,
    0.664773104659));
#2257 = VECTOR('',#2258,1.);
#2258 = DIRECTION('',(-0.103962051184,0.103962051184,0.989132844378));
#2259 = PLANE('',#2260);
#2260 = AXIS2_PLACEMENT_3D('',#2261,#2262,#2263);
#2261 = CARTESIAN_POINT('',(0.,0.,0.675));
#2262 = DIRECTION('',(0.,0.994521895368,-0.104528463268));
#2263 = DIRECTION('',(1.,0.,0.));
#2264 = ADVANCED_FACE('',(#2265),#2276,.T.);
#2265 = FACE_BOUND('',#2266,.T.);
#2266 = EDGE_LOOP('',(#2267,#2268,#2275));
#2267 = ORIENTED_EDGE('',*,*,#1903,.F.);
#2268 = ORIENTED_EDGE('',*,*,#2269,.T.);
#2269 = EDGE_CURVE('',#1896,#1921,#2270,.T.);
#2270 = CIRCLE('',#2271,0.1);
#2271 = AXIS2_PLACEMENT_3D('',#2272,#2273,#2274);
#2272 = CARTESIAN_POINT('',(0.122176572627,0.122176572627,0.88075521639)
  );
#2273 = DIRECTION('',(-0.705161999394,-7.411551268478E-02,
    -0.705161999394));
#2274 = DIRECTION('',(-0.709046228825,7.370950015146E-02,0.701299048179)
  );
#2275 = ORIENTED_EDGE('',*,*,#1920,.F.);
#2276 = SPHERICAL_SURFACE('',#2277,0.1);
#2277 = AXIS2_PLACEMENT_3D('',#2278,#2279,#2280);
#2278 = CARTESIAN_POINT('',(0.122176572627,0.122176572627,0.88075521639)
  );
#2279 = DIRECTION('',(-6.938893903909E-16,0.994521895368,-0.104528463268
    ));
#2280 = DIRECTION('',(-0.99458126461,1.086699344847E-02,0.10339253619));
#2281 = ADVANCED_FACE('',(#2282),#2307,.T.);
#2282 = FACE_BOUND('',#2283,.T.);
#2283 = EDGE_LOOP('',(#2284,#2285,#2293,#2301));
#2284 = ORIENTED_EDGE('',*,*,#1929,.F.);
#2285 = ORIENTED_EDGE('',*,*,#2286,.T.);
#2286 = EDGE_CURVE('',#1921,#2287,#2289,.T.);
#2287 = VERTEX_POINT('',#2288);
#2288 = CARTESIAN_POINT('',(0.270710678119,0.145220127944,1.170710678119
    ));
#2289 = LINE('',#2290,#2291);
#2290 = CARTESIAN_POINT('',(2.15592191115E-02,0.11903325438,
    0.921559219112));
#2291 = VECTOR('',#2292,1.);
#2292 = DIRECTION('',(0.705161999394,7.411551268478E-02,0.705161999394)
  );
#2293 = ORIENTED_EDGE('',*,*,#2294,.T.);
#2294 = EDGE_CURVE('',#2287,#2295,#2297,.T.);
#2295 = VERTEX_POINT('',#2296);
#2296 = CARTESIAN_POINT('',(0.270710678119,22.254779872056,
    1.170710678119));
#2297 = LINE('',#2298,#2299);
#2298 = CARTESIAN_POINT('',(0.270710678119,5.517972351448E-02,
    1.170710678119));
#2299 = VECTOR('',#2300,1.);
#2300 = DIRECTION('',(0.,1.,0.));
#2301 = ORIENTED_EDGE('',*,*,#2302,.F.);
#2302 = EDGE_CURVE('',#1930,#2295,#2303,.T.);
#2303 = LINE('',#2304,#2305);
#2304 = CARTESIAN_POINT('',(2.155921911151E-02,22.28096674562,
    0.921559219112));
#2305 = VECTOR('',#2306,1.);
#2306 = DIRECTION('',(0.705161999394,-7.411551268478E-02,0.705161999394)
  );
#2307 = PLANE('',#2308);
#2308 = AXIS2_PLACEMENT_3D('',#2309,#2310,#2311);
#2309 = CARTESIAN_POINT('',(0.3,0.,1.2));
#2310 = DIRECTION('',(-0.707106781187,0.,0.707106781187));
#2311 = DIRECTION('',(-0.707106781187,0.,-0.707106781187));
#2312 = ADVANCED_FACE('',(#2313),#2324,.T.);
#2313 = FACE_BOUND('',#2314,.T.);
#2314 = EDGE_LOOP('',(#2315,#2316,#2317,#2323));
#2315 = ORIENTED_EDGE('',*,*,#1954,.T.);
#2316 = ORIENTED_EDGE('',*,*,#1970,.T.);
#2317 = ORIENTED_EDGE('',*,*,#2318,.F.);
#2318 = EDGE_CURVE('',#2129,#1971,#2319,.T.);
#2319 = LINE('',#2320,#2321);
#2320 = CARTESIAN_POINT('',(10.299452189537,1.387778780781E-17,
    0.680212068398));
#2321 = VECTOR('',#2322,1.);
#2322 = DIRECTION('',(0.,1.,-0.));
#2323 = ORIENTED_EDGE('',*,*,#2128,.F.);
#2324 = CYLINDRICAL_SURFACE('',#2325,0.1);
#2325 = AXIS2_PLACEMENT_3D('',#2326,#2327,#2328);
#2326 = CARTESIAN_POINT('',(10.2,1.387778780781E-17,0.669759222072));
#2327 = DIRECTION('',(0.,1.,-0.));
#2328 = DIRECTION('',(1.,-0.,0.));
#2329 = ADVANCED_FACE('',(#2330),#2349,.T.);
#2330 = FACE_BOUND('',#2331,.T.);
#2331 = EDGE_LOOP('',(#2332,#2333,#2342,#2348));
#2332 = ORIENTED_EDGE('',*,*,#2096,.T.);
#2333 = ORIENTED_EDGE('',*,*,#2334,.T.);
#2334 = EDGE_CURVE('',#2089,#2335,#2337,.T.);
#2335 = VERTEX_POINT('',#2336);
#2336 = CARTESIAN_POINT('',(10.254232061593,22.254779872056,
    1.110452846327));
#2337 = CIRCLE('',#2338,0.1);
#2338 = AXIS2_PLACEMENT_3D('',#2339,#2340,#2341);
#2339 = CARTESIAN_POINT('',(10.154779872056,22.254779872056,1.1));
#2340 = DIRECTION('',(0.103962051185,0.103962051185,-0.989132844378));
#2341 = DIRECTION('',(-1.175448627322E-14,0.994521895368,0.104528463268)
  );
#2342 = ORIENTED_EDGE('',*,*,#2343,.F.);
#2343 = EDGE_CURVE('',#1971,#2335,#2344,.T.);
#2344 = LINE('',#2345,#2346);
#2345 = CARTESIAN_POINT('',(10.301074890014,22.301622700477,
    0.664773104659));
#2346 = VECTOR('',#2347,1.);
#2347 = DIRECTION('',(-0.103962051184,-0.103962051184,0.989132844378));
#2348 = ORIENTED_EDGE('',*,*,#1982,.T.);
#2349 = CYLINDRICAL_SURFACE('',#2350,0.1);
#2350 = AXIS2_PLACEMENT_3D('',#2351,#2352,#2353);
#2351 = CARTESIAN_POINT('',(10.201622700477,22.301622700477,
    0.654320258332));
#2352 = DIRECTION('',(-0.103962051184,-0.103962051184,0.989132844378));
#2353 = DIRECTION('',(9.1635032895E-14,0.994521895368,0.104528463267));
#2354 = ADVANCED_FACE('',(#2355),#2367,.T.);
#2355 = FACE_BOUND('',#2356,.T.);
#2356 = EDGE_LOOP('',(#2357,#2358,#2359,#2366));
#2357 = ORIENTED_EDGE('',*,*,#2111,.F.);
#2358 = ORIENTED_EDGE('',*,*,#2302,.T.);
#2359 = ORIENTED_EDGE('',*,*,#2360,.T.);
#2360 = EDGE_CURVE('',#2295,#2081,#2361,.T.);
#2361 = CIRCLE('',#2362,0.1);
#2362 = AXIS2_PLACEMENT_3D('',#2363,#2364,#2365);
#2363 = CARTESIAN_POINT('',(0.341421356237,22.254779872056,1.1));
#2364 = DIRECTION('',(-0.705161999394,7.411551268476E-02,-0.705161999394
    ));
#2365 = DIRECTION('',(5.240758161053E-02,0.997249663214,
    5.240758161049E-02));
#2366 = ORIENTED_EDGE('',*,*,#2080,.F.);
#2367 = CYLINDRICAL_SURFACE('',#2368,0.1);
#2368 = AXIS2_PLACEMENT_3D('',#2369,#2370,#2371);
#2369 = CARTESIAN_POINT('',(9.226989723016E-02,22.28096674562,
    0.850848540993));
#2370 = DIRECTION('',(0.705161999394,-7.411551268478E-02,0.705161999394)
  );
#2371 = DIRECTION('',(-1.667971316621E-13,0.994521895368,0.104528463268)
  );
#2372 = ADVANCED_FACE('',(#2373),#2400,.T.);
#2373 = FACE_BOUND('',#2374,.T.);
#2374 = EDGE_LOOP('',(#2375,#2376,#2385,#2393));
#2375 = ORIENTED_EDGE('',*,*,#2088,.F.);
#2376 = ORIENTED_EDGE('',*,*,#2377,.T.);
#2377 = EDGE_CURVE('',#2081,#2378,#2380,.T.);
#2378 = VERTEX_POINT('',#2379);
#2379 = CARTESIAN_POINT('',(0.341421356237,22.254779872056,1.2));
#2380 = CIRCLE('',#2381,0.1);
#2381 = AXIS2_PLACEMENT_3D('',#2382,#2383,#2384);
#2382 = CARTESIAN_POINT('',(0.341421356237,22.254779872056,1.1));
#2383 = DIRECTION('',(1.,1.749386277529E-14,1.942890293094E-14));
#2384 = DIRECTION('',(-1.942890293095E-14,0.994521895368,0.104528463268)
  );
#2385 = ORIENTED_EDGE('',*,*,#2386,.T.);
#2386 = EDGE_CURVE('',#2378,#2387,#2389,.T.);
#2387 = VERTEX_POINT('',#2388);
#2388 = CARTESIAN_POINT('',(10.154779872056,22.254779872056,1.2));
#2389 = LINE('',#2390,#2391);
#2390 = CARTESIAN_POINT('',(0.3,22.254779872056,1.2));
#2391 = VECTOR('',#2392,1.);
#2392 = DIRECTION('',(1.,0.,0.));
#2393 = ORIENTED_EDGE('',*,*,#2394,.T.);
#2394 = EDGE_CURVE('',#2387,#2089,#2395,.T.);
#2395 = CIRCLE('',#2396,0.1);
#2396 = AXIS2_PLACEMENT_3D('',#2397,#2398,#2399);
#2397 = CARTESIAN_POINT('',(10.154779872056,22.254779872056,1.1));
#2398 = DIRECTION('',(-1.,1.867026271641E-15,-1.7763568394E-14));
#2399 = DIRECTION('',(1.86702627164E-15,1.,3.5527136788E-14));
#2400 = CYLINDRICAL_SURFACE('',#2401,0.1);
#2401 = AXIS2_PLACEMENT_3D('',#2402,#2403,#2404);
#2402 = CARTESIAN_POINT('',(0.3,22.254779872056,1.1));
#2403 = DIRECTION('',(1.,0.,0.));
#2404 = DIRECTION('',(-0.,0.994521895368,0.104528463268));
#2405 = ADVANCED_FACE('',(#2406),#2425,.T.);
#2406 = FACE_BOUND('',#2407,.T.);
#2407 = EDGE_LOOP('',(#2408,#2409,#2417,#2424));
#2408 = ORIENTED_EDGE('',*,*,#2140,.F.);
#2409 = ORIENTED_EDGE('',*,*,#2410,.T.);
#2410 = EDGE_CURVE('',#2129,#2411,#2413,.T.);
#2411 = VERTEX_POINT('',#2412);
#2412 = CARTESIAN_POINT('',(10.254232061593,0.145220127944,
    1.110452846327));
#2413 = LINE('',#2414,#2415);
#2414 = CARTESIAN_POINT('',(10.301074890014,9.837729952288E-02,
    0.664773104659));
#2415 = VECTOR('',#2416,1.);
#2416 = DIRECTION('',(-0.103962051184,0.103962051184,0.989132844378));
#2417 = ORIENTED_EDGE('',*,*,#2418,.F.);
#2418 = EDGE_CURVE('',#2247,#2411,#2419,.T.);
#2419 = CIRCLE('',#2420,0.1);
#2420 = AXIS2_PLACEMENT_3D('',#2421,#2422,#2423);
#2421 = CARTESIAN_POINT('',(10.154779872056,0.145220127944,1.1));
#2422 = DIRECTION('',(-0.103962051184,0.103962051184,0.989132844378));
#2423 = DIRECTION('',(9.163156344805E-14,-0.994521895368,0.104528463267)
  );
#2424 = ORIENTED_EDGE('',*,*,#2254,.F.);
#2425 = CYLINDRICAL_SURFACE('',#2426,0.1);
#2426 = AXIS2_PLACEMENT_3D('',#2427,#2428,#2429);
#2427 = CARTESIAN_POINT('',(10.201622700477,9.837729952288E-02,
    0.654320258332));
#2428 = DIRECTION('',(-0.103962051184,0.103962051184,0.989132844378));
#2429 = DIRECTION('',(9.1635032895E-14,-0.994521895368,0.104528463267));
#2430 = ADVANCED_FACE('',(#2431),#2443,.T.);
#2431 = FACE_BOUND('',#2432,.T.);
#2432 = EDGE_LOOP('',(#2433,#2434,#2441,#2442));
#2433 = ORIENTED_EDGE('',*,*,#2238,.T.);
#2434 = ORIENTED_EDGE('',*,*,#2435,.F.);
#2435 = EDGE_CURVE('',#2287,#2239,#2436,.T.);
#2436 = CIRCLE('',#2437,0.1);
#2437 = AXIS2_PLACEMENT_3D('',#2438,#2439,#2440);
#2438 = CARTESIAN_POINT('',(0.341421356237,0.145220127944,1.1));
#2439 = DIRECTION('',(0.705161999394,7.411551268478E-02,0.705161999394)
  );
#2440 = DIRECTION('',(5.240758161052E-02,-0.997249663214,
    5.240758161052E-02));
#2441 = ORIENTED_EDGE('',*,*,#2286,.F.);
#2442 = ORIENTED_EDGE('',*,*,#2269,.F.);
#2443 = CYLINDRICAL_SURFACE('',#2444,0.1);
#2444 = AXIS2_PLACEMENT_3D('',#2445,#2446,#2447);
#2445 = CARTESIAN_POINT('',(9.226989723016E-02,0.11903325438,
    0.850848540993));
#2446 = DIRECTION('',(0.705161999394,7.411551268478E-02,0.705161999394)
  );
#2447 = DIRECTION('',(-1.667971316621E-13,-0.994521895368,0.104528463268
    ));
#2448 = ADVANCED_FACE('',(#2449),#2476,.T.);
#2449 = FACE_BOUND('',#2450,.T.);
#2450 = EDGE_LOOP('',(#2451,#2460,#2468,#2475));
#2451 = ORIENTED_EDGE('',*,*,#2452,.F.);
#2452 = EDGE_CURVE('',#2453,#2247,#2455,.T.);
#2453 = VERTEX_POINT('',#2454);
#2454 = CARTESIAN_POINT('',(10.154779872056,0.145220127944,1.2));
#2455 = CIRCLE('',#2456,0.1);
#2456 = AXIS2_PLACEMENT_3D('',#2457,#2458,#2459);
#2457 = CARTESIAN_POINT('',(10.154779872056,0.145220127944,1.1));
#2458 = DIRECTION('',(1.,1.867026271641E-15,1.7763568394E-14));
#2459 = DIRECTION('',(1.867026271641E-15,-1.,1.665334536938E-15));
#2460 = ORIENTED_EDGE('',*,*,#2461,.F.);
#2461 = EDGE_CURVE('',#2462,#2453,#2464,.T.);
#2462 = VERTEX_POINT('',#2463);
#2463 = CARTESIAN_POINT('',(0.341421356237,0.145220127944,1.2));
#2464 = LINE('',#2465,#2466);
#2465 = CARTESIAN_POINT('',(0.3,0.145220127944,1.2));
#2466 = VECTOR('',#2467,1.);
#2467 = DIRECTION('',(1.,-0.,0.));
#2468 = ORIENTED_EDGE('',*,*,#2469,.F.);
#2469 = EDGE_CURVE('',#2239,#2462,#2470,.T.);
#2470 = CIRCLE('',#2471,0.1);
#2471 = AXIS2_PLACEMENT_3D('',#2472,#2473,#2474);
#2472 = CARTESIAN_POINT('',(0.341421356237,0.145220127944,1.1));
#2473 = DIRECTION('',(-1.,2.790846108557E-15,1.528418003866E-30));
#2474 = DIRECTION('',(-2.775557561563E-15,-0.994521895368,0.104528463268
    ));
#2475 = ORIENTED_EDGE('',*,*,#2246,.T.);
#2476 = CYLINDRICAL_SURFACE('',#2477,0.1);
#2477 = AXIS2_PLACEMENT_3D('',#2478,#2479,#2480);
#2478 = CARTESIAN_POINT('',(0.3,0.145220127944,1.1));
#2479 = DIRECTION('',(1.,-0.,0.));
#2480 = DIRECTION('',(-0.,-0.994521895368,0.104528463268));
#2481 = ADVANCED_FACE('',(#2482),#2505,.T.);
#2482 = FACE_BOUND('',#2483,.T.);
#2483 = EDGE_LOOP('',(#2484,#2491,#2497,#2504));
#2484 = ORIENTED_EDGE('',*,*,#2485,.T.);
#2485 = EDGE_CURVE('',#2287,#2462,#2486,.T.);
#2486 = CIRCLE('',#2487,0.1);
#2487 = AXIS2_PLACEMENT_3D('',#2488,#2489,#2490);
#2488 = CARTESIAN_POINT('',(0.341421356237,0.145220127944,1.1));
#2489 = DIRECTION('',(-8.046723850754E-16,1.,3.728969589374E-16));
#2490 = DIRECTION('',(0.707106781187,3.053113317719E-16,0.707106781187)
  );
#2491 = ORIENTED_EDGE('',*,*,#2492,.T.);
#2492 = EDGE_CURVE('',#2462,#2378,#2493,.T.);
#2493 = LINE('',#2494,#2495);
#2494 = CARTESIAN_POINT('',(0.341421356237,5.517972351448E-02,1.2));
#2495 = VECTOR('',#2496,1.);
#2496 = DIRECTION('',(0.,1.,0.));
#2497 = ORIENTED_EDGE('',*,*,#2498,.F.);
#2498 = EDGE_CURVE('',#2295,#2378,#2499,.T.);
#2499 = CIRCLE('',#2500,0.1);
#2500 = AXIS2_PLACEMENT_3D('',#2501,#2502,#2503);
#2501 = CARTESIAN_POINT('',(0.341421356237,22.254779872056,1.1));
#2502 = DIRECTION('',(4.146025398712E-14,1.,-8.782704690761E-15));
#2503 = DIRECTION('',(0.707106781187,-2.310651670001E-14,0.707106781187)
  );
#2504 = ORIENTED_EDGE('',*,*,#2294,.F.);
#2505 = CYLINDRICAL_SURFACE('',#2506,0.1);
#2506 = AXIS2_PLACEMENT_3D('',#2507,#2508,#2509);
#2507 = CARTESIAN_POINT('',(0.341421356237,5.517972351448E-02,1.1));
#2508 = DIRECTION('',(0.,1.,0.));
#2509 = DIRECTION('',(-0.707106781187,0.,0.707106781187));
#2510 = ADVANCED_FACE('',(#2511),#2522,.F.);
#2511 = FACE_BOUND('',#2512,.F.);
#2512 = EDGE_LOOP('',(#2513,#2514,#2515,#2521));
#2513 = ORIENTED_EDGE('',*,*,#2318,.F.);
#2514 = ORIENTED_EDGE('',*,*,#2410,.T.);
#2515 = ORIENTED_EDGE('',*,*,#2516,.T.);
#2516 = EDGE_CURVE('',#2411,#2335,#2517,.T.);
#2517 = LINE('',#2518,#2519);
#2518 = CARTESIAN_POINT('',(10.254232061593,5.517972351448E-02,
    1.110452846327));
#2519 = VECTOR('',#2520,1.);
#2520 = DIRECTION('',(0.,1.,-0.));
#2521 = ORIENTED_EDGE('',*,*,#2343,.F.);
#2522 = PLANE('',#2523);
#2523 = AXIS2_PLACEMENT_3D('',#2524,#2525,#2526);
#2524 = CARTESIAN_POINT('',(10.3,0.,0.675));
#2525 = DIRECTION('',(-0.994521895368,0.,-0.104528463268));
#2526 = DIRECTION('',(0.,1.,0.));
#2527 = ADVANCED_FACE('',(#2528),#2539,.T.);
#2528 = FACE_BOUND('',#2529,.T.);
#2529 = EDGE_LOOP('',(#2530,#2531,#2538));
#2530 = ORIENTED_EDGE('',*,*,#2394,.F.);
#2531 = ORIENTED_EDGE('',*,*,#2532,.T.);
#2532 = EDGE_CURVE('',#2387,#2335,#2533,.T.);
#2533 = CIRCLE('',#2534,0.1);
#2534 = AXIS2_PLACEMENT_3D('',#2535,#2536,#2537);
#2535 = CARTESIAN_POINT('',(10.154779872056,22.254779872056,1.1));
#2536 = DIRECTION('',(3.755497532461E-14,1.,3.552713678801E-14));
#2537 = DIRECTION('',(1.,-3.755497532461E-14,1.7763568394E-14));
#2538 = ORIENTED_EDGE('',*,*,#2334,.F.);
#2539 = SPHERICAL_SURFACE('',#2540,0.1);
#2540 = AXIS2_PLACEMENT_3D('',#2541,#2542,#2543);
#2541 = CARTESIAN_POINT('',(10.154779872056,22.254779872056,1.1));
#2542 = DIRECTION('',(1.7763568394E-14,3.5527136788E-14,-1.));
#2543 = DIRECTION('',(1.867026271641E-15,1.,3.5527136788E-14));
#2544 = ADVANCED_FACE('',(#2545),#2550,.T.);
#2545 = FACE_BOUND('',#2546,.T.);
#2546 = EDGE_LOOP('',(#2547,#2548,#2549));
#2547 = ORIENTED_EDGE('',*,*,#2360,.F.);
#2548 = ORIENTED_EDGE('',*,*,#2498,.T.);
#2549 = ORIENTED_EDGE('',*,*,#2377,.F.);
#2550 = SPHERICAL_SURFACE('',#2551,0.1);
#2551 = AXIS2_PLACEMENT_3D('',#2552,#2553,#2554);
#2552 = CARTESIAN_POINT('',(0.341421356237,22.254779872056,1.1));
#2553 = DIRECTION('',(0.707106781187,-3.552713678798E-14,-0.707106781187
    ));
#2554 = DIRECTION('',(5.240758161049E-02,0.997249663214,
    5.240758161044E-02));
#2555 = ADVANCED_FACE('',(#2556,#2567),#2578,.T.);
#2556 = FACE_BOUND('',#2557,.T.);
#2557 = EDGE_LOOP('',(#2558,#2559,#2560,#2561));
#2558 = ORIENTED_EDGE('',*,*,#2386,.F.);
#2559 = ORIENTED_EDGE('',*,*,#2492,.F.);
#2560 = ORIENTED_EDGE('',*,*,#2461,.T.);
#2561 = ORIENTED_EDGE('',*,*,#2562,.T.);
#2562 = EDGE_CURVE('',#2453,#2387,#2563,.T.);
#2563 = LINE('',#2564,#2565);
#2564 = CARTESIAN_POINT('',(10.154779872056,5.517972351448E-02,1.2));
#2565 = VECTOR('',#2566,1.);
#2566 = DIRECTION('',(0.,1.,-0.));
#2567 = FACE_BOUND('',#2568,.T.);
#2568 = EDGE_LOOP('',(#2569));
#2569 = ORIENTED_EDGE('',*,*,#2570,.F.);
#2570 = EDGE_CURVE('',#2571,#2571,#2573,.T.);
#2571 = VERTEX_POINT('',#2572);
#2572 = CARTESIAN_POINT('',(2.360416666667,20.683333333333,1.2));
#2573 = CIRCLE('',#2574,0.64375);
#2574 = AXIS2_PLACEMENT_3D('',#2575,#2576,#2577);
#2575 = CARTESIAN_POINT('',(1.716666666667,20.683333333333,1.2));
#2576 = DIRECTION('',(0.,0.,1.));
#2577 = DIRECTION('',(1.,0.,-0.));
#2578 = PLANE('',#2579);
#2579 = AXIS2_PLACEMENT_3D('',#2580,#2581,#2582);
#2580 = CARTESIAN_POINT('',(0.,0.,1.2));
#2581 = DIRECTION('',(0.,0.,1.));
#2582 = DIRECTION('',(1.,0.,-0.));
#2583 = ADVANCED_FACE('',(#2584),#2595,.T.);
#2584 = FACE_BOUND('',#2585,.T.);
#2585 = EDGE_LOOP('',(#2586,#2587,#2594));
#2586 = ORIENTED_EDGE('',*,*,#2418,.T.);
#2587 = ORIENTED_EDGE('',*,*,#2588,.F.);
#2588 = EDGE_CURVE('',#2453,#2411,#2589,.T.);
#2589 = CIRCLE('',#2590,0.1);
#2590 = AXIS2_PLACEMENT_3D('',#2591,#2592,#2593);
#2591 = CARTESIAN_POINT('',(10.154779872056,0.145220127944,1.1));
#2592 = DIRECTION('',(-1.139660116909E-15,1.,-1.665334536938E-15));
#2593 = DIRECTION('',(1.,1.139660116909E-15,1.7763568394E-14));
#2594 = ORIENTED_EDGE('',*,*,#2452,.T.);
#2595 = SPHERICAL_SURFACE('',#2596,0.1);
#2596 = AXIS2_PLACEMENT_3D('',#2597,#2598,#2599);
#2597 = CARTESIAN_POINT('',(10.154779872056,0.145220127944,1.1));
#2598 = DIRECTION('',(1.7763568394E-14,-1.665334536938E-15,-1.));
#2599 = DIRECTION('',(1.867026271641E-15,-1.,1.665334536938E-15));
#2600 = ADVANCED_FACE('',(#2601),#2606,.T.);
#2601 = FACE_BOUND('',#2602,.T.);
#2602 = EDGE_LOOP('',(#2603,#2604,#2605));
#2603 = ORIENTED_EDGE('',*,*,#2469,.T.);
#2604 = ORIENTED_EDGE('',*,*,#2485,.F.);
#2605 = ORIENTED_EDGE('',*,*,#2435,.T.);
#2606 = SPHERICAL_SURFACE('',#2607,0.1);
#2607 = AXIS2_PLACEMENT_3D('',#2608,#2609,#2610);
#2608 = CARTESIAN_POINT('',(0.341421356237,0.145220127944,1.1));
#2609 = DIRECTION('',(0.707106781187,8.326672684684E-16,-0.707106781187)
  );
#2610 = DIRECTION('',(5.240758161048E-02,-0.997249663214,
    5.240758161047E-02));
#2611 = ADVANCED_FACE('',(#2612),#2618,.T.);
#2612 = FACE_BOUND('',#2613,.T.);
#2613 = EDGE_LOOP('',(#2614,#2615,#2616,#2617));
#2614 = ORIENTED_EDGE('',*,*,#2516,.T.);
#2615 = ORIENTED_EDGE('',*,*,#2532,.F.);
#2616 = ORIENTED_EDGE('',*,*,#2562,.F.);
#2617 = ORIENTED_EDGE('',*,*,#2588,.T.);
#2618 = CYLINDRICAL_SURFACE('',#2619,0.1);
#2619 = AXIS2_PLACEMENT_3D('',#2620,#2621,#2622);
#2620 = CARTESIAN_POINT('',(10.154779872056,5.517972351448E-02,1.1));
#2621 = DIRECTION('',(0.,1.,-0.));
#2622 = DIRECTION('',(0.994521895368,0.,0.104528463268));
#2623 = ADVANCED_FACE('',(#2624),#2643,.F.);
#2624 = FACE_BOUND('',#2625,.F.);
#2625 = EDGE_LOOP('',(#2626,#2627,#2635,#2642));
#2626 = ORIENTED_EDGE('',*,*,#2570,.F.);
#2627 = ORIENTED_EDGE('',*,*,#2628,.F.);
#2628 = EDGE_CURVE('',#2629,#2571,#2631,.T.);
#2629 = VERTEX_POINT('',#2630);
#2630 = CARTESIAN_POINT('',(2.360416666667,20.683333333333,1.1));
#2631 = LINE('',#2632,#2633);
#2632 = CARTESIAN_POINT('',(2.360416666667,20.683333333333,1.1));
#2633 = VECTOR('',#2634,1.);
#2634 = DIRECTION('',(0.,0.,1.));
#2635 = ORIENTED_EDGE('',*,*,#2636,.T.);
#2636 = EDGE_CURVE('',#2629,#2629,#2637,.T.);
#2637 = CIRCLE('',#2638,0.64375);
#2638 = AXIS2_PLACEMENT_3D('',#2639,#2640,#2641);
#2639 = CARTESIAN_POINT('',(1.716666666667,20.683333333333,1.1));
#2640 = DIRECTION('',(0.,0.,1.));
#2641 = DIRECTION('',(1.,0.,-0.));
#2642 = ORIENTED_EDGE('',*,*,#2628,.T.);
#2643 = CYLINDRICAL_SURFACE('',#2644,0.64375);
#2644 = AXIS2_PLACEMENT_3D('',#2645,#2646,#2647);
#2645 = CARTESIAN_POINT('',(1.716666666667,20.683333333333,1.1));
#2646 = DIRECTION('',(0.,0.,1.));
#2647 = DIRECTION('',(1.,0.,-0.));
#2648 = ADVANCED_FACE('',(#2649),#2652,.T.);
#2649 = FACE_BOUND('',#2650,.F.);
#2650 = EDGE_LOOP('',(#2651));
#2651 = ORIENTED_EDGE('',*,*,#2636,.F.);
#2652 = PLANE('',#2653);
#2653 = AXIS2_PLACEMENT_3D('',#2654,#2655,#2656);
#2654 = CARTESIAN_POINT('',(1.716666666667,20.683333333333,1.1));
#2655 = DIRECTION('',(0.,0.,1.));
#2656 = DIRECTION('',(1.,0.,-0.));
#2657 = ( GEOMETRIC_REPRESENTATION_CONTEXT(3) 
GLOBAL_UNCERTAINTY_ASSIGNED_CONTEXT((#2661)) 
GLOBAL_UNIT_ASSIGNED_CONTEXT((#2658,#2659,#2660)) REPRESENTATION_CONTEXT
('Context #1','3D Context with UNIT and UNCERTAINTY') );
#2658 = ( LENGTH_UNIT() NAMED_UNIT(*) SI_UNIT(.MILLI.,.METRE.) );
#2659 = ( NAMED_UNIT(*) PLANE_ANGLE_UNIT() SI_UNIT($,.RADIAN.) );
#2660 = ( NAMED_UNIT(*) SI_UNIT($,.STERADIAN.) SOLID_ANGLE_UNIT() );
#2661 = UNCERTAINTY_MEASURE_WITH_UNIT(LENGTH_MEASURE(1.E-05),#2658,
  'distance_accuracy_value','confusion accuracy');
#2662 = SHAPE_DEFINITION_REPRESENTATION(#2663,#331);
#2663 = PRODUCT_DEFINITION_SHAPE('','',#2664);
#2664 = PRODUCT_DEFINITION('design','',#2665,#2668);
#2665 = PRODUCT_DEFINITION_FORMATION('','',#2666);
#2666 = PRODUCT('Open CASCADE STEP translator 7.5 2.2.1',
  'Open CASCADE STEP translator 7.5 2.2.1','',(#2667));
#2667 = PRODUCT_CONTEXT('',#2,'mechanical');
#2668 = PRODUCT_DEFINITION_CONTEXT('part definition',#2,'design');
#2669 = CONTEXT_DEPENDENT_SHAPE_REPRESENTATION(#2670,#2672);
#2670 = ( REPRESENTATION_RELATIONSHIP('','',#331,#321) 
REPRESENTATION_RELATIONSHIP_WITH_TRANSFORMATION(#2671) 
SHAPE_REPRESENTATION_RELATIONSHIP() );
#2671 = ITEM_DEFINED_TRANSFORMATION('','',#11,#322);
#2672 = PRODUCT_DEFINITION_SHAPE('Placement','Placement of an item',
  #2673);
#2673 = NEXT_ASSEMBLY_USAGE_OCCURRENCE('116','59','',#316,#2664,$);
#2674 = PRODUCT_RELATED_PRODUCT_CATEGORY('part',$,(#2666));
#2675 = CONTEXT_DEPENDENT_SHAPE_REPRESENTATION(#2676,#2678);
#2676 = ( REPRESENTATION_RELATIONSHIP('','',#321,#46) 
REPRESENTATION_RELATIONSHIP_WITH_TRANSFORMATION(#2677) 
SHAPE_REPRESENTATION_RELATIONSHIP() );
#2677 = ITEM_DEFINED_TRANSFORMATION('','',#11,#51);
#2678 = PRODUCT_DEFINITION_SHAPE('Placement','Placement of an item',
  #2679);
#2679 = NEXT_ASSEMBLY_USAGE_OCCURRENCE('117','60','',#41,#316,$);
#2680 = PRODUCT_RELATED_PRODUCT_CATEGORY('part',$,(#318));
#2681 = ADVANCED_BREP_SHAPE_REPRESENTATION('',(#11,#2682),#3224);
#2682 = MANIFOLD_SOLID_BREP('',#2683);
#2683 = CLOSED_SHELL('',(#2684,#2724,#2755,#2788,#2819,#2852,#2883,#2907
    ,#2932,#2956,#2981,#3005,#3029,#3054,#3078,#3103,#3127,#3144,#3161,
    #3178,#3195,#3212));
#2684 = ADVANCED_FACE('',(#2685),#2719,.F.);
#2685 = FACE_BOUND('',#2686,.F.);
#2686 = EDGE_LOOP('',(#2687,#2697,#2705,#2713));
#2687 = ORIENTED_EDGE('',*,*,#2688,.T.);
#2688 = EDGE_CURVE('',#2689,#2691,#2693,.T.);
#2689 = VERTEX_POINT('',#2690);
#2690 = CARTESIAN_POINT('',(0.,-0.1875,0.575));
#2691 = VERTEX_POINT('',#2692);
#2692 = CARTESIAN_POINT('',(0.,0.1875,0.575));
#2693 = LINE('',#2694,#2695);
#2694 = CARTESIAN_POINT('',(0.,-0.1875,0.575));
#2695 = VECTOR('',#2696,1.);
#2696 = DIRECTION('',(0.,1.,0.));
#2697 = ORIENTED_EDGE('',*,*,#2698,.T.);
#2698 = EDGE_CURVE('',#2691,#2699,#2701,.T.);
#2699 = VERTEX_POINT('',#2700);
#2700 = CARTESIAN_POINT('',(0.,0.1875,0.675));
#2701 = LINE('',#2702,#2703);
#2702 = CARTESIAN_POINT('',(0.,0.1875,0.575));
#2703 = VECTOR('',#2704,1.);
#2704 = DIRECTION('',(0.,-0.,1.));
#2705 = ORIENTED_EDGE('',*,*,#2706,.T.);
#2706 = EDGE_CURVE('',#2699,#2707,#2709,.T.);
#2707 = VERTEX_POINT('',#2708);
#2708 = CARTESIAN_POINT('',(0.,-0.1875,0.675));
#2709 = LINE('',#2710,#2711);
#2710 = CARTESIAN_POINT('',(0.,0.1875,0.675));
#2711 = VECTOR('',#2712,1.);
#2712 = DIRECTION('',(0.,-1.,0.));
#2713 = ORIENTED_EDGE('',*,*,#2714,.T.);
#2714 = EDGE_CURVE('',#2707,#2689,#2715,.T.);
#2715 = LINE('',#2716,#2717);
#2716 = CARTESIAN_POINT('',(0.,-0.1875,0.675));
#2717 = VECTOR('',#2718,1.);
#2718 = DIRECTION('',(0.,0.,-1.));
#2719 = PLANE('',#2720);
#2720 = AXIS2_PLACEMENT_3D('',#2721,#2722,#2723);
#2721 = CARTESIAN_POINT('',(0.,0.,0.625));
#2722 = DIRECTION('',(1.,0.,0.));
#2723 = DIRECTION('',(0.,0.,1.));
#2724 = ADVANCED_FACE('',(#2725),#2750,.T.);
#2725 = FACE_BOUND('',#2726,.T.);
#2726 = EDGE_LOOP('',(#2727,#2735,#2736,#2744));
#2727 = ORIENTED_EDGE('',*,*,#2728,.F.);
#2728 = EDGE_CURVE('',#2689,#2729,#2731,.T.);
#2729 = VERTEX_POINT('',#2730);
#2730 = CARTESIAN_POINT('',(0.13,-0.1875,0.575));
#2731 = LINE('',#2732,#2733);
#2732 = CARTESIAN_POINT('',(0.,-0.1875,0.575));
#2733 = VECTOR('',#2734,1.);
#2734 = DIRECTION('',(1.,-0.,0.));
#2735 = ORIENTED_EDGE('',*,*,#2688,.T.);
#2736 = ORIENTED_EDGE('',*,*,#2737,.T.);
#2737 = EDGE_CURVE('',#2691,#2738,#2740,.T.);
#2738 = VERTEX_POINT('',#2739);
#2739 = CARTESIAN_POINT('',(0.13,0.1875,0.575));
#2740 = LINE('',#2741,#2742);
#2741 = CARTESIAN_POINT('',(0.,0.1875,0.575));
#2742 = VECTOR('',#2743,1.);
#2743 = DIRECTION('',(1.,-0.,0.));
#2744 = ORIENTED_EDGE('',*,*,#2745,.F.);
#2745 = EDGE_CURVE('',#2729,#2738,#2746,.T.);
#2746 = LINE('',#2747,#2748);
#2747 = CARTESIAN_POINT('',(0.13,-0.1875,0.575));
#2748 = VECTOR('',#2749,1.);
#2749 = DIRECTION('',(0.,1.,0.));
#2750 = PLANE('',#2751);
#2751 = AXIS2_PLACEMENT_3D('',#2752,#2753,#2754);
#2752 = CARTESIAN_POINT('',(0.,-0.1875,0.575));
#2753 = DIRECTION('',(0.,0.,-1.));
#2754 = DIRECTION('',(0.,1.,0.));
#2755 = ADVANCED_FACE('',(#2756),#2783,.F.);
#2756 = FACE_BOUND('',#2757,.F.);
#2757 = EDGE_LOOP('',(#2758,#2767,#2775,#2782));
#2758 = ORIENTED_EDGE('',*,*,#2759,.T.);
#2759 = EDGE_CURVE('',#2729,#2760,#2762,.T.);
#2760 = VERTEX_POINT('',#2761);
#2761 = CARTESIAN_POINT('',(0.23,-0.1875,0.475));
#2762 = CIRCLE('',#2763,0.1);
#2763 = AXIS2_PLACEMENT_3D('',#2764,#2765,#2766);
#2764 = CARTESIAN_POINT('',(0.13,-0.1875,0.475));
#2765 = DIRECTION('',(0.,1.,0.));
#2766 = DIRECTION('',(0.,0.,-1.));
#2767 = ORIENTED_EDGE('',*,*,#2768,.T.);
#2768 = EDGE_CURVE('',#2760,#2769,#2771,.T.);
#2769 = VERTEX_POINT('',#2770);
#2770 = CARTESIAN_POINT('',(0.23,0.1875,0.475));
#2771 = LINE('',#2772,#2773);
#2772 = CARTESIAN_POINT('',(0.23,-0.1875,0.475));
#2773 = VECTOR('',#2774,1.);
#2774 = DIRECTION('',(0.,1.,0.));
#2775 = ORIENTED_EDGE('',*,*,#2776,.F.);
#2776 = EDGE_CURVE('',#2738,#2769,#2777,.T.);
#2777 = CIRCLE('',#2778,0.1);
#2778 = AXIS2_PLACEMENT_3D('',#2779,#2780,#2781);
#2779 = CARTESIAN_POINT('',(0.13,0.1875,0.475));
#2780 = DIRECTION('',(0.,1.,0.));
#2781 = DIRECTION('',(0.,0.,-1.));
#2782 = ORIENTED_EDGE('',*,*,#2745,.F.);
#2783 = CYLINDRICAL_SURFACE('',#2784,0.1);
#2784 = AXIS2_PLACEMENT_3D('',#2785,#2786,#2787);
#2785 = CARTESIAN_POINT('',(0.13,-0.1875,0.475));
#2786 = DIRECTION('',(0.,1.,0.));
#2787 = DIRECTION('',(0.,0.,-1.));
#2788 = ADVANCED_FACE('',(#2789),#2814,.T.);
#2789 = FACE_BOUND('',#2790,.T.);
#2790 = EDGE_LOOP('',(#2791,#2799,#2800,#2808));
#2791 = ORIENTED_EDGE('',*,*,#2792,.F.);
#2792 = EDGE_CURVE('',#2760,#2793,#2795,.T.);
#2793 = VERTEX_POINT('',#2794);
#2794 = CARTESIAN_POINT('',(0.23,-0.1875,0.2));
#2795 = LINE('',#2796,#2797);
#2796 = CARTESIAN_POINT('',(0.23,-0.1875,0.475));
#2797 = VECTOR('',#2798,1.);
#2798 = DIRECTION('',(0.,0.,-1.));
#2799 = ORIENTED_EDGE('',*,*,#2768,.T.);
#2800 = ORIENTED_EDGE('',*,*,#2801,.T.);
#2801 = EDGE_CURVE('',#2769,#2802,#2804,.T.);
#2802 = VERTEX_POINT('',#2803);
#2803 = CARTESIAN_POINT('',(0.23,0.1875,0.2));
#2804 = LINE('',#2805,#2806);
#2805 = CARTESIAN_POINT('',(0.23,0.1875,0.475));
#2806 = VECTOR('',#2807,1.);
#2807 = DIRECTION('',(0.,0.,-1.));
#2808 = ORIENTED_EDGE('',*,*,#2809,.F.);
#2809 = EDGE_CURVE('',#2793,#2802,#2810,.T.);
#2810 = LINE('',#2811,#2812);
#2811 = CARTESIAN_POINT('',(0.23,-0.1875,0.2));
#2812 = VECTOR('',#2813,1.);
#2813 = DIRECTION('',(0.,1.,0.));
#2814 = PLANE('',#2815);
#2815 = AXIS2_PLACEMENT_3D('',#2816,#2817,#2818);
#2816 = CARTESIAN_POINT('',(0.23,-0.1875,0.475));
#2817 = DIRECTION('',(-1.,0.,0.));
#2818 = DIRECTION('',(0.,1.,0.));
#2819 = ADVANCED_FACE('',(#2820),#2847,.T.);
#2820 = FACE_BOUND('',#2821,.T.);
#2821 = EDGE_LOOP('',(#2822,#2831,#2832,#2841));
#2822 = ORIENTED_EDGE('',*,*,#2823,.F.);
#2823 = EDGE_CURVE('',#2793,#2824,#2826,.T.);
#2824 = VERTEX_POINT('',#2825);
#2825 = CARTESIAN_POINT('',(0.43,-0.1875,0.));
#2826 = CIRCLE('',#2827,0.2);
#2827 = AXIS2_PLACEMENT_3D('',#2828,#2829,#2830);
#2828 = CARTESIAN_POINT('',(0.43,-0.1875,0.2));
#2829 = DIRECTION('',(0.,-1.,0.));
#2830 = DIRECTION('',(0.,0.,-1.));
#2831 = ORIENTED_EDGE('',*,*,#2809,.T.);
#2832 = ORIENTED_EDGE('',*,*,#2833,.T.);
#2833 = EDGE_CURVE('',#2802,#2834,#2836,.T.);
#2834 = VERTEX_POINT('',#2835);
#2835 = CARTESIAN_POINT('',(0.43,0.1875,0.));
#2836 = CIRCLE('',#2837,0.2);
#2837 = AXIS2_PLACEMENT_3D('',#2838,#2839,#2840);
#2838 = CARTESIAN_POINT('',(0.43,0.1875,0.2));
#2839 = DIRECTION('',(0.,-1.,0.));
#2840 = DIRECTION('',(0.,0.,-1.));
#2841 = ORIENTED_EDGE('',*,*,#2842,.T.);
#2842 = EDGE_CURVE('',#2834,#2824,#2843,.T.);
#2843 = LINE('',#2844,#2845);
#2844 = CARTESIAN_POINT('',(0.43,-0.1875,0.));
#2845 = VECTOR('',#2846,1.);
#2846 = DIRECTION('',(0.,-1.,0.));
#2847 = CYLINDRICAL_SURFACE('',#2848,0.2);
#2848 = AXIS2_PLACEMENT_3D('',#2849,#2850,#2851);
#2849 = CARTESIAN_POINT('',(0.43,-0.1875,0.2));
#2850 = DIRECTION('',(0.,-1.,0.));
#2851 = DIRECTION('',(0.,0.,-1.));
#2852 = ADVANCED_FACE('',(#2853),#2878,.T.);
#2853 = FACE_BOUND('',#2854,.T.);
#2854 = EDGE_LOOP('',(#2855,#2863,#2864,#2872));
#2855 = ORIENTED_EDGE('',*,*,#2856,.F.);
#2856 = EDGE_CURVE('',#2824,#2857,#2859,.T.);
#2857 = VERTEX_POINT('',#2858);
#2858 = CARTESIAN_POINT('',(0.73,-0.1875,0.));
#2859 = LINE('',#2860,#2861);
#2860 = CARTESIAN_POINT('',(0.43,-0.1875,0.));
#2861 = VECTOR('',#2862,1.);
#2862 = DIRECTION('',(1.,-0.,0.));
#2863 = ORIENTED_EDGE('',*,*,#2842,.F.);
#2864 = ORIENTED_EDGE('',*,*,#2865,.T.);
#2865 = EDGE_CURVE('',#2834,#2866,#2868,.T.);
#2866 = VERTEX_POINT('',#2867);
#2867 = CARTESIAN_POINT('',(0.73,0.1875,0.));
#2868 = LINE('',#2869,#2870);
#2869 = CARTESIAN_POINT('',(0.43,0.1875,0.));
#2870 = VECTOR('',#2871,1.);
#2871 = DIRECTION('',(1.,-0.,0.));
#2872 = ORIENTED_EDGE('',*,*,#2873,.F.);
#2873 = EDGE_CURVE('',#2857,#2866,#2874,.T.);
#2874 = LINE('',#2875,#2876);
#2875 = CARTESIAN_POINT('',(0.73,-0.1875,0.));
#2876 = VECTOR('',#2877,1.);
#2877 = DIRECTION('',(0.,1.,0.));
#2878 = PLANE('',#2879);
#2879 = AXIS2_PLACEMENT_3D('',#2880,#2881,#2882);
#2880 = CARTESIAN_POINT('',(0.43,-0.1875,0.));
#2881 = DIRECTION('',(0.,0.,-1.));
#2882 = DIRECTION('',(0.,1.,0.));
#2883 = ADVANCED_FACE('',(#2884),#2902,.T.);
#2884 = FACE_BOUND('',#2885,.T.);
#2885 = EDGE_LOOP('',(#2886,#2887,#2888,#2896));
#2886 = ORIENTED_EDGE('',*,*,#2737,.F.);
#2887 = ORIENTED_EDGE('',*,*,#2698,.T.);
#2888 = ORIENTED_EDGE('',*,*,#2889,.T.);
#2889 = EDGE_CURVE('',#2699,#2890,#2892,.T.);
#2890 = VERTEX_POINT('',#2891);
#2891 = CARTESIAN_POINT('',(0.13,0.1875,0.675));
#2892 = LINE('',#2893,#2894);
#2893 = CARTESIAN_POINT('',(0.,0.1875,0.675));
#2894 = VECTOR('',#2895,1.);
#2895 = DIRECTION('',(1.,0.,-0.));
#2896 = ORIENTED_EDGE('',*,*,#2897,.F.);
#2897 = EDGE_CURVE('',#2738,#2890,#2898,.T.);
#2898 = LINE('',#2899,#2900);
#2899 = CARTESIAN_POINT('',(0.13,0.1875,0.575));
#2900 = VECTOR('',#2901,1.);
#2901 = DIRECTION('',(0.,-0.,1.));
#2902 = PLANE('',#2903);
#2903 = AXIS2_PLACEMENT_3D('',#2904,#2905,#2906);
#2904 = CARTESIAN_POINT('',(0.,0.1875,0.575));
#2905 = DIRECTION('',(0.,1.,0.));
#2906 = DIRECTION('',(0.,-0.,1.));
#2907 = ADVANCED_FACE('',(#2908),#2927,.F.);
#2908 = FACE_BOUND('',#2909,.F.);
#2909 = EDGE_LOOP('',(#2910,#2911,#2919,#2926));
#2910 = ORIENTED_EDGE('',*,*,#2776,.T.);
#2911 = ORIENTED_EDGE('',*,*,#2912,.T.);
#2912 = EDGE_CURVE('',#2769,#2913,#2915,.T.);
#2913 = VERTEX_POINT('',#2914);
#2914 = CARTESIAN_POINT('',(0.33,0.1875,0.475));
#2915 = LINE('',#2916,#2917);
#2916 = CARTESIAN_POINT('',(0.23,0.1875,0.475));
#2917 = VECTOR('',#2918,1.);
#2918 = DIRECTION('',(1.,0.,9.95799250103E-17));
#2919 = ORIENTED_EDGE('',*,*,#2920,.F.);
#2920 = EDGE_CURVE('',#2890,#2913,#2921,.T.);
#2921 = CIRCLE('',#2922,0.2);
#2922 = AXIS2_PLACEMENT_3D('',#2923,#2924,#2925);
#2923 = CARTESIAN_POINT('',(0.13,0.1875,0.475));
#2924 = DIRECTION('',(0.,1.,0.));
#2925 = DIRECTION('',(0.,0.,-1.));
#2926 = ORIENTED_EDGE('',*,*,#2897,.F.);
#2927 = PLANE('',#2928);
#2928 = AXIS2_PLACEMENT_3D('',#2929,#2930,#2931);
#2929 = CARTESIAN_POINT('',(0.236066017178,0.1875,0.581066017178));
#2930 = DIRECTION('',(-0.,-1.,-0.));
#2931 = DIRECTION('',(0.707106781187,0.,-0.707106781187));
#2932 = ADVANCED_FACE('',(#2933),#2951,.T.);
#2933 = FACE_BOUND('',#2934,.T.);
#2934 = EDGE_LOOP('',(#2935,#2936,#2937,#2945));
#2935 = ORIENTED_EDGE('',*,*,#2801,.F.);
#2936 = ORIENTED_EDGE('',*,*,#2912,.T.);
#2937 = ORIENTED_EDGE('',*,*,#2938,.T.);
#2938 = EDGE_CURVE('',#2913,#2939,#2941,.T.);
#2939 = VERTEX_POINT('',#2940);
#2940 = CARTESIAN_POINT('',(0.33,0.1875,0.2));
#2941 = LINE('',#2942,#2943);
#2942 = CARTESIAN_POINT('',(0.33,0.1875,0.475));
#2943 = VECTOR('',#2944,1.);
#2944 = DIRECTION('',(6.123233995737E-17,0.,-1.));
#2945 = ORIENTED_EDGE('',*,*,#2946,.F.);
#2946 = EDGE_CURVE('',#2802,#2939,#2947,.T.);
#2947 = LINE('',#2948,#2949);
#2948 = CARTESIAN_POINT('',(0.23,0.1875,0.2));
#2949 = VECTOR('',#2950,1.);
#2950 = DIRECTION('',(1.,0.,6.123233995737E-17));
#2951 = PLANE('',#2952);
#2952 = AXIS2_PLACEMENT_3D('',#2953,#2954,#2955);
#2953 = CARTESIAN_POINT('',(0.23,0.1875,0.475));
#2954 = DIRECTION('',(-0.,1.,0.));
#2955 = DIRECTION('',(1.,0.,6.123233995737E-17));
#2956 = ADVANCED_FACE('',(#2957),#2976,.F.);
#2957 = FACE_BOUND('',#2958,.F.);
#2958 = EDGE_LOOP('',(#2959,#2960,#2968,#2975));
#2959 = ORIENTED_EDGE('',*,*,#2833,.T.);
#2960 = ORIENTED_EDGE('',*,*,#2961,.T.);
#2961 = EDGE_CURVE('',#2834,#2962,#2964,.T.);
#2962 = VERTEX_POINT('',#2963);
#2963 = CARTESIAN_POINT('',(0.43,0.1875,0.1));
#2964 = LINE('',#2965,#2966);
#2965 = CARTESIAN_POINT('',(0.43,0.1875,5.702677735843E-18));
#2966 = VECTOR('',#2967,1.);
#2967 = DIRECTION('',(2.449293598295E-16,0.,1.));
#2968 = ORIENTED_EDGE('',*,*,#2969,.F.);
#2969 = EDGE_CURVE('',#2939,#2962,#2970,.T.);
#2970 = CIRCLE('',#2971,0.1);
#2971 = AXIS2_PLACEMENT_3D('',#2972,#2973,#2974);
#2972 = CARTESIAN_POINT('',(0.43,0.1875,0.2));
#2973 = DIRECTION('',(0.,-1.,0.));
#2974 = DIRECTION('',(0.,0.,-1.));
#2975 = ORIENTED_EDGE('',*,*,#2946,.F.);
#2976 = PLANE('',#2977);
#2977 = AXIS2_PLACEMENT_3D('',#2978,#2979,#2980);
#2978 = CARTESIAN_POINT('',(0.323933982822,0.1875,9.393398282202E-02));
#2979 = DIRECTION('',(0.,-1.,0.));
#2980 = DIRECTION('',(0.707106781187,0.,-0.707106781187));
#2981 = ADVANCED_FACE('',(#2982),#3000,.T.);
#2982 = FACE_BOUND('',#2983,.T.);
#2983 = EDGE_LOOP('',(#2984,#2985,#2986,#2994));
#2984 = ORIENTED_EDGE('',*,*,#2865,.F.);
#2985 = ORIENTED_EDGE('',*,*,#2961,.T.);
#2986 = ORIENTED_EDGE('',*,*,#2987,.T.);
#2987 = EDGE_CURVE('',#2962,#2988,#2990,.T.);
#2988 = VERTEX_POINT('',#2989);
#2989 = CARTESIAN_POINT('',(0.73,0.1875,0.1));
#2990 = LINE('',#2991,#2992);
#2991 = CARTESIAN_POINT('',(0.43,0.1875,0.1));
#2992 = VECTOR('',#2993,1.);
#2993 = DIRECTION('',(1.,0.,-0.));
#2994 = ORIENTED_EDGE('',*,*,#2995,.F.);
#2995 = EDGE_CURVE('',#2866,#2988,#2996,.T.);
#2996 = LINE('',#2997,#2998);
#2997 = CARTESIAN_POINT('',(0.73,0.1875,0.));
#2998 = VECTOR('',#2999,1.);
#2999 = DIRECTION('',(0.,-0.,1.));
#3000 = PLANE('',#3001);
#3001 = AXIS2_PLACEMENT_3D('',#3002,#3003,#3004);
#3002 = CARTESIAN_POINT('',(0.43,0.1875,0.));
#3003 = DIRECTION('',(0.,1.,0.));
#3004 = DIRECTION('',(0.,-0.,1.));
#3005 = ADVANCED_FACE('',(#3006),#3024,.T.);
#3006 = FACE_BOUND('',#3007,.T.);
#3007 = EDGE_LOOP('',(#3008,#3009,#3010,#3018));
#3008 = ORIENTED_EDGE('',*,*,#2889,.F.);
#3009 = ORIENTED_EDGE('',*,*,#2706,.T.);
#3010 = ORIENTED_EDGE('',*,*,#3011,.T.);
#3011 = EDGE_CURVE('',#2707,#3012,#3014,.T.);
#3012 = VERTEX_POINT('',#3013);
#3013 = CARTESIAN_POINT('',(0.13,-0.1875,0.675));
#3014 = LINE('',#3015,#3016);
#3015 = CARTESIAN_POINT('',(0.,-0.1875,0.675));
#3016 = VECTOR('',#3017,1.);
#3017 = DIRECTION('',(1.,0.,0.));
#3018 = ORIENTED_EDGE('',*,*,#3019,.F.);
#3019 = EDGE_CURVE('',#2890,#3012,#3020,.T.);
#3020 = LINE('',#3021,#3022);
#3021 = CARTESIAN_POINT('',(0.13,0.1875,0.675));
#3022 = VECTOR('',#3023,1.);
#3023 = DIRECTION('',(0.,-1.,0.));
#3024 = PLANE('',#3025);
#3025 = AXIS2_PLACEMENT_3D('',#3026,#3027,#3028);
#3026 = CARTESIAN_POINT('',(0.,0.1875,0.675));
#3027 = DIRECTION('',(-0.,0.,1.));
#3028 = DIRECTION('',(0.,-1.,0.));
#3029 = ADVANCED_FACE('',(#3030),#3049,.T.);
#3030 = FACE_BOUND('',#3031,.T.);
#3031 = EDGE_LOOP('',(#3032,#3033,#3034,#3043));
#3032 = ORIENTED_EDGE('',*,*,#2920,.F.);
#3033 = ORIENTED_EDGE('',*,*,#3019,.T.);
#3034 = ORIENTED_EDGE('',*,*,#3035,.T.);
#3035 = EDGE_CURVE('',#3012,#3036,#3038,.T.);
#3036 = VERTEX_POINT('',#3037);
#3037 = CARTESIAN_POINT('',(0.33,-0.1875,0.475));
#3038 = CIRCLE('',#3039,0.2);
#3039 = AXIS2_PLACEMENT_3D('',#3040,#3041,#3042);
#3040 = CARTESIAN_POINT('',(0.13,-0.1875,0.475));
#3041 = DIRECTION('',(0.,1.,0.));
#3042 = DIRECTION('',(0.,0.,-1.));
#3043 = ORIENTED_EDGE('',*,*,#3044,.T.);
#3044 = EDGE_CURVE('',#3036,#2913,#3045,.T.);
#3045 = LINE('',#3046,#3047);
#3046 = CARTESIAN_POINT('',(0.33,0.1875,0.475));
#3047 = VECTOR('',#3048,1.);
#3048 = DIRECTION('',(0.,1.,0.));
#3049 = CYLINDRICAL_SURFACE('',#3050,0.2);
#3050 = AXIS2_PLACEMENT_3D('',#3051,#3052,#3053);
#3051 = CARTESIAN_POINT('',(0.13,0.1875,0.475));
#3052 = DIRECTION('',(0.,1.,0.));
#3053 = DIRECTION('',(0.,0.,-1.));
#3054 = ADVANCED_FACE('',(#3055),#3073,.T.);
#3055 = FACE_BOUND('',#3056,.T.);
#3056 = EDGE_LOOP('',(#3057,#3058,#3059,#3067));
#3057 = ORIENTED_EDGE('',*,*,#2938,.F.);
#3058 = ORIENTED_EDGE('',*,*,#3044,.F.);
#3059 = ORIENTED_EDGE('',*,*,#3060,.T.);
#3060 = EDGE_CURVE('',#3036,#3061,#3063,.T.);
#3061 = VERTEX_POINT('',#3062);
#3062 = CARTESIAN_POINT('',(0.33,-0.1875,0.2));
#3063 = LINE('',#3064,#3065);
#3064 = CARTESIAN_POINT('',(0.33,-0.1875,0.475));
#3065 = VECTOR('',#3066,1.);
#3066 = DIRECTION('',(0.,0.,-1.));
#3067 = ORIENTED_EDGE('',*,*,#3068,.F.);
#3068 = EDGE_CURVE('',#2939,#3061,#3069,.T.);
#3069 = LINE('',#3070,#3071);
#3070 = CARTESIAN_POINT('',(0.33,0.1875,0.2));
#3071 = VECTOR('',#3072,1.);
#3072 = DIRECTION('',(0.,-1.,0.));
#3073 = PLANE('',#3074);
#3074 = AXIS2_PLACEMENT_3D('',#3075,#3076,#3077);
#3075 = CARTESIAN_POINT('',(0.33,0.1875,0.475));
#3076 = DIRECTION('',(1.,0.,0.));
#3077 = DIRECTION('',(0.,-1.,0.));
#3078 = ADVANCED_FACE('',(#3079),#3098,.F.);
#3079 = FACE_BOUND('',#3080,.F.);
#3080 = EDGE_LOOP('',(#3081,#3082,#3090,#3097));
#3081 = ORIENTED_EDGE('',*,*,#2969,.T.);
#3082 = ORIENTED_EDGE('',*,*,#3083,.T.);
#3083 = EDGE_CURVE('',#2962,#3084,#3086,.T.);
#3084 = VERTEX_POINT('',#3085);
#3085 = CARTESIAN_POINT('',(0.43,-0.1875,0.1));
#3086 = LINE('',#3087,#3088);
#3087 = CARTESIAN_POINT('',(0.43,0.1875,0.1));
#3088 = VECTOR('',#3089,1.);
#3089 = DIRECTION('',(0.,-1.,0.));
#3090 = ORIENTED_EDGE('',*,*,#3091,.F.);
#3091 = EDGE_CURVE('',#3061,#3084,#3092,.T.);
#3092 = CIRCLE('',#3093,0.1);
#3093 = AXIS2_PLACEMENT_3D('',#3094,#3095,#3096);
#3094 = CARTESIAN_POINT('',(0.43,-0.1875,0.2));
#3095 = DIRECTION('',(0.,-1.,0.));
#3096 = DIRECTION('',(0.,0.,-1.));
#3097 = ORIENTED_EDGE('',*,*,#3068,.F.);
#3098 = CYLINDRICAL_SURFACE('',#3099,0.1);
#3099 = AXIS2_PLACEMENT_3D('',#3100,#3101,#3102);
#3100 = CARTESIAN_POINT('',(0.43,0.1875,0.2));
#3101 = DIRECTION('',(0.,-1.,0.));
#3102 = DIRECTION('',(0.,0.,-1.));
#3103 = ADVANCED_FACE('',(#3104),#3122,.T.);
#3104 = FACE_BOUND('',#3105,.T.);
#3105 = EDGE_LOOP('',(#3106,#3107,#3108,#3116));
#3106 = ORIENTED_EDGE('',*,*,#2987,.F.);
#3107 = ORIENTED_EDGE('',*,*,#3083,.T.);
#3108 = ORIENTED_EDGE('',*,*,#3109,.T.);
#3109 = EDGE_CURVE('',#3084,#3110,#3112,.T.);
#3110 = VERTEX_POINT('',#3111);
#3111 = CARTESIAN_POINT('',(0.73,-0.1875,0.1));
#3112 = LINE('',#3113,#3114);
#3113 = CARTESIAN_POINT('',(0.43,-0.1875,0.1));
#3114 = VECTOR('',#3115,1.);
#3115 = DIRECTION('',(1.,0.,0.));
#3116 = ORIENTED_EDGE('',*,*,#3117,.F.);
#3117 = EDGE_CURVE('',#2988,#3110,#3118,.T.);
#3118 = LINE('',#3119,#3120);
#3119 = CARTESIAN_POINT('',(0.73,0.1875,0.1));
#3120 = VECTOR('',#3121,1.);
#3121 = DIRECTION('',(0.,-1.,0.));
#3122 = PLANE('',#3123);
#3123 = AXIS2_PLACEMENT_3D('',#3124,#3125,#3126);
#3124 = CARTESIAN_POINT('',(0.43,0.1875,0.1));
#3125 = DIRECTION('',(-0.,0.,1.));
#3126 = DIRECTION('',(0.,-1.,0.));
#3127 = ADVANCED_FACE('',(#3128),#3139,.T.);
#3128 = FACE_BOUND('',#3129,.T.);
#3129 = EDGE_LOOP('',(#3130,#3131,#3132,#3133));
#3130 = ORIENTED_EDGE('',*,*,#3011,.F.);
#3131 = ORIENTED_EDGE('',*,*,#2714,.T.);
#3132 = ORIENTED_EDGE('',*,*,#2728,.T.);
#3133 = ORIENTED_EDGE('',*,*,#3134,.F.);
#3134 = EDGE_CURVE('',#3012,#2729,#3135,.T.);
#3135 = LINE('',#3136,#3137);
#3136 = CARTESIAN_POINT('',(0.13,-0.1875,0.675));
#3137 = VECTOR('',#3138,1.);
#3138 = DIRECTION('',(0.,0.,-1.));
#3139 = PLANE('',#3140);
#3140 = AXIS2_PLACEMENT_3D('',#3141,#3142,#3143);
#3141 = CARTESIAN_POINT('',(0.,-0.1875,0.675));
#3142 = DIRECTION('',(0.,-1.,0.));
#3143 = DIRECTION('',(0.,0.,-1.));
#3144 = ADVANCED_FACE('',(#3145),#3156,.F.);
#3145 = FACE_BOUND('',#3146,.F.);
#3146 = EDGE_LOOP('',(#3147,#3148,#3154,#3155));
#3147 = ORIENTED_EDGE('',*,*,#3035,.T.);
#3148 = ORIENTED_EDGE('',*,*,#3149,.T.);
#3149 = EDGE_CURVE('',#3036,#2760,#3150,.T.);
#3150 = LINE('',#3151,#3152);
#3151 = CARTESIAN_POINT('',(0.33,-0.1875,0.475));
#3152 = VECTOR('',#3153,1.);
#3153 = DIRECTION('',(-1.,0.,-9.95799250103E-17));
#3154 = ORIENTED_EDGE('',*,*,#2759,.F.);
#3155 = ORIENTED_EDGE('',*,*,#3134,.F.);
#3156 = PLANE('',#3157);
#3157 = AXIS2_PLACEMENT_3D('',#3158,#3159,#3160);
#3158 = CARTESIAN_POINT('',(0.236066017178,-0.1875,0.581066017178));
#3159 = DIRECTION('',(0.,1.,0.));
#3160 = DIRECTION('',(0.707106781187,0.,-0.707106781187));
#3161 = ADVANCED_FACE('',(#3162),#3173,.T.);
#3162 = FACE_BOUND('',#3163,.T.);
#3163 = EDGE_LOOP('',(#3164,#3165,#3166,#3167));
#3164 = ORIENTED_EDGE('',*,*,#3060,.F.);
#3165 = ORIENTED_EDGE('',*,*,#3149,.T.);
#3166 = ORIENTED_EDGE('',*,*,#2792,.T.);
#3167 = ORIENTED_EDGE('',*,*,#3168,.F.);
#3168 = EDGE_CURVE('',#3061,#2793,#3169,.T.);
#3169 = LINE('',#3170,#3171);
#3170 = CARTESIAN_POINT('',(0.33,-0.1875,0.2));
#3171 = VECTOR('',#3172,1.);
#3172 = DIRECTION('',(-1.,0.,-6.123233995737E-17));
#3173 = PLANE('',#3174);
#3174 = AXIS2_PLACEMENT_3D('',#3175,#3176,#3177);
#3175 = CARTESIAN_POINT('',(0.33,-0.1875,0.475));
#3176 = DIRECTION('',(0.,-1.,-0.));
#3177 = DIRECTION('',(-1.,0.,-6.123233995737E-17));
#3178 = ADVANCED_FACE('',(#3179),#3190,.F.);
#3179 = FACE_BOUND('',#3180,.F.);
#3180 = EDGE_LOOP('',(#3181,#3182,#3188,#3189));
#3181 = ORIENTED_EDGE('',*,*,#3091,.T.);
#3182 = ORIENTED_EDGE('',*,*,#3183,.T.);
#3183 = EDGE_CURVE('',#3084,#2824,#3184,.T.);
#3184 = LINE('',#3185,#3186);
#3185 = CARTESIAN_POINT('',(0.43,-0.1875,0.1));
#3186 = VECTOR('',#3187,1.);
#3187 = DIRECTION('',(-2.449293598295E-16,0.,-1.));
#3188 = ORIENTED_EDGE('',*,*,#2823,.F.);
#3189 = ORIENTED_EDGE('',*,*,#3168,.F.);
#3190 = PLANE('',#3191);
#3191 = AXIS2_PLACEMENT_3D('',#3192,#3193,#3194);
#3192 = CARTESIAN_POINT('',(0.323933982822,-0.1875,9.393398282202E-02));
#3193 = DIRECTION('',(-0.,1.,-0.));
#3194 = DIRECTION('',(0.707106781187,0.,-0.707106781187));
#3195 = ADVANCED_FACE('',(#3196),#3207,.T.);
#3196 = FACE_BOUND('',#3197,.T.);
#3197 = EDGE_LOOP('',(#3198,#3199,#3200,#3201));
#3198 = ORIENTED_EDGE('',*,*,#3109,.F.);
#3199 = ORIENTED_EDGE('',*,*,#3183,.T.);
#3200 = ORIENTED_EDGE('',*,*,#2856,.T.);
#3201 = ORIENTED_EDGE('',*,*,#3202,.F.);
#3202 = EDGE_CURVE('',#3110,#2857,#3203,.T.);
#3203 = LINE('',#3204,#3205);
#3204 = CARTESIAN_POINT('',(0.73,-0.1875,0.1));
#3205 = VECTOR('',#3206,1.);
#3206 = DIRECTION('',(0.,0.,-1.));
#3207 = PLANE('',#3208);
#3208 = AXIS2_PLACEMENT_3D('',#3209,#3210,#3211);
#3209 = CARTESIAN_POINT('',(0.43,-0.1875,0.1));
#3210 = DIRECTION('',(0.,-1.,0.));
#3211 = DIRECTION('',(0.,0.,-1.));
#3212 = ADVANCED_FACE('',(#3213),#3219,.T.);
#3213 = FACE_BOUND('',#3214,.T.);
#3214 = EDGE_LOOP('',(#3215,#3216,#3217,#3218));
#3215 = ORIENTED_EDGE('',*,*,#2873,.T.);
#3216 = ORIENTED_EDGE('',*,*,#2995,.T.);
#3217 = ORIENTED_EDGE('',*,*,#3117,.T.);
#3218 = ORIENTED_EDGE('',*,*,#3202,.T.);
#3219 = PLANE('',#3220);
#3220 = AXIS2_PLACEMENT_3D('',#3221,#3222,#3223);
#3221 = CARTESIAN_POINT('',(0.73,0.,5.E-02));
#3222 = DIRECTION('',(1.,0.,0.));
#3223 = DIRECTION('',(0.,0.,1.));
#3224 = ( GEOMETRIC_REPRESENTATION_CONTEXT(3) 
GLOBAL_UNCERTAINTY_ASSIGNED_CONTEXT((#3228)) 
GLOBAL_UNIT_ASSIGNED_CONTEXT((#3225,#3226,#3227)) REPRESENTATION_CONTEXT
('Context #1','3D Context with UNIT and UNCERTAINTY') );
#3225 = ( LENGTH_UNIT() NAMED_UNIT(*) SI_UNIT(.MILLI.,.METRE.) );
#3226 = ( NAMED_UNIT(*) PLANE_ANGLE_UNIT() SI_UNIT($,.RADIAN.) );
#3227 = ( NAMED_UNIT(*) SI_UNIT($,.STERADIAN.) SOLID_ANGLE_UNIT() );
#3228 = UNCERTAINTY_MEASURE_WITH_UNIT(LENGTH_MEASURE(1.E-07),#3225,
  'distance_accuracy_value','confusion accuracy');
#3229 = SHAPE_DEFINITION_REPRESENTATION(#3230,#2681);
#3230 = PRODUCT_DEFINITION_SHAPE('','',#3231);
#3231 = PRODUCT_DEFINITION('design','',#3232,#3235);
#3232 = PRODUCT_DEFINITION_FORMATION('','',#3233);
#3233 = PRODUCT('Leader','Leader','',(#3234));
#3234 = PRODUCT_CONTEXT('',#2,'mechanical');
#3235 = PRODUCT_DEFINITION_CONTEXT('part definition',#2,'design');
#3236 = CONTEXT_DEPENDENT_SHAPE_REPRESENTATION(#3237,#3239);
#3237 = ( REPRESENTATION_RELATIONSHIP('','',#2681,#46) 
REPRESENTATION_RELATIONSHIP_WITH_TRANSFORMATION(#3238) 
SHAPE_REPRESENTATION_RELATIONSHIP() );
#3238 = ITEM_DEFINED_TRANSFORMATION('','',#11,#55);
#3239 = PRODUCT_DEFINITION_SHAPE('Placement','Placement of an item',
  #3240);
#3240 = NEXT_ASSEMBLY_USAGE_OCCURRENCE('118','61','',#41,#3231,$);
#3241 = PRODUCT_RELATED_PRODUCT_CATEGORY('part',$,(#3233));
#3242 = CONTEXT_DEPENDENT_SHAPE_REPRESENTATION(#3243,#3245);
#3243 = ( REPRESENTATION_RELATIONSHIP('','',#2681,#46) 
REPRESENTATION_RELATIONSHIP_WITH_TRANSFORMATION(#3244) 
SHAPE_REPRESENTATION_RELATIONSHIP() );
#3244 = ITEM_DEFINED_TRANSFORMATION('','',#11,#59);
#3245 = PRODUCT_DEFINITION_SHAPE('Placement','Placement of an item',
  #3246);
#3246 = NEXT_ASSEMBLY_USAGE_OCCURRENCE('119','62','',#41,#3231,$);
#3247 = CONTEXT_DEPENDENT_SHAPE_REPRESENTATION(#3248,#3250);
#3248 = ( REPRESENTATION_RELATIONSHIP('','',#2681,#46) 
REPRESENTATION_RELATIONSHIP_WITH_TRANSFORMATION(#3249) 
SHAPE_REPRESENTATION_RELATIONSHIP() );
#3249 = ITEM_DEFINED_TRANSFORMATION('','',#11,#63);
#3250 = PRODUCT_DEFINITION_SHAPE('Placement','Placement of an item',
  #3251);
#3251 = NEXT_ASSEMBLY_USAGE_OCCURRENCE('120','63','',#41,#3231,$);
#3252 = CONTEXT_DEPENDENT_SHAPE_REPRESENTATION(#3253,#3255);
#3253 = ( REPRESENTATION_RELATIONSHIP('','',#2681,#46) 
REPRESENTATION_RELATIONSHIP_WITH_TRANSFORMATION(#3254) 
SHAPE_REPRESENTATION_RELATIONSHIP() );
#3254 = ITEM_DEFINED_TRANSFORMATION('','',#11,#67);
#3255 = PRODUCT_DEFINITION_SHAPE('Placement','Placement of an item',
  #3256);
#3256 = NEXT_ASSEMBLY_USAGE_OCCURRENCE('121','64','',#41,#3231,$);
#3257 = CONTEXT_DEPENDENT_SHAPE_REPRESENTATION(#3258,#3260);
#3258 = ( REPRESENTATION_RELATIONSHIP('','',#2681,#46) 
REPRESENTATION_RELATIONSHIP_WITH_TRANSFORMATION(#3259) 
SHAPE_REPRESENTATION_RELATIONSHIP() );
#3259 = ITEM_DEFINED_TRANSFORMATION('','',#11,#71);
#3260 = PRODUCT_DEFINITION_SHAPE('Placement','Placement of an item',
  #3261);
#3261 = NEXT_ASSEMBLY_USAGE_OCCURRENCE('122','65','',#41,#3231,$);
#3262 = CONTEXT_DEPENDENT_SHAPE_REPRESENTATION(#3263,#3265);
#3263 = ( REPRESENTATION_RELATIONSHIP('','',#2681,#46) 
REPRESENTATION_RELATIONSHIP_WITH_TRANSFORMATION(#3264) 
SHAPE_REPRESENTATION_RELATIONSHIP() );
#3264 = ITEM_DEFINED_TRANSFORMATION('','',#11,#75);
#3265 = PRODUCT_DEFINITION_SHAPE('Placement','Placement of an item',
  #3266);
#3266 = NEXT_ASSEMBLY_USAGE_OCCURRENCE('123','66','',#41,#3231,$);
#3267 = CONTEXT_DEPENDENT_SHAPE_REPRESENTATION(#3268,#3270);
#3268 = ( REPRESENTATION_RELATIONSHIP('','',#2681,#46) 
REPRESENTATION_RELATIONSHIP_WITH_TRANSFORMATION(#3269) 
SHAPE_REPRESENTATION_RELATIONSHIP() );
#3269 = ITEM_DEFINED_TRANSFORMATION('','',#11,#79);
#3270 = PRODUCT_DEFINITION_SHAPE('Placement','Placement of an item',
  #3271);
#3271 = NEXT_ASSEMBLY_USAGE_OCCURRENCE('124','67','',#41,#3231,$);
#3272 = CONTEXT_DEPENDENT_SHAPE_REPRESENTATION(#3273,#3275);
#3273 = ( REPRESENTATION_RELATIONSHIP('','',#2681,#46) 
REPRESENTATION_RELATIONSHIP_WITH_TRANSFORMATION(#3274) 
SHAPE_REPRESENTATION_RELATIONSHIP() );
#3274 = ITEM_DEFINED_TRANSFORMATION('','',#11,#83);
#3275 = PRODUCT_DEFINITION_SHAPE('Placement','Placement of an item',
  #3276);
#3276 = NEXT_ASSEMBLY_USAGE_OCCURRENCE('125','68','',#41,#3231,$);
#3277 = CONTEXT_DEPENDENT_SHAPE_REPRESENTATION(#3278,#3280);
#3278 = ( REPRESENTATION_RELATIONSHIP('','',#2681,#46) 
REPRESENTATION_RELATIONSHIP_WITH_TRANSFORMATION(#3279) 
SHAPE_REPRESENTATION_RELATIONSHIP() );
#3279 = ITEM_DEFINED_TRANSFORMATION('','',#11,#87);
#3280 = PRODUCT_DEFINITION_SHAPE('Placement','Placement of an item',
  #3281);
#3281 = NEXT_ASSEMBLY_USAGE_OCCURRENCE('126','69','',#41,#3231,$);
#3282 = CONTEXT_DEPENDENT_SHAPE_REPRESENTATION(#3283,#3285);
#3283 = ( REPRESENTATION_RELATIONSHIP('','',#2681,#46) 
REPRESENTATION_RELATIONSHIP_WITH_TRANSFORMATION(#3284) 
SHAPE_REPRESENTATION_RELATIONSHIP() );
#3284 = ITEM_DEFINED_TRANSFORMATION('','',#11,#91);
#3285 = PRODUCT_DEFINITION_SHAPE('Placement','Placement of an item',
  #3286);
#3286 = NEXT_ASSEMBLY_USAGE_OCCURRENCE('127','70','',#41,#3231,$);
#3287 = CONTEXT_DEPENDENT_SHAPE_REPRESENTATION(#3288,#3290);
#3288 = ( REPRESENTATION_RELATIONSHIP('','',#2681,#46) 
REPRESENTATION_RELATIONSHIP_WITH_TRANSFORMATION(#3289) 
SHAPE_REPRESENTATION_RELATIONSHIP() );
#3289 = ITEM_DEFINED_TRANSFORMATION('','',#11,#95);
#3290 = PRODUCT_DEFINITION_SHAPE('Placement','Placement of an item',
  #3291);
#3291 = NEXT_ASSEMBLY_USAGE_OCCURRENCE('128','71','',#41,#3231,$);
#3292 = CONTEXT_DEPENDENT_SHAPE_REPRESENTATION(#3293,#3295);
#3293 = ( REPRESENTATION_RELATIONSHIP('','',#2681,#46) 
REPRESENTATION_RELATIONSHIP_WITH_TRANSFORMATION(#3294) 
SHAPE_REPRESENTATION_RELATIONSHIP() );
#3294 = ITEM_DEFINED_TRANSFORMATION('','',#11,#99);
#3295 = PRODUCT_DEFINITION_SHAPE('Placement','Placement of an item',
  #3296);
#3296 = NEXT_ASSEMBLY_USAGE_OCCURRENCE('129','72','',#41,#3231,$);
#3297 = CONTEXT_DEPENDENT_SHAPE_REPRESENTATION(#3298,#3300);
#3298 = ( REPRESENTATION_RELATIONSHIP('','',#2681,#46) 
REPRESENTATION_RELATIONSHIP_WITH_TRANSFORMATION(#3299) 
SHAPE_REPRESENTATION_RELATIONSHIP() );
#3299 = ITEM_DEFINED_TRANSFORMATION('','',#11,#103);
#3300 = PRODUCT_DEFINITION_SHAPE('Placement','Placement of an item',
  #3301);
#3301 = NEXT_ASSEMBLY_USAGE_OCCURRENCE('130','73','',#41,#3231,$);
#3302 = CONTEXT_DEPENDENT_SHAPE_REPRESENTATION(#3303,#3305);
#3303 = ( REPRESENTATION_RELATIONSHIP('','',#2681,#46) 
REPRESENTATION_RELATIONSHIP_WITH_TRANSFORMATION(#3304) 
SHAPE_REPRESENTATION_RELATIONSHIP() );
#3304 = ITEM_DEFINED_TRANSFORMATION('','',#11,#107);
#3305 = PRODUCT_DEFINITION_SHAPE('Placement','Placement of an item',
  #3306);
#3306 = NEXT_ASSEMBLY_USAGE_OCCURRENCE('131','74','',#41,#3231,$);
#3307 = CONTEXT_DEPENDENT_SHAPE_REPRESENTATION(#3308,#3310);
#3308 = ( REPRESENTATION_RELATIONSHIP('','',#2681,#46) 
REPRESENTATION_RELATIONSHIP_WITH_TRANSFORMATION(#3309) 
SHAPE_REPRESENTATION_RELATIONSHIP() );
#3309 = ITEM_DEFINED_TRANSFORMATION('','',#11,#111);
#3310 = PRODUCT_DEFINITION_SHAPE('Placement','Placement of an item',
  #3311);
#3311 = NEXT_ASSEMBLY_USAGE_OCCURRENCE('132','75','',#41,#3231,$);
#3312 = CONTEXT_DEPENDENT_SHAPE_REPRESENTATION(#3313,#3315);
#3313 = ( REPRESENTATION_RELATIONSHIP('','',#2681,#46) 
REPRESENTATION_RELATIONSHIP_WITH_TRANSFORMATION(#3314) 
SHAPE_REPRESENTATION_RELATIONSHIP() );
#3314 = ITEM_DEFINED_TRANSFORMATION('','',#11,#115);
#3315 = PRODUCT_DEFINITION_SHAPE('Placement','Placement of an item',
  #3316);
#3316 = NEXT_ASSEMBLY_USAGE_OCCURRENCE('133','76','',#41,#3231,$);
#3317 = CONTEXT_DEPENDENT_SHAPE_REPRESENTATION(#3318,#3320);
#3318 = ( REPRESENTATION_RELATIONSHIP('','',#2681,#46) 
REPRESENTATION_RELATIONSHIP_WITH_TRANSFORMATION(#3319) 
SHAPE_REPRESENTATION_RELATIONSHIP() );
#3319 = ITEM_DEFINED_TRANSFORMATION('','',#11,#119);
#3320 = PRODUCT_DEFINITION_SHAPE('Placement','Placement of an item',
  #3321);
#3321 = NEXT_ASSEMBLY_USAGE_OCCURRENCE('134','77','',#41,#3231,$);
#3322 = CONTEXT_DEPENDENT_SHAPE_REPRESENTATION(#3323,#3325);
#3323 = ( REPRESENTATION_RELATIONSHIP('','',#2681,#46) 
REPRESENTATION_RELATIONSHIP_WITH_TRANSFORMATION(#3324) 
SHAPE_REPRESENTATION_RELATIONSHIP() );
#3324 = ITEM_DEFINED_TRANSFORMATION('','',#11,#123);
#3325 = PRODUCT_DEFINITION_SHAPE('Placement','Placement of an item',
  #3326);
#3326 = NEXT_ASSEMBLY_USAGE_OCCURRENCE('135','78','',#41,#3231,$);
#3327 = CONTEXT_DEPENDENT_SHAPE_REPRESENTATION(#3328,#3330);
#3328 = ( REPRESENTATION_RELATIONSHIP('','',#2681,#46) 
REPRESENTATION_RELATIONSHIP_WITH_TRANSFORMATION(#3329) 
SHAPE_REPRESENTATION_RELATIONSHIP() );
#3329 = ITEM_DEFINED_TRANSFORMATION('','',#11,#127);
#3330 = PRODUCT_DEFINITION_SHAPE('Placement','Placement of an item',
  #3331);
#3331 = NEXT_ASSEMBLY_USAGE_OCCURRENCE('136','79','',#41,#3231,$);
#3332 = CONTEXT_DEPENDENT_SHAPE_REPRESENTATION(#3333,#3335);
#3333 = ( REPRESENTATION_RELATIONSHIP('','',#2681,#46) 
REPRESENTATION_RELATIONSHIP_WITH_TRANSFORMATION(#3334) 
SHAPE_REPRESENTATION_RELATIONSHIP() );
#3334 = ITEM_DEFINED_TRANSFORMATION('','',#11,#131);
#3335 = PRODUCT_DEFINITION_SHAPE('Placement','Placement of an item',
  #3336);
#3336 = NEXT_ASSEMBLY_USAGE_OCCURRENCE('137','80','',#41,#3231,$);
#3337 = CONTEXT_DEPENDENT_SHAPE_REPRESENTATION(#3338,#3340);
#3338 = ( REPRESENTATION_RELATIONSHIP('','',#2681,#46) 
REPRESENTATION_RELATIONSHIP_WITH_TRANSFORMATION(#3339) 
SHAPE_REPRESENTATION_RELATIONSHIP() );
#3339 = ITEM_DEFINED_TRANSFORMATION('','',#11,#135);
#3340 = PRODUCT_DEFINITION_SHAPE('Placement','Placement of an item',
  #3341);
#3341 = NEXT_ASSEMBLY_USAGE_OCCURRENCE('138','81','',#41,#3231,$);
#3342 = CONTEXT_DEPENDENT_SHAPE_REPRESENTATION(#3343,#3345);
#3343 = ( REPRESENTATION_RELATIONSHIP('','',#2681,#46) 
REPRESENTATION_RELATIONSHIP_WITH_TRANSFORMATION(#3344) 
SHAPE_REPRESENTATION_RELATIONSHIP() );
#3344 = ITEM_DEFINED_TRANSFORMATION('','',#11,#139);
#3345 = PRODUCT_DEFINITION_SHAPE('Placement','Placement of an item',
  #3346);
#3346 = NEXT_ASSEMBLY_USAGE_OCCURRENCE('139','82','',#41,#3231,$);
#3347 = CONTEXT_DEPENDENT_SHAPE_REPRESENTATION(#3348,#3350);
#3348 = ( REPRESENTATION_RELATIONSHIP('','',#2681,#46) 
REPRESENTATION_RELATIONSHIP_WITH_TRANSFORMATION(#3349) 
SHAPE_REPRESENTATION_RELATIONSHIP() );
#3349 = ITEM_DEFINED_TRANSFORMATION('','',#11,#143);
#3350 = PRODUCT_DEFINITION_SHAPE('Placement','Placement of an item',
  #3351);
#3351 = NEXT_ASSEMBLY_USAGE_OCCURRENCE('140','83','',#41,#3231,$);
#3352 = CONTEXT_DEPENDENT_SHAPE_REPRESENTATION(#3353,#3355);
#3353 = ( REPRESENTATION_RELATIONSHIP('','',#2681,#46) 
REPRESENTATION_RELATIONSHIP_WITH_TRANSFORMATION(#3354) 
SHAPE_REPRESENTATION_RELATIONSHIP() );
#3354 = ITEM_DEFINED_TRANSFORMATION('','',#11,#147);
#3355 = PRODUCT_DEFINITION_SHAPE('Placement','Placement of an item',
  #3356);
#3356 = NEXT_ASSEMBLY_USAGE_OCCURRENCE('141','84','',#41,#3231,$);
#3357 = CONTEXT_DEPENDENT_SHAPE_REPRESENTATION(#3358,#3360);
#3358 = ( REPRESENTATION_RELATIONSHIP('','',#2681,#46) 
REPRESENTATION_RELATIONSHIP_WITH_TRANSFORMATION(#3359) 
SHAPE_REPRESENTATION_RELATIONSHIP() );
#3359 = ITEM_DEFINED_TRANSFORMATION('','',#11,#151);
#3360 = PRODUCT_DEFINITION_SHAPE('Placement','Placement of an item',
  #3361);
#3361 = NEXT_ASSEMBLY_USAGE_OCCURRENCE('142','85','',#41,#3231,$);
#3362 = CONTEXT_DEPENDENT_SHAPE_REPRESENTATION(#3363,#3365);
#3363 = ( REPRESENTATION_RELATIONSHIP('','',#2681,#46) 
REPRESENTATION_RELATIONSHIP_WITH_TRANSFORMATION(#3364) 
SHAPE_REPRESENTATION_RELATIONSHIP() );
#3364 = ITEM_DEFINED_TRANSFORMATION('','',#11,#155);
#3365 = PRODUCT_DEFINITION_SHAPE('Placement','Placement of an item',
  #3366);
#3366 = NEXT_ASSEMBLY_USAGE_OCCURRENCE('143','86','',#41,#3231,$);
#3367 = CONTEXT_DEPENDENT_SHAPE_REPRESENTATION(#3368,#3370);
#3368 = ( REPRESENTATION_RELATIONSHIP('','',#2681,#46) 
REPRESENTATION_RELATIONSHIP_WITH_TRANSFORMATION(#3369) 
SHAPE_REPRESENTATION_RELATIONSHIP() );
#3369 = ITEM_DEFINED_TRANSFORMATION('','',#11,#159);
#3370 = PRODUCT_DEFINITION_SHAPE('Placement','Placement of an item',
  #3371);
#3371 = NEXT_ASSEMBLY_USAGE_OCCURRENCE('144','87','',#41,#3231,$);
#3372 = CONTEXT_DEPENDENT_SHAPE_REPRESENTATION(#3373,#3375);
#3373 = ( REPRESENTATION_RELATIONSHIP('','',#2681,#46) 
REPRESENTATION_RELATIONSHIP_WITH_TRANSFORMATION(#3374) 
SHAPE_REPRESENTATION_RELATIONSHIP() );
#3374 = ITEM_DEFINED_TRANSFORMATION('','',#11,#163);
#3375 = PRODUCT_DEFINITION_SHAPE('Placement','Placement of an item',
  #3376);
#3376 = NEXT_ASSEMBLY_USAGE_OCCURRENCE('145','88','',#41,#3231,$);
#3377 = CONTEXT_DEPENDENT_SHAPE_REPRESENTATION(#3378,#3380);
#3378 = ( REPRESENTATION_RELATIONSHIP('','',#2681,#46) 
REPRESENTATION_RELATIONSHIP_WITH_TRANSFORMATION(#3379) 
SHAPE_REPRESENTATION_RELATIONSHIP() );
#3379 = ITEM_DEFINED_TRANSFORMATION('','',#11,#167);
#3380 = PRODUCT_DEFINITION_SHAPE('Placement','Placement of an item',
  #3381);
#3381 = NEXT_ASSEMBLY_USAGE_OCCURRENCE('146','89','',#41,#3231,$);
#3382 = CONTEXT_DEPENDENT_SHAPE_REPRESENTATION(#3383,#3385);
#3383 = ( REPRESENTATION_RELATIONSHIP('','',#2681,#46) 
REPRESENTATION_RELATIONSHIP_WITH_TRANSFORMATION(#3384) 
SHAPE_REPRESENTATION_RELATIONSHIP() );
#3384 = ITEM_DEFINED_TRANSFORMATION('','',#11,#171);
#3385 = PRODUCT_DEFINITION_SHAPE('Placement','Placement of an item',
  #3386);
#3386 = NEXT_ASSEMBLY_USAGE_OCCURRENCE('147','90','',#41,#3231,$);
#3387 = CONTEXT_DEPENDENT_SHAPE_REPRESENTATION(#3388,#3390);
#3388 = ( REPRESENTATION_RELATIONSHIP('','',#2681,#46) 
REPRESENTATION_RELATIONSHIP_WITH_TRANSFORMATION(#3389) 
SHAPE_REPRESENTATION_RELATIONSHIP() );
#3389 = ITEM_DEFINED_TRANSFORMATION('','',#11,#175);
#3390 = PRODUCT_DEFINITION_SHAPE('Placement','Placement of an item',
  #3391);
#3391 = NEXT_ASSEMBLY_USAGE_OCCURRENCE('148','91','',#41,#3231,$);
#3392 = CONTEXT_DEPENDENT_SHAPE_REPRESENTATION(#3393,#3395);
#3393 = ( REPRESENTATION_RELATIONSHIP('','',#2681,#46) 
REPRESENTATION_RELATIONSHIP_WITH_TRANSFORMATION(#3394) 
SHAPE_REPRESENTATION_RELATIONSHIP() );
#3394 = ITEM_DEFINED_TRANSFORMATION('','',#11,#179);
#3395 = PRODUCT_DEFINITION_SHAPE('Placement','Placement of an item',
  #3396);
#3396 = NEXT_ASSEMBLY_USAGE_OCCURRENCE('149','92','',#41,#3231,$);
#3397 = CONTEXT_DEPENDENT_SHAPE_REPRESENTATION(#3398,#3400);
#3398 = ( REPRESENTATION_RELATIONSHIP('','',#2681,#46) 
REPRESENTATION_RELATIONSHIP_WITH_TRANSFORMATION(#3399) 
SHAPE_REPRESENTATION_RELATIONSHIP() );
#3399 = ITEM_DEFINED_TRANSFORMATION('','',#11,#183);
#3400 = PRODUCT_DEFINITION_SHAPE('Placement','Placement of an item',
  #3401);
#3401 = NEXT_ASSEMBLY_USAGE_OCCURRENCE('150','93','',#41,#3231,$);
#3402 = CONTEXT_DEPENDENT_SHAPE_REPRESENTATION(#3403,#3405);
#3403 = ( REPRESENTATION_RELATIONSHIP('','',#2681,#46) 
REPRESENTATION_RELATIONSHIP_WITH_TRANSFORMATION(#3404) 
SHAPE_REPRESENTATION_RELATIONSHIP() );
#3404 = ITEM_DEFINED_TRANSFORMATION('','',#11,#187);
#3405 = PRODUCT_DEFINITION_SHAPE('Placement','Placement of an item',
  #3406);
#3406 = NEXT_ASSEMBLY_USAGE_OCCURRENCE('151','94','',#41,#3231,$);
#3407 = CONTEXT_DEPENDENT_SHAPE_REPRESENTATION(#3408,#3410);
#3408 = ( REPRESENTATION_RELATIONSHIP('','',#2681,#46) 
REPRESENTATION_RELATIONSHIP_WITH_TRANSFORMATION(#3409) 
SHAPE_REPRESENTATION_RELATIONSHIP() );
#3409 = ITEM_DEFINED_TRANSFORMATION('','',#11,#191);
#3410 = PRODUCT_DEFINITION_SHAPE('Placement','Placement of an item',
  #3411);
#3411 = NEXT_ASSEMBLY_USAGE_OCCURRENCE('152','95','',#41,#3231,$);
#3412 = CONTEXT_DEPENDENT_SHAPE_REPRESENTATION(#3413,#3415);
#3413 = ( REPRESENTATION_RELATIONSHIP('','',#2681,#46) 
REPRESENTATION_RELATIONSHIP_WITH_TRANSFORMATION(#3414) 
SHAPE_REPRESENTATION_RELATIONSHIP() );
#3414 = ITEM_DEFINED_TRANSFORMATION('','',#11,#195);
#3415 = PRODUCT_DEFINITION_SHAPE('Placement','Placement of an item',
  #3416);
#3416 = NEXT_ASSEMBLY_USAGE_OCCURRENCE('153','96','',#41,#3231,$);
#3417 = CONTEXT_DEPENDENT_SHAPE_REPRESENTATION(#3418,#3420);
#3418 = ( REPRESENTATION_RELATIONSHIP('','',#2681,#46) 
REPRESENTATION_RELATIONSHIP_WITH_TRANSFORMATION(#3419) 
SHAPE_REPRESENTATION_RELATIONSHIP() );
#3419 = ITEM_DEFINED_TRANSFORMATION('','',#11,#199);
#3420 = PRODUCT_DEFINITION_SHAPE('Placement','Placement of an item',
  #3421);
#3421 = NEXT_ASSEMBLY_USAGE_OCCURRENCE('154','97','',#41,#3231,$);
#3422 = CONTEXT_DEPENDENT_SHAPE_REPRESENTATION(#3423,#3425);
#3423 = ( REPRESENTATION_RELATIONSHIP('','',#2681,#46) 
REPRESENTATION_RELATIONSHIP_WITH_TRANSFORMATION(#3424) 
SHAPE_REPRESENTATION_RELATIONSHIP() );
#3424 = ITEM_DEFINED_TRANSFORMATION('','',#11,#203);
#3425 = PRODUCT_DEFINITION_SHAPE('Placement','Placement of an item',
  #3426);
#3426 = NEXT_ASSEMBLY_USAGE_OCCURRENCE('155','98','',#41,#3231,$);
#3427 = CONTEXT_DEPENDENT_SHAPE_REPRESENTATION(#3428,#3430);
#3428 = ( REPRESENTATION_RELATIONSHIP('','',#2681,#46) 
REPRESENTATION_RELATIONSHIP_WITH_TRANSFORMATION(#3429) 
SHAPE_REPRESENTATION_RELATIONSHIP() );
#3429 = ITEM_DEFINED_TRANSFORMATION('','',#11,#207);
#3430 = PRODUCT_DEFINITION_SHAPE('Placement','Placement of an item',
  #3431);
#3431 = NEXT_ASSEMBLY_USAGE_OCCURRENCE('156','99','',#41,#3231,$);
#3432 = CONTEXT_DEPENDENT_SHAPE_REPRESENTATION(#3433,#3435);
#3433 = ( REPRESENTATION_RELATIONSHIP('','',#2681,#46) 
REPRESENTATION_RELATIONSHIP_WITH_TRANSFORMATION(#3434) 
SHAPE_REPRESENTATION_RELATIONSHIP() );
#3434 = ITEM_DEFINED_TRANSFORMATION('','',#11,#211);
#3435 = PRODUCT_DEFINITION_SHAPE('Placement','Placement of an item',
  #3436);
#3436 = NEXT_ASSEMBLY_USAGE_OCCURRENCE('157','100','',#41,#3231,$);
#3437 = CONTEXT_DEPENDENT_SHAPE_REPRESENTATION(#3438,#3440);
#3438 = ( REPRESENTATION_RELATIONSHIP('','',#2681,#46) 
REPRESENTATION_RELATIONSHIP_WITH_TRANSFORMATION(#3439) 
SHAPE_REPRESENTATION_RELATIONSHIP() );
#3439 = ITEM_DEFINED_TRANSFORMATION('','',#11,#215);
#3440 = PRODUCT_DEFINITION_SHAPE('Placement','Placement of an item',
  #3441);
#3441 = NEXT_ASSEMBLY_USAGE_OCCURRENCE('158','101','',#41,#3231,$);
#3442 = CONTEXT_DEPENDENT_SHAPE_REPRESENTATION(#3443,#3445);
#3443 = ( REPRESENTATION_RELATIONSHIP('','',#2681,#46) 
REPRESENTATION_RELATIONSHIP_WITH_TRANSFORMATION(#3444) 
SHAPE_REPRESENTATION_RELATIONSHIP() );
#3444 = ITEM_DEFINED_TRANSFORMATION('','',#11,#219);
#3445 = PRODUCT_DEFINITION_SHAPE('Placement','Placement of an item',
  #3446);
#3446 = NEXT_ASSEMBLY_USAGE_OCCURRENCE('159','102','',#41,#3231,$);
#3447 = CONTEXT_DEPENDENT_SHAPE_REPRESENTATION(#3448,#3450);
#3448 = ( REPRESENTATION_RELATIONSHIP('','',#2681,#46) 
REPRESENTATION_RELATIONSHIP_WITH_TRANSFORMATION(#3449) 
SHAPE_REPRESENTATION_RELATIONSHIP() );
#3449 = ITEM_DEFINED_TRANSFORMATION('','',#11,#223);
#3450 = PRODUCT_DEFINITION_SHAPE('Placement','Placement of an item',
  #3451);
#3451 = NEXT_ASSEMBLY_USAGE_OCCURRENCE('160','103','',#41,#3231,$);
#3452 = CONTEXT_DEPENDENT_SHAPE_REPRESENTATION(#3453,#3455);
#3453 = ( REPRESENTATION_RELATIONSHIP('','',#2681,#46) 
REPRESENTATION_RELATIONSHIP_WITH_TRANSFORMATION(#3454) 
SHAPE_REPRESENTATION_RELATIONSHIP() );
#3454 = ITEM_DEFINED_TRANSFORMATION('','',#11,#227);
#3455 = PRODUCT_DEFINITION_SHAPE('Placement','Placement of an item',
  #3456);
#3456 = NEXT_ASSEMBLY_USAGE_OCCURRENCE('161','104','',#41,#3231,$);
#3457 = CONTEXT_DEPENDENT_SHAPE_REPRESENTATION(#3458,#3460);
#3458 = ( REPRESENTATION_RELATIONSHIP('','',#2681,#46) 
REPRESENTATION_RELATIONSHIP_WITH_TRANSFORMATION(#3459) 
SHAPE_REPRESENTATION_RELATIONSHIP() );
#3459 = ITEM_DEFINED_TRANSFORMATION('','',#11,#231);
#3460 = PRODUCT_DEFINITION_SHAPE('Placement','Placement of an item',
  #3461);
#3461 = NEXT_ASSEMBLY_USAGE_OCCURRENCE('162','105','',#41,#3231,$);
#3462 = CONTEXT_DEPENDENT_SHAPE_REPRESENTATION(#3463,#3465);
#3463 = ( REPRESENTATION_RELATIONSHIP('','',#2681,#46) 
REPRESENTATION_RELATIONSHIP_WITH_TRANSFORMATION(#3464) 
SHAPE_REPRESENTATION_RELATIONSHIP() );
#3464 = ITEM_DEFINED_TRANSFORMATION('','',#11,#235);
#3465 = PRODUCT_DEFINITION_SHAPE('Placement','Placement of an item',
  #3466);
#3466 = NEXT_ASSEMBLY_USAGE_OCCURRENCE('163','106','',#41,#3231,$);
#3467 = CONTEXT_DEPENDENT_SHAPE_REPRESENTATION(#3468,#3470);
#3468 = ( REPRESENTATION_RELATIONSHIP('','',#2681,#46) 
REPRESENTATION_RELATIONSHIP_WITH_TRANSFORMATION(#3469) 
SHAPE_REPRESENTATION_RELATIONSHIP() );
#3469 = ITEM_DEFINED_TRANSFORMATION('','',#11,#239);
#3470 = PRODUCT_DEFINITION_SHAPE('Placement','Placement of an item',
  #3471);
#3471 = NEXT_ASSEMBLY_USAGE_OCCURRENCE('164','107','',#41,#3231,$);
#3472 = CONTEXT_DEPENDENT_SHAPE_REPRESENTATION(#3473,#3475);
#3473 = ( REPRESENTATION_RELATIONSHIP('','',#2681,#46) 
REPRESENTATION_RELATIONSHIP_WITH_TRANSFORMATION(#3474) 
SHAPE_REPRESENTATION_RELATIONSHIP() );
#3474 = ITEM_DEFINED_TRANSFORMATION('','',#11,#243);
#3475 = PRODUCT_DEFINITION_SHAPE('Placement','Placement of an item',
  #3476);
#3476 = NEXT_ASSEMBLY_USAGE_OCCURRENCE('165','108','',#41,#3231,$);
#3477 = CONTEXT_DEPENDENT_SHAPE_REPRESENTATION(#3478,#3480);
#3478 = ( REPRESENTATION_RELATIONSHIP('','',#2681,#46) 
REPRESENTATION_RELATIONSHIP_WITH_TRANSFORMATION(#3479) 
SHAPE_REPRESENTATION_RELATIONSHIP() );
#3479 = ITEM_DEFINED_TRANSFORMATION('','',#11,#247);
#3480 = PRODUCT_DEFINITION_SHAPE('Placement','Placement of an item',
  #3481);
#3481 = NEXT_ASSEMBLY_USAGE_OCCURRENCE('166','109','',#41,#3231,$);
#3482 = CONTEXT_DEPENDENT_SHAPE_REPRESENTATION(#3483,#3485);
#3483 = ( REPRESENTATION_RELATIONSHIP('','',#2681,#46) 
REPRESENTATION_RELATIONSHIP_WITH_TRANSFORMATION(#3484) 
SHAPE_REPRESENTATION_RELATIONSHIP() );
#3484 = ITEM_DEFINED_TRANSFORMATION('','',#11,#251);
#3485 = PRODUCT_DEFINITION_SHAPE('Placement','Placement of an item',
  #3486);
#3486 = NEXT_ASSEMBLY_USAGE_OCCURRENCE('167','110','',#41,#3231,$);
#3487 = CONTEXT_DEPENDENT_SHAPE_REPRESENTATION(#3488,#3490);
#3488 = ( REPRESENTATION_RELATIONSHIP('','',#2681,#46) 
REPRESENTATION_RELATIONSHIP_WITH_TRANSFORMATION(#3489) 
SHAPE_REPRESENTATION_RELATIONSHIP() );
#3489 = ITEM_DEFINED_TRANSFORMATION('','',#11,#255);
#3490 = PRODUCT_DEFINITION_SHAPE('Placement','Placement of an item',
  #3491);
#3491 = NEXT_ASSEMBLY_USAGE_OCCURRENCE('168','111','',#41,#3231,$);
#3492 = CONTEXT_DEPENDENT_SHAPE_REPRESENTATION(#3493,#3495);
#3493 = ( REPRESENTATION_RELATIONSHIP('','',#2681,#46) 
REPRESENTATION_RELATIONSHIP_WITH_TRANSFORMATION(#3494) 
SHAPE_REPRESENTATION_RELATIONSHIP() );
#3494 = ITEM_DEFINED_TRANSFORMATION('','',#11,#259);
#3495 = PRODUCT_DEFINITION_SHAPE('Placement','Placement of an item',
  #3496);
#3496 = NEXT_ASSEMBLY_USAGE_OCCURRENCE('169','112','',#41,#3231,$);
#3497 = CONTEXT_DEPENDENT_SHAPE_REPRESENTATION(#3498,#3500);
#3498 = ( REPRESENTATION_RELATIONSHIP('','',#2681,#46) 
REPRESENTATION_RELATIONSHIP_WITH_TRANSFORMATION(#3499) 
SHAPE_REPRESENTATION_RELATIONSHIP() );
#3499 = ITEM_DEFINED_TRANSFORMATION('','',#11,#263);
#3500 = PRODUCT_DEFINITION_SHAPE('Placement','Placement of an item',
  #3501);
#3501 = NEXT_ASSEMBLY_USAGE_OCCURRENCE('170','113','',#41,#3231,$);
#3502 = CONTEXT_DEPENDENT_SHAPE_REPRESENTATION(#3503,#3505);
#3503 = ( REPRESENTATION_RELATIONSHIP('','',#2681,#46) 
REPRESENTATION_RELATIONSHIP_WITH_TRANSFORMATION(#3504) 
SHAPE_REPRESENTATION_RELATIONSHIP() );
#3504 = ITEM_DEFINED_TRANSFORMATION('','',#11,#267);
#3505 = PRODUCT_DEFINITION_SHAPE('Placement','Placement of an item',
  #3506);
#3506 = NEXT_ASSEMBLY_USAGE_OCCURRENCE('171','114','',#41,#3231,$);
#3507 = CONTEXT_DEPENDENT_SHAPE_REPRESENTATION(#3508,#3510);
#3508 = ( REPRESENTATION_RELATIONSHIP('','',#46,#28) 
REPRESENTATION_RELATIONSHIP_WITH_TRANSFORMATION(#3509) 
SHAPE_REPRESENTATION_RELATIONSHIP() );
#3509 = ITEM_DEFINED_TRANSFORMATION('','',#11,#29);
#3510 = PRODUCT_DEFINITION_SHAPE('Placement','Placement of an item',
  #3511);
#3511 = NEXT_ASSEMBLY_USAGE_OCCURRENCE('172','','',#23,#41,$);
#3512 = PRODUCT_RELATED_PRODUCT_CATEGORY('part',$,(#43));
#3513 = MECHANICAL_DESIGN_GEOMETRIC_PRESENTATION_REPRESENTATION('',(
    #3514),#296);
#3514 = STYLED_ITEM('color',(#3515),#279);
#3515 = PRESENTATION_STYLE_ASSIGNMENT((#3516,#3522));
#3516 = SURFACE_STYLE_USAGE(.BOTH.,#3517);
#3517 = SURFACE_SIDE_STYLE('',(#3518));
#3518 = SURFACE_STYLE_FILL_AREA(#3519);
#3519 = FILL_AREA_STYLE('',(#3520));
#3520 = FILL_AREA_STYLE_COLOUR('',#3521);
#3521 = DRAUGHTING_PRE_DEFINED_COLOUR('white');
#3522 = CURVE_STYLE('',#3523,POSITIVE_LENGTH_MEASURE(0.1),#3521);
#3523 = DRAUGHTING_PRE_DEFINED_CURVE_FONT('continuous');
#3524 = MECHANICAL_DESIGN_GEOMETRIC_PRESENTATION_REPRESENTATION('',(
    #3525),#3224);
#3525 = STYLED_ITEM('color',(#3526),#2682);
#3526 = PRESENTATION_STYLE_ASSIGNMENT((#3527,#3533));
#3527 = SURFACE_STYLE_USAGE(.BOTH.,#3528);
#3528 = SURFACE_SIDE_STYLE('',(#3529));
#3529 = SURFACE_STYLE_FILL_AREA(#3530);
#3530 = FILL_AREA_STYLE('',(#3531));
#3531 = FILL_AREA_STYLE_COLOUR('',#3532);
#3532 = COLOUR_RGB('',0.800000010877,0.800000010877,0.800000010877);
#3533 = CURVE_STYLE('',#3534,POSITIVE_LENGTH_MEASURE(0.1),#3532);
#3534 = DRAUGHTING_PRE_DEFINED_CURVE_FONT('continuous');
#3535 = MECHANICAL_DESIGN_GEOMETRIC_PRESENTATION_REPRESENTATION('',(
    #3536),#2657);
#3536 = STYLED_ITEM('color',(#3537),#332);
#3537 = PRESENTATION_STYLE_ASSIGNMENT((#3538,#3544));
#3538 = SURFACE_STYLE_USAGE(.BOTH.,#3539);
#3539 = SURFACE_SIDE_STYLE('',(#3540));
#3540 = SURFACE_STYLE_FILL_AREA(#3541);
#3541 = FILL_AREA_STYLE('',(#3542));
#3542 = FILL_AREA_STYLE_COLOUR('',#3543);
#3543 = COLOUR_RGB('',0.199999998682,0.199999998682,0.199999998682);
#3544 = CURVE_STYLE('',#3545,POSITIVE_LENGTH_MEASURE(0.1),#3543);
#3545 = DRAUGHTING_PRE_DEFINED_CURVE_FONT('continuous');
ENDSEC;
END-ISO-10303-21;
