ISO-10303-21;
HEADER;
FILE_DESCRIPTION (( 'STEP AP214' ),
    '1' );
FILE_NAME ('94E9AE7E-121D-48FC-B821-6F08BD913214.STEP',
    '2025-11-04T16:20:48',
    ( '' ),
    ( '' ),
    'SwSTEP 2.0',
    'SolidWorks 2022',
    '' );
FILE_SCHEMA (( 'AUTOMOTIVE_DESIGN' ));
ENDSEC;

DATA;
#1 = LINE ( 'NONE', #9165, #9200 ) ;
#2 = CARTESIAN_POINT ( 'NONE',  ( 1.144927590533938000, 0.8100000000000002753, -0.3461830992765348447 ) ) ;
#3 = EDGE_CURVE ( 'NONE', #3201, #1864, #9081, .T. ) ;
#4 = CARTESIAN_POINT ( 'NONE',  ( -0.7815749861026538570, 0.8000000000000000444, 0.2691964651244743711 ) ) ;
#5 = CARTESIAN_POINT ( 'NONE',  ( -0.8348460148384961865, 0.8100000000000004974, -0.3358419802741366422 ) ) ;
#6 = AXIS2_PLACEMENT_3D ( 'NONE', #3340, #8199, #9750 ) ;
#7 = CARTESIAN_POINT ( 'NONE',  ( -2.000000000000001776, 0.6000000000000000888, -1.050000000000000044 ) ) ;
#8 = CIRCLE ( 'NONE', #6562, 0.2999999999999999334 ) ;
#9 = ORIENTED_EDGE ( 'NONE', *, *, #5331, .F. ) ;
#10 = CARTESIAN_POINT ( 'NONE',  ( -0.6971398882025900967, 0.7999999999999999334, 0.2386726592570877215 ) ) ;
#11 = ADVANCED_FACE ( 'NONE', ( #9855 ), #1217, .T. ) ;
#12 = MECHANICAL_DESIGN_GEOMETRIC_PRESENTATION_REPRESENTATION (  '', ( #9048 ), #343 ) ;
#13 = STYLED_ITEM ( 'NONE', ( #4841 ), #715 ) ;
#14 = CARTESIAN_POINT ( 'NONE',  ( 1.365543520390852361, 0.8100000000000001643, -0.1671671712391622489 ) ) ;
#15 = CARTESIAN_POINT ( 'NONE',  ( -2.000000000000000000, 0.6000000000000000888, 1.249999999999999556 ) ) ;
#16 = CARTESIAN_POINT ( 'NONE',  ( -0.8292934852787272604, 0.8000000000000000444, -0.2644484180090710401 ) ) ;
#17 = DIRECTION ( 'NONE',  ( -2.305625087369340232E-14, 1.000000000000000000, 6.322186554581492871E-13 ) ) ;
#18 = STYLED_ITEM ( 'NONE', ( #2105 ), #1952 ) ;
#19 = CARTESIAN_POINT ( 'NONE',  ( -1.003287648440316149, 0.8000000000000001554, -0.1782467166937073688 ) ) ;
#20 = VERTEX_POINT ( 'NONE', #3116 ) ;
#21 = VECTOR ( 'NONE', #293, 1000.000000000000000 ) ;
#22 = CARTESIAN_POINT ( 'NONE',  ( 0.7790581307804623767, 0.8100000000000001643, 0.09740263395564298377 ) ) ;
#23 = CIRCLE ( 'NONE', #4128, 0.2999999999999999334 ) ;
#24 = ORIENTED_EDGE ( 'NONE', *, *, #2532, .T. ) ;
#25 = SURFACE_STYLE_USAGE ( .BOTH. , #4695 ) ;
#26 = CARTESIAN_POINT ( 'NONE',  ( -0.7797486874013552782, 0.8000000000000001554, 0.2068588027868120960 ) ) ;
#27 = CARTESIAN_POINT ( 'NONE',  ( -1.215821219225363459, 0.8100000000000004974, 0.1553185206644947525 ) ) ;
#28 = CARTESIAN_POINT ( 'NONE',  ( -1.071881481467253261, 0.8100000000000000533, -0.1371620954947111448 ) ) ;
#29 = VECTOR ( 'NONE', #3491, 1000.000000000000000 ) ;
#30 = COLOUR_RGB ( '',1.000000000000000000, 0.8078431372549019773, 0.4980392156862745168 ) ;
#31 =( NAMED_UNIT ( * ) SI_UNIT ( $, .STERADIAN. ) SOLID_ANGLE_UNIT ( ) );
#32 = CARTESIAN_POINT ( 'NONE',  ( -0.6874403944392633026, 0.8000000000000001554, -0.1338582345812992236 ) ) ;
#33 = FILL_AREA_STYLE ('',( #7744 ) ) ;
#34 = FACE_OUTER_BOUND ( 'NONE', #4538, .T. ) ;
#35 = VERTEX_POINT ( 'NONE', #3170 ) ;
#36 = DIRECTION ( 'NONE',  ( 0.0000000000000000000, 0.0000000000000000000, 1.000000000000000000 ) ) ;
#37 = ORIENTED_EDGE ( 'NONE', *, *, #5648, .T. ) ;
#38 = CARTESIAN_POINT ( 'NONE',  ( -1.148591878498414598, 0.8000000000000001554, 0.07920967903884491845 ) ) ;
#39 = CARTESIAN_POINT ( 'NONE',  ( 1.183525839338007923, 0.8100000000000000533, 0.1984287976153097099 ) ) ;
#40 = CARTESIAN_POINT ( 'NONE',  ( -1.700000000000001954, 0.05000000000000002359, -1.199999999999998623 ) ) ;
#41 =( NAMED_UNIT ( * ) SI_UNIT ( $, .STERADIAN. ) SOLID_ANGLE_UNIT ( ) );
#42 = CARTESIAN_POINT ( 'NONE',  ( 0.7267042346765664185, 0.8100000000000001643, 0.1330763352543442857 ) ) ;
#43 =( GEOMETRIC_REPRESENTATION_CONTEXT ( 3 ) GLOBAL_UNCERTAINTY_ASSIGNED_CONTEXT ( ( #8184 ) ) GLOBAL_UNIT_ASSIGNED_CONTEXT ( ( #9104, #8995, #8230 ) ) REPRESENTATION_CONTEXT ( 'NONE', 'WORKASPACE' ) );
#44 = CARTESIAN_POINT ( 'NONE',  ( -0.1154746892798361041, 0.8000000000000000444, -0.3107894327021143432 ) ) ;
#45 =( NAMED_UNIT ( * ) SI_UNIT ( $, .STERADIAN. ) SOLID_ANGLE_UNIT ( ) );
#46 = ORIENTED_EDGE ( 'NONE', *, *, #8589, .T. ) ;
#47 = DIRECTION ( 'NONE',  ( -0.0000000000000000000, -0.0000000000000000000, -1.000000000000000000 ) ) ;
#48 = EDGE_LOOP ( 'NONE', ( #4159, #2417, #980, #9678 ) ) ;
#49 = EDGE_CURVE ( 'NONE', #2874, #4103, #7830, .T. ) ;
#50 = UNCERTAINTY_MEASURE_WITH_UNIT (LENGTH_MEASURE( 1.000000000000000082E-05 ), #1382, 'distance_accuracy_value', 'NONE');
#51 = DIRECTION ( 'NONE',  ( -0.0000000000000000000, -1.000000000000000000, -0.0000000000000000000 ) ) ;
#52 = DIRECTION ( 'NONE',  ( 0.0000000000000000000, 0.0000000000000000000, 1.000000000000000000 ) ) ;
#53 = PLANE ( 'NONE',  #5734 ) ;
#54 = CARTESIAN_POINT ( 'NONE',  ( -0.2690625405964887640, 0.8100000000000000533, 0.2522336301823540627 ) ) ;
#55 = EDGE_CURVE ( 'NONE', #1555, #534, #10145, .T. ) ;
#56 = ORIENTED_EDGE ( 'NONE', *, *, #1295, .F. ) ;
#57 = UNCERTAINTY_MEASURE_WITH_UNIT (LENGTH_MEASURE( 1.000000000000000082E-05 ), #1593, 'distance_accuracy_value', 'NONE');
#58 = FACE_OUTER_BOUND ( 'NONE', #123, .T. ) ;
#59 = SURFACE_SIDE_STYLE ('',( #7096 ) ) ;
#60 = EDGE_CURVE ( 'NONE', #1748, #9248, #1169, .T. ) ;
#61 = COLOUR_RGB ( '',1.000000000000000000, 0.8078431372549019773, 0.4980392156862745168 ) ;
#62 = FILL_AREA_STYLE ('',( #9319 ) ) ;
#63 = CARTESIAN_POINT ( 'NONE',  ( 0.5723211177934495186, 0.8000000000000001554, -0.003530807602798561890 ) ) ;
#64 = PRESENTATION_STYLE_ASSIGNMENT (( #5654 ) ) ;
#65 =( NAMED_UNIT ( * ) PLANE_ANGLE_UNIT ( ) SI_UNIT ( $, .RADIAN. ) );
#66 = CARTESIAN_POINT ( 'NONE',  ( 2.000000000000001776, 0.05000000000000000278, -0.9499999999999997335 ) ) ;
#67 = CARTESIAN_POINT ( 'NONE',  ( -0.7834012848039526578, 0.8000000000000001554, -0.2840502881222787268 ) ) ;
#68 = CARTESIAN_POINT ( 'NONE',  ( -1.322768167920835847, 0.8100000000000001643, 0.2614042573322666319 ) ) ;
#69 = CARTESIAN_POINT ( 'NONE',  ( -1.025728457475981514, 0.8000000000000000444, -0.08022382599913210899 ) ) ;
#70 = EDGE_CURVE ( 'NONE', #9159, #4845, #9318, .T. ) ;
#71 = VERTEX_POINT ( 'NONE', #3914 ) ;
#72 = LINE ( 'NONE', #9542, #9694 ) ;
#73 = ORIENTED_EDGE ( 'NONE', *, *, #3939, .F. ) ;
#74 = CARTESIAN_POINT ( 'NONE',  ( 0.6995323158840351940, 0.8100000000000003864, -0.0009342659785639942545 ) ) ;
#75 = CARTESIAN_POINT ( 'NONE',  ( -1.178197821563935710, 0.8100000000000003864, 0.1111353151428313979 ) ) ;
#76 = AXIS2_PLACEMENT_3D ( 'NONE', #5637, #7077, #6252 ) ;
#77 = SURFACE_STYLE_FILL_AREA ( #7216 ) ;
#78 =( NAMED_UNIT ( * ) SI_UNIT ( $, .STERADIAN. ) SOLID_ANGLE_UNIT ( ) );
#79 = CARTESIAN_POINT ( 'NONE',  ( 1.027658874949179735, 0.8100000000000002753, 0.1398890479119450914 ) ) ;
#80 = DIRECTION ( 'NONE',  ( -0.0000000000000000000, -1.000000000000000000, -0.0000000000000000000 ) ) ;
#81 = DIRECTION ( 'NONE',  ( -0.0000000000000000000, -1.000000000000000000, -0.0000000000000000000 ) ) ;
#82 = ORIENTED_EDGE ( 'NONE', *, *, #4713, .F. ) ;
#83 = CARTESIAN_POINT ( 'NONE',  ( -1.154379300990135526, 0.8100000000000001643, -0.2839479741804111779 ) ) ;
#84 = VERTEX_POINT ( 'NONE', #7044 ) ;
#85 = FACE_BOUND ( 'NONE', #881, .T. ) ;
#86 = CARTESIAN_POINT ( 'NONE',  ( 1.264192356358579294, 0.8100000000000002753, 0.1718871302317372673 ) ) ;
#87 = SURFACE_STYLE_FILL_AREA ( #4045 ) ;
#88 =( NAMED_UNIT ( * ) SI_UNIT ( $, .STERADIAN. ) SOLID_ANGLE_UNIT ( ) );
#89 = DIRECTION ( 'NONE',  ( -0.0000000000000000000, -1.000000000000000000, -0.0000000000000000000 ) ) ;
#90 = MECHANICAL_DESIGN_GEOMETRIC_PRESENTATION_REPRESENTATION (  '', ( #4515 ), #420 ) ;
#91 = CARTESIAN_POINT ( 'NONE',  ( -0.1413969952861351131, 0.8100000000000000533, 0.1680852546308441720 ) ) ;
#92 = LINE ( 'NONE', #1607, #2002 ) ;
#93 = CARTESIAN_POINT ( 'NONE',  ( 1.041204508280841212, 0.8100000000000000533, 0.1537793126006191669 ) ) ;
#94 = ORIENTED_EDGE ( 'NONE', *, *, #7587, .F. ) ;
#95 = CARTESIAN_POINT ( 'NONE',  ( 0.9792295171524253439, 0.8100000000000003864, -0.09342546159769959946 ) ) ;
#96 = EDGE_LOOP ( 'NONE', ( #6306, #5905, #6814, #4551 ) ) ;
#97 = COLOUR_RGB ( '',1.000000000000000000, 0.9490196078431372140, 0.9098039215686274384 ) ;
#98 = SURFACE_SIDE_STYLE ('',( #4926 ) ) ;
#99 = EDGE_CURVE ( 'NONE', #9462, #1184, #6178, .T. ) ;
#100 = CARTESIAN_POINT ( 'NONE',  ( -0.2582226382151192601, 0.8000000000000002665, -0.3358419802741366977 ) ) ;
#101 = LINE ( 'NONE', #1570, #8728 ) ;
#102 = SURFACE_SIDE_STYLE ('',( #7195 ) ) ;
#103 = CARTESIAN_POINT ( 'NONE',  ( -0.1349257360907295533, 0.8100000000000003864, 0.2499457095371509785 ) ) ;
#104 = B_SPLINE_CURVE_WITH_KNOTS ( 'NONE', 3,
 ( #1315, #4984, #4211, #1154, #1259, #6620, #8321, #8132, #2742, #2691, #5797, #6568, #8180, #8947, #9100, #9780, #1874, #5847, #466 ),
 .UNSPECIFIED., .F., .F.,
 ( 4, 1, 1, 1, 1, 1, 1, 1, 1, 1, 1, 1, 1, 1, 1, 1, 4 ),
 ( 0.0000000000000000000, 0.09271838391615594421, 0.1773481332663467136, 0.2543879671796642761, 0.3238568361267518680, 0.3850206300216937327, 0.4385241832466181822, 0.4842700179554694229, 0.5230091041826850917, 0.5888690327072266806, 0.6486465551574905897, 0.7026051532667252353, 0.7518983449257141682, 0.8022673283977449499, 0.8601999370051005567, 0.9255668725398232821, 1.000000000000000000 ),
 .UNSPECIFIED. ) ;
#105 = LINE ( 'NONE', #3251, #2351 ) ;
#106 = FACE_OUTER_BOUND ( 'NONE', #5136, .T. ) ;
#107 = DIRECTION ( 'NONE',  ( -0.0000000000000000000, -1.000000000000000000, -0.0000000000000000000 ) ) ;
#108 = LINE ( 'NONE', #3209, #5172 ) ;
#109 = AXIS2_PLACEMENT_3D ( 'NONE', #7588, #3117, #6227 ) ;
#110 = ORIENTED_EDGE ( 'NONE', *, *, #2533, .T. ) ;
#111 = STYLED_ITEM ( 'NONE', ( #8925 ), #5372 ) ;
#112 = ADVANCED_FACE ( 'NONE', ( #1626 ), #5308, .F. ) ;
#113 =( LENGTH_UNIT ( ) NAMED_UNIT ( * ) SI_UNIT ( .MILLI., .METRE. ) );
#114 = EDGE_CURVE ( 'NONE', #3244, #9325, #5353, .T. ) ;
#115 = LINE ( 'NONE', #4944, #7879 ) ;
#116 = CARTESIAN_POINT ( 'NONE',  ( -0.6241390475355809153, 0.8100000000000000533, -0.1158651187780950637 ) ) ;
#117 = DIRECTION ( 'NONE',  ( 1.000000000000000000, 0.0000000000000000000, -0.0000000000000000000 ) ) ;
#118 =( NAMED_UNIT ( * ) SI_UNIT ( $, .STERADIAN. ) SOLID_ANGLE_UNIT ( ) );
#119 = CARTESIAN_POINT ( 'NONE',  ( -1.322782960085047144, 0.8100000000000001643, 0.2577501976751895296 ) ) ;
#120 = LINE ( 'NONE', #7942, #546 ) ;
#121 = ORIENTED_EDGE ( 'NONE', *, *, #1594, .T. ) ;
#122 = CARTESIAN_POINT ( 'NONE',  ( 1.700000000000002176, 0.05000000000000000278, 1.149999999999998801 ) ) ;
#123 = EDGE_LOOP ( 'NONE', ( #9689, #2764, #2520, #7200 ) ) ;
#124 =( NAMED_UNIT ( * ) SI_UNIT ( $, .STERADIAN. ) SOLID_ANGLE_UNIT ( ) );
#125 = VECTOR ( 'NONE', #2749, 1000.000000000000000 ) ;
#126 = CARTESIAN_POINT ( 'NONE',  ( 0.9760059342589713083, 0.8100000000000002753, -0.04472507952829911371 ) ) ;
#127 = SURFACE_STYLE_FILL_AREA ( #6446 ) ;
#128 = EDGE_CURVE ( 'NONE', #8400, #4960, #115, .T. ) ;
#129 = PRESENTATION_STYLE_ASSIGNMENT (( #2513 ) ) ;
#130 = CARTESIAN_POINT ( 'NONE',  ( -1.251068592992951034, 0.8099999999999999423, -0.1875084655112574106 ) ) ;
#131 = CARTESIAN_POINT ( 'NONE',  ( 1.689999999999999281, 0.6800000000000000488, 1.240000000000000435 ) ) ;
#132 =( LENGTH_UNIT ( ) NAMED_UNIT ( * ) SI_UNIT ( .MILLI., .METRE. ) );
#133 = ADVANCED_FACE ( 'NONE', ( #266 ), #4892, .F. ) ;
#134 = ORIENTED_EDGE ( 'NONE', *, *, #6462, .F. ) ;
#135 = CARTESIAN_POINT ( 'NONE',  ( -1.154379300990135526, 0.8000000000000001554, -0.2839479741804111779 ) ) ;
#136 = ORIENTED_EDGE ( 'NONE', *, *, #1078, .F. ) ;
#137 = ORIENTED_EDGE ( 'NONE', *, *, #4160, .F. ) ;
#138 = CARTESIAN_POINT ( 'NONE',  ( -0.6215675452591793437, 0.8000000000000001554, -0.02617395842292995906 ) ) ;
#139 = AXIS2_PLACEMENT_3D ( 'NONE', #8008, #1695, #7174 ) ;
#140 = CARTESIAN_POINT ( 'NONE',  ( -0.7797486874013552782, 0.8100000000000001643, 0.2068588027868120960 ) ) ;
#141 = CARTESIAN_POINT ( 'NONE',  ( -0.09379089519356294258, 0.8100000000000001643, -0.2830762621482530439 ) ) ;
#142 = CARTESIAN_POINT ( 'NONE',  ( 0.7651626730475316052, 0.8000000000000002665, -0.1581059127556937727 ) ) ;
#143 = CARTESIAN_POINT ( 'NONE',  ( 0.9885108380571605569, 0.8100000000000001643, 0.06525981641510403275 ) ) ;
#144 = ORIENTED_EDGE ( 'NONE', *, *, #2970, .T. ) ;
#145 = CARTESIAN_POINT ( 'NONE',  ( 1.019762706160386889, 0.8100000000000001643, -0.2073010492488254475 ) ) ;
#146 = UNCERTAINTY_MEASURE_WITH_UNIT (LENGTH_MEASURE( 1.000000000000000082E-05 ), #6437, 'distance_accuracy_value', 'NONE');
#147 = PRESENTATION_STYLE_ASSIGNMENT (( #5841 ) ) ;
#148 = CARTESIAN_POINT ( 'NONE',  ( -0.3136544079352439063, 0.8000000000000003775, -0.2864540209262911863 ) ) ;
#149 = VECTOR ( 'NONE', #1658, 1000.000000000000000 ) ;
#150 = FACE_OUTER_BOUND ( 'NONE', #4552, .T. ) ;
#151 = CARTESIAN_POINT ( 'NONE',  ( -1.014574653929261938, 0.8100000000000001643, -0.1074261008384577720 ) ) ;
#152 = CARTESIAN_POINT ( 'NONE',  ( -1.499999999999999778, 0.8000000000000001554, -0.7999999999999999334 ) ) ;
#153 = STYLED_ITEM ( 'NONE', ( #8255 ), #7597 ) ;
#154 = ORIENTED_EDGE ( 'NONE', *, *, #1902, .F. ) ;
#155 = UNCERTAINTY_MEASURE_WITH_UNIT (LENGTH_MEASURE( 1.000000000000000082E-05 ), #4023, 'distance_accuracy_value', 'NONE');
#156 =( LENGTH_UNIT ( ) NAMED_UNIT ( * ) SI_UNIT ( .MILLI., .METRE. ) );
#157 = CARTESIAN_POINT ( 'NONE',  ( 0.8141705525290626744, 0.7999999999999999334, -0.09738969373485910352 ) ) ;
#158 = DIRECTION ( 'NONE',  ( 2.282530889443168008E-16, -0.0000000000000000000, 1.000000000000000000 ) ) ;
#159 = FACE_OUTER_BOUND ( 'NONE', #2885, .T. ) ;
#160 = ORIENTED_EDGE ( 'NONE', *, *, #7066, .F. ) ;
#161 = FILL_AREA_STYLE_COLOUR ( '', #6400 ) ;
#162 = VERTEX_POINT ( 'NONE', #8754 ) ;
#163 = ADVANCED_FACE ( 'NONE', ( #2549 ), #9683, .F. ) ;
#164 = FILL_AREA_STYLE ('',( #1834 ) ) ;
#165 = STYLED_ITEM ( 'NONE', ( #147 ), #897 ) ;
#166 = CIRCLE ( 'NONE', #499, 0.2799999999999998601 ) ;
#167 = DIRECTION ( 'NONE',  ( 1.000000000000000000, 0.0000000000000000000, 0.0000000000000000000 ) ) ;
#168 = SURFACE_SIDE_STYLE ('',( #7947 ) ) ;
#169 = CARTESIAN_POINT ( 'NONE',  ( 1.700000000000002176, 0.05000000000000000278, -1.249999999999998446 ) ) ;
#170 = FACE_OUTER_BOUND ( 'NONE', #6983, .T. ) ;
#171 = PRESENTATION_LAYER_ASSIGNMENT (  '', '', ( #18 ) ) ;
#172 = SURFACE_STYLE_USAGE ( .BOTH. , #3435 ) ;
#173 = COLOUR_RGB ( '',1.000000000000000000, 0.9490196078431372140, 0.9098039215686274384 ) ;
#174 = PRESENTATION_STYLE_ASSIGNMENT (( #4189 ) ) ;
#175 = CARTESIAN_POINT ( 'NONE',  ( -0.9241224256586815233, 0.7999999999999998224, 0.1333922487243914823 ) ) ;
#176 = ORIENTED_EDGE ( 'NONE', *, *, #2976, .T. ) ;
#177 = CARTESIAN_POINT ( 'NONE',  ( -1.157549012076679817, 0.8100000000000001643, -0.2840502881222787268 ) ) ;
#178 =( NAMED_UNIT ( * ) SI_UNIT ( $, .STERADIAN. ) SOLID_ANGLE_UNIT ( ) );
#179 = MECHANICAL_DESIGN_GEOMETRIC_PRESENTATION_REPRESENTATION (  '', ( #7738 ), #1844 ) ;
#180 = CARTESIAN_POINT ( 'NONE',  ( -0.7797486874013552782, 0.8100000000000001643, 0.2068588027868120960 ) ) ;
#181 = ADVANCED_FACE ( 'NONE', ( #8706 ), #8853, .F. ) ;
#182 = DIRECTION ( 'NONE',  ( 0.0000000000000000000, 1.000000000000000000, 0.0000000000000000000 ) ) ;
#183 = CARTESIAN_POINT ( 'NONE',  ( -0.3018775715089421774, 0.8100000000000002753, -0.05016294141516915855 ) ) ;
#184 = CARTESIAN_POINT ( 'NONE',  ( -0.8005336656107711057, 0.8100000000000004974, 0.2040627350160153231 ) ) ;
#185 = DIRECTION ( 'NONE',  ( 0.0000000000000000000, 1.000000000000000000, 0.0000000000000000000 ) ) ;
#186 = CARTESIAN_POINT ( 'NONE',  ( -0.1342111649153814312, 0.8099999999999998312, 0.1560891153966553757 ) ) ;
#187 = CARTESIAN_POINT ( 'NONE',  ( -0.2067779081805759256, 0.7999999999999998224, -0.2840502881222789489 ) ) ;
#188 = FILL_AREA_STYLE_COLOUR ( '', #7517 ) ;
#189 = EDGE_LOOP ( 'NONE', ( #9262, #3097, #5573, #9554 ) ) ;
#190 = MECHANICAL_DESIGN_GEOMETRIC_PRESENTATION_REPRESENTATION (  '', ( #10056 ), #5761 ) ;
#191 = FILL_AREA_STYLE ('',( #7238 ) ) ;
#192 = PRESENTATION_LAYER_ASSIGNMENT (  '', '', ( #7584 ) ) ;
#193 = ORIENTED_EDGE ( 'NONE', *, *, #5629, .T. ) ;
#194 = B_SPLINE_SURFACE_WITH_KNOTS ( 'NONE', 3, 1, ( 
 ( #8261, #4152 ),
 ( #1955, #5681 ),
 ( #4196, #8884 ),
 ( #7336, #5064 ),
 ( #3352, #3446 ),
 ( #345, #9609 ),
 ( #6509, #4243 ),
 ( #2727, #2570 ),
 ( #5829, #8210 ),
 ( #1192, #7287 ),
 ( #238, #1861 ),
 ( #9713, #4295 ),
 ( #9660, #295 ),
 ( #6554, #7445 ),
 ( #6650, #2676 ),
 ( #8165, #5782 ),
 ( #8932, #1140 ),
 ( #6798, #2869 ),
 ( #5942, #9964 ) ),
 .UNSPECIFIED., .F., .F., .F.,
 ( 4, 1, 1, 1, 1, 1, 1, 1, 1, 1, 1, 1, 1, 1, 1, 1, 4 ),
 ( 2, 2 ),
 ( 0.0000000000000000000, 0.08883477632580225047, 0.1728752695024577957, 0.2533248381018305406, 0.3308667014802922357, 0.4066977638664008299, 0.4808800431006510778, 0.5552098368607555345, 0.6305097543767164137, 0.6697533563817941182, 0.7105862545158611043, 0.7533828620114679797, 0.7981149301314676148, 0.8450721842593056365, 0.8943510710800851582, 0.9459297740941481347, 1.000000000000000000 ),
 ( 0.0000000000000000000, 1.000000000000000000 ),
 .UNSPECIFIED. ) ;
#195 = EDGE_CURVE ( 'NONE', #1732, #5440, #8807, .T. ) ;
#196 = FILL_AREA_STYLE_COLOUR ( '', #1019 ) ;
#197 = SURFACE_STYLE_USAGE ( .BOTH. , #7245 ) ;
#198 = CARTESIAN_POINT ( 'NONE',  ( -1.187883007738987695, 0.8099999999999999423, -0.3438678387351632448 ) ) ;
#199 = CARTESIAN_POINT ( 'NONE',  ( -0.1859603443353187724, 0.8100000000000001643, 0.2685331899991256210 ) ) ;
#200 = CARTESIAN_POINT ( 'NONE',  ( -1.062502877516189992, 0.8100000000000001643, -0.02149220326266090483 ) ) ;
#201 = FILL_AREA_STYLE ('',( #7929 ) ) ;
#202 = CARTESIAN_POINT ( 'NONE',  ( 0.7478760932401522510, 0.8100000000000001643, -0.02651821235046915651 ) ) ;
#203 = STYLED_ITEM ( 'NONE', ( #5409 ), #2424 ) ;
#204 = EDGE_LOOP ( 'NONE', ( #836, #8609, #5821, #3678 ) ) ;
#205 = CARTESIAN_POINT ( 'NONE',  ( -1.003287648440316149, 0.8100000000000001643, 0.2614042573322666319 ) ) ;
#206 = FILL_AREA_STYLE_COLOUR ( '', #1436 ) ;
#207 = LINE ( 'NONE', #2590, #6246 ) ;
#208 = CIRCLE ( 'NONE', #5140, 0.1999999999999992339 ) ;
#209 = CARTESIAN_POINT ( 'NONE',  ( 1.899999999999999911, 0.05000000000000000278, 0.3500000000000004219 ) ) ;
#210 =( LENGTH_UNIT ( ) NAMED_UNIT ( * ) SI_UNIT ( .MILLI., .METRE. ) );
#211 = CARTESIAN_POINT ( 'NONE',  ( -0.8782875110824873710, 0.8000000000000002665, -0.07232998743971584543 ) ) ;
#212 = CARTESIAN_POINT ( 'NONE',  ( 1.224557676342116652, 0.7999999999999999334, -0.2628752774749846810 ) ) ;
#213 = ORIENTED_EDGE ( 'NONE', *, *, #8746, .T. ) ;
#214 = ORIENTED_EDGE ( 'NONE', *, *, #2414, .F. ) ;
#215 = PRESENTATION_LAYER_ASSIGNMENT (  '', '', ( #9918 ) ) ;
#216 = CARTESIAN_POINT ( 'NONE',  ( 0.9792295171524253439, 0.8000000000000003775, -0.09342546159769959946 ) ) ;
#217 = CARTESIAN_POINT ( 'NONE',  ( -1.252638297790965582, 0.7999999999999999334, -0.1593749634469540932 ) ) ;
#218 = EDGE_CURVE ( 'NONE', #2874, #10060, #2135, .T. ) ;
#219 =( NAMED_UNIT ( * ) PLANE_ANGLE_UNIT ( ) SI_UNIT ( $, .RADIAN. ) );
#220 = CARTESIAN_POINT ( 'NONE',  ( -1.167637644050887324, 0.7999999999999999334, -0.2838389543173847618 ) ) ;
#221 = SURFACE_STYLE_FILL_AREA ( #3483 ) ;
#222 = CARTESIAN_POINT ( 'NONE',  ( -0.8729472640567168540, 0.8100000000000001643, 0.2303976099240630515 ) ) ;
#223 = B_SPLINE_CURVE_WITH_KNOTS ( 'NONE', 3,
 ( #8867, #1892, #8155, #1128, #8817, #7171, #3387, #222, #4230, #5623, #6495, #5816, #8966, #7379, #1943, #2607, #4957, #8106, #5052 ),
 .UNSPECIFIED., .F., .F.,
 ( 4, 1, 1, 1, 1, 1, 1, 1, 1, 1, 1, 1, 1, 1, 1, 1, 4 ),
 ( 0.0000000000000000000, 0.04462120432316465241, 0.08773030866609074496, 0.1302828426876060652, 0.1735028625766599497, 0.2174869261056434633, 0.2633330312022222341, 0.3119087344770222203, 0.3635276317902599863, 0.4195097418097217257, 0.4810945897470161881, 0.5491279075035780943, 0.6241475596264501879, 0.7066025216400910747, 0.7964475463062702376, 0.8941834213832301481, 1.000000000000000000 ),
 .UNSPECIFIED. ) ;
#224 = FILL_AREA_STYLE_COLOUR ( '', #4940 ) ;
#225 =( NAMED_UNIT ( * ) PLANE_ANGLE_UNIT ( ) SI_UNIT ( $, .RADIAN. ) );
#226 = CARTESIAN_POINT ( 'NONE',  ( 1.689999999999998836, 0.6800000000000000488, -0.9400000000000000577 ) ) ;
#227 = VERTEX_POINT ( 'NONE', #1164 ) ;
#228 = DIRECTION ( 'NONE',  ( -1.000000000000000000, -0.0000000000000000000, -0.0000000000000000000 ) ) ;
#229 = EDGE_LOOP ( 'NONE', ( #1464, #8347, #5224, #4090 ) ) ;
#230 = SURFACE_STYLE_USAGE ( .BOTH. , #8055 ) ;
#231 = VERTEX_POINT ( 'NONE', #317 ) ;
#232 = CARTESIAN_POINT ( 'NONE',  ( -0.7751456610732352370, 0.8000000000000001554, 0.2689719191907269935 ) ) ;
#233 = PRESENTATION_LAYER_ASSIGNMENT (  '', '', ( #9111 ) ) ;
#234 = SURFACE_STYLE_FILL_AREA ( #2189 ) ;
#235 = SURFACE_STYLE_USAGE ( .BOTH. , #4917 ) ;
#236 = CARTESIAN_POINT ( 'NONE',  ( -0.3005520323012877970, 0.8100000000000002753, -0.1041327010836547023 ) ) ;
#237 = CARTESIAN_POINT ( 'NONE',  ( -1.004945672236749799, 0.7999999999999999334, -0.1494886350892653815 ) ) ;
#238 = CARTESIAN_POINT ( 'NONE',  ( 1.332522936344635367, 0.8100000000000000533, -0.2591607176265893764 ) ) ;
#239 = ADVANCED_FACE ( 'NONE', ( #1220 ), #6674, .F. ) ;
#240 = CARTESIAN_POINT ( 'NONE',  ( -0.2751182021371599284, 0.8000000000000001554, -0.2333801668200150559 ) ) ;
#241 = CARTESIAN_POINT ( 'NONE',  ( 1.087771238169027654, 0.8100000000000002753, 0.1845091638181095561 ) ) ;
#242 = COLOUR_RGB ( '',0.09803921568627450844, 0.09803921568627450844, 0.09803921568627450844 ) ;
#243 = COLOUR_RGB ( '',0.09803921568627450844, 0.09803921568627450844, 0.09803921568627450844 ) ;
#244 = VERTEX_POINT ( 'NONE', #8329 ) ;
#245 = DIRECTION ( 'NONE',  ( 0.0000000000000000000, -0.0000000000000000000, 1.000000000000000000 ) ) ;
#246 = ORIENTED_EDGE ( 'NONE', *, *, #2285, .F. ) ;
#247 = UNCERTAINTY_MEASURE_WITH_UNIT (LENGTH_MEASURE( 1.000000000000000082E-05 ), #5038, 'distance_accuracy_value', 'NONE');
#248 = CARTESIAN_POINT ( 'NONE',  ( -1.499999999999999778, 0.7000000000000000666, 1.120000000000000329 ) ) ;
#249 = CARTESIAN_POINT ( 'NONE',  ( 0.7655435203908520503, 0.8100000000000001643, -0.1728895738365647528 ) ) ;
#250 = CARTESIAN_POINT ( 'NONE',  ( -1.171811646141445395, 0.8099999999999999423, -0.3459606092976334479 ) ) ;
#251 = CARTESIAN_POINT ( 'NONE',  ( -2.000000000000000000, 0.05000000000000000278, 0.9500000000000000666 ) ) ;
#252 = EDGE_CURVE ( 'NONE', #524, #5676, #1324, .T. ) ;
#253 =( NAMED_UNIT ( * ) PLANE_ANGLE_UNIT ( ) SI_UNIT ( $, .RADIAN. ) );
#254 = CARTESIAN_POINT ( 'NONE',  ( -1.025728457475981514, 0.8100000000000000533, -0.08022382599913210899 ) ) ;
#255 = CARTESIAN_POINT ( 'NONE',  ( -0.9350152742861419508, 0.8000000000000000444, 0.07360529725343023522 ) ) ;
#256 =( GEOMETRIC_REPRESENTATION_CONTEXT ( 3 ) GLOBAL_UNCERTAINTY_ASSIGNED_CONTEXT ( ( #9516 ) ) GLOBAL_UNIT_ASSIGNED_CONTEXT ( ( #588, #3167, #8651 ) ) REPRESENTATION_CONTEXT ( 'NONE', 'WORKASPACE' ) );
#257 = CARTESIAN_POINT ( 'NONE',  ( -0.9186935333799385317, 0.8099999999999998312, -0.2241635485886928070 ) ) ;
#258 = EDGE_CURVE ( 'NONE', #8481, #1748, #3107, .T. ) ;
#259 = ORIENTED_EDGE ( 'NONE', *, *, #8979, .F. ) ;
#260 = UNCERTAINTY_MEASURE_WITH_UNIT (LENGTH_MEASURE( 1.000000000000000082E-05 ), #8816, 'distance_accuracy_value', 'NONE');
#261 = DIRECTION ( 'NONE',  ( -0.0000000000000000000, -1.000000000000000000, -0.0000000000000000000 ) ) ;
#262 = VECTOR ( 'NONE', #6311, 1000.000000000000000 ) ;
#263 = CARTESIAN_POINT ( 'NONE',  ( 0.7196453853598345773, 0.8100000000000000533, -0.01481749818560269827 ) ) ;
#264 = B_SPLINE_CURVE_WITH_KNOTS ( 'NONE', 3,
 ( #4489, #9180, #6038, #6842, #7680, #2097, #6895, #1545, #4644, #5210, #2301, #8348, #6182, #8506, #1343, #2254, #7627, #4426, #3025 ),
 .UNSPECIFIED., .F., .F.,
 ( 4, 1, 1, 1, 1, 1, 1, 1, 1, 1, 1, 1, 1, 1, 1, 1, 4 ),
 ( 0.0000000000000000000, 0.07276442323286491654, 0.1421165308725575172, 0.2091368051116843929, 0.2744518961446938410, 0.3376203953116401757, 0.4005949769092235768, 0.4632775573281084358, 0.5260576223788611117, 0.5879893685793929903, 0.6479647212770841547, 0.7067453902546662059, 0.7637514568151309025, 0.8214134920333621137, 0.8796454074789822331, 0.9389233486419933383, 1.000000000000000000 ),
 .UNSPECIFIED. ) ;
#265 = VECTOR ( 'NONE', #5147, 1000.000000000000000 ) ;
#266 = FACE_OUTER_BOUND ( 'NONE', #3441, .T. ) ;
#267 = FILL_AREA_STYLE_COLOUR ( '', #6780 ) ;
#268 = LINE ( 'NONE', #3266, #6669 ) ;
#269 =( NAMED_UNIT ( * ) PLANE_ANGLE_UNIT ( ) SI_UNIT ( $, .RADIAN. ) );
#270 = CARTESIAN_POINT ( 'NONE',  ( 1.689999999999999281, 0.7000000000000000666, 0.9400000000000005018 ) ) ;
#271 = STYLED_ITEM ( 'NONE', ( #1292 ), #6039 ) ;
#272 = DIRECTION ( 'NONE',  ( -1.000000000000000000, -0.0000000000000000000, 4.336808689942043768E-15 ) ) ;
#273 = PRESENTATION_LAYER_ASSIGNMENT (  '', '', ( #111 ) ) ;
#274 = ORIENTED_EDGE ( 'NONE', *, *, #9026, .T. ) ;
#275 = SURFACE_SIDE_STYLE ('',( #9744 ) ) ;
#276 = AXIS2_PLACEMENT_3D ( 'NONE', #15, #7047, #7886 ) ;
#277 = CARTESIAN_POINT ( 'NONE',  ( -0.2983654328350107132, 0.8100000000000002753, 0.05650560644631870411 ) ) ;
#278 = COLOUR_RGB ( '',1.000000000000000000, 0.8078431372549019773, 0.4980392156862745168 ) ;
#279 = CARTESIAN_POINT ( 'NONE',  ( 1.251710100130058567, 0.8000000000000001554, -0.2464809727721511690 ) ) ;
#280 = DIRECTION ( 'NONE',  ( 0.0000000000000000000, 0.0000000000000000000, -1.000000000000000000 ) ) ;
#281 = B_SPLINE_SURFACE_WITH_KNOTS ( 'NONE', 3, 1, ( 
 ( #2738, #510 ),
 ( #2020, #7550 ),
 ( #1362, #1451 ),
 ( #4349, #3695 ),
 ( #3637, #7647 ),
 ( #611, #6807 ),
 ( #9971, #2219 ),
 ( #3586, #2116 ),
 ( #462, #2880 ),
 ( #8419, #5328 ),
 ( #6058, #2834 ) ),
 .UNSPECIFIED., .F., .F., .F.,
 ( 4, 1, 1, 1, 1, 1, 1, 1, 4 ),
 ( 2, 2 ),
 ( 0.0000000000000000000, 0.1280698975072818990, 0.2516654189496291272, 0.3715299648652440889, 0.4903917349475235832, 0.6102040788373267466, 0.7344390716144034714, 0.8631488921910074330, 1.000000000000000000 ),
 ( 0.0000000000000000000, 1.000000000000000000 ),
 .UNSPECIFIED. ) ;
#282 =( NAMED_UNIT ( * ) PLANE_ANGLE_UNIT ( ) SI_UNIT ( $, .RADIAN. ) );
#283 = DIRECTION ( 'NONE',  ( 0.0000000000000000000, 0.0000000000000000000, -1.000000000000000000 ) ) ;
#284 = CARTESIAN_POINT ( 'NONE',  ( -0.8292934852787272604, 0.8100000000000000533, -0.2644484180090710401 ) ) ;
#285 = VERTEX_POINT ( 'NONE', #6877 ) ;
#286 =( LENGTH_UNIT ( ) NAMED_UNIT ( * ) SI_UNIT ( .MILLI., .METRE. ) );
#287 = ORIENTED_EDGE ( 'NONE', *, *, #1150, .T. ) ;
#288 = AXIS2_PLACEMENT_3D ( 'NONE', #5552, #8088, #7983 ) ;
#289 = DIRECTION ( 'NONE',  ( -0.0000000000000000000, -1.000000000000000000, -0.0000000000000000000 ) ) ;
#290 = EDGE_LOOP ( 'NONE', ( #6907, #5411, #8269, #2062 ) ) ;
#291 = CARTESIAN_POINT ( 'NONE',  ( -0.6838071289597970059, 0.8100000000000002753, -0.03859574266773335705 ) ) ;
#292 = DIRECTION ( 'NONE',  ( -0.0000000000000000000, -1.000000000000000000, -0.0000000000000000000 ) ) ;
#293 = DIRECTION ( 'NONE',  ( 0.0000000000000000000, 0.0000000000000000000, -1.000000000000000000 ) ) ;
#294 = CARTESIAN_POINT ( 'NONE',  ( -1.003287648440316149, 0.8000000000000001554, -0.1782467166937073688 ) ) ;
#295 = CARTESIAN_POINT ( 'NONE',  ( 1.344085241853858914, 0.8000000000000002665, -0.2370612263724404811 ) ) ;
#296 = AXIS2_PLACEMENT_3D ( 'NONE', #8015, #4044, #5730 ) ;
#297 = CARTESIAN_POINT ( 'NONE',  ( -0.3005520323012877970, 0.8000000000000002665, -0.1041327010836547023 ) ) ;
#298 = CARTESIAN_POINT ( 'NONE',  ( 0.9181874791317137241, 0.8100000000000001643, 0.03228606671692317576 ) ) ;
#299 = EDGE_LOOP ( 'NONE', ( #8302, #9543, #5752, #5291 ) ) ;
#300 = SURFACE_SIDE_STYLE ('',( #3453 ) ) ;
#301 = VERTEX_POINT ( 'NONE', #9416 ) ;
#302 = PRESENTATION_LAYER_ASSIGNMENT (  '', '', ( #4890 ) ) ;
#303 = B_SPLINE_CURVE_WITH_KNOTS ( 'NONE', 3,
 ( #1755, #4719, #8735, #5539, #986, #143, #7915, #4101, #879, #7127, #93, #5833, #1194, #241, #4974, #5884, #9714, #4156, #6558 ),
 .UNSPECIFIED., .F., .F.,
 ( 4, 1, 1, 1, 1, 1, 1, 1, 1, 1, 1, 1, 1, 1, 1, 1, 4 ),
 ( 0.0000000000000000000, 0.08403150456510859179, 0.1630088644505803264, 0.2372609351567042391, 0.3072674640161707216, 0.3731106607563494104, 0.4358517040400201603, 0.4960350925321805882, 0.5541268400225961566, 0.6107566755727709129, 0.6658502197580831172, 0.7197466679930097921, 0.7735454915047966784, 0.8279483942018968090, 0.8833663209013686846, 0.9404950092640995685, 1.000000000000000000 ),
 .UNSPECIFIED. ) ;
#304 = CARTESIAN_POINT ( 'NONE',  ( 1.820000000000000284, 0.7200000000000001954, 0.7999999999999999334 ) ) ;
#305 = DIRECTION ( 'NONE',  ( 1.000000000000000000, -0.0000000000000000000, -6.023345402697246719E-17 ) ) ;
#306 = CARTESIAN_POINT ( 'NONE',  ( -0.1071982221972475890, 0.8100000000000002753, 0.2251253455114073099 ) ) ;
#307 = CARTESIAN_POINT ( 'NONE',  ( 0.9764066220733336188, 0.7999999999999997113, -0.01017772008526617381 ) ) ;
#308 = COLOUR_RGB ( '',1.000000000000000000, 0.9490196078431372140, 0.9098039215686274384 ) ;
#309 = CARTESIAN_POINT ( 'NONE',  ( -1.003398004143216449, 0.8000000000000001554, -0.1836100626461251994 ) ) ;
#310 = DIRECTION ( 'NONE',  ( 0.0000000000000000000, 1.000000000000000000, 0.0000000000000000000 ) ) ;
#311 = DIRECTION ( 'NONE',  ( 0.0000000000000000000, 0.0000000000000000000, 1.000000000000000000 ) ) ;
#312 = ORIENTED_EDGE ( 'NONE', *, *, #5102, .T. ) ;
#313 = PRESENTATION_LAYER_ASSIGNMENT (  '', '', ( #2298 ) ) ;
#314 = CARTESIAN_POINT ( 'NONE',  ( 0.8274886604280552449, 0.8000000000000004885, -0.1567041611636912912 ) ) ;
#315 = EDGE_CURVE ( 'NONE', #4320, #162, #1820, .T. ) ;
#316 = CARTESIAN_POINT ( 'NONE',  ( -0.2916972305985303660, 0.8100000000000003864, -0.1818803336141378568 ) ) ;
#317 = CARTESIAN_POINT ( 'NONE',  ( 0.9135954684428003736, 0.8100000000000002753, -0.03579541799240900518 ) ) ;
#318 =( NAMED_UNIT ( * ) SI_UNIT ( $, .STERADIAN. ) SOLID_ANGLE_UNIT ( ) );
#319 = CLOSED_SHELL ( 'NONE', ( #5372, #7372, #8338, #6099, #5389, #4573, #9060, #8866, #112, #1091, #2578, #8601, #7661, #3513, #3765, #377, #8009, #133, #3275, #2269, #1279, #3150, #897, #8246, #9198, #3218, #5448, #7485, #7068, #7597, #6485, #6718, #2213, #3846, #4812, #702, #3961, #2648, #8361, #163, #7850, #7468, #9341, #8100, #239, #3753, #5413, #8398, #7214, #3710, #4459, #2094, #886, #4586, #835, #6971, #1550, #9883, #2589, #1412, #7290, #646, #4147, #1470, #2214, #9666, #6749, #181, #5388, #4966, #10050, #587, #10121, #2677, #715, #2833, #1952, #4694, #1940, #3465, #519, #1974, #8859, #5121, #2069, #5345, #4448, #505, #7275, #7024, #6948, #10073, #4578, #4770, #4443, #2388, #2031, #5338, #1859, #6707, #8770, #4711, #2018, #7482, #2851, #6195, #5603, #2424, #774, #8532, #365, #5588, #5399, #1760, #9974, #4013, #5822, #4938, #6914, #6039, #7022, #3223, #9747, #3649, #3574, #5076, #6321, #6154, #3526, #6276, #5283, #1095, #1546, #8301, #11, #3099, #7156, #2280, #2410, #5643, #1828, #2343, #8289, #9808, #7727, #9106, #5033, #9876, #6414, #5466, #3478, #1642, #3622, #4371, #5702, #5867, #7471, #6584, #3409, #501, #8124, #7243, #9302, #3010, #9238, #6840, #4005, #4969, #4939, #5472, #5004 ) ) ;
#320 = DIRECTION ( 'NONE',  ( 1.000000000000000000, -0.0000000000000000000, 0.0000000000000000000 ) ) ;
#321 = AXIS2_PLACEMENT_3D ( 'NONE', #9957, #3875, #5410 ) ;
#322 = EDGE_LOOP ( 'NONE', ( #456, #4378, #1997, #6702, #2857, #523 ) ) ;
#323 = EDGE_CURVE ( 'NONE', #7487, #8971, #6978, .T. ) ;
#324 = DIRECTION ( 'NONE',  ( 1.000000000000000000, -0.0000000000000000000, -0.0000000000000000000 ) ) ;
#325 = AXIS2_PLACEMENT_3D ( 'NONE', #8284, #1269, #5190 ) ;
#326 = CARTESIAN_POINT ( 'NONE',  ( -0.2673990348811044471, 0.8000000000000000444, 0.1686973907083550439 ) ) ;
#327 = DIRECTION ( 'NONE',  ( -0.0000000000000000000, -0.0000000000000000000, 1.000000000000000000 ) ) ;
#328 = CARTESIAN_POINT ( 'NONE',  ( -1.226057569575354167, 0.7999999999999999334, -0.2519226041761558621 ) ) ;
#329 = DIRECTION ( 'NONE',  ( -0.0000000000000000000, -1.000000000000000000, -0.0000000000000000000 ) ) ;
#330 = CARTESIAN_POINT ( 'NONE',  ( 1.323969480662229525, 0.8100000000000001643, -0.2720058184447824434 ) ) ;
#331 = SURFACE_STYLE_FILL_AREA ( #4191 ) ;
#332 = ORIENTED_EDGE ( 'NONE', *, *, #7802, .F. ) ;
#333 = MECHANICAL_DESIGN_GEOMETRIC_PRESENTATION_REPRESENTATION (  '', ( #9702 ), #6079 ) ;
#334 = SURFACE_STYLE_FILL_AREA ( #8923 ) ;
#335 = COLOUR_RGB ( '',0.09803921568627450844, 0.09803921568627450844, 0.09803921568627450844 ) ;
#336 = ORIENTED_EDGE ( 'NONE', *, *, #4143, .T. ) ;
#337 = LINE ( 'NONE', #7280, #5187 ) ;
#338 = ORIENTED_EDGE ( 'NONE', *, *, #6649, .T. ) ;
#339 = CARTESIAN_POINT ( 'NONE',  ( 1.297565285884650255, 0.8100000000000004974, 0.1502983916697806510 ) ) ;
#340 = FACE_OUTER_BOUND ( 'NONE', #5452, .T. ) ;
#341 = DIRECTION ( 'NONE',  ( 0.0000000000000000000, 0.0000000000000000000, -1.000000000000000000 ) ) ;
#342 = VECTOR ( 'NONE', #1151, 1000.000000000000000 ) ;
#343 =( GEOMETRIC_REPRESENTATION_CONTEXT ( 3 ) GLOBAL_UNCERTAINTY_ASSIGNED_CONTEXT ( ( #10017 ) ) GLOBAL_UNIT_ASSIGNED_CONTEXT ( ( #9863, #2108, #605 ) ) REPRESENTATION_CONTEXT ( 'NONE', 'WORKASPACE' ) );
#344 = FILL_AREA_STYLE_COLOUR ( '', #2349 ) ;
#345 = CARTESIAN_POINT ( 'NONE',  ( 1.258570370001049765, 0.8100000000000000533, -0.3266499269537526118 ) ) ;
#346 = CARTESIAN_POINT ( 'NONE',  ( -0.3399115504435935020, 0.8100000000000001643, 0.1586085643082463525 ) ) ;
#347 = SURFACE_STYLE_FILL_AREA ( #8066 ) ;
#348 = ORIENTED_EDGE ( 'NONE', *, *, #9946, .T. ) ;
#349 = EDGE_LOOP ( 'NONE', ( #8278, #2200, #7655, #3395 ) ) ;
#350 = PRESENTATION_LAYER_ASSIGNMENT (  '', '', ( #3957 ) ) ;
#351 = VECTOR ( 'NONE', #844, 1000.000000000000000 ) ;
#352 = STYLED_ITEM ( 'NONE', ( #9920 ), #1091 ) ;
#353 = MECHANICAL_DESIGN_GEOMETRIC_PRESENTATION_REPRESENTATION (  '', ( #5929 ), #9559 ) ;
#354 = UNCERTAINTY_MEASURE_WITH_UNIT (LENGTH_MEASURE( 1.000000000000000082E-05 ), #113, 'distance_accuracy_value', 'NONE');
#355 = CARTESIAN_POINT ( 'NONE',  ( -1.138936407443530863, 0.8100000000000000533, -0.2824096557351855052 ) ) ;
#356 = DIRECTION ( 'NONE',  ( -1.000000000000000000, 0.0000000000000000000, 0.0000000000000000000 ) ) ;
#357 = CARTESIAN_POINT ( 'NONE',  ( -1.990000000000001323, 0.7000000000000000666, -0.9399999999999996136 ) ) ;
#358 = CARTESIAN_POINT ( 'NONE',  ( -0.1859603443353187724, 0.8100000000000001643, 0.2685331899991256210 ) ) ;
#359 = PRODUCT_DEFINITION_FORMATION_WITH_SPECIFIED_SOURCE ( 'ANY', '', #5949, .NOT_KNOWN. ) ;
#360 = MECHANICAL_DESIGN_GEOMETRIC_PRESENTATION_REPRESENTATION (  '', ( #4435 ), #1036 ) ;
#361 = CARTESIAN_POINT ( 'NONE',  ( 0.6463687232190381549, 0.8000000000000000444, 0.01599857230059262628 ) ) ;
#362 = SURFACE_SIDE_STYLE ('',( #7409 ) ) ;
#363 =( GEOMETRIC_REPRESENTATION_CONTEXT ( 3 ) GLOBAL_UNCERTAINTY_ASSIGNED_CONTEXT ( ( #6196 ) ) GLOBAL_UNIT_ASSIGNED_CONTEXT ( ( #431, #9748, #8294 ) ) REPRESENTATION_CONTEXT ( 'NONE', 'WORKASPACE' ) );
#364 = CARTESIAN_POINT ( 'NONE',  ( -1.008343848639458473, 0.8100000000000002753, -0.2253404973524743837 ) ) ;
#365 = ADVANCED_FACE ( 'NONE', ( #9219 ), #3166, .T. ) ;
#366 = SURFACE_STYLE_FILL_AREA ( #7413 ) ;
#367 = VERTEX_POINT ( 'NONE', #4783 ) ;
#368 = UNCERTAINTY_MEASURE_WITH_UNIT (LENGTH_MEASURE( 1.000000000000000082E-05 ), #3826, 'distance_accuracy_value', 'NONE');
#369 = FILL_AREA_STYLE ('',( #8185 ) ) ;
#370 = SURFACE_SIDE_STYLE ('',( #9835 ) ) ;
#371 = SURFACE_STYLE_USAGE ( .BOTH. , #4173 ) ;
#372 =( LENGTH_UNIT ( ) NAMED_UNIT ( * ) SI_UNIT ( .MILLI., .METRE. ) );
#373 = CARTESIAN_POINT ( 'NONE',  ( 0.7556723674375671607, 0.8100000000000003864, -0.3205538904295110458 ) ) ;
#374 = STYLED_ITEM ( 'NONE', ( #5750 ), #2213 ) ;
#375 = EDGE_CURVE ( 'NONE', #1722, #5010, #1818, .T. ) ;
#376 = FILL_AREA_STYLE ('',( #477 ) ) ;
#377 = ADVANCED_FACE ( 'NONE', ( #106 ), #53, .F. ) ;
#378 = EDGE_CURVE ( 'NONE', #4391, #7132, #7250, .T. ) ;
#379 = VERTEX_POINT ( 'NONE', #5549 ) ;
#380 = CARTESIAN_POINT ( 'NONE',  ( -0.1278578422289222694, 0.8000000000000004885, -0.3218505470780833044 ) ) ;
#381 = FILL_AREA_STYLE_COLOUR ( '', #2901 ) ;
#382 = AXIS2_PLACEMENT_3D ( 'NONE', #737, #10135, #7770 ) ;
#383 =( NAMED_UNIT ( * ) PLANE_ANGLE_UNIT ( ) SI_UNIT ( $, .RADIAN. ) );
#384 = DIRECTION ( 'NONE',  ( 0.0000000000000000000, 0.0000000000000000000, 1.000000000000000000 ) ) ;
#385 = EDGE_CURVE ( 'NONE', #1748, #9756, #6880, .T. ) ;
#386 = CARTESIAN_POINT ( 'NONE',  ( 1.500000000000000222, 0.7800000000000001377, 0.7999999999999999334 ) ) ;
#387 =( NAMED_UNIT ( * ) PLANE_ANGLE_UNIT ( ) SI_UNIT ( $, .RADIAN. ) );
#388 = CARTESIAN_POINT ( 'NONE',  ( -0.6920980659032127669, 0.8100000000000001643, -0.3107894327021143432 ) ) ;
#389 = ORIENTED_EDGE ( 'NONE', *, *, #9311, .T. ) ;
#390 = FACE_OUTER_BOUND ( 'NONE', #8939, .T. ) ;
#391 = EDGE_CURVE ( 'NONE', #9281, #1749, #8211, .T. ) ;
#392 = VERTEX_POINT ( 'NONE', #7197 ) ;
#393 = ORIENTED_EDGE ( 'NONE', *, *, #6783, .F. ) ;
#394 = CARTESIAN_POINT ( 'NONE',  ( 0.6596622990490284000, 0.8100000000000001643, -0.2684129298579812639 ) ) ;
#395 = DIRECTION ( 'NONE',  ( 0.0000000000000000000, 0.0000000000000000000, -1.000000000000000000 ) ) ;
#396 = DIRECTION ( 'NONE',  ( -0.0000000000000000000, -1.000000000000000000, -0.0000000000000000000 ) ) ;
#397 = CARTESIAN_POINT ( 'NONE',  ( -0.1071837523364201072, 0.8099999999999997202, -0.03859574266773356521 ) ) ;
#398 = DIRECTION ( 'NONE',  ( 0.0000000000000000000, 0.0000000000000000000, -1.000000000000000000 ) ) ;
#399 = CARTESIAN_POINT ( 'NONE',  ( 0.7340907375426035664, 0.8000000000000000444, -0.09827526575600521730 ) ) ;
#400 = CARTESIAN_POINT ( 'NONE',  ( -0.6838071289597968949, 0.8100000000000002753, -0.03859574266773335011 ) ) ;
#401 = ORIENTED_EDGE ( 'NONE', *, *, #6003, .F. ) ;
#402 =( NAMED_UNIT ( * ) SI_UNIT ( $, .STERADIAN. ) SOLID_ANGLE_UNIT ( ) );
#403 = ORIENTED_EDGE ( 'NONE', *, *, #2197, .T. ) ;
#404 =( GEOMETRIC_REPRESENTATION_CONTEXT ( 3 ) GLOBAL_UNCERTAINTY_ASSIGNED_CONTEXT ( ( #8281 ) ) GLOBAL_UNIT_ASSIGNED_CONTEXT ( ( #8094, #9535, #318 ) ) REPRESENTATION_CONTEXT ( 'NONE', 'WORKASPACE' ) );
#405 =( NAMED_UNIT ( * ) PLANE_ANGLE_UNIT ( ) SI_UNIT ( $, .RADIAN. ) );
#406 = DIRECTION ( 'NONE',  ( -0.0000000000000000000, -1.000000000000000000, -0.0000000000000000000 ) ) ;
#407 = DIRECTION ( 'NONE',  ( 0.0000000000000000000, 1.000000000000000000, -0.0000000000000000000 ) ) ;
#408 = CARTESIAN_POINT ( 'NONE',  ( -1.313449044977952118, 0.8000000000000000444, 0.2032552373879685237 ) ) ;
#409 = CARTESIAN_POINT ( 'NONE',  ( 0.6778603854127962514, 0.8000000000000001554, 0.05013188986746398151 ) ) ;
#410 = CARTESIAN_POINT ( 'NONE',  ( -1.003398004143216449, 0.8100000000000001643, -0.1836100626461251994 ) ) ;
#411 = DIRECTION ( 'NONE',  ( 0.0000000000000000000, 0.0000000000000000000, 1.000000000000000000 ) ) ;
#412 = B_SPLINE_CURVE_WITH_KNOTS ( 'NONE', 3,
 ( #3146, #834, #1411, #622, #7653, #3948, #2275, #8530, #3405, #1758, #7131, #9615, #4158, #882, #145, #6362, #2433, #4822, #4002, #5640, #1866, #989, #95, #8022, #5688, #3358, #6515 ),
 .UNSPECIFIED., .F., .F.,
 ( 4, 1, 1, 1, 1, 1, 1, 1, 1, 1, 1, 1, 1, 1, 1, 1, 1, 1, 1, 1, 1, 1, 1, 1, 4 ),
 ( 0.0000000000000000000, 0.03969488102221831877, 0.07810187201710146188, 0.1154037028663259246, 0.1520669161880208453, 0.1875524003827287733, 0.2229883456027258182, 0.2576727165810332454, 0.2924413981060962064, 0.3273725030079371323, 0.3629385695372439602, 0.3991590086843145868, 0.4365253198424251524, 0.4746910008636796019, 0.5144202873446738211, 0.5555891842926875546, 0.5986732076800561630, 0.6430178684979207526, 0.6889891645835966028, 0.7360666425939580426, 0.7850951960642139627, 0.8358054531679620647, 0.8884285473833727353, 0.9433552989496989394, 1.000000000000000000 ),
 .UNSPECIFIED. ) ;
#413 = VECTOR ( 'NONE', #6155, 1000.000000000000000 ) ;
#414 = ORIENTED_EDGE ( 'NONE', *, *, #1163, .T. ) ;
#415 = EDGE_CURVE ( 'NONE', #8661, #1899, #7092, .T. ) ;
#416 = DIRECTION ( 'NONE',  ( -1.607991629707014325E-15, 1.000000000000000000, 4.242772674833230649E-14 ) ) ;
#417 = AXIS2_PLACEMENT_3D ( 'NONE', #7881, #6270, #3013 ) ;
#418 = CARTESIAN_POINT ( 'NONE',  ( -0.3005418032616993806, 0.8000000000000002665, 0.02750800674804321916 ) ) ;
#419 = B_SPLINE_CURVE_WITH_KNOTS ( 'NONE', 3,
 ( #938, #5691, #8838, #4162, #4055, #9572, #7922, #1661, #2536, #4105, #887, #7294, #9671, #4006, #8024 ),
 .UNSPECIFIED., .F., .F.,
 ( 4, 1, 1, 1, 1, 1, 1, 1, 1, 1, 1, 1, 4 ),
 ( 0.0000000000000000000, 0.1093675961779016909, 0.2105787995757775477, 0.3039805399965636590, 0.3890045168503805662, 0.4666042252701956827, 0.5359819930306035651, 0.5981901493487931099, 0.6523444501207990021, 0.7495386192982640416, 0.8388449366641428373, 0.9217527398159918173, 1.000000000000000000 ),
 .UNSPECIFIED. ) ;
#420 =( GEOMETRIC_REPRESENTATION_CONTEXT ( 3 ) GLOBAL_UNCERTAINTY_ASSIGNED_CONTEXT ( ( #6123 ) ) GLOBAL_UNIT_ASSIGNED_CONTEXT ( ( #1686, #6681, #586 ) ) REPRESENTATION_CONTEXT ( 'NONE', 'WORKASPACE' ) );
#421 = CARTESIAN_POINT ( 'NONE',  ( 1.082215319321230940, 0.8100000000000002753, 0.2553476048428356404 ) ) ;
#422 = ORIENTED_EDGE ( 'NONE', *, *, #1825, .F. ) ;
#423 = EDGE_CURVE ( 'NONE', #1868, #5835, #4385, .T. ) ;
#424 = VECTOR ( 'NONE', #4567, 1000.000000000000000 ) ;
#425 = FILL_AREA_STYLE ('',( #1330 ) ) ;
#426 = CARTESIAN_POINT ( 'NONE',  ( 0.7500828611045904371, 0.8100000000000000533, -0.2291685178030359871 ) ) ;
#427 = EDGE_CURVE ( 'NONE', #5738, #2575, #3505, .T. ) ;
#428 = B_SPLINE_CURVE_WITH_KNOTS ( 'NONE', 3,
 ( #7473, #2138, #4525, #2896, #8287, #581, #5304, #2038, #4409, #3604, #6677, #5972, #5142, #6778, #6131, #9941, #2798, #6026, #7667 ),
 .UNSPECIFIED., .F., .F.,
 ( 4, 1, 1, 1, 1, 1, 1, 1, 1, 1, 1, 1, 1, 1, 1, 1, 4 ),
 ( 0.0000000000000000000, 0.08100102706845770106, 0.1571456688654017664, 0.2292940870860545877, 0.2971677746107866946, 0.3619114416492765773, 0.4236753035167495351, 0.4834472627261215960, 0.5413005115452742544, 0.5976605213910263226, 0.6531740111561664675, 0.7080767197781432376, 0.7635735906725894528, 0.8195558983486511684, 0.8776531130579769968, 0.9374610706973698360, 1.000000000000000000 ),
 .UNSPECIFIED. ) ;
#429 = FILL_AREA_STYLE ('',( #4999 ) ) ;
#430 = CARTESIAN_POINT ( 'NONE',  ( -0.2136738835068659470, 0.8000000000000000444, 0.2064814501221107490 ) ) ;
#431 =( LENGTH_UNIT ( ) NAMED_UNIT ( * ) SI_UNIT ( .MILLI., .METRE. ) );
#432 =( LENGTH_UNIT ( ) NAMED_UNIT ( * ) SI_UNIT ( .MILLI., .METRE. ) );
#433 = SURFACE_STYLE_USAGE ( .BOTH. , #3724 ) ;
#434 = CARTESIAN_POINT ( 'NONE',  ( -1.499999999999999778, 0.8000000000000001554, -1.099999999999999867 ) ) ;
#435 = CARTESIAN_POINT ( 'NONE',  ( -1.041552389196389816, 0.8000000000000001554, -0.2951515558650883997 ) ) ;
#436 = SURFACE_SIDE_STYLE ('',( #2761 ) ) ;
#437 = CARTESIAN_POINT ( 'NONE',  ( -0.8582704643846834625, 0.8100000000000004974, -0.2190615026646613173 ) ) ;
#438 = ORIENTED_EDGE ( 'NONE', *, *, #3207, .T. ) ;
#439 = CARTESIAN_POINT ( 'NONE',  ( -1.000000000000000000, 0.05000000000000000278, -1.149999999999998357 ) ) ;
#440 = EDGE_LOOP ( 'NONE', ( #393, #9221, #6624, #8569 ) ) ;
#441 = CARTESIAN_POINT ( 'NONE',  ( -0.1137762493929458524, 0.8100000000000000533, -0.1599104248217349256 ) ) ;
#442 = MECHANICAL_DESIGN_GEOMETRIC_PRESENTATION_REPRESENTATION (  '', ( #4215 ), #786 ) ;
#443 =( GEOMETRIC_REPRESENTATION_CONTEXT ( 3 ) GLOBAL_UNCERTAINTY_ASSIGNED_CONTEXT ( ( #9616 ) ) GLOBAL_UNIT_ASSIGNED_CONTEXT ( ( #979, #6458, #4913 ) ) REPRESENTATION_CONTEXT ( 'NONE', 'WORKASPACE' ) );
#444 = DIRECTION ( 'NONE',  ( 0.0000000000000000000, 0.0000000000000000000, -1.000000000000000000 ) ) ;
#445 = CARTESIAN_POINT ( 'NONE',  ( 1.500000000000000222, 0.7000000000000000666, 1.119999999999999885 ) ) ;
#446 = EDGE_CURVE ( 'NONE', #8971, #1372, #104, .T. ) ;
#447 = CARTESIAN_POINT ( 'NONE',  ( -1.125031846311057793, 0.8100000000000000533, 0.05372647368618761743 ) ) ;
#448 = DIRECTION ( 'NONE',  ( -0.0000000000000000000, -1.000000000000000000, -0.0000000000000000000 ) ) ;
#449 = CARTESIAN_POINT ( 'NONE',  ( -0.2384861375009236228, 0.8000000000000000444, 0.2653701121695656862 ) ) ;
#450 = CARTESIAN_POINT ( 'NONE',  ( -0.2915558241555160635, 0.8100000000000000533, 0.1055331639106950742 ) ) ;
#451 = PRESENTATION_LAYER_ASSIGNMENT (  '', '', ( #3255 ) ) ;
#452 = CARTESIAN_POINT ( 'NONE',  ( -0.2885008862050205680, 0.8100000000000004974, -0.3161270151794528527 ) ) ;
#453 = STYLED_ITEM ( 'NONE', ( #965 ), #5472 ) ;
#454 = ORIENTED_EDGE ( 'NONE', *, *, #4723, .F. ) ;
#455 = B_SPLINE_CURVE_WITH_KNOTS ( 'NONE', 3,
 ( #7075, #3297, #6407, #4817, #9563, #4866, #8577, #8018, #6355, #4097, #3943, #3197, #2318, #8731, #6300, #9507, #7233, #3997, #9454 ),
 .UNSPECIFIED., .F., .F.,
 ( 4, 1, 1, 1, 1, 1, 1, 1, 1, 1, 1, 1, 1, 1, 1, 1, 4 ),
 ( 0.0000000000000000000, 0.08100102706845770106, 0.1571456688654017664, 0.2292940870860545877, 0.2971677746107866946, 0.3619114416492765773, 0.4236753035167495351, 0.4834472627261215960, 0.5413005115452742544, 0.5976605213910263226, 0.6531740111561664675, 0.7080767197781432376, 0.7635735906725894528, 0.8195558983486511684, 0.8776531130579769968, 0.9374610706973698360, 1.000000000000000000 ),
 .UNSPECIFIED. ) ;
#456 = ORIENTED_EDGE ( 'NONE', *, *, #6833, .T. ) ;
#457 = UNCERTAINTY_MEASURE_WITH_UNIT (LENGTH_MEASURE( 1.000000000000000082E-05 ), #2042, 'distance_accuracy_value', 'NONE');
#458 = EDGE_CURVE ( 'NONE', #798, #2826, #1100, .T. ) ;
#459 = CARTESIAN_POINT ( 'NONE',  ( -1.067211776235770238, 0.8099999999999999423, -0.2013995848897354723 ) ) ;
#460 = CARTESIAN_POINT ( 'NONE',  ( -0.6215675452591793437, 0.8100000000000001643, -0.02617395842292995906 ) ) ;
#461 = COLOUR_RGB ( '',0.09803921568627450844, 0.09803921568627450844, 0.09803921568627450844 ) ;
#462 = CARTESIAN_POINT ( 'NONE',  ( -0.6804577326221323830, 0.8100000000000001643, -0.2978941788814671310 ) ) ;
#463 = CARTESIAN_POINT ( 'NONE',  ( -0.1205165115792134062, 0.8100000000000000533, 0.2386726592570874717 ) ) ;
#464 = CARTESIAN_POINT ( 'NONE',  ( -1.317155402649199170, 0.8000000000000001554, 0.2155125956829111733 ) ) ;
#465 = DIRECTION ( 'NONE',  ( -0.0000000000000000000, -1.000000000000000000, -0.0000000000000000000 ) ) ;
#466 = CARTESIAN_POINT ( 'NONE',  ( 0.5723211177934495186, 0.8100000000000001643, -0.003530807602798561890 ) ) ;
#467 = ORIENTED_EDGE ( 'NONE', *, *, #4979, .F. ) ;
#468 = DIRECTION ( 'NONE',  ( -0.0000000000000000000, -1.000000000000000000, -0.0000000000000000000 ) ) ;
#469 = DIRECTION ( 'NONE',  ( -0.0000000000000000000, -1.000000000000000000, -0.0000000000000000000 ) ) ;
#470 = ADVANCED_BREP_SHAPE_REPRESENTATION ( '94E9AE7E-121D-48FC-B821-6F08BD913214', ( #7422, #6910 ), #8572 ) ;
#471 = ORIENTED_EDGE ( 'NONE', *, *, #2948, .T. ) ;
#472 = UNCERTAINTY_MEASURE_WITH_UNIT (LENGTH_MEASURE( 1.000000000000000082E-05 ), #1552, 'distance_accuracy_value', 'NONE');
#473 = PRESENTATION_STYLE_ASSIGNMENT (( #1005 ) ) ;
#474 = CARTESIAN_POINT ( 'NONE',  ( 0.6876214424687742133, 0.8000000000000001554, -0.007426911498902444980 ) ) ;
#475 = CARTESIAN_POINT ( 'NONE',  ( 0.9747938491360237379, 0.8000000000000000444, -0.2542840151353533695 ) ) ;
#476 = DIRECTION ( 'NONE',  ( -0.0000000000000000000, -1.000000000000000000, -0.0000000000000000000 ) ) ;
#477 = FILL_AREA_STYLE_COLOUR ( '', #2652 ) ;
#478 = AXIS2_PLACEMENT_3D ( 'NONE', #7959, #824, #926 ) ;
#479 = VERTEX_POINT ( 'NONE', #8993 ) ;
#480 = CARTESIAN_POINT ( 'NONE',  ( -0.1873270309697706026, 0.8000000000000001554, -0.3458988213405396750 ) ) ;
#481 = CARTESIAN_POINT ( 'NONE',  ( 0.7031133140398125869, 0.8100000000000000533, -0.2623369835807705663 ) ) ;
#482 = FILL_AREA_STYLE_COLOUR ( '', #7576 ) ;
#483 =( GEOMETRIC_REPRESENTATION_CONTEXT ( 3 ) GLOBAL_UNCERTAINTY_ASSIGNED_CONTEXT ( ( #3773 ) ) GLOBAL_UNIT_ASSIGNED_CONTEXT ( ( #7489, #5267, #3733 ) ) REPRESENTATION_CONTEXT ( 'NONE', 'WORKASPACE' ) );
#484 = CARTESIAN_POINT ( 'NONE',  ( 1.301177325467199664, 0.8000000000000001554, -0.1592501744831093802 ) ) ;
#485 = B_SPLINE_CURVE_WITH_KNOTS ( 'NONE', 3,
 ( #8238, #6673, #1219, #5039, #9783, #1930, #5909, #8187, #6530, #9735, #8852, #4943, #316, #4313, #7470, #9059, #7364, #2748, #9682 ),
 .UNSPECIFIED., .F., .F.,
 ( 4, 1, 1, 1, 1, 1, 1, 1, 1, 1, 1, 1, 1, 1, 1, 1, 4 ),
 ( 0.0000000000000000000, 0.03482063987272229766, 0.06892303662010071386, 0.1030674831944850545, 0.1390259289950689370, 0.1768773708661631749, 0.2173596739505500863, 0.2613252067966569392, 0.3091893022218823450, 0.3632013239127580562, 0.4250772414693027579, 0.4964697288138595344, 0.5776522482993701191, 0.6680098148504955979, 0.7686706938896562535, 0.8792878375891127751, 1.000000000000000000 ),
 .UNSPECIFIED. ) ;
#486 = VECTOR ( 'NONE', #1434, 1000.000000000000000 ) ;
#487 =( NAMED_UNIT ( * ) SI_UNIT ( $, .STERADIAN. ) SOLID_ANGLE_UNIT ( ) );
#488 = PRESENTATION_STYLE_ASSIGNMENT (( #1233 ) ) ;
#489 = EDGE_CURVE ( 'NONE', #5863, #6205, #4353, .T. ) ;
#490 = ORIENTED_EDGE ( 'NONE', *, *, #9118, .T. ) ;
#491 = VERTEX_POINT ( 'NONE', #2070 ) ;
#492 = AXIS2_PLACEMENT_3D ( 'NONE', #8437, #7820, #7714 ) ;
#493 = CARTESIAN_POINT ( 'NONE',  ( -0.1493750531785765501, 0.7999999999999999334, -0.2562567862401695651 ) ) ;
#494 =( LENGTH_UNIT ( ) NAMED_UNIT ( * ) SI_UNIT ( .MILLI., .METRE. ) );
#495 = CARTESIAN_POINT ( 'NONE',  ( -1.700000000000001732, 0.6000000000000000888, -1.249999999999998668 ) ) ;
#496 = CARTESIAN_POINT ( 'NONE',  ( 1.167085728183060001, 0.8000000000000001554, 0.2691964651244740936 ) ) ;
#497 = CARTESIAN_POINT ( 'NONE',  ( -0.6874130992615039570, 0.8000000000000000444, 0.05577849536350043547 ) ) ;
#498 =( NAMED_UNIT ( * ) PLANE_ANGLE_UNIT ( ) SI_UNIT ( $, .RADIAN. ) );
#499 = AXIS2_PLACEMENT_3D ( 'NONE', #3532, #4335, #7491 ) ;
#500 = CARTESIAN_POINT ( 'NONE',  ( 0.9263913164593253757, 0.8000000000000001554, 0.07360686640268428171 ) ) ;
#501 = ADVANCED_FACE ( 'NONE', ( #5032 ), #5855, .T. ) ;
#502 = ORIENTED_EDGE ( 'NONE', *, *, #6892, .F. ) ;
#503 =( NAMED_UNIT ( * ) SI_UNIT ( $, .STERADIAN. ) SOLID_ANGLE_UNIT ( ) );
#504 = ORIENTED_EDGE ( 'NONE', *, *, #5247, .T. ) ;
#505 = ADVANCED_FACE ( 'NONE', ( #766 ), #10029, .T. ) ;
#506 = EDGE_CURVE ( 'NONE', #367, #8454, #9927, .T. ) ;
#507 = VECTOR ( 'NONE', #6004, 1000.000000000000000 ) ;
#508 = MECHANICAL_DESIGN_GEOMETRIC_PRESENTATION_REPRESENTATION (  '', ( #6573 ), #6239 ) ;
#509 = MECHANICAL_DESIGN_GEOMETRIC_PRESENTATION_REPRESENTATION (  '', ( #5741 ), #7403 ) ;
#510 = CARTESIAN_POINT ( 'NONE',  ( -0.7808444666221344699, 0.8000000000000001554, -0.3463879504599410852 ) ) ;
#511 = CARTESIAN_POINT ( 'NONE',  ( 0.9885108380571605569, 0.8000000000000001554, 0.06525981641510403275 ) ) ;
#512 = FILL_AREA_STYLE ('',( #1454 ) ) ;
#513 = CARTESIAN_POINT ( 'NONE',  ( -0.1205165115792134062, 0.8000000000000000444, 0.2386726592570874717 ) ) ;
#514 = CARTESIAN_POINT ( 'NONE',  ( 0.6465535914820963459, 0.8000000000000000444, -0.07380789149730869469 ) ) ;
#515 =( NAMED_UNIT ( * ) PLANE_ANGLE_UNIT ( ) SI_UNIT ( $, .RADIAN. ) );
#516 = CARTESIAN_POINT ( 'NONE',  ( 0.9788829480746111811, 0.8000000000000000444, 0.01678744794828819151 ) ) ;
#517 = CARTESIAN_POINT ( 'NONE',  ( -1.155235700388368203, 0.8000000000000001554, -0.3463879504599410852 ) ) ;
#518 = COLOUR_RGB ( '',0.09803921568627450844, 0.09803921568627450844, 0.09803921568627450844 ) ;
#519 = ADVANCED_FACE ( 'NONE', ( #2715 ), #1829, .T. ) ;
#520 = ORIENTED_EDGE ( 'NONE', *, *, #8930, .T. ) ;
#521 = FACE_OUTER_BOUND ( 'NONE', #3745, .T. ) ;
#522 = PRESENTATION_LAYER_ASSIGNMENT (  '', '', ( #9884 ) ) ;
#523 = ORIENTED_EDGE ( 'NONE', *, *, #6518, .F. ) ;
#524 = VERTEX_POINT ( 'NONE', #5005 ) ;
#525 = DIRECTION ( 'NONE',  ( 0.0000000000000000000, -0.0000000000000000000, 1.000000000000000000 ) ) ;
#526 = COLOUR_RGB ( '',1.000000000000000000, 0.9490196078431372140, 0.9098039215686274384 ) ;
#527 = MECHANICAL_DESIGN_GEOMETRIC_PRESENTATION_REPRESENTATION (  '', ( #6742 ), #4791 ) ;
#528 =( NAMED_UNIT ( * ) PLANE_ANGLE_UNIT ( ) SI_UNIT ( $, .RADIAN. ) );
#529 = CARTESIAN_POINT ( 'NONE',  ( 0.6876214424687742133, 0.8000000000000001554, -0.007426911498902444980 ) ) ;
#530 =( LENGTH_UNIT ( ) NAMED_UNIT ( * ) SI_UNIT ( .MILLI., .METRE. ) );
#531 = FILL_AREA_STYLE_COLOUR ( '', #9870 ) ;
#532 = MECHANICAL_DESIGN_GEOMETRIC_PRESENTATION_REPRESENTATION (  '', ( #7923 ), #6087 ) ;
#533 = PRESENTATION_LAYER_ASSIGNMENT (  '', '', ( #1048 ) ) ;
#534 = VERTEX_POINT ( 'NONE', #7271 ) ;
#535 =( LENGTH_UNIT ( ) NAMED_UNIT ( * ) SI_UNIT ( .MILLI., .METRE. ) );
#536 = DIRECTION ( 'NONE',  ( 0.0000000000000000000, 0.0000000000000000000, 1.000000000000000000 ) ) ;
#537 = CARTESIAN_POINT ( 'NONE',  ( -0.7042370591795649171, 0.8000000000000001554, 0.1417917756095393167 ) ) ;
#538 = CARTESIAN_POINT ( 'NONE',  ( -0.1072932446615712104, 0.7999999999999998224, -0.02702830974468120248 ) ) ;
#539 = CARTESIAN_POINT ( 'NONE',  ( -0.2031253107779785461, 0.7999999999999999334, 0.2068588027868118739 ) ) ;
#540 = CARTESIAN_POINT ( 'NONE',  ( 0.9467970788574194829, 0.8100000000000002753, -0.2054128830956018226 ) ) ;
#541 = DIRECTION ( 'NONE',  ( 0.0000000000000000000, 0.0000000000000000000, -1.000000000000000000 ) ) ;
#542 = DIRECTION ( 'NONE',  ( -0.0000000000000000000, -1.000000000000000000, -0.0000000000000000000 ) ) ;
#543 = EDGE_LOOP ( 'NONE', ( #731, #5055, #5209, #6723 ) ) ;
#544 = CARTESIAN_POINT ( 'NONE',  ( -1.499999999999999778, 0.8000000000000001554, 1.100000000000000311 ) ) ;
#545 = ORIENTED_EDGE ( 'NONE', *, *, #5593, .F. ) ;
#546 = VECTOR ( 'NONE', #6995, 1000.000000000000000 ) ;
#547 = CARTESIAN_POINT ( 'NONE',  ( -0.1072945895445592129, 0.7999999999999999334, -0.05028476622377610339 ) ) ;
#548 = CARTESIAN_POINT ( 'NONE',  ( -0.2106105758494173086, 0.8000000000000000444, -0.3461633348896595019 ) ) ;
#549 = EDGE_CURVE ( 'NONE', #8110, #4680, #6395, .T. ) ;
#550 = FILL_AREA_STYLE ('',( #9910 ) ) ;
#551 = CARTESIAN_POINT ( 'NONE',  ( 0.6508519619492935115, 0.8000000000000001554, -0.3385957426677336235 ) ) ;
#552 = CARTESIAN_POINT ( 'NONE',  ( -1.203873640063118478, 0.8100000000000000533, -0.2716298549365559478 ) ) ;
#553 = FACE_OUTER_BOUND ( 'NONE', #9885, .T. ) ;
#554 = FILL_AREA_STYLE_COLOUR ( '', #7898 ) ;
#555 = FACE_OUTER_BOUND ( 'NONE', #9786, .T. ) ;
#556 = CARTESIAN_POINT ( 'NONE',  ( -0.6838071289597968949, 0.8000000000000001554, -0.03859574266773335011 ) ) ;
#557 = ORIENTED_EDGE ( 'NONE', *, *, #8691, .F. ) ;
#558 = CARTESIAN_POINT ( 'NONE',  ( -1.098821091438324293, 0.8000000000000002665, -0.2617958024943185524 ) ) ;
#559 = VERTEX_POINT ( 'NONE', #1843 ) ;
#560 = VECTOR ( 'NONE', #4595, 1000.000000000000000 ) ;
#561 = LINE ( 'NONE', #6057, #5600 ) ;
#562 = EDGE_CURVE ( 'NONE', #5651, #7840, #223, .T. ) ;
#563 = B_SPLINE_CURVE_WITH_KNOTS ( 'NONE', 3,
 ( #8493, #8645, #4632, #3061, #7776, #3862, #8597, #6982, #10138, #3110, #9363, #1620, #4736, #7267, #6389, #4130, #4998, #9594, #6537, #1886, #9693, #2600, #216, #6490, #7164, #6443, #4226 ),
 .UNSPECIFIED., .F., .F.,
 ( 4, 1, 1, 1, 1, 1, 1, 1, 1, 1, 1, 1, 1, 1, 1, 1, 1, 1, 1, 1, 1, 1, 1, 1, 4 ),
 ( 0.0000000000000000000, 0.03969488102221831877, 0.07810187201710146188, 0.1154037028663259246, 0.1520669161880208453, 0.1875524003827287733, 0.2229883456027258182, 0.2576727165810332454, 0.2924413981060962064, 0.3273725030079371323, 0.3629385695372439602, 0.3991590086843145868, 0.4365253198424251524, 0.4746910008636796019, 0.5144202873446738211, 0.5555891842926875546, 0.5986732076800561630, 0.6430178684979207526, 0.6889891645835966028, 0.7360666425939580426, 0.7850951960642139627, 0.8358054531679620647, 0.8884285473833727353, 0.9433552989496989394, 1.000000000000000000 ),
 .UNSPECIFIED. ) ;
#564 = SURFACE_SIDE_STYLE ('',( #8653 ) ) ;
#565 = CARTESIAN_POINT ( 'NONE',  ( -1.205515431773832136, 0.8100000000000002753, 0.04464957117178969953 ) ) ;
#566 = CARTESIAN_POINT ( 'NONE',  ( -0.2042210899987577377, 0.8000000000000001554, -0.3463879504599413073 ) ) ;
#567 = CARTESIAN_POINT ( 'NONE',  ( 1.087771238169027654, 0.8100000000000002753, 0.1845091638181095561 ) ) ;
#568 = ORIENTED_EDGE ( 'NONE', *, *, #128, .T. ) ;
#569 = CARTESIAN_POINT ( 'NONE',  ( -0.9999999999999997780, 0.05000000000000000278, -0.3500000000000000333 ) ) ;
#570 = CARTESIAN_POINT ( 'NONE',  ( 1.251710100130058567, 0.8000000000000000444, -0.2464809727721511690 ) ) ;
#571 = VERTEX_POINT ( 'NONE', #1075 ) ;
#572 = UNCERTAINTY_MEASURE_WITH_UNIT (LENGTH_MEASURE( 1.000000000000000082E-05 ), #9368, 'distance_accuracy_value', 'NONE');
#573 = CARTESIAN_POINT ( 'NONE',  ( -0.8281908269478879259, 0.8000000000000001554, 0.1875297628109898196 ) ) ;
#574 = FACE_OUTER_BOUND ( 'NONE', #3798, .T. ) ;
#575 = EDGE_CURVE ( 'NONE', #285, #8822, #8763, .T. ) ;
#576 =( NAMED_UNIT ( * ) SI_UNIT ( $, .STERADIAN. ) SOLID_ANGLE_UNIT ( ) );
#577 = SURFACE_SIDE_STYLE ('',( #2234 ) ) ;
#578 = CARTESIAN_POINT ( 'NONE',  ( -0.8307241127872594388, 0.8100000000000001643, 0.2597191794654070129 ) ) ;
#579 = CARTESIAN_POINT ( 'NONE',  ( 0.7339046369363559918, 0.8099999999999999423, -0.3292652807807144866 ) ) ;
#580 = SURFACE_STYLE_USAGE ( .BOTH. , #7614 ) ;
#581 = CARTESIAN_POINT ( 'NONE',  ( -1.299891214641170967, 0.8000000000000000444, -0.2451712431717135987 ) ) ;
#582 = COLOUR_RGB ( '',1.000000000000000000, 0.9490196078431372140, 0.9098039215686274384 ) ;
#583 = VECTOR ( 'NONE', #7677, 1000.000000000000000 ) ;
#584 = ORIENTED_EDGE ( 'NONE', *, *, #9342, .T. ) ;
#585 = PRESENTATION_STYLE_ASSIGNMENT (( #8336 ) ) ;
#586 =( NAMED_UNIT ( * ) SI_UNIT ( $, .STERADIAN. ) SOLID_ANGLE_UNIT ( ) );
#587 = ADVANCED_FACE ( 'NONE', ( #1742 ), #4855, .T. ) ;
#588 =( LENGTH_UNIT ( ) NAMED_UNIT ( * ) SI_UNIT ( .MILLI., .METRE. ) );
#589 =( LENGTH_UNIT ( ) NAMED_UNIT ( * ) SI_UNIT ( .MILLI., .METRE. ) );
#590 = CARTESIAN_POINT ( 'NONE',  ( 0.9218211166493769371, 0.8000000000000004885, -0.1267594068367719484 ) ) ;
#591 =( NAMED_UNIT ( * ) PLANE_ANGLE_UNIT ( ) SI_UNIT ( $, .RADIAN. ) );
#592 = FACE_OUTER_BOUND ( 'NONE', #2586, .T. ) ;
#593 = SURFACE_SIDE_STYLE ('',( #3020 ) ) ;
#594 = PRESENTATION_LAYER_ASSIGNMENT (  '', '', ( #4522 ) ) ;
#595 =( NAMED_UNIT ( * ) PLANE_ANGLE_UNIT ( ) SI_UNIT ( $, .RADIAN. ) );
#596 = ORIENTED_EDGE ( 'NONE', *, *, #973, .T. ) ;
#597 = FILL_AREA_STYLE_COLOUR ( '', #6220 ) ;
#598 = EDGE_LOOP ( 'NONE', ( #10177, #4475, #7020, #6535 ) ) ;
#599 = PRESENTATION_LAYER_ASSIGNMENT (  '', '', ( #775 ) ) ;
#600 = CARTESIAN_POINT ( 'NONE',  ( -0.1176187575366531707, 0.8100000000000004974, -0.1829673941784973890 ) ) ;
#601 = CARTESIAN_POINT ( 'NONE',  ( -0.3243566544586065081, 0.8000000000000000444, -0.2680366577904281233 ) ) ;
#602 = CARTESIAN_POINT ( 'NONE',  ( 1.073267744298122217, 0.8099999999999998312, -0.2566400379139825993 ) ) ;
#603 = DIRECTION ( 'NONE',  ( 0.0000000000000000000, -0.0000000000000000000, 1.000000000000000000 ) ) ;
#604 = CARTESIAN_POINT ( 'NONE',  ( -0.09379089519356294258, 0.8000000000000001554, -0.2830762621482530439 ) ) ;
#605 =( NAMED_UNIT ( * ) SI_UNIT ( $, .STERADIAN. ) SOLID_ANGLE_UNIT ( ) );
#606 = SURFACE_SIDE_STYLE ('',( #2209 ) ) ;
#607 = ORIENTED_EDGE ( 'NONE', *, *, #5265, .F. ) ;
#608 =( NAMED_UNIT ( * ) SI_UNIT ( $, .STERADIAN. ) SOLID_ANGLE_UNIT ( ) );
#609 = ORIENTED_EDGE ( 'NONE', *, *, #7911, .T. ) ;
#610 = CARTESIAN_POINT ( 'NONE',  ( -2.000000000000000000, 0.6000000000000000888, -1.249999999999999556 ) ) ;
#611 = CARTESIAN_POINT ( 'NONE',  ( -0.7179276051453981067, 0.8100000000000001643, -0.3308420342794040070 ) ) ;
#612 = MECHANICAL_DESIGN_GEOMETRIC_PRESENTATION_REPRESENTATION (  '', ( #5194 ), #4709 ) ;
#613 = DIRECTION ( 'NONE',  ( -0.0000000000000000000, -1.000000000000000000, -0.0000000000000000000 ) ) ;
#614 = FACE_OUTER_BOUND ( 'NONE', #7998, .T. ) ;
#615 = CARTESIAN_POINT ( 'NONE',  ( -1.232199153339927689, 0.7999999999999998224, 0.07350993638377058270 ) ) ;
#616 = CARTESIAN_POINT ( 'NONE',  ( -1.000000000000000222, 0.0000000000000000000, 1.149999999999998801 ) ) ;
#617 = CARTESIAN_POINT ( 'NONE',  ( -0.08157658880924056888, 0.7999999999999998224, -0.2621935917501274083 ) ) ;
#618 = B_SPLINE_CURVE_WITH_KNOTS ( 'NONE', 3,
 ( #10181, #4627, #7029, #5444, #9575, #941, #9521 ),
 .UNSPECIFIED., .F., .F.,
 ( 4, 1, 1, 1, 4 ),
 ( 0.0000000000000000000, 0.2897826567611914150, 0.5509308198627735909, 0.7880903339811086150, 0.9999999999999998890 ),
 .UNSPECIFIED. ) ;
#619 = CARTESIAN_POINT ( 'NONE',  ( 1.800000000000000266, 0.8000000000000001554, 1.099999999999999867 ) ) ;
#620 = EDGE_LOOP ( 'NONE', ( #6757, #7880, #4129, #596 ) ) ;
#621 = FACE_OUTER_BOUND ( 'NONE', #8621, .T. ) ;
#622 = CARTESIAN_POINT ( 'NONE',  ( 1.130905386041801908, 0.8100000000000000533, -0.2748422398314226411 ) ) ;
#623 = ORIENTED_EDGE ( 'NONE', *, *, #5910, .F. ) ;
#624 = EDGE_CURVE ( 'NONE', #5276, #35, #6788, .T. ) ;
#625 = VERTEX_POINT ( 'NONE', #7484 ) ;
#626 = VECTOR ( 'NONE', #9584, 1000.000000000000000 ) ;
#627 = CARTESIAN_POINT ( 'NONE',  ( -0.8635637037226778778, 0.8100000000000000533, 0.1256072252334962114 ) ) ;
#628 = SURFACE_STYLE_USAGE ( .BOTH. , #7659 ) ;
#629 = B_SPLINE_SURFACE_WITH_KNOTS ( 'NONE', 3, 1, ( 
 ( #995, #7853 ),
 ( #7748, #38 ),
 ( #3088, #2267 ),
 ( #1557, #9340 ),
 ( #3191, #6294 ),
 ( #3936, #1646 ),
 ( #7065, #5479 ),
 ( #4553, #3041 ),
 ( #4712, #1449 ),
 ( #8676, #7012 ),
 ( #1502, #6194 ),
 ( #4604, #7694 ),
 ( #5371, #773 ) ),
 .UNSPECIFIED., .F., .F., .F.,
 ( 4, 1, 1, 1, 1, 1, 1, 1, 1, 1, 4 ),
 ( 2, 2 ),
 ( 0.0000000000000000000, 0.1227426370922052035, 0.2345710398341193659, 0.3354421158046483331, 0.4265580893671387375, 0.5061720194485854751, 0.5755250507167279928, 0.6339260457316299169, 0.6815034731990453620, 0.8461977265378443080, 1.000000000000000000 ),
 ( 0.0000000000000000000, 1.000000000000000000 ),
 .UNSPECIFIED. ) ;
#630 = CARTESIAN_POINT ( 'NONE',  ( -0.3640354415917583797, 0.8000000000000005995, -0.07441611324957041196 ) ) ;
#631 = DIRECTION ( 'NONE',  ( -0.0000000000000000000, -1.000000000000000000, -0.0000000000000000000 ) ) ;
#632 = LINE ( 'NONE', #9360, #4591 ) ;
#633 = CARTESIAN_POINT ( 'NONE',  ( 1.349157987378030832, 0.8000000000000001554, -0.2247070933635934020 ) ) ;
#634 = CARTESIAN_POINT ( 'NONE',  ( -0.9406588182151348621, 0.8100000000000001643, -0.07441611324957016216 ) ) ;
#635 = CARTESIAN_POINT ( 'NONE',  ( -0.05667367302309494342, 0.8100000000000004974, -0.1828574044858319037 ) ) ;
#636 = EDGE_CURVE ( 'NONE', #7132, #5687, #7555, .T. ) ;
#637 = EDGE_LOOP ( 'NONE', ( #4670, #6162, #1214, #8161 ) ) ;
#638 = CARTESIAN_POINT ( 'NONE',  ( -0.6612326191529895869, 0.8100000000000001643, 0.1905037987514400233 ) ) ;
#639 = EDGE_CURVE ( 'NONE', #7177, #1329, #9953, .T. ) ;
#640 = PRESENTATION_LAYER_ASSIGNMENT (  '', '', ( #2456 ) ) ;
#641 = PLANE ( 'NONE',  #5998 ) ;
#642 = CARTESIAN_POINT ( 'NONE',  ( 0.9747938491360237379, 0.8100000000000000533, -0.2542840151353533695 ) ) ;
#643 = LINE ( 'NONE', #3563, #4496 ) ;
#644 = DIRECTION ( 'NONE',  ( 0.0000000000000000000, 0.0000000000000000000, 1.000000000000000000 ) ) ;
#645 =( GEOMETRIC_REPRESENTATION_CONTEXT ( 3 ) GLOBAL_UNCERTAINTY_ASSIGNED_CONTEXT ( ( #6925 ) ) GLOBAL_UNIT_ASSIGNED_CONTEXT ( ( #6274, #1262, #2028 ) ) REPRESENTATION_CONTEXT ( 'NONE', 'WORKASPACE' ) );
#646 = ADVANCED_FACE ( 'NONE', ( #9176 ), #9229, .T. ) ;
#647 = ORIENTED_EDGE ( 'NONE', *, *, #8237, .T. ) ;
#648 = CARTESIAN_POINT ( 'NONE',  ( 0.7834850372673293206, 0.8000000000000002665, -0.2991730860243702605 ) ) ;
#649 = ORIENTED_EDGE ( 'NONE', *, *, #6345, .F. ) ;
#650 = SURFACE_SIDE_STYLE ('',( #8662 ) ) ;
#651 = CARTESIAN_POINT ( 'NONE',  ( -0.1086248185274247408, 0.7999999999999999334, -0.1047810790333545128 ) ) ;
#652 =( NAMED_UNIT ( * ) SI_UNIT ( $, .STERADIAN. ) SOLID_ANGLE_UNIT ( ) );
#653 = CARTESIAN_POINT ( 'NONE',  ( 1.027529648767607107, 0.7999999999999999334, -0.2176970336805246209 ) ) ;
#654 = FACE_OUTER_BOUND ( 'NONE', #8429, .T. ) ;
#655 = CARTESIAN_POINT ( 'NONE',  ( -0.1107897226381273081, 0.8000000000000000444, 0.05577849536350022730 ) ) ;
#656 = FILL_AREA_STYLE ('',( #8310 ) ) ;
#657 = CARTESIAN_POINT ( 'NONE',  ( -0.7259984298019532822, 0.8100000000000003864, -0.2562567862401693430 ) ) ;
#658 = VERTEX_POINT ( 'NONE', #5981 ) ;
#659 = CARTESIAN_POINT ( 'NONE',  ( -1.092025898104808324, 0.8100000000000002753, -0.2550240672135434261 ) ) ;
#660 = ORIENTED_EDGE ( 'NONE', *, *, #3420, .T. ) ;
#661 =( NAMED_UNIT ( * ) SI_UNIT ( $, .STERADIAN. ) SOLID_ANGLE_UNIT ( ) );
#662 = UNCERTAINTY_MEASURE_WITH_UNIT (LENGTH_MEASURE( 1.000000000000000082E-05 ), #705, 'distance_accuracy_value', 'NONE');
#663 = SURFACE_STYLE_USAGE ( .BOTH. , #7696 ) ;
#664 = MECHANICAL_DESIGN_GEOMETRIC_PRESENTATION_REPRESENTATION (  '', ( #6224 ), #4919 ) ;
#665 = CARTESIAN_POINT ( 'NONE',  ( -1.950000000000001954, 0.6100000000000000977, -0.9499999999999996225 ) ) ;
#666 = LINE ( 'NONE', #5895, #1533 ) ;
#667 = CARTESIAN_POINT ( 'NONE',  ( -1.205515431773832136, 0.8000000000000002665, 0.04464957117178969953 ) ) ;
#668 = DIRECTION ( 'NONE',  ( -0.4750454889892490873, 0.0000000000000000000, -0.8799612397094348504 ) ) ;
#669 = FACE_OUTER_BOUND ( 'NONE', #204, .T. ) ;
#670 = ORIENTED_EDGE ( 'NONE', *, *, #5135, .T. ) ;
#671 = CARTESIAN_POINT ( 'NONE',  ( 1.989999999999999103, 0.6800000000000000488, 0.9400000000000007239 ) ) ;
#672 =( NAMED_UNIT ( * ) SI_UNIT ( $, .STERADIAN. ) SOLID_ANGLE_UNIT ( ) );
#673 = ORIENTED_EDGE ( 'NONE', *, *, #5558, .T. ) ;
#674 = PRESENTATION_LAYER_ASSIGNMENT (  '', '', ( #9702 ) ) ;
#675 = VERTEX_POINT ( 'NONE', #8296 ) ;
#676 = UNCERTAINTY_MEASURE_WITH_UNIT (LENGTH_MEASURE( 1.000000000000000082E-05 ), #156, 'distance_accuracy_value', 'NONE');
#677 = LINE ( 'NONE', #9215, #8799 ) ;
#678 = FILL_AREA_STYLE ('',( #1267 ) ) ;
#679 = SURFACE_STYLE_USAGE ( .BOTH. , #577 ) ;
#680 = COLOUR_RGB ( '',1.000000000000000000, 0.9490196078431372140, 0.9098039215686274384 ) ;
#681 = VECTOR ( 'NONE', #9099, 1000.000000000000000 ) ;
#682 = CARTESIAN_POINT ( 'NONE',  ( -0.9074338499373238998, 0.8000000000000000444, 0.1806999403873345567 ) ) ;
#683 = CIRCLE ( 'NONE', #2005, 0.2999999999999999334 ) ;
#684 = CARTESIAN_POINT ( 'NONE',  ( 1.312133333189598794, 0.8000000000000002665, -0.2866069275992829679 ) ) ;
#685 = CARTESIAN_POINT ( 'NONE',  ( -0.9009800310819833236, 0.7999999999999999334, -0.2680366577904280123 ) ) ;
#686 = CARTESIAN_POINT ( 'NONE',  ( 0.9154359647753544937, 0.8100000000000002753, 0.01036776518324370767 ) ) ;
#687 = VERTEX_POINT ( 'NONE', #1992 ) ;
#688 = UNCERTAINTY_MEASURE_WITH_UNIT (LENGTH_MEASURE( 1.000000000000000082E-05 ), #372, 'distance_accuracy_value', 'NONE');
#689 = CARTESIAN_POINT ( 'NONE',  ( -0.7815749861026538570, 0.8000000000000000444, 0.2691964651244743711 ) ) ;
#690 = MECHANICAL_DESIGN_GEOMETRIC_PRESENTATION_REPRESENTATION (  '', ( #8236 ), #6424 ) ;
#691 = STYLED_ITEM ( 'NONE', ( #6565 ), #8859 ) ;
#692 =( NAMED_UNIT ( * ) PLANE_ANGLE_UNIT ( ) SI_UNIT ( $, .RADIAN. ) );
#693 = PRESENTATION_STYLE_ASSIGNMENT (( #7721 ) ) ;
#694 = FACE_OUTER_BOUND ( 'NONE', #3759, .T. ) ;
#695 = EDGE_CURVE ( 'NONE', #3487, #9756, #9862, .T. ) ;
#696 = SURFACE_SIDE_STYLE ('',( #8447 ) ) ;
#697 = FACE_OUTER_BOUND ( 'NONE', #7851, .T. ) ;
#698 = VECTOR ( 'NONE', #9489, 1000.000000000000000 ) ;
#699 = CARTESIAN_POINT ( 'NONE',  ( 1.800000000000001821, 0.05000000000000000278, 1.249999999999998668 ) ) ;
#700 = EDGE_CURVE ( 'NONE', #4645, #4749, #7563, .T. ) ;
#701 = VECTOR ( 'NONE', #8915, 1000.000000000000000 ) ;
#702 = ADVANCED_FACE ( 'NONE', ( #4585 ), #5406, .F. ) ;
#703 = DIRECTION ( 'NONE',  ( 0.0000000000000000000, 0.0000000000000000000, 1.000000000000000000 ) ) ;
#704 = ORIENTED_EDGE ( 'NONE', *, *, #195, .F. ) ;
#705 =( LENGTH_UNIT ( ) NAMED_UNIT ( * ) SI_UNIT ( .MILLI., .METRE. ) );
#706 = ORIENTED_EDGE ( 'NONE', *, *, #5825, .F. ) ;
#707 =( NAMED_UNIT ( * ) SI_UNIT ( $, .STERADIAN. ) SOLID_ANGLE_UNIT ( ) );
#708 = DIRECTION ( 'NONE',  ( 1.000000000000000000, 0.0000000000000000000, 0.0000000000000000000 ) ) ;
#709 = PRESENTATION_LAYER_ASSIGNMENT (  '', '', ( #5120 ) ) ;
#710 = PRESENTATION_STYLE_ASSIGNMENT (( #6848 ) ) ;
#711 =( LENGTH_UNIT ( ) NAMED_UNIT ( * ) SI_UNIT ( .MILLI., .METRE. ) );
#712 = CARTESIAN_POINT ( 'NONE',  ( -1.499999999999999778, 0.7200000000000001954, 0.8000000000000003775 ) ) ;
#713 = LINE ( 'NONE', #9442, #6946 ) ;
#714 = CARTESIAN_POINT ( 'NONE',  ( 1.063093273430145258, 0.8100000000000001643, -0.3272019010111501536 ) ) ;
#715 = ADVANCED_FACE ( 'NONE', ( #9686 ), #2702, .F. ) ;
#716 = CARTESIAN_POINT ( 'NONE',  ( -0.7524141865341666957, 0.8000000000000002665, -0.2773592022517658018 ) ) ;
#717 = VERTEX_POINT ( 'NONE', #5861 ) ;
#718 = ORIENTED_EDGE ( 'NONE', *, *, #4269, .T. ) ;
#719 =( LENGTH_UNIT ( ) NAMED_UNIT ( * ) SI_UNIT ( .MILLI., .METRE. ) );
#720 = CARTESIAN_POINT ( 'NONE',  ( 1.700000000000001732, 0.6000000000000000888, -1.249999999999996891 ) ) ;
#721 = CARTESIAN_POINT ( 'NONE',  ( -0.2167433822560864420, 0.8100000000000002753, -0.2837098477758566162 ) ) ;
#722 = FACE_OUTER_BOUND ( 'NONE', #8690, .T. ) ;
#723 = CARTESIAN_POINT ( 'NONE',  ( 0.6917269607441336454, 0.8000000000000002665, -0.005188983690432373910 ) ) ;
#724 = SURFACE_STYLE_USAGE ( .BOTH. , #7755 ) ;
#725 = CARTESIAN_POINT ( 'NONE',  ( -0.04513457664301288863, 0.7999999999999999334, -0.002531280794609273681 ) ) ;
#726 = CARTESIAN_POINT ( 'NONE',  ( 0.7577850487813001523, 0.8000000000000001554, -0.1306968765498771612 ) ) ;
#727 = FILL_AREA_STYLE ('',( #2121 ) ) ;
#728 = LINE ( 'NONE', #9349, #2929 ) ;
#729 = ORIENTED_EDGE ( 'NONE', *, *, #6340, .F. ) ;
#730 =( NAMED_UNIT ( * ) PLANE_ANGLE_UNIT ( ) SI_UNIT ( $, .RADIAN. ) );
#731 = ORIENTED_EDGE ( 'NONE', *, *, #3, .F. ) ;
#732 = AXIS2_PLACEMENT_3D ( 'NONE', #1508, #4611, #7699 ) ;
#733 = VERTEX_POINT ( 'NONE', #1271 ) ;
#734 = CARTESIAN_POINT ( 'NONE',  ( -0.2067779081805759256, 0.7999999999999998224, -0.2840502881222789489 ) ) ;
#735 = SURFACE_STYLE_FILL_AREA ( #7088 ) ;
#736 = DIRECTION ( 'NONE',  ( -0.0000000000000000000, -1.000000000000000000, -0.0000000000000000000 ) ) ;
#737 = CARTESIAN_POINT ( 'NONE',  ( 1.000000000000000000, 0.05000000000000000278, -1.149999999999998357 ) ) ;
#738 = PRESENTATION_LAYER_ASSIGNMENT (  '', '', ( #6622 ) ) ;
#739 = DIRECTION ( 'NONE',  ( -0.0000000000000000000, -1.000000000000000000, -0.0000000000000000000 ) ) ;
#740 = CARTESIAN_POINT ( 'NONE',  ( -1.155235700388368203, 0.8100000000000001643, -0.3463879504599410852 ) ) ;
#741 = CARTESIAN_POINT ( 'NONE',  ( 0.7790581307804623767, 0.8100000000000001643, 0.09740263395564298377 ) ) ;
#742 = CARTESIAN_POINT ( 'NONE',  ( 0.9135954684428003736, 0.8100000000000002753, -0.03579541799240900518 ) ) ;
#743 = EDGE_LOOP ( 'NONE', ( #9833, #1924, #6268, #7866 ) ) ;
#744 = PRESENTATION_LAYER_ASSIGNMENT (  '', '', ( #5152 ) ) ;
#745 = CARTESIAN_POINT ( 'NONE',  ( -0.6268609162529799050, 0.8100000000000001643, 0.06388807473244538515 ) ) ;
#746 = DIRECTION ( 'NONE',  ( 0.0000000000000000000, -0.0000000000000000000, 1.000000000000000000 ) ) ;
#747 =( NAMED_UNIT ( * ) SI_UNIT ( $, .STERADIAN. ) SOLID_ANGLE_UNIT ( ) );
#748 = SURFACE_STYLE_FILL_AREA ( #8339 ) ;
#749 = PRESENTATION_STYLE_ASSIGNMENT (( #5402 ) ) ;
#750 = CARTESIAN_POINT ( 'NONE',  ( -0.7184481128831233798, 0.8099999999999999423, -0.2460154612977583366 ) ) ;
#751 = CARTESIAN_POINT ( 'NONE',  ( -1.700000000000001954, 0.0000000000000000000, -1.249999999999998446 ) ) ;
#752 =( GEOMETRIC_REPRESENTATION_CONTEXT ( 3 ) GLOBAL_UNCERTAINTY_ASSIGNED_CONTEXT ( ( #9628 ) ) GLOBAL_UNIT_ASSIGNED_CONTEXT ( ( #8630, #8685, #1608 ) ) REPRESENTATION_CONTEXT ( 'NONE', 'WORKASPACE' ) );
#753 = SURFACE_STYLE_USAGE ( .BOTH. , #7784 ) ;
#754 = CARTESIAN_POINT ( 'NONE',  ( 1.176151798258376235, 0.8000000000000002665, 0.2689056192990023630 ) ) ;
#755 = CARTESIAN_POINT ( 'NONE',  ( -0.1710697419067034319, 0.8099999999999999423, -0.3426888959405315904 ) ) ;
#756 = ORIENTED_EDGE ( 'NONE', *, *, #1795, .F. ) ;
#757 = CARTESIAN_POINT ( 'NONE',  ( 0.6564134517977617822, 0.8000000000000003775, -0.3385644134942614181 ) ) ;
#758 = ORIENTED_EDGE ( 'NONE', *, *, #7348, .F. ) ;
#759 = EDGE_CURVE ( 'NONE', #524, #2266, #9892, .T. ) ;
#760 = CARTESIAN_POINT ( 'NONE',  ( -0.8771651798850761406, 0.8000000000000002665, 0.02750800674804345161 ) ) ;
#761 = VECTOR ( 'NONE', #6534, 1000.000000000000000 ) ;
#762 = CARTESIAN_POINT ( 'NONE',  ( 1.012629237985606112, 0.7999999999999999334, -0.1959487082287743875 ) ) ;
#763 =( LENGTH_UNIT ( ) NAMED_UNIT ( * ) SI_UNIT ( .MILLI., .METRE. ) );
#764 = CYLINDRICAL_SURFACE ( 'NONE', #7069, 0.02000000000000005246 ) ;
#765 = LINE ( 'NONE', #917, #2546 ) ;
#766 = FACE_OUTER_BOUND ( 'NONE', #860, .T. ) ;
#767 = CARTESIAN_POINT ( 'NONE',  ( 1.110311750872668091, 0.8100000000000003864, -0.3417631308354374675 ) ) ;
#768 = DIRECTION ( 'NONE',  ( 0.0000000000000000000, -0.0000000000000000000, 1.000000000000000000 ) ) ;
#769 = CARTESIAN_POINT ( 'NONE',  ( -0.6942421341600300000, 0.8100000000000002753, -0.1829673941784971392 ) ) ;
#770 = VERTEX_POINT ( 'NONE', #5141 ) ;
#771 = CARTESIAN_POINT ( 'NONE',  ( -1.085803825225576391, 0.8100000000000000533, -0.2475199389191114208 ) ) ;
#772 = ORIENTED_EDGE ( 'NONE', *, *, #3575, .T. ) ;
#773 = CARTESIAN_POINT ( 'NONE',  ( -1.237053882206550215, 0.8000000000000001554, 0.1912743872023965064 ) ) ;
#774 = ADVANCED_FACE ( 'NONE', ( #9785 ), #8190, .T. ) ;
#775 = STYLED_ITEM ( 'NONE', ( #1228 ), #4443 ) ;
#776 =( NAMED_UNIT ( * ) SI_UNIT ( $, .STERADIAN. ) SOLID_ANGLE_UNIT ( ) );
#777 = CARTESIAN_POINT ( 'NONE',  ( -0.1086397732177001585, 0.8100000000000001643, 0.02693884005071236695 ) ) ;
#778 = CARTESIAN_POINT ( 'NONE',  ( 0.4928162476635793987, 0.8100000000000001643, -0.003530807602798561890 ) ) ;
#779 = CARTESIAN_POINT ( 'NONE',  ( 0.7500828611045904371, 0.8000000000000000444, -0.2291685178030359871 ) ) ;
#780 = ORIENTED_EDGE ( 'NONE', *, *, #7862, .T. ) ;
#781 = CARTESIAN_POINT ( 'NONE',  ( -0.8969255993345039979, 0.8000000000000003775, 0.1997994325227886725 ) ) ;
#782 = SURFACE_SIDE_STYLE ('',( #4669 ) ) ;
#783 = ORIENTED_EDGE ( 'NONE', *, *, #5019, .F. ) ;
#784 = ORIENTED_EDGE ( 'NONE', *, *, #1703, .F. ) ;
#785 = UNCERTAINTY_MEASURE_WITH_UNIT (LENGTH_MEASURE( 1.000000000000000082E-05 ), #5380, 'distance_accuracy_value', 'NONE');
#786 =( GEOMETRIC_REPRESENTATION_CONTEXT ( 3 ) GLOBAL_UNCERTAINTY_ASSIGNED_CONTEXT ( ( #4054 ) ) GLOBAL_UNIT_ASSIGNED_CONTEXT ( ( #8696, #253, #9577 ) ) REPRESENTATION_CONTEXT ( 'NONE', 'WORKASPACE' ) );
#787 = CARTESIAN_POINT ( 'NONE',  ( -0.2031939353641421253, 0.8000000000000000444, -0.2839201605220321722 ) ) ;
#788 =( NAMED_UNIT ( * ) SI_UNIT ( $, .STERADIAN. ) SOLID_ANGLE_UNIT ( ) );
#789 = CARTESIAN_POINT ( 'NONE',  ( -1.313087256074006337, 0.7999999999999999334, -0.1884348678752309214 ) ) ;
#790 = DIRECTION ( 'NONE',  ( 0.0000000000000000000, 0.0000000000000000000, -1.000000000000000000 ) ) ;
#791 = LINE ( 'NONE', #3908, #2637 ) ;
#792 = DIRECTION ( 'NONE',  ( 0.0000000000000000000, 0.0000000000000000000, -1.000000000000000000 ) ) ;
#793 = FILL_AREA_STYLE ('',( #6216 ) ) ;
#794 = FILL_AREA_STYLE ('',( #3861 ) ) ;
#795 = CARTESIAN_POINT ( 'NONE',  ( 0.6876214424687742133, 0.8100000000000001643, -0.007426911498902444980 ) ) ;
#796 = CARTESIAN_POINT ( 'NONE',  ( 0.9388917746557573496, 0.8100000000000001643, 0.1114449333602981901 ) ) ;
#797 = VECTOR ( 'NONE', #476, 1000.000000000000000 ) ;
#798 = VERTEX_POINT ( 'NONE', #2855 ) ;
#799 = UNCERTAINTY_MEASURE_WITH_UNIT (LENGTH_MEASURE( 1.000000000000000082E-05 ), #6836, 'distance_accuracy_value', 'NONE');
#800 = SURFACE_STYLE_FILL_AREA ( #7826 ) ;
#801 = CARTESIAN_POINT ( 'NONE',  ( -1.900000000000001688, 0.0000000000000000000, -0.9499999999999996225 ) ) ;
#802 =( NAMED_UNIT ( * ) PLANE_ANGLE_UNIT ( ) SI_UNIT ( $, .RADIAN. ) );
#803 = DIRECTION ( 'NONE',  ( 0.0000000000000000000, 0.0000000000000000000, -1.000000000000000000 ) ) ;
#804 = CARTESIAN_POINT ( 'NONE',  ( 1.306613506868269381, 0.8000000000000001554, 0.1418142013642303689 ) ) ;
#805 = B_SPLINE_SURFACE_WITH_KNOTS ( 'NONE', 3, 1, ( 
 ( #9287, #8567 ),
 ( #6240, #9391 ),
 ( #2263, #5525 ),
 ( #5366, #1495 ),
 ( #4598, #8616 ),
 ( #1597, #5771 ),
 ( #8967, #4958 ),
 ( #8868, #8006 ),
 ( #9648, #1129 ),
 ( #1944, #6496 ),
 ( #9599, #3341 ),
 ( #6451, #9751 ),
 ( #5670, #2608 ),
 ( #5723, #7433 ),
 ( #8764, #4086 ),
 ( #8107, #8918 ),
 ( #8156, #7220 ),
 ( #6544, #3388 ),
 ( #1845, #9699 ) ),
 .UNSPECIFIED., .F., .F., .F.,
 ( 4, 1, 1, 1, 1, 1, 1, 1, 1, 1, 1, 1, 1, 1, 1, 1, 4 ),
 ( 2, 2 ),
 ( 0.0000000000000000000, 0.05985224496631930124, 0.1158501825732325269, 0.1680547040294606276, 0.2161180431589298512, 0.2610118761141630994, 0.3017005350743524605, 0.3395513937865921594, 0.3741494140313386674, 0.4409217388506971314, 0.5093036065035168036, 0.5813476461771194259, 0.6588159290301263127, 0.7397618146383355686, 0.8226907320287816239, 0.9090121494528967672, 1.000000000000000000 ),
 ( 0.0000000000000000000, 1.000000000000000000 ),
 .UNSPECIFIED. ) ;
#806 = CARTESIAN_POINT ( 'NONE',  ( -0.8121629569987387498, 0.7999999999999999334, -0.2771381956654684897 ) ) ;
#807 = LINE ( 'NONE', #2403, #1389 ) ;
#808 = EDGE_LOOP ( 'NONE', ( #6143, #4126, #7439, #3289 ) ) ;
#809 = CARTESIAN_POINT ( 'NONE',  ( 0.7677126181304761987, 0.8000000000000001554, 0.07666891397549885356 ) ) ;
#810 = ORIENTED_EDGE ( 'NONE', *, *, #3522, .F. ) ;
#811 = CARTESIAN_POINT ( 'NONE',  ( -0.6214694666221345365, 0.8000000000000001554, -0.03835223617422683917 ) ) ;
#812 = B_SPLINE_CURVE_WITH_KNOTS ( 'NONE', 3,
 ( #9510, #2378, #6410, #6359, #9405, #3241, #9566, #779, #4869, #5586, #7188, #3143, #7860, #8778, #2429, #7018, #9458, #831, #1805 ),
 .UNSPECIFIED., .F., .F.,
 ( 4, 1, 1, 1, 1, 1, 1, 1, 1, 1, 1, 1, 1, 1, 1, 1, 4 ),
 ( 0.0000000000000000000, 0.06530907536844211825, 0.1273217568405940747, 0.1874334827377978074, 0.2446927594108413428, 0.3011153301794989856, 0.3560564563120360848, 0.4119286898836274635, 0.4679210221140056025, 0.5247090985724103263, 0.5832996787803078620, 0.6436255801513798280, 0.7076339532428078671, 0.7743110769564426343, 0.8449335190726053879, 0.9200651301249338498, 1.000000000000000000 ),
 .UNSPECIFIED. ) ;
#813 = CARTESIAN_POINT ( 'NONE',  ( -1.186680192410700441, 0.8000000000000003775, -0.2797769967080833697 ) ) ;
#814 = CARTESIAN_POINT ( 'NONE',  ( 0.5723211177934495186, 0.8100000000000001643, -0.003530807602798561890 ) ) ;
#815 =( NAMED_UNIT ( * ) PLANE_ANGLE_UNIT ( ) SI_UNIT ( $, .RADIAN. ) );
#816 = EDGE_CURVE ( 'NONE', #6385, #524, #5971, .T. ) ;
#817 = CARTESIAN_POINT ( 'NONE',  ( 1.162946117793449696, 0.8100000000000001643, -0.3463879504599414183 ) ) ;
#818 = LINE ( 'NONE', #8765, #7971 ) ;
#819 = EDGE_LOOP ( 'NONE', ( #3147, #2864, #7607, #8441 ) ) ;
#820 = VERTEX_POINT ( 'NONE', #1326 ) ;
#821 = FACE_BOUND ( 'NONE', #3976, .T. ) ;
#822 = MECHANICAL_DESIGN_GEOMETRIC_PRESENTATION_REPRESENTATION (  '', ( #3917 ), #7374 ) ;
#823 = CARTESIAN_POINT ( 'NONE',  ( 1.169980714853273263, 0.8100000000000001643, 0.1988561671382886031 ) ) ;
#824 = DIRECTION ( 'NONE',  ( -0.0000000000000000000, -1.000000000000000000, -0.0000000000000000000 ) ) ;
#825 = CARTESIAN_POINT ( 'NONE',  ( -0.2916972305985303660, 0.8100000000000003864, -0.1818803336141378568 ) ) ;
#826 = CARTESIAN_POINT ( 'NONE',  ( 0.5723211177934495186, 0.8000000000000001554, -0.003530807602798561890 ) ) ;
#827 = DIRECTION ( 'NONE',  ( -0.0000000000000000000, 0.0000000000000000000, 1.000000000000000000 ) ) ;
#828 =( LENGTH_UNIT ( ) NAMED_UNIT ( * ) SI_UNIT ( .MILLI., .METRE. ) );
#829 = VECTOR ( 'NONE', #803, 1000.000000000000000 ) ;
#830 = CARTESIAN_POINT ( 'NONE',  ( 0.4928162476635793987, 0.8000000000000001554, -0.2684658725378634703 ) ) ;
#831 = CARTESIAN_POINT ( 'NONE',  ( 0.6596622990490284000, 0.8000000000000001554, -0.2684129298579812639 ) ) ;
#832 = CARTESIAN_POINT ( 'NONE',  ( 1.700000000000000844, 0.6100000000000000977, 1.199999999999998401 ) ) ;
#833 = ORIENTED_EDGE ( 'NONE', *, *, #1295, .T. ) ;
#834 = CARTESIAN_POINT ( 'NONE',  ( 1.152634989785251696, 0.8100000000000001643, -0.2761984016107592588 ) ) ;
#835 = ADVANCED_FACE ( 'NONE', ( #5915 ), #8333, .F. ) ;
#836 = ORIENTED_EDGE ( 'NONE', *, *, #883, .T. ) ;
#837 = FACE_OUTER_BOUND ( 'NONE', #4400, .T. ) ;
#838 = CARTESIAN_POINT ( 'NONE',  ( 1.700000000000002176, 0.0000000000000000000, 1.149999999999998801 ) ) ;
#839 = CARTESIAN_POINT ( 'NONE',  ( -1.314975960128627941, 0.8100000000000001643, -0.1671671712391619158 ) ) ;
#840 =( LENGTH_UNIT ( ) NAMED_UNIT ( * ) SI_UNIT ( .MILLI., .METRE. ) );
#841 = EDGE_CURVE ( 'NONE', #8373, #4788, #3477, .T. ) ;
#842 = CARTESIAN_POINT ( 'NONE',  ( -0.1985222844498585881, 0.7999999999999999334, 0.2689719191907268270 ) ) ;
#843 = DIRECTION ( 'NONE',  ( 0.0000000000000000000, 0.0000000000000000000, 1.000000000000000000 ) ) ;
#844 = DIRECTION ( 'NONE',  ( 1.000000000000000000, 0.0000000000000000000, 0.0000000000000000000 ) ) ;
#845 = CARTESIAN_POINT ( 'NONE',  ( 0.6876214424687742133, 0.8100000000000001643, -0.007426911498902444980 ) ) ;
#846 = ORIENTED_EDGE ( 'NONE', *, *, #6479, .T. ) ;
#847 = CARTESIAN_POINT ( 'NONE',  ( -1.899999999999999911, 0.0000000000000000000, -0.3500000000000001998 ) ) ;
#848 = VECTOR ( 'NONE', #2449, 1000.000000000000000 ) ;
#849 = VECTOR ( 'NONE', #5692, 1000.000000000000000 ) ;
#850 = AXIS2_PLACEMENT_3D ( 'NONE', #6082, #2190, #8445 ) ;
#851 = CARTESIAN_POINT ( 'NONE',  ( -1.899999999999999911, 0.05000000000000000278, 0.3500000000000004219 ) ) ;
#852 = DIRECTION ( 'NONE',  ( -0.0000000000000000000, -1.000000000000000000, -0.0000000000000000000 ) ) ;
#853 = CARTESIAN_POINT ( 'NONE',  ( -1.499999999999999778, 0.7200000000000001954, 1.100000000000000311 ) ) ;
#854 = MECHANICAL_DESIGN_GEOMETRIC_PRESENTATION_REPRESENTATION (  '', ( #9222 ), #9880 ) ;
#855 = CARTESIAN_POINT ( 'NONE',  ( -1.003597329134071403, 0.8000000000000000444, -0.1638129714342986265 ) ) ;
#856 = ORIENTED_EDGE ( 'NONE', *, *, #639, .T. ) ;
#857 = PRESENTATION_LAYER_ASSIGNMENT (  '', '', ( #2661 ) ) ;
#858 = AXIS2_PLACEMENT_3D ( 'NONE', #8315, #7501, #7456 ) ;
#859 = CARTESIAN_POINT ( 'NONE',  ( 0.7414669201178065716, 0.8100000000000001643, 0.03824852833896076609 ) ) ;
#860 = EDGE_LOOP ( 'NONE', ( #2942, #4234, #10163, #8834 ) ) ;
#861 = DIRECTION ( 'NONE',  ( 0.0000000000000000000, 0.0000000000000000000, -1.000000000000000000 ) ) ;
#862 = CARTESIAN_POINT ( 'NONE',  ( 0.7192805436847531375, 0.8100000000000007194, 0.01302893385769464396 ) ) ;
#863 = CARTESIAN_POINT ( 'NONE',  ( 0.9761493331948322139, 0.8100000000000002753, -0.05727748738160613057 ) ) ;
#864 = SURFACE_STYLE_USAGE ( .BOTH. , #2602 ) ;
#865 = MECHANICAL_DESIGN_GEOMETRIC_PRESENTATION_REPRESENTATION (  '', ( #4449 ), #5281 ) ;
#866 = CARTESIAN_POINT ( 'NONE',  ( -0.7184481128831233798, 0.7999999999999999334, -0.2460154612977583366 ) ) ;
#867 = CARTESIAN_POINT ( 'NONE',  ( 1.500000000000000222, 0.7800000000000001377, -1.080000000000000071 ) ) ;
#868 = DIRECTION ( 'NONE',  ( -0.0000000000000000000, -1.000000000000000000, -0.0000000000000000000 ) ) ;
#869 = ORIENTED_EDGE ( 'NONE', *, *, #6627, .T. ) ;
#870 = CARTESIAN_POINT ( 'NONE',  ( -1.089372771033901621, 0.8100000000000002753, -0.3337852312038583902 ) ) ;
#871 = EDGE_LOOP ( 'NONE', ( #5464, #4381, #4014, #7179 ) ) ;
#872 = EDGE_CURVE ( 'NONE', #1184, #4996, #4163, .T. ) ;
#873 = CARTESIAN_POINT ( 'NONE',  ( 1.224461684604282175, 0.8100000000000002753, 0.1890593851361103139 ) ) ;
#874 = SURFACE_SIDE_STYLE ('',( #3891 ) ) ;
#875 = CARTESIAN_POINT ( 'NONE',  ( 0.6996425583045730034, 0.8000000000000002665, 0.08446030330299339473 ) ) ;
#876 = CARTESIAN_POINT ( 'NONE',  ( -1.079837341215092783, 0.8000000000000001554, -0.1149814546438496510 ) ) ;
#877 = MECHANICAL_DESIGN_GEOMETRIC_PRESENTATION_REPRESENTATION (  '', ( #374 ), #2848 ) ;
#878 = CARTESIAN_POINT ( 'NONE',  ( 1.950000000000001510, 0.05000000000000000278, -0.9499999999999991784 ) ) ;
#879 = CARTESIAN_POINT ( 'NONE',  ( 1.015384287448396705, 0.8100000000000002753, 0.1241066884129952280 ) ) ;
#880 = CARTESIAN_POINT ( 'NONE',  ( 1.161117306891597201, 0.8100000000000001643, 0.2690573880450771727 ) ) ;
#881 = EDGE_LOOP ( 'NONE', ( #5397, #287, #7809, #8875 ) ) ;
#882 = CARTESIAN_POINT ( 'NONE',  ( 1.027529648767607107, 0.8100000000000000533, -0.2176970336805246209 ) ) ;
#883 = EDGE_CURVE ( 'NONE', #3487, #4788, #6616, .T. ) ;
#884 = EDGE_LOOP ( 'NONE', ( #1342, #9958, #8183, #9080 ) ) ;
#885 = UNCERTAINTY_MEASURE_WITH_UNIT (LENGTH_MEASURE( 1.000000000000000082E-05 ), #8751, 'distance_accuracy_value', 'NONE');
#886 = ADVANCED_FACE ( 'NONE', ( #3455 ), #5025, .F. ) ;
#887 = CARTESIAN_POINT ( 'NONE',  ( -1.079837341215092783, 0.8000000000000002665, -0.1149814546438496510 ) ) ;
#888 = CARTESIAN_POINT ( 'NONE',  ( -0.2106105758494173086, 0.8000000000000000444, -0.3461633348896595019 ) ) ;
#889 = CARTESIAN_POINT ( 'NONE',  ( 1.700000000000001732, 0.6000000000000000888, 1.249999999999996891 ) ) ;
#890 = SURFACE_STYLE_FILL_AREA ( #9576 ) ;
#891 = CARTESIAN_POINT ( 'NONE',  ( -0.04494416863580265320, 0.7999999999999999334, -0.02617395842293018457 ) ) ;
#892 = CARTESIAN_POINT ( 'NONE',  ( 1.162946117793449696, 0.8100000000000001643, -0.3463879504599414183 ) ) ;
#893 = VECTOR ( 'NONE', #3639, 1000.000000000000000 ) ;
#894 = ORIENTED_EDGE ( 'NONE', *, *, #2339, .F. ) ;
#895 = UNCERTAINTY_MEASURE_WITH_UNIT (LENGTH_MEASURE( 1.000000000000000082E-05 ), #6682, 'distance_accuracy_value', 'NONE');
#896 = PLANE ( 'NONE',  #7673 ) ;
#897 = ADVANCED_FACE ( 'NONE', ( #8076 ), #8174, .T. ) ;
#898 = MECHANICAL_DESIGN_GEOMETRIC_PRESENTATION_REPRESENTATION (  '', ( #7285 ), #8115 ) ;
#899 = EDGE_CURVE ( 'NONE', #392, #9291, #5999, .T. ) ;
#900 = B_SPLINE_CURVE_WITH_KNOTS ( 'NONE', 3,
 ( #921, #2416, #5529, #1644, #7902, #870, #8010, #7223, #4041, #2563, #977, #5675, #9021, #5820, #5726, #4287, #1995, #4379, #3569 ),
 .UNSPECIFIED., .F., .F.,
 ( 4, 1, 1, 1, 1, 1, 1, 1, 1, 1, 1, 1, 1, 1, 1, 1, 4 ),
 ( 0.0000000000000000000, 0.07133228985794455579, 0.1388958156871631378, 0.2034988017624053680, 0.2655744281511023264, 0.3261113280733823894, 0.3858171053500061287, 0.4463917700294981472, 0.5084802891263529023, 0.5706939126317532862, 0.6319667592224011976, 0.6929271638024896429, 0.7531516009051347771, 0.8133874286904341222, 0.8747255554125501487, 0.9368306469157047234, 1.000000000000000000 ),
 .UNSPECIFIED. ) ;
#901 = PLANE ( 'NONE',  #1360 ) ;
#902 = CARTESIAN_POINT ( 'NONE',  ( 1.500000000000000222, 0.8000000000000001554, 1.079999999999999849 ) ) ;
#903 = SURFACE_STYLE_FILL_AREA ( #1730 ) ;
#904 = DIRECTION ( 'NONE',  ( 1.000000000000000000, -0.0000000000000000000, 1.807003620809173646E-16 ) ) ;
#905 = MECHANICAL_DESIGN_GEOMETRIC_PRESENTATION_REPRESENTATION (  '', ( #2064 ), #9605 ) ;
#906 = CARTESIAN_POINT ( 'NONE',  ( -1.032652843012795918, 0.7999999999999999334, -0.06656928102479039988 ) ) ;
#907 = ORIENTED_EDGE ( 'NONE', *, *, #6024, .T. ) ;
#908 = CARTESIAN_POINT ( 'NONE',  ( 0.7790581307804623767, 0.8000000000000001554, 0.09740263395564298377 ) ) ;
#909 = ORIENTED_EDGE ( 'NONE', *, *, #323, .F. ) ;
#910 = PLANE ( 'NONE',  #3247 ) ;
#911 = EDGE_CURVE ( 'NONE', #1781, #4390, #6858, .T. ) ;
#912 = CARTESIAN_POINT ( 'NONE',  ( -0.6988088592396815013, 0.8099999999999998312, 0.1246360452344276865 ) ) ;
#913 = DIRECTION ( 'NONE',  ( -0.0000000000000000000, -1.000000000000000000, -0.0000000000000000000 ) ) ;
#914 = CARTESIAN_POINT ( 'NONE',  ( 1.500000000000000222, 0.8000000000000001554, -1.100000000000000089 ) ) ;
#915 = VECTOR ( 'NONE', #7339, 1000.000000000000000 ) ;
#916 = CARTESIAN_POINT ( 'NONE',  ( -1.157549012076679817, 0.8100000000000001643, -0.2840502881222787268 ) ) ;
#917 = CARTESIAN_POINT ( 'NONE',  ( 1.989999999999998659, 0.6100000000000000977, -1.239999999999999991 ) ) ;
#918 = CARTESIAN_POINT ( 'NONE',  ( -0.6942421341600300000, 0.8000000000000001554, -0.1829673941784971392 ) ) ;
#919 = CARTESIAN_POINT ( 'NONE',  ( 0.9648083971232450651, 0.8100000000000000533, -0.2391418420717318638 ) ) ;
#920 = ORIENTED_EDGE ( 'NONE', *, *, #4504, .F. ) ;
#921 = CARTESIAN_POINT ( 'NONE',  ( -1.155235700388368203, 0.8100000000000001643, -0.3463879504599410852 ) ) ;
#922 = ORIENTED_EDGE ( 'NONE', *, *, #9261, .F. ) ;
#923 =( GEOMETRIC_REPRESENTATION_CONTEXT ( 3 ) GLOBAL_UNCERTAINTY_ASSIGNED_CONTEXT ( ( #6724 ) ) GLOBAL_UNIT_ASSIGNED_CONTEXT ( ( #10161, #4038, #7173 ) ) REPRESENTATION_CONTEXT ( 'NONE', 'WORKASPACE' ) );
#924 = FILL_AREA_STYLE_COLOUR ( '', #3412 ) ;
#925 = CARTESIAN_POINT ( 'NONE',  ( -0.8749888094583874176, 0.8099999999999999423, 0.05650560644631889146 ) ) ;
#926 = DIRECTION ( 'NONE',  ( 0.0000000000000000000, 0.0000000000000000000, 1.000000000000000000 ) ) ;
#927 = DIRECTION ( 'NONE',  ( 1.000000000000000000, 0.0000000000000000000, 0.0000000000000000000 ) ) ;
#928 = CARTESIAN_POINT ( 'NONE',  ( -0.8635637037226778778, 0.8100000000000000533, 0.1256072252334962114 ) ) ;
#929 = CARTESIAN_POINT ( 'NONE',  ( -1.066571073958949789, 0.7999999999999999334, -0.1585169561894177737 ) ) ;
#930 = CARTESIAN_POINT ( 'NONE',  ( -0.1710697419067034319, 0.8099999999999999423, -0.3426888959405315904 ) ) ;
#931 = CARTESIAN_POINT ( 'NONE',  ( 1.800000000000000266, 0.8000000000000001554, 1.099999999999999867 ) ) ;
#932 = FILL_AREA_STYLE_COLOUR ( '', #1416 ) ;
#933 = CARTESIAN_POINT ( 'NONE',  ( 0.9467465098882218433, 0.8100000000000001643, 0.1290100557762437206 ) ) ;
#934 = ORIENTED_EDGE ( 'NONE', *, *, #7360, .F. ) ;
#935 = FACE_BOUND ( 'NONE', #9471, .T. ) ;
#936 = ORIENTED_EDGE ( 'NONE', *, *, #2818, .T. ) ;
#937 = PRESENTATION_LAYER_ASSIGNMENT (  '', '', ( #2744 ) ) ;
#938 = CARTESIAN_POINT ( 'NONE',  ( -1.199797388700056588, 0.8000000000000001554, 0.03871756902057833793 ) ) ;
#939 =( NAMED_UNIT ( * ) PLANE_ANGLE_UNIT ( ) SI_UNIT ( $, .RADIAN. ) );
#940 =( LENGTH_UNIT ( ) NAMED_UNIT ( * ) SI_UNIT ( .MILLI., .METRE. ) );
#941 = CARTESIAN_POINT ( 'NONE',  ( 0.7244069202362711790, 0.8000000000000001554, 0.01815664010286468372 ) ) ;
#942 = CARTESIAN_POINT ( 'NONE',  ( -0.2031939353641421253, 0.8100000000000000533, -0.2839201605220321722 ) ) ;
#943 = MECHANICAL_DESIGN_GEOMETRIC_PRESENTATION_REPRESENTATION (  '', ( #6331 ), #8965 ) ;
#944 = CARTESIAN_POINT ( 'NONE',  ( -0.05023753962960290226, 0.7999999999999997113, 0.06388807473244513535 ) ) ;
#945 = CARTESIAN_POINT ( 'NONE',  ( -1.010441940208435918, 0.8100000000000000533, -0.1213050910843154473 ) ) ;
#946 = CARTESIAN_POINT ( 'NONE',  ( -0.05136737768440266527, 0.7999999999999998224, -0.1507744555896411154 ) ) ;
#947 = CARTESIAN_POINT ( 'NONE',  ( -1.899999999999999911, 0.0000000000000000000, -0.3500000000000001998 ) ) ;
#948 = CARTESIAN_POINT ( 'NONE',  ( -1.950000000000001510, 0.6100000000000000977, 0.9500000000000002887 ) ) ;
#949 = ORIENTED_EDGE ( 'NONE', *, *, #6009, .T. ) ;
#950 = AXIS2_PLACEMENT_3D ( 'NONE', #2912, #9182, #6646 ) ;
#951 =( NAMED_UNIT ( * ) PLANE_ANGLE_UNIT ( ) SI_UNIT ( $, .RADIAN. ) );
#952 = B_SPLINE_SURFACE_WITH_KNOTS ( 'NONE', 3, 1, ( 
 ( #42, #8523 ),
 ( #3196, #6156 ),
 ( #7912, #5430 ),
 ( #8576, #3090 ),
 ( #6353, #875 ),
 ( #4661, #9453 ),
 ( #1604, #6915 ),
 ( #10075, #2477 ),
 ( #1505, #4609 ),
 ( #3237, #6200 ),
 ( #1559, #7803 ),
 ( #3996, #2425 ),
 ( #5534, #3139 ),
 ( #3892, #7013 ),
 ( #10168, #5582 ),
 ( #8682, #9293 ),
 ( #6249, #7123 ),
 ( #4716, #9506 ),
 ( #7857, #826 ) ),
 .UNSPECIFIED., .F., .F., .F.,
 ( 4, 1, 1, 1, 1, 1, 1, 1, 1, 1, 1, 1, 1, 1, 1, 1, 4 ),
 ( 2, 2 ),
 ( 0.0000000000000000000, 0.09271838391615594421, 0.1773481332663467136, 0.2543879671796642761, 0.3238568361267518680, 0.3850206300216937327, 0.4385241832466181822, 0.4842700179554694229, 0.5230091041826850917, 0.5888690327072266806, 0.6486465551574905897, 0.7026051532667252353, 0.7518983449257141682, 0.8022673283977449499, 0.8601999370051005567, 0.9255668725398232821, 1.000000000000000000 ),
 ( 0.0000000000000000000, 1.000000000000000000 ),
 .UNSPECIFIED. ) ;
#953 = FACE_OUTER_BOUND ( 'NONE', #8517, .T. ) ;
#954 = DIRECTION ( 'NONE',  ( 2.168404344971003346E-15, 0.0000000000000000000, -1.000000000000000000 ) ) ;
#955 = CARTESIAN_POINT ( 'NONE',  ( 1.127330800443442804, 0.7999999999999999334, -0.3443611276446450487 ) ) ;
#956 = DIRECTION ( 'NONE',  ( -1.000000000000000000, 0.0000000000000000000, 0.0000000000000000000 ) ) ;
#957 = DIRECTION ( 'NONE',  ( -3.252606517456515274E-15, -0.0000000000000000000, -1.000000000000000000 ) ) ;
#958 = CARTESIAN_POINT ( 'NONE',  ( -0.8786123237649915430, 0.8000000000000001554, -0.03859574266773335011 ) ) ;
#959 = CARTESIAN_POINT ( 'NONE',  ( 0.7810207977001797364, 0.8100000000000001643, -0.3008827269886706346 ) ) ;
#960 = EDGE_LOOP ( 'NONE', ( #6706, #8924, #2110, #2564 ) ) ;
#961 = DIRECTION ( 'NONE',  ( -0.0000000000000000000, -1.000000000000000000, -0.0000000000000000000 ) ) ;
#962 = EDGE_CURVE ( 'NONE', #4937, #7955, #7645, .T. ) ;
#963 = EDGE_CURVE ( 'NONE', #7707, #9944, #9197, .T. ) ;
#964 = ORIENTED_EDGE ( 'NONE', *, *, #4518, .F. ) ;
#965 = PRESENTATION_STYLE_ASSIGNMENT (( #7999 ) ) ;
#966 = CIRCLE ( 'NONE', #9821, 0.2999999999999999334 ) ;
#967 = CARTESIAN_POINT ( 'NONE',  ( -0.6904621045877421537, 0.8100000000000004974, 0.08164627790778986038 ) ) ;
#968 = CARTESIAN_POINT ( 'NONE',  ( -1.242437256011783786, 0.8000000000000001554, -0.2236757291887003507 ) ) ;
#969 = CARTESIAN_POINT ( 'NONE',  ( -0.3019889471416148941, 0.8100000000000001643, -0.03859574266773356521 ) ) ;
#970 = SURFACE_STYLE_FILL_AREA ( #2462 ) ;
#971 = CARTESIAN_POINT ( 'NONE',  ( -1.203873640063118478, 0.8100000000000000533, -0.2716298549365559478 ) ) ;
#972 = CARTESIAN_POINT ( 'NONE',  ( -1.950000000000001954, 0.05000000000000000278, -0.9499999999999996225 ) ) ;
#973 = EDGE_CURVE ( 'NONE', #10027, #379, #1361, .T. ) ;
#974 = DIRECTION ( 'NONE',  ( -1.000000000000000000, 0.0000000000000000000, -0.0000000000000000000 ) ) ;
#975 = PLANE ( 'NONE',  #8186 ) ;
#976 = ORIENTED_EDGE ( 'NONE', *, *, #4250, .T. ) ;
#977 = CARTESIAN_POINT ( 'NONE',  ( -1.032612786634855118, 0.8100000000000000533, -0.2821608040763492475 ) ) ;
#978 = ORIENTED_EDGE ( 'NONE', *, *, #2948, .F. ) ;
#979 =( LENGTH_UNIT ( ) NAMED_UNIT ( * ) SI_UNIT ( .MILLI., .METRE. ) );
#980 = ORIENTED_EDGE ( 'NONE', *, *, #5839, .T. ) ;
#981 = CARTESIAN_POINT ( 'NONE',  ( -0.7443341227050696007, 0.8000000000000001554, 0.2648219046847185010 ) ) ;
#982 = CARTESIAN_POINT ( 'NONE',  ( -0.7600374193871894946, 0.8000000000000000444, 0.2038730212101721728 ) ) ;
#983 = CARTESIAN_POINT ( 'NONE',  ( -0.8681792007788928789, 0.8100000000000000533, 0.1055331639106952685 ) ) ;
#984 = CARTESIAN_POINT ( 'NONE',  ( -1.145983941985674770, 0.7999999999999998224, -0.01907317185959968991 ) ) ;
#985 = CARTESIAN_POINT ( 'NONE',  ( -0.1997799725180163799, 0.8100000000000001643, 0.2067437273318466218 ) ) ;
#986 = CARTESIAN_POINT ( 'NONE',  ( 0.9827934057533194157, 0.8100000000000001643, 0.04196402852999377847 ) ) ;
#987 = CARTESIAN_POINT ( 'NONE',  ( 1.167085728183060001, 0.8000000000000001554, 0.2691964651244740936 ) ) ;
#988 = ORIENTED_EDGE ( 'NONE', *, *, #5838, .T. ) ;
#989 = CARTESIAN_POINT ( 'NONE',  ( 0.9816857853533632605, 0.8100000000000003864, -0.1103967059749652035 ) ) ;
#990 = STYLED_ITEM ( 'NONE', ( #8605 ), #7214 ) ;
#991 = ORIENTED_EDGE ( 'NONE', *, *, #8930, .F. ) ;
#992 = UNCERTAINTY_MEASURE_WITH_UNIT (LENGTH_MEASURE( 1.000000000000000082E-05 ), #4614, 'distance_accuracy_value', 'NONE');
#993 =( NAMED_UNIT ( * ) PLANE_ANGLE_UNIT ( ) SI_UNIT ( $, .RADIAN. ) );
#994 =( LENGTH_UNIT ( ) NAMED_UNIT ( * ) SI_UNIT ( .MILLI., .METRE. ) );
#995 = CARTESIAN_POINT ( 'NONE',  ( -1.144399661427329296, 0.8100000000000001643, 0.07475653005953937502 ) ) ;
#996 = B_SPLINE_CURVE_WITH_KNOTS ( 'NONE', 3,
 ( #7551, #2117, #6860, #4556, #1363, #511, #3638, #6759, #2881, #8366, #10022, #9040, #9255, #2220, #6001, #5227, #6961, #8043, #1689 ),
 .UNSPECIFIED., .F., .F.,
 ( 4, 1, 1, 1, 1, 1, 1, 1, 1, 1, 1, 1, 1, 1, 1, 1, 4 ),
 ( 0.0000000000000000000, 0.08403150456510859179, 0.1630088644505803264, 0.2372609351567042391, 0.3072674640161707216, 0.3731106607563494104, 0.4358517040400201603, 0.4960350925321805882, 0.5541268400225961566, 0.6107566755727709129, 0.6658502197580831172, 0.7197466679930097921, 0.7735454915047966784, 0.8279483942018968090, 0.8833663209013686846, 0.9404950092640995685, 1.000000000000000000 ),
 .UNSPECIFIED. ) ;
#997 =( GEOMETRIC_REPRESENTATION_CONTEXT ( 3 ) GLOBAL_UNCERTAINTY_ASSIGNED_CONTEXT ( ( #2329 ) ) GLOBAL_UNIT_ASSIGNED_CONTEXT ( ( #2682, #8172, #7400 ) ) REPRESENTATION_CONTEXT ( 'NONE', 'WORKASPACE' ) );
#998 = CARTESIAN_POINT ( 'NONE',  ( -1.187883007738987695, 0.7999999999999999334, -0.3438678387351632448 ) ) ;
#999 =( NAMED_UNIT ( * ) PLANE_ANGLE_UNIT ( ) SI_UNIT ( $, .RADIAN. ) );
#1000 = CARTESIAN_POINT ( 'NONE',  ( 1.176151798258376235, 0.8000000000000002665, 0.2689056192990023630 ) ) ;
#1001 = CARTESIAN_POINT ( 'NONE',  ( 0.8231744296792880000, 0.8099999999999999423, -0.1254070665214043201 ) ) ;
#1002 = DIRECTION ( 'NONE',  ( 0.0000000000000000000, -1.000000000000000000, 0.0000000000000000000 ) ) ;
#1003 = ORIENTED_EDGE ( 'NONE', *, *, #6325, .T. ) ;
#1004 = UNCERTAINTY_MEASURE_WITH_UNIT (LENGTH_MEASURE( 1.000000000000000082E-05 ), #6545, 'distance_accuracy_value', 'NONE');
#1005 = SURFACE_STYLE_USAGE ( .BOTH. , #5607 ) ;
#1006 = EDGE_CURVE ( 'NONE', #2696, #4251, #9823, .T. ) ;
#1007 = CARTESIAN_POINT ( 'NONE',  ( -1.990000000000001323, 0.6800000000000000488, -1.219999999999999973 ) ) ;
#1008 = DIRECTION ( 'NONE',  ( 1.000000000000000000, 0.0000000000000000000, 2.168404344971003346E-15 ) ) ;
#1009 =( GEOMETRIC_REPRESENTATION_CONTEXT ( 3 ) GLOBAL_UNCERTAINTY_ASSIGNED_CONTEXT ( ( #4065 ) ) GLOBAL_UNIT_ASSIGNED_CONTEXT ( ( #2907, #1339, #9997 ) ) REPRESENTATION_CONTEXT ( 'NONE', 'WORKASPACE' ) );
#1010 = CARTESIAN_POINT ( 'NONE',  ( 1.078176355392829855, 0.8100000000000001643, -0.3332583876216480556 ) ) ;
#1011 = PLANE ( 'NONE',  #3204 ) ;
#1012 = FILL_AREA_STYLE ('',( #2348 ) ) ;
#1013 = CARTESIAN_POINT ( 'NONE',  ( 0.7677126181304761987, 0.8000000000000001554, 0.07666891397549885356 ) ) ;
#1014 = CARTESIAN_POINT ( 'NONE',  ( 1.273407091777071676, 0.8100000000000002753, -0.2245624962131211044 ) ) ;
#1015 = ORIENTED_EDGE ( 'NONE', *, *, #6111, .T. ) ;
#1016 = ORIENTED_EDGE ( 'NONE', *, *, #3534, .F. ) ;
#1017 = CARTESIAN_POINT ( 'NONE',  ( -1.799999999999999822, 0.7200000000000001954, -0.7999999999999999334 ) ) ;
#1018 =( GEOMETRIC_REPRESENTATION_CONTEXT ( 3 ) GLOBAL_UNCERTAINTY_ASSIGNED_CONTEXT ( ( #9094 ) ) GLOBAL_UNIT_ASSIGNED_CONTEXT ( ( #9404, #8734, #45 ) ) REPRESENTATION_CONTEXT ( 'NONE', 'WORKASPACE' ) );
#1019 = COLOUR_RGB ( '',0.09803921568627450844, 0.09803921568627450844, 0.09803921568627450844 ) ;
#1020 = COLOUR_RGB ( '',0.09803921568627450844, 0.09803921568627450844, 0.09803921568627450844 ) ;
#1021 = PRESENTATION_STYLE_ASSIGNMENT (( #1784 ) ) ;
#1022 = EDGE_CURVE ( 'NONE', #1598, #9667, #9381, .T. ) ;
#1023 = DIRECTION ( 'NONE',  ( 0.0000000000000000000, 1.000000000000000000, 0.0000000000000000000 ) ) ;
#1024 = CARTESIAN_POINT ( 'NONE',  ( -0.3016686921880673555, 0.7999999999999998224, -0.004536512551859699788 ) ) ;
#1025 = CARTESIAN_POINT ( 'NONE',  ( -1.252638297790965582, 0.8100000000000001643, -0.1593749634469540932 ) ) ;
#1026 = DIRECTION ( 'NONE',  ( -2.710505431213766508E-16, 0.0000000000000000000, 1.000000000000000000 ) ) ;
#1027 = FILL_AREA_STYLE_COLOUR ( '', #2162 ) ;
#1028 = COLOUR_RGB ( '',0.09803921568627450844, 0.09803921568627450844, 0.09803921568627450844 ) ;
#1029 = VECTOR ( 'NONE', #5270, 1000.000000000000000 ) ;
#1030 = CARTESIAN_POINT ( 'NONE',  ( -0.9408084333435932090, 0.8000000000000001554, -0.02475394004647214416 ) ) ;
#1031 = ORIENTED_EDGE ( 'NONE', *, *, #5507, .T. ) ;
#1032 = DIRECTION ( 'NONE',  ( -2.891205793294681778E-15, 0.0000000000000000000, -1.000000000000000000 ) ) ;
#1033 = ORIENTED_EDGE ( 'NONE', *, *, #7837, .T. ) ;
#1034 = ORIENTED_EDGE ( 'NONE', *, *, #3415, .F. ) ;
#1035 = CARTESIAN_POINT ( 'NONE',  ( -0.6517252042724029915, 0.8000000000000001554, 0.1697175101008504272 ) ) ;
#1036 =( GEOMETRIC_REPRESENTATION_CONTEXT ( 3 ) GLOBAL_UNCERTAINTY_ASSIGNED_CONTEXT ( ( #5802 ) ) GLOBAL_UNIT_ASSIGNED_CONTEXT ( ( #3533, #9857, #4495 ) ) REPRESENTATION_CONTEXT ( 'NONE', 'WORKASPACE' ) );
#1037 = VECTOR ( 'NONE', #3750, 1000.000000000000000 ) ;
#1038 = CARTESIAN_POINT ( 'NONE',  ( -0.7764033491413933064, 0.8100000000000001643, 0.2067437273318468716 ) ) ;
#1039 =( LENGTH_UNIT ( ) NAMED_UNIT ( * ) SI_UNIT ( .MILLI., .METRE. ) );
#1040 = CARTESIAN_POINT ( 'NONE',  ( -0.3016641344591105001, 0.8100000000000003864, -0.07232998743971602584 ) ) ;
#1041 = EDGE_CURVE ( 'NONE', #8323, #5651, #9797, .T. ) ;
#1042 = CARTESIAN_POINT ( 'NONE',  ( -0.8440224115044809849, 0.8100000000000000533, 0.1686973907083552382 ) ) ;
#1043 =( NAMED_UNIT ( * ) SI_UNIT ( $, .STERADIAN. ) SOLID_ANGLE_UNIT ( ) );
#1044 = CARTESIAN_POINT ( 'NONE',  ( -0.2219632998094559218, 0.8100000000000001643, 0.2685517297649684387 ) ) ;
#1045 = CARTESIAN_POINT ( 'NONE',  ( 1.700000000000001954, 0.05000000000000000278, -1.249999999999999556 ) ) ;
#1046 = CARTESIAN_POINT ( 'NONE',  ( 0.7513160400506874170, 0.7999999999999999334, -0.1185860361225251070 ) ) ;
#1047 = ORIENTED_EDGE ( 'NONE', *, *, #10118, .T. ) ;
#1048 = STYLED_ITEM ( 'NONE', ( #3562 ), #9198 ) ;
#1049 = DIRECTION ( 'NONE',  ( 0.0000000000000000000, 0.0000000000000000000, -1.000000000000000000 ) ) ;
#1050 = DIRECTION ( 'NONE',  ( 0.0000000000000000000, 0.0000000000000000000, -1.000000000000000000 ) ) ;
#1051 = CARTESIAN_POINT ( 'NONE',  ( -2.000000000000001776, 0.0000000000000000000, -1.049999999999999822 ) ) ;
#1052 = CARTESIAN_POINT ( 'NONE',  ( -0.05458517045767016101, 0.8100000000000001643, 0.09372027392458512352 ) ) ;
#1053 = CARTESIAN_POINT ( 'NONE',  ( -0.1507694939970798953, 0.7999999999999999334, 0.2585183525809113259 ) ) ;
#1054 = CARTESIAN_POINT ( 'NONE',  ( -0.6279907543077795085, 0.8000000000000000444, -0.1507744555896408933 ) ) ;
#1055 = CARTESIAN_POINT ( 'NONE',  ( -0.9409499861026539014, 0.8100000000000001643, -0.03835223617422683917 ) ) ;
#1056 = AXIS2_PLACEMENT_3D ( 'NONE', #2252, #6088, #2095 ) ;
#1057 = ORIENTED_EDGE ( 'NONE', *, *, #8218, .F. ) ;
#1058 = SURFACE_STYLE_USAGE ( .BOTH. , #3419 ) ;
#1059 = DIRECTION ( 'NONE',  ( 0.0000000000000000000, 0.0000000000000000000, 1.000000000000000000 ) ) ;
#1060 = VECTOR ( 'NONE', #4207, 1000.000000000000000 ) ;
#1061 = SURFACE_STYLE_USAGE ( .BOTH. , #4992 ) ;
#1062 = LINE ( 'NONE', #1729, #9812 ) ;
#1063 = FILL_AREA_STYLE_COLOUR ( '', #6055 ) ;
#1064 = ORIENTED_EDGE ( 'NONE', *, *, #9670, .F. ) ;
#1065 = ORIENTED_EDGE ( 'NONE', *, *, #5717, .T. ) ;
#1066 = PLANE ( 'NONE',  #5853 ) ;
#1067 = CARTESIAN_POINT ( 'NONE',  ( -0.7335259633642162713, 0.8100000000000000533, 0.1871459774479252158 ) ) ;
#1068 = B_SPLINE_CURVE_WITH_KNOTS ( 'NONE', 3,
 ( #7034, #2338, #6219, #9470, #2444, #54, #5550, #3254, #7718, #8698, #5501, #6373, #10093, #9315, #1475, #1667, #4572, #9421, #9524 ),
 .UNSPECIFIED., .F., .F.,
 ( 4, 1, 1, 1, 1, 1, 1, 1, 1, 1, 1, 1, 1, 1, 1, 1, 4 ),
 ( 0.0000000000000000000, 0.04462120432316457608, 0.08773030866609081435, 0.1302828426876058709, 0.1735028625766600052, 0.2174869261056435188, 0.2633330312022222897, 0.3119087344770221648, 0.3635276317902598753, 0.4195097418097216146, 0.4810945897470161325, 0.5491279075035780943, 0.6241475596264500769, 0.7066025216400910747, 0.7964475463062702376, 0.8941834213832301481, 1.000000000000000000 ),
 .UNSPECIFIED. ) ;
#1069 =( NAMED_UNIT ( * ) PLANE_ANGLE_UNIT ( ) SI_UNIT ( $, .RADIAN. ) );
#1070 = CARTESIAN_POINT ( 'NONE',  ( -0.3005418032616993806, 0.8000000000000000444, 0.02750800674804321916 ) ) ;
#1071 = FILL_AREA_STYLE_COLOUR ( '', #8901 ) ;
#1072 = CARTESIAN_POINT ( 'NONE',  ( -1.199797388700056588, 0.8100000000000001643, 0.03871756902057833793 ) ) ;
#1073 = CARTESIAN_POINT ( 'NONE',  ( -2.000000000000000000, 0.05000000000000000278, -1.249999999999999778 ) ) ;
#1074 = PRODUCT_DEFINITION ( 'UNKNOWN', '', #359, #1306 ) ;
#1075 = CARTESIAN_POINT ( 'NONE',  ( 0.9999999999999997780, 0.05000000000000000278, 0.3500000000000005884 ) ) ;
#1076 = FACE_OUTER_BOUND ( 'NONE', #1462, .T. ) ;
#1077 = CARTESIAN_POINT ( 'NONE',  ( -1.008343848639458473, 0.8000000000000002665, -0.2253404973524743837 ) ) ;
#1078 = EDGE_CURVE ( 'NONE', #3596, #3346, #561, .T. ) ;
#1079 = EDGE_LOOP ( 'NONE', ( #2612, #7746, #7626, #783, #3528, #2876, #5196, #5123, #4201 ) ) ;
#1080 = LINE ( 'NONE', #9904, #4751 ) ;
#1081 = ORIENTED_EDGE ( 'NONE', *, *, #6003, .T. ) ;
#1082 = FILL_AREA_STYLE ('',( #8927 ) ) ;
#1083 = MECHANICAL_DESIGN_GEOMETRIC_PRESENTATION_REPRESENTATION (  '', ( #7474 ), #1900 ) ;
#1084 = FACE_OUTER_BOUND ( 'NONE', #8723, .T. ) ;
#1085 = CARTESIAN_POINT ( 'NONE',  ( 0.6806927467880080629, 0.8100000000000001643, -0.2670300869244118802 ) ) ;
#1086 = CARTESIAN_POINT ( 'NONE',  ( -1.007301231735466374, 0.8000000000000001554, -0.1353502566995649359 ) ) ;
#1087 =( NAMED_UNIT ( * ) PLANE_ANGLE_UNIT ( ) SI_UNIT ( $, .RADIAN. ) );
#1088 = LINE ( 'NONE', #5066, #6728 ) ;
#1089 = CARTESIAN_POINT ( 'NONE',  ( -0.3643266094792771970, 0.8100000000000001643, -0.03835223617422705428 ) ) ;
#1090 = STYLED_ITEM ( 'NONE', ( #6140 ), #3961 ) ;
#1091 = ADVANCED_FACE ( 'NONE', ( #4392 ), #2170, .F. ) ;
#1092 = ORIENTED_EDGE ( 'NONE', *, *, #6900, .F. ) ;
#1093 = LINE ( 'NONE', #7082, #7871 ) ;
#1094 = ORIENTED_EDGE ( 'NONE', *, *, #4149, .T. ) ;
#1095 = ADVANCED_FACE ( 'NONE', ( #8681 ), #2515, .T. ) ;
#1096 = PRESENTATION_STYLE_ASSIGNMENT (( #9872 ) ) ;
#1097 = DIRECTION ( 'NONE',  ( 0.0000000000000000000, 1.000000000000000000, 0.0000000000000000000 ) ) ;
#1098 = LINE ( 'NONE', #1815, #6939 ) ;
#1099 = DIRECTION ( 'NONE',  ( 0.2425356250363329691, -0.0000000000000000000, 0.9701425001453318764 ) ) ;
#1100 = LINE ( 'NONE', #8897, #3787 ) ;
#1101 = CARTESIAN_POINT ( 'NONE',  ( -1.137392860739428802, 0.8100000000000001643, -0.3458680983121288355 ) ) ;
#1102 = MECHANICAL_DESIGN_GEOMETRIC_PRESENTATION_REPRESENTATION (  '', ( #1595 ), #4690 ) ;
#1103 = EDGE_CURVE ( 'NONE', #6997, #2874, #7569, .T. ) ;
#1104 = CARTESIAN_POINT ( 'NONE',  ( -0.8902777845586207217, 0.8100000000000001643, -0.2864540209262909642 ) ) ;
#1105 =( LENGTH_UNIT ( ) NAMED_UNIT ( * ) SI_UNIT ( .MILLI., .METRE. ) );
#1106 = COLOUR_RGB ( '',0.09803921568627450844, 0.09803921568627450844, 0.09803921568627450844 ) ;
#1107 = B_SPLINE_CURVE_WITH_KNOTS ( 'NONE', 3,
 ( #187, #9810, #1907, #3448, #5682, #2770, #5883, #1804, #7289, #240, #3401, #6511, #1754, #4973, #9663, #297, #4868, #4245, #2620 ),
 .UNSPECIFIED., .F., .F.,
 ( 4, 1, 1, 1, 1, 1, 1, 1, 1, 1, 1, 1, 1, 1, 1, 1, 4 ),
 ( 0.0000000000000000000, 0.03482063987272229766, 0.06892303662010071386, 0.1030674831944850545, 0.1390259289950689370, 0.1768773708661631749, 0.2173596739505500863, 0.2613252067966569392, 0.3091893022218823450, 0.3632013239127580562, 0.4250772414693027579, 0.4964697288138595344, 0.5776522482993701191, 0.6680098148504955979, 0.7686706938896562535, 0.8792878375891127751, 1.000000000000000000 ),
 .UNSPECIFIED. ) ;
#1108 = ORIENTED_EDGE ( 'NONE', *, *, #8049, .T. ) ;
#1109 = UNCERTAINTY_MEASURE_WITH_UNIT (LENGTH_MEASURE( 1.000000000000000082E-05 ), #3628, 'distance_accuracy_value', 'NONE');
#1110 = CARTESIAN_POINT ( 'NONE',  ( 1.175121916503113928, 0.8100000000000004974, -0.2757893948720011035 ) ) ;
#1111 = PLANE ( 'NONE',  #6013 ) ;
#1112 =( LENGTH_UNIT ( ) NAMED_UNIT ( * ) SI_UNIT ( .MILLI., .METRE. ) );
#1113 =( LENGTH_UNIT ( ) NAMED_UNIT ( * ) SI_UNIT ( .MILLI., .METRE. ) );
#1114 = DIRECTION ( 'NONE',  ( -0.0000000000000000000, -1.000000000000000000, -0.0000000000000000000 ) ) ;
#1115 = CARTESIAN_POINT ( 'NONE',  ( 2.000000000000002220, 0.05000000000000000278, 0.9500000000000000666 ) ) ;
#1116 = CARTESIAN_POINT ( 'NONE',  ( 0.7548721622043685908, 0.8000000000000001554, 0.05707946870745043283 ) ) ;
#1117 = COLOUR_RGB ( '',1.000000000000000000, 0.8078431372549019773, 0.4980392156862745168 ) ;
#1118 = VERTEX_POINT ( 'NONE', #9607 ) ;
#1119 = CARTESIAN_POINT ( 'NONE',  ( -0.2963238874333399275, 0.8000000000000000444, 0.2303976099240628295 ) ) ;
#1120 = CARTESIAN_POINT ( 'NONE',  ( -0.7600374193871894946, 0.8100000000000000533, 0.2038730212101721728 ) ) ;
#1121 = SURFACE_STYLE_FILL_AREA ( #9792 ) ;
#1122 = FACE_OUTER_BOUND ( 'NONE', #543, .T. ) ;
#1123 = COLOUR_RGB ( '',0.09803921568627450844, 0.09803921568627450844, 0.09803921568627450844 ) ;
#1124 = CARTESIAN_POINT ( 'NONE',  ( 1.157101961949293933, 0.8000000000000002665, -0.2762580803300713206 ) ) ;
#1125 = CARTESIAN_POINT ( 'NONE',  ( -1.157549012076679817, 0.8100000000000001643, -0.2840502881222787268 ) ) ;
#1126 = FILL_AREA_STYLE ('',( #1788 ) ) ;
#1127 = B_SPLINE_SURFACE_WITH_KNOTS ( 'NONE', 3, 1, ( 
 ( #7528, #4743 ),
 ( #5405, #2297 ),
 ( #3972, #8655 ),
 ( #1484, #10101 ),
 ( #1627, #8503 ),
 ( #5556, #3915 ),
 ( #7885, #6327 ),
 ( #2347, #8553 ),
 ( #6990, #9323 ),
 ( #4021, #804 ),
 ( #7832, #8708 ) ),
 .UNSPECIFIED., .F., .F., .F.,
 ( 4, 1, 1, 1, 1, 1, 1, 1, 4 ),
 ( 2, 2 ),
 ( 0.0000000000000000000, 0.1222703218533861130, 0.2483255308491441604, 0.3781918742513482590, 0.5136802925779777595, 0.6475288356060364681, 0.7726507715913256691, 0.8898318131081296434, 1.000000000000000000 ),
 ( 0.0000000000000000000, 1.000000000000000000 ),
 .UNSPECIFIED. ) ;
#1128 = CARTESIAN_POINT ( 'NONE',  ( -0.8151095141243002162, 0.8100000000000001643, 0.2653701121695657972 ) ) ;
#1129 = CARTESIAN_POINT ( 'NONE',  ( 0.7439034895769230937, 0.7999999999999999334, -0.3259812022447761692 ) ) ;
#1130 = CARTESIAN_POINT ( 'NONE',  ( -1.032612786634855118, 0.8000000000000000444, -0.2821608040763492475 ) ) ;
#1131 = CARTESIAN_POINT ( 'NONE',  ( -0.8785009481323188263, 0.8100000000000000533, -0.05016294141516895039 ) ) ;
#1132 = CARTESIAN_POINT ( 'NONE',  ( 1.800000000000000933, 0.6000000000000000888, -1.249999999999996447 ) ) ;
#1133 = MECHANICAL_DESIGN_GEOMETRIC_PRESENTATION_REPRESENTATION (  '', ( #9824 ), #7519 ) ;
#1134 = DIRECTION ( 'NONE',  ( 0.0000000000000000000, -0.0000000000000000000, 1.000000000000000000 ) ) ;
#1135 = ORIENTED_EDGE ( 'NONE', *, *, #1153, .T. ) ;
#1136 = CARTESIAN_POINT ( 'NONE',  ( -0.6838071289597970059, 0.8000000000000002665, -0.03859574266773335705 ) ) ;
#1137 = DIRECTION ( 'NONE',  ( 0.0000000000000000000, -1.000000000000000000, 0.0000000000000000000 ) ) ;
#1138 = EDGE_CURVE ( 'NONE', #5863, #7581, #5427, .T. ) ;
#1139 = FACE_OUTER_BOUND ( 'NONE', #9931, .T. ) ;
#1140 = CARTESIAN_POINT ( 'NONE',  ( 1.362173213484014767, 0.7999999999999999334, -0.1826565095977106534 ) ) ;
#1141 = VECTOR ( 'NONE', #8876, 1000.000000000000000 ) ;
#1142 = CARTESIAN_POINT ( 'NONE',  ( -0.2963238874333399275, 0.7999999999999997113, 0.2303976099240628295 ) ) ;
#1143 = DIRECTION ( 'NONE',  ( -1.000000000000000000, 0.0000000000000000000, -0.0000000000000000000 ) ) ;
#1144 = DIRECTION ( 'NONE',  ( -0.0000000000000000000, -1.000000000000000000, -0.0000000000000000000 ) ) ;
#1145 = EDGE_LOOP ( 'NONE', ( #5551, #2328, #10175, #2029, #502 ) ) ;
#1146 = SURFACE_STYLE_USAGE ( .BOTH. , #5071 ) ;
#1147 = ORIENTED_EDGE ( 'NONE', *, *, #5207, .F. ) ;
#1148 = B_SPLINE_CURVE_WITH_KNOTS ( 'NONE', 3,
 ( #9326, #757, #5262, #9236, #8401, #2199, #6996, #7787, #7580, #3677, #5985, #648, #1487, #9130, #7731, #6791, #10059, #9282, #2963 ),
 .UNSPECIFIED., .F., .F.,
 ( 4, 1, 1, 1, 1, 1, 1, 1, 1, 1, 1, 1, 1, 1, 1, 1, 4 ),
 ( 0.0000000000000000000, 0.05985224496631930124, 0.1158501825732325269, 0.1680547040294606276, 0.2161180431589298512, 0.2610118761141630994, 0.3017005350743524605, 0.3395513937865921594, 0.3741494140313386674, 0.4409217388506971314, 0.5093036065035168036, 0.5813476461771194259, 0.6588159290301263127, 0.7397618146383355686, 0.8226907320287816239, 0.9090121494528967672, 1.000000000000000000 ),
 .UNSPECIFIED. ) ;
#1149 = FILL_AREA_STYLE ('',( #6564 ) ) ;
#1150 = EDGE_CURVE ( 'NONE', #7237, #4064, #1858, .T. ) ;
#1151 = DIRECTION ( 'NONE',  ( 1.000000000000000000, 0.0000000000000000000, 0.0000000000000000000 ) ) ;
#1152 = CARTESIAN_POINT ( 'NONE',  ( 1.780000000000000027, 0.7800000000000001377, 0.7999999999999999334 ) ) ;
#1153 = EDGE_CURVE ( 'NONE', #8466, #2575, #6351, .T. ) ;
#1154 = CARTESIAN_POINT ( 'NONE',  ( 0.7081376884986150255, 0.8100000000000002753, 0.09921152490480918129 ) ) ;
#1155 = MECHANICAL_DESIGN_GEOMETRIC_PRESENTATION_REPRESENTATION (  '', ( #1799 ), #8846 ) ;
#1156 = CARTESIAN_POINT ( 'NONE',  ( -1.032612786634855118, 0.8100000000000000533, -0.2821608040763492475 ) ) ;
#1157 = CARTESIAN_POINT ( 'NONE',  ( -0.9386721453569570883, 0.8100000000000001643, -0.1089418948871737208 ) ) ;
#1158 = DIRECTION ( 'NONE',  ( 1.000000000000000000, -0.0000000000000000000, 3.252606517456514880E-15 ) ) ;
#1159 = EDGE_LOOP ( 'NONE', ( #7531, #7509, #8755, #3618, #1081, #976 ) ) ;
#1160 = CARTESIAN_POINT ( 'NONE',  ( -1.003287648440316149, 0.8000000000000001554, -0.1782467166937073688 ) ) ;
#1161 = COLOUR_RGB ( '',0.09803921568627450844, 0.09803921568627450844, 0.09803921568627450844 ) ;
#1162 = FACE_BOUND ( 'NONE', #3273, .T. ) ;
#1163 = EDGE_CURVE ( 'NONE', #7581, #9851, #5780, .T. ) ;
#1164 = CARTESIAN_POINT ( 'NONE',  ( 0.7268259879233197607, 0.8000000000000003775, 0.02057633525434429331 ) ) ;
#1165 = B_SPLINE_CURVE_WITH_KNOTS ( 'NONE', 3,
 ( #8130, #4209, #9778, #1257, #8275, #9098, #6619, #1208, #9724, #3460, #7407, #2024, #6567, #9877, #1313, #5795, #5845, #8945, #8991 ),
 .UNSPECIFIED., .F., .F.,
 ( 4, 1, 1, 1, 1, 1, 1, 1, 1, 1, 1, 1, 1, 1, 1, 1, 4 ),
 ( 0.0000000000000000000, 0.07011727593801064806, 0.1369609568469774552, 0.2014968188481068290, 0.2637117777106872119, 0.3237954007412569557, 0.3826104934449570671, 0.4409568623826701228, 0.4989442006097211668, 0.5571489948918736390, 0.6154246194944613668, 0.6744519351137616692, 0.7349780549154415477, 0.7972178732457946282, 0.8621162655498988414, 0.9294958646609361441, 1.000000000000000000 ),
 .UNSPECIFIED. ) ;
#1166 = DIRECTION ( 'NONE',  ( 1.000000000000000000, 0.0000000000000000000, 0.0000000000000000000 ) ) ;
#1167 = CARTESIAN_POINT ( 'NONE',  ( 0.7105968007617181614, 0.8100000000000001643, -0.3344630746542260891 ) ) ;
#1168 = PRESENTATION_STYLE_ASSIGNMENT (( #5808 ) ) ;
#1169 = CIRCLE ( 'NONE', #4402, 0.2799999999999998601 ) ;
#1170 = CARTESIAN_POINT ( 'NONE',  ( -1.499999999999999778, 0.7800000000000001377, -1.079999999999999849 ) ) ;
#1171 = VECTOR ( 'NONE', #4810, 1000.000000000000000 ) ;
#1172 = ORIENTED_EDGE ( 'NONE', *, *, #10067, .F. ) ;
#1173 = CARTESIAN_POINT ( 'NONE',  ( -0.1985233834264224784, 0.8000000000000001554, -0.3462229863033965405 ) ) ;
#1174 = CARTESIAN_POINT ( 'NONE',  ( 0.7587636270348183665, 0.8100000000000001643, -0.2127153644053295101 ) ) ;
#1175 = CARTESIAN_POINT ( 'NONE',  ( -2.000000000000001776, 0.05000000000000000278, -0.9499999999999996225 ) ) ;
#1176 = DIRECTION ( 'NONE',  ( -0.0000000000000000000, -0.0000000000000000000, 1.000000000000000000 ) ) ;
#1177 = DIRECTION ( 'NONE',  ( 0.0000000000000000000, 1.000000000000000000, 0.0000000000000000000 ) ) ;
#1178 = DIRECTION ( 'NONE',  ( 5.421010862427534003E-16, 0.0000000000000000000, -1.000000000000000000 ) ) ;
#1179 =( LENGTH_UNIT ( ) NAMED_UNIT ( * ) SI_UNIT ( .MILLI., .METRE. ) );
#1180 = CARTESIAN_POINT ( 'NONE',  ( -0.6738298225803422969, 0.8100000000000003864, -0.2881154959135699967 ) ) ;
#1181 = SURFACE_STYLE_USAGE ( .BOTH. , #2718 ) ;
#1182 = EDGE_LOOP ( 'NONE', ( #673, #907, #5088, #4235, #2470 ) ) ;
#1183 = MECHANICAL_DESIGN_GEOMETRIC_PRESENTATION_REPRESENTATION (  '', ( #3940 ), #8542 ) ;
#1184 = VERTEX_POINT ( 'NONE', #7183 ) ;
#1185 = ORIENTED_EDGE ( 'NONE', *, *, #4318, .T. ) ;
#1186 =( NAMED_UNIT ( * ) PLANE_ANGLE_UNIT ( ) SI_UNIT ( $, .RADIAN. ) );
#1187 = CARTESIAN_POINT ( 'NONE',  ( 0.6552350788324106112, 0.8099999999999767386, -0.2684658725378634703 ) ) ;
#1188 = LINE ( 'NONE', #2156, #2672 ) ;
#1189 = CIRCLE ( 'NONE', #4433, 0.02000000000000005246 ) ;
#1190 = CIRCLE ( 'NONE', #2813, 0.02000000000000005246 ) ;
#1191 = STYLED_ITEM ( 'NONE', ( #9006 ), #774 ) ;
#1192 = CARTESIAN_POINT ( 'NONE',  ( 1.323969480662229525, 0.8100000000000001643, -0.2720058184447824434 ) ) ;
#1193 = DIRECTION ( 'NONE',  ( -1.000000000000000000, -0.0000000000000000000, -0.0000000000000000000 ) ) ;
#1194 = CARTESIAN_POINT ( 'NONE',  ( 1.071171779996396012, 0.8100000000000001643, 0.1762840365562421407 ) ) ;
#1195 = FILL_AREA_STYLE_COLOUR ( '', #3570 ) ;
#1196 = EDGE_CURVE ( 'NONE', #820, #3704, #4864, .T. ) ;
#1197 = ORIENTED_EDGE ( 'NONE', *, *, #9569, .T. ) ;
#1198 = DIRECTION ( 'NONE',  ( -5.421010862427534003E-16, 0.0000000000000000000, -1.000000000000000000 ) ) ;
#1199 = ORIENTED_EDGE ( 'NONE', *, *, #9889, .T. ) ;
#1200 = AXIS2_PLACEMENT_3D ( 'NONE', #152, #5649, #4883 ) ;
#1201 = COLOUR_RGB ( '',0.09803921568627450844, 0.09803921568627450844, 0.09803921568627450844 ) ;
#1202 = COLOUR_RGB ( '',1.000000000000000000, 0.9490196078431372140, 0.9098039215686274384 ) ;
#1203 = UNCERTAINTY_MEASURE_WITH_UNIT (LENGTH_MEASURE( 1.000000000000000082E-05 ), #8052, 'distance_accuracy_value', 'NONE');
#1204 = CARTESIAN_POINT ( 'NONE',  ( -1.098821091438324293, 0.8100000000000002753, -0.2617958024943185524 ) ) ;
#1205 = LINE ( 'NONE', #7100, #848 ) ;
#1206 = CARTESIAN_POINT ( 'NONE',  ( -1.217508464779416544, 0.8000000000000000444, -0.3354506104212242046 ) ) ;
#1207 = CARTESIAN_POINT ( 'NONE',  ( 2.000000000000001776, 0.6000000000000000888, -0.9499999999999979572 ) ) ;
#1208 = CARTESIAN_POINT ( 'NONE',  ( 0.8078644953902490711, 0.8000000000000003775, -0.08467447560146462715 ) ) ;
#1209 = MECHANICAL_DESIGN_GEOMETRIC_PRESENTATION_REPRESENTATION (  '', ( #7425 ), #4446 ) ;
#1210 = CARTESIAN_POINT ( 'NONE',  ( 0.8668422216895537158, 0.8000000000000001554, 0.2614042573322659657 ) ) ;
#1211 = CARTESIAN_POINT ( 'NONE',  ( -1.041552389196389816, 0.8100000000000001643, -0.2951515558650883997 ) ) ;
#1212 = CARTESIAN_POINT ( 'NONE',  ( 0.7655435203908520503, 0.8100000000000001643, -0.1728895738365647528 ) ) ;
#1213 = SURFACE_STYLE_FILL_AREA ( #6719 ) ;
#1214 = ORIENTED_EDGE ( 'NONE', *, *, #6078, .T. ) ;
#1215 = UNCERTAINTY_MEASURE_WITH_UNIT (LENGTH_MEASURE( 1.000000000000000082E-05 ), #7625, 'distance_accuracy_value', 'NONE');
#1216 = CARTESIAN_POINT ( 'NONE',  ( 1.263241409911409763, 0.8100000000000002753, -0.2363677295898268249 ) ) ;
#1217 = B_SPLINE_SURFACE_WITH_KNOTS ( 'NONE', 3, 1, ( 
 ( #6846, #5934 ),
 ( #2151, #547 ),
 ( #1239, #9133 ),
 ( #10005, #651 ),
 ( #6748, #2100 ),
 ( #441, #3572 ),
 ( #600, #2865 ),
 ( #6691, #8350 ),
 ( #2053, #5159 ),
 ( #1290, #3788 ),
 ( #4382, #1345 ),
 ( #7534, #493 ),
 ( #10061, #3029 ),
 ( #4429, #3679 ),
 ( #9960, #2202 ),
 ( #2913, #4491 ),
 ( #6042, #2966 ),
 ( #9183, #8403 ),
 ( #1390, #3825 ) ),
 .UNSPECIFIED., .F., .F., .F.,
 ( 4, 1, 1, 1, 1, 1, 1, 1, 1, 1, 1, 1, 1, 1, 1, 1, 4 ),
 ( 2, 2 ),
 ( 0.0000000000000000000, 0.1203760720986963018, 0.2307892890246537321, 0.3305412134213607245, 0.4205869266342565638, 0.5007002821282953153, 0.5711525390240546063, 0.6324761629055820622, 0.6850177329828034400, 0.7317551824460793997, 0.7753044359569037924, 0.8157921199715243432, 0.8541714020480321023, 0.8907255372625700884, 0.9267356746237944698, 0.9631365825032481842, 1.000000000000000000 ),
 ( 0.0000000000000000000, 1.000000000000000000 ),
 .UNSPECIFIED. ) ;
#1218 =( LENGTH_UNIT ( ) NAMED_UNIT ( * ) SI_UNIT ( .MILLI., .METRE. ) );
#1219 = CARTESIAN_POINT ( 'NONE',  ( -0.2167433822560864420, 0.8100000000000002753, -0.2837098477758566162 ) ) ;
#1220 = FACE_OUTER_BOUND ( 'NONE', #8796, .T. ) ;
#1221 = FILL_AREA_STYLE_COLOUR ( '', #9653 ) ;
#1222 =( NAMED_UNIT ( * ) PLANE_ANGLE_UNIT ( ) SI_UNIT ( $, .RADIAN. ) );
#1223 = CARTESIAN_POINT ( 'NONE',  ( 1.161117306891597201, 0.8100000000000001643, 0.2690573880450771727 ) ) ;
#1224 = EDGE_CURVE ( 'NONE', #20, #8256, #8929, .T. ) ;
#1225 = EDGE_LOOP ( 'NONE', ( #5703, #5886, #1696, #9592 ) ) ;
#1226 = CARTESIAN_POINT ( 'NONE',  ( -0.1413042285220213468, 0.8000000000000000444, -0.3308420342794042290 ) ) ;
#1227 = EDGE_CURVE ( 'NONE', #1576, #5179, #3350, .T. ) ;
#1228 = PRESENTATION_STYLE_ASSIGNMENT (( #8247 ) ) ;
#1229 = CARTESIAN_POINT ( 'NONE',  ( -0.2597491593462310511, 0.8100000000000001643, 0.1789007281616848966 ) ) ;
#1230 = CARTESIAN_POINT ( 'NONE',  ( 0.7244069202362711790, 0.8000000000000001554, 0.01815664010286468372 ) ) ;
#1231 = SURFACE_STYLE_FILL_AREA ( #6683 ) ;
#1232 = CARTESIAN_POINT ( 'NONE',  ( -1.313449044977952118, 0.8000000000000000444, 0.2032552373879685237 ) ) ;
#1233 = SURFACE_STYLE_USAGE ( .BOTH. , #7529 ) ;
#1234 = CARTESIAN_POINT ( 'NONE',  ( -0.6704142718169396886, 0.8100000000000001643, -0.2830762621482528218 ) ) ;
#1235 = VECTOR ( 'NONE', #8990, 1000.000000000000000 ) ;
#1236 = CARTESIAN_POINT ( 'NONE',  ( -0.8683206072219070704, 0.8100000000000001643, -0.1818803336141376625 ) ) ;
#1237 = ORIENTED_EDGE ( 'NONE', *, *, #1956, .T. ) ;
#1238 = ORIENTED_EDGE ( 'NONE', *, *, #55, .T. ) ;
#1239 = CARTESIAN_POINT ( 'NONE',  ( -0.1075070905841588736, 0.8100000000000002753, -0.07269537814073288862 ) ) ;
#1240 = LINE ( 'NONE', #9908, #8332 ) ;
#1241 = CARTESIAN_POINT ( 'NONE',  ( 0.7443408449114159442, 0.8100000000000001643, -0.2364231680248657375 ) ) ;
#1242 = CARTESIAN_POINT ( 'NONE',  ( -1.819999999999999840, 0.7200000000000001954, 0.8000000000000003775 ) ) ;
#1243 = AXIS2_PLACEMENT_3D ( 'NONE', #5471, #4702, #2464 ) ;
#1244 = SURFACE_STYLE_FILL_AREA ( #8260 ) ;
#1245 = CARTESIAN_POINT ( 'NONE',  ( -0.3005418032616993806, 0.8100000000000002753, 0.02750800674804321916 ) ) ;
#1246 = CARTESIAN_POINT ( 'NONE',  ( 0.7513160400506874170, 0.8099999999999999423, -0.1185860361225251070 ) ) ;
#1247 = CARTESIAN_POINT ( 'NONE',  ( 1.700000000000002176, 0.05000000000000000278, -1.149999999999998357 ) ) ;
#1248 = ORIENTED_EDGE ( 'NONE', *, *, #8237, .F. ) ;
#1249 = PRESENTATION_STYLE_ASSIGNMENT (( #8313 ) ) ;
#1250 = ORIENTED_EDGE ( 'NONE', *, *, #4637, .F. ) ;
#1251 = PRESENTATION_STYLE_ASSIGNMENT (( #9822 ) ) ;
#1252 = DIRECTION ( 'NONE',  ( 2.282530889443168008E-16, -0.0000000000000000000, 1.000000000000000000 ) ) ;
#1253 = SURFACE_STYLE_USAGE ( .BOTH. , #564 ) ;
#1254 =( GEOMETRIC_REPRESENTATION_CONTEXT ( 3 ) GLOBAL_UNCERTAINTY_ASSIGNED_CONTEXT ( ( #7868 ) ) GLOBAL_UNIT_ASSIGNED_CONTEXT ( ( #2735, #405, #8986 ) ) REPRESENTATION_CONTEXT ( 'NONE', 'WORKASPACE' ) );
#1255 = DIRECTION ( 'NONE',  ( -1.748713181428232560E-16, 0.0000000000000000000, -1.000000000000000000 ) ) ;
#1256 = CARTESIAN_POINT ( 'NONE',  ( -0.04713467419169558442, 0.8100000000000003864, 0.03178970159409351404 ) ) ;
#1257 = CARTESIAN_POINT ( 'NONE',  ( 0.8259277164397018645, 0.8000000000000001554, -0.1406577663676613632 ) ) ;
#1258 = DIRECTION ( 'NONE',  ( 0.9701425001453318764, 0.0000000000000000000, -0.2425356250363329691 ) ) ;
#1259 = CARTESIAN_POINT ( 'NONE',  ( 0.6996425583045730034, 0.8100000000000002753, 0.08446030330299339473 ) ) ;
#1260 = CARTESIAN_POINT ( 'NONE',  ( -1.008343848639458473, 0.8000000000000002665, -0.2253404973524743837 ) ) ;
#1261 = LINE ( 'NONE', #9928, #1548 ) ;
#1262 =( NAMED_UNIT ( * ) PLANE_ANGLE_UNIT ( ) SI_UNIT ( $, .RADIAN. ) );
#1263 = VERTEX_POINT ( 'NONE', #445 ) ;
#1264 = VERTEX_POINT ( 'NONE', #4432 ) ;
#1265 = STYLED_ITEM ( 'NONE', ( #6273 ), #4013 ) ;
#1266 =( LENGTH_UNIT ( ) NAMED_UNIT ( * ) SI_UNIT ( .MILLI., .METRE. ) );
#1267 = FILL_AREA_STYLE_COLOUR ( '', #3479 ) ;
#1268 = EDGE_CURVE ( 'NONE', #2828, #4749, #1526, .T. ) ;
#1269 = DIRECTION ( 'NONE',  ( 0.0000000000000000000, 0.0000000000000000000, 1.000000000000000000 ) ) ;
#1270 = SURFACE_STYLE_FILL_AREA ( #8285 ) ;
#1271 = CARTESIAN_POINT ( 'NONE',  ( 1.000000000000000000, 0.0000000000000000000, -1.149999999999998357 ) ) ;
#1272 = ORIENTED_EDGE ( 'NONE', *, *, #4143, .F. ) ;
#1273 = VECTOR ( 'NONE', #6125, 1000.000000000000000 ) ;
#1274 = CARTESIAN_POINT ( 'NONE',  ( -0.2541007361638827899, 0.8000000000000001554, 0.2597191794654066799 ) ) ;
#1275 = CARTESIAN_POINT ( 'NONE',  ( 1.500000000000000222, 0.7200000000000001954, -1.120000000000000107 ) ) ;
#1276 = PRESENTATION_LAYER_ASSIGNMENT (  '', '', ( #9139 ) ) ;
#1277 = CARTESIAN_POINT ( 'NONE',  ( 1.700000000000002176, 0.0000000000000000000, -1.149999999999998357 ) ) ;
#1278 = CARTESIAN_POINT ( 'NONE',  ( -0.2428298821554963904, 0.7999999999999999334, 0.1945483698360983005 ) ) ;
#1279 = ADVANCED_FACE ( 'NONE', ( #2768 ), #5880, .F. ) ;
#1280 = DIRECTION ( 'NONE',  ( 0.0000000000000000000, 0.0000000000000000000, 1.000000000000000000 ) ) ;
#1281 = CARTESIAN_POINT ( 'NONE',  ( 1.373335728183060045, 0.8000000000000001554, -0.04249184656383755282 ) ) ;
#1282 = CARTESIAN_POINT ( 'NONE',  ( 1.950000000000001732, 0.6100000000000000977, 0.9499999999999979572 ) ) ;
#1283 = CARTESIAN_POINT ( 'NONE',  ( -1.499999999999999778, 0.8000000000000001554, 0.8000000000000003775 ) ) ;
#1284 = CARTESIAN_POINT ( 'NONE',  ( 1.299504657903268967, 0.8100000000000004974, 0.2333817041199026943 ) ) ;
#1285 = EDGE_CURVE ( 'NONE', #4560, #5676, #1188, .T. ) ;
#1286 = EDGE_CURVE ( 'NONE', #7594, #7265, #4384, .T. ) ;
#1287 = ORIENTED_EDGE ( 'NONE', *, *, #963, .F. ) ;
#1288 = FILL_AREA_STYLE_COLOUR ( '', #2629 ) ;
#1289 = ORIENTED_EDGE ( 'NONE', *, *, #1358, .T. ) ;
#1290 = CARTESIAN_POINT ( 'NONE',  ( -0.1343816798228360532, 0.8099999999999997202, -0.2342854547357042239 ) ) ;
#1291 = VECTOR ( 'NONE', #3998, 1000.000000000000000 ) ;
#1292 = PRESENTATION_STYLE_ASSIGNMENT (( #2203 ) ) ;
#1293 = CARTESIAN_POINT ( 'NONE',  ( 1.157101961949293933, 0.8100000000000001643, -0.2762580803300713206 ) ) ;
#1294 = DIRECTION ( 'NONE',  ( -0.0000000000000000000, -1.000000000000000000, -0.0000000000000000000 ) ) ;
#1295 = EDGE_CURVE ( 'NONE', #6747, #8358, #4293, .T. ) ;
#1296 = CYLINDRICAL_SURFACE ( 'NONE', #7730, 0.02000000000000005246 ) ;
#1297 = CARTESIAN_POINT ( 'NONE',  ( -1.157549012076679817, 0.8100000000000001643, -0.2840502881222787268 ) ) ;
#1298 = CARTESIAN_POINT ( 'NONE',  ( -0.1997799725180163799, 0.8000000000000001554, 0.2067437273318466218 ) ) ;
#1299 = PRESENTATION_STYLE_ASSIGNMENT (( #6801 ) ) ;
#1300 = B_SPLINE_CURVE_WITH_KNOTS ( 'NONE', 3,
 ( #3818, #4734, #2184, #7875, #4523, #1528, #7665, #8594, #684, #1573, #6932, #6128, #2288, #633, #3715, #5394, #6264, #9987, #8540 ),
 .UNSPECIFIED., .F., .F.,
 ( 4, 1, 1, 1, 1, 1, 1, 1, 1, 1, 1, 1, 1, 1, 1, 1, 4 ),
 ( 0.0000000000000000000, 0.08883477632580225047, 0.1728752695024577957, 0.2533248381018305406, 0.3308667014802922357, 0.4066977638664008299, 0.4808800431006510778, 0.5552098368607555345, 0.6305097543767164137, 0.6697533563817941182, 0.7105862545158611043, 0.7533828620114679797, 0.7981149301314676148, 0.8450721842593056365, 0.8943510710800851582, 0.9459297740941481347, 1.000000000000000000 ),
 .UNSPECIFIED. ) ;
#1301 = CARTESIAN_POINT ( 'NONE',  ( 0.9135954684428003736, 0.8000000000000002665, -0.03579541799240900518 ) ) ;
#1302 = ORIENTED_EDGE ( 'NONE', *, *, #3870, .T. ) ;
#1303 =( LENGTH_UNIT ( ) NAMED_UNIT ( * ) SI_UNIT ( .MILLI., .METRE. ) );
#1304 = ORIENTED_EDGE ( 'NONE', *, *, #1629, .T. ) ;
#1305 = B_SPLINE_SURFACE_WITH_KNOTS ( 'NONE', 3, 1, ( 
 ( #1293, #4649 ),
 ( #5363, #7736 ),
 ( #6185, #9961 ),
 ( #7000, #7632 ),
 ( #10063, #8460 ),
 ( #6795, #9386 ),
 ( #9329, #2155 ),
 ( #6097, #2304 ),
 ( #602, #6899 ),
 ( #2361, #3030 ),
 ( #8352, #4543 ),
 ( #2916, #5415 ),
 ( #3681, #8563 ),
 ( #8405, #653 ),
 ( #1348, #7790 ),
 ( #7685, #762 ),
 ( #3790, #3879 ),
 ( #10157, #6044 ),
 ( #1392, #10008 ),
 ( #3125, #5269 ),
 ( #6234, #3736 ),
 ( #2969, #9241 ),
 ( #2204, #5317 ),
 ( #1440, #6283 ),
 ( #863, #4131 ),
 ( #126, #8610 ),
 ( #1590, #7269 ) ),
 .UNSPECIFIED., .F., .F., .F.,
 ( 4, 1, 1, 1, 1, 1, 1, 1, 1, 1, 1, 1, 1, 1, 1, 1, 1, 1, 1, 1, 1, 1, 1, 1, 4 ),
 ( 2, 2 ),
 ( 0.0000000000000000000, 0.03969488102221831877, 0.07810187201710146188, 0.1154037028663259246, 0.1520669161880208453, 0.1875524003827287733, 0.2229883456027258182, 0.2576727165810332454, 0.2924413981060962064, 0.3273725030079371323, 0.3629385695372439602, 0.3991590086843145868, 0.4365253198424251524, 0.4746910008636796019, 0.5144202873446738211, 0.5555891842926875546, 0.5986732076800561630, 0.6430178684979207526, 0.6889891645835966028, 0.7360666425939580426, 0.7850951960642139627, 0.8358054531679620647, 0.8884285473833727353, 0.9433552989496989394, 1.000000000000000000 ),
 ( 0.0000000000000000000, 1.000000000000000000 ),
 .UNSPECIFIED. ) ;
#1306 = PRODUCT_DEFINITION_CONTEXT ( 'detailed design', #2603, 'design' ) ;
#1307 = MECHANICAL_DESIGN_GEOMETRIC_PRESENTATION_REPRESENTATION (  '', ( #8507 ), #2276 ) ;
#1308 = DIRECTION ( 'NONE',  ( -1.000000000000000000, -0.0000000000000000000, 1.204669080539449344E-16 ) ) ;
#1309 = B_SPLINE_CURVE_WITH_KNOTS ( 'NONE', 3,
 ( #8102, #4802, #9641, #1120, #3380, #8758, #1067, #2653, #1736, #8810, #8000, #912, #2554, #967, #5718, #3480, #8861, #4081, #1838 ),
 .UNSPECIFIED., .F., .F.,
 ( 4, 1, 1, 1, 1, 1, 1, 1, 1, 1, 1, 1, 1, 1, 1, 1, 4 ),
 ( 0.0000000000000000000, 0.03476247499314150113, 0.06921761996766290226, 0.1040827908270606089, 0.1396233419469607162, 0.1780076438586627174, 0.2187066205196007140, 0.2628484765996418893, 0.3106326191763027489, 0.3641701430560785879, 0.4264757682148802020, 0.4977490005588234845, 0.5783092054372713786, 0.6685643758583322827, 0.7690571095696286941, 0.8794894768587032674, 1.000000000000000000 ),
 .UNSPECIFIED. ) ;
#1310 = CARTESIAN_POINT ( 'NONE',  ( -1.950000000000001510, 0.6100000000000000977, 0.9499999999999996225 ) ) ;
#1311 = CARTESIAN_POINT ( 'NONE',  ( -0.8348460148384961865, 0.8000000000000004885, -0.3358419802741366422 ) ) ;
#1312 = PRESENTATION_STYLE_ASSIGNMENT (( #9097 ) ) ;
#1313 = CARTESIAN_POINT ( 'NONE',  ( 0.7342604685838813872, 0.8000000000000002665, -0.02017343985562472866 ) ) ;
#1314 = CARTESIAN_POINT ( 'NONE',  ( 0.6390418970142287547, 0.8000000000000003775, -0.07366067773266866958 ) ) ;
#1315 = CARTESIAN_POINT ( 'NONE',  ( 0.7267042346765664185, 0.8100000000000001643, 0.1330763352543442857 ) ) ;
#1316 = FILL_AREA_STYLE_COLOUR ( '', #1706 ) ;
#1317 = COLOUR_RGB ( '',1.000000000000000000, 0.9490196078431372140, 0.9098039215686274384 ) ;
#1318 = ORIENTED_EDGE ( 'NONE', *, *, #5882, .T. ) ;
#1319 = UNCERTAINTY_MEASURE_WITH_UNIT (LENGTH_MEASURE( 1.000000000000000082E-05 ), #7611, 'distance_accuracy_value', 'NONE');
#1320 = CARTESIAN_POINT ( 'NONE',  ( 1.899999999999999911, 0.0000000000000000000, 0.3500000000000004219 ) ) ;
#1321 = CARTESIAN_POINT ( 'NONE',  ( -0.3019889471416148941, 0.8100000000000001643, -0.03859574266773356521 ) ) ;
#1322 = COLOUR_RGB ( '',1.000000000000000000, 0.8078431372549019773, 0.4980392156862745168 ) ;
#1323 = CARTESIAN_POINT ( 'NONE',  ( 1.349676276252058216, 0.8100000000000002753, 0.1988036398565385665 ) ) ;
#1324 = LINE ( 'NONE', #4406, #3603 ) ;
#1325 = FACE_OUTER_BOUND ( 'NONE', #5725, .T. ) ;
#1326 = CARTESIAN_POINT ( 'NONE',  ( 1.899999999999999689, 0.05000000000000000278, -0.3500000000000001998 ) ) ;
#1327 = EDGE_CURVE ( 'NONE', #1669, #9591, #7444, .T. ) ;
#1328 = VECTOR ( 'NONE', #8069, 1000.000000000000000 ) ;
#1329 = VERTEX_POINT ( 'NONE', #3623 ) ;
#1330 = FILL_AREA_STYLE_COLOUR ( '', #8495 ) ;
#1331 = CARTESIAN_POINT ( 'NONE',  ( 0.7654325952194643845, 0.8000000000000000444, -0.1765044068173539926 ) ) ;
#1332 = SURFACE_STYLE_USAGE ( .BOTH. , #9120 ) ;
#1333 = SURFACE_STYLE_USAGE ( .BOTH. , #3668 ) ;
#1334 = CARTESIAN_POINT ( 'NONE',  ( -0.3643266094792771970, 0.8100000000000001643, -0.03835223617422705428 ) ) ;
#1335 = LINE ( 'NONE', #5979, #9896 ) ;
#1336 = LINE ( 'NONE', #2712, #8235 ) ;
#1337 = AXIS2_PLACEMENT_3D ( 'NONE', #2720, #7532, #5932 ) ;
#1338 = LINE ( 'NONE', #2193, #3048 ) ;
#1339 =( NAMED_UNIT ( * ) PLANE_ANGLE_UNIT ( ) SI_UNIT ( $, .RADIAN. ) );
#1340 = CARTESIAN_POINT ( 'NONE',  ( 1.247633778420216055, 0.8100000000000000533, 0.2565439133492442014 ) ) ;
#1341 = CARTESIAN_POINT ( 'NONE',  ( -1.003287648440316149, 0.8100000000000001643, -0.1782467166937073688 ) ) ;
#1342 = ORIENTED_EDGE ( 'NONE', *, *, #6111, .F. ) ;
#1343 = CARTESIAN_POINT ( 'NONE',  ( -1.130139362490917510, 0.8000000000000003775, -0.2800567340113008230 ) ) ;
#1344 = EDGE_LOOP ( 'NONE', ( #10139, #9814, #1092, #6164 ) ) ;
#1345 = CARTESIAN_POINT ( 'NONE',  ( -0.1418247362597467864, 0.7999999999999999334, -0.2460154612977585031 ) ) ;
#1346 = VECTOR ( 'NONE', #292, 1000.000000000000000 ) ;
#1347 = LINE ( 'NONE', #5935, #3410 ) ;
#1348 = CARTESIAN_POINT ( 'NONE',  ( 1.019762706160386889, 0.8100000000000001643, -0.2073010492488254475 ) ) ;
#1349 = CARTESIAN_POINT ( 'NONE',  ( -1.125031846311057793, 0.8000000000000000444, 0.05372647368618761743 ) ) ;
#1350 = DIRECTION ( 'NONE',  ( -1.000000000000000000, 0.0000000000000000000, 0.0000000000000000000 ) ) ;
#1351 = CARTESIAN_POINT ( 'NONE',  ( -0.3641850567202165601, 0.7999999999999998224, -0.02475394004647235580 ) ) ;
#1352 = AXIS2_PLACEMENT_3D ( 'NONE', #6741, #3565, #2759 ) ;
#1353 = CARTESIAN_POINT ( 'NONE',  ( -0.1276136825561881294, 0.8000000000000002665, 0.1417917756095391224 ) ) ;
#1354 = CARTESIAN_POINT ( 'NONE',  ( -0.7798173119875188020, 0.8100000000000001643, -0.2839201605220320057 ) ) ;
#1355 = ORIENTED_EDGE ( 'NONE', *, *, #375, .F. ) ;
#1356 = CARTESIAN_POINT ( 'NONE',  ( -1.098821091438324293, 0.8100000000000002753, -0.2617958024943185524 ) ) ;
#1357 = ORIENTED_EDGE ( 'NONE', *, *, #6449, .T. ) ;
#1358 = EDGE_CURVE ( 'NONE', #8454, #6841, #7332, .T. ) ;
#1359 = AXIS2_PLACEMENT_3D ( 'NONE', #5105, #8252, #644 ) ;
#1360 = AXIS2_PLACEMENT_3D ( 'NONE', #6223, #954, #9530 ) ;
#1361 = LINE ( 'NONE', #5125, #2015 ) ;
#1362 = CARTESIAN_POINT ( 'NONE',  ( -0.7639504075931471405, 0.8100000000000000533, -0.3458988213405394530 ) ) ;
#1363 = CARTESIAN_POINT ( 'NONE',  ( 0.9827934057533194157, 0.8000000000000001554, 0.04196402852999377847 ) ) ;
#1364 = CARTESIAN_POINT ( 'NONE',  ( 0.7959818320791637314, 0.8100000000000001643, 0.2614042573322663543 ) ) ;
#1365 = CARTESIAN_POINT ( 'NONE',  ( -0.08982470329695672884, 0.8100000000000001643, -0.2762953058248670546 ) ) ;
#1366 = CARTESIAN_POINT ( 'NONE',  ( 0.9957679076120009576, 0.8100000000000001643, 0.08674859314561865486 ) ) ;
#1367 =( NAMED_UNIT ( * ) SI_UNIT ( $, .STERADIAN. ) SOLID_ANGLE_UNIT ( ) );
#1368 = COLOUR_RGB ( '',1.000000000000000000, 0.9490196078431372140, 0.9098039215686274384 ) ;
#1369 = MECHANICAL_DESIGN_GEOMETRIC_PRESENTATION_REPRESENTATION (  '', ( #3959 ), #5271 ) ;
#1370 = CARTESIAN_POINT ( 'NONE',  ( -1.800000000000000933, 0.6000000000000000888, -1.249999999999998224 ) ) ;
#1371 = EDGE_CURVE ( 'NONE', #6855, #571, #9387, .T. ) ;
#1372 = VERTEX_POINT ( 'NONE', #814 ) ;
#1373 = B_SPLINE_CURVE_WITH_KNOTS ( 'NONE', 3,
 ( #1920, #5697, #1969, #9829, #8844, #3414, #1054, #5747, #6522, #6664, #7352 ),
 .UNSPECIFIED., .F., .F.,
 ( 4, 1, 1, 1, 1, 1, 1, 1, 4 ),
 ( 0.0000000000000000000, 0.09322199291302797619, 0.1938649693116593631, 0.3031733266023045048, 0.4219751466596722289, 0.5505186320220890606, 0.6892477464602378978, 0.8389663890178447048, 1.000000000000000000 ),
 .UNSPECIFIED. ) ;
#1374 = CARTESIAN_POINT ( 'NONE',  ( -0.1577748895614943525, 0.8000000000000001554, -0.2647261486837399480 ) ) ;
#1375 = FACE_OUTER_BOUND ( 'NONE', #2176, .T. ) ;
#1376 = SURFACE_SIDE_STYLE ('',( #8381 ) ) ;
#1377 = CARTESIAN_POINT ( 'NONE',  ( -0.7873103350454871974, 0.8000000000000001554, 0.2689790979968827989 ) ) ;
#1378 = CARTESIAN_POINT ( 'NONE',  ( -0.08157658880924056888, 0.8099999999999998312, -0.2621935917501274083 ) ) ;
#1379 = ORIENTED_EDGE ( 'NONE', *, *, #8678, .T. ) ;
#1380 = CARTESIAN_POINT ( 'NONE',  ( -0.6719075499156239584, 0.8100000000000003864, 0.2090018205210318891 ) ) ;
#1381 = CARTESIAN_POINT ( 'NONE',  ( 0.7443408449114159442, 0.8000000000000001554, -0.2364231680248657375 ) ) ;
#1382 =( LENGTH_UNIT ( ) NAMED_UNIT ( * ) SI_UNIT ( .MILLI., .METRE. ) );
#1383 = CARTESIAN_POINT ( 'NONE',  ( -0.1072932446615712104, 0.8100000000000000533, -0.02702830974468120248 ) ) ;
#1384 = CARTESIAN_POINT ( 'NONE',  ( 0.9135954684428003736, 0.8000000000000002665, -0.03579541799240900518 ) ) ;
#1385 = CARTESIAN_POINT ( 'NONE',  ( 0.4304785853259170403, 0.8100000000000001643, -0.3385957426677335680 ) ) ;
#1386 = PLANE ( 'NONE',  #1056 ) ;
#1387 = CARTESIAN_POINT ( 'NONE',  ( 0.7268259879233198717, 0.8100000000000002753, 0.02057633525434429678 ) ) ;
#1388 = EDGE_LOOP ( 'NONE', ( #7008, #4428, #5182, #4332 ) ) ;
#1389 = VECTOR ( 'NONE', #3176, 1000.000000000000000 ) ;
#1390 = CARTESIAN_POINT ( 'NONE',  ( -0.2067779081805759256, 0.8100000000000001643, -0.2840502881222789489 ) ) ;
#1391 = CARTESIAN_POINT ( 'NONE',  ( -0.2231333390066195244, 0.8000000000000001554, -0.3457231104876025696 ) ) ;
#1392 = CARTESIAN_POINT ( 'NONE',  ( 0.9940876355125620734, 0.8100000000000000533, -0.1567077664659033143 ) ) ;
#1393 = DIRECTION ( 'NONE',  ( 0.0000000000000000000, 0.0000000000000000000, -1.000000000000000000 ) ) ;
#1394 = CARTESIAN_POINT ( 'NONE',  ( -1.137802692357264833, 0.8000000000000001554, 0.06759337662153734605 ) ) ;
#1395 = DIRECTION ( 'NONE',  ( 0.0000000000000000000, -1.000000000000000000, 0.0000000000000000000 ) ) ;
#1396 = EDGE_CURVE ( 'NONE', #2012, #1710, #6820, .T. ) ;
#1397 = CARTESIAN_POINT ( 'NONE',  ( 1.700000000000002176, 0.0000000000000000000, 1.149999999999998801 ) ) ;
#1398 = CARTESIAN_POINT ( 'NONE',  ( -0.1740699537575939870, 0.8000000000000002665, 0.2000470469116943373 ) ) ;
#1399 = CARTESIAN_POINT ( 'NONE',  ( -1.700000000000001954, 0.05000000000000000278, -1.149999999999998357 ) ) ;
#1400 = CARTESIAN_POINT ( 'NONE',  ( -0.7726943329369242441, 0.8000000000000000444, -0.2836615379771812440 ) ) ;
#1401 = ORIENTED_EDGE ( 'NONE', *, *, #1041, .F. ) ;
#1402 = CARTESIAN_POINT ( 'NONE',  ( -1.121715165939041636, 0.7999999999999999334, -0.2769164761595588886 ) ) ;
#1403 = VERTEX_POINT ( 'NONE', #1636 ) ;
#1404 = PRESENTATION_LAYER_ASSIGNMENT (  '', '', ( #9598 ) ) ;
#1405 = DIRECTION ( 'NONE',  ( -1.000000000000000000, 0.0000000000000000000, 0.0000000000000000000 ) ) ;
#1406 = CARTESIAN_POINT ( 'NONE',  ( -0.6971398882025900967, 0.8100000000000000533, 0.2386726592570877215 ) ) ;
#1407 = CARTESIAN_POINT ( 'NONE',  ( -0.9408510086412799067, 0.8000000000000002665, -0.05061152421123902428 ) ) ;
#1408 = FILL_AREA_STYLE ('',( #7503 ) ) ;
#1409 = DIRECTION ( 'NONE',  ( 1.000000000000000000, 0.0000000000000000000, 4.336808689942043768E-15 ) ) ;
#1410 = VERTEX_POINT ( 'NONE', #9242 ) ;
#1411 = CARTESIAN_POINT ( 'NONE',  ( 1.143845975200104448, 0.8100000000000001643, -0.2760809804325662919 ) ) ;
#1412 = ADVANCED_FACE ( 'NONE', ( #3737 ), #10109, .F. ) ;
#1413 = UNCERTAINTY_MEASURE_WITH_UNIT (LENGTH_MEASURE( 1.000000000000000082E-05 ), #1967, 'distance_accuracy_value', 'NONE');
#1414 = CARTESIAN_POINT ( 'NONE',  ( -0.8194532587788734279, 0.8100000000000001643, 0.1945483698360985225 ) ) ;
#1415 = DIRECTION ( 'NONE',  ( -0.0000000000000000000, -1.000000000000000000, -0.0000000000000000000 ) ) ;
#1416 = COLOUR_RGB ( '',0.09803921568627450844, 0.09803921568627450844, 0.09803921568627450844 ) ;
#1417 = CARTESIAN_POINT ( 'NONE',  ( 0.9263041325917880098, 0.8000000000000000444, -0.1476689393107162851 ) ) ;
#1418 = FACE_OUTER_BOUND ( 'NONE', #5917, .T. ) ;
#1419 = CARTESIAN_POINT ( 'NONE',  ( -1.700000000000001954, 0.0000000000000000000, 1.149999999999998801 ) ) ;
#1420 = SURFACE_SIDE_STYLE ('',( #3909 ) ) ;
#1421 =( NAMED_UNIT ( * ) PLANE_ANGLE_UNIT ( ) SI_UNIT ( $, .RADIAN. ) );
#1422 = CARTESIAN_POINT ( 'NONE',  ( -0.9409499861026539014, 0.7999999999999999334, -0.03835223617422683917 ) ) ;
#1423 = TOROIDAL_SURFACE ( 'NONE', #4673, 0.2799999999999999711, 0.02000000000000000042 ) ;
#1424 = PRESENTATION_LAYER_ASSIGNMENT (  '', '', ( #8136 ) ) ;
#1425 = ORIENTED_EDGE ( 'NONE', *, *, #6627, .F. ) ;
#1426 = CARTESIAN_POINT ( 'NONE',  ( -0.6612326191529895869, 0.8000000000000000444, 0.1905037987514400233 ) ) ;
#1427 = CARTESIAN_POINT ( 'NONE',  ( -0.6904621045877421537, 0.8000000000000004885, 0.08164627790778986038 ) ) ;
#1428 = CARTESIAN_POINT ( 'NONE',  ( -0.1107897226381273081, 0.8100000000000000533, 0.05577849536350022730 ) ) ;
#1429 = B_SPLINE_CURVE_WITH_KNOTS ( 'NONE', 3,
 ( #3635, #9919, #4980, #459, #5790, #8220, #4253, #7346, #3454, #8941, #1204, #1914, #5024, #3543, #2831, #355, #6658, #5891, #5373 ),
 .UNSPECIFIED., .F., .F.,
 ( 4, 1, 1, 1, 1, 1, 1, 1, 1, 1, 1, 1, 1, 1, 1, 1, 4 ),
 ( 0.0000000000000000000, 0.07276442323286491654, 0.1421165308725575172, 0.2091368051116843929, 0.2744518961446938410, 0.3376203953116401757, 0.4005949769092235768, 0.4632775573281084358, 0.5260576223788611117, 0.5879893685793929903, 0.6479647212770841547, 0.7067453902546662059, 0.7637514568151309025, 0.8214134920333621137, 0.8796454074789822331, 0.9389233486419933383, 1.000000000000000000 ),
 .UNSPECIFIED. ) ;
#1430 = DIRECTION ( 'NONE',  ( 0.0000000000000000000, 0.0000000000000000000, -1.000000000000000000 ) ) ;
#1431 = CARTESIAN_POINT ( 'NONE',  ( -1.308911740235262577, 0.8000000000000001554, 0.1906685355068860332 ) ) ;
#1432 = CARTESIAN_POINT ( 'NONE',  ( 1.324716417564063109, 0.8099999999999998312, 0.2174034061927919703 ) ) ;
#1433 = FILL_AREA_STYLE_COLOUR ( '', #6454 ) ;
#1434 = DIRECTION ( 'NONE',  ( 0.0000000000000000000, -1.000000000000000000, 0.0000000000000000000 ) ) ;
#1435 = ORIENTED_EDGE ( 'NONE', *, *, #7335, .T. ) ;
#1436 = COLOUR_RGB ( '',1.000000000000000000, 0.8078431372549019773, 0.4980392156862745168 ) ;
#1437 =( NAMED_UNIT ( * ) PLANE_ANGLE_UNIT ( ) SI_UNIT ( $, .RADIAN. ) );
#1438 = B_SPLINE_CURVE_WITH_KNOTS ( 'NONE', 3,
 ( #3662, #2080, #1378, #5916, #9169, #635, #3769, #8439, #2951, #5193, #5246 ),
 .UNSPECIFIED., .F., .F.,
 ( 4, 1, 1, 1, 1, 1, 1, 1, 4 ),
 ( 0.0000000000000000000, 0.09322199291302805946, 0.1938649693116593631, 0.3031733266023045048, 0.4219751466596721734, 0.5505186320220890606, 0.6892477464602378978, 0.8389663890178445937, 1.000000000000000000 ),
 .UNSPECIFIED. ) ;
#1439 = SURFACE_SIDE_STYLE ('',( #2459 ) ) ;
#1440 = CARTESIAN_POINT ( 'NONE',  ( 0.9771987935409162107, 0.8100000000000000533, -0.07573161379730727893 ) ) ;
#1441 = VECTOR ( 'NONE', #6672, 1000.000000000000000 ) ;
#1442 = CARTESIAN_POINT ( 'NONE',  ( 0.9467465098882218433, 0.8000000000000001554, 0.1290100557762437206 ) ) ;
#1443 = CARTESIAN_POINT ( 'NONE',  ( -0.1075030725951924282, 0.8000000000000002665, -0.004860814952737162360 ) ) ;
#1444 = ORIENTED_EDGE ( 'NONE', *, *, #5155, .T. ) ;
#1445 = CARTESIAN_POINT ( 'NONE',  ( -1.080491967058218927, 0.8100000000000002753, -0.2392933828035247734 ) ) ;
#1446 = COLOUR_RGB ( '',0.09803921568627450844, 0.09803921568627450844, 0.09803921568627450844 ) ;
#1447 = ORIENTED_EDGE ( 'NONE', *, *, #3079, .T. ) ;
#1448 = MECHANICAL_DESIGN_GEOMETRIC_PRESENTATION_REPRESENTATION (  '', ( #4700 ), #443 ) ;
#1449 = CARTESIAN_POINT ( 'NONE',  ( -1.207539996290692974, 0.8000000000000001554, 0.1446734927190999609 ) ) ;
#1450 = LINE ( 'NONE', #6056, #413 ) ;
#1451 = CARTESIAN_POINT ( 'NONE',  ( -0.7639504075931471405, 0.8000000000000000444, -0.3458988213405394530 ) ) ;
#1452 = VECTOR ( 'NONE', #7773, 1000.000000000000000 ) ;
#1453 = DIRECTION ( 'NONE',  ( -0.0000000000000000000, -1.000000000000000000, -0.0000000000000000000 ) ) ;
#1454 = FILL_AREA_STYLE_COLOUR ( '', #7779 ) ;
#1455 = VECTOR ( 'NONE', #4369, 1000.000000000000000 ) ;
#1456 = B_SPLINE_CURVE_WITH_KNOTS ( 'NONE', 3,
 ( #1297, #5991, #6753, #6903, #7586, #2823, #552, #4546, #5274, #4388, #8307, #9138, #2262, #8513, #8354, #5218, #9186, #1494, #2159 ),
 .UNSPECIFIED., .F., .F.,
 ( 4, 1, 1, 1, 1, 1, 1, 1, 1, 1, 1, 1, 1, 1, 1, 1, 4 ),
 ( 0.0000000000000000000, 0.05804980772933921590, 0.1133158893875000905, 0.1675638359149650425, 0.2211445115033658926, 0.2745827087259842259, 0.3295505316163395704, 0.3848123021795484267, 0.4429482342250157245, 0.5031418890768718510, 0.5643598730162427968, 0.6280011847515517553, 0.6950159250723626503, 0.7646631069963485405, 0.8387685532096205154, 0.9171396849374433558, 1.000000000000000000 ),
 .UNSPECIFIED. ) ;
#1457 =( NAMED_UNIT ( * ) PLANE_ANGLE_UNIT ( ) SI_UNIT ( $, .RADIAN. ) );
#1458 = CARTESIAN_POINT ( 'NONE',  ( -0.09379089519356294258, 0.8000000000000001554, -0.2830762621482530439 ) ) ;
#1459 =( NAMED_UNIT ( * ) SI_UNIT ( $, .STERADIAN. ) SOLID_ANGLE_UNIT ( ) );
#1460 = FILL_AREA_STYLE_COLOUR ( '', #5451 ) ;
#1461 = SURFACE_STYLE_USAGE ( .BOTH. , #2324 ) ;
#1462 = EDGE_LOOP ( 'NONE', ( #1884, #5639, #3304, #5382 ) ) ;
#1463 = MECHANICAL_DESIGN_GEOMETRIC_PRESENTATION_REPRESENTATION (  '', ( #5858 ), #2593 ) ;
#1464 = ORIENTED_EDGE ( 'NONE', *, *, #9251, .F. ) ;
#1465 = CARTESIAN_POINT ( 'NONE',  ( -0.8785024127659318838, 0.8000000000000000444, -0.02690666817324859766 ) ) ;
#1466 = EDGE_CURVE ( 'NONE', #7094, #5022, #8461, .T. ) ;
#1467 = CARTESIAN_POINT ( 'NONE',  ( -0.1493750531785765501, 0.8000000000000002665, -0.2562567862401695651 ) ) ;
#1468 = B_SPLINE_SURFACE_WITH_KNOTS ( 'NONE', 3, 1, ( 
 ( #6488, #4399 ),
 ( #3648, #7309 ),
 ( #6767, #1831 ),
 ( #9929, #9157 ),
 ( #2884, #8097 ),
 ( #1014, #5235 ),
 ( #4896, #4461 ),
 ( #4177, #570 ),
 ( #4125, #3703 ),
 ( #7262, #212 ),
 ( #3378, #3425 ),
 ( #6668, #9832 ),
 ( #2789, #5902 ),
 ( #9977, #3899 ),
 ( #3098, #2175 ) ),
 .UNSPECIFIED., .F., .F., .F.,
 ( 4, 1, 1, 1, 1, 1, 1, 1, 1, 1, 1, 1, 4 ),
 ( 2, 2 ),
 ( 0.0000000000000000000, 0.1127637884701892523, 0.2122965935194748854, 0.3003597345435974897, 0.3772258941717883118, 0.4488605810418261899, 0.5212542585843975562, 0.5947535958431323655, 0.6711958399937263398, 0.7497814487269274242, 0.8304411004918744732, 0.9133100095204436109, 1.000000000000000000 ),
 ( 0.0000000000000000000, 1.000000000000000000 ),
 .UNSPECIFIED. ) ;
#1469 = DIRECTION ( 'NONE',  ( 1.000000000000000000, -0.0000000000000000000, -0.0000000000000000000 ) ) ;
#1470 = ADVANCED_FACE ( 'NONE', ( #654 ), #3791, .T. ) ;
#1471 = EDGE_CURVE ( 'NONE', #8822, #8388, #1888, .T. ) ;
#1472 = CYLINDRICAL_SURFACE ( 'NONE', #8707, 0.3041381265149101232 ) ;
#1473 = CARTESIAN_POINT ( 'NONE',  ( -0.8851445826785983018, 0.7999999999999999334, 0.2160824072274391272 ) ) ;
#1474 = FACE_OUTER_BOUND ( 'NONE', #2484, .T. ) ;
#1475 = CARTESIAN_POINT ( 'NONE',  ( -0.3583918976627652464, 0.8100000000000001643, 0.07360529725343005480 ) ) ;
#1476 = B_SPLINE_CURVE_WITH_KNOTS ( 'NONE', 3,
 ( #2428, #5433, #6358, #3896, #1562, #2377, #4664, #3198, #9565, #5538, #7807, #8684, #7187, #8629, #5585 ),
 .UNSPECIFIED., .F., .F.,
 ( 4, 1, 1, 1, 1, 1, 1, 1, 1, 1, 1, 1, 4 ),
 ( 0.0000000000000000000, 0.1227371742114029690, 0.2300214414617049730, 0.3227434440745416411, 0.4026375132451765482, 0.4747199933194359289, 0.5458043293954714104, 0.6170739903781965463, 0.6906895413349627422, 0.7648407015843753376, 0.8405411235718838192, 0.9183072761026400688, 1.000000000000000000 ),
 .UNSPECIFIED. ) ;
#1477 = ORIENTED_EDGE ( 'NONE', *, *, #4057, .T. ) ;
#1478 = CARTESIAN_POINT ( 'NONE',  ( -0.7443341227050696007, 0.8000000000000000444, 0.2648219046847185010 ) ) ;
#1479 =( GEOMETRIC_REPRESENTATION_CONTEXT ( 3 ) GLOBAL_UNCERTAINTY_ASSIGNED_CONTEXT ( ( #5383 ) ) GLOBAL_UNIT_ASSIGNED_CONTEXT ( ( #5206, #6789, #9127 ) ) REPRESENTATION_CONTEXT ( 'NONE', 'WORKASPACE' ) );
#1480 = FACE_OUTER_BOUND ( 'NONE', #6967, .T. ) ;
#1481 = EDGE_CURVE ( 'NONE', #9281, #2139, #5665, .T. ) ;
#1482 = CARTESIAN_POINT ( 'NONE',  ( -0.1075030725951924282, 0.8100000000000002753, -0.004860814952737162360 ) ) ;
#1483 = CARTESIAN_POINT ( 'NONE',  ( 0.9967356178280423196, 0.8000000000000003775, -0.2810438384004351198 ) ) ;
#1484 = CARTESIAN_POINT ( 'NONE',  ( 1.203900344141479284, 0.8100000000000002753, 0.1948600092757132585 ) ) ;
#1485 = CARTESIAN_POINT ( 'NONE',  ( 1.349676276252058216, 0.8100000000000002753, 0.1988036398565385665 ) ) ;
#1486 = ORIENTED_EDGE ( 'NONE', *, *, #423, .F. ) ;
#1487 = CARTESIAN_POINT ( 'NONE',  ( 0.7961276062755868743, 0.8000000000000000444, -0.2832613604665999429 ) ) ;
#1488 = CARTESIAN_POINT ( 'NONE',  ( -0.6581999654326171623, 0.8000000000000000444, -0.2621935917501271307 ) ) ;
#1489 =( LENGTH_UNIT ( ) NAMED_UNIT ( * ) SI_UNIT ( .MILLI., .METRE. ) );
#1490 = B_SPLINE_CURVE_WITH_KNOTS ( 'NONE', 3,
 ( #9216, #7560, #1323, #5240, #10036, #4405, #7712, #5390, #6774, #6822, #2133 ),
 .UNSPECIFIED., .F., .F.,
 ( 4, 1, 1, 1, 1, 1, 1, 1, 4 ),
 ( 0.0000000000000000000, 0.1401539342006934419, 0.2743036365900061169, 0.4028959038526180314, 0.5266482423673581881, 0.6473998788673331894, 0.7658420595742357895, 0.8825150383086765027, 1.000000000000000000 ),
 .UNSPECIFIED. ) ;
#1491 = MECHANICAL_DESIGN_GEOMETRIC_PRESENTATION_REPRESENTATION (  '', ( #4907 ), #10007 ) ;
#1492 = FILL_AREA_STYLE ('',( #6235 ) ) ;
#1493 = DIRECTION ( 'NONE',  ( 0.0000000000000000000, 1.000000000000000000, 0.0000000000000000000 ) ) ;
#1494 = CARTESIAN_POINT ( 'NONE',  ( -1.252596708716998020, 0.8100000000000001643, -0.1642492628238696184 ) ) ;
#1495 = CARTESIAN_POINT ( 'NONE',  ( 0.6827707526385172754, 0.8000000000000002665, -0.3376031945626601360 ) ) ;
#1496 = PLANE ( 'NONE',  #7623 ) ;
#1497 = CARTESIAN_POINT ( 'NONE',  ( -0.7184481128831233798, 0.7999999999999999334, -0.2460154612977583366 ) ) ;
#1498 = ORIENTED_EDGE ( 'NONE', *, *, #4026, .T. ) ;
#1499 = VECTOR ( 'NONE', #3206, 1000.000000000000000 ) ;
#1500 = AXIS2_PLACEMENT_3D ( 'NONE', #439, #6746, #9852 ) ;
#1501 = ORIENTED_EDGE ( 'NONE', *, *, #2725, .T. ) ;
#1502 = CARTESIAN_POINT ( 'NONE',  ( -1.226272414873336380, 0.8100000000000001643, 0.1703338083589631680 ) ) ;
#1503 = DIRECTION ( 'NONE',  ( -3.252606517456514485E-15, 0.0000000000000000000, 1.000000000000000000 ) ) ;
#1504 = CARTESIAN_POINT ( 'NONE',  ( -0.2443399945103183757, 0.8100000000000000533, -0.2716150637105989585 ) ) ;
#1505 = CARTESIAN_POINT ( 'NONE',  ( 0.6719587195249665523, 0.8100000000000001643, 0.04185595785078267961 ) ) ;
#1506 = COLOUR_RGB ( '',1.000000000000000000, 0.8078431372549019773, 0.4980392156862745168 ) ;
#1507 = CARTESIAN_POINT ( 'NONE',  ( 0.6876214424687742133, 0.8000000000000001554, -0.007426911498902444980 ) ) ;
#1508 = CARTESIAN_POINT ( 'NONE',  ( 1.500000000000000222, 0.7200000000000001954, -0.8000000000000001554 ) ) ;
#1509 = DIRECTION ( 'NONE',  ( -0.0000000000000000000, -1.000000000000000000, -0.0000000000000000000 ) ) ;
#1510 = EDGE_CURVE ( 'NONE', #4771, #5515, #9644, .T. ) ;
#1511 = PLANE ( 'NONE',  #3319 ) ;
#1512 = DIRECTION ( 'NONE',  ( 0.0000000000000000000, -0.0000000000000000000, 1.000000000000000000 ) ) ;
#1513 = DIRECTION ( 'NONE',  ( 0.0000000000000000000, 0.0000000000000000000, 1.000000000000000000 ) ) ;
#1514 = ORIENTED_EDGE ( 'NONE', *, *, #6142, .T. ) ;
#1515 = DIRECTION ( 'NONE',  ( 1.748713181428233054E-16, -0.0000000000000000000, 1.000000000000000000 ) ) ;
#1516 = ORIENTED_EDGE ( 'NONE', *, *, #8474, .F. ) ;
#1517 = STYLED_ITEM ( 'NONE', ( #2709 ), #8301 ) ;
#1518 = ORIENTED_EDGE ( 'NONE', *, *, #2396, .F. ) ;
#1519 = UNCERTAINTY_MEASURE_WITH_UNIT (LENGTH_MEASURE( 1.000000000000000082E-05 ), #5658, 'distance_accuracy_value', 'NONE');
#1520 = SURFACE_SIDE_STYLE ('',( #6927 ) ) ;
#1521 = CARTESIAN_POINT ( 'NONE',  ( 1.989999999999999103, 0.6100000000000000977, 1.240000000000000435 ) ) ;
#1522 = FILL_AREA_STYLE_COLOUR ( '', #5951 ) ;
#1523 = EDGE_CURVE ( 'NONE', #301, #3144, #8002, .T. ) ;
#1524 = COLOUR_RGB ( '',0.09803921568627450844, 0.09803921568627450844, 0.09803921568627450844 ) ;
#1525 = CARTESIAN_POINT ( 'NONE',  ( -2.000000000000000000, 0.0000000000000000000, 1.250000000000000000 ) ) ;
#1526 = CIRCLE ( 'NONE', #7240, 0.02000000000000005246 ) ;
#1527 =( NAMED_UNIT ( * ) PLANE_ANGLE_UNIT ( ) SI_UNIT ( $, .RADIAN. ) );
#1528 = CARTESIAN_POINT ( 'NONE',  ( 1.258570370001049765, 0.8000000000000000444, -0.3266499269537526118 ) ) ;
#1529 = CARTESIAN_POINT ( 'NONE',  ( -0.8782684529244267901, 0.7999999999999997113, -0.3024403533860111626 ) ) ;
#1530 = DIRECTION ( 'NONE',  ( -0.0000000000000000000, -1.000000000000000000, -0.0000000000000000000 ) ) ;
#1531 = ORIENTED_EDGE ( 'NONE', *, *, #2228, .T. ) ;
#1532 = AXIS2_PLACEMENT_3D ( 'NONE', #9504, #7391, #341 ) ;
#1533 = VECTOR ( 'NONE', #5953, 1000.000000000000000 ) ;
#1534 =( NAMED_UNIT ( * ) SI_UNIT ( $, .STERADIAN. ) SOLID_ANGLE_UNIT ( ) );
#1535 = CARTESIAN_POINT ( 'NONE',  ( -0.1075030725951924282, 0.8000000000000000444, -0.004860814952737162360 ) ) ;
#1536 = CARTESIAN_POINT ( 'NONE',  ( -1.199797388700056588, 0.8100000000000001643, 0.03871756902057833793 ) ) ;
#1537 = VECTOR ( 'NONE', #1923, 1000.000000000000000 ) ;
#1538 = EDGE_CURVE ( 'NONE', #9926, #3596, #4132, .T. ) ;
#1539 = SURFACE_STYLE_FILL_AREA ( #3172 ) ;
#1540 = AXIS2_PLACEMENT_3D ( 'NONE', #9830, #310, #5901 ) ;
#1541 = CARTESIAN_POINT ( 'NONE',  ( -0.7933667588794629522, 0.8099999999999999423, -0.2837098477758562831 ) ) ;
#1542 = SURFACE_STYLE_FILL_AREA ( #8555 ) ;
#1543 = CARTESIAN_POINT ( 'NONE',  ( -1.004945672236749799, 0.7999999999999999334, -0.1494886350892653815 ) ) ;
#1544 = ORIENTED_EDGE ( 'NONE', *, *, #7293, .T. ) ;
#1545 = CARTESIAN_POINT ( 'NONE',  ( -1.080491967058218927, 0.8000000000000002665, -0.2392933828035247734 ) ) ;
#1546 = ADVANCED_FACE ( 'NONE', ( #7948 ), #7827, .T. ) ;
#1547 = ORIENTED_EDGE ( 'NONE', *, *, #9860, .T. ) ;
#1548 = VECTOR ( 'NONE', #3702, 1000.000000000000000 ) ;
#1549 =( NAMED_UNIT ( * ) SI_UNIT ( $, .STERADIAN. ) SOLID_ANGLE_UNIT ( ) );
#1550 = ADVANCED_FACE ( 'NONE', ( #7373 ), #6635, .F. ) ;
#1551 = CARTESIAN_POINT ( 'NONE',  ( 1.015384287448396705, 0.8100000000000002753, 0.1241066884129952280 ) ) ;
#1552 =( LENGTH_UNIT ( ) NAMED_UNIT ( * ) SI_UNIT ( .MILLI., .METRE. ) );
#1553 = FACE_OUTER_BOUND ( 'NONE', #1568, .T. ) ;
#1554 = STYLED_ITEM ( 'NONE', ( #8379 ), #2589 ) ;
#1555 = VERTEX_POINT ( 'NONE', #9013 ) ;
#1556 = CARTESIAN_POINT ( 'NONE',  ( -1.106001084612391328, 0.8099999999999999423, -0.2678575659244753493 ) ) ;
#1557 = CARTESIAN_POINT ( 'NONE',  ( -1.167872041210175516, 0.8100000000000001643, 0.1000644643274157253 ) ) ;
#1558 = CARTESIAN_POINT ( 'NONE',  ( -0.2355395803753622119, 0.7999999999999994893, -0.2771381956654688228 ) ) ;
#1559 = CARTESIAN_POINT ( 'NONE',  ( 0.6562537790963358653, 0.8100000000000000533, 0.02481394543295607075 ) ) ;
#1560 = CARTESIAN_POINT ( 'NONE',  ( -1.066571073958949789, 0.8100000000000000533, -0.1585169561894177737 ) ) ;
#1561 = CARTESIAN_POINT ( 'NONE',  ( -0.1071982221972475890, 0.8000000000000002665, 0.2251253455114073099 ) ) ;
#1562 = CARTESIAN_POINT ( 'NONE',  ( 0.6971668908031352085, 0.8099999999999999423, -0.07923067316033585716 ) ) ;
#1563 = SURFACE_SIDE_STYLE ('',( #5230 ) ) ;
#1564 = ORIENTED_EDGE ( 'NONE', *, *, #8753, .T. ) ;
#1565 = CARTESIAN_POINT ( 'NONE',  ( -0.8456859172198655239, 0.7999999999999998224, 0.2522336301823542848 ) ) ;
#1566 = ORIENTED_EDGE ( 'NONE', *, *, #3105, .F. ) ;
#1567 = MECHANICAL_DESIGN_GEOMETRIC_PRESENTATION_REPRESENTATION (  '', ( #9918 ), #8277 ) ;
#1568 = EDGE_LOOP ( 'NONE', ( #3552, #7693, #2801, #3583 ) ) ;
#1569 =( LENGTH_UNIT ( ) NAMED_UNIT ( * ) SI_UNIT ( .MILLI., .METRE. ) );
#1570 = CARTESIAN_POINT ( 'NONE',  ( -0.5279629731156409989, 0.8100000000000001643, 0.2614042573322664653 ) ) ;
#1571 = DIRECTION ( 'NONE',  ( -1.000000000000000000, -0.0000000000000000000, 2.168404344971012812E-15 ) ) ;
#1572 = CARTESIAN_POINT ( 'NONE',  ( -0.9074338499373238998, 0.8100000000000001643, 0.1806999403873345567 ) ) ;
#1573 = CARTESIAN_POINT ( 'NONE',  ( 1.323969480662229525, 0.8000000000000001554, -0.2720058184447824434 ) ) ;
#1574 = CARTESIAN_POINT ( 'NONE',  ( 1.364402559834032580, 0.8100000000000002753, -0.1724108254839678278 ) ) ;
#1575 = CARTESIAN_POINT ( 'NONE',  ( 0.9976656638545924327, 0.8100000000000001643, 0.2020889980278666176 ) ) ;
#1576 = VERTEX_POINT ( 'NONE', #1334 ) ;
#1577 = STYLED_ITEM ( 'NONE', ( #9335 ), #3649 ) ;
#1578 = PLANE ( 'NONE',  #5201 ) ;
#1579 = CARTESIAN_POINT ( 'NONE',  ( -2.000000000000002220, 0.05000000000000000278, 1.050000000000000044 ) ) ;
#1580 = DIRECTION ( 'NONE',  ( -0.0000000000000000000, -1.000000000000000000, -0.0000000000000000000 ) ) ;
#1581 = CARTESIAN_POINT ( 'NONE',  ( 1.034616210605846076, 0.8000000000000003775, -0.3122057288242080508 ) ) ;
#1582 = CARTESIAN_POINT ( 'NONE',  ( -0.6852481951508012648, 0.8100000000000001643, -0.1047810790333542907 ) ) ;
#1583 = CARTESIAN_POINT ( 'NONE',  ( -1.779999999999999583, 0.8000000000000001554, 0.8000000000000003775 ) ) ;
#1584 = CARTESIAN_POINT ( 'NONE',  ( -0.1038343559987557618, 0.8100000000000001643, -0.2978941788814674640 ) ) ;
#1585 = ORIENTED_EDGE ( 'NONE', *, *, #1285, .F. ) ;
#1586 = CARTESIAN_POINT ( 'NONE',  ( 0.7752531383805759679, 0.8000000000000002665, 0.09044907889121650557 ) ) ;
#1587 = ORIENTED_EDGE ( 'NONE', *, *, #841, .F. ) ;
#1588 = CARTESIAN_POINT ( 'NONE',  ( -0.6483702039739476231, 0.8100000000000007194, -0.2385620643775048511 ) ) ;
#1589 = DIRECTION ( 'NONE',  ( 0.0000000000000000000, 0.0000000000000000000, -1.000000000000000000 ) ) ;
#1590 = CARTESIAN_POINT ( 'NONE',  ( 0.9759331307804626210, 0.8100000000000001643, -0.03835223617422716530 ) ) ;
#1591 = SURFACE_SIDE_STYLE ('',( #4753 ) ) ;
#1592 =( NAMED_UNIT ( * ) PLANE_ANGLE_UNIT ( ) SI_UNIT ( $, .RADIAN. ) );
#1593 =( LENGTH_UNIT ( ) NAMED_UNIT ( * ) SI_UNIT ( .MILLI., .METRE. ) );
#1594 = EDGE_CURVE ( 'NONE', #4320, #3120, #4417, .T. ) ;
#1595 = STYLED_ITEM ( 'NONE', ( #2076 ), #5076 ) ;
#1596 = CARTESIAN_POINT ( 'NONE',  ( -0.6852481951508012648, 0.8000000000000001554, -0.1047810790333542907 ) ) ;
#1597 = CARTESIAN_POINT ( 'NONE',  ( 0.7105968007617181614, 0.8100000000000001643, -0.3344630746542260891 ) ) ;
#1598 = VERTEX_POINT ( 'NONE', #6031 ) ;
#1599 =( NAMED_UNIT ( * ) PLANE_ANGLE_UNIT ( ) SI_UNIT ( $, .RADIAN. ) );
#1600 = EDGE_CURVE ( 'NONE', #6348, #8533, #9793, .T. ) ;
#1601 =( NAMED_UNIT ( * ) PLANE_ANGLE_UNIT ( ) SI_UNIT ( $, .RADIAN. ) );
#1602 = CARTESIAN_POINT ( 'NONE',  ( -0.2604822737575204217, 0.8100000000000000533, -0.2556739235011461497 ) ) ;
#1603 = VECTOR ( 'NONE', #4361, 1000.000000000000000 ) ;
#1604 = CARTESIAN_POINT ( 'NONE',  ( 0.6846247437894241727, 0.8100000000000000533, 0.05981928404488422862 ) ) ;
#1605 = CARTESIAN_POINT ( 'NONE',  ( -1.065625310777978507, 0.8100000000000001643, -0.1794642491612398194 ) ) ;
#1606 = CARTESIAN_POINT ( 'NONE',  ( -0.1873270309697706026, 0.8000000000000001554, -0.3458988213405396750 ) ) ;
#1607 = CARTESIAN_POINT ( 'NONE',  ( -1.003287648440316149, 0.8100000000000001643, 0.2614042573322666319 ) ) ;
#1608 =( NAMED_UNIT ( * ) SI_UNIT ( $, .STERADIAN. ) SOLID_ANGLE_UNIT ( ) );
#1609 = PRESENTATION_STYLE_ASSIGNMENT (( #8631 ) ) ;
#1610 = VERTEX_POINT ( 'NONE', #5866 ) ;
#1611 = ORIENTED_EDGE ( 'NONE', *, *, #3558, .F. ) ;
#1612 = UNCERTAINTY_MEASURE_WITH_UNIT (LENGTH_MEASURE( 1.000000000000000082E-05 ), #9772, 'distance_accuracy_value', 'NONE');
#1613 = VECTOR ( 'NONE', #3217, 1000.000000000000000 ) ;
#1614 = MECHANICAL_DESIGN_GEOMETRIC_PRESENTATION_REPRESENTATION (  '', ( #5195 ), #7342 ) ;
#1615 = CARTESIAN_POINT ( 'NONE',  ( -1.305279984936000393, 0.8100000000000003864, -0.2276011967976178108 ) ) ;
#1616 =( NAMED_UNIT ( * ) SI_UNIT ( $, .STERADIAN. ) SOLID_ANGLE_UNIT ( ) );
#1617 = CARTESIAN_POINT ( 'NONE',  ( -0.04713467419169558442, 0.8000000000000001554, 0.03178970159409351404 ) ) ;
#1618 = DIRECTION ( 'NONE',  ( -0.0000000000000000000, -1.000000000000000000, -0.0000000000000000000 ) ) ;
#1619 = SURFACE_STYLE_USAGE ( .BOTH. , #1666 ) ;
#1620 = CARTESIAN_POINT ( 'NONE',  ( 1.044327435335577814, 0.8000000000000001554, -0.2360145920784587903 ) ) ;
#1621 = ORIENTED_EDGE ( 'NONE', *, *, #911, .F. ) ;
#1622 = CARTESIAN_POINT ( 'NONE',  ( -0.7797486874013552782, 0.8100000000000001643, 0.2068588027868120960 ) ) ;
#1623 =( NAMED_UNIT ( * ) PLANE_ANGLE_UNIT ( ) SI_UNIT ( $, .RADIAN. ) );
#1624 =( GEOMETRIC_REPRESENTATION_CONTEXT ( 3 ) GLOBAL_UNCERTAINTY_ASSIGNED_CONTEXT ( ( #5491 ) ) GLOBAL_UNIT_ASSIGNED_CONTEXT ( ( #6606, #5677, #178 ) ) REPRESENTATION_CONTEXT ( 'NONE', 'WORKASPACE' ) );
#1625 = CARTESIAN_POINT ( 'NONE',  ( 1.034616210605846076, 0.8100000000000003864, -0.3122057288242080508 ) ) ;
#1626 = FACE_OUTER_BOUND ( 'NONE', #8768, .T. ) ;
#1627 = CARTESIAN_POINT ( 'NONE',  ( 1.224461684604282175, 0.8100000000000003864, 0.1890593851361103139 ) ) ;
#1628 = CARTESIAN_POINT ( 'NONE',  ( -0.6841264492185690216, 0.8000000000000000444, -0.004860814952736920366 ) ) ;
#1629 = EDGE_CURVE ( 'NONE', #8647, #1555, #9396, .T. ) ;
#1630 = CARTESIAN_POINT ( 'NONE',  ( -0.8582704643846834625, 0.8000000000000004885, -0.2190615026646613173 ) ) ;
#1631 = FILL_AREA_STYLE_COLOUR ( '', #1322 ) ;
#1632 = CARTESIAN_POINT ( 'NONE',  ( -1.075673277279735940, 0.8000000000000000444, -0.004331968181634371882 ) ) ;
#1633 = VERTEX_POINT ( 'NONE', #8149 ) ;
#1634 = CARTESIAN_POINT ( 'NONE',  ( -0.8785024127659318838, 0.8000000000000001554, -0.02690666817324859766 ) ) ;
#1635 = CARTESIAN_POINT ( 'NONE',  ( -1.499999999999999778, 0.7200000000000001954, -0.7999999999999999334 ) ) ;
#1636 = CARTESIAN_POINT ( 'NONE',  ( 0.6876214424687742133, 0.8100000000000001643, -0.007426911498902444980 ) ) ;
#1637 = DIRECTION ( 'NONE',  ( 0.0000000000000000000, 0.0000000000000000000, 1.000000000000000000 ) ) ;
#1638 = CARTESIAN_POINT ( 'NONE',  ( -1.700000000000001732, 0.6100000000000000977, -1.199999999999998623 ) ) ;
#1639 = CARTESIAN_POINT ( 'NONE',  ( -0.7045288038924701901, 0.8000000000000002665, -0.2200471004612732651 ) ) ;
#1640 = CARTESIAN_POINT ( 'NONE',  ( 0.9554570754397355703, 0.8100000000000001643, -0.2228368584274981190 ) ) ;
#1641 = CARTESIAN_POINT ( 'NONE',  ( -0.2049516094792772358, 0.7999999999999999334, 0.2691964651244741491 ) ) ;
#1642 = ADVANCED_FACE ( 'NONE', ( #1122 ), #4227, .T. ) ;
#1643 = ORIENTED_EDGE ( 'NONE', *, *, #9233, .T. ) ;
#1644 = CARTESIAN_POINT ( 'NONE',  ( -1.120240453533728253, 0.8100000000000003864, -0.3435700815607422021 ) ) ;
#1645 = EDGE_LOOP ( 'NONE', ( #1016, #8032, #3257, #8121 ) ) ;
#1646 = CARTESIAN_POINT ( 'NONE',  ( -1.187229900073485833, 0.8000000000000002665, 0.1212128104563085229 ) ) ;
#1647 = STYLED_ITEM ( 'NONE', ( #2875 ), #7422 ) ;
#1648 = CARTESIAN_POINT ( 'NONE',  ( -0.8513720748419586482, 0.8000000000000003775, 0.1568634701086527861 ) ) ;
#1649 =( NAMED_UNIT ( * ) SI_UNIT ( $, .STERADIAN. ) SOLID_ANGLE_UNIT ( ) );
#1650 =( NAMED_UNIT ( * ) PLANE_ANGLE_UNIT ( ) SI_UNIT ( $, .RADIAN. ) );
#1651 = SURFACE_STYLE_FILL_AREA ( #5374 ) ;
#1652 = CARTESIAN_POINT ( 'NONE',  ( -1.071881481467253261, 0.8100000000000000533, -0.1371620954947111448 ) ) ;
#1653 = CARTESIAN_POINT ( 'NONE',  ( -0.2049516094792772358, 0.7999999999999999334, 0.2691964651244741491 ) ) ;
#1654 = LINE ( 'NONE', #3999, #7229 ) ;
#1655 = CIRCLE ( 'NONE', #2799, 0.02000000000000005246 ) ;
#1656 = CARTESIAN_POINT ( 'NONE',  ( 1.066650840514897558, 0.8099999999999999423, 0.2493248349331850244 ) ) ;
#1657 = VERTEX_POINT ( 'NONE', #7404 ) ;
#1658 = DIRECTION ( 'NONE',  ( -1.000000000000000000, 0.0000000000000000000, 0.0000000000000000000 ) ) ;
#1659 = VERTEX_POINT ( 'NONE', #9720 ) ;
#1660 = VECTOR ( 'NONE', #6386, 1000.000000000000000 ) ;
#1661 = CARTESIAN_POINT ( 'NONE',  ( -1.107900835312578991, 0.8000000000000001554, -0.06663106220582315498 ) ) ;
#1662 = CARTESIAN_POINT ( 'NONE',  ( -0.3136544079352439063, 0.8100000000000003864, -0.2864540209262911863 ) ) ;
#1663 = CARTESIAN_POINT ( 'NONE',  ( 1.021277243392880951, 0.8000000000000000444, -0.3030937529057758373 ) ) ;
#1664 = CARTESIAN_POINT ( 'NONE',  ( -0.9385122948763453543, 0.8000000000000001554, 0.03906791921829761566 ) ) ;
#1665 = EDGE_CURVE ( 'NONE', #3120, #8054, #9474, .T. ) ;
#1666 = SURFACE_SIDE_STYLE ('',( #9625 ) ) ;
#1667 = CARTESIAN_POINT ( 'NONE',  ( -0.3618889182529684279, 0.8100000000000002753, 0.03906791921829739361 ) ) ;
#1668 =( GEOMETRIC_REPRESENTATION_CONTEXT ( 3 ) GLOBAL_UNCERTAINTY_ASSIGNED_CONTEXT ( ( #4346 ) ) GLOBAL_UNIT_ASSIGNED_CONTEXT ( ( #494, #5879, #2767 ) ) REPRESENTATION_CONTEXT ( 'NONE', 'WORKASPACE' ) );
#1669 = VERTEX_POINT ( 'NONE', #5026 ) ;
#1670 = CARTESIAN_POINT ( 'NONE',  ( 0.4304785853259170403, 0.8000000000000001554, 0.2614042573322663543 ) ) ;
#1671 = VECTOR ( 'NONE', #80, 1000.000000000000000 ) ;
#1672 = MECHANICAL_DESIGN_GEOMETRIC_PRESENTATION_REPRESENTATION (  '', ( #13 ), #5912 ) ;
#1673 = CARTESIAN_POINT ( 'NONE',  ( 0.8231744296792880000, 0.8099999999999999423, -0.1254070665214043201 ) ) ;
#1674 = VECTOR ( 'NONE', #3213, 1000.000000000000000 ) ;
#1675 = DIRECTION ( 'NONE',  ( -0.0000000000000000000, 1.000000000000000000, -0.0000000000000000000 ) ) ;
#1676 = CARTESIAN_POINT ( 'NONE',  ( -0.6664480799203332806, 0.8099999999999999423, -0.2762953058248668325 ) ) ;
#1677 = DIRECTION ( 'NONE',  ( 0.0000000000000000000, 0.0000000000000000000, 1.000000000000000000 ) ) ;
#1678 = SURFACE_STYLE_USAGE ( .BOTH. , #8710 ) ;
#1679 = CARTESIAN_POINT ( 'NONE',  ( 1.194221279373494315, 0.8099999999999999423, 0.2683259377934424372 ) ) ;
#1680 = CARTESIAN_POINT ( 'NONE',  ( -1.303558259522544560, 0.8100000000000004974, 0.1777836982661313292 ) ) ;
#1681 = DIRECTION ( 'NONE',  ( 2.891205793294681383E-15, -0.0000000000000000000, 1.000000000000000000 ) ) ;
#1682 = VERTEX_POINT ( 'NONE', #2686 ) ;
#1683 = DIRECTION ( 'NONE',  ( 0.0000000000000000000, -1.000000000000000000, -0.0000000000000000000 ) ) ;
#1684 = ORIENTED_EDGE ( 'NONE', *, *, #6887, .T. ) ;
#1685 = CARTESIAN_POINT ( 'NONE',  ( 0.6552350788324105002, 0.8100000000000001643, -0.2684658725378634703 ) ) ;
#1686 =( LENGTH_UNIT ( ) NAMED_UNIT ( * ) SI_UNIT ( .MILLI., .METRE. ) );
#1687 = PLANE ( 'NONE',  #10030 ) ;
#1688 = FILL_AREA_STYLE_COLOUR ( '', #8564 ) ;
#1689 = CARTESIAN_POINT ( 'NONE',  ( 1.163311377533709612, 0.8000000000000002665, 0.1990665949946039959 ) ) ;
#1690 = CARTESIAN_POINT ( 'NONE',  ( -1.232419913452722726, 0.8100000000000002753, -0.2434656287323684887 ) ) ;
#1691 =( GEOMETRIC_REPRESENTATION_CONTEXT ( 3 ) GLOBAL_UNCERTAINTY_ASSIGNED_CONTEXT ( ( #4450 ) ) GLOBAL_UNIT_ASSIGNED_CONTEXT ( ( #4932, #9042, #8946 ) ) REPRESENTATION_CONTEXT ( 'NONE', 'WORKASPACE' ) );
#1692 = DIRECTION ( 'NONE',  ( 0.0000000000000000000, 1.000000000000000000, 0.0000000000000000000 ) ) ;
#1693 =( NAMED_UNIT ( * ) PLANE_ANGLE_UNIT ( ) SI_UNIT ( $, .RADIAN. ) );
#1694 = CYLINDRICAL_SURFACE ( 'NONE', #6794, 0.3041381265149101232 ) ;
#1695 = DIRECTION ( 'NONE',  ( 1.000000000000000000, 0.0000000000000000000, -6.023345402697246719E-17 ) ) ;
#1696 = ORIENTED_EDGE ( 'NONE', *, *, #7098, .F. ) ;
#1697 = EDGE_LOOP ( 'NONE', ( #8808, #6688, #9145, #6514, #6167 ) ) ;
#1698 = MECHANICAL_DESIGN_GEOMETRIC_PRESENTATION_REPRESENTATION (  '', ( #2521 ), #5936 ) ;
#1699 = FILL_AREA_STYLE ('',( #924 ) ) ;
#1700 = CARTESIAN_POINT ( 'NONE',  ( -0.8363725359696083661, 0.8100000000000003864, 0.1789007281616852019 ) ) ;
#1701 = CARTESIAN_POINT ( 'NONE',  ( -2.000000000000000000, 0.05000000000000000278, -0.9499999999999996225 ) ) ;
#1702 = CARTESIAN_POINT ( 'NONE',  ( 1.700000000000002176, 0.0000000000000000000, -1.249999999999998446 ) ) ;
#1703 = EDGE_CURVE ( 'NONE', #7901, #3518, #1205, .T. ) ;
#1704 = CARTESIAN_POINT ( 'NONE',  ( 1.310998065845397464, 0.8000000000000001554, 0.02763802356603255878 ) ) ;
#1705 = LINE ( 'NONE', #5583, #9754 ) ;
#1706 = COLOUR_RGB ( '',1.000000000000000000, 0.9490196078431372140, 0.9098039215686274384 ) ;
#1707 = CARTESIAN_POINT ( 'NONE',  ( -0.1931188716502837410, 0.8100000000000000533, 0.2065145937873862636 ) ) ;
#1708 = DIRECTION ( 'NONE',  ( -1.000000000000000000, 0.0000000000000000000, 0.0000000000000000000 ) ) ;
#1709 = CARTESIAN_POINT ( 'NONE',  ( 1.037200817985892254, 0.8000000000000002665, 0.2335554400722967550 ) ) ;
#1710 = VERTEX_POINT ( 'NONE', #1916 ) ;
#1711 = SURFACE_STYLE_FILL_AREA ( #9513 ) ;
#1712 = ORIENTED_EDGE ( 'NONE', *, *, #5092, .T. ) ;
#1713 = UNCERTAINTY_MEASURE_WITH_UNIT (LENGTH_MEASURE( 1.000000000000000082E-05 ), #1266, 'distance_accuracy_value', 'NONE');
#1714 = DIRECTION ( 'NONE',  ( 0.0000000000000000000, 1.000000000000000000, 0.0000000000000000000 ) ) ;
#1715 = EDGE_CURVE ( 'NONE', #3475, #5478, #5792, .T. ) ;
#1716 = CARTESIAN_POINT ( 'NONE',  ( -0.2412783609399994644, 0.8000000000000002665, -0.3419984289488352536 ) ) ;
#1717 = CARTESIAN_POINT ( 'NONE',  ( -0.1665668410627549056, 0.8100000000000001643, -0.2717092412022345527 ) ) ;
#1718 = CARTESIAN_POINT ( 'NONE',  ( -0.06008516065852214511, 0.7999999999999998224, 0.1213210819162673509 ) ) ;
#1719 = EDGE_CURVE ( 'NONE', #8584, #8742, #4792, .T. ) ;
#1720 = MECHANICAL_DESIGN_GEOMETRIC_PRESENTATION_REPRESENTATION (  '', ( #5961 ), #2048 ) ;
#1721 = CARTESIAN_POINT ( 'NONE',  ( -1.690000000000001501, 0.7000000000000000666, -0.9399999999999996136 ) ) ;
#1722 = VERTEX_POINT ( 'NONE', #4303 ) ;
#1723 = UNCERTAINTY_MEASURE_WITH_UNIT (LENGTH_MEASURE( 1.000000000000000082E-05 ), #4483, 'distance_accuracy_value', 'NONE');
#1724 =( NAMED_UNIT ( * ) PLANE_ANGLE_UNIT ( ) SI_UNIT ( $, .RADIAN. ) );
#1725 =( GEOMETRIC_REPRESENTATION_CONTEXT ( 3 ) GLOBAL_UNCERTAINTY_ASSIGNED_CONTEXT ( ( #260 ) ) GLOBAL_UNIT_ASSIGNED_CONTEXT ( ( #8816, #8917, #9647 ) ) REPRESENTATION_CONTEXT ( 'NONE', 'WORKASPACE' ) );
#1726 = EDGE_CURVE ( 'NONE', #3040, #9771, #3545, .T. ) ;
#1727 = CARTESIAN_POINT ( 'NONE',  ( 0.7478760932401522510, 0.8000000000000001554, -0.02651821235046915651 ) ) ;
#1728 = DIRECTION ( 'NONE',  ( -1.000000000000000000, 0.0000000000000000000, 0.0000000000000000000 ) ) ;
#1729 = CARTESIAN_POINT ( 'NONE',  ( -0.04484608999875776270, 0.8100000000000001643, -0.03835223617422705428 ) ) ;
#1730 = FILL_AREA_STYLE ('',( #4688 ) ) ;
#1731 =( NAMED_UNIT ( * ) PLANE_ANGLE_UNIT ( ) SI_UNIT ( $, .RADIAN. ) );
#1732 = VERTEX_POINT ( 'NONE', #9428 ) ;
#1733 =( NAMED_UNIT ( * ) SI_UNIT ( $, .STERADIAN. ) SOLID_ANGLE_UNIT ( ) );
#1734 = ORIENTED_EDGE ( 'NONE', *, *, #5882, .F. ) ;
#1735 = SURFACE_STYLE_FILL_AREA ( #5619 ) ;
#1736 = CARTESIAN_POINT ( 'NONE',  ( -0.7180203719095117343, 0.8100000000000003864, 0.1680852546308443662 ) ) ;
#1737 = CARTESIAN_POINT ( 'NONE',  ( -1.156603542096909187, 0.8100000000000002753, 0.08772000447553285341 ) ) ;
#1738 = VECTOR ( 'NONE', #2975, 1000.000000000000000 ) ;
#1739 = LINE ( 'NONE', #916, #1856 ) ;
#1740 = SURFACE_SIDE_STYLE ('',( #5769 ) ) ;
#1741 = SURFACE_STYLE_USAGE ( .BOTH. , #5365 ) ;
#1742 = FACE_OUTER_BOUND ( 'NONE', #3101, .T. ) ;
#1743 =( NAMED_UNIT ( * ) PLANE_ANGLE_UNIT ( ) SI_UNIT ( $, .RADIAN. ) );
#1744 = FILL_AREA_STYLE ('',( #2309 ) ) ;
#1745 = CARTESIAN_POINT ( 'NONE',  ( -2.000000000000001776, 0.6000000000000000888, 1.050000000000000044 ) ) ;
#1746 = ORIENTED_EDGE ( 'NONE', *, *, #8458, .F. ) ;
#1747 = CARTESIAN_POINT ( 'NONE',  ( 1.989999999999999103, 0.6100000000000000977, 0.9400000000000005018 ) ) ;
#1748 = VERTEX_POINT ( 'NONE', #902 ) ;
#1749 = VERTEX_POINT ( 'NONE', #4254 ) ;
#1750 = LINE ( 'NONE', #9450, #4566 ) ;
#1751 = CARTESIAN_POINT ( 'NONE',  ( -0.8194532587788734279, 0.8100000000000001643, 0.1945483698360985225 ) ) ;
#1752 = CARTESIAN_POINT ( 'NONE',  ( -1.079837341215092783, 0.8100000000000002753, -0.1149814546438496510 ) ) ;
#1753 = CARTESIAN_POINT ( 'NONE',  ( -0.1413042285220213468, 0.8100000000000000533, -0.3308420342794042290 ) ) ;
#1754 = CARTESIAN_POINT ( 'NONE',  ( -0.2916972305985303660, 0.8000000000000003775, -0.1818803336141378568 ) ) ;
#1755 = CARTESIAN_POINT ( 'NONE',  ( 0.9759331307804626210, 0.8100000000000001643, -0.03835223617422716530 ) ) ;
#1756 = CARTESIAN_POINT ( 'NONE',  ( 1.082215319321230940, 0.8000000000000002665, 0.2553476048428356404 ) ) ;
#1757 = VERTEX_POINT ( 'NONE', #249 ) ;
#1758 = CARTESIAN_POINT ( 'NONE',  ( 1.063125309841685961, 0.8100000000000002753, -0.2506996596541194999 ) ) ;
#1759 = ORIENTED_EDGE ( 'NONE', *, *, #1719, .F. ) ;
#1760 = ADVANCED_FACE ( 'NONE', ( #9774 ), #281, .T. ) ;
#1761 = CARTESIAN_POINT ( 'NONE',  ( -0.3016450763010501968, 0.8099999999999998312, -0.3024403533860113846 ) ) ;
#1762 =( NAMED_UNIT ( * ) PLANE_ANGLE_UNIT ( ) SI_UNIT ( $, .RADIAN. ) );
#1763 = CARTESIAN_POINT ( 'NONE',  ( -0.04484608999875776270, 0.8100000000000001643, -0.03835223617422705428 ) ) ;
#1764 = CARTESIAN_POINT ( 'NONE',  ( -0.9408084333435932090, 0.8000000000000000444, -0.02475394004647214416 ) ) ;
#1765 = B_SPLINE_CURVE_WITH_KNOTS ( 'NONE', 3,
 ( #10156, #1634, #6183, #760, #3923, #3225, #3833, #2407, #6336, #2302, #8510, #3980, #3878, #5414, #8562, #5520, #7110, #7055, #26 ),
 .UNSPECIFIED., .F., .F.,
 ( 4, 1, 1, 1, 1, 1, 1, 1, 1, 1, 1, 1, 1, 1, 1, 1, 4 ),
 ( 0.0000000000000000000, 0.1206675161426108145, 0.2309294132593920634, 0.3309228483128898168, 0.4207704713085048120, 0.5010777902696155195, 0.5717006200233741842, 0.6331727153130470853, 0.6858414944559071413, 0.7330485117757723490, 0.7767032029398726056, 0.8172975603403954681, 0.8554421780553925769, 0.8920848149530556936, 0.9277934961332928721, 0.9634652945205791630, 1.000000000000000000 ),
 .UNSPECIFIED. ) ;
#1766 = CARTESIAN_POINT ( 'NONE',  ( -0.8505758958802689396, 0.8100000000000001643, -0.3272312879514736039 ) ) ;
#1767 = DIRECTION ( 'NONE',  ( 3.252606517456514880E-15, 0.0000000000000000000, -1.000000000000000000 ) ) ;
#1768 = PRESENTATION_LAYER_ASSIGNMENT (  '', '', ( #5035 ) ) ;
#1769 = ORIENTED_EDGE ( 'NONE', *, *, #5507, .F. ) ;
#1770 =( GEOMETRIC_REPRESENTATION_CONTEXT ( 3 ) GLOBAL_UNCERTAINTY_ASSIGNED_CONTEXT ( ( #8784 ) ) GLOBAL_UNIT_ASSIGNED_CONTEXT ( ( #1885, #4181, #3274 ) ) REPRESENTATION_CONTEXT ( 'NONE', 'WORKASPACE' ) );
#1771 = CARTESIAN_POINT ( 'NONE',  ( -1.950000000000001510, 0.6100000000000000977, 0.9500000000000002887 ) ) ;
#1772 = EDGE_CURVE ( 'NONE', #6293, #2099, #2915, .T. ) ;
#1773 = B_SPLINE_SURFACE_WITH_KNOTS ( 'NONE', 3, 1, ( 
 ( #8421, #8367 ),
 ( #3751, #6861 ),
 ( #2988, #6114 ),
 ( #9256, #5635 ),
 ( #7014, #984 ),
 ( #6250, #5483 ),
 ( #3141, #3238 ),
 ( #7913, #7804 ),
 ( #2478, #5535 ),
 ( #9401, #2426 ),
 ( #1752, #876 ),
 ( #1652, #2375 ),
 ( #1560, #929 ),
 ( #4662, #8626 ),
 ( #1605, #4717 ) ),
 .UNSPECIFIED., .F., .F., .F.,
 ( 4, 1, 1, 1, 1, 1, 1, 1, 1, 1, 1, 1, 4 ),
 ( 2, 2 ),
 ( 0.0000000000000000000, 0.1093675961779016909, 0.2105787995757775477, 0.3039805399965636590, 0.3890045168503805662, 0.4666042252701956827, 0.5359819930306035651, 0.5981901493487931099, 0.6523444501207990021, 0.7495386192982640416, 0.8388449366641428373, 0.9217527398159918173, 1.000000000000000000 ),
 ( 0.0000000000000000000, 1.000000000000000000 ),
 .UNSPECIFIED. ) ;
#1774 = CARTESIAN_POINT ( 'NONE',  ( 0.8278811827285144087, 0.8000000000000001554, -0.1732548335768245018 ) ) ;
#1775 = CARTESIAN_POINT ( 'NONE',  ( -1.000000000000000000, 0.05000000000000000278, -1.149999999999998357 ) ) ;
#1776 = PRESENTATION_LAYER_ASSIGNMENT (  '', '', ( #5858 ) ) ;
#1777 =( LENGTH_UNIT ( ) NAMED_UNIT ( * ) SI_UNIT ( .MILLI., .METRE. ) );
#1778 = CARTESIAN_POINT ( 'NONE',  ( 0.6827707526385172754, 0.8100000000000003864, -0.3376031945626601360 ) ) ;
#1779 = COLOUR_RGB ( '',0.09803921568627450844, 0.09803921568627450844, 0.09803921568627450844 ) ;
#1780 = SURFACE_STYLE_FILL_AREA ( #9635 ) ;
#1781 = VERTEX_POINT ( 'NONE', #665 ) ;
#1782 = EDGE_LOOP ( 'NONE', ( #8204, #4655, #3820, #4620 ) ) ;
#1783 = VECTOR ( 'NONE', #1513, 1000.000000000000000 ) ;
#1784 = SURFACE_STYLE_USAGE ( .BOTH. , #275 ) ;
#1785 = CARTESIAN_POINT ( 'NONE',  ( -1.203873640063118478, 0.8000000000000000444, -0.2716298549365559478 ) ) ;
#1786 = CARTESIAN_POINT ( 'NONE',  ( -0.3018790361425550683, 0.8100000000000001643, -0.02690666817324881624 ) ) ;
#1787 = FILL_AREA_STYLE_COLOUR ( '', #1524 ) ;
#1788 = FILL_AREA_STYLE_COLOUR ( '', #9102 ) ;
#1789 = CARTESIAN_POINT ( 'NONE',  ( -0.7726943329369242441, 0.8000000000000000444, -0.2836615379771812440 ) ) ;
#1790 = SURFACE_SIDE_STYLE ('',( #2517 ) ) ;
#1791 =( LENGTH_UNIT ( ) NAMED_UNIT ( * ) SI_UNIT ( .MILLI., .METRE. ) );
#1792 = VECTOR ( 'NONE', #4911, 1000.000000000000000 ) ;
#1793 =( NAMED_UNIT ( * ) SI_UNIT ( $, .STERADIAN. ) SOLID_ANGLE_UNIT ( ) );
#1794 = CARTESIAN_POINT ( 'NONE',  ( -0.8596353510763075079, 0.8000000000000003775, 0.2422586355008002346 ) ) ;
#1795 = EDGE_CURVE ( 'NONE', #8714, #9978, #9039, .T. ) ;
#1796 = ORIENTED_EDGE ( 'NONE', *, *, #4898, .F. ) ;
#1797 = ORIENTED_EDGE ( 'NONE', *, *, #2326, .T. ) ;
#1798 = CARTESIAN_POINT ( 'NONE',  ( -0.2067779081805759256, 0.8100000000000001643, -0.2840502881222789489 ) ) ;
#1799 = STYLED_ITEM ( 'NONE', ( #2552 ), #7243 ) ;
#1800 = CARTESIAN_POINT ( 'NONE',  ( -0.7797486874013552782, 0.8000000000000001554, 0.2068588027868120960 ) ) ;
#1801 = CARTESIAN_POINT ( 'NONE',  ( -0.3643266094792771970, 0.8100000000000001643, -0.03835223617422705428 ) ) ;
#1802 =( NAMED_UNIT ( * ) PLANE_ANGLE_UNIT ( ) SI_UNIT ( $, .RADIAN. ) );
#1803 = CARTESIAN_POINT ( 'NONE',  ( -0.1107897226381273081, 0.8100000000000000533, 0.05577849536350022730 ) ) ;
#1804 = CARTESIAN_POINT ( 'NONE',  ( -0.2604822737575204217, 0.8000000000000000444, -0.2556739235011461497 ) ) ;
#1805 = CARTESIAN_POINT ( 'NONE',  ( 0.6552350788324106112, 0.8000000000000002665, -0.2684658725378635258 ) ) ;
#1806 = ORIENTED_EDGE ( 'NONE', *, *, #8979, .T. ) ;
#1807 =( GEOMETRIC_REPRESENTATION_CONTEXT ( 3 ) GLOBAL_UNCERTAINTY_ASSIGNED_CONTEXT ( ( #7969 ) ) GLOBAL_UNIT_ASSIGNED_CONTEXT ( ( #7181, #1601, #1649 ) ) REPRESENTATION_CONTEXT ( 'NONE', 'WORKASPACE' ) );
#1808 =( NAMED_UNIT ( * ) SI_UNIT ( $, .STERADIAN. ) SOLID_ANGLE_UNIT ( ) );
#1809 = UNCERTAINTY_MEASURE_WITH_UNIT (LENGTH_MEASURE( 1.000000000000000082E-05 ), #8464, 'distance_accuracy_value', 'NONE');
#1810 = CARTESIAN_POINT ( 'NONE',  ( -1.700000000000001954, 0.0000000000000000000, 1.249999999999998890 ) ) ;
#1811 = B_SPLINE_CURVE_WITH_KNOTS ( 'NONE', 3,
 ( #9433, #8557, #3119, #755, #7050, #6229, #2353, #8606, #1584, #4691, #7838 ),
 .UNSPECIFIED., .F., .F.,
 ( 4, 1, 1, 1, 1, 1, 1, 1, 4 ),
 ( 0.0000000000000000000, 0.1280698975072822599, 0.2516654189496290162, 0.3715299648652439779, 0.4903917349475236942, 0.6102040788373270797, 0.7344390716144034714, 0.8631488921910077661, 1.000000000000000000 ),
 .UNSPECIFIED. ) ;
#1812 = COLOUR_RGB ( '',0.09803921568627450844, 0.09803921568627450844, 0.09803921568627450844 ) ;
#1813 = CARTESIAN_POINT ( 'NONE',  ( -0.3243566544586065081, 0.8000000000000000444, -0.2680366577904281233 ) ) ;
#1814 = SURFACE_STYLE_USAGE ( .BOTH. , #8893 ) ;
#1815 = CARTESIAN_POINT ( 'NONE',  ( 0.4928162476635793987, 0.8100000000000001643, -0.2684658725378634703 ) ) ;
#1816 = CARTESIAN_POINT ( 'NONE',  ( -0.05023753962960290226, 0.8099999999999999423, 0.06388807473244513535 ) ) ;
#1817 = PRESENTATION_STYLE_ASSIGNMENT (( #2741 ) ) ;
#1818 = LINE ( 'NONE', #9578, #7882 ) ;
#1819 = LINE ( 'NONE', #6372, #9380 ) ;
#1820 = CIRCLE ( 'NONE', #492, 0.02000000000000005246 ) ;
#1821 = VECTOR ( 'NONE', #7664, 1000.000000000000114 ) ;
#1822 = ORIENTED_EDGE ( 'NONE', *, *, #1268, .T. ) ;
#1823 = UNCERTAINTY_MEASURE_WITH_UNIT (LENGTH_MEASURE( 1.000000000000000082E-05 ), #994, 'distance_accuracy_value', 'NONE');
#1824 =( NAMED_UNIT ( * ) SI_UNIT ( $, .STERADIAN. ) SOLID_ANGLE_UNIT ( ) );
#1825 = EDGE_CURVE ( 'NONE', #6502, #20, #5894, .T. ) ;
#1826 = CARTESIAN_POINT ( 'NONE',  ( 0.7721261971342020525, 0.8000000000000001554, -0.04198520609398928571 ) ) ;
#1827 = FILL_AREA_STYLE ('',( #6484 ) ) ;
#1828 = ADVANCED_FACE ( 'NONE', ( #722 ), #952, .T. ) ;
#1829 = TOROIDAL_SURFACE ( 'NONE', #6, 0.2799999999999999711, 0.02000000000000000042 ) ;
#1830 = MECHANICAL_DESIGN_GEOMETRIC_PRESENTATION_REPRESENTATION (  '', ( #9210 ), #2494 ) ;
#1831 = CARTESIAN_POINT ( 'NONE',  ( 1.297358275365288360, 0.8000000000000002665, -0.1736853661384413494 ) ) ;
#1832 = EDGE_LOOP ( 'NONE', ( #5323, #5248, #7691, #8496 ) ) ;
#1833 = VERTEX_POINT ( 'NONE', #3941 ) ;
#1834 = FILL_AREA_STYLE_COLOUR ( '', #4542 ) ;
#1835 = VECTOR ( 'NONE', #6301, 1000.000000000000000 ) ;
#1836 = MECHANICAL_DESIGN_GEOMETRIC_PRESENTATION_REPRESENTATION (  '', ( #165 ), #5755 ) ;
#1837 = MECHANICAL_DESIGN_GEOMETRIC_PRESENTATION_REPRESENTATION (  '', ( #8231 ), #7564 ) ;
#1838 = CARTESIAN_POINT ( 'NONE',  ( -0.6838071289597968949, 0.8100000000000002753, -0.03859574266773335011 ) ) ;
#1839 = CARTESIAN_POINT ( 'NONE',  ( -0.1931188716502837410, 0.8100000000000000533, 0.2065145937873862636 ) ) ;
#1840 =( NAMED_UNIT ( * ) PLANE_ANGLE_UNIT ( ) SI_UNIT ( $, .RADIAN. ) );
#1841 = EDGE_CURVE ( 'NONE', #5740, #1994, #8730, .T. ) ;
#1842 = CARTESIAN_POINT ( 'NONE',  ( 0.7267042346765664185, 0.8100000000000001643, 0.1330763352543442857 ) ) ;
#1843 = CARTESIAN_POINT ( 'NONE',  ( -1.819999999999999840, 0.7000000000000000666, -0.7999999999999999334 ) ) ;
#1844 =( GEOMETRIC_REPRESENTATION_CONTEXT ( 3 ) GLOBAL_UNCERTAINTY_ASSIGNED_CONTEXT ( ( #8470 ) ) GLOBAL_UNIT_ASSIGNED_CONTEXT ( ( #2585, #6315, #8748 ) ) REPRESENTATION_CONTEXT ( 'NONE', 'WORKASPACE' ) );
#1845 = CARTESIAN_POINT ( 'NONE',  ( 0.8278811827285144087, 0.8100000000000001643, -0.1732548335768245018 ) ) ;
#1846 = CARTESIAN_POINT ( 'NONE',  ( -1.051665169042145020, 0.8000000000000000444, -0.3071895767487345941 ) ) ;
#1847 = EDGE_CURVE ( 'NONE', #1935, #5314, #6577, .T. ) ;
#1848 = AXIS2_PLACEMENT_3D ( 'NONE', #2890, #9983, #9309 ) ;
#1849 = FILL_AREA_STYLE_COLOUR ( '', #4153 ) ;
#1850 = ORIENTED_EDGE ( 'NONE', *, *, #9692, .T. ) ;
#1851 = PRESENTATION_STYLE_ASSIGNMENT (( #8159 ) ) ;
#1852 =( LENGTH_UNIT ( ) NAMED_UNIT ( * ) SI_UNIT ( .MILLI., .METRE. ) );
#1853 = ORIENTED_EDGE ( 'NONE', *, *, #9860, .F. ) ;
#1854 = CARTESIAN_POINT ( 'NONE',  ( -0.6612326191529895869, 0.8000000000000001554, 0.1905037987514400233 ) ) ;
#1855 =( GEOMETRIC_REPRESENTATION_CONTEXT ( 3 ) GLOBAL_UNCERTAINTY_ASSIGNED_CONTEXT ( ( #9732 ) ) GLOBAL_UNIT_ASSIGNED_CONTEXT ( ( #7317, #1840, #2512 ) ) REPRESENTATION_CONTEXT ( 'NONE', 'WORKASPACE' ) );
#1856 = VECTOR ( 'NONE', #5621, 1000.000000000000000 ) ;
#1857 = FACE_OUTER_BOUND ( 'NONE', #2508, .T. ) ;
#1858 = LINE ( 'NONE', #8114, #21 ) ;
#1859 = ADVANCED_FACE ( 'NONE', ( #1139 ), #3339, .T. ) ;
#1860 = CARTESIAN_POINT ( 'NONE',  ( -1.010441940208435918, 0.8100000000000000533, -0.1213050910843154473 ) ) ;
#1861 = CARTESIAN_POINT ( 'NONE',  ( 1.332522936344635367, 0.8000000000000000444, -0.2591607176265893764 ) ) ;
#1862 = CARTESIAN_POINT ( 'NONE',  ( 0.7340907375426035664, 0.8100000000000000533, -0.09827526575600521730 ) ) ;
#1863 = CARTESIAN_POINT ( 'NONE',  ( -0.3136544079352439063, 0.8100000000000003864, -0.2864540209262911863 ) ) ;
#1864 = VERTEX_POINT ( 'NONE', #4436 ) ;
#1865 =( GEOMETRIC_REPRESENTATION_CONTEXT ( 3 ) GLOBAL_UNCERTAINTY_ASSIGNED_CONTEXT ( ( #1925 ) ) GLOBAL_UNIT_ASSIGNED_CONTEXT ( ( #8625, #4765, #776 ) ) REPRESENTATION_CONTEXT ( 'NONE', 'WORKASPACE' ) );
#1866 = CARTESIAN_POINT ( 'NONE',  ( 0.9851126227641089361, 0.8100000000000001643, -0.1265673582534462827 ) ) ;
#1867 = AXIS2_PLACEMENT_3D ( 'NONE', #9846, #2089, #1280 ) ;
#1868 = VERTEX_POINT ( 'NONE', #604 ) ;
#1869 = DIRECTION ( 'NONE',  ( -0.1240347345892089115, 0.0000000000000000000, 0.9922778767136676281 ) ) ;
#1870 = STYLED_ITEM ( 'NONE', ( #7554 ), #2214 ) ;
#1871 = LINE ( 'NONE', #7297, #1060 ) ;
#1872 = CARTESIAN_POINT ( 'NONE',  ( -1.322812929251530933, 0.8100000000000001643, 0.2503470130810971361 ) ) ;
#1873 = CARTESIAN_POINT ( 'NONE',  ( -1.032652843012795918, 0.8099999999999999423, -0.06656928102479039988 ) ) ;
#1874 = CARTESIAN_POINT ( 'NONE',  ( 0.5880981844943229397, 0.8100000000000000533, -0.003286822654661138675 ) ) ;
#1875 = CARTESIAN_POINT ( 'NONE',  ( -0.9104113996249624252, 0.8100000000000001643, -0.2472462122259278250 ) ) ;
#1876 = CARTESIAN_POINT ( 'NONE',  ( -1.690000000000001057, 0.6800000000000000488, 1.240000000000000435 ) ) ;
#1877 = AXIS2_PLACEMENT_3D ( 'NONE', #226, #2665, #7325 ) ;
#1878 = ORIENTED_EDGE ( 'NONE', *, *, #6775, .T. ) ;
#1879 = CARTESIAN_POINT ( 'NONE',  ( 0.8005790183380978586, 0.8000000000000001554, -0.07269913898183830159 ) ) ;
#1880 =( NAMED_UNIT ( * ) PLANE_ANGLE_UNIT ( ) SI_UNIT ( $, .RADIAN. ) );
#1881 = TOROIDAL_SURFACE ( 'NONE', #732, 0.3199999999999999512, 0.02000000000000000042 ) ;
#1882 = SURFACE_STYLE_FILL_AREA ( #8907 ) ;
#1883 = CARTESIAN_POINT ( 'NONE',  ( -1.003287648440316149, 0.8100000000000001643, -0.1782467166937073688 ) ) ;
#1884 = ORIENTED_EDGE ( 'NONE', *, *, #1523, .T. ) ;
#1885 =( LENGTH_UNIT ( ) NAMED_UNIT ( * ) SI_UNIT ( .MILLI., .METRE. ) );
#1886 = CARTESIAN_POINT ( 'NONE',  ( 0.9892807230325096901, 0.8000000000000000444, -0.1420049660223804411 ) ) ;
#1887 = FACE_OUTER_BOUND ( 'NONE', #7813, .T. ) ;
#1888 = LINE ( 'NONE', #7894, #4290 ) ;
#1889 = CARTESIAN_POINT ( 'NONE',  ( 1.209037522530253428, 0.8000000000000003775, -0.2687808043063372732 ) ) ;
#1890 =( NAMED_UNIT ( * ) SI_UNIT ( $, .STERADIAN. ) SOLID_ANGLE_UNIT ( ) );
#1891 = VECTOR ( 'NONE', #852, 1000.000000000000000 ) ;
#1892 = CARTESIAN_POINT ( 'NONE',  ( -0.7873103350454871974, 0.8100000000000002753, 0.2689790979968827989 ) ) ;
#1893 = CARTESIAN_POINT ( 'NONE',  ( -1.012759598405133188, 0.8000000000000003775, -0.2401459548941218825 ) ) ;
#1894 = FILL_AREA_STYLE ('',( #7435 ) ) ;
#1895 = ORIENTED_EDGE ( 'NONE', *, *, #2033, .F. ) ;
#1896 = VERTEX_POINT ( 'NONE', #3577 ) ;
#1897 = EDGE_CURVE ( 'NONE', #4180, #5625, #1189, .T. ) ;
#1898 = FACE_OUTER_BOUND ( 'NONE', #4721, .T. ) ;
#1899 = VERTEX_POINT ( 'NONE', #551 ) ;
#1900 =( GEOMETRIC_REPRESENTATION_CONTEXT ( 3 ) GLOBAL_UNCERTAINTY_ASSIGNED_CONTEXT ( ( #1109 ) ) GLOBAL_UNIT_ASSIGNED_CONTEXT ( ( #3628, #498, #4389 ) ) REPRESENTATION_CONTEXT ( 'NONE', 'WORKASPACE' ) );
#1901 = CARTESIAN_POINT ( 'NONE',  ( -0.6988088592396815013, 0.8099999999999998312, 0.1246360452344276865 ) ) ;
#1902 = EDGE_CURVE ( 'NONE', #4601, #2253, #9963, .T. ) ;
#1903 = DIRECTION ( 'NONE',  ( 0.0000000000000000000, -0.0000000000000000000, -1.000000000000000000 ) ) ;
#1904 = CARTESIAN_POINT ( 'NONE',  ( -1.032652843012795918, 0.7999999999999999334, -0.06656928102479039988 ) ) ;
#1905 = CARTESIAN_POINT ( 'NONE',  ( 1.950000000000001732, 0.05000000000000000278, 0.9499999999999979572 ) ) ;
#1906 =( NAMED_UNIT ( * ) PLANE_ANGLE_UNIT ( ) SI_UNIT ( $, .RADIAN. ) );
#1907 = CARTESIAN_POINT ( 'NONE',  ( -0.2167433822560864420, 0.8000000000000002665, -0.2837098477758566162 ) ) ;
#1908 = MECHANICAL_DESIGN_GEOMETRIC_PRESENTATION_REPRESENTATION (  '', ( #6955 ), #5987 ) ;
#1909 = CARTESIAN_POINT ( 'NONE',  ( -0.3640354415917583797, 0.8100000000000006084, -0.07441611324957041196 ) ) ;
#1910 = MECHANICAL_DESIGN_GEOMETRIC_PRESENTATION_REPRESENTATION (  '', ( #5324 ), #5995 ) ;
#1911 = EDGE_LOOP ( 'NONE', ( #8632, #3731, #1199, #6721 ) ) ;
#1912 = ORIENTED_EDGE ( 'NONE', *, *, #2548, .F. ) ;
#1913 = EDGE_CURVE ( 'NONE', #8822, #6790, #6100, .T. ) ;
#1914 = CARTESIAN_POINT ( 'NONE',  ( -1.106001084612391328, 0.8099999999999999423, -0.2678575659244753493 ) ) ;
#1915 = VECTOR ( 'NONE', #5396, 1000.000000000000000 ) ;
#1916 = CARTESIAN_POINT ( 'NONE',  ( -1.065625310777978507, 0.8100000000000001643, -0.1794642491612398194 ) ) ;
#1917 = CARTESIAN_POINT ( 'NONE',  ( -1.243689114486436376, 0.8100000000000000533, -0.3212259561874153957 ) ) ;
#1918 = CARTESIAN_POINT ( 'NONE',  ( -0.06008516065852214511, 0.8100000000000000533, 0.1213210819162673509 ) ) ;
#1919 = CARTESIAN_POINT ( 'NONE',  ( -1.321816549582753852, 0.8000000000000000444, 0.2390602048920075218 ) ) ;
#1920 = CARTESIAN_POINT ( 'NONE',  ( -0.6704142718169396886, 0.8000000000000001554, -0.2830762621482528218 ) ) ;
#1921 = DIRECTION ( 'NONE',  ( -2.710505431213766508E-16, -0.0000000000000000000, -1.000000000000000000 ) ) ;
#1922 = CARTESIAN_POINT ( 'NONE',  ( -1.018047233285503728, 0.8100000000000002753, -0.2546224078632182142 ) ) ;
#1923 = DIRECTION ( 'NONE',  ( 0.0000000000000000000, -1.000000000000000000, 0.0000000000000000000 ) ) ;
#1924 = ORIENTED_EDGE ( 'NONE', *, *, #2725, .F. ) ;
#1925 = UNCERTAINTY_MEASURE_WITH_UNIT (LENGTH_MEASURE( 1.000000000000000082E-05 ), #8625, 'distance_accuracy_value', 'NONE');
#1926 = CARTESIAN_POINT ( 'NONE',  ( 1.209037522530253428, 0.8100000000000003864, -0.2687808043063372732 ) ) ;
#1927 = CARTESIAN_POINT ( 'NONE',  ( -0.9999999999999997780, 0.05000000000000000278, 0.3500000000000005884 ) ) ;
#1928 = VECTOR ( 'NONE', #7027, 1000.000000000000000 ) ;
#1929 = SURFACE_STYLE_FILL_AREA ( #8951 ) ;
#1930 = CARTESIAN_POINT ( 'NONE',  ( -0.2443399945103183757, 0.8100000000000000533, -0.2716150637105989585 ) ) ;
#1931 = CARTESIAN_POINT ( 'NONE',  ( -0.2136738835068659470, 0.8000000000000002665, 0.2064814501221107490 ) ) ;
#1932 = CARTESIAN_POINT ( 'NONE',  ( 0.7689961185625155959, 0.8099999999999999423, -0.3119796961363203169 ) ) ;
#1933 = DIRECTION ( 'NONE',  ( -0.0000000000000000000, 0.0000000000000000000, 1.000000000000000000 ) ) ;
#1934 = CARTESIAN_POINT ( 'NONE',  ( 1.203900344141479284, 0.8000000000000001554, 0.1948600092757132585 ) ) ;
#1935 = VERTEX_POINT ( 'NONE', #6797 ) ;
#1936 = CARTESIAN_POINT ( 'NONE',  ( -0.1556540735424798150, 0.8000000000000002665, -0.3379037307884836805 ) ) ;
#1937 =( LENGTH_UNIT ( ) NAMED_UNIT ( * ) SI_UNIT ( .MILLI., .METRE. ) );
#1938 = CARTESIAN_POINT ( 'NONE',  ( -0.2136738835068659470, 0.8100000000000002753, 0.2064814501221107490 ) ) ;
#1939 = PRESENTATION_LAYER_ASSIGNMENT (  '', '', ( #9645 ) ) ;
#1940 = ADVANCED_FACE ( 'NONE', ( #5941 ), #1296, .F. ) ;
#1941 = CARTESIAN_POINT ( 'NONE',  ( -1.237053882206550215, 0.8100000000000001643, 0.1912743872023965064 ) ) ;
#1942 = CARTESIAN_POINT ( 'NONE',  ( -1.690000000000001501, 0.6800000000000000488, -0.9399999999999996136 ) ) ;
#1943 = CARTESIAN_POINT ( 'NONE',  ( -0.9350152742861419508, 0.8100000000000001643, 0.07360529725343023522 ) ) ;
#1944 = CARTESIAN_POINT ( 'NONE',  ( 0.7556723674375671607, 0.8100000000000003864, -0.3205538904295110458 ) ) ;
#1945 = DIRECTION ( 'NONE',  ( 1.000000000000000000, -0.0000000000000000000, 0.0000000000000000000 ) ) ;
#1946 = CARTESIAN_POINT ( 'NONE',  ( -0.7933667588794629522, 0.8099999999999999423, -0.2837098477758562831 ) ) ;
#1947 = EDGE_LOOP ( 'NONE', ( #7863, #8529, #2843, #4643 ) ) ;
#1948 = PRESENTATION_LAYER_ASSIGNMENT (  '', '', ( #8663 ) ) ;
#1949 = ORIENTED_EDGE ( 'NONE', *, *, #5826, .F. ) ;
#1950 = PLANE ( 'NONE',  #3723 ) ;
#1951 = CARTESIAN_POINT ( 'NONE',  ( 0.6682507093429900236, 0.8100000000000002753, -0.2683102258056314637 ) ) ;
#1952 = ADVANCED_FACE ( 'NONE', ( #2004 ), #2001, .F. ) ;
#1953 = CARTESIAN_POINT ( 'NONE',  ( -1.040992906325963974, 0.8000000000000002665, -0.05249149452287540929 ) ) ;
#1954 = COLOUR_RGB ( '',0.09803921568627450844, 0.09803921568627450844, 0.09803921568627450844 ) ;
#1955 = CARTESIAN_POINT ( 'NONE',  ( 1.171771144449036406, 0.8100000000000000533, -0.3461979392881434081 ) ) ;
#1956 = EDGE_CURVE ( 'NONE', #5515, #6209, #3655, .T. ) ;
#1957 = CARTESIAN_POINT ( 'NONE',  ( -0.3583918976627652464, 0.7999999999999998224, 0.07360529725343005480 ) ) ;
#1958 = CARTESIAN_POINT ( 'NONE',  ( 1.000000000000000222, 0.0000000000000000000, 1.149999999999998801 ) ) ;
#1959 = CARTESIAN_POINT ( 'NONE',  ( 0.6803307191035670165, 0.8000000000000003775, -0.07589449121686069055 ) ) ;
#1960 = CARTESIAN_POINT ( 'NONE',  ( -0.2412783609399994644, 0.8100000000000002753, -0.3419984289488352536 ) ) ;
#1961 = EDGE_LOOP ( 'NONE', ( #2562, #2683, #8981, #1003, #5959, #5763 ) ) ;
#1962 = PLANE ( 'NONE',  #6705 ) ;
#1963 = CARTESIAN_POINT ( 'NONE',  ( 1.820000000000000284, 0.7200000000000001954, 1.099999999999999867 ) ) ;
#1964 = SURFACE_STYLE_USAGE ( .BOTH. , #4506 ) ;
#1965 = FACE_OUTER_BOUND ( 'NONE', #299, .T. ) ;
#1966 = CARTESIAN_POINT ( 'NONE',  ( -1.799999999999999822, 0.8000000000000001554, 0.8000000000000003775 ) ) ;
#1967 =( LENGTH_UNIT ( ) NAMED_UNIT ( * ) SI_UNIT ( .MILLI., .METRE. ) );
#1968 = VECTOR ( 'NONE', #6197, 1000.000000000000000 ) ;
#1969 = CARTESIAN_POINT ( 'NONE',  ( -0.6581999654326171623, 0.8000000000000000444, -0.2621935917501271307 ) ) ;
#1970 = CARTESIAN_POINT ( 'NONE',  ( 2.000000000000001776, 0.05000000000000000278, -1.050000000000000488 ) ) ;
#1971 = TOROIDAL_SURFACE ( 'NONE', #8192, 0.2799999999999999711, 0.02000000000000000042 ) ;
#1972 = CARTESIAN_POINT ( 'NONE',  ( -1.120240453533728253, 0.8000000000000003775, -0.3435700815607422021 ) ) ;
#1973 = CARTESIAN_POINT ( 'NONE',  ( -0.9312765738876136457, 0.8100000000000004974, -0.1711366949307232266 ) ) ;
#1974 = ADVANCED_FACE ( 'NONE', ( #6902 ), #764, .T. ) ;
#1975 = ORIENTED_EDGE ( 'NONE', *, *, #1538, .F. ) ;
#1976 = LINE ( 'NONE', #2697, #4222 ) ;
#1977 = MECHANICAL_DESIGN_GEOMETRIC_PRESENTATION_REPRESENTATION (  '', ( #3456 ), #483 ) ;
#1978 = COLOUR_RGB ( '',1.000000000000000000, 0.8078431372549019773, 0.4980392156862745168 ) ;
#1979 = LINE ( 'NONE', #7467, #1603 ) ;
#1980 = CARTESIAN_POINT ( 'NONE',  ( -1.499999999999999778, 0.7200000000000001954, 1.120000000000000329 ) ) ;
#1981 = CARTESIAN_POINT ( 'NONE',  ( -0.2953855265743620118, 0.8000000000000003775, 0.08251454679173662876 ) ) ;
#1982 = SURFACE_SIDE_STYLE ('',( #5044 ) ) ;
#1983 = CARTESIAN_POINT ( 'NONE',  ( -0.8785009481323188263, 0.8000000000000000444, -0.05016294141516895039 ) ) ;
#1984 = ORIENTED_EDGE ( 'NONE', *, *, #5133, .F. ) ;
#1985 = CARTESIAN_POINT ( 'NONE',  ( -0.2384861375009236228, 0.8000000000000003775, 0.2653701121695656862 ) ) ;
#1986 = LINE ( 'NONE', #2900, #265 ) ;
#1987 = VECTOR ( 'NONE', #9043, 1000.000000000000000 ) ;
#1988 = DIRECTION ( 'NONE',  ( -0.0000000000000000000, -0.0000000000000000000, 1.000000000000000000 ) ) ;
#1989 = SURFACE_SIDE_STYLE ('',( #3561 ) ) ;
#1990 = FACE_OUTER_BOUND ( 'NONE', #7786, .T. ) ;
#1991 = CARTESIAN_POINT ( 'NONE',  ( 1.000000000000000000, 0.05000000000000000278, -1.149999999999998357 ) ) ;
#1992 = CARTESIAN_POINT ( 'NONE',  ( 1.310998065845397464, 0.8000000000000003775, 0.1377029586309676257 ) ) ;
#1993 = CARTESIAN_POINT ( 'NONE',  ( -0.8517415787605365773, 0.8100000000000000533, -0.2333801668200149171 ) ) ;
#1994 = VERTEX_POINT ( 'NONE', #6236 ) ;
#1995 = CARTESIAN_POINT ( 'NONE',  ( -1.003616856303526816, 0.8099999999999999423, -0.1942463942296210055 ) ) ;
#1996 = COLOUR_RGB ( '',0.09803921568627450844, 0.09803921568627450844, 0.09803921568627450844 ) ;
#1997 = ORIENTED_EDGE ( 'NONE', *, *, #7802, .T. ) ;
#1998 = CARTESIAN_POINT ( 'NONE',  ( -0.3488933262104507160, 0.7999999999999999334, -0.1987699973880089344 ) ) ;
#1999 = CARTESIAN_POINT ( 'NONE',  ( 2.000000000000000000, 0.0000000000000000000, 1.250000000000000000 ) ) ;
#2000 = CARTESIAN_POINT ( 'NONE',  ( -0.8517415787605365773, 0.8000000000000000444, -0.2333801668200149171 ) ) ;
#2001 = TOROIDAL_SURFACE ( 'NONE', #5098, 0.3199999999999999512, 0.02000000000000000042 ) ;
#2002 = VECTOR ( 'NONE', #10126, 1000.000000000000000 ) ;
#2003 = AXIS2_PLACEMENT_3D ( 'NONE', #6733, #1933, #7565 ) ;
#2004 = FACE_OUTER_BOUND ( 'NONE', #2938, .T. ) ;
#2005 = AXIS2_PLACEMENT_3D ( 'NONE', #9837, #5805, #1059 ) ;
#2006 = SURFACE_SIDE_STYLE ('',( #7494 ) ) ;
#2007 = CARTESIAN_POINT ( 'NONE',  ( -0.3399115504435935020, 0.7999999999999998224, 0.1586085643082463525 ) ) ;
#2008 = CARTESIAN_POINT ( 'NONE',  ( -0.2239102889873942903, 0.8100000000000000533, 0.2040627350160150733 ) ) ;
#2009 = CARTESIAN_POINT ( 'NONE',  ( 0.6606312399241471844, 0.8000000000000001554, -0.07408378445771840459 ) ) ;
#2010 = PRESENTATION_STYLE_ASSIGNMENT (( #9866 ) ) ;
#2011 = ORIENTED_EDGE ( 'NONE', *, *, #8741, .F. ) ;
#2012 = VERTEX_POINT ( 'NONE', #1072 ) ;
#2013 =( GEOMETRIC_REPRESENTATION_CONTEXT ( 3 ) GLOBAL_UNCERTAINTY_ASSIGNED_CONTEXT ( ( #9528 ) ) GLOBAL_UNIT_ASSIGNED_CONTEXT ( ( #432, #591, #3722 ) ) REPRESENTATION_CONTEXT ( 'NONE', 'WORKASPACE' ) );
#2014 =( GEOMETRIC_REPRESENTATION_CONTEXT ( 3 ) GLOBAL_UNCERTAINTY_ASSIGNED_CONTEXT ( ( #2215 ) ) GLOBAL_UNIT_ASSIGNED_CONTEXT ( ( #3716, #387, #2337 ) ) REPRESENTATION_CONTEXT ( 'NONE', 'WORKASPACE' ) );
#2015 = VECTOR ( 'NONE', #4348, 1000.000000000000000 ) ;
#2016 = AXIS2_PLACEMENT_3D ( 'NONE', #6713, #9972, #9874 ) ;
#2017 = UNCERTAINTY_MEASURE_WITH_UNIT (LENGTH_MEASURE( 1.000000000000000082E-05 ), #1303, 'distance_accuracy_value', 'NONE');
#2018 = ADVANCED_FACE ( 'NONE', ( #170 ), #8650, .T. ) ;
#2019 = CARTESIAN_POINT ( 'NONE',  ( -0.6214694666221345365, 0.8100000000000001643, -0.03835223617422683917 ) ) ;
#2020 = CARTESIAN_POINT ( 'NONE',  ( -0.7751467600497990995, 0.8100000000000001643, -0.3462229863033962629 ) ) ;
#2021 =( LENGTH_UNIT ( ) NAMED_UNIT ( * ) SI_UNIT ( .MILLI., .METRE. ) );
#2022 = PRESENTATION_STYLE_ASSIGNMENT (( #9041 ) ) ;
#2023 = VECTOR ( 'NONE', #7979, 1000.000000000000000 ) ;
#2024 = CARTESIAN_POINT ( 'NONE',  ( 0.7721261971342020525, 0.8000000000000001554, -0.04198520609398928571 ) ) ;
#2025 = TOROIDAL_SURFACE ( 'NONE', #4623, 0.3199999999999999512, 0.02000000000000000042 ) ;
#2026 = CARTESIAN_POINT ( 'NONE',  ( -1.137392860739428802, 0.8000000000000001554, -0.3458680983121288355 ) ) ;
#2027 = FILL_AREA_STYLE_COLOUR ( '', #526 ) ;
#2028 =( NAMED_UNIT ( * ) SI_UNIT ( $, .STERADIAN. ) SOLID_ANGLE_UNIT ( ) );
#2029 = ORIENTED_EDGE ( 'NONE', *, *, #2533, .F. ) ;
#2030 = UNCERTAINTY_MEASURE_WITH_UNIT (LENGTH_MEASURE( 1.000000000000000082E-05 ), #6394, 'distance_accuracy_value', 'NONE');
#2031 = ADVANCED_FACE ( 'NONE', ( #8815 ), #3385, .T. ) ;
#2032 = B_SPLINE_SURFACE_WITH_KNOTS ( 'NONE', 3, 1, ( 
 ( #2270, #1507 ),
 ( #4610, #723 ),
 ( #7949, #4035 ),
 ( #7169, #8003 ),
 ( #6392, #8197 ),
 ( #6595, #1230 ),
 ( #7430, #8341 ) ),
 .UNSPECIFIED., .F., .F., .F.,
 ( 4, 1, 1, 1, 4 ),
 ( 2, 2 ),
 ( 0.0000000000000000000, 0.2897826567611914150, 0.5509308198627735909, 0.7880903339811086150, 0.9999999999999998890 ),
 ( 0.0000000000000000000, 1.000000000000000000 ),
 .UNSPECIFIED. ) ;
#2033 = EDGE_CURVE ( 'NONE', #6363, #6690, #1336, .T. ) ;
#2034 = CARTESIAN_POINT ( 'NONE',  ( -1.779999999999999583, 0.8000000000000001554, 0.8000000000000003775 ) ) ;
#2035 = DIRECTION ( 'NONE',  ( 0.0000000000000000000, 0.0000000000000000000, 1.000000000000000000 ) ) ;
#2036 = VECTOR ( 'NONE', #7785, 1000.000000000000000 ) ;
#2037 =( LENGTH_UNIT ( ) NAMED_UNIT ( * ) SI_UNIT ( .MILLI., .METRE. ) );
#2038 = CARTESIAN_POINT ( 'NONE',  ( -1.285503026819071026, 0.8000000000000002665, -0.2761353534114605601 ) ) ;
#2039 = EDGE_LOOP ( 'NONE', ( #2482, #6413, #8857, #5852 ) ) ;
#2040 = CARTESIAN_POINT ( 'NONE',  ( -0.2830119744529308035, 0.8000000000000001554, 0.2422586355007999848 ) ) ;
#2041 = CARTESIAN_POINT ( 'NONE',  ( 0.6806927467880080629, 0.8000000000000001554, -0.2670300869244118802 ) ) ;
#2042 =( LENGTH_UNIT ( ) NAMED_UNIT ( * ) SI_UNIT ( .MILLI., .METRE. ) );
#2043 = CARTESIAN_POINT ( 'NONE',  ( -0.2597491593462310511, 0.7999999999999999334, 0.1789007281616848966 ) ) ;
#2044 = SURFACE_STYLE_USAGE ( .BOTH. , #4325 ) ;
#2045 = DIRECTION ( 'NONE',  ( -0.0000000000000000000, -0.0000000000000000000, -1.000000000000000000 ) ) ;
#2046 = SURFACE_STYLE_FILL_AREA ( #6084 ) ;
#2047 = FILL_AREA_STYLE_COLOUR ( '', #6309 ) ;
#2048 =( GEOMETRIC_REPRESENTATION_CONTEXT ( 3 ) GLOBAL_UNCERTAINTY_ASSIGNED_CONTEXT ( ( #6015 ) ) GLOBAL_UNIT_ASSIGNED_CONTEXT ( ( #840, #999, #1616 ) ) REPRESENTATION_CONTEXT ( 'NONE', 'WORKASPACE' ) );
#2049 = SURFACE_SIDE_STYLE ('',( #9650 ) ) ;
#2050 = VERTEX_POINT ( 'NONE', #7483 ) ;
#2051 = CARTESIAN_POINT ( 'NONE',  ( 1.310998065845397464, 0.8100000000000001643, 0.1377029586309676257 ) ) ;
#2052 = ORIENTED_EDGE ( 'NONE', *, *, #9128, .T. ) ;
#2053 = CARTESIAN_POINT ( 'NONE',  ( -0.1279054272690933192, 0.8100000000000000533, -0.2200471004612733483 ) ) ;
#2054 = PLANE ( 'NONE',  #5521 ) ;
#2055 = FILL_AREA_STYLE ('',( #3490 ) ) ;
#2056 = CARTESIAN_POINT ( 'NONE',  ( -0.8782875110824873710, 0.8000000000000002665, -0.07232998743971584543 ) ) ;
#2057 =( GEOMETRIC_REPRESENTATION_CONTEXT ( 3 ) GLOBAL_UNCERTAINTY_ASSIGNED_CONTEXT ( ( #2030 ) ) GLOBAL_UNIT_ASSIGNED_CONTEXT ( ( #6394, #815, #31 ) ) REPRESENTATION_CONTEXT ( 'NONE', 'WORKASPACE' ) );
#2058 = CARTESIAN_POINT ( 'NONE',  ( 1.163311377533709612, 0.8100000000000002753, 0.1990665949946039959 ) ) ;
#2059 = CARTESIAN_POINT ( 'NONE',  ( -0.1342111649153814312, 0.7999999999999998224, 0.1560891153966553757 ) ) ;
#2060 = CARTESIAN_POINT ( 'NONE',  ( 0.7654145042166987656, 0.8100000000000001643, -0.1678814480715202229 ) ) ;
#2061 = CARTESIAN_POINT ( 'NONE',  ( -0.2042210899987577377, 0.8100000000000001643, -0.3463879504599413073 ) ) ;
#2062 = ORIENTED_EDGE ( 'NONE', *, *, #10067, .T. ) ;
#2063 = ORIENTED_EDGE ( 'NONE', *, *, #7928, .T. ) ;
#2064 = STYLED_ITEM ( 'NONE', ( #8395 ), #3409 ) ;
#2065 = CARTESIAN_POINT ( 'NONE',  ( -0.7443341227050696007, 0.8100000000000001643, 0.2648219046847185010 ) ) ;
#2066 = LINE ( 'NONE', #5329, #7741 ) ;
#2067 = CARTESIAN_POINT ( 'NONE',  ( -2.000000000000001776, 0.05000000000000000278, -0.9499999999999996225 ) ) ;
#2068 = AXIS2_PLACEMENT_3D ( 'NONE', #5289, #5334, #1512 ) ;
#2069 = ADVANCED_FACE ( 'NONE', ( #9072 ), #9887, .T. ) ;
#2070 = CARTESIAN_POINT ( 'NONE',  ( 1.900000000000001688, 0.0000000000000000000, -0.9499999999999997335 ) ) ;
#2071 = CARTESIAN_POINT ( 'NONE',  ( -1.104194990294792733, 0.8000000000000001554, -0.3396090859557222008 ) ) ;
#2072 = VERTEX_POINT ( 'NONE', #2144 ) ;
#2073 = ORIENTED_EDGE ( 'NONE', *, *, #7143, .T. ) ;
#2074 = CARTESIAN_POINT ( 'NONE',  ( -0.9999999999999997780, 0.0000000000000000000, -0.3500000000000000333 ) ) ;
#2075 =( NAMED_UNIT ( * ) PLANE_ANGLE_UNIT ( ) SI_UNIT ( $, .RADIAN. ) );
#2076 = PRESENTATION_STYLE_ASSIGNMENT (( #9161 ) ) ;
#2077 = PRESENTATION_STYLE_ASSIGNMENT (( #3657 ) ) ;
#2078 = CARTESIAN_POINT ( 'NONE',  ( -0.2869403270993012844, 0.8000000000000001554, 0.1256072252334960171 ) ) ;
#2079 = EDGE_CURVE ( 'NONE', #1118, #4832, #5150, .T. ) ;
#2080 = CARTESIAN_POINT ( 'NONE',  ( -0.08982470329695672884, 0.8100000000000001643, -0.2762953058248670546 ) ) ;
#2081 = ORIENTED_EDGE ( 'NONE', *, *, #3, .T. ) ;
#2082 = STYLED_ITEM ( 'NONE', ( #3136 ), #5345 ) ;
#2083 = CARTESIAN_POINT ( 'NONE',  ( -0.2106869584221105207, 0.8000000000000002665, 0.2689790979968826878 ) ) ;
#2084 = CARTESIAN_POINT ( 'NONE',  ( 0.7549147341443860348, 0.8099999999999999423, -0.2212409438307308129 ) ) ;
#2085 = MECHANICAL_DESIGN_GEOMETRIC_PRESENTATION_REPRESENTATION (  '', ( #8308 ), #6651 ) ;
#2086 = FILL_AREA_STYLE ('',( #4479 ) ) ;
#2087 = FILL_AREA_STYLE_COLOUR ( '', #8073 ) ;
#2088 = CARTESIAN_POINT ( 'NONE',  ( -0.2747486982185819437, 0.8100000000000003864, 0.1568634701086526750 ) ) ;
#2089 = DIRECTION ( 'NONE',  ( -1.000000000000000000, 0.0000000000000000000, 0.0000000000000000000 ) ) ;
#2090 = SURFACE_STYLE_FILL_AREA ( #4482 ) ;
#2091 = CIRCLE ( 'NONE', #296, 0.3041381265149101232 ) ;
#2092 = FILL_AREA_STYLE_COLOUR ( '', #5642 ) ;
#2093 = MECHANICAL_DESIGN_GEOMETRIC_PRESENTATION_REPRESENTATION (  '', ( #6505 ), #9472 ) ;
#2094 = ADVANCED_FACE ( 'NONE', ( #2757 ), #4062, .F. ) ;
#2095 = DIRECTION ( 'NONE',  ( 0.0000000000000000000, 0.0000000000000000000, -1.000000000000000000 ) ) ;
#2096 = ORIENTED_EDGE ( 'NONE', *, *, #9517, .T. ) ;
#2097 = CARTESIAN_POINT ( 'NONE',  ( -1.072165936652592411, 0.8000000000000003775, -0.2214040259377188791 ) ) ;
#2098 = EDGE_CURVE ( 'NONE', #1781, #8742, #4884, .T. ) ;
#2099 = VERTEX_POINT ( 'NONE', #7356 ) ;
#2100 = CARTESIAN_POINT ( 'NONE',  ( -0.1108170178158865427, 0.8000000000000000444, -0.1338582345812994456 ) ) ;
#2101 = PRESENTATION_LAYER_ASSIGNMENT (  '', '', ( #4366 ) ) ;
#2102 =( GEOMETRIC_REPRESENTATION_CONTEXT ( 3 ) GLOBAL_UNCERTAINTY_ASSIGNED_CONTEXT ( ( #2230 ) ) GLOBAL_UNIT_ASSIGNED_CONTEXT ( ( #5412, #1437, #2201 ) ) REPRESENTATION_CONTEXT ( 'NONE', 'WORKASPACE' ) );
#2103 = CARTESIAN_POINT ( 'NONE',  ( 0.6923143799730669956, 0.8100000000000002753, -0.2651590786154660040 ) ) ;
#2104 = CARTESIAN_POINT ( 'NONE',  ( -0.8785009481323188263, 0.8000000000000000444, -0.05016294141516895039 ) ) ;
#2105 = PRESENTATION_STYLE_ASSIGNMENT (( #9137 ) ) ;
#2106 = CARTESIAN_POINT ( 'NONE',  ( -0.7335259633642162713, 0.8000000000000000444, 0.1871459774479252158 ) ) ;
#2107 = EDGE_CURVE ( 'NONE', #534, #1657, #3332, .T. ) ;
#2108 =( NAMED_UNIT ( * ) PLANE_ANGLE_UNIT ( ) SI_UNIT ( $, .RADIAN. ) );
#2109 = LINE ( 'NONE', #1399, #6151 ) ;
#2110 = ORIENTED_EDGE ( 'NONE', *, *, #6529, .T. ) ;
#2111 = EDGE_LOOP ( 'NONE', ( #9290, #6921, #8687, #3632 ) ) ;
#2112 = B_SPLINE_SURFACE_WITH_KNOTS ( 'NONE', 3, 1, ( 
 ( #2385, #5299 ),
 ( #4625, #4519 ),
 ( #7660, #630 ),
 ( #3763, #6874 ),
 ( #10035, #3003 ),
 ( #3362, #4878 ),
 ( #8788, #2487 ),
 ( #7924, #4827 ),
 ( #2438, #5597 ),
 ( #7193, #1813 ),
 ( #1662, #148 ),
 ( #1761, #6470 ),
 ( #9574, #2537 ),
 ( #6420, #8693 ),
 ( #5693, #100 ),
 ( #3309, #1716 ),
 ( #5546, #4928 ),
 ( #5644, #888 ),
 ( #8743, #8026 ) ),
 .UNSPECIFIED., .F., .F., .F.,
 ( 4, 1, 1, 1, 1, 1, 1, 1, 1, 1, 1, 1, 1, 1, 1, 1, 4 ),
 ( 2, 2 ),
 ( 0.0000000000000000000, 0.09513606765129918597, 0.1847313633813591760, 0.2682875644224345102, 0.3465971881315638714, 0.4193050250118303679, 0.4872356976528923744, 0.5505021670267863376, 0.6094154834552107936, 0.6641924973930186660, 0.7154708956004395271, 0.7642516598968451813, 0.8109957637662903451, 0.8569478638665047887, 0.9028837686324792111, 0.9504484131495152255, 1.000000000000000000 ),
 ( 0.0000000000000000000, 1.000000000000000000 ),
 .UNSPECIFIED. ) ;
#2113 = UNCERTAINTY_MEASURE_WITH_UNIT (LENGTH_MEASURE( 1.000000000000000082E-05 ), #5423, 'distance_accuracy_value', 'NONE');
#2114 = FILL_AREA_STYLE ('',( #5285 ) ) ;
#2115 = MECHANICAL_DESIGN_GEOMETRIC_PRESENTATION_REPRESENTATION (  '', ( #271 ), #7330 ) ;
#2116 = CARTESIAN_POINT ( 'NONE',  ( -0.6920980659032127669, 0.8000000000000001554, -0.3107894327021143432 ) ) ;
#2117 = CARTESIAN_POINT ( 'NONE',  ( 0.9760941902295598993, 0.8000000000000000444, -0.02876859206463269411 ) ) ;
#2118 =( LENGTH_UNIT ( ) NAMED_UNIT ( * ) SI_UNIT ( .MILLI., .METRE. ) );
#2119 = CARTESIAN_POINT ( 'NONE',  ( -1.271009786563721766, 0.8000000000000002665, 0.1216642332321596770 ) ) ;
#2120 = CARTESIAN_POINT ( 'NONE',  ( 0.7959818320791637314, 0.8000000000000001554, 0.2614042573322663543 ) ) ;
#2121 = FILL_AREA_STYLE_COLOUR ( '', #4334 ) ;
#2122 = CARTESIAN_POINT ( 'NONE',  ( 1.055748780312817825, 0.8000000000000000444, 0.1658704387259331559 ) ) ;
#2123 = CARTESIAN_POINT ( 'NONE',  ( -1.005569780693732929, 0.8000000000000000444, -0.2099815693541482731 ) ) ;
#2124 = VERTEX_POINT ( 'NONE', #9581 ) ;
#2125 = CARTESIAN_POINT ( 'NONE',  ( -1.700000000000001954, 0.05000000000000000278, 1.149999999999998801 ) ) ;
#2126 = VERTEX_POINT ( 'NONE', #1876 ) ;
#2127 = VERTEX_POINT ( 'NONE', #6574 ) ;
#2128 = UNCERTAINTY_MEASURE_WITH_UNIT (LENGTH_MEASURE( 1.000000000000000082E-05 ), #4058, 'distance_accuracy_value', 'NONE');
#2129 = CARTESIAN_POINT ( 'NONE',  ( -0.8440224115044809849, 0.7999999999999999334, 0.1686973907083552382 ) ) ;
#2130 = CARTESIAN_POINT ( 'NONE',  ( -1.003287648440316149, 0.8000000000000001554, 0.1912743872023965064 ) ) ;
#2131 = DIRECTION ( 'NONE',  ( 0.0000000000000000000, 0.0000000000000000000, 1.000000000000000000 ) ) ;
#2132 = AXIS2_PLACEMENT_3D ( 'NONE', #9636, #469, #7603 ) ;
#2133 = CARTESIAN_POINT ( 'NONE',  ( 1.167085728183060001, 0.8100000000000001643, 0.2691964651244740936 ) ) ;
#2134 = CARTESIAN_POINT ( 'NONE',  ( -2.000000000000000000, 0.6100000000000000977, 1.249999999999999556 ) ) ;
#2135 = LINE ( 'NONE', #4315, #5245 ) ;
#2136 = DIRECTION ( 'NONE',  ( -1.000000000000000000, 0.0000000000000000000, 0.0000000000000000000 ) ) ;
#2137 = CARTESIAN_POINT ( 'NONE',  ( -0.9312765738876136457, 0.8000000000000002665, -0.1711366949307232266 ) ) ;
#2138 = CARTESIAN_POINT ( 'NONE',  ( -1.314333553700720802, 0.7999999999999999334, -0.1744009699872260677 ) ) ;
#2139 = VERTEX_POINT ( 'NONE', #9677 ) ;
#2140 = UNCERTAINTY_MEASURE_WITH_UNIT (LENGTH_MEASURE( 1.000000000000000082E-05 ), #6531, 'distance_accuracy_value', 'NONE');
#2141 = CARTESIAN_POINT ( 'NONE',  ( -0.3583918976627652464, 0.8000000000000001554, 0.07360529725343005480 ) ) ;
#2142 = PRESENTATION_STYLE_ASSIGNMENT (( #9948 ) ) ;
#2143 = CARTESIAN_POINT ( 'NONE',  ( -0.1652557128971128830, 0.7999999999999999334, 0.1943476029815417727 ) ) ;
#2144 = CARTESIAN_POINT ( 'NONE',  ( -1.800000000000001599, 0.0000000000000000000, -1.249999999999998224 ) ) ;
#2145 = SURFACE_STYLE_USAGE ( .BOTH. , #9175 ) ;
#2146 = FILL_AREA_STYLE ('',( #5870 ) ) ;
#2147 = CARTESIAN_POINT ( 'NONE',  ( -1.199797388700056588, 0.8000000000000001554, 0.03871756902057833793 ) ) ;
#2148 = PLANE ( 'NONE',  #8103 ) ;
#2149 = CARTESIAN_POINT ( 'NONE',  ( 1.162946117793449696, 0.8100000000000001643, -0.04249184656383755282 ) ) ;
#2150 = ORIENTED_EDGE ( 'NONE', *, *, #4528, .F. ) ;
#2151 = CARTESIAN_POINT ( 'NONE',  ( -0.1072945895445592129, 0.8100000000000002753, -0.05028476622377610339 ) ) ;
#2152 = STYLED_ITEM ( 'NONE', ( #7839 ), #7850 ) ;
#2153 = DIRECTION ( 'NONE',  ( -0.0000000000000000000, -1.000000000000000000, -0.0000000000000000000 ) ) ;
#2154 = EDGE_CURVE ( 'NONE', #9392, #7546, #6478, .T. ) ;
#2155 = CARTESIAN_POINT ( 'NONE',  ( 1.094828587676615728, 0.8000000000000001554, -0.2664537159938286659 ) ) ;
#2156 = CARTESIAN_POINT ( 'NONE',  ( 0.4928162476635793987, 0.8000000000000001554, 0.2614042573322663543 ) ) ;
#2157 = EDGE_CURVE ( 'NONE', #3086, #8466, #8848, .T. ) ;
#2158 = DIRECTION ( 'NONE',  ( 1.000000000000000000, 0.0000000000000000000, -1.204669080539449344E-16 ) ) ;
#2159 = CARTESIAN_POINT ( 'NONE',  ( -1.252638297790965582, 0.8100000000000001643, -0.1593749634469540932 ) ) ;
#2160 = CARTESIAN_POINT ( 'NONE',  ( 1.900000000000001688, 0.05000000000000002359, -0.9499999999999981792 ) ) ;
#2161 = B_SPLINE_CURVE_WITH_KNOTS ( 'NONE', 3,
 ( #7323, #6497, #5107, #8919, #9700, #2663, #7434, #388, #8201, #1180, #1234 ),
 .UNSPECIFIED., .F., .F.,
 ( 4, 1, 1, 1, 1, 1, 1, 1, 4 ),
 ( 0.0000000000000000000, 0.1280698975072818990, 0.2516654189496291272, 0.3715299648652440889, 0.4903917349475235832, 0.6102040788373267466, 0.7344390716144034714, 0.8631488921910074330, 1.000000000000000000 ),
 .UNSPECIFIED. ) ;
#2162 = COLOUR_RGB ( '',1.000000000000000000, 0.9490196078431372140, 0.9098039215686274384 ) ;
#2163 = CARTESIAN_POINT ( 'NONE',  ( -0.1931188716502837410, 0.8000000000000000444, 0.2065145937873862636 ) ) ;
#2164 = FILL_AREA_STYLE_COLOUR ( '', #7363 ) ;
#2165 = ORIENTED_EDGE ( 'NONE', *, *, #9934, .F. ) ;
#2166 = CARTESIAN_POINT ( 'NONE',  ( -1.113685067924365946, 0.8000000000000003775, -0.2728123358256871467 ) ) ;
#2167 = ORIENTED_EDGE ( 'NONE', *, *, #5897, .T. ) ;
#2168 = AXIS2_PLACEMENT_3D ( 'NONE', #8212, #8977, #1143 ) ;
#2169 = PRESENTATION_LAYER_ASSIGNMENT (  '', '', ( #3802 ) ) ;
#2170 = PLANE ( 'NONE',  #8727 ) ;
#2171 = LINE ( 'NONE', #2780, #7072 ) ;
#2172 = CARTESIAN_POINT ( 'NONE',  ( -0.1349257360907295533, 0.8000000000000003775, 0.2499457095371509785 ) ) ;
#2173 = EDGE_LOOP ( 'NONE', ( #7010, #5057, #6953, #4170 ) ) ;
#2174 = VECTOR ( 'NONE', #2879, 1000.000000000000000 ) ;
#2175 = CARTESIAN_POINT ( 'NONE',  ( 1.157101961949293933, 0.8000000000000000444, -0.2762580803300713206 ) ) ;
#2176 = EDGE_LOOP ( 'NONE', ( #3370, #9868, #2150, #9914 ) ) ;
#2177 = ORIENTED_EDGE ( 'NONE', *, *, #128, .F. ) ;
#2178 = DIRECTION ( 'NONE',  ( 0.0000000000000000000, 0.0000000000000000000, -1.000000000000000000 ) ) ;
#2179 = STYLED_ITEM ( 'NONE', ( #4699 ), #1412 ) ;
#2180 = CARTESIAN_POINT ( 'NONE',  ( 0.9136768659670547743, 0.8000000000000003775, -0.04379324420162934717 ) ) ;
#2181 = CYLINDRICAL_SURFACE ( 'NONE', #3512, 0.1999999999999990119 ) ;
#2182 = LINE ( 'NONE', #6214, #1821 ) ;
#2183 =( NAMED_UNIT ( * ) SI_UNIT ( $, .STERADIAN. ) SOLID_ANGLE_UNIT ( ) );
#2184 = CARTESIAN_POINT ( 'NONE',  ( 1.188944923959164734, 0.8000000000000000444, -0.3458281715700081693 ) ) ;
#2185 = CARTESIAN_POINT ( 'NONE',  ( 0.4928162476635793987, 0.8100000000000001643, -0.07366067773266866958 ) ) ;
#2186 = AXIS2_PLACEMENT_3D ( 'NONE', #5103, #9173, #9950 ) ;
#2187 = ORIENTED_EDGE ( 'NONE', *, *, #2458, .F. ) ;
#2188 = FACE_OUTER_BOUND ( 'NONE', #3427, .T. ) ;
#2189 = FILL_AREA_STYLE ('',( #4415 ) ) ;
#2190 = DIRECTION ( 'NONE',  ( 0.0000000000000000000, 1.000000000000000000, 0.0000000000000000000 ) ) ;
#2191 = SURFACE_SIDE_STYLE ('',( #2245 ) ) ;
#2192 = CARTESIAN_POINT ( 'NONE',  ( -1.690000000000001501, 0.7000000000000000666, -1.219999999999999973 ) ) ;
#2193 = CARTESIAN_POINT ( 'NONE',  ( -1.144399661427329296, 0.8100000000000001643, 0.07475653005953937502 ) ) ;
#2194 = CARTESIAN_POINT ( 'NONE',  ( -1.003287648440316149, 0.8100000000000001643, 0.1912743872023965064 ) ) ;
#2195 = SURFACE_STYLE_USAGE ( .BOTH. , #593 ) ;
#2196 = DIRECTION ( 'NONE',  ( 1.000000000000000000, 0.0000000000000000000, -1.807003620809173646E-16 ) ) ;
#2197 = EDGE_CURVE ( 'NONE', #4390, #5591, #4936, .T. ) ;
#2198 = SURFACE_SIDE_STYLE ('',( #9234 ) ) ;
#2199 = CARTESIAN_POINT ( 'NONE',  ( 0.7105968007617181614, 0.8000000000000001554, -0.3344630746542260891 ) ) ;
#2200 = ORIENTED_EDGE ( 'NONE', *, *, #7862, .F. ) ;
#2201 =( NAMED_UNIT ( * ) SI_UNIT ( $, .STERADIAN. ) SOLID_ANGLE_UNIT ( ) );
#2202 = CARTESIAN_POINT ( 'NONE',  ( -0.1757908099107899635, 0.7999999999999999334, -0.2773592022517659683 ) ) ;
#2203 = SURFACE_STYLE_USAGE ( .BOTH. , #7535 ) ;
#2204 = CARTESIAN_POINT ( 'NONE',  ( 0.9792295171524253439, 0.8100000000000003864, -0.09342546159769959946 ) ) ;
#2205 = CARTESIAN_POINT ( 'NONE',  ( -1.118782805645626155, 0.8100000000000000533, -0.05193247423549929992 ) ) ;
#2206 = AXIS2_PLACEMENT_3D ( 'NONE', #8683, #185, #7124 ) ;
#2207 = CARTESIAN_POINT ( 'NONE',  ( -0.3018790361425550683, 0.8100000000000001643, -0.02690666817324881624 ) ) ;
#2208 =( NAMED_UNIT ( * ) PLANE_ANGLE_UNIT ( ) SI_UNIT ( $, .RADIAN. ) );
#2209 = SURFACE_STYLE_FILL_AREA ( #8568 ) ;
#2210 = EDGE_LOOP ( 'NONE', ( #7917, #401, #7512, #1108 ) ) ;
#2211 = ORIENTED_EDGE ( 'NONE', *, *, #9889, .F. ) ;
#2212 = FACE_BOUND ( 'NONE', #1697, .T. ) ;
#2213 = ADVANCED_FACE ( 'NONE', ( #9730 ), #4169, .T. ) ;
#2214 = ADVANCED_FACE ( 'NONE', ( #5605 ), #7253, .F. ) ;
#2215 = UNCERTAINTY_MEASURE_WITH_UNIT (LENGTH_MEASURE( 1.000000000000000082E-05 ), #3716, 'distance_accuracy_value', 'NONE');
#2216 = VECTOR ( 'NONE', #448, 1000.000000000000000 ) ;
#2217 = CARTESIAN_POINT ( 'NONE',  ( 2.000000000000000000, 0.6000000000000000888, 1.249999999999997780 ) ) ;
#2218 = FILL_AREA_STYLE ('',( #7122 ) ) ;
#2219 = CARTESIAN_POINT ( 'NONE',  ( -0.7044812188522990848, 0.8000000000000001554, -0.3218505470780828603 ) ) ;
#2220 = CARTESIAN_POINT ( 'NONE',  ( 1.087771238169027654, 0.8000000000000002665, 0.1845091638181095561 ) ) ;
#2221 = LINE ( 'NONE', #5332, #3734 ) ;
#2222 = DIRECTION ( 'NONE',  ( -1.000000000000000000, 0.0000000000000000000, -0.0000000000000000000 ) ) ;
#2223 = CARTESIAN_POINT ( 'NONE',  ( -0.04496730426895909072, 0.8000000000000002665, -0.05191086813422765567 ) ) ;
#2224 = CARTESIAN_POINT ( 'NONE',  ( 1.689999999999998836, 0.6800000000000000488, -1.219999999999999973 ) ) ;
#2225 = EDGE_LOOP ( 'NONE', ( #3900, #2167, #6387, #8508, #4027, #7399, #9460, #9304 ) ) ;
#2226 = SURFACE_STYLE_USAGE ( .BOTH. , #782 ) ;
#2227 = VERTEX_POINT ( 'NONE', #3647 ) ;
#2228 = EDGE_CURVE ( 'NONE', #3086, #5738, #4356, .T. ) ;
#2229 = ORIENTED_EDGE ( 'NONE', *, *, #55, .F. ) ;
#2230 = UNCERTAINTY_MEASURE_WITH_UNIT (LENGTH_MEASURE( 1.000000000000000082E-05 ), #5412, 'distance_accuracy_value', 'NONE');
#2231 = CARTESIAN_POINT ( 'NONE',  ( -0.04484608999875776270, 0.8000000000000001554, -0.03835223617422705428 ) ) ;
#2232 = CARTESIAN_POINT ( 'NONE',  ( 2.000000000000000000, 0.6000000000000000888, -1.249999999999997780 ) ) ;
#2233 = CARTESIAN_POINT ( 'NONE',  ( 0.9467970788574194829, 0.8000000000000002665, -0.2054128830956018226 ) ) ;
#2234 = SURFACE_STYLE_FILL_AREA ( #6022 ) ;
#2235 = CARTESIAN_POINT ( 'NONE',  ( 0.7959818320791637314, 0.8100000000000001643, 0.2614042573322663543 ) ) ;
#2236 = EDGE_CURVE ( 'NONE', #820, #6361, #2844, .T. ) ;
#2237 = CARTESIAN_POINT ( 'NONE',  ( 1.365543520390852361, 0.8100000000000001643, -0.1671671712391622489 ) ) ;
#2238 = DIRECTION ( 'NONE',  ( 0.0000000000000000000, 0.0000000000000000000, -1.000000000000000000 ) ) ;
#2239 = VECTOR ( 'NONE', #1503, 1000.000000000000000 ) ;
#2240 = MECHANICAL_DESIGN_GEOMETRIC_PRESENTATION_REPRESENTATION (  '', ( #1265 ), #5165 ) ;
#2241 = ORIENTED_EDGE ( 'NONE', *, *, #2079, .T. ) ;
#2242 = CARTESIAN_POINT ( 'NONE',  ( -0.7443341227050696007, 0.8100000000000001643, 0.2648219046847185010 ) ) ;
#2243 = DIRECTION ( 'NONE',  ( -0.0000000000000000000, -1.000000000000000000, -0.0000000000000000000 ) ) ;
#2244 = PLANE ( 'NONE',  #850 ) ;
#2245 = SURFACE_STYLE_FILL_AREA ( #10053 ) ;
#2246 = AXIS2_PLACEMENT_3D ( 'NONE', #1170, #320, #5862 ) ;
#2247 = CARTESIAN_POINT ( 'NONE',  ( 0.9967356178280423196, 0.8100000000000003864, -0.2810438384004351198 ) ) ;
#2248 = CARTESIAN_POINT ( 'NONE',  ( -1.950000000000001510, 0.05000000000000000278, 0.9499999999999996225 ) ) ;
#2249 = SURFACE_STYLE_FILL_AREA ( #5457 ) ;
#2250 = DIRECTION ( 'NONE',  ( -1.000000000000000000, 0.0000000000000000000, 2.168404344971013207E-15 ) ) ;
#2251 =( GEOMETRIC_REPRESENTATION_CONTEXT ( 3 ) GLOBAL_UNCERTAINTY_ASSIGNED_CONTEXT ( ( #572 ) ) GLOBAL_UNIT_ASSIGNED_CONTEXT ( ( #9368, #6323, #7671 ) ) REPRESENTATION_CONTEXT ( 'NONE', 'WORKASPACE' ) );
#2252 = CARTESIAN_POINT ( 'NONE',  ( 0.4928162476635793987, 0.8100000000000001643, -0.003530807602798561890 ) ) ;
#2253 = VERTEX_POINT ( 'NONE', #6766 ) ;
#2254 = CARTESIAN_POINT ( 'NONE',  ( -1.138936407443530863, 0.8000000000000000444, -0.2824096557351855052 ) ) ;
#2255 = AXIS2_PLACEMENT_3D ( 'NONE', #1007, #4113, #7258 ) ;
#2256 =( NAMED_UNIT ( * ) PLANE_ANGLE_UNIT ( ) SI_UNIT ( $, .RADIAN. ) );
#2257 = CARTESIAN_POINT ( 'NONE',  ( 1.247633778420216055, 0.8000000000000000444, 0.2565439133492442014 ) ) ;
#2258 = EDGE_CURVE ( 'NONE', #8388, #8206, #1261, .T. ) ;
#2259 = DIRECTION ( 'NONE',  ( -0.0000000000000000000, -1.000000000000000000, -0.0000000000000000000 ) ) ;
#2260 = PRESENTATION_LAYER_ASSIGNMENT (  '', '', ( #3407 ) ) ;
#2261 = CARTESIAN_POINT ( 'NONE',  ( 0.9136788009700650415, 0.8000000000000001554, -0.02791964745189350408 ) ) ;
#2262 = CARTESIAN_POINT ( 'NONE',  ( -1.242437256011783786, 0.8100000000000001643, -0.2236757291887003507 ) ) ;
#2263 = CARTESIAN_POINT ( 'NONE',  ( 0.6671782880154635276, 0.8100000000000002753, -0.3385037726533262070 ) ) ;
#2264 =( NAMED_UNIT ( * ) SI_UNIT ( $, .STERADIAN. ) SOLID_ANGLE_UNIT ( ) );
#2265 = ORIENTED_EDGE ( 'NONE', *, *, #8900, .F. ) ;
#2266 = VERTEX_POINT ( 'NONE', #6812 ) ;
#2267 = CARTESIAN_POINT ( 'NONE',  ( -1.156603542096909187, 0.8000000000000002665, 0.08772000447553285341 ) ) ;
#2268 = LINE ( 'NONE', #3748, #2239 ) ;
#2269 = ADVANCED_FACE ( 'NONE', ( #621 ), #9206, .F. ) ;
#2270 = CARTESIAN_POINT ( 'NONE',  ( 0.6876214424687742133, 0.8100000000000001643, -0.007426911498902444980 ) ) ;
#2271 =( GEOMETRIC_REPRESENTATION_CONTEXT ( 3 ) GLOBAL_UNCERTAINTY_ASSIGNED_CONTEXT ( ( #3359 ) ) GLOBAL_UNIT_ASSIGNED_CONTEXT ( ( #10140, #5350, #7038 ) ) REPRESENTATION_CONTEXT ( 'NONE', 'WORKASPACE' ) );
#2272 = CARTESIAN_POINT ( 'NONE',  ( -1.246477138506409954, 0.7999999999999999334, 0.09017323198743072699 ) ) ;
#2273 = CARTESIAN_POINT ( 'NONE',  ( 1.000000000000000222, 0.0000000000000000000, 1.149999999999998801 ) ) ;
#2274 = ORIENTED_EDGE ( 'NONE', *, *, #3640, .F. ) ;
#2275 = CARTESIAN_POINT ( 'NONE',  ( 1.094828587676615728, 0.8100000000000002753, -0.2664537159938286659 ) ) ;
#2276 =( GEOMETRIC_REPRESENTATION_CONTEXT ( 3 ) GLOBAL_UNCERTAINTY_ASSIGNED_CONTEXT ( ( #992 ) ) GLOBAL_UNIT_ASSIGNED_CONTEXT ( ( #4614, #3096, #1367 ) ) REPRESENTATION_CONTEXT ( 'NONE', 'WORKASPACE' ) );
#2277 = ORIENTED_EDGE ( 'NONE', *, *, #9492, .T. ) ;
#2278 = AXIS2_PLACEMENT_3D ( 'NONE', #4790, #6374, #8798 ) ;
#2279 = SURFACE_STYLE_FILL_AREA ( #9307 ) ;
#2280 = ADVANCED_FACE ( 'NONE', ( #10028 ), #4912, .T. ) ;
#2281 = LINE ( 'NONE', #2331, #3873 ) ;
#2282 = FACE_OUTER_BOUND ( 'NONE', #6028, .T. ) ;
#2283 = FILL_AREA_STYLE ('',( #6875 ) ) ;
#2284 = CARTESIAN_POINT ( 'NONE',  ( -0.2067779081805759256, 0.7999999999999998224, -0.2840502881222789489 ) ) ;
#2285 = EDGE_CURVE ( 'NONE', #3663, #6293, #3159, .T. ) ;
#2286 = CARTESIAN_POINT ( 'NONE',  ( -0.9302247372026652972, 0.8100000000000001643, 0.1050395506033319770 ) ) ;
#2287 = AXIS2_PLACEMENT_3D ( 'NONE', #7729, #2861, #3828 ) ;
#2288 = CARTESIAN_POINT ( 'NONE',  ( 1.344085241853858914, 0.8000000000000002665, -0.2370612263724404811 ) ) ;
#2289 = CARTESIAN_POINT ( 'NONE',  ( -0.9409499861026539014, 0.8100000000000001643, -0.03835223617422683917 ) ) ;
#2290 = B_SPLINE_CURVE_WITH_KNOTS ( 'NONE', 3,
 ( #6684, #6837, #7575, #9849, #4419, #9228, #1232, #1431, #6787, #5255, #4326, #5151, #4534, #9124, #2808, #5204, #8295, #5927, #3781 ),
 .UNSPECIFIED., .F., .F.,
 ( 4, 1, 1, 1, 1, 1, 1, 1, 1, 1, 1, 1, 1, 1, 1, 1, 4 ),
 ( 0.0000000000000000000, 0.04201225067996526563, 0.08511750660520453482, 0.1300855528004582762, 0.1769678807899924544, 0.2261477855565328099, 0.2772334194263165741, 0.3308047573831589538, 0.3865544555075849931, 0.4458623090664791122, 0.5099872683036015264, 0.5788629274919107059, 0.6528933384736911316, 0.7319147394633851444, 0.8160092234539935152, 0.9052448834781627873, 1.000000000000000000 ),
 .UNSPECIFIED. ) ;
#2291 = CARTESIAN_POINT ( 'NONE',  ( 1.010082558375434703, 0.8100000000000000533, 0.2136860560655847174 ) ) ;
#2292 = VERTEX_POINT ( 'NONE', #6119 ) ;
#2293 = CARTESIAN_POINT ( 'NONE',  ( -0.6215675452591793437, 0.8100000000000001643, -0.02617395842292995906 ) ) ;
#2294 = VECTOR ( 'NONE', #272, 1000.000000000000000 ) ;
#2295 = CARTESIAN_POINT ( 'NONE',  ( -0.1174528382861827064, 0.8000000000000000444, 0.1046169461353851082 ) ) ;
#2296 = SURFACE_STYLE_USAGE ( .BOTH. , #3779 ) ;
#2297 = CARTESIAN_POINT ( 'NONE',  ( 1.169980714853273263, 0.8000000000000002665, 0.1988561671382886031 ) ) ;
#2298 = STYLED_ITEM ( 'NONE', ( #1249 ), #7471 ) ;
#2299 = FACE_OUTER_BOUND ( 'NONE', #743, .T. ) ;
#2300 = ORIENTED_EDGE ( 'NONE', *, *, #636, .F. ) ;
#2301 = CARTESIAN_POINT ( 'NONE',  ( -1.098821091438324293, 0.8000000000000002665, -0.2617958024943185524 ) ) ;
#2302 = CARTESIAN_POINT ( 'NONE',  ( -0.8513720748419586482, 0.8000000000000004885, 0.1568634701086527861 ) ) ;
#2303 = VECTOR ( 'NONE', #5739, 1000.000000000000000 ) ;
#2304 = CARTESIAN_POINT ( 'NONE',  ( 1.083819550285113564, 0.8000000000000000444, -0.2619415521529300239 ) ) ;
#2305 = CARTESIAN_POINT ( 'NONE',  ( -1.131638918273453642, 0.8100000000000002753, -0.03624826544659759398 ) ) ;
#2306 = SURFACE_STYLE_USAGE ( .BOTH. , #9332 ) ;
#2307 = SURFACE_STYLE_USAGE ( .BOTH. , #6342 ) ;
#2308 = CARTESIAN_POINT ( 'NONE',  ( 1.127330800443442804, 0.8099999999999999423, -0.3443611276446450487 ) ) ;
#2309 = FILL_AREA_STYLE_COLOUR ( '', #8449 ) ;
#2310 = CYLINDRICAL_SURFACE ( 'NONE', #139, 0.02000000000000005246 ) ;
#2311 = ORIENTED_EDGE ( 'NONE', *, *, #427, .F. ) ;
#2312 = STYLED_ITEM ( 'NONE', ( #5913 ), #239 ) ;
#2313 = CARTESIAN_POINT ( 'NONE',  ( -1.065625310777978507, 0.8000000000000001554, -0.1794642491612398194 ) ) ;
#2314 = ORIENTED_EDGE ( 'NONE', *, *, #2079, .F. ) ;
#2315 = UNCERTAINTY_MEASURE_WITH_UNIT (LENGTH_MEASURE( 1.000000000000000082E-05 ), #8814, 'distance_accuracy_value', 'NONE');
#2316 = LINE ( 'NONE', #720, #1968 ) ;
#2317 = COLOUR_RGB ( '',1.000000000000000000, 0.9490196078431372140, 0.9098039215686274384 ) ;
#2318 = CARTESIAN_POINT ( 'NONE',  ( -1.231069746059653580, 0.8100000000000003864, -0.3291559055244503429 ) ) ;
#2319 = CARTESIAN_POINT ( 'NONE',  ( -0.06705338554483704361, 0.8000000000000005995, 0.1466102923213734310 ) ) ;
#2320 = LINE ( 'NONE', #3240, #5911 ) ;
#2321 = CARTESIAN_POINT ( 'NONE',  ( -1.144399661427329296, 0.8000000000000002665, 0.07475653005953937502 ) ) ;
#2322 = CARTESIAN_POINT ( 'NONE',  ( -1.800000000000001599, 0.05000000000000000278, -1.249999999999998224 ) ) ;
#2323 = EDGE_LOOP ( 'NONE', ( #4310, #8581, #9117, #6779 ) ) ;
#2324 = SURFACE_SIDE_STYLE ('',( #8482 ) ) ;
#2325 = ORIENTED_EDGE ( 'NONE', *, *, #695, .F. ) ;
#2326 = EDGE_CURVE ( 'NONE', #5478, #9392, #7706, .T. ) ;
#2327 = VECTOR ( 'NONE', #4100, 1000.000000000000000 ) ;
#2328 = ORIENTED_EDGE ( 'NONE', *, *, #2698, .F. ) ;
#2329 = UNCERTAINTY_MEASURE_WITH_UNIT (LENGTH_MEASURE( 1.000000000000000082E-05 ), #2682, 'distance_accuracy_value', 'NONE');
#2330 = DIRECTION ( 'NONE',  ( -0.0000000000000000000, -1.000000000000000000, -0.0000000000000000000 ) ) ;
#2331 = CARTESIAN_POINT ( 'NONE',  ( -0.6838071289597970059, 0.8100000000000002753, -0.03859574266773335705 ) ) ;
#2332 = CARTESIAN_POINT ( 'NONE',  ( 1.093981984818054753, 0.7999999999999998224, -0.3379218494134918482 ) ) ;
#2333 =( GEOMETRIC_REPRESENTATION_CONTEXT ( 3 ) GLOBAL_UNCERTAINTY_ASSIGNED_CONTEXT ( ( #5704 ) ) GLOBAL_UNIT_ASSIGNED_CONTEXT ( ( #9243, #2868, #5990 ) ) REPRESENTATION_CONTEXT ( 'NONE', 'WORKASPACE' ) );
#2334 = CARTESIAN_POINT ( 'NONE',  ( -1.800000000000001599, 0.0000000000000000000, -1.249999999999998224 ) ) ;
#2335 =( GEOMETRIC_REPRESENTATION_CONTEXT ( 3 ) GLOBAL_UNCERTAINTY_ASSIGNED_CONTEXT ( ( #3542 ) ) GLOBAL_UNIT_ASSIGNED_CONTEXT ( ( #8948, #5749, #5034 ) ) REPRESENTATION_CONTEXT ( 'NONE', 'WORKASPACE' ) );
#2336 =( GEOMETRIC_REPRESENTATION_CONTEXT ( 3 ) GLOBAL_UNCERTAINTY_ASSIGNED_CONTEXT ( ( #2734 ) ) GLOBAL_UNIT_ASSIGNED_CONTEXT ( ( #5188, #4362, #576 ) ) REPRESENTATION_CONTEXT ( 'NONE', 'WORKASPACE' ) );
#2337 =( NAMED_UNIT ( * ) SI_UNIT ( $, .STERADIAN. ) SOLID_ANGLE_UNIT ( ) );
#2338 = CARTESIAN_POINT ( 'NONE',  ( -0.2106869584221105207, 0.8100000000000002753, 0.2689790979968826878 ) ) ;
#2339 = EDGE_CURVE ( 'NONE', #8358, #3426, #10082, .T. ) ;
#2340 = VERTEX_POINT ( 'NONE', #6642 ) ;
#2341 = CARTESIAN_POINT ( 'NONE',  ( -0.6436767621682136786, 0.8000000000000000444, 0.1466102923213735143 ) ) ;
#2342 = MECHANICAL_DESIGN_GEOMETRIC_PRESENTATION_REPRESENTATION (  '', ( #4127 ), #1855 ) ;
#2343 = ADVANCED_FACE ( 'NONE', ( #3390 ), #8109, .T. ) ;
#2344 = CARTESIAN_POINT ( 'NONE',  ( 1.800000000000000266, 0.7800000000000001377, 0.7999999999999999334 ) ) ;
#2345 = CARTESIAN_POINT ( 'NONE',  ( 0.9181242006667502675, 0.8000000000000000444, -0.1051115714039073668 ) ) ;
#2346 = CARTESIAN_POINT ( 'NONE',  ( -0.7798173119875188020, 0.8100000000000000533, -0.2839201605220320057 ) ) ;
#2347 = CARTESIAN_POINT ( 'NONE',  ( 1.281958191254419122, 0.8100000000000001643, 0.1616021476931040202 ) ) ;
#2348 = FILL_AREA_STYLE_COLOUR ( '', #1446 ) ;
#2349 = COLOUR_RGB ( '',0.09803921568627450844, 0.09803921568627450844, 0.09803921568627450844 ) ;
#2350 = CARTESIAN_POINT ( 'NONE',  ( 1.176151798258376235, 0.8100000000000002753, 0.2689056192990023630 ) ) ;
#2351 = VECTOR ( 'NONE', #792, 1000.000000000000000 ) ;
#2352 = PLANE ( 'NONE',  #6686 ) ;
#2353 = CARTESIAN_POINT ( 'NONE',  ( -0.1278578422289222694, 0.8100000000000004974, -0.3218505470780833044 ) ) ;
#2354 = EDGE_CURVE ( 'NONE', #6589, #5478, #3660, .T. ) ;
#2355 = ORIENTED_EDGE ( 'NONE', *, *, #7928, .F. ) ;
#2356 = LINE ( 'NONE', #6230, #8214 ) ;
#2357 = ORIENTED_EDGE ( 'NONE', *, *, #7231, .T. ) ;
#2358 = FILL_AREA_STYLE_COLOUR ( '', #3242 ) ;
#2359 = SURFACE_STYLE_USAGE ( .BOTH. , #1439 ) ;
#2360 = MECHANICAL_DESIGN_GEOMETRIC_PRESENTATION_REPRESENTATION (  '', ( #6926 ), #9402 ) ;
#2361 = CARTESIAN_POINT ( 'NONE',  ( 1.063125309841685961, 0.8100000000000002753, -0.2506996596541194999 ) ) ;
#2362 = SURFACE_STYLE_USAGE ( .BOTH. , #1591 ) ;
#2363 = CARTESIAN_POINT ( 'NONE',  ( 0.9135954684428003736, 0.8000000000000002665, -0.03579541799240900518 ) ) ;
#2364 = FILL_AREA_STYLE_COLOUR ( '', #9267 ) ;
#2365 = CARTESIAN_POINT ( 'NONE',  ( 1.163311377533709612, 0.8100000000000002753, 0.1990665949946039959 ) ) ;
#2366 = CARTESIAN_POINT ( 'NONE',  ( 0.9467970788574194829, 0.8100000000000002753, -0.2054128830956018226 ) ) ;
#2367 = LINE ( 'NONE', #1745, #9836 ) ;
#2368 = VERTEX_POINT ( 'NONE', #6602 ) ;
#2369 = CARTESIAN_POINT ( 'NONE',  ( -1.072165936652592411, 0.8000000000000003775, -0.2214040259377188791 ) ) ;
#2370 = B_SPLINE_SURFACE_WITH_KNOTS ( 'NONE', 3, 1, ( 
 ( #839, #6260 ),
 ( #9358, #4675 ),
 ( #7817, #789 ),
 ( #3907, #5495 ),
 ( #1615, #7872 ),
 ( #3956, #9465 ),
 ( #4008, #9775 ),
 ( #8942, #8027 ),
 ( #3503, #7296 ),
 ( #4164, #2581 ),
 ( #8222, #6617 ),
 ( #1917, #4206 ),
 ( #8789, #4107 ),
 ( #4304, #1206 ),
 ( #7246, #9826 ),
 ( #198, #998 ),
 ( #250, #2630 ),
 ( #5843, #4256 ),
 ( #3411, #6520 ) ),
 .UNSPECIFIED., .F., .F., .F.,
 ( 4, 1, 1, 1, 1, 1, 1, 1, 1, 1, 1, 1, 1, 1, 1, 1, 4 ),
 ( 2, 2 ),
 ( 0.0000000000000000000, 0.08100102706845770106, 0.1571456688654017664, 0.2292940870860545877, 0.2971677746107866946, 0.3619114416492765773, 0.4236753035167495351, 0.4834472627261215960, 0.5413005115452742544, 0.5976605213910263226, 0.6531740111561664675, 0.7080767197781432376, 0.7635735906725894528, 0.8195558983486511684, 0.8776531130579769968, 0.9374610706973698360, 1.000000000000000000 ),
 ( 0.0000000000000000000, 1.000000000000000000 ),
 .UNSPECIFIED. ) ;
#2371 = SURFACE_STYLE_USAGE ( .BOTH. , #8680 ) ;
#2372 = CARTESIAN_POINT ( 'NONE',  ( -0.2816470877613065915, 0.7999999999999993783, -0.2190615026646614560 ) ) ;
#2373 = COLOUR_RGB ( '',1.000000000000000000, 0.8078431372549019773, 0.4980392156862745168 ) ;
#2374 = PRESENTATION_STYLE_ASSIGNMENT (( #9400 ) ) ;
#2375 = CARTESIAN_POINT ( 'NONE',  ( -1.071881481467253261, 0.7999999999999999334, -0.1371620954947111448 ) ) ;
#2376 = CARTESIAN_POINT ( 'NONE',  ( -0.1154746892798361041, 0.8100000000000000533, -0.3107894327021143432 ) ) ;
#2377 = CARTESIAN_POINT ( 'NONE',  ( 0.7114445478564617176, 0.8100000000000002753, -0.08393938739043078912 ) ) ;
#2378 = CARTESIAN_POINT ( 'NONE',  ( 0.7654325952194643845, 0.8000000000000000444, -0.1765044068173539926 ) ) ;
#2379 = CARTESIAN_POINT ( 'NONE',  ( 1.010082558375434703, 0.8100000000000000533, 0.2136860560655847174 ) ) ;
#2380 = ORIENTED_EDGE ( 'NONE', *, *, #4899, .F. ) ;
#2381 = PRESENTATION_STYLE_ASSIGNMENT (( #2226 ) ) ;
#2382 = ORIENTED_EDGE ( 'NONE', *, *, #562, .F. ) ;
#2383 = VECTOR ( 'NONE', #1350, 1000.000000000000000 ) ;
#2384 = EDGE_CURVE ( 'NONE', #4845, #1935, #3516, .T. ) ;
#2385 = CARTESIAN_POINT ( 'NONE',  ( -0.3643266094792771970, 0.8100000000000001643, -0.03835223617422705428 ) ) ;
#2386 = CARTESIAN_POINT ( 'NONE',  ( 1.800000000000000933, 0.6000000000000000888, 1.249999999999996447 ) ) ;
#2387 = COLOUR_RGB ( '',1.000000000000000000, 0.9490196078431372140, 0.9098039215686274384 ) ;
#2388 = ADVANCED_FACE ( 'NONE', ( #6499 ), #4971, .T. ) ;
#2389 = CARTESIAN_POINT ( 'NONE',  ( -0.1859603443353187724, 0.7999999999999999334, 0.2685331899991256210 ) ) ;
#2390 = CARTESIAN_POINT ( 'NONE',  ( -0.8596353510763075079, 0.8000000000000002665, 0.2422586355008002346 ) ) ;
#2391 = CARTESIAN_POINT ( 'NONE',  ( 1.800000000000000266, 0.7200000000000001954, -1.100000000000000089 ) ) ;
#2392 = LINE ( 'NONE', #8644, #351 ) ;
#2393 = DIRECTION ( 'NONE',  ( 0.0000000000000000000, 0.0000000000000000000, 1.000000000000000000 ) ) ;
#2394 = EDGE_LOOP ( 'NONE', ( #8325, #1797, #10119, #2666 ) ) ;
#2395 = STYLED_ITEM ( 'NONE', ( #2573 ), #3574 ) ;
#2396 = EDGE_CURVE ( 'NONE', #4053, #5729, #6687, .T. ) ;
#2397 = CARTESIAN_POINT ( 'NONE',  ( -0.6874403944392633026, 0.8100000000000001643, -0.1338582345812992236 ) ) ;
#2398 =( GEOMETRIC_REPRESENTATION_CONTEXT ( 3 ) GLOBAL_UNCERTAINTY_ASSIGNED_CONTEXT ( ( #10131 ) ) GLOBAL_UNIT_ASSIGNED_CONTEXT ( ( #8075, #3307, #6419 ) ) REPRESENTATION_CONTEXT ( 'NONE', 'WORKASPACE' ) );
#2399 = CARTESIAN_POINT ( 'NONE',  ( -0.6988088592396815013, 0.7999999999999998224, 0.1246360452344276865 ) ) ;
#2400 = COLOUR_RGB ( '',0.09803921568627450844, 0.09803921568627450844, 0.09803921568627450844 ) ;
#2401 = CARTESIAN_POINT ( 'NONE',  ( -0.8749448041573780754, 0.8000000000000001554, -0.1329576365895115408 ) ) ;
#2402 = DIRECTION ( 'NONE',  ( 0.0000000000000000000, -6.322186554581492871E-13, 1.000000000000000000 ) ) ;
#2403 = CARTESIAN_POINT ( 'NONE',  ( -2.000000000000001776, 0.6000000000000000888, 0.9499999999999996225 ) ) ;
#2404 = LINE ( 'NONE', #8756, #3610 ) ;
#2405 = ORIENTED_EDGE ( 'NONE', *, *, #3707, .T. ) ;
#2406 = CARTESIAN_POINT ( 'NONE',  ( -0.6241390475355809153, 0.8100000000000000533, -0.1158651187780950637 ) ) ;
#2407 = CARTESIAN_POINT ( 'NONE',  ( -0.8635637037226778778, 0.8000000000000000444, 0.1256072252334962114 ) ) ;
#2408 = CARTESIAN_POINT ( 'NONE',  ( -1.226057569575354167, 0.8000000000000001554, -0.2519226041761558621 ) ) ;
#2409 = CARTESIAN_POINT ( 'NONE',  ( 1.989999999999998659, 0.7000000000000000666, -1.239999999999999991 ) ) ;
#2410 = ADVANCED_FACE ( 'NONE', ( #8346 ), #1386, .T. ) ;
#2411 = SURFACE_STYLE_USAGE ( .BOTH. , #9330 ) ;
#2412 = DIRECTION ( 'NONE',  ( 0.0000000000000000000, -0.0000000000000000000, 1.000000000000000000 ) ) ;
#2413 = DIRECTION ( 'NONE',  ( 0.4719126085633064127, 0.0000000000000000000, 0.8816453311161894790 ) ) ;
#2414 = EDGE_CURVE ( 'NONE', #1659, #7401, #7578, .T. ) ;
#2415 = ORIENTED_EDGE ( 'NONE', *, *, #7984, .F. ) ;
#2416 = CARTESIAN_POINT ( 'NONE',  ( -1.149181464174676481, 0.8100000000000000533, -0.3462115599435784952 ) ) ;
#2417 = ORIENTED_EDGE ( 'NONE', *, *, #3093, .F. ) ;
#2418 = FACE_BOUND ( 'NONE', #3581, .T. ) ;
#2419 = CARTESIAN_POINT ( 'NONE',  ( -0.8281908269478879259, 0.8100000000000002753, 0.1875297628109898196 ) ) ;
#2420 = AXIS2_PLACEMENT_3D ( 'NONE', #2889, #6020, #2131 ) ;
#2421 = CARTESIAN_POINT ( 'NONE',  ( -1.700000000000001954, 0.05000000000000000278, 1.149999999999998801 ) ) ;
#2422 =( NAMED_UNIT ( * ) SI_UNIT ( $, .STERADIAN. ) SOLID_ANGLE_UNIT ( ) );
#2423 = CARTESIAN_POINT ( 'NONE',  ( -0.2263468507900016080, 0.8100000000000001643, -0.2811000192437415612 ) ) ;
#2424 = ADVANCED_FACE ( 'NONE', ( #2299 ), #2148, .T. ) ;
#2425 = CARTESIAN_POINT ( 'NONE',  ( 0.6463687232190381549, 0.8000000000000000444, 0.01599857230059262628 ) ) ;
#2426 = CARTESIAN_POINT ( 'NONE',  ( -1.089126333727317375, 0.8000000000000001554, -0.09604842783152381380 ) ) ;
#2427 = CARTESIAN_POINT ( 'NONE',  ( -0.1652557128971128830, 0.8100000000000001643, 0.1943476029815417727 ) ) ;
#2428 = CARTESIAN_POINT ( 'NONE',  ( 0.6390418970142287547, 0.8100000000000001643, -0.07366067773266866958 ) ) ;
#2429 = CARTESIAN_POINT ( 'NONE',  ( 0.6923143799730669956, 0.8000000000000002665, -0.2651590786154660040 ) ) ;
#2430 = STYLED_ITEM ( 'NONE', ( #4541 ), #6099 ) ;
#2431 = CARTESIAN_POINT ( 'NONE',  ( 0.9552999482041136803, 0.8100000000000002753, 0.1457032507546791311 ) ) ;
#2432 = ORIENTED_EDGE ( 'NONE', *, *, #8913, .F. ) ;
#2433 = CARTESIAN_POINT ( 'NONE',  ( 1.005892937478177540, 0.8100000000000001643, -0.1837253142556618812 ) ) ;
#2434 = ORIENTED_EDGE ( 'NONE', *, *, #9178, .F. ) ;
#2435 = UNCERTAINTY_MEASURE_WITH_UNIT (LENGTH_MEASURE( 1.000000000000000082E-05 ), #1569, 'distance_accuracy_value', 'NONE');
#2436 = FILL_AREA_STYLE ('',( #3954 ) ) ;
#2437 = PRESENTATION_LAYER_ASSIGNMENT (  '', '', ( #453 ) ) ;
#2438 = CARTESIAN_POINT ( 'NONE',  ( -0.3337880230015857763, 0.8100000000000001643, -0.2472462122259280748 ) ) ;
#2439 = CARTESIAN_POINT ( 'NONE',  ( 1.900000000000001910, 0.05000000000000000278, 0.9500000000000000666 ) ) ;
#2440 = CARTESIAN_POINT ( 'NONE',  ( -0.1960709563135476508, 0.8100000000000003864, -0.2836615379771815215 ) ) ;
#2441 = SURFACE_SIDE_STYLE ('',( #7196 ) ) ;
#2442 = CARTESIAN_POINT ( 'NONE',  ( -0.08157658880924056888, 0.7999999999999998224, -0.2621935917501274083 ) ) ;
#2443 = CARTESIAN_POINT ( 'NONE',  ( 0.8005790183380978586, 0.8100000000000001643, -0.07269913898183830159 ) ) ;
#2444 = CARTESIAN_POINT ( 'NONE',  ( -0.2541007361638827899, 0.8100000000000001643, 0.2597191794654066799 ) ) ;
#2445 = ORIENTED_EDGE ( 'NONE', *, *, #6892, .T. ) ;
#2446 = UNCERTAINTY_MEASURE_WITH_UNIT (LENGTH_MEASURE( 1.000000000000000082E-05 ), #7663, 'distance_accuracy_value', 'NONE');
#2447 = MECHANICAL_DESIGN_GEOMETRIC_PRESENTATION_REPRESENTATION (  '', ( #6364 ), #8828 ) ;
#2448 = DIRECTION ( 'NONE',  ( -2.710505431213766508E-16, 0.0000000000000000000, 1.000000000000000000 ) ) ;
#2449 = DIRECTION ( 'NONE',  ( -0.0000000000000000000, -1.000000000000000000, -0.0000000000000000000 ) ) ;
#2450 = VECTOR ( 'NONE', #4492, 1000.000000000000000 ) ;
#2451 = CARTESIAN_POINT ( 'NONE',  ( -0.6581999654326171623, 0.8100000000000000533, -0.2621935917501271307 ) ) ;
#2452 = SURFACE_STYLE_FILL_AREA ( #4176 ) ;
#2453 = CARTESIAN_POINT ( 'NONE',  ( -1.321816549582753852, 0.8100000000000000533, 0.2390602048920075218 ) ) ;
#2454 = EDGE_CURVE ( 'NONE', #4788, #5625, #120, .T. ) ;
#2455 = CARTESIAN_POINT ( 'NONE',  ( -1.062502877516189992, 0.8000000000000001554, -0.02149220326266090483 ) ) ;
#2456 = STYLED_ITEM ( 'NONE', ( #7900 ), #6971 ) ;
#2457 = ORIENTED_EDGE ( 'NONE', *, *, #5966, .T. ) ;
#2458 = EDGE_CURVE ( 'NONE', #5729, #3439, #7452, .T. ) ;
#2459 = SURFACE_STYLE_FILL_AREA ( #9485 ) ;
#2460 = CARTESIAN_POINT ( 'NONE',  ( -1.700000000000001732, 0.6100000000000000977, 1.199999999999998623 ) ) ;
#2461 = DIRECTION ( 'NONE',  ( 0.0000000000000000000, 0.0000000000000000000, -1.000000000000000000 ) ) ;
#2462 = FILL_AREA_STYLE ('',( #1071 ) ) ;
#2463 = CARTESIAN_POINT ( 'NONE',  ( -1.203873640063118478, 0.7999999999999998224, -0.2716298549365559478 ) ) ;
#2464 = DIRECTION ( 'NONE',  ( 0.0000000000000000000, 0.0000000000000000000, 1.000000000000000000 ) ) ;
#2465 =( LENGTH_UNIT ( ) NAMED_UNIT ( * ) SI_UNIT ( .MILLI., .METRE. ) );
#2466 = CARTESIAN_POINT ( 'NONE',  ( 1.700000000000002176, 0.05000000000000000278, -1.249999999999998446 ) ) ;
#2467 = SURFACE_SIDE_STYLE ('',( #9494 ) ) ;
#2468 = FILL_AREA_STYLE ('',( #3930 ) ) ;
#2469 = ORIENTED_EDGE ( 'NONE', *, *, #3292, .T. ) ;
#2470 = ORIENTED_EDGE ( 'NONE', *, *, #6267, .T. ) ;
#2471 = DIRECTION ( 'NONE',  ( 0.0000000000000000000, -1.000000000000000000, 0.0000000000000000000 ) ) ;
#2472 =( GEOMETRIC_REPRESENTATION_CONTEXT ( 3 ) GLOBAL_UNCERTAINTY_ASSIGNED_CONTEXT ( ( #785 ) ) GLOBAL_UNIT_ASSIGNED_CONTEXT ( ( #5380, #730, #672 ) ) REPRESENTATION_CONTEXT ( 'NONE', 'WORKASPACE' ) );
#2473 = CARTESIAN_POINT ( 'NONE',  ( -0.8771651798850761406, 0.8100000000000002753, 0.02750800674804345161 ) ) ;
#2474 = EDGE_CURVE ( 'NONE', #2127, #2050, #8712, .T. ) ;
#2475 = CARTESIAN_POINT ( 'NONE',  ( -2.000000000000000000, 0.05000000000000000278, 0.9500000000000000666 ) ) ;
#2476 = FILL_AREA_STYLE ('',( #3294 ) ) ;
#2477 = CARTESIAN_POINT ( 'NONE',  ( 0.6778603854127962514, 0.8000000000000001554, 0.05013188986746398151 ) ) ;
#2478 = CARTESIAN_POINT ( 'NONE',  ( -1.098758035885705642, 0.8100000000000001643, -0.08005248899566405618 ) ) ;
#2479 =( GEOMETRIC_REPRESENTATION_CONTEXT ( 3 ) GLOBAL_UNCERTAINTY_ASSIGNED_CONTEXT ( ( #7037 ) ) GLOBAL_UNIT_ASSIGNED_CONTEXT ( ( #3214, #4019, #7204 ) ) REPRESENTATION_CONTEXT ( 'NONE', 'WORKASPACE' ) );
#2480 = VECTOR ( 'NONE', #228, 1000.000000000000000 ) ;
#2481 = CARTESIAN_POINT ( 'NONE',  ( 1.149281884843293522, 0.8000000000000000444, 0.2687815972033243961 ) ) ;
#2482 = ORIENTED_EDGE ( 'NONE', *, *, #3100, .F. ) ;
#2483 = CARTESIAN_POINT ( 'NONE',  ( -1.700000000000001954, 0.05000000000000000278, -1.249999999999999556 ) ) ;
#2484 = EDGE_LOOP ( 'NONE', ( #9555, #991, #9512, #7642 ) ) ;
#2485 = EDGE_CURVE ( 'NONE', #7705, #227, #4642, .T. ) ;
#2486 = CYLINDRICAL_SURFACE ( 'NONE', #3381, 0.1999999999999990119 ) ;
#2487 = CARTESIAN_POINT ( 'NONE',  ( -0.3488933262104507160, 0.7999999999999999334, -0.1987699973880089344 ) ) ;
#2488 = PRESENTATION_STYLE_ASSIGNMENT (( #6366 ) ) ;
#2489 = CARTESIAN_POINT ( 'NONE',  ( -0.1071837523364201072, 0.8099999999999997202, -0.03859574266773356521 ) ) ;
#2490 = CARTESIAN_POINT ( 'NONE',  ( -0.08460924252961288250, 0.8100000000000001643, 0.1905037987514398290 ) ) ;
#2491 = CARTESIAN_POINT ( 'NONE',  ( -0.8505758958802689396, 0.7999999999999999334, -0.3272312879514736039 ) ) ;
#2492 = VECTOR ( 'NONE', #1178, 1000.000000000000000 ) ;
#2493 = DIRECTION ( 'NONE',  ( -0.0000000000000000000, -1.000000000000000000, -0.0000000000000000000 ) ) ;
#2494 =( GEOMETRIC_REPRESENTATION_CONTEXT ( 3 ) GLOBAL_UNCERTAINTY_ASSIGNED_CONTEXT ( ( #7548 ) ) GLOBAL_UNIT_ASSIGNED_CONTEXT ( ( #4902, #1069, #9695 ) ) REPRESENTATION_CONTEXT ( 'NONE', 'WORKASPACE' ) );
#2495 = ORIENTED_EDGE ( 'NONE', *, *, #624, .F. ) ;
#2496 = SURFACE_STYLE_FILL_AREA ( #9529 ) ;
#2497 = STYLED_ITEM ( 'NONE', ( #4294 ), #1940 ) ;
#2498 = VECTOR ( 'NONE', #465, 1000.000000000000000 ) ;
#2499 = COLOUR_RGB ( '',1.000000000000000000, 0.8078431372549019773, 0.4980392156862745168 ) ;
#2500 = CARTESIAN_POINT ( 'NONE',  ( 0.8277482735661993996, 0.8000000000000001554, -0.1676507290365069902 ) ) ;
#2501 = DIRECTION ( 'NONE',  ( -0.0000000000000000000, -0.0000000000000000000, 1.000000000000000000 ) ) ;
#2502 = CARTESIAN_POINT ( 'NONE',  ( -0.7933667588794629522, 0.7999999999999999334, -0.2837098477758562831 ) ) ;
#2503 = CARTESIAN_POINT ( 'NONE',  ( -1.499999999999999778, 0.8000000000000001554, -1.079999999999999849 ) ) ;
#2504 = DIRECTION ( 'NONE',  ( -0.0000000000000000000, -1.000000000000000000, -0.0000000000000000000 ) ) ;
#2505 = VERTEX_POINT ( 'NONE', #7159 ) ;
#2506 = CARTESIAN_POINT ( 'NONE',  ( 0.7316880740195417232, 0.8000000000000002665, 0.02644506841594030516 ) ) ;
#2507 = COLOUR_RGB ( '',1.000000000000000000, 0.8078431372549019773, 0.4980392156862745168 ) ;
#2508 = EDGE_LOOP ( 'NONE', ( #10084, #3000, #5008, #5823 ) ) ;
#2509 = FILL_AREA_STYLE_COLOUR ( '', #1123 ) ;
#2510 = LINE ( 'NONE', #8147, #8465 ) ;
#2511 = DIRECTION ( 'NONE',  ( 0.0000000000000000000, 0.0000000000000000000, 1.000000000000000000 ) ) ;
#2512 =( NAMED_UNIT ( * ) SI_UNIT ( $, .STERADIAN. ) SOLID_ANGLE_UNIT ( ) );
#2513 = SURFACE_STYLE_USAGE ( .BOTH. , #3335 ) ;
#2514 = FILL_AREA_STYLE ('',( #1787 ) ) ;
#2515 = B_SPLINE_SURFACE_WITH_KNOTS ( 'NONE', 3, 1, ( 
 ( #3804, #3236 ),
 ( #6913, #3043 ),
 ( #721, #8575 ),
 ( #2423, #8624 ),
 ( #4715, #1558 ),
 ( #1504, #4660 ),
 ( #6248, #9252 ),
 ( #1602, #8472 ),
 ( #4608, #5327 ),
 ( #9399, #7753 ),
 ( #6298, #2372 ),
 ( #5481, #7856 ),
 ( #825, #3938 ),
 ( #3194, #9561 ),
 ( #4968, #2617 ),
 ( #236, #6507 ),
 ( #1040, #5732 ),
 ( #183, #4241 ),
 ( #8879, #8059 ) ),
 .UNSPECIFIED., .F., .F., .F.,
 ( 4, 1, 1, 1, 1, 1, 1, 1, 1, 1, 1, 1, 1, 1, 1, 1, 4 ),
 ( 2, 2 ),
 ( 0.0000000000000000000, 0.03482063987272229766, 0.06892303662010071386, 0.1030674831944850545, 0.1390259289950689370, 0.1768773708661631749, 0.2173596739505500863, 0.2613252067966569392, 0.3091893022218823450, 0.3632013239127580562, 0.4250772414693027579, 0.4964697288138595344, 0.5776522482993701191, 0.6680098148504955979, 0.7686706938896562535, 0.8792878375891127751, 1.000000000000000000 ),
 ( 0.0000000000000000000, 1.000000000000000000 ),
 .UNSPECIFIED. ) ;
#2516 = DIRECTION ( 'NONE',  ( -0.0000000000000000000, -1.000000000000000000, -0.0000000000000000000 ) ) ;
#2517 = SURFACE_STYLE_FILL_AREA ( #9550 ) ;
#2518 = DIRECTION ( 'NONE',  ( -0.0000000000000000000, -0.0000000000000000000, 1.000000000000000000 ) ) ;
#2519 = ORIENTED_EDGE ( 'NONE', *, *, #446, .T. ) ;
#2520 = ORIENTED_EDGE ( 'NONE', *, *, #5460, .T. ) ;
#2521 = STYLED_ITEM ( 'NONE', ( #4375 ), #2094 ) ;
#2522 = ORIENTED_EDGE ( 'NONE', *, *, #8036, .T. ) ;
#2523 = CARTESIAN_POINT ( 'NONE',  ( 1.306613506868269381, 0.8100000000000000533, 0.1418142013642303689 ) ) ;
#2524 = SURFACE_STYLE_USAGE ( .BOTH. , #9451 ) ;
#2525 = DIRECTION ( 'NONE',  ( 0.0000000000000000000, 0.0000000000000000000, 1.000000000000000000 ) ) ;
#2526 = DIRECTION ( 'NONE',  ( 0.0000000000000000000, 0.0000000000000000000, 1.000000000000000000 ) ) ;
#2527 = FACE_OUTER_BOUND ( 'NONE', #3062, .T. ) ;
#2528 = DIRECTION ( 'NONE',  ( 0.0000000000000000000, -0.0000000000000000000, 1.000000000000000000 ) ) ;
#2529 = CARTESIAN_POINT ( 'NONE',  ( 0.9648946584168316409, 0.8100000000000002753, 0.1612610342593930879 ) ) ;
#2530 = ORIENTED_EDGE ( 'NONE', *, *, #385, .F. ) ;
#2531 = CARTESIAN_POINT ( 'NONE',  ( 0.4928162476635793987, 0.8100000000000001643, -0.07366067773266866958 ) ) ;
#2532 = EDGE_CURVE ( 'NONE', #3346, #733, #6384, .T. ) ;
#2533 = EDGE_CURVE ( 'NONE', #7901, #6092, #1811, .T. ) ;
#2534 = EDGE_LOOP ( 'NONE', ( #1585, #1746, #5368, #5948 ) ) ;
#2535 = UNCERTAINTY_MEASURE_WITH_UNIT (LENGTH_MEASURE( 1.000000000000000082E-05 ), #1218, 'distance_accuracy_value', 'NONE');
#2536 = CARTESIAN_POINT ( 'NONE',  ( -1.098758035885705642, 0.8000000000000001554, -0.08005248899566405618 ) ) ;
#2537 = CARTESIAN_POINT ( 'NONE',  ( -0.2885008862050205680, 0.8000000000000004885, -0.3161270151794528527 ) ) ;
#2538 = CARTESIAN_POINT ( 'NONE',  ( 1.063093273430145258, 0.8000000000000001554, -0.3272019010111501536 ) ) ;
#2539 = FILL_AREA_STYLE ('',( #8434 ) ) ;
#2540 = CARTESIAN_POINT ( 'NONE',  ( -0.1071982221972475890, 0.8100000000000002753, 0.2251253455114073099 ) ) ;
#2541 = PRESENTATION_STYLE_ASSIGNMENT (( #3367 ) ) ;
#2542 =( NAMED_UNIT ( * ) PLANE_ANGLE_UNIT ( ) SI_UNIT ( $, .RADIAN. ) );
#2543 = EDGE_CURVE ( 'NONE', #5591, #10094, #807, .T. ) ;
#2544 = EDGE_LOOP ( 'NONE', ( #8011, #9803, #6457, #6014, #2311, #5777, #4329, #1355, #6678 ) ) ;
#2545 = UNCERTAINTY_MEASURE_WITH_UNIT (LENGTH_MEASURE( 1.000000000000000082E-05 ), #8342, 'distance_accuracy_value', 'NONE');
#2546 = VECTOR ( 'NONE', #5568, 1000.000000000000000 ) ;
#2547 = FILL_AREA_STYLE_COLOUR ( '', #6417 ) ;
#2548 = EDGE_CURVE ( 'NONE', #1633, #5022, #8659, .T. ) ;
#2549 = FACE_OUTER_BOUND ( 'NONE', #349, .T. ) ;
#2550 = CARTESIAN_POINT ( 'NONE',  ( 0.6508519619492937336, 0.8100000000000001643, -0.3385957426677335680 ) ) ;
#2551 = LINE ( 'NONE', #8956, #761 ) ;
#2552 = PRESENTATION_STYLE_ASSIGNMENT (( #6813 ) ) ;
#2553 = ORIENTED_EDGE ( 'NONE', *, *, #7030, .T. ) ;
#2554 = CARTESIAN_POINT ( 'NONE',  ( -0.6940762149095593969, 0.8100000000000000533, 0.1046169461353853164 ) ) ;
#2555 =( NAMED_UNIT ( * ) SI_UNIT ( $, .STERADIAN. ) SOLID_ANGLE_UNIT ( ) );
#2556 = COLOUR_RGB ( '',0.09803921568627450844, 0.09803921568627450844, 0.09803921568627450844 ) ;
#2557 = CARTESIAN_POINT ( 'NONE',  ( -1.252596708716998020, 0.7999999999999999334, -0.1642492628238696184 ) ) ;
#2558 =( NAMED_UNIT ( * ) PLANE_ANGLE_UNIT ( ) SI_UNIT ( $, .RADIAN. ) );
#2559 =( NAMED_UNIT ( * ) SI_UNIT ( $, .STERADIAN. ) SOLID_ANGLE_UNIT ( ) );
#2560 = PLANE ( 'NONE',  #7070 ) ;
#2561 =( LENGTH_UNIT ( ) NAMED_UNIT ( * ) SI_UNIT ( .MILLI., .METRE. ) );
#2562 = ORIENTED_EDGE ( 'NONE', *, *, #4825, .F. ) ;
#2563 = CARTESIAN_POINT ( 'NONE',  ( -1.041552389196389816, 0.8100000000000001643, -0.2951515558650883997 ) ) ;
#2564 = ORIENTED_EDGE ( 'NONE', *, *, #7411, .T. ) ;
#2565 = ORIENTED_EDGE ( 'NONE', *, *, #6876, .T. ) ;
#2566 = CARTESIAN_POINT ( 'NONE',  ( 0.8278811827285144087, 0.8000000000000001554, -0.1732548335768245018 ) ) ;
#2567 = CARTESIAN_POINT ( 'NONE',  ( 1.373335728183060267, 0.8000000000000001554, 0.1772727638257728389 ) ) ;
#2568 = STYLED_ITEM ( 'NONE', ( #2142 ), #4966 ) ;
#2569 = CARTESIAN_POINT ( 'NONE',  ( -0.8782920688114440599, 0.8100000000000000533, -0.004536512551859485549 ) ) ;
#2570 = CARTESIAN_POINT ( 'NONE',  ( 1.296076205196468933, 0.8000000000000000444, -0.3020289130498750030 ) ) ;
#2571 = CARTESIAN_POINT ( 'NONE',  ( -0.1174528382861827064, 0.8100000000000002753, 0.1046169461353851082 ) ) ;
#2572 = DIRECTION ( 'NONE',  ( -0.0000000000000000000, -1.000000000000000000, -0.0000000000000000000 ) ) ;
#2573 = PRESENTATION_STYLE_ASSIGNMENT (( #5486 ) ) ;
#2574 = CARTESIAN_POINT ( 'NONE',  ( 1.167085728183060001, 0.8100000000000001643, 0.2691964651244740936 ) ) ;
#2575 = VERTEX_POINT ( 'NONE', #3713 ) ;
#2576 = VERTEX_POINT ( 'NONE', #9310 ) ;
#2577 =( GEOMETRIC_REPRESENTATION_CONTEXT ( 3 ) GLOBAL_UNCERTAINTY_ASSIGNED_CONTEXT ( ( #2435 ) ) GLOBAL_UNIT_ASSIGNED_CONTEXT ( ( #1569, #4728, #788 ) ) REPRESENTATION_CONTEXT ( 'NONE', 'WORKASPACE' ) );
#2578 = ADVANCED_FACE ( 'NONE', ( #1418 ), #10037, .F. ) ;
#2579 = CARTESIAN_POINT ( 'NONE',  ( 1.900000000000001910, 0.0000000000000000000, 0.9500000000000000666 ) ) ;
#2580 = CARTESIAN_POINT ( 'NONE',  ( 1.900000000000001688, 0.05000000000000000278, -0.9499999999999997335 ) ) ;
#2581 = CARTESIAN_POINT ( 'NONE',  ( -1.266579167973769460, 0.8000000000000003775, -0.3015624011739933552 ) ) ;
#2582 = CARTESIAN_POINT ( 'NONE',  ( -0.05458517045767016101, 0.7999999999999999334, 0.09372027392458512352 ) ) ;
#2583 = CARTESIAN_POINT ( 'NONE',  ( -1.125031846311057793, 0.8100000000000000533, 0.05372647368618761743 ) ) ;
#2584 = CARTESIAN_POINT ( 'NONE',  ( -0.09379089519356294258, 0.8000000000000001554, -0.2830762621482530439 ) ) ;
#2585 =( LENGTH_UNIT ( ) NAMED_UNIT ( * ) SI_UNIT ( .MILLI., .METRE. ) );
#2586 = EDGE_LOOP ( 'NONE', ( #3053, #9801, #5422, #920 ) ) ;
#2587 = FILL_AREA_STYLE ('',( #206 ) ) ;
#2588 = CARTESIAN_POINT ( 'NONE',  ( 0.8231744296792880000, 0.7999999999999999334, -0.1254070665214043201 ) ) ;
#2589 = ADVANCED_FACE ( 'NONE', ( #6126 ), #9938, .F. ) ;
#2590 = CARTESIAN_POINT ( 'NONE',  ( 1.162946117793449696, 0.8000000000000001554, -0.04249184656383755282 ) ) ;
#2591 = CARTESIAN_POINT ( 'NONE',  ( 1.021277243392880951, 0.8000000000000000444, -0.3030937529057758373 ) ) ;
#2592 = DIRECTION ( 'NONE',  ( 0.0000000000000000000, 0.0000000000000000000, -1.000000000000000000 ) ) ;
#2593 =( GEOMETRIC_REPRESENTATION_CONTEXT ( 3 ) GLOBAL_UNCERTAINTY_ASSIGNED_CONTEXT ( ( #4874 ) ) GLOBAL_UNIT_ASSIGNED_CONTEXT ( ( #530, #5859, #9005 ) ) REPRESENTATION_CONTEXT ( 'NONE', 'WORKASPACE' ) );
#2594 =( NAMED_UNIT ( * ) SI_UNIT ( $, .STERADIAN. ) SOLID_ANGLE_UNIT ( ) );
#2595 = CARTESIAN_POINT ( 'NONE',  ( -1.690000000000001501, 0.6800000000000000488, -0.9399999999999996136 ) ) ;
#2596 =( NAMED_UNIT ( * ) SI_UNIT ( $, .STERADIAN. ) SOLID_ANGLE_UNIT ( ) );
#2597 =( NAMED_UNIT ( * ) PLANE_ANGLE_UNIT ( ) SI_UNIT ( $, .RADIAN. ) );
#2598 = ORIENTED_EDGE ( 'NONE', *, *, #9285, .F. ) ;
#2599 = ORIENTED_EDGE ( 'NONE', *, *, #2474, .T. ) ;
#2600 = CARTESIAN_POINT ( 'NONE',  ( 0.9816857853533632605, 0.8000000000000003775, -0.1103967059749652035 ) ) ;
#2601 = VECTOR ( 'NONE', #5824, 1000.000000000000000 ) ;
#2602 = SURFACE_SIDE_STYLE ('',( #127 ) ) ;
#2603 = APPLICATION_CONTEXT ( 'automotive_design' ) ;
#2604 =( LENGTH_UNIT ( ) NAMED_UNIT ( * ) SI_UNIT ( .MILLI., .METRE. ) );
#2605 = SURFACE_STYLE_FILL_AREA ( #9646 ) ;
#2606 = CARTESIAN_POINT ( 'NONE',  ( 1.365543520390852361, 0.8100000000000001643, -0.1671671712391622489 ) ) ;
#2607 = CARTESIAN_POINT ( 'NONE',  ( -0.9385122948763453543, 0.8100000000000002753, 0.03906791921829761566 ) ) ;
#2608 = CARTESIAN_POINT ( 'NONE',  ( 0.7961276062755868743, 0.7999999999999999334, -0.2832613604665999429 ) ) ;
#2609 = PRESENTATION_STYLE_ASSIGNMENT (( #4231 ) ) ;
#2610 = PRESENTATION_LAYER_ASSIGNMENT (  '', '', ( #8837 ) ) ;
#2611 = ORIENTED_EDGE ( 'NONE', *, *, #2899, .T. ) ;
#2612 = ORIENTED_EDGE ( 'NONE', *, *, #5023, .F. ) ;
#2613 = ORIENTED_EDGE ( 'NONE', *, *, #1481, .F. ) ;
#2614 = FACE_OUTER_BOUND ( 'NONE', #9337, .T. ) ;
#2615 = CARTESIAN_POINT ( 'NONE',  ( -0.6874130992615039570, 0.8000000000000000444, 0.05577849536350043547 ) ) ;
#2616 =( LENGTH_UNIT ( ) NAMED_UNIT ( * ) SI_UNIT ( .MILLI., .METRE. ) );
#2617 = CARTESIAN_POINT ( 'NONE',  ( -0.2983214275340011490, 0.7999999999999994893, -0.1329576365895116796 ) ) ;
#2618 = CARTESIAN_POINT ( 'NONE',  ( -0.8771651798850761406, 0.8100000000000002753, 0.02750800674804345161 ) ) ;
#2619 = FILL_AREA_STYLE_COLOUR ( '', #6989 ) ;
#2620 = CARTESIAN_POINT ( 'NONE',  ( -0.3019889471416148941, 0.8000000000000000444, -0.03859574266773356521 ) ) ;
#2621 = CARTESIAN_POINT ( 'NONE',  ( 0.6803307191035670165, 0.8100000000000003864, -0.07589449121686069055 ) ) ;
#2622 = CARTESIAN_POINT ( 'NONE',  ( -0.3488933262104507160, 0.8099999999999999423, -0.1987699973880089344 ) ) ;
#2623 = VERTEX_POINT ( 'NONE', #529 ) ;
#2624 = STYLED_ITEM ( 'NONE', ( #8362 ), #4812 ) ;
#2625 = SURFACE_STYLE_FILL_AREA ( #191 ) ;
#2626 =( GEOMETRIC_REPRESENTATION_CONTEXT ( 3 ) GLOBAL_UNCERTAINTY_ASSIGNED_CONTEXT ( ( #7765 ) ) GLOBAL_UNIT_ASSIGNED_CONTEXT ( ( #8122, #8835, #1808 ) ) REPRESENTATION_CONTEXT ( 'NONE', 'WORKASPACE' ) );
#2627 = UNCERTAINTY_MEASURE_WITH_UNIT (LENGTH_MEASURE( 1.000000000000000082E-05 ), #7039, 'distance_accuracy_value', 'NONE');
#2628 = DIRECTION ( 'NONE',  ( -0.0000000000000000000, -0.0000000000000000000, -1.000000000000000000 ) ) ;
#2629 = COLOUR_RGB ( '',1.000000000000000000, 0.8078431372549019773, 0.4980392156862745168 ) ;
#2630 = CARTESIAN_POINT ( 'NONE',  ( -1.171811646141445395, 0.7999999999999999334, -0.3459606092976334479 ) ) ;
#2631 = CARTESIAN_POINT ( 'NONE',  ( -0.04484608999875776270, 0.8100000000000001643, -0.03835223617422705428 ) ) ;
#2632 = CARTESIAN_POINT ( 'NONE',  ( -1.319769402642289702, 0.8100000000000004974, 0.2275001360886401147 ) ) ;
#2633 = CARTESIAN_POINT ( 'NONE',  ( 0.9885108380571605569, 0.8000000000000000444, 0.06525981641510403275 ) ) ;
#2634 = EDGE_CURVE ( 'NONE', #6092, #1868, #9984, .T. ) ;
#2635 = CARTESIAN_POINT ( 'NONE',  ( -0.7808444666221344699, 0.8100000000000001643, -0.3463879504599410852 ) ) ;
#2636 = VECTOR ( 'NONE', #1921, 1000.000000000000000 ) ;
#2637 = VECTOR ( 'NONE', #7031, 1000.000000000000000 ) ;
#2638 = ORIENTED_EDGE ( 'NONE', *, *, #4835, .F. ) ;
#2639 = UNCERTAINTY_MEASURE_WITH_UNIT (LENGTH_MEASURE( 1.000000000000000082E-05 ), #7622, 'distance_accuracy_value', 'NONE');
#2640 = DIRECTION ( 'NONE',  ( 0.0000000000000000000, 0.0000000000000000000, 1.000000000000000000 ) ) ;
#2641 =( LENGTH_UNIT ( ) NAMED_UNIT ( * ) SI_UNIT ( .MILLI., .METRE. ) );
#2642 = CARTESIAN_POINT ( 'NONE',  ( -2.000000000000002220, 0.0000000000000000000, 0.9500000000000001776 ) ) ;
#2643 = CARTESIAN_POINT ( 'NONE',  ( 0.6552350788324106112, 0.8000000000000002665, -0.2684658725378635258 ) ) ;
#2644 = SURFACE_STYLE_USAGE ( .BOTH. , #7306 ) ;
#2645 = CIRCLE ( 'NONE', #2816, 0.02000000000000005246 ) ;
#2646 = SURFACE_STYLE_FILL_AREA ( #6486 ) ;
#2647 = FACE_OUTER_BOUND ( 'NONE', #9434, .T. ) ;
#2648 = ADVANCED_FACE ( 'NONE', ( #5391 ), #2181, .F. ) ;
#2649 = DIRECTION ( 'NONE',  ( -0.0000000000000000000, -1.000000000000000000, -0.0000000000000000000 ) ) ;
#2650 = EDGE_CURVE ( 'NONE', #5819, #6231, #7674, .T. ) ;
#2651 = ORIENTED_EDGE ( 'NONE', *, *, #6024, .F. ) ;
#2652 = COLOUR_RGB ( '',0.09803921568627450844, 0.09803921568627450844, 0.09803921568627450844 ) ;
#2653 = CARTESIAN_POINT ( 'NONE',  ( -0.7255584563704933210, 0.8100000000000004974, 0.1783679799842599334 ) ) ;
#2654 = DIRECTION ( 'NONE',  ( 0.0000000000000000000, -0.0000000000000000000, 1.000000000000000000 ) ) ;
#2655 = PRESENTATION_STYLE_ASSIGNMENT (( #864 ) ) ;
#2656 = CARTESIAN_POINT ( 'NONE',  ( 1.224557676342116652, 0.8000000000000000444, -0.2628752774749846810 ) ) ;
#2657 = CARTESIAN_POINT ( 'NONE',  ( -1.157549012076679817, 0.7999999999999999334, -0.2840502881222787268 ) ) ;
#2658 = VECTOR ( 'NONE', #396, 1000.000000000000000 ) ;
#2659 = EDGE_CURVE ( 'NONE', #3886, #8414, #4676, .T. ) ;
#2660 = CARTESIAN_POINT ( 'NONE',  ( -0.7431902176861314713, 0.8000000000000000444, -0.2717092412022343306 ) ) ;
#2661 = STYLED_ITEM ( 'NONE', ( #9314 ), #9974 ) ;
#2662 = CARTESIAN_POINT ( 'NONE',  ( 1.188944923959164734, 0.8100000000000000533, -0.3458281715700081693 ) ) ;
#2663 = CARTESIAN_POINT ( 'NONE',  ( -0.7179276051453981067, 0.8100000000000001643, -0.3308420342794040070 ) ) ;
#2664 = AXIS2_PLACEMENT_3D ( 'NONE', #4852, #9294, #4083 ) ;
#2665 = DIRECTION ( 'NONE',  ( -0.0000000000000000000, -1.000000000000000000, -0.0000000000000000000 ) ) ;
#2666 = ORIENTED_EDGE ( 'NONE', *, *, #8913, .T. ) ;
#2667 = DIRECTION ( 'NONE',  ( -0.0000000000000000000, -0.0000000000000000000, -1.000000000000000000 ) ) ;
#2668 = ORIENTED_EDGE ( 'NONE', *, *, #4507, .T. ) ;
#2669 = CARTESIAN_POINT ( 'NONE',  ( 1.500000000000000222, 0.8000000000000001554, -0.8000000000000001554 ) ) ;
#2670 = ORIENTED_EDGE ( 'NONE', *, *, #1396, .F. ) ;
#2671 = DIRECTION ( 'NONE',  ( 1.425933913527086018E-15, 0.0000000000000000000, 1.000000000000000000 ) ) ;
#2672 = VECTOR ( 'NONE', #8406, 1000.000000000000000 ) ;
#2673 = MECHANICAL_DESIGN_GEOMETRIC_PRESENTATION_REPRESENTATION (  '', ( #7083 ), #1691 ) ;
#2674 = CARTESIAN_POINT ( 'NONE',  ( 1.500000000000000222, 0.7200000000000001954, 0.7999999999999999334 ) ) ;
#2675 = CARTESIAN_POINT ( 'NONE',  ( -1.003597329134071403, 0.8100000000000000533, -0.1638129714342986265 ) ) ;
#2676 = CARTESIAN_POINT ( 'NONE',  ( 1.353900499534719026, 0.7999999999999999334, -0.2115424283432368879 ) ) ;
#2677 = ADVANCED_FACE ( 'NONE', ( #9414 ), #7926, .F. ) ;
#2678 = CARTESIAN_POINT ( 'NONE',  ( 1.310998065845397464, 0.8100000000000001643, 0.1377029586309676257 ) ) ;
#2679 = LINE ( 'NONE', #5834, #5544 ) ;
#2680 = ORIENTED_EDGE ( 'NONE', *, *, #5966, .F. ) ;
#2681 = VECTOR ( 'NONE', #7754, 1000.000000000000000 ) ;
#2682 =( LENGTH_UNIT ( ) NAMED_UNIT ( * ) SI_UNIT ( .MILLI., .METRE. ) );
#2683 = ORIENTED_EDGE ( 'NONE', *, *, #2543, .T. ) ;
#2684 = CARTESIAN_POINT ( 'NONE',  ( 1.303205858053190003, 0.8100000000000001643, -0.1515827556547466592 ) ) ;
#2685 = VECTOR ( 'NONE', #8794, 1000.000000000000000 ) ;
#2686 = CARTESIAN_POINT ( 'NONE',  ( 0.6552350788324106112, 0.8099999999999767386, -0.2684658725378634703 ) ) ;
#2687 = CARTESIAN_POINT ( 'NONE',  ( 1.500000000000000222, 0.7800000000000001377, -1.100000000000000089 ) ) ;
#2688 = CARTESIAN_POINT ( 'NONE',  ( -2.000000000000000000, 0.0000000000000000000, -1.249999999999999778 ) ) ;
#2689 = PRESENTATION_STYLE_ASSIGNMENT (( #7506 ) ) ;
#2690 = CARTESIAN_POINT ( 'NONE',  ( 0.6648667921311671725, 0.8000000000000001554, 0.03333768573596804230 ) ) ;
#2691 = CARTESIAN_POINT ( 'NONE',  ( 0.6648667921311671725, 0.8100000000000001643, 0.03333768573596804230 ) ) ;
#2692 = CARTESIAN_POINT ( 'NONE',  ( -1.063039086753878593, 0.8100000000000004974, -0.3177499664388421241 ) ) ;
#2693 = CARTESIAN_POINT ( 'NONE',  ( -0.8179017375633762521, 0.8100000000000001643, -0.3419984289488350870 ) ) ;
#2694 = CARTESIAN_POINT ( 'NONE',  ( -2.000000000000000000, 0.0000000000000000000, -1.249999999999999778 ) ) ;
#2695 = PRESENTATION_LAYER_ASSIGNMENT (  '', '', ( #203 ) ) ;
#2696 = VERTEX_POINT ( 'NONE', #1207 ) ;
#2697 = CARTESIAN_POINT ( 'NONE',  ( 0.4928162476635793987, 0.8000000000000001554, -0.003530807602798561890 ) ) ;
#2698 = EDGE_CURVE ( 'NONE', #9350, #5606, #10015, .T. ) ;
#2699 = AXIS2_PLACEMENT_3D ( 'NONE', #5431, #89, #2526 ) ;
#2700 = DIRECTION ( 'NONE',  ( 1.000000000000000000, 0.0000000000000000000, -6.023345402697246719E-17 ) ) ;
#2701 = FACE_OUTER_BOUND ( 'NONE', #5616, .T. ) ;
#2702 = CYLINDRICAL_SURFACE ( 'NONE', #2003, 0.02000000000000005246 ) ;
#2703 = CARTESIAN_POINT ( 'NONE',  ( 0.7790581307804623767, 0.8000000000000001554, 0.09740263395564298377 ) ) ;
#2704 = ORIENTED_EDGE ( 'NONE', *, *, #8113, .T. ) ;
#2705 = EDGE_CURVE ( 'NONE', #2072, #8824, #208, .T. ) ;
#2706 = CARTESIAN_POINT ( 'NONE',  ( -0.3474990490353050965, 0.7999999999999999334, 0.1333922487243913158 ) ) ;
#2707 = CARTESIAN_POINT ( 'NONE',  ( -1.800000000000000933, 0.6000000000000000888, -1.249999999999998224 ) ) ;
#2708 = EDGE_CURVE ( 'NONE', #1659, #1896, #1098, .T. ) ;
#2709 = PRESENTATION_STYLE_ASSIGNMENT (( #8961 ) ) ;
#2710 =( NAMED_UNIT ( * ) PLANE_ANGLE_UNIT ( ) SI_UNIT ( $, .RADIAN. ) );
#2711 = CARTESIAN_POINT ( 'NONE',  ( 1.297358275365288360, 0.8000000000000003775, -0.1736853661384413494 ) ) ;
#2712 = CARTESIAN_POINT ( 'NONE',  ( -1.252638297790965582, 0.8100000000000001643, -0.1593749634469540932 ) ) ;
#2713 = SURFACE_STYLE_USAGE ( .BOTH. , #7378 ) ;
#2714 = TOROIDAL_SURFACE ( 'NONE', #8442, 0.3199999999999999512, 0.02000000000000000042 ) ;
#2715 = FACE_OUTER_BOUND ( 'NONE', #1344, .T. ) ;
#2716 = CARTESIAN_POINT ( 'NONE',  ( 1.338452945971782659, 0.8100000000000000533, -0.2484949036153751567 ) ) ;
#2717 =( NAMED_UNIT ( * ) SI_UNIT ( $, .STERADIAN. ) SOLID_ANGLE_UNIT ( ) );
#2718 = SURFACE_SIDE_STYLE ('',( #331 ) ) ;
#2719 = EDGE_LOOP ( 'NONE', ( #2953, #4857, #4265, #2745, #6054, #8980, #6256, #2704 ) ) ;
#2720 = CARTESIAN_POINT ( 'NONE',  ( 2.000000000000000000, 0.0000000000000000000, -1.249999999999999778 ) ) ;
#2721 = ORIENTED_EDGE ( 'NONE', *, *, #1523, .F. ) ;
#2722 = ORIENTED_EDGE ( 'NONE', *, *, #1897, .F. ) ;
#2723 = SURFACE_SIDE_STYLE ('',( #7538 ) ) ;
#2724 = CARTESIAN_POINT ( 'NONE',  ( -0.8209633711336954409, 0.8000000000000005995, -0.2716150637105989030 ) ) ;
#2725 = EDGE_CURVE ( 'NONE', #5276, #4462, #1871, .T. ) ;
#2726 = CARTESIAN_POINT ( 'NONE',  ( -1.003597329134071403, 0.8000000000000000444, -0.1638129714342986265 ) ) ;
#2727 = CARTESIAN_POINT ( 'NONE',  ( 1.296076205196468933, 0.8100000000000000533, -0.3020289130498750030 ) ) ;
#2728 = CARTESIAN_POINT ( 'NONE',  ( -0.3536013605792889258, 0.8100000000000003864, 0.1050395506033317272 ) ) ;
#2729 = DIRECTION ( 'NONE',  ( 0.0000000000000000000, 0.0000000000000000000, 1.000000000000000000 ) ) ;
#2730 = CARTESIAN_POINT ( 'NONE',  ( -0.3620487687335807725, 0.8099999999999999423, -0.1089418948871739568 ) ) ;
#2731 = COLOUR_RGB ( '',0.09803921568627450844, 0.09803921568627450844, 0.09803921568627450844 ) ;
#2732 = VERTEX_POINT ( 'NONE', #6566 ) ;
#2733 = ORIENTED_EDGE ( 'NONE', *, *, #6833, .F. ) ;
#2734 = UNCERTAINTY_MEASURE_WITH_UNIT (LENGTH_MEASURE( 1.000000000000000082E-05 ), #5188, 'distance_accuracy_value', 'NONE');
#2735 =( LENGTH_UNIT ( ) NAMED_UNIT ( * ) SI_UNIT ( .MILLI., .METRE. ) );
#2736 = SURFACE_SIDE_STYLE ('',( #8787 ) ) ;
#2737 = AXIS2_PLACEMENT_3D ( 'NONE', #270, #3424, #2238 ) ;
#2738 = CARTESIAN_POINT ( 'NONE',  ( -0.7808444666221344699, 0.8100000000000001643, -0.3463879504599410852 ) ) ;
#2739 = DIRECTION ( 'NONE',  ( 1.000000000000000000, 0.0000000000000000000, 0.0000000000000000000 ) ) ;
#2740 = CARTESIAN_POINT ( 'NONE',  ( 1.700000000000002176, 0.0000000000000000000, -1.149999999999998357 ) ) ;
#2741 = SURFACE_STYLE_USAGE ( .BOTH. , #5899 ) ;
#2742 = CARTESIAN_POINT ( 'NONE',  ( 0.6719587195249665523, 0.8100000000000001643, 0.04185595785078267961 ) ) ;
#2743 = PRESENTATION_LAYER_ASSIGNMENT (  '', '', ( #2568 ) ) ;
#2744 = STYLED_ITEM ( 'NONE', ( #3762 ), #4573 ) ;
#2745 = ORIENTED_EDGE ( 'NONE', *, *, #9164, .T. ) ;
#2746 = UNCERTAINTY_MEASURE_WITH_UNIT (LENGTH_MEASURE( 1.000000000000000082E-05 ), #3308, 'distance_accuracy_value', 'NONE');
#2747 = TOROIDAL_SURFACE ( 'NONE', #2420, 0.2799999999999999711, 0.02000000000000000042 ) ;
#2748 = CARTESIAN_POINT ( 'NONE',  ( -0.3018775715089421774, 0.8100000000000002753, -0.05016294141516915855 ) ) ;
#2749 = DIRECTION ( 'NONE',  ( -0.0000000000000000000, -1.000000000000000000, -0.0000000000000000000 ) ) ;
#2750 = SURFACE_STYLE_USAGE ( .BOTH. , #1982 ) ;
#2751 = ORIENTED_EDGE ( 'NONE', *, *, #9342, .F. ) ;
#2752 = CARTESIAN_POINT ( 'NONE',  ( -0.3641850567202165601, 0.8000000000000001554, -0.02475394004647235580 ) ) ;
#2753 = CARTESIAN_POINT ( 'NONE',  ( 0.7305303360016647263, 0.8000000000000000444, -0.2492342270596441256 ) ) ;
#2754 = SURFACE_SIDE_STYLE ('',( #1121 ) ) ;
#2755 = DIRECTION ( 'NONE',  ( -1.748713181428233054E-16, 0.0000000000000000000, -1.000000000000000000 ) ) ;
#2756 = VECTOR ( 'NONE', #5145, 1000.000000000000000 ) ;
#2757 = FACE_OUTER_BOUND ( 'NONE', #819, .T. ) ;
#2758 = PLANE ( 'NONE',  #10089 ) ;
#2759 = DIRECTION ( 'NONE',  ( 0.0000000000000000000, 0.0000000000000000000, 1.000000000000000000 ) ) ;
#2760 = CARTESIAN_POINT ( 'NONE',  ( -1.024813049771594153, 0.8000000000000000444, -0.2685754429823335454 ) ) ;
#2761 = SURFACE_STYLE_FILL_AREA ( #1894 ) ;
#2762 = EDGE_CURVE ( 'NONE', #9325, #5312, #7459, .T. ) ;
#2763 = CARTESIAN_POINT ( 'NONE',  ( -0.8029702274133784234, 0.8100000000000002753, -0.2811000192437413947 ) ) ;
#2764 = ORIENTED_EDGE ( 'NONE', *, *, #7835, .F. ) ;
#2765 = VERTEX_POINT ( 'NONE', #7504 ) ;
#2766 = DIRECTION ( 'NONE',  ( 7.228014483236697541E-16, 0.0000000000000000000, 1.000000000000000000 ) ) ;
#2767 =( NAMED_UNIT ( * ) SI_UNIT ( $, .STERADIAN. ) SOLID_ANGLE_UNIT ( ) );
#2768 = FACE_OUTER_BOUND ( 'NONE', #2210, .T. ) ;
#2769 = DIRECTION ( 'NONE',  ( -1.000000000000000000, 0.0000000000000000000, 0.0000000000000000000 ) ) ;
#2770 = CARTESIAN_POINT ( 'NONE',  ( -0.2443399945103183757, 0.8000000000000000444, -0.2716150637105989585 ) ) ;
#2771 = PRESENTATION_STYLE_ASSIGNMENT (( #9811 ) ) ;
#2772 = CARTESIAN_POINT ( 'NONE',  ( 0.9135954684428003736, 0.8100000000000002753, -0.03579541799240900518 ) ) ;
#2773 = EDGE_CURVE ( 'NONE', #5774, #5962, #5794, .T. ) ;
#2774 = ORIENTED_EDGE ( 'NONE', *, *, #962, .T. ) ;
#2775 = ORIENTED_EDGE ( 'NONE', *, *, #5189, .T. ) ;
#2776 = COLOUR_RGB ( '',0.09803921568627450844, 0.09803921568627450844, 0.09803921568627450844 ) ;
#2777 = EDGE_CURVE ( 'NONE', #3487, #9248, #6769, .T. ) ;
#2778 = CARTESIAN_POINT ( 'NONE',  ( -0.7815749861026538570, 0.8100000000000001643, 0.2691964651244743711 ) ) ;
#2779 = DIRECTION ( 'NONE',  ( -0.0000000000000000000, -1.000000000000000000, -0.0000000000000000000 ) ) ;
#2780 = CARTESIAN_POINT ( 'NONE',  ( -0.7815749861026538570, 0.8100000000000001643, 0.2691964651244743711 ) ) ;
#2781 = SURFACE_STYLE_FILL_AREA ( #8078 ) ;
#2782 = CARTESIAN_POINT ( 'NONE',  ( -1.303558259522544560, 0.8000000000000004885, 0.1777836982661313292 ) ) ;
#2783 = FACE_OUTER_BOUND ( 'NONE', #7418, .T. ) ;
#2784 = COLOUR_RGB ( '',1.000000000000000000, 0.8078431372549019773, 0.4980392156862745168 ) ;
#2785 = CARTESIAN_POINT ( 'NONE',  ( -1.075612652485838483, 0.8100000000000002753, -0.3266328943915817185 ) ) ;
#2786 = EDGE_CURVE ( 'NONE', #2828, #3230, #3587, .T. ) ;
#2787 = SURFACE_STYLE_USAGE ( .BOTH. , #3507 ) ;
#2788 = CARTESIAN_POINT ( 'NONE',  ( 1.899999999999999911, 0.05000000000000000278, -0.3500000000000001998 ) ) ;
#2789 = CARTESIAN_POINT ( 'NONE',  ( 1.175121916503113928, 0.8100000000000004974, -0.2757893948720011035 ) ) ;
#2790 = ORIENTED_EDGE ( 'NONE', *, *, #9500, .F. ) ;
#2791 =( LENGTH_UNIT ( ) NAMED_UNIT ( * ) SI_UNIT ( .MILLI., .METRE. ) );
#2792 = MECHANICAL_DESIGN_GEOMETRIC_PRESENTATION_REPRESENTATION (  '', ( #3777 ), #2479 ) ;
#2793 = PRESENTATION_STYLE_ASSIGNMENT (( #3212 ) ) ;
#2794 = SURFACE_STYLE_USAGE ( .BOTH. , #370 ) ;
#2795 = LINE ( 'NONE', #3514, #125 ) ;
#2796 = CARTESIAN_POINT ( 'NONE',  ( 0.4928162476635793987, 0.8100000000000001643, 0.2614042573322663543 ) ) ;
#2797 = MECHANICAL_DESIGN_GEOMETRIC_PRESENTATION_REPRESENTATION (  '', ( #3133 ), #10178 ) ;
#2798 = CARTESIAN_POINT ( 'NONE',  ( -1.171811646141445395, 0.7999999999999999334, -0.3459606092976334479 ) ) ;
#2799 = AXIS2_PLACEMENT_3D ( 'NONE', #8619, #4142, #36 ) ;
#2800 = APPLICATION_CONTEXT ( 'automotive_design' ) ;
#2801 = ORIENTED_EDGE ( 'NONE', *, *, #9844, .F. ) ;
#2802 = CARTESIAN_POINT ( 'NONE',  ( -0.2042210899987577377, 0.8000000000000001554, -0.3463879504599413073 ) ) ;
#2803 = CARTESIAN_POINT ( 'NONE',  ( 0.7221825857464361231, 0.8099999999999999423, -0.2542725255367682680 ) ) ;
#2804 = PRESENTATION_LAYER_ASSIGNMENT (  '', '', ( #7224 ) ) ;
#2805 = CARTESIAN_POINT ( 'NONE',  ( -0.2031253107779785461, 0.8100000000000001643, 0.2068588027868118739 ) ) ;
#2806 = CARTESIAN_POINT ( 'NONE',  ( -0.2239102889873942903, 0.8100000000000000533, 0.2040627350160150733 ) ) ;
#2807 = DIRECTION ( 'NONE',  ( 0.0000000000000000000, 0.0000000000000000000, 1.000000000000000000 ) ) ;
#2808 = CARTESIAN_POINT ( 'NONE',  ( -1.246477138506409954, 0.7999999999999999334, 0.09017323198743072699 ) ) ;
#2809 = SURFACE_STYLE_FILL_AREA ( #2146 ) ;
#2810 = CARTESIAN_POINT ( 'NONE',  ( 1.273775109089223534, 0.8000000000000001554, 0.2463903738334863869 ) ) ;
#2811 = CARTESIAN_POINT ( 'NONE',  ( -0.7834012848039526578, 0.8100000000000001643, -0.2840502881222787268 ) ) ;
#2812 = ORIENTED_EDGE ( 'NONE', *, *, #2098, .T. ) ;
#2813 = AXIS2_PLACEMENT_3D ( 'NONE', #4766, #2528, #6964 ) ;
#2814 = AXIS2_PLACEMENT_3D ( 'NONE', #9617, #4826, #1050 ) ;
#2815 = PLANE ( 'NONE',  #321 ) ;
#2816 = AXIS2_PLACEMENT_3D ( 'NONE', #3182, #3981, #3382 ) ;
#2817 = ORIENTED_EDGE ( 'NONE', *, *, #427, .T. ) ;
#2818 = EDGE_CURVE ( 'NONE', #3704, #491, #5080, .T. ) ;
#2819 = CARTESIAN_POINT ( 'NONE',  ( 0.7587636270348183665, 0.8100000000000001643, -0.2127153644053295101 ) ) ;
#2820 = PRESENTATION_LAYER_ASSIGNMENT (  '', '', ( #2497 ) ) ;
#2821 = VECTOR ( 'NONE', #7060, 1000.000000000000000 ) ;
#2822 = CARTESIAN_POINT ( 'NONE',  ( -1.075673277279735940, 0.8100000000000000533, -0.004331968181634371882 ) ) ;
#2823 = CARTESIAN_POINT ( 'NONE',  ( -1.195480398149911805, 0.8100000000000002753, -0.2761694458504717620 ) ) ;
#2824 = CARTESIAN_POINT ( 'NONE',  ( -0.3085212060552218194, 0.7999999999999998224, 0.2160824072274388497 ) ) ;
#2825 = CARTESIAN_POINT ( 'NONE',  ( 0.7621772843250707030, 0.8100000000000000533, -0.1439633992269067353 ) ) ;
#2826 = VERTEX_POINT ( 'NONE', #4930 ) ;
#2827 =( LENGTH_UNIT ( ) NAMED_UNIT ( * ) SI_UNIT ( .MILLI., .METRE. ) );
#2828 = VERTEX_POINT ( 'NONE', #8223 ) ;
#2829 = AXIS2_PLACEMENT_3D ( 'NONE', #5645, #2739, #3458 ) ;
#2830 = UNCERTAINTY_MEASURE_WITH_UNIT (LENGTH_MEASURE( 1.000000000000000082E-05 ), #10078, 'distance_accuracy_value', 'NONE');
#2831 = CARTESIAN_POINT ( 'NONE',  ( -1.130139362490917510, 0.8100000000000003864, -0.2800567340113008230 ) ) ;
#2832 = CARTESIAN_POINT ( 'NONE',  ( -1.700000000000001954, 0.05000000000000000278, 1.149999999999998801 ) ) ;
#2833 = ADVANCED_FACE ( 'NONE', ( #3547 ), #1881, .F. ) ;
#2834 = CARTESIAN_POINT ( 'NONE',  ( -0.6704142718169396886, 0.8000000000000001554, -0.2830762621482528218 ) ) ;
#2835 = CARTESIAN_POINT ( 'NONE',  ( -1.690000000000001501, 0.6100000000000000977, -1.239999999999999991 ) ) ;
#2836 = CARTESIAN_POINT ( 'NONE',  ( -0.1349257360907295533, 0.8100000000000003864, 0.2499457095371509785 ) ) ;
#2837 =( NAMED_UNIT ( * ) SI_UNIT ( $, .STERADIAN. ) SOLID_ANGLE_UNIT ( ) );
#2838 = VECTOR ( 'NONE', #2259, 1000.000000000000000 ) ;
#2839 = FILL_AREA_STYLE ('',( #6918 ) ) ;
#2840 = CARTESIAN_POINT ( 'NONE',  ( 0.9827934057533194157, 0.8100000000000001643, 0.04196402852999377847 ) ) ;
#2841 = AXIS2_PLACEMENT_3D ( 'NONE', #7318, #3612, #5768 ) ;
#2842 = CARTESIAN_POINT ( 'NONE',  ( -1.051665169042145020, 0.8000000000000000444, -0.3071895767487345941 ) ) ;
#2843 = ORIENTED_EDGE ( 'NONE', *, *, #9818, .T. ) ;
#2844 = LINE ( 'NONE', #2788, #9739 ) ;
#2845 =( NAMED_UNIT ( * ) SI_UNIT ( $, .STERADIAN. ) SOLID_ANGLE_UNIT ( ) );
#2846 = ORIENTED_EDGE ( 'NONE', *, *, #9844, .T. ) ;
#2847 = UNCERTAINTY_MEASURE_WITH_UNIT (LENGTH_MEASURE( 1.000000000000000082E-05 ), #1791, 'distance_accuracy_value', 'NONE');
#2848 =( GEOMETRIC_REPRESENTATION_CONTEXT ( 3 ) GLOBAL_UNCERTAINTY_ASSIGNED_CONTEXT ( ( #6525 ) ) GLOBAL_UNIT_ASSIGNED_CONTEXT ( ( #4262, #2542, #3508 ) ) REPRESENTATION_CONTEXT ( 'NONE', 'WORKASPACE' ) );
#2849 = CARTESIAN_POINT ( 'NONE',  ( -0.1072945895445592129, 0.8000000000000002665, -0.05028476622377610339 ) ) ;
#2850 = EDGE_CURVE ( 'NONE', #8584, #1722, #6661, .T. ) ;
#2851 = ADVANCED_FACE ( 'NONE', ( #614 ), #1773, .T. ) ;
#2852 = CARTESIAN_POINT ( 'NONE',  ( -0.2747486982185819437, 0.8000000000000003775, 0.1568634701086526750 ) ) ;
#2853 = CARTESIAN_POINT ( 'NONE',  ( -0.7476931185300802474, 0.8000000000000002665, -0.3426888959405314794 ) ) ;
#2854 =( GEOMETRIC_REPRESENTATION_CONTEXT ( 3 ) GLOBAL_UNCERTAINTY_ASSIGNED_CONTEXT ( ( #4887 ) ) GLOBAL_UNIT_ASSIGNED_CONTEXT ( ( #5109, #9799, #5007 ) ) REPRESENTATION_CONTEXT ( 'NONE', 'WORKASPACE' ) );
#2855 = CARTESIAN_POINT ( 'NONE',  ( -0.4656253107779786404, 0.8100000000000001643, 0.2614042573322664653 ) ) ;
#2856 = CARTESIAN_POINT ( 'NONE',  ( 1.820000000000000284, 0.7000000000000000666, -0.8000000000000001554 ) ) ;
#2857 = ORIENTED_EDGE ( 'NONE', *, *, #8718, .F. ) ;
#2858 = UNCERTAINTY_MEASURE_WITH_UNIT (LENGTH_MEASURE( 1.000000000000000082E-05 ), #8384, 'distance_accuracy_value', 'NONE');
#2859 = CARTESIAN_POINT ( 'NONE',  ( 1.282397321457269923, 0.7999999999999999334, -0.2105001566406548841 ) ) ;
#2860 = DIRECTION ( 'NONE',  ( -0.0000000000000000000, -1.000000000000000000, -0.0000000000000000000 ) ) ;
#2861 = DIRECTION ( 'NONE',  ( 0.0000000000000000000, 0.0000000000000000000, -1.000000000000000000 ) ) ;
#2862 = PRESENTATION_LAYER_ASSIGNMENT (  '', '', ( #5799 ) ) ;
#2863 = ORIENTED_EDGE ( 'NONE', *, *, #2339, .T. ) ;
#2864 = ORIENTED_EDGE ( 'NONE', *, *, #4057, .F. ) ;
#2865 = CARTESIAN_POINT ( 'NONE',  ( -0.1176187575366531707, 0.8000000000000001554, -0.1829673941784973890 ) ) ;
#2866 = CARTESIAN_POINT ( 'NONE',  ( 0.7549147341443860348, 0.8099999999999999423, -0.2212409438307308129 ) ) ;
#2867 = CARTESIAN_POINT ( 'NONE',  ( -0.8445078098372228448, 0.8000000000000004885, -0.2453608769868650397 ) ) ;
#2868 =( NAMED_UNIT ( * ) PLANE_ANGLE_UNIT ( ) SI_UNIT ( $, .RADIAN. ) );
#2869 = CARTESIAN_POINT ( 'NONE',  ( 1.364402559834032580, 0.8000000000000002665, -0.1724108254839678278 ) ) ;
#2870 = B_SPLINE_CURVE_WITH_KNOTS ( 'NONE', 3,
 ( #4564, #823, #39, #9449, #873, #3992, #86, #8207, #339, #2523, #9558 ),
 .UNSPECIFIED., .F., .F.,
 ( 4, 1, 1, 1, 1, 1, 1, 1, 4 ),
 ( 0.0000000000000000000, 0.1222703218533861130, 0.2483255308491441604, 0.3781918742513482590, 0.5136802925779777595, 0.6475288356060364681, 0.7726507715913256691, 0.8898318131081296434, 1.000000000000000000 ),
 .UNSPECIFIED. ) ;
#2871 = CARTESIAN_POINT ( 'NONE',  ( -0.7506933303809708580, 0.8000000000000003775, 0.2000470469116946148 ) ) ;
#2872 = DIRECTION ( 'NONE',  ( -0.4719126085633064682, 0.0000000000000000000, -0.8816453311161894790 ) ) ;
#2873 = CARTESIAN_POINT ( 'NONE',  ( -0.7431902176861314713, 0.8000000000000000444, -0.2717092412022343306 ) ) ;
#2874 = VERTEX_POINT ( 'NONE', #3893 ) ;
#2875 = PRESENTATION_STYLE_ASSIGNMENT (( #1146 ) ) ;
#2876 = ORIENTED_EDGE ( 'NONE', *, *, #3692, .F. ) ;
#2877 = PRESENTATION_LAYER_ASSIGNMENT (  '', '', ( #2395 ) ) ;
#2878 = SURFACE_STYLE_FILL_AREA ( #10123 ) ;
#2879 = DIRECTION ( 'NONE',  ( -0.0000000000000000000, -1.000000000000000000, -0.0000000000000000000 ) ) ;
#2880 = CARTESIAN_POINT ( 'NONE',  ( -0.6804577326221323830, 0.8000000000000001554, -0.2978941788814671310 ) ) ;
#2881 = CARTESIAN_POINT ( 'NONE',  ( 1.015384287448396705, 0.8000000000000002665, 0.1241066884129952280 ) ) ;
#2882 = CARTESIAN_POINT ( 'NONE',  ( 0.6803307191035670165, 0.8000000000000003775, -0.07589449121686069055 ) ) ;
#2883 = CARTESIAN_POINT ( 'NONE',  ( -1.003287648440316149, 0.8000000000000001554, -0.1782467166937073688 ) ) ;
#2884 = CARTESIAN_POINT ( 'NONE',  ( 1.282397321457269923, 0.8099999999999999423, -0.2105001566406548841 ) ) ;
#2885 = EDGE_LOOP ( 'NONE', ( #4357, #8402, #4737, #2774 ) ) ;
#2886 = ORIENTED_EDGE ( 'NONE', *, *, #973, .F. ) ;
#2887 = CARTESIAN_POINT ( 'NONE',  ( -0.7902972601302427069, 0.7999999999999999334, 0.2064814501221109433 ) ) ;
#2888 = CARTESIAN_POINT ( 'NONE',  ( -0.1343816798228360532, 0.7999999999999997113, -0.2342854547357042239 ) ) ;
#2889 = CARTESIAN_POINT ( 'NONE',  ( 1.689999999999999281, 0.6800000000000000488, 0.9400000000000005018 ) ) ;
#2890 = CARTESIAN_POINT ( 'NONE',  ( 0.9999999999999997780, 0.05000000000000000278, -0.3500000000000000333 ) ) ;
#2891 = SURFACE_STYLE_USAGE ( .BOTH. , #6976 ) ;
#2892 = CARTESIAN_POINT ( 'NONE',  ( -0.2239102889873942903, 0.8000000000000000444, 0.2040627350160150733 ) ) ;
#2893 = CARTESIAN_POINT ( 'NONE',  ( 0.7439034895769230937, 0.8100000000000000533, -0.3259812022447761692 ) ) ;
#2894 = LINE ( 'NONE', #6218, #5426 ) ;
#2895 = SURFACE_SIDE_STYLE ('',( #3515 ) ) ;
#2896 = CARTESIAN_POINT ( 'NONE',  ( -1.309817064530104380, 0.8000000000000002665, -0.2087509718780261314 ) ) ;
#2897 = COLOUR_RGB ( '',0.09803921568627450844, 0.09803921568627450844, 0.09803921568627450844 ) ;
#2898 = CARTESIAN_POINT ( 'NONE',  ( -0.3308104733139470843, 0.8000000000000000444, 0.1806999403873342791 ) ) ;
#2899 = EDGE_CURVE ( 'NONE', #8426, #4180, #7109, .T. ) ;
#2900 = CARTESIAN_POINT ( 'NONE',  ( -1.800000000000001155, 0.05000000000000000278, 1.249999999999998668 ) ) ;
#2901 = COLOUR_RGB ( '',1.000000000000000000, 0.9490196078431372140, 0.9098039215686274384 ) ;
#2902 = CARTESIAN_POINT ( 'NONE',  ( -0.6839166212849482340, 0.8100000000000002753, -0.02702830974468099778 ) ) ;
#2903 = CARTESIAN_POINT ( 'NONE',  ( -0.1740699537575939870, 0.8000000000000000444, 0.2000470469116943373 ) ) ;
#2904 = DIRECTION ( 'NONE',  ( 1.000000000000000000, 0.0000000000000000000, -1.748713181428233054E-16 ) ) ;
#2905 = CARTESIAN_POINT ( 'NONE',  ( 0.9648083971232450651, 0.8100000000000000533, -0.2391418420717318638 ) ) ;
#2906 = PRESENTATION_STYLE_ASSIGNMENT (( #8964 ) ) ;
#2907 =( LENGTH_UNIT ( ) NAMED_UNIT ( * ) SI_UNIT ( .MILLI., .METRE. ) );
#2908 = CARTESIAN_POINT ( 'NONE',  ( 1.373335728183060045, 0.8000000000000001554, 0.1772727638257728111 ) ) ;
#2909 = ORIENTED_EDGE ( 'NONE', *, *, #7743, .T. ) ;
#2910 = CARTESIAN_POINT ( 'NONE',  ( 0.7268259879233197607, 0.8100000000000001643, 0.02057633525434429331 ) ) ;
#2911 = ORIENTED_EDGE ( 'NONE', *, *, #8753, .F. ) ;
#2912 = CARTESIAN_POINT ( 'NONE',  ( 2.000000000000001776, 0.05000000000000000278, -0.9499999999999997335 ) ) ;
#2913 = CARTESIAN_POINT ( 'NONE',  ( -0.1856686731976486537, 0.8099999999999999423, -0.2812719115885146670 ) ) ;
#2914 = CIRCLE ( 'NONE', #109, 0.2999999999999999334 ) ;
#2915 = B_SPLINE_CURVE_WITH_KNOTS ( 'NONE', 3,
 ( #5286, #1407, #5952, #8316, #4508, #3749, #6859, #6711, #9825, #8475, #5127, #6758, #9873, #5173, #1311, #9921, #6000, #9254, #9148 ),
 .UNSPECIFIED., .F., .F.,
 ( 4, 1, 1, 1, 1, 1, 1, 1, 1, 1, 1, 1, 1, 1, 1, 1, 4 ),
 ( 0.0000000000000000000, 0.09513606765129915821, 0.1847313633813591482, 0.2682875644224344547, 0.3465971881315638159, 0.4193050250118303679, 0.4872356976528923744, 0.5505021670267862266, 0.6094154834552105715, 0.6641924973930185550, 0.7154708956004394160, 0.7642516598968450703, 0.8109957637662903451, 0.8569478638665044556, 0.9028837686324789891, 0.9504484131495150034, 1.000000000000000000 ),
 .UNSPECIFIED. ) ;
#2916 = CARTESIAN_POINT ( 'NONE',  ( 1.044327435335577814, 0.8100000000000001643, -0.2360145920784587903 ) ) ;
#2917 = DIRECTION ( 'NONE',  ( -1.000000000000000000, 0.0000000000000000000, 0.0000000000000000000 ) ) ;
#2918 = CARTESIAN_POINT ( 'NONE',  ( -1.144399661427329296, 0.8000000000000001554, 0.07475653005953937502 ) ) ;
#2919 = PLANE ( 'NONE',  #8762 ) ;
#2920 = CARTESIAN_POINT ( 'NONE',  ( -0.6839166212849482340, 0.8000000000000002665, -0.02702830974468099778 ) ) ;
#2921 = CARTESIAN_POINT ( 'NONE',  ( -0.2136738835068659470, 0.8100000000000002753, 0.2064814501221107490 ) ) ;
#2922 = SURFACE_STYLE_FILL_AREA ( #656 ) ;
#2923 = LINE ( 'NONE', #6190, #6680 ) ;
#2924 = VECTOR ( 'NONE', #4888, 1000.000000000000000 ) ;
#2925 = ORIENTED_EDGE ( 'NONE', *, *, #1396, .T. ) ;
#2926 = CARTESIAN_POINT ( 'NONE',  ( -1.106001084612391328, 0.7999999999999999334, -0.2678575659244753493 ) ) ;
#2927 = ORIENTED_EDGE ( 'NONE', *, *, #3207, .F. ) ;
#2928 = UNCERTAINTY_MEASURE_WITH_UNIT (LENGTH_MEASURE( 1.000000000000000082E-05 ), #589, 'distance_accuracy_value', 'NONE');
#2929 = VECTOR ( 'NONE', #4514, 1000.000000000000000 ) ;
#2930 =( NAMED_UNIT ( * ) SI_UNIT ( $, .STERADIAN. ) SOLID_ANGLE_UNIT ( ) );
#2931 =( NAMED_UNIT ( * ) SI_UNIT ( $, .STERADIAN. ) SOLID_ANGLE_UNIT ( ) );
#2932 = MECHANICAL_DESIGN_GEOMETRIC_PRESENTATION_REPRESENTATION (  '', ( #8988 ), #8646 ) ;
#2933 =( NAMED_UNIT ( * ) PLANE_ANGLE_UNIT ( ) SI_UNIT ( $, .RADIAN. ) );
#2934 = DIRECTION ( 'NONE',  ( -1.000000000000000000, 0.0000000000000000000, 0.0000000000000000000 ) ) ;
#2935 = CARTESIAN_POINT ( 'NONE',  ( 1.365543520390852361, 0.8100000000000001643, -0.1671671712391622489 ) ) ;
#2936 = CARTESIAN_POINT ( 'NONE',  ( -1.187229900073485833, 0.8000000000000002665, 0.1212128104563085229 ) ) ;
#2937 = CARTESIAN_POINT ( 'NONE',  ( -1.700000000000001732, 0.6000000000000000888, -1.199999999999998623 ) ) ;
#2938 = EDGE_LOOP ( 'NONE', ( #1822, #7344, #7616, #10081 ) ) ;
#2939 = SURFACE_STYLE_USAGE ( .BOTH. , #3757 ) ;
#2940 = CARTESIAN_POINT ( 'NONE',  ( 1.310998065845397464, 0.8100000000000001643, 0.02763802356603255878 ) ) ;
#2941 = ORIENTED_EDGE ( 'NONE', *, *, #1371, .F. ) ;
#2942 = ORIENTED_EDGE ( 'NONE', *, *, #4160, .T. ) ;
#2943 = UNCERTAINTY_MEASURE_WITH_UNIT (LENGTH_MEASURE( 1.000000000000000082E-05 ), #3809, 'distance_accuracy_value', 'NONE');
#2944 = DIRECTION ( 'NONE',  ( -0.0000000000000000000, -1.000000000000000000, -0.0000000000000000000 ) ) ;
#2945 =( LENGTH_UNIT ( ) NAMED_UNIT ( * ) SI_UNIT ( .MILLI., .METRE. ) );
#2946 = MECHANICAL_DESIGN_GEOMETRIC_PRESENTATION_REPRESENTATION (  '', ( #990 ), #645 ) ;
#2947 = CARTESIAN_POINT ( 'NONE',  ( 1.969999999999997753, 0.7000000000000000666, -0.9400000000000000577 ) ) ;
#2948 = EDGE_CURVE ( 'NONE', #3026, #3497, #1705, .T. ) ;
#2949 =( NAMED_UNIT ( * ) PLANE_ANGLE_UNIT ( ) SI_UNIT ( $, .RADIAN. ) );
#2950 = CARTESIAN_POINT ( 'NONE',  ( -0.8969255993345039979, 0.8000000000000002665, 0.1997994325227886725 ) ) ;
#2951 = CARTESIAN_POINT ( 'NONE',  ( -0.04520121573251319191, 0.8100000000000002753, -0.07807543968415905922 ) ) ;
#2952 = MECHANICAL_DESIGN_GEOMETRIC_PRESENTATION_REPRESENTATION (  '', ( #1647 ), #997 ) ;
#2953 = ORIENTED_EDGE ( 'NONE', *, *, #258, .T. ) ;
#2954 = PRESENTATION_STYLE_ASSIGNMENT (( #9992 ) ) ;
#2955 = SURFACE_SIDE_STYLE ('',( #8649 ) ) ;
#2956 = CARTESIAN_POINT ( 'NONE',  ( -0.6940762149095593969, 0.8000000000000000444, 0.1046169461353853164 ) ) ;
#2957 = AXIS2_PLACEMENT_3D ( 'NONE', #7154, #2592, #9587 ) ;
#2958 =( NAMED_UNIT ( * ) PLANE_ANGLE_UNIT ( ) SI_UNIT ( $, .RADIAN. ) );
#2959 = CARTESIAN_POINT ( 'NONE',  ( 2.000000000000000000, 0.6100000000000000977, 1.249999999999997780 ) ) ;
#2960 = EDGE_CURVE ( 'NONE', #5435, #2828, #7185, .T. ) ;
#2961 = EDGE_CURVE ( 'NONE', #6690, #10027, #455, .T. ) ;
#2962 = ORIENTED_EDGE ( 'NONE', *, *, #962, .F. ) ;
#2963 = CARTESIAN_POINT ( 'NONE',  ( 0.8278811827285144087, 0.8000000000000001554, -0.1732548335768245018 ) ) ;
#2964 = ORIENTED_EDGE ( 'NONE', *, *, #1150, .F. ) ;
#2965 =( GEOMETRIC_REPRESENTATION_CONTEXT ( 3 ) GLOBAL_UNCERTAINTY_ASSIGNED_CONTEXT ( ( #5097 ) ) GLOBAL_UNIT_ASSIGNED_CONTEXT ( ( #5555, #5857, #3472 ) ) REPRESENTATION_CONTEXT ( 'NONE', 'WORKASPACE' ) );
#2966 = CARTESIAN_POINT ( 'NONE',  ( -0.1960709563135476508, 0.8000000000000000444, -0.2836615379771815215 ) ) ;
#2967 =( GEOMETRIC_REPRESENTATION_CONTEXT ( 3 ) GLOBAL_UNCERTAINTY_ASSIGNED_CONTEXT ( ( #6708 ) ) GLOBAL_UNIT_ASSIGNED_CONTEXT ( ( #6824, #2949, #10039 ) ) REPRESENTATION_CONTEXT ( 'NONE', 'WORKASPACE' ) );
#2968 = CARTESIAN_POINT ( 'NONE',  ( -0.2412783609399994644, 0.8000000000000002665, -0.3419984289488352536 ) ) ;
#2969 = CARTESIAN_POINT ( 'NONE',  ( 0.9816857853533632605, 0.8100000000000003864, -0.1103967059749652035 ) ) ;
#2970 = EDGE_CURVE ( 'NONE', #162, #5996, #6615, .T. ) ;
#2971 = DIRECTION ( 'NONE',  ( -0.0000000000000000000, -1.000000000000000000, -0.0000000000000000000 ) ) ;
#2972 = CARTESIAN_POINT ( 'NONE',  ( 1.700000000000001732, 0.6100000000000000977, -1.199999999999996847 ) ) ;
#2973 = VECTOR ( 'NONE', #2516, 1000.000000000000000 ) ;
#2974 = CARTESIAN_POINT ( 'NONE',  ( 0.9138369360462438307, 0.8100000000000003864, -0.05952115099460087572 ) ) ;
#2975 = DIRECTION ( 'NONE',  ( -1.000000000000000000, 0.0000000000000000000, -1.807003620809173646E-16 ) ) ;
#2976 = EDGE_CURVE ( 'NONE', #1372, #9627, #5881, .T. ) ;
#2977 = MECHANICAL_DESIGN_GEOMETRIC_PRESENTATION_REPRESENTATION (  '', ( #1517 ), #6885 ) ;
#2978 = VERTEX_POINT ( 'NONE', #9764 ) ;
#2979 = DIRECTION ( 'NONE',  ( 0.0000000000000000000, -0.0000000000000000000, 1.000000000000000000 ) ) ;
#2980 = VERTEX_POINT ( 'NONE', #1905 ) ;
#2981 = PRESENTATION_LAYER_ASSIGNMENT (  '', '', ( #4422 ) ) ;
#2982 = CIRCLE ( 'NONE', #4274, 0.02000000000000005246 ) ;
#2983 = STYLED_ITEM ( 'NONE', ( #3871 ), #702 ) ;
#2984 = AXIS2_PLACEMENT_3D ( 'NONE', #9632, #9003, #6628 ) ;
#2985 = CARTESIAN_POINT ( 'NONE',  ( -0.6719075499156239584, 0.8100000000000003864, 0.2090018205210318891 ) ) ;
#2986 =( NAMED_UNIT ( * ) SI_UNIT ( $, .STERADIAN. ) SOLID_ANGLE_UNIT ( ) );
#2987 = CARTESIAN_POINT ( 'NONE',  ( 0.7267042346765664185, 0.8100000000000001643, 0.1330763352543442857 ) ) ;
#2988 = CARTESIAN_POINT ( 'NONE',  ( -1.180359550101369948, 0.8100000000000000533, 0.01861455705231504845 ) ) ;
#2989 = CARTESIAN_POINT ( 'NONE',  ( -0.1985222844498585881, 0.8000000000000001554, 0.2689719191907268270 ) ) ;
#2990 = CARTESIAN_POINT ( 'NONE',  ( 1.780000000000000027, 0.8000000000000001554, -0.8000000000000001554 ) ) ;
#2991 = CARTESIAN_POINT ( 'NONE',  ( -0.04520121573251319191, 0.8000000000000002665, -0.07807543968415905922 ) ) ;
#2992 = STYLED_ITEM ( 'NONE', ( #3032 ), #1974 ) ;
#2993 = ORIENTED_EDGE ( 'NONE', *, *, #9622, .F. ) ;
#2994 = STYLED_ITEM ( 'NONE', ( #6523 ), #10073 ) ;
#2995 = COLOUR_RGB ( '',1.000000000000000000, 0.8078431372549019773, 0.4980392156862745168 ) ;
#2996 = SURFACE_STYLE_FILL_AREA ( #6254 ) ;
#2997 = CYLINDRICAL_SURFACE ( 'NONE', #4092, 0.2999999999999999334 ) ;
#2998 = AXIS2_PLACEMENT_3D ( 'NONE', #5744, #5793, #7405 ) ;
#2999 = ORIENTED_EDGE ( 'NONE', *, *, #2705, .T. ) ;
#3000 = ORIENTED_EDGE ( 'NONE', *, *, #4214, .F. ) ;
#3001 =( NAMED_UNIT ( * ) PLANE_ANGLE_UNIT ( ) SI_UNIT ( $, .RADIAN. ) );
#3002 =( LENGTH_UNIT ( ) NAMED_UNIT ( * ) SI_UNIT ( .MILLI., .METRE. ) );
#3003 = CARTESIAN_POINT ( 'NONE',  ( -0.3589160607799363745, 0.8000000000000003775, -0.1411969333653854408 ) ) ;
#3004 = COLOUR_RGB ( '',1.000000000000000000, 0.8078431372549019773, 0.4980392156862745168 ) ;
#3005 = CARTESIAN_POINT ( 'NONE',  ( 0.9154616808912430237, 0.8000000000000001554, -0.08272452196428477234 ) ) ;
#3006 = LINE ( 'NONE', #2334, #6226 ) ;
#3007 = CARTESIAN_POINT ( 'NONE',  ( -0.7985866764328326539, 0.8100000000000003864, 0.2685517297649686608 ) ) ;
#3008 = CARTESIAN_POINT ( 'NONE',  ( -0.6920980659032127669, 0.8000000000000001554, -0.3107894327021143432 ) ) ;
#3009 = CARTESIAN_POINT ( 'NONE',  ( -0.9186935333799385317, 0.8099999999999998312, -0.2241635485886928070 ) ) ;
#3010 = ADVANCED_FACE ( 'NONE', ( #4337 ), #194, .T. ) ;
#3011 = ORIENTED_EDGE ( 'NONE', *, *, #2107, .T. ) ;
#3012 = CARTESIAN_POINT ( 'NONE',  ( -0.6971398882025900967, 0.8100000000000000533, 0.2386726592570877215 ) ) ;
#3013 = DIRECTION ( 'NONE',  ( 0.0000000000000000000, 0.0000000000000000000, -1.000000000000000000 ) ) ;
#3014 = CARTESIAN_POINT ( 'NONE',  ( -0.1276136825561881294, 0.8000000000000000444, 0.1417917756095391224 ) ) ;
#3015 = STYLED_ITEM ( 'NONE', ( #6065 ), #2269 ) ;
#3016 = CARTESIAN_POINT ( 'NONE',  ( 0.9854283960046634760, 0.8099999999999999423, -0.2682579452292372379 ) ) ;
#3017 = DIRECTION ( 'NONE',  ( -2.168404344971021884E-15, 0.0000000000000000000, 1.000000000000000000 ) ) ;
#3018 = SURFACE_STYLE_FILL_AREA ( #9996 ) ;
#3019 = B_SPLINE_SURFACE_WITH_KNOTS ( 'NONE', 3, 1, ( 
 ( #740, #517 ),
 ( #8227, #4308 ),
 ( #1101, #2026 ),
 ( #3645, #1972 ),
 ( #6764, #2071 ),
 ( #3591, #9044 ),
 ( #2785, #8181 ),
 ( #2692, #5798 ),
 ( #5958, #2842 ),
 ( #1211, #5132 ),
 ( #1156, #5084 ),
 ( #7463, #7410 ),
 ( #1922, #9154 ),
 ( #9925, #4212 ),
 ( #364, #1260 ),
 ( #6717, #2123 ),
 ( #8322, #9101 ),
 ( #410, #309 ),
 ( #4354, #2883 ) ),
 .UNSPECIFIED., .F., .F., .F.,
 ( 4, 1, 1, 1, 1, 1, 1, 1, 1, 1, 1, 1, 1, 1, 1, 1, 4 ),
 ( 2, 2 ),
 ( 0.0000000000000000000, 0.07133228985794455579, 0.1388958156871631378, 0.2034988017624053680, 0.2655744281511023264, 0.3261113280733823894, 0.3858171053500061287, 0.4463917700294981472, 0.5084802891263529023, 0.5706939126317532862, 0.6319667592224011976, 0.6929271638024896429, 0.7531516009051347771, 0.8133874286904341222, 0.8747255554125501487, 0.9368306469157047234, 1.000000000000000000 ),
 ( 0.0000000000000000000, 1.000000000000000000 ),
 .UNSPECIFIED. ) ;
#3020 = SURFACE_STYLE_FILL_AREA ( #5153 ) ;
#3021 = PRESENTATION_STYLE_ASSIGNMENT (( #4139 ) ) ;
#3022 = EDGE_CURVE ( 'NONE', #244, #6363, #1456, .T. ) ;
#3023 =( NAMED_UNIT ( * ) SI_UNIT ( $, .STERADIAN. ) SOLID_ANGLE_UNIT ( ) );
#3024 = ORIENTED_EDGE ( 'NONE', *, *, #1227, .F. ) ;
#3025 = CARTESIAN_POINT ( 'NONE',  ( -1.157549012076679817, 0.8000000000000001554, -0.2840502881222787268 ) ) ;
#3026 = VERTEX_POINT ( 'NONE', #7541 ) ;
#3027 = VECTOR ( 'NONE', #2504, 1000.000000000000000 ) ;
#3028 = CARTESIAN_POINT ( 'NONE',  ( -0.6581999654326171623, 0.8100000000000000533, -0.2621935917501271307 ) ) ;
#3029 = CARTESIAN_POINT ( 'NONE',  ( -0.1577748895614943525, 0.7999999999999998224, -0.2647261486837399480 ) ) ;
#3030 = CARTESIAN_POINT ( 'NONE',  ( 1.063125309841685961, 0.8000000000000001554, -0.2506996596541194999 ) ) ;
#3031 = CARTESIAN_POINT ( 'NONE',  ( -1.065625310777978507, 0.8100000000000001643, -0.1794642491612398194 ) ) ;
#3032 = PRESENTATION_STYLE_ASSIGNMENT (( #2411 ) ) ;
#3033 = SURFACE_STYLE_FILL_AREA ( #9244 ) ;
#3034 = COLOUR_RGB ( '',1.000000000000000000, 0.9490196078431372140, 0.9098039215686274384 ) ;
#3035 = CARTESIAN_POINT ( 'NONE',  ( -0.1652557128971128830, 0.8000000000000001554, 0.1943476029815417727 ) ) ;
#3036 = CARTESIAN_POINT ( 'NONE',  ( 0.7655435203908520503, 0.8000000000000001554, -0.1728895738365647528 ) ) ;
#3037 = CARTESIAN_POINT ( 'NONE',  ( -0.6839179661679359867, 0.8000000000000001554, -0.05028476622377589522 ) ) ;
#3038 = ORIENTED_EDGE ( 'NONE', *, *, #7335, .F. ) ;
#3039 = SURFACE_SIDE_STYLE ('',( #7593 ) ) ;
#3040 = VERTEX_POINT ( 'NONE', #2972 ) ;
#3041 = CARTESIAN_POINT ( 'NONE',  ( -1.201863475298283523, 0.7999999999999999334, 0.1380304192537719077 ) ) ;
#3042 = EDGE_CURVE ( 'NONE', #2126, #5237, #4497, .T. ) ;
#3043 = CARTESIAN_POINT ( 'NONE',  ( -0.2101227306861511157, 0.7999999999999996003, -0.2839360223559048713 ) ) ;
#3044 = CARTESIAN_POINT ( 'NONE',  ( -0.04494416863580265320, 0.8000000000000001554, -0.02617395842293018457 ) ) ;
#3045 = DIRECTION ( 'NONE',  ( -0.0000000000000000000, -1.000000000000000000, -0.0000000000000000000 ) ) ;
#3046 = CARTESIAN_POINT ( 'NONE',  ( -1.178197821563935710, 0.8000000000000003775, 0.1111353151428313979 ) ) ;
#3047 = SURFACE_STYLE_USAGE ( .BOTH. , #10080 ) ;
#3048 = VECTOR ( 'NONE', #2860, 1000.000000000000000 ) ;
#3049 = ORIENTED_EDGE ( 'NONE', *, *, #8739, .T. ) ;
#3050 = CARTESIAN_POINT ( 'NONE',  ( -1.700000000000001954, 0.05000000000000000278, -1.249999999999998446 ) ) ;
#3051 = DIRECTION ( 'NONE',  ( 0.0000000000000000000, 1.000000000000000000, 0.0000000000000000000 ) ) ;
#3052 = EDGE_CURVE ( 'NONE', #4845, #8454, #6850, .T. ) ;
#3053 = ORIENTED_EDGE ( 'NONE', *, *, #1795, .T. ) ;
#3054 = UNCERTAINTY_MEASURE_WITH_UNIT (LENGTH_MEASURE( 1.000000000000000082E-05 ), #2945, 'distance_accuracy_value', 'NONE');
#3055 = DIRECTION ( 'NONE',  ( 0.0000000000000000000, 0.0000000000000000000, 1.000000000000000000 ) ) ;
#3056 = AXIS2_PLACEMENT_3D ( 'NONE', #7221, #3986, #7005 ) ;
#3057 = CARTESIAN_POINT ( 'NONE',  ( 1.700000000000001288, 0.6100000000000000977, 1.199999999999998623 ) ) ;
#3058 = DIRECTION ( 'NONE',  ( -0.0000000000000000000, -1.000000000000000000, -0.0000000000000000000 ) ) ;
#3059 = CARTESIAN_POINT ( 'NONE',  ( -0.8151095141243002162, 0.8000000000000000444, 0.2653701121695657972 ) ) ;
#3060 = CARTESIAN_POINT ( 'NONE',  ( -0.8902777845586207217, 0.8100000000000001643, -0.2864540209262909642 ) ) ;
#3061 = CARTESIAN_POINT ( 'NONE',  ( 1.130905386041801908, 0.8000000000000000444, -0.2748422398314226411 ) ) ;
#3062 = EDGE_LOOP ( 'NONE', ( #9339, #784, #110, #7327 ) ) ;
#3063 = UNCERTAINTY_MEASURE_WITH_UNIT (LENGTH_MEASURE( 1.000000000000000082E-05 ), #7300, 'distance_accuracy_value', 'NONE');
#3064 = CARTESIAN_POINT ( 'NONE',  ( -0.7273928706204563222, 0.7999999999999998224, 0.2585183525809114924 ) ) ;
#3065 = CIRCLE ( 'NONE', #7151, 0.2999999999999999334 ) ;
#3066 = SURFACE_SIDE_STYLE ('',( #6941 ) ) ;
#3067 =( NAMED_UNIT ( * ) PLANE_ANGLE_UNIT ( ) SI_UNIT ( $, .RADIAN. ) );
#3068 = DIRECTION ( 'NONE',  ( 0.0000000000000000000, 0.0000000000000000000, -1.000000000000000000 ) ) ;
#3069 = CARTESIAN_POINT ( 'NONE',  ( -0.6988524890126492917, 0.8100000000000002753, -0.2030442688890864156 ) ) ;
#3070 = SURFACE_STYLE_FILL_AREA ( #8298 ) ;
#3071 =( GEOMETRIC_REPRESENTATION_CONTEXT ( 3 ) GLOBAL_UNCERTAINTY_ASSIGNED_CONTEXT ( ( #247 ) ) GLOBAL_UNIT_ASSIGNED_CONTEXT ( ( #5038, #8283, #5965 ) ) REPRESENTATION_CONTEXT ( 'NONE', 'WORKASPACE' ) );
#3072 = DIRECTION ( 'NONE',  ( 0.0000000000000000000, 1.000000000000000000, 0.0000000000000000000 ) ) ;
#3073 = VERTEX_POINT ( 'NONE', #9911 ) ;
#3074 = PLANE ( 'NONE',  #4217 ) ;
#3075 = CARTESIAN_POINT ( 'NONE',  ( 1.194221279373494315, 0.7999999999999999334, 0.2683259377934424372 ) ) ;
#3076 = SURFACE_SIDE_STYLE ('',( #3836 ) ) ;
#3077 = CARTESIAN_POINT ( 'NONE',  ( 1.051667708129644163, 0.8000000000000001554, 0.2419576293763644470 ) ) ;
#3078 = DIRECTION ( 'NONE',  ( 1.000000000000000000, 0.0000000000000000000, 5.102127870520016052E-16 ) ) ;
#3079 = EDGE_CURVE ( 'NONE', #7265, #9379, #3626, .T. ) ;
#3080 = FILL_AREA_STYLE ('',( #6286 ) ) ;
#3081 = CARTESIAN_POINT ( 'NONE',  ( 1.021277243392880951, 0.8100000000000000533, -0.3030937529057758373 ) ) ;
#3082 = CARTESIAN_POINT ( 'NONE',  ( 1.899999999999999911, 0.0000000000000000000, -0.3500000000000001998 ) ) ;
#3083 = CARTESIAN_POINT ( 'NONE',  ( -0.7834012848039526578, 0.8100000000000002753, -0.2840502881222787268 ) ) ;
#3084 = ORIENTED_EDGE ( 'NONE', *, *, #9788, .F. ) ;
#3085 = COLOUR_RGB ( '',0.09803921568627450844, 0.09803921568627450844, 0.09803921568627450844 ) ;
#3086 = VERTEX_POINT ( 'NONE', #4437 ) ;
#3087 = MECHANICAL_DESIGN_GEOMETRIC_PRESENTATION_REPRESENTATION (  '', ( #6671 ), #1770 ) ;
#3088 = CARTESIAN_POINT ( 'NONE',  ( -1.156603542096909187, 0.8100000000000002753, 0.08772000447553285341 ) ) ;
#3089 = FACE_OUTER_BOUND ( 'NONE', #7162, .T. ) ;
#3090 = CARTESIAN_POINT ( 'NONE',  ( 0.7081376884986150255, 0.8000000000000002665, 0.09921152490480918129 ) ) ;
#3091 = MECHANICAL_DESIGN_GEOMETRIC_PRESENTATION_REPRESENTATION (  '', ( #3255 ), #8985 ) ;
#3092 = PRESENTATION_LAYER_ASSIGNMENT (  '', '', ( #8175 ) ) ;
#3093 = EDGE_CURVE ( 'NONE', #7733, #1610, #10066, .T. ) ;
#3094 = CARTESIAN_POINT ( 'NONE',  ( 0.7513160400506874170, 0.7999999999999999334, -0.1185860361225251070 ) ) ;
#3095 = CARTESIAN_POINT ( 'NONE',  ( -1.156603542096909187, 0.8000000000000002665, 0.08772000447553285341 ) ) ;
#3096 =( NAMED_UNIT ( * ) PLANE_ANGLE_UNIT ( ) SI_UNIT ( $, .RADIAN. ) );
#3097 = ORIENTED_EDGE ( 'NONE', *, *, #6701, .F. ) ;
#3098 = CARTESIAN_POINT ( 'NONE',  ( 1.157101961949293933, 0.8100000000000001643, -0.2762580803300713206 ) ) ;
#3099 = ADVANCED_FACE ( 'NONE', ( #7635 ), #2919, .T. ) ;
#3100 = EDGE_CURVE ( 'NONE', #5676, #8661, #713, .T. ) ;
#3101 = EDGE_LOOP ( 'NONE', ( #10004, #2073, #5541, #8216 ) ) ;
#3102 = CARTESIAN_POINT ( 'NONE',  ( 0.4928162476635796208, 0.8000000000000001554, 0.2614042573322664098 ) ) ;
#3103 =( NAMED_UNIT ( * ) SI_UNIT ( $, .STERADIAN. ) SOLID_ANGLE_UNIT ( ) );
#3104 = CARTESIAN_POINT ( 'NONE',  ( 1.989999999999999103, 0.7000000000000000666, 1.240000000000000435 ) ) ;
#3105 = EDGE_CURVE ( 'NONE', #5237, #3073, #3674, .T. ) ;
#3106 =( NAMED_UNIT ( * ) SI_UNIT ( $, .STERADIAN. ) SOLID_ANGLE_UNIT ( ) );
#3107 = LINE ( 'NONE', #8593, #10020 ) ;
#3108 = CARTESIAN_POINT ( 'NONE',  ( -0.7179276051453981067, 0.8000000000000001554, -0.3308420342794040070 ) ) ;
#3109 = CARTESIAN_POINT ( 'NONE',  ( -0.9386721453569570883, 0.8100000000000001643, -0.1089418948871737208 ) ) ;
#3110 = CARTESIAN_POINT ( 'NONE',  ( 1.063125309841685961, 0.8000000000000002665, -0.2506996596541194999 ) ) ;
#3111 = ORIENTED_EDGE ( 'NONE', *, *, #1538, .T. ) ;
#3112 = CARTESIAN_POINT ( 'NONE',  ( -0.6214694666221345365, 0.8000000000000000444, -0.03835223617422683917 ) ) ;
#3113 = FILL_AREA_STYLE ('',( #5505 ) ) ;
#3114 = SURFACE_SIDE_STYLE ('',( #8550 ) ) ;
#3115 = CARTESIAN_POINT ( 'NONE',  ( 0.5723211177934495186, 0.8100000000000001643, -0.003530807602798561890 ) ) ;
#3116 = CARTESIAN_POINT ( 'NONE',  ( 1.700000000000002176, 0.0000000000000000000, -1.249999999999998446 ) ) ;
#3117 = DIRECTION ( 'NONE',  ( -0.0000000000000000000, -1.000000000000000000, -0.0000000000000000000 ) ) ;
#3118 = CARTESIAN_POINT ( 'NONE',  ( -0.8121629569987387498, 0.8099999999999999423, -0.2771381956654684897 ) ) ;
#3119 = CARTESIAN_POINT ( 'NONE',  ( -0.1873270309697706026, 0.8100000000000001643, -0.3458988213405396750 ) ) ;
#3120 = VERTEX_POINT ( 'NONE', #10111 ) ;
#3121 = DIRECTION ( 'NONE',  ( 0.0000000000000000000, 0.0000000000000000000, -1.000000000000000000 ) ) ;
#3122 = ORIENTED_EDGE ( 'NONE', *, *, #6783, .T. ) ;
#3123 = CARTESIAN_POINT ( 'NONE',  ( -0.6664480799203332806, 0.7999999999999999334, -0.2762953058248668325 ) ) ;
#3124 = MECHANICAL_DESIGN_GEOMETRIC_PRESENTATION_REPRESENTATION (  '', ( #4255 ), #6712 ) ;
#3125 = CARTESIAN_POINT ( 'NONE',  ( 0.9892807230325096901, 0.8100000000000000533, -0.1420049660223804411 ) ) ;
#3126 = CARTESIAN_POINT ( 'NONE',  ( -1.065934427985388622, 0.8100000000000002753, -0.1726177480111338314 ) ) ;
#3127 = CARTESIAN_POINT ( 'NONE',  ( 1.098188266455542905, 0.8000000000000000444, 0.2605787760026003763 ) ) ;
#3128 = FACE_OUTER_BOUND ( 'NONE', #1159, .T. ) ;
#3129 = DIRECTION ( 'NONE',  ( 0.0000000000000000000, 0.0000000000000000000, 1.000000000000000000 ) ) ;
#3130 = FACE_OUTER_BOUND ( 'NONE', #960, .T. ) ;
#3131 = PRESENTATION_STYLE_ASSIGNMENT (( #9444 ) ) ;
#3132 = VERTEX_POINT ( 'NONE', #7845 ) ;
#3133 = STYLED_ITEM ( 'NONE', ( #2541 ), #377 ) ;
#3134 = CARTESIAN_POINT ( 'NONE',  ( -1.065749709619301377, 0.8000000000000002665, -0.1906260720980112455 ) ) ;
#3135 = ORIENTED_EDGE ( 'NONE', *, *, #1902, .T. ) ;
#3136 = PRESENTATION_STYLE_ASSIGNMENT (( #10164 ) ) ;
#3137 = EDGE_CURVE ( 'NONE', #479, #8898, #765, .T. ) ;
#3138 = CARTESIAN_POINT ( 'NONE',  ( 2.000000000000002220, 0.0000000000000000000, 0.9500000000000000666 ) ) ;
#3139 = CARTESIAN_POINT ( 'NONE',  ( 0.6364180573805972019, 0.8000000000000001554, 0.009224920050828063281 ) ) ;
#3140 = AXIS2_PLACEMENT_3D ( 'NONE', #1999, #1137, #1903 ) ;
#3141 = CARTESIAN_POINT ( 'NONE',  ( -1.118782805645626155, 0.8100000000000000533, -0.05193247423549929992 ) ) ;
#3142 = FACE_OUTER_BOUND ( 'NONE', #9570, .T. ) ;
#3143 = CARTESIAN_POINT ( 'NONE',  ( 0.7221825857464361231, 0.7999999999999999334, -0.2542725255367682680 ) ) ;
#3144 = VERTEX_POINT ( 'NONE', #131 ) ;
#3145 = PRESENTATION_STYLE_ASSIGNMENT (( #3852 ) ) ;
#3146 = CARTESIAN_POINT ( 'NONE',  ( 1.157101961949293933, 0.8100000000000001643, -0.2762580803300713206 ) ) ;
#3147 = ORIENTED_EDGE ( 'NONE', *, *, #4754, .T. ) ;
#3148 = MECHANICAL_DESIGN_GEOMETRIC_PRESENTATION_REPRESENTATION (  '', ( #9052 ), #4427 ) ;
#3149 = UNCERTAINTY_MEASURE_WITH_UNIT (LENGTH_MEASURE( 1.000000000000000082E-05 ), #3002, 'distance_accuracy_value', 'NONE');
#3150 = ADVANCED_FACE ( 'NONE', ( #3128 ), #8667, .F. ) ;
#3151 = FACE_OUTER_BOUND ( 'NONE', #620, .T. ) ;
#3152 = CARTESIAN_POINT ( 'NONE',  ( -0.1418247362597467864, 0.8100000000000002753, -0.2460154612977585031 ) ) ;
#3153 = DIRECTION ( 'NONE',  ( 1.000000000000000000, 0.0000000000000000000, -1.807003620809173646E-16 ) ) ;
#3154 = COLOUR_RGB ( '',0.09803921568627450844, 0.09803921568627450844, 0.09803921568627450844 ) ;
#3155 = CARTESIAN_POINT ( 'NONE',  ( -0.7985866764328326539, 0.8000000000000002665, 0.2685517297649686608 ) ) ;
#3156 = MECHANICAL_DESIGN_GEOMETRIC_PRESENTATION_REPRESENTATION (  '', ( #6581 ), #4784 ) ;
#3157 = CARTESIAN_POINT ( 'NONE',  ( 0.8259277164397018645, 0.8100000000000001643, -0.1406577663676613632 ) ) ;
#3158 = LINE ( 'NONE', #6266, #1915 ) ;
#3159 = B_SPLINE_CURVE_WITH_KNOTS ( 'NONE', 3,
 ( #10128, #9300, #5336, #8582, #6922, #1565, #1794, #7810, #4559, #781, #5673, #7021, #175, #3344, #8820, #10176, #8050, #1030, #6868 ),
 .UNSPECIFIED., .F., .F.,
 ( 4, 1, 1, 1, 1, 1, 1, 1, 1, 1, 1, 1, 1, 1, 1, 1, 4 ),
 ( 0.0000000000000000000, 0.04462120432316465241, 0.08773030866609074496, 0.1302828426876060652, 0.1735028625766599497, 0.2174869261056434633, 0.2633330312022222341, 0.3119087344770222203, 0.3635276317902599863, 0.4195097418097217257, 0.4810945897470161881, 0.5491279075035780943, 0.6241475596264501879, 0.7066025216400910747, 0.7964475463062702376, 0.8941834213832301481, 1.000000000000000000 ),
 .UNSPECIFIED. ) ;
#3160 = ORIENTED_EDGE ( 'NONE', *, *, #9068, .T. ) ;
#3161 = CARTESIAN_POINT ( 'NONE',  ( -0.7273928706204563222, 0.8099999999999999423, 0.2585183525809114924 ) ) ;
#3162 = STYLED_ITEM ( 'NONE', ( #9901 ), #1550 ) ;
#3163 = STYLED_ITEM ( 'NONE', ( #129 ), #9060 ) ;
#3164 = DIRECTION ( 'NONE',  ( 1.000000000000000000, 0.0000000000000000000, 0.0000000000000000000 ) ) ;
#3165 = APPLICATION_PROTOCOL_DEFINITION ( 'draft international standard', 'automotive_design', 1998, #2603 ) ;
#3166 = B_SPLINE_SURFACE_WITH_KNOTS ( 'NONE', 3, 1, ( 
 ( #10137, #4 ),
 ( #5446, #1377 ),
 ( #3007, #3155 ),
 ( #6825, #3059 ),
 ( #578, #6127 ),
 ( #9268, #9985 ),
 ( #5346, #2390 ),
 ( #6072, #8490 ),
 ( #6263, #1473 ),
 ( #6931, #2950 ),
 ( #1572, #682 ),
 ( #3817, #10091 ),
 ( #6170, #9313 ),
 ( #2286, #8539 ),
 ( #4881, #255 ),
 ( #4830, #1664 ),
 ( #9523, #3312 ),
 ( #4167, #1764 ),
 ( #4732, #4933 ) ),
 .UNSPECIFIED., .F., .F., .F.,
 ( 4, 1, 1, 1, 1, 1, 1, 1, 1, 1, 1, 1, 1, 1, 1, 1, 4 ),
 ( 2, 2 ),
 ( 0.0000000000000000000, 0.04462120432316465241, 0.08773030866609074496, 0.1302828426876060652, 0.1735028625766599497, 0.2174869261056434633, 0.2633330312022222341, 0.3119087344770222203, 0.3635276317902599863, 0.4195097418097217257, 0.4810945897470161881, 0.5491279075035780943, 0.6241475596264501879, 0.7066025216400910747, 0.7964475463062702376, 0.8941834213832301481, 1.000000000000000000 ),
 ( 0.0000000000000000000, 1.000000000000000000 ),
 .UNSPECIFIED. ) ;
#3167 =( NAMED_UNIT ( * ) PLANE_ANGLE_UNIT ( ) SI_UNIT ( $, .RADIAN. ) );
#3168 = EDGE_CURVE ( 'NONE', #9462, #4192, #8865, .T. ) ;
#3169 = SURFACE_STYLE_USAGE ( .BOTH. , #7099 ) ;
#3170 = CARTESIAN_POINT ( 'NONE',  ( -1.003287648440316149, 0.8100000000000001643, 0.2614042573322666319 ) ) ;
#3171 = CARTESIAN_POINT ( 'NONE',  ( -0.7764033491413933064, 0.8000000000000001554, 0.2067437273318468716 ) ) ;
#3172 = FILL_AREA_STYLE ('',( #5356 ) ) ;
#3173 = CARTESIAN_POINT ( 'NONE',  ( -0.8636085151130904469, 0.8100000000000001643, -0.2018945844147104485 ) ) ;
#3174 = AXIS2_PLACEMENT_3D ( 'NONE', #6493, #8524, #5375 ) ;
#3175 = LINE ( 'NONE', #10149, #9331 ) ;
#3176 = DIRECTION ( 'NONE',  ( -1.000000000000000000, -0.0000000000000000000, -0.0000000000000000000 ) ) ;
#3177 = ORIENTED_EDGE ( 'NONE', *, *, #4528, .T. ) ;
#3178 = ORIENTED_EDGE ( 'NONE', *, *, #9569, .F. ) ;
#3179 = PRESENTATION_STYLE_ASSIGNMENT (( #25 ) ) ;
#3180 = CARTESIAN_POINT ( 'NONE',  ( 1.324716417564063109, 0.7999999999999998224, 0.2174034061927919703 ) ) ;
#3181 = COLOUR_RGB ( '',0.09803921568627450844, 0.09803921568627450844, 0.09803921568627450844 ) ;
#3182 = CARTESIAN_POINT ( 'NONE',  ( 1.500000000000000222, 0.7200000000000001954, 1.119999999999999885 ) ) ;
#3183 = CARTESIAN_POINT ( 'NONE',  ( 0.9749247721941440847, 0.8000000000000002665, 0.1759873825338998110 ) ) ;
#3184 = CARTESIAN_POINT ( 'NONE',  ( -0.6903996260163227650, 0.8000000000000003775, -0.1599104248217347313 ) ) ;
#3185 = DIRECTION ( 'NONE',  ( 0.0000000000000000000, 0.0000000000000000000, -1.000000000000000000 ) ) ;
#3186 = COLOUR_RGB ( '',1.000000000000000000, 0.8078431372549019773, 0.4980392156862745168 ) ;
#3187 = EDGE_LOOP ( 'NONE', ( #9853, #2229, #8158, #3232 ) ) ;
#3188 =( NAMED_UNIT ( * ) SI_UNIT ( $, .STERADIAN. ) SOLID_ANGLE_UNIT ( ) );
#3189 = EDGE_LOOP ( 'NONE', ( #3592, #1304, #1238, #3011, #2775, #144, #2522, #1047 ) ) ;
#3190 = B_SPLINE_SURFACE_WITH_KNOTS ( 'NONE', 3, 1, ( 
 ( #2574, #987 ),
 ( #880, #6360 ),
 ( #5540, #2481 ),
 ( #4720, #6411 ),
 ( #3403, #7861 ),
 ( #3945, #5684 ),
 ( #7078, #1756 ),
 ( #1656, #5587 ),
 ( #4102, #6513 ),
 ( #8736, #1709 ),
 ( #3200, #9568 ),
 ( #2379, #4820 ),
 ( #6302, #6465 ),
 ( #4870, #3302 ),
 ( #7965, #9459 ),
 ( #2529, #5638 ),
 ( #2431, #8686 ),
 ( #933, #8779 ),
 ( #7236, #9613 ),
 ( #4247, #8937 ),
 ( #3450, #500 ),
 ( #3629, #9090 ),
 ( #298, #5164 ),
 ( #5119, #8311 ),
 ( #6559, #9813 ),
 ( #9769, #9665 ),
 ( #2772, #1301 ) ),
 .UNSPECIFIED., .F., .F., .F.,
 ( 4, 1, 1, 1, 1, 1, 1, 1, 1, 1, 1, 1, 1, 1, 1, 1, 1, 1, 1, 1, 1, 1, 1, 1, 4 ),
 ( 2, 2 ),
 ( 0.0000000000000000000, 0.04015707013925900321, 0.07963175689378183819, 0.1180974765450480551, 0.1562421158998403004, 0.1938009022709647200, 0.2310648084563612092, 0.2684285966322861317, 0.3059844059670874805, 0.3435431923382120667, 0.3812357019822337212, 0.4192913245035548853, 0.4577328137778334805, 0.4967478585053030637, 0.5365834470033722381, 0.5775072338609630318, 0.6196354727237689541, 0.6626583504527312485, 0.7068841325526998842, 0.7518893019667221012, 0.7984445242630240358, 0.8463359046034960587, 0.8958451065923985768, 0.9470229670397259936, 1.000000000000000000 ),
 ( 0.0000000000000000000, 1.000000000000000000 ),
 .UNSPECIFIED. ) ;
#3191 = CARTESIAN_POINT ( 'NONE',  ( -1.178197821563935710, 0.8100000000000003864, 0.1111353151428313979 ) ) ;
#3192 = CARTESIAN_POINT ( 'NONE',  ( -0.7797486874013552782, 0.8100000000000001643, 0.2068588027868120960 ) ) ;
#3193 = DIRECTION ( 'NONE',  ( -0.0000000000000000000, -1.000000000000000000, -0.0000000000000000000 ) ) ;
#3194 = CARTESIAN_POINT ( 'NONE',  ( -0.2955264999560899830, 0.8100000000000002753, -0.1588993942659304159 ) ) ;
#3195 = VECTOR ( 'NONE', #407, 1000.000000000000000 ) ;
#3196 = CARTESIAN_POINT ( 'NONE',  ( 0.7234774599813563745, 0.8100000000000001643, 0.1270588912369803869 ) ) ;
#3197 = CARTESIAN_POINT ( 'NONE',  ( -1.243689114486436376, 0.8100000000000000533, -0.3212259561874153957 ) ) ;
#3198 = CARTESIAN_POINT ( 'NONE',  ( 0.7340907375426035664, 0.8100000000000000533, -0.09827526575600521730 ) ) ;
#3199 = CARTESIAN_POINT ( 'NONE',  ( 1.162946117793449696, 0.8100000000000001643, -0.3463879504599414183 ) ) ;
#3200 = CARTESIAN_POINT ( 'NONE',  ( 1.023265779056520053, 0.8099999999999999423, 0.2241995966568164078 ) ) ;
#3201 = VERTEX_POINT ( 'NONE', #4135 ) ;
#3202 = FACE_OUTER_BOUND ( 'NONE', #8750, .T. ) ;
#3203 = FILL_AREA_STYLE_COLOUR ( '', #2897 ) ;
#3204 = AXIS2_PLACEMENT_3D ( 'NONE', #3376, #1166, #6583 ) ;
#3205 = FILL_AREA_STYLE_COLOUR ( '', #5530 ) ;
#3206 = DIRECTION ( 'NONE',  ( 1.000000000000000000, 0.0000000000000000000, 0.0000000000000000000 ) ) ;
#3207 = EDGE_CURVE ( 'NONE', #733, #8414, #5668, .T. ) ;
#3208 = CARTESIAN_POINT ( 'NONE',  ( 1.700000000000001732, 0.6000000000000000888, 1.199999999999993294 ) ) ;
#3209 = CARTESIAN_POINT ( 'NONE',  ( 1.162946117793449696, 0.8100000000000001643, -0.04249184656383755282 ) ) ;
#3210 = ORIENTED_EDGE ( 'NONE', *, *, #5533, .T. ) ;
#3211 = DIRECTION ( 'NONE',  ( 1.000000000000000000, 0.0000000000000000000, -0.0000000000000000000 ) ) ;
#3212 = SURFACE_STYLE_USAGE ( .BOTH. , #59 ) ;
#3213 = DIRECTION ( 'NONE',  ( -0.0000000000000000000, -0.0000000000000000000, 1.000000000000000000 ) ) ;
#3214 =( LENGTH_UNIT ( ) NAMED_UNIT ( * ) SI_UNIT ( .MILLI., .METRE. ) );
#3215 = VECTOR ( 'NONE', #7135, 1000.000000000000000 ) ;
#3216 = CARTESIAN_POINT ( 'NONE',  ( 1.950000000000001510, 0.6100000000000000977, -0.9499999999999991784 ) ) ;
#3217 = DIRECTION ( 'NONE',  ( 1.000000000000000000, -0.0000000000000000000, 0.0000000000000000000 ) ) ;
#3218 = ADVANCED_FACE ( 'NONE', ( #9597 ), #4956, .F. ) ;
#3219 = CARTESIAN_POINT ( 'NONE',  ( -0.8029702274133784234, 0.8000000000000002665, -0.2811000192437413947 ) ) ;
#3220 = DIRECTION ( 'NONE',  ( 0.0000000000000000000, 1.000000000000000000, 0.0000000000000000000 ) ) ;
#3221 = VERTEX_POINT ( 'NONE', #8153 ) ;
#3222 = CARTESIAN_POINT ( 'NONE',  ( 0.7268259879233198717, 0.8000000000000002665, 0.02057633525434429678 ) ) ;
#3223 = ADVANCED_FACE ( 'NONE', ( #3338 ), #2758, .T. ) ;
#3224 = ORIENTED_EDGE ( 'NONE', *, *, #458, .F. ) ;
#3225 = CARTESIAN_POINT ( 'NONE',  ( -0.8720089031977389382, 0.8000000000000003775, 0.08251454679173689244 ) ) ;
#3226 = CIRCLE ( 'NONE', #7147, 0.02000000000000005246 ) ;
#3227 = CARTESIAN_POINT ( 'NONE',  ( -1.251068592992951034, 0.7999999999999999334, -0.1875084655112574106 ) ) ;
#3228 = DIRECTION ( 'NONE',  ( -1.000000000000000000, 0.0000000000000000000, -1.807003620809173646E-16 ) ) ;
#3229 =( NAMED_UNIT ( * ) SI_UNIT ( $, .STERADIAN. ) SOLID_ANGLE_UNIT ( ) );
#3230 = VERTEX_POINT ( 'NONE', #8005 ) ;
#3231 = FILL_AREA_STYLE_COLOUR ( '', #3780 ) ;
#3232 = ORIENTED_EDGE ( 'NONE', *, *, #4331, .F. ) ;
#3233 = FILL_AREA_STYLE ('',( #7904 ) ) ;
#3234 = COLOUR_RGB ( '',0.09803921568627450844, 0.09803921568627450844, 0.09803921568627450844 ) ;
#3235 = CARTESIAN_POINT ( 'NONE',  ( -0.7506933303809708580, 0.8100000000000003864, 0.2000470469116946148 ) ) ;
#3236 = CARTESIAN_POINT ( 'NONE',  ( -0.2067779081805759256, 0.7999999999999994893, -0.2840502881222789489 ) ) ;
#3237 = CARTESIAN_POINT ( 'NONE',  ( 0.6648667921311671725, 0.8100000000000001643, 0.03333768573596804230 ) ) ;
#3238 = CARTESIAN_POINT ( 'NONE',  ( -1.118782805645626155, 0.7999999999999999334, -0.05193247423549929992 ) ) ;
#3239 = CARTESIAN_POINT ( 'NONE',  ( -0.1038343559987557618, 0.8000000000000001554, -0.2978941788814674640 ) ) ;
#3240 = CARTESIAN_POINT ( 'NONE',  ( 0.6508519619492937336, 0.8100000000000001643, -0.3385957426677335680 ) ) ;
#3241 = CARTESIAN_POINT ( 'NONE',  ( 0.7587636270348183665, 0.8000000000000001554, -0.2127153644053295101 ) ) ;
#3242 = COLOUR_RGB ( '',0.09803921568627450844, 0.09803921568627450844, 0.09803921568627450844 ) ;
#3243 = ORIENTED_EDGE ( 'NONE', *, *, #8558, .T. ) ;
#3244 = VERTEX_POINT ( 'NONE', #972 ) ;
#3245 = UNCERTAINTY_MEASURE_WITH_UNIT (LENGTH_MEASURE( 1.000000000000000082E-05 ), #2791, 'distance_accuracy_value', 'NONE');
#3246 = SURFACE_SIDE_STYLE ('',( #5545 ) ) ;
#3247 = AXIS2_PLACEMENT_3D ( 'NONE', #3329, #9544, #861 ) ;
#3248 = FILL_AREA_STYLE ('',( #10134 ) ) ;
#3249 = SURFACE_STYLE_USAGE ( .BOTH. , #102 ) ;
#3250 = CARTESIAN_POINT ( 'NONE',  ( -0.1349257360907295533, 0.8000000000000001554, 0.2499457095371509785 ) ) ;
#3251 = CARTESIAN_POINT ( 'NONE',  ( 1.162946117793449696, 0.8000000000000001554, 0.02763802356603255878 ) ) ;
#3252 =( NAMED_UNIT ( * ) PLANE_ANGLE_UNIT ( ) SI_UNIT ( $, .RADIAN. ) );
#3253 = CARTESIAN_POINT ( 'NONE',  ( -1.155235700388368203, 0.8100000000000001643, -0.3463879504599410852 ) ) ;
#3254 = CARTESIAN_POINT ( 'NONE',  ( -0.2963238874333399275, 0.8100000000000000533, 0.2303976099240628295 ) ) ;
#3255 = STYLED_ITEM ( 'NONE', ( #4796 ), #6485 ) ;
#3256 = VECTOR ( 'NONE', #8326, 1000.000000000000000 ) ;
#3257 = ORIENTED_EDGE ( 'NONE', *, *, #10047, .F. ) ;
#3258 = UNCERTAINTY_MEASURE_WITH_UNIT (LENGTH_MEASURE( 1.000000000000000082E-05 ), #8717, 'distance_accuracy_value', 'NONE');
#3259 = PLANE ( 'NONE',  #288 ) ;
#3260 = CARTESIAN_POINT ( 'NONE',  ( 0.8078644953902490711, 0.8100000000000003864, -0.08467447560146462715 ) ) ;
#3261 = AXIS2_PLACEMENT_3D ( 'NONE', #619, #3898, #9406 ) ;
#3262 = DIRECTION ( 'NONE',  ( 0.0000000000000000000, 0.0000000000000000000, 1.000000000000000000 ) ) ;
#3263 = B_SPLINE_CURVE_WITH_KNOTS ( 'NONE', 3,
 ( #2321, #4613, #3095, #10079, #3046, #2936, #8423, #8478, #7758, #9258, #3699, #3644, #9152 ),
 .UNSPECIFIED., .F., .F.,
 ( 4, 1, 1, 1, 1, 1, 1, 1, 1, 1, 4 ),
 ( 0.0000000000000000000, 0.1227426370922052035, 0.2345710398341193659, 0.3354421158046483331, 0.4265580893671387375, 0.5061720194485854751, 0.5755250507167279928, 0.6339260457316299169, 0.6815034731990453620, 0.8461977265378443080, 1.000000000000000000 ),
 .UNSPECIFIED. ) ;
#3264 = FILL_AREA_STYLE_COLOUR ( '', #8699 ) ;
#3265 = FILL_AREA_STYLE_COLOUR ( '', #2387 ) ;
#3266 = CARTESIAN_POINT ( 'NONE',  ( 1.700000000000001732, 0.6000000000000000888, 1.249999999999996891 ) ) ;
#3267 =( NAMED_UNIT ( * ) PLANE_ANGLE_UNIT ( ) SI_UNIT ( $, .RADIAN. ) );
#3268 = CARTESIAN_POINT ( 'NONE',  ( -1.289965903168000638, 0.8100000000000002753, 0.1507629655755072240 ) ) ;
#3269 = CARTESIAN_POINT ( 'NONE',  ( -1.137802692357264833, 0.8000000000000001554, 0.06759337662153734605 ) ) ;
#3270 = ORIENTED_EDGE ( 'NONE', *, *, #4252, .T. ) ;
#3271 = CARTESIAN_POINT ( 'NONE',  ( 0.7548721622043685908, 0.8000000000000001554, 0.05707946870745043283 ) ) ;
#3272 = CIRCLE ( 'NONE', #6856, 0.02000000000000005246 ) ;
#3273 = EDGE_LOOP ( 'NONE', ( #3966, #6560, #9091, #5293 ) ) ;
#3274 =( NAMED_UNIT ( * ) SI_UNIT ( $, .STERADIAN. ) SOLID_ANGLE_UNIT ( ) );
#3275 = ADVANCED_FACE ( 'NONE', ( #592 ), #9073, .F. ) ;
#3276 = CARTESIAN_POINT ( 'NONE',  ( -1.211727135222461449, 0.8000000000000001554, -0.2660302930938640564 ) ) ;
#3277 = AXIS2_PLACEMENT_3D ( 'NONE', #2217, #9398, #9606 ) ;
#3278 = FACE_OUTER_BOUND ( 'NONE', #637, .T. ) ;
#3279 = CARTESIAN_POINT ( 'NONE',  ( -1.219157559580707151, 0.8000000000000000444, -0.2594635449536922822 ) ) ;
#3280 = PRESENTATION_LAYER_ASSIGNMENT (  '', '', ( #7695 ) ) ;
#3281 = DIRECTION ( 'NONE',  ( 0.0000000000000000000, 0.0000000000000000000, -1.000000000000000000 ) ) ;
#3282 = CARTESIAN_POINT ( 'NONE',  ( 0.9759331307804626210, 0.8100000000000001643, -0.03835223617422716530 ) ) ;
#3283 = CARTESIAN_POINT ( 'NONE',  ( 1.278251972931460534, 0.8100000000000000533, -0.3154699020397004894 ) ) ;
#3284 = CARTESIAN_POINT ( 'NONE',  ( -2.000000000000000000, 0.6100000000000000977, -1.249999999999999556 ) ) ;
#3285 = VERTEX_POINT ( 'NONE', #6740 ) ;
#3286 = PLANE ( 'NONE',  #6872 ) ;
#3287 = FILL_AREA_STYLE_COLOUR ( '', #3725 ) ;
#3288 = STYLED_ITEM ( 'NONE', ( #64 ), #163 ) ;
#3289 = ORIENTED_EDGE ( 'NONE', *, *, #3415, .T. ) ;
#3290 = VECTOR ( 'NONE', #4722, 1000.000000000000000 ) ;
#3291 = CARTESIAN_POINT ( 'NONE',  ( -0.6237580508150720737, 0.8000000000000000444, 0.03178970159409370833 ) ) ;
#3292 = EDGE_CURVE ( 'NONE', #3221, #3439, #1338, .T. ) ;
#3293 = DIRECTION ( 'NONE',  ( -1.000000000000000000, 0.0000000000000000000, 0.0000000000000000000 ) ) ;
#3294 = FILL_AREA_STYLE_COLOUR ( '', #3333 ) ;
#3295 = DIRECTION ( 'NONE',  ( 0.0000000000000000000, 0.0000000000000000000, 1.000000000000000000 ) ) ;
#3296 = SURFACE_SIDE_STYLE ('',( #9562 ) ) ;
#3297 = CARTESIAN_POINT ( 'NONE',  ( -1.314333553700720802, 0.8099999999999999423, -0.1744009699872260677 ) ) ;
#3298 = CARTESIAN_POINT ( 'NONE',  ( -0.1985233834264224784, 0.8000000000000001554, -0.3462229863033965405 ) ) ;
#3299 = COLOUR_RGB ( '',0.09803921568627450844, 0.09803921568627450844, 0.09803921568627450844 ) ;
#3300 = CARTESIAN_POINT ( 'NONE',  ( 0.7621772843250707030, 0.8000000000000000444, -0.1439633992269067353 ) ) ;
#3301 =( GEOMETRIC_REPRESENTATION_CONTEXT ( 3 ) GLOBAL_UNCERTAINTY_ASSIGNED_CONTEXT ( ( #8983 ) ) GLOBAL_UNIT_ASSIGNED_CONTEXT ( ( #286, #9703, #3486 ) ) REPRESENTATION_CONTEXT ( 'NONE', 'WORKASPACE' ) );
#3302 = CARTESIAN_POINT ( 'NONE',  ( 0.9859658305390900379, 0.7999999999999999334, 0.1895063845676086267 ) ) ;
#3303 = ORIENTED_EDGE ( 'NONE', *, *, #489, .F. ) ;
#3304 = ORIENTED_EDGE ( 'NONE', *, *, #3042, .T. ) ;
#3305 = MECHANICAL_DESIGN_GEOMETRIC_PRESENTATION_REPRESENTATION (  '', ( #8704 ), #2965 ) ;
#3306 = VECTOR ( 'NONE', #739, 1000.000000000000000 ) ;
#3307 =( NAMED_UNIT ( * ) PLANE_ANGLE_UNIT ( ) SI_UNIT ( $, .RADIAN. ) );
#3308 =( LENGTH_UNIT ( ) NAMED_UNIT ( * ) SI_UNIT ( .MILLI., .METRE. ) );
#3309 = CARTESIAN_POINT ( 'NONE',  ( -0.2412783609399994644, 0.8100000000000002753, -0.3419984289488352536 ) ) ;
#3310 = CARTESIAN_POINT ( 'NONE',  ( -1.950000000000001954, 0.6000000000000000888, -0.9499999999999996225 ) ) ;
#3311 = CARTESIAN_POINT ( 'NONE',  ( -0.1856686731976486537, 0.8099999999999999423, -0.2812719115885146670 ) ) ;
#3312 = CARTESIAN_POINT ( 'NONE',  ( -0.9405361375293591619, 0.8000000000000000444, 0.001404215689057812869 ) ) ;
#3313 = CARTESIAN_POINT ( 'NONE',  ( 0.8190837207544214849, 0.8100000000000004974, -0.1110290387136277646 ) ) ;
#3314 =( GEOMETRIC_REPRESENTATION_CONTEXT ( 3 ) GLOBAL_UNCERTAINTY_ASSIGNED_CONTEXT ( ( #9423 ) ) GLOBAL_UNIT_ASSIGNED_CONTEXT ( ( #7462, #4397, #5748 ) ) REPRESENTATION_CONTEXT ( 'NONE', 'WORKASPACE' ) );
#3315 = CARTESIAN_POINT ( 'NONE',  ( -1.950000000000001954, 0.6100000000000000977, -0.9499999999999996225 ) ) ;
#3316 = VERTEX_POINT ( 'NONE', #6139 ) ;
#3317 = LINE ( 'NONE', #1771, #2924 ) ;
#3318 = MECHANICAL_DESIGN_GEOMETRIC_PRESENTATION_REPRESENTATION (  '', ( #2992 ), #9377 ) ;
#3319 = AXIS2_PLACEMENT_3D ( 'NONE', #9878, #7702, #2222 ) ;
#3320 = SURFACE_SIDE_STYLE ('',( #8139 ) ) ;
#3321 =( GEOMETRIC_REPRESENTATION_CONTEXT ( 3 ) GLOBAL_UNCERTAINTY_ASSIGNED_CONTEXT ( ( #4657 ) ) GLOBAL_UNIT_ASSIGNED_CONTEXT ( ( #5454, #802, #9427 ) ) REPRESENTATION_CONTEXT ( 'NONE', 'WORKASPACE' ) );
#3322 = SURFACE_STYLE_USAGE ( .BOTH. , #5709 ) ;
#3323 =( NAMED_UNIT ( * ) SI_UNIT ( $, .STERADIAN. ) SOLID_ANGLE_UNIT ( ) );
#3324 = EDGE_CURVE ( 'NONE', #10129, #3426, #643, .T. ) ;
#3325 = B_SPLINE_CURVE_WITH_KNOTS ( 'NONE', 3,
 ( #4467, #2180, #5300, #3005, #8433, #3764, #1417, #4520, #9265, #2233, #7516, #5343, #475, #5968, #8488, #9112, #1663, #6975, #7925, #2538, #7769, #2332, #5547, #4779, #8638, #8537, #7089 ),
 .UNSPECIFIED., .F., .F.,
 ( 4, 1, 1, 1, 1, 1, 1, 1, 1, 1, 1, 1, 1, 1, 1, 1, 1, 1, 1, 1, 1, 1, 1, 1, 4 ),
 ( 0.0000000000000000000, 0.05346306923311663906, 0.1051363392711945899, 0.1554166902432113362, 0.2041270761580542825, 0.2519212596406010252, 0.2982861866945261120, 0.3437694184180700718, 0.3885183434573781236, 0.4318378073052844823, 0.4737712749989412275, 0.5141074109367212985, 0.5530175257275432577, 0.5910753966342215948, 0.6281087403920586620, 0.6643432623689056182, 0.7002430283186951154, 0.7359845406296190440, 0.7717857370783367532, 0.8079623073702695280, 0.8445285208812621791, 0.8818470301515451970, 0.9200313956561455564, 0.9595572328808873452, 1.000000000000000000 ),
 .UNSPECIFIED. ) ;
#3326 = FACE_OUTER_BOUND ( 'NONE', #8938, .T. ) ;
#3327 = VECTOR ( 'NONE', #6571, 1000.000000000000000 ) ;
#3328 = FILL_AREA_STYLE ('',( #161 ) ) ;
#3329 = CARTESIAN_POINT ( 'NONE',  ( -2.000000000000001776, 0.05000000000000000278, -0.9499999999999996225 ) ) ;
#3330 = SURFACE_STYLE_USAGE ( .BOTH. , #168 ) ;
#3331 = DIRECTION ( 'NONE',  ( 0.0000000000000000000, -1.000000000000000000, 0.0000000000000000000 ) ) ;
#3332 = CIRCLE ( 'NONE', #9063, 0.2799999999999999711 ) ;
#3333 = COLOUR_RGB ( '',0.7960784313725489669, 0.8235294117647058432, 0.9372549019607843146 ) ;
#3334 = COLOUR_RGB ( '',0.09803921568627450844, 0.09803921568627450844, 0.09803921568627450844 ) ;
#3335 = SURFACE_SIDE_STYLE ('',( #77 ) ) ;
#3336 = CARTESIAN_POINT ( 'NONE',  ( -1.242437256011783786, 0.8100000000000001643, -0.2236757291887003507 ) ) ;
#3337 = MECHANICAL_DESIGN_GEOMETRIC_PRESENTATION_REPRESENTATION (  '', ( #1048 ), #363 ) ;
#3338 = FACE_OUTER_BOUND ( 'NONE', #9731, .T. ) ;
#3339 = B_SPLINE_SURFACE_WITH_KNOTS ( 'NONE', 3, 1, ( 
 ( #5634, #294 ),
 ( #3351, #4151 ),
 ( #2675, #2726 ),
 ( #7286, #237 ),
 ( #7184, #1086 ),
 ( #1860, #5781 ),
 ( #8975, #4195 ),
 ( #3445, #5733 ),
 ( #8775, #3400 ),
 ( #9608, #1904 ),
 ( #8883, #1953 ),
 ( #8017, #5016 ),
 ( #5063, #5680 ),
 ( #2822, #7493 ),
 ( #7585, #3683 ),
 ( #6697, #8209 ),
 ( #447, #1349 ),
 ( #7540, #1394 ),
 ( #8407, #2918 ) ),
 .UNSPECIFIED., .F., .F., .F.,
 ( 4, 1, 1, 1, 1, 1, 1, 1, 1, 1, 1, 1, 1, 1, 1, 1, 4 ),
 ( 2, 2 ),
 ( 0.0000000000000000000, 0.04877955225286675911, 0.09692358648773012619, 0.1450798207785262417, 0.1933822153880904171, 0.2421187392534814853, 0.2911231425843440745, 0.3408314581389071396, 0.3914000804531787003, 0.4455725280638772046, 0.5059083753641087089, 0.5725353768083036865, 0.6452984286108836010, 0.7242521193667444956, 0.8097037230661239260, 0.9016996486733174221, 1.000000000000000000 ),
 ( 0.0000000000000000000, 1.000000000000000000 ),
 .UNSPECIFIED. ) ;
#3340 = CARTESIAN_POINT ( 'NONE',  ( -1.690000000000001057, 0.6800000000000000488, 0.9400000000000005018 ) ) ;
#3341 = CARTESIAN_POINT ( 'NONE',  ( 0.7689961185625155959, 0.7999999999999998224, -0.3119796961363203169 ) ) ;
#3342 = CARTESIAN_POINT ( 'NONE',  ( -0.8786123237649915430, 0.8100000000000001643, -0.03859574266773335011 ) ) ;
#3343 = SURFACE_SIDE_STYLE ('',( #7954 ) ) ;
#3344 = CARTESIAN_POINT ( 'NONE',  ( -0.9302247372026652972, 0.8000000000000001554, 0.1050395506033319770 ) ) ;
#3345 = ORIENTED_EDGE ( 'NONE', *, *, #6936, .F. ) ;
#3346 = VERTEX_POINT ( 'NONE', #1991 ) ;
#3347 = CARTESIAN_POINT ( 'NONE',  ( 2.000000000000001776, 0.6000000000000000888, -1.049999999999998490 ) ) ;
#3348 = CARTESIAN_POINT ( 'NONE',  ( -0.7418790895204897540, 0.8000000000000001554, 0.1943476029815419670 ) ) ;
#3349 = DIRECTION ( 'NONE',  ( 0.0000000000000000000, 0.0000000000000000000, 1.000000000000000000 ) ) ;
#3350 = LINE ( 'NONE', #1801, #1029 ) ;
#3351 = CARTESIAN_POINT ( 'NONE',  ( -1.003391325586280969, 0.8100000000000002753, -0.1734144828985288433 ) ) ;
#3352 = CARTESIAN_POINT ( 'NONE',  ( 1.237124824182868732, 0.8100000000000001643, -0.3357121099408643672 ) ) ;
#3353 =( GEOMETRIC_REPRESENTATION_CONTEXT ( 3 ) GLOBAL_UNCERTAINTY_ASSIGNED_CONTEXT ( ( #1319 ) ) GLOBAL_UNIT_ASSIGNED_CONTEXT ( ( #7611, #3859, #10088 ) ) REPRESENTATION_CONTEXT ( 'NONE', 'WORKASPACE' ) );
#3354 = CARTESIAN_POINT ( 'NONE',  ( -0.1834140427638129567, 0.8100000000000001643, 0.2038730212101720618 ) ) ;
#3355 = LINE ( 'NONE', #2678, #6238 ) ;
#3356 = EDGE_CURVE ( 'NONE', #5022, #3921, #2290, .T. ) ;
#3357 = EDGE_LOOP ( 'NONE', ( #6970, #6546, #3701, #6466 ) ) ;
#3358 = CARTESIAN_POINT ( 'NONE',  ( 0.9760059342589713083, 0.8100000000000002753, -0.04472507952829911371 ) ) ;
#3359 = UNCERTAINTY_MEASURE_WITH_UNIT (LENGTH_MEASURE( 1.000000000000000082E-05 ), #10140, 'distance_accuracy_value', 'NONE');
#3360 = AXIS2_PLACEMENT_3D ( 'NONE', #3104, #9163, #7561 ) ;
#3361 = DIRECTION ( 'NONE',  ( -0.0000000000000000000, -1.000000000000000000, -0.0000000000000000000 ) ) ;
#3362 = CARTESIAN_POINT ( 'NONE',  ( -0.3546531972642365527, 0.8100000000000000533, -0.1711366949307233654 ) ) ;
#3363 = CARTESIAN_POINT ( 'NONE',  ( -0.9999999999999997780, 0.05000000000000000278, 0.3500000000000005884 ) ) ;
#3364 = CARTESIAN_POINT ( 'NONE',  ( -0.1108170178158865427, 0.8100000000000003864, -0.1338582345812994456 ) ) ;
#3365 = DIRECTION ( 'NONE',  ( -0.0000000000000000000, -1.000000000000000000, -0.0000000000000000000 ) ) ;
#3366 = CARTESIAN_POINT ( 'NONE',  ( 0.7234774599813563745, 0.8000000000000001554, 0.1270588912369803869 ) ) ;
#3367 = SURFACE_STYLE_USAGE ( .BOTH. , #9468 ) ;
#3368 = CARTESIAN_POINT ( 'NONE',  ( 0.8278811827285144087, 0.8100000000000001643, -0.1732548335768245018 ) ) ;
#3369 = CARTESIAN_POINT ( 'NONE',  ( -1.899999999999999911, 0.05000000000000000278, 0.3500000000000004219 ) ) ;
#3370 = ORIENTED_EDGE ( 'NONE', *, *, #8809, .T. ) ;
#3371 = UNCERTAINTY_MEASURE_WITH_UNIT (LENGTH_MEASURE( 1.000000000000000082E-05 ), #4853, 'distance_accuracy_value', 'NONE');
#3372 = LINE ( 'NONE', #1622, #6356 ) ;
#3373 =( NAMED_UNIT ( * ) SI_UNIT ( $, .STERADIAN. ) SOLID_ANGLE_UNIT ( ) );
#3374 = B_SPLINE_CURVE_WITH_KNOTS ( 'NONE', 3,
 ( #5988, #4289, #5877, #7442, #10006, #6847, #1998, #5111, #5316, #601, #8257, #4333, #5268, #9082, #8304, #2968, #1391, #548, #6095 ),
 .UNSPECIFIED., .F., .F.,
 ( 4, 1, 1, 1, 1, 1, 1, 1, 1, 1, 1, 1, 1, 1, 1, 1, 4 ),
 ( 0.0000000000000000000, 0.09513606765129918597, 0.1847313633813591760, 0.2682875644224345102, 0.3465971881315638714, 0.4193050250118303679, 0.4872356976528923744, 0.5505021670267863376, 0.6094154834552107936, 0.6641924973930186660, 0.7154708956004395271, 0.7642516598968451813, 0.8109957637662903451, 0.8569478638665047887, 0.9028837686324792111, 0.9504484131495152255, 1.000000000000000000 ),
 .UNSPECIFIED. ) ;
#3375 = CARTESIAN_POINT ( 'NONE',  ( 1.021277243392880951, 0.8100000000000000533, -0.3030937529057758373 ) ) ;
#3376 = CARTESIAN_POINT ( 'NONE',  ( 0.4928162476635793987, 0.8100000000000001643, -0.2684658725378634703 ) ) ;
#3377 = SURFACE_STYLE_FILL_AREA ( #1012 ) ;
#3378 = CARTESIAN_POINT ( 'NONE',  ( 1.209037522530253428, 0.8100000000000003864, -0.2687808043063372732 ) ) ;
#3379 = VERTEX_POINT ( 'NONE', #1282 ) ;
#3380 = CARTESIAN_POINT ( 'NONE',  ( -0.7506933303809708580, 0.8100000000000003864, 0.2000470469116946148 ) ) ;
#3381 = AXIS2_PLACEMENT_3D ( 'NONE', #7970, #3361, #1049 ) ;
#3382 = DIRECTION ( 'NONE',  ( 0.0000000000000000000, 0.0000000000000000000, 1.000000000000000000 ) ) ;
#3383 = PRESENTATION_LAYER_ASSIGNMENT (  '', '', ( #1577 ) ) ;
#3384 = SURFACE_STYLE_USAGE ( .BOTH. , #9547 ) ;
#3385 = PLANE ( 'NONE',  #6107 ) ;
#3386 = SURFACE_STYLE_USAGE ( .BOTH. , #9749 ) ;
#3387 = CARTESIAN_POINT ( 'NONE',  ( -0.8596353510763075079, 0.8100000000000003864, 0.2422586355008002346 ) ) ;
#3388 = CARTESIAN_POINT ( 'NONE',  ( 0.8276278482766556976, 0.8000000000000000444, -0.1817118332770576439 ) ) ;
#3389 = PLANE ( 'NONE',  #4184 ) ;
#3390 = FACE_OUTER_BOUND ( 'NONE', #5517, .T. ) ;
#3391 = EDGE_LOOP ( 'NONE', ( #7968, #2886, #3466, #8014 ) ) ;
#3392 = ORIENTED_EDGE ( 'NONE', *, *, #6891, .F. ) ;
#3393 = MECHANICAL_DESIGN_GEOMETRIC_PRESENTATION_REPRESENTATION (  '', ( #8136 ), #7136 ) ;
#3394 = FILL_AREA_STYLE_COLOUR ( '', #9298 ) ;
#3395 = ORIENTED_EDGE ( 'NONE', *, *, #8741, .T. ) ;
#3396 = CARTESIAN_POINT ( 'NONE',  ( -0.6312085470810466781, 0.8000000000000000444, 0.09372027392458531780 ) ) ;
#3397 = DIRECTION ( 'NONE',  ( 0.0000000000000000000, 0.0000000000000000000, 1.000000000000000000 ) ) ;
#3398 = PRESENTATION_STYLE_ASSIGNMENT (( #235 ) ) ;
#3399 =( GEOMETRIC_REPRESENTATION_CONTEXT ( 3 ) GLOBAL_UNCERTAINTY_ASSIGNED_CONTEXT ( ( #6210 ) ) GLOBAL_UNIT_ASSIGNED_CONTEXT ( ( #1112, #6483, #3373 ) ) REPRESENTATION_CONTEXT ( 'NONE', 'WORKASPACE' ) );
#3400 = CARTESIAN_POINT ( 'NONE',  ( -1.025728457475981514, 0.8000000000000000444, -0.08022382599913210899 ) ) ;
#3401 = CARTESIAN_POINT ( 'NONE',  ( -0.2816470877613065915, 0.8000000000000000444, -0.2190615026646614560 ) ) ;
#3402 = SURFACE_SIDE_STYLE ('',( #347 ) ) ;
#3403 = CARTESIAN_POINT ( 'NONE',  ( 1.114747530167700784, 0.8100000000000001643, 0.2643757269996044879 ) ) ;
#3404 = ORIENTED_EDGE ( 'NONE', *, *, #6775, .F. ) ;
#3405 = CARTESIAN_POINT ( 'NONE',  ( 1.073267744298122217, 0.8099999999999998312, -0.2566400379139825993 ) ) ;
#3406 = EDGE_LOOP ( 'NONE', ( #7382, #6516, #3888, #3210 ) ) ;
#3407 = STYLED_ITEM ( 'NONE', ( #8590 ), #5283 ) ;
#3408 =( GEOMETRIC_REPRESENTATION_CONTEXT ( 3 ) GLOBAL_UNCERTAINTY_ASSIGNED_CONTEXT ( ( #2627 ) ) GLOBAL_UNIT_ASSIGNED_CONTEXT ( ( #7039, #692, #1534 ) ) REPRESENTATION_CONTEXT ( 'NONE', 'WORKASPACE' ) );
#3409 = ADVANCED_FACE ( 'NONE', ( #4376 ), #1127, .T. ) ;
#3410 = VECTOR ( 'NONE', #6647, 1000.000000000000000 ) ;
#3411 = CARTESIAN_POINT ( 'NONE',  ( -1.155235700388368203, 0.8100000000000001643, -0.3463879504599410852 ) ) ;
#3412 = COLOUR_RGB ( '',1.000000000000000000, 0.8078431372549019773, 0.4980392156862745168 ) ;
#3413 = CARTESIAN_POINT ( 'NONE',  ( -1.321816549582753852, 0.8100000000000000533, 0.2390602048920075218 ) ) ;
#3414 = CARTESIAN_POINT ( 'NONE',  ( -0.6332970496464715993, 0.8000000000000003775, -0.1828574044858316539 ) ) ;
#3415 = EDGE_CURVE ( 'NONE', #2012, #3921, #7046, .T. ) ;
#3416 = FACE_OUTER_BOUND ( 'NONE', #2111, .T. ) ;
#3417 = PRESENTATION_LAYER_ASSIGNMENT (  '', '', ( #2430 ) ) ;
#3418 = ORIENTED_EDGE ( 'NONE', *, *, #5974, .F. ) ;
#3419 = SURFACE_SIDE_STYLE ('',( #5652 ) ) ;
#3420 = EDGE_CURVE ( 'NONE', #9667, #6277, #7102, .T. ) ;
#3421 = CARTESIAN_POINT ( 'NONE',  ( 0.7039794068848216346, 0.8100000000000002753, -0.01058129199628089073 ) ) ;
#3422 = SURFACE_STYLE_FILL_AREA ( #8093 ) ;
#3423 = VECTOR ( 'NONE', #957, 1000.000000000000000 ) ;
#3424 = DIRECTION ( 'NONE',  ( 0.0000000000000000000, -1.000000000000000000, 0.0000000000000000000 ) ) ;
#3425 = CARTESIAN_POINT ( 'NONE',  ( 1.209037522530253428, 0.8000000000000002665, -0.2687808043063372732 ) ) ;
#3426 = VERTEX_POINT ( 'NONE', #751 ) ;
#3427 = EDGE_LOOP ( 'NONE', ( #1912, #8973, #2096, #4667 ) ) ;
#3428 = CARTESIAN_POINT ( 'NONE',  ( -0.2031253107779785461, 0.7999999999999999334, 0.2068588027868118739 ) ) ;
#3429 = FILL_AREA_STYLE_COLOUR ( '', #8954 ) ;
#3430 = DIRECTION ( 'NONE',  ( 1.000000000000000000, 0.0000000000000000000, -0.0000000000000000000 ) ) ;
#3431 = CARTESIAN_POINT ( 'NONE',  ( -0.2953855265743620118, 0.8100000000000003864, 0.08251454679173662876 ) ) ;
#3432 = CARTESIAN_POINT ( 'NONE',  ( 1.238771301138917424, 0.8000000000000004885, -0.2553041940955312339 ) ) ;
#3433 = CARTESIAN_POINT ( 'NONE',  ( -1.195480398149911805, 0.8000000000000000444, -0.2761694458504717620 ) ) ;
#3434 = SURFACE_STYLE_FILL_AREA ( #1126 ) ;
#3435 = SURFACE_SIDE_STYLE ('',( #5770 ) ) ;
#3436 = CARTESIAN_POINT ( 'NONE',  ( 1.171771144449036406, 0.8100000000000000533, -0.3461979392881434081 ) ) ;
#3437 = CARTESIAN_POINT ( 'NONE',  ( 1.899999999999999911, 0.0000000000000000000, 0.3500000000000004219 ) ) ;
#3438 = DIRECTION ( 'NONE',  ( 0.0000000000000000000, -0.0000000000000000000, 1.000000000000000000 ) ) ;
#3439 = VERTEX_POINT ( 'NONE', #7726 ) ;
#3440 = FACE_OUTER_BOUND ( 'NONE', #4202, .T. ) ;
#3441 = EDGE_LOOP ( 'NONE', ( #6067, #2733, #756, #6657, #6244, #9047 ) ) ;
#3442 = CARTESIAN_POINT ( 'NONE',  ( -0.6217579532663896069, 0.8000000000000002665, -0.002531280794609042963 ) ) ;
#3443 = CYLINDRICAL_SURFACE ( 'NONE', #7644, 0.2999999999999999334 ) ;
#3444 = CARTESIAN_POINT ( 'NONE',  ( 1.950000000000001510, 0.6100000000000000977, -0.9499999999999991784 ) ) ;
#3445 = CARTESIAN_POINT ( 'NONE',  ( -1.019750596364969564, 0.8100000000000000533, -0.09375644850873438019 ) ) ;
#3446 = CARTESIAN_POINT ( 'NONE',  ( 1.237124824182868732, 0.8000000000000001554, -0.3357121099408643672 ) ) ;
#3447 = CARTESIAN_POINT ( 'NONE',  ( -0.2219632998094559218, 0.7999999999999998224, 0.2685517297649684387 ) ) ;
#3448 = CARTESIAN_POINT ( 'NONE',  ( -0.2263468507900016080, 0.8000000000000001554, -0.2811000192437415612 ) ) ;
#3449 = CARTESIAN_POINT ( 'NONE',  ( 1.700000000000001066, 0.05000000000000002359, -1.149999999999998135 ) ) ;
#3450 = CARTESIAN_POINT ( 'NONE',  ( 0.9263913164593253757, 0.8100000000000001643, 0.07360686640268428171 ) ) ;
#3451 = EDGE_CURVE ( 'NONE', #2978, #8323, #7921, .T. ) ;
#3452 = ORIENTED_EDGE ( 'NONE', *, *, #9688, .T. ) ;
#3453 = SURFACE_STYLE_FILL_AREA ( #5021 ) ;
#3454 = CARTESIAN_POINT ( 'NONE',  ( -1.085803825225576391, 0.8100000000000000533, -0.2475199389191114208 ) ) ;
#3455 = FACE_OUTER_BOUND ( 'NONE', #7720, .T. ) ;
#3456 = STYLED_ITEM ( 'NONE', ( #8455 ), #11 ) ;
#3457 =( GEOMETRIC_REPRESENTATION_CONTEXT ( 3 ) GLOBAL_UNCERTAINTY_ASSIGNED_CONTEXT ( ( #2113 ) ) GLOBAL_UNIT_ASSIGNED_CONTEXT ( ( #5423, #7009, #608 ) ) REPRESENTATION_CONTEXT ( 'NONE', 'WORKASPACE' ) );
#3458 = DIRECTION ( 'NONE',  ( 0.0000000000000000000, 0.0000000000000000000, -1.000000000000000000 ) ) ;
#3459 = CARTESIAN_POINT ( 'NONE',  ( -0.1677107460816930073, 0.8100000000000000533, 0.2648219046847182789 ) ) ;
#3460 = CARTESIAN_POINT ( 'NONE',  ( 0.7921311989553344590, 0.8000000000000002665, -0.06156365331144025843 ) ) ;
#3461 = CARTESIAN_POINT ( 'NONE',  ( 0.6846247437894241727, 0.8000000000000000444, 0.05981928404488422862 ) ) ;
#3462 = CARTESIAN_POINT ( 'NONE',  ( -0.04484608999875776270, 0.8000000000000001554, -0.03835223617422705428 ) ) ;
#3463 = FACE_OUTER_BOUND ( 'NONE', #6456, .T. ) ;
#3464 = FACE_OUTER_BOUND ( 'NONE', #8145, .T. ) ;
#3465 = ADVANCED_FACE ( 'NONE', ( #697 ), #2714, .F. ) ;
#3466 = ORIENTED_EDGE ( 'NONE', *, *, #7549, .T. ) ;
#3467 = UNCERTAINTY_MEASURE_WITH_UNIT (LENGTH_MEASURE( 1.000000000000000082E-05 ), #7887, 'distance_accuracy_value', 'NONE');
#3468 = CARTESIAN_POINT ( 'NONE',  ( 1.282397321457269923, 0.8099999999999999423, -0.2105001566406548841 ) ) ;
#3469 = CARTESIAN_POINT ( 'NONE',  ( 0.8005790183380978586, 0.8100000000000001643, -0.07269913898183830159 ) ) ;
#3470 = CARTESIAN_POINT ( 'NONE',  ( 2.000000000000001776, 0.0000000000000000000, -0.9499999999999997335 ) ) ;
#3471 = PRESENTATION_LAYER_ASSIGNMENT (  '', '', ( #5251 ) ) ;
#3472 =( NAMED_UNIT ( * ) SI_UNIT ( $, .STERADIAN. ) SOLID_ANGLE_UNIT ( ) );
#3473 = STYLED_ITEM ( 'NONE', ( #710 ), #8124 ) ;
#3474 = CARTESIAN_POINT ( 'NONE',  ( 1.281958191254419122, 0.8000000000000000444, 0.1616021476931040202 ) ) ;
#3475 = VERTEX_POINT ( 'NONE', #9372 ) ;
#3476 = VECTOR ( 'NONE', #1176, 1000.000000000000000 ) ;
#3477 = CIRCLE ( 'NONE', #4774, 0.02000000000000005246 ) ;
#3478 = ADVANCED_FACE ( 'NONE', ( #6379 ), #1011, .T. ) ;
#3479 = COLOUR_RGB ( '',1.000000000000000000, 0.8078431372549019773, 0.4980392156862745168 ) ;
#3480 = CARTESIAN_POINT ( 'NONE',  ( -0.6852631498410769462, 0.8100000000000003864, 0.02693884005071258900 ) ) ;
#3481 = SURFACE_SIDE_STYLE ('',( #9069 ) ) ;
#3482 = CARTESIAN_POINT ( 'NONE',  ( -1.237738008173912441, 0.8099999999999999423, -0.2339483547682696674 ) ) ;
#3483 = FILL_AREA_STYLE ('',( #4187 ) ) ;
#3484 = CARTESIAN_POINT ( 'NONE',  ( -0.7343982661848709181, 0.7999999999999998224, -0.2647261486837396705 ) ) ;
#3485 = ORIENTED_EDGE ( 'NONE', *, *, #8678, .F. ) ;
#3486 =( NAMED_UNIT ( * ) SI_UNIT ( $, .STERADIAN. ) SOLID_ANGLE_UNIT ( ) );
#3487 = VERTEX_POINT ( 'NONE', #7990 ) ;
#3488 = ORIENTED_EDGE ( 'NONE', *, *, #6096, .F. ) ;
#3489 = AXIS2_PLACEMENT_3D ( 'NONE', #4805, #3331, #2461 ) ;
#3490 = FILL_AREA_STYLE_COLOUR ( '', #1506 ) ;
#3491 = DIRECTION ( 'NONE',  ( 1.000000000000000000, -0.0000000000000000000, -0.0000000000000000000 ) ) ;
#3492 = FILL_AREA_STYLE_COLOUR ( '', #4486 ) ;
#3493 = CARTESIAN_POINT ( 'NONE',  ( -0.2690625405964887640, 0.8100000000000000533, 0.2522336301823540627 ) ) ;
#3494 =( LENGTH_UNIT ( ) NAMED_UNIT ( * ) SI_UNIT ( .MILLI., .METRE. ) );
#3495 = CARTESIAN_POINT ( 'NONE',  ( 0.6465535914820963459, 0.8100000000000000533, -0.07380789149730869469 ) ) ;
#3496 = DIRECTION ( 'NONE',  ( -0.0000000000000000000, -1.000000000000000000, -0.0000000000000000000 ) ) ;
#3497 = VERTEX_POINT ( 'NONE', #4122 ) ;
#3498 = PRESENTATION_LAYER_ASSIGNMENT (  '', '', ( #7923 ) ) ;
#3499 = ORIENTED_EDGE ( 'NONE', *, *, #9517, .F. ) ;
#3500 = CARTESIAN_POINT ( 'NONE',  ( -2.000000000000000000, 0.0000000000000000000, 1.250000000000000000 ) ) ;
#3501 = PRESENTATION_LAYER_ASSIGNMENT (  '', '', ( #6926 ) ) ;
#3502 = CARTESIAN_POINT ( 'NONE',  ( -2.000000000000001776, 0.6000000000000000888, -0.9499999999999996225 ) ) ;
#3503 = CARTESIAN_POINT ( 'NONE',  ( -1.276593421133976447, 0.8100000000000000533, -0.2895649300822699113 ) ) ;
#3504 = CARTESIAN_POINT ( 'NONE',  ( -1.106889507189946720, 0.8100000000000001643, 0.03330218822710366566 ) ) ;
#3505 = LINE ( 'NONE', #9727, #2636 ) ;
#3506 = SURFACE_SIDE_STYLE ('',( #6665 ) ) ;
#3507 = SURFACE_SIDE_STYLE ('',( #366 ) ) ;
#3508 =( NAMED_UNIT ( * ) SI_UNIT ( $, .STERADIAN. ) SOLID_ANGLE_UNIT ( ) );
#3509 = VECTOR ( 'NONE', #542, 1000.000000000000000 ) ;
#3510 = SURFACE_SIDE_STYLE ('',( #3597 ) ) ;
#3511 =( LENGTH_UNIT ( ) NAMED_UNIT ( * ) SI_UNIT ( .MILLI., .METRE. ) );
#3512 = AXIS2_PLACEMENT_3D ( 'NONE', #7247, #5496, #790 ) ;
#3513 = ADVANCED_FACE ( 'NONE', ( #2701 ), #8953, .F. ) ;
#3514 = CARTESIAN_POINT ( 'NONE',  ( 1.800000000000001377, 0.05000000000000000278, -1.249999999999998224 ) ) ;
#3515 = SURFACE_STYLE_FILL_AREA ( #3661 ) ;
#3516 = B_SPLINE_CURVE_WITH_KNOTS ( 'NONE', 3,
 ( #2811, #9755, #1946, #2763, #7276, #8202, #284, #5872, #9019, #1993, #437, #8253, #1236, #4328, #7486, #3567, #8870, #1131, #5930 ),
 .UNSPECIFIED., .F., .F.,
 ( 4, 1, 1, 1, 1, 1, 1, 1, 1, 1, 1, 1, 1, 1, 1, 1, 4 ),
 ( 0.0000000000000000000, 0.03482063987272221439, 0.06892303662010072773, 0.1030674831944850822, 0.1390259289950690758, 0.1768773708661630639, 0.2173596739505502806, 0.2613252067966569947, 0.3091893022218825671, 0.3632013239127582227, 0.4250772414693028689, 0.4964697288138597564, 0.5776522482993702301, 0.6680098148504958200, 0.7686706938896563646, 0.8792878375891129972, 1.000000000000000000 ),
 .UNSPECIFIED. ) ;
#3517 = CARTESIAN_POINT ( 'NONE',  ( 1.169980714853273263, 0.8000000000000001554, 0.1988561671382886031 ) ) ;
#3518 = VERTEX_POINT ( 'NONE', #566 ) ;
#3519 = MECHANICAL_DESIGN_GEOMETRIC_PRESENTATION_REPRESENTATION (  '', ( #5799 ), #1725 ) ;
#3520 = CARTESIAN_POINT ( 'NONE',  ( 0.7618558308088644315, 0.8100000000000002753, -0.2035883719779269518 ) ) ;
#3521 =( NAMED_UNIT ( * ) SI_UNIT ( $, .STERADIAN. ) SOLID_ANGLE_UNIT ( ) );
#3522 = EDGE_CURVE ( 'NONE', #3439, #7499, #3263, .T. ) ;
#3523 = DIRECTION ( 'NONE',  ( 0.0000000000000000000, 0.0000000000000000000, -1.000000000000000000 ) ) ;
#3524 = DIRECTION ( 'NONE',  ( 0.0000000000000000000, -1.000000000000000000, 0.0000000000000000000 ) ) ;
#3525 = CARTESIAN_POINT ( 'NONE',  ( -0.9406588182151348621, 0.7999999999999999334, -0.07441611324957016216 ) ) ;
#3526 = ADVANCED_FACE ( 'NONE', ( #6203 ), #8902, .T. ) ;
#3527 = DIRECTION ( 'NONE',  ( -0.8799612397094348504, 0.0000000000000000000, 0.4750454889892490318 ) ) ;
#3528 = ORIENTED_EDGE ( 'NONE', *, *, #4754, .F. ) ;
#3529 = FILL_AREA_STYLE_COLOUR ( '', #3598 ) ;
#3530 = ORIENTED_EDGE ( 'NONE', *, *, #7417, .F. ) ;
#3531 = ORIENTED_EDGE ( 'NONE', *, *, #3420, .F. ) ;
#3532 = CARTESIAN_POINT ( 'NONE',  ( -1.499999999999999778, 0.8000000000000001554, 0.8000000000000003775 ) ) ;
#3533 =( LENGTH_UNIT ( ) NAMED_UNIT ( * ) SI_UNIT ( .MILLI., .METRE. ) );
#3534 = EDGE_CURVE ( 'NONE', #798, #6575, #7235, .T. ) ;
#3535 = CARTESIAN_POINT ( 'NONE',  ( -0.3203022227111271270, 0.7999999999999998224, 0.1997994325227884505 ) ) ;
#3536 = PLANE ( 'NONE',  #2168 ) ;
#3537 = CARTESIAN_POINT ( 'NONE',  ( 0.7435292706374880822, 0.8100000000000002753, -0.1076122491961680888 ) ) ;
#3538 =( GEOMETRIC_REPRESENTATION_CONTEXT ( 3 ) GLOBAL_UNCERTAINTY_ASSIGNED_CONTEXT ( ( #5595 ) ) GLOBAL_UNIT_ASSIGNED_CONTEXT ( ( #4554, #3890, #2930 ) ) REPRESENTATION_CONTEXT ( 'NONE', 'WORKASPACE' ) );
#3539 = SURFACE_STYLE_FILL_AREA ( #6700 ) ;
#3540 = VERTEX_POINT ( 'NONE', #3199 ) ;
#3541 = ORIENTED_EDGE ( 'NONE', *, *, #6340, .T. ) ;
#3542 = UNCERTAINTY_MEASURE_WITH_UNIT (LENGTH_MEASURE( 1.000000000000000082E-05 ), #8948, 'distance_accuracy_value', 'NONE');
#3543 = CARTESIAN_POINT ( 'NONE',  ( -1.121715165939041636, 0.8099999999999999423, -0.2769164761595588886 ) ) ;
#3544 = CARTESIAN_POINT ( 'NONE',  ( -0.6436767621682136786, 0.8100000000000001643, 0.1466102923213735143 ) ) ;
#3545 = LINE ( 'NONE', #7457, #5767 ) ;
#3546 = CYLINDRICAL_SURFACE ( 'NONE', #2998, 0.02000000000000005246 ) ;
#3547 = FACE_OUTER_BOUND ( 'NONE', #9033, .T. ) ;
#3548 = CARTESIAN_POINT ( 'NONE',  ( -1.308911740235262577, 0.8100000000000001643, 0.1906685355068860332 ) ) ;
#3549 = CARTESIAN_POINT ( 'NONE',  ( 0.6151678478745382650, 0.8000000000000002665, 0.0006484950671333608455 ) ) ;
#3550 = COLOUR_RGB ( '',1.000000000000000000, 0.9490196078431372140, 0.9098039215686274384 ) ;
#3551 = CARTESIAN_POINT ( 'NONE',  ( -0.8651242628283973835, 0.8100000000000004974, -0.3161270151794526306 ) ) ;
#3552 = ORIENTED_EDGE ( 'NONE', *, *, #4031, .T. ) ;
#3553 = UNCERTAINTY_MEASURE_WITH_UNIT (LENGTH_MEASURE( 1.000000000000000082E-05 ), #4555, 'distance_accuracy_value', 'NONE');
#3554 = LINE ( 'NONE', #1321, #1441 ) ;
#3555 = PLANE ( 'NONE',  #2984 ) ;
#3556 = CARTESIAN_POINT ( 'NONE',  ( -0.2336513913265282072, 0.8000000000000001554, 0.2001352369044309965 ) ) ;
#3557 = ORIENTED_EDGE ( 'NONE', *, *, #2197, .F. ) ;
#3558 = EDGE_CURVE ( 'NONE', #2124, #8585, #812, .T. ) ;
#3559 = SURFACE_STYLE_FILL_AREA ( #425 ) ;
#3560 = CARTESIAN_POINT ( 'NONE',  ( 0.7655435203908520503, 0.8000000000000001554, -0.1728895738365647528 ) ) ;
#3561 = SURFACE_STYLE_FILL_AREA ( #7480 ) ;
#3562 = PRESENTATION_STYLE_ASSIGNMENT (( #4278 ) ) ;
#3563 = CARTESIAN_POINT ( 'NONE',  ( -1.700000000000001954, 0.0000000000000000000, -1.249999999999998446 ) ) ;
#3564 = B_SPLINE_SURFACE_WITH_KNOTS ( 'NONE', 3, 1, ( 
 ( #9239, #7054 ),
 ( #6093, #3123 ),
 ( #3028, #1488 ),
 ( #1588, #6281 ),
 ( #3832, #10105 ),
 ( #6845, #3877 ),
 ( #4647, #7841 ),
 ( #2406, #6998 ),
 ( #6232, #8561 ),
 ( #7683, #4589 ),
 ( #6144, #811 ) ),
 .UNSPECIFIED., .F., .F., .F.,
 ( 4, 1, 1, 1, 1, 1, 1, 1, 4 ),
 ( 2, 2 ),
 ( 0.0000000000000000000, 0.09322199291302797619, 0.1938649693116593631, 0.3031733266023045048, 0.4219751466596722289, 0.5505186320220890606, 0.6892477464602378978, 0.8389663890178447048, 1.000000000000000000 ),
 ( 0.0000000000000000000, 1.000000000000000000 ),
 .UNSPECIFIED. ) ;
#3565 = DIRECTION ( 'NONE',  ( 0.0000000000000000000, 1.000000000000000000, 0.0000000000000000000 ) ) ;
#3566 = CARTESIAN_POINT ( 'NONE',  ( -1.003616856303526816, 0.7999999999999999334, -0.1942463942296210055 ) ) ;
#3567 = CARTESIAN_POINT ( 'NONE',  ( -0.8771754089246641684, 0.8100000000000000533, -0.1041327010836543970 ) ) ;
#3568 = ORIENTED_EDGE ( 'NONE', *, *, #1022, .T. ) ;
#3569 = CARTESIAN_POINT ( 'NONE',  ( -1.003287648440316149, 0.8100000000000001643, -0.1782467166937073688 ) ) ;
#3570 = COLOUR_RGB ( '',0.09803921568627450844, 0.09803921568627450844, 0.09803921568627450844 ) ;
#3571 = EDGE_LOOP ( 'NONE', ( #4040, #7475, #6105, #8312 ) ) ;
#3572 = CARTESIAN_POINT ( 'NONE',  ( -0.1137762493929458524, 0.7999999999999997113, -0.1599104248217349256 ) ) ;
#3573 = CARTESIAN_POINT ( 'NONE',  ( -1.237053882206550215, 0.8000000000000001554, 0.1912743872023965064 ) ) ;
#3574 = ADVANCED_FACE ( 'NONE', ( #4921 ), #4767, .F. ) ;
#3575 = EDGE_CURVE ( 'NONE', #8110, #7733, #303, .T. ) ;
#3576 = FACE_OUTER_BOUND ( 'NONE', #5889, .T. ) ;
#3577 = CARTESIAN_POINT ( 'NONE',  ( 0.4928162476635796208, 0.8000000000000001554, -0.2684658725378634148 ) ) ;
#3578 = FILL_AREA_STYLE ('',( #554 ) ) ;
#3579 = CARTESIAN_POINT ( 'NONE',  ( 0.7577850487813001523, 0.8100000000000001643, -0.1306968765498771612 ) ) ;
#3580 = CARTESIAN_POINT ( 'NONE',  ( -0.3420701567565622714, 0.8100000000000001643, -0.2241635485886930845 ) ) ;
#3581 = EDGE_LOOP ( 'NONE', ( #6132, #4029, #5775, #5986, #8560, #213, #336, #609, #1547, #2277, #389, #568, #4424 ) ) ;
#3582 = FILL_AREA_STYLE ('',( #9815 ) ) ;
#3583 = ORIENTED_EDGE ( 'NONE', *, *, #8783, .F. ) ;
#3584 = PRESENTATION_LAYER_ASSIGNMENT (  '', '', ( #6375 ) ) ;
#3585 = EDGE_CURVE ( 'NONE', #6603, #4832, #6654, .T. ) ;
#3586 = CARTESIAN_POINT ( 'NONE',  ( -0.6920980659032127669, 0.8100000000000001643, -0.3107894327021143432 ) ) ;
#3587 = LINE ( 'NONE', #1966, #3195 ) ;
#3588 = VECTOR ( 'NONE', #9502, 1000.000000000000000 ) ;
#3589 = LINE ( 'NONE', #5956, #7059 ) ;
#3590 = PRESENTATION_LAYER_ASSIGNMENT (  '', '', ( #4907 ) ) ;
#3591 = CARTESIAN_POINT ( 'NONE',  ( -1.089372771033901621, 0.8100000000000002753, -0.3337852312038583902 ) ) ;
#3592 = ORIENTED_EDGE ( 'NONE', *, *, #4848, .T. ) ;
#3593 = SURFACE_STYLE_FILL_AREA ( #9976 ) ;
#3594 = ORIENTED_EDGE ( 'NONE', *, *, #841, .T. ) ;
#3595 = EDGE_CURVE ( 'NONE', #5819, #2732, #8935, .T. ) ;
#3596 = VERTEX_POINT ( 'NONE', #3449 ) ;
#3597 = SURFACE_STYLE_FILL_AREA ( #369 ) ;
#3598 = COLOUR_RGB ( '',1.000000000000000000, 0.8078431372549019773, 0.4980392156862745168 ) ;
#3599 = FACE_BOUND ( 'NONE', #9235, .T. ) ;
#3600 = CARTESIAN_POINT ( 'NONE',  ( -1.499999999999999778, 0.7000000000000000666, -0.7999999999999999334 ) ) ;
#3601 = CARTESIAN_POINT ( 'NONE',  ( -0.2031253107779785461, 0.7999999999999999334, 0.2068588027868118739 ) ) ;
#3602 = DIRECTION ( 'NONE',  ( 0.0000000000000000000, 0.0000000000000000000, -1.000000000000000000 ) ) ;
#3603 = VECTOR ( 'NONE', #4629, 1000.000000000000000 ) ;
#3604 = CARTESIAN_POINT ( 'NONE',  ( -1.266579167973769460, 0.8000000000000003775, -0.3015624011739933552 ) ) ;
#3605 = ORIENTED_EDGE ( 'NONE', *, *, #6830, .F. ) ;
#3606 = CARTESIAN_POINT ( 'NONE',  ( -0.3643266094792771970, 0.8000000000000001554, -0.03835223617422705428 ) ) ;
#3607 = CARTESIAN_POINT ( 'NONE',  ( 0.7130756925424757142, 0.8000000000000003775, -0.2587335401215697939 ) ) ;
#3608 = B_SPLINE_CURVE_WITH_KNOTS ( 'NONE', 3,
 ( #9752, #5724, #4284, #5772, #5053, #4190, #8869, #8157, #1846, #435, #1130, #2760, #4959, #1893, #1077, #5871, #3566, #6036, #10057 ),
 .UNSPECIFIED., .F., .F.,
 ( 4, 1, 1, 1, 1, 1, 1, 1, 1, 1, 1, 1, 1, 1, 1, 1, 4 ),
 ( 0.0000000000000000000, 0.07133228985794455579, 0.1388958156871631378, 0.2034988017624053680, 0.2655744281511023264, 0.3261113280733823894, 0.3858171053500061287, 0.4463917700294981472, 0.5084802891263529023, 0.5706939126317532862, 0.6319667592224011976, 0.6929271638024896429, 0.7531516009051347771, 0.8133874286904341222, 0.8747255554125501487, 0.9368306469157047234, 1.000000000000000000 ),
 .UNSPECIFIED. ) ;
#3609 = CARTESIAN_POINT ( 'NONE',  ( 0.4928162476635796208, 0.8000000000000001554, -0.003530807602798507680 ) ) ;
#3610 = VECTOR ( 'NONE', #7944, 1000.000000000000000 ) ;
#3611 = CARTESIAN_POINT ( 'NONE',  ( -0.2428298821554963904, 0.8100000000000001643, 0.1945483698360983005 ) ) ;
#3612 = DIRECTION ( 'NONE',  ( -0.0000000000000000000, -1.000000000000000000, 0.0000000000000000000 ) ) ;
#3613 = DIRECTION ( 'NONE',  ( -0.0000000000000000000, -1.000000000000000000, -0.0000000000000000000 ) ) ;
#3614 =( NAMED_UNIT ( * ) PLANE_ANGLE_UNIT ( ) SI_UNIT ( $, .RADIAN. ) );
#3615 = ORIENTED_EDGE ( 'NONE', *, *, #8060, .T. ) ;
#3616 = VECTOR ( 'NONE', #5192, 1000.000000000000000 ) ;
#3617 = STYLED_ITEM ( 'NONE', ( #5978 ), #8338 ) ;
#3618 = ORIENTED_EDGE ( 'NONE', *, *, #1726, .F. ) ;
#3619 = CARTESIAN_POINT ( 'NONE',  ( 0.4928162476635793987, 0.8000000000000001554, -0.07366067773266866958 ) ) ;
#3620 =( NAMED_UNIT ( * ) SI_UNIT ( $, .STERADIAN. ) SOLID_ANGLE_UNIT ( ) );
#3621 = DIRECTION ( 'NONE',  ( 1.000000000000000000, -0.0000000000000000000, 0.0000000000000000000 ) ) ;
#3622 = ADVANCED_FACE ( 'NONE', ( #5018 ), #8090, .T. ) ;
#3623 = CARTESIAN_POINT ( 'NONE',  ( -1.499999999999999778, 0.7800000000000001377, -1.099999999999999867 ) ) ;
#3624 = COLOUR_RGB ( '',1.000000000000000000, 0.9490196078431372140, 0.9098039215686274384 ) ;
#3625 = SURFACE_SIDE_STYLE ('',( #1244 ) ) ;
#3626 = LINE ( 'NONE', #9086, #2383 ) ;
#3627 = CARTESIAN_POINT ( 'NONE',  ( -0.2953855265743620118, 0.8100000000000003864, 0.08251454679173662876 ) ) ;
#3628 =( LENGTH_UNIT ( ) NAMED_UNIT ( * ) SI_UNIT ( .MILLI., .METRE. ) );
#3629 = CARTESIAN_POINT ( 'NONE',  ( 0.9215764652520558320, 0.8100000000000001643, 0.05342762561027472601 ) ) ;
#3630 = ORIENTED_EDGE ( 'NONE', *, *, #10065, .F. ) ;
#3631 = SURFACE_STYLE_USAGE ( .BOTH. , #300 ) ;
#3632 = ORIENTED_EDGE ( 'NONE', *, *, #8113, .F. ) ;
#3633 = VECTOR ( 'NONE', #9721, 1000.000000000000000 ) ;
#3634 = UNCERTAINTY_MEASURE_WITH_UNIT (LENGTH_MEASURE( 1.000000000000000082E-05 ), #1937, 'distance_accuracy_value', 'NONE');
#3635 = CARTESIAN_POINT ( 'NONE',  ( -1.065625310777978507, 0.8100000000000001643, -0.1794642491612398194 ) ) ;
#3636 = CARTESIAN_POINT ( 'NONE',  ( -0.6367085372818990230, 0.8100000000000003864, 0.1213210819162676285 ) ) ;
#3637 = CARTESIAN_POINT ( 'NONE',  ( -0.7322774501658564361, 0.8100000000000001643, -0.3379037307884834584 ) ) ;
#3638 = CARTESIAN_POINT ( 'NONE',  ( 0.9957679076120009576, 0.8000000000000001554, 0.08674859314561865486 ) ) ;
#3639 = DIRECTION ( 'NONE',  ( -0.0000000000000000000, -1.000000000000000000, -0.0000000000000000000 ) ) ;
#3640 = EDGE_CURVE ( 'NONE', #4575, #10129, #2109, .T. ) ;
#3641 = CARTESIAN_POINT ( 'NONE',  ( -1.216618443664751137, 0.8000000000000001554, 0.05616803816689309309 ) ) ;
#3642 = COLOUR_RGB ( '',0.09803921568627450844, 0.09803921568627450844, 0.09803921568627450844 ) ;
#3643 = LINE ( 'NONE', #2120, #8881 ) ;
#3644 = CARTESIAN_POINT ( 'NONE',  ( -1.233542939163327024, 0.8000000000000000444, 0.1844551688771766396 ) ) ;
#3645 = CARTESIAN_POINT ( 'NONE',  ( -1.120240453533728253, 0.8100000000000003864, -0.3435700815607422021 ) ) ;
#3646 = ORIENTED_EDGE ( 'NONE', *, *, #8858, .T. ) ;
#3647 = CARTESIAN_POINT ( 'NONE',  ( 1.500000000000000222, 0.7200000000000001954, 1.099999999999999867 ) ) ;
#3648 = CARTESIAN_POINT ( 'NONE',  ( 1.301177325467199664, 0.8100000000000001643, -0.1592501744831093802 ) ) ;
#3649 = ADVANCED_FACE ( 'NONE', ( #5275 ), #1496, .T. ) ;
#3650 = EDGE_LOOP ( 'NONE', ( #6883, #154, #9718, #8021 ) ) ;
#3651 = ORIENTED_EDGE ( 'NONE', *, *, #3052, .F. ) ;
#3652 = UNCERTAINTY_MEASURE_WITH_UNIT (LENGTH_MEASURE( 1.000000000000000082E-05 ), #9275, 'distance_accuracy_value', 'NONE');
#3653 = CARTESIAN_POINT ( 'NONE',  ( 1.273407091777071676, 0.8100000000000002753, -0.2245624962131211044 ) ) ;
#3654 = B_SPLINE_SURFACE_WITH_KNOTS ( 'NONE', 3, 1, ( 
 ( #9951, #1384 ),
 ( #9276, #10099 ),
 ( #4638, #7781 ),
 ( #6888, #6083 ),
 ( #9370, #2345 ),
 ( #8602, #590 ),
 ( #4418, #7573 ),
 ( #9174, #9226 ),
 ( #4531, #10054 ),
 ( #540, #3670 ),
 ( #7724, #6786 ),
 ( #2905, #7675 ),
 ( #642, #3778 ),
 ( #3016, #6137 ),
 ( #2247, #1483 ),
 ( #4582, #6942 ),
 ( #3375, #2591 ),
 ( #1625, #1581 ),
 ( #3971, #7043 ),
 ( #5554, #8705 ),
 ( #1010, #4120 ),
 ( #4072, #7101 ),
 ( #7939, #9532 ),
 ( #4838, #955 ),
 ( #2, #5445 ),
 ( #8592, #7141 ),
 ( #892, #4731 ) ),
 .UNSPECIFIED., .F., .F., .F.,
 ( 4, 1, 1, 1, 1, 1, 1, 1, 1, 1, 1, 1, 1, 1, 1, 1, 1, 1, 1, 1, 1, 1, 1, 1, 4 ),
 ( 2, 2 ),
 ( 0.0000000000000000000, 0.05346306923311663906, 0.1051363392711945899, 0.1554166902432113362, 0.2041270761580542825, 0.2519212596406010252, 0.2982861866945261120, 0.3437694184180700718, 0.3885183434573781236, 0.4318378073052844823, 0.4737712749989412275, 0.5141074109367212985, 0.5530175257275432577, 0.5910753966342215948, 0.6281087403920586620, 0.6643432623689056182, 0.7002430283186951154, 0.7359845406296190440, 0.7717857370783367532, 0.8079623073702695280, 0.8445285208812621791, 0.8818470301515451970, 0.9200313956561455564, 0.9595572328808873452, 1.000000000000000000 ),
 ( 0.0000000000000000000, 1.000000000000000000 ),
 .UNSPECIFIED. ) ;
#3655 = B_SPLINE_CURVE_WITH_KNOTS ( 'NONE', 3,
 ( #496, #6341, #3792, #9490, #6147, #3127, #9286, #3926, #3077, #4701, #10110, #4594, #3881, #7844, #3183, #6284, #3837, #1442, #4650, #7740, #8614, #7112, #8512, #6951, #9441, #2261, #2363 ),
 .UNSPECIFIED., .F., .F.,
 ( 4, 1, 1, 1, 1, 1, 1, 1, 1, 1, 1, 1, 1, 1, 1, 1, 1, 1, 1, 1, 1, 1, 1, 1, 4 ),
 ( 0.0000000000000000000, 0.04015707013925900321, 0.07963175689378183819, 0.1180974765450480551, 0.1562421158998403004, 0.1938009022709647200, 0.2310648084563612092, 0.2684285966322861317, 0.3059844059670874805, 0.3435431923382120667, 0.3812357019822337212, 0.4192913245035548853, 0.4577328137778334805, 0.4967478585053030637, 0.5365834470033722381, 0.5775072338609630318, 0.6196354727237689541, 0.6626583504527312485, 0.7068841325526998842, 0.7518893019667221012, 0.7984445242630240358, 0.8463359046034960587, 0.8958451065923985768, 0.9470229670397259936, 1.000000000000000000 ),
 .UNSPECIFIED. ) ;
#3656 =( NAMED_UNIT ( * ) SI_UNIT ( $, .STERADIAN. ) SOLID_ANGLE_UNIT ( ) );
#3657 = SURFACE_STYLE_USAGE ( .BOTH. , #6727 ) ;
#3658 = EDGE_CURVE ( 'NONE', #9627, #4960, #4440, .T. ) ;
#3659 = CARTESIAN_POINT ( 'NONE',  ( 1.800000000000000266, 0.8000000000000001554, -1.100000000000000089 ) ) ;
#3660 = CIRCLE ( 'NONE', #1877, 0.2999999999999999334 ) ;
#3661 = FILL_AREA_STYLE ('',( #531 ) ) ;
#3662 = CARTESIAN_POINT ( 'NONE',  ( -0.09379089519356294258, 0.8100000000000001643, -0.2830762621482530439 ) ) ;
#3663 = VERTEX_POINT ( 'NONE', #10013 ) ;
#3664 = CARTESIAN_POINT ( 'NONE',  ( 1.989999999999998659, 0.6800000000000000488, -0.9400000000000000577 ) ) ;
#3665 = CARTESIAN_POINT ( 'NONE',  ( 0.7654325952194643845, 0.8100000000000000533, -0.1765044068173539926 ) ) ;
#3666 =( GEOMETRIC_REPRESENTATION_CONTEXT ( 3 ) GLOBAL_UNCERTAINTY_ASSIGNED_CONTEXT ( ( #2446 ) ) GLOBAL_UNIT_ASSIGNED_CONTEXT ( ( #7663, #5241, #9266 ) ) REPRESENTATION_CONTEXT ( 'NONE', 'WORKASPACE' ) );
#3667 = SURFACE_SIDE_STYLE ('',( #9708 ) ) ;
#3668 = SURFACE_SIDE_STYLE ('',( #748 ) ) ;
#3669 = DIRECTION ( 'NONE',  ( -1.748713181428233054E-16, -0.0000000000000000000, -1.000000000000000000 ) ) ;
#3670 = CARTESIAN_POINT ( 'NONE',  ( 0.9467970788574194829, 0.8000000000000002665, -0.2054128830956018226 ) ) ;
#3671 = FILL_AREA_STYLE ('',( #8343 ) ) ;
#3672 = DIRECTION ( 'NONE',  ( 0.0000000000000000000, -1.000000000000000000, 0.0000000000000000000 ) ) ;
#3673 =( LENGTH_UNIT ( ) NAMED_UNIT ( * ) SI_UNIT ( .MILLI., .METRE. ) );
#3674 = CIRCLE ( 'NONE', #1243, 0.2999999999999999334 ) ;
#3675 = SURFACE_SIDE_STYLE ('',( #3829 ) ) ;
#3676 = ORIENTED_EDGE ( 'NONE', *, *, #4951, .T. ) ;
#3677 = CARTESIAN_POINT ( 'NONE',  ( 0.7556723674375671607, 0.8000000000000003775, -0.3205538904295110458 ) ) ;
#3678 = ORIENTED_EDGE ( 'NONE', *, *, #8416, .T. ) ;
#3679 = CARTESIAN_POINT ( 'NONE',  ( -0.1665668410627549056, 0.7999999999999998224, -0.2717092412022345527 ) ) ;
#3680 = FILL_AREA_STYLE_COLOUR ( '', #7849 ) ;
#3681 = CARTESIAN_POINT ( 'NONE',  ( 1.035609183826924795, 0.8100000000000003864, -0.2273456089965739946 ) ) ;
#3682 = PRESENTATION_STYLE_ASSIGNMENT (( #7539 ) ) ;
#3683 = CARTESIAN_POINT ( 'NONE',  ( -1.090425748764178637, 0.8000000000000003775, 0.01395715488077364091 ) ) ;
#3684 = SURFACE_STYLE_USAGE ( .BOTH. , #5117 ) ;
#3685 = PLANE ( 'NONE',  #3056 ) ;
#3686 = CARTESIAN_POINT ( 'NONE',  ( -0.7622920498210256079, 0.8100000000000003864, -0.2812719115885145005 ) ) ;
#3687 = EDGE_LOOP ( 'NONE', ( #936, #9, #7226, #5490 ) ) ;
#3688 = CARTESIAN_POINT ( 'NONE',  ( -1.113685067924365946, 0.8100000000000003864, -0.2728123358256871467 ) ) ;
#3689 = EDGE_LOOP ( 'NONE', ( #1643, #3303, #7384, #7084 ) ) ;
#3690 = MECHANICAL_DESIGN_GEOMETRIC_PRESENTATION_REPRESENTATION (  '', ( #9279 ), #4015 ) ;
#3691 = B_SPLINE_CURVE_WITH_KNOTS ( 'NONE', 3,
 ( #7843, #9438, #4698, #8001, #813, #9546, #1785, #3276, #5522, #2408, #6391, #3925, #968, #4752, #7056, #3227, #8666, #4033, #217 ),
 .UNSPECIFIED., .F., .F.,
 ( 4, 1, 1, 1, 1, 1, 1, 1, 1, 1, 1, 1, 1, 1, 1, 1, 4 ),
 ( 0.0000000000000000000, 0.05804980772933921590, 0.1133158893875000905, 0.1675638359149650425, 0.2211445115033658926, 0.2745827087259842259, 0.3295505316163395704, 0.3848123021795484267, 0.4429482342250157245, 0.5031418890768718510, 0.5643598730162427968, 0.6280011847515517553, 0.6950159250723626503, 0.7646631069963485405, 0.8387685532096205154, 0.9171396849374433558, 1.000000000000000000 ),
 .UNSPECIFIED. ) ;
#3692 = EDGE_CURVE ( 'NONE', #6790, #8206, #6103, .T. ) ;
#3693 = DIRECTION ( 'NONE',  ( -1.000000000000000000, 0.0000000000000000000, 1.204669080539449344E-16 ) ) ;
#3694 = SURFACE_STYLE_FILL_AREA ( #2114 ) ;
#3695 = CARTESIAN_POINT ( 'NONE',  ( -0.7476931185300802474, 0.8000000000000002665, -0.3426888959405314794 ) ) ;
#3696 = PRESENTATION_LAYER_ASSIGNMENT (  '', '', ( #5324 ) ) ;
#3697 = CARTESIAN_POINT ( 'NONE',  ( 2.000000000000001776, 0.0000000000000000000, -1.050000000000000488 ) ) ;
#3698 = CARTESIAN_POINT ( 'NONE',  ( 0.5723211177934495186, 0.8000000000000001554, -0.003530807602798561890 ) ) ;
#3699 = CARTESIAN_POINT ( 'NONE',  ( -1.226272414873336380, 0.8000000000000001554, 0.1703338083589631680 ) ) ;
#3700 = CARTESIAN_POINT ( 'NONE',  ( 1.143224169393867617, 0.8000000000000001554, 0.1984716352287417829 ) ) ;
#3701 = ORIENTED_EDGE ( 'NONE', *, *, #1471, .F. ) ;
#3702 = DIRECTION ( 'NONE',  ( -0.0000000000000000000, -1.000000000000000000, -0.0000000000000000000 ) ) ;
#3703 = CARTESIAN_POINT ( 'NONE',  ( 1.238771301138917424, 0.8000000000000003775, -0.2553041940955312339 ) ) ;
#3704 = VERTEX_POINT ( 'NONE', #3082 ) ;
#3705 = ORIENTED_EDGE ( 'NONE', *, *, #9179, .F. ) ;
#3706 = VECTOR ( 'NONE', #2649, 1000.000000000000000 ) ;
#3707 = EDGE_CURVE ( 'NONE', #6690, #3497, #9246, .T. ) ;
#3708 = CARTESIAN_POINT ( 'NONE',  ( 0.6390418970142287547, 0.8100000000000001643, -0.07366067773266866958 ) ) ;
#3709 = CARTESIAN_POINT ( 'NONE',  ( 0.6876214424687742133, 0.8100000000000001643, -0.007426911498902444980 ) ) ;
#3710 = ADVANCED_FACE ( 'NONE', ( #555 ), #3685, .F. ) ;
#3711 = EDGE_CURVE ( 'NONE', #1935, #6841, #8007, .T. ) ;
#3712 = CARTESIAN_POINT ( 'NONE',  ( 1.365543520390852361, 0.8000000000000001554, -0.1671671712391622489 ) ) ;
#3713 = CARTESIAN_POINT ( 'NONE',  ( -1.000000000000000000, 0.0000000000000000000, -1.149999999999998357 ) ) ;
#3714 = AXIS2_PLACEMENT_3D ( 'NONE', #9899, #7389, #7283 ) ;
#3715 = CARTESIAN_POINT ( 'NONE',  ( 1.353900499534719026, 0.7999999999999999334, -0.2115424283432368879 ) ) ;
#3716 =( LENGTH_UNIT ( ) NAMED_UNIT ( * ) SI_UNIT ( .MILLI., .METRE. ) );
#3717 = CARTESIAN_POINT ( 'NONE',  ( 1.066650840514897558, 0.8099999999999999423, 0.2493248349331850244 ) ) ;
#3718 = ORIENTED_EDGE ( 'NONE', *, *, #7906, .T. ) ;
#3719 = CARTESIAN_POINT ( 'NONE',  ( -0.6436767621682136786, 0.8100000000000001643, 0.1466102923213735143 ) ) ;
#3720 = CARTESIAN_POINT ( 'NONE',  ( 0.7640350305975390777, 0.8000000000000002665, -0.1938786581350903093 ) ) ;
#3721 =( NAMED_UNIT ( * ) SI_UNIT ( $, .STERADIAN. ) SOLID_ANGLE_UNIT ( ) );
#3722 =( NAMED_UNIT ( * ) SI_UNIT ( $, .STERADIAN. ) SOLID_ANGLE_UNIT ( ) );
#3723 = AXIS2_PLACEMENT_3D ( 'NONE', #9604, #5013, #5059 ) ;
#3724 = SURFACE_SIDE_STYLE ('',( #3018 ) ) ;
#3725 = COLOUR_RGB ( '',1.000000000000000000, 0.9490196078431372140, 0.9098039215686274384 ) ;
#3726 =( NAMED_UNIT ( * ) SI_UNIT ( $, .STERADIAN. ) SOLID_ANGLE_UNIT ( ) );
#3727 = DIRECTION ( 'NONE',  ( 1.807003620809173646E-16, 0.0000000000000000000, -1.000000000000000000 ) ) ;
#3728 = DIRECTION ( 'NONE',  ( 0.0000000000000000000, 0.0000000000000000000, 1.000000000000000000 ) ) ;
#3729 = ORIENTED_EDGE ( 'NONE', *, *, #4908, .T. ) ;
#3730 = LINE ( 'NONE', #544, #486 ) ;
#3731 = ORIENTED_EDGE ( 'NONE', *, *, #9630, .F. ) ;
#3732 = PRESENTATION_STYLE_ASSIGNMENT (( #7891 ) ) ;
#3733 =( NAMED_UNIT ( * ) SI_UNIT ( $, .STERADIAN. ) SOLID_ANGLE_UNIT ( ) );
#3734 = VECTOR ( 'NONE', #1509, 1000.000000000000000 ) ;
#3735 = MECHANICAL_DESIGN_GEOMETRIC_PRESENTATION_REPRESENTATION (  '', ( #453 ), #6349 ) ;
#3736 = CARTESIAN_POINT ( 'NONE',  ( 0.9851126227641089361, 0.8000000000000000444, -0.1265673582534462827 ) ) ;
#3737 = FACE_OUTER_BOUND ( 'NONE', #3854, .T. ) ;
#3738 = DIRECTION ( 'NONE',  ( -0.0000000000000000000, -0.0000000000000000000, -1.000000000000000000 ) ) ;
#3739 = FILL_AREA_STYLE_COLOUR ( '', #8435 ) ;
#3740 = CARTESIAN_POINT ( 'NONE',  ( -0.1413969952861351131, 0.8000000000000000444, 0.1680852546308441720 ) ) ;
#3741 = DIRECTION ( 'NONE',  ( 0.0000000000000000000, 0.0000000000000000000, 1.000000000000000000 ) ) ;
#3742 =( LENGTH_UNIT ( ) NAMED_UNIT ( * ) SI_UNIT ( .MILLI., .METRE. ) );
#3743 = ORIENTED_EDGE ( 'NONE', *, *, #8739, .F. ) ;
#3744 = CARTESIAN_POINT ( 'NONE',  ( -1.092025898104808324, 0.8000000000000002665, -0.2550240672135434261 ) ) ;
#3745 = EDGE_LOOP ( 'NONE', ( #8412, #6279, #1065, #3049 ) ) ;
#3746 = UNCERTAINTY_MEASURE_WITH_UNIT (LENGTH_MEASURE( 1.000000000000000082E-05 ), #7890, 'distance_accuracy_value', 'NONE');
#3747 = COLOUR_RGB ( '',1.000000000000000000, 0.8078431372549019773, 0.4980392156862745168 ) ;
#3748 = CARTESIAN_POINT ( 'NONE',  ( -1.899999999999999911, 0.0000000000000000000, 0.3500000000000004219 ) ) ;
#3749 = CARTESIAN_POINT ( 'NONE',  ( -0.9312765738876136457, 0.8000000000000004885, -0.1711366949307232266 ) ) ;
#3750 = DIRECTION ( 'NONE',  ( -0.0000000000000000000, -1.000000000000000000, -0.0000000000000000000 ) ) ;
#3751 = CARTESIAN_POINT ( 'NONE',  ( -1.193152932907940222, 0.8100000000000003864, 0.03184573635084194526 ) ) ;
#3752 = CARTESIAN_POINT ( 'NONE',  ( -0.1507694939970798953, 0.8000000000000001554, 0.2585183525809113259 ) ) ;
#3753 = ADVANCED_FACE ( 'NONE', ( #8722 ), #4087, .T. ) ;
#3754 = DIRECTION ( 'NONE',  ( -1.000000000000000000, 0.0000000000000000000, 0.0000000000000000000 ) ) ;
#3755 = CARTESIAN_POINT ( 'NONE',  ( -0.04751567091220426642, 0.8100000000000003864, -0.1158651187780953135 ) ) ;
#3756 = EDGE_LOOP ( 'NONE', ( #2668, #7825, #9742, #4914 ) ) ;
#3757 = SURFACE_SIDE_STYLE ('',( #3593 ) ) ;
#3758 = STYLED_ITEM ( 'NONE', ( #3021 ), #7024 ) ;
#3759 = EDGE_LOOP ( 'NONE', ( #6193, #2751, #4089, #6304 ) ) ;
#3760 = EDGE_LOOP ( 'NONE', ( #6844, #5811, #4300, #6066 ) ) ;
#3761 = UNCERTAINTY_MEASURE_WITH_UNIT (LENGTH_MEASURE( 1.000000000000000082E-05 ), #7916, 'distance_accuracy_value', 'NONE');
#3762 = PRESENTATION_STYLE_ASSIGNMENT (( #628 ) ) ;
#3763 = CARTESIAN_POINT ( 'NONE',  ( -0.3620487687335807725, 0.8099999999999999423, -0.1089418948871739568 ) ) ;
#3764 = CARTESIAN_POINT ( 'NONE',  ( 0.9218211166493769371, 0.8000000000000004885, -0.1267594068367719484 ) ) ;
#3765 = ADVANCED_FACE ( 'NONE', ( #6288 ), #1694, .F. ) ;
#3766 = SURFACE_STYLE_FILL_AREA ( #794 ) ;
#3767 = EDGE_CURVE ( 'NONE', #9897, #392, #818, .T. ) ;
#3768 = CARTESIAN_POINT ( 'NONE',  ( -0.9355394374033130234, 0.8099999999999999423, -0.1411969333653852188 ) ) ;
#3769 = CARTESIAN_POINT ( 'NONE',  ( -0.05136737768440266527, 0.8099999999999998312, -0.1507744555896411154 ) ) ;
#3770 = CIRCLE ( 'NONE', #478, 0.2999999999999999334 ) ;
#3771 = MECHANICAL_DESIGN_GEOMETRIC_PRESENTATION_REPRESENTATION (  '', ( #10166 ), #2626 ) ;
#3772 = EDGE_LOOP ( 'NONE', ( #3084, #4141, #5787, #1712 ) ) ;
#3773 = UNCERTAINTY_MEASURE_WITH_UNIT (LENGTH_MEASURE( 1.000000000000000082E-05 ), #7489, 'distance_accuracy_value', 'NONE');
#3774 = CARTESIAN_POINT ( 'NONE',  ( -0.6719075499156239584, 0.8000000000000002665, 0.2090018205210318891 ) ) ;
#3775 = CARTESIAN_POINT ( 'NONE',  ( 1.278986388612692204, 0.8100000000000001643, 0.2434951210604668626 ) ) ;
#3776 = PLANE ( 'NONE',  #7416 ) ;
#3777 = STYLED_ITEM ( 'NONE', ( #4073 ), #133 ) ;
#3778 = CARTESIAN_POINT ( 'NONE',  ( 0.9747938491360237379, 0.8000000000000000444, -0.2542840151353533695 ) ) ;
#3779 = SURFACE_SIDE_STYLE ('',( #8502 ) ) ;
#3780 = COLOUR_RGB ( '',1.000000000000000000, 0.8078431372549019773, 0.4980392156862745168 ) ;
#3781 = CARTESIAN_POINT ( 'NONE',  ( -1.199797388700056588, 0.8000000000000001554, 0.03871756902057833793 ) ) ;
#3782 = EDGE_CURVE ( 'NONE', #625, #2099, #3929, .T. ) ;
#3783 = FILL_AREA_STYLE ('',( #1433 ) ) ;
#3784 = SURFACE_STYLE_FILL_AREA ( #10002 ) ;
#3785 = ORIENTED_EDGE ( 'NONE', *, *, #1510, .F. ) ;
#3786 =( LENGTH_UNIT ( ) NAMED_UNIT ( * ) SI_UNIT ( .MILLI., .METRE. ) );
#3787 = VECTOR ( 'NONE', #7353, 1000.000000000000000 ) ;
#3788 = CARTESIAN_POINT ( 'NONE',  ( -0.1343816798228360532, 0.7999999999999993783, -0.2342854547357042239 ) ) ;
#3789 = CARTESIAN_POINT ( 'NONE',  ( 1.700000000000002176, 0.05000000000000000278, -1.249999999999998446 ) ) ;
#3790 = CARTESIAN_POINT ( 'NONE',  ( 1.005892937478177540, 0.8100000000000001643, -0.1837253142556618812 ) ) ;
#3791 = CYLINDRICAL_SURFACE ( 'NONE', #3489, 0.2999999999999999334 ) ;
#3792 = CARTESIAN_POINT ( 'NONE',  ( 1.149281884843293522, 0.8000000000000000444, 0.2687815972033243961 ) ) ;
#3793 = PRESENTATION_STYLE_ASSIGNMENT (( #3684 ) ) ;
#3794 = SURFACE_SIDE_STYLE ('',( #2922 ) ) ;
#3795 = PRESENTATION_LAYER_ASSIGNMENT (  '', '', ( #3617 ) ) ;
#3796 = CARTESIAN_POINT ( 'NONE',  ( -0.6988524890126492917, 0.8100000000000003864, -0.2030442688890864156 ) ) ;
#3797 = CARTESIAN_POINT ( 'NONE',  ( -1.148133226954506148, 0.8100000000000002753, -0.2837463594469754047 ) ) ;
#3798 = EDGE_LOOP ( 'NONE', ( #2846, #7160, #8468, #9905 ) ) ;
#3799 = FACE_BOUND ( 'NONE', #7427, .T. ) ;
#3800 = VECTOR ( 'NONE', #2971, 1000.000000000000000 ) ;
#3801 = AXIS2_PLACEMENT_3D ( 'NONE', #931, #4612, #3849 ) ;
#3802 = STYLED_ITEM ( 'NONE', ( #8802 ), #8398 ) ;
#3803 = FILL_AREA_STYLE_COLOUR ( '', #582 ) ;
#3804 = CARTESIAN_POINT ( 'NONE',  ( -0.2067779081805759256, 0.8100000000000001643, -0.2840502881222789489 ) ) ;
#3805 = CARTESIAN_POINT ( 'NONE',  ( -0.8785024127659318838, 0.8100000000000001643, -0.02690666817324859766 ) ) ;
#3806 = CYLINDRICAL_SURFACE ( 'NONE', #2016, 0.1999999999999992339 ) ;
#3807 = SURFACE_STYLE_FILL_AREA ( #512 ) ;
#3808 = CARTESIAN_POINT ( 'NONE',  ( 0.9135954684428003736, 0.8000000000000002665, -0.03579541799240900518 ) ) ;
#3809 =( LENGTH_UNIT ( ) NAMED_UNIT ( * ) SI_UNIT ( .MILLI., .METRE. ) );
#3810 = VERTEX_POINT ( 'NONE', #1641 ) ;
#3811 = DIRECTION ( 'NONE',  ( 0.0000000000000000000, -0.0000000000000000000, 1.000000000000000000 ) ) ;
#3812 = PRESENTATION_LAYER_ASSIGNMENT (  '', '', ( #5929 ) ) ;
#3813 = EDGE_LOOP ( 'NONE', ( #4860, #82, #2530, #4051 ) ) ;
#3814 = FILL_AREA_STYLE ('',( #7710 ) ) ;
#3815 = CARTESIAN_POINT ( 'NONE',  ( -1.003287648440316149, 0.8100000000000001643, 0.1912743872023965064 ) ) ;
#3816 = LINE ( 'NONE', #4568, #3306 ) ;
#3817 = CARTESIAN_POINT ( 'NONE',  ( -0.9165349270669702619, 0.8100000000000003864, 0.1586085643082465746 ) ) ;
#3818 = CARTESIAN_POINT ( 'NONE',  ( 1.162946117793449696, 0.8000000000000001554, -0.3463879504599414183 ) ) ;
#3819 = CARTESIAN_POINT ( 'NONE',  ( 0.9321019775071114344, 0.8100000000000003864, 0.09297654787666063958 ) ) ;
#3820 = ORIENTED_EDGE ( 'NONE', *, *, #4723, .T. ) ;
#3821 = CARTESIAN_POINT ( 'NONE',  ( -0.6217579532663896069, 0.8000000000000001554, -0.002531280794609042963 ) ) ;
#3822 = CARTESIAN_POINT ( 'NONE',  ( 1.303205858053190447, 0.8000000000000001554, -0.1515827556547468258 ) ) ;
#3823 = FILL_AREA_STYLE ('',( #2087 ) ) ;
#3824 = AXIS2_PLACEMENT_3D ( 'NONE', #6968, #3811, #6455 ) ;
#3825 = CARTESIAN_POINT ( 'NONE',  ( -0.2067779081805759256, 0.7999999999999998224, -0.2840502881222789489 ) ) ;
#3826 =( LENGTH_UNIT ( ) NAMED_UNIT ( * ) SI_UNIT ( .MILLI., .METRE. ) );
#3827 = CARTESIAN_POINT ( 'NONE',  ( -0.8517415787605365773, 0.8100000000000000533, -0.2333801668200149171 ) ) ;
#3828 = DIRECTION ( 'NONE',  ( -1.000000000000000000, 0.0000000000000000000, 0.0000000000000000000 ) ) ;
#3829 = SURFACE_STYLE_FILL_AREA ( #6037 ) ;
#3830 = ORIENTED_EDGE ( 'NONE', *, *, #1224, .T. ) ;
#3831 = STYLED_ITEM ( 'NONE', ( #4140 ), #2388 ) ;
#3832 = CARTESIAN_POINT ( 'NONE',  ( -0.6399907248941266724, 0.8099999999999999423, -0.2121586914474248020 ) ) ;
#3833 = CARTESIAN_POINT ( 'NONE',  ( -0.8681792007788928789, 0.8000000000000000444, 0.1055331639106952685 ) ) ;
#3834 = EDGE_CURVE ( 'NONE', #4588, #5774, #4756, .T. ) ;
#3835 = FILL_AREA_STYLE ('',( #4383 ) ) ;
#3836 = SURFACE_STYLE_FILL_AREA ( #5364 ) ;
#3837 = CARTESIAN_POINT ( 'NONE',  ( 0.9552999482041136803, 0.8000000000000002665, 0.1457032507546791311 ) ) ;
#3838 = SURFACE_STYLE_USAGE ( .BOTH. , #8514 ) ;
#3839 = CARTESIAN_POINT ( 'NONE',  ( -0.9999999999999997780, 0.0000000000000000000, 0.3500000000000005884 ) ) ;
#3840 = B_SPLINE_CURVE_WITH_KNOTS ( 'NONE', 3,
 ( #1089, #7341, #1909, #2730, #5068, #4342, #2622, #3580, #4299, #5885, #1863, #8170, #452, #8978, #5737, #1960, #8215, #8886, #2061 ),
 .UNSPECIFIED., .F., .F.,
 ( 4, 1, 1, 1, 1, 1, 1, 1, 1, 1, 1, 1, 1, 1, 1, 1, 4 ),
 ( 0.0000000000000000000, 0.09513606765129918597, 0.1847313633813591760, 0.2682875644224345102, 0.3465971881315638714, 0.4193050250118303679, 0.4872356976528923744, 0.5505021670267863376, 0.6094154834552107936, 0.6641924973930186660, 0.7154708956004395271, 0.7642516598968451813, 0.8109957637662903451, 0.8569478638665047887, 0.9028837686324792111, 0.9504484131495152255, 1.000000000000000000 ),
 .UNSPECIFIED. ) ;
#3841 = CARTESIAN_POINT ( 'NONE',  ( -0.7622920498210256079, 0.8000000000000002665, -0.2812719115885145005 ) ) ;
#3842 = VERTEX_POINT ( 'NONE', #7381 ) ;
#3843 = CARTESIAN_POINT ( 'NONE',  ( 1.310998065845397464, 0.8100000000000001643, 0.02763802356603255878 ) ) ;
#3844 = EDGE_LOOP ( 'NONE', ( #8056, #121, #9065, #7036 ) ) ;
#3845 = STYLED_ITEM ( 'NONE', ( #7676 ), #3275 ) ;
#3846 = ADVANCED_FACE ( 'NONE', ( #8968 ), #3389, .F. ) ;
#3847 = CARTESIAN_POINT ( 'NONE',  ( 1.800000000000000266, 0.7200000000000001954, 0.7999999999999999334 ) ) ;
#3848 = CARTESIAN_POINT ( 'NONE',  ( -0.05458517045767016101, 0.8000000000000001554, 0.09372027392458512352 ) ) ;
#3849 = DIRECTION ( 'NONE',  ( -1.000000000000000000, 0.0000000000000000000, 1.204669080539449344E-16 ) ) ;
#3850 =( LENGTH_UNIT ( ) NAMED_UNIT ( * ) SI_UNIT ( .MILLI., .METRE. ) );
#3851 = ORIENTED_EDGE ( 'NONE', *, *, #8111, .T. ) ;
#3852 = SURFACE_STYLE_USAGE ( .BOTH. , #4668 ) ;
#3853 = VERTEX_POINT ( 'NONE', #6600 ) ;
#3854 = EDGE_LOOP ( 'NONE', ( #8713, #6897, #3122, #4821 ) ) ;
#3855 = UNCERTAINTY_MEASURE_WITH_UNIT (LENGTH_MEASURE( 1.000000000000000082E-05 ), #7865, 'distance_accuracy_value', 'NONE');
#3856 =( NAMED_UNIT ( * ) SI_UNIT ( $, .STERADIAN. ) SOLID_ANGLE_UNIT ( ) );
#3857 =( GEOMETRIC_REPRESENTATION_CONTEXT ( 3 ) GLOBAL_UNCERTAINTY_ASSIGNED_CONTEXT ( ( #4360 ) ) GLOBAL_UNIT_ASSIGNED_CONTEXT ( ( #5221, #2208, #4547 ) ) REPRESENTATION_CONTEXT ( 'NONE', 'WORKASPACE' ) );
#3858 = DIRECTION ( 'NONE',  ( 0.0000000000000000000, 0.0000000000000000000, -1.000000000000000000 ) ) ;
#3859 =( NAMED_UNIT ( * ) PLANE_ANGLE_UNIT ( ) SI_UNIT ( $, .RADIAN. ) );
#3860 = DIRECTION ( 'NONE',  ( -0.0000000000000000000, -1.000000000000000000, -0.0000000000000000000 ) ) ;
#3861 = FILL_AREA_STYLE_COLOUR ( '', #1954 ) ;
#3862 = CARTESIAN_POINT ( 'NONE',  ( 1.106424468260203575, 0.8000000000000002665, -0.2699731890334267081 ) ) ;
#3863 = EDGE_LOOP ( 'NONE', ( #1272, #5378, #869, #6604 ) ) ;
#3864 = FACE_OUTER_BOUND ( 'NONE', #3187, .T. ) ;
#3865 = MECHANICAL_DESIGN_GEOMETRIC_PRESENTATION_REPRESENTATION (  '', ( #8299 ), #3399 ) ;
#3866 =( GEOMETRIC_REPRESENTATION_CONTEXT ( 3 ) GLOBAL_UNCERTAINTY_ASSIGNED_CONTEXT ( ( #7133 ) ) GLOBAL_UNIT_ASSIGNED_CONTEXT ( ( #4124, #8806, #2596 ) ) REPRESENTATION_CONTEXT ( 'NONE', 'WORKASPACE' ) );
#3867 = CARTESIAN_POINT ( 'NONE',  ( -0.7045288038924701901, 0.8100000000000002753, -0.2200471004612732651 ) ) ;
#3868 = CARTESIAN_POINT ( 'NONE',  ( -0.6332970496464715993, 0.8100000000000003864, -0.1828574044858316539 ) ) ;
#3869 = CARTESIAN_POINT ( 'NONE',  ( -0.7600374193871894946, 0.8000000000000000444, 0.2038730212101721728 ) ) ;
#3870 = EDGE_CURVE ( 'NONE', #625, #2978, #2161, .T. ) ;
#3871 = PRESENTATION_STYLE_ASSIGNMENT (( #753 ) ) ;
#3872 = CARTESIAN_POINT ( 'NONE',  ( -0.8517415787605365773, 0.8000000000000000444, -0.2333801668200149171 ) ) ;
#3873 = VECTOR ( 'NONE', #8637, 1000.000000000000000 ) ;
#3874 = DIRECTION ( 'NONE',  ( 0.0000000000000000000, 0.0000000000000000000, -1.000000000000000000 ) ) ;
#3875 = DIRECTION ( 'NONE',  ( -1.000000000000000000, 0.0000000000000000000, -2.891205793294680200E-15 ) ) ;
#3876 = ORIENTED_EDGE ( 'NONE', *, *, #9500, .T. ) ;
#3877 = CARTESIAN_POINT ( 'NONE',  ( -0.6332970496464715993, 0.8000000000000003775, -0.1828574044858316539 ) ) ;
#3878 = CARTESIAN_POINT ( 'NONE',  ( -0.8281908269478879259, 0.8000000000000002665, 0.1875297628109898196 ) ) ;
#3879 = CARTESIAN_POINT ( 'NONE',  ( 1.005892937478177540, 0.8000000000000000444, -0.1837253142556618812 ) ) ;
#3880 = CARTESIAN_POINT ( 'NONE',  ( -1.145983941985674770, 0.8099999999999999423, -0.01907317185959968991 ) ) ;
#3881 = CARTESIAN_POINT ( 'NONE',  ( 0.9976656638545924327, 0.8000000000000001554, 0.2020889980278666176 ) ) ;
#3882 = PRESENTATION_STYLE_ASSIGNMENT (( #2306 ) ) ;
#3883 = CARTESIAN_POINT ( 'NONE',  ( 1.071171779996396012, 0.8100000000000001643, 0.1762840365562421407 ) ) ;
#3884 = CARTESIAN_POINT ( 'NONE',  ( 0.9390620689355981821, 0.8100000000000000533, -0.1869802145278302019 ) ) ;
#3885 = PLANE ( 'NONE',  #6047 ) ;
#3886 = VERTEX_POINT ( 'NONE', #9649 ) ;
#3887 =( GEOMETRIC_REPRESENTATION_CONTEXT ( 3 ) GLOBAL_UNCERTAINTY_ASSIGNED_CONTEXT ( ( #1413 ) ) GLOBAL_UNIT_ASSIGNED_CONTEXT ( ( #1967, #4258, #2837 ) ) REPRESENTATION_CONTEXT ( 'NONE', 'WORKASPACE' ) );
#3888 = ORIENTED_EDGE ( 'NONE', *, *, #2474, .F. ) ;
#3889 =( NAMED_UNIT ( * ) PLANE_ANGLE_UNIT ( ) SI_UNIT ( $, .RADIAN. ) );
#3890 =( NAMED_UNIT ( * ) PLANE_ANGLE_UNIT ( ) SI_UNIT ( $, .RADIAN. ) );
#3891 = SURFACE_STYLE_FILL_AREA ( #2218 ) ;
#3892 = CARTESIAN_POINT ( 'NONE',  ( 0.6263049177773969411, 0.8100000000000001643, 0.004052721147071307838 ) ) ;
#3893 = CARTESIAN_POINT ( 'NONE',  ( 2.000000000000001776, 0.6000000000000000888, 1.049999999999998268 ) ) ;
#3894 = VECTOR ( 'NONE', #3968, 1000.000000000000000 ) ;
#3895 = CARTESIAN_POINT ( 'NONE',  ( -0.1075030725951924282, 0.8100000000000002753, -0.004860814952737162360 ) ) ;
#3896 = CARTESIAN_POINT ( 'NONE',  ( 0.6803307191035670165, 0.8100000000000003864, -0.07589449121686069055 ) ) ;
#3897 = SURFACE_STYLE_FILL_AREA ( #7964 ) ;
#3898 = DIRECTION ( 'NONE',  ( -1.000000000000000000, 0.0000000000000000000, 0.0000000000000000000 ) ) ;
#3899 = CARTESIAN_POINT ( 'NONE',  ( 1.163198182263800451, 0.8000000000000001554, -0.2760995222270490324 ) ) ;
#3900 = ORIENTED_EDGE ( 'NONE', *, *, #1726, .T. ) ;
#3901 = EDGE_CURVE ( 'NONE', #379, #5729, #3608, .T. ) ;
#3902 = VECTOR ( 'NONE', #1409, 1000.000000000000000 ) ;
#3903 = ORIENTED_EDGE ( 'NONE', *, *, #7793, .F. ) ;
#3904 = AXIS2_PLACEMENT_3D ( 'NONE', #4093, #4965, #2671 ) ;
#3905 = CARTESIAN_POINT ( 'NONE',  ( -1.690000000000001501, 0.6800000000000000488, -1.219999999999999529 ) ) ;
#3906 = B_SPLINE_SURFACE_WITH_KNOTS ( 'NONE', 3, 1, ( 
 ( #2805, #5765 ),
 ( #5923, #4372 ),
 ( #1839, #4952 ),
 ( #9172, #9949 ),
 ( #5352, #2903 ),
 ( #7780, #2143 ),
 ( #5254, #9225 ),
 ( #9320, #5200 ),
 ( #5400, #4530 ),
 ( #8552, #4580 ),
 ( #6886, #3014 ),
 ( #9900, #10097 ),
 ( #7722, #2295 ),
 ( #6136, #8393 ),
 ( #1428, #9121 ),
 ( #10052, #7672 ),
 ( #1482, #1535 ),
 ( #1383, #538 ),
 ( #4480, #6176 ) ),
 .UNSPECIFIED., .F., .F., .F.,
 ( 4, 1, 1, 1, 1, 1, 1, 1, 1, 1, 1, 1, 1, 1, 1, 1, 4 ),
 ( 2, 2 ),
 ( 0.0000000000000000000, 0.03476247499314130684, 0.06921761996766298553, 0.1040827908270605118, 0.1396233419469607717, 0.1780076438586627730, 0.2187066205196006308, 0.2628484765996418338, 0.3106326191763026934, 0.3641701430560785879, 0.4264757682148802576, 0.4977490005588234290, 0.5783092054372712676, 0.6685643758583321716, 0.7690571095696285830, 0.8794894768587031564, 1.000000000000000000 ),
 ( 0.0000000000000000000, 1.000000000000000000 ),
 .UNSPECIFIED. ) ;
#3907 = CARTESIAN_POINT ( 'NONE',  ( -1.309817064530104380, 0.8100000000000002753, -0.2087509718780261314 ) ) ;
#3908 = CARTESIAN_POINT ( 'NONE',  ( 0.9999999999999997780, 0.0000000000000000000, -0.3500000000000000333 ) ) ;
#3909 = SURFACE_STYLE_FILL_AREA ( #793 ) ;
#3910 = CARTESIAN_POINT ( 'NONE',  ( -0.8179017375633762521, 0.7999999999999999334, -0.3419984289488350870 ) ) ;
#3911 = CARTESIAN_POINT ( 'NONE',  ( 0.9648946584168316409, 0.8100000000000002753, 0.1612610342593930879 ) ) ;
#3912 = EDGE_LOOP ( 'NONE', ( #7981, #7556, #3949, #6459, #3038, #7441, #4444, #2211, #8874, #9408, #557, #1984, #1287, #758 ) ) ;
#3913 = CARTESIAN_POINT ( 'NONE',  ( -0.6237580508150720737, 0.8100000000000000533, 0.03178970159409370833 ) ) ;
#3914 = CARTESIAN_POINT ( 'NONE',  ( 1.800000000000000933, 0.0000000000000000000, 1.249999999999998668 ) ) ;
#3915 = CARTESIAN_POINT ( 'NONE',  ( 1.244803686854568658, 0.7999999999999998224, 0.1812377336217725898 ) ) ;
#3916 = CARTESIAN_POINT ( 'NONE',  ( -0.3643266094792772525, 0.7999999999999999334, -0.03835223617422706122 ) ) ;
#3917 = STYLED_ITEM ( 'NONE', ( #4967 ), #4939 ) ;
#3918 = FILL_AREA_STYLE_COLOUR ( '', #5553 ) ;
#3919 = CARTESIAN_POINT ( 'NONE',  ( -1.125031846311057793, 0.8000000000000000444, 0.05372647368618761743 ) ) ;
#3920 = CARTESIAN_POINT ( 'NONE',  ( 1.900000000000001910, 0.05000000000000000278, 0.9500000000000000666 ) ) ;
#3921 = VERTEX_POINT ( 'NONE', #2147 ) ;
#3922 = FILL_AREA_STYLE ('',( #5519 ) ) ;
#3923 = CARTESIAN_POINT ( 'NONE',  ( -0.8749888094583874176, 0.7999999999999999334, 0.05650560644631889146 ) ) ;
#3924 = PRESENTATION_LAYER_ASSIGNMENT (  '', '', ( #8700 ) ) ;
#3925 = CARTESIAN_POINT ( 'NONE',  ( -1.237738008173912441, 0.7999999999999999334, -0.2339483547682696674 ) ) ;
#3926 = CARTESIAN_POINT ( 'NONE',  ( 1.066650840514897558, 0.7999999999999999334, 0.2493248349331850244 ) ) ;
#3927 = CARTESIAN_POINT ( 'NONE',  ( 1.105229849574814294, 0.8000000000000000444, 0.1911855693658724986 ) ) ;
#3928 = LINE ( 'NONE', #8669, #2821 ) ;
#3929 = LINE ( 'NONE', #5526, #9943 ) ;
#3930 = FILL_AREA_STYLE_COLOUR ( '', #2776 ) ;
#3931 = EDGE_LOOP ( 'NONE', ( #7488, #214, #6869, #5335, #8051 ) ) ;
#3932 = COLOUR_RGB ( '',0.09803921568627450844, 0.09803921568627450844, 0.09803921568627450844 ) ;
#3933 = PRESENTATION_STYLE_ASSIGNMENT (( #9652 ) ) ;
#3934 = CIRCLE ( 'NONE', #7884, 0.1999999999999990119 ) ;
#3935 = ORIENTED_EDGE ( 'NONE', *, *, #2157, .T. ) ;
#3936 = CARTESIAN_POINT ( 'NONE',  ( -1.187229900073485833, 0.8100000000000002753, 0.1212128104563085229 ) ) ;
#3937 = CARTESIAN_POINT ( 'NONE',  ( -0.7902972601302427069, 0.8100000000000000533, 0.2064814501221109433 ) ) ;
#3938 = CARTESIAN_POINT ( 'NONE',  ( -0.2916972305985303660, 0.7999999999999997113, -0.1818803336141378568 ) ) ;
#3939 = EDGE_CURVE ( 'NONE', #2266, #8661, #7728, .T. ) ;
#3940 = STYLED_ITEM ( 'NONE', ( #4327 ), #646 ) ;
#3941 = CARTESIAN_POINT ( 'NONE',  ( -2.000000000000001776, 0.6000000000000000888, 1.050000000000000044 ) ) ;
#3942 =( GEOMETRIC_REPRESENTATION_CONTEXT ( 3 ) GLOBAL_UNCERTAINTY_ASSIGNED_CONTEXT ( ( #7643 ) ) GLOBAL_UNIT_ASSIGNED_CONTEXT ( ( #8511, #4431, #6950 ) ) REPRESENTATION_CONTEXT ( 'NONE', 'WORKASPACE' ) );
#3943 = CARTESIAN_POINT ( 'NONE',  ( -1.255544182972458067, 0.8100000000000001643, -0.3120825703105702953 ) ) ;
#3944 = SURFACE_SIDE_STYLE ('',( #7017 ) ) ;
#3945 = CARTESIAN_POINT ( 'NONE',  ( 1.098188266455542905, 0.8100000000000000533, 0.2605787760026003763 ) ) ;
#3946 = VERTEX_POINT ( 'NONE', #8344 ) ;
#3947 =( NAMED_UNIT ( * ) SI_UNIT ( $, .STERADIAN. ) SOLID_ANGLE_UNIT ( ) );
#3948 = CARTESIAN_POINT ( 'NONE',  ( 1.106424468260203575, 0.8100000000000002753, -0.2699731890334267081 ) ) ;
#3949 = ORIENTED_EDGE ( 'NONE', *, *, #5839, .F. ) ;
#3950 = VECTOR ( 'NONE', #5078, 1000.000000000000000 ) ;
#3951 = PRESENTATION_LAYER_ASSIGNMENT (  '', '', ( #7415 ) ) ;
#3952 = VECTOR ( 'NONE', #1580, 1000.000000000000000 ) ;
#3953 = UNCERTAINTY_MEASURE_WITH_UNIT (LENGTH_MEASURE( 1.000000000000000082E-05 ), #10018, 'distance_accuracy_value', 'NONE');
#3954 = FILL_AREA_STYLE_COLOUR ( '', #8785 ) ;
#3955 = DIRECTION ( 'NONE',  ( -1.000000000000000000, 0.0000000000000000000, 0.0000000000000000000 ) ) ;
#3956 = CARTESIAN_POINT ( 'NONE',  ( -1.299891214641170967, 0.8100000000000000533, -0.2451712431717135987 ) ) ;
#3957 = STYLED_ITEM ( 'NONE', ( #4970 ), #1859 ) ;
#3958 = CARTESIAN_POINT ( 'NONE',  ( -0.2049516094792772358, 0.8100000000000001643, 0.2691964651244741491 ) ) ;
#3959 = STYLED_ITEM ( 'NONE', ( #7899 ), #9876 ) ;
#3960 = VECTOR ( 'NONE', #5171, 1000.000000000000000 ) ;
#3961 = ADVANCED_FACE ( 'NONE', ( #6085 ), #6743, .F. ) ;
#3962 = CARTESIAN_POINT ( 'NONE',  ( -1.950000000000001510, 0.6100000000000000977, 0.9499999999999996225 ) ) ;
#3963 = MECHANICAL_DESIGN_GEOMETRIC_PRESENTATION_REPRESENTATION (  '', ( #3163 ), #9397 ) ;
#3964 = FILL_AREA_STYLE ('',( #9580 ) ) ;
#3965 = CARTESIAN_POINT ( 'NONE',  ( 0.9859658305390900379, 0.8099999999999999423, 0.1895063845676086267 ) ) ;
#3966 = ORIENTED_EDGE ( 'NONE', *, *, #1847, .F. ) ;
#3967 = COLOUR_RGB ( '',1.000000000000000000, 0.9490196078431372140, 0.9098039215686274384 ) ;
#3968 = DIRECTION ( 'NONE',  ( 2.891205793294681383E-15, -0.0000000000000000000, 1.000000000000000000 ) ) ;
#3969 = VECTOR ( 'NONE', #1393, 1000.000000000000000 ) ;
#3970 = B_SPLINE_SURFACE_WITH_KNOTS ( 'NONE', 3, 1, ( 
 ( #4016, #1774 ),
 ( #9631, #2500 ),
 ( #7202, #314 ),
 ( #4889, #6435 ),
 ( #1673, #2588 ),
 ( #8035, #4117 ),
 ( #7152, #157 ),
 ( #3260, #7259 ),
 ( #3469, #1879 ),
 ( #6377, #7305 ),
 ( #4068, #4837 ),
 ( #6528, #1826 ),
 ( #5608, #8752 ),
 ( #4172, #1727 ),
 ( #4219, #8851 ),
 ( #263, #8903 ),
 ( #3421, #4991 ),
 ( #7362, #9001 ),
 ( #3709, #474 ) ),
 .UNSPECIFIED., .F., .F., .F.,
 ( 4, 1, 1, 1, 1, 1, 1, 1, 1, 1, 1, 1, 1, 1, 1, 1, 4 ),
 ( 2, 2 ),
 ( 0.0000000000000000000, 0.07011727593801064806, 0.1369609568469774552, 0.2014968188481068290, 0.2637117777106872119, 0.3237954007412569557, 0.3826104934449570671, 0.4409568623826701228, 0.4989442006097211668, 0.5571489948918736390, 0.6154246194944613668, 0.6744519351137616692, 0.7349780549154415477, 0.7972178732457946282, 0.8621162655498988414, 0.9294958646609361441, 1.000000000000000000 ),
 ( 0.0000000000000000000, 1.000000000000000000 ),
 .UNSPECIFIED. ) ;
#3971 = CARTESIAN_POINT ( 'NONE',  ( 1.048523752515592822, 0.8099999999999998312, -0.3202922887673315677 ) ) ;
#3972 = CARTESIAN_POINT ( 'NONE',  ( 1.183525839338007923, 0.8100000000000001643, 0.1984287976153097099 ) ) ;
#3973 = DIRECTION ( 'NONE',  ( -0.0000000000000000000, 0.0000000000000000000, 1.000000000000000000 ) ) ;
#3974 = CARTESIAN_POINT ( 'NONE',  ( -1.308911740235262577, 0.8100000000000001643, 0.1906685355068860332 ) ) ;
#3975 = CARTESIAN_POINT ( 'NONE',  ( -1.040992906325963974, 0.8000000000000002665, -0.05249149452287540929 ) ) ;
#3976 = EDGE_LOOP ( 'NONE', ( #6734, #6547, #3243, #2241, #1015, #1237, #10069, #338, #1379, #10046, #1185, #274, #8909, #3978 ) ) ;
#3977 = CARTESIAN_POINT ( 'NONE',  ( 0.7752531383805759679, 0.8100000000000002753, 0.09044907889121650557 ) ) ;
#3978 = ORIENTED_EDGE ( 'NONE', *, *, #4577, .T. ) ;
#3979 = SURFACE_STYLE_FILL_AREA ( #5764 ) ;
#3980 = CARTESIAN_POINT ( 'NONE',  ( -0.8363725359696083661, 0.8000000000000003775, 0.1789007281616852019 ) ) ;
#3981 = DIRECTION ( 'NONE',  ( -1.000000000000000000, -0.0000000000000000000, -0.0000000000000000000 ) ) ;
#3982 = CARTESIAN_POINT ( 'NONE',  ( -0.2915558241555160635, 0.7999999999999998224, 0.1055331639106950742 ) ) ;
#3983 =( NAMED_UNIT ( * ) SI_UNIT ( $, .STERADIAN. ) SOLID_ANGLE_UNIT ( ) );
#3984 = CARTESIAN_POINT ( 'NONE',  ( -0.7259984298019532822, 0.8000000000000002665, -0.2562567862401693430 ) ) ;
#3985 = CARTESIAN_POINT ( 'NONE',  ( 0.9854283960046634760, 0.8099999999999999423, -0.2682579452292372379 ) ) ;
#3986 = DIRECTION ( 'NONE',  ( -1.000000000000000000, 0.0000000000000000000, -5.421010862427534003E-16 ) ) ;
#3987 =( NAMED_UNIT ( * ) SI_UNIT ( $, .STERADIAN. ) SOLID_ANGLE_UNIT ( ) );
#3988 = PRESENTATION_LAYER_ASSIGNMENT (  '', '', ( #8418 ) ) ;
#3989 = ORIENTED_EDGE ( 'NONE', *, *, #4782, .F. ) ;
#3990 = FACE_OUTER_BOUND ( 'NONE', #3406, .T. ) ;
#3991 = EDGE_LOOP ( 'NONE', ( #2265, #1057, #922, #7654, #5181, #1895, #4112, #454, #2670, #9969, #3499, #2495 ) ) ;
#3992 = CARTESIAN_POINT ( 'NONE',  ( 1.244803686854568658, 0.8099999999999997202, 0.1812377336217725898 ) ) ;
#3993 = CARTESIAN_POINT ( 'NONE',  ( -0.7697422482736605565, 0.8000000000000000444, 0.2065145937873865134 ) ) ;
#3994 =( NAMED_UNIT ( * ) PLANE_ANGLE_UNIT ( ) SI_UNIT ( $, .RADIAN. ) );
#3995 =( GEOMETRIC_REPRESENTATION_CONTEXT ( 3 ) GLOBAL_UNCERTAINTY_ASSIGNED_CONTEXT ( ( #4266 ) ) GLOBAL_UNIT_ASSIGNED_CONTEXT ( ( #6962, #4453, #6060 ) ) REPRESENTATION_CONTEXT ( 'NONE', 'WORKASPACE' ) );
#3996 = CARTESIAN_POINT ( 'NONE',  ( 0.6463687232190381549, 0.8100000000000000533, 0.01599857230059262628 ) ) ;
#3997 = CARTESIAN_POINT ( 'NONE',  ( -1.160842630766435457, 0.8099999999999999423, -0.3462433993024726098 ) ) ;
#3998 = DIRECTION ( 'NONE',  ( -0.0000000000000000000, -0.0000000000000000000, -1.000000000000000000 ) ) ;
#3999 = CARTESIAN_POINT ( 'NONE',  ( 1.162946117793449696, 0.8100000000000001643, -0.3463879504599414183 ) ) ;
#4000 = SURFACE_STYLE_FILL_AREA ( #8833 ) ;
#4001 = EDGE_LOOP ( 'NONE', ( #8972, #7513, #136, #5223 ) ) ;
#4002 = CARTESIAN_POINT ( 'NONE',  ( 0.9940876355125620734, 0.8100000000000000533, -0.1567077664659033143 ) ) ;
#4003 = EDGE_LOOP ( 'NONE', ( #246, #7051, #5143, #520 ) ) ;
#4004 = VECTOR ( 'NONE', #1395, 1000.000000000000000 ) ;
#4005 = ADVANCED_FACE ( 'NONE', ( #9177 ), #7345, .T. ) ;
#4006 = CARTESIAN_POINT ( 'NONE',  ( -1.065934427985388622, 0.8000000000000002665, -0.1726177480111338314 ) ) ;
#4007 = CARTESIAN_POINT ( 'NONE',  ( -0.7797486874013552782, 0.8000000000000001554, 0.2068588027868120960 ) ) ;
#4008 = CARTESIAN_POINT ( 'NONE',  ( -1.293121961817235821, 0.8100000000000001643, -0.2612511604801152076 ) ) ;
#4009 = SURFACE_SIDE_STYLE ('',( #890 ) ) ;
#4010 = CARTESIAN_POINT ( 'NONE',  ( -0.04513457664301288863, 0.8099999999999999423, -0.002531280794609273681 ) ) ;
#4011 = CARTESIAN_POINT ( 'NONE',  ( -0.06336734827075016230, 0.7999999999999998224, -0.2121586914474249963 ) ) ;
#4012 = CARTESIAN_POINT ( 'NONE',  ( -0.7808444666221344699, 0.7999999999999999334, -0.3463879504599410852 ) ) ;
#4013 = ADVANCED_FACE ( 'NONE', ( #5512 ), #9734, .T. ) ;
#4014 = ORIENTED_EDGE ( 'NONE', *, *, #4269, .F. ) ;
#4015 =( GEOMETRIC_REPRESENTATION_CONTEXT ( 3 ) GLOBAL_UNCERTAINTY_ASSIGNED_CONTEXT ( ( #8899 ) ) GLOBAL_UNIT_ASSIGNED_CONTEXT ( ( #1777, #515, #2594 ) ) REPRESENTATION_CONTEXT ( 'NONE', 'WORKASPACE' ) );
#4016 = CARTESIAN_POINT ( 'NONE',  ( 0.8278811827285144087, 0.8100000000000001643, -0.1732548335768245018 ) ) ;
#4017 = CARTESIAN_POINT ( 'NONE',  ( 1.500000000000000222, 0.7000000000000000666, -1.120000000000000107 ) ) ;
#4018 = FILL_AREA_STYLE ('',( #5509 ) ) ;
#4019 =( NAMED_UNIT ( * ) PLANE_ANGLE_UNIT ( ) SI_UNIT ( $, .RADIAN. ) );
#4020 = PRESENTATION_LAYER_ASSIGNMENT (  '', '', ( #6308 ) ) ;
#4021 = CARTESIAN_POINT ( 'NONE',  ( 1.306613506868269381, 0.8100000000000001643, 0.1418142013642303689 ) ) ;
#4022 = SURFACE_SIDE_STYLE ('',( #3377 ) ) ;
#4023 =( LENGTH_UNIT ( ) NAMED_UNIT ( * ) SI_UNIT ( .MILLI., .METRE. ) );
#4024 = SURFACE_SIDE_STYLE ('',( #1542 ) ) ;
#4025 = CARTESIAN_POINT ( 'NONE',  ( -1.899999999999999911, 0.05000000000000000278, -0.3500000000000001998 ) ) ;
#4026 = EDGE_CURVE ( 'NONE', #2765, #8426, #2551, .T. ) ;
#4027 = ORIENTED_EDGE ( 'NONE', *, *, #5146, .T. ) ;
#4028 = CARTESIAN_POINT ( 'NONE',  ( 0.7414669201178065716, 0.8000000000000001554, 0.03824852833896076609 ) ) ;
#4029 = ORIENTED_EDGE ( 'NONE', *, *, #3100, .T. ) ;
#4030 = PRESENTATION_STYLE_ASSIGNMENT (( #5716 ) ) ;
#4031 = EDGE_CURVE ( 'NONE', #1329, #7132, #7315, .T. ) ;
#4032 = FILL_AREA_STYLE ('',( #3429 ) ) ;
#4033 = CARTESIAN_POINT ( 'NONE',  ( -1.252596708716998020, 0.8000000000000001554, -0.1642492628238696184 ) ) ;
#4034 = CARTESIAN_POINT ( 'NONE',  ( 1.167085728183060001, 0.8100000000000001643, 0.2691964651244740936 ) ) ;
#4035 = CARTESIAN_POINT ( 'NONE',  ( 0.6995323158840351940, 0.8000000000000003775, -0.0009342659785639942545 ) ) ;
#4036 = CARTESIAN_POINT ( 'NONE',  ( 0.9957679076120009576, 0.8000000000000000444, 0.08674859314561865486 ) ) ;
#4037 = CARTESIAN_POINT ( 'NONE',  ( 0.9218211166493769371, 0.8100000000000004974, -0.1267594068367719484 ) ) ;
#4038 =( NAMED_UNIT ( * ) PLANE_ANGLE_UNIT ( ) SI_UNIT ( $, .RADIAN. ) );
#4039 =( LENGTH_UNIT ( ) NAMED_UNIT ( * ) SI_UNIT ( .MILLI., .METRE. ) );
#4040 = ORIENTED_EDGE ( 'NONE', *, *, #9179, .T. ) ;
#4041 = CARTESIAN_POINT ( 'NONE',  ( -1.051665169042145020, 0.8100000000000000533, -0.3071895767487345941 ) ) ;
#4042 = ORIENTED_EDGE ( 'NONE', *, *, #9311, .F. ) ;
#4043 = FILL_AREA_STYLE ('',( #3394 ) ) ;
#4044 = DIRECTION ( 'NONE',  ( -0.0000000000000000000, -1.000000000000000000, -0.0000000000000000000 ) ) ;
#4045 = FILL_AREA_STYLE ('',( #9560 ) ) ;
#4046 =( NAMED_UNIT ( * ) PLANE_ANGLE_UNIT ( ) SI_UNIT ( $, .RADIAN. ) );
#4047 = CARTESIAN_POINT ( 'NONE',  ( 1.899999999999999911, 0.05000000000000000278, -0.3500000000000001998 ) ) ;
#4048 =( NAMED_UNIT ( * ) SI_UNIT ( $, .STERADIAN. ) SOLID_ANGLE_UNIT ( ) );
#4049 = CARTESIAN_POINT ( 'NONE',  ( -0.1556540735424798150, 0.8000000000000002665, -0.3379037307884836805 ) ) ;
#4050 = DIRECTION ( 'NONE',  ( -0.0000000000000000000, -1.000000000000000000, -0.0000000000000000000 ) ) ;
#4051 = ORIENTED_EDGE ( 'NONE', *, *, #258, .F. ) ;
#4052 = PRESENTATION_STYLE_ASSIGNMENT (( #8782 ) ) ;
#4053 = VERTEX_POINT ( 'NONE', #1883 ) ;
#4054 = UNCERTAINTY_MEASURE_WITH_UNIT (LENGTH_MEASURE( 1.000000000000000082E-05 ), #8696, 'distance_accuracy_value', 'NONE');
#4055 = CARTESIAN_POINT ( 'NONE',  ( -1.145983941985674770, 0.7999999999999999334, -0.01907317185959968991 ) ) ;
#4056 = STYLED_ITEM ( 'NONE', ( #585 ), #5588 ) ;
#4057 = EDGE_CURVE ( 'NONE', #5312, #9250, #6487, .T. ) ;
#4058 =( LENGTH_UNIT ( ) NAMED_UNIT ( * ) SI_UNIT ( .MILLI., .METRE. ) );
#4059 = FILL_AREA_STYLE ('',( #3205 ) ) ;
#4060 = CARTESIAN_POINT ( 'NONE',  ( -0.04751567091220426642, 0.8000000000000003775, -0.1158651187780953135 ) ) ;
#4061 = CYLINDRICAL_SURFACE ( 'NONE', #1200, 0.2999999999999999334 ) ;
#4062 = PLANE ( 'NONE',  #5612 ) ;
#4063 =( GEOMETRIC_REPRESENTATION_CONTEXT ( 3 ) GLOBAL_UNCERTAINTY_ASSIGNED_CONTEXT ( ( #3761 ) ) GLOBAL_UNIT_ASSIGNED_CONTEXT ( ( #7916, #7128, #4157 ) ) REPRESENTATION_CONTEXT ( 'NONE', 'WORKASPACE' ) );
#4064 = VERTEX_POINT ( 'NONE', #4075 ) ;
#4065 = UNCERTAINTY_MEASURE_WITH_UNIT (LENGTH_MEASURE( 1.000000000000000082E-05 ), #2907, 'distance_accuracy_value', 'NONE');
#4066 = FILL_AREA_STYLE_COLOUR ( '', #6835 ) ;
#4067 = PRODUCT_RELATED_PRODUCT_CATEGORY ( 'part', '', ( #5949 ) ) ;
#4068 = CARTESIAN_POINT ( 'NONE',  ( 0.7826152031069739667, 0.8099999999999999423, -0.05134502408322912798 ) ) ;
#4069 = PRESENTATION_LAYER_ASSIGNMENT (  '', '', ( #3758 ) ) ;
#4070 = CARTESIAN_POINT ( 'NONE',  ( -0.7834012848039526578, 0.8000000000000001554, -0.2840502881222787268 ) ) ;
#4071 = EDGE_CURVE ( 'NONE', #1610, #687, #5574, .T. ) ;
#4072 = CARTESIAN_POINT ( 'NONE',  ( 1.093981984818054753, 0.8099999999999998312, -0.3379218494134918482 ) ) ;
#4073 = PRESENTATION_STYLE_ASSIGNMENT (( #3322 ) ) ;
#4074 = LINE ( 'NONE', #5611, #4548 ) ;
#4075 = CARTESIAN_POINT ( 'NONE',  ( -0.5279629731156411099, 0.8000000000000001554, 0.1756899716179806670 ) ) ;
#4076 = CARTESIAN_POINT ( 'NONE',  ( -1.297289263851329144, 0.8099999999999999423, 0.1645249279803273623 ) ) ;
#4077 = ORIENTED_EDGE ( 'NONE', *, *, #1006, .F. ) ;
#4078 = CARTESIAN_POINT ( 'NONE',  ( -0.9409499861026539014, 0.8100000000000001643, -0.03835223617422683917 ) ) ;
#4079 = MECHANICAL_DESIGN_GEOMETRIC_PRESENTATION_REPRESENTATION (  '', ( #4890 ), #6849 ) ;
#4080 = ORIENTED_EDGE ( 'NONE', *, *, #6830, .T. ) ;
#4081 = CARTESIAN_POINT ( 'NONE',  ( -0.6839166212849482340, 0.8100000000000002753, -0.02702830974468099778 ) ) ;
#4082 = CARTESIAN_POINT ( 'NONE',  ( -1.899999999999999911, 0.0000000000000000000, 0.3500000000000004219 ) ) ;
#4083 = DIRECTION ( 'NONE',  ( 0.0000000000000000000, 0.0000000000000000000, 1.000000000000000000 ) ) ;
#4084 = CARTESIAN_POINT ( 'NONE',  ( -1.219157559580707151, 0.8100000000000002753, -0.2594635449536922822 ) ) ;
#4085 = PRESENTATION_LAYER_ASSIGNMENT (  '', '', ( #8521 ) ) ;
#4086 = CARTESIAN_POINT ( 'NONE',  ( 0.8166320199283931824, 0.8000000000000005995, -0.2444883059245302470 ) ) ;
#4087 = PLANE ( 'NONE',  #9448 ) ;
#4088 = CARTESIAN_POINT ( 'NONE',  ( -1.990000000000001323, 0.6100000000000000977, -1.239999999999999991 ) ) ;
#4089 = ORIENTED_EDGE ( 'NONE', *, *, #49, .F. ) ;
#4090 = ORIENTED_EDGE ( 'NONE', *, *, #4214, .T. ) ;
#4091 = AXIS2_PLACEMENT_3D ( 'NONE', #209, #6378, #9633 ) ;
#4092 = AXIS2_PLACEMENT_3D ( 'NONE', #6923, #6969, #9207 ) ;
#4093 = CARTESIAN_POINT ( 'NONE',  ( -2.000000000000000000, 0.6000000000000000888, -1.249999999999999556 ) ) ;
#4094 = CARTESIAN_POINT ( 'NONE',  ( -0.7506933303809708580, 0.8000000000000003775, 0.2000470469116946148 ) ) ;
#4095 = CARTESIAN_POINT ( 'NONE',  ( 0.0000000000000000000, 0.0000000000000000000, 0.0000000000000000000 ) ) ;
#4096 = CARTESIAN_POINT ( 'NONE',  ( -0.8363725359696083661, 0.8100000000000003864, 0.1789007281616852019 ) ) ;
#4097 = CARTESIAN_POINT ( 'NONE',  ( -1.266579167973769460, 0.8100000000000003864, -0.3015624011739933552 ) ) ;
#4098 =( NAMED_UNIT ( * ) PLANE_ANGLE_UNIT ( ) SI_UNIT ( $, .RADIAN. ) );
#4099 = PRESENTATION_LAYER_ASSIGNMENT (  '', '', ( #8534 ) ) ;
#4100 = DIRECTION ( 'NONE',  ( -0.0000000000000000000, -0.0000000000000000000, -1.000000000000000000 ) ) ;
#4101 = CARTESIAN_POINT ( 'NONE',  ( 1.004819604535555966, 0.8100000000000000533, 0.1063211280872873449 ) ) ;
#4102 = CARTESIAN_POINT ( 'NONE',  ( 1.051667708129644163, 0.8100000000000001643, 0.2419576293763644470 ) ) ;
#4103 = VERTEX_POINT ( 'NONE', #5809 ) ;
#4104 = CARTESIAN_POINT ( 'NONE',  ( -1.990000000000001323, 0.7000000000000000666, -1.239999999999999991 ) ) ;
#4105 = CARTESIAN_POINT ( 'NONE',  ( -1.089126333727317375, 0.8000000000000002665, -0.09604842783152381380 ) ) ;
#4106 = LINE ( 'NONE', #2580, #262 ) ;
#4107 = CARTESIAN_POINT ( 'NONE',  ( -1.231069746059653580, 0.8000000000000003775, -0.3291559055244503429 ) ) ;
#4108 = LINE ( 'NONE', #7298, #6347 ) ;
#4109 = CARTESIAN_POINT ( 'NONE',  ( -0.7872339524727940407, 0.7999999999999999334, -0.3461633348896593354 ) ) ;
#4110 = PRESENTATION_LAYER_ASSIGNMENT (  '', '', ( #165 ) ) ;
#4111 = DIRECTION ( 'NONE',  ( 0.0000000000000000000, -0.0000000000000000000, -1.000000000000000000 ) ) ;
#4112 = ORIENTED_EDGE ( 'NONE', *, *, #3022, .F. ) ;
#4113 = DIRECTION ( 'NONE',  ( 1.000000000000000000, 0.0000000000000000000, -0.0000000000000000000 ) ) ;
#4114 = PRESENTATION_LAYER_ASSIGNMENT (  '', '', ( #9222 ) ) ;
#4115 = VECTOR ( 'NONE', #8438, 1000.000000000000000 ) ;
#4116 =( GEOMETRIC_REPRESENTATION_CONTEXT ( 3 ) GLOBAL_UNCERTAINTY_ASSIGNED_CONTEXT ( ( #3553 ) ) GLOBAL_UNIT_ASSIGNED_CONTEXT ( ( #4555, #3994, #41 ) ) REPRESENTATION_CONTEXT ( 'NONE', 'WORKASPACE' ) );
#4117 = CARTESIAN_POINT ( 'NONE',  ( 0.8190837207544214849, 0.8000000000000004885, -0.1110290387136277646 ) ) ;
#4118 =( GEOMETRIC_REPRESENTATION_CONTEXT ( 3 ) GLOBAL_UNCERTAINTY_ASSIGNED_CONTEXT ( ( #2928 ) ) GLOBAL_UNIT_ASSIGNED_CONTEXT ( ( #589, #8500, #9994 ) ) REPRESENTATION_CONTEXT ( 'NONE', 'WORKASPACE' ) );
#4119 = FACE_OUTER_BOUND ( 'NONE', #7106, .T. ) ;
#4120 = CARTESIAN_POINT ( 'NONE',  ( 1.078176355392829855, 0.8000000000000001554, -0.3332583876216480556 ) ) ;
#4121 =( NAMED_UNIT ( * ) PLANE_ANGLE_UNIT ( ) SI_UNIT ( $, .RADIAN. ) );
#4122 = CARTESIAN_POINT ( 'NONE',  ( -1.314975960128627941, 0.8000000000000001554, -0.1671671712391617215 ) ) ;
#4123 =( NAMED_UNIT ( * ) PLANE_ANGLE_UNIT ( ) SI_UNIT ( $, .RADIAN. ) );
#4124 =( LENGTH_UNIT ( ) NAMED_UNIT ( * ) SI_UNIT ( .MILLI., .METRE. ) );
#4125 = CARTESIAN_POINT ( 'NONE',  ( 1.238771301138917424, 0.8100000000000004974, -0.2553041940955312339 ) ) ;
#4126 = ORIENTED_EDGE ( 'NONE', *, *, #1466, .F. ) ;
#4127 = STYLED_ITEM ( 'NONE', ( #2655 ), #1546 ) ;
#4128 = AXIS2_PLACEMENT_3D ( 'NONE', #9922, #613, #6059 ) ;
#4129 = ORIENTED_EDGE ( 'NONE', *, *, #2961, .T. ) ;
#4130 = CARTESIAN_POINT ( 'NONE',  ( 1.012629237985606112, 0.8000000000000000444, -0.1959487082287743875 ) ) ;
#4131 = CARTESIAN_POINT ( 'NONE',  ( 0.9761493331948322139, 0.8000000000000001554, -0.05727748738160613057 ) ) ;
#4132 = LINE ( 'NONE', #169, #7750 ) ;
#4133 = CARTESIAN_POINT ( 'NONE',  ( -1.195480398149911805, 0.8100000000000002753, -0.2761694458504717620 ) ) ;
#4134 = VECTOR ( 'NONE', #327, 1000.000000000000000 ) ;
#4135 = CARTESIAN_POINT ( 'NONE',  ( 0.4928162476635796208, 0.8000000000000001554, -0.07366067773266872509 ) ) ;
#4136 = PRESENTATION_STYLE_ASSIGNMENT (( #172 ) ) ;
#4137 =( NAMED_UNIT ( * ) SI_UNIT ( $, .STERADIAN. ) SOLID_ANGLE_UNIT ( ) );
#4138 = CARTESIAN_POINT ( 'NONE',  ( 1.700000000000002176, 0.05000000000000000278, 1.249999999999998890 ) ) ;
#4139 = SURFACE_STYLE_USAGE ( .BOTH. , #436 ) ;
#4140 = PRESENTATION_STYLE_ASSIGNMENT (( #5154 ) ) ;
#4141 = ORIENTED_EDGE ( 'NONE', *, *, #5903, .F. ) ;
#4142 = DIRECTION ( 'NONE',  ( -1.000000000000000000, 0.0000000000000000000, 0.0000000000000000000 ) ) ;
#4143 = EDGE_CURVE ( 'NONE', #227, #717, #9766, .T. ) ;
#4144 =( NAMED_UNIT ( * ) SI_UNIT ( $, .STERADIAN. ) SOLID_ANGLE_UNIT ( ) );
#4145 = ORIENTED_EDGE ( 'NONE', *, *, #5648, .F. ) ;
#4146 = PRESENTATION_STYLE_ASSIGNMENT (( #6504 ) ) ;
#4147 = ADVANCED_FACE ( 'NONE', ( #7368 ), #5095, .T. ) ;
#4148 = LINE ( 'NONE', #4916, #4904 ) ;
#4149 = EDGE_CURVE ( 'NONE', #3497, #379, #428, .T. ) ;
#4150 = PRESENTATION_STYLE_ASSIGNMENT (( #2524 ) ) ;
#4151 = CARTESIAN_POINT ( 'NONE',  ( -1.003391325586280969, 0.8000000000000002665, -0.1734144828985288433 ) ) ;
#4152 = CARTESIAN_POINT ( 'NONE',  ( 1.162946117793449696, 0.8000000000000001554, -0.3463879504599414183 ) ) ;
#4153 = COLOUR_RGB ( '',1.000000000000000000, 0.9490196078431372140, 0.9098039215686274384 ) ;
#4154 = CARTESIAN_POINT ( 'NONE',  ( -0.3085212060552218194, 0.8100000000000001643, 0.2160824072274388497 ) ) ;
#4155 = FACE_OUTER_BOUND ( 'NONE', #5339, .T. ) ;
#4156 = CARTESIAN_POINT ( 'NONE',  ( 1.156525308719891898, 0.8100000000000001643, 0.1988655995210426020 ) ) ;
#4157 =( NAMED_UNIT ( * ) SI_UNIT ( $, .STERADIAN. ) SOLID_ANGLE_UNIT ( ) );
#4158 = CARTESIAN_POINT ( 'NONE',  ( 1.035609183826924795, 0.8100000000000003864, -0.2273456089965739946 ) ) ;
#4159 = ORIENTED_EDGE ( 'NONE', *, *, #4071, .F. ) ;
#4160 = EDGE_CURVE ( 'NONE', #8647, #5478, #6317, .T. ) ;
#4161 = UNCERTAINTY_MEASURE_WITH_UNIT (LENGTH_MEASURE( 1.000000000000000082E-05 ), #719, 'distance_accuracy_value', 'NONE');
#4162 = CARTESIAN_POINT ( 'NONE',  ( -1.162360428063982987, 0.8000000000000002665, -0.0009270763781112342566 ) ) ;
#4163 = LINE ( 'NONE', #2684, #4606 ) ;
#4164 = CARTESIAN_POINT ( 'NONE',  ( -1.266579167973769460, 0.8100000000000003864, -0.3015624011739933552 ) ) ;
#4165 = DIRECTION ( 'NONE',  ( 0.0000000000000000000, 0.0000000000000000000, 1.000000000000000000 ) ) ;
#4166 = FILL_AREA_STYLE_COLOUR ( '', #7257 ) ;
#4167 = CARTESIAN_POINT ( 'NONE',  ( -0.9408084333435932090, 0.8100000000000001643, -0.02475394004647214416 ) ) ;
#4168 = CARTESIAN_POINT ( 'NONE',  ( -0.8348460148384961865, 0.8100000000000004974, -0.3358419802741366422 ) ) ;
#4169 = PLANE ( 'NONE',  #5946 ) ;
#4170 = ORIENTED_EDGE ( 'NONE', *, *, #2960, .F. ) ;
#4171 = UNCERTAINTY_MEASURE_WITH_UNIT (LENGTH_MEASURE( 1.000000000000000082E-05 ), #5075, 'distance_accuracy_value', 'NONE');
#4172 = CARTESIAN_POINT ( 'NONE',  ( 0.7478760932401522510, 0.8100000000000001643, -0.02651821235046915651 ) ) ;
#4173 = SURFACE_SIDE_STYLE ('',( #5856 ) ) ;
#4174 = FILL_AREA_STYLE ('',( #4794 ) ) ;
#4175 = FILL_AREA_STYLE_COLOUR ( '', #9273 ) ;
#4176 = FILL_AREA_STYLE ('',( #8095 ) ) ;
#4177 = CARTESIAN_POINT ( 'NONE',  ( 1.251710100130058567, 0.8100000000000001643, -0.2464809727721511690 ) ) ;
#4178 = MECHANICAL_DESIGN_GEOMETRIC_PRESENTATION_REPRESENTATION (  '', ( #2395 ), #752 ) ;
#4179 = ORIENTED_EDGE ( 'NONE', *, *, #7098, .T. ) ;
#4180 = VERTEX_POINT ( 'NONE', #2856 ) ;
#4181 =( NAMED_UNIT ( * ) PLANE_ANGLE_UNIT ( ) SI_UNIT ( $, .RADIAN. ) );
#4182 = VECTOR ( 'NONE', #4565, 1000.000000000000000 ) ;
#4183 = CARTESIAN_POINT ( 'NONE',  ( -0.2983654328350107132, 0.8000000000000000444, 0.05650560644631870411 ) ) ;
#4184 = AXIS2_PLACEMENT_3D ( 'NONE', #4138, #1945, #7273 ) ;
#4185 = EDGE_CURVE ( 'NONE', #6092, #9350, #1438, .T. ) ;
#4186 = PLANE ( 'NONE',  #3174 ) ;
#4187 = FILL_AREA_STYLE_COLOUR ( '', #61 ) ;
#4188 = EDGE_CURVE ( 'NONE', #7401, #3132, #9062, .T. ) ;
#4189 = SURFACE_STYLE_USAGE ( .BOTH. , #1790 ) ;
#4190 = CARTESIAN_POINT ( 'NONE',  ( -1.089372771033901621, 0.8000000000000002665, -0.3337852312038583902 ) ) ;
#4191 = FILL_AREA_STYLE ('',( #4233 ) ) ;
#4192 = VERTEX_POINT ( 'NONE', #6881 ) ;
#4193 = CARTESIAN_POINT ( 'NONE',  ( 0.9999999999999997780, 0.0000000000000000000, 0.3500000000000005884 ) ) ;
#4194 = CARTESIAN_POINT ( 'NONE',  ( -0.7180203719095117343, 0.8000000000000003775, 0.1680852546308443662 ) ) ;
#4195 = CARTESIAN_POINT ( 'NONE',  ( -1.014574653929261938, 0.8000000000000001554, -0.1074261008384577720 ) ) ;
#4196 = CARTESIAN_POINT ( 'NONE',  ( 1.188944923959164734, 0.8100000000000000533, -0.3458281715700081693 ) ) ;
#4197 = CARTESIAN_POINT ( 'NONE',  ( -0.2049516094792772636, 0.7999999999999999334, 0.2691964651244742046 ) ) ;
#4198 = LINE ( 'NONE', #1958, #10040 ) ;
#4199 = CARTESIAN_POINT ( 'NONE',  ( 1.373335728183060045, 0.8100000000000001643, 0.1772727638257728111 ) ) ;
#4200 = DIRECTION ( 'NONE',  ( 0.0000000000000000000, 0.0000000000000000000, -1.000000000000000000 ) ) ;
#4201 = ORIENTED_EDGE ( 'NONE', *, *, #4654, .F. ) ;
#4202 = EDGE_LOOP ( 'NONE', ( #660, #4823, #7116, #46, #4077, #7189 ) ) ;
#4203 = CIRCLE ( 'NONE', #9629, 0.02000000000000005246 ) ;
#4204 = CIRCLE ( 'NONE', #9965, 0.3041381265149101232 ) ;
#4205 = SURFACE_STYLE_USAGE ( .BOTH. , #5743 ) ;
#4206 = CARTESIAN_POINT ( 'NONE',  ( -1.243689114486436376, 0.8000000000000000444, -0.3212259561874153957 ) ) ;
#4207 = DIRECTION ( 'NONE',  ( -0.0000000000000000000, -1.000000000000000000, -0.0000000000000000000 ) ) ;
#4208 = EDGE_CURVE ( 'NONE', #4771, #231, #9393, .T. ) ;
#4209 = CARTESIAN_POINT ( 'NONE',  ( 0.8277482735661993996, 0.8000000000000001554, -0.1676507290365069902 ) ) ;
#4210 = CARTESIAN_POINT ( 'NONE',  ( 0.6917302621551199016, 0.8000000000000002665, 0.07137405915739543361 ) ) ;
#4211 = CARTESIAN_POINT ( 'NONE',  ( 0.7173054103349338906, 0.8100000000000001643, 0.1155489574089784699 ) ) ;
#4212 = CARTESIAN_POINT ( 'NONE',  ( -1.012759598405133188, 0.8000000000000003775, -0.2401459548941218825 ) ) ;
#4213 =( NAMED_UNIT ( * ) PLANE_ANGLE_UNIT ( ) SI_UNIT ( $, .RADIAN. ) );
#4214 = EDGE_CURVE ( 'NONE', #7707, #8039, #108, .T. ) ;
#4215 = STYLED_ITEM ( 'NONE', ( #5548 ), #6154 ) ;
#4216 = ORIENTED_EDGE ( 'NONE', *, *, #9802, .F. ) ;
#4217 = AXIS2_PLACEMENT_3D ( 'NONE', #9483, #4997, #7313 ) ;
#4218 = CARTESIAN_POINT ( 'NONE',  ( 1.310998065845397242, 0.8000000000000001554, 0.02763802356603255878 ) ) ;
#4219 = CARTESIAN_POINT ( 'NONE',  ( 0.7342604685838813872, 0.8100000000000002753, -0.02017343985562472866 ) ) ;
#4220 = LINE ( 'NONE', #3470, #5263 ) ;
#4221 = CARTESIAN_POINT ( 'NONE',  ( 1.500000000000000222, 0.7200000000000001954, 0.7999999999999999334 ) ) ;
#4222 = VECTOR ( 'NONE', #2640, 1000.000000000000000 ) ;
#4223 = CARTESIAN_POINT ( 'NONE',  ( 0.7752531383805759679, 0.8000000000000002665, 0.09044907889121650557 ) ) ;
#4224 = ORIENTED_EDGE ( 'NONE', *, *, #4894, .F. ) ;
#4225 = CARTESIAN_POINT ( 'NONE',  ( -0.3203022227111271270, 0.8000000000000001554, 0.1997994325227884505 ) ) ;
#4226 = CARTESIAN_POINT ( 'NONE',  ( 0.9759331307804626210, 0.8000000000000000444, -0.03835223617422716530 ) ) ;
#4227 = PLANE ( 'NONE',  #5259 ) ;
#4228 = LINE ( 'NONE', #9794, #6109 ) ;
#4229 = CARTESIAN_POINT ( 'NONE',  ( -1.177360218903335864, 0.7999999999999999334, -0.2820982878962927654 ) ) ;
#4230 = CARTESIAN_POINT ( 'NONE',  ( -0.8851445826785983018, 0.8100000000000000533, 0.2160824072274391272 ) ) ;
#4231 = SURFACE_STYLE_USAGE ( .BOTH. , #8048 ) ;
#4232 =( GEOMETRIC_REPRESENTATION_CONTEXT ( 3 ) GLOBAL_UNCERTAINTY_ASSIGNED_CONTEXT ( ( #8074 ) ) GLOBAL_UNIT_ASSIGNED_CONTEXT ( ( #4757, #8617, #4706 ) ) REPRESENTATION_CONTEXT ( 'NONE', 'WORKASPACE' ) );
#4233 = FILL_AREA_STYLE_COLOUR ( '', #9573 ) ;
#4234 = ORIENTED_EDGE ( 'NONE', *, *, #2354, .F. ) ;
#4235 = ORIENTED_EDGE ( 'NONE', *, *, #423, .T. ) ;
#4236 = ORIENTED_EDGE ( 'NONE', *, *, #7984, .T. ) ;
#4237 = LINE ( 'NONE', #8825, #2601 ) ;
#4238 = AXIS2_PLACEMENT_3D ( 'NONE', #9232, #3727, #5310 ) ;
#4239 = CARTESIAN_POINT ( 'NONE',  ( -0.6852631498410769462, 0.8000000000000003775, 0.02693884005071258900 ) ) ;
#4240 = CARTESIAN_POINT ( 'NONE',  ( 0.7305303360016647263, 0.8100000000000000533, -0.2492342270596441256 ) ) ;
#4241 = CARTESIAN_POINT ( 'NONE',  ( -0.3018775715089421774, 0.7999999999999996003, -0.05016294141516915855 ) ) ;
#4242 = SURFACE_STYLE_USAGE ( .BOTH. , #3296 ) ;
#4243 = CARTESIAN_POINT ( 'NONE',  ( 1.278251972931460534, 0.8000000000000000444, -0.3154699020397004894 ) ) ;
#4244 = CARTESIAN_POINT ( 'NONE',  ( -0.3203022227111271270, 0.8100000000000001643, 0.1997994325227884505 ) ) ;
#4245 = CARTESIAN_POINT ( 'NONE',  ( -0.3018775715089421774, 0.8000000000000002665, -0.05016294141516915855 ) ) ;
#4246 = CARTESIAN_POINT ( 'NONE',  ( 0.6390418970142287547, 0.8100000000000001643, -0.07366067773266866958 ) ) ;
#4247 = CARTESIAN_POINT ( 'NONE',  ( 0.9321019775071114344, 0.8100000000000003864, 0.09297654787666063958 ) ) ;
#4248 = ORIENTED_EDGE ( 'NONE', *, *, #323, .T. ) ;
#4249 = CARTESIAN_POINT ( 'NONE',  ( -1.899999999999999911, 0.05000000000000000278, -0.3500000000000001998 ) ) ;
#4250 = EDGE_CURVE ( 'NONE', #1598, #9926, #3158, .T. ) ;
#4251 = VERTEX_POINT ( 'NONE', #5450 ) ;
#4252 = EDGE_CURVE ( 'NONE', #1403, #2623, #6316, .T. ) ;
#4253 = CARTESIAN_POINT ( 'NONE',  ( -1.075777645401378990, 0.8100000000000001643, -0.2306812735306203455 ) ) ;
#4254 = CARTESIAN_POINT ( 'NONE',  ( 1.800000000000000266, 0.7800000000000001377, -0.8000000000000001554 ) ) ;
#4255 = STYLED_ITEM ( 'NONE', ( #3933 ), #7485 ) ;
#4256 = CARTESIAN_POINT ( 'NONE',  ( -1.160842630766435457, 0.7999999999999999334, -0.3462433993024726098 ) ) ;
#4257 = DIRECTION ( 'NONE',  ( 0.0000000000000000000, 0.0000000000000000000, 1.000000000000000000 ) ) ;
#4258 =( NAMED_UNIT ( * ) PLANE_ANGLE_UNIT ( ) SI_UNIT ( $, .RADIAN. ) );
#4259 = CARTESIAN_POINT ( 'NONE',  ( 0.7081376884986150255, 0.8000000000000002665, 0.09921152490480918129 ) ) ;
#4260 = FILL_AREA_STYLE ('',( #5900 ) ) ;
#4261 = CARTESIAN_POINT ( 'NONE',  ( -0.7872339524727940407, 0.8100000000000001643, -0.3461633348896593354 ) ) ;
#4262 =( LENGTH_UNIT ( ) NAMED_UNIT ( * ) SI_UNIT ( .MILLI., .METRE. ) );
#4263 = B_SPLINE_CURVE_WITH_KNOTS ( 'NONE', 3,
 ( #4910, #3436, #2662, #5006, #4283, #8047, #3283, #7272, #7380, #330, #6599, #2716, #5817, #8200, #9989, #9270, #4473, #1574, #2237 ),
 .UNSPECIFIED., .F., .F.,
 ( 4, 1, 1, 1, 1, 1, 1, 1, 1, 1, 1, 1, 1, 1, 1, 1, 4 ),
 ( 0.0000000000000000000, 0.08883477632580225047, 0.1728752695024577957, 0.2533248381018305406, 0.3308667014802922357, 0.4066977638664008299, 0.4808800431006510778, 0.5552098368607555345, 0.6305097543767164137, 0.6697533563817941182, 0.7105862545158611043, 0.7533828620114679797, 0.7981149301314676148, 0.8450721842593056365, 0.8943510710800851582, 0.9459297740941481347, 1.000000000000000000 ),
 .UNSPECIFIED. ) ;
#4264 = VECTOR ( 'NONE', #9856, 1000.000000000000000 ) ;
#4265 = ORIENTED_EDGE ( 'NONE', *, *, #9354, .T. ) ;
#4266 = UNCERTAINTY_MEASURE_WITH_UNIT (LENGTH_MEASURE( 1.000000000000000082E-05 ), #6962, 'distance_accuracy_value', 'NONE');
#4267 = CARTESIAN_POINT ( 'NONE',  ( 1.301177325467199664, 0.8100000000000001643, -0.1592501744831093802 ) ) ;
#4268 = EDGE_CURVE ( 'NONE', #5606, #1576, #1068, .T. ) ;
#4269 = EDGE_CURVE ( 'NONE', #4355, #8584, #5347, .T. ) ;
#4270 = AXIS2_PLACEMENT_3D ( 'NONE', #1283, #3672, #541 ) ;
#4271 = CARTESIAN_POINT ( 'NONE',  ( -0.8786123237649915430, 0.8100000000000001643, -0.03859574266773335011 ) ) ;
#4272 = ORIENTED_EDGE ( 'NONE', *, *, #4793, .F. ) ;
#4273 = CARTESIAN_POINT ( 'NONE',  ( -0.09720644595696557866, 0.8000000000000001554, -0.2881154959135701632 ) ) ;
#4274 = AXIS2_PLACEMENT_3D ( 'NONE', #867, #10114, #3185 ) ;
#4275 = DIRECTION ( 'NONE',  ( -1.000000000000000000, 0.0000000000000000000, 0.0000000000000000000 ) ) ;
#4276 = DIRECTION ( 'NONE',  ( -1.000000000000000000, 0.0000000000000000000, -0.0000000000000000000 ) ) ;
#4277 = CARTESIAN_POINT ( 'NONE',  ( -0.2673990348811044471, 0.8100000000000002753, 0.1686973907083550439 ) ) ;
#4278 = SURFACE_STYLE_USAGE ( .BOTH. , #9071 ) ;
#4279 = B_SPLINE_CURVE_WITH_KNOTS ( 'NONE', 3,
 ( #5082, #3366, #7461, #4259, #9779, #4210, #3461, #409, #9726, #2690, #7408, #361, #4352, #5130, #3549, #8276, #6715, #5377, #3698 ),
 .UNSPECIFIED., .F., .F.,
 ( 4, 1, 1, 1, 1, 1, 1, 1, 1, 1, 1, 1, 1, 1, 1, 1, 4 ),
 ( 0.0000000000000000000, 0.09271838391615594421, 0.1773481332663467136, 0.2543879671796642761, 0.3238568361267518680, 0.3850206300216937327, 0.4385241832466181822, 0.4842700179554694229, 0.5230091041826850917, 0.5888690327072266806, 0.6486465551574905897, 0.7026051532667252353, 0.7518983449257141682, 0.8022673283977449499, 0.8601999370051005567, 0.9255668725398232821, 1.000000000000000000 ),
 .UNSPECIFIED. ) ;
#4280 = PRESENTATION_STYLE_ASSIGNMENT (( #3386 ) ) ;
#4281 = MECHANICAL_DESIGN_GEOMETRIC_PRESENTATION_REPRESENTATION (  '', ( #7907 ), #4615 ) ;
#4282 = SURFACE_SIDE_STYLE ('',( #2809 ) ) ;
#4283 = CARTESIAN_POINT ( 'NONE',  ( 1.237124824182868732, 0.8100000000000001643, -0.3357121099408643672 ) ) ;
#4284 = CARTESIAN_POINT ( 'NONE',  ( -1.137392860739428802, 0.8000000000000001554, -0.3458680983121288355 ) ) ;
#4285 = MECHANICAL_DESIGN_GEOMETRIC_PRESENTATION_REPRESENTATION (  '', ( #691 ), #10049 ) ;
#4286 = ORIENTED_EDGE ( 'NONE', *, *, #4386, .T. ) ;
#4287 = CARTESIAN_POINT ( 'NONE',  ( -1.005569780693732929, 0.8100000000000000533, -0.2099815693541482731 ) ) ;
#4288 = ORIENTED_EDGE ( 'NONE', *, *, #7792, .T. ) ;
#4289 = CARTESIAN_POINT ( 'NONE',  ( -0.3642276320179031468, 0.8000000000000002665, -0.05061152421123924633 ) ) ;
#4290 = VECTOR ( 'NONE', #3228, 1000.000000000000000 ) ;
#4291 = MECHANICAL_DESIGN_GEOMETRIC_PRESENTATION_REPRESENTATION (  '', ( #8243 ), #8382 ) ;
#4292 = CARTESIAN_POINT ( 'NONE',  ( 0.7500828611045904371, 0.8100000000000000533, -0.2291685178030359871 ) ) ;
#4293 = LINE ( 'NONE', #495, #9725 ) ;
#4294 = PRESENTATION_STYLE_ASSIGNMENT (( #5161 ) ) ;
#4295 = CARTESIAN_POINT ( 'NONE',  ( 1.338452945971782659, 0.8000000000000000444, -0.2484949036153751567 ) ) ;
#4296 = CARTESIAN_POINT ( 'NONE',  ( -0.3618889182529684279, 0.8100000000000002753, 0.03906791921829739361 ) ) ;
#4297 = SURFACE_STYLE_FILL_AREA ( #5832 ) ;
#4298 = CARTESIAN_POINT ( 'NONE',  ( 0.7114445478564617176, 0.8100000000000002753, -0.08393938739043078912 ) ) ;
#4299 = CARTESIAN_POINT ( 'NONE',  ( -0.3337880230015857763, 0.8100000000000001643, -0.2472462122259280748 ) ) ;
#4300 = ORIENTED_EDGE ( 'NONE', *, *, #70, .T. ) ;
#4301 = ORIENTED_EDGE ( 'NONE', *, *, #2326, .F. ) ;
#4302 = CARTESIAN_POINT ( 'NONE',  ( -0.7751456610732352370, 0.8100000000000001643, 0.2689719191907269935 ) ) ;
#4303 = CARTESIAN_POINT ( 'NONE',  ( -2.000000000000001776, 0.0000000000000000000, -0.9499999999999996225 ) ) ;
#4304 = CARTESIAN_POINT ( 'NONE',  ( -1.217508464779416544, 0.8100000000000000533, -0.3354506104212242046 ) ) ;
#4305 = DIRECTION ( 'NONE',  ( -0.0000000000000000000, -1.000000000000000000, -0.0000000000000000000 ) ) ;
#4306 = CARTESIAN_POINT ( 'NONE',  ( -1.322782960085047144, 0.8100000000000001643, 0.2577501976751895296 ) ) ;
#4307 = CARTESIAN_POINT ( 'NONE',  ( -1.075673277279735940, 0.8100000000000000533, -0.004331968181634371882 ) ) ;
#4308 = CARTESIAN_POINT ( 'NONE',  ( -1.149181464174676481, 0.8000000000000000444, -0.3462115599435784952 ) ) ;
#4309 = CARTESIAN_POINT ( 'NONE',  ( -2.000000000000001776, 0.6000000000000000888, 0.9499999999999996225 ) ) ;
#4310 = ORIENTED_EDGE ( 'NONE', *, *, #7587, .T. ) ;
#4311 = PRESENTATION_STYLE_ASSIGNMENT (( #6626 ) ) ;
#4312 = FILL_AREA_STYLE_COLOUR ( '', #3550 ) ;
#4313 = CARTESIAN_POINT ( 'NONE',  ( -0.2955264999560899830, 0.8100000000000002753, -0.1588993942659304159 ) ) ;
#4314 = VECTOR ( 'NONE', #8177, 1000.000000000000000 ) ;
#4315 = CARTESIAN_POINT ( 'NONE',  ( 2.000000000000002220, 0.05000000000000000278, 1.050000000000000044 ) ) ;
#4316 = B_SPLINE_CURVE_WITH_KNOTS ( 'NONE', 3,
 ( #8733, #985, #1707, #3354, #9508, #2427, #4818, #7125, #91, #186, #6463, #9610, #2571, #8831, #1803, #777, #3895, #8933, #397 ),
 .UNSPECIFIED., .F., .F.,
 ( 4, 1, 1, 1, 1, 1, 1, 1, 1, 1, 1, 1, 1, 1, 1, 1, 4 ),
 ( 0.0000000000000000000, 0.03476247499314130684, 0.06921761996766298553, 0.1040827908270605118, 0.1396233419469607717, 0.1780076438586627730, 0.2187066205196006308, 0.2628484765996418338, 0.3106326191763026934, 0.3641701430560785879, 0.4264757682148802576, 0.4977490005588234290, 0.5783092054372712676, 0.6685643758583321716, 0.7690571095696285830, 0.8794894768587031564, 1.000000000000000000 ),
 .UNSPECIFIED. ) ;
#4317 = CARTESIAN_POINT ( 'NONE',  ( 1.149281884843293522, 0.8100000000000000533, 0.2687815972033243961 ) ) ;
#4318 = EDGE_CURVE ( 'NONE', #84, #4680, #563, .T. ) ;
#4319 = EDGE_CURVE ( 'NONE', #8388, #5312, #4849, .T. ) ;
#4320 = VERTEX_POINT ( 'NONE', #5564 ) ;
#4321 = MECHANICAL_DESIGN_GEOMETRIC_PRESENTATION_REPRESENTATION (  '', ( #9598 ), #4651 ) ;
#4322 = CARTESIAN_POINT ( 'NONE',  ( -1.900000000000001688, 0.05000000000000000278, -0.9499999999999996225 ) ) ;
#4323 = CARTESIAN_POINT ( 'NONE',  ( -0.2066694041368397905, 0.8000000000000000444, 0.2067320204147045093 ) ) ;
#4324 = CARTESIAN_POINT ( 'NONE',  ( -0.6838071289597968949, 0.8100000000000002753, -0.03859574266773335011 ) ) ;
#4325 = SURFACE_SIDE_STYLE ('',( #1231 ) ) ;
#4326 = CARTESIAN_POINT ( 'NONE',  ( -1.289965903168000638, 0.8000000000000002665, 0.1507629655755072240 ) ) ;
#4327 = PRESENTATION_STYLE_ASSIGNMENT (( #5256 ) ) ;
#4328 = CARTESIAN_POINT ( 'NONE',  ( -0.8721498765794666319, 0.8100000000000001643, -0.1588993942659301661 ) ) ;
#4329 = ORIENTED_EDGE ( 'NONE', *, *, #5653, .F. ) ;
#4330 = SURFACE_SIDE_STYLE ('',( #5157 ) ) ;
#4331 = EDGE_CURVE ( 'NONE', #5305, #6589, #2510, .T. ) ;
#4332 = ORIENTED_EDGE ( 'NONE', *, *, #4493, .T. ) ;
#4333 = CARTESIAN_POINT ( 'NONE',  ( -0.3016450763010501968, 0.7999999999999998224, -0.3024403533860113846 ) ) ;
#4334 = COLOUR_RGB ( '',0.09803921568627450844, 0.09803921568627450844, 0.09803921568627450844 ) ;
#4335 = DIRECTION ( 'NONE',  ( 0.0000000000000000000, 1.000000000000000000, 0.0000000000000000000 ) ) ;
#4336 = FILL_AREA_STYLE_COLOUR ( '', #1368 ) ;
#4337 = FACE_OUTER_BOUND ( 'NONE', #1911, .T. ) ;
#4338 = EDGE_CURVE ( 'NONE', #5314, #9159, #1309, .T. ) ;
#4339 = DIRECTION ( 'NONE',  ( 0.8816453311161894790, 0.0000000000000000000, -0.4719126085633064682 ) ) ;
#4340 = CARTESIAN_POINT ( 'NONE',  ( 0.7577850487813001523, 0.8000000000000001554, -0.1306968765498771612 ) ) ;
#4341 = AXIS2_PLACEMENT_3D ( 'NONE', #1963, #8173, #9037 ) ;
#4342 = CARTESIAN_POINT ( 'NONE',  ( -0.3546531972642365527, 0.8100000000000000533, -0.1711366949307233654 ) ) ;
#4343 = STYLED_ITEM ( 'NONE', ( #2609 ), #3846 ) ;
#4344 = ORIENTED_EDGE ( 'NONE', *, *, #6310, .F. ) ;
#4345 = ORIENTED_EDGE ( 'NONE', *, *, #2899, .F. ) ;
#4346 = UNCERTAINTY_MEASURE_WITH_UNIT (LENGTH_MEASURE( 1.000000000000000082E-05 ), #494, 'distance_accuracy_value', 'NONE');
#4347 = FILL_AREA_STYLE_COLOUR ( '', #242 ) ;
#4348 = DIRECTION ( 'NONE',  ( -0.0000000000000000000, -1.000000000000000000, -0.0000000000000000000 ) ) ;
#4349 = CARTESIAN_POINT ( 'NONE',  ( -0.7476931185300802474, 0.8100000000000002753, -0.3426888959405314794 ) ) ;
#4350 = FILL_AREA_STYLE_COLOUR ( '', #8920 ) ;
#4351 = LINE ( 'NONE', #2740, #6179 ) ;
#4352 = CARTESIAN_POINT ( 'NONE',  ( 0.6364180573805972019, 0.8000000000000001554, 0.009224920050828063281 ) ) ;
#4353 = LINE ( 'NONE', #1970, #1987 ) ;
#4354 = CARTESIAN_POINT ( 'NONE',  ( -1.003287648440316149, 0.8100000000000001643, -0.1782467166937073688 ) ) ;
#4355 = VERTEX_POINT ( 'NONE', #7213 ) ;
#4356 = LINE ( 'NONE', #569, #7440 ) ;
#4357 = ORIENTED_EDGE ( 'NONE', *, *, #6388, .T. ) ;
#4358 =( GEOMETRIC_REPRESENTATION_CONTEXT ( 3 ) GLOBAL_UNCERTAINTY_ASSIGNED_CONTEXT ( ( #3149 ) ) GLOBAL_UNIT_ASSIGNED_CONTEXT ( ( #3002, #5493, #3856 ) ) REPRESENTATION_CONTEXT ( 'NONE', 'WORKASPACE' ) );
#4359 = ORIENTED_EDGE ( 'NONE', *, *, #8489, .T. ) ;
#4360 = UNCERTAINTY_MEASURE_WITH_UNIT (LENGTH_MEASURE( 1.000000000000000082E-05 ), #5221, 'distance_accuracy_value', 'NONE');
#4361 = DIRECTION ( 'NONE',  ( -0.0000000000000000000, -1.000000000000000000, -0.0000000000000000000 ) ) ;
#4362 =( NAMED_UNIT ( * ) PLANE_ANGLE_UNIT ( ) SI_UNIT ( $, .RADIAN. ) );
#4363 = DIRECTION ( 'NONE',  ( 6.023345402697246719E-17, -0.0000000000000000000, 1.000000000000000000 ) ) ;
#4364 = LINE ( 'NONE', #7518, #797 ) ;
#4365 = CARTESIAN_POINT ( 'NONE',  ( -1.282662805641892056, 0.8100000000000001643, 0.1391620525365190042 ) ) ;
#4366 = STYLED_ITEM ( 'NONE', ( #7962 ), #6276 ) ;
#4367 = ORIENTED_EDGE ( 'NONE', *, *, #1956, .F. ) ;
#4368 = EDGE_CURVE ( 'NONE', #8481, #3316, #3226, .T. ) ;
#4369 = DIRECTION ( 'NONE',  ( 1.000000000000000000, -0.0000000000000000000, -0.0000000000000000000 ) ) ;
#4370 = CARTESIAN_POINT ( 'NONE',  ( -1.950000000000001510, 0.6100000000000000977, 0.9500000000000002887 ) ) ;
#4371 = ADVANCED_FACE ( 'NONE', ( #5662 ), #7085, .T. ) ;
#4372 = CARTESIAN_POINT ( 'NONE',  ( -0.1997799725180163799, 0.7999999999999999334, 0.2067437273318466218 ) ) ;
#4373 = CARTESIAN_POINT ( 'NONE',  ( -0.2336513913265282072, 0.8100000000000001643, 0.2001352369044309965 ) ) ;
#4374 = CARTESIAN_POINT ( 'NONE',  ( 1.303205858053190447, 0.8000000000000001554, -0.1515827556547468258 ) ) ;
#4375 = PRESENTATION_STYLE_ASSIGNMENT (( #2044 ) ) ;
#4376 = FACE_OUTER_BOUND ( 'NONE', #48, .T. ) ;
#4377 =( NAMED_UNIT ( * ) PLANE_ANGLE_UNIT ( ) SI_UNIT ( $, .RADIAN. ) );
#4378 = ORIENTED_EDGE ( 'NONE', *, *, #9763, .T. ) ;
#4379 = CARTESIAN_POINT ( 'NONE',  ( -1.003398004143216449, 0.8100000000000001643, -0.1836100626461251994 ) ) ;
#4380 = AXIS2_PLACEMENT_3D ( 'NONE', #2322, #9205, #8479 ) ;
#4381 = ORIENTED_EDGE ( 'NONE', *, *, #2850, .F. ) ;
#4382 = CARTESIAN_POINT ( 'NONE',  ( -0.1418247362597467864, 0.8100000000000002753, -0.2460154612977585031 ) ) ;
#4383 = FILL_AREA_STYLE_COLOUR ( '', #1020 ) ;
#4384 = LINE ( 'NONE', #5215, #3969 ) ;
#4385 = B_SPLINE_CURVE_WITH_KNOTS ( 'NONE', 3,
 ( #2584, #8845, #2442, #8697, #4011, #7142, #946, #4060, #5647, #8791, #3462 ),
 .UNSPECIFIED., .F., .F.,
 ( 4, 1, 1, 1, 1, 1, 1, 1, 4 ),
 ( 0.0000000000000000000, 0.09322199291302805946, 0.1938649693116593631, 0.3031733266023045048, 0.4219751466596721734, 0.5505186320220890606, 0.6892477464602378978, 0.8389663890178445937, 1.000000000000000000 ),
 .UNSPECIFIED. ) ;
#4386 = EDGE_CURVE ( 'NONE', #8426, #2139, #8795, .T. ) ;
#4387 = CARTESIAN_POINT ( 'NONE',  ( 1.800000000000000266, 0.7200000000000001954, 1.119999999999999885 ) ) ;
#4388 = CARTESIAN_POINT ( 'NONE',  ( -1.226057569575354167, 0.8100000000000001643, -0.2519226041761558621 ) ) ;
#4389 =( NAMED_UNIT ( * ) SI_UNIT ( $, .STERADIAN. ) SOLID_ANGLE_UNIT ( ) );
#4390 = VERTEX_POINT ( 'NONE', #4370 ) ;
#4391 = VERTEX_POINT ( 'NONE', #6834 ) ;
#4392 = FACE_OUTER_BOUND ( 'NONE', #4001, .T. ) ;
#4393 =( NAMED_UNIT ( * ) SI_UNIT ( $, .STERADIAN. ) SOLID_ANGLE_UNIT ( ) );
#4394 = FILL_AREA_STYLE_COLOUR ( '', #7165 ) ;
#4395 = MECHANICAL_DESIGN_GEOMETRIC_PRESENTATION_REPRESENTATION (  '', ( #5720 ), #1807 ) ;
#4396 = PRESENTATION_STYLE_ASSIGNMENT (( #7598 ) ) ;
#4397 =( NAMED_UNIT ( * ) PLANE_ANGLE_UNIT ( ) SI_UNIT ( $, .RADIAN. ) );
#4398 = B_SPLINE_CURVE_WITH_KNOTS ( 'NONE', 3,
 ( #5664, #7215, #1737, #7111, #75, #7893, #6337, #9488, #5620, #27, #8759, #6491, #9643 ),
 .UNSPECIFIED., .F., .F.,
 ( 4, 1, 1, 1, 1, 1, 1, 1, 1, 1, 4 ),
 ( 0.0000000000000000000, 0.1227426370922052035, 0.2345710398341193659, 0.3354421158046483331, 0.4265580893671387375, 0.5061720194485854751, 0.5755250507167279928, 0.6339260457316299169, 0.6815034731990453620, 0.8461977265378443080, 1.000000000000000000 ),
 .UNSPECIFIED. ) ;
#4399 = CARTESIAN_POINT ( 'NONE',  ( 1.303205858053190225, 0.8000000000000001554, -0.1515827556547466870 ) ) ;
#4400 = EDGE_LOOP ( 'NONE', ( #7148, #9170, #1587, #9656 ) ) ;
#4401 = ORIENTED_EDGE ( 'NONE', *, *, #3292, .F. ) ;
#4402 = AXIS2_PLACEMENT_3D ( 'NONE', #7725, #6225, #5403 ) ;
#4403 = CARTESIAN_POINT ( 'NONE',  ( -0.1176187575366531707, 0.8000000000000004885, -0.1829673941784973890 ) ) ;
#4404 = CARTESIAN_POINT ( 'NONE',  ( -0.3416076165795608466, 0.8100000000000000533, 0.1523561850608661505 ) ) ;
#4405 = CARTESIAN_POINT ( 'NONE',  ( 1.273775109089223534, 0.8100000000000001643, 0.2463903738334863869 ) ) ;
#4406 = CARTESIAN_POINT ( 'NONE',  ( 0.4304785853259170403, 0.8100000000000001643, 0.2614042573322663543 ) ) ;
#4407 = PLANE ( 'NONE',  #5199 ) ;
#4408 = DIRECTION ( 'NONE',  ( 1.040430923464398686E-13, 1.000000000000000000, -4.211815491427996205E-16 ) ) ;
#4409 = CARTESIAN_POINT ( 'NONE',  ( -1.276593421133976447, 0.8000000000000000444, -0.2895649300822699113 ) ) ;
#4410 = VECTOR ( 'NONE', #961, 1000.000000000000000 ) ;
#4411 = VERTEX_POINT ( 'NONE', #2707 ) ;
#4412 = CARTESIAN_POINT ( 'NONE',  ( -0.2219632998094559218, 0.8000000000000001554, 0.2685517297649684387 ) ) ;
#4413 = CARTESIAN_POINT ( 'NONE',  ( 0.6682507093429900236, 0.8100000000000002753, -0.2683102258056314637 ) ) ;
#4414 = COLOUR_RGB ( '',1.000000000000000000, 0.9490196078431372140, 0.9098039215686274384 ) ;
#4415 = FILL_AREA_STYLE_COLOUR ( '', #7536 ) ;
#4416 = CARTESIAN_POINT ( 'NONE',  ( -0.6214694666221345365, 0.8100000000000001643, -0.03835223617422683917 ) ) ;
#4417 = LINE ( 'NONE', #7572, #8880 ) ;
#4418 = CARTESIAN_POINT ( 'NONE',  ( 0.9263041325917880098, 0.8100000000000000533, -0.1476689393107162851 ) ) ;
#4419 = CARTESIAN_POINT ( 'NONE',  ( -1.319769402642289702, 0.8000000000000004885, 0.2275001360886401147 ) ) ;
#4420 =( NAMED_UNIT ( * ) SI_UNIT ( $, .STERADIAN. ) SOLID_ANGLE_UNIT ( ) );
#4421 = EDGE_CURVE ( 'NONE', #6745, #4987, #1986, .T. ) ;
#4422 = STYLED_ITEM ( 'NONE', ( #10098 ), #1642 ) ;
#4423 = FILL_AREA_STYLE_COLOUR ( '', #4808 ) ;
#4424 = ORIENTED_EDGE ( 'NONE', *, *, #5812, .T. ) ;
#4425 = MECHANICAL_DESIGN_GEOMETRIC_PRESENTATION_REPRESENTATION (  '', ( #9710 ), #4935 ) ;
#4426 = CARTESIAN_POINT ( 'NONE',  ( -1.154379300990135526, 0.8000000000000001554, -0.2839479741804111779 ) ) ;
#4427 =( GEOMETRIC_REPRESENTATION_CONTEXT ( 3 ) GLOBAL_UNCERTAINTY_ASSIGNED_CONTEXT ( ( #6614 ) ) GLOBAL_UNIT_ASSIGNED_CONTEXT ( ( #3511, #1880, #5091 ) ) REPRESENTATION_CONTEXT ( 'NONE', 'WORKASPACE' ) );
#4428 = ORIENTED_EDGE ( 'NONE', *, *, #195, .T. ) ;
#4429 = CARTESIAN_POINT ( 'NONE',  ( -0.1665668410627549056, 0.8100000000000001643, -0.2717092412022345527 ) ) ;
#4430 = DIRECTION ( 'NONE',  ( -0.0000000000000000000, -1.000000000000000000, -0.0000000000000000000 ) ) ;
#4431 =( NAMED_UNIT ( * ) PLANE_ANGLE_UNIT ( ) SI_UNIT ( $, .RADIAN. ) );
#4432 = CARTESIAN_POINT ( 'NONE',  ( 0.7959818320791638424, 0.8000000000000001554, 0.2614042573322664098 ) ) ;
#4433 = AXIS2_PLACEMENT_3D ( 'NONE', #10010, #3738, #2769 ) ;
#4434 = COLOUR_RGB ( '',1.000000000000000000, 0.9490196078431372140, 0.9098039215686274384 ) ;
#4435 = STYLED_ITEM ( 'NONE', ( #3682 ), #1279 ) ;
#4436 = CARTESIAN_POINT ( 'NONE',  ( 0.6390418970142287547, 0.8000000000000003775, -0.07366067773266866958 ) ) ;
#4437 = CARTESIAN_POINT ( 'NONE',  ( -0.9999999999999997780, 0.05000000000000000278, -0.3500000000000000888 ) ) ;
#4438 = CARTESIAN_POINT ( 'NONE',  ( 0.4928162476635793987, 0.8100000000000001643, 0.2614042573322663543 ) ) ;
#4439 = CARTESIAN_POINT ( 'NONE',  ( -0.1086397732177001585, 0.8000000000000001554, 0.02693884005071236695 ) ) ;
#4440 = LINE ( 'NONE', #6905, #4674 ) ;
#4441 = B_SPLINE_CURVE_WITH_KNOTS ( 'NONE', 3,
 ( #8452, #119, #9376, #2453, #8711, #5513, #5408, #3974, #1680, #4076, #3268, #4843, #4798, #7941, #4689, #7049, #7105, #4641, #7158 ),
 .UNSPECIFIED., .F., .F.,
 ( 4, 1, 1, 1, 1, 1, 1, 1, 1, 1, 1, 1, 1, 1, 1, 1, 4 ),
 ( 0.0000000000000000000, 0.04201225067996526563, 0.08511750660520453482, 0.1300855528004582762, 0.1769678807899924544, 0.2261477855565328099, 0.2772334194263165741, 0.3308047573831589538, 0.3865544555075849931, 0.4458623090664791122, 0.5099872683036015264, 0.5788629274919107059, 0.6528933384736911316, 0.7319147394633851444, 0.8160092234539935152, 0.9052448834781627873, 1.000000000000000000 ),
 .UNSPECIFIED. ) ;
#4442 = SURFACE_STYLE_USAGE ( .BOTH. , #606 ) ;
#4443 = ADVANCED_FACE ( 'NONE', ( #7524 ), #6030, .T. ) ;
#4444 = ORIENTED_EDGE ( 'NONE', *, *, #99, .F. ) ;
#4445 = ORIENTED_EDGE ( 'NONE', *, *, #3324, .T. ) ;
#4446 =( GEOMETRIC_REPRESENTATION_CONTEXT ( 3 ) GLOBAL_UNCERTAINTY_ASSIGNED_CONTEXT ( ( #9819 ) ) GLOBAL_UNIT_ASSIGNED_CONTEXT ( ( #5630, #1650, #2422 ) ) REPRESENTATION_CONTEXT ( 'NONE', 'WORKASPACE' ) );
#4447 = PRESENTATION_LAYER_ASSIGNMENT (  '', '', ( #4127 ) ) ;
#4448 = ADVANCED_FACE ( 'NONE', ( #3864 ), #6985, .T. ) ;
#4449 = STYLED_ITEM ( 'NONE', ( #10076 ), #9106 ) ;
#4450 = UNCERTAINTY_MEASURE_WITH_UNIT (LENGTH_MEASURE( 1.000000000000000082E-05 ), #4932, 'distance_accuracy_value', 'NONE');
#4451 = DIRECTION ( 'NONE',  ( 0.0000000000000000000, -0.0000000000000000000, 1.000000000000000000 ) ) ;
#4452 = DIRECTION ( 'NONE',  ( 1.000000000000000000, 0.0000000000000000000, 0.0000000000000000000 ) ) ;
#4453 =( NAMED_UNIT ( * ) PLANE_ANGLE_UNIT ( ) SI_UNIT ( $, .RADIAN. ) );
#4454 = CARTESIAN_POINT ( 'NONE',  ( -0.2067779081805759256, 0.8100000000000001643, -0.2840502881222789489 ) ) ;
#4455 = CARTESIAN_POINT ( 'NONE',  ( 1.162946117793449696, 0.8100000000000001643, 0.02763802356603255878 ) ) ;
#4456 = CARTESIAN_POINT ( 'NONE',  ( -0.07174682735057068272, 0.8100000000000003864, -0.2385620643775049898 ) ) ;
#4457 = CARTESIAN_POINT ( 'NONE',  ( 1.004819604535555966, 0.8100000000000000533, 0.1063211280872873449 ) ) ;
#4458 = CARTESIAN_POINT ( 'NONE',  ( 0.4928162476635793987, 0.8100000000000001643, -0.003530807602798561890 ) ) ;
#4459 = ADVANCED_FACE ( 'NONE', ( #8138 ), #1111, .F. ) ;
#4460 = ORIENTED_EDGE ( 'NONE', *, *, #6449, .F. ) ;
#4461 = CARTESIAN_POINT ( 'NONE',  ( 1.263241409911409763, 0.8000000000000001554, -0.2363677295898268249 ) ) ;
#4462 = VERTEX_POINT ( 'NONE', #2130 ) ;
#4463 = UNCERTAINTY_MEASURE_WITH_UNIT (LENGTH_MEASURE( 1.000000000000000082E-05 ), #6725, 'distance_accuracy_value', 'NONE');
#4464 = CARTESIAN_POINT ( 'NONE',  ( -0.8771651798850761406, 0.8000000000000001554, 0.02750800674804345161 ) ) ;
#4465 = LINE ( 'NONE', #6973, #4182 ) ;
#4466 = CARTESIAN_POINT ( 'NONE',  ( 1.373335728183060045, 0.8100000000000001643, -0.04249184656383755282 ) ) ;
#4467 = CARTESIAN_POINT ( 'NONE',  ( 0.9135954684428003736, 0.8000000000000002665, -0.03579541799240900518 ) ) ;
#4468 = CARTESIAN_POINT ( 'NONE',  ( -0.09379089519356294258, 0.8100000000000001643, -0.2830762621482530439 ) ) ;
#4469 = PRESENTATION_STYLE_ASSIGNMENT (( #9312 ) ) ;
#4470 = CARTESIAN_POINT ( 'NONE',  ( 0.8276278482766556976, 0.8100000000000001643, -0.1817118332770576439 ) ) ;
#4471 = PRESENTATION_LAYER_ASSIGNMENT (  '', '', ( #3831 ) ) ;
#4472 = EDGE_CURVE ( 'NONE', #6575, #7237, #1979, .T. ) ;
#4473 = CARTESIAN_POINT ( 'NONE',  ( 1.362173213484014767, 0.8099999999999999423, -0.1826565095977106534 ) ) ;
#4474 = CARTESIAN_POINT ( 'NONE',  ( 1.114747530167700784, 0.8100000000000001643, 0.2643757269996044879 ) ) ;
#4475 = ORIENTED_EDGE ( 'NONE', *, *, #5850, .T. ) ;
#4476 = CARTESIAN_POINT ( 'NONE',  ( -1.950000000000004619, 0.6000000000000000888, 0.9499999999999996225 ) ) ;
#4477 = CARTESIAN_POINT ( 'NONE',  ( 0.7031133140398125869, 0.8000000000000000444, -0.2623369835807705663 ) ) ;
#4478 = STYLED_ITEM ( 'NONE', ( #6760 ), #2851 ) ;
#4479 = FILL_AREA_STYLE_COLOUR ( '', #9463 ) ;
#4480 = CARTESIAN_POINT ( 'NONE',  ( -0.1071837523364201072, 0.8100000000000001643, -0.03859574266773356521 ) ) ;
#4481 = FACE_OUTER_BOUND ( 'NONE', #1947, .T. ) ;
#4482 = FILL_AREA_STYLE ('',( #5815 ) ) ;
#4483 =( LENGTH_UNIT ( ) NAMED_UNIT ( * ) SI_UNIT ( .MILLI., .METRE. ) );
#4484 = DIRECTION ( 'NONE',  ( -2.168404344971013207E-15, 0.0000000000000000000, -1.000000000000000000 ) ) ;
#4485 = CARTESIAN_POINT ( 'NONE',  ( -1.779999999999999583, 0.7800000000000001377, 0.8000000000000003775 ) ) ;
#4486 = COLOUR_RGB ( '',0.09803921568627450844, 0.09803921568627450844, 0.09803921568627450844 ) ;
#4487 = CARTESIAN_POINT ( 'NONE',  ( 0.4928162476635793987, 0.8100000000000001643, -0.2684658725378634703 ) ) ;
#4488 = ORIENTED_EDGE ( 'NONE', *, *, #7835, .T. ) ;
#4489 = CARTESIAN_POINT ( 'NONE',  ( -1.065625310777978507, 0.8000000000000001554, -0.1794642491612398194 ) ) ;
#4490 = ORIENTED_EDGE ( 'NONE', *, *, #8134, .T. ) ;
#4491 = CARTESIAN_POINT ( 'NONE',  ( -0.1856686731976486537, 0.7999999999999996003, -0.2812719115885146670 ) ) ;
#4492 = DIRECTION ( 'NONE',  ( 1.000000000000000000, 0.0000000000000000000, 0.0000000000000000000 ) ) ;
#4493 = EDGE_CURVE ( 'NONE', #2732, #7852, #9758, .T. ) ;
#4494 = SURFACE_SIDE_STYLE ('',( #4592 ) ) ;
#4495 =( NAMED_UNIT ( * ) SI_UNIT ( $, .STERADIAN. ) SOLID_ANGLE_UNIT ( ) );
#4496 = VECTOR ( 'NONE', #2045, 1000.000000000000000 ) ;
#4497 = LINE ( 'NONE', #5162, #4004 ) ;
#4498 = CARTESIAN_POINT ( 'NONE',  ( -0.3016686921880673555, 0.8100000000000000533, -0.004536512551859699788 ) ) ;
#4499 = CARTESIAN_POINT ( 'NONE',  ( 0.7654145042166987656, 0.8000000000000001554, -0.1678814480715202229 ) ) ;
#4500 = CARTESIAN_POINT ( 'NONE',  ( -0.6839179661679359867, 0.8100000000000002753, -0.05028476622377589522 ) ) ;
#4501 = ORIENTED_EDGE ( 'NONE', *, *, #5533, .F. ) ;
#4502 = CARTESIAN_POINT ( 'NONE',  ( -1.138936407443530863, 0.8100000000000000533, -0.2824096557351855052 ) ) ;
#4503 = ORIENTED_EDGE ( 'NONE', *, *, #10003, .T. ) ;
#4504 = EDGE_CURVE ( 'NONE', #8714, #3379, #4204, .T. ) ;
#4505 = PLANE ( 'NONE',  #3277 ) ;
#4506 = SURFACE_SIDE_STYLE ('',( #3694 ) ) ;
#4507 = EDGE_CURVE ( 'NONE', #1749, #1410, #9791, .T. ) ;
#4508 = CARTESIAN_POINT ( 'NONE',  ( -0.9355394374033130234, 0.7999999999999999334, -0.1411969333653852188 ) ) ;
#4509 =( GEOMETRIC_REPRESENTATION_CONTEXT ( 3 ) GLOBAL_UNCERTAINTY_ASSIGNED_CONTEXT ( ( #1612 ) ) GLOBAL_UNIT_ASSIGNED_CONTEXT ( ( #9772, #5840, #7455 ) ) REPRESENTATION_CONTEXT ( 'NONE', 'WORKASPACE' ) );
#4510 = CARTESIAN_POINT ( 'NONE',  ( -1.950000000000001954, 0.6100000000000000977, -0.9499999999999996225 ) ) ;
#4511 = CARTESIAN_POINT ( 'NONE',  ( -1.246477138506409954, 0.8099999999999999423, 0.09017323198743072699 ) ) ;
#4512 =( NAMED_UNIT ( * ) SI_UNIT ( $, .STERADIAN. ) SOLID_ANGLE_UNIT ( ) );
#4513 = PRESENTATION_STYLE_ASSIGNMENT (( #9297 ) ) ;
#4514 = DIRECTION ( 'NONE',  ( -0.0000000000000000000, -1.000000000000000000, -0.0000000000000000000 ) ) ;
#4515 = STYLED_ITEM ( 'NONE', ( #1021 ), #4371 ) ;
#4516 = CARTESIAN_POINT ( 'NONE',  ( -0.8720089031977389382, 0.8000000000000002665, 0.08251454679173689244 ) ) ;
#4517 = FILL_AREA_STYLE_COLOUR ( '', #1106 ) ;
#4518 = EDGE_CURVE ( 'NONE', #5305, #534, #5518, .T. ) ;
#4519 = CARTESIAN_POINT ( 'NONE',  ( -0.3642276320179031468, 0.8000000000000002665, -0.05061152421123924633 ) ) ;
#4520 = CARTESIAN_POINT ( 'NONE',  ( 0.9322635528254757942, 0.8000000000000004885, -0.1677048955538710528 ) ) ;
#4521 = CARTESIAN_POINT ( 'NONE',  ( -1.003287648440316149, 0.8000000000000001554, 0.2614042573322666319 ) ) ;
#4522 = STYLED_ITEM ( 'NONE', ( #8498 ), #5004 ) ;
#4523 = CARTESIAN_POINT ( 'NONE',  ( 1.237124824182868732, 0.8000000000000001554, -0.3357121099408643672 ) ) ;
#4524 = CARTESIAN_POINT ( 'NONE',  ( -0.9408510086412799067, 0.8100000000000002753, -0.05061152421123902428 ) ) ;
#4525 = CARTESIAN_POINT ( 'NONE',  ( -1.313087256074006337, 0.7999999999999999334, -0.1884348678752309214 ) ) ;
#4526 = ORIENTED_EDGE ( 'NONE', *, *, #1703, .T. ) ;
#4527 = PRESENTATION_LAYER_ASSIGNMENT (  '', '', ( #8306 ) ) ;
#4528 = EDGE_CURVE ( 'NONE', #3285, #9392, #7495, .T. ) ;
#4529 =( LENGTH_UNIT ( ) NAMED_UNIT ( * ) SI_UNIT ( .MILLI., .METRE. ) );
#4530 = CARTESIAN_POINT ( 'NONE',  ( -0.1413969952861351131, 0.7999999999999998224, 0.1680852546308441720 ) ) ;
#4531 = CARTESIAN_POINT ( 'NONE',  ( 0.9390620689355981821, 0.8100000000000000533, -0.1869802145278302019 ) ) ;
#4532 =( NAMED_UNIT ( * ) SI_UNIT ( $, .STERADIAN. ) SOLID_ANGLE_UNIT ( ) );
#4533 = VECTOR ( 'NONE', #8484, 1000.000000000000000 ) ;
#4534 = CARTESIAN_POINT ( 'NONE',  ( -1.271009786563721766, 0.8000000000000002665, 0.1216642332321596770 ) ) ;
#4535 = CARTESIAN_POINT ( 'NONE',  ( 1.299504657903268967, 0.8000000000000004885, 0.2333817041199026943 ) ) ;
#4536 = B_SPLINE_CURVE_WITH_KNOTS ( 'NONE', 3,
 ( #6648, #5779, #5015, #7443, #8305, #2819, #2866, #4292, #1241, #9760, #4240, #5061, #5939, #5827, #2103, #1085, #1951, #394, #1187 ),
 .UNSPECIFIED., .F., .F.,
 ( 4, 1, 1, 1, 1, 1, 1, 1, 1, 1, 1, 1, 1, 1, 1, 1, 4 ),
 ( 0.0000000000000000000, 0.06530907536844211825, 0.1273217568405940747, 0.1874334827377978074, 0.2446927594108413428, 0.3011153301794989856, 0.3560564563120360848, 0.4119286898836274635, 0.4679210221140056025, 0.5247090985724103263, 0.5832996787803078620, 0.6436255801513798280, 0.7076339532428078671, 0.7743110769564426343, 0.8449335190726053879, 0.9200651301249338498, 1.000000000000000000 ),
 .UNSPECIFIED. ) ;
#4537 = SURFACE_STYLE_USAGE ( .BOTH. , #2198 ) ;
#4538 = EDGE_LOOP ( 'NONE', ( #6831, #3224, #5589, #4809 ) ) ;
#4539 = EDGE_LOOP ( 'NONE', ( #9654, #3568, #504, #4768, #9583, #414 ) ) ;
#4540 = MECHANICAL_DESIGN_GEOMETRIC_PRESENTATION_REPRESENTATION (  '', ( #5035 ), #3887 ) ;
#4541 = PRESENTATION_STYLE_ASSIGNMENT (( #2359 ) ) ;
#4542 = COLOUR_RGB ( '',0.09803921568627450844, 0.09803921568627450844, 0.09803921568627450844 ) ;
#4543 = CARTESIAN_POINT ( 'NONE',  ( 1.053438089011889955, 0.7999999999999999334, -0.2438547966822987578 ) ) ;
#4544 = CARTESIAN_POINT ( 'NONE',  ( -1.180359550101369948, 0.8100000000000000533, 0.01861455705231504845 ) ) ;
#4545 = FILL_AREA_STYLE_COLOUR ( '', #680 ) ;
#4546 = CARTESIAN_POINT ( 'NONE',  ( -1.211727135222461449, 0.8100000000000001643, -0.2660302930938640564 ) ) ;
#4547 =( NAMED_UNIT ( * ) SI_UNIT ( $, .STERADIAN. ) SOLID_ANGLE_UNIT ( ) );
#4548 = VECTOR ( 'NONE', #9588, 1000.000000000000000 ) ;
#4549 = CARTESIAN_POINT ( 'NONE',  ( -0.6852481951508012648, 0.8000000000000001554, -0.1047810790333542907 ) ) ;
#4550 = VECTOR ( 'NONE', #9733, 1000.000000000000000 ) ;
#4551 = ORIENTED_EDGE ( 'NONE', *, *, #5903, .T. ) ;
#4552 = EDGE_LOOP ( 'NONE', ( #7764, #134, #8290, #670 ) ) ;
#4553 = CARTESIAN_POINT ( 'NONE',  ( -1.201863475298283523, 0.8099999999999999423, 0.1380304192537719077 ) ) ;
#4554 =( LENGTH_UNIT ( ) NAMED_UNIT ( * ) SI_UNIT ( .MILLI., .METRE. ) );
#4555 =( LENGTH_UNIT ( ) NAMED_UNIT ( * ) SI_UNIT ( .MILLI., .METRE. ) );
#4556 = CARTESIAN_POINT ( 'NONE',  ( 0.9788829480746111811, 0.8000000000000001554, 0.01678744794828819151 ) ) ;
#4557 = DIRECTION ( 'NONE',  ( -0.0000000000000000000, -1.000000000000000000, -0.0000000000000000000 ) ) ;
#4558 = CARTESIAN_POINT ( 'NONE',  ( -0.04484608999875776270, 0.8100000000000001643, -0.03835223617422705428 ) ) ;
#4559 = CARTESIAN_POINT ( 'NONE',  ( -0.8851445826785983018, 0.8000000000000000444, 0.2160824072274391272 ) ) ;
#4560 = VERTEX_POINT ( 'NONE', #3102 ) ;
#4561 = EDGE_CURVE ( 'NONE', #3132, #1864, #7815, .T. ) ;
#4562 = ORIENTED_EDGE ( 'NONE', *, *, #2976, .F. ) ;
#4563 = UNCERTAINTY_MEASURE_WITH_UNIT (LENGTH_MEASURE( 1.000000000000000082E-05 ), #3786, 'distance_accuracy_value', 'NONE');
#4564 = CARTESIAN_POINT ( 'NONE',  ( 1.163311377533709612, 0.8100000000000002753, 0.1990665949946039959 ) ) ;
#4565 = DIRECTION ( 'NONE',  ( 0.0000000000000000000, 0.0000000000000000000, -1.000000000000000000 ) ) ;
#4566 = VECTOR ( 'NONE', #8826, 1000.000000000000000 ) ;
#4567 = DIRECTION ( 'NONE',  ( 1.000000000000000000, -0.0000000000000000000, -0.0000000000000000000 ) ) ;
#4568 = CARTESIAN_POINT ( 'NONE',  ( 1.899999999999999911, 0.05000000000000000278, 0.3500000000000004219 ) ) ;
#4569 = PRESENTATION_STYLE_ASSIGNMENT (( #7772 ) ) ;
#4570 = CARTESIAN_POINT ( 'NONE',  ( -0.6804577326221323830, 0.8000000000000001554, -0.2978941788814671310 ) ) ;
#4571 = FILL_AREA_STYLE ('',( #8492 ) ) ;
#4572 = CARTESIAN_POINT ( 'NONE',  ( -0.3639127609059824575, 0.8100000000000001643, 0.001404215689057597112 ) ) ;
#4573 = ADVANCED_FACE ( 'NONE', ( #5385 ), #9981, .T. ) ;
#4574 = PRESENTATION_LAYER_ASSIGNMENT (  '', '', ( #5722 ) ) ;
#4575 = VERTEX_POINT ( 'NONE', #8485 ) ;
#4576 = CARTESIAN_POINT ( 'NONE',  ( -0.7751456610732352370, 0.8000000000000000444, 0.2689719191907269935 ) ) ;
#4577 = EDGE_CURVE ( 'NONE', #687, #5740, #4465, .T. ) ;
#4578 = ADVANCED_FACE ( 'NONE', ( #574 ), #1423, .T. ) ;
#4579 = DIRECTION ( 'NONE',  ( 0.0000000000000000000, 0.0000000000000000000, -1.000000000000000000 ) ) ;
#4580 = CARTESIAN_POINT ( 'NONE',  ( -0.1342111649153814312, 0.7999999999999996003, 0.1560891153966553757 ) ) ;
#4581 = SURFACE_STYLE_USAGE ( .BOTH. , #2191 ) ;
#4582 = CARTESIAN_POINT ( 'NONE',  ( 1.008696338567053985, 0.8100000000000000533, -0.2926507045620640457 ) ) ;
#4583 = CARTESIAN_POINT ( 'NONE',  ( -0.6839179661679359867, 0.8100000000000001643, -0.05028476622377589522 ) ) ;
#4584 = PRESENTATION_STYLE_ASSIGNMENT (( #5354 ) ) ;
#4585 = FACE_OUTER_BOUND ( 'NONE', #8701, .T. ) ;
#4586 = ADVANCED_FACE ( 'NONE', ( #7026 ), #2486, .F. ) ;
#4587 = SURFACE_SIDE_STYLE ('',( #3784 ) ) ;
#4588 = VERTEX_POINT ( 'NONE', #2579 ) ;
#4589 = CARTESIAN_POINT ( 'NONE',  ( -0.6215906808923359339, 0.8000000000000003775, -0.05191086813422744750 ) ) ;
#4590 =( GEOMETRIC_REPRESENTATION_CONTEXT ( 3 ) GLOBAL_UNCERTAINTY_ASSIGNED_CONTEXT ( ( #7982 ) ) GLOBAL_UNIT_ASSIGNED_CONTEXT ( ( #5669, #282, #2559 ) ) REPRESENTATION_CONTEXT ( 'NONE', 'WORKASPACE' ) );
#4591 = VECTOR ( 'NONE', #5301, 1000.000000000000000 ) ;
#4592 = SURFACE_STYLE_FILL_AREA ( #3835 ) ;
#4593 = CARTESIAN_POINT ( 'NONE',  ( 0.9999999999999997780, 0.05000000000000000278, 0.3500000000000005884 ) ) ;
#4594 = CARTESIAN_POINT ( 'NONE',  ( 1.010082558375434703, 0.8000000000000000444, 0.2136860560655847174 ) ) ;
#4595 = DIRECTION ( 'NONE',  ( -0.0000000000000000000, -1.000000000000000000, -0.0000000000000000000 ) ) ;
#4596 = PRESENTATION_LAYER_ASSIGNMENT (  '', '', ( #7083 ) ) ;
#4597 = STYLED_ITEM ( 'NONE', ( #4136 ), #519 ) ;
#4598 = CARTESIAN_POINT ( 'NONE',  ( 0.6972363034781918767, 0.8100000000000000533, -0.3363187720446367823 ) ) ;
#4599 = PRESENTATION_LAYER_ASSIGNMENT (  '', '', ( #3473 ) ) ;
#4600 = CARTESIAN_POINT ( 'NONE',  ( -0.7110050564462127021, 0.8000000000000001554, -0.2342854547357039741 ) ) ;
#4601 = VERTEX_POINT ( 'NONE', #8786 ) ;
#4602 = CARTESIAN_POINT ( 'NONE',  ( -1.065667435544118913, 0.8000000000000002665, -0.1832439401608575436 ) ) ;
#4603 = ORIENTED_EDGE ( 'NONE', *, *, #3042, .F. ) ;
#4604 = CARTESIAN_POINT ( 'NONE',  ( -1.233542939163327024, 0.8100000000000000533, 0.1844551688771766396 ) ) ;
#4605 = PRESENTATION_LAYER_ASSIGNMENT (  '', '', ( #8548 ) ) ;
#4606 = VECTOR ( 'NONE', #4876, 1000.000000000000000 ) ;
#4607 = SURFACE_STYLE_FILL_AREA ( #10074 ) ;
#4608 = CARTESIAN_POINT ( 'NONE',  ( -0.2678844332138460294, 0.8100000000000001643, -0.2453608769868652062 ) ) ;
#4609 = CARTESIAN_POINT ( 'NONE',  ( 0.6719587195249665523, 0.8000000000000001554, 0.04185595785078267961 ) ) ;
#4610 = CARTESIAN_POINT ( 'NONE',  ( 0.6917269607441336454, 0.8100000000000002753, -0.005188983690432373910 ) ) ;
#4611 = DIRECTION ( 'NONE',  ( 0.0000000000000000000, 1.000000000000000000, 0.0000000000000000000 ) ) ;
#4612 = DIRECTION ( 'NONE',  ( -1.204669080539449344E-16, 0.0000000000000000000, -1.000000000000000000 ) ) ;
#4613 = CARTESIAN_POINT ( 'NONE',  ( -1.148591878498414598, 0.8000000000000001554, 0.07920967903884491845 ) ) ;
#4614 =( LENGTH_UNIT ( ) NAMED_UNIT ( * ) SI_UNIT ( .MILLI., .METRE. ) );
#4615 =( GEOMETRIC_REPRESENTATION_CONTEXT ( 3 ) GLOBAL_UNCERTAINTY_ASSIGNED_CONTEXT ( ( #2545 ) ) GLOBAL_UNIT_ASSIGNED_CONTEXT ( ( #8342, #6739, #8394 ) ) REPRESENTATION_CONTEXT ( 'NONE', 'WORKASPACE' ) );
#4616 = ORIENTED_EDGE ( 'NONE', *, *, #60, .F. ) ;
#4617 = VECTOR ( 'NONE', #2525, 1000.000000000000000 ) ;
#4618 = FACE_OUTER_BOUND ( 'NONE', #9211, .T. ) ;
#4619 = VECTOR ( 'NONE', #1255, 1000.000000000000000 ) ;
#4620 = ORIENTED_EDGE ( 'NONE', *, *, #9055, .T. ) ;
#4621 = ORIENTED_EDGE ( 'NONE', *, *, #6310, .T. ) ;
#4622 = CARTESIAN_POINT ( 'NONE',  ( -0.1418247362597467864, 0.8000000000000002665, -0.2460154612977585031 ) ) ;
#4623 = AXIS2_PLACEMENT_3D ( 'NONE', #6506, #182, #3349 ) ;
#4624 = AXIS2_PLACEMENT_3D ( 'NONE', #5114, #1294, #5062 ) ;
#4625 = CARTESIAN_POINT ( 'NONE',  ( -0.3642276320179031468, 0.8100000000000002753, -0.05061152421123924633 ) ) ;
#4626 = COLOUR_RGB ( '',0.09803921568627450844, 0.09803921568627450844, 0.09803921568627450844 ) ;
#4627 = CARTESIAN_POINT ( 'NONE',  ( 0.6917269607441336454, 0.8000000000000002665, -0.005188983690432373910 ) ) ;
#4628 = DIRECTION ( 'NONE',  ( -0.0000000000000000000, -1.000000000000000000, -0.0000000000000000000 ) ) ;
#4629 = DIRECTION ( 'NONE',  ( -0.0000000000000000000, -1.000000000000000000, -0.0000000000000000000 ) ) ;
#4630 = LINE ( 'NONE', #2391, #1452 ) ;
#4631 = CARTESIAN_POINT ( 'NONE',  ( -0.8651242628283973835, 0.8100000000000004974, -0.3161270151794526306 ) ) ;
#4632 = CARTESIAN_POINT ( 'NONE',  ( 1.143845975200104448, 0.8000000000000001554, -0.2760809804325662919 ) ) ;
#4633 = AXIS2_PLACEMENT_3D ( 'NONE', #7652, #7510, #9831 ) ;
#4634 = ORIENTED_EDGE ( 'NONE', *, *, #8858, .F. ) ;
#4635 =( NAMED_UNIT ( * ) PLANE_ANGLE_UNIT ( ) SI_UNIT ( $, .RADIAN. ) );
#4636 = FILL_AREA_STYLE_COLOUR ( '', #9871 ) ;
#4637 = EDGE_CURVE ( 'NONE', #3921, #5801, #419, .T. ) ;
#4638 = CARTESIAN_POINT ( 'NONE',  ( 0.9138369360462438307, 0.8100000000000003864, -0.05952115099460087572 ) ) ;
#4639 = DIRECTION ( 'NONE',  ( -0.0000000000000000000, -1.000000000000000000, -0.0000000000000000000 ) ) ;
#4640 = CARTESIAN_POINT ( 'NONE',  ( -0.8029702274133784234, 0.8100000000000002753, -0.2811000192437413947 ) ) ;
#4641 = CARTESIAN_POINT ( 'NONE',  ( -1.205515431773832136, 0.8100000000000002753, 0.04464957117178969953 ) ) ;
#4642 = LINE ( 'NONE', #5514, #2036 ) ;
#4643 = ORIENTED_EDGE ( 'NONE', *, *, #9630, .T. ) ;
#4644 = CARTESIAN_POINT ( 'NONE',  ( -1.085803825225576391, 0.8000000000000000444, -0.2475199389191114208 ) ) ;
#4645 = VERTEX_POINT ( 'NONE', #248 ) ;
#4646 = MECHANICAL_DESIGN_GEOMETRIC_PRESENTATION_REPRESENTATION (  '', ( #9260 ), #7606 ) ;
#4647 = CARTESIAN_POINT ( 'NONE',  ( -0.6279907543077795085, 0.8100000000000000533, -0.1507744555896408933 ) ) ;
#4648 = CARTESIAN_POINT ( 'NONE',  ( 0.7268259879233197607, 0.8100000000000001643, 0.02057633525434429331 ) ) ;
#4649 = CARTESIAN_POINT ( 'NONE',  ( 1.157101961949293933, 0.8000000000000000444, -0.2762580803300713206 ) ) ;
#4650 = CARTESIAN_POINT ( 'NONE',  ( 0.9388917746557573496, 0.8000000000000001554, 0.1114449333602981901 ) ) ;
#4651 =( GEOMETRIC_REPRESENTATION_CONTEXT ( 3 ) GLOBAL_UNCERTAINTY_ASSIGNED_CONTEXT ( ( #3371 ) ) GLOBAL_UNIT_ASSIGNED_CONTEXT ( ( #4853, #2558, #1890 ) ) REPRESENTATION_CONTEXT ( 'NONE', 'WORKASPACE' ) );
#4652 = CARTESIAN_POINT ( 'NONE',  ( 0.9747938491360237379, 0.8100000000000000533, -0.2542840151353533695 ) ) ;
#4653 = CARTESIAN_POINT ( 'NONE',  ( -2.000000000000000000, 0.6000000000000000888, 1.249999999999999556 ) ) ;
#4654 = EDGE_CURVE ( 'NONE', #2253, #7955, #7869, .T. ) ;
#4655 = ORIENTED_EDGE ( 'NONE', *, *, #7837, .F. ) ;
#4656 = CARTESIAN_POINT ( 'NONE',  ( -1.121715165939041636, 0.8099999999999999423, -0.2769164761595588886 ) ) ;
#4657 = UNCERTAINTY_MEASURE_WITH_UNIT (LENGTH_MEASURE( 1.000000000000000082E-05 ), #5454, 'distance_accuracy_value', 'NONE');
#4658 = MECHANICAL_DESIGN_GEOMETRIC_PRESENTATION_REPRESENTATION (  '', ( #9111 ), #404 ) ;
#4659 = SURFACE_STYLE_USAGE ( .BOTH. , #5429 ) ;
#4660 = CARTESIAN_POINT ( 'NONE',  ( -0.2443399945103183757, 0.7999999999999993783, -0.2716150637105989585 ) ) ;
#4661 = CARTESIAN_POINT ( 'NONE',  ( 0.6917302621551199016, 0.8100000000000002753, 0.07137405915739543361 ) ) ;
#4662 = CARTESIAN_POINT ( 'NONE',  ( -1.065934427985388622, 0.8100000000000002753, -0.1726177480111338314 ) ) ;
#4663 = LINE ( 'NONE', #5432, #7502 ) ;
#4664 = CARTESIAN_POINT ( 'NONE',  ( 0.7235475243941774659, 0.8100000000000000533, -0.09039334122994710508 ) ) ;
#4665 = CARTESIAN_POINT ( 'NONE',  ( -0.08157658880924056888, 0.8099999999999998312, -0.2621935917501274083 ) ) ;
#4666 = PRESENTATION_STYLE_ASSIGNMENT (( #3047 ) ) ;
#4667 = ORIENTED_EDGE ( 'NONE', *, *, #1466, .T. ) ;
#4668 = SURFACE_SIDE_STYLE ('',( #2996 ) ) ;
#4669 = SURFACE_STYLE_FILL_AREA ( #6163 ) ;
#4670 = ORIENTED_EDGE ( 'NONE', *, *, #8746, .F. ) ;
#4671 = ORIENTED_EDGE ( 'NONE', *, *, #7354, .F. ) ;
#4672 = UNCERTAINTY_MEASURE_WITH_UNIT (LENGTH_MEASURE( 1.000000000000000082E-05 ), #210, 'distance_accuracy_value', 'NONE');
#4673 = AXIS2_PLACEMENT_3D ( 'NONE', #4875, #1714, #8636 ) ;
#4674 = VECTOR ( 'NONE', #8410, 1000.000000000000000 ) ;
#4675 = CARTESIAN_POINT ( 'NONE',  ( -1.314333553700720802, 0.7999999999999999334, -0.1744009699872260677 ) ) ;
#4676 = LINE ( 'NONE', #7139, #7454 ) ;
#4677 = CARTESIAN_POINT ( 'NONE',  ( 1.950000000000001732, 0.6100000000000000977, 0.9499999999999979572 ) ) ;
#4678 = DIRECTION ( 'NONE',  ( -0.4750454889892490873, 0.0000000000000000000, -0.8799612397094348504 ) ) ;
#4679 = DIRECTION ( 'NONE',  ( -0.0000000000000000000, -1.000000000000000000, -0.0000000000000000000 ) ) ;
#4680 = VERTEX_POINT ( 'NONE', #7244 ) ;
#4681 = CARTESIAN_POINT ( 'NONE',  ( -0.7815749861026538570, 0.8100000000000001643, 0.2691964651244743711 ) ) ;
#4682 = MECHANICAL_DESIGN_GEOMETRIC_PRESENTATION_REPRESENTATION (  '', ( #2568 ), #256 ) ;
#4683 = SURFACE_STYLE_USAGE ( .BOTH. , #3114 ) ;
#4684 = DIRECTION ( 'NONE',  ( -0.0000000000000000000, -1.000000000000000000, -0.0000000000000000000 ) ) ;
#4685 = CARTESIAN_POINT ( 'NONE',  ( -0.7834012848039526578, 0.8100000000000001643, -0.2840502881222787268 ) ) ;
#4686 = CARTESIAN_POINT ( 'NONE',  ( -0.6218245923558896049, 0.8100000000000000533, -0.07807543968415885105 ) ) ;
#4687 = CARTESIAN_POINT ( 'NONE',  ( -1.252638297790965582, 0.8100000000000001643, -0.1593749634469540932 ) ) ;
#4688 = FILL_AREA_STYLE_COLOUR ( '', #8457 ) ;
#4689 = CARTESIAN_POINT ( 'NONE',  ( -1.246477138506409954, 0.8099999999999999423, 0.09017323198743072699 ) ) ;
#4690 =( GEOMETRIC_REPRESENTATION_CONTEXT ( 3 ) GLOBAL_UNCERTAINTY_ASSIGNED_CONTEXT ( ( #2535 ) ) GLOBAL_UNIT_ASSIGNED_CONTEXT ( ( #1218, #528, #3656 ) ) REPRESENTATION_CONTEXT ( 'NONE', 'WORKASPACE' ) );
#4691 = CARTESIAN_POINT ( 'NONE',  ( -0.09720644595696557866, 0.8100000000000001643, -0.2881154959135701632 ) ) ;
#4692 = SURFACE_SIDE_STYLE ('',( #5465 ) ) ;
#4693 = ORIENTED_EDGE ( 'NONE', *, *, #4835, .T. ) ;
#4694 = ADVANCED_FACE ( 'NONE', ( #837 ), #9464, .F. ) ;
#4695 = SURFACE_SIDE_STYLE ('',( #10155 ) ) ;
#4696 = FILL_AREA_STYLE_COLOUR ( '', #1117 ) ;
#4697 = MECHANICAL_DESIGN_GEOMETRIC_PRESENTATION_REPRESENTATION (  '', ( #6041 ), #1624 ) ;
#4698 = CARTESIAN_POINT ( 'NONE',  ( -1.167637644050887324, 0.8000000000000001554, -0.2838389543173847618 ) ) ;
#4699 = PRESENTATION_STYLE_ASSIGNMENT (( #2362 ) ) ;
#4700 = STYLED_ITEM ( 'NONE', ( #5776 ), #5389 ) ;
#4701 = CARTESIAN_POINT ( 'NONE',  ( 1.037200817985892254, 0.8000000000000002665, 0.2335554400722967550 ) ) ;
#4702 = DIRECTION ( 'NONE',  ( -0.0000000000000000000, -1.000000000000000000, -0.0000000000000000000 ) ) ;
#4703 = CARTESIAN_POINT ( 'NONE',  ( 1.123747088249460235, 0.8100000000000000533, 0.1957876896143228296 ) ) ;
#4704 = CARTESIAN_POINT ( 'NONE',  ( 0.9181242006667502675, 0.8100000000000000533, -0.1051115714039073668 ) ) ;
#4705 = DIRECTION ( 'NONE',  ( 0.0000000000000000000, 0.0000000000000000000, -1.000000000000000000 ) ) ;
#4706 =( NAMED_UNIT ( * ) SI_UNIT ( $, .STERADIAN. ) SOLID_ANGLE_UNIT ( ) );
#4707 = EDGE_LOOP ( 'NONE', ( #6561, #6549, #772, #6956 ) ) ;
#4708 = FILL_AREA_STYLE ('',( #3231 ) ) ;
#4709 =( GEOMETRIC_REPRESENTATION_CONTEXT ( 3 ) GLOBAL_UNCERTAINTY_ASSIGNED_CONTEXT ( ( #6418 ) ) GLOBAL_UNIT_ASSIGNED_CONTEXT ( ( #8885, #1906, #5943 ) ) REPRESENTATION_CONTEXT ( 'NONE', 'WORKASPACE' ) );
#4710 = ORIENTED_EDGE ( 'NONE', *, *, #2543, .F. ) ;
#4711 = ADVANCED_FACE ( 'NONE', ( #9095 ), #8125, .T. ) ;
#4712 = CARTESIAN_POINT ( 'NONE',  ( -1.207539996290692974, 0.8100000000000001643, 0.1446734927190999609 ) ) ;
#4713 = EDGE_CURVE ( 'NONE', #9756, #3316, #5074, .T. ) ;
#4714 = CARTESIAN_POINT ( 'NONE',  ( -2.000000000000000000, 0.6000000000000000888, 1.249999999999999556 ) ) ;
#4715 = CARTESIAN_POINT ( 'NONE',  ( -0.2355395803753622119, 0.8100000000000001643, -0.2771381956654688228 ) ) ;
#4716 = CARTESIAN_POINT ( 'NONE',  ( 0.5778026980014429048, 0.8100000000000001643, -0.003446037531902915261 ) ) ;
#4717 = CARTESIAN_POINT ( 'NONE',  ( -1.065625310777978507, 0.8000000000000000444, -0.1794642491612398194 ) ) ;
#4718 =( NAMED_UNIT ( * ) SI_UNIT ( $, .STERADIAN. ) SOLID_ANGLE_UNIT ( ) );
#4719 = CARTESIAN_POINT ( 'NONE',  ( 0.9760941902295598993, 0.8100000000000000533, -0.02876859206463269411 ) ) ;
#4720 = CARTESIAN_POINT ( 'NONE',  ( 1.131773373681490780, 0.8100000000000002753, 0.2672555925380320496 ) ) ;
#4721 = EDGE_LOOP ( 'NONE', ( #545, #7640, #2613, #7545 ) ) ;
#4722 = DIRECTION ( 'NONE',  ( -0.0000000000000000000, -1.000000000000000000, -0.0000000000000000000 ) ) ;
#4723 = EDGE_CURVE ( 'NONE', #1710, #244, #1429, .T. ) ;
#4724 = STYLED_ITEM ( 'NONE', ( #9728 ), #6718 ) ;
#4725 = COLOUR_RGB ( '',1.000000000000000000, 0.9490196078431372140, 0.9098039215686274384 ) ;
#4726 = PRESENTATION_STYLE_ASSIGNMENT (( #5596 ) ) ;
#4727 = B_SPLINE_SURFACE_WITH_KNOTS ( 'NONE', 3, 1, ( 
 ( #1763, #7927 ),
 ( #6262, #891 ),
 ( #4010, #8747 ),
 ( #5696, #1617 ),
 ( #1816, #944 ),
 ( #5497, #2582 ),
 ( #7140, #1718 ),
 ( #9415, #8843 ),
 ( #7975, #4931 ),
 ( #2490, #4879 ),
 ( #6423, #7873 ),
 ( #2540, #5646 ),
 ( #8028, #8080 ),
 ( #103, #3250 ),
 ( #6368, #1053 ),
 ( #8641, #9522 ),
 ( #199, #2389 ),
 ( #4730, #842 ),
 ( #3958, #5030 ) ),
 .UNSPECIFIED., .F., .F., .F.,
 ( 4, 1, 1, 1, 1, 1, 1, 1, 1, 1, 1, 1, 1, 1, 1, 1, 4 ),
 ( 2, 2 ),
 ( 0.0000000000000000000, 0.09461484262909476695, 0.1836834623759331098, 0.2670219024662580654, 0.3451095466059843075, 0.4178374162441567674, 0.4855421053389512576, 0.5487752445457689809, 0.6077562862289902501, 0.6628684891831970738, 0.7144579905412640208, 0.7630693177096038449, 0.8100590634505960841, 0.8560639889199529451, 0.9024574209556276427, 0.9500767445819809920, 0.9999999999999998890 ),
 ( 0.0000000000000000000, 1.000000000000000000 ),
 .UNSPECIFIED. ) ;
#4728 =( NAMED_UNIT ( * ) PLANE_ANGLE_UNIT ( ) SI_UNIT ( $, .RADIAN. ) );
#4729 = PRESENTATION_STYLE_ASSIGNMENT (( #3249 ) ) ;
#4730 = CARTESIAN_POINT ( 'NONE',  ( -0.1985222844498585881, 0.8100000000000001643, 0.2689719191907268270 ) ) ;
#4731 = CARTESIAN_POINT ( 'NONE',  ( 1.162946117793449696, 0.8000000000000001554, -0.3463879504599414183 ) ) ;
#4732 = CARTESIAN_POINT ( 'NONE',  ( -0.9409499861026540124, 0.8100000000000002753, -0.03835223617422684611 ) ) ;
#4733 = MECHANICAL_DESIGN_GEOMETRIC_PRESENTATION_REPRESENTATION (  '', ( #8837 ), #5054 ) ;
#4734 = CARTESIAN_POINT ( 'NONE',  ( 1.171771144449036406, 0.8000000000000000444, -0.3461979392881434081 ) ) ;
#4735 = CARTESIAN_POINT ( 'NONE',  ( -0.8348460148384961865, 0.8000000000000002665, -0.3358419802741366422 ) ) ;
#4736 = CARTESIAN_POINT ( 'NONE',  ( 1.035609183826924795, 0.8000000000000003775, -0.2273456089965739946 ) ) ;
#4737 = ORIENTED_EDGE ( 'NONE', *, *, #5216, .F. ) ;
#4738 = LINE ( 'NONE', #847, #3894 ) ;
#4739 = PRESENTATION_LAYER_ASSIGNMENT (  '', '', ( #1799 ) ) ;
#4740 = CARTESIAN_POINT ( 'NONE',  ( 1.500000000000000222, 0.8000000000000001554, 0.7999999999999999334 ) ) ;
#4741 = CARTESIAN_POINT ( 'NONE',  ( 1.820000000000000284, 0.7000000000000000666, 0.7999999999999999334 ) ) ;
#4742 = FILL_AREA_STYLE_COLOUR ( '', #10170 ) ;
#4743 = CARTESIAN_POINT ( 'NONE',  ( 1.163311377533709390, 0.8000000000000002665, 0.1990665949946039681 ) ) ;
#4744 = CARTESIAN_POINT ( 'NONE',  ( -0.7697422482736605565, 0.8000000000000000444, 0.2065145937873865134 ) ) ;
#4745 = VECTOR ( 'NONE', #4863, 1000.000000000000000 ) ;
#4746 = CARTESIAN_POINT ( 'NONE',  ( -0.8445078098372228448, 0.8100000000000004974, -0.2453608769868650397 ) ) ;
#4747 = CARTESIAN_POINT ( 'NONE',  ( -1.014574653929261938, 0.8000000000000001554, -0.1074261008384577720 ) ) ;
#4748 = ORIENTED_EDGE ( 'NONE', *, *, #1913, .F. ) ;
#4749 = VERTEX_POINT ( 'NONE', #8574 ) ;
#4750 = DIRECTION ( 'NONE',  ( 0.0000000000000000000, 1.000000000000000000, 0.0000000000000000000 ) ) ;
#4751 = VECTOR ( 'NONE', #2667, 1000.000000000000000 ) ;
#4752 = CARTESIAN_POINT ( 'NONE',  ( -1.246133868356824381, 0.8000000000000000444, -0.2124742670998519545 ) ) ;
#4753 = SURFACE_STYLE_FILL_AREA ( #1492 ) ;
#4754 = EDGE_CURVE ( 'NONE', #8206, #9250, #2268, .T. ) ;
#4755 = CARTESIAN_POINT ( 'NONE',  ( 1.078176355392829855, 0.8100000000000001643, -0.3332583876216480556 ) ) ;
#4756 = LINE ( 'NONE', #3437, #5656 ) ;
#4757 =( LENGTH_UNIT ( ) NAMED_UNIT ( * ) SI_UNIT ( .MILLI., .METRE. ) );
#4758 = EDGE_LOOP ( 'NONE', ( #8673, #9704, #160, #649 ) ) ;
#4759 = PRESENTATION_LAYER_ASSIGNMENT (  '', '', ( #3133 ) ) ;
#4760 = PRESENTATION_LAYER_ASSIGNMENT (  '', '', ( #8365 ) ) ;
#4761 = ORIENTED_EDGE ( 'NONE', *, *, #506, .T. ) ;
#4762 = FACE_OUTER_BOUND ( 'NONE', #5933, .T. ) ;
#4763 = CARTESIAN_POINT ( 'NONE',  ( -0.8635637037226778778, 0.7999999999999999334, 0.1256072252334962114 ) ) ;
#4764 = PRESENTATION_STYLE_ASSIGNMENT (( #9452 ) ) ;
#4765 =( NAMED_UNIT ( * ) PLANE_ANGLE_UNIT ( ) SI_UNIT ( $, .RADIAN. ) );
#4766 = CARTESIAN_POINT ( 'NONE',  ( -1.779999999999999583, 0.7800000000000001377, -0.7999999999999999334 ) ) ;
#4767 = PLANE ( 'NONE',  #76 ) ;
#4768 = ORIENTED_EDGE ( 'NONE', *, *, #7658, .T. ) ;
#4769 = FILL_AREA_STYLE_COLOUR ( '', #9520 ) ;
#4770 = ADVANCED_FACE ( 'NONE', ( #5284 ), #7752, .T. ) ;
#4771 = VERTEX_POINT ( 'NONE', #9343 ) ;
#4772 = VECTOR ( 'NONE', #1675, 1000.000000000000000 ) ;
#4773 = AXIS2_PLACEMENT_3D ( 'NONE', #6464, #8118, #2729 ) ;
#4774 = AXIS2_PLACEMENT_3D ( 'NONE', #304, #2628, #356 ) ;
#4775 = VECTOR ( 'NONE', #5508, 1000.000000000000000 ) ;
#4776 = UNCERTAINTY_MEASURE_WITH_UNIT (LENGTH_MEASURE( 1.000000000000000082E-05 ), #1489, 'distance_accuracy_value', 'NONE');
#4777 = FILL_AREA_STYLE_COLOUR ( '', #7134 ) ;
#4778 = SURFACE_STYLE_FILL_AREA ( #7972 ) ;
#4779 = CARTESIAN_POINT ( 'NONE',  ( 1.127330800443442804, 0.7999999999999999334, -0.3443611276446450487 ) ) ;
#4780 = CARTESIAN_POINT ( 'NONE',  ( -0.1279054272690933192, 0.8100000000000000533, -0.2200471004612733483 ) ) ;
#4781 = PRESENTATION_LAYER_ASSIGNMENT (  '', '', ( #7907 ) ) ;
#4782 = EDGE_CURVE ( 'NONE', #3073, #4320, #1450, .T. ) ;
#4783 = CARTESIAN_POINT ( 'NONE',  ( -0.6838071289597970059, 0.8000000000000002665, -0.03859574266773335705 ) ) ;
#4784 =( GEOMETRIC_REPRESENTATION_CONTEXT ( 3 ) GLOBAL_UNCERTAINTY_ASSIGNED_CONTEXT ( ( #5073 ) ) GLOBAL_UNIT_ASSIGNED_CONTEXT ( ( #6421, #7973, #3103 ) ) REPRESENTATION_CONTEXT ( 'NONE', 'WORKASPACE' ) );
#4785 = CARTESIAN_POINT ( 'NONE',  ( 0.7604255151962953097, 0.8100000000000001643, -0.03387163068262751681 ) ) ;
#4786 = CARTESIAN_POINT ( 'NONE',  ( 1.023265779056520053, 0.8099999999999999423, 0.2241995966568164078 ) ) ;
#4787 = EDGE_CURVE ( 'NONE', #9851, #1598, #2316, .T. ) ;
#4788 = VERTEX_POINT ( 'NONE', #3847 ) ;
#4789 = UNCERTAINTY_MEASURE_WITH_UNIT (LENGTH_MEASURE( 1.000000000000000082E-05 ), #1113, 'distance_accuracy_value', 'NONE');
#4790 = CARTESIAN_POINT ( 'NONE',  ( -1.690000000000001057, 0.6800000000000000488, 0.9400000000000005018 ) ) ;
#4791 =( GEOMETRIC_REPRESENTATION_CONTEXT ( 3 ) GLOBAL_UNCERTAINTY_ASSIGNED_CONTEXT ( ( #7557 ) ) GLOBAL_UNIT_ASSIGNED_CONTEXT ( ( #763, #6492, #2555 ) ) REPRESENTATION_CONTEXT ( 'NONE', 'WORKASPACE' ) );
#4792 = LINE ( 'NONE', #3502, #342 ) ;
#4793 = EDGE_CURVE ( 'NONE', #5435, #559, #6863, .T. ) ;
#4794 = FILL_AREA_STYLE_COLOUR ( '', #9845 ) ;
#4795 = CARTESIAN_POINT ( 'NONE',  ( -0.6483702039739476231, 0.8100000000000007194, -0.2385620643775048511 ) ) ;
#4796 = PRESENTATION_STYLE_ASSIGNMENT (( #6533 ) ) ;
#4797 = CARTESIAN_POINT ( 'NONE',  ( 1.167085728183060001, 0.8000000000000001554, 0.2691964651244740936 ) ) ;
#4798 = CARTESIAN_POINT ( 'NONE',  ( -1.271009786563721766, 0.8100000000000002753, 0.1216642332321596770 ) ) ;
#4799 = CARTESIAN_POINT ( 'NONE',  ( 1.163311377533709612, 0.8100000000000002753, 0.1990665949946039959 ) ) ;
#4800 = ORIENTED_EDGE ( 'NONE', *, *, #6900, .T. ) ;
#4801 = CARTESIAN_POINT ( 'NONE',  ( 0.4304785853259170403, 0.8100000000000001643, 0.2614042573322663543 ) ) ;
#4802 = CARTESIAN_POINT ( 'NONE',  ( -0.7764033491413933064, 0.8100000000000001643, 0.2067437273318468716 ) ) ;
#4803 = VECTOR ( 'NONE', #2493, 1000.000000000000000 ) ;
#4804 = FILL_AREA_STYLE_COLOUR ( '', #8551 ) ;
#4805 = CARTESIAN_POINT ( 'NONE',  ( -1.690000000000001057, 0.7000000000000000666, 0.9400000000000005018 ) ) ;
#4806 =( NAMED_UNIT ( * ) PLANE_ANGLE_UNIT ( ) SI_UNIT ( $, .RADIAN. ) );
#4807 = SURFACE_STYLE_USAGE ( .BOTH. , #2467 ) ;
#4808 = COLOUR_RGB ( '',0.09803921568627450844, 0.09803921568627450844, 0.09803921568627450844 ) ;
#4809 = ORIENTED_EDGE ( 'NONE', *, *, #4472, .T. ) ;
#4810 = DIRECTION ( 'NONE',  ( -0.0000000000000000000, -1.000000000000000000, -0.0000000000000000000 ) ) ;
#4811 = PRESENTATION_STYLE_ASSIGNMENT (( #4963 ) ) ;
#4812 = ADVANCED_FACE ( 'NONE', ( #3089 ), #4505, .T. ) ;
#4813 = CARTESIAN_POINT ( 'NONE',  ( -0.8720089031977389382, 0.8100000000000003864, 0.08251454679173689244 ) ) ;
#4814 = CARTESIAN_POINT ( 'NONE',  ( 1.969999999999997753, 0.7000000000000000666, -0.9400000000000000577 ) ) ;
#4815 = B_SPLINE_CURVE_WITH_KNOTS ( 'NONE', 3,
 ( #8408, #3171, #4744, #3869, #2871, #5992, #2106, #9966, #7636, #9431, #8309, #2399, #6991, #5458, #497, #9140, #1628, #2920, #5219 ),
 .UNSPECIFIED., .F., .F.,
 ( 4, 1, 1, 1, 1, 1, 1, 1, 1, 1, 1, 1, 1, 1, 1, 1, 4 ),
 ( 0.0000000000000000000, 0.03476247499314150113, 0.06921761996766290226, 0.1040827908270606089, 0.1396233419469607162, 0.1780076438586627174, 0.2187066205196007140, 0.2628484765996418893, 0.3106326191763027489, 0.3641701430560785879, 0.4264757682148802020, 0.4977490005588234845, 0.5783092054372713786, 0.6685643758583322827, 0.7690571095696286941, 0.8794894768587032674, 1.000000000000000000 ),
 .UNSPECIFIED. ) ;
#4816 = DIRECTION ( 'NONE',  ( -1.000000000000000000, 0.0000000000000000000, 0.0000000000000000000 ) ) ;
#4817 = CARTESIAN_POINT ( 'NONE',  ( -1.309817064530104380, 0.8100000000000002753, -0.2087509718780261314 ) ) ;
#4818 = CARTESIAN_POINT ( 'NONE',  ( -0.1569025867408395947, 0.8100000000000003864, 0.1871459774479251048 ) ) ;
#4819 = CARTESIAN_POINT ( 'NONE',  ( -0.4656253107779786404, 0.8100000000000001643, 0.2614042573322664653 ) ) ;
#4820 = CARTESIAN_POINT ( 'NONE',  ( 1.010082558375434703, 0.8000000000000000444, 0.2136860560655847174 ) ) ;
#4821 = ORIENTED_EDGE ( 'NONE', *, *, #3137, .T. ) ;
#4822 = CARTESIAN_POINT ( 'NONE',  ( 0.9997429487942814941, 0.8100000000000002753, -0.1706201170461517647 ) ) ;
#4823 = ORIENTED_EDGE ( 'NONE', *, *, #6352, .F. ) ;
#4824 = VECTOR ( 'NONE', #8045, 1000.000000000000000 ) ;
#4825 = EDGE_CURVE ( 'NONE', #5591, #2368, #10165, .T. ) ;
#4826 = DIRECTION ( 'NONE',  ( 1.000000000000000000, 0.0000000000000000000, 0.0000000000000000000 ) ) ;
#4827 = CARTESIAN_POINT ( 'NONE',  ( -0.3420701567565622714, 0.8000000000000001554, -0.2241635485886930845 ) ) ;
#4828 = DIRECTION ( 'NONE',  ( 1.000000000000000000, -0.0000000000000000000, -4.336808689942043768E-15 ) ) ;
#4829 = FILL_AREA_STYLE_COLOUR ( '', #3034 ) ;
#4830 = CARTESIAN_POINT ( 'NONE',  ( -0.9385122948763453543, 0.8100000000000002753, 0.03906791921829761566 ) ) ;
#4831 = CARTESIAN_POINT ( 'NONE',  ( 0.6931558535562691858, 0.8100000000000001643, -0.008494137099524410109 ) ) ;
#4832 = VERTEX_POINT ( 'NONE', #2567 ) ;
#4833 = VECTOR ( 'NONE', #1708, 1000.000000000000000 ) ;
#4834 = PRESENTATION_STYLE_ASSIGNMENT (( #1058 ) ) ;
#4835 = EDGE_CURVE ( 'NONE', #675, #4588, #10167, .T. ) ;
#4836 = SHAPE_DEFINITION_REPRESENTATION ( #9411, #470 ) ;
#4837 = CARTESIAN_POINT ( 'NONE',  ( 0.7826152031069739667, 0.7999999999999999334, -0.05134502408322912798 ) ) ;
#4838 = CARTESIAN_POINT ( 'NONE',  ( 1.127330800443442804, 0.8099999999999999423, -0.3443611276446450487 ) ) ;
#4839 = CARTESIAN_POINT ( 'NONE',  ( 1.899999999999999911, 0.05000000000000000278, 0.3500000000000004219 ) ) ;
#4840 = PRESENTATION_LAYER_ASSIGNMENT (  '', '', ( #9284 ) ) ;
#4841 = PRESENTATION_STYLE_ASSIGNMENT (( #1678 ) ) ;
#4842 = CARTESIAN_POINT ( 'NONE',  ( -0.8209633711336954409, 0.8000000000000005995, -0.2716150637105989030 ) ) ;
#4843 = CARTESIAN_POINT ( 'NONE',  ( -1.281119188400833941, 0.8100000000000001643, 0.1365639947277345889 ) ) ;
#4844 = DIRECTION ( 'NONE',  ( -0.0000000000000000000, -1.000000000000000000, -0.0000000000000000000 ) ) ;
#4845 = VERTEX_POINT ( 'NONE', #6296 ) ;
#4846 = MECHANICAL_DESIGN_GEOMETRIC_PRESENTATION_REPRESENTATION (  '', ( #8958 ), #2251 ) ;
#4847 = SURFACE_SIDE_STYLE ('',( #1735 ) ) ;
#4848 = EDGE_CURVE ( 'NONE', #3285, #8647, #7909, .T. ) ;
#4849 = LINE ( 'NONE', #8911, #7639 ) ;
#4850 = PRESENTATION_LAYER_ASSIGNMENT (  '', '', ( #4515 ) ) ;
#4851 = FILL_AREA_STYLE ('',( #4804 ) ) ;
#4852 = CARTESIAN_POINT ( 'NONE',  ( 2.000000000000000000, 0.6100000000000000977, -1.249999999999997780 ) ) ;
#4853 =( LENGTH_UNIT ( ) NAMED_UNIT ( * ) SI_UNIT ( .MILLI., .METRE. ) );
#4854 = MECHANICAL_DESIGN_GEOMETRIC_PRESENTATION_REPRESENTATION (  '', ( #8306 ), #3071 ) ;
#4855 = CYLINDRICAL_SURFACE ( 'NONE', #4270, 0.2999999999999999334 ) ;
#4856 = DIRECTION ( 'NONE',  ( 0.0000000000000000000, -0.0000000000000000000, 1.000000000000000000 ) ) ;
#4857 = ORIENTED_EDGE ( 'NONE', *, *, #60, .T. ) ;
#4858 = CARTESIAN_POINT ( 'NONE',  ( -1.148133226954506148, 0.8000000000000002665, -0.2837463594469754047 ) ) ;
#4859 = SURFACE_STYLE_FILL_AREA ( #1699 ) ;
#4860 = ORIENTED_EDGE ( 'NONE', *, *, #4368, .T. ) ;
#4861 = CARTESIAN_POINT ( 'NONE',  ( -0.7273928706204563222, 0.7999999999999999334, 0.2585183525809114924 ) ) ;
#4862 = AXIS2_PLACEMENT_3D ( 'NONE', #9498, #9705, #1134 ) ;
#4863 = DIRECTION ( 'NONE',  ( 1.000000000000000000, 0.0000000000000000000, -0.0000000000000000000 ) ) ;
#4864 = LINE ( 'NONE', #4047, #9881 ) ;
#4865 =( LENGTH_UNIT ( ) NAMED_UNIT ( * ) SI_UNIT ( .MILLI., .METRE. ) );
#4866 = CARTESIAN_POINT ( 'NONE',  ( -1.299891214641170967, 0.8100000000000000533, -0.2451712431717135987 ) ) ;
#4867 = CARTESIAN_POINT ( 'NONE',  ( -0.09720644595696557866, 0.8000000000000001554, -0.2881154959135701632 ) ) ;
#4868 = CARTESIAN_POINT ( 'NONE',  ( -0.3016641344591105001, 0.8000000000000003775, -0.07232998743971602584 ) ) ;
#4869 = CARTESIAN_POINT ( 'NONE',  ( 0.7443408449114159442, 0.8000000000000001554, -0.2364231680248657375 ) ) ;
#4870 = CARTESIAN_POINT ( 'NONE',  ( 0.9859658305390900379, 0.8099999999999999423, 0.1895063845676086267 ) ) ;
#4871 = ORIENTED_EDGE ( 'NONE', *, *, #8060, .F. ) ;
#4872 = LINE ( 'NONE', #6467, #2303 ) ;
#4873 = ORIENTED_EDGE ( 'NONE', *, *, #8458, .T. ) ;
#4874 = UNCERTAINTY_MEASURE_WITH_UNIT (LENGTH_MEASURE( 1.000000000000000082E-05 ), #530, 'distance_accuracy_value', 'NONE');
#4875 = CARTESIAN_POINT ( 'NONE',  ( 1.500000000000000222, 0.7800000000000001377, -0.8000000000000001554 ) ) ;
#4876 = DIRECTION ( 'NONE',  ( -0.0000000000000000000, -1.000000000000000000, -0.0000000000000000000 ) ) ;
#4877 = COLOUR_RGB ( '',1.000000000000000000, 0.8078431372549019773, 0.4980392156862745168 ) ;
#4878 = CARTESIAN_POINT ( 'NONE',  ( -0.3546531972642365527, 0.8000000000000000444, -0.1711366949307233654 ) ) ;
#4879 = CARTESIAN_POINT ( 'NONE',  ( -0.08460924252961288250, 0.7999999999999999334, 0.1905037987514398290 ) ) ;
#4880 = CARTESIAN_POINT ( 'NONE',  ( -1.003287648440316149, 0.8100000000000001643, -0.1782467166937073688 ) ) ;
#4881 = CARTESIAN_POINT ( 'NONE',  ( -0.9350152742861419508, 0.8100000000000001643, 0.07360529725343023522 ) ) ;
#4882 = EDGE_CURVE ( 'NONE', #285, #6811, #1750, .T. ) ;
#4883 = DIRECTION ( 'NONE',  ( 0.0000000000000000000, 0.0000000000000000000, -1.000000000000000000 ) ) ;
#4884 = LINE ( 'NONE', #3315, #2023 ) ;
#4885 = PRESENTATION_LAYER_ASSIGNMENT (  '', '', ( #9824 ) ) ;
#4886 = ORIENTED_EDGE ( 'NONE', *, *, #9492, .F. ) ;
#4887 = UNCERTAINTY_MEASURE_WITH_UNIT (LENGTH_MEASURE( 1.000000000000000082E-05 ), #5109, 'distance_accuracy_value', 'NONE');
#4888 = DIRECTION ( 'NONE',  ( -0.0000000000000000000, -1.000000000000000000, -0.0000000000000000000 ) ) ;
#4889 = CARTESIAN_POINT ( 'NONE',  ( 0.8259277164397018645, 0.8100000000000001643, -0.1406577663676613632 ) ) ;
#4890 = STYLED_ITEM ( 'NONE', ( #10116 ), #6948 ) ;
#4891 = CARTESIAN_POINT ( 'NONE',  ( 0.9999999999999997780, 0.0000000000000000000, -0.3500000000000000333 ) ) ;
#4892 = PLANE ( 'NONE',  #2957 ) ;
#4893 = CARTESIAN_POINT ( 'NONE',  ( 0.6972363034781918767, 0.8100000000000000533, -0.3363187720446367823 ) ) ;
#4894 = EDGE_CURVE ( 'NONE', #2127, #3244, #8058, .T. ) ;
#4895 = CARTESIAN_POINT ( 'NONE',  ( -0.8785009481323188263, 0.8100000000000000533, -0.05016294141516895039 ) ) ;
#4896 = CARTESIAN_POINT ( 'NONE',  ( 1.263241409911409763, 0.8100000000000002753, -0.2363677295898268249 ) ) ;
#4897 = VERTEX_POINT ( 'NONE', #6404 ) ;
#4898 = EDGE_CURVE ( 'NONE', #7777, #2980, #6247, .T. ) ;
#4899 = EDGE_CURVE ( 'NONE', #8054, #3073, #4148, .T. ) ;
#4900 = VERTEX_POINT ( 'NONE', #5678 ) ;
#4901 = SURFACE_STYLE_USAGE ( .BOTH. , #5661 ) ;
#4902 =( LENGTH_UNIT ( ) NAMED_UNIT ( * ) SI_UNIT ( .MILLI., .METRE. ) );
#4903 = CARTESIAN_POINT ( 'NONE',  ( -0.3018790361425550683, 0.7999999999999999334, -0.02690666817324881624 ) ) ;
#4904 = VECTOR ( 'NONE', #8623, 1000.000000000000000 ) ;
#4905 = FILL_AREA_STYLE_COLOUR ( '', #7577 ) ;
#4906 = CARTESIAN_POINT ( 'NONE',  ( -1.160966517191227343, 0.8000000000000000444, -0.2839786991931803617 ) ) ;
#4907 = STYLED_ITEM ( 'NONE', ( #6704 ), #7468 ) ;
#4908 = EDGE_CURVE ( 'NONE', #9392, #3144, #3770, .T. ) ;
#4909 = CARTESIAN_POINT ( 'NONE',  ( -0.7834012848039526578, 0.8000000000000001554, -0.2840502881222787268 ) ) ;
#4910 = CARTESIAN_POINT ( 'NONE',  ( 1.162946117793449696, 0.8100000000000001643, -0.3463879504599414183 ) ) ;
#4911 = DIRECTION ( 'NONE',  ( 0.0000000000000000000, 0.0000000000000000000, -1.000000000000000000 ) ) ;
#4912 = PLANE ( 'NONE',  #3824 ) ;
#4913 =( NAMED_UNIT ( * ) SI_UNIT ( $, .STERADIAN. ) SOLID_ANGLE_UNIT ( ) );
#4914 = ORIENTED_EDGE ( 'NONE', *, *, #8416, .F. ) ;
#4915 = CARTESIAN_POINT ( 'NONE',  ( -0.6367085372818990230, 0.8000000000000003775, 0.1213210819162676285 ) ) ;
#4916 = CARTESIAN_POINT ( 'NONE',  ( -1.990000000000000879, 0.6100000000000000977, 1.240000000000000435 ) ) ;
#4917 = SURFACE_SIDE_STYLE ('',( #8084 ) ) ;
#4918 = DIRECTION ( 'NONE',  ( -1.000000000000000000, 0.0000000000000000000, 0.0000000000000000000 ) ) ;
#4919 =( GEOMETRIC_REPRESENTATION_CONTEXT ( 3 ) GLOBAL_UNCERTAINTY_ASSIGNED_CONTEXT ( ( #2858 ) ) GLOBAL_UNIT_ASSIGNED_CONTEXT ( ( #8384, #1527, #2183 ) ) REPRESENTATION_CONTEXT ( 'NONE', 'WORKASPACE' ) );
#4920 = CARTESIAN_POINT ( 'NONE',  ( -1.819999999999999840, 0.7000000000000000666, -1.239999999999999991 ) ) ;
#4921 = FACE_OUTER_BOUND ( 'NONE', #1645, .T. ) ;
#4922 = FACE_OUTER_BOUND ( 'NONE', #5715, .T. ) ;
#4923 = ORIENTED_EDGE ( 'NONE', *, *, #1371, .T. ) ;
#4924 = PRESENTATION_LAYER_ASSIGNMENT (  '', '', ( #4597 ) ) ;
#4925 = VECTOR ( 'NONE', #10136, 1000.000000000000000 ) ;
#4926 = SURFACE_STYLE_FILL_AREA ( #6469 ) ;
#4927 =( NAMED_UNIT ( * ) PLANE_ANGLE_UNIT ( ) SI_UNIT ( $, .RADIAN. ) );
#4928 = CARTESIAN_POINT ( 'NONE',  ( -0.2231333390066195244, 0.8000000000000001554, -0.3457231104876025696 ) ) ;
#4929 = DIRECTION ( 'NONE',  ( 0.0000000000000000000, 0.0000000000000000000, 1.000000000000000000 ) ) ;
#4930 = CARTESIAN_POINT ( 'NONE',  ( -0.4656253107779785294, 0.8000000000000001554, 0.2614042573322666319 ) ) ;
#4931 = CARTESIAN_POINT ( 'NONE',  ( -0.07510182764902612051, 0.7999999999999998224, 0.1697175101008501219 ) ) ;
#4932 =( LENGTH_UNIT ( ) NAMED_UNIT ( * ) SI_UNIT ( .MILLI., .METRE. ) );
#4933 = CARTESIAN_POINT ( 'NONE',  ( -0.9409499861026540124, 0.8000000000000001554, -0.03835223617422684611 ) ) ;
#4934 = FILL_AREA_STYLE ('',( #2027 ) ) ;
#4935 =( GEOMETRIC_REPRESENTATION_CONTEXT ( 3 ) GLOBAL_UNCERTAINTY_ASSIGNED_CONTEXT ( ( #7453 ) ) GLOBAL_UNIT_ASSIGNED_CONTEXT ( ( #3494, #6610, #5017 ) ) REPRESENTATION_CONTEXT ( 'NONE', 'WORKASPACE' ) );
#4936 = LINE ( 'NONE', #948, #4803 ) ;
#4937 = VERTEX_POINT ( 'NONE', #2421 ) ;
#4938 = ADVANCED_FACE ( 'NONE', ( #5579 ), #6597, .T. ) ;
#4939 = ADVANCED_FACE ( 'NONE', ( #1857 ), #7333, .T. ) ;
#4940 = COLOUR_RGB ( '',0.09803921568627450844, 0.09803921568627450844, 0.09803921568627450844 ) ;
#4941 = PRESENTATION_LAYER_ASSIGNMENT (  '', '', ( #6901 ) ) ;
#4942 = VECTOR ( 'NONE', #5756, 1000.000000000000000 ) ;
#4943 = CARTESIAN_POINT ( 'NONE',  ( -0.2869851384897137425, 0.8100000000000000533, -0.2018945844147106983 ) ) ;
#4944 = CARTESIAN_POINT ( 'NONE',  ( 0.5723211177934495186, 0.8000000000000001554, -0.003530807602798561890 ) ) ;
#4945 = B_SPLINE_CURVE_WITH_KNOTS ( 'NONE', 3,
 ( #2550, #5655, #8805, #1778, #4893, #1167, #5043, #579, #2893, #373, #1932, #5191, #8240, #6676, #8385, #6777, #5970, #4470, #8331 ),
 .UNSPECIFIED., .F., .F.,
 ( 4, 1, 1, 1, 1, 1, 1, 1, 1, 1, 1, 1, 1, 1, 1, 1, 4 ),
 ( 0.0000000000000000000, 0.05985224496631930124, 0.1158501825732325269, 0.1680547040294606276, 0.2161180431589298512, 0.2610118761141630994, 0.3017005350743524605, 0.3395513937865921594, 0.3741494140313386674, 0.4409217388506971314, 0.5093036065035168036, 0.5813476461771194259, 0.6588159290301263127, 0.7397618146383355686, 0.8226907320287816239, 0.9090121494528967672, 1.000000000000000000 ),
 .UNSPECIFIED. ) ;
#4946 = ORIENTED_EDGE ( 'NONE', *, *, #9178, .T. ) ;
#4947 = VECTOR ( 'NONE', #6338, 1000.000000000000000 ) ;
#4948 = ORIENTED_EDGE ( 'NONE', *, *, #3711, .F. ) ;
#4949 =( LENGTH_UNIT ( ) NAMED_UNIT ( * ) SI_UNIT ( .MILLI., .METRE. ) );
#4950 = CARTESIAN_POINT ( 'NONE',  ( -1.499999999999999778, 0.7800000000000001377, 1.080000000000000293 ) ) ;
#4951 = EDGE_CURVE ( 'NONE', #2227, #4788, #3065, .T. ) ;
#4952 = CARTESIAN_POINT ( 'NONE',  ( -0.1931188716502837410, 0.7999999999999998224, 0.2065145937873862636 ) ) ;
#4953 = MECHANICAL_DESIGN_GEOMETRIC_PRESENTATION_REPRESENTATION (  '', ( #4422 ), #8380 ) ;
#4954 = CARTESIAN_POINT ( 'NONE',  ( -1.167637644050887324, 0.8100000000000001643, -0.2838389543173847618 ) ) ;
#4955 = PRESENTATION_LAYER_ASSIGNMENT (  '', '', ( #4449 ) ) ;
#4956 = CYLINDRICAL_SURFACE ( 'NONE', #7464, 0.1999999999999992339 ) ;
#4957 = CARTESIAN_POINT ( 'NONE',  ( -0.9405361375293591619, 0.8100000000000001643, 0.001404215689057812869 ) ) ;
#4958 = CARTESIAN_POINT ( 'NONE',  ( 0.7228317532724791716, 0.8000000000000002665, -0.3322803835254024007 ) ) ;
#4959 = CARTESIAN_POINT ( 'NONE',  ( -1.018047233285503728, 0.8000000000000002665, -0.2546224078632182142 ) ) ;
#4960 = VERTEX_POINT ( 'NONE', #3609 ) ;
#4961 = DIRECTION ( 'NONE',  ( -0.0000000000000000000, -1.000000000000000000, -0.0000000000000000000 ) ) ;
#4962 = ORIENTED_EDGE ( 'NONE', *, *, #7995, .T. ) ;
#4963 = SURFACE_STYLE_USAGE ( .BOTH. , #5011 ) ;
#4964 = ORIENTED_EDGE ( 'NONE', *, *, #6570, .T. ) ;
#4965 = DIRECTION ( 'NONE',  ( -0.0000000000000000000, -1.000000000000000000, -0.0000000000000000000 ) ) ;
#4966 = ADVANCED_FACE ( 'NONE', ( #1084 ), #3443, .T. ) ;
#4967 = PRESENTATION_STYLE_ASSIGNMENT (( #1332 ) ) ;
#4968 = CARTESIAN_POINT ( 'NONE',  ( -0.2983214275340011490, 0.8100000000000001643, -0.1329576365895116796 ) ) ;
#4969 = ADVANCED_FACE ( 'NONE', ( #1480 ), #10051, .T. ) ;
#4970 = PRESENTATION_STYLE_ASSIGNMENT (( #4242 ) ) ;
#4971 = TOROIDAL_SURFACE ( 'NONE', #5455, 0.2799999999999999711, 0.02000000000000000042 ) ;
#4972 = FACE_OUTER_BOUND ( 'NONE', #7708, .T. ) ;
#4973 = CARTESIAN_POINT ( 'NONE',  ( -0.2955264999560899830, 0.8000000000000002665, -0.1588993942659304159 ) ) ;
#4974 = CARTESIAN_POINT ( 'NONE',  ( 1.105229849574814294, 0.8100000000000001643, 0.1911855693658724986 ) ) ;
#4975 = CARTESIAN_POINT ( 'NONE',  ( -1.690000000000001057, 0.6800000000000000488, 1.220000000000000417 ) ) ;
#4976 = LINE ( 'NONE', #5590, #7704 ) ;
#4977 = ORIENTED_EDGE ( 'NONE', *, *, #5633, .F. ) ;
#4978 = PRESENTATION_LAYER_ASSIGNMENT (  '', '', ( #5632 ) ) ;
#4979 = EDGE_CURVE ( 'NONE', #1833, #7254, #5453, .T. ) ;
#4980 = CARTESIAN_POINT ( 'NONE',  ( -1.065749709619301377, 0.8100000000000002753, -0.1906260720980112455 ) ) ;
#4981 =( NAMED_UNIT ( * ) SI_UNIT ( $, .STERADIAN. ) SOLID_ANGLE_UNIT ( ) );
#4982 =( NAMED_UNIT ( * ) PLANE_ANGLE_UNIT ( ) SI_UNIT ( $, .RADIAN. ) );
#4983 = CARTESIAN_POINT ( 'NONE',  ( -1.313449044977952118, 0.8100000000000000533, 0.2032552373879685237 ) ) ;
#4984 = CARTESIAN_POINT ( 'NONE',  ( 0.7234774599813563745, 0.8100000000000001643, 0.1270588912369803869 ) ) ;
#4985 = CARTESIAN_POINT ( 'NONE',  ( -0.8782684529244267901, 0.8099999999999999423, -0.3024403533860111626 ) ) ;
#4986 =( NAMED_UNIT ( * ) SI_UNIT ( $, .STERADIAN. ) SOLID_ANGLE_UNIT ( ) );
#4987 = VERTEX_POINT ( 'NONE', #7097 ) ;
#4988 = UNCERTAINTY_MEASURE_WITH_UNIT (LENGTH_MEASURE( 1.000000000000000082E-05 ), #5785, 'distance_accuracy_value', 'NONE');
#4989 =( NAMED_UNIT ( * ) SI_UNIT ( $, .STERADIAN. ) SOLID_ANGLE_UNIT ( ) );
#4990 = MECHANICAL_DESIGN_GEOMETRIC_PRESENTATION_REPRESENTATION (  '', ( #3845 ), #8123 ) ;
#4991 = CARTESIAN_POINT ( 'NONE',  ( 0.7039794068848216346, 0.8000000000000002665, -0.01058129199628089073 ) ) ;
#4992 = SURFACE_SIDE_STYLE ('',( #6532 ) ) ;
#4993 = CARTESIAN_POINT ( 'NONE',  ( 1.264192356358579294, 0.8000000000000002665, 0.1718871302317372673 ) ) ;
#4994 = VECTOR ( 'NONE', #7497, 1000.000000000000000 ) ;
#4995 = ORIENTED_EDGE ( 'NONE', *, *, #2850, .T. ) ;
#4996 = VERTEX_POINT ( 'NONE', #3822 ) ;
#4997 = DIRECTION ( 'NONE',  ( -1.000000000000000000, 0.0000000000000000000, 0.0000000000000000000 ) ) ;
#4998 = CARTESIAN_POINT ( 'NONE',  ( 1.005892937478177540, 0.8000000000000001554, -0.1837253142556618812 ) ) ;
#4999 = FILL_AREA_STYLE_COLOUR ( '', #1996 ) ;
#5000 =( NAMED_UNIT ( * ) SI_UNIT ( $, .STERADIAN. ) SOLID_ANGLE_UNIT ( ) );
#5001 = PRESENTATION_LAYER_ASSIGNMENT (  '', '', ( #4343 ) ) ;
#5002 = CARTESIAN_POINT ( 'NONE',  ( 1.192572863005744388, 0.8000000000000000444, -0.2732056537954249409 ) ) ;
#5003 =( NAMED_UNIT ( * ) PLANE_ANGLE_UNIT ( ) SI_UNIT ( $, .RADIAN. ) );
#5004 = ADVANCED_FACE ( 'NONE', ( #6940 ), #641, .T. ) ;
#5005 = CARTESIAN_POINT ( 'NONE',  ( 0.4304785853259170403, 0.8100000000000001643, 0.2614042573322663543 ) ) ;
#5006 = CARTESIAN_POINT ( 'NONE',  ( 1.213807589274048970, 0.8100000000000002753, -0.3416931090336586263 ) ) ;
#5007 =( NAMED_UNIT ( * ) SI_UNIT ( $, .STERADIAN. ) SOLID_ANGLE_UNIT ( ) );
#5008 = ORIENTED_EDGE ( 'NONE', *, *, #963, .T. ) ;
#5009 =( NAMED_UNIT ( * ) PLANE_ANGLE_UNIT ( ) SI_UNIT ( $, .RADIAN. ) );
#5010 = VERTEX_POINT ( 'NONE', #801 ) ;
#5011 = SURFACE_SIDE_STYLE ('',( #5577 ) ) ;
#5012 = ORIENTED_EDGE ( 'NONE', *, *, #415, .F. ) ;
#5013 = DIRECTION ( 'NONE',  ( 0.0000000000000000000, 1.000000000000000000, 0.0000000000000000000 ) ) ;
#5014 = CARTESIAN_POINT ( 'NONE',  ( -0.6852631498410769462, 0.8100000000000003864, 0.02693884005071258900 ) ) ;
#5015 = CARTESIAN_POINT ( 'NONE',  ( 0.7652163436859792389, 0.8100000000000000533, -0.1835516186053469390 ) ) ;
#5016 = CARTESIAN_POINT ( 'NONE',  ( -1.050894387521017714, 0.7999999999999999334, -0.03751968782725362966 ) ) ;
#5017 =( NAMED_UNIT ( * ) SI_UNIT ( $, .STERADIAN. ) SOLID_ANGLE_UNIT ( ) );
#5018 = FACE_OUTER_BOUND ( 'NONE', #290, .T. ) ;
#5019 = EDGE_CURVE ( 'NONE', #9250, #10127, #7040, .T. ) ;
#5020 = ORIENTED_EDGE ( 'NONE', *, *, #3901, .T. ) ;
#5021 = FILL_AREA_STYLE ('',( #9915 ) ) ;
#5022 = VERTEX_POINT ( 'NONE', #9585 ) ;
#5023 = EDGE_CURVE ( 'NONE', #4987, #2253, #8091, .T. ) ;
#5024 = CARTESIAN_POINT ( 'NONE',  ( -1.113685067924365946, 0.8100000000000003864, -0.2728123358256871467 ) ) ;
#5025 = PLANE ( 'NONE',  #2814 ) ;
#5026 = CARTESIAN_POINT ( 'NONE',  ( -1.700000000000001732, 0.05000000000000000278, 1.199999999999998623 ) ) ;
#5027 = AXIS2_PLACEMENT_3D ( 'NONE', #9213, #7118, #6295 ) ;
#5028 = LINE ( 'NONE', #8841, #8083 ) ;
#5029 = CARTESIAN_POINT ( 'NONE',  ( 0.9999999999999997780, 0.0000000000000000000, 0.3500000000000005884 ) ) ;
#5030 = CARTESIAN_POINT ( 'NONE',  ( -0.2049516094792772358, 0.7999999999999999334, 0.2691964651244741491 ) ) ;
#5031 = CARTESIAN_POINT ( 'NONE',  ( -1.090425748764178637, 0.8100000000000003864, 0.01395715488077364091 ) ) ;
#5032 = FACE_OUTER_BOUND ( 'NONE', #4707, .T. ) ;
#5033 = ADVANCED_FACE ( 'NONE', ( #953 ), #3970, .T. ) ;
#5034 =( NAMED_UNIT ( * ) SI_UNIT ( $, .STERADIAN. ) SOLID_ANGLE_UNIT ( ) );
#5035 = STYLED_ITEM ( 'NONE', ( #2689 ), #6195 ) ;
#5036 = ORIENTED_EDGE ( 'NONE', *, *, #375, .T. ) ;
#5037 = CARTESIAN_POINT ( 'NONE',  ( -0.8786123237649915430, 0.8100000000000001643, -0.03859574266773335011 ) ) ;
#5038 =( LENGTH_UNIT ( ) NAMED_UNIT ( * ) SI_UNIT ( .MILLI., .METRE. ) );
#5039 = CARTESIAN_POINT ( 'NONE',  ( -0.2263468507900016080, 0.8100000000000001643, -0.2811000192437415612 ) ) ;
#5040 = SURFACE_SIDE_STYLE ('',( #9838 ) ) ;
#5041 =( GEOMETRIC_REPRESENTATION_CONTEXT ( 3 ) GLOBAL_UNCERTAINTY_ASSIGNED_CONTEXT ( ( #4672 ) ) GLOBAL_UNIT_ASSIGNED_CONTEXT ( ( #210, #4123, #9634 ) ) REPRESENTATION_CONTEXT ( 'NONE', 'WORKASPACE' ) );
#5042 = DIRECTION ( 'NONE',  ( 0.0000000000000000000, 0.0000000000000000000, 1.000000000000000000 ) ) ;
#5043 = CARTESIAN_POINT ( 'NONE',  ( 0.7228317532724791716, 0.8100000000000003864, -0.3322803835254024007 ) ) ;
#5044 = SURFACE_STYLE_FILL_AREA ( #376 ) ;
#5045 = ORIENTED_EDGE ( 'NONE', *, *, #4208, .T. ) ;
#5046 = DIRECTION ( 'NONE',  ( -1.000000000000000000, 0.0000000000000000000, 0.0000000000000000000 ) ) ;
#5047 = AXIS2_PLACEMENT_3D ( 'NONE', #4975, #8120, #4200 ) ;
#5048 = CARTESIAN_POINT ( 'NONE',  ( 0.7652163436859792389, 0.8000000000000000444, -0.1835516186053469390 ) ) ;
#5049 = CARTESIAN_POINT ( 'NONE',  ( -0.2812765757114126797, 0.7999999999999999334, 0.1426182430721536776 ) ) ;
#5050 = CARTESIAN_POINT ( 'NONE',  ( 1.290113014819824544, 0.8000000000000003775, -0.1935435592563530538 ) ) ;
#5051 = DIRECTION ( 'NONE',  ( -0.9922778767136675171, 0.0000000000000000000, -0.1240347345892088698 ) ) ;
#5052 = CARTESIAN_POINT ( 'NONE',  ( -0.9409499861026539014, 0.8100000000000001643, -0.03835223617422683917 ) ) ;
#5053 = CARTESIAN_POINT ( 'NONE',  ( -1.104194990294792733, 0.8000000000000001554, -0.3396090859557222008 ) ) ;
#5054 =( GEOMETRIC_REPRESENTATION_CONTEXT ( 3 ) GLOBAL_UNCERTAINTY_ASSIGNED_CONTEXT ( ( #1809 ) ) GLOBAL_UNIT_ASSIGNED_CONTEXT ( ( #8464, #9190, #2264 ) ) REPRESENTATION_CONTEXT ( 'NONE', 'WORKASPACE' ) );
#5055 = ORIENTED_EDGE ( 'NONE', *, *, #9116, .F. ) ;
#5056 = FACE_OUTER_BOUND ( 'NONE', #3687, .T. ) ;
#5057 = ORIENTED_EDGE ( 'NONE', *, *, #9688, .F. ) ;
#5058 = ORIENTED_EDGE ( 'NONE', *, *, #5766, .T. ) ;
#5059 = DIRECTION ( 'NONE',  ( 0.0000000000000000000, -0.0000000000000000000, 1.000000000000000000 ) ) ;
#5060 = PRESENTATION_LAYER_ASSIGNMENT (  '', '', ( #7023 ) ) ;
#5061 = CARTESIAN_POINT ( 'NONE',  ( 0.7221825857464361231, 0.8099999999999999423, -0.2542725255367682680 ) ) ;
#5062 = DIRECTION ( 'NONE',  ( 0.0000000000000000000, 0.0000000000000000000, -1.000000000000000000 ) ) ;
#5063 = CARTESIAN_POINT ( 'NONE',  ( -1.062502877516189992, 0.8100000000000001643, -0.02149220326266090483 ) ) ;
#5064 = CARTESIAN_POINT ( 'NONE',  ( 1.213807589274048970, 0.8000000000000002665, -0.3416931090336586263 ) ) ;
#5065 = SURFACE_SIDE_STYLE ('',( #8117 ) ) ;
#5066 = CARTESIAN_POINT ( 'NONE',  ( -1.700000000000001954, 0.05000000000000000278, -1.149999999999998357 ) ) ;
#5067 = CARTESIAN_POINT ( 'NONE',  ( 0.6971668908031352085, 0.8099999999999999423, -0.07923067316033585716 ) ) ;
#5068 = CARTESIAN_POINT ( 'NONE',  ( -0.3589160607799363745, 0.8100000000000003864, -0.1411969333653854408 ) ) ;
#5069 = ORIENTED_EDGE ( 'NONE', *, *, #3658, .T. ) ;
#5070 = AXIS2_PLACEMENT_3D ( 'NONE', #6112, #9292, #1405 ) ;
#5071 = SURFACE_SIDE_STYLE ('',( #1711 ) ) ;
#5072 = ORIENTED_EDGE ( 'NONE', *, *, #7492, .F. ) ;
#5073 = UNCERTAINTY_MEASURE_WITH_UNIT (LENGTH_MEASURE( 1.000000000000000082E-05 ), #6421, 'distance_accuracy_value', 'NONE');
#5074 = LINE ( 'NONE', #5124, #7799 ) ;
#5075 =( LENGTH_UNIT ( ) NAMED_UNIT ( * ) SI_UNIT ( .MILLI., .METRE. ) );
#5076 = ADVANCED_FACE ( 'NONE', ( #6821, #3599 ), #7421, .T. ) ;
#5077 = STYLED_ITEM ( 'NONE', ( #7883 ), #112 ) ;
#5078 = DIRECTION ( 'NONE',  ( 0.0000000000000000000, -1.000000000000000000, 0.0000000000000000000 ) ) ;
#5079 =( LENGTH_UNIT ( ) NAMED_UNIT ( * ) SI_UNIT ( .MILLI., .METRE. ) );
#5080 = LINE ( 'NONE', #6714, #9418 ) ;
#5081 = CARTESIAN_POINT ( 'NONE',  ( -1.322768167920835847, 0.8000000000000001554, 0.2614042573322666319 ) ) ;
#5082 = CARTESIAN_POINT ( 'NONE',  ( 0.7267042346765665295, 0.8000000000000001554, 0.1330763352543444522 ) ) ;
#5083 = SURFACE_STYLE_USAGE ( .BOTH. , #362 ) ;
#5084 = CARTESIAN_POINT ( 'NONE',  ( -1.032612786634855118, 0.8000000000000000444, -0.2821608040763492475 ) ) ;
#5085 = CARTESIAN_POINT ( 'NONE',  ( -0.9408510086412799067, 0.8100000000000002753, -0.05061152421123902428 ) ) ;
#5086 =( NAMED_UNIT ( * ) SI_UNIT ( $, .STERADIAN. ) SOLID_ANGLE_UNIT ( ) );
#5087 = AXIS2_PLACEMENT_3D ( 'NONE', #7210, #8660, #9435 ) ;
#5088 = ORIENTED_EDGE ( 'NONE', *, *, #5523, .T. ) ;
#5089 = UNCERTAINTY_MEASURE_WITH_UNIT (LENGTH_MEASURE( 1.000000000000000082E-05 ), #7596, 'distance_accuracy_value', 'NONE');
#5090 = FACE_OUTER_BOUND ( 'NONE', #7651, .T. ) ;
#5091 =( NAMED_UNIT ( * ) SI_UNIT ( $, .STERADIAN. ) SOLID_ANGLE_UNIT ( ) );
#5092 = EDGE_CURVE ( 'NONE', #7326, #1732, #3554, .T. ) ;
#5093 = CARTESIAN_POINT ( 'NONE',  ( -0.2428298821554963904, 0.8000000000000001554, 0.1945483698360983005 ) ) ;
#5094 = MECHANICAL_DESIGN_GEOMETRIC_PRESENTATION_REPRESENTATION (  '', ( #3617 ), #4118 ) ;
#5095 = CYLINDRICAL_SURFACE ( 'NONE', #2737, 0.2999999999999999334 ) ;
#5096 = ORIENTED_EDGE ( 'NONE', *, *, #6290, .F. ) ;
#5097 = UNCERTAINTY_MEASURE_WITH_UNIT (LENGTH_MEASURE( 1.000000000000000082E-05 ), #5555, 'distance_accuracy_value', 'NONE');
#5098 = AXIS2_PLACEMENT_3D ( 'NONE', #712, #1493, #1637 ) ;
#5099 = LINE ( 'NONE', #8245, #2756 ) ;
#5100 = PRESENTATION_LAYER_ASSIGNMENT (  '', '', ( #1191 ) ) ;
#5101 = SURFACE_SIDE_STYLE ('',( #6633 ) ) ;
#5102 = EDGE_CURVE ( 'NONE', #6334, #4645, #4203, .T. ) ;
#5103 = CARTESIAN_POINT ( 'NONE',  ( 1.689999999999998836, 0.7000000000000000666, -0.9400000000000000577 ) ) ;
#5104 = FILL_AREA_STYLE_COLOUR ( '', #9894 ) ;
#5105 = CARTESIAN_POINT ( 'NONE',  ( -1.499999999999999778, 0.7000000000000000666, 0.8000000000000003775 ) ) ;
#5106 = VECTOR ( 'NONE', #6553, 1000.000000000000000 ) ;
#5107 = CARTESIAN_POINT ( 'NONE',  ( -0.7639504075931471405, 0.8100000000000000533, -0.3458988213405394530 ) ) ;
#5108 = COLOUR_RGB ( '',0.09803921568627450844, 0.09803921568627450844, 0.09803921568627450844 ) ;
#5109 =( LENGTH_UNIT ( ) NAMED_UNIT ( * ) SI_UNIT ( .MILLI., .METRE. ) );
#5110 = EDGE_LOOP ( 'NONE', ( #5476, #3729, #2721, #9053 ) ) ;
#5111 = CARTESIAN_POINT ( 'NONE',  ( -0.3420701567565622714, 0.8000000000000001554, -0.2241635485886930845 ) ) ;
#5112 =( GEOMETRIC_REPRESENTATION_CONTEXT ( 3 ) GLOBAL_UNCERTAINTY_ASSIGNED_CONTEXT ( ( #5168 ) ) GLOBAL_UNIT_ASSIGNED_CONTEXT ( ( #6032, #8501, #9321 ) ) REPRESENTATION_CONTEXT ( 'NONE', 'WORKASPACE' ) );
#5113 = CARTESIAN_POINT ( 'NONE',  ( -1.990000000000001323, 0.6100000000000000977, -0.9399999999999996136 ) ) ;
#5114 = CARTESIAN_POINT ( 'NONE',  ( 2.000000000000000000, 0.6100000000000000977, -1.249999999999997780 ) ) ;
#5115 = FILL_AREA_STYLE_COLOUR ( '', #3624 ) ;
#5116 = CARTESIAN_POINT ( 'NONE',  ( -0.3474990490353050965, 0.8099999999999999423, 0.1333922487243913158 ) ) ;
#5117 = SURFACE_SIDE_STYLE ('',( #6904 ) ) ;
#5118 = CARTESIAN_POINT ( 'NONE',  ( 0.7235475243941774659, 0.8100000000000000533, -0.09039334122994710508 ) ) ;
#5119 = CARTESIAN_POINT ( 'NONE',  ( 0.9154359647753544937, 0.8100000000000002753, 0.01036776518324370767 ) ) ;
#5120 = STYLED_ITEM ( 'NONE', ( #9077 ), #2343 ) ;
#5121 = ADVANCED_FACE ( 'NONE', ( #1375 ), #2747, .T. ) ;
#5122 = EDGE_LOOP ( 'NONE', ( #8375, #8335, #9299, #9669 ) ) ;
#5123 = ORIENTED_EDGE ( 'NONE', *, *, #6388, .F. ) ;
#5124 = CARTESIAN_POINT ( 'NONE',  ( -1.499999999999999778, 0.7800000000000001377, 1.100000000000000311 ) ) ;
#5125 = CARTESIAN_POINT ( 'NONE',  ( -1.155235700388368203, 0.8100000000000001643, -0.3463879504599410852 ) ) ;
#5126 = VECTOR ( 'NONE', #5379, 1000.000000000000000 ) ;
#5127 = CARTESIAN_POINT ( 'NONE',  ( -0.8902777845586207217, 0.8000000000000001554, -0.2864540209262909642 ) ) ;
#5128 =( NAMED_UNIT ( * ) PLANE_ANGLE_UNIT ( ) SI_UNIT ( $, .RADIAN. ) );
#5129 = DIRECTION ( 'NONE',  ( -1.000000000000000000, 0.0000000000000000000, 0.0000000000000000000 ) ) ;
#5130 = CARTESIAN_POINT ( 'NONE',  ( 0.6263049177773969411, 0.8000000000000001554, 0.004052721147071307838 ) ) ;
#5131 = CARTESIAN_POINT ( 'NONE',  ( 0.9759331307804626210, 0.8000000000000000444, -0.03835223617422716530 ) ) ;
#5132 = CARTESIAN_POINT ( 'NONE',  ( -1.041552389196389816, 0.8000000000000001554, -0.2951515558650883997 ) ) ;
#5133 = EDGE_CURVE ( 'NONE', #9944, #6603, #9937, .T. ) ;
#5134 = VECTOR ( 'NONE', #3728, 1000.000000000000000 ) ;
#5135 = EDGE_CURVE ( 'NONE', #5606, #3810, #7870, .T. ) ;
#5136 = EDGE_LOOP ( 'NONE', ( #7108, #4145, #3557, #1621, #2812, #8099 ) ) ;
#5137 =( NAMED_UNIT ( * ) SI_UNIT ( $, .STERADIAN. ) SOLID_ANGLE_UNIT ( ) );
#5138 =( NAMED_UNIT ( * ) SI_UNIT ( $, .STERADIAN. ) SOLID_ANGLE_UNIT ( ) );
#5139 = LINE ( 'NONE', #7260, #4942 ) ;
#5140 = AXIS2_PLACEMENT_3D ( 'NONE', #2688, #8894, #5844 ) ;
#5141 = CARTESIAN_POINT ( 'NONE',  ( -1.157549012076679817, 0.8000000000000001554, -0.2840502881222787268 ) ) ;
#5142 = CARTESIAN_POINT ( 'NONE',  ( -1.231069746059653580, 0.8000000000000003775, -0.3291559055244503429 ) ) ;
#5143 = ORIENTED_EDGE ( 'NONE', *, *, #562, .T. ) ;
#5144 = PRESENTATION_LAYER_ASSIGNMENT (  '', '', ( #7285 ) ) ;
#5145 = DIRECTION ( 'NONE',  ( 0.0000000000000000000, -0.0000000000000000000, -1.000000000000000000 ) ) ;
#5146 = EDGE_CURVE ( 'NONE', #9930, #8714, #7711, .T. ) ;
#5147 = DIRECTION ( 'NONE',  ( -0.0000000000000000000, -1.000000000000000000, -0.0000000000000000000 ) ) ;
#5148 = PLANE ( 'NONE',  #5253 ) ;
#5149 = DIRECTION ( 'NONE',  ( -0.0000000000000000000, -1.000000000000000000, -0.0000000000000000000 ) ) ;
#5150 = LINE ( 'NONE', #1281, #9388 ) ;
#5151 = CARTESIAN_POINT ( 'NONE',  ( -1.281119188400833941, 0.8000000000000001554, 0.1365639947277345889 ) ) ;
#5152 = STYLED_ITEM ( 'NONE', ( #4584 ), #3465 ) ;
#5153 = FILL_AREA_STYLE ('',( #2047 ) ) ;
#5154 = SURFACE_STYLE_USAGE ( .BOTH. , #2049 ) ;
#5155 = EDGE_CURVE ( 'NONE', #9422, #6348, #10087, .T. ) ;
#5156 = ORIENTED_EDGE ( 'NONE', *, *, #8801, .F. ) ;
#5157 = SURFACE_STYLE_FILL_AREA ( #6644 ) ;
#5158 = ORIENTED_EDGE ( 'NONE', *, *, #9807, .F. ) ;
#5159 = CARTESIAN_POINT ( 'NONE',  ( -0.1279054272690933192, 0.7999999999999997113, -0.2200471004612733483 ) ) ;
#5160 = FILL_AREA_STYLE ('',( #3680 ) ) ;
#5161 = SURFACE_STYLE_USAGE ( .BOTH. , #9085 ) ;
#5162 = CARTESIAN_POINT ( 'NONE',  ( -1.690000000000001057, 0.7000000000000000666, 1.240000000000000435 ) ) ;
#5163 = FACE_OUTER_BOUND ( 'NONE', #1832, .T. ) ;
#5164 = CARTESIAN_POINT ( 'NONE',  ( 0.9181874791317137241, 0.8000000000000001554, 0.03228606671692317576 ) ) ;
#5165 =( GEOMETRIC_REPRESENTATION_CONTEXT ( 3 ) GLOBAL_UNCERTAINTY_ASSIGNED_CONTEXT ( ( #3467 ) ) GLOBAL_UNIT_ASSIGNED_CONTEXT ( ( #7887, #3267, #118 ) ) REPRESENTATION_CONTEXT ( 'NONE', 'WORKASPACE' ) );
#5166 = SURFACE_SIDE_STYLE ('',( #8268 ) ) ;
#5167 = ORIENTED_EDGE ( 'NONE', *, *, #6078, .F. ) ;
#5168 = UNCERTAINTY_MEASURE_WITH_UNIT (LENGTH_MEASURE( 1.000000000000000082E-05 ), #6032, 'distance_accuracy_value', 'NONE');
#5169 = PRESENTATION_LAYER_ASSIGNMENT (  '', '', ( #8299 ) ) ;
#5170 = SURFACE_SIDE_STYLE ('',( #5742 ) ) ;
#5171 = DIRECTION ( 'NONE',  ( 1.000000000000000000, 0.0000000000000000000, 0.0000000000000000000 ) ) ;
#5172 = VECTOR ( 'NONE', #4679, 1000.000000000000000 ) ;
#5173 = CARTESIAN_POINT ( 'NONE',  ( -0.8505758958802689396, 0.8000000000000001554, -0.3272312879514736039 ) ) ;
#5174 = LINE ( 'NONE', #9149, #8565 ) ;
#5175 = CARTESIAN_POINT ( 'NONE',  ( -1.322768167920835847, 0.8100000000000001643, 0.2614042573322666319 ) ) ;
#5176 = LINE ( 'NONE', #8320, #5419 ) ;
#5177 = CARTESIAN_POINT ( 'NONE',  ( 0.9759331307804626210, 0.8100000000000001643, -0.03835223617422716530 ) ) ;
#5178 = SURFACE_STYLE_USAGE ( .BOTH. , #3506 ) ;
#5179 = VERTEX_POINT ( 'NONE', #9308 ) ;
#5180 = B_SPLINE_CURVE_WITH_KNOTS ( 'NONE', 3,
 ( #8456, #8664, #74, #7789, #862, #5362, #4648 ),
 .UNSPECIFIED., .F., .F.,
 ( 4, 1, 1, 1, 4 ),
 ( 0.0000000000000000000, 0.2897826567611914150, 0.5509308198627735909, 0.7880903339811086150, 0.9999999999999998890 ),
 .UNSPECIFIED. ) ;
#5181 = ORIENTED_EDGE ( 'NONE', *, *, #2961, .F. ) ;
#5182 = ORIENTED_EDGE ( 'NONE', *, *, #9807, .T. ) ;
#5183 = UNCERTAINTY_MEASURE_WITH_UNIT (LENGTH_MEASURE( 1.000000000000000082E-05 ), #8371, 'distance_accuracy_value', 'NONE');
#5184 = LINE ( 'NONE', #6576, #4550 ) ;
#5185 = VECTOR ( 'NONE', #2944, 1000.000000000000000 ) ;
#5186 = CARTESIAN_POINT ( 'NONE',  ( -0.1137762493929458524, 0.8000000000000000444, -0.1599104248217349256 ) ) ;
#5187 = VECTOR ( 'NONE', #289, 1000.000000000000000 ) ;
#5188 =( LENGTH_UNIT ( ) NAMED_UNIT ( * ) SI_UNIT ( .MILLI., .METRE. ) );
#5189 = EDGE_CURVE ( 'NONE', #1657, #162, #6974, .T. ) ;
#5190 = DIRECTION ( 'NONE',  ( 1.000000000000000000, 0.0000000000000000000, -0.0000000000000000000 ) ) ;
#5191 = CARTESIAN_POINT ( 'NONE',  ( 0.7834850372673293206, 0.8100000000000002753, -0.2991730860243702605 ) ) ;
#5192 = DIRECTION ( 'NONE',  ( -1.000000000000000000, 0.0000000000000000000, 0.0000000000000000000 ) ) ;
#5193 = CARTESIAN_POINT ( 'NONE',  ( -0.04496730426895909072, 0.8100000000000002753, -0.05191086813422765567 ) ) ;
#5194 = STYLED_ITEM ( 'NONE', ( #6609 ), #6321 ) ;
#5195 = STYLED_ITEM ( 'NONE', ( #5563 ), #5448 ) ;
#5196 = ORIENTED_EDGE ( 'NONE', *, *, #9505, .F. ) ;
#5197 = CARTESIAN_POINT ( 'NONE',  ( -0.1710697419067034319, 0.7999999999999999334, -0.3426888959405315904 ) ) ;
#5198 = CARTESIAN_POINT ( 'NONE',  ( 0.7305303360016647263, 0.8100000000000000533, -0.2492342270596441256 ) ) ;
#5199 = AXIS2_PLACEMENT_3D ( 'NONE', #9167, #2136, #2035 ) ;
#5200 = CARTESIAN_POINT ( 'NONE',  ( -0.1489350797471164778, 0.7999999999999999334, 0.1783679799842596836 ) ) ;
#5201 = AXIS2_PLACEMENT_3D ( 'NONE', #205, #7201, #3211 ) ;
#5202 = EDGE_CURVE ( 'NONE', #9159, #367, #2281, .T. ) ;
#5203 = CARTESIAN_POINT ( 'NONE',  ( 1.263241409911409763, 0.8000000000000002665, -0.2363677295898268249 ) ) ;
#5204 = CARTESIAN_POINT ( 'NONE',  ( -1.232199153339927689, 0.7999999999999998224, 0.07350993638377058270 ) ) ;
#5205 = B_SPLINE_SURFACE_WITH_KNOTS ( 'NONE', 3, 1, ( 
 ( #6251, #8628 ),
 ( #5584, #3298 ),
 ( #8776, #1606 ),
 ( #930, #7914 ),
 ( #6357, #4049 ),
 ( #1753, #7234 ),
 ( #7186, #7076 ),
 ( #2376, #44 ),
 ( #9456, #3239 ),
 ( #7806, #4867 ),
 ( #141, #10169 ) ),
 .UNSPECIFIED., .F., .F., .F.,
 ( 4, 1, 1, 1, 1, 1, 1, 1, 4 ),
 ( 2, 2 ),
 ( 0.0000000000000000000, 0.1280698975072822599, 0.2516654189496290162, 0.3715299648652439779, 0.4903917349475236942, 0.6102040788373270797, 0.7344390716144034714, 0.8631488921910077661, 1.000000000000000000 ),
 ( 0.0000000000000000000, 1.000000000000000000 ),
 .UNSPECIFIED. ) ;
#5206 =( LENGTH_UNIT ( ) NAMED_UNIT ( * ) SI_UNIT ( .MILLI., .METRE. ) );
#5207 = EDGE_CURVE ( 'NONE', #4103, #9956, #677, .T. ) ;
#5208 =( NAMED_UNIT ( * ) SI_UNIT ( $, .STERADIAN. ) SOLID_ANGLE_UNIT ( ) );
#5209 = ORIENTED_EDGE ( 'NONE', *, *, #4188, .T. ) ;
#5210 = CARTESIAN_POINT ( 'NONE',  ( -1.092025898104808324, 0.8000000000000002665, -0.2550240672135434261 ) ) ;
#5211 = PRESENTATION_LAYER_ASSIGNMENT (  '', '', ( #9659 ) ) ;
#5212 = EDGE_LOOP ( 'NONE', ( #2651, #3024, #2445, #4526 ) ) ;
#5213 = VECTOR ( 'NONE', #5214, 1000.000000000000000 ) ;
#5214 = DIRECTION ( 'NONE',  ( -0.0000000000000000000, -1.000000000000000000, -0.0000000000000000000 ) ) ;
#5215 = CARTESIAN_POINT ( 'NONE',  ( 1.310998065845397464, 0.8100000000000001643, 0.1377029586309676257 ) ) ;
#5216 = EDGE_CURVE ( 'NONE', #4937, #285, #9412, .T. ) ;
#5217 = STYLED_ITEM ( 'NONE', ( #3131 ), #7022 ) ;
#5218 = CARTESIAN_POINT ( 'NONE',  ( -1.251068592992951034, 0.8099999999999999423, -0.1875084655112574106 ) ) ;
#5219 = CARTESIAN_POINT ( 'NONE',  ( -0.6838071289597970059, 0.8000000000000002665, -0.03859574266773335705 ) ) ;
#5220 = CARTESIAN_POINT ( 'NONE',  ( -0.2428298821554963904, 0.8100000000000001643, 0.1945483698360983005 ) ) ;
#5221 =( LENGTH_UNIT ( ) NAMED_UNIT ( * ) SI_UNIT ( .MILLI., .METRE. ) );
#5222 = CARTESIAN_POINT ( 'NONE',  ( -0.6903996260163227650, 0.8000000000000003775, -0.1599104248217347313 ) ) ;
#5223 = ORIENTED_EDGE ( 'NONE', *, *, #6891, .T. ) ;
#5224 = ORIENTED_EDGE ( 'NONE', *, *, #7348, .T. ) ;
#5225 = MECHANICAL_DESIGN_GEOMETRIC_PRESENTATION_REPRESENTATION (  '', ( #7023 ), #7369 ) ;
#5226 = CARTESIAN_POINT ( 'NONE',  ( -0.6312085470810466781, 0.8100000000000000533, 0.09372027392458531780 ) ) ;
#5227 = CARTESIAN_POINT ( 'NONE',  ( 1.123747088249460235, 0.8000000000000000444, 0.1957876896143228296 ) ) ;
#5228 = PRESENTATION_LAYER_ASSIGNMENT (  '', '', ( #3917 ) ) ;
#5229 = SURFACE_SIDE_STYLE ('',( #9296 ) ) ;
#5230 = SURFACE_STYLE_FILL_AREA ( #727 ) ;
#5231 = CARTESIAN_POINT ( 'NONE',  ( 1.004819604535555966, 0.7999999999999999334, 0.1063211280872873449 ) ) ;
#5232 = VECTOR ( 'NONE', #5887, 1000.000000000000000 ) ;
#5233 = FILL_AREA_STYLE ('',( #6920 ) ) ;
#5234 =( NAMED_UNIT ( * ) PLANE_ANGLE_UNIT ( ) SI_UNIT ( $, .RADIAN. ) );
#5235 = CARTESIAN_POINT ( 'NONE',  ( 1.273407091777071676, 0.8000000000000001554, -0.2245624962131211044 ) ) ;
#5236 = ORIENTED_EDGE ( 'NONE', *, *, #4319, .T. ) ;
#5237 = VERTEX_POINT ( 'NONE', #8487 ) ;
#5238 =( NAMED_UNIT ( * ) SI_UNIT ( $, .STERADIAN. ) SOLID_ANGLE_UNIT ( ) );
#5239 = MECHANICAL_DESIGN_GEOMETRIC_PRESENTATION_REPRESENTATION (  '', ( #8700 ), #3301 ) ;
#5240 = CARTESIAN_POINT ( 'NONE',  ( 1.324716417564063109, 0.8099999999999998312, 0.2174034061927919703 ) ) ;
#5241 =( NAMED_UNIT ( * ) PLANE_ANGLE_UNIT ( ) SI_UNIT ( $, .RADIAN. ) );
#5242 = FILL_AREA_STYLE ('',( #6169 ) ) ;
#5243 = CARTESIAN_POINT ( 'NONE',  ( -0.5279629731156409989, 0.8100000000000001643, 0.2614042573322664653 ) ) ;
#5244 = CARTESIAN_POINT ( 'NONE',  ( 1.950000000000001732, 0.6000000000000000888, 0.9499999999999979572 ) ) ;
#5245 = VECTOR ( 'NONE', #9061, 1000.000000000000000 ) ;
#5246 = CARTESIAN_POINT ( 'NONE',  ( -0.04484608999875776270, 0.8100000000000001643, -0.03835223617422705428 ) ) ;
#5247 = EDGE_CURVE ( 'NONE', #9667, #2696, #5443, .T. ) ;
#5248 = ORIENTED_EDGE ( 'NONE', *, *, #10180, .F. ) ;
#5249 = CARTESIAN_POINT ( 'NONE',  ( -0.6217579532663896069, 0.8100000000000002753, -0.002531280794609042963 ) ) ;
#5250 = CARTESIAN_POINT ( 'NONE',  ( 0.7652163436859792389, 0.8100000000000000533, -0.1835516186053469390 ) ) ;
#5251 = STYLED_ITEM ( 'NONE', ( #488 ), #587 ) ;
#5252 = CARTESIAN_POINT ( 'NONE',  ( -0.7255584563704933210, 0.8100000000000004974, 0.1783679799842599334 ) ) ;
#5253 = AXIS2_PLACEMENT_3D ( 'NONE', #6634, #2654, #3430 ) ;
#5254 = CARTESIAN_POINT ( 'NONE',  ( -0.1569025867408395947, 0.8100000000000003864, 0.1871459774479251048 ) ) ;
#5255 = CARTESIAN_POINT ( 'NONE',  ( -1.297289263851329144, 0.7999999999999999334, 0.1645249279803273623 ) ) ;
#5256 = SURFACE_STYLE_USAGE ( .BOTH. , #4282 ) ;
#5257 =( NAMED_UNIT ( * ) SI_UNIT ( $, .STERADIAN. ) SOLID_ANGLE_UNIT ( ) );
#5258 = PLANE ( 'NONE',  #4238 ) ;
#5259 = AXIS2_PLACEMENT_3D ( 'NONE', #8446, #1430, #7723 ) ;
#5260 = CARTESIAN_POINT ( 'NONE',  ( -1.003287648440316149, 0.8100000000000001643, 0.1912743872023965064 ) ) ;
#5261 = AXIS2_PLACEMENT_3D ( 'NONE', #3500, #1097, #7347 ) ;
#5262 = CARTESIAN_POINT ( 'NONE',  ( 0.6671782880154635276, 0.8000000000000002665, -0.3385037726533262070 ) ) ;
#5263 = VECTOR ( 'NONE', #6582, 1000.000000000000000 ) ;
#5264 = ORIENTED_EDGE ( 'NONE', *, *, #700, .T. ) ;
#5265 = EDGE_CURVE ( 'NONE', #5237, #301, #7768, .T. ) ;
#5266 = FACE_OUTER_BOUND ( 'NONE', #8849, .T. ) ;
#5267 =( NAMED_UNIT ( * ) PLANE_ANGLE_UNIT ( ) SI_UNIT ( $, .RADIAN. ) );
#5268 = CARTESIAN_POINT ( 'NONE',  ( -0.2885008862050205680, 0.8000000000000004885, -0.3161270151794528527 ) ) ;
#5269 = CARTESIAN_POINT ( 'NONE',  ( 0.9892807230325096901, 0.7999999999999999334, -0.1420049660223804411 ) ) ;
#5270 = DIRECTION ( 'NONE',  ( -0.0000000000000000000, -1.000000000000000000, -0.0000000000000000000 ) ) ;
#5271 =( GEOMETRIC_REPRESENTATION_CONTEXT ( 3 ) GLOBAL_UNCERTAINTY_ASSIGNED_CONTEXT ( ( #9196 ) ) GLOBAL_UNIT_ASSIGNED_CONTEXT ( ( #132, #8721, #7952 ) ) REPRESENTATION_CONTEXT ( 'NONE', 'WORKASPACE' ) );
#5272 = VECTOR ( 'NONE', #10019, 1000.000000000000000 ) ;
#5273 =( LENGTH_UNIT ( ) NAMED_UNIT ( * ) SI_UNIT ( .MILLI., .METRE. ) );
#5274 = CARTESIAN_POINT ( 'NONE',  ( -1.219157559580707151, 0.8100000000000002753, -0.2594635449536922822 ) ) ;
#5275 = FACE_OUTER_BOUND ( 'NONE', #9716, .T. ) ;
#5276 = VERTEX_POINT ( 'NONE', #3815 ) ;
#5277 = CARTESIAN_POINT ( 'NONE',  ( -1.130139362490917510, 0.8100000000000003864, -0.2800567340113008230 ) ) ;
#5278 = EDGE_LOOP ( 'NONE', ( #1611, #1172, #3851, #4488 ) ) ;
#5279 = PRESENTATION_LAYER_ASSIGNMENT (  '', '', ( #7079 ) ) ;
#5280 = AXIS2_PLACEMENT_3D ( 'NONE', #2409, #603, #5318 ) ;
#5281 =( GEOMETRIC_REPRESENTATION_CONTEXT ( 3 ) GLOBAL_UNCERTAINTY_ASSIGNED_CONTEXT ( ( #2315 ) ) GLOBAL_UNIT_ASSIGNED_CONTEXT ( ( #8814, #219, #6157 ) ) REPRESENTATION_CONTEXT ( 'NONE', 'WORKASPACE' ) );
#5282 = UNCERTAINTY_MEASURE_WITH_UNIT (LENGTH_MEASURE( 1.000000000000000082E-05 ), #5079, 'distance_accuracy_value', 'NONE');
#5283 = ADVANCED_FACE ( 'NONE', ( #8536 ), #2112, .T. ) ;
#5284 = FACE_OUTER_BOUND ( 'NONE', #3813, .T. ) ;
#5285 = FILL_AREA_STYLE_COLOUR ( '', #2995 ) ;
#5286 = CARTESIAN_POINT ( 'NONE',  ( -0.9409499861026539014, 0.8000000000000001554, -0.03835223617422683917 ) ) ;
#5287 = LINE ( 'NONE', #4510, #1037 ) ;
#5288 = CARTESIAN_POINT ( 'NONE',  ( -1.259392769964347902, 0.8100000000000002753, 0.1062494839043667538 ) ) ;
#5289 = CARTESIAN_POINT ( 'NONE',  ( 2.000000000000000000, 0.0000000000000000000, -1.249999999999999778 ) ) ;
#5290 = DIRECTION ( 'NONE',  ( 0.0000000000000000000, -1.000000000000000000, 0.0000000000000000000 ) ) ;
#5291 = ORIENTED_EDGE ( 'NONE', *, *, #1594, .F. ) ;
#5292 =( NAMED_UNIT ( * ) SI_UNIT ( $, .STERADIAN. ) SOLID_ANGLE_UNIT ( ) );
#5293 = ORIENTED_EDGE ( 'NONE', *, *, #4338, .F. ) ;
#5294 = VERTEX_POINT ( 'NONE', #4007 ) ;
#5295 = UNCERTAINTY_MEASURE_WITH_UNIT (LENGTH_MEASURE( 1.000000000000000082E-05 ), #535, 'distance_accuracy_value', 'NONE');
#5296 = AXIS2_PLACEMENT_3D ( 'NONE', #6206, #7864, #8633 ) ;
#5297 = CARTESIAN_POINT ( 'NONE',  ( 1.969999999999999085, 0.6800000000000000488, 0.9400000000000005018 ) ) ;
#5298 = B_SPLINE_SURFACE_WITH_KNOTS ( 'NONE', 3, 1, ( 
 ( #2289, #1422 ),
 ( #4524, #7666 ),
 ( #634, #3525 ),
 ( #3109, #9168 ),
 ( #3768, #6934 ),
 ( #10092, #2137 ),
 ( #9362, #5395 ),
 ( #3009, #6879 ),
 ( #5449, #8596 ),
 ( #7716, #685 ),
 ( #3060, #6172 ),
 ( #8541, #1529 ),
 ( #4631, #7775 ),
 ( #1766, #2491 ),
 ( #5, #4735 ),
 ( #9469, #3910 ),
 ( #7877, #8847 ),
 ( #8793, #4109 ),
 ( #5699, #4012 ) ),
 .UNSPECIFIED., .F., .F., .F.,
 ( 4, 1, 1, 1, 1, 1, 1, 1, 1, 1, 1, 1, 1, 1, 1, 1, 4 ),
 ( 2, 2 ),
 ( 0.0000000000000000000, 0.09513606765129915821, 0.1847313633813591482, 0.2682875644224344547, 0.3465971881315638159, 0.4193050250118303679, 0.4872356976528923744, 0.5505021670267862266, 0.6094154834552105715, 0.6641924973930185550, 0.7154708956004394160, 0.7642516598968450703, 0.8109957637662903451, 0.8569478638665044556, 0.9028837686324789891, 0.9504484131495150034, 1.000000000000000000 ),
 ( 0.0000000000000000000, 1.000000000000000000 ),
 .UNSPECIFIED. ) ;
#5299 = CARTESIAN_POINT ( 'NONE',  ( -0.3643266094792771970, 0.8000000000000001554, -0.03835223617422705428 ) ) ;
#5300 = CARTESIAN_POINT ( 'NONE',  ( 0.9138369360462438307, 0.8000000000000003775, -0.05952115099460087572 ) ) ;
#5301 = DIRECTION ( 'NONE',  ( 0.0000000000000000000, -0.0000000000000000000, 1.000000000000000000 ) ) ;
#5302 = CARTESIAN_POINT ( 'NONE',  ( 1.373335728183060045, 0.8100000000000001643, 0.1772727638257728111 ) ) ;
#5303 = MECHANICAL_DESIGN_GEOMETRIC_PRESENTATION_REPRESENTATION (  '', ( #8418 ), #3353 ) ;
#5304 = CARTESIAN_POINT ( 'NONE',  ( -1.293121961817235821, 0.8000000000000001554, -0.2612511604801152076 ) ) ;
#5305 = VERTEX_POINT ( 'NONE', #6365 ) ;
#5306 = VECTOR ( 'NONE', #827, 1000.000000000000000 ) ;
#5307 = CARTESIAN_POINT ( 'NONE',  ( -1.700000000000001732, 0.6000000000000000888, -1.249999999999998668 ) ) ;
#5308 = PLANE ( 'NONE',  #7386 ) ;
#5309 = CARTESIAN_POINT ( 'NONE',  ( 1.365334992998428421, 0.8100000000000001643, 0.1845536948430110680 ) ) ;
#5310 = DIRECTION ( 'NONE',  ( -1.000000000000000000, 0.0000000000000000000, -1.807003620809173646E-16 ) ) ;
#5311 = DIRECTION ( 'NONE',  ( 1.000000000000000000, 0.0000000000000000000, 0.0000000000000000000 ) ) ;
#5312 = VERTEX_POINT ( 'NONE', #8840 ) ;
#5313 = PRESENTATION_STYLE_ASSIGNMENT (( #6091 ) ) ;
#5314 = VERTEX_POINT ( 'NONE', #9618 ) ;
#5315 = FILL_AREA_STYLE ('',( #9907 ) ) ;
#5316 = CARTESIAN_POINT ( 'NONE',  ( -0.3337880230015857763, 0.8000000000000001554, -0.2472462122259280748 ) ) ;
#5317 = CARTESIAN_POINT ( 'NONE',  ( 0.9792295171524253439, 0.8000000000000002665, -0.09342546159769959946 ) ) ;
#5318 = DIRECTION ( 'NONE',  ( 1.000000000000000000, 0.0000000000000000000, -0.0000000000000000000 ) ) ;
#5319 = CARTESIAN_POINT ( 'NONE',  ( -0.1138387279643652689, 0.8000000000000001554, 0.08164627790778961058 ) ) ;
#5320 = CARTESIAN_POINT ( 'NONE',  ( -1.314975960128627941, 0.8100000000000001643, -0.1671671712391619158 ) ) ;
#5321 = CARTESIAN_POINT ( 'NONE',  ( -0.6841304672075357862, 0.8000000000000004885, -0.07269537814073266657 ) ) ;
#5322 = ORIENTED_EDGE ( 'NONE', *, *, #9763, .F. ) ;
#5323 = ORIENTED_EDGE ( 'NONE', *, *, #7911, .F. ) ;
#5324 = STYLED_ITEM ( 'NONE', ( #5475 ), #3753 ) ;
#5325 = FACE_OUTER_BOUND ( 'NONE', #2719, .T. ) ;
#5326 = DIRECTION ( 'NONE',  ( 0.0000000000000000000, 0.0000000000000000000, 1.000000000000000000 ) ) ;
#5327 = CARTESIAN_POINT ( 'NONE',  ( -0.2678844332138460294, 0.7999999999999994893, -0.2453608769868652062 ) ) ;
#5328 = CARTESIAN_POINT ( 'NONE',  ( -0.6738298225803422969, 0.8000000000000003775, -0.2881154959135699967 ) ) ;
#5329 = CARTESIAN_POINT ( 'NONE',  ( -1.237053882206550215, 0.8100000000000001643, 0.1912743872023965064 ) ) ;
#5330 = AXIS2_PLACEMENT_3D ( 'NONE', #699, #4484, #2250 ) ;
#5331 = EDGE_CURVE ( 'NONE', #6361, #491, #4106, .T. ) ;
#5332 = CARTESIAN_POINT ( 'NONE',  ( 1.000000000000000222, 0.05000000000000000278, 1.149999999999998801 ) ) ;
#5333 = LINE ( 'NONE', #2990, #507 ) ;
#5334 = DIRECTION ( 'NONE',  ( 0.0000000000000000000, 1.000000000000000000, 0.0000000000000000000 ) ) ;
#5335 = ORIENTED_EDGE ( 'NONE', *, *, #8111, .F. ) ;
#5336 = CARTESIAN_POINT ( 'NONE',  ( -0.7985866764328326539, 0.8000000000000003775, 0.2685517297649686608 ) ) ;
#5337 = CARTESIAN_POINT ( 'NONE',  ( -2.000000000000002220, 0.0000000000000000000, 1.050000000000000044 ) ) ;
#5338 = ADVANCED_FACE ( 'NONE', ( #8077 ), #629, .T. ) ;
#5339 = EDGE_LOOP ( 'NONE', ( #3345, #5424, #8724, #1544 ) ) ;
#5340 = CARTESIAN_POINT ( 'NONE',  ( -0.8785024127659318838, 0.8100000000000001643, -0.02690666817324859766 ) ) ;
#5341 = DIRECTION ( 'NONE',  ( 0.0000000000000000000, -0.0000000000000000000, 1.000000000000000000 ) ) ;
#5342 = DIRECTION ( 'NONE',  ( -0.0000000000000000000, -1.000000000000000000, -0.0000000000000000000 ) ) ;
#5343 = CARTESIAN_POINT ( 'NONE',  ( 0.9648083971232450651, 0.8000000000000000444, -0.2391418420717318638 ) ) ;
#5344 = PRESENTATION_LAYER_ASSIGNMENT (  '', '', ( #8958 ) ) ;
#5345 = ADVANCED_FACE ( 'NONE', ( #4762 ), #7801, .T. ) ;
#5346 = CARTESIAN_POINT ( 'NONE',  ( -0.8596353510763075079, 0.8100000000000003864, 0.2422586355008002346 ) ) ;
#5347 = LINE ( 'NONE', #7, #9455 ) ;
#5348 = ORIENTED_EDGE ( 'NONE', *, *, #4250, .F. ) ;
#5349 = VECTOR ( 'NONE', #1469, 1000.000000000000000 ) ;
#5350 =( NAMED_UNIT ( * ) PLANE_ANGLE_UNIT ( ) SI_UNIT ( $, .RADIAN. ) );
#5351 = FILL_AREA_STYLE ('',( #7828 ) ) ;
#5352 = CARTESIAN_POINT ( 'NONE',  ( -0.1740699537575939870, 0.8100000000000002753, 0.2000470469116943373 ) ) ;
#5353 = LINE ( 'NONE', #2248, #6871 ) ;
#5354 = SURFACE_STYLE_USAGE ( .BOTH. , #8603 ) ;
#5355 = PRESENTATION_LAYER_ASSIGNMENT (  '', '', ( #6505 ) ) ;
#5356 = FILL_AREA_STYLE_COLOUR ( '', #8383 ) ;
#5357 = FILL_AREA_STYLE_COLOUR ( '', #2784 ) ;
#5358 =( NAMED_UNIT ( * ) SI_UNIT ( $, .STERADIAN. ) SOLID_ANGLE_UNIT ( ) );
#5359 = FACE_OUTER_BOUND ( 'NONE', #3863, .T. ) ;
#5360 = ORIENTED_EDGE ( 'NONE', *, *, #4713, .T. ) ;
#5361 = AXIS2_PLACEMENT_3D ( 'NONE', #8709, #1677, #117 ) ;
#5362 = CARTESIAN_POINT ( 'NONE',  ( 0.7244069202362711790, 0.8100000000000001643, 0.01815664010286468372 ) ) ;
#5363 = CARTESIAN_POINT ( 'NONE',  ( 1.152634989785251696, 0.8100000000000001643, -0.2761984016107592588 ) ) ;
#5364 = FILL_AREA_STYLE ('',( #6146 ) ) ;
#5365 = SURFACE_SIDE_STYLE ('',( #3033 ) ) ;
#5366 = CARTESIAN_POINT ( 'NONE',  ( 0.6827707526385172754, 0.8100000000000003864, -0.3376031945626601360 ) ) ;
#5367 = CARTESIAN_POINT ( 'NONE',  ( -0.6988524890126492917, 0.8000000000000002665, -0.2030442688890864156 ) ) ;
#5368 = ORIENTED_EDGE ( 'NONE', *, *, #816, .T. ) ;
#5369 = SURFACE_STYLE_USAGE ( .BOTH. , #3039 ) ;
#5370 = ORIENTED_EDGE ( 'NONE', *, *, #3767, .F. ) ;
#5371 = CARTESIAN_POINT ( 'NONE',  ( -1.237053882206550215, 0.8100000000000001643, 0.1912743872023965064 ) ) ;
#5372 = ADVANCED_FACE ( 'NONE', ( #821, #2418, #85, #2212, #5325, #3799, #6909 ), #10072, .T. ) ;
#5373 = CARTESIAN_POINT ( 'NONE',  ( -1.157549012076679817, 0.8100000000000001643, -0.2840502881222787268 ) ) ;
#5374 = FILL_AREA_STYLE ('',( #5482 ) ) ;
#5375 = DIRECTION ( 'NONE',  ( 0.0000000000000000000, 0.0000000000000000000, 1.000000000000000000 ) ) ;
#5376 = CARTESIAN_POINT ( 'NONE',  ( -1.297289263851329144, 0.7999999999999999334, 0.1645249279803273623 ) ) ;
#5377 = CARTESIAN_POINT ( 'NONE',  ( 0.5778026980014429048, 0.8000000000000001554, -0.003446037531902915261 ) ) ;
#5378 = ORIENTED_EDGE ( 'NONE', *, *, #2485, .F. ) ;
#5379 = DIRECTION ( 'NONE',  ( -0.0000000000000000000, -1.000000000000000000, -0.0000000000000000000 ) ) ;
#5380 =( LENGTH_UNIT ( ) NAMED_UNIT ( * ) SI_UNIT ( .MILLI., .METRE. ) );
#5381 = PRESENTATION_LAYER_ASSIGNMENT (  '', '', ( #990 ) ) ;
#5382 = ORIENTED_EDGE ( 'NONE', *, *, #5265, .T. ) ;
#5383 = UNCERTAINTY_MEASURE_WITH_UNIT (LENGTH_MEASURE( 1.000000000000000082E-05 ), #5206, 'distance_accuracy_value', 'NONE');
#5384 = EDGE_CURVE ( 'NONE', #10094, #10127, #337, .T. ) ;
#5385 = FACE_OUTER_BOUND ( 'NONE', #4539, .T. ) ;
#5386 = PRESENTATION_LAYER_ASSIGNMENT (  '', '', ( #2624 ) ) ;
#5387 = CARTESIAN_POINT ( 'NONE',  ( -0.2049516094792772358, 0.8100000000000001643, 0.2691964651244741491 ) ) ;
#5388 = ADVANCED_FACE ( 'NONE', ( #1898 ), #7328, .T. ) ;
#5389 = ADVANCED_FACE ( 'NONE', ( #3440 ), #7385, .F. ) ;
#5390 = CARTESIAN_POINT ( 'NONE',  ( 1.221148142981639761, 0.8100000000000002753, 0.2639327839366536477 ) ) ;
#5391 = FACE_OUTER_BOUND ( 'NONE', #3571, .T. ) ;
#5392 = LINE ( 'NONE', #4677, #6882 ) ;
#5393 = DIRECTION ( 'NONE',  ( 1.000000000000000000, 0.0000000000000000000, -1.204669080539449344E-16 ) ) ;
#5394 = CARTESIAN_POINT ( 'NONE',  ( 1.358299573868303689, 0.8000000000000001554, -0.1975423799222012500 ) ) ;
#5395 = CARTESIAN_POINT ( 'NONE',  ( -0.9255167028338273649, 0.7999999999999998224, -0.1987699973880086846 ) ) ;
#5396 = DIRECTION ( 'NONE',  ( -0.0000000000000000000, -1.000000000000000000, -0.0000000000000000000 ) ) ;
#5397 = ORIENTED_EDGE ( 'NONE', *, *, #5967, .T. ) ;
#5398 = CARTESIAN_POINT ( 'NONE',  ( -0.6367085372818990230, 0.8000000000000002665, 0.1213210819162676285 ) ) ;
#5399 = ADVANCED_FACE ( 'NONE', ( #5266 ), #3564, .T. ) ;
#5400 = CARTESIAN_POINT ( 'NONE',  ( -0.1413969952861351131, 0.8100000000000000533, 0.1680852546308441720 ) ) ;
#5401 = MECHANICAL_DESIGN_GEOMETRIC_PRESENTATION_REPRESENTATION (  '', ( #2312 ), #7709 ) ;
#5402 = SURFACE_STYLE_USAGE ( .BOTH. , #696 ) ;
#5403 = DIRECTION ( 'NONE',  ( 0.0000000000000000000, 0.0000000000000000000, 1.000000000000000000 ) ) ;
#5404 = PRESENTATION_LAYER_ASSIGNMENT (  '', '', ( #4255 ) ) ;
#5405 = CARTESIAN_POINT ( 'NONE',  ( 1.169980714853273263, 0.8100000000000002753, 0.1988561671382886031 ) ) ;
#5406 = PLANE ( 'NONE',  #8882 ) ;
#5407 = CARTESIAN_POINT ( 'NONE',  ( -0.7834012848039526578, 0.8100000000000001643, -0.2840502881222787268 ) ) ;
#5408 = CARTESIAN_POINT ( 'NONE',  ( -1.313449044977952118, 0.8100000000000000533, 0.2032552373879685237 ) ) ;
#5409 = PRESENTATION_STYLE_ASSIGNMENT (( #4537 ) ) ;
#5410 = DIRECTION ( 'NONE',  ( -2.891205793294680200E-15, 0.0000000000000000000, 1.000000000000000000 ) ) ;
#5411 = ORIENTED_EDGE ( 'NONE', *, *, #4561, .F. ) ;
#5412 =( LENGTH_UNIT ( ) NAMED_UNIT ( * ) SI_UNIT ( .MILLI., .METRE. ) );
#5413 = ADVANCED_FACE ( 'NONE', ( #8509 ), #3074, .F. ) ;
#5414 = CARTESIAN_POINT ( 'NONE',  ( -0.8194532587788734279, 0.8000000000000001554, 0.1945483698360985225 ) ) ;
#5415 = CARTESIAN_POINT ( 'NONE',  ( 1.044327435335577814, 0.8000000000000000444, -0.2360145920784587903 ) ) ;
#5416 = PRESENTATION_STYLE_ASSIGNMENT (( #6186 ) ) ;
#5417 =( NAMED_UNIT ( * ) PLANE_ANGLE_UNIT ( ) SI_UNIT ( $, .RADIAN. ) );
#5418 = CARTESIAN_POINT ( 'NONE',  ( -0.6839179661679359867, 0.8000000000000001554, -0.05028476622377589522 ) ) ;
#5419 = VECTOR ( 'NONE', #3754, 1000.000000000000000 ) ;
#5420 = CARTESIAN_POINT ( 'NONE',  ( 1.700000000000001732, 0.6000000000000000888, -1.249999999999996891 ) ) ;
#5421 = CARTESIAN_POINT ( 'NONE',  ( -0.7110050564462127021, 0.8100000000000002753, -0.2342854547357039741 ) ) ;
#5422 = ORIENTED_EDGE ( 'NONE', *, *, #7906, .F. ) ;
#5423 =( LENGTH_UNIT ( ) NAMED_UNIT ( * ) SI_UNIT ( .MILLI., .METRE. ) );
#5424 = ORIENTED_EDGE ( 'NONE', *, *, #5766, .F. ) ;
#5425 = SURFACE_STYLE_FILL_AREA ( #3233 ) ;
#5426 = VECTOR ( 'NONE', #6640, 1000.000000000000000 ) ;
#5427 = CIRCLE ( 'NONE', #1532, 0.1999999999999994282 ) ;
#5428 = MECHANICAL_DESIGN_GEOMETRIC_PRESENTATION_REPRESENTATION (  '', ( #9884 ), #2336 ) ;
#5429 = SURFACE_SIDE_STYLE ('',( #2878 ) ) ;
#5430 = CARTESIAN_POINT ( 'NONE',  ( 0.7173054103349338906, 0.8000000000000001554, 0.1155489574089784699 ) ) ;
#5431 = CARTESIAN_POINT ( 'NONE',  ( 1.500000000000000222, 0.7000000000000000666, -0.8000000000000001554 ) ) ;
#5432 = CARTESIAN_POINT ( 'NONE',  ( -1.252638297790965582, 0.8100000000000001643, -0.1593749634469540932 ) ) ;
#5433 = CARTESIAN_POINT ( 'NONE',  ( 0.6465535914820963459, 0.8100000000000000533, -0.07380789149730869469 ) ) ;
#5434 = CARTESIAN_POINT ( 'NONE',  ( -0.06336734827075016230, 0.8099999999999998312, -0.2121586914474249963 ) ) ;
#5435 = VERTEX_POINT ( 'NONE', #1017 ) ;
#5436 =( NAMED_UNIT ( * ) PLANE_ANGLE_UNIT ( ) SI_UNIT ( $, .RADIAN. ) );
#5437 =( NAMED_UNIT ( * ) PLANE_ANGLE_UNIT ( ) SI_UNIT ( $, .RADIAN. ) );
#5438 = VECTOR ( 'NONE', #4828, 1000.000000000000000 ) ;
#5439 = ORIENTED_EDGE ( 'NONE', *, *, #8218, .T. ) ;
#5440 = VERTEX_POINT ( 'NONE', #3428 ) ;
#5441 = DIRECTION ( 'NONE',  ( 0.0000000000000000000, 1.000000000000000000, 0.0000000000000000000 ) ) ;
#5442 =( GEOMETRIC_REPRESENTATION_CONTEXT ( 3 ) GLOBAL_UNCERTAINTY_ASSIGNED_CONTEXT ( ( #895 ) ) GLOBAL_UNIT_ASSIGNED_CONTEXT ( ( #6682, #2710, #5000 ) ) REPRESENTATION_CONTEXT ( 'NONE', 'WORKASPACE' ) );
#5443 = LINE ( 'NONE', #9264, #5349 ) ;
#5444 = CARTESIAN_POINT ( 'NONE',  ( 0.7099674234992096045, 0.7999999999999997113, 0.006321288170787106239 ) ) ;
#5445 = CARTESIAN_POINT ( 'NONE',  ( 1.144927590533938000, 0.8000000000000002665, -0.3461830992765348447 ) ) ;
#5446 = CARTESIAN_POINT ( 'NONE',  ( -0.7873103350454871974, 0.8100000000000002753, 0.2689790979968827989 ) ) ;
#5447 = CARTESIAN_POINT ( 'NONE',  ( -0.6704142718169396886, 0.8000000000000001554, -0.2830762621482528218 ) ) ;
#5448 = ADVANCED_FACE ( 'NONE', ( #6335 ), #910, .F. ) ;
#5449 = CARTESIAN_POINT ( 'NONE',  ( -0.9104113996249624252, 0.8100000000000001643, -0.2472462122259278250 ) ) ;
#5450 = CARTESIAN_POINT ( 'NONE',  ( 2.000000000000001776, 0.0000000000000000000, -0.9499999999999997335 ) ) ;
#5451 = COLOUR_RGB ( '',0.09803921568627450844, 0.09803921568627450844, 0.09803921568627450844 ) ;
#5452 = EDGE_LOOP ( 'NONE', ( #1248, #8887, #9131, #6191, #6612, #8023, #2638, #3530, #3705 ) ) ;
#5453 = LINE ( 'NONE', #1579, #7985 ) ;
#5454 =( LENGTH_UNIT ( ) NAMED_UNIT ( * ) SI_UNIT ( .MILLI., .METRE. ) );
#5455 = AXIS2_PLACEMENT_3D ( 'NONE', #8399, #3072, #703 ) ;
#5456 = CARTESIAN_POINT ( 'NONE',  ( -0.7431902176861314713, 0.8100000000000000533, -0.2717092412022343306 ) ) ;
#5457 = FILL_AREA_STYLE ('',( #3265 ) ) ;
#5458 = CARTESIAN_POINT ( 'NONE',  ( -0.6904621045877421537, 0.8000000000000004885, 0.08164627790778986038 ) ) ;
#5459 = B_SPLINE_SURFACE_WITH_KNOTS ( 'NONE', 3, 1, ( 
 ( #5175, #5081 ),
 ( #4306, #7460 ),
 ( #1872, #9673 ),
 ( #3413, #1919 ),
 ( #2632, #5746 ),
 ( #8895, #464 ),
 ( #4983, #408 ),
 ( #3548, #6663 ),
 ( #9828, #2782 ),
 ( #5898, #5376 ),
 ( #8579, #6002 ),
 ( #10125, #9150 ),
 ( #6159, #2119 ),
 ( #5288, #9973 ),
 ( #4511, #2272 ),
 ( #9345, #615 ),
 ( #7700, #3641 ),
 ( #565, #667 ),
 ( #6917, #6963 ) ),
 .UNSPECIFIED., .F., .F., .F.,
 ( 4, 1, 1, 1, 1, 1, 1, 1, 1, 1, 1, 1, 1, 1, 1, 1, 4 ),
 ( 2, 2 ),
 ( 0.0000000000000000000, 0.04201225067996526563, 0.08511750660520453482, 0.1300855528004582762, 0.1769678807899924544, 0.2261477855565328099, 0.2772334194263165741, 0.3308047573831589538, 0.3865544555075849931, 0.4458623090664791122, 0.5099872683036015264, 0.5788629274919107059, 0.6528933384736911316, 0.7319147394633851444, 0.8160092234539935152, 0.9052448834781627873, 1.000000000000000000 ),
 ( 0.0000000000000000000, 1.000000000000000000 ),
 .UNSPECIFIED. ) ;
#5460 = EDGE_CURVE ( 'NONE', #1682, #1659, #7266, .T. ) ;
#5461 = CARTESIAN_POINT ( 'NONE',  ( 1.194221279373494315, 0.7999999999999999334, 0.2683259377934424372 ) ) ;
#5462 = SURFACE_STYLE_USAGE ( .BOTH. , #9590 ) ;
#5463 = CARTESIAN_POINT ( 'NONE',  ( -1.144399661427329296, 0.8000000000000002665, 0.07475653005953937502 ) ) ;
#5464 = ORIENTED_EDGE ( 'NONE', *, *, #8286, .T. ) ;
#5465 = SURFACE_STYLE_FILL_AREA ( #3328 ) ;
#5466 = ADVANCED_FACE ( 'NONE', ( #8757 ), #8101, .T. ) ;
#5467 = ORIENTED_EDGE ( 'NONE', *, *, #2548, .T. ) ;
#5468 = LINE ( 'NONE', #5565, #5914 ) ;
#5469 = CARTESIAN_POINT ( 'NONE',  ( -1.193152932907940222, 0.8100000000000003864, 0.03184573635084194526 ) ) ;
#5470 = CARTESIAN_POINT ( 'NONE',  ( -1.990000000000001323, 0.6800000000000000488, 1.220000000000000417 ) ) ;
#5471 = CARTESIAN_POINT ( 'NONE',  ( -1.690000000000001057, 0.6100000000000000977, 0.9400000000000005018 ) ) ;
#5472 = ADVANCED_FACE ( 'NONE', ( #9593 ), #1066, .T. ) ;
#5473 = CARTESIAN_POINT ( 'NONE',  ( -0.6838071289597970059, 0.8000000000000002665, -0.03859574266773335705 ) ) ;
#5474 = CARTESIAN_POINT ( 'NONE',  ( 1.048523752515592822, 0.8099999999999998312, -0.3202922887673315677 ) ) ;
#5475 = PRESENTATION_STYLE_ASSIGNMENT (( #7115 ) ) ;
#5476 = ORIENTED_EDGE ( 'NONE', *, *, #2154, .F. ) ;
#5477 = CARTESIAN_POINT ( 'NONE',  ( -1.085803825225576391, 0.8000000000000000444, -0.2475199389191114208 ) ) ;
#5478 = VERTEX_POINT ( 'NONE', #3664 ) ;
#5479 = CARTESIAN_POINT ( 'NONE',  ( -1.195261560662674194, 0.8000000000000001554, 0.1300811006393071956 ) ) ;
#5480 = PRESENTATION_STYLE_ASSIGNMENT (( #2371 ) ) ;
#5481 = CARTESIAN_POINT ( 'NONE',  ( -0.2869851384897137425, 0.8100000000000000533, -0.2018945844147106983 ) ) ;
#5482 = FILL_AREA_STYLE_COLOUR ( '', #8719 ) ;
#5483 = CARTESIAN_POINT ( 'NONE',  ( -1.131638918273453642, 0.8000000000000001554, -0.03624826544659759398 ) ) ;
#5484 = SURFACE_STYLE_FILL_AREA ( #7016 ) ;
#5485 = FILL_AREA_STYLE ('',( #5636 ) ) ;
#5486 = SURFACE_STYLE_USAGE ( .BOTH. , #9611 ) ;
#5487 = PRESENTATION_LAYER_ASSIGNMENT (  '', '', ( #7474 ) ) ;
#5488 = ORIENTED_EDGE ( 'NONE', *, *, #5850, .F. ) ;
#5489 = CARTESIAN_POINT ( 'NONE',  ( -1.499999999999999778, 0.7800000000000001377, -0.7999999999999999334 ) ) ;
#5490 = ORIENTED_EDGE ( 'NONE', *, *, #1196, .T. ) ;
#5491 = UNCERTAINTY_MEASURE_WITH_UNIT (LENGTH_MEASURE( 1.000000000000000082E-05 ), #6606, 'distance_accuracy_value', 'NONE');
#5492 = PRESENTATION_LAYER_ASSIGNMENT (  '', '', ( #8949 ) ) ;
#5493 =( NAMED_UNIT ( * ) PLANE_ANGLE_UNIT ( ) SI_UNIT ( $, .RADIAN. ) );
#5494 = FILL_AREA_STYLE_COLOUR ( '', #3234 ) ;
#5495 = CARTESIAN_POINT ( 'NONE',  ( -1.309817064530104380, 0.8000000000000002665, -0.2087509718780261314 ) ) ;
#5496 = DIRECTION ( 'NONE',  ( -0.0000000000000000000, -1.000000000000000000, -0.0000000000000000000 ) ) ;
#5497 = CARTESIAN_POINT ( 'NONE',  ( -0.05458517045767016101, 0.8100000000000001643, 0.09372027392458512352 ) ) ;
#5498 = DIRECTION ( 'NONE',  ( -1.000000000000000000, 0.0000000000000000000, 6.023345402697246719E-17 ) ) ;
#5499 = SURFACE_STYLE_USAGE ( .BOTH. , #9417 ) ;
#5500 = CARTESIAN_POINT ( 'NONE',  ( 0.7721261971342020525, 0.8100000000000001643, -0.04198520609398928571 ) ) ;
#5501 = CARTESIAN_POINT ( 'NONE',  ( -0.3308104733139470843, 0.8100000000000000533, 0.1806999403873342791 ) ) ;
#5502 = ORIENTED_EDGE ( 'NONE', *, *, #9802, .T. ) ;
#5503 = UNCERTAINTY_MEASURE_WITH_UNIT (LENGTH_MEASURE( 1.000000000000000082E-05 ), #2465, 'distance_accuracy_value', 'NONE');
#5504 = CARTESIAN_POINT ( 'NONE',  ( -0.2049516094792772358, 0.8100000000000001643, 0.2691964651244741491 ) ) ;
#5505 = FILL_AREA_STYLE_COLOUR ( '', #97 ) ;
#5506 =( GEOMETRIC_REPRESENTATION_CONTEXT ( 3 ) GLOBAL_UNCERTAINTY_ASSIGNED_CONTEXT ( ( #8586 ) ) GLOBAL_UNIT_ASSIGNED_CONTEXT ( ( #4529, #4635, #747 ) ) REPRESENTATION_CONTEXT ( 'NONE', 'WORKASPACE' ) );
#5507 = EDGE_CURVE ( 'NONE', #3842, #7080, #9066, .T. ) ;
#5508 = DIRECTION ( 'NONE',  ( -1.000000000000000000, -0.0000000000000000000, 1.204669080539449344E-16 ) ) ;
#5509 = FILL_AREA_STYLE_COLOUR ( '', #3642 ) ;
#5510 = AXIS2_PLACEMENT_3D ( 'NONE', #5297, #9214, #10034 ) ;
#5511 = CARTESIAN_POINT ( 'NONE',  ( -0.6903996260163227650, 0.8100000000000003864, -0.1599104248217347313 ) ) ;
#5512 = FACE_OUTER_BOUND ( 'NONE', #8821, .T. ) ;
#5513 = CARTESIAN_POINT ( 'NONE',  ( -1.317155402649199170, 0.8100000000000001643, 0.2155125956829111733 ) ) ;
#5514 = CARTESIAN_POINT ( 'NONE',  ( 0.7268259879233197607, 0.8100000000000001643, 0.02057633525434429331 ) ) ;
#5515 = VERTEX_POINT ( 'NONE', #9171 ) ;
#5516 = CARTESIAN_POINT ( 'NONE',  ( 0.7677126181304761987, 0.8100000000000001643, 0.07666891397549885356 ) ) ;
#5517 = EDGE_LOOP ( 'NONE', ( #4886, #2790, #4248, #3160 ) ) ;
#5518 = CIRCLE ( 'NONE', #9959, 0.02000000000000005246 ) ;
#5519 = FILL_AREA_STYLE_COLOUR ( '', #4877 ) ;
#5520 = CARTESIAN_POINT ( 'NONE',  ( -0.8005336656107711057, 0.8000000000000004885, 0.2040627350160153231 ) ) ;
#5521 = AXIS2_PLACEMENT_3D ( 'NONE', #9437, #4750, #9328 ) ;
#5522 = CARTESIAN_POINT ( 'NONE',  ( -1.219157559580707151, 0.8000000000000002665, -0.2594635449536922822 ) ) ;
#5523 = EDGE_CURVE ( 'NONE', #3518, #1868, #7264, .T. ) ;
#5524 = CARTESIAN_POINT ( 'NONE',  ( 1.041204508280841212, 0.8100000000000000533, 0.1537793126006191669 ) ) ;
#5525 = CARTESIAN_POINT ( 'NONE',  ( 0.6671782880154635276, 0.8000000000000001554, -0.3385037726533262070 ) ) ;
#5526 = CARTESIAN_POINT ( 'NONE',  ( -0.7808444666221344699, 0.8100000000000001643, -0.3463879504599410852 ) ) ;
#5527 = LINE ( 'NONE', #7007, #1792 ) ;
#5528 = ORIENTED_EDGE ( 'NONE', *, *, #4654, .T. ) ;
#5529 = CARTESIAN_POINT ( 'NONE',  ( -1.137392860739428802, 0.8100000000000001643, -0.3458680983121288355 ) ) ;
#5530 = COLOUR_RGB ( '',0.09803921568627450844, 0.09803921568627450844, 0.09803921568627450844 ) ;
#5531 = ORIENTED_EDGE ( 'NONE', *, *, #5757, .F. ) ;
#5532 = CARTESIAN_POINT ( 'NONE',  ( -0.8578999523347894396, 0.8100000000000001643, 0.1426182430721538996 ) ) ;
#5533 = EDGE_CURVE ( 'NONE', #2127, #5010, #6632, .T. ) ;
#5534 = CARTESIAN_POINT ( 'NONE',  ( 0.6364180573805972019, 0.8100000000000001643, 0.009224920050828063281 ) ) ;
#5535 = CARTESIAN_POINT ( 'NONE',  ( -1.098758035885705642, 0.8000000000000000444, -0.08005248899566405618 ) ) ;
#5536 =( GEOMETRIC_REPRESENTATION_CONTEXT ( 3 ) GLOBAL_UNCERTAINTY_ASSIGNED_CONTEXT ( ( #885 ) ) GLOBAL_UNIT_ASSIGNED_CONTEXT ( ( #8751, #1724, #6320 ) ) REPRESENTATION_CONTEXT ( 'NONE', 'WORKASPACE' ) );
#5537 = CARTESIAN_POINT ( 'NONE',  ( 1.950000000000001732, 0.6100000000000000977, -0.9499999999999992895 ) ) ;
#5538 = CARTESIAN_POINT ( 'NONE',  ( 0.7513160400506874170, 0.8099999999999999423, -0.1185860361225251070 ) ) ;
#5539 = CARTESIAN_POINT ( 'NONE',  ( 0.9788829480746111811, 0.8100000000000001643, 0.01678744794828819151 ) ) ;
#5540 = CARTESIAN_POINT ( 'NONE',  ( 1.149281884843293522, 0.8100000000000000533, 0.2687815972033243961 ) ) ;
#5541 = ORIENTED_EDGE ( 'NONE', *, *, #7701, .F. ) ;
#5542 = DIRECTION ( 'NONE',  ( -0.0000000000000000000, -1.000000000000000000, -0.0000000000000000000 ) ) ;
#5543 = ORIENTED_EDGE ( 'NONE', *, *, #7793, .T. ) ;
#5544 = VECTOR ( 'NONE', #7544, 1000.000000000000000 ) ;
#5545 = SURFACE_STYLE_FILL_AREA ( #2436 ) ;
#5546 = CARTESIAN_POINT ( 'NONE',  ( -0.2231333390066195244, 0.8100000000000001643, -0.3457231104876025696 ) ) ;
#5547 = CARTESIAN_POINT ( 'NONE',  ( 1.110311750872668091, 0.8000000000000003775, -0.3417631308354374675 ) ) ;
#5548 = PRESENTATION_STYLE_ASSIGNMENT (( #9467 ) ) ;
#5549 = CARTESIAN_POINT ( 'NONE',  ( -1.155235700388368203, 0.8000000000000001554, -0.3463879504599410852 ) ) ;
#5550 = CARTESIAN_POINT ( 'NONE',  ( -0.2830119744529308035, 0.8100000000000001643, 0.2422586355007999848 ) ) ;
#5551 = ORIENTED_EDGE ( 'NONE', *, *, #4268, .F. ) ;
#5552 = CARTESIAN_POINT ( 'NONE',  ( 0.5723211177934495186, 0.8100000000000001643, -0.003530807602798561890 ) ) ;
#5553 = COLOUR_RGB ( '',0.09803921568627450844, 0.09803921568627450844, 0.09803921568627450844 ) ;
#5554 = CARTESIAN_POINT ( 'NONE',  ( 1.063093273430145258, 0.8100000000000001643, -0.3272019010111501536 ) ) ;
#5555 =( LENGTH_UNIT ( ) NAMED_UNIT ( * ) SI_UNIT ( .MILLI., .METRE. ) );
#5556 = CARTESIAN_POINT ( 'NONE',  ( 1.244803686854568658, 0.8099999999999998312, 0.1812377336217725898 ) ) ;
#5557 = PLANE ( 'NONE',  #5361 ) ;
#5558 = EDGE_CURVE ( 'NONE', #3810, #5179, #8372, .T. ) ;
#5559 = VECTOR ( 'NONE', #3293, 1000.000000000000000 ) ;
#5560 = CARTESIAN_POINT ( 'NONE',  ( -1.499999999999999778, 0.7200000000000001954, 0.8000000000000003775 ) ) ;
#5561 = CARTESIAN_POINT ( 'NONE',  ( -1.090425748764178637, 0.8000000000000003775, 0.01395715488077364091 ) ) ;
#5562 = ORIENTED_EDGE ( 'NONE', *, *, #5207, .T. ) ;
#5563 = PRESENTATION_STYLE_ASSIGNMENT (( #4901 ) ) ;
#5564 = CARTESIAN_POINT ( 'NONE',  ( -1.990000000000000879, 0.6800000000000000488, 0.9400000000000005018 ) ) ;
#5565 = CARTESIAN_POINT ( 'NONE',  ( 1.800000000000001821, 0.0000000000000000000, 1.249999999999998668 ) ) ;
#5566 = DIRECTION ( 'NONE',  ( -0.0000000000000000000, 1.000000000000000000, -0.0000000000000000000 ) ) ;
#5567 = CARTESIAN_POINT ( 'NONE',  ( -1.246133868356824381, 0.7999999999999998224, -0.2124742670998519545 ) ) ;
#5568 = DIRECTION ( 'NONE',  ( -1.000000000000000000, 0.0000000000000000000, 0.0000000000000000000 ) ) ;
#5569 = EDGE_CURVE ( 'NONE', #3230, #2576, #5099, .T. ) ;
#5570 =( NAMED_UNIT ( * ) SI_UNIT ( $, .STERADIAN. ) SOLID_ANGLE_UNIT ( ) );
#5571 = CARTESIAN_POINT ( 'NONE',  ( 1.034616210605846076, 0.8100000000000003864, -0.3122057288242080508 ) ) ;
#5572 =( NAMED_UNIT ( * ) SI_UNIT ( $, .STERADIAN. ) SOLID_ANGLE_UNIT ( ) );
#5573 = ORIENTED_EDGE ( 'NONE', *, *, #4386, .F. ) ;
#5574 = B_SPLINE_CURVE_WITH_KNOTS ( 'NONE', 3,
 ( #9687, #3517, #8096, #1934, #7424, #8191, #4993, #3474, #8908, #6630, #5760 ),
 .UNSPECIFIED., .F., .F.,
 ( 4, 1, 1, 1, 1, 1, 1, 1, 4 ),
 ( 0.0000000000000000000, 0.1222703218533861130, 0.2483255308491441604, 0.3781918742513482590, 0.5136802925779777595, 0.6475288356060364681, 0.7726507715913256691, 0.8898318131081296434, 1.000000000000000000 ),
 .UNSPECIFIED. ) ;
#5575 = VECTOR ( 'NONE', #4678, 999.9999999999998863 ) ;
#5576 = ORIENTED_EDGE ( 'NONE', *, *, #5384, .T. ) ;
#5577 = SURFACE_STYLE_FILL_AREA ( #8725 ) ;
#5578 = CARTESIAN_POINT ( 'NONE',  ( -0.8681792007788928789, 0.8100000000000000533, 0.1055331639106952685 ) ) ;
#5579 = FACE_OUTER_BOUND ( 'NONE', #9651, .T. ) ;
#5580 = DIRECTION ( 'NONE',  ( -0.0000000000000000000, -1.000000000000000000, -0.0000000000000000000 ) ) ;
#5581 = PRESENTATION_LAYER_ASSIGNMENT (  '', '', ( #3940 ) ) ;
#5582 = CARTESIAN_POINT ( 'NONE',  ( 0.6151678478745382650, 0.8000000000000002665, 0.0006484950671333608455 ) ) ;
#5583 = CARTESIAN_POINT ( 'NONE',  ( -1.252638297790965582, 0.8000000000000001554, -0.1593749634469540932 ) ) ;
#5584 = CARTESIAN_POINT ( 'NONE',  ( -0.1985233834264224784, 0.8100000000000001643, -0.3462229863033965405 ) ) ;
#5585 = CARTESIAN_POINT ( 'NONE',  ( 0.7655435203908520503, 0.8100000000000001643, -0.1728895738365647528 ) ) ;
#5586 = CARTESIAN_POINT ( 'NONE',  ( 0.7378808712864136643, 0.8000000000000004885, -0.2431844328866938909 ) ) ;
#5587 = CARTESIAN_POINT ( 'NONE',  ( 1.066650840514897558, 0.7999999999999999334, 0.2493248349331850244 ) ) ;
#5588 = ADVANCED_FACE ( 'NONE', ( #7476 ), #8588, .T. ) ;
#5589 = ORIENTED_EDGE ( 'NONE', *, *, #3534, .T. ) ;
#5590 = CARTESIAN_POINT ( 'NONE',  ( 0.8278811827285144087, 0.8100000000000001643, -0.1732548335768245018 ) ) ;
#5591 = VERTEX_POINT ( 'NONE', #4476 ) ;
#5592 =( GEOMETRIC_REPRESENTATION_CONTEXT ( 3 ) GLOBAL_UNCERTAINTY_ASSIGNED_CONTEXT ( ( #6319 ) ) GLOBAL_UNIT_ASSIGNED_CONTEXT ( ( #2037, #9940, #8955 ) ) REPRESENTATION_CONTEXT ( 'NONE', 'WORKASPACE' ) );
#5593 = EDGE_CURVE ( 'NONE', #5625, #1749, #8389, .T. ) ;
#5594 = VECTOR ( 'NONE', #51, 1000.000000000000000 ) ;
#5595 = UNCERTAINTY_MEASURE_WITH_UNIT (LENGTH_MEASURE( 1.000000000000000082E-05 ), #4554, 'distance_accuracy_value', 'NONE');
#5596 = SURFACE_STYLE_USAGE ( .BOTH. , #98 ) ;
#5597 = CARTESIAN_POINT ( 'NONE',  ( -0.3337880230015857763, 0.8000000000000001554, -0.2472462122259280748 ) ) ;
#5598 = CARTESIAN_POINT ( 'NONE',  ( -0.1072945895445592129, 0.8100000000000002753, -0.05028476622377610339 ) ) ;
#5599 = MECHANICAL_DESIGN_GEOMETRIC_PRESENTATION_REPRESENTATION (  '', ( #2497 ), #2333 ) ;
#5600 = VECTOR ( 'NONE', #8272, 1000.000000000000000 ) ;
#5601 = CARTESIAN_POINT ( 'NONE',  ( -1.900000000000001910, 0.0000000000000000000, 0.9500000000000001776 ) ) ;
#5602 =( NAMED_UNIT ( * ) SI_UNIT ( $, .STERADIAN. ) SOLID_ANGLE_UNIT ( ) );
#5603 = ADVANCED_FACE ( 'NONE', ( #2188 ), #1578, .T. ) ;
#5604 = PRESENTATION_STYLE_ASSIGNMENT (( #1619 ) ) ;
#5605 = FACE_OUTER_BOUND ( 'NONE', #5122, .T. ) ;
#5606 = VERTEX_POINT ( 'NONE', #5504 ) ;
#5607 = SURFACE_SIDE_STYLE ('',( #2496 ) ) ;
#5608 = CARTESIAN_POINT ( 'NONE',  ( 0.7604255151962953097, 0.8100000000000001643, -0.03387163068262751681 ) ) ;
#5609 = CARTESIAN_POINT ( 'NONE',  ( -1.990000000000000879, 0.7000000000000000666, 1.120000000000000107 ) ) ;
#5610 = SURFACE_SIDE_STYLE ('',( #3422 ) ) ;
#5611 = CARTESIAN_POINT ( 'NONE',  ( 1.950000000000001732, 0.05000000000000000278, -0.9499999999999992895 ) ) ;
#5612 = AXIS2_PLACEMENT_3D ( 'NONE', #3369, #1158, #1767 ) ;
#5613 =( NAMED_UNIT ( * ) SI_UNIT ( $, .STERADIAN. ) SOLID_ANGLE_UNIT ( ) );
#5614 = CARTESIAN_POINT ( 'NONE',  ( -0.8209633711336954409, 0.8100000000000006084, -0.2716150637105989030 ) ) ;
#5615 = SURFACE_STYLE_USAGE ( .BOTH. , #4024 ) ;
#5616 = EDGE_LOOP ( 'NONE', ( #8926, #9107, #9010, #2415, #2927, #8086, #7498, #422, #94 ) ) ;
#5617 = LINE ( 'NONE', #7997, #4410 ) ;
#5618 = ORIENTED_EDGE ( 'NONE', *, *, #9505, .T. ) ;
#5619 = FILL_AREA_STYLE ('',( #2509 ) ) ;
#5620 = CARTESIAN_POINT ( 'NONE',  ( -1.207539996290692974, 0.8100000000000001643, 0.1446734927190999609 ) ) ;
#5621 = DIRECTION ( 'NONE',  ( -0.0000000000000000000, -1.000000000000000000, -0.0000000000000000000 ) ) ;
#5622 =( NAMED_UNIT ( * ) PLANE_ANGLE_UNIT ( ) SI_UNIT ( $, .RADIAN. ) );
#5623 = CARTESIAN_POINT ( 'NONE',  ( -0.8969255993345039979, 0.8100000000000003864, 0.1997994325227886725 ) ) ;
#5624 = SURFACE_STYLE_USAGE ( .BOTH. , #3343 ) ;
#5625 = VERTEX_POINT ( 'NONE', #7934 ) ;
#5626 = CARTESIAN_POINT ( 'NONE',  ( -2.000000000000001776, 0.05000000000000000278, -1.049999999999999822 ) ) ;
#5627 = ORIENTED_EDGE ( 'NONE', *, *, #8049, .F. ) ;
#5628 = CARTESIAN_POINT ( 'NONE',  ( -0.6971398882025900967, 0.8000000000000000444, 0.2386726592570877215 ) ) ;
#5629 = EDGE_CURVE ( 'NONE', #5314, #5294, #3372, .T. ) ;
#5630 =( LENGTH_UNIT ( ) NAMED_UNIT ( * ) SI_UNIT ( .MILLI., .METRE. ) );
#5631 = CARTESIAN_POINT ( 'NONE',  ( 2.000000000000000000, 0.6000000000000000888, 1.249999999999997780 ) ) ;
#5632 = STYLED_ITEM ( 'NONE', ( #2022 ), #2833 ) ;
#5633 = EDGE_CURVE ( 'NONE', #6997, #71, #6431, .T. ) ;
#5634 = CARTESIAN_POINT ( 'NONE',  ( -1.003287648440316149, 0.8100000000000001643, -0.1782467166937073688 ) ) ;
#5635 = CARTESIAN_POINT ( 'NONE',  ( -1.162360428063982987, 0.8000000000000001554, -0.0009270763781112342566 ) ) ;
#5636 = FILL_AREA_STYLE_COLOUR ( '', #173 ) ;
#5637 = CARTESIAN_POINT ( 'NONE',  ( -0.5279629731156409989, 0.8100000000000001643, 0.2614042573322664653 ) ) ;
#5638 = CARTESIAN_POINT ( 'NONE',  ( 0.9648946584168316409, 0.8000000000000002665, 0.1612610342593930879 ) ) ;
#5639 = ORIENTED_EDGE ( 'NONE', *, *, #7547, .T. ) ;
#5640 = CARTESIAN_POINT ( 'NONE',  ( 0.9892807230325096901, 0.8100000000000000533, -0.1420049660223804411 ) ) ;
#5641 = ORIENTED_EDGE ( 'NONE', *, *, #6352, .T. ) ;
#5642 = COLOUR_RGB ( '',0.09803921568627450844, 0.09803921568627450844, 0.09803921568627450844 ) ;
#5643 = ADVANCED_FACE ( 'NONE', ( #6526 ), #3259, .T. ) ;
#5644 = CARTESIAN_POINT ( 'NONE',  ( -0.2106105758494173086, 0.8100000000000000533, -0.3461633348896595019 ) ) ;
#5645 = CARTESIAN_POINT ( 'NONE',  ( 1.689999999999999281, 0.6800000000000000488, 1.220000000000000417 ) ) ;
#5646 = CARTESIAN_POINT ( 'NONE',  ( -0.1071982221972475890, 0.8000000000000000444, 0.2251253455114073099 ) ) ;
#5647 = CARTESIAN_POINT ( 'NONE',  ( -0.04520121573251319191, 0.8000000000000002665, -0.07807543968415905922 ) ) ;
#5648 = EDGE_CURVE ( 'NONE', #5591, #9325, #3317, .T. ) ;
#5649 = DIRECTION ( 'NONE',  ( 0.0000000000000000000, -1.000000000000000000, 0.0000000000000000000 ) ) ;
#5650 = FILL_AREA_STYLE ('',( #5800 ) ) ;
#5651 = VERTEX_POINT ( 'NONE', #8850 ) ;
#5652 = SURFACE_STYLE_FILL_AREA ( #5705 ) ;
#5653 = EDGE_CURVE ( 'NONE', #5010, #10014, #4738, .T. ) ;
#5654 = SURFACE_STYLE_USAGE ( .BOTH. , #5610 ) ;
#5655 = CARTESIAN_POINT ( 'NONE',  ( 0.6564134517977617822, 0.8100000000000003864, -0.3385644134942614181 ) ) ;
#5656 = VECTOR ( 'NONE', #5818, 1000.000000000000000 ) ;
#5657 = CARTESIAN_POINT ( 'NONE',  ( -1.900000000000001910, 0.05000000000000000278, 0.9500000000000001776 ) ) ;
#5658 =( LENGTH_UNIT ( ) NAMED_UNIT ( * ) SI_UNIT ( .MILLI., .METRE. ) );
#5659 = EDGE_LOOP ( 'NONE', ( #2962, #2063, #10151, #9303, #3135, #5528 ) ) ;
#5660 = VECTOR ( 'NONE', #1008, 1000.000000000000000 ) ;
#5661 = SURFACE_SIDE_STYLE ('',( #3979 ) ) ;
#5662 = FACE_OUTER_BOUND ( 'NONE', #5278, .T. ) ;
#5663 = AXIS2_PLACEMENT_3D ( 'NONE', #1275, #4275, #536 ) ;
#5664 = CARTESIAN_POINT ( 'NONE',  ( -1.144399661427329296, 0.8100000000000001643, 0.07475653005953937502 ) ) ;
#5665 = LINE ( 'NONE', #914, #4947 ) ;
#5666 = LINE ( 'NONE', #1842, #6434 ) ;
#5667 = CARTESIAN_POINT ( 'NONE',  ( -1.252638297790965582, 0.7999999999999999334, -0.1593749634469540932 ) ) ;
#5668 = LINE ( 'NONE', #7218, #9425 ) ;
#5669 =( LENGTH_UNIT ( ) NAMED_UNIT ( * ) SI_UNIT ( .MILLI., .METRE. ) );
#5670 = CARTESIAN_POINT ( 'NONE',  ( 0.7961276062755868743, 0.8100000000000000533, -0.2832613604665999429 ) ) ;
#5671 = DIRECTION ( 'NONE',  ( 0.0000000000000000000, 1.000000000000000000, 0.0000000000000000000 ) ) ;
#5672 = B_SPLINE_CURVE_WITH_KNOTS ( 'NONE', 3,
 ( #7180, #138, #3442, #3291, #9707, #3396, #4915, #8057, #1035, #1854, #6403, #8112, #5628, #8772, #4861, #981, #7282, #232, #9657 ),
 .UNSPECIFIED., .F., .F.,
 ( 4, 1, 1, 1, 1, 1, 1, 1, 1, 1, 1, 1, 1, 1, 1, 1, 4 ),
 ( 0.0000000000000000000, 0.09461484262909478082, 0.1836834623759331930, 0.2670219024662581764, 0.3451095466059844741, 0.4178374162441568784, 0.4855421053389514241, 0.5487752445457690920, 0.6077562862289904722, 0.6628684891831972958, 0.7144579905412643539, 0.7630693177096039559, 0.8100590634505961951, 0.8560639889199529451, 0.9024574209556276427, 0.9500767445819811030, 1.000000000000000000 ),
 .UNSPECIFIED. ) ;
#5673 = CARTESIAN_POINT ( 'NONE',  ( -0.9074338499373238998, 0.8000000000000001554, 0.1806999403873345567 ) ) ;
#5674 = ORIENTED_EDGE ( 'NONE', *, *, #1847, .T. ) ;
#5675 = CARTESIAN_POINT ( 'NONE',  ( -1.024813049771594153, 0.8100000000000000533, -0.2685754429823335454 ) ) ;
#5676 = VERTEX_POINT ( 'NONE', #1670 ) ;
#5677 =( NAMED_UNIT ( * ) PLANE_ANGLE_UNIT ( ) SI_UNIT ( $, .RADIAN. ) );
#5678 = CARTESIAN_POINT ( 'NONE',  ( 0.6508519619492937336, 0.8100000000000001643, -0.3385957426677335680 ) ) ;
#5679 = CARTESIAN_POINT ( 'NONE',  ( -1.000000000000000000, 0.05000000000000000278, -1.149999999999998357 ) ) ;
#5680 = CARTESIAN_POINT ( 'NONE',  ( -1.062502877516189992, 0.8000000000000001554, -0.02149220326266090483 ) ) ;
#5681 = CARTESIAN_POINT ( 'NONE',  ( 1.171771144449036406, 0.8000000000000000444, -0.3461979392881434081 ) ) ;
#5682 = CARTESIAN_POINT ( 'NONE',  ( -0.2355395803753622119, 0.8000000000000001554, -0.2771381956654688228 ) ) ;
#5683 = PRESENTATION_LAYER_ASSIGNMENT (  '', '', ( #4215 ) ) ;
#5684 = CARTESIAN_POINT ( 'NONE',  ( 1.098188266455542905, 0.8000000000000000444, 0.2605787760026003763 ) ) ;
#5685 = AXIS2_PLACEMENT_3D ( 'NONE', #4801, #7212, #6489 ) ;
#5686 = EDGE_CURVE ( 'NONE', #2126, #4320, #9655, .T. ) ;
#5687 = VERTEX_POINT ( 'NONE', #7095 ) ;
#5688 = CARTESIAN_POINT ( 'NONE',  ( 0.9761493331948322139, 0.8100000000000002753, -0.05727748738160613057 ) ) ;
#5689 = UNCERTAINTY_MEASURE_WITH_UNIT (LENGTH_MEASURE( 1.000000000000000082E-05 ), #828, 'distance_accuracy_value', 'NONE');
#5690 = CIRCLE ( 'NONE', #8494, 0.2999999999999999334 ) ;
#5691 = CARTESIAN_POINT ( 'NONE',  ( -1.193152932907940222, 0.8000000000000003775, 0.03184573635084194526 ) ) ;
#5692 = DIRECTION ( 'NONE',  ( 0.0000000000000000000, -1.000000000000000000, 0.0000000000000000000 ) ) ;
#5693 = CARTESIAN_POINT ( 'NONE',  ( -0.2582226382151192601, 0.8100000000000002753, -0.3358419802741366977 ) ) ;
#5694 = FILL_AREA_STYLE_COLOUR ( '', #1202 ) ;
#5695 = CARTESIAN_POINT ( 'NONE',  ( -0.1343816798228360532, 0.8099999999999997202, -0.2342854547357042239 ) ) ;
#5696 = CARTESIAN_POINT ( 'NONE',  ( -0.04713467419169558442, 0.8100000000000003864, 0.03178970159409351404 ) ) ;
#5697 = CARTESIAN_POINT ( 'NONE',  ( -0.6664480799203332806, 0.7999999999999999334, -0.2762953058248668325 ) ) ;
#5698 = SURFACE_STYLE_FILL_AREA ( #201 ) ;
#5699 = CARTESIAN_POINT ( 'NONE',  ( -0.7808444666221344699, 0.8100000000000001643, -0.3463879504599410852 ) ) ;
#5700 = CARTESIAN_POINT ( 'NONE',  ( 1.989999999999999103, 0.7000000000000000666, 0.9400000000000005018 ) ) ;
#5701 = COLOUR_RGB ( '',1.000000000000000000, 0.9490196078431372140, 0.9098039215686274384 ) ;
#5702 = ADVANCED_FACE ( 'NONE', ( #58 ), #896, .T. ) ;
#5703 = ORIENTED_EDGE ( 'NONE', *, *, #9487, .T. ) ;
#5704 = UNCERTAINTY_MEASURE_WITH_UNIT (LENGTH_MEASURE( 1.000000000000000082E-05 ), #9243, 'distance_accuracy_value', 'NONE');
#5705 = FILL_AREA_STYLE ('',( #4066 ) ) ;
#5706 = DIRECTION ( 'NONE',  ( -1.000000000000000000, -0.0000000000000000000, -0.0000000000000000000 ) ) ;
#5707 = MECHANICAL_DESIGN_GEOMETRIC_PRESENTATION_REPRESENTATION (  '', ( #5217 ), #4232 ) ;
#5708 = DIRECTION ( 'NONE',  ( 1.000000000000000000, 0.0000000000000000000, 0.0000000000000000000 ) ) ;
#5709 = SURFACE_SIDE_STYLE ('',( #8804 ) ) ;
#5710 = SURFACE_STYLE_USAGE ( .BOTH. , #8189 ) ;
#5711 = DIRECTION ( 'NONE',  ( 7.228014483236697541E-16, 0.0000000000000000000, 1.000000000000000000 ) ) ;
#5712 = CARTESIAN_POINT ( 'NONE',  ( -0.8782875110824873710, 0.8100000000000002753, -0.07232998743971584543 ) ) ;
#5713 = DIRECTION ( 'NONE',  ( -1.000000000000000000, 0.0000000000000000000, -0.0000000000000000000 ) ) ;
#5714 = ORIENTED_EDGE ( 'NONE', *, *, #8425, .F. ) ;
#5715 = EDGE_LOOP ( 'NONE', ( #4367, #3785, #5045, #490 ) ) ;
#5716 = SURFACE_STYLE_USAGE ( .BOTH. , #7163 ) ;
#5717 = EDGE_CURVE ( 'NONE', #1184, #7592, #9859, .T. ) ;
#5718 = CARTESIAN_POINT ( 'NONE',  ( -0.6874130992615039570, 0.8100000000000000533, 0.05577849536350043547 ) ) ;
#5719 = CARTESIAN_POINT ( 'NONE',  ( 1.689999999999999281, 0.7000000000000000666, 1.240000000000000435 ) ) ;
#5720 = STYLED_ITEM ( 'NONE', ( #5480 ), #4938 ) ;
#5721 = CARTESIAN_POINT ( 'NONE',  ( -1.242437256011783786, 0.7999999999999999334, -0.2236757291887003507 ) ) ;
#5722 = STYLED_ITEM ( 'NONE', ( #6053 ), #7482 ) ;
#5723 = CARTESIAN_POINT ( 'NONE',  ( 0.8073876772354259268, 0.8100000000000000533, -0.2649985929411538543 ) ) ;
#5724 = CARTESIAN_POINT ( 'NONE',  ( -1.149181464174676481, 0.8000000000000000444, -0.3462115599435784952 ) ) ;
#5725 = EDGE_LOOP ( 'NONE', ( #8203, #6318, #8997, #6480 ) ) ;
#5726 = CARTESIAN_POINT ( 'NONE',  ( -1.008343848639458473, 0.8100000000000002753, -0.2253404973524743837 ) ) ;
#5727 =( NAMED_UNIT ( * ) SI_UNIT ( $, .STERADIAN. ) SOLID_ANGLE_UNIT ( ) );
#5728 = PRESENTATION_LAYER_ASSIGNMENT (  '', '', ( #5077 ) ) ;
#5729 = VERTEX_POINT ( 'NONE', #1160 ) ;
#5730 = DIRECTION ( 'NONE',  ( 0.0000000000000000000, 0.0000000000000000000, 1.000000000000000000 ) ) ;
#5731 = CARTESIAN_POINT ( 'NONE',  ( -0.6904621045877421537, 0.8100000000000004974, 0.08164627790778986038 ) ) ;
#5732 = CARTESIAN_POINT ( 'NONE',  ( -0.3016641344591105001, 0.7999999999999997113, -0.07232998743971602584 ) ) ;
#5733 = CARTESIAN_POINT ( 'NONE',  ( -1.019750596364969564, 0.8000000000000000444, -0.09375644850873438019 ) ) ;
#5734 = AXIS2_PLACEMENT_3D ( 'NONE', #3962, #9674, #8082 ) ;
#5735 = CARTESIAN_POINT ( 'NONE',  ( -0.3019889471416148941, 0.8100000000000001643, -0.03859574266773356521 ) ) ;
#5736 = CARTESIAN_POINT ( 'NONE',  ( 0.7114445478564617176, 0.8000000000000002665, -0.08393938739043078912 ) ) ;
#5737 = CARTESIAN_POINT ( 'NONE',  ( -0.2582226382151192601, 0.8100000000000002753, -0.3358419802741366977 ) ) ;
#5738 = VERTEX_POINT ( 'NONE', #2074 ) ;
#5739 = DIRECTION ( 'NONE',  ( 0.0000000000000000000, 0.0000000000000000000, -1.000000000000000000 ) ) ;
#5740 = VERTEX_POINT ( 'NONE', #4218 ) ;
#5741 = STYLED_ITEM ( 'NONE', ( #8863 ), #8289 ) ;
#5742 = SURFACE_STYLE_FILL_AREA ( #7500 ) ;
#5743 = SURFACE_SIDE_STYLE ('',( #7192 ) ) ;
#5744 = CARTESIAN_POINT ( 'NONE',  ( -1.970000000000001306, 0.6800000000000000488, -1.239999999999999991 ) ) ;
#5745 = CARTESIAN_POINT ( 'NONE',  ( -0.08460924252961288250, 0.8100000000000001643, 0.1905037987514398290 ) ) ;
#5746 = CARTESIAN_POINT ( 'NONE',  ( -1.319769402642289702, 0.8000000000000004885, 0.2275001360886401147 ) ) ;
#5747 = CARTESIAN_POINT ( 'NONE',  ( -0.6241390475355809153, 0.8000000000000000444, -0.1158651187780950637 ) ) ;
#5748 =( NAMED_UNIT ( * ) SI_UNIT ( $, .STERADIAN. ) SOLID_ANGLE_UNIT ( ) );
#5749 =( NAMED_UNIT ( * ) PLANE_ANGLE_UNIT ( ) SI_UNIT ( $, .RADIAN. ) );
#5750 = PRESENTATION_STYLE_ASSIGNMENT (( #7199 ) ) ;
#5751 = AXIS2_PLACEMENT_3D ( 'NONE', #3600, #631, #6021 ) ;
#5752 = ORIENTED_EDGE ( 'NONE', *, *, #7792, .F. ) ;
#5753 =( NAMED_UNIT ( * ) PLANE_ANGLE_UNIT ( ) SI_UNIT ( $, .RADIAN. ) );
#5754 =( GEOMETRIC_REPRESENTATION_CONTEXT ( 3 ) GLOBAL_UNCERTAINTY_ASSIGNED_CONTEXT ( ( #6625 ) ) GLOBAL_UNIT_ASSIGNED_CONTEXT ( ( #5273, #1592, #1549 ) ) REPRESENTATION_CONTEXT ( 'NONE', 'WORKASPACE' ) );
#5755 =( GEOMETRIC_REPRESENTATION_CONTEXT ( 3 ) GLOBAL_UNCERTAINTY_ASSIGNED_CONTEXT ( ( #8087 ) ) GLOBAL_UNIT_ASSIGNED_CONTEXT ( ( #8987, #939, #2931 ) ) REPRESENTATION_CONTEXT ( 'NONE', 'WORKASPACE' ) );
#5756 = DIRECTION ( 'NONE',  ( -0.0000000000000000000, 1.000000000000000000, -0.0000000000000000000 ) ) ;
#5757 = EDGE_CURVE ( 'NONE', #2227, #9756, #7359, .T. ) ;
#5758 = PRESENTATION_STYLE_ASSIGNMENT (( #2644 ) ) ;
#5759 = LINE ( 'NONE', #4839, #3423 ) ;
#5760 = CARTESIAN_POINT ( 'NONE',  ( 1.310998065845397464, 0.8000000000000003775, 0.1377029586309676257 ) ) ;
#5761 =( GEOMETRIC_REPRESENTATION_CONTEXT ( 3 ) GLOBAL_UNCERTAINTY_ASSIGNED_CONTEXT ( ( #7751 ) ) GLOBAL_UNIT_ASSIGNED_CONTEXT ( ( #1039, #7121, #88 ) ) REPRESENTATION_CONTEXT ( 'NONE', 'WORKASPACE' ) );
#5762 = MECHANICAL_DESIGN_GEOMETRIC_PRESENTATION_REPRESENTATION (  '', ( #3162 ), #5442 ) ;
#5763 = ORIENTED_EDGE ( 'NONE', *, *, #7015, .T. ) ;
#5764 = FILL_AREA_STYLE ('',( #8041 ) ) ;
#5765 = CARTESIAN_POINT ( 'NONE',  ( -0.2031253107779785461, 0.7999999999999999334, 0.2068588027868118739 ) ) ;
#5766 = EDGE_CURVE ( 'NONE', #9916, #4064, #5184, .T. ) ;
#5767 = VECTOR ( 'NONE', #7937, 1000.000000000000000 ) ;
#5768 = DIRECTION ( 'NONE',  ( 0.0000000000000000000, 0.0000000000000000000, -1.000000000000000000 ) ) ;
#5769 = SURFACE_STYLE_FILL_AREA ( #2514 ) ;
#5770 = SURFACE_STYLE_FILL_AREA ( #8046 ) ;
#5771 = CARTESIAN_POINT ( 'NONE',  ( 0.7105968007617181614, 0.8000000000000000444, -0.3344630746542260891 ) ) ;
#5772 = CARTESIAN_POINT ( 'NONE',  ( -1.120240453533728253, 0.8000000000000003775, -0.3435700815607422021 ) ) ;
#5773 = CYLINDRICAL_SURFACE ( 'NONE', #2287, 0.02000000000000005246 ) ;
#5774 = VERTEX_POINT ( 'NONE', #1320 ) ;
#5775 = ORIENTED_EDGE ( 'NONE', *, *, #415, .T. ) ;
#5776 = PRESENTATION_STYLE_ASSIGNMENT (( #8013 ) ) ;
#5777 = ORIENTED_EDGE ( 'NONE', *, *, #9487, .F. ) ;
#5778 = CARTESIAN_POINT ( 'NONE',  ( -0.7180203719095117343, 0.8100000000000003864, 0.1680852546308443662 ) ) ;
#5779 = CARTESIAN_POINT ( 'NONE',  ( 0.7654325952194643845, 0.8100000000000000533, -0.1765044068173539926 ) ) ;
#5780 = LINE ( 'NONE', #8827, #9056 ) ;
#5781 = CARTESIAN_POINT ( 'NONE',  ( -1.010441940208435918, 0.8000000000000000444, -0.1213050910843154473 ) ) ;
#5782 = CARTESIAN_POINT ( 'NONE',  ( 1.358299573868303689, 0.8000000000000001554, -0.1975423799222012500 ) ) ;
#5783 = MECHANICAL_DESIGN_GEOMETRIC_PRESENTATION_REPRESENTATION (  '', ( #203 ), #6444 ) ;
#5784 = CARTESIAN_POINT ( 'NONE',  ( 1.500000000000000222, 0.7800000000000001377, 1.099999999999999867 ) ) ;
#5785 =( LENGTH_UNIT ( ) NAMED_UNIT ( * ) SI_UNIT ( .MILLI., .METRE. ) );
#5786 = CARTESIAN_POINT ( 'NONE',  ( 1.899999999999999911, 0.05000000000000000278, 0.3500000000000004219 ) ) ;
#5787 = ORIENTED_EDGE ( 'NONE', *, *, #8545, .T. ) ;
#5788 = FACE_OUTER_BOUND ( 'NONE', #8232, .T. ) ;
#5789 = ORIENTED_EDGE ( 'NONE', *, *, #446, .F. ) ;
#5790 = CARTESIAN_POINT ( 'NONE',  ( -1.069203789014291806, 0.8100000000000002753, -0.2116857279612589238 ) ) ;
#5791 =( NAMED_UNIT ( * ) SI_UNIT ( $, .STERADIAN. ) SOLID_ANGLE_UNIT ( ) );
#5792 = LINE ( 'NONE', #7295, #4772 ) ;
#5793 = DIRECTION ( 'NONE',  ( -1.748713181428233054E-16, 0.0000000000000000000, -1.000000000000000000 ) ) ;
#5794 = LINE ( 'NONE', #5029, #4314 ) ;
#5795 = CARTESIAN_POINT ( 'NONE',  ( 0.7196453853598345773, 0.8000000000000000444, -0.01481749818560269827 ) ) ;
#5796 = CARTESIAN_POINT ( 'NONE',  ( -1.040992906325963974, 0.8100000000000002753, -0.05249149452287540929 ) ) ;
#5797 = CARTESIAN_POINT ( 'NONE',  ( 0.6562537790963358653, 0.8100000000000000533, 0.02481394543295607075 ) ) ;
#5798 = CARTESIAN_POINT ( 'NONE',  ( -1.063039086753878593, 0.8000000000000004885, -0.3177499664388421241 ) ) ;
#5799 = STYLED_ITEM ( 'NONE', ( #4280 ), #3218 ) ;
#5800 = FILL_AREA_STYLE_COLOUR ( '', #7932 ) ;
#5801 = VERTEX_POINT ( 'NONE', #8282 ) ;
#5802 = UNCERTAINTY_MEASURE_WITH_UNIT (LENGTH_MEASURE( 1.000000000000000082E-05 ), #3533, 'distance_accuracy_value', 'NONE');
#5803 = CARTESIAN_POINT ( 'NONE',  ( -0.1071837523364201072, 0.8099999999999997202, -0.03859574266773356521 ) ) ;
#5804 =( GEOMETRIC_REPRESENTATION_CONTEXT ( 3 ) GLOBAL_UNCERTAINTY_ASSIGNED_CONTEXT ( ( #4789 ) ) GLOBAL_UNIT_ASSIGNED_CONTEXT ( ( #1113, #7205, #9737 ) ) REPRESENTATION_CONTEXT ( 'NONE', 'WORKASPACE' ) );
#5805 = DIRECTION ( 'NONE',  ( -0.0000000000000000000, -1.000000000000000000, -0.0000000000000000000 ) ) ;
#5806 = CARTESIAN_POINT ( 'NONE',  ( -0.2597491593462310511, 0.8000000000000001554, 0.1789007281616848966 ) ) ;
#5807 = SURFACE_STYLE_USAGE ( .BOTH. , #6629 ) ;
#5808 = SURFACE_STYLE_USAGE ( .BOTH. , #2895 ) ;
#5809 = CARTESIAN_POINT ( 'NONE',  ( 2.000000000000001776, 0.6000000000000000888, 0.9499999999999979572 ) ) ;
#5810 =( GEOMETRIC_REPRESENTATION_CONTEXT ( 3 ) GLOBAL_UNCERTAINTY_ASSIGNED_CONTEXT ( ( #4988 ) ) GLOBAL_UNIT_ASSIGNED_CONTEXT ( ( #5785, #8168, #9031 ) ) REPRESENTATION_CONTEXT ( 'NONE', 'WORKASPACE' ) );
#5811 = ORIENTED_EDGE ( 'NONE', *, *, #5202, .F. ) ;
#5812 = EDGE_CURVE ( 'NONE', #4960, #4560, #1976, .T. ) ;
#5813 = FILL_AREA_STYLE ('',( #381 ) ) ;
#5814 = CARTESIAN_POINT ( 'NONE',  ( 0.9135954684428003736, 0.8100000000000002753, -0.03579541799240900518 ) ) ;
#5815 = FILL_AREA_STYLE_COLOUR ( '', #3967 ) ;
#5816 = CARTESIAN_POINT ( 'NONE',  ( -0.9165349270669702619, 0.8100000000000003864, 0.1586085643082465746 ) ) ;
#5817 = CARTESIAN_POINT ( 'NONE',  ( 1.344085241853858914, 0.8100000000000002753, -0.2370612263724404811 ) ) ;
#5818 = DIRECTION ( 'NONE',  ( -3.252606517456515274E-15, -0.0000000000000000000, -1.000000000000000000 ) ) ;
#5819 = VERTEX_POINT ( 'NONE', #5803 ) ;
#5820 = CARTESIAN_POINT ( 'NONE',  ( -1.012759598405133188, 0.8100000000000003864, -0.2401459548941218825 ) ) ;
#5821 = ORIENTED_EDGE ( 'NONE', *, *, #5593, .T. ) ;
#5822 = ADVANCED_FACE ( 'NONE', ( #5090 ), #7011, .T. ) ;
#5823 = ORIENTED_EDGE ( 'NONE', *, *, #6034, .T. ) ;
#5824 = DIRECTION ( 'NONE',  ( -0.0000000000000000000, -1.000000000000000000, -0.0000000000000000000 ) ) ;
#5825 = EDGE_CURVE ( 'NONE', #2266, #4900, #9263, .T. ) ;
#5826 = EDGE_CURVE ( 'NONE', #9930, #2368, #7067, .T. ) ;
#5827 = CARTESIAN_POINT ( 'NONE',  ( 0.7031133140398125869, 0.8100000000000000533, -0.2623369835807705663 ) ) ;
#5828 = CARTESIAN_POINT ( 'NONE',  ( -0.8636085151130904469, 0.8000000000000001554, -0.2018945844147104485 ) ) ;
#5829 = CARTESIAN_POINT ( 'NONE',  ( 1.312133333189598794, 0.8100000000000002753, -0.2866069275992829679 ) ) ;
#5830 = AXIS2_PLACEMENT_3D ( 'NONE', #6134, #746, #3164 ) ;
#5831 = CARTESIAN_POINT ( 'NONE',  ( -0.3536013605792889258, 0.8000000000000000444, 0.1050395506033317272 ) ) ;
#5832 = FILL_AREA_STYLE ('',( #7338 ) ) ;
#5833 = CARTESIAN_POINT ( 'NONE',  ( 1.055748780312817825, 0.8100000000000001643, 0.1658704387259331559 ) ) ;
#5834 = CARTESIAN_POINT ( 'NONE',  ( -0.4656253107779786404, 0.8100000000000001643, 0.1756899716179807780 ) ) ;
#5835 = VERTEX_POINT ( 'NONE', #2231 ) ;
#5836 = CARTESIAN_POINT ( 'NONE',  ( 1.000000000000000222, 0.05000000000000000278, 1.149999999999998801 ) ) ;
#5837 = EDGE_LOOP ( 'NONE', ( #8254, #7225, #7668, #9436 ) ) ;
#5838 = EDGE_CURVE ( 'NONE', #8373, #1263, #9988, .T. ) ;
#5839 = EDGE_CURVE ( 'NONE', #7733, #7594, #2870, .T. ) ;
#5840 =( NAMED_UNIT ( * ) PLANE_ANGLE_UNIT ( ) SI_UNIT ( $, .RADIAN. ) );
#5841 = SURFACE_STYLE_USAGE ( .BOTH. , #2736 ) ;
#5842 =( GEOMETRIC_REPRESENTATION_CONTEXT ( 3 ) GLOBAL_UNCERTAINTY_ASSIGNED_CONTEXT ( ( #5689 ) ) GLOBAL_UNIT_ASSIGNED_CONTEXT ( ( #828, #4098, #4718 ) ) REPRESENTATION_CONTEXT ( 'NONE', 'WORKASPACE' ) );
#5843 = CARTESIAN_POINT ( 'NONE',  ( -1.160842630766435457, 0.8099999999999999423, -0.3462433993024726098 ) ) ;
#5844 = DIRECTION ( 'NONE',  ( 0.0000000000000000000, 0.0000000000000000000, -1.000000000000000000 ) ) ;
#5845 = CARTESIAN_POINT ( 'NONE',  ( 0.7039794068848216346, 0.8000000000000002665, -0.01058129199628089073 ) ) ;
#5846 = CARTESIAN_POINT ( 'NONE',  ( 1.500000000000000222, 0.7800000000000001377, -1.100000000000000089 ) ) ;
#5847 = CARTESIAN_POINT ( 'NONE',  ( 0.5778026980014429048, 0.8100000000000001643, -0.003446037531902915261 ) ) ;
#5848 = FILL_AREA_STYLE_COLOUR ( '', #7419 ) ;
#5849 = SURFACE_STYLE_USAGE ( .BOTH. , #9156 ) ;
#5850 = EDGE_CURVE ( 'NONE', #6747, #8742, #7824, .T. ) ;
#5851 = VECTOR ( 'NONE', #3973, 1000.000000000000000 ) ;
#5852 = ORIENTED_EDGE ( 'NONE', *, *, #3939, .T. ) ;
#5853 = AXIS2_PLACEMENT_3D ( 'NONE', #5864, #5046, #7567 ) ;
#5854 = CARTESIAN_POINT ( 'NONE',  ( 1.224557676342116652, 0.8100000000000000533, -0.2628752774749846810 ) ) ;
#5855 = B_SPLINE_SURFACE_WITH_KNOTS ( 'NONE', 3, 1, ( 
 ( #5177, #5131 ),
 ( #7508, #6716 ),
 ( #9879, #307 ),
 ( #7553, #516 ),
 ( #2840, #5957 ),
 ( #6763, #2633 ),
 ( #1366, #4036 ),
 ( #4457, #5231 ),
 ( #1551, #7003 ),
 ( #79, #9443 ),
 ( #5524, #9390 ),
 ( #9493, #2122 ),
 ( #3883, #6237 ),
 ( #567, #6006 ),
 ( #9153, #3927 ),
 ( #4703, #10113 ),
 ( #7113, #3700 ),
 ( #9333, #7600 ),
 ( #2365, #7058 ) ),
 .UNSPECIFIED., .F., .F., .F.,
 ( 4, 1, 1, 1, 1, 1, 1, 1, 1, 1, 1, 1, 1, 1, 1, 1, 4 ),
 ( 2, 2 ),
 ( 0.0000000000000000000, 0.08403150456510859179, 0.1630088644505803264, 0.2372609351567042391, 0.3072674640161707216, 0.3731106607563494104, 0.4358517040400201603, 0.4960350925321805882, 0.5541268400225961566, 0.6107566755727709129, 0.6658502197580831172, 0.7197466679930097921, 0.7735454915047966784, 0.8279483942018968090, 0.8833663209013686846, 0.9404950092640995685, 1.000000000000000000 ),
 ( 0.0000000000000000000, 1.000000000000000000 ),
 .UNSPECIFIED. ) ;
#5856 = SURFACE_STYLE_FILL_AREA ( #1827 ) ;
#5857 =( NAMED_UNIT ( * ) PLANE_ANGLE_UNIT ( ) SI_UNIT ( $, .RADIAN. ) );
#5858 = STYLED_ITEM ( 'NONE', ( #9784 ), #6584 ) ;
#5859 =( NAMED_UNIT ( * ) PLANE_ANGLE_UNIT ( ) SI_UNIT ( $, .RADIAN. ) );
#5860 = PRESENTATION_LAYER_ASSIGNMENT (  '', '', ( #8988 ) ) ;
#5861 = CARTESIAN_POINT ( 'NONE',  ( 0.7790581307804623767, 0.8000000000000001554, 0.09740263395564298377 ) ) ;
#5862 = DIRECTION ( 'NONE',  ( 0.0000000000000000000, 0.0000000000000000000, -1.000000000000000000 ) ) ;
#5863 = VERTEX_POINT ( 'NONE', #3347 ) ;
#5864 = CARTESIAN_POINT ( 'NONE',  ( 1.162946117793449696, 0.8100000000000001643, 0.02763802356603255878 ) ) ;
#5865 = LINE ( 'NONE', #8292, #8219 ) ;
#5866 = CARTESIAN_POINT ( 'NONE',  ( 1.163311377533709612, 0.8000000000000002665, 0.1990665949946039959 ) ) ;
#5867 = ADVANCED_FACE ( 'NONE', ( #2614 ), #1950, .T. ) ;
#5868 = FILL_AREA_STYLE_COLOUR ( '', #30 ) ;
#5869 = CARTESIAN_POINT ( 'NONE',  ( -0.4656253107779786404, 0.8100000000000001643, 0.1756899716179807780 ) ) ;
#5870 = FILL_AREA_STYLE_COLOUR ( '', #8715 ) ;
#5871 = CARTESIAN_POINT ( 'NONE',  ( -1.005569780693732929, 0.8000000000000000444, -0.2099815693541482731 ) ) ;
#5872 = CARTESIAN_POINT ( 'NONE',  ( -0.8371056503808973481, 0.8100000000000002753, -0.2556739235011460387 ) ) ;
#5873 = VERTEX_POINT ( 'NONE', #2566 ) ;
#5874 =( LENGTH_UNIT ( ) NAMED_UNIT ( * ) SI_UNIT ( .MILLI., .METRE. ) );
#5875 = ORIENTED_EDGE ( 'NONE', *, *, #6153, .F. ) ;
#5876 = ORIENTED_EDGE ( 'NONE', *, *, #5838, .F. ) ;
#5877 = CARTESIAN_POINT ( 'NONE',  ( -0.3640354415917583797, 0.8000000000000005995, -0.07441611324957041196 ) ) ;
#5878 = MECHANICAL_DESIGN_GEOMETRIC_PRESENTATION_REPRESENTATION (  '', ( #8521 ), #6536 ) ;
#5879 =( NAMED_UNIT ( * ) PLANE_ANGLE_UNIT ( ) SI_UNIT ( $, .RADIAN. ) );
#5880 = CYLINDRICAL_SURFACE ( 'NONE', #4624, 0.3041381265149094570 ) ;
#5881 = LINE ( 'NONE', #8116, #9762 ) ;
#5882 = EDGE_CURVE ( 'NONE', #8323, #8771, #4237, .T. ) ;
#5883 = CARTESIAN_POINT ( 'NONE',  ( -0.2526701086553507780, 0.8000000000000002665, -0.2644484180090713177 ) ) ;
#5884 = CARTESIAN_POINT ( 'NONE',  ( 1.123747088249460235, 0.8100000000000000533, 0.1957876896143228296 ) ) ;
#5885 = CARTESIAN_POINT ( 'NONE',  ( -0.3243566544586065081, 0.8100000000000000533, -0.2680366577904281233 ) ) ;
#5886 = ORIENTED_EDGE ( 'NONE', *, *, #2228, .F. ) ;
#5887 = DIRECTION ( 'NONE',  ( -0.0000000000000000000, -1.000000000000000000, -0.0000000000000000000 ) ) ;
#5888 = MECHANICAL_DESIGN_GEOMETRIC_PRESENTATION_REPRESENTATION (  '', ( #5722 ), #3457 ) ;
#5889 = EDGE_LOOP ( 'NONE', ( #6853, #3743, #1435, #8193 ) ) ;
#5890 = UNCERTAINTY_MEASURE_WITH_UNIT (LENGTH_MEASURE( 1.000000000000000082E-05 ), #2616, 'distance_accuracy_value', 'NONE');
#5891 = CARTESIAN_POINT ( 'NONE',  ( -1.154379300990135526, 0.8100000000000001643, -0.2839479741804111779 ) ) ;
#5892 = CARTESIAN_POINT ( 'NONE',  ( -0.6237580508150720737, 0.8100000000000000533, 0.03178970159409370833 ) ) ;
#5893 = AXIS2_PLACEMENT_3D ( 'NONE', #6475, #8642, #7977 ) ;
#5894 = LINE ( 'NONE', #8273, #2681 ) ;
#5895 = CARTESIAN_POINT ( 'NONE',  ( -0.9409499861026539014, 0.8100000000000001643, -0.03835223617422683917 ) ) ;
#5896 = SURFACE_SIDE_STYLE ('',( #2781 ) ) ;
#5897 = EDGE_CURVE ( 'NONE', #9771, #1781, #2091, .T. ) ;
#5898 = CARTESIAN_POINT ( 'NONE',  ( -1.297289263851329144, 0.8099999999999999423, 0.1645249279803273623 ) ) ;
#5899 = SURFACE_SIDE_STYLE ('',( #6474 ) ) ;
#5900 = FILL_AREA_STYLE_COLOUR ( '', #3932 ) ;
#5901 = DIRECTION ( 'NONE',  ( 0.0000000000000000000, 0.0000000000000000000, 1.000000000000000000 ) ) ;
#5902 = CARTESIAN_POINT ( 'NONE',  ( 1.175121916503113928, 0.8000000000000003775, -0.2757893948720011035 ) ) ;
#5903 = EDGE_CURVE ( 'NONE', #6231, #7852, #7388, .T. ) ;
#5904 =( GEOMETRIC_REPRESENTATION_CONTEXT ( 3 ) GLOBAL_UNCERTAINTY_ASSIGNED_CONTEXT ( ( #3746 ) ) GLOBAL_UNIT_ASSIGNED_CONTEXT ( ( #7890, #7771, #3106 ) ) REPRESENTATION_CONTEXT ( 'NONE', 'WORKASPACE' ) );
#5905 = ORIENTED_EDGE ( 'NONE', *, *, #3595, .F. ) ;
#5906 = UNCERTAINTY_MEASURE_WITH_UNIT (LENGTH_MEASURE( 1.000000000000000082E-05 ), #2118, 'distance_accuracy_value', 'NONE');
#5907 = CARTESIAN_POINT ( 'NONE',  ( 1.303205858053190003, 0.8100000000000001643, -0.1515827556547466592 ) ) ;
#5908 = DIRECTION ( 'NONE',  ( 0.0000000000000000000, -4.242772674833230649E-14, 1.000000000000000000 ) ) ;
#5909 = CARTESIAN_POINT ( 'NONE',  ( -0.2526701086553507780, 0.8100000000000002753, -0.2644484180090713177 ) ) ;
#5910 = EDGE_CURVE ( 'NONE', #8771, #3663, #5672, .T. ) ;
#5911 = VECTOR ( 'NONE', #4050, 1000.000000000000000 ) ;
#5912 =( GEOMETRIC_REPRESENTATION_CONTEXT ( 3 ) GLOBAL_UNCERTAINTY_ASSIGNED_CONTEXT ( ( #155 ) ) GLOBAL_UNIT_ASSIGNED_CONTEXT ( ( #4023, #1222, #9115 ) ) REPRESENTATION_CONTEXT ( 'NONE', 'WORKASPACE' ) );
#5913 = PRESENTATION_STYLE_ASSIGNMENT (( #7423 ) ) ;
#5914 = VECTOR ( 'NONE', #8812, 1000.000000000000000 ) ;
#5915 = FACE_OUTER_BOUND ( 'NONE', #1079, .T. ) ;
#5916 = CARTESIAN_POINT ( 'NONE',  ( -0.07174682735057068272, 0.8100000000000003864, -0.2385620643775049898 ) ) ;
#5917 = EDGE_LOOP ( 'NONE', ( #438, #7209, #5714, #24 ) ) ;
#5918 = CARTESIAN_POINT ( 'NONE',  ( -0.2690625405964887640, 0.8000000000000000444, 0.2522336301823540627 ) ) ;
#5919 = PRESENTATION_LAYER_ASSIGNMENT (  '', '', ( #9048 ) ) ;
#5920 = AXIS2_PLACEMENT_3D ( 'NONE', #386, #6639, #9075 ) ;
#5921 = VECTOR ( 'NONE', #2448, 1000.000000000000000 ) ;
#5922 = CARTESIAN_POINT ( 'NONE',  ( 0.6552350788324106112, 0.8100000000000002753, -0.2684658725378635258 ) ) ;
#5923 = CARTESIAN_POINT ( 'NONE',  ( -0.1997799725180163799, 0.8100000000000001643, 0.2067437273318466218 ) ) ;
#5924 = CARTESIAN_POINT ( 'NONE',  ( -0.2239102889873942903, 0.7999999999999998224, 0.2040627350160150733 ) ) ;
#5925 = CARTESIAN_POINT ( 'NONE',  ( 1.820000000000000506, 0.7000000000000000666, -1.239999999999999991 ) ) ;
#5926 = PRESENTATION_STYLE_ASSIGNMENT (( #6638 ) ) ;
#5927 = CARTESIAN_POINT ( 'NONE',  ( -1.205515431773832136, 0.8000000000000002665, 0.04464957117178969953 ) ) ;
#5928 =( NAMED_UNIT ( * ) PLANE_ANGLE_UNIT ( ) SI_UNIT ( $, .RADIAN. ) );
#5929 = STYLED_ITEM ( 'NONE', ( #1312 ), #8866 ) ;
#5930 = CARTESIAN_POINT ( 'NONE',  ( -0.8786123237649915430, 0.8100000000000001643, -0.03859574266773335011 ) ) ;
#5931 = ORIENTED_EDGE ( 'NONE', *, *, #1327, .F. ) ;
#5932 = DIRECTION ( 'NONE',  ( 0.0000000000000000000, 0.0000000000000000000, 1.000000000000000000 ) ) ;
#5933 = EDGE_LOOP ( 'NONE', ( #3177, #4301, #137, #9103 ) ) ;
#5934 = CARTESIAN_POINT ( 'NONE',  ( -0.1071837523364201072, 0.7999999999999998224, -0.03859574266773356521 ) ) ;
#5935 = CARTESIAN_POINT ( 'NONE',  ( -0.4656253107779786404, 0.8000000000000001554, 0.2614042573322664653 ) ) ;
#5936 =( GEOMETRIC_REPRESENTATION_CONTEXT ( 3 ) GLOBAL_UNCERTAINTY_ASSIGNED_CONTEXT ( ( #9108 ) ) GLOBAL_UNIT_ASSIGNED_CONTEXT ( ( #1105, #4213, #4986 ) ) REPRESENTATION_CONTEXT ( 'NONE', 'WORKASPACE' ) );
#5937 = MECHANICAL_DESIGN_GEOMETRIC_PRESENTATION_REPRESENTATION (  '', ( #2179 ), #7918 ) ;
#5938 = MECHANICAL_DESIGN_GEOMETRIC_PRESENTATION_REPRESENTATION (  '', ( #7584 ), #5112 ) ;
#5939 = CARTESIAN_POINT ( 'NONE',  ( 0.7130756925424757142, 0.8100000000000003864, -0.2587335401215697939 ) ) ;
#5940 = CARTESIAN_POINT ( 'NONE',  ( -0.7834012848039526578, 0.8000000000000001554, -0.2840502881222787268 ) ) ;
#5941 = FACE_OUTER_BOUND ( 'NONE', #8349, .T. ) ;
#5942 = CARTESIAN_POINT ( 'NONE',  ( 1.365543520390852361, 0.8100000000000001643, -0.1671671712391622489 ) ) ;
#5943 =( NAMED_UNIT ( * ) SI_UNIT ( $, .STERADIAN. ) SOLID_ANGLE_UNIT ( ) );
#5944 = CARTESIAN_POINT ( 'NONE',  ( -0.1072932446615712104, 0.8000000000000000444, -0.02702830974468120248 ) ) ;
#5945 = CARTESIAN_POINT ( 'NONE',  ( 0.7651626730475316052, 0.8100000000000002753, -0.1581059127556937727 ) ) ;
#5946 = AXIS2_PLACEMENT_3D ( 'NONE', #2694, #1002, #4111 ) ;
#5947 = ORIENTED_EDGE ( 'NONE', *, *, #4894, .T. ) ;
#5948 = ORIENTED_EDGE ( 'NONE', *, *, #252, .T. ) ;
#5949 = PRODUCT ( '94E9AE7E-121D-48FC-B821-6F08BD913214', '94E9AE7E-121D-48FC-B821-6F08BD913214', '', ( #6376 ) ) ;
#5950 = CARTESIAN_POINT ( 'NONE',  ( 1.162946117793449696, 0.8100000000000001643, -0.04249184656383755282 ) ) ;
#5951 = COLOUR_RGB ( '',0.09803921568627450844, 0.09803921568627450844, 0.09803921568627450844 ) ;
#5952 = CARTESIAN_POINT ( 'NONE',  ( -0.9406588182151348621, 0.8000000000000001554, -0.07441611324957016216 ) ) ;
#5953 = DIRECTION ( 'NONE',  ( -0.0000000000000000000, -1.000000000000000000, -0.0000000000000000000 ) ) ;
#5954 = CARTESIAN_POINT ( 'NONE',  ( -0.1985222844498585881, 0.8100000000000001643, 0.2689719191907268270 ) ) ;
#5955 = SURFACE_STYLE_FILL_AREA ( #8224 ) ;
#5956 = CARTESIAN_POINT ( 'NONE',  ( -0.9999999999999997780, 0.0000000000000000000, -0.3500000000000000333 ) ) ;
#5957 = CARTESIAN_POINT ( 'NONE',  ( 0.9827934057533194157, 0.8000000000000000444, 0.04196402852999377847 ) ) ;
#5958 = CARTESIAN_POINT ( 'NONE',  ( -1.051665169042145020, 0.8100000000000000533, -0.3071895767487345941 ) ) ;
#5959 = ORIENTED_EDGE ( 'NONE', *, *, #6815, .T. ) ;
#5960 = ORIENTED_EDGE ( 'NONE', *, *, #4185, .T. ) ;
#5961 = STYLED_ITEM ( 'NONE', ( #4729 ), #2648 ) ;
#5962 = VERTEX_POINT ( 'NONE', #4193 ) ;
#5963 = CARTESIAN_POINT ( 'NONE',  ( 1.251710100130058567, 0.8100000000000001643, -0.2464809727721511690 ) ) ;
#5964 = CARTESIAN_POINT ( 'NONE',  ( -0.1075070905841588736, 0.8000000000000002665, -0.07269537814073288862 ) ) ;
#5965 =( NAMED_UNIT ( * ) SI_UNIT ( $, .STERADIAN. ) SOLID_ANGLE_UNIT ( ) );
#5966 = EDGE_CURVE ( 'NONE', #7499, #4462, #6550, .T. ) ;
#5967 = EDGE_CURVE ( 'NONE', #2826, #7237, #1347, .T. ) ;
#5968 = CARTESIAN_POINT ( 'NONE',  ( 0.9854283960046634760, 0.7999999999999999334, -0.2682579452292372379 ) ) ;
#5969 = CARTESIAN_POINT ( 'NONE',  ( -0.2515674503245114435, 0.8000000000000001554, 0.1875297628109896531 ) ) ;
#5970 = CARTESIAN_POINT ( 'NONE',  ( 0.8271341719677763882, 0.8100000000000002753, -0.1981921041820712825 ) ) ;
#5971 = LINE ( 'NONE', #2796, #3616 ) ;
#5972 = CARTESIAN_POINT ( 'NONE',  ( -1.243689114486436376, 0.8000000000000000444, -0.3212259561874153957 ) ) ;
#5973 =( NAMED_UNIT ( * ) SI_UNIT ( $, .STERADIAN. ) SOLID_ANGLE_UNIT ( ) );
#5974 = EDGE_CURVE ( 'NONE', #9926, #10130, #9805, .T. ) ;
#5975 = CARTESIAN_POINT ( 'NONE',  ( 0.7640350305975390777, 0.8100000000000002753, -0.1938786581350903093 ) ) ;
#5976 = CARTESIAN_POINT ( 'NONE',  ( -0.6988088592396815013, 0.7999999999999998224, 0.1246360452344276865 ) ) ;
#5977 = B_SPLINE_CURVE_WITH_KNOTS ( 'NONE', 3,
 ( #6851, #10012, #2974, #6102, #4704, #4037, #7847, #6343, #3884, #2366, #1640, #919, #4652, #3985, #7172, #7004, #3081, #5571, #5474, #714, #4755, #7795, #767, #2308, #9334, #10160, #817 ),
 .UNSPECIFIED., .F., .F.,
 ( 4, 1, 1, 1, 1, 1, 1, 1, 1, 1, 1, 1, 1, 1, 1, 1, 1, 1, 1, 1, 1, 1, 1, 1, 4 ),
 ( 0.0000000000000000000, 0.05346306923311663906, 0.1051363392711945899, 0.1554166902432113362, 0.2041270761580542825, 0.2519212596406010252, 0.2982861866945261120, 0.3437694184180700718, 0.3885183434573781236, 0.4318378073052844823, 0.4737712749989412275, 0.5141074109367212985, 0.5530175257275432577, 0.5910753966342215948, 0.6281087403920586620, 0.6643432623689056182, 0.7002430283186951154, 0.7359845406296190440, 0.7717857370783367532, 0.8079623073702695280, 0.8445285208812621791, 0.8818470301515451970, 0.9200313956561455564, 0.9595572328808873452, 1.000000000000000000 ),
 .UNSPECIFIED. ) ;
#5978 = PRESENTATION_STYLE_ASSIGNMENT (( #1333 ) ) ;
#5979 = CARTESIAN_POINT ( 'NONE',  ( 0.4928162476635793987, 0.8100000000000001643, -0.07366067773266866958 ) ) ;
#5980 = STYLED_ITEM ( 'NONE', ( #2771 ), #3622 ) ;
#5981 = CARTESIAN_POINT ( 'NONE',  ( 0.8278811827285144087, 0.8100000000000001643, -0.1732548335768245018 ) ) ;
#5982 = CARTESIAN_POINT ( 'NONE',  ( 1.349676276252058216, 0.8000000000000002665, 0.1988036398565385665 ) ) ;
#5983 = PRESENTATION_STYLE_ASSIGNMENT (( #9955 ) ) ;
#5984 = ORIENTED_EDGE ( 'NONE', *, *, #9055, .F. ) ;
#5985 = CARTESIAN_POINT ( 'NONE',  ( 0.7689961185625155959, 0.7999999999999999334, -0.3119796961363203169 ) ) ;
#5986 = ORIENTED_EDGE ( 'NONE', *, *, #7684, .T. ) ;
#5987 =( GEOMETRIC_REPRESENTATION_CONTEXT ( 3 ) GLOBAL_UNCERTAINTY_ASSIGNED_CONTEXT ( ( #3054 ) ) GLOBAL_UNIT_ASSIGNED_CONTEXT ( ( #2945, #993, #9518 ) ) REPRESENTATION_CONTEXT ( 'NONE', 'WORKASPACE' ) );
#5988 = CARTESIAN_POINT ( 'NONE',  ( -0.3643266094792771970, 0.8000000000000001554, -0.03835223617422705428 ) ) ;
#5989 = CARTESIAN_POINT ( 'NONE',  ( -0.8121629569987387498, 0.7999999999999999334, -0.2771381956654684897 ) ) ;
#5990 =( NAMED_UNIT ( * ) SI_UNIT ( $, .STERADIAN. ) SOLID_ANGLE_UNIT ( ) );
#5991 = CARTESIAN_POINT ( 'NONE',  ( -1.160966517191227343, 0.8100000000000002753, -0.2839786991931803617 ) ) ;
#5992 = CARTESIAN_POINT ( 'NONE',  ( -0.7418790895204897540, 0.8000000000000001554, 0.1943476029815419670 ) ) ;
#5993 = CARTESIAN_POINT ( 'NONE',  ( -0.2747486982185819437, 0.8100000000000003864, 0.1568634701086526750 ) ) ;
#5994 = CARTESIAN_POINT ( 'NONE',  ( -0.6942421341600300000, 0.8000000000000001554, -0.1829673941784971392 ) ) ;
#5995 =( GEOMETRIC_REPRESENTATION_CONTEXT ( 3 ) GLOBAL_UNCERTAINTY_ASSIGNED_CONTEXT ( ( #472 ) ) GLOBAL_UNIT_ASSIGNED_CONTEXT ( ( #1552, #6241, #5572 ) ) REPRESENTATION_CONTEXT ( 'NONE', 'WORKASPACE' ) );
#5996 = VERTEX_POINT ( 'NONE', #9184 ) ;
#5997 = ORIENTED_EDGE ( 'NONE', *, *, #3356, .T. ) ;
#5998 = AXIS2_PLACEMENT_3D ( 'NONE', #3775, #6986, #10141 ) ;
#5999 = LINE ( 'NONE', #6659, #2174 ) ;
#6000 = CARTESIAN_POINT ( 'NONE',  ( -0.7997567156299960622, 0.8000000000000002665, -0.3457231104876023475 ) ) ;
#6001 = CARTESIAN_POINT ( 'NONE',  ( 1.105229849574814294, 0.8000000000000001554, 0.1911855693658724986 ) ) ;
#6002 = CARTESIAN_POINT ( 'NONE',  ( -1.289965903168000638, 0.8000000000000002665, 0.1507629655755072240 ) ) ;
#6003 = EDGE_CURVE ( 'NONE', #3040, #1598, #1240, .T. ) ;
#6004 = DIRECTION ( 'NONE',  ( 0.0000000000000000000, 0.0000000000000000000, -1.000000000000000000 ) ) ;
#6005 = CARTESIAN_POINT ( 'NONE',  ( -0.05136737768440266527, 0.7999999999999998224, -0.1507744555896411154 ) ) ;
#6006 = CARTESIAN_POINT ( 'NONE',  ( 1.087771238169027654, 0.8000000000000001554, 0.1845091638181095561 ) ) ;
#6007 = PLANE ( 'NONE',  #4380 ) ;
#6008 = COLOUR_RGB ( '',1.000000000000000000, 0.9490196078431372140, 0.9098039215686274384 ) ;
#6009 = EDGE_CURVE ( 'NONE', #2576, #1329, #9144, .T. ) ;
#6010 = ORIENTED_EDGE ( 'NONE', *, *, #816, .F. ) ;
#6011 = SURFACE_SIDE_STYLE ('',( #8279 ) ) ;
#6012 = ORIENTED_EDGE ( 'NONE', *, *, #5202, .T. ) ;
#6013 = AXIS2_PLACEMENT_3D ( 'NONE', #1927, #9886, #9000 ) ;
#6014 = ORIENTED_EDGE ( 'NONE', *, *, #7876, .F. ) ;
#6015 = UNCERTAINTY_MEASURE_WITH_UNIT (LENGTH_MEASURE( 1.000000000000000082E-05 ), #840, 'distance_accuracy_value', 'NONE');
#6016 = CARTESIAN_POINT ( 'NONE',  ( -0.7797486874013552782, 0.8000000000000000444, 0.2068588027868120960 ) ) ;
#6017 = PRESENTATION_LAYER_ASSIGNMENT (  '', '', ( #271 ) ) ;
#6018 = CARTESIAN_POINT ( 'NONE',  ( -0.1108170178158865427, 0.8000000000000003775, -0.1338582345812994456 ) ) ;
#6019 = AXIS2_PLACEMENT_3D ( 'NONE', #8469, #6245, #8622 ) ;
#6020 = DIRECTION ( 'NONE',  ( 0.0000000000000000000, 1.000000000000000000, 0.0000000000000000000 ) ) ;
#6021 = DIRECTION ( 'NONE',  ( 6.776263578034403699E-16, 0.0000000000000000000, 1.000000000000000000 ) ) ;
#6022 = FILL_AREA_STYLE ('',( #1522 ) ) ;
#6023 =( NAMED_UNIT ( * ) PLANE_ANGLE_UNIT ( ) SI_UNIT ( $, .RADIAN. ) );
#6024 = EDGE_CURVE ( 'NONE', #5179, #3518, #3374, .T. ) ;
#6025 = CARTESIAN_POINT ( 'NONE',  ( -1.700000000000001732, 0.6100000000000000977, 1.199999999999998623 ) ) ;
#6026 = CARTESIAN_POINT ( 'NONE',  ( -1.160842630766435457, 0.7999999999999999334, -0.3462433993024726098 ) ) ;
#6027 = VECTOR ( 'NONE', #7946, 1000.000000000000000 ) ;
#6028 = EDGE_LOOP ( 'NONE', ( #4236, #8314, #7579, #7053 ) ) ;
#6029 = CARTESIAN_POINT ( 'NONE',  ( -0.3399115504435935020, 0.8000000000000001554, 0.1586085643082463525 ) ) ;
#6030 = CYLINDRICAL_SURFACE ( 'NONE', #5830, 0.02000000000000005246 ) ;
#6031 = CARTESIAN_POINT ( 'NONE',  ( 1.700000000000001732, 0.6000000000000000888, -1.199999999999996847 ) ) ;
#6032 =( LENGTH_UNIT ( ) NAMED_UNIT ( * ) SI_UNIT ( .MILLI., .METRE. ) );
#6033 = B_SPLINE_SURFACE_WITH_KNOTS ( 'NONE', 3, 1, ( 
 ( #8467, #2313 ),
 ( #8570, #4602 ),
 ( #6954, #3134 ),
 ( #8413, #10070 ),
 ( #9193, #7692 ),
 ( #6192, #2369 ),
 ( #10120, #7641 ),
 ( #1445, #9338 ),
 ( #771, #5477 ),
 ( #659, #3744 ),
 ( #1356, #558 ),
 ( #1556, #2926 ),
 ( #3688, #2166 ),
 ( #4656, #1402 ),
 ( #5277, #6149 ),
 ( #4502, #6854 ),
 ( #3797, #4858 ),
 ( #83, #135 ),
 ( #177, #8767 ) ),
 .UNSPECIFIED., .F., .F., .F.,
 ( 4, 1, 1, 1, 1, 1, 1, 1, 1, 1, 1, 1, 1, 1, 1, 1, 4 ),
 ( 2, 2 ),
 ( 0.0000000000000000000, 0.07276442323286491654, 0.1421165308725575172, 0.2091368051116843929, 0.2744518961446938410, 0.3376203953116401757, 0.4005949769092235768, 0.4632775573281084358, 0.5260576223788611117, 0.5879893685793929903, 0.6479647212770841547, 0.7067453902546662059, 0.7637514568151309025, 0.8214134920333621137, 0.8796454074789822331, 0.9389233486419933383, 1.000000000000000000 ),
 ( 0.0000000000000000000, 1.000000000000000000 ),
 .UNSPECIFIED. ) ;
#6034 = EDGE_CURVE ( 'NONE', #9944, #1118, #9134, .T. ) ;
#6035 = DIRECTION ( 'NONE',  ( -0.0000000000000000000, 1.000000000000000000, -0.0000000000000000000 ) ) ;
#6036 = CARTESIAN_POINT ( 'NONE',  ( -1.003398004143216449, 0.8000000000000001554, -0.1836100626461251994 ) ) ;
#6037 = FILL_AREA_STYLE ('',( #4423 ) ) ;
#6038 = CARTESIAN_POINT ( 'NONE',  ( -1.065749709619301377, 0.8000000000000002665, -0.1906260720980112455 ) ) ;
#6039 = ADVANCED_FACE ( 'NONE', ( #7583 ), #2054, .T. ) ;
#6040 = ORIENTED_EDGE ( 'NONE', *, *, #6462, .T. ) ;
#6041 = STYLED_ITEM ( 'NONE', ( #4146 ), #5867 ) ;
#6042 = CARTESIAN_POINT ( 'NONE',  ( -0.1960709563135476508, 0.8100000000000003864, -0.2836615379771815215 ) ) ;
#6043 = CARTESIAN_POINT ( 'NONE',  ( -1.700000000000001732, 0.05000000000000000278, -1.199999999999998623 ) ) ;
#6044 = CARTESIAN_POINT ( 'NONE',  ( 0.9997429487942814941, 0.8000000000000001554, -0.1706201170461517647 ) ) ;
#6045 = SURFACE_SIDE_STYLE ('',( #9962 ) ) ;
#6046 = FILL_AREA_STYLE ('',( #4336 ) ) ;
#6047 = AXIS2_PLACEMENT_3D ( 'NONE', #4088, #5671, #4856 ) ;
#6048 = CARTESIAN_POINT ( 'NONE',  ( -0.3643266094792772525, 0.8100000000000002753, -0.03835223617422706122 ) ) ;
#6049 = CARTESIAN_POINT ( 'NONE',  ( -0.2336513913265282072, 0.8100000000000001643, 0.2001352369044309965 ) ) ;
#6050 = CARTESIAN_POINT ( 'NONE',  ( 0.7655435203908520503, 0.8100000000000001643, -0.1728895738365647528 ) ) ;
#6051 = CARTESIAN_POINT ( 'NONE',  ( -0.6841304672075357862, 0.8100000000000006084, -0.07269537814073266657 ) ) ;
#6052 = ORIENTED_EDGE ( 'NONE', *, *, #3711, .T. ) ;
#6053 = PRESENTATION_STYLE_ASSIGNMENT (( #5369 ) ) ;
#6054 = ORIENTED_EDGE ( 'NONE', *, *, #378, .T. ) ;
#6055 = COLOUR_RGB ( '',0.09803921568627450844, 0.09803921568627450844, 0.09803921568627450844 ) ;
#6056 = CARTESIAN_POINT ( 'NONE',  ( -1.990000000000000879, 0.7000000000000000666, 0.9400000000000005018 ) ) ;
#6057 = CARTESIAN_POINT ( 'NONE',  ( 1.700000000000002176, 0.05000000000000000278, -1.149999999999998357 ) ) ;
#6058 = CARTESIAN_POINT ( 'NONE',  ( -0.6704142718169396886, 0.8100000000000001643, -0.2830762621482528218 ) ) ;
#6059 = DIRECTION ( 'NONE',  ( 7.228014483236697541E-16, 0.0000000000000000000, 1.000000000000000000 ) ) ;
#6060 =( NAMED_UNIT ( * ) SI_UNIT ( $, .STERADIAN. ) SOLID_ANGLE_UNIT ( ) );
#6061 = CARTESIAN_POINT ( 'NONE',  ( -0.07510182764902612051, 0.8000000000000000444, 0.1697175101008501219 ) ) ;
#6062 = CARTESIAN_POINT ( 'NONE',  ( -0.05136737768440266527, 0.8099999999999998312, -0.1507744555896411154 ) ) ;
#6063 = COLOUR_RGB ( '',0.09803921568627450844, 0.09803921568627450844, 0.09803921568627450844 ) ;
#6064 = PLANE ( 'NONE',  #3261 ) ;
#6065 = PRESENTATION_STYLE_ASSIGNMENT (( #2939 ) ) ;
#6066 = ORIENTED_EDGE ( 'NONE', *, *, #3052, .T. ) ;
#6067 = ORIENTED_EDGE ( 'NONE', *, *, #1327, .T. ) ;
#6068 = CARTESIAN_POINT ( 'NONE',  ( -0.8194532587788734279, 0.8000000000000000444, 0.1945483698360985225 ) ) ;
#6069 = COLOUR_RGB ( '',0.09803921568627450844, 0.09803921568627450844, 0.09803921568627450844 ) ;
#6070 = CARTESIAN_POINT ( 'NONE',  ( 1.700000000000002176, 0.05000000000000000278, 1.249999999999998890 ) ) ;
#6071 = DIRECTION ( 'NONE',  ( -1.000000000000000000, 0.0000000000000000000, 0.0000000000000000000 ) ) ;
#6072 = CARTESIAN_POINT ( 'NONE',  ( -0.8729472640567168540, 0.8100000000000001643, 0.2303976099240630515 ) ) ;
#6073 =( LENGTH_UNIT ( ) NAMED_UNIT ( * ) SI_UNIT ( .MILLI., .METRE. ) );
#6074 = CIRCLE ( 'NONE', #7045, 0.3041381265149101232 ) ;
#6075 = EDGE_LOOP ( 'NONE', ( #4288, #7062, #964, #4460 ) ) ;
#6076 = CARTESIAN_POINT ( 'NONE',  ( -0.6838215988206240992, 0.8000000000000000444, 0.2251253455114073931 ) ) ;
#6077 = SURFACE_STYLE_USAGE ( .BOTH. , #2955 ) ;
#6078 = EDGE_CURVE ( 'NONE', #1403, #7705, #5180, .T. ) ;
#6079 =( GEOMETRIC_REPRESENTATION_CONTEXT ( 3 ) GLOBAL_UNCERTAINTY_ASSIGNED_CONTEXT ( ( #5503 ) ) GLOBAL_UNIT_ASSIGNED_CONTEXT ( ( #2465, #1693, #5570 ) ) REPRESENTATION_CONTEXT ( 'NONE', 'WORKASPACE' ) );
#6080 = CARTESIAN_POINT ( 'NONE',  ( -0.6940762149095593969, 0.8100000000000000533, 0.1046169461353853164 ) ) ;
#6081 = PRESENTATION_LAYER_ASSIGNMENT (  '', '', ( #1517 ) ) ;
#6082 = CARTESIAN_POINT ( 'NONE',  ( -2.000000000000000000, 0.05000000000000000278, -1.249999999999999556 ) ) ;
#6083 = CARTESIAN_POINT ( 'NONE',  ( 0.9154616808912430237, 0.8000000000000001554, -0.08272452196428477234 ) ) ;
#6084 = FILL_AREA_STYLE ('',( #9796 ) ) ;
#6085 = FACE_OUTER_BOUND ( 'NONE', #7956, .T. ) ;
#6086 = FACE_OUTER_BOUND ( 'NONE', #1225, .T. ) ;
#6087 =( GEOMETRIC_REPRESENTATION_CONTEXT ( 3 ) GLOBAL_UNCERTAINTY_ASSIGNED_CONTEXT ( ( #5089 ) ) GLOBAL_UNIT_ASSIGNED_CONTEXT ( ( #7596, #2933, #2986 ) ) REPRESENTATION_CONTEXT ( 'NONE', 'WORKASPACE' ) );
#6088 = DIRECTION ( 'NONE',  ( 1.000000000000000000, 0.0000000000000000000, 0.0000000000000000000 ) ) ;
#6089 = AXIS2_PLACEMENT_3D ( 'NONE', #6800, #4339, #2872 ) ;
#6090 = COLOUR_RGB ( '',1.000000000000000000, 0.9490196078431372140, 0.9098039215686274384 ) ;
#6091 = SURFACE_STYLE_USAGE ( .BOTH. , #4587 ) ;
#6092 = VERTEX_POINT ( 'NONE', #6282 ) ;
#6093 = CARTESIAN_POINT ( 'NONE',  ( -0.6664480799203332806, 0.8099999999999999423, -0.2762953058248668325 ) ) ;
#6094 = DIRECTION ( 'NONE',  ( 1.000000000000000000, 0.0000000000000000000, 0.0000000000000000000 ) ) ;
#6095 = CARTESIAN_POINT ( 'NONE',  ( -0.2042210899987577377, 0.8000000000000001554, -0.3463879504599413073 ) ) ;
#6096 = EDGE_CURVE ( 'NONE', #6841, #5294, #1765, .T. ) ;
#6097 = CARTESIAN_POINT ( 'NONE',  ( 1.083819550285113564, 0.8100000000000001643, -0.2619415521529300239 ) ) ;
#6098 =( NAMED_UNIT ( * ) PLANE_ANGLE_UNIT ( ) SI_UNIT ( $, .RADIAN. ) );
#6099 = ADVANCED_FACE ( 'NONE', ( #7735 ), #9385, .F. ) ;
#6100 = LINE ( 'NONE', #6752, #2658 ) ;
#6101 = CARTESIAN_POINT ( 'NONE',  ( -0.7834012848039526578, 0.8100000000000001643, -0.2840502881222787268 ) ) ;
#6102 = CARTESIAN_POINT ( 'NONE',  ( 0.9154616808912430237, 0.8100000000000001643, -0.08272452196428477234 ) ) ;
#6103 = LINE ( 'NONE', #3839, #1738 ) ;
#6104 = CARTESIAN_POINT ( 'NONE',  ( -0.6874403944392633026, 0.8000000000000001554, -0.1338582345812992236 ) ) ;
#6105 = ORIENTED_EDGE ( 'NONE', *, *, #1103, .F. ) ;
#6106 = ORIENTED_EDGE ( 'NONE', *, *, #9946, .F. ) ;
#6107 = AXIS2_PLACEMENT_3D ( 'NONE', #7574, #3523, #9123 ) ;
#6108 = PRESENTATION_LAYER_ASSIGNMENT (  '', '', ( #4435 ) ) ;
#6109 = VECTOR ( 'NONE', #3068, 1000.000000000000000 ) ;
#6110 = UNCERTAINTY_MEASURE_WITH_UNIT (LENGTH_MEASURE( 1.000000000000000082E-05 ), #1179, 'distance_accuracy_value', 'NONE');
#6111 = EDGE_CURVE ( 'NONE', #4832, #5515, #7762, .T. ) ;
#6112 = CARTESIAN_POINT ( 'NONE',  ( -1.819999999999999840, 0.7200000000000001954, -0.7999999999999999334 ) ) ;
#6113 = CARTESIAN_POINT ( 'NONE',  ( -0.7625837209586953103, 0.8100000000000001643, 0.2685331899991257876 ) ) ;
#6114 = CARTESIAN_POINT ( 'NONE',  ( -1.180359550101369948, 0.7999999999999999334, 0.01861455705231504845 ) ) ;
#6115 = LINE ( 'NONE', #9257, #6415 ) ;
#6116 = CARTESIAN_POINT ( 'NONE',  ( -0.04496730426895909072, 0.8100000000000002753, -0.05191086813422765567 ) ) ;
#6117 = CARTESIAN_POINT ( 'NONE',  ( -1.800000000000000933, 0.6000000000000000888, 1.249999999999998224 ) ) ;
#6118 = EDGE_LOOP ( 'NONE', ( #4501, #5947, #7522, #1759, #4995, #5036 ) ) ;
#6119 = CARTESIAN_POINT ( 'NONE',  ( -1.237053882206550215, 0.8100000000000001643, 0.1912743872023965064 ) ) ;
#6120 = FILL_AREA_STYLE ('',( #6207 ) ) ;
#6121 = EDGE_LOOP ( 'NONE', ( #403, #9497, #1949, #7682 ) ) ;
#6122 = EDGE_LOOP ( 'NONE', ( #6770, #10154, #856, #9481 ) ) ;
#6123 = UNCERTAINTY_MEASURE_WITH_UNIT (LENGTH_MEASURE( 1.000000000000000082E-05 ), #1686, 'distance_accuracy_value', 'NONE');
#6124 = CARTESIAN_POINT ( 'NONE',  ( -0.8681792007788928789, 0.7999999999999999334, 0.1055331639106952685 ) ) ;
#6125 = DIRECTION ( 'NONE',  ( 1.748713181428233054E-16, -0.0000000000000000000, 1.000000000000000000 ) ) ;
#6126 = FACE_OUTER_BOUND ( 'NONE', #2394, .T. ) ;
#6127 = CARTESIAN_POINT ( 'NONE',  ( -0.8307241127872594388, 0.8000000000000000444, 0.2597191794654070129 ) ) ;
#6128 = CARTESIAN_POINT ( 'NONE',  ( 1.338452945971782659, 0.8000000000000000444, -0.2484949036153751567 ) ) ;
#6129 = AXIS2_PLACEMENT_3D ( 'NONE', #7436, #3527, #8970 ) ;
#6130 = CARTESIAN_POINT ( 'NONE',  ( 1.700000000000001732, 0.05000000000000000278, -1.199999999999996847 ) ) ;
#6131 = CARTESIAN_POINT ( 'NONE',  ( -1.203094978612625043, 0.8000000000000005995, -0.3403587380326948963 ) ) ;
#6132 = ORIENTED_EDGE ( 'NONE', *, *, #1285, .T. ) ;
#6133 = CARTESIAN_POINT ( 'NONE',  ( -0.7115491127141063687, 0.8100000000000004974, 0.2499457095371511450 ) ) ;
#6134 = CARTESIAN_POINT ( 'NONE',  ( 1.780000000000000027, 0.7800000000000001377, -1.099999999999999867 ) ) ;
#6135 = VECTOR ( 'NONE', #3058, 1000.000000000000000 ) ;
#6136 = CARTESIAN_POINT ( 'NONE',  ( -0.1138387279643652689, 0.8100000000000001643, 0.08164627790778961058 ) ) ;
#6137 = CARTESIAN_POINT ( 'NONE',  ( 0.9854283960046634760, 0.7999999999999999334, -0.2682579452292372379 ) ) ;
#6138 = CARTESIAN_POINT ( 'NONE',  ( -0.6838071289597968949, 0.8100000000000002753, -0.03859574266773335011 ) ) ;
#6139 = CARTESIAN_POINT ( 'NONE',  ( -1.499999999999999778, 0.7800000000000001377, 1.100000000000000311 ) ) ;
#6140 = PRESENTATION_STYLE_ASSIGNMENT (( #2195 ) ) ;
#6141 = DIRECTION ( 'NONE',  ( 0.0000000000000000000, -0.0000000000000000000, 1.000000000000000000 ) ) ;
#6142 = EDGE_CURVE ( 'NONE', #6747, #10130, #4108, .T. ) ;
#6143 = ORIENTED_EDGE ( 'NONE', *, *, #3356, .F. ) ;
#6144 = CARTESIAN_POINT ( 'NONE',  ( -0.6214694666221345365, 0.8100000000000001643, -0.03835223617422683917 ) ) ;
#6145 = CARTESIAN_POINT ( 'NONE',  ( 1.299504657903268967, 0.8000000000000004885, 0.2333817041199026943 ) ) ;
#6146 = FILL_AREA_STYLE_COLOUR ( '', #7081 ) ;
#6147 = CARTESIAN_POINT ( 'NONE',  ( 1.114747530167700784, 0.8000000000000001554, 0.2643757269996044879 ) ) ;
#6148 = ORIENTED_EDGE ( 'NONE', *, *, #7360, .T. ) ;
#6149 = CARTESIAN_POINT ( 'NONE',  ( -1.130139362490917510, 0.8000000000000003775, -0.2800567340113008230 ) ) ;
#6150 = ORIENTED_EDGE ( 'NONE', *, *, #1153, .F. ) ;
#6151 = VECTOR ( 'NONE', #10115, 1000.000000000000000 ) ;
#6152 =( NAMED_UNIT ( * ) SI_UNIT ( $, .STERADIAN. ) SOLID_ANGLE_UNIT ( ) );
#6153 = EDGE_CURVE ( 'NONE', #9978, #9956, #9306, .T. ) ;
#6154 = ADVANCED_FACE ( 'NONE', ( #150 ), #4727, .T. ) ;
#6155 = DIRECTION ( 'NONE',  ( -0.0000000000000000000, 1.000000000000000000, -0.0000000000000000000 ) ) ;
#6156 = CARTESIAN_POINT ( 'NONE',  ( 0.7234774599813563745, 0.8000000000000001554, 0.1270588912369803869 ) ) ;
#6157 =( NAMED_UNIT ( * ) SI_UNIT ( $, .STERADIAN. ) SOLID_ANGLE_UNIT ( ) );
#6158 = MECHANICAL_DESIGN_GEOMETRIC_PRESENTATION_REPRESENTATION (  '', ( #9284 ), #923 ) ;
#6159 = CARTESIAN_POINT ( 'NONE',  ( -1.271009786563721766, 0.8100000000000002753, 0.1216642332321596770 ) ) ;
#6160 = FACE_OUTER_BOUND ( 'NONE', #8675, .T. ) ;
#6161 = EDGE_CURVE ( 'NONE', #8256, #733, #4351, .T. ) ;
#6162 = ORIENTED_EDGE ( 'NONE', *, *, #4252, .F. ) ;
#6163 = FILL_AREA_STYLE ('',( #9351 ) ) ;
#6164 = ORIENTED_EDGE ( 'NONE', *, *, #2970, .F. ) ;
#6165 = MECHANICAL_DESIGN_GEOMETRIC_PRESENTATION_REPRESENTATION (  '', ( #4522 ), #5506 ) ;
#6166 = EDGE_CURVE ( 'NONE', #5873, #2623, #1165, .T. ) ;
#6167 = ORIENTED_EDGE ( 'NONE', *, *, #5910, .T. ) ;
#6168 = LINE ( 'NONE', #3712, #10042 ) ;
#6169 = FILL_AREA_STYLE_COLOUR ( '', #8862 ) ;
#6170 = CARTESIAN_POINT ( 'NONE',  ( -0.9241224256586815233, 0.8099999999999998312, 0.1333922487243914823 ) ) ;
#6171 = CARTESIAN_POINT ( 'NONE',  ( 0.7677126181304761987, 0.8100000000000001643, 0.07666891397549885356 ) ) ;
#6172 = CARTESIAN_POINT ( 'NONE',  ( -0.8902777845586207217, 0.7999999999999999334, -0.2864540209262909642 ) ) ;
#6173 = CARTESIAN_POINT ( 'NONE',  ( 0.9136788009700650415, 0.8100000000000001643, -0.02791964745189350408 ) ) ;
#6174 = ORIENTED_EDGE ( 'NONE', *, *, #1825, .T. ) ;
#6175 = CARTESIAN_POINT ( 'NONE',  ( 1.800000000000000266, 0.8000000000000001554, -0.8000000000000001554 ) ) ;
#6176 = CARTESIAN_POINT ( 'NONE',  ( -0.1071837523364201072, 0.7999999999999999334, -0.03859574266773356521 ) ) ;
#6177 = FILL_AREA_STYLE ('',( #10144 ) ) ;
#6178 = LINE ( 'NONE', #14, #9525 ) ;
#6179 = VECTOR ( 'NONE', #5129, 1000.000000000000000 ) ;
#6180 = MECHANICAL_DESIGN_GEOMETRIC_PRESENTATION_REPRESENTATION (  '', ( #9645 ), #7834 ) ;
#6181 = CARTESIAN_POINT ( 'NONE',  ( 1.221148142981639761, 0.8000000000000002665, 0.2639327839366536477 ) ) ;
#6182 = CARTESIAN_POINT ( 'NONE',  ( -1.113685067924365946, 0.8000000000000003775, -0.2728123358256871467 ) ) ;
#6183 = CARTESIAN_POINT ( 'NONE',  ( -0.8782920688114440599, 0.8000000000000000444, -0.004536512551859485549 ) ) ;
#6184 = MECHANICAL_DESIGN_GEOMETRIC_PRESENTATION_REPRESENTATION (  '', ( #4056 ), #2271 ) ;
#6185 = CARTESIAN_POINT ( 'NONE',  ( 1.143845975200104448, 0.8100000000000001643, -0.2760809804325662919 ) ) ;
#6186 = SURFACE_STYLE_USAGE ( .BOTH. , #3076 ) ;
#6187 = DIRECTION ( 'NONE',  ( -1.000000000000000000, 0.0000000000000000000, 0.0000000000000000000 ) ) ;
#6188 = FILL_AREA_STYLE ('',( #2364 ) ) ;
#6189 = FILL_AREA_STYLE_COLOUR ( '', #243 ) ;
#6190 = CARTESIAN_POINT ( 'NONE',  ( -0.5279629731156409989, 0.8000000000000001554, 0.1756899716179807780 ) ) ;
#6191 = ORIENTED_EDGE ( 'NONE', *, *, #9692, .F. ) ;
#6192 = CARTESIAN_POINT ( 'NONE',  ( -1.072165936652592411, 0.8100000000000003864, -0.2214040259377188791 ) ) ;
#6193 = ORIENTED_EDGE ( 'NONE', *, *, #7417, .T. ) ;
#6194 = CARTESIAN_POINT ( 'NONE',  ( -1.226272414873336380, 0.8000000000000001554, 0.1703338083589631680 ) ) ;
#6195 = ADVANCED_FACE ( 'NONE', ( #8178 ), #5459, .T. ) ;
#6196 = UNCERTAINTY_MEASURE_WITH_UNIT (LENGTH_MEASURE( 1.000000000000000082E-05 ), #431, 'distance_accuracy_value', 'NONE');
#6197 = DIRECTION ( 'NONE',  ( 0.0000000000000000000, 0.0000000000000000000, 1.000000000000000000 ) ) ;
#6198 = DIRECTION ( 'NONE',  ( 0.0000000000000000000, -0.0000000000000000000, 1.000000000000000000 ) ) ;
#6199 = EDGE_CURVE ( 'NONE', #10127, #7254, #9295, .T. ) ;
#6200 = CARTESIAN_POINT ( 'NONE',  ( 0.6648667921311671725, 0.8000000000000001554, 0.03333768573596804230 ) ) ;
#6201 = CARTESIAN_POINT ( 'NONE',  ( -0.05023753962960290226, 0.7999999999999999334, 0.06388807473244513535 ) ) ;
#6202 = CARTESIAN_POINT ( 'NONE',  ( 0.7655435203908520503, 0.8000000000000001554, -0.1728895738365647528 ) ) ;
#6203 = FACE_OUTER_BOUND ( 'NONE', #6524, .T. ) ;
#6204 = LINE ( 'NONE', #8424, #3902 ) ;
#6205 = VERTEX_POINT ( 'NONE', #3697 ) ;
#6206 = CARTESIAN_POINT ( 'NONE',  ( 1.950000000000001732, 0.6100000000000000977, -0.9499999999999992895 ) ) ;
#6207 = FILL_AREA_STYLE_COLOUR ( '', #308 ) ;
#6208 = ORIENTED_EDGE ( 'NONE', *, *, #7411, .F. ) ;
#6209 = VERTEX_POINT ( 'NONE', #3808 ) ;
#6210 = UNCERTAINTY_MEASURE_WITH_UNIT (LENGTH_MEASURE( 1.000000000000000082E-05 ), #1112, 'distance_accuracy_value', 'NONE');
#6211 = EDGE_CURVE ( 'NONE', #3842, #9422, #2221, .T. ) ;
#6212 = CARTESIAN_POINT ( 'NONE',  ( -1.700000000000001954, 0.05000000000000000278, 1.149999999999998801 ) ) ;
#6213 = MECHANICAL_DESIGN_GEOMETRIC_PRESENTATION_REPRESENTATION (  '', ( #2298 ), #7537 ) ;
#6214 = CARTESIAN_POINT ( 'NONE',  ( 0.7790581307804623767, 0.8000000000000001554, 0.09740263395564298377 ) ) ;
#6215 = EDGE_CURVE ( 'NONE', #6363, #3026, #4663, .T. ) ;
#6216 = FILL_AREA_STYLE_COLOUR ( '', #6556 ) ;
#6217 = CARTESIAN_POINT ( 'NONE',  ( 0.7316880740195417232, 0.8100000000000002753, 0.02644506841594030516 ) ) ;
#6218 = CARTESIAN_POINT ( 'NONE',  ( 0.9999999999999997780, 0.05000000000000000278, 0.3500000000000005884 ) ) ;
#6219 = CARTESIAN_POINT ( 'NONE',  ( -0.2219632998094559218, 0.8100000000000001643, 0.2685517297649684387 ) ) ;
#6220 = COLOUR_RGB ( '',0.09803921568627450844, 0.09803921568627450844, 0.09803921568627450844 ) ;
#6221 = ORIENTED_EDGE ( 'NONE', *, *, #3595, .T. ) ;
#6222 = CARTESIAN_POINT ( 'NONE',  ( -0.6237580508150720737, 0.7999999999999999334, 0.03178970159409370833 ) ) ;
#6223 = CARTESIAN_POINT ( 'NONE',  ( -1.800000000000002043, 0.05000000000000000278, 1.249999999999998668 ) ) ;
#6224 = STYLED_ITEM ( 'NONE', ( #4569 ), #365 ) ;
#6225 = DIRECTION ( 'NONE',  ( 0.0000000000000000000, 1.000000000000000000, 0.0000000000000000000 ) ) ;
#6226 = VECTOR ( 'NONE', #1571, 1000.000000000000000 ) ;
#6227 = DIRECTION ( 'NONE',  ( 0.0000000000000000000, 0.0000000000000000000, 1.000000000000000000 ) ) ;
#6228 = CARTESIAN_POINT ( 'NONE',  ( -0.8683206072219070704, 0.8100000000000001643, -0.1818803336141376625 ) ) ;
#6229 = CARTESIAN_POINT ( 'NONE',  ( -0.1413042285220213468, 0.8100000000000000533, -0.3308420342794042290 ) ) ;
#6230 = CARTESIAN_POINT ( 'NONE',  ( 1.000000000000000222, 0.05000000000000000278, 1.149999999999998801 ) ) ;
#6231 = VERTEX_POINT ( 'NONE', #4454 ) ;
#6232 = CARTESIAN_POINT ( 'NONE',  ( -0.6218245923558896049, 0.8100000000000000533, -0.07807543968415885105 ) ) ;
#6233 = PRESENTATION_LAYER_ASSIGNMENT (  '', '', ( #9210 ) ) ;
#6234 = CARTESIAN_POINT ( 'NONE',  ( 0.9851126227641089361, 0.8100000000000001643, -0.1265673582534462827 ) ) ;
#6235 = FILL_AREA_STYLE_COLOUR ( '', #3334 ) ;
#6236 = CARTESIAN_POINT ( 'NONE',  ( 1.162946117793449696, 0.8000000000000001554, 0.02763802356603255878 ) ) ;
#6237 = CARTESIAN_POINT ( 'NONE',  ( 1.071171779996396012, 0.8000000000000000444, 0.1762840365562421407 ) ) ;
#6238 = VECTOR ( 'NONE', #2572, 1000.000000000000000 ) ;
#6239 =( GEOMETRIC_REPRESENTATION_CONTEXT ( 3 ) GLOBAL_UNCERTAINTY_ASSIGNED_CONTEXT ( ( #2746 ) ) GLOBAL_UNIT_ASSIGNED_CONTEXT ( ( #3308, #9773, #4981 ) ) REPRESENTATION_CONTEXT ( 'NONE', 'WORKASPACE' ) );
#6240 = CARTESIAN_POINT ( 'NONE',  ( 0.6564134517977617822, 0.8100000000000003864, -0.3385644134942614181 ) ) ;
#6241 =( NAMED_UNIT ( * ) PLANE_ANGLE_UNIT ( ) SI_UNIT ( $, .RADIAN. ) );
#6242 = FACE_BOUND ( 'NONE', #2225, .T. ) ;
#6243 = EDGE_LOOP ( 'NONE', ( #2177, #1516, #176, #5069 ) ) ;
#6244 = ORIENTED_EDGE ( 'NONE', *, *, #5826, .T. ) ;
#6245 = DIRECTION ( 'NONE',  ( 1.748713181428233054E-16, -0.0000000000000000000, 1.000000000000000000 ) ) ;
#6246 = VECTOR ( 'NONE', #5708, 1000.000000000000000 ) ;
#6247 = LINE ( 'NONE', #2475, #4745 ) ;
#6248 = CARTESIAN_POINT ( 'NONE',  ( -0.2526701086553507780, 0.8100000000000002753, -0.2644484180090713177 ) ) ;
#6249 = CARTESIAN_POINT ( 'NONE',  ( 0.5880981844943229397, 0.8100000000000000533, -0.003286822654661138675 ) ) ;
#6250 = CARTESIAN_POINT ( 'NONE',  ( -1.131638918273453642, 0.8100000000000002753, -0.03624826544659759398 ) ) ;
#6251 = CARTESIAN_POINT ( 'NONE',  ( -0.2042210899987577377, 0.8100000000000001643, -0.3463879504599413073 ) ) ;
#6252 = DIRECTION ( 'NONE',  ( 0.0000000000000000000, 0.0000000000000000000, -1.000000000000000000 ) ) ;
#6253 = ORIENTED_EDGE ( 'NONE', *, *, #7743, .F. ) ;
#6254 = FILL_AREA_STYLE ('',( #1460 ) ) ;
#6255 = VECTOR ( 'NONE', #736, 1000.000000000000000 ) ;
#6256 = ORIENTED_EDGE ( 'NONE', *, *, #6345, .T. ) ;
#6257 = DIRECTION ( 'NONE',  ( 1.000000000000000000, 0.0000000000000000000, 0.0000000000000000000 ) ) ;
#6258 = PRESENTATION_LAYER_ASSIGNMENT (  '', '', ( #8404 ) ) ;
#6259 = SURFACE_SIDE_STYLE ('',( #735 ) ) ;
#6260 = CARTESIAN_POINT ( 'NONE',  ( -1.314975960128627941, 0.8000000000000001554, -0.1671671712391619158 ) ) ;
#6261 = CARTESIAN_POINT ( 'NONE',  ( -0.1075070905841588736, 0.8100000000000002753, -0.07269537814073288862 ) ) ;
#6262 = CARTESIAN_POINT ( 'NONE',  ( -0.04494416863580265320, 0.8100000000000001643, -0.02617395842293018457 ) ) ;
#6263 = CARTESIAN_POINT ( 'NONE',  ( -0.8851445826785983018, 0.8100000000000000533, 0.2160824072274391272 ) ) ;
#6264 = CARTESIAN_POINT ( 'NONE',  ( 1.362173213484014767, 0.7999999999999999334, -0.1826565095977106534 ) ) ;
#6265 = CARTESIAN_POINT ( 'NONE',  ( 0.8141705525290626744, 0.8099999999999999423, -0.09738969373485910352 ) ) ;
#6266 = CARTESIAN_POINT ( 'NONE',  ( 1.700000000000001732, 0.6100000000000000977, -1.199999999999996847 ) ) ;
#6267 = EDGE_CURVE ( 'NONE', #5835, #3810, #7146, .T. ) ;
#6268 = ORIENTED_EDGE ( 'NONE', *, *, #624, .T. ) ;
#6269 = CARTESIAN_POINT ( 'NONE',  ( -0.7625837209586953103, 0.8100000000000001643, 0.2685331899991257876 ) ) ;
#6270 = DIRECTION ( 'NONE',  ( 1.000000000000000000, 0.0000000000000000000, 0.0000000000000000000 ) ) ;
#6271 = VECTOR ( 'NONE', #1681, 1000.000000000000000 ) ;
#6272 = CARTESIAN_POINT ( 'NONE',  ( 2.000000000000001776, 0.6000000000000000888, 1.049999999999998268 ) ) ;
#6273 = PRESENTATION_STYLE_ASSIGNMENT (( #7157 ) ) ;
#6274 =( LENGTH_UNIT ( ) NAMED_UNIT ( * ) SI_UNIT ( .MILLI., .METRE. ) );
#6275 = CARTESIAN_POINT ( 'NONE',  ( -1.003391325586280969, 0.8000000000000002665, -0.1734144828985288433 ) ) ;
#6276 = ADVANCED_FACE ( 'NONE', ( #2527 ), #5205, .T. ) ;
#6277 = VERTEX_POINT ( 'NONE', #878 ) ;
#6278 = CARTESIAN_POINT ( 'NONE',  ( 0.7548721622043685908, 0.8100000000000001643, 0.05707946870745043283 ) ) ;
#6279 = ORIENTED_EDGE ( 'NONE', *, *, #872, .F. ) ;
#6280 =( GEOMETRIC_REPRESENTATION_CONTEXT ( 3 ) GLOBAL_UNCERTAINTY_ASSIGNED_CONTEXT ( ( #5906 ) ) GLOBAL_UNIT_ASSIGNED_CONTEXT ( ( #2118, #8525, #4393 ) ) REPRESENTATION_CONTEXT ( 'NONE', 'WORKASPACE' ) );
#6281 = CARTESIAN_POINT ( 'NONE',  ( -0.6483702039739476231, 0.8000000000000007105, -0.2385620643775048511 ) ) ;
#6282 = CARTESIAN_POINT ( 'NONE',  ( -0.09379089519356294258, 0.8100000000000001643, -0.2830762621482530439 ) ) ;
#6283 = CARTESIAN_POINT ( 'NONE',  ( 0.9771987935409162107, 0.7999999999999999334, -0.07573161379730727893 ) ) ;
#6284 = CARTESIAN_POINT ( 'NONE',  ( 0.9648946584168316409, 0.8000000000000002665, 0.1612610342593930879 ) ) ;
#6285 = SURFACE_STYLE_FILL_AREA ( #6188 ) ;
#6286 = FILL_AREA_STYLE_COLOUR ( '', #2317 ) ;
#6287 = SURFACE_STYLE_FILL_AREA ( #33 ) ;
#6288 = FACE_OUTER_BOUND ( 'NONE', #598, .T. ) ;
#6289 = FILL_AREA_STYLE ('',( #9601 ) ) ;
#6290 = EDGE_CURVE ( 'NONE', #3379, #3946, #6408, .T. ) ;
#6291 = ORIENTED_EDGE ( 'NONE', *, *, #3022, .T. ) ;
#6292 = CARTESIAN_POINT ( 'NONE',  ( -1.899999999999999911, 0.05000000000000000278, -0.3500000000000001998 ) ) ;
#6293 = VERTEX_POINT ( 'NONE', #8019 ) ;
#6294 = CARTESIAN_POINT ( 'NONE',  ( -1.178197821563935710, 0.8000000000000003775, 0.1111353151428313979 ) ) ;
#6295 = DIRECTION ( 'NONE',  ( 0.0000000000000000000, 0.0000000000000000000, 1.000000000000000000 ) ) ;
#6296 = CARTESIAN_POINT ( 'NONE',  ( -0.7834012848039526578, 0.8100000000000001643, -0.2840502881222787268 ) ) ;
#6297 = CARTESIAN_POINT ( 'NONE',  ( 0.7790581307804623767, 0.8100000000000001643, 0.09740263395564298377 ) ) ;
#6298 = CARTESIAN_POINT ( 'NONE',  ( -0.2816470877613065915, 0.8100000000000000533, -0.2190615026646614560 ) ) ;
#6299 = SURFACE_SIDE_STYLE ('',( #1651 ) ) ;
#6300 = CARTESIAN_POINT ( 'NONE',  ( -1.203094978612625043, 0.8100000000000006084, -0.3403587380326948963 ) ) ;
#6301 = DIRECTION ( 'NONE',  ( 0.0000000000000000000, 0.0000000000000000000, 1.000000000000000000 ) ) ;
#6302 = CARTESIAN_POINT ( 'NONE',  ( 0.9976656638545924327, 0.8100000000000001643, 0.2020889980278666176 ) ) ;
#6303 = MECHANICAL_DESIGN_GEOMETRIC_PRESENTATION_REPRESENTATION (  '', ( #5980 ), #5810 ) ;
#6304 = ORIENTED_EDGE ( 'NONE', *, *, #218, .T. ) ;
#6305 = DIRECTION ( 'NONE',  ( 0.0000000000000000000, 1.000000000000000000, 0.0000000000000000000 ) ) ;
#6306 = ORIENTED_EDGE ( 'NONE', *, *, #4493, .F. ) ;
#6307 = UNCERTAINTY_MEASURE_WITH_UNIT (LENGTH_MEASURE( 1.000000000000000082E-05 ), #8769, 'distance_accuracy_value', 'NONE');
#6308 = STYLED_ITEM ( 'NONE', ( #6912 ), #4770 ) ;
#6309 = COLOUR_RGB ( '',1.000000000000000000, 0.8078431372549019773, 0.4980392156862745168 ) ;
#6310 = EDGE_CURVE ( 'NONE', #2340, #5819, #4316, .T. ) ;
#6311 = DIRECTION ( 'NONE',  ( -0.0000000000000000000, -1.000000000000000000, -0.0000000000000000000 ) ) ;
#6312 = CARTESIAN_POINT ( 'NONE',  ( -0.1757908099107899635, 0.8100000000000002753, -0.2773592022517659683 ) ) ;
#6313 = CARTESIAN_POINT ( 'NONE',  ( 1.167085728183060001, 0.8000000000000001554, 0.2691964651244740936 ) ) ;
#6314 = CARTESIAN_POINT ( 'NONE',  ( -1.499999999999999778, 0.8000000000000001554, -1.079999999999999849 ) ) ;
#6315 =( NAMED_UNIT ( * ) PLANE_ANGLE_UNIT ( ) SI_UNIT ( $, .RADIAN. ) );
#6316 = LINE ( 'NONE', #845, #9289 ) ;
#6317 = CIRCLE ( 'NONE', #10117, 0.02000000000000005246 ) ;
#6318 = ORIENTED_EDGE ( 'NONE', *, *, #9753, .F. ) ;
#6319 = UNCERTAINTY_MEASURE_WITH_UNIT (LENGTH_MEASURE( 1.000000000000000082E-05 ), #2037, 'distance_accuracy_value', 'NONE');
#6320 =( NAMED_UNIT ( * ) SI_UNIT ( $, .STERADIAN. ) SOLID_ANGLE_UNIT ( ) );
#6321 = ADVANCED_FACE ( 'NONE', ( #4972 ), #9074, .T. ) ;
#6322 = COLOUR_RGB ( '',0.09803921568627450844, 0.09803921568627450844, 0.09803921568627450844 ) ;
#6323 =( NAMED_UNIT ( * ) PLANE_ANGLE_UNIT ( ) SI_UNIT ( $, .RADIAN. ) );
#6324 = LINE ( 'NONE', #9473, #5921 ) ;
#6325 = EDGE_CURVE ( 'NONE', #1833, #6745, #9642, .T. ) ;
#6326 = FILL_AREA_STYLE ('',( #7989 ) ) ;
#6327 = CARTESIAN_POINT ( 'NONE',  ( 1.264192356358579294, 0.8000000000000003775, 0.1718871302317372673 ) ) ;
#6328 = LINE ( 'NONE', #10147, #7340 ) ;
#6329 = CARTESIAN_POINT ( 'NONE',  ( -0.8371056503808973481, 0.8000000000000002665, -0.2556739235011460387 ) ) ;
#6330 = DIRECTION ( 'NONE',  ( 0.0000000000000000000, 0.0000000000000000000, 1.000000000000000000 ) ) ;
#6331 = STYLED_ITEM ( 'NONE', ( #7137 ), #5338 ) ;
#6332 = CARTESIAN_POINT ( 'NONE',  ( -1.050894387521017714, 0.7999999999999999334, -0.03751968782725362966 ) ) ;
#6333 = CARTESIAN_POINT ( 'NONE',  ( 0.7316880740195417232, 0.8100000000000002753, 0.02644506841594030516 ) ) ;
#6334 = VERTEX_POINT ( 'NONE', #853 ) ;
#6335 = FACE_OUTER_BOUND ( 'NONE', #871, .T. ) ;
#6336 = CARTESIAN_POINT ( 'NONE',  ( -0.8578999523347894396, 0.8000000000000001554, 0.1426182430721538996 ) ) ;
#6337 = CARTESIAN_POINT ( 'NONE',  ( -1.195261560662674194, 0.8100000000000001643, 0.1300811006393071956 ) ) ;
#6338 = DIRECTION ( 'NONE',  ( 0.0000000000000000000, -1.000000000000000000, 0.0000000000000000000 ) ) ;
#6339 = PRESENTATION_LAYER_ASSIGNMENT (  '', '', ( #4700 ) ) ;
#6340 = EDGE_CURVE ( 'NONE', #5294, #367, #4815, .T. ) ;
#6341 = CARTESIAN_POINT ( 'NONE',  ( 1.161117306891597201, 0.8000000000000001554, 0.2690573880450771727 ) ) ;
#6342 = SURFACE_SIDE_STYLE ('',( #7794 ) ) ;
#6343 = CARTESIAN_POINT ( 'NONE',  ( 0.9322635528254757942, 0.8100000000000004974, -0.1677048955538710528 ) ) ;
#6344 = FILL_AREA_STYLE_COLOUR ( '', #2731 ) ;
#6345 = EDGE_CURVE ( 'NONE', #5687, #8546, #9187, .T. ) ;
#6346 = ORIENTED_EDGE ( 'NONE', *, *, #1078, .T. ) ;
#6347 = VECTOR ( 'NONE', #7091, 1000.000000000000000 ) ;
#6348 = VERTEX_POINT ( 'NONE', #1397 ) ;
#6349 =( GEOMETRIC_REPRESENTATION_CONTEXT ( 3 ) GLOBAL_UNCERTAINTY_ASSIGNED_CONTEXT ( ( #5295 ) ) GLOBAL_UNIT_ASSIGNED_CONTEXT ( ( #535, #8194, #5973 ) ) REPRESENTATION_CONTEXT ( 'NONE', 'WORKASPACE' ) );
#6350 = DIRECTION ( 'NONE',  ( 1.425933913527086018E-15, 0.0000000000000000000, 1.000000000000000000 ) ) ;
#6351 = LINE ( 'NONE', #5679, #5106 ) ;
#6352 = EDGE_CURVE ( 'NONE', #6361, #6277, #7103, .T. ) ;
#6353 = CARTESIAN_POINT ( 'NONE',  ( 0.6996425583045730034, 0.8100000000000002753, 0.08446030330299339473 ) ) ;
#6354 = COLOUR_RGB ( '',1.000000000000000000, 0.8078431372549019773, 0.4980392156862745168 ) ;
#6355 = CARTESIAN_POINT ( 'NONE',  ( -1.276593421133976447, 0.8100000000000000533, -0.2895649300822699113 ) ) ;
#6356 = VECTOR ( 'NONE', #261, 1000.000000000000000 ) ;
#6357 = CARTESIAN_POINT ( 'NONE',  ( -0.1556540735424798150, 0.8100000000000002753, -0.3379037307884836805 ) ) ;
#6358 = CARTESIAN_POINT ( 'NONE',  ( 0.6606312399241471844, 0.8100000000000001643, -0.07408378445771840459 ) ) ;
#6359 = CARTESIAN_POINT ( 'NONE',  ( 0.7640350305975390777, 0.8000000000000002665, -0.1938786581350903093 ) ) ;
#6360 = CARTESIAN_POINT ( 'NONE',  ( 1.161117306891597201, 0.8000000000000001554, 0.2690573880450771727 ) ) ;
#6361 = VERTEX_POINT ( 'NONE', #2160 ) ;
#6362 = CARTESIAN_POINT ( 'NONE',  ( 1.012629237985606112, 0.8100000000000000533, -0.1959487082287743875 ) ) ;
#6363 = VERTEX_POINT ( 'NONE', #4687 ) ;
#6364 = STYLED_ITEM ( 'NONE', ( #9269 ), #6707 ) ;
#6365 = CARTESIAN_POINT ( 'NONE',  ( -1.690000000000001501, 0.6800000000000000488, -1.239999999999999991 ) ) ;
#6366 = SURFACE_STYLE_USAGE ( .BOTH. , #8591 ) ;
#6367 = CARTESIAN_POINT ( 'NONE',  ( -0.1222291123892727260, 0.8100000000000000533, -0.2030442688890866654 ) ) ;
#6368 = CARTESIAN_POINT ( 'NONE',  ( -0.1507694939970798953, 0.8100000000000001643, 0.2585183525809113259 ) ) ;
#6369 = CARTESIAN_POINT ( 'NONE',  ( -1.003597329134071403, 0.8100000000000000533, -0.1638129714342986265 ) ) ;
#6370 = CARTESIAN_POINT ( 'NONE',  ( 1.500000000000000222, 0.7800000000000001377, -0.8000000000000001554 ) ) ;
#6371 = MECHANICAL_DESIGN_GEOMETRIC_PRESENTATION_REPRESENTATION (  '', ( #2456 ), #9002 ) ;
#6372 = CARTESIAN_POINT ( 'NONE',  ( 1.950000000000001732, 0.6100000000000000977, 0.9499999999999979572 ) ) ;
#6373 = CARTESIAN_POINT ( 'NONE',  ( -0.3399115504435935020, 0.8100000000000001643, 0.1586085643082463525 ) ) ;
#6374 = DIRECTION ( 'NONE',  ( -0.0000000000000000000, -1.000000000000000000, -0.0000000000000000000 ) ) ;
#6375 = STYLED_ITEM ( 'NONE', ( #5983 ), #7068 ) ;
#6376 = PRODUCT_CONTEXT ( 'NONE', #2800, 'mechanical' ) ;
#6377 = CARTESIAN_POINT ( 'NONE',  ( 0.7921311989553344590, 0.8100000000000002753, -0.06156365331144025843 ) ) ;
#6378 = DIRECTION ( 'NONE',  ( -1.000000000000000000, 0.0000000000000000000, 3.252606517456515274E-15 ) ) ;
#6379 = FACE_OUTER_BOUND ( 'NONE', #9515, .T. ) ;
#6380 = CARTESIAN_POINT ( 'NONE',  ( 1.800000000000001377, 0.0000000000000000000, -1.249999999999998224 ) ) ;
#6381 = VECTOR ( 'NONE', #9429, 1000.000000000000000 ) ;
#6382 = CARTESIAN_POINT ( 'NONE',  ( 1.167085728183060001, 0.8100000000000001643, 0.2691964651244740936 ) ) ;
#6383 = PRESENTATION_STYLE_ASSIGNMENT (( #5615 ) ) ;
#6384 = LINE ( 'NONE', #9540, #3027 ) ;
#6385 = VERTEX_POINT ( 'NONE', #4438 ) ;
#6386 = DIRECTION ( 'NONE',  ( -0.0000000000000000000, -1.000000000000000000, -0.0000000000000000000 ) ) ;
#6387 = ORIENTED_EDGE ( 'NONE', *, *, #911, .T. ) ;
#6388 = EDGE_CURVE ( 'NONE', #7955, #6811, #6328, .T. ) ;
#6389 = CARTESIAN_POINT ( 'NONE',  ( 1.019762706160386889, 0.8000000000000001554, -0.2073010492488254475 ) ) ;
#6390 = MECHANICAL_DESIGN_GEOMETRIC_PRESENTATION_REPRESENTATION (  '', ( #3288 ), #7206 ) ;
#6391 = CARTESIAN_POINT ( 'NONE',  ( -1.232419913452722726, 0.8000000000000002665, -0.2434656287323684887 ) ) ;
#6392 = CARTESIAN_POINT ( 'NONE',  ( 0.7192805436847531375, 0.8100000000000007194, 0.01302893385769464396 ) ) ;
#6393 = CARTESIAN_POINT ( 'NONE',  ( -1.251068592992951034, 0.7999999999999997113, -0.1875084655112574106 ) ) ;
#6394 =( LENGTH_UNIT ( ) NAMED_UNIT ( * ) SI_UNIT ( .MILLI., .METRE. ) );
#6395 = LINE ( 'NONE', #3282, #2973 ) ;
#6396 = SURFACE_STYLE_FILL_AREA ( #1744 ) ;
#6397 = FACE_OUTER_BOUND ( 'NONE', #7889, .T. ) ;
#6398 = ORIENTED_EDGE ( 'NONE', *, *, #8425, .T. ) ;
#6399 = DIRECTION ( 'NONE',  ( 1.000000000000000000, 0.0000000000000000000, -2.891205793294681778E-15 ) ) ;
#6400 = COLOUR_RGB ( '',1.000000000000000000, 0.8078431372549019773, 0.4980392156862745168 ) ;
#6401 =( NAMED_UNIT ( * ) PLANE_ANGLE_UNIT ( ) SI_UNIT ( $, .RADIAN. ) );
#6402 = ORIENTED_EDGE ( 'NONE', *, *, #3782, .F. ) ;
#6403 = CARTESIAN_POINT ( 'NONE',  ( -0.6719075499156239584, 0.8000000000000003775, 0.2090018205210318891 ) ) ;
#6404 = CARTESIAN_POINT ( 'NONE',  ( -0.4656253107779786404, 0.8100000000000001643, 0.1756899716179807780 ) ) ;
#6405 = EDGE_CURVE ( 'NONE', #3316, #3230, #2914, .T. ) ;
#6406 = CARTESIAN_POINT ( 'NONE',  ( -0.8513720748419586482, 0.8100000000000004974, 0.1568634701086527861 ) ) ;
#6407 = CARTESIAN_POINT ( 'NONE',  ( -1.313087256074006337, 0.8099999999999999423, -0.1884348678752309214 ) ) ;
#6408 = LINE ( 'NONE', #5537, #1291 ) ;
#6409 = DIRECTION ( 'NONE',  ( -0.0000000000000000000, -1.000000000000000000, -0.0000000000000000000 ) ) ;
#6410 = CARTESIAN_POINT ( 'NONE',  ( 0.7652163436859792389, 0.8000000000000000444, -0.1835516186053469390 ) ) ;
#6411 = CARTESIAN_POINT ( 'NONE',  ( 1.131773373681490780, 0.8000000000000002665, 0.2672555925380320496 ) ) ;
#6412 = ORIENTED_EDGE ( 'NONE', *, *, #899, .F. ) ;
#6413 = ORIENTED_EDGE ( 'NONE', *, *, #252, .F. ) ;
#6414 = ADVANCED_FACE ( 'NONE', ( #553 ), #9373, .T. ) ;
#6415 = VECTOR ( 'NONE', #4557, 1000.000000000000000 ) ;
#6416 = AXIS2_PLACEMENT_3D ( 'NONE', #8450, #3524, #7432 ) ;
#6417 = COLOUR_RGB ( '',1.000000000000000000, 0.8078431372549019773, 0.4980392156862745168 ) ;
#6418 = UNCERTAINTY_MEASURE_WITH_UNIT (LENGTH_MEASURE( 1.000000000000000082E-05 ), #8885, 'distance_accuracy_value', 'NONE');
#6419 =( NAMED_UNIT ( * ) SI_UNIT ( $, .STERADIAN. ) SOLID_ANGLE_UNIT ( ) );
#6420 = CARTESIAN_POINT ( 'NONE',  ( -0.2739525192568921796, 0.8099999999999999423, -0.3272312879514737705 ) ) ;
#6421 =( LENGTH_UNIT ( ) NAMED_UNIT ( * ) SI_UNIT ( .MILLI., .METRE. ) );
#6422 = DIRECTION ( 'NONE',  ( -0.0000000000000000000, -1.000000000000000000, -0.0000000000000000000 ) ) ;
#6423 = CARTESIAN_POINT ( 'NONE',  ( -0.09528417329224705967, 0.8100000000000001643, 0.2090018205210316393 ) ) ;
#6424 =( GEOMETRIC_REPRESENTATION_CONTEXT ( 3 ) GLOBAL_UNCERTAINTY_ASSIGNED_CONTEXT ( ( #6110 ) ) GLOBAL_UNIT_ASSIGNED_CONTEXT ( ( #1179, #1743, #4137 ) ) REPRESENTATION_CONTEXT ( 'NONE', 'WORKASPACE' ) );
#6425 = VECTOR ( 'NONE', #1252, 1000.000000000000000 ) ;
#6426 = DIRECTION ( 'NONE',  ( 1.000000000000000000, 0.0000000000000000000, 0.0000000000000000000 ) ) ;
#6427 = FACE_OUTER_BOUND ( 'NONE', #8871, .T. ) ;
#6428 = CARTESIAN_POINT ( 'NONE',  ( -1.000000000000000000, 0.05000000000000000278, -1.149999999999998357 ) ) ;
#6429 = ORIENTED_EDGE ( 'NONE', *, *, #3870, .F. ) ;
#6430 = UNCERTAINTY_MEASURE_WITH_UNIT (LENGTH_MEASURE( 1.000000000000000082E-05 ), #4865, 'distance_accuracy_value', 'NONE');
#6431 = LINE ( 'NONE', #6482, #626 ) ;
#6432 = PRESENTATION_LAYER_ASSIGNMENT (  '', '', ( #7425 ) ) ;
#6433 = VECTOR ( 'NONE', #5566, 1000.000000000000000 ) ;
#6434 = VECTOR ( 'NONE', #9595, 1000.000000000000000 ) ;
#6435 = CARTESIAN_POINT ( 'NONE',  ( 0.8259277164397018645, 0.8000000000000001554, -0.1406577663676613632 ) ) ;
#6436 = LINE ( 'NONE', #2344, #1674 ) ;
#6437 =( LENGTH_UNIT ( ) NAMED_UNIT ( * ) SI_UNIT ( .MILLI., .METRE. ) );
#6438 = MECHANICAL_DESIGN_GEOMETRIC_PRESENTATION_REPRESENTATION (  '', ( #5120 ), #2854 ) ;
#6439 = FILL_AREA_STYLE_COLOUR ( '', #7814 ) ;
#6440 = SURFACE_STYLE_FILL_AREA ( #8658 ) ;
#6441 = ORIENTED_EDGE ( 'NONE', *, *, #8969, .T. ) ;
#6442 = ORIENTED_EDGE ( 'NONE', *, *, #8164, .T. ) ;
#6443 = CARTESIAN_POINT ( 'NONE',  ( 0.9760059342589713083, 0.8000000000000002665, -0.04472507952829911371 ) ) ;
#6444 =( GEOMETRIC_REPRESENTATION_CONTEXT ( 3 ) GLOBAL_UNCERTAINTY_ASSIGNED_CONTEXT ( ( #9834 ) ) GLOBAL_UNIT_ASSIGNED_CONTEXT ( ( #6839, #6893, #5358 ) ) REPRESENTATION_CONTEXT ( 'NONE', 'WORKASPACE' ) );
#6445 = PRESENTATION_STYLE_ASSIGNMENT (( #3330 ) ) ;
#6446 = FILL_AREA_STYLE ('',( #1688 ) ) ;
#6447 = CARTESIAN_POINT ( 'NONE',  ( 1.162946117793449696, 0.8000000000000001554, -0.3463879504599414183 ) ) ;
#6448 = CARTESIAN_POINT ( 'NONE',  ( -1.252515783770460356, 0.8000000000000000444, -0.1737337831281456357 ) ) ;
#6449 = EDGE_CURVE ( 'NONE', #3120, #5305, #5690, .T. ) ;
#6450 = CARTESIAN_POINT ( 'NONE',  ( -0.7798173119875188020, 0.8000000000000000444, -0.2839201605220320057 ) ) ;
#6451 = CARTESIAN_POINT ( 'NONE',  ( 0.7834850372673293206, 0.8100000000000002753, -0.2991730860243702605 ) ) ;
#6452 = DIRECTION ( 'NONE',  ( 0.0000000000000000000, 1.000000000000000000, 0.0000000000000000000 ) ) ;
#6453 = CARTESIAN_POINT ( 'NONE',  ( 1.800000000000000933, 0.6000000000000000888, 1.249999999999996447 ) ) ;
#6454 = COLOUR_RGB ( '',0.09803921568627450844, 0.09803921568627450844, 0.09803921568627450844 ) ;
#6455 = DIRECTION ( 'NONE',  ( 1.000000000000000000, 0.0000000000000000000, -0.0000000000000000000 ) ) ;
#6456 = EDGE_LOOP ( 'NONE', ( #9191, #3605, #7788, #2863 ) ) ;
#6457 = ORIENTED_EDGE ( 'NONE', *, *, #3324, .F. ) ;
#6458 =( NAMED_UNIT ( * ) PLANE_ANGLE_UNIT ( ) SI_UNIT ( $, .RADIAN. ) );
#6459 = ORIENTED_EDGE ( 'NONE', *, *, #3575, .F. ) ;
#6460 = CARTESIAN_POINT ( 'NONE',  ( -0.7335259633642162713, 0.8100000000000000533, 0.1871459774479252158 ) ) ;
#6461 = CARTESIAN_POINT ( 'NONE',  ( -0.8102747679499047173, 0.8099999999999999423, 0.2001352369044311075 ) ) ;
#6462 = EDGE_CURVE ( 'NONE', #9350, #5835, #1062, .T. ) ;
#6463 = CARTESIAN_POINT ( 'NONE',  ( -0.1276136825561881294, 0.8100000000000002753, 0.1417917756095391224 ) ) ;
#6464 = CARTESIAN_POINT ( 'NONE',  ( 1.500000000000000222, 0.7200000000000001954, -0.8000000000000001554 ) ) ;
#6465 = CARTESIAN_POINT ( 'NONE',  ( 0.9976656638545924327, 0.8000000000000001554, 0.2020889980278666176 ) ) ;
#6466 = ORIENTED_EDGE ( 'NONE', *, *, #1913, .T. ) ;
#6467 = CARTESIAN_POINT ( 'NONE',  ( 1.162946117793449696, 0.8100000000000001643, 0.02763802356603255878 ) ) ;
#6468 = ORIENTED_EDGE ( 'NONE', *, *, #114, .F. ) ;
#6469 = FILL_AREA_STYLE ('',( #4777 ) ) ;
#6470 = CARTESIAN_POINT ( 'NONE',  ( -0.3016450763010501968, 0.7999999999999998224, -0.3024403533860113846 ) ) ;
#6471 = CARTESIAN_POINT ( 'NONE',  ( -0.6214694666221345365, 0.8000000000000001554, -0.03835223617422683917 ) ) ;
#6472 = SURFACE_STYLE_USAGE ( .BOTH. , #4009 ) ;
#6473 = MECHANICAL_DESIGN_GEOMETRIC_PRESENTATION_REPRESENTATION (  '', ( #5152 ), #5804 ) ;
#6474 = SURFACE_STYLE_FILL_AREA ( #9621 ) ;
#6475 = CARTESIAN_POINT ( 'NONE',  ( 1.500000000000000222, 0.7800000000000001377, 1.079999999999999849 ) ) ;
#6476 =( NAMED_UNIT ( * ) SI_UNIT ( $, .STERADIAN. ) SOLID_ANGLE_UNIT ( ) );
#6477 = CARTESIAN_POINT ( 'NONE',  ( 0.7342604685838813872, 0.8100000000000002753, -0.02017343985562472866 ) ) ;
#6478 = LINE ( 'NONE', #5700, #1537 ) ;
#6479 = EDGE_CURVE ( 'NONE', #7777, #6855, #5759, .T. ) ;
#6480 = ORIENTED_EDGE ( 'NONE', *, *, #6587, .T. ) ;
#6481 = PRESENTATION_LAYER_ASSIGNMENT (  '', '', ( #5980 ) ) ;
#6482 = CARTESIAN_POINT ( 'NONE',  ( 1.800000000000000933, 0.05000000000000000278, 1.249999999999998668 ) ) ;
#6483 =( NAMED_UNIT ( * ) PLANE_ANGLE_UNIT ( ) SI_UNIT ( $, .RADIAN. ) );
#6484 = FILL_AREA_STYLE_COLOUR ( '', #9383 ) ;
#6485 = ADVANCED_FACE ( 'NONE', ( #2647 ), #5557, .F. ) ;
#6486 = FILL_AREA_STYLE ('',( #4175 ) ) ;
#6487 = LINE ( 'NONE', #5657, #3706 ) ;
#6488 = CARTESIAN_POINT ( 'NONE',  ( 1.303205858053190225, 0.8100000000000002753, -0.1515827556547466870 ) ) ;
#6489 = DIRECTION ( 'NONE',  ( 0.0000000000000000000, 0.0000000000000000000, 1.000000000000000000 ) ) ;
#6490 = CARTESIAN_POINT ( 'NONE',  ( 0.9771987935409162107, 0.8000000000000000444, -0.07573161379730727893 ) ) ;
#6491 = CARTESIAN_POINT ( 'NONE',  ( -1.233542939163327024, 0.8100000000000000533, 0.1844551688771766396 ) ) ;
#6492 =( NAMED_UNIT ( * ) PLANE_ANGLE_UNIT ( ) SI_UNIT ( $, .RADIAN. ) );
#6493 = CARTESIAN_POINT ( 'NONE',  ( 2.000000000000001776, 0.05000000000000000278, -0.9499999999999997335 ) ) ;
#6494 = FILL_AREA_STYLE_COLOUR ( '', #518 ) ;
#6495 = CARTESIAN_POINT ( 'NONE',  ( -0.9074338499373238998, 0.8100000000000001643, 0.1806999403873345567 ) ) ;
#6496 = CARTESIAN_POINT ( 'NONE',  ( 0.7556723674375671607, 0.8000000000000002665, -0.3205538904295110458 ) ) ;
#6497 = CARTESIAN_POINT ( 'NONE',  ( -0.7751467600497990995, 0.8100000000000001643, -0.3462229863033962629 ) ) ;
#6498 = PRESENTATION_LAYER_ASSIGNMENT (  '', '', ( #8308 ) ) ;
#6499 = FACE_OUTER_BOUND ( 'NONE', #10071, .T. ) ;
#6500 = ORIENTED_EDGE ( 'NONE', *, *, #5216, .T. ) ;
#6501 = LINE ( 'NONE', #5626, #1171 ) ;
#6502 = VERTEX_POINT ( 'NONE', #6380 ) ;
#6503 = ORIENTED_EDGE ( 'NONE', *, *, #2708, .F. ) ;
#6504 = SURFACE_STYLE_USAGE ( .BOTH. , #7331 ) ;
#6505 = STYLED_ITEM ( 'NONE', ( #4811 ), #5388 ) ;
#6506 = CARTESIAN_POINT ( 'NONE',  ( -1.499999999999999778, 0.7200000000000001954, -0.7999999999999999334 ) ) ;
#6507 = CARTESIAN_POINT ( 'NONE',  ( -0.3005520323012877970, 0.7999999999999996003, -0.1041327010836547023 ) ) ;
#6508 = CARTESIAN_POINT ( 'NONE',  ( -0.8720089031977389382, 0.8100000000000003864, 0.08251454679173689244 ) ) ;
#6509 = CARTESIAN_POINT ( 'NONE',  ( 1.278251972931460534, 0.8100000000000000533, -0.3154699020397004894 ) ) ;
#6510 = CARTESIAN_POINT ( 'NONE',  ( -0.2049516094792772636, 0.8100000000000002753, 0.2691964651244742046 ) ) ;
#6511 = CARTESIAN_POINT ( 'NONE',  ( -0.2869851384897137425, 0.8000000000000000444, -0.2018945844147106983 ) ) ;
#6512 = FILL_AREA_STYLE_COLOUR ( '', #2556 ) ;
#6513 = CARTESIAN_POINT ( 'NONE',  ( 1.051667708129644163, 0.8000000000000001554, 0.2419576293763644470 ) ) ;
#6514 = ORIENTED_EDGE ( 'NONE', *, *, #9285, .T. ) ;
#6515 = CARTESIAN_POINT ( 'NONE',  ( 0.9759331307804626210, 0.8100000000000001643, -0.03835223617422716530 ) ) ;
#6516 = ORIENTED_EDGE ( 'NONE', *, *, #7428, .F. ) ;
#6517 = UNCERTAINTY_MEASURE_WITH_UNIT (LENGTH_MEASURE( 1.000000000000000082E-05 ), #1852, 'distance_accuracy_value', 'NONE');
#6518 = EDGE_CURVE ( 'NONE', #9978, #8766, #268, .T. ) ;
#6519 = MECHANICAL_DESIGN_GEOMETRIC_PRESENTATION_REPRESENTATION (  '', ( #8175 ), #8665 ) ;
#6520 = CARTESIAN_POINT ( 'NONE',  ( -1.155235700388368203, 0.8000000000000001554, -0.3463879504599410852 ) ) ;
#6521 = DIRECTION ( 'NONE',  ( 2.891205793294680200E-15, 0.0000000000000000000, -1.000000000000000000 ) ) ;
#6522 = CARTESIAN_POINT ( 'NONE',  ( -0.6218245923558896049, 0.8000000000000000444, -0.07807543968415885105 ) ) ;
#6523 = PRESENTATION_STYLE_ASSIGNMENT (( #2787 ) ) ;
#6524 = EDGE_LOOP ( 'NONE', ( #1486, #7798, #5960, #6040 ) ) ;
#6525 = UNCERTAINTY_MEASURE_WITH_UNIT (LENGTH_MEASURE( 1.000000000000000082E-05 ), #4262, 'distance_accuracy_value', 'NONE');
#6526 = FACE_OUTER_BOUND ( 'NONE', #6243, .T. ) ;
#6527 = EDGE_CURVE ( 'NONE', #2980, #6277, #4074, .T. ) ;
#6528 = CARTESIAN_POINT ( 'NONE',  ( 0.7721261971342020525, 0.8100000000000001643, -0.04198520609398928571 ) ) ;
#6529 = EDGE_CURVE ( 'NONE', #4900, #658, #4945, .T. ) ;
#6530 = CARTESIAN_POINT ( 'NONE',  ( -0.2678844332138460294, 0.8100000000000001643, -0.2453608769868652062 ) ) ;
#6531 =( LENGTH_UNIT ( ) NAMED_UNIT ( * ) SI_UNIT ( .MILLI., .METRE. ) );
#6532 = SURFACE_STYLE_FILL_AREA ( #7307 ) ;
#6533 = SURFACE_STYLE_USAGE ( .BOTH. , #8905 ) ;
#6534 = DIRECTION ( 'NONE',  ( 1.000000000000000000, -0.0000000000000000000, -6.023345402697246719E-17 ) ) ;
#6535 = ORIENTED_EDGE ( 'NONE', *, *, #5897, .F. ) ;
#6536 =( GEOMETRIC_REPRESENTATION_CONTEXT ( 3 ) GLOBAL_UNCERTAINTY_ASSIGNED_CONTEXT ( ( #8483 ) ) GLOBAL_UNIT_ASSIGNED_CONTEXT ( ( #7836, #1731, #7993 ) ) REPRESENTATION_CONTEXT ( 'NONE', 'WORKASPACE' ) );
#6537 = CARTESIAN_POINT ( 'NONE',  ( 0.9940876355125620734, 0.8000000000000000444, -0.1567077664659033143 ) ) ;
#6538 = FILL_AREA_STYLE_COLOUR ( '', #335 ) ;
#6539 = CARTESIAN_POINT ( 'NONE',  ( -0.2953855265743620118, 0.8000000000000001554, 0.08251454679173662876 ) ) ;
#6540 = LINE ( 'NONE', #5814, #7919 ) ;
#6541 = CARTESIAN_POINT ( 'NONE',  ( -1.211727135222461449, 0.8100000000000001643, -0.2660302930938640564 ) ) ;
#6542 = PRESENTATION_STYLE_ASSIGNMENT (( #2713 ) ) ;
#6543 = CARTESIAN_POINT ( 'NONE',  ( -0.7622920498210256079, 0.8000000000000002665, -0.2812719115885145005 ) ) ;
#6544 = CARTESIAN_POINT ( 'NONE',  ( 0.8276278482766556976, 0.8100000000000001643, -0.1817118332770576439 ) ) ;
#6545 =( LENGTH_UNIT ( ) NAMED_UNIT ( * ) SI_UNIT ( .MILLI., .METRE. ) );
#6546 = ORIENTED_EDGE ( 'NONE', *, *, #2258, .F. ) ;
#6547 = ORIENTED_EDGE ( 'NONE', *, *, #9251, .T. ) ;
#6548 = SURFACE_SIDE_STYLE ('',( #4859 ) ) ;
#6549 = ORIENTED_EDGE ( 'NONE', *, *, #549, .F. ) ;
#6550 = LINE ( 'NONE', #3573, #2450 ) ;
#6551 =( NAMED_UNIT ( * ) SI_UNIT ( $, .STERADIAN. ) SOLID_ANGLE_UNIT ( ) );
#6552 = PRESENTATION_STYLE_ASSIGNMENT (( #8208 ) ) ;
#6553 = DIRECTION ( 'NONE',  ( -0.0000000000000000000, -1.000000000000000000, -0.0000000000000000000 ) ) ;
#6554 = CARTESIAN_POINT ( 'NONE',  ( 1.349157987378030832, 0.8100000000000001643, -0.2247070933635934020 ) ) ;
#6555 = SURFACE_STYLE_USAGE ( .BOTH. , #5065 ) ;
#6556 = COLOUR_RGB ( '',0.09803921568627450844, 0.09803921568627450844, 0.09803921568627450844 ) ;
#6557 = LINE ( 'NONE', #4920, #2327 ) ;
#6558 = CARTESIAN_POINT ( 'NONE',  ( 1.163311377533709612, 0.8100000000000002753, 0.1990665949946039959 ) ) ;
#6559 = CARTESIAN_POINT ( 'NONE',  ( 0.9138426359379681063, 0.8100000000000004974, -0.01243557831262632855 ) ) ;
#6560 = ORIENTED_EDGE ( 'NONE', *, *, #2384, .F. ) ;
#6561 = ORIENTED_EDGE ( 'NONE', *, *, #9026, .F. ) ;
#6562 = AXIS2_PLACEMENT_3D ( 'NONE', #1635, #1023, #2511 ) ;
#6563 = CARTESIAN_POINT ( 'NONE',  ( -1.252638297790965582, 0.8100000000000001643, -0.1593749634469540932 ) ) ;
#6564 = FILL_AREA_STYLE_COLOUR ( '', #2499 ) ;
#6565 = PRESENTATION_STYLE_ASSIGNMENT (( #1814 ) ) ;
#6566 = CARTESIAN_POINT ( 'NONE',  ( -0.1071837523364201072, 0.8000000000000001554, -0.03859574266773356521 ) ) ;
#6567 = CARTESIAN_POINT ( 'NONE',  ( 0.7604255151962953097, 0.8000000000000001554, -0.03387163068262751681 ) ) ;
#6568 = CARTESIAN_POINT ( 'NONE',  ( 0.6463687232190381549, 0.8100000000000000533, 0.01599857230059262628 ) ) ;
#6569 = FILL_AREA_STYLE_COLOUR ( '', #3747 ) ;
#6570 = EDGE_CURVE ( 'NONE', #7581, #6502, #2795, .T. ) ;
#6571 = DIRECTION ( 'NONE',  ( -0.0000000000000000000, -1.000000000000000000, -0.0000000000000000000 ) ) ;
#6572 = COLOUR_RGB ( '',0.09803921568627450844, 0.09803921568627450844, 0.09803921568627450844 ) ;
#6573 = STYLED_ITEM ( 'NONE', ( #8025 ), #886 ) ;
#6574 = CARTESIAN_POINT ( 'NONE',  ( -1.900000000000001688, 0.05000000000000002359, -0.9499999999999998446 ) ) ;
#6575 = VERTEX_POINT ( 'NONE', #5243 ) ;
#6576 = CARTESIAN_POINT ( 'NONE',  ( -0.5279629731156409989, 0.8100000000000001643, 0.1756899716179807780 ) ) ;
#6577 = B_SPLINE_CURVE_WITH_KNOTS ( 'NONE', 3,
 ( #7961, #3805, #2569, #2618, #8931, #6508, #983, #928, #6608, #6406, #1042, #4096, #7232, #1751, #6461, #184, #7392, #8062, #140 ),
 .UNSPECIFIED., .F., .F.,
 ( 4, 1, 1, 1, 1, 1, 1, 1, 1, 1, 1, 1, 1, 1, 1, 1, 4 ),
 ( 0.0000000000000000000, 0.1206675161426108145, 0.2309294132593920634, 0.3309228483128898168, 0.4207704713085048120, 0.5010777902696155195, 0.5717006200233741842, 0.6331727153130470853, 0.6858414944559071413, 0.7330485117757723490, 0.7767032029398726056, 0.8172975603403954681, 0.8554421780553925769, 0.8920848149530556936, 0.9277934961332928721, 0.9634652945205791630, 1.000000000000000000 ),
 .UNSPECIFIED. ) ;
#6578 = MECHANICAL_DESIGN_GEOMETRIC_PRESENTATION_REPRESENTATION (  '', ( #2661 ), #2014 ) ;
#6579 = MECHANICAL_DESIGN_GEOMETRIC_PRESENTATION_REPRESENTATION (  '', ( #352 ), #8891 ) ;
#6580 = CARTESIAN_POINT ( 'NONE',  ( -1.800000000000002043, 0.0000000000000000000, 1.249999999999998668 ) ) ;
#6581 = STYLED_ITEM ( 'NONE', ( #2488 ), #8770 ) ;
#6582 = DIRECTION ( 'NONE',  ( 1.000000000000000000, -0.0000000000000000000, -0.0000000000000000000 ) ) ;
#6583 = DIRECTION ( 'NONE',  ( 0.0000000000000000000, 0.0000000000000000000, -1.000000000000000000 ) ) ;
#6584 = ADVANCED_FACE ( 'NONE', ( #1325 ), #4407, .T. ) ;
#6585 = DIRECTION ( 'NONE',  ( 0.0000000000000000000, -0.0000000000000000000, 1.000000000000000000 ) ) ;
#6586 = SURFACE_SIDE_STYLE ('',( #1780 ) ) ;
#6587 = EDGE_CURVE ( 'NONE', #7265, #5740, #4364, .T. ) ;
#6588 = AXIS2_PLACEMENT_3D ( 'NONE', #7375, #1177, #2807 ) ;
#6589 = VERTEX_POINT ( 'NONE', #6732 ) ;
#6590 = CARTESIAN_POINT ( 'NONE',  ( -0.1154746892798361041, 0.8000000000000000444, -0.3107894327021143432 ) ) ;
#6591 = CARTESIAN_POINT ( 'NONE',  ( 0.7655435203908520503, 0.8100000000000001643, -0.1728895738365647528 ) ) ;
#6592 = SURFACE_STYLE_USAGE ( .BOTH. , #1989 ) ;
#6593 = PRESENTATION_LAYER_ASSIGNMENT (  '', '', ( #2521 ) ) ;
#6594 = COLOUR_RGB ( '',0.09803921568627450844, 0.09803921568627450844, 0.09803921568627450844 ) ;
#6595 = CARTESIAN_POINT ( 'NONE',  ( 0.7244069202362711790, 0.8100000000000001643, 0.01815664010286468372 ) ) ;
#6596 = CARTESIAN_POINT ( 'NONE',  ( -1.249103758813025600, 0.7999999999999999334, -0.2004288458978820686 ) ) ;
#6597 = B_SPLINE_SURFACE_WITH_KNOTS ( 'NONE', 3, 1, ( 
 ( #180, #1800 ),
 ( #1038, #7073 ),
 ( #8016, #3993 ),
 ( #7120, #982 ),
 ( #3235, #4094 ),
 ( #7228, #3348 ),
 ( #6460, #9658 ),
 ( #5252, #8928 ),
 ( #5778, #4194 ),
 ( #9993, #8392 ),
 ( #8162, #537 ),
 ( #1901, #5976 ),
 ( #6080, #2956 ),
 ( #5731, #1427 ),
 ( #8877, #2615 ),
 ( #5014, #4239 ),
 ( #7620, #6784 ),
 ( #2902, #6736 ),
 ( #291, #1136 ) ),
 .UNSPECIFIED., .F., .F., .F.,
 ( 4, 1, 1, 1, 1, 1, 1, 1, 1, 1, 1, 1, 1, 1, 1, 1, 4 ),
 ( 2, 2 ),
 ( 0.0000000000000000000, 0.03476247499314150113, 0.06921761996766290226, 0.1040827908270606089, 0.1396233419469607162, 0.1780076438586627174, 0.2187066205196007140, 0.2628484765996418893, 0.3106326191763027489, 0.3641701430560785879, 0.4264757682148802020, 0.4977490005588234845, 0.5783092054372713786, 0.6685643758583322827, 0.7690571095696286941, 0.8794894768587032674, 1.000000000000000000 ),
 ( 0.0000000000000000000, 1.000000000000000000 ),
 .UNSPECIFIED. ) ;
#6598 = EDGE_CURVE ( 'NONE', #2099, #3853, #8984, .T. ) ;
#6599 = CARTESIAN_POINT ( 'NONE',  ( 1.332522936344635367, 0.8100000000000000533, -0.2591607176265893764 ) ) ;
#6600 = CARTESIAN_POINT ( 'NONE',  ( -0.6704142718169396886, 0.8000000000000001554, -0.2830762621482528218 ) ) ;
#6601 = FACE_OUTER_BOUND ( 'NONE', #4758, .T. ) ;
#6602 = CARTESIAN_POINT ( 'NONE',  ( -1.700000000000001732, 0.6000000000000000888, 1.199999999999998623 ) ) ;
#6603 = VERTEX_POINT ( 'NONE', #5302 ) ;
#6604 = ORIENTED_EDGE ( 'NONE', *, *, #10180, .T. ) ;
#6605 = PRESENTATION_LAYER_ASSIGNMENT (  '', '', ( #1870 ) ) ;
#6606 =( LENGTH_UNIT ( ) NAMED_UNIT ( * ) SI_UNIT ( .MILLI., .METRE. ) );
#6607 = CARTESIAN_POINT ( 'NONE',  ( -0.8371056503808973481, 0.8000000000000002665, -0.2556739235011460387 ) ) ;
#6608 = CARTESIAN_POINT ( 'NONE',  ( -0.8578999523347894396, 0.8100000000000001643, 0.1426182430721538996 ) ) ;
#6609 = PRESENTATION_STYLE_ASSIGNMENT (( #6555 ) ) ;
#6610 =( NAMED_UNIT ( * ) PLANE_ANGLE_UNIT ( ) SI_UNIT ( $, .RADIAN. ) );
#6611 = DIRECTION ( 'NONE',  ( 0.0000000000000000000, 0.0000000000000000000, 1.000000000000000000 ) ) ;
#6612 = ORIENTED_EDGE ( 'NONE', *, *, #2773, .F. ) ;
#6613 = ORIENTED_EDGE ( 'NONE', *, *, #5133, .T. ) ;
#6614 = UNCERTAINTY_MEASURE_WITH_UNIT (LENGTH_MEASURE( 1.000000000000000082E-05 ), #3511, 'distance_accuracy_value', 'NONE');
#6615 = CIRCLE ( 'NONE', #2206, 0.2800000000000000822 ) ;
#6616 = LINE ( 'NONE', #8126, #849 ) ;
#6617 = CARTESIAN_POINT ( 'NONE',  ( -1.255544182972458067, 0.8000000000000001554, -0.3120825703105702953 ) ) ;
#6618 = CARTESIAN_POINT ( 'NONE',  ( -0.07510182764902612051, 0.8100000000000000533, 0.1697175101008501219 ) ) ;
#6619 = CARTESIAN_POINT ( 'NONE',  ( 0.8141705525290626744, 0.7999999999999999334, -0.09738969373485910352 ) ) ;
#6620 = CARTESIAN_POINT ( 'NONE',  ( 0.6917302621551199016, 0.8100000000000002753, 0.07137405915739543361 ) ) ;
#6621 = FILL_AREA_STYLE ('',( #6569 ) ) ;
#6622 = STYLED_ITEM ( 'NONE', ( #3882 ), #3150 ) ;
#6623 = CARTESIAN_POINT ( 'NONE',  ( -0.9406588182151348621, 0.8100000000000001643, -0.07441611324957016216 ) ) ;
#6624 = ORIENTED_EDGE ( 'NONE', *, *, #1715, .F. ) ;
#6625 = UNCERTAINTY_MEASURE_WITH_UNIT (LENGTH_MEASURE( 1.000000000000000082E-05 ), #5273, 'distance_accuracy_value', 'NONE');
#6626 = SURFACE_STYLE_USAGE ( .BOTH. , #3510 ) ;
#6627 = EDGE_CURVE ( 'NONE', #7705, #9897, #8265, .T. ) ;
#6628 = DIRECTION ( 'NONE',  ( 0.0000000000000000000, 2.480744948072527324E-13, 1.000000000000000000 ) ) ;
#6629 = SURFACE_SIDE_STYLE ('',( #1270 ) ) ;
#6630 = CARTESIAN_POINT ( 'NONE',  ( 1.306613506868269381, 0.8000000000000000444, 0.1418142013642303689 ) ) ;
#6631 = ORIENTED_EDGE ( 'NONE', *, *, #4338, .T. ) ;
#6632 = LINE ( 'NONE', #4322, #7178 ) ;
#6633 = SURFACE_STYLE_FILL_AREA ( #5813 ) ;
#6634 = CARTESIAN_POINT ( 'NONE',  ( 0.8668422216895534937, 0.8100000000000001643, 0.2614042573322663543 ) ) ;
#6635 = PLANE ( 'NONE',  #8089 ) ;
#6636 = PRESENTATION_LAYER_ASSIGNMENT (  '', '', ( #1265 ) ) ;
#6637 = CARTESIAN_POINT ( 'NONE',  ( 1.163198182263800451, 0.8000000000000002665, -0.2760995222270490324 ) ) ;
#6638 = SURFACE_STYLE_USAGE ( .BOTH. , #9847 ) ;
#6639 = DIRECTION ( 'NONE',  ( -0.0000000000000000000, -1.000000000000000000, -0.0000000000000000000 ) ) ;
#6640 = DIRECTION ( 'NONE',  ( -0.0000000000000000000, -1.000000000000000000, -0.0000000000000000000 ) ) ;
#6641 = SURFACE_STYLE_FILL_AREA ( #9018 ) ;
#6642 = CARTESIAN_POINT ( 'NONE',  ( -0.2031253107779785461, 0.8100000000000001643, 0.2068588027868118739 ) ) ;
#6643 = ORIENTED_EDGE ( 'NONE', *, *, #9820, .T. ) ;
#6644 = FILL_AREA_STYLE ('',( #3529 ) ) ;
#6645 = EDGE_LOOP ( 'NONE', ( #9208, #9639, #2993, #2300 ) ) ;
#6646 = DIRECTION ( 'NONE',  ( -1.000000000000000000, 0.0000000000000000000, -0.0000000000000000000 ) ) ;
#6647 = DIRECTION ( 'NONE',  ( -1.000000000000000000, 0.0000000000000000000, 0.0000000000000000000 ) ) ;
#6648 = CARTESIAN_POINT ( 'NONE',  ( 0.7655435203908520503, 0.8100000000000001643, -0.1728895738365647528 ) ) ;
#6649 = EDGE_CURVE ( 'NONE', #9078, #4192, #1300, .T. ) ;
#6650 = CARTESIAN_POINT ( 'NONE',  ( 1.353900499534719026, 0.8099999999999999423, -0.2115424283432368879 ) ) ;
#6651 =( GEOMETRIC_REPRESENTATION_CONTEXT ( 3 ) GLOBAL_UNCERTAINTY_ASSIGNED_CONTEXT ( ( #9212 ) ) GLOBAL_UNIT_ASSIGNED_CONTEXT ( ( #2641, #951, #4989 ) ) REPRESENTATION_CONTEXT ( 'NONE', 'WORKASPACE' ) );
#6652 = FILL_AREA_STYLE ('',( #2619 ) ) ;
#6653 = CARTESIAN_POINT ( 'NONE',  ( -1.700000000000001732, 0.6100000000000000977, -1.199999999999998623 ) ) ;
#6654 = LINE ( 'NONE', #4199, #4994 ) ;
#6655 = EDGE_LOOP ( 'NONE', ( #5488, #833, #7175, #2357, #718, #6670 ) ) ;
#6656 = PLANE ( 'NONE',  #9016 ) ;
#6657 = ORIENTED_EDGE ( 'NONE', *, *, #5146, .F. ) ;
#6658 = CARTESIAN_POINT ( 'NONE',  ( -1.148133226954506148, 0.8100000000000002753, -0.2837463594469754047 ) ) ;
#6659 = CARTESIAN_POINT ( 'NONE',  ( 0.8668422216895534937, 0.8100000000000001643, 0.2614042573322663543 ) ) ;
#6660 = SURFACE_STYLE_FILL_AREA ( #7458 ) ;
#6661 = LINE ( 'NONE', #2067, #893 ) ;
#6662 = MECHANICAL_DESIGN_GEOMETRIC_PRESENTATION_REPRESENTATION (  '', ( #7168 ), #2102 ) ;
#6663 = CARTESIAN_POINT ( 'NONE',  ( -1.308911740235262577, 0.8000000000000001554, 0.1906685355068860332 ) ) ;
#6664 = CARTESIAN_POINT ( 'NONE',  ( -0.6215906808923359339, 0.8000000000000003775, -0.05191086813422744750 ) ) ;
#6665 = SURFACE_STYLE_FILL_AREA ( #6621 ) ;
#6666 = CARTESIAN_POINT ( 'NONE',  ( -0.9255167028338273649, 0.8100000000000000533, -0.1987699973880086846 ) ) ;
#6667 = ORIENTED_EDGE ( 'NONE', *, *, #6096, .T. ) ;
#6668 = CARTESIAN_POINT ( 'NONE',  ( 1.192572863005744388, 0.8100000000000000533, -0.2732056537954249409 ) ) ;
#6669 = VECTOR ( 'NONE', #2501, 1000.000000000000000 ) ;
#6670 = ORIENTED_EDGE ( 'NONE', *, *, #1719, .T. ) ;
#6671 = STYLED_ITEM ( 'NONE', ( #4030 ), #5466 ) ;
#6672 = DIRECTION ( 'NONE',  ( -0.0000000000000000000, -1.000000000000000000, -0.0000000000000000000 ) ) ;
#6673 = CARTESIAN_POINT ( 'NONE',  ( -0.2101227306861511157, 0.8100000000000002753, -0.2839360223559048713 ) ) ;
#6674 = PLANE ( 'NONE',  #325 ) ;
#6675 = CIRCLE ( 'NONE', #5047, 0.02000000000000005246 ) ;
#6676 = CARTESIAN_POINT ( 'NONE',  ( 0.8073876772354259268, 0.8100000000000000533, -0.2649985929411538543 ) ) ;
#6677 = CARTESIAN_POINT ( 'NONE',  ( -1.255544182972458067, 0.8000000000000001554, -0.3120825703105702953 ) ) ;
#6678 = ORIENTED_EDGE ( 'NONE', *, *, #8286, .F. ) ;
#6679 = CARTESIAN_POINT ( 'NONE',  ( -0.09379089519356294258, 0.8000000000000001554, -0.2830762621482530439 ) ) ;
#6680 = VECTOR ( 'NONE', #6952, 1000.000000000000000 ) ;
#6681 =( NAMED_UNIT ( * ) PLANE_ANGLE_UNIT ( ) SI_UNIT ( $, .RADIAN. ) );
#6682 =( LENGTH_UNIT ( ) NAMED_UNIT ( * ) SI_UNIT ( .MILLI., .METRE. ) );
#6683 = FILL_AREA_STYLE ('',( #5104 ) ) ;
#6684 = CARTESIAN_POINT ( 'NONE',  ( -1.322768167920835847, 0.8000000000000001554, 0.2614042573322666319 ) ) ;
#6685 = CARTESIAN_POINT ( 'NONE',  ( 1.324716417564063109, 0.7999999999999998224, 0.2174034061927919703 ) ) ;
#6686 = AXIS2_PLACEMENT_3D ( 'NONE', #2125, #8038, #5713 ) ;
#6687 = LINE ( 'NONE', #1341, #3509 ) ;
#6688 = ORIENTED_EDGE ( 'NONE', *, *, #1772, .T. ) ;
#6689 =( NAMED_UNIT ( * ) SI_UNIT ( $, .STERADIAN. ) SOLID_ANGLE_UNIT ( ) );
#6690 = VERTEX_POINT ( 'NONE', #6979 ) ;
#6691 = CARTESIAN_POINT ( 'NONE',  ( -0.1222291123892727260, 0.8100000000000000533, -0.2030442688890866654 ) ) ;
#6692 = CARTESIAN_POINT ( 'NONE',  ( -1.499999999999999778, 0.7800000000000001377, -0.7999999999999999334 ) ) ;
#6693 = MECHANICAL_DESIGN_GEOMETRIC_PRESENTATION_REPRESENTATION (  '', ( #2624 ), #9185 ) ;
#6694 = COLOUR_RGB ( '',0.09803921568627450844, 0.09803921568627450844, 0.09803921568627450844 ) ;
#6695 = CARTESIAN_POINT ( 'NONE',  ( 1.162946117793449918, 0.8000000000000001554, -0.04249184656383766384 ) ) ;
#6696 = CARTESIAN_POINT ( 'NONE',  ( -0.8721498765794666319, 0.8000000000000001554, -0.1588993942659301661 ) ) ;
#6697 = CARTESIAN_POINT ( 'NONE',  ( -1.106889507189946720, 0.8100000000000001643, 0.03330218822710366566 ) ) ;
#6698 = CARTESIAN_POINT ( 'NONE',  ( -0.2541007361638827899, 0.8100000000000001643, 0.2597191794654066799 ) ) ;
#6699 = CARTESIAN_POINT ( 'NONE',  ( -0.2812765757114126797, 0.8100000000000001643, 0.1426182430721536776 ) ) ;
#6700 = FILL_AREA_STYLE ('',( #1195 ) ) ;
#6701 = EDGE_CURVE ( 'NONE', #2139, #7177, #4630, .T. ) ;
#6702 = ORIENTED_EDGE ( 'NONE', *, *, #1600, .T. ) ;
#6703 = VECTOR ( 'NONE', #6094, 1000.000000000000000 ) ;
#6704 = PRESENTATION_STYLE_ASSIGNMENT (( #3631 ) ) ;
#6705 = AXIS2_PLACEMENT_3D ( 'NONE', #5836, #9034, #1198 ) ;
#6706 = ORIENTED_EDGE ( 'NONE', *, *, #7684, .F. ) ;
#6707 = ADVANCED_FACE ( 'NONE', ( #7821 ), #3019, .T. ) ;
#6708 = UNCERTAINTY_MEASURE_WITH_UNIT (LENGTH_MEASURE( 1.000000000000000082E-05 ), #6824, 'distance_accuracy_value', 'NONE');
#6709 = CARTESIAN_POINT ( 'NONE',  ( -0.7273928706204563222, 0.8099999999999999423, 0.2585183525809114924 ) ) ;
#6710 = COLOUR_RGB ( '',1.000000000000000000, 0.8078431372549019773, 0.4980392156862745168 ) ;
#6711 = CARTESIAN_POINT ( 'NONE',  ( -0.9186935333799385317, 0.7999999999999998224, -0.2241635485886928070 ) ) ;
#6712 =( GEOMETRIC_REPRESENTATION_CONTEXT ( 3 ) GLOBAL_UNCERTAINTY_ASSIGNED_CONTEXT ( ( #1203 ) ) GLOBAL_UNIT_ASSIGNED_CONTEXT ( ( #8052, #9496, #3188 ) ) REPRESENTATION_CONTEXT ( 'NONE', 'WORKASPACE' ) );
#6713 = CARTESIAN_POINT ( 'NONE',  ( 2.000000000000000000, 0.05000000000000000278, -1.249999999999999778 ) ) ;
#6714 = CARTESIAN_POINT ( 'NONE',  ( 1.899999999999999911, 0.0000000000000000000, -0.3500000000000001998 ) ) ;
#6715 = CARTESIAN_POINT ( 'NONE',  ( 0.5880981844943229397, 0.8000000000000000444, -0.003286822654661138675 ) ) ;
#6716 = CARTESIAN_POINT ( 'NONE',  ( 0.9760941902295598993, 0.7999999999999999334, -0.02876859206463269411 ) ) ;
#6717 = CARTESIAN_POINT ( 'NONE',  ( -1.005569780693732929, 0.8100000000000000533, -0.2099815693541482731 ) ) ;
#6718 = ADVANCED_FACE ( 'NONE', ( #3463 ), #6007, .F. ) ;
#6719 = FILL_AREA_STYLE ('',( #1316 ) ) ;
#6720 = FILL_AREA_STYLE ('',( #1063 ) ) ;
#6721 = ORIENTED_EDGE ( 'NONE', *, *, #3168, .T. ) ;
#6722 =( GEOMETRIC_REPRESENTATION_CONTEXT ( 3 ) GLOBAL_UNCERTAINTY_ASSIGNED_CONTEXT ( ( #662 ) ) GLOBAL_UNIT_ASSIGNED_CONTEXT ( ( #705, #10103, #1733 ) ) REPRESENTATION_CONTEXT ( 'NONE', 'WORKASPACE' ) );
#6723 = ORIENTED_EDGE ( 'NONE', *, *, #4561, .T. ) ;
#6724 = UNCERTAINTY_MEASURE_WITH_UNIT (LENGTH_MEASURE( 1.000000000000000082E-05 ), #10161, 'distance_accuracy_value', 'NONE');
#6725 =( LENGTH_UNIT ( ) NAMED_UNIT ( * ) SI_UNIT ( .MILLI., .METRE. ) );
#6726 = DIRECTION ( 'NONE',  ( 0.0000000000000000000, 0.0000000000000000000, 1.000000000000000000 ) ) ;
#6727 = SURFACE_SIDE_STYLE ('',( #7610 ) ) ;
#6728 = VECTOR ( 'NONE', #1193, 1000.000000000000000 ) ;
#6729 = PRESENTATION_LAYER_ASSIGNMENT (  '', '', ( #13 ) ) ;
#6730 = FILL_AREA_STYLE ('',( #8952 ) ) ;
#6731 = MECHANICAL_DESIGN_GEOMETRIC_PRESENTATION_REPRESENTATION (  '', ( #3473 ), #3942 ) ;
#6732 = CARTESIAN_POINT ( 'NONE',  ( 1.689999999999998836, 0.6800000000000000488, -1.239999999999999991 ) ) ;
#6733 = CARTESIAN_POINT ( 'NONE',  ( -1.819999999999999840, 0.7200000000000001954, 1.100000000000000311 ) ) ;
#6734 = ORIENTED_EDGE ( 'NONE', *, *, #1841, .T. ) ;
#6735 = PRESENTATION_LAYER_ASSIGNMENT (  '', '', ( #7738 ) ) ;
#6736 = CARTESIAN_POINT ( 'NONE',  ( -0.6839166212849482340, 0.8000000000000002665, -0.02702830974468099778 ) ) ;
#6737 = CARTESIAN_POINT ( 'NONE',  ( -0.2031253107779785461, 0.8100000000000001643, 0.2068588027868118739 ) ) ;
#6738 = SURFACE_STYLE_FILL_AREA ( #8249 ) ;
#6739 =( NAMED_UNIT ( * ) PLANE_ANGLE_UNIT ( ) SI_UNIT ( $, .RADIAN. ) );
#6740 = CARTESIAN_POINT ( 'NONE',  ( 1.969999999999999085, 0.7000000000000000666, 0.9400000000000005018 ) ) ;
#6741 = CARTESIAN_POINT ( 'NONE',  ( -1.499999999999999778, 0.8000000000000001554, -0.7999999999999999334 ) ) ;
#6742 = STYLED_ITEM ( 'NONE', ( #5416 ), #1470 ) ;
#6743 = PLANE ( 'NONE',  #5330 ) ;
#6744 = CIRCLE ( 'NONE', #2664, 0.3041381265149094570 ) ;
#6745 = VERTEX_POINT ( 'NONE', #6117 ) ;
#6746 = DIRECTION ( 'NONE',  ( -1.000000000000000000, 0.0000000000000000000, 2.710505431213766508E-16 ) ) ;
#6747 = VERTEX_POINT ( 'NONE', #2937 ) ;
#6748 = CARTESIAN_POINT ( 'NONE',  ( -0.1108170178158865427, 0.8100000000000003864, -0.1338582345812994456 ) ) ;
#6749 = ADVANCED_FACE ( 'NONE', ( #669 ), #6064, .F. ) ;
#6750 = PLANE ( 'NONE',  #3140 ) ;
#6751 = CARTESIAN_POINT ( 'NONE',  ( -0.8292934852787272604, 0.8000000000000000444, -0.2644484180090710401 ) ) ;
#6752 = CARTESIAN_POINT ( 'NONE',  ( -0.9999999999999997780, 0.05000000000000000278, 0.3500000000000005884 ) ) ;
#6753 = CARTESIAN_POINT ( 'NONE',  ( -1.167637644050887324, 0.8100000000000001643, -0.2838389543173847618 ) ) ;
#6754 = CARTESIAN_POINT ( 'NONE',  ( -0.6874403944392633026, 0.8100000000000002753, -0.1338582345812992236 ) ) ;
#6755 =( GEOMETRIC_REPRESENTATION_CONTEXT ( 3 ) GLOBAL_UNCERTAINTY_ASSIGNED_CONTEXT ( ( #5183 ) ) GLOBAL_UNIT_ASSIGNED_CONTEXT ( ( #8371, #5234, #5086 ) ) REPRESENTATION_CONTEXT ( 'NONE', 'WORKASPACE' ) );
#6756 = ORIENTED_EDGE ( 'NONE', *, *, #10003, .F. ) ;
#6757 = ORIENTED_EDGE ( 'NONE', *, *, #4149, .F. ) ;
#6758 = CARTESIAN_POINT ( 'NONE',  ( -0.8782684529244267901, 0.7999999999999999334, -0.3024403533860111626 ) ) ;
#6759 = CARTESIAN_POINT ( 'NONE',  ( 1.004819604535555966, 0.8000000000000000444, 0.1063211280872873449 ) ) ;
#6760 = PRESENTATION_STYLE_ASSIGNMENT (( #724 ) ) ;
#6761 = CARTESIAN_POINT ( 'NONE',  ( 0.6606312399241471844, 0.8000000000000001554, -0.07408378445771840459 ) ) ;
#6762 = CARTESIAN_POINT ( 'NONE',  ( -0.07174682735057068272, 0.8000000000000003775, -0.2385620643775049898 ) ) ;
#6763 = CARTESIAN_POINT ( 'NONE',  ( 0.9885108380571605569, 0.8100000000000001643, 0.06525981641510403275 ) ) ;
#6764 = CARTESIAN_POINT ( 'NONE',  ( -1.104194990294792733, 0.8100000000000001643, -0.3396090859557222008 ) ) ;
#6765 = ORIENTED_EDGE ( 'NONE', *, *, #6211, .T. ) ;
#6766 = CARTESIAN_POINT ( 'NONE',  ( -1.700000000000001954, 0.0000000000000000000, 1.249999999999998890 ) ) ;
#6767 = CARTESIAN_POINT ( 'NONE',  ( 1.297358275365288360, 0.8100000000000003864, -0.1736853661384413494 ) ) ;
#6768 = ORIENTED_EDGE ( 'NONE', *, *, #5558, .F. ) ;
#6769 = CIRCLE ( 'NONE', #10085, 0.02000000000000005246 ) ;
#6770 = ORIENTED_EDGE ( 'NONE', *, *, #1481, .T. ) ;
#6771 = CARTESIAN_POINT ( 'NONE',  ( -0.8005336656107711057, 0.8100000000000004974, 0.2040627350160153231 ) ) ;
#6772 = CARTESIAN_POINT ( 'NONE',  ( -0.1071837523364201072, 0.8000000000000001554, -0.03859574266773356521 ) ) ;
#6773 = EDGE_CURVE ( 'NONE', #6589, #1555, #8330, .T. ) ;
#6774 = CARTESIAN_POINT ( 'NONE',  ( 1.194221279373494315, 0.8099999999999999423, 0.2683259377934424372 ) ) ;
#6775 = EDGE_CURVE ( 'NONE', #9627, #6385, #7019, .T. ) ;
#6776 = CARTESIAN_POINT ( 'NONE',  ( -0.3016686921880673555, 0.8000000000000000444, -0.004536512551859699788 ) ) ;
#6777 = CARTESIAN_POINT ( 'NONE',  ( 0.8231809123873484735, 0.8099999999999998312, -0.2221221352736827692 ) ) ;
#6778 = CARTESIAN_POINT ( 'NONE',  ( -1.217508464779416544, 0.8000000000000000444, -0.3354506104212242046 ) ) ;
#6779 = ORIENTED_EDGE ( 'NONE', *, *, #489, .T. ) ;
#6780 = COLOUR_RGB ( '',1.000000000000000000, 0.8078431372549019773, 0.4980392156862745168 ) ;
#6781 = CARTESIAN_POINT ( 'NONE',  ( 1.700000000000002176, 0.05000000000000000278, 1.149999999999998801 ) ) ;
#6782 = CARTESIAN_POINT ( 'NONE',  ( 0.7221825857464361231, 0.7999999999999999334, -0.2542725255367682680 ) ) ;
#6783 = EDGE_CURVE ( 'NONE', #6589, #479, #10174, .T. ) ;
#6784 = CARTESIAN_POINT ( 'NONE',  ( -0.6841264492185690216, 0.8000000000000000444, -0.004860814952736920366 ) ) ;
#6785 = CARTESIAN_POINT ( 'NONE',  ( 1.700000000000002176, 0.0000000000000000000, 1.249999999999998890 ) ) ;
#6786 = CARTESIAN_POINT ( 'NONE',  ( 0.9554570754397355703, 0.8000000000000001554, -0.2228368584274981190 ) ) ;
#6787 = CARTESIAN_POINT ( 'NONE',  ( -1.303558259522544560, 0.8000000000000004885, 0.1777836982661313292 ) ) ;
#6788 = LINE ( 'NONE', #2194, #8872 ) ;
#6789 =( NAMED_UNIT ( * ) PLANE_ANGLE_UNIT ( ) SI_UNIT ( $, .RADIAN. ) );
#6790 = VERTEX_POINT ( 'NONE', #7601 ) ;
#6791 = CARTESIAN_POINT ( 'NONE',  ( 0.8231809123873484735, 0.7999999999999998224, -0.2221221352736827692 ) ) ;
#6792 = ORIENTED_EDGE ( 'NONE', *, *, #10011, .T. ) ;
#6793 = MECHANICAL_DESIGN_GEOMETRIC_PRESENTATION_REPRESENTATION (  '', ( #8949 ), #1254 ) ;
#6794 = AXIS2_PLACEMENT_3D ( 'NONE', #3284, #868, #4705 ) ;
#6795 = CARTESIAN_POINT ( 'NONE',  ( 1.106424468260203575, 0.8100000000000002753, -0.2699731890334267081 ) ) ;
#6796 = DIRECTION ( 'NONE',  ( -0.0000000000000000000, -0.0000000000000000000, -1.000000000000000000 ) ) ;
#6797 = CARTESIAN_POINT ( 'NONE',  ( -0.8786123237649915430, 0.8100000000000001643, -0.03859574266773335011 ) ) ;
#6798 = CARTESIAN_POINT ( 'NONE',  ( 1.364402559834032580, 0.8100000000000002753, -0.1724108254839678278 ) ) ;
#6799 = CARTESIAN_POINT ( 'NONE',  ( -0.3641850567202165601, 0.8100000000000001643, -0.02475394004647235580 ) ) ;
#6800 = CARTESIAN_POINT ( 'NONE',  ( 0.7790581307804623767, 0.8100000000000001643, 0.09740263395564298377 ) ) ;
#6801 = SURFACE_STYLE_USAGE ( .BOTH. , #3794 ) ;
#6802 = ORIENTED_EDGE ( 'NONE', *, *, #7231, .F. ) ;
#6803 = FACE_OUTER_BOUND ( 'NONE', #1782, .T. ) ;
#6804 = ORIENTED_EDGE ( 'NONE', *, *, #2157, .F. ) ;
#6805 = COLOUR_RGB ( '',0.09803921568627450844, 0.09803921568627450844, 0.09803921568627450844 ) ;
#6806 = CARTESIAN_POINT ( 'NONE',  ( -0.6217579532663896069, 0.8100000000000002753, -0.002531280794609042963 ) ) ;
#6807 = CARTESIAN_POINT ( 'NONE',  ( -0.7179276051453981067, 0.8000000000000001554, -0.3308420342794040070 ) ) ;
#6808 =( NAMED_UNIT ( * ) SI_UNIT ( $, .STERADIAN. ) SOLID_ANGLE_UNIT ( ) );
#6809 = CARTESIAN_POINT ( 'NONE',  ( -0.06008516065852214511, 0.8000000000000000444, 0.1213210819162673509 ) ) ;
#6810 = VECTOR ( 'NONE', #6928, 1000.000000000000000 ) ;
#6811 = VERTEX_POINT ( 'NONE', #7759 ) ;
#6812 = CARTESIAN_POINT ( 'NONE',  ( 0.4304785853259170403, 0.8100000000000001643, -0.3385957426677335680 ) ) ;
#6813 = SURFACE_STYLE_USAGE ( .BOTH. , #6011 ) ;
#6814 = ORIENTED_EDGE ( 'NONE', *, *, #2650, .T. ) ;
#6815 = EDGE_CURVE ( 'NONE', #6745, #4601, #6204, .T. ) ;
#6816 = ORIENTED_EDGE ( 'NONE', *, *, #10011, .F. ) ;
#6817 = UNCERTAINTY_MEASURE_WITH_UNIT (LENGTH_MEASURE( 1.000000000000000082E-05 ), #9240, 'distance_accuracy_value', 'NONE');
#6818 = CARTESIAN_POINT ( 'NONE',  ( -0.7832927807602165782, 0.8100000000000002753, 0.2067320204147046758 ) ) ;
#6819 = DIRECTION ( 'NONE',  ( 1.000000000000000000, 0.0000000000000000000, 0.0000000000000000000 ) ) ;
#6820 = B_SPLINE_CURVE_WITH_KNOTS ( 'NONE', 3,
 ( #10064, #5469, #4544, #7791, #3880, #2305, #2205, #10009, #7737, #9439, #8611, #28, #10158, #3126, #3031 ),
 .UNSPECIFIED., .F., .F.,
 ( 4, 1, 1, 1, 1, 1, 1, 1, 1, 1, 1, 1, 4 ),
 ( 0.0000000000000000000, 0.1093675961779016909, 0.2105787995757775477, 0.3039805399965636590, 0.3890045168503805662, 0.4666042252701956827, 0.5359819930306035651, 0.5981901493487931099, 0.6523444501207990021, 0.7495386192982640416, 0.8388449366641428373, 0.9217527398159918173, 1.000000000000000000 ),
 .UNSPECIFIED. ) ;
#6821 = FACE_OUTER_BOUND ( 'NONE', #1145, .T. ) ;
#6822 = CARTESIAN_POINT ( 'NONE',  ( 1.176151798258376235, 0.8100000000000002753, 0.2689056192990023630 ) ) ;
#6823 = SURFACE_STYLE_FILL_AREA ( #2283 ) ;
#6824 =( LENGTH_UNIT ( ) NAMED_UNIT ( * ) SI_UNIT ( .MILLI., .METRE. ) );
#6825 = CARTESIAN_POINT ( 'NONE',  ( -0.8151095141243002162, 0.8100000000000001643, 0.2653701121695657972 ) ) ;
#6826 = SURFACE_STYLE_FILL_AREA ( #4571 ) ;
#6827 = CARTESIAN_POINT ( 'NONE',  ( 1.051667708129644163, 0.8100000000000001643, 0.2419576293763644470 ) ) ;
#6828 = AXIS2_PLACEMENT_3D ( 'NONE', #3789, #708, #1589 ) ;
#6829 = PRESENTATION_LAYER_ASSIGNMENT (  '', '', ( #5195 ) ) ;
#6830 = EDGE_CURVE ( 'NONE', #4411, #2072, #728, .T. ) ;
#6831 = ORIENTED_EDGE ( 'NONE', *, *, #5967, .F. ) ;
#6832 = CARTESIAN_POINT ( 'NONE',  ( -0.6517252042724029915, 0.8100000000000001643, 0.1697175101008504272 ) ) ;
#6833 = EDGE_CURVE ( 'NONE', #9978, #9591, #8067, .T. ) ;
#6834 = CARTESIAN_POINT ( 'NONE',  ( 1.500000000000000222, 0.8000000000000001554, -1.080000000000000071 ) ) ;
#6835 = COLOUR_RGB ( '',0.09803921568627450844, 0.09803921568627450844, 0.09803921568627450844 ) ;
#6836 =( LENGTH_UNIT ( ) NAMED_UNIT ( * ) SI_UNIT ( .MILLI., .METRE. ) );
#6837 = CARTESIAN_POINT ( 'NONE',  ( -1.322782960085047144, 0.8000000000000001554, 0.2577501976751895296 ) ) ;
#6838 =( NAMED_UNIT ( * ) SI_UNIT ( $, .STERADIAN. ) SOLID_ANGLE_UNIT ( ) );
#6839 =( LENGTH_UNIT ( ) NAMED_UNIT ( * ) SI_UNIT ( .MILLI., .METRE. ) );
#6840 = ADVANCED_FACE ( 'NONE', ( #4922 ), #3190, .T. ) ;
#6841 = VERTEX_POINT ( 'NONE', #9715 ) ;
#6842 = CARTESIAN_POINT ( 'NONE',  ( -1.067211776235770238, 0.7999999999999999334, -0.2013995848897354723 ) ) ;
#6843 =( GEOMETRIC_REPRESENTATION_CONTEXT ( 3 ) GLOBAL_UNCERTAINTY_ASSIGNED_CONTEXT ( ( #2943 ) ) GLOBAL_UNIT_ASSIGNED_CONTEXT ( ( #3809, #8370, #1459 ) ) REPRESENTATION_CONTEXT ( 'NONE', 'WORKASPACE' ) );
#6844 = ORIENTED_EDGE ( 'NONE', *, *, #506, .F. ) ;
#6845 = CARTESIAN_POINT ( 'NONE',  ( -0.6332970496464715993, 0.8100000000000003864, -0.1828574044858316539 ) ) ;
#6846 = CARTESIAN_POINT ( 'NONE',  ( -0.1071837523364201072, 0.8100000000000001643, -0.03859574266773356521 ) ) ;
#6847 = CARTESIAN_POINT ( 'NONE',  ( -0.3546531972642365527, 0.8000000000000000444, -0.1711366949307233654 ) ) ;
#6848 = SURFACE_STYLE_USAGE ( .BOTH. , #4494 ) ;
#6849 =( GEOMETRIC_REPRESENTATION_CONTEXT ( 3 ) GLOBAL_UNCERTAINTY_ASSIGNED_CONTEXT ( ( #7025 ) ) GLOBAL_UNIT_ASSIGNED_CONTEXT ( ( #3742, #9247, #1793 ) ) REPRESENTATION_CONTEXT ( 'NONE', 'WORKASPACE' ) );
#6850 = LINE ( 'NONE', #6101, #560 ) ;
#6851 = CARTESIAN_POINT ( 'NONE',  ( 0.9135954684428003736, 0.8100000000000002753, -0.03579541799240900518 ) ) ;
#6852 = SURFACE_STYLE_FILL_AREA ( #7590 ) ;
#6853 = ORIENTED_EDGE ( 'NONE', *, *, #4318, .F. ) ;
#6854 = CARTESIAN_POINT ( 'NONE',  ( -1.138936407443530863, 0.8000000000000000444, -0.2824096557351855052 ) ) ;
#6855 = VERTEX_POINT ( 'NONE', #5786 ) ;
#6856 = AXIS2_PLACEMENT_3D ( 'NONE', #4485, #6141, #6945 ) ;
#6857 =( NAMED_UNIT ( * ) SI_UNIT ( $, .STERADIAN. ) SOLID_ANGLE_UNIT ( ) );
#6858 = LINE ( 'NONE', #1310, #6425 ) ;
#6859 = CARTESIAN_POINT ( 'NONE',  ( -0.9255167028338273649, 0.8000000000000000444, -0.1987699973880086846 ) ) ;
#6860 = CARTESIAN_POINT ( 'NONE',  ( 0.9764066220733336188, 0.7999999999999998224, -0.01017772008526617381 ) ) ;
#6861 = CARTESIAN_POINT ( 'NONE',  ( -1.193152932907940222, 0.8000000000000002665, 0.03184573635084194526 ) ) ;
#6862 = CARTESIAN_POINT ( 'NONE',  ( -0.09528417329224705967, 0.8000000000000001554, 0.2090018205210316393 ) ) ;
#6863 = CIRCLE ( 'NONE', #5070, 0.02000000000000005246 ) ;
#6864 = CARTESIAN_POINT ( 'NONE',  ( 0.7114445478564617176, 0.8000000000000002665, -0.08393938739043078912 ) ) ;
#6865 = CARTESIAN_POINT ( 'NONE',  ( -0.04751567091220426642, 0.8000000000000003775, -0.1158651187780953135 ) ) ;
#6866 = COLOUR_RGB ( '',1.000000000000000000, 0.9490196078431372140, 0.9098039215686274384 ) ;
#6867 = ORIENTED_EDGE ( 'NONE', *, *, #2458, .T. ) ;
#6868 = CARTESIAN_POINT ( 'NONE',  ( -0.9409499861026539014, 0.8000000000000001554, -0.03835223617422683917 ) ) ;
#6869 = ORIENTED_EDGE ( 'NONE', *, *, #5460, .F. ) ;
#6870 = CARTESIAN_POINT ( 'NONE',  ( -0.8102747679499047173, 0.8099999999999999423, 0.2001352369044311075 ) ) ;
#6871 = VECTOR ( 'NONE', #158, 1000.000000000000000 ) ;
#6872 = AXIS2_PLACEMENT_3D ( 'NONE', #6292, #6399, #1032 ) ;
#6873 = CARTESIAN_POINT ( 'NONE',  ( 2.000000000000000000, 0.6100000000000000977, 1.249999999999997780 ) ) ;
#6874 = CARTESIAN_POINT ( 'NONE',  ( -0.3620487687335807725, 0.7999999999999999334, -0.1089418948871739568 ) ) ;
#6875 = FILL_AREA_STYLE_COLOUR ( '', #3186 ) ;
#6876 = EDGE_CURVE ( 'NONE', #7546, #301, #966, .T. ) ;
#6877 = CARTESIAN_POINT ( 'NONE',  ( -1.000000000000000222, 0.05000000000000000278, 1.149999999999998801 ) ) ;
#6878 = CARTESIAN_POINT ( 'NONE',  ( 0.7790581307804623767, 0.8100000000000001643, 0.09740263395564298377 ) ) ;
#6879 = CARTESIAN_POINT ( 'NONE',  ( -0.9186935333799385317, 0.7999999999999996003, -0.2241635485886928070 ) ) ;
#6880 = CIRCLE ( 'NONE', #5893, 0.02000000000000005246 ) ;
#6881 = CARTESIAN_POINT ( 'NONE',  ( 1.365543520390852361, 0.8000000000000001554, -0.1671671712391622489 ) ) ;
#6882 = VECTOR ( 'NONE', #4628, 1000.000000000000000 ) ;
#6883 = ORIENTED_EDGE ( 'NONE', *, *, #5023, .T. ) ;
#6884 = SURFACE_STYLE_FILL_AREA ( #5351 ) ;
#6885 =( GEOMETRIC_REPRESENTATION_CONTEXT ( 3 ) GLOBAL_UNCERTAINTY_ASSIGNED_CONTEXT ( ( #3634 ) ) GLOBAL_UNIT_ASSIGNED_CONTEXT ( ( #1937, #8195, #7479 ) ) REPRESENTATION_CONTEXT ( 'NONE', 'WORKASPACE' ) );
#6886 = CARTESIAN_POINT ( 'NONE',  ( -0.1276136825561881294, 0.8100000000000002753, 0.1417917756095391224 ) ) ;
#6887 = EDGE_CURVE ( 'NONE', #4897, #798, #2679, .T. ) ;
#6888 = CARTESIAN_POINT ( 'NONE',  ( 0.9154616808912430237, 0.8100000000000001643, -0.08272452196428477234 ) ) ;
#6889 = CARTESIAN_POINT ( 'NONE',  ( -0.7259984298019532822, 0.8100000000000002753, -0.2562567862401693430 ) ) ;
#6890 = FILL_AREA_STYLE_COLOUR ( '', #2400 ) ;
#6891 = EDGE_CURVE ( 'NONE', #3596, #8256, #7398, .T. ) ;
#6892 = EDGE_CURVE ( 'NONE', #1576, #7901, #3840, .T. ) ;
#6893 =( NAMED_UNIT ( * ) PLANE_ANGLE_UNIT ( ) SI_UNIT ( $, .RADIAN. ) );
#6894 = MECHANICAL_DESIGN_GEOMETRIC_PRESENTATION_REPRESENTATION (  '', ( #8548 ), #1018 ) ;
#6895 = CARTESIAN_POINT ( 'NONE',  ( -1.075777645401378990, 0.8000000000000001554, -0.2306812735306203455 ) ) ;
#6896 = PRESENTATION_LAYER_ASSIGNMENT (  '', '', ( #8231 ) ) ;
#6897 = ORIENTED_EDGE ( 'NONE', *, *, #4331, .T. ) ;
#6898 = SURFACE_SIDE_STYLE ('',( #8303 ) ) ;
#6899 = CARTESIAN_POINT ( 'NONE',  ( 1.073267744298122217, 0.7999999999999997113, -0.2566400379139825993 ) ) ;
#6900 = EDGE_CURVE ( 'NONE', #5996, #2126, #6675, .T. ) ;
#6901 = STYLED_ITEM ( 'NONE', ( #4764 ), #1095 ) ;
#6902 = FACE_OUTER_BOUND ( 'NONE', #7222, .T. ) ;
#6903 = CARTESIAN_POINT ( 'NONE',  ( -1.177360218903335864, 0.8100000000000001643, -0.2820982878962927654 ) ) ;
#6904 = SURFACE_STYLE_FILL_AREA ( #3578 ) ;
#6905 = CARTESIAN_POINT ( 'NONE',  ( 0.4928162476635793987, 0.8100000000000001643, -0.003530807602798561890 ) ) ;
#6906 = CARTESIAN_POINT ( 'NONE',  ( -0.7524141865341666957, 0.8100000000000003864, -0.2773592022517658018 ) ) ;
#6907 = ORIENTED_EDGE ( 'NONE', *, *, #9537, .F. ) ;
#6908 = ORIENTED_EDGE ( 'NONE', *, *, #1665, .F. ) ;
#6909 = FACE_BOUND ( 'NONE', #1182, .T. ) ;
#6910 = AXIS2_PLACEMENT_3D ( 'NONE', #4095, #7284, #927 ) ;
#6911 = VECTOR ( 'NONE', #7001, 1000.000000000000000 ) ;
#6912 = PRESENTATION_STYLE_ASSIGNMENT (( #663 ) ) ;
#6913 = CARTESIAN_POINT ( 'NONE',  ( -0.2101227306861511157, 0.8100000000000002753, -0.2839360223559048713 ) ) ;
#6914 = ADVANCED_FACE ( 'NONE', ( #7450 ), #7514, .T. ) ;
#6915 = CARTESIAN_POINT ( 'NONE',  ( 0.6846247437894241727, 0.8000000000000000444, 0.05981928404488422862 ) ) ;
#6916 = LINE ( 'NONE', #7698, #4619 ) ;
#6917 = CARTESIAN_POINT ( 'NONE',  ( -1.199797388700056588, 0.8100000000000001643, 0.03871756902057833793 ) ) ;
#6918 = FILL_AREA_STYLE_COLOUR ( '', #3004 ) ;
#6919 = CARTESIAN_POINT ( 'NONE',  ( -0.04484608999875776270, 0.8000000000000001554, -0.03835223617422705428 ) ) ;
#6920 = FILL_AREA_STYLE_COLOUR ( '', #5701 ) ;
#6921 = ORIENTED_EDGE ( 'NONE', *, *, #6405, .F. ) ;
#6922 = CARTESIAN_POINT ( 'NONE',  ( -0.8307241127872594388, 0.8000000000000001554, 0.2597191794654070129 ) ) ;
#6923 = CARTESIAN_POINT ( 'NONE',  ( -1.690000000000001501, 0.7000000000000000666, -0.9399999999999996136 ) ) ;
#6924 = ORIENTED_EDGE ( 'NONE', *, *, #6527, .T. ) ;
#6925 = UNCERTAINTY_MEASURE_WITH_UNIT (LENGTH_MEASURE( 1.000000000000000082E-05 ), #6274, 'distance_accuracy_value', 'NONE');
#6926 = STYLED_ITEM ( 'NONE', ( #3145 ), #2280 ) ;
#6927 = SURFACE_STYLE_FILL_AREA ( #3814 ) ;
#6928 = DIRECTION ( 'NONE',  ( 0.0000000000000000000, 0.0000000000000000000, 1.000000000000000000 ) ) ;
#6929 = CARTESIAN_POINT ( 'NONE',  ( 0.4304785853259170403, 0.8000000000000001554, -0.3385957426677335125 ) ) ;
#6930 = CARTESIAN_POINT ( 'NONE',  ( -0.2042210899987577377, 0.8100000000000001643, -0.3463879504599413073 ) ) ;
#6931 = CARTESIAN_POINT ( 'NONE',  ( -0.8969255993345039979, 0.8100000000000003864, 0.1997994325227886725 ) ) ;
#6932 = CARTESIAN_POINT ( 'NONE',  ( 1.332522936344635367, 0.8000000000000000444, -0.2591607176265893764 ) ) ;
#6933 = STYLED_ITEM ( 'NONE', ( #10001 ), #2410 ) ;
#6934 = CARTESIAN_POINT ( 'NONE',  ( -0.9355394374033130234, 0.7999999999999997113, -0.1411969333653852188 ) ) ;
#6935 = CARTESIAN_POINT ( 'NONE',  ( 0.9552999482041136803, 0.8100000000000002753, 0.1457032507546791311 ) ) ;
#6936 = EDGE_CURVE ( 'NONE', #4064, #2505, #2923, .T. ) ;
#6937 = ORIENTED_EDGE ( 'NONE', *, *, #8613, .T. ) ;
#6938 = CARTESIAN_POINT ( 'NONE',  ( -0.6312085470810466781, 0.7999999999999999334, 0.09372027392458531780 ) ) ;
#6939 = VECTOR ( 'NONE', #4305, 1000.000000000000000 ) ;
#6940 = FACE_OUTER_BOUND ( 'NONE', #3912, .T. ) ;
#6941 = SURFACE_STYLE_FILL_AREA ( #3823 ) ;
#6942 = CARTESIAN_POINT ( 'NONE',  ( 1.008696338567053985, 0.8000000000000000444, -0.2926507045620640457 ) ) ;
#6943 = CARTESIAN_POINT ( 'NONE',  ( -0.6841304672075357862, 0.8100000000000004974, -0.07269537814073266657 ) ) ;
#6944 = CARTESIAN_POINT ( 'NONE',  ( -0.8371056503808973481, 0.8100000000000002753, -0.2556739235011460387 ) ) ;
#6945 = DIRECTION ( 'NONE',  ( 1.000000000000000000, 0.0000000000000000000, 0.0000000000000000000 ) ) ;
#6946 = VECTOR ( 'NONE', #3281, 1000.000000000000000 ) ;
#6947 = ORIENTED_EDGE ( 'NONE', *, *, #3522, .T. ) ;
#6948 = ADVANCED_FACE ( 'NONE', ( #1553 ), #2310, .T. ) ;
#6949 = CARTESIAN_POINT ( 'NONE',  ( 1.349676276252058216, 0.8000000000000002665, 0.1988036398565385665 ) ) ;
#6950 =( NAMED_UNIT ( * ) SI_UNIT ( $, .STERADIAN. ) SOLID_ANGLE_UNIT ( ) );
#6951 = CARTESIAN_POINT ( 'NONE',  ( 0.9154359647753544937, 0.8000000000000002665, 0.01036776518324370767 ) ) ;
#6952 = DIRECTION ( 'NONE',  ( 1.000000000000000000, 0.0000000000000000000, 0.0000000000000000000 ) ) ;
#6953 = ORIENTED_EDGE ( 'NONE', *, *, #1268, .F. ) ;
#6954 = CARTESIAN_POINT ( 'NONE',  ( -1.065749709619301377, 0.8100000000000002753, -0.1906260720980112455 ) ) ;
#6955 = STYLED_ITEM ( 'NONE', ( #7609 ), #4578 ) ;
#6956 = ORIENTED_EDGE ( 'NONE', *, *, #3093, .T. ) ;
#6957 = EDGE_CURVE ( 'NONE', #10094, #1833, #2367, .T. ) ;
#6958 = FILL_AREA_STYLE_COLOUR ( '', #9839 ) ;
#6959 = CARTESIAN_POINT ( 'NONE',  ( 1.700000000000002176, 0.05000000000000000278, -1.149999999999998357 ) ) ;
#6960 = MECHANICAL_DESIGN_GEOMETRIC_PRESENTATION_REPRESENTATION (  '', ( #8288 ), #2398 ) ;
#6961 = CARTESIAN_POINT ( 'NONE',  ( 1.143224169393867617, 0.8000000000000002665, 0.1984716352287417829 ) ) ;
#6962 =( LENGTH_UNIT ( ) NAMED_UNIT ( * ) SI_UNIT ( .MILLI., .METRE. ) );
#6963 = CARTESIAN_POINT ( 'NONE',  ( -1.199797388700056588, 0.8000000000000001554, 0.03871756902057833793 ) ) ;
#6964 = DIRECTION ( 'NONE',  ( 1.000000000000000000, 0.0000000000000000000, 0.0000000000000000000 ) ) ;
#6965 = CARTESIAN_POINT ( 'NONE',  ( -0.09379089519356294258, 0.8100000000000001643, -0.2830762621482530439 ) ) ;
#6966 = DIRECTION ( 'NONE',  ( 0.0000000000000000000, 0.0000000000000000000, -1.000000000000000000 ) ) ;
#6967 = EDGE_LOOP ( 'NONE', ( #2314, #9991, #6613, #8144 ) ) ;
#6968 = CARTESIAN_POINT ( 'NONE',  ( 0.4928162476635793987, 0.8100000000000001643, 0.2614042573322663543 ) ) ;
#6969 = DIRECTION ( 'NONE',  ( 0.0000000000000000000, -1.000000000000000000, 0.0000000000000000000 ) ) ;
#6970 = ORIENTED_EDGE ( 'NONE', *, *, #3692, .T. ) ;
#6971 = ADVANCED_FACE ( 'NONE', ( #6397, #6242 ), #3885, .F. ) ;
#6972 = ORIENTED_EDGE ( 'NONE', *, *, #9068, .F. ) ;
#6973 = CARTESIAN_POINT ( 'NONE',  ( 1.310998065845397464, 0.8000000000000001554, 0.1377029586309676257 ) ) ;
#6974 = LINE ( 'NONE', #10133, #1273 ) ;
#6975 = CARTESIAN_POINT ( 'NONE',  ( 1.034616210605846076, 0.8000000000000003775, -0.3122057288242080508 ) ) ;
#6976 = SURFACE_SIDE_STYLE ('',( #6823 ) ) ;
#6977 = DIRECTION ( 'NONE',  ( 0.0000000000000000000, 0.0000000000000000000, 1.000000000000000000 ) ) ;
#6978 = LINE ( 'NONE', #2235, #5575 ) ;
#6979 = CARTESIAN_POINT ( 'NONE',  ( -1.314975960128627941, 0.8100000000000001643, -0.1671671712391619158 ) ) ;
#6980 = VECTOR ( 'NONE', #1415, 1000.000000000000000 ) ;
#6981 = CARTESIAN_POINT ( 'NONE',  ( -1.799999999999999822, 0.8000000000000001554, -0.7999999999999999334 ) ) ;
#6982 = CARTESIAN_POINT ( 'NONE',  ( 1.083819550285113564, 0.8000000000000001554, -0.2619415521529300239 ) ) ;
#6983 = EDGE_LOOP ( 'NONE', ( #9327, #5984, #6291, #9800 ) ) ;
#6984 = CARTESIAN_POINT ( 'NONE',  ( -0.6268609162529799050, 0.8000000000000000444, 0.06388807473244538515 ) ) ;
#6985 = CYLINDRICAL_SURFACE ( 'NONE', #2255, 0.02000000000000005246 ) ;
#6986 = DIRECTION ( 'NONE',  ( -7.193978148588995322E-14, 1.000000000000000000, -7.905186020114155214E-14 ) ) ;
#6987 = LINE ( 'NONE', #5609, #4775 ) ;
#6988 = CARTESIAN_POINT ( 'NONE',  ( -0.7726943329369242441, 0.8100000000000000533, -0.2836615379771812440 ) ) ;
#6989 = COLOUR_RGB ( '',0.09803921568627450844, 0.09803921568627450844, 0.09803921568627450844 ) ;
#6990 = CARTESIAN_POINT ( 'NONE',  ( 1.297565285884650255, 0.8100000000000006084, 0.1502983916697806510 ) ) ;
#6991 = CARTESIAN_POINT ( 'NONE',  ( -0.6940762149095593969, 0.8000000000000000444, 0.1046169461353853164 ) ) ;
#6992 = PRESENTATION_LAYER_ASSIGNMENT (  '', '', ( #7505 ) ) ;
#6993 = CARTESIAN_POINT ( 'NONE',  ( -0.8582704643846834625, 0.8100000000000004974, -0.2190615026646613173 ) ) ;
#6994 = PLANE ( 'NONE',  #9840 ) ;
#6995 = DIRECTION ( 'NONE',  ( 0.0000000000000000000, 0.0000000000000000000, -1.000000000000000000 ) ) ;
#6996 = CARTESIAN_POINT ( 'NONE',  ( 0.7228317532724791716, 0.8000000000000003775, -0.3322803835254024007 ) ) ;
#6997 = VERTEX_POINT ( 'NONE', #6453 ) ;
#6998 = CARTESIAN_POINT ( 'NONE',  ( -0.6241390475355809153, 0.8000000000000000444, -0.1158651187780950637 ) ) ;
#6999 =( NAMED_UNIT ( * ) PLANE_ANGLE_UNIT ( ) SI_UNIT ( $, .RADIAN. ) );
#7000 = CARTESIAN_POINT ( 'NONE',  ( 1.130905386041801908, 0.8100000000000000533, -0.2748422398314226411 ) ) ;
#7001 = DIRECTION ( 'NONE',  ( -1.000000000000000000, -0.0000000000000000000, 1.807003620809173646E-16 ) ) ;
#7002 =( LENGTH_UNIT ( ) NAMED_UNIT ( * ) SI_UNIT ( .MILLI., .METRE. ) );
#7003 = CARTESIAN_POINT ( 'NONE',  ( 1.015384287448396705, 0.8000000000000001554, 0.1241066884129952280 ) ) ;
#7004 = CARTESIAN_POINT ( 'NONE',  ( 1.008696338567053985, 0.8100000000000000533, -0.2926507045620640457 ) ) ;
#7005 = DIRECTION ( 'NONE',  ( -5.421010862427534003E-16, 0.0000000000000000000, 1.000000000000000000 ) ) ;
#7006 = PRESENTATION_LAYER_ASSIGNMENT (  '', '', ( #6364 ) ) ;
#7007 = CARTESIAN_POINT ( 'NONE',  ( -1.700000000000001732, 0.6000000000000000888, 1.249999999999998668 ) ) ;
#7008 = ORIENTED_EDGE ( 'NONE', *, *, #9788, .T. ) ;
#7009 =( NAMED_UNIT ( * ) PLANE_ANGLE_UNIT ( ) SI_UNIT ( $, .RADIAN. ) );
#7010 = ORIENTED_EDGE ( 'NONE', *, *, #4793, .T. ) ;
#7011 = B_SPLINE_SURFACE_WITH_KNOTS ( 'NONE', 3, 1, ( 
 ( #5037, #7657 ),
 ( #5340, #1465 ),
 ( #8377, #9933 ),
 ( #2473, #4464 ),
 ( #925, #9499 ),
 ( #4813, #4516 ),
 ( #5578, #6124 ),
 ( #627, #4763 ),
 ( #5532, #8677 ),
 ( #9160, #1648 ),
 ( #7957, #2129 ),
 ( #1700, #7608 ),
 ( #2419, #573 ),
 ( #1414, #6068 ),
 ( #6870, #7905 ),
 ( #6771, #10033 ),
 ( #3937, #2887 ),
 ( #6818, #7854 ),
 ( #3192, #6016 ) ),
 .UNSPECIFIED., .F., .F., .F.,
 ( 4, 1, 1, 1, 1, 1, 1, 1, 1, 1, 1, 1, 1, 1, 1, 1, 4 ),
 ( 2, 2 ),
 ( 0.0000000000000000000, 0.1206675161426108145, 0.2309294132593920634, 0.3309228483128898168, 0.4207704713085048120, 0.5010777902696155195, 0.5717006200233741842, 0.6331727153130470853, 0.6858414944559071413, 0.7330485117757723490, 0.7767032029398726056, 0.8172975603403954681, 0.8554421780553925769, 0.8920848149530556936, 0.9277934961332928721, 0.9634652945205791630, 1.000000000000000000 ),
 ( 0.0000000000000000000, 1.000000000000000000 ),
 .UNSPECIFIED. ) ;
#7012 = CARTESIAN_POINT ( 'NONE',  ( -1.215821219225363459, 0.8000000000000004885, 0.1553185206644947525 ) ) ;
#7013 = CARTESIAN_POINT ( 'NONE',  ( 0.6263049177773969411, 0.8000000000000001554, 0.004052721147071307838 ) ) ;
#7014 = CARTESIAN_POINT ( 'NONE',  ( -1.145983941985674770, 0.8099999999999999423, -0.01907317185959968991 ) ) ;
#7015 = EDGE_CURVE ( 'NONE', #4601, #2368, #5527, .T. ) ;
#7016 = FILL_AREA_STYLE ('',( #9403 ) ) ;
#7017 = SURFACE_STYLE_FILL_AREA ( #5485 ) ;
#7018 = CARTESIAN_POINT ( 'NONE',  ( 0.6806927467880080629, 0.8000000000000001554, -0.2670300869244118802 ) ) ;
#7019 = LINE ( 'NONE', #4458, #1783 ) ;
#7020 = ORIENTED_EDGE ( 'NONE', *, *, #2098, .F. ) ;
#7021 = CARTESIAN_POINT ( 'NONE',  ( -0.9165349270669702619, 0.8000000000000003775, 0.1586085643082465746 ) ) ;
#7022 = ADVANCED_FACE ( 'NONE', ( #34 ), #975, .T. ) ;
#7023 = STYLED_ITEM ( 'NONE', ( #8583 ), #7275 ) ;
#7024 = ADVANCED_FACE ( 'NONE', ( #6601 ), #5773, .T. ) ;
#7025 = UNCERTAINTY_MEASURE_WITH_UNIT (LENGTH_MEASURE( 1.000000000000000082E-05 ), #3742, 'distance_accuracy_value', 'NONE');
#7026 = FACE_OUTER_BOUND ( 'NONE', #5837, .T. ) ;
#7027 = DIRECTION ( 'NONE',  ( 1.000000000000000000, -0.0000000000000000000, -0.0000000000000000000 ) ) ;
#7028 = PRESENTATION_LAYER_ASSIGNMENT (  '', '', ( #1647 ) ) ;
#7029 = CARTESIAN_POINT ( 'NONE',  ( 0.6995323158840351940, 0.8000000000000003775, -0.0009342659785639942545 ) ) ;
#7030 = EDGE_CURVE ( 'NONE', #3886, #820, #7678, .T. ) ;
#7031 = DIRECTION ( 'NONE',  ( 1.000000000000000000, 0.0000000000000000000, -1.807003620809173646E-16 ) ) ;
#7032 = CARTESIAN_POINT ( 'NONE',  ( 0.7268259879233197607, 0.8100000000000001643, 0.02057633525434429331 ) ) ;
#7033 = CARTESIAN_POINT ( 'NONE',  ( 0.8277482735661993996, 0.8100000000000001643, -0.1676507290365069902 ) ) ;
#7034 = CARTESIAN_POINT ( 'NONE',  ( -0.2049516094792772358, 0.8100000000000001643, 0.2691964651244741491 ) ) ;
#7035 = MECHANICAL_DESIGN_GEOMETRIC_PRESENTATION_REPRESENTATION (  '', ( #5077 ), #8526 ) ;
#7036 = ORIENTED_EDGE ( 'NONE', *, *, #4899, .T. ) ;
#7037 = UNCERTAINTY_MEASURE_WITH_UNIT (LENGTH_MEASURE( 1.000000000000000082E-05 ), #3214, 'distance_accuracy_value', 'NONE');
#7038 =( NAMED_UNIT ( * ) SI_UNIT ( $, .STERADIAN. ) SOLID_ANGLE_UNIT ( ) );
#7039 =( LENGTH_UNIT ( ) NAMED_UNIT ( * ) SI_UNIT ( .MILLI., .METRE. ) );
#7040 = LINE ( 'NONE', #2642, #8792 ) ;
#7041 = FACE_OUTER_BOUND ( 'NONE', #3650, .T. ) ;
#7042 = AXIS2_PLACEMENT_3D ( 'NONE', #6370, #1618, #843 ) ;
#7043 = CARTESIAN_POINT ( 'NONE',  ( 1.048523752515592822, 0.7999999999999998224, -0.3202922887673315677 ) ) ;
#7044 = CARTESIAN_POINT ( 'NONE',  ( 1.157101961949293933, 0.8000000000000002665, -0.2762580803300713206 ) ) ;
#7045 = AXIS2_PLACEMENT_3D ( 'NONE', #7107, #1683, #3121 ) ;
#7046 = LINE ( 'NONE', #1536, #1891 ) ;
#7047 = DIRECTION ( 'NONE',  ( 0.0000000000000000000, -1.000000000000000000, -0.0000000000000000000 ) ) ;
#7048 = CARTESIAN_POINT ( 'NONE',  ( -0.8292934852787272604, 0.8100000000000000533, -0.2644484180090710401 ) ) ;
#7049 = CARTESIAN_POINT ( 'NONE',  ( -1.232199153339927689, 0.8099999999999998312, 0.07350993638377058270 ) ) ;
#7050 = CARTESIAN_POINT ( 'NONE',  ( -0.1556540735424798150, 0.8100000000000002753, -0.3379037307884836805 ) ) ;
#7051 = ORIENTED_EDGE ( 'NONE', *, *, #8982, .F. ) ;
#7052 = PLANE ( 'NONE',  #9364 ) ;
#7053 = ORIENTED_EDGE ( 'NONE', *, *, #2659, .T. ) ;
#7054 = CARTESIAN_POINT ( 'NONE',  ( -0.6704142718169396886, 0.8000000000000001554, -0.2830762621482528218 ) ) ;
#7055 = CARTESIAN_POINT ( 'NONE',  ( -0.7832927807602165782, 0.8000000000000002665, 0.2067320204147046758 ) ) ;
#7056 = CARTESIAN_POINT ( 'NONE',  ( -1.249103758813025600, 0.8000000000000001554, -0.2004288458978820686 ) ) ;
#7057 =( NAMED_UNIT ( * ) SI_UNIT ( $, .STERADIAN. ) SOLID_ANGLE_UNIT ( ) );
#7058 = CARTESIAN_POINT ( 'NONE',  ( 1.163311377533709612, 0.8000000000000001554, 0.1990665949946039959 ) ) ;
#7059 = VECTOR ( 'NONE', #7552, 1000.000000000000000 ) ;
#7060 = DIRECTION ( 'NONE',  ( -1.000000000000000000, 0.0000000000000000000, 0.0000000000000000000 ) ) ;
#7061 = VECTOR ( 'NONE', #8378, 1000.000000000000000 ) ;
#7062 = ORIENTED_EDGE ( 'NONE', *, *, #2107, .F. ) ;
#7063 = SURFACE_SIDE_STYLE ('',( #7176 ) ) ;
#7064 = ORIENTED_EDGE ( 'NONE', *, *, #8474, .T. ) ;
#7065 = CARTESIAN_POINT ( 'NONE',  ( -1.195261560662674194, 0.8100000000000001643, 0.1300811006393071956 ) ) ;
#7066 = EDGE_CURVE ( 'NONE', #8546, #3230, #3272, .T. ) ;
#7067 = LINE ( 'NONE', #8430, #5185 ) ;
#7068 = ADVANCED_FACE ( 'NONE', ( #6086 ), #5258, .F. ) ;
#7069 = AXIS2_PLACEMENT_3D ( 'NONE', #5470, #6187, #9389 ) ;
#7070 = AXIS2_PLACEMENT_3D ( 'NONE', #8818, #283, #974 ) ;
#7071 = AXIS2_PLACEMENT_3D ( 'NONE', #610, #8363, #4451 ) ;
#7072 = VECTOR ( 'NONE', #1453, 1000.000000000000000 ) ;
#7073 = CARTESIAN_POINT ( 'NONE',  ( -0.7764033491413933064, 0.8000000000000001554, 0.2067437273318468716 ) ) ;
#7074 = SURFACE_STYLE_FILL_AREA ( #2476 ) ;
#7075 = CARTESIAN_POINT ( 'NONE',  ( -1.314975960128627941, 0.8100000000000001643, -0.1671671712391619158 ) ) ;
#7076 = CARTESIAN_POINT ( 'NONE',  ( -0.1278578422289222694, 0.8000000000000004885, -0.3218505470780833044 ) ) ;
#7077 = DIRECTION ( 'NONE',  ( 0.0000000000000000000, -1.000000000000000000, -0.0000000000000000000 ) ) ;
#7078 = CARTESIAN_POINT ( 'NONE',  ( 1.082215319321230940, 0.8100000000000002753, 0.2553476048428356404 ) ) ;
#7079 = STYLED_ITEM ( 'NONE', ( #2906 ), #2069 ) ;
#7080 = VERTEX_POINT ( 'NONE', #10000 ) ;
#7081 = COLOUR_RGB ( '',0.09803921568627450844, 0.09803921568627450844, 0.09803921568627450844 ) ;
#7082 = CARTESIAN_POINT ( 'NONE',  ( 2.000000000000002220, 0.0000000000000000000, 0.9500000000000000666 ) ) ;
#7083 = STYLED_ITEM ( 'NONE', ( #1817 ), #9302 ) ;
#7084 = ORIENTED_EDGE ( 'NONE', *, *, #1006, .T. ) ;
#7085 = B_SPLINE_SURFACE_WITH_KNOTS ( 'NONE', 3, 1, ( 
 ( #6591, #3560 ),
 ( #3665, #1331 ),
 ( #5250, #5048 ),
 ( #5975, #3720 ),
 ( #3520, #8960 ),
 ( #1174, #9898 ),
 ( #2084, #7477 ),
 ( #426, #9842 ),
 ( #8391, #1381 ),
 ( #9067, #9119 ),
 ( #5198, #2753 ),
 ( #2803, #6782 ),
 ( #9947, #3607 ),
 ( #481, #4477 ),
 ( #9790, #8291 ),
 ( #7429, #2041 ),
 ( #4413, #7619 ),
 ( #8337, #9012 ),
 ( #5922, #7571 ) ),
 .UNSPECIFIED., .F., .F., .F.,
 ( 4, 1, 1, 1, 1, 1, 1, 1, 1, 1, 1, 1, 1, 1, 1, 1, 4 ),
 ( 2, 2 ),
 ( 0.0000000000000000000, 0.06530907536844211825, 0.1273217568405940747, 0.1874334827377978074, 0.2446927594108413428, 0.3011153301794989856, 0.3560564563120360848, 0.4119286898836274635, 0.4679210221140056025, 0.5247090985724103263, 0.5832996787803078620, 0.6436255801513798280, 0.7076339532428078671, 0.7743110769564426343, 0.8449335190726053879, 0.9200651301249338498, 1.000000000000000000 ),
 ( 0.0000000000000000000, 1.000000000000000000 ),
 .UNSPECIFIED. ) ;
#7086 = EDGE_CURVE ( 'NONE', #7094, #2012, #4441, .T. ) ;
#7087 = B_SPLINE_CURVE_WITH_KNOTS ( 'NONE', 3,
 ( #8356, #1298, #2163, #7496, #1398, #3035, #8263, #9245, #3740, #2059, #1353, #7543, #9030, #5319, #655, #4439, #1443, #5944, #7589 ),
 .UNSPECIFIED., .F., .F.,
 ( 4, 1, 1, 1, 1, 1, 1, 1, 1, 1, 1, 1, 1, 1, 1, 1, 4 ),
 ( 0.0000000000000000000, 0.03476247499314130684, 0.06921761996766298553, 0.1040827908270605118, 0.1396233419469607717, 0.1780076438586627730, 0.2187066205196006308, 0.2628484765996418338, 0.3106326191763026934, 0.3641701430560785879, 0.4264757682148802576, 0.4977490005588234290, 0.5783092054372712676, 0.6685643758583321716, 0.7690571095696285830, 0.8794894768587031564, 1.000000000000000000 ),
 .UNSPECIFIED. ) ;
#7088 = FILL_AREA_STYLE ('',( #5494 ) ) ;
#7089 = CARTESIAN_POINT ( 'NONE',  ( 1.162946117793449696, 0.8000000000000001554, -0.3463879504599414183 ) ) ;
#7090 = CARTESIAN_POINT ( 'NONE',  ( -0.1137762493929458524, 0.8100000000000000533, -0.1599104248217349256 ) ) ;
#7091 = DIRECTION ( 'NONE',  ( -0.0000000000000000000, -1.000000000000000000, -0.0000000000000000000 ) ) ;
#7092 = LINE ( 'NONE', #9623, #1499 ) ;
#7093 = CARTESIAN_POINT ( 'NONE',  ( 0.9215764652520558320, 0.8100000000000001643, 0.05342762561027472601 ) ) ;
#7094 = VERTEX_POINT ( 'NONE', #68 ) ;
#7095 = CARTESIAN_POINT ( 'NONE',  ( -1.779999999999999583, 0.8000000000000001554, -0.7999999999999999334 ) ) ;
#7096 = SURFACE_STYLE_FILL_AREA ( #2587 ) ;
#7097 = CARTESIAN_POINT ( 'NONE',  ( -1.800000000000001155, 0.0000000000000000000, 1.249999999999998668 ) ) ;
#7098 = EDGE_CURVE ( 'NONE', #2050, #3086, #3175, .T. ) ;
#7099 = SURFACE_SIDE_STYLE ('',( #8703 ) ) ;
#7100 = CARTESIAN_POINT ( 'NONE',  ( -0.2042210899987577377, 0.8100000000000001643, -0.3463879504599413073 ) ) ;
#7101 = CARTESIAN_POINT ( 'NONE',  ( 1.093981984818054753, 0.7999999999999998224, -0.3379218494134918482 ) ) ;
#7102 = LINE ( 'NONE', #3216, #7958 ) ;
#7103 = LINE ( 'NONE', #66, #1613 ) ;
#7104 = CARTESIAN_POINT ( 'NONE',  ( 1.221148142981639761, 0.8100000000000002753, 0.2639327839366536477 ) ) ;
#7105 = CARTESIAN_POINT ( 'NONE',  ( -1.216618443664751137, 0.8100000000000001643, 0.05616803816689309309 ) ) ;
#7106 = EDGE_LOOP ( 'NONE', ( #2382, #1401, #7760, #6429, #3630 ) ) ;
#7107 = CARTESIAN_POINT ( 'NONE',  ( -2.000000000000000000, 0.6100000000000000977, 1.249999999999999556 ) ) ;
#7108 = ORIENTED_EDGE ( 'NONE', *, *, #114, .T. ) ;
#7109 = CIRCLE ( 'NONE', #2699, 0.3199999999999999512 ) ;
#7110 = CARTESIAN_POINT ( 'NONE',  ( -0.7902972601302427069, 0.8000000000000000444, 0.2064814501221109433 ) ) ;
#7111 = CARTESIAN_POINT ( 'NONE',  ( -1.167872041210175516, 0.8100000000000001643, 0.1000644643274157253 ) ) ;
#7112 = CARTESIAN_POINT ( 'NONE',  ( 0.9215764652520558320, 0.8000000000000001554, 0.05342762561027472601 ) ) ;
#7113 = CARTESIAN_POINT ( 'NONE',  ( 1.143224169393867617, 0.8100000000000002753, 0.1984716352287417829 ) ) ;
#7114 = LINE ( 'NONE', #2466, #1671 ) ;
#7115 = SURFACE_STYLE_USAGE ( .BOTH. , #7796 ) ;
#7116 = ORIENTED_EDGE ( 'NONE', *, *, #5331, .T. ) ;
#7117 = ORIENTED_EDGE ( 'NONE', *, *, #3658, .F. ) ;
#7118 = DIRECTION ( 'NONE',  ( -0.0000000000000000000, -1.000000000000000000, -0.0000000000000000000 ) ) ;
#7119 = PRESENTATION_LAYER_ASSIGNMENT (  '', '', ( #3845 ) ) ;
#7120 = CARTESIAN_POINT ( 'NONE',  ( -0.7600374193871894946, 0.8100000000000000533, 0.2038730212101721728 ) ) ;
#7121 =( NAMED_UNIT ( * ) PLANE_ANGLE_UNIT ( ) SI_UNIT ( $, .RADIAN. ) );
#7122 = FILL_AREA_STYLE_COLOUR ( '', #1201 ) ;
#7123 = CARTESIAN_POINT ( 'NONE',  ( 0.5880981844943229397, 0.8000000000000000444, -0.003286822654661138675 ) ) ;
#7124 = DIRECTION ( 'NONE',  ( 0.0000000000000000000, 0.0000000000000000000, 1.000000000000000000 ) ) ;
#7125 = CARTESIAN_POINT ( 'NONE',  ( -0.1489350797471164778, 0.8100000000000001643, 0.1783679799842596836 ) ) ;
#7126 = CARTESIAN_POINT ( 'NONE',  ( 0.7340907375426035664, 0.8000000000000000444, -0.09827526575600521730 ) ) ;
#7127 = CARTESIAN_POINT ( 'NONE',  ( 1.027658874949179735, 0.8100000000000002753, 0.1398890479119450914 ) ) ;
#7128 =( NAMED_UNIT ( * ) PLANE_ANGLE_UNIT ( ) SI_UNIT ( $, .RADIAN. ) );
#7129 = VECTOR ( 'NONE', #81, 1000.000000000000000 ) ;
#7130 = ORIENTED_EDGE ( 'NONE', *, *, #99, .T. ) ;
#7131 = CARTESIAN_POINT ( 'NONE',  ( 1.053438089011889955, 0.8100000000000000533, -0.2438547966822987578 ) ) ;
#7132 = VERTEX_POINT ( 'NONE', #2503 ) ;
#7133 = UNCERTAINTY_MEASURE_WITH_UNIT (LENGTH_MEASURE( 1.000000000000000082E-05 ), #4124, 'distance_accuracy_value', 'NONE');
#7134 = COLOUR_RGB ( '',1.000000000000000000, 0.8078431372549019773, 0.4980392156862745168 ) ;
#7135 = DIRECTION ( 'NONE',  ( 0.0000000000000000000, 0.0000000000000000000, -1.000000000000000000 ) ) ;
#7136 =( GEOMETRIC_REPRESENTATION_CONTEXT ( 3 ) GLOBAL_UNCERTAINTY_ASSIGNED_CONTEXT ( ( #7358 ) ) GLOBAL_UNIT_ASSIGNED_CONTEXT ( ( #3673, #4377, #5257 ) ) REPRESENTATION_CONTEXT ( 'NONE', 'WORKASPACE' ) );
#7137 = PRESENTATION_STYLE_ASSIGNMENT (( #197 ) ) ;
#7138 = LINE ( 'NONE', #2386, #5438 ) ;
#7139 = CARTESIAN_POINT ( 'NONE',  ( 0.9999999999999997780, 0.05000000000000000278, -0.3500000000000000333 ) ) ;
#7140 = CARTESIAN_POINT ( 'NONE',  ( -0.06008516065852214511, 0.8100000000000000533, 0.1213210819162673509 ) ) ;
#7141 = CARTESIAN_POINT ( 'NONE',  ( 1.156894205146562049, 0.8000000000000001554, -0.3463191467530827294 ) ) ;
#7142 = CARTESIAN_POINT ( 'NONE',  ( -0.05667367302309494342, 0.8000000000000004885, -0.1828574044858319037 ) ) ;
#7143 = EDGE_CURVE ( 'NONE', #2828, #6334, #9999, .T. ) ;
#7144 = CARTESIAN_POINT ( 'NONE',  ( 0.7039794068848216346, 0.8100000000000002753, -0.01058129199628089073 ) ) ;
#7145 = CARTESIAN_POINT ( 'NONE',  ( 0.9181874791317137241, 0.8100000000000001643, 0.03228606671692317576 ) ) ;
#7146 = B_SPLINE_CURVE_WITH_KNOTS ( 'NONE', 3,
 ( #7756, #3044, #725, #8476, #6201, #3848, #6809, #2319, #6061, #9202, #6862, #1561, #513, #2172, #3752, #8422, #10023, #2989, #1653 ),
 .UNSPECIFIED., .F., .F.,
 ( 4, 1, 1, 1, 1, 1, 1, 1, 1, 1, 1, 1, 1, 1, 1, 1, 4 ),
 ( 0.0000000000000000000, 0.09461484262909476695, 0.1836834623759331098, 0.2670219024662580654, 0.3451095466059843075, 0.4178374162441567674, 0.4855421053389512576, 0.5487752445457689809, 0.6077562862289902501, 0.6628684891831970738, 0.7144579905412640208, 0.7630693177096038449, 0.8100590634505960841, 0.8560639889199529451, 0.9024574209556276427, 0.9500767445819809920, 0.9999999999999998890 ),
 .UNSPECIFIED. ) ;
#7147 = AXIS2_PLACEMENT_3D ( 'NONE', #4950, #167, #7314 ) ;
#7148 = ORIENTED_EDGE ( 'NONE', *, *, #1897, .T. ) ;
#7149 = UNCERTAINTY_MEASURE_WITH_UNIT (LENGTH_MEASURE( 1.000000000000000082E-05 ), #7002, 'distance_accuracy_value', 'NONE');
#7150 =( NAMED_UNIT ( * ) PLANE_ANGLE_UNIT ( ) SI_UNIT ( $, .RADIAN. ) );
#7151 = AXIS2_PLACEMENT_3D ( 'NONE', #2674, #8444, #3397 ) ;
#7152 = CARTESIAN_POINT ( 'NONE',  ( 0.8141705525290626744, 0.8099999999999999423, -0.09738969373485910352 ) ) ;
#7153 = SURFACE_STYLE_USAGE ( .BOTH. , #3066 ) ;
#7154 = CARTESIAN_POINT ( 'NONE',  ( 1.700000000000001288, 0.6100000000000000977, 1.199999999999998623 ) ) ;
#7155 = CARTESIAN_POINT ( 'NONE',  ( -0.6279907543077795085, 0.8100000000000000533, -0.1507744555896408933 ) ) ;
#7156 = ADVANCED_FACE ( 'NONE', ( #3326, #9479 ), #6994, .T. ) ;
#7157 = SURFACE_STYLE_USAGE ( .BOTH. , #9478 ) ;
#7158 = CARTESIAN_POINT ( 'NONE',  ( -1.199797388700056588, 0.8100000000000001643, 0.03871756902057833793 ) ) ;
#7159 = CARTESIAN_POINT ( 'NONE',  ( -0.4656253107779785294, 0.8000000000000001554, 0.1756899716179806670 ) ) ;
#7160 = ORIENTED_EDGE ( 'NONE', *, *, #9164, .F. ) ;
#7161 = DIRECTION ( 'NONE',  ( 5.421010862427534003E-16, -0.0000000000000000000, 1.000000000000000000 ) ) ;
#7162 = EDGE_LOOP ( 'NONE', ( #5875, #8922, #1564, #8217, #8860, #5562 ) ) ;
#7163 = SURFACE_SIDE_STYLE ('',( #9640 ) ) ;
#7164 = CARTESIAN_POINT ( 'NONE',  ( 0.9761493331948322139, 0.8000000000000002665, -0.05727748738160613057 ) ) ;
#7165 = COLOUR_RGB ( '',0.09803921568627450844, 0.09803921568627450844, 0.09803921568627450844 ) ;
#7166 = LINE ( 'NONE', #2460, #8063 ) ;
#7167 = DIRECTION ( 'NONE',  ( 0.0000000000000000000, 0.0000000000000000000, 1.000000000000000000 ) ) ;
#7168 = STYLED_ITEM ( 'NONE', ( #3179 ), #5399 ) ;
#7169 = CARTESIAN_POINT ( 'NONE',  ( 0.7099674234992096045, 0.8099999999999997202, 0.006321288170787106239 ) ) ;
#7170 = CARTESIAN_POINT ( 'NONE',  ( -1.249103758813025600, 0.8100000000000001643, -0.2004288458978820686 ) ) ;
#7171 = CARTESIAN_POINT ( 'NONE',  ( -0.8456859172198655239, 0.8099999999999998312, 0.2522336301823542848 ) ) ;
#7172 = CARTESIAN_POINT ( 'NONE',  ( 0.9967356178280423196, 0.8100000000000003864, -0.2810438384004351198 ) ) ;
#7173 =( NAMED_UNIT ( * ) SI_UNIT ( $, .STERADIAN. ) SOLID_ANGLE_UNIT ( ) );
#7174 = DIRECTION ( 'NONE',  ( 0.0000000000000000000, 0.0000000000000000000, -1.000000000000000000 ) ) ;
#7175 = ORIENTED_EDGE ( 'NONE', *, *, #7219, .T. ) ;
#7176 = SURFACE_STYLE_FILL_AREA ( #4708 ) ;
#7177 = VERTEX_POINT ( 'NONE', #7208 ) ;
#7178 = VECTOR ( 'NONE', #9841, 1000.000000000000000 ) ;
#7179 = ORIENTED_EDGE ( 'NONE', *, *, #7521, .T. ) ;
#7180 = CARTESIAN_POINT ( 'NONE',  ( -0.6214694666221345365, 0.8000000000000001554, -0.03835223617422683917 ) ) ;
#7181 =( LENGTH_UNIT ( ) NAMED_UNIT ( * ) SI_UNIT ( .MILLI., .METRE. ) );
#7182 =( NAMED_UNIT ( * ) SI_UNIT ( $, .STERADIAN. ) SOLID_ANGLE_UNIT ( ) );
#7183 = CARTESIAN_POINT ( 'NONE',  ( 1.303205858053190003, 0.8100000000000001643, -0.1515827556547466592 ) ) ;
#7184 = CARTESIAN_POINT ( 'NONE',  ( -1.007301231735466374, 0.8100000000000001643, -0.1353502566995649359 ) ) ;
#7185 = LINE ( 'NONE', #9344, #5306 ) ;
#7186 = CARTESIAN_POINT ( 'NONE',  ( -0.1278578422289222694, 0.8100000000000004974, -0.3218505470780833044 ) ) ;
#7187 = CARTESIAN_POINT ( 'NONE',  ( 0.7651626730475316052, 0.8100000000000002753, -0.1581059127556937727 ) ) ;
#7188 = CARTESIAN_POINT ( 'NONE',  ( 0.7305303360016647263, 0.8000000000000000444, -0.2492342270596441256 ) ) ;
#7189 = ORIENTED_EDGE ( 'NONE', *, *, #5247, .F. ) ;
#7190 = ORIENTED_EDGE ( 'NONE', *, *, #9670, .T. ) ;
#7191 = AXIS2_PLACEMENT_3D ( 'NONE', #2224, #8528, #6966 ) ;
#7192 = SURFACE_STYLE_FILL_AREA ( #1149 ) ;
#7193 = CARTESIAN_POINT ( 'NONE',  ( -0.3243566544586065081, 0.8100000000000000533, -0.2680366577904281233 ) ) ;
#7194 = CARTESIAN_POINT ( 'NONE',  ( 1.157101961949293933, 0.8100000000000001643, -0.2762580803300713206 ) ) ;
#7195 = SURFACE_STYLE_FILL_AREA ( #2539 ) ;
#7196 = SURFACE_STYLE_FILL_AREA ( #4059 ) ;
#7197 = CARTESIAN_POINT ( 'NONE',  ( 0.8668422216895534937, 0.8100000000000001643, 0.2614042573322663543 ) ) ;
#7198 = CARTESIAN_POINT ( 'NONE',  ( 0.8078644953902490711, 0.8100000000000003864, -0.08467447560146462715 ) ) ;
#7199 = SURFACE_STYLE_USAGE ( .BOTH. , #8085 ) ;
#7200 = ORIENTED_EDGE ( 'NONE', *, *, #2708, .T. ) ;
#7201 = DIRECTION ( 'NONE',  ( 0.0000000000000000000, -0.0000000000000000000, 1.000000000000000000 ) ) ;
#7202 = CARTESIAN_POINT ( 'NONE',  ( 0.8274886604280552449, 0.8100000000000004974, -0.1567041611636912912 ) ) ;
#7203 = LINE ( 'NONE', #9586, #3952 ) ;
#7204 =( NAMED_UNIT ( * ) SI_UNIT ( $, .STERADIAN. ) SOLID_ANGLE_UNIT ( ) );
#7205 =( NAMED_UNIT ( * ) PLANE_ANGLE_UNIT ( ) SI_UNIT ( $, .RADIAN. ) );
#7206 =( GEOMETRIC_REPRESENTATION_CONTEXT ( 3 ) GLOBAL_UNCERTAINTY_ASSIGNED_CONTEXT ( ( #2140 ) ) GLOBAL_UNIT_ASSIGNED_CONTEXT ( ( #6531, #4121, #7261 ) ) REPRESENTATION_CONTEXT ( 'NONE', 'WORKASPACE' ) );
#7207 = CARTESIAN_POINT ( 'NONE',  ( 0.7414669201178065716, 0.8000000000000001554, 0.03824852833896076609 ) ) ;
#7208 = CARTESIAN_POINT ( 'NONE',  ( -1.499999999999999778, 0.7200000000000001954, -1.099999999999999867 ) ) ;
#7209 = ORIENTED_EDGE ( 'NONE', *, *, #2659, .F. ) ;
#7210 = CARTESIAN_POINT ( 'NONE',  ( -1.970000000000001306, 0.6800000000000000488, -0.9399999999999996136 ) ) ;
#7211 = ORIENTED_EDGE ( 'NONE', *, *, #1227, .T. ) ;
#7212 = DIRECTION ( 'NONE',  ( -1.000000000000000000, 0.0000000000000000000, 0.0000000000000000000 ) ) ;
#7213 = CARTESIAN_POINT ( 'NONE',  ( -2.000000000000001776, 0.6000000000000000888, -1.050000000000000044 ) ) ;
#7214 = ADVANCED_FACE ( 'NONE', ( #159 ), #2352, .F. ) ;
#7215 = CARTESIAN_POINT ( 'NONE',  ( -1.148591878498414598, 0.8100000000000001643, 0.07920967903884491845 ) ) ;
#7216 = FILL_AREA_STYLE ('',( #4905 ) ) ;
#7217 = CARTESIAN_POINT ( 'NONE',  ( -1.226057569575354167, 0.8100000000000001643, -0.2519226041761558621 ) ) ;
#7218 = CARTESIAN_POINT ( 'NONE',  ( 1.000000000000000000, 0.0000000000000000000, -1.149999999999998357 ) ) ;
#7219 = EDGE_CURVE ( 'NONE', #8358, #4411, #7511, .T. ) ;
#7220 = CARTESIAN_POINT ( 'NONE',  ( 0.8271341719677763882, 0.8000000000000001554, -0.1981921041820712825 ) ) ;
#7221 = CARTESIAN_POINT ( 'NONE',  ( -1.000000000000000222, 0.05000000000000000278, 1.149999999999998801 ) ) ;
#7222 = EDGE_LOOP ( 'NONE', ( #4800, #8607, #7920, #7370 ) ) ;
#7223 = CARTESIAN_POINT ( 'NONE',  ( -1.063039086753878593, 0.8100000000000004974, -0.3177499664388421241 ) ) ;
#7224 = STYLED_ITEM ( 'NONE', ( #6552 ), #8100 ) ;
#7225 = ORIENTED_EDGE ( 'NONE', *, *, #4421, .F. ) ;
#7226 = ORIENTED_EDGE ( 'NONE', *, *, #2236, .F. ) ;
#7227 = SURFACE_STYLE_FILL_AREA ( #1082 ) ;
#7228 = CARTESIAN_POINT ( 'NONE',  ( -0.7418790895204897540, 0.8100000000000001643, 0.1943476029815419670 ) ) ;
#7229 = VECTOR ( 'NONE', #6409, 1000.000000000000000 ) ;
#7230 = MECHANICAL_DESIGN_GEOMETRIC_PRESENTATION_REPRESENTATION (  '', ( #1191 ), #5592 ) ;
#7231 = EDGE_CURVE ( 'NONE', #4411, #4355, #9675, .T. ) ;
#7232 = CARTESIAN_POINT ( 'NONE',  ( -0.8281908269478879259, 0.8100000000000002753, 0.1875297628109898196 ) ) ;
#7233 = CARTESIAN_POINT ( 'NONE',  ( -1.171811646141445395, 0.8099999999999999423, -0.3459606092976334479 ) ) ;
#7234 = CARTESIAN_POINT ( 'NONE',  ( -0.1413042285220213468, 0.8000000000000000444, -0.3308420342794042290 ) ) ;
#7235 = LINE ( 'NONE', #4819, #4833 ) ;
#7236 = CARTESIAN_POINT ( 'NONE',  ( 0.9388917746557573496, 0.8100000000000001643, 0.1114449333602981901 ) ) ;
#7237 = VERTEX_POINT ( 'NONE', #9051 ) ;
#7238 = FILL_AREA_STYLE_COLOUR ( '', #6866 ) ;
#7239 = TOROIDAL_SURFACE ( 'NONE', #8072, 0.2799999999999999711, 0.02000000000000000042 ) ;
#7240 = AXIS2_PLACEMENT_3D ( 'NONE', #1242, #395, #2917 ) ;
#7241 = VECTOR ( 'NONE', #4684, 1000.000000000000000 ) ;
#7242 = UNCERTAINTY_MEASURE_WITH_UNIT (LENGTH_MEASURE( 1.000000000000000082E-05 ), #6073, 'distance_accuracy_value', 'NONE');
#7243 = ADVANCED_FACE ( 'NONE', ( #521 ), #1468, .T. ) ;
#7244 = CARTESIAN_POINT ( 'NONE',  ( 0.9759331307804626210, 0.8000000000000000444, -0.03835223617422716530 ) ) ;
#7245 = SURFACE_SIDE_STYLE ('',( #4778 ) ) ;
#7246 = CARTESIAN_POINT ( 'NONE',  ( -1.203094978612625043, 0.8100000000000006084, -0.3403587380326948963 ) ) ;
#7247 = CARTESIAN_POINT ( 'NONE',  ( 2.000000000000000000, 0.05000000000000000278, 1.250000000000000000 ) ) ;
#7248 = PRESENTATION_LAYER_ASSIGNMENT (  '', '', ( #8236 ) ) ;
#7249 = MECHANICAL_DESIGN_GEOMETRIC_PRESENTATION_REPRESENTATION (  '', ( #6901 ), #4116 ) ;
#7250 = LINE ( 'NONE', #6314, #9023 ) ;
#7251 = CIRCLE ( 'NONE', #2829, 0.02000000000000005246 ) ;
#7252 = CARTESIAN_POINT ( 'NONE',  ( 0.8274886604280552449, 0.8100000000000004974, -0.1567041611636912912 ) ) ;
#7253 = PLANE ( 'NONE',  #4633 ) ;
#7254 = VERTEX_POINT ( 'NONE', #5337 ) ;
#7255 = UNCERTAINTY_MEASURE_WITH_UNIT (LENGTH_MEASURE( 1.000000000000000082E-05 ), #8064, 'distance_accuracy_value', 'NONE');
#7256 = PRESENTATION_LAYER_ASSIGNMENT (  '', '', ( #10056 ) ) ;
#7257 = COLOUR_RGB ( '',0.09803921568627450844, 0.09803921568627450844, 0.09803921568627450844 ) ;
#7258 = DIRECTION ( 'NONE',  ( 0.0000000000000000000, 0.0000000000000000000, -1.000000000000000000 ) ) ;
#7259 = CARTESIAN_POINT ( 'NONE',  ( 0.8078644953902490711, 0.8000000000000003775, -0.08467447560146462715 ) ) ;
#7260 = CARTESIAN_POINT ( 'NONE',  ( -1.690000000000001501, 0.7000000000000000666, -1.239999999999999991 ) ) ;
#7261 =( NAMED_UNIT ( * ) SI_UNIT ( $, .STERADIAN. ) SOLID_ANGLE_UNIT ( ) );
#7262 = CARTESIAN_POINT ( 'NONE',  ( 1.224557676342116652, 0.8100000000000000533, -0.2628752774749846810 ) ) ;
#7263 = ORIENTED_EDGE ( 'NONE', *, *, #1358, .F. ) ;
#7264 = B_SPLINE_CURVE_WITH_KNOTS ( 'NONE', 3,
 ( #2802, #1173, #480, #5197, #1936, #1226, #380, #6590, #9011, #4273, #6679 ),
 .UNSPECIFIED., .F., .F.,
 ( 4, 1, 1, 1, 1, 1, 1, 1, 4 ),
 ( 0.0000000000000000000, 0.1280698975072822599, 0.2516654189496290162, 0.3715299648652439779, 0.4903917349475236942, 0.6102040788373270797, 0.7344390716144034714, 0.8631488921910077661, 1.000000000000000000 ),
 .UNSPECIFIED. ) ;
#7265 = VERTEX_POINT ( 'NONE', #2940 ) ;
#7266 = LINE ( 'NONE', #1685, #6027 ) ;
#7267 = CARTESIAN_POINT ( 'NONE',  ( 1.027529648767607107, 0.8000000000000000444, -0.2176970336805246209 ) ) ;
#7268 = MECHANICAL_DESIGN_GEOMETRIC_PRESENTATION_REPRESENTATION (  '', ( #1554 ), #3666 ) ;
#7269 = CARTESIAN_POINT ( 'NONE',  ( 0.9759331307804626210, 0.8000000000000000444, -0.03835223617422716530 ) ) ;
#7270 = CARTESIAN_POINT ( 'NONE',  ( -1.246133868356824381, 0.8100000000000000533, -0.2124742670998519545 ) ) ;
#7271 = CARTESIAN_POINT ( 'NONE',  ( -1.690000000000001501, 0.7000000000000000666, -1.219999999999999973 ) ) ;
#7272 = CARTESIAN_POINT ( 'NONE',  ( 1.296076205196468933, 0.8100000000000000533, -0.3020289130498750030 ) ) ;
#7273 = DIRECTION ( 'NONE',  ( 0.0000000000000000000, 0.0000000000000000000, -1.000000000000000000 ) ) ;
#7274 = PRESENTATION_LAYER_ASSIGNMENT (  '', '', ( #4478 ) ) ;
#7275 = ADVANCED_FACE ( 'NONE', ( #8634 ), #1971, .T. ) ;
#7276 = CARTESIAN_POINT ( 'NONE',  ( -0.8121629569987387498, 0.8099999999999999423, -0.2771381956654684897 ) ) ;
#7277 = ORIENTED_EDGE ( 'NONE', *, *, #872, .T. ) ;
#7278 = CARTESIAN_POINT ( 'NONE',  ( 0.7959818320791637314, 0.8100000000000001643, 0.2614042573322663543 ) ) ;
#7279 = ORIENTED_EDGE ( 'NONE', *, *, #9579, .T. ) ;
#7280 = CARTESIAN_POINT ( 'NONE',  ( -2.000000000000002220, 0.05000000000000000278, 0.9500000000000001776 ) ) ;
#7281 = ORIENTED_EDGE ( 'NONE', *, *, #639, .F. ) ;
#7282 = CARTESIAN_POINT ( 'NONE',  ( -0.7625837209586953103, 0.8000000000000001554, 0.2685331899991257876 ) ) ;
#7283 = DIRECTION ( 'NONE',  ( -1.000000000000000000, 0.0000000000000000000, -0.0000000000000000000 ) ) ;
#7284 = DIRECTION ( 'NONE',  ( 0.0000000000000000000, 0.0000000000000000000, 1.000000000000000000 ) ) ;
#7285 = STYLED_ITEM ( 'NONE', ( #9491 ), #3099 ) ;
#7286 = CARTESIAN_POINT ( 'NONE',  ( -1.004945672236749799, 0.8099999999999999423, -0.1494886350892653815 ) ) ;
#7287 = CARTESIAN_POINT ( 'NONE',  ( 1.323969480662229525, 0.8000000000000001554, -0.2720058184447824434 ) ) ;
#7288 = CARTESIAN_POINT ( 'NONE',  ( -0.3308104733139470843, 0.7999999999999997113, 0.1806999403873342791 ) ) ;
#7289 = CARTESIAN_POINT ( 'NONE',  ( -0.2678844332138460294, 0.8000000000000001554, -0.2453608769868652062 ) ) ;
#7290 = ADVANCED_FACE ( 'NONE', ( #4618 ), #2997, .T. ) ;
#7291 = ORIENTED_EDGE ( 'NONE', *, *, #4472, .F. ) ;
#7292 = ORIENTED_EDGE ( 'NONE', *, *, #8613, .F. ) ;
#7293 = EDGE_CURVE ( 'NONE', #4897, #2505, #7811, .T. ) ;
#7294 = CARTESIAN_POINT ( 'NONE',  ( -1.071881481467253261, 0.8000000000000000444, -0.1371620954947111448 ) ) ;
#7295 = CARTESIAN_POINT ( 'NONE',  ( 1.989999999999998659, 0.7000000000000000666, -0.9400000000000000577 ) ) ;
#7296 = CARTESIAN_POINT ( 'NONE',  ( -1.276593421133976447, 0.8000000000000000444, -0.2895649300822699113 ) ) ;
#7297 = CARTESIAN_POINT ( 'NONE',  ( -1.003287648440316149, 0.8100000000000001643, 0.1912743872023965064 ) ) ;
#7298 = CARTESIAN_POINT ( 'NONE',  ( -1.700000000000001732, 0.6100000000000000977, -1.199999999999998623 ) ) ;
#7299 = CARTESIAN_POINT ( 'NONE',  ( -1.137802692357264833, 0.8100000000000001643, 0.06759337662153734605 ) ) ;
#7300 =( LENGTH_UNIT ( ) NAMED_UNIT ( * ) SI_UNIT ( .MILLI., .METRE. ) );
#7301 = CARTESIAN_POINT ( 'NONE',  ( -0.9355394374033130234, 0.8099999999999999423, -0.1411969333653852188 ) ) ;
#7302 = COLOUR_RGB ( '',1.000000000000000000, 0.9490196078431372140, 0.9098039215686274384 ) ;
#7303 = ORIENTED_EDGE ( 'NONE', *, *, #8164, .F. ) ;
#7304 = COLOUR_RGB ( '',1.000000000000000000, 0.8078431372549019773, 0.4980392156862745168 ) ;
#7305 = CARTESIAN_POINT ( 'NONE',  ( 0.7921311989553344590, 0.8000000000000002665, -0.06156365331144025843 ) ) ;
#7306 = SURFACE_SIDE_STYLE ('',( #9533 ) ) ;
#7307 = FILL_AREA_STYLE ('',( #267 ) ) ;
#7308 = CARTESIAN_POINT ( 'NONE',  ( 0.7268259879233197607, 0.8000000000000003775, 0.02057633525434429331 ) ) ;
#7309 = CARTESIAN_POINT ( 'NONE',  ( 1.301177325467199664, 0.8000000000000000444, -0.1592501744831093802 ) ) ;
#7310 = ORIENTED_EDGE ( 'NONE', *, *, #3105, .T. ) ;
#7311 = ORIENTED_EDGE ( 'NONE', *, *, #2762, .T. ) ;
#7312 = PRESENTATION_LAYER_ASSIGNMENT (  '', '', ( #1595 ) ) ;
#7313 = DIRECTION ( 'NONE',  ( 0.0000000000000000000, 0.0000000000000000000, 1.000000000000000000 ) ) ;
#7314 = DIRECTION ( 'NONE',  ( 0.0000000000000000000, 0.0000000000000000000, -1.000000000000000000 ) ) ;
#7315 = CIRCLE ( 'NONE', #2246, 0.02000000000000005246 ) ;
#7316 = FACE_OUTER_BOUND ( 'NONE', #8519, .T. ) ;
#7317 =( LENGTH_UNIT ( ) NAMED_UNIT ( * ) SI_UNIT ( .MILLI., .METRE. ) );
#7318 = CARTESIAN_POINT ( 'NONE',  ( 2.000000000000000000, 0.0000000000000000000, 1.250000000000000000 ) ) ;
#7319 = PRESENTATION_STYLE_ASSIGNMENT (( #8916 ) ) ;
#7320 = DIRECTION ( 'NONE',  ( 0.0000000000000000000, 0.0000000000000000000, -1.000000000000000000 ) ) ;
#7321 = MECHANICAL_DESIGN_GEOMETRIC_PRESENTATION_REPRESENTATION (  '', ( #3407 ), #2577 ) ;
#7322 = CARTESIAN_POINT ( 'NONE',  ( -1.000000000000000222, 0.05000000000000000278, 1.149999999999998801 ) ) ;
#7323 = CARTESIAN_POINT ( 'NONE',  ( -0.7808444666221344699, 0.8100000000000001643, -0.3463879504599410852 ) ) ;
#7324 = CARTESIAN_POINT ( 'NONE',  ( -0.4656253107779786404, 0.8100000000000001643, 0.2614042573322664653 ) ) ;
#7325 = DIRECTION ( 'NONE',  ( 0.0000000000000000000, 0.0000000000000000000, 1.000000000000000000 ) ) ;
#7326 = VERTEX_POINT ( 'NONE', #9301 ) ;
#7327 = ORIENTED_EDGE ( 'NONE', *, *, #2634, .T. ) ;
#7328 = CYLINDRICAL_SURFACE ( 'NONE', #8648, 0.2999999999999999334 ) ;
#7329 = ORIENTED_EDGE ( 'NONE', *, *, #8718, .T. ) ;
#7330 =( GEOMETRIC_REPRESENTATION_CONTEXT ( 3 ) GLOBAL_UNCERTAINTY_ASSIGNED_CONTEXT ( ( #6817 ) ) GLOBAL_UNIT_ASSIGNED_CONTEXT ( ( #9240, #1186, #3620 ) ) REPRESENTATION_CONTEXT ( 'NONE', 'WORKASPACE' ) );
#7331 = SURFACE_SIDE_STYLE ('',( #7227 ) ) ;
#7332 = B_SPLINE_CURVE_WITH_KNOTS ( 'NONE', 3,
 ( #5940, #7633, #9025, #9761, #5989, #2724, #6751, #6607, #2867, #2000, #9135, #5828, #8259, #6696, #9084, #8974, #2056, #2104, #8353 ),
 .UNSPECIFIED., .F., .F.,
 ( 4, 1, 1, 1, 1, 1, 1, 1, 1, 1, 1, 1, 1, 1, 1, 1, 4 ),
 ( 0.0000000000000000000, 0.03482063987272221439, 0.06892303662010072773, 0.1030674831944850822, 0.1390259289950690758, 0.1768773708661630639, 0.2173596739505502806, 0.2613252067966569947, 0.3091893022218825671, 0.3632013239127582227, 0.4250772414693028689, 0.4964697288138597564, 0.5776522482993702301, 0.6680098148504958200, 0.7686706938896563646, 0.8792878375891129972, 1.000000000000000000 ),
 .UNSPECIFIED. ) ;
#7333 = PLANE ( 'NONE',  #3714 ) ;
#7334 = DIRECTION ( 'NONE',  ( -0.0000000000000000000, -1.000000000000000000, -0.0000000000000000000 ) ) ;
#7335 = EDGE_CURVE ( 'NONE', #7592, #8110, #412, .T. ) ;
#7336 = CARTESIAN_POINT ( 'NONE',  ( 1.213807589274048970, 0.8100000000000002753, -0.3416931090336586263 ) ) ;
#7337 = CARTESIAN_POINT ( 'NONE',  ( -0.2106869584221105207, 0.8100000000000002753, 0.2689790979968826878 ) ) ;
#7338 = FILL_AREA_STYLE_COLOUR ( '', #6572 ) ;
#7339 = DIRECTION ( 'NONE',  ( -0.0000000000000000000, -1.000000000000000000, -0.0000000000000000000 ) ) ;
#7340 = VECTOR ( 'NONE', #8355, 1000.000000000000000 ) ;
#7341 = CARTESIAN_POINT ( 'NONE',  ( -0.3642276320179031468, 0.8100000000000002753, -0.05061152421123924633 ) ) ;
#7342 =( GEOMETRIC_REPRESENTATION_CONTEXT ( 3 ) GLOBAL_UNCERTAINTY_ASSIGNED_CONTEXT ( ( #8692 ) ) GLOBAL_UNIT_ASSIGNED_CONTEXT ( ( #4949, #9691, #124 ) ) REPRESENTATION_CONTEXT ( 'NONE', 'WORKASPACE' ) );
#7343 = ORIENTED_EDGE ( 'NONE', *, *, #2384, .T. ) ;
#7344 = ORIENTED_EDGE ( 'NONE', *, *, #700, .F. ) ;
#7345 = B_SPLINE_SURFACE_WITH_KNOTS ( 'NONE', 3, 1, ( 
 ( #9230, #2908 ),
 ( #5309, #8451 ),
 ( #1485, #5982 ),
 ( #1432, #6685 ),
 ( #1284, #4535 ),
 ( #9126, #2810 ),
 ( #1340, #7940 ),
 ( #7104, #6181 ),
 ( #1679, #5461 ),
 ( #2350, #754 ),
 ( #6382, #4797 ) ),
 .UNSPECIFIED., .F., .F., .F.,
 ( 4, 1, 1, 1, 1, 1, 1, 1, 4 ),
 ( 2, 2 ),
 ( 0.0000000000000000000, 0.1401539342006934419, 0.2743036365900061169, 0.4028959038526180314, 0.5266482423673581881, 0.6473998788673331894, 0.7658420595742357895, 0.8825150383086765027, 1.000000000000000000 ),
 ( 0.0000000000000000000, 1.000000000000000000 ),
 .UNSPECIFIED. ) ;
#7346 = CARTESIAN_POINT ( 'NONE',  ( -1.080491967058218927, 0.8100000000000002753, -0.2392933828035247734 ) ) ;
#7347 = DIRECTION ( 'NONE',  ( 0.0000000000000000000, -0.0000000000000000000, 1.000000000000000000 ) ) ;
#7348 = EDGE_CURVE ( 'NONE', #9379, #7707, #4872, .T. ) ;
#7349 = LINE ( 'NONE', #2687, #8892 ) ;
#7350 = CARTESIAN_POINT ( 'NONE',  ( -0.04494416863580265320, 0.8100000000000001643, -0.02617395842293018457 ) ) ;
#7351 = SURFACE_SIDE_STYLE ('',( #5955 ) ) ;
#7352 = CARTESIAN_POINT ( 'NONE',  ( -0.6214694666221345365, 0.8000000000000001554, -0.03835223617422683917 ) ) ;
#7353 = DIRECTION ( 'NONE',  ( -0.0000000000000000000, -1.000000000000000000, -0.0000000000000000000 ) ) ;
#7354 = EDGE_CURVE ( 'NONE', #10130, #4575, #9461, .T. ) ;
#7355 = CARTESIAN_POINT ( 'NONE',  ( -1.499999999999999778, 0.7800000000000001377, 0.8000000000000003775 ) ) ;
#7356 = CARTESIAN_POINT ( 'NONE',  ( -0.7808444666221344699, 0.8000000000000003775, -0.3463879504599410852 ) ) ;
#7357 = VECTOR ( 'NONE', #5290, 1000.000000000000000 ) ;
#7358 = UNCERTAINTY_MEASURE_WITH_UNIT (LENGTH_MEASURE( 1.000000000000000082E-05 ), #3673, 'distance_accuracy_value', 'NONE');
#7359 = LINE ( 'NONE', #7558, #3256 ) ;
#7360 = EDGE_CURVE ( 'NONE', #392, #7487, #9668, .T. ) ;
#7361 = AXIS2_PLACEMENT_3D ( 'NONE', #8471, #3693, #5326 ) ;
#7362 = CARTESIAN_POINT ( 'NONE',  ( 0.6931558535562691858, 0.8100000000000001643, -0.008494137099524410109 ) ) ;
#7363 = COLOUR_RGB ( '',1.000000000000000000, 0.9490196078431372140, 0.9098039215686274384 ) ;
#7364 = CARTESIAN_POINT ( 'NONE',  ( -0.3016641344591105001, 0.8100000000000003864, -0.07232998743971602584 ) ) ;
#7365 = CARTESIAN_POINT ( 'NONE',  ( -0.2066694041368397905, 0.8000000000000002665, 0.2067320204147045093 ) ) ;
#7366 = PRESENTATION_STYLE_ASSIGNMENT (( #5710 ) ) ;
#7367 = DIRECTION ( 'NONE',  ( -0.0000000000000000000, -1.000000000000000000, -0.0000000000000000000 ) ) ;
#7368 = FACE_OUTER_BOUND ( 'NONE', #5110, .T. ) ;
#7369 =( GEOMETRIC_REPRESENTATION_CONTEXT ( 3 ) GLOBAL_UNCERTAINTY_ASSIGNED_CONTEXT ( ( #3855 ) ) GLOBAL_UNIT_ASSIGNED_CONTEXT ( ( #7865, #5437, #5292 ) ) REPRESENTATION_CONTEXT ( 'NONE', 'WORKASPACE' ) );
#7370 = ORIENTED_EDGE ( 'NONE', *, *, #8036, .F. ) ;
#7371 = CARTESIAN_POINT ( 'NONE',  ( -0.6214694666221345365, 0.8100000000000001643, -0.03835223617422683917 ) ) ;
#7372 = ADVANCED_FACE ( 'NONE', ( #935, #7967 ), #8738, .T. ) ;
#7373 = FACE_OUTER_BOUND ( 'NONE', #3844, .T. ) ;
#7374 =( GEOMETRIC_REPRESENTATION_CONTEXT ( 3 ) GLOBAL_UNCERTAINTY_ASSIGNED_CONTEXT ( ( #50 ) ) GLOBAL_UNIT_ASSIGNED_CONTEXT ( ( #1382, #9224, #6551 ) ) REPRESENTATION_CONTEXT ( 'NONE', 'WORKASPACE' ) );
#7375 = CARTESIAN_POINT ( 'NONE',  ( 1.500000000000000222, 0.8000000000000001554, -0.8000000000000001554 ) ) ;
#7376 = CARTESIAN_POINT ( 'NONE',  ( -1.211727135222461449, 0.7999999999999999334, -0.2660302930938640564 ) ) ;
#7377 = AXIS2_PLACEMENT_3D ( 'NONE', #4104, #6305, #245 ) ;
#7378 = SURFACE_SIDE_STYLE ('',( #3434 ) ) ;
#7379 = CARTESIAN_POINT ( 'NONE',  ( -0.9302247372026652972, 0.8100000000000001643, 0.1050395506033319770 ) ) ;
#7380 = CARTESIAN_POINT ( 'NONE',  ( 1.312133333189598794, 0.8100000000000002753, -0.2866069275992829679 ) ) ;
#7381 = CARTESIAN_POINT ( 'NONE',  ( 1.000000000000000222, 0.05000000000000000278, 1.149999999999998801 ) ) ;
#7382 = ORIENTED_EDGE ( 'NONE', *, *, #5653, .T. ) ;
#7383 = CARTESIAN_POINT ( 'NONE',  ( 1.162946117793449696, 0.8100000000000001643, 0.02763802356603255878 ) ) ;
#7384 = ORIENTED_EDGE ( 'NONE', *, *, #7658, .F. ) ;
#7385 = PLANE ( 'NONE',  #950 ) ;
#7386 = AXIS2_PLACEMENT_3D ( 'NONE', #10055, #3017, #9277 ) ;
#7387 = MECHANICAL_DESIGN_GEOMETRIC_PRESENTATION_REPRESENTATION (  '', ( #10173 ), #6722 ) ;
#7388 = LINE ( 'NONE', #1798, #1141 ) ;
#7389 = DIRECTION ( 'NONE',  ( 0.0000000000000000000, 0.0000000000000000000, -1.000000000000000000 ) ) ;
#7390 = CARTESIAN_POINT ( 'NONE',  ( -0.6704142718169396886, 0.8100000000000001643, -0.2830762621482528218 ) ) ;
#7391 = DIRECTION ( 'NONE',  ( 0.0000000000000000000, -1.000000000000000000, -0.0000000000000000000 ) ) ;
#7392 = CARTESIAN_POINT ( 'NONE',  ( -0.7902972601302427069, 0.8100000000000000533, 0.2064814501221109433 ) ) ;
#7393 = FILL_AREA_STYLE ('',( #3492 ) ) ;
#7394 = CARTESIAN_POINT ( 'NONE',  ( -0.3308104733139470843, 0.8100000000000000533, 0.1806999403873342791 ) ) ;
#7395 = DIRECTION ( 'NONE',  ( 5.421010862427534003E-16, -0.0000000000000000000, 1.000000000000000000 ) ) ;
#7396 = CARTESIAN_POINT ( 'NONE',  ( 0.6465535914820963459, 0.8000000000000000444, -0.07380789149730869469 ) ) ;
#7397 = MECHANICAL_DESIGN_GEOMETRIC_PRESENTATION_REPRESENTATION (  '', ( #2152 ), #5904 ) ;
#7398 = LINE ( 'NONE', #1247, #7848 ) ;
#7399 = ORIENTED_EDGE ( 'NONE', *, *, #4504, .T. ) ;
#7400 =( NAMED_UNIT ( * ) SI_UNIT ( $, .STERADIAN. ) SOLID_ANGLE_UNIT ( ) );
#7401 = VERTEX_POINT ( 'NONE', #2531 ) ;
#7402 = MECHANICAL_DESIGN_GEOMETRIC_PRESENTATION_REPRESENTATION (  '', ( #4597 ), #4590 ) ;
#7403 =( GEOMETRIC_REPRESENTATION_CONTEXT ( 3 ) GLOBAL_UNCERTAINTY_ASSIGNED_CONTEXT ( ( #457 ) ) GLOBAL_UNIT_ASSIGNED_CONTEXT ( ( #2042, #383, #3521 ) ) REPRESENTATION_CONTEXT ( 'NONE', 'WORKASPACE' ) );
#7404 = CARTESIAN_POINT ( 'NONE',  ( -1.970000000000001306, 0.7000000000000000666, -0.9399999999999996136 ) ) ;
#7405 = DIRECTION ( 'NONE',  ( -1.000000000000000000, 0.0000000000000000000, 0.0000000000000000000 ) ) ;
#7406 = DIRECTION ( 'NONE',  ( 1.000000000000000000, 0.0000000000000000000, 0.0000000000000000000 ) ) ;
#7407 = CARTESIAN_POINT ( 'NONE',  ( 0.7826152031069739667, 0.7999999999999999334, -0.05134502408322912798 ) ) ;
#7408 = CARTESIAN_POINT ( 'NONE',  ( 0.6562537790963358653, 0.8000000000000000444, 0.02481394543295607075 ) ) ;
#7409 = SURFACE_STYLE_FILL_AREA ( #4260 ) ;
#7410 = CARTESIAN_POINT ( 'NONE',  ( -1.024813049771594153, 0.8000000000000000444, -0.2685754429823335454 ) ) ;
#7411 = EDGE_CURVE ( 'NONE', #658, #5873, #4976, .T. ) ;
#7412 = VECTOR ( 'NONE', #2779, 1000.000000000000000 ) ;
#7413 = FILL_AREA_STYLE ('',( #5848 ) ) ;
#7414 = PRESENTATION_LAYER_ASSIGNMENT (  '', '', ( #9710 ) ) ;
#7415 = STYLED_ITEM ( 'NONE', ( #1168 ), #835 ) ;
#7416 = AXIS2_PLACEMENT_3D ( 'NONE', #9369, #1728, #3262 ) ;
#7417 = EDGE_CURVE ( 'NONE', #10060, #675, #1093, .T. ) ;
#7418 = EDGE_LOOP ( 'NONE', ( #3485, #8244, #7130, #7277 ) ) ;
#7419 = COLOUR_RGB ( '',1.000000000000000000, 0.9490196078431372140, 0.9098039215686274384 ) ;
#7420 = PRESENTATION_LAYER_ASSIGNMENT (  '', '', ( #352 ) ) ;
#7421 = PLANE ( 'NONE',  #7994 ) ;
#7422 = MANIFOLD_SOLID_BREP ( '????????11', #319 ) ;
#7423 = SURFACE_STYLE_USAGE ( .BOTH. , #5040 ) ;
#7424 = CARTESIAN_POINT ( 'NONE',  ( 1.224461684604282175, 0.8000000000000002665, 0.1890593851361103139 ) ) ;
#7425 = STYLED_ITEM ( 'NONE', ( #3398 ), #10121 ) ;
#7426 = AXIS2_PLACEMENT_3D ( 'NONE', #8179, #1099, #1258 ) ;
#7427 = EDGE_LOOP ( 'NONE', ( #2457, #4962, #5467, #5997, #9527, #9105, #4490, #471, #1094, #5020, #6867, #6947 ) ) ;
#7428 = EDGE_CURVE ( 'NONE', #2050, #10014, #9092, .T. ) ;
#7429 = CARTESIAN_POINT ( 'NONE',  ( 0.6806927467880080629, 0.8100000000000001643, -0.2670300869244118802 ) ) ;
#7430 = CARTESIAN_POINT ( 'NONE',  ( 0.7268259879233197607, 0.8100000000000001643, 0.02057633525434429331 ) ) ;
#7431 = DIRECTION ( 'NONE',  ( 0.0000000000000000000, 1.000000000000000000, 0.0000000000000000000 ) ) ;
#7432 = DIRECTION ( 'NONE',  ( 0.0000000000000000000, 0.0000000000000000000, -1.000000000000000000 ) ) ;
#7433 = CARTESIAN_POINT ( 'NONE',  ( 0.8073876772354259268, 0.7999999999999999334, -0.2649985929411538543 ) ) ;
#7434 = CARTESIAN_POINT ( 'NONE',  ( -0.7044812188522990848, 0.8100000000000001643, -0.3218505470780828603 ) ) ;
#7435 = FILL_AREA_STYLE_COLOUR ( '', #1317 ) ;
#7436 = CARTESIAN_POINT ( 'NONE',  ( 0.7959818320791637314, 0.8100000000000001643, 0.2614042573322663543 ) ) ;
#7437 = ORIENTED_EDGE ( 'NONE', *, *, #5825, .T. ) ;
#7438 = PLANE ( 'NONE',  #1500 ) ;
#7439 = ORIENTED_EDGE ( 'NONE', *, *, #7086, .T. ) ;
#7440 = VECTOR ( 'NONE', #468, 1000.000000000000000 ) ;
#7441 = ORIENTED_EDGE ( 'NONE', *, *, #5717, .F. ) ;
#7442 = CARTESIAN_POINT ( 'NONE',  ( -0.3620487687335807725, 0.7999999999999999334, -0.1089418948871739568 ) ) ;
#7443 = CARTESIAN_POINT ( 'NONE',  ( 0.7640350305975390777, 0.8100000000000002753, -0.1938786581350903093 ) ) ;
#7444 = LINE ( 'NONE', #9809, #29 ) ;
#7445 = CARTESIAN_POINT ( 'NONE',  ( 1.349157987378030832, 0.8000000000000001554, -0.2247070933635934020 ) ) ;
#7446 = PRESENTATION_LAYER_ASSIGNMENT (  '', '', ( #1554 ) ) ;
#7447 = CARTESIAN_POINT ( 'NONE',  ( -0.3618889182529684279, 0.7999999999999999334, 0.03906791921829739361 ) ) ;
#7448 = SURFACE_SIDE_STYLE ('',( #4297 ) ) ;
#7449 = CARTESIAN_POINT ( 'NONE',  ( 0.7235475243941774659, 0.8000000000000000444, -0.09039334122994710508 ) ) ;
#7450 = FACE_OUTER_BOUND ( 'NONE', #3760, .T. ) ;
#7451 = ORIENTED_EDGE ( 'NONE', *, *, #9820, .F. ) ;
#7452 = B_SPLINE_CURVE_WITH_KNOTS ( 'NONE', 3,
 ( #19, #6275, #855, #1543, #7888, #9378, #4747, #9480, #69, #906, #3975, #6332, #2455, #1632, #5561, #10150, #3919, #3269, #5463 ),
 .UNSPECIFIED., .F., .F.,
 ( 4, 1, 1, 1, 1, 1, 1, 1, 1, 1, 1, 1, 1, 1, 1, 1, 4 ),
 ( 0.0000000000000000000, 0.04877955225286675911, 0.09692358648773012619, 0.1450798207785262417, 0.1933822153880904171, 0.2421187392534814853, 0.2911231425843440745, 0.3408314581389071396, 0.3914000804531787003, 0.4455725280638772046, 0.5059083753641087089, 0.5725353768083036865, 0.6452984286108836010, 0.7242521193667444956, 0.8097037230661239260, 0.9016996486733174221, 1.000000000000000000 ),
 .UNSPECIFIED. ) ;
#7453 = UNCERTAINTY_MEASURE_WITH_UNIT (LENGTH_MEASURE( 1.000000000000000082E-05 ), #3494, 'distance_accuracy_value', 'NONE');
#7454 = VECTOR ( 'NONE', #6422, 1000.000000000000000 ) ;
#7455 =( NAMED_UNIT ( * ) SI_UNIT ( $, .STERADIAN. ) SOLID_ANGLE_UNIT ( ) );
#7456 = DIRECTION ( 'NONE',  ( 0.0000000000000000000, 0.0000000000000000000, 1.000000000000000000 ) ) ;
#7457 = CARTESIAN_POINT ( 'NONE',  ( -1.700000000000001732, 0.6100000000000000977, -1.199999999999998623 ) ) ;
#7458 = FILL_AREA_STYLE ('',( #5694 ) ) ;
#7459 = LINE ( 'NONE', #251, #1235 ) ;
#7460 = CARTESIAN_POINT ( 'NONE',  ( -1.322782960085047144, 0.8000000000000001554, 0.2577501976751895296 ) ) ;
#7461 = CARTESIAN_POINT ( 'NONE',  ( 0.7173054103349338906, 0.8000000000000001554, 0.1155489574089784699 ) ) ;
#7462 =( LENGTH_UNIT ( ) NAMED_UNIT ( * ) SI_UNIT ( .MILLI., .METRE. ) );
#7463 = CARTESIAN_POINT ( 'NONE',  ( -1.024813049771594153, 0.8100000000000000533, -0.2685754429823335454 ) ) ;
#7464 = AXIS2_PLACEMENT_3D ( 'NONE', #1073, #329, #7320 ) ;
#7465 = DIRECTION ( 'NONE',  ( 0.0000000000000000000, 1.000000000000000000, 0.0000000000000000000 ) ) ;
#7466 = ORIENTED_EDGE ( 'NONE', *, *, #2414, .T. ) ;
#7467 = CARTESIAN_POINT ( 'NONE',  ( -0.5279629731156409989, 0.8100000000000001643, 0.2614042573322664653 ) ) ;
#7468 = ADVANCED_FACE ( 'NONE', ( #3202 ), #1962, .F. ) ;
#7469 = FILL_AREA_STYLE_COLOUR ( '', #6805 ) ;
#7470 = CARTESIAN_POINT ( 'NONE',  ( -0.2983214275340011490, 0.8100000000000001643, -0.1329576365895116796 ) ) ;
#7471 = ADVANCED_FACE ( 'NONE', ( #5788 ), #6656, .T. ) ;
#7472 = CARTESIAN_POINT ( 'NONE',  ( 0.4304785853259170403, 0.8100000000000001643, 0.2614042573322663543 ) ) ;
#7473 = CARTESIAN_POINT ( 'NONE',  ( -1.314975960128627941, 0.8000000000000001554, -0.1671671712391617215 ) ) ;
#7474 = STYLED_ITEM ( 'NONE', ( #1299 ), #3710 ) ;
#7475 = ORIENTED_EDGE ( 'NONE', *, *, #218, .F. ) ;
#7476 = FACE_OUTER_BOUND ( 'NONE', #9155, .T. ) ;
#7477 = CARTESIAN_POINT ( 'NONE',  ( 0.7549147341443860348, 0.7999999999999999334, -0.2212409438307308129 ) ) ;
#7478 = STYLED_ITEM ( 'NONE', ( #1251 ), #4694 ) ;
#7479 =( NAMED_UNIT ( * ) SI_UNIT ( $, .STERADIAN. ) SOLID_ANGLE_UNIT ( ) );
#7480 = FILL_AREA_STYLE ('',( #482 ) ) ;
#7481 = PRESENTATION_LAYER_ASSIGNMENT (  '', '', ( #1090 ) ) ;
#7482 = ADVANCED_FACE ( 'NONE', ( #6803 ), #6033, .T. ) ;
#7483 = CARTESIAN_POINT ( 'NONE',  ( -1.899999999999999911, 0.05000000000000000278, -0.3500000000000002554 ) ) ;
#7484 = CARTESIAN_POINT ( 'NONE',  ( -0.7808444666221344699, 0.8100000000000001643, -0.3463879504599410852 ) ) ;
#7485 = ADVANCED_FACE ( 'NONE', ( #3990 ), #3286, .F. ) ;
#7486 = CARTESIAN_POINT ( 'NONE',  ( -0.8749448041573780754, 0.8100000000000001643, -0.1329576365895115408 ) ) ;
#7487 = VERTEX_POINT ( 'NONE', #7278 ) ;
#7488 = ORIENTED_EDGE ( 'NONE', *, *, #4188, .F. ) ;
#7489 =( LENGTH_UNIT ( ) NAMED_UNIT ( * ) SI_UNIT ( .MILLI., .METRE. ) );
#7490 = SURFACE_STYLE_FILL_AREA ( #5160 ) ;
#7491 = DIRECTION ( 'NONE',  ( 0.0000000000000000000, 0.0000000000000000000, 1.000000000000000000 ) ) ;
#7492 = EDGE_CURVE ( 'NONE', #2765, #7177, #1655, .T. ) ;
#7493 = CARTESIAN_POINT ( 'NONE',  ( -1.075673277279735940, 0.8000000000000000444, -0.004331968181634371882 ) ) ;
#7494 = SURFACE_STYLE_FILL_AREA ( #7393 ) ;
#7495 = CIRCLE ( 'NONE', #5510, 0.02000000000000005246 ) ;
#7496 = CARTESIAN_POINT ( 'NONE',  ( -0.1834140427638129567, 0.8000000000000001554, 0.2038730212101720618 ) ) ;
#7497 = DIRECTION ( 'NONE',  ( -0.0000000000000000000, -1.000000000000000000, -0.0000000000000000000 ) ) ;
#7498 = ORIENTED_EDGE ( 'NONE', *, *, #1224, .F. ) ;
#7499 = VERTEX_POINT ( 'NONE', #9602 ) ;
#7500 = FILL_AREA_STYLE ('',( #4347 ) ) ;
#7501 = DIRECTION ( 'NONE',  ( 0.0000000000000000000, 1.000000000000000000, 0.0000000000000000000 ) ) ;
#7502 = VECTOR ( 'NONE', #8368, 1000.000000000000000 ) ;
#7503 = FILL_AREA_STYLE_COLOUR ( '', #2507 ) ;
#7504 = CARTESIAN_POINT ( 'NONE',  ( -1.499999999999999778, 0.7000000000000000666, -1.119999999999999885 ) ) ;
#7505 = STYLED_ITEM ( 'NONE', ( #2954 ), #5603 ) ;
#7506 = SURFACE_STYLE_USAGE ( .BOTH. , #7351 ) ;
#7507 = LINE ( 'NONE', #1364, #2498 ) ;
#7508 = CARTESIAN_POINT ( 'NONE',  ( 0.9760941902295598993, 0.8100000000000000533, -0.02876859206463269411 ) ) ;
#7509 = ORIENTED_EDGE ( 'NONE', *, *, #6142, .F. ) ;
#7510 = DIRECTION ( 'NONE',  ( 1.000000000000000000, -0.0000000000000000000, 0.0000000000000000000 ) ) ;
#7511 = LINE ( 'NONE', #1370, #2294 ) ;
#7512 = ORIENTED_EDGE ( 'NONE', *, *, #9038, .F. ) ;
#7513 = ORIENTED_EDGE ( 'NONE', *, *, #2532, .F. ) ;
#7514 = B_SPLINE_SURFACE_WITH_KNOTS ( 'NONE', 3, 1, ( 
 ( #400, #556 ),
 ( #4500, #3037 ),
 ( #6051, #5321 ),
 ( #7797, #4549 ),
 ( #6754, #6104 ),
 ( #9288, #5222 ),
 ( #769, #5994 ),
 ( #3796, #5367 ),
 ( #9913, #7690 ),
 ( #5421, #4600 ),
 ( #8516, #1497 ),
 ( #657, #8357 ),
 ( #9968, #8411 ),
 ( #7745, #2873 ),
 ( #6906, #716 ),
 ( #3686, #3841 ),
 ( #9142, #1400 ),
 ( #1354, #9336 ),
 ( #3083, #7638 ) ),
 .UNSPECIFIED., .F., .F., .F.,
 ( 4, 1, 1, 1, 1, 1, 1, 1, 1, 1, 1, 1, 1, 1, 1, 1, 4 ),
 ( 2, 2 ),
 ( 0.0000000000000000000, 0.1203760720986962740, 0.2307892890246536766, 0.3305412134213606690, 0.4205869266342565638, 0.5007002821282953153, 0.5711525390240546063, 0.6324761629055820622, 0.6850177329828035511, 0.7317551824460793997, 0.7753044359569037924, 0.8157921199715244542, 0.8541714020480321023, 0.8907255372625699774, 0.9267356746237943588, 0.9631365825032484063, 1.000000000000000000 ),
 ( 0.0000000000000000000, 1.000000000000000000 ),
 .UNSPECIFIED. ) ;
#7515 = SURFACE_SIDE_STYLE ('',( #1929 ) ) ;
#7516 = CARTESIAN_POINT ( 'NONE',  ( 0.9554570754397355703, 0.8000000000000001554, -0.2228368584274981190 ) ) ;
#7517 = COLOUR_RGB ( '',0.09803921568627450844, 0.09803921568627450844, 0.09803921568627450844 ) ;
#7518 = CARTESIAN_POINT ( 'NONE',  ( 1.310998065845397464, 0.8100000000000001643, 0.02763802356603255878 ) ) ;
#7519 =( GEOMETRIC_REPRESENTATION_CONTEXT ( 3 ) GLOBAL_UNCERTAINTY_ASSIGNED_CONTEXT ( ( #676 ) ) GLOBAL_UNIT_ASSIGNED_CONTEXT ( ( #156, #7150, #1824 ) ) REPRESENTATION_CONTEXT ( 'NONE', 'WORKASPACE' ) );
#7520 = DIRECTION ( 'NONE',  ( -1.000000000000000000, 1.040430923464398686E-13, 0.0000000000000000000 ) ) ;
#7521 = EDGE_CURVE ( 'NONE', #4355, #8824, #6501, .T. ) ;
#7522 = ORIENTED_EDGE ( 'NONE', *, *, #8994, .F. ) ;
#7523 = SURFACE_SIDE_STYLE ('',( #3559 ) ) ;
#7524 = FACE_OUTER_BOUND ( 'NONE', #3756, .T. ) ;
#7525 = DIRECTION ( 'NONE',  ( 0.0000000000000000000, 0.0000000000000000000, -1.000000000000000000 ) ) ;
#7526 = CARTESIAN_POINT ( 'NONE',  ( -0.2336513913265282072, 0.7999999999999999334, 0.2001352369044309965 ) ) ;
#7527 = DIRECTION ( 'NONE',  ( -0.0000000000000000000, -1.000000000000000000, -0.0000000000000000000 ) ) ;
#7528 = CARTESIAN_POINT ( 'NONE',  ( 1.163311377533709390, 0.8100000000000002753, 0.1990665949946039681 ) ) ;
#7529 = SURFACE_SIDE_STYLE ('',( #2046 ) ) ;
#7530 = PRESENTATION_STYLE_ASSIGNMENT (( #9998 ) ) ;
#7531 = ORIENTED_EDGE ( 'NONE', *, *, #5974, .T. ) ;
#7532 = DIRECTION ( 'NONE',  ( -0.0000000000000000000, -1.000000000000000000, -0.0000000000000000000 ) ) ;
#7533 = ORIENTED_EDGE ( 'NONE', *, *, #5384, .F. ) ;
#7534 = CARTESIAN_POINT ( 'NONE',  ( -0.1493750531785765501, 0.8100000000000002753, -0.2562567862401695651 ) ) ;
#7535 = SURFACE_SIDE_STYLE ('',( #7490 ) ) ;
#7536 = COLOUR_RGB ( '',0.09803921568627450844, 0.09803921568627450844, 0.09803921568627450844 ) ;
#7537 =( GEOMETRIC_REPRESENTATION_CONTEXT ( 3 ) GLOBAL_UNCERTAINTY_ASSIGNED_CONTEXT ( ( #2017 ) ) GLOBAL_UNIT_ASSIGNED_CONTEXT ( ( #1303, #9717, #503 ) ) REPRESENTATION_CONTEXT ( 'NONE', 'WORKASPACE' ) );
#7538 = SURFACE_STYLE_FILL_AREA ( #2055 ) ;
#7539 = SURFACE_STYLE_USAGE ( .BOTH. , #6045 ) ;
#7540 = CARTESIAN_POINT ( 'NONE',  ( -1.137802692357264833, 0.8100000000000001643, 0.06759337662153734605 ) ) ;
#7541 = CARTESIAN_POINT ( 'NONE',  ( -1.252638297790965582, 0.7999999999999999334, -0.1593749634469540932 ) ) ;
#7542 = CARTESIAN_POINT ( 'NONE',  ( -0.3639127609059824575, 0.7999999999999998224, 0.001404215689057597112 ) ) ;
#7543 = CARTESIAN_POINT ( 'NONE',  ( -0.1221854826163050745, 0.8000000000000002665, 0.1246360452344275199 ) ) ;
#7544 = DIRECTION ( 'NONE',  ( 0.0000000000000000000, 0.0000000000000000000, 1.000000000000000000 ) ) ;
#7545 = ORIENTED_EDGE ( 'NONE', *, *, #391, .T. ) ;
#7546 = VERTEX_POINT ( 'NONE', #1747 ) ;
#7547 = EDGE_CURVE ( 'NONE', #3144, #2126, #9446, .T. ) ;
#7548 = UNCERTAINTY_MEASURE_WITH_UNIT (LENGTH_MEASURE( 1.000000000000000082E-05 ), #4902, 'distance_accuracy_value', 'NONE');
#7549 = EDGE_CURVE ( 'NONE', #10027, #4053, #900, .T. ) ;
#7550 = CARTESIAN_POINT ( 'NONE',  ( -0.7751467600497990995, 0.8000000000000001554, -0.3462229863033962629 ) ) ;
#7551 = CARTESIAN_POINT ( 'NONE',  ( 0.9759331307804626210, 0.8000000000000000444, -0.03835223617422716530 ) ) ;
#7552 = DIRECTION ( 'NONE',  ( 1.000000000000000000, -0.0000000000000000000, 1.807003620809173646E-16 ) ) ;
#7553 = CARTESIAN_POINT ( 'NONE',  ( 0.9788829480746111811, 0.8100000000000001643, 0.01678744794828819151 ) ) ;
#7554 = PRESENTATION_STYLE_ASSIGNMENT (( #5849 ) ) ;
#7555 = CIRCLE ( 'NONE', #1352, 0.2799999999999999711 ) ;
#7556 = ORIENTED_EDGE ( 'NONE', *, *, #1286, .F. ) ;
#7557 = UNCERTAINTY_MEASURE_WITH_UNIT (LENGTH_MEASURE( 1.000000000000000082E-05 ), #763, 'distance_accuracy_value', 'NONE');
#7558 = CARTESIAN_POINT ( 'NONE',  ( 1.500000000000000222, 0.8000000000000001554, 1.099999999999999867 ) ) ;
#7559 = CARTESIAN_POINT ( 'NONE',  ( -0.1222291123892727260, 0.8000000000000000444, -0.2030442688890866654 ) ) ;
#7560 = CARTESIAN_POINT ( 'NONE',  ( 1.365334992998428421, 0.8100000000000001643, 0.1845536948430110680 ) ) ;
#7561 = DIRECTION ( 'NONE',  ( 1.748713181428233054E-16, 0.0000000000000000000, 1.000000000000000000 ) ) ;
#7562 = VECTOR ( 'NONE', #398, 1000.000000000000000 ) ;
#7563 = CIRCLE ( 'NONE', #1359, 0.3199999999999999512 ) ;
#7564 =( GEOMETRIC_REPRESENTATION_CONTEXT ( 3 ) GLOBAL_UNCERTAINTY_ASSIGNED_CONTEXT ( ( #354 ) ) GLOBAL_UNIT_ASSIGNED_CONTEXT ( ( #113, #1623, #7987 ) ) REPRESENTATION_CONTEXT ( 'NONE', 'WORKASPACE' ) );
#7565 = DIRECTION ( 'NONE',  ( 1.000000000000000000, 0.0000000000000000000, 0.0000000000000000000 ) ) ;
#7566 = ORIENTED_EDGE ( 'NONE', *, *, #6215, .F. ) ;
#7567 = DIRECTION ( 'NONE',  ( 0.0000000000000000000, 0.0000000000000000000, 1.000000000000000000 ) ) ;
#7568 = PRESENTATION_LAYER_ASSIGNMENT (  '', '', ( #3959 ) ) ;
#7569 = CIRCLE ( 'NONE', #7739, 0.1999999999999994282 ) ;
#7570 = CIRCLE ( 'NONE', #5751, 0.3199999999999999512 ) ;
#7571 = CARTESIAN_POINT ( 'NONE',  ( 0.6552350788324106112, 0.8000000000000002665, -0.2684658725378635258 ) ) ;
#7572 = CARTESIAN_POINT ( 'NONE',  ( -1.990000000000001323, 0.6800000000000000488, -0.9399999999999996136 ) ) ;
#7573 = CARTESIAN_POINT ( 'NONE',  ( 0.9263041325917880098, 0.8000000000000000444, -0.1476689393107162851 ) ) ;
#7574 = CARTESIAN_POINT ( 'NONE',  ( -1.237053882206550215, 0.8100000000000001643, 0.1912743872023965064 ) ) ;
#7575 = CARTESIAN_POINT ( 'NONE',  ( -1.322812929251530933, 0.8000000000000001554, 0.2503470130810971361 ) ) ;
#7576 = COLOUR_RGB ( '',0.09803921568627450844, 0.09803921568627450844, 0.09803921568627450844 ) ;
#7577 = COLOUR_RGB ( '',1.000000000000000000, 0.8078431372549019773, 0.4980392156862745168 ) ;
#7578 = LINE ( 'NONE', #4487, #5134 ) ;
#7579 = ORIENTED_EDGE ( 'NONE', *, *, #7030, .F. ) ;
#7580 = CARTESIAN_POINT ( 'NONE',  ( 0.7439034895769230937, 0.8000000000000000444, -0.3259812022447761692 ) ) ;
#7581 = VERTEX_POINT ( 'NONE', #1132 ) ;
#7582 = SURFACE_STYLE_USAGE ( .BOTH. , #6898 ) ;
#7583 = FACE_OUTER_BOUND ( 'NONE', #9701, .T. ) ;
#7584 = STYLED_ITEM ( 'NONE', ( #749 ), #9238 ) ;
#7585 = CARTESIAN_POINT ( 'NONE',  ( -1.090425748764178637, 0.8100000000000003864, 0.01395715488077364091 ) ) ;
#7586 = CARTESIAN_POINT ( 'NONE',  ( -1.186680192410700441, 0.8100000000000003864, -0.2797769967080833697 ) ) ;
#7587 = EDGE_CURVE ( 'NONE', #6205, #6502, #9194, .T. ) ;
#7588 = CARTESIAN_POINT ( 'NONE',  ( -1.499999999999999778, 0.7800000000000001377, 0.8000000000000003775 ) ) ;
#7589 = CARTESIAN_POINT ( 'NONE',  ( -0.1071837523364201072, 0.8000000000000001554, -0.03859574266773356521 ) ) ;
#7590 = FILL_AREA_STYLE ('',( #6189 ) ) ;
#7591 = PRESENTATION_LAYER_ASSIGNMENT (  '', '', ( #374 ) ) ;
#7592 = VERTEX_POINT ( 'NONE', #9079 ) ;
#7593 = SURFACE_STYLE_FILL_AREA ( #9394 ) ;
#7594 = VERTEX_POINT ( 'NONE', #2051 ) ;
#7595 = CARTESIAN_POINT ( 'NONE',  ( -0.7115491127141063687, 0.8100000000000004974, 0.2499457095371511450 ) ) ;
#7596 =( LENGTH_UNIT ( ) NAMED_UNIT ( * ) SI_UNIT ( .MILLI., .METRE. ) );
#7597 = ADVANCED_FACE ( 'NONE', ( #390 ), #7438, .F. ) ;
#7598 = SURFACE_STYLE_USAGE ( .BOTH. , #5229 ) ;
#7599 = CARTESIAN_POINT ( 'NONE',  ( -0.06336734827075016230, 0.7999999999999998224, -0.2121586914474249963 ) ) ;
#7600 = CARTESIAN_POINT ( 'NONE',  ( 1.156525308719891898, 0.8000000000000000444, 0.1988655995210426020 ) ) ;
#7601 = CARTESIAN_POINT ( 'NONE',  ( -0.9999999999999997780, 0.0000000000000000000, 0.3500000000000005884 ) ) ;
#7602 = EDGE_LOOP ( 'NONE', ( #704, #8910, #5502, #3646 ) ) ;
#7603 = DIRECTION ( 'NONE',  ( 0.0000000000000000000, 0.0000000000000000000, 1.000000000000000000 ) ) ;
#7604 = EDGE_CURVE ( 'NONE', #9379, #1994, #8300, .T. ) ;
#7605 = ORIENTED_EDGE ( 'NONE', *, *, #7293, .F. ) ;
#7606 =( GEOMETRIC_REPRESENTATION_CONTEXT ( 3 ) GLOBAL_UNCERTAINTY_ASSIGNED_CONTEXT ( ( #2128 ) ) GLOBAL_UNIT_ASSIGNED_CONTEXT ( ( #4058, #1762, #9620 ) ) REPRESENTATION_CONTEXT ( 'NONE', 'WORKASPACE' ) );
#7607 = ORIENTED_EDGE ( 'NONE', *, *, #4319, .F. ) ;
#7608 = CARTESIAN_POINT ( 'NONE',  ( -0.8363725359696083661, 0.8000000000000002665, 0.1789007281616852019 ) ) ;
#7609 = PRESENTATION_STYLE_ASSIGNMENT (( #10132 ) ) ;
#7610 = SURFACE_STYLE_FILL_AREA ( #678 ) ;
#7611 =( LENGTH_UNIT ( ) NAMED_UNIT ( * ) SI_UNIT ( .MILLI., .METRE. ) );
#7612 = CARTESIAN_POINT ( 'NONE',  ( 0.9999999999999997780, 0.05000000000000000278, 0.3500000000000005884 ) ) ;
#7613 = CARTESIAN_POINT ( 'NONE',  ( -0.7808444666221344699, 0.8000000000000003775, -0.3463879504599410852 ) ) ;
#7614 = SURFACE_SIDE_STYLE ('',( #6826 ) ) ;
#7615 = CARTESIAN_POINT ( 'NONE',  ( 1.098188266455542905, 0.8100000000000000533, 0.2605787760026003763 ) ) ;
#7616 = ORIENTED_EDGE ( 'NONE', *, *, #5102, .F. ) ;
#7617 = AXIS2_PLACEMENT_3D ( 'NONE', #2959, #3613, #8251 ) ;
#7618 = SURFACE_SIDE_STYLE ('',( #800 ) ) ;
#7619 = CARTESIAN_POINT ( 'NONE',  ( 0.6682507093429900236, 0.8000000000000002665, -0.2683102258056314637 ) ) ;
#7620 = CARTESIAN_POINT ( 'NONE',  ( -0.6841264492185690216, 0.8100000000000000533, -0.004860814952736920366 ) ) ;
#7621 = FACE_OUTER_BOUND ( 'NONE', #7628, .T. ) ;
#7622 =( LENGTH_UNIT ( ) NAMED_UNIT ( * ) SI_UNIT ( .MILLI., .METRE. ) );
#7623 = AXIS2_PLACEMENT_3D ( 'NONE', #9189, #8463, #3741 ) ;
#7624 = SURFACE_STYLE_FILL_AREA ( #8297 ) ;
#7625 =( LENGTH_UNIT ( ) NAMED_UNIT ( * ) SI_UNIT ( .MILLI., .METRE. ) );
#7626 = ORIENTED_EDGE ( 'NONE', *, *, #6199, .F. ) ;
#7627 = CARTESIAN_POINT ( 'NONE',  ( -1.148133226954506148, 0.8000000000000002665, -0.2837463594469754047 ) ) ;
#7628 = EDGE_LOOP ( 'NONE', ( #2355, #6500, #7945, #10162, #5236, #9571, #6468, #4224, #2599, #4179, #3935, #7190, #4671, #3418, #3111, #6346, #6398, #2553, #8453, #5641, #9365, #1796, #846, #4923, #5543, #1031, #5322, #5931 ) ) ;
#7629 = PRESENTATION_LAYER_ASSIGNMENT (  '', '', ( #6955 ) ) ;
#7630 = DIRECTION ( 'NONE',  ( -1.000000000000000000, -0.0000000000000000000, -5.102127870520016052E-16 ) ) ;
#7631 = MECHANICAL_DESIGN_GEOMETRIC_PRESENTATION_REPRESENTATION (  '', ( #4343 ), #7805 ) ;
#7632 = CARTESIAN_POINT ( 'NONE',  ( 1.130905386041801908, 0.7999999999999999334, -0.2748422398314226411 ) ) ;
#7633 = CARTESIAN_POINT ( 'NONE',  ( -0.7867461073095276536, 0.8000000000000000444, -0.2839360223559045382 ) ) ;
#7634 = SURFACE_STYLE_FILL_AREA ( #6046 ) ;
#7635 = FACE_OUTER_BOUND ( 'NONE', #1388, .T. ) ;
#7636 = CARTESIAN_POINT ( 'NONE',  ( -0.7180203719095117343, 0.8000000000000003775, 0.1680852546308443662 ) ) ;
#7637 = SURFACE_SIDE_STYLE ('',( #6852 ) ) ;
#7638 = CARTESIAN_POINT ( 'NONE',  ( -0.7834012848039526578, 0.8000000000000001554, -0.2840502881222787268 ) ) ;
#7639 = VECTOR ( 'NONE', #9545, 1000.000000000000000 ) ;
#7640 = ORIENTED_EDGE ( 'NONE', *, *, #9736, .T. ) ;
#7641 = CARTESIAN_POINT ( 'NONE',  ( -1.075777645401378990, 0.8000000000000001554, -0.2306812735306203455 ) ) ;
#7642 = ORIENTED_EDGE ( 'NONE', *, *, #3782, .T. ) ;
#7643 = UNCERTAINTY_MEASURE_WITH_UNIT (LENGTH_MEASURE( 1.000000000000000082E-05 ), #8511, 'distance_accuracy_value', 'NONE');
#7644 = AXIS2_PLACEMENT_3D ( 'NONE', #4740, #9426, #4579 ) ;
#7645 = LINE ( 'NONE', #2832, #9719 ) ;
#7646 = MECHANICAL_DESIGN_GEOMETRIC_PRESENTATION_REPRESENTATION (  '', ( #775 ), #3408 ) ;
#7647 = CARTESIAN_POINT ( 'NONE',  ( -0.7322774501658564361, 0.8000000000000001554, -0.3379037307884834584 ) ) ;
#7648 = CARTESIAN_POINT ( 'NONE',  ( -2.000000000000002220, 0.0000000000000000000, 0.9500000000000001776 ) ) ;
#7649 = SURFACE_STYLE_FILL_AREA ( #5233 ) ;
#7650 = VECTOR ( 'NONE', #7816, 1000.000000000000000 ) ;
#7651 = EDGE_LOOP ( 'NONE', ( #3488, #4948, #5674, #193 ) ) ;
#7652 = CARTESIAN_POINT ( 'NONE',  ( -1.799999999999999822, 0.8000000000000001554, 1.100000000000000311 ) ) ;
#7653 = CARTESIAN_POINT ( 'NONE',  ( 1.118430476778644378, 0.8100000000000001643, -0.2727415726576095656 ) ) ;
#7654 = ORIENTED_EDGE ( 'NONE', *, *, #7549, .F. ) ;
#7655 = ORIENTED_EDGE ( 'NONE', *, *, #6479, .F. ) ;
#7656 = UNCERTAINTY_MEASURE_WITH_UNIT (LENGTH_MEASURE( 1.000000000000000082E-05 ), #4039, 'distance_accuracy_value', 'NONE');
#7657 = CARTESIAN_POINT ( 'NONE',  ( -0.8786123237649915430, 0.8000000000000000444, -0.03859574266773335011 ) ) ;
#7658 = EDGE_CURVE ( 'NONE', #2696, #5863, #1080, .T. ) ;
#7659 = SURFACE_SIDE_STYLE ('',( #2279 ) ) ;
#7660 = CARTESIAN_POINT ( 'NONE',  ( -0.3640354415917583797, 0.8100000000000006084, -0.07441611324957041196 ) ) ;
#7661 = ADVANCED_FACE ( 'NONE', ( #5056 ), #2815, .F. ) ;
#7662 = CARTESIAN_POINT ( 'NONE',  ( 1.700000000000000844, 0.6100000000000000977, 1.199999999999998401 ) ) ;
#7663 =( LENGTH_UNIT ( ) NAMED_UNIT ( * ) SI_UNIT ( .MILLI., .METRE. ) );
#7664 = DIRECTION ( 'NONE',  ( 0.4719126085633064127, 0.0000000000000000000, 0.8816453311161894790 ) ) ;
#7665 = CARTESIAN_POINT ( 'NONE',  ( 1.278251972931460534, 0.8000000000000000444, -0.3154699020397004894 ) ) ;
#7666 = CARTESIAN_POINT ( 'NONE',  ( -0.9408510086412799067, 0.8000000000000000444, -0.05061152421123902428 ) ) ;
#7667 = CARTESIAN_POINT ( 'NONE',  ( -1.155235700388368203, 0.8000000000000001554, -0.3463879504599410852 ) ) ;
#7668 = ORIENTED_EDGE ( 'NONE', *, *, #6325, .F. ) ;
#7669 = FILL_AREA_STYLE_COLOUR ( '', #1779 ) ;
#7670 = EDGE_CURVE ( 'NONE', #5801, #770, #264, .T. ) ;
#7671 =( NAMED_UNIT ( * ) SI_UNIT ( $, .STERADIAN. ) SOLID_ANGLE_UNIT ( ) );
#7672 = CARTESIAN_POINT ( 'NONE',  ( -0.1086397732177001585, 0.7999999999999999334, 0.02693884005071236695 ) ) ;
#7673 = AXIS2_PLACEMENT_3D ( 'NONE', #9782, #525, #8137 ) ;
#7674 = B_SPLINE_CURVE_WITH_KNOTS ( 'NONE', 3,
 ( #2489, #5598, #6261, #8695, #3364, #7090, #8745, #6367, #4780, #5695, #3152, #8842, #8639, #1717, #6312, #3311, #2440, #942, #9466 ),
 .UNSPECIFIED., .F., .F.,
 ( 4, 1, 1, 1, 1, 1, 1, 1, 1, 1, 1, 1, 1, 1, 1, 1, 4 ),
 ( 0.0000000000000000000, 0.1203760720986963018, 0.2307892890246537321, 0.3305412134213607245, 0.4205869266342565638, 0.5007002821282953153, 0.5711525390240546063, 0.6324761629055820622, 0.6850177329828034400, 0.7317551824460793997, 0.7753044359569037924, 0.8157921199715243432, 0.8541714020480321023, 0.8907255372625700884, 0.9267356746237944698, 0.9631365825032481842, 1.000000000000000000 ),
 .UNSPECIFIED. ) ;
#7675 = CARTESIAN_POINT ( 'NONE',  ( 0.9648083971232450651, 0.8000000000000000444, -0.2391418420717318638 ) ) ;
#7676 = PRESENTATION_STYLE_ASSIGNMENT (( #433 ) ) ;
#7677 = DIRECTION ( 'NONE',  ( -0.0000000000000000000, -1.000000000000000000, -0.0000000000000000000 ) ) ;
#7678 = LINE ( 'NONE', #9280, #7687 ) ;
#7679 = ORIENTED_EDGE ( 'NONE', *, *, #8545, .F. ) ;
#7680 = CARTESIAN_POINT ( 'NONE',  ( -1.069203789014291806, 0.8000000000000002665, -0.2116857279612589238 ) ) ;
#7681 = MECHANICAL_DESIGN_GEOMETRIC_PRESENTATION_REPRESENTATION (  '', ( #4724 ), #6843 ) ;
#7682 = ORIENTED_EDGE ( 'NONE', *, *, #7732, .F. ) ;
#7683 = CARTESIAN_POINT ( 'NONE',  ( -0.6215906808923359339, 0.8100000000000003864, -0.05191086813422744750 ) ) ;
#7684 = EDGE_CURVE ( 'NONE', #1899, #5873, #1148, .T. ) ;
#7685 = CARTESIAN_POINT ( 'NONE',  ( 1.012629237985606112, 0.8100000000000000533, -0.1959487082287743875 ) ) ;
#7686 = CARTESIAN_POINT ( 'NONE',  ( -1.322768167920835847, 0.8100000000000001643, 0.2614042573322666319 ) ) ;
#7687 = VECTOR ( 'NONE', #2196, 1000.000000000000000 ) ;
#7688 = CARTESIAN_POINT ( 'NONE',  ( -0.2597491593462310511, 0.8100000000000001643, 0.1789007281616848966 ) ) ;
#7689 = DIRECTION ( 'NONE',  ( -0.0000000000000000000, -1.000000000000000000, -0.0000000000000000000 ) ) ;
#7690 = CARTESIAN_POINT ( 'NONE',  ( -0.7045288038924701901, 0.8000000000000002665, -0.2200471004612732651 ) ) ;
#7691 = ORIENTED_EDGE ( 'NONE', *, *, #3767, .T. ) ;
#7692 = CARTESIAN_POINT ( 'NONE',  ( -1.069203789014291806, 0.8000000000000002665, -0.2116857279612589238 ) ) ;
#7693 = ORIENTED_EDGE ( 'NONE', *, *, #378, .F. ) ;
#7694 = CARTESIAN_POINT ( 'NONE',  ( -1.233542939163327024, 0.8000000000000000444, 0.1844551688771766396 ) ) ;
#7695 = STYLED_ITEM ( 'NONE', ( #2381 ), #7290 ) ;
#7696 = SURFACE_SIDE_STYLE ('',( #4607 ) ) ;
#7697 =( NAMED_UNIT ( * ) PLANE_ANGLE_UNIT ( ) SI_UNIT ( $, .RADIAN. ) );
#7698 = CARTESIAN_POINT ( 'NONE',  ( 1.989999999999999103, 0.6100000000000000977, 1.240000000000000435 ) ) ;
#7699 = DIRECTION ( 'NONE',  ( 0.0000000000000000000, 0.0000000000000000000, 1.000000000000000000 ) ) ;
#7700 = CARTESIAN_POINT ( 'NONE',  ( -1.216618443664751137, 0.8100000000000001643, 0.05616803816689309309 ) ) ;
#7701 = EDGE_CURVE ( 'NONE', #3316, #6334, #3730, .T. ) ;
#7702 = DIRECTION ( 'NONE',  ( 0.0000000000000000000, 0.0000000000000000000, -1.000000000000000000 ) ) ;
#7703 =( NAMED_UNIT ( * ) SI_UNIT ( $, .STERADIAN. ) SOLID_ANGLE_UNIT ( ) );
#7704 = VECTOR ( 'NONE', #5542, 1000.000000000000000 ) ;
#7705 = VERTEX_POINT ( 'NONE', #2910 ) ;
#7706 = LINE ( 'NONE', #671, #9582 ) ;
#7707 = VERTEX_POINT ( 'NONE', #2149 ) ;
#7708 = EDGE_LOOP ( 'NONE', ( #6768, #9867, #8836, #7211 ) ) ;
#7709 =( GEOMETRIC_REPRESENTATION_CONTEXT ( 3 ) GLOBAL_UNCERTAINTY_ASSIGNED_CONTEXT ( ( #688 ) ) GLOBAL_UNIT_ASSIGNED_CONTEXT ( ( #372, #6023, #9166 ) ) REPRESENTATION_CONTEXT ( 'NONE', 'WORKASPACE' ) );
#7710 = FILL_AREA_STYLE_COLOUR ( '', #7302 ) ;
#7711 = LINE ( 'NONE', #3057, #424 ) ;
#7712 = CARTESIAN_POINT ( 'NONE',  ( 1.247633778420216055, 0.8100000000000000533, 0.2565439133492442014 ) ) ;
#7713 = CARTESIAN_POINT ( 'NONE',  ( -1.700000000000001954, 0.0000000000000000000, -1.149999999999998357 ) ) ;
#7714 = DIRECTION ( 'NONE',  ( -1.000000000000000000, 0.0000000000000000000, 0.0000000000000000000 ) ) ;
#7715 = CARTESIAN_POINT ( 'NONE',  ( -0.6738298225803422969, 0.8000000000000003775, -0.2881154959135699967 ) ) ;
#7716 = CARTESIAN_POINT ( 'NONE',  ( -0.9009800310819833236, 0.8100000000000001643, -0.2680366577904280123 ) ) ;
#7717 = PRESENTATION_LAYER_ASSIGNMENT (  '', '', ( #8704 ) ) ;
#7718 = CARTESIAN_POINT ( 'NONE',  ( -0.3085212060552218194, 0.8100000000000001643, 0.2160824072274388497 ) ) ;
#7719 = VECTOR ( 'NONE', #3621, 1000.000000000000000 ) ;
#7720 = EDGE_LOOP ( 'NONE', ( #9158, #467, #10031, #5576 ) ) ;
#7721 = SURFACE_STYLE_USAGE ( .BOTH. , #10096 ) ;
#7722 = CARTESIAN_POINT ( 'NONE',  ( -0.1174528382861827064, 0.8100000000000002753, 0.1046169461353851082 ) ) ;
#7723 = DIRECTION ( 'NONE',  ( -1.000000000000000000, 0.0000000000000000000, -0.0000000000000000000 ) ) ;
#7724 = CARTESIAN_POINT ( 'NONE',  ( 0.9554570754397355703, 0.8100000000000001643, -0.2228368584274981190 ) ) ;
#7725 = CARTESIAN_POINT ( 'NONE',  ( 1.500000000000000222, 0.8000000000000001554, 0.7999999999999999334 ) ) ;
#7726 = CARTESIAN_POINT ( 'NONE',  ( -1.144399661427329296, 0.8000000000000002665, 0.07475653005953937502 ) ) ;
#7727 = ADVANCED_FACE ( 'NONE', ( #5359 ), #9817, .T. ) ;
#7728 = LINE ( 'NONE', #1385, #583 ) ;
#7729 = CARTESIAN_POINT ( 'NONE',  ( -1.779999999999999583, 0.7800000000000001377, -1.099999999999999867 ) ) ;
#7730 = AXIS2_PLACEMENT_3D ( 'NONE', #4387, #2158, #9027 ) ;
#7731 = CARTESIAN_POINT ( 'NONE',  ( 0.8166320199283931824, 0.8000000000000007105, -0.2444883059245302470 ) ) ;
#7732 = EDGE_CURVE ( 'NONE', #4390, #9930, #6074, .T. ) ;
#7733 = VERTEX_POINT ( 'NONE', #4799 ) ;
#7734 = FILL_AREA_STYLE ('',( #2358 ) ) ;
#7735 = FACE_OUTER_BOUND ( 'NONE', #9759, .T. ) ;
#7736 = CARTESIAN_POINT ( 'NONE',  ( 1.152634989785251696, 0.8000000000000000444, -0.2761984016107592588 ) ) ;
#7737 = CARTESIAN_POINT ( 'NONE',  ( -1.098758035885705642, 0.8100000000000001643, -0.08005248899566405618 ) ) ;
#7738 = STYLED_ITEM ( 'NONE', ( #5604 ), #10050 ) ;
#7739 = AXIS2_PLACEMENT_3D ( 'NONE', #5631, #7334, #3295 ) ;
#7740 = CARTESIAN_POINT ( 'NONE',  ( 0.9321019775071114344, 0.8000000000000003775, 0.09297654787666063958 ) ) ;
#7741 = VECTOR ( 'NONE', #4452, 1000.000000000000000 ) ;
#7742 = CARTESIAN_POINT ( 'NONE',  ( -1.799999999999999822, 0.8000000000000001554, -1.099999999999999867 ) ) ;
#7743 = EDGE_CURVE ( 'NONE', #6334, #2227, #2404, .T. ) ;
#7744 = FILL_AREA_STYLE_COLOUR ( '', #9223 ) ;
#7745 = CARTESIAN_POINT ( 'NONE',  ( -0.7431902176861314713, 0.8100000000000001643, -0.2717092412022343306 ) ) ;
#7746 = ORIENTED_EDGE ( 'NONE', *, *, #7867, .F. ) ;
#7747 = EDGE_LOOP ( 'NONE', ( #9195, #7117, #1878, #4873 ) ) ;
#7748 = CARTESIAN_POINT ( 'NONE',  ( -1.148591878498414598, 0.8100000000000001643, 0.07920967903884491845 ) ) ;
#7749 = VECTOR ( 'NONE', #3193, 1000.000000000000000 ) ;
#7750 = VECTOR ( 'NONE', #7167, 1000.000000000000000 ) ;
#7751 = UNCERTAINTY_MEASURE_WITH_UNIT (LENGTH_MEASURE( 1.000000000000000082E-05 ), #1039, 'distance_accuracy_value', 'NONE');
#7752 = CYLINDRICAL_SURFACE ( 'NONE', #7361, 0.02000000000000005246 ) ;
#7753 = CARTESIAN_POINT ( 'NONE',  ( -0.2751182021371599284, 0.7999999999999994893, -0.2333801668200150559 ) ) ;
#7754 = DIRECTION ( 'NONE',  ( -1.000000000000000000, 0.0000000000000000000, -2.168404344971021884E-15 ) ) ;
#7755 = SURFACE_SIDE_STYLE ('',( #3807 ) ) ;
#7756 = CARTESIAN_POINT ( 'NONE',  ( -0.04484608999875776270, 0.8000000000000001554, -0.03835223617422705428 ) ) ;
#7757 = CARTESIAN_POINT ( 'NONE',  ( 0.7435292706374880822, 0.8000000000000002665, -0.1076122491961680888 ) ) ;
#7758 = CARTESIAN_POINT ( 'NONE',  ( -1.207539996290692974, 0.8000000000000001554, 0.1446734927190999609 ) ) ;
#7759 = CARTESIAN_POINT ( 'NONE',  ( -1.000000000000000222, 0.0000000000000000000, 1.149999999999998801 ) ) ;
#7760 = ORIENTED_EDGE ( 'NONE', *, *, #3451, .F. ) ;
#7761 = DIRECTION ( 'NONE',  ( 0.0000000000000000000, 0.0000000000000000000, 1.000000000000000000 ) ) ;
#7762 = B_SPLINE_CURVE_WITH_KNOTS ( 'NONE', 3,
 ( #10062, #7842, #6949, #3180, #6145, #9283, #2257, #10107, #3075, #1000, #6313 ),
 .UNSPECIFIED., .F., .F.,
 ( 4, 1, 1, 1, 1, 1, 1, 1, 4 ),
 ( 0.0000000000000000000, 0.1401539342006934419, 0.2743036365900061169, 0.4028959038526180314, 0.5266482423673581881, 0.6473998788673331894, 0.7658420595742357895, 0.8825150383086765027, 1.000000000000000000 ),
 .UNSPECIFIED. ) ;
#7763 = ORIENTED_EDGE ( 'NONE', *, *, #2773, .T. ) ;
#7764 = ORIENTED_EDGE ( 'NONE', *, *, #6267, .F. ) ;
#7765 = UNCERTAINTY_MEASURE_WITH_UNIT (LENGTH_MEASURE( 1.000000000000000082E-05 ), #8122, 'distance_accuracy_value', 'NONE');
#7766 = VECTOR ( 'NONE', #6071, 1000.000000000000000 ) ;
#7767 = CARTESIAN_POINT ( 'NONE',  ( -0.1757908099107899635, 0.8000000000000002665, -0.2773592022517659683 ) ) ;
#7768 = LINE ( 'NONE', #1521, #7650 ) ;
#7769 = CARTESIAN_POINT ( 'NONE',  ( 1.078176355392829855, 0.8000000000000001554, -0.3332583876216480556 ) ) ;
#7770 = DIRECTION ( 'NONE',  ( 2.710505431213766508E-16, 0.0000000000000000000, -1.000000000000000000 ) ) ;
#7771 =( NAMED_UNIT ( * ) PLANE_ANGLE_UNIT ( ) SI_UNIT ( $, .RADIAN. ) );
#7772 = SURFACE_STYLE_USAGE ( .BOTH. , #1420 ) ;
#7773 = DIRECTION ( 'NONE',  ( -1.000000000000000000, 0.0000000000000000000, 6.023345402697246719E-17 ) ) ;
#7774 = PRESENTATION_LAYER_ASSIGNMENT (  '', '', ( #5961 ) ) ;
#7775 = CARTESIAN_POINT ( 'NONE',  ( -0.8651242628283973835, 0.8000000000000002665, -0.3161270151794526306 ) ) ;
#7776 = CARTESIAN_POINT ( 'NONE',  ( 1.118430476778644378, 0.8000000000000001554, -0.2727415726576095656 ) ) ;
#7777 = VERTEX_POINT ( 'NONE', #3920 ) ;
#7778 = CARTESIAN_POINT ( 'NONE',  ( -0.6215675452591793437, 0.8000000000000000444, -0.02617395842292995906 ) ) ;
#7779 = COLOUR_RGB ( '',0.09803921568627450844, 0.09803921568627450844, 0.09803921568627450844 ) ;
#7780 = CARTESIAN_POINT ( 'NONE',  ( -0.1652557128971128830, 0.8100000000000001643, 0.1943476029815417727 ) ) ;
#7781 = CARTESIAN_POINT ( 'NONE',  ( 0.9138369360462438307, 0.8000000000000003775, -0.05952115099460087572 ) ) ;
#7782 = CARTESIAN_POINT ( 'NONE',  ( -0.7343982661848709181, 0.8099999999999998312, -0.2647261486837396705 ) ) ;
#7783 = CARTESIAN_POINT ( 'NONE',  ( -0.6399907248941266724, 0.8099999999999999423, -0.2121586914474248020 ) ) ;
#7784 = SURFACE_SIDE_STYLE ('',( #1539 ) ) ;
#7785 = DIRECTION ( 'NONE',  ( -0.0000000000000000000, -1.000000000000000000, -0.0000000000000000000 ) ) ;
#7786 = EDGE_LOOP ( 'NONE', ( #1514, #9384, #9020, #4445, #894, #56 ) ) ;
#7787 = CARTESIAN_POINT ( 'NONE',  ( 0.7339046369363559918, 0.7999999999999999334, -0.3292652807807144866 ) ) ;
#7788 = ORIENTED_EDGE ( 'NONE', *, *, #7219, .F. ) ;
#7789 = CARTESIAN_POINT ( 'NONE',  ( 0.7099674234992096045, 0.8099999999999997202, 0.006321288170787106239 ) ) ;
#7790 = CARTESIAN_POINT ( 'NONE',  ( 1.019762706160386889, 0.8000000000000000444, -0.2073010492488254475 ) ) ;
#7791 = CARTESIAN_POINT ( 'NONE',  ( -1.162360428063982987, 0.8100000000000002753, -0.0009270763781112342566 ) ) ;
#7792 = EDGE_CURVE ( 'NONE', #3120, #1657, #8053, .T. ) ;
#7793 = EDGE_CURVE ( 'NONE', #571, #3842, #2356, .T. ) ;
#7794 = SURFACE_STYLE_FILL_AREA ( #3080 ) ;
#7795 = CARTESIAN_POINT ( 'NONE',  ( 1.093981984818054753, 0.8099999999999998312, -0.3379218494134918482 ) ) ;
#7796 = SURFACE_SIDE_STYLE ('',( #6396 ) ) ;
#7797 = CARTESIAN_POINT ( 'NONE',  ( -0.6852481951508012648, 0.8100000000000002753, -0.1047810790333542907 ) ) ;
#7798 = ORIENTED_EDGE ( 'NONE', *, *, #2634, .F. ) ;
#7799 = VECTOR ( 'NONE', #1308, 1000.000000000000000 ) ;
#7800 = PRESENTATION_LAYER_ASSIGNMENT (  '', '', ( #9279 ) ) ;
#7801 = CYLINDRICAL_SURFACE ( 'NONE', #6019, 0.02000000000000005246 ) ;
#7802 = EDGE_CURVE ( 'NONE', #7080, #6348, #8608, .T. ) ;
#7803 = CARTESIAN_POINT ( 'NONE',  ( 0.6562537790963358653, 0.8000000000000000444, 0.02481394543295607075 ) ) ;
#7804 = CARTESIAN_POINT ( 'NONE',  ( -1.107900835312578991, 0.8000000000000000444, -0.06663106220582315498 ) ) ;
#7805 =( GEOMETRIC_REPRESENTATION_CONTEXT ( 3 ) GLOBAL_UNCERTAINTY_ASSIGNED_CONTEXT ( ( #2847 ) ) GLOBAL_UNIT_ASSIGNED_CONTEXT ( ( #1791, #225, #2717 ) ) REPRESENTATION_CONTEXT ( 'NONE', 'WORKASPACE' ) );
#7806 = CARTESIAN_POINT ( 'NONE',  ( -0.09720644595696557866, 0.8100000000000001643, -0.2881154959135701632 ) ) ;
#7807 = CARTESIAN_POINT ( 'NONE',  ( 0.7577850487813001523, 0.8100000000000001643, -0.1306968765498771612 ) ) ;
#7808 = CARTESIAN_POINT ( 'NONE',  ( -0.05667367302309494342, 0.8100000000000004974, -0.1828574044858319037 ) ) ;
#7809 = ORIENTED_EDGE ( 'NONE', *, *, #6936, .T. ) ;
#7810 = CARTESIAN_POINT ( 'NONE',  ( -0.8729472640567168540, 0.8000000000000001554, 0.2303976099240630515 ) ) ;
#7811 = LINE ( 'NONE', #10083, #3290 ) ;
#7812 = ORIENTED_EDGE ( 'NONE', *, *, #3137, .F. ) ;
#7813 = EDGE_LOOP ( 'NONE', ( #1853, #6412, #6148, #3876 ) ) ;
#7814 = COLOUR_RGB ( '',0.09803921568627450844, 0.09803921568627450844, 0.09803921568627450844 ) ;
#7815 = LINE ( 'NONE', #3708, #6980 ) ;
#7816 = DIRECTION ( 'NONE',  ( 1.000000000000000000, -0.0000000000000000000, -0.0000000000000000000 ) ) ;
#7817 = CARTESIAN_POINT ( 'NONE',  ( -1.313087256074006337, 0.8099999999999999423, -0.1884348678752309214 ) ) ;
#7818 = PRESENTATION_LAYER_ASSIGNMENT (  '', '', ( #2082 ) ) ;
#7819 = CARTESIAN_POINT ( 'NONE',  ( 1.780000000000000027, 0.8000000000000001554, 0.7999999999999999334 ) ) ;
#7820 = DIRECTION ( 'NONE',  ( 0.0000000000000000000, 0.0000000000000000000, -1.000000000000000000 ) ) ;
#7821 = FACE_OUTER_BOUND ( 'NONE', #3391, .T. ) ;
#7822 = MECHANICAL_DESIGN_GEOMETRIC_PRESENTATION_REPRESENTATION (  '', ( #9139 ), #8148 ) ;
#7823 = CARTESIAN_POINT ( 'NONE',  ( 0.9263913164593253757, 0.8100000000000001643, 0.07360686640268428171 ) ) ;
#7824 = CIRCLE ( 'NONE', #3904, 0.3041381265149101232 ) ;
#7825 = ORIENTED_EDGE ( 'NONE', *, *, #9354, .F. ) ;
#7826 = FILL_AREA_STYLE ('',( #7669 ) ) ;
#7827 = B_SPLINE_SURFACE_WITH_KNOTS ( 'NONE', 3, 1, ( 
 ( #969, #8813 ),
 ( #1786, #4903 ),
 ( #8042, #1024 ),
 ( #8104, #1070 ),
 ( #277, #4183 ),
 ( #3431, #6539 ),
 ( #9696, #3982 ),
 ( #8914, #9070 ),
 ( #9843, #5049 ),
 ( #2088, #8962 ),
 ( #4277, #326 ),
 ( #1229, #2043 ),
 ( #8293, #8196 ),
 ( #3611, #1278 ),
 ( #4373, #7526 ),
 ( #2806, #5924 ),
 ( #1938, #430 ),
 ( #9746, #4323 ),
 ( #6737, #539 ) ),
 .UNSPECIFIED., .F., .F., .F.,
 ( 4, 1, 1, 1, 1, 1, 1, 1, 1, 1, 1, 1, 1, 1, 1, 1, 4 ),
 ( 2, 2 ),
 ( 0.0000000000000000000, 0.1206675161426108006, 0.2309294132593920357, 0.3309228483128897613, 0.4207704713085047010, 0.5010777902696152974, 0.5717006200233739621, 0.6331727153130469743, 0.6858414944559069193, 0.7330485117757722380, 0.7767032029398724946, 0.8172975603403951350, 0.8554421780553921328, 0.8920848149530554716, 0.9277934961332929831, 0.9634652945205791630, 1.000000000000000000 ),
 ( 0.0000000000000000000, 1.000000000000000000 ),
 .UNSPECIFIED. ) ;
#7828 = FILL_AREA_STYLE_COLOUR ( '', #9787 ) ;
#7829 = CARTESIAN_POINT ( 'NONE',  ( -1.499999999999999778, 0.8000000000000001554, 1.080000000000000293 ) ) ;
#7830 = LINE ( 'NONE', #6272, #829 ) ;
#7831 = MECHANICAL_DESIGN_GEOMETRIC_PRESENTATION_REPRESENTATION (  '', ( #2430 ), #8317 ) ;
#7832 = CARTESIAN_POINT ( 'NONE',  ( 1.310998065845397464, 0.8100000000000002753, 0.1377029586309676257 ) ) ;
#7833 = CARTESIAN_POINT ( 'NONE',  ( -0.3639127609059824575, 0.8100000000000001643, 0.001404215689057597112 ) ) ;
#7834 =( GEOMETRIC_REPRESENTATION_CONTEXT ( 3 ) GLOBAL_UNCERTAINTY_ASSIGNED_CONTEXT ( ( #4563 ) ) GLOBAL_UNIT_ASSIGNED_CONTEXT ( ( #3786, #2256, #707 ) ) REPRESENTATION_CONTEXT ( 'NONE', 'WORKASPACE' ) );
#7835 = EDGE_CURVE ( 'NONE', #1682, #8585, #72, .T. ) ;
#7836 =( LENGTH_UNIT ( ) NAMED_UNIT ( * ) SI_UNIT ( .MILLI., .METRE. ) );
#7837 = EDGE_CURVE ( 'NONE', #1710, #5801, #5617, .T. ) ;
#7838 = CARTESIAN_POINT ( 'NONE',  ( -0.09379089519356294258, 0.8100000000000001643, -0.2830762621482530439 ) ) ;
#7839 = PRESENTATION_STYLE_ASSIGNMENT (( #10152 ) ) ;
#7840 = VERTEX_POINT ( 'NONE', #4078 ) ;
#7841 = CARTESIAN_POINT ( 'NONE',  ( -0.6279907543077795085, 0.8000000000000000444, -0.1507744555896408933 ) ) ;
#7842 = CARTESIAN_POINT ( 'NONE',  ( 1.365334992998428421, 0.8000000000000001554, 0.1845536948430110680 ) ) ;
#7843 = CARTESIAN_POINT ( 'NONE',  ( -1.157549012076679817, 0.8000000000000001554, -0.2840502881222787268 ) ) ;
#7844 = CARTESIAN_POINT ( 'NONE',  ( 0.9859658305390900379, 0.7999999999999999334, 0.1895063845676086267 ) ) ;
#7845 = CARTESIAN_POINT ( 'NONE',  ( 0.6390418970142287547, 0.8100000000000001643, -0.07366067773266866958 ) ) ;
#7846 = CARTESIAN_POINT ( 'NONE',  ( 1.689999999999998836, 0.6800000000000000488, -0.9400000000000000577 ) ) ;
#7847 = CARTESIAN_POINT ( 'NONE',  ( 0.9263041325917880098, 0.8100000000000000533, -0.1476689393107162851 ) ) ;
#7848 = VECTOR ( 'NONE', #3496, 1000.000000000000000 ) ;
#7849 = COLOUR_RGB ( '',1.000000000000000000, 0.9490196078431372140, 0.9098039215686274384 ) ;
#7850 = ADVANCED_FACE ( 'NONE', ( #9382 ), #7052, .F. ) ;
#7851 = EDGE_LOOP ( 'NONE', ( #3594, #8267, #6442, #5876 ) ) ;
#7852 = VERTEX_POINT ( 'NONE', #2284 ) ;
#7853 = CARTESIAN_POINT ( 'NONE',  ( -1.144399661427329296, 0.8000000000000001554, 0.07475653005953937502 ) ) ;
#7854 = CARTESIAN_POINT ( 'NONE',  ( -0.7832927807602165782, 0.8000000000000001554, 0.2067320204147046758 ) ) ;
#7855 = DIRECTION ( 'NONE',  ( -0.0000000000000000000, -1.000000000000000000, -0.0000000000000000000 ) ) ;
#7856 = CARTESIAN_POINT ( 'NONE',  ( -0.2869851384897137425, 0.7999999999999993783, -0.2018945844147106983 ) ) ;
#7857 = CARTESIAN_POINT ( 'NONE',  ( 0.5723211177934495186, 0.8100000000000001643, -0.003530807602798561890 ) ) ;
#7858 = DIRECTION ( 'NONE',  ( -0.9922778767136675171, 0.0000000000000000000, -0.1240347345892088698 ) ) ;
#7859 = SURFACE_STYLE_USAGE ( .BOTH. , #9564 ) ;
#7860 = CARTESIAN_POINT ( 'NONE',  ( 0.7130756925424757142, 0.8000000000000003775, -0.2587335401215697939 ) ) ;
#7861 = CARTESIAN_POINT ( 'NONE',  ( 1.114747530167700784, 0.8000000000000001554, 0.2643757269996044879 ) ) ;
#7862 = EDGE_CURVE ( 'NONE', #6855, #5774, #3816, .T. ) ;
#7863 = ORIENTED_EDGE ( 'NONE', *, *, #8732, .F. ) ;
#7864 = DIRECTION ( 'NONE',  ( -1.000000000000000000, 0.0000000000000000000, 0.0000000000000000000 ) ) ;
#7865 =( LENGTH_UNIT ( ) NAMED_UNIT ( * ) SI_UNIT ( .MILLI., .METRE. ) );
#7866 = ORIENTED_EDGE ( 'NONE', *, *, #9553, .T. ) ;
#7867 = EDGE_CURVE ( 'NONE', #7254, #4987, #3934, .T. ) ;
#7868 = UNCERTAINTY_MEASURE_WITH_UNIT (LENGTH_MEASURE( 1.000000000000000082E-05 ), #2735, 'distance_accuracy_value', 'NONE');
#7869 = LINE ( 'NONE', #1810, #3215 ) ;
#7870 = LINE ( 'NONE', #5387, #8480 ) ;
#7871 = VECTOR ( 'NONE', #47, 1000.000000000000000 ) ;
#7872 = CARTESIAN_POINT ( 'NONE',  ( -1.305279984936000393, 0.8000000000000003775, -0.2276011967976178108 ) ) ;
#7873 = CARTESIAN_POINT ( 'NONE',  ( -0.09528417329224705967, 0.7999999999999999334, 0.2090018205210316393 ) ) ;
#7874 = CARTESIAN_POINT ( 'NONE',  ( -1.003391325586280969, 0.8100000000000002753, -0.1734144828985288433 ) ) ;
#7875 = CARTESIAN_POINT ( 'NONE',  ( 1.213807589274048970, 0.8000000000000002665, -0.3416931090336586263 ) ) ;
#7876 = EDGE_CURVE ( 'NONE', #2575, #10129, #9217, .T. ) ;
#7877 = CARTESIAN_POINT ( 'NONE',  ( -0.7997567156299960622, 0.8100000000000002753, -0.3457231104876023475 ) ) ;
#7878 = CARTESIAN_POINT ( 'NONE',  ( 0.9467465098882218433, 0.8100000000000001643, 0.1290100557762437206 ) ) ;
#7879 = VECTOR ( 'NONE', #956, 1000.000000000000000 ) ;
#7880 = ORIENTED_EDGE ( 'NONE', *, *, #3707, .F. ) ;
#7881 = CARTESIAN_POINT ( 'NONE',  ( 1.373335728183060045, 0.8100000000000001643, -0.04249184656383755282 ) ) ;
#7882 = VECTOR ( 'NONE', #6426, 1000.000000000000000 ) ;
#7883 = PRESENTATION_STYLE_ASSIGNMENT (( #2296 ) ) ;
#7884 = AXIS2_PLACEMENT_3D ( 'NONE', #1525, #3860, #6977 ) ;
#7885 = CARTESIAN_POINT ( 'NONE',  ( 1.264192356358579294, 0.8100000000000003864, 0.1718871302317372673 ) ) ;
#7886 = DIRECTION ( 'NONE',  ( 0.0000000000000000000, 0.0000000000000000000, -1.000000000000000000 ) ) ;
#7887 =( LENGTH_UNIT ( ) NAMED_UNIT ( * ) SI_UNIT ( .MILLI., .METRE. ) );
#7888 = CARTESIAN_POINT ( 'NONE',  ( -1.007301231735466374, 0.8000000000000001554, -0.1353502566995649359 ) ) ;
#7889 = EDGE_LOOP ( 'NONE', ( #2380, #1806, #7812, #4359, #2432, #2565, #607, #7310 ) ) ;
#7890 =( LENGTH_UNIT ( ) NAMED_UNIT ( * ) SI_UNIT ( .MILLI., .METRE. ) );
#7891 = SURFACE_STYLE_USAGE ( .BOTH. , #650 ) ;
#7892 = PRESENTATION_LAYER_ASSIGNMENT (  '', '', ( #5741 ) ) ;
#7893 = CARTESIAN_POINT ( 'NONE',  ( -1.187229900073485833, 0.8100000000000002753, 0.1212128104563085229 ) ) ;
#7894 = CARTESIAN_POINT ( 'NONE',  ( -0.9999999999999997780, 0.05000000000000000278, 0.3500000000000005884 ) ) ;
#7895 = SURFACE_STYLE_FILL_AREA ( #10159 ) ;
#7896 = DIRECTION ( 'NONE',  ( -5.102127870520016052E-16, 0.0000000000000000000, 1.000000000000000000 ) ) ;
#7897 = CARTESIAN_POINT ( 'NONE',  ( -0.7110050564462127021, 0.8000000000000001554, -0.2342854547357039741 ) ) ;
#7898 = COLOUR_RGB ( '',0.09803921568627450844, 0.09803921568627450844, 0.09803921568627450844 ) ;
#7899 = PRESENTATION_STYLE_ASSIGNMENT (( #3838 ) ) ;
#7900 = PRESENTATION_STYLE_ASSIGNMENT (( #5624 ) ) ;
#7901 = VERTEX_POINT ( 'NONE', #6930 ) ;
#7902 = CARTESIAN_POINT ( 'NONE',  ( -1.104194990294792733, 0.8100000000000001643, -0.3396090859557222008 ) ) ;
#7903 = ORIENTED_EDGE ( 'NONE', *, *, #458, .T. ) ;
#7904 = FILL_AREA_STYLE_COLOUR ( '', #6008 ) ;
#7905 = CARTESIAN_POINT ( 'NONE',  ( -0.8102747679499047173, 0.7999999999999998224, 0.2001352369044311075 ) ) ;
#7906 = EDGE_CURVE ( 'NONE', #3379, #9956, #5392, .T. ) ;
#7907 = STYLED_ITEM ( 'NONE', ( #5926 ), #2031 ) ;
#7908 = PRESENTATION_LAYER_ASSIGNMENT (  '', '', ( #691 ) ) ;
#7909 = LINE ( 'NONE', #4814, #9008 ) ;
#7910 = DIRECTION ( 'NONE',  ( 1.000000000000000000, 0.0000000000000000000, -0.0000000000000000000 ) ) ;
#7911 = EDGE_CURVE ( 'NONE', #717, #9291, #2182, .T. ) ;
#7912 = CARTESIAN_POINT ( 'NONE',  ( 0.7173054103349338906, 0.8100000000000001643, 0.1155489574089784699 ) ) ;
#7913 = CARTESIAN_POINT ( 'NONE',  ( -1.107900835312578991, 0.8100000000000001643, -0.06663106220582315498 ) ) ;
#7914 = CARTESIAN_POINT ( 'NONE',  ( -0.1710697419067034319, 0.7999999999999999334, -0.3426888959405315904 ) ) ;
#7915 = CARTESIAN_POINT ( 'NONE',  ( 0.9957679076120009576, 0.8100000000000001643, 0.08674859314561865486 ) ) ;
#7916 =( LENGTH_UNIT ( ) NAMED_UNIT ( * ) SI_UNIT ( .MILLI., .METRE. ) );
#7917 = ORIENTED_EDGE ( 'NONE', *, *, #1022, .F. ) ;
#7918 =( GEOMETRIC_REPRESENTATION_CONTEXT ( 3 ) GLOBAL_UNCERTAINTY_ASSIGNED_CONTEXT ( ( #8998 ) ) GLOBAL_UNIT_ASSIGNED_CONTEXT ( ( #711, #6098, #7057 ) ) REPRESENTATION_CONTEXT ( 'NONE', 'WORKASPACE' ) );
#7919 = VECTOR ( 'NONE', #5149, 1000.000000000000000 ) ;
#7920 = ORIENTED_EDGE ( 'NONE', *, *, #8809, .F. ) ;
#7921 = B_SPLINE_CURVE_WITH_KNOTS ( 'NONE', 3,
 ( #9476, #1676, #2451, #4795, #7783, #3868, #7155, #116, #4686, #10146, #9278 ),
 .UNSPECIFIED., .F., .F.,
 ( 4, 1, 1, 1, 1, 1, 1, 1, 4 ),
 ( 0.0000000000000000000, 0.09322199291302797619, 0.1938649693116593631, 0.3031733266023045048, 0.4219751466596722289, 0.5505186320220890606, 0.6892477464602378978, 0.8389663890178447048, 1.000000000000000000 ),
 .UNSPECIFIED. ) ;
#7922 = CARTESIAN_POINT ( 'NONE',  ( -1.118782805645626155, 0.8000000000000000444, -0.05193247423549929992 ) ) ;
#7923 = STYLED_ITEM ( 'NONE', ( #8364 ), #1760 ) ;
#7924 = CARTESIAN_POINT ( 'NONE',  ( -0.3420701567565622714, 0.8100000000000001643, -0.2241635485886930845 ) ) ;
#7925 = CARTESIAN_POINT ( 'NONE',  ( 1.048523752515592822, 0.7999999999999998224, -0.3202922887673315677 ) ) ;
#7926 = CYLINDRICAL_SURFACE ( 'NONE', #8108, 0.02000000000000005246 ) ;
#7927 = CARTESIAN_POINT ( 'NONE',  ( -0.04484608999875776270, 0.7999999999999999334, -0.03835223617422705428 ) ) ;
#7928 = EDGE_CURVE ( 'NONE', #4937, #1669, #632, .T. ) ;
#7929 = FILL_AREA_STYLE_COLOUR ( '', #3299 ) ;
#7930 = CARTESIAN_POINT ( 'NONE',  ( 0.7196453853598345773, 0.8100000000000000533, -0.01481749818560269827 ) ) ;
#7931 = CARTESIAN_POINT ( 'NONE',  ( 0.9749247721941440847, 0.8100000000000002753, 0.1759873825338998110 ) ) ;
#7932 = COLOUR_RGB ( '',1.000000000000000000, 0.8078431372549019773, 0.4980392156862745168 ) ;
#7933 = ORIENTED_EDGE ( 'NONE', *, *, #6211, .F. ) ;
#7934 = CARTESIAN_POINT ( 'NONE',  ( 1.800000000000000266, 0.7200000000000001954, -0.8000000000000001554 ) ) ;
#7935 = EDGE_CURVE ( 'NONE', #3426, #2072, #3006, .T. ) ;
#7936 = PRESENTATION_STYLE_ASSIGNMENT (( #8800 ) ) ;
#7937 = DIRECTION ( 'NONE',  ( -1.000000000000000000, -0.0000000000000000000, -5.102127870520016052E-16 ) ) ;
#7938 = PRESENTATION_LAYER_ASSIGNMENT (  '', '', ( #6933 ) ) ;
#7939 = CARTESIAN_POINT ( 'NONE',  ( 1.110311750872668091, 0.8100000000000003864, -0.3417631308354374675 ) ) ;
#7940 = CARTESIAN_POINT ( 'NONE',  ( 1.247633778420216055, 0.8000000000000000444, 0.2565439133492442014 ) ) ;
#7941 = CARTESIAN_POINT ( 'NONE',  ( -1.259392769964347902, 0.8100000000000002753, 0.1062494839043667538 ) ) ;
#7942 = CARTESIAN_POINT ( 'NONE',  ( 1.800000000000000266, 0.7200000000000001954, 1.099999999999999867 ) ) ;
#7943 = ORIENTED_EDGE ( 'NONE', *, *, #9537, .T. ) ;
#7944 = DIRECTION ( 'NONE',  ( 1.000000000000000000, 0.0000000000000000000, -1.204669080539449344E-16 ) ) ;
#7945 = ORIENTED_EDGE ( 'NONE', *, *, #575, .T. ) ;
#7946 = DIRECTION ( 'NONE',  ( -1.000000000000000000, 0.0000000000000000000, 0.0000000000000000000 ) ) ;
#7947 = SURFACE_STYLE_FILL_AREA ( #4851 ) ;
#7948 = FACE_OUTER_BOUND ( 'NONE', #7602, .T. ) ;
#7949 = CARTESIAN_POINT ( 'NONE',  ( 0.6995323158840351940, 0.8100000000000003864, -0.0009342659785639942545 ) ) ;
#7950 = AXIS2_PLACEMENT_3D ( 'NONE', #1638, #7896, #3078 ) ;
#7951 = PRESENTATION_STYLE_ASSIGNMENT (( #2307 ) ) ;
#7952 =( NAMED_UNIT ( * ) SI_UNIT ( $, .STERADIAN. ) SOLID_ANGLE_UNIT ( ) );
#7953 = PRESENTATION_STYLE_ASSIGNMENT (( #4807 ) ) ;
#7954 = SURFACE_STYLE_FILL_AREA ( #2468 ) ;
#7955 = VERTEX_POINT ( 'NONE', #1419 ) ;
#7956 = EDGE_LOOP ( 'NONE', ( #647, #4977, #2911, #7329 ) ) ;
#7957 = CARTESIAN_POINT ( 'NONE',  ( -0.8440224115044809849, 0.8100000000000000533, 0.1686973907083552382 ) ) ;
#7958 = VECTOR ( 'NONE', #4639, 1000.000000000000000 ) ;
#7959 = CARTESIAN_POINT ( 'NONE',  ( 1.689999999999999281, 0.6800000000000000488, 0.9400000000000005018 ) ) ;
#7960 = LINE ( 'NONE', #6297, #7749 ) ;
#7961 = CARTESIAN_POINT ( 'NONE',  ( -0.8786123237649915430, 0.8100000000000001643, -0.03859574266773335011 ) ) ;
#7962 = PRESENTATION_STYLE_ASSIGNMENT (( #7859 ) ) ;
#7963 = PLANE ( 'NONE',  #3801 ) ;
#7964 = FILL_AREA_STYLE ('',( #932 ) ) ;
#7965 = CARTESIAN_POINT ( 'NONE',  ( 0.9749247721941440847, 0.8100000000000002753, 0.1759873825338998110 ) ) ;
#7966 = ORIENTED_EDGE ( 'NONE', *, *, #3558, .T. ) ;
#7967 = FACE_OUTER_BOUND ( 'NONE', #3189, .T. ) ;
#7968 = ORIENTED_EDGE ( 'NONE', *, *, #3901, .F. ) ;
#7969 = UNCERTAINTY_MEASURE_WITH_UNIT (LENGTH_MEASURE( 1.000000000000000082E-05 ), #7181, 'distance_accuracy_value', 'NONE');
#7970 = CARTESIAN_POINT ( 'NONE',  ( -2.000000000000000000, 0.05000000000000000278, 1.250000000000000000 ) ) ;
#7971 = VECTOR ( 'NONE', #2413, 1000.000000000000114 ) ;
#7972 = FILL_AREA_STYLE ('',( #3203 ) ) ;
#7973 =( NAMED_UNIT ( * ) PLANE_ANGLE_UNIT ( ) SI_UNIT ( $, .RADIAN. ) );
#7974 = PRESENTATION_STYLE_ASSIGNMENT (( #6472 ) ) ;
#7975 = CARTESIAN_POINT ( 'NONE',  ( -0.07510182764902612051, 0.8100000000000000533, 0.1697175101008501219 ) ) ;
#7976 = CARTESIAN_POINT ( 'NONE',  ( -1.004945672236749799, 0.8099999999999999423, -0.1494886350892653815 ) ) ;
#7977 = DIRECTION ( 'NONE',  ( 0.0000000000000000000, 0.0000000000000000000, -1.000000000000000000 ) ) ;
#7978 = CARTESIAN_POINT ( 'NONE',  ( 0.7826152031069739667, 0.8099999999999999423, -0.05134502408322912798 ) ) ;
#7979 = DIRECTION ( 'NONE',  ( -0.0000000000000000000, -1.000000000000000000, -0.0000000000000000000 ) ) ;
#7980 = PRESENTATION_LAYER_ASSIGNMENT (  '', '', ( #8627 ) ) ;
#7981 = ORIENTED_EDGE ( 'NONE', *, *, #3079, .F. ) ;
#7982 = UNCERTAINTY_MEASURE_WITH_UNIT (LENGTH_MEASURE( 1.000000000000000082E-05 ), #5669, 'distance_accuracy_value', 'NONE');
#7983 = DIRECTION ( 'NONE',  ( 1.000000000000000000, 0.0000000000000000000, -0.0000000000000000000 ) ) ;
#7984 = EDGE_CURVE ( 'NONE', #8414, #3704, #791, .T. ) ;
#7985 = VECTOR ( 'NONE', #2243, 1000.000000000000000 ) ;
#7986 = FILL_AREA_STYLE_COLOUR ( '', #6322 ) ;
#7987 =( NAMED_UNIT ( * ) SI_UNIT ( $, .STERADIAN. ) SOLID_ANGLE_UNIT ( ) );
#7988 = AXIS2_PLACEMENT_3D ( 'NONE', #8431, #3055, #6257 ) ;
#7989 = FILL_AREA_STYLE_COLOUR ( '', #6069 ) ;
#7990 = CARTESIAN_POINT ( 'NONE',  ( 1.800000000000000266, 0.7800000000000001377, 0.7999999999999999334 ) ) ;
#7991 = CARTESIAN_POINT ( 'NONE',  ( 0.4304785853259170403, 0.8100000000000001643, -0.3385957426677335680 ) ) ;
#7992 = CARTESIAN_POINT ( 'NONE',  ( -0.8445078098372228448, 0.8000000000000004885, -0.2453608769868650397 ) ) ;
#7993 =( NAMED_UNIT ( * ) SI_UNIT ( $, .STERADIAN. ) SOLID_ANGLE_UNIT ( ) );
#7994 = AXIS2_PLACEMENT_3D ( 'NONE', #4404, #416, #5908 ) ;
#7995 = EDGE_CURVE ( 'NONE', #4462, #1633, #1, .T. ) ;
#7996 = ORIENTED_EDGE ( 'NONE', *, *, #575, .F. ) ;
#7997 = CARTESIAN_POINT ( 'NONE',  ( -1.065625310777978507, 0.8100000000000001643, -0.1794642491612398194 ) ) ;
#7998 = EDGE_LOOP ( 'NONE', ( #1250, #1034, #2925, #1033 ) ) ;
#7999 = SURFACE_STYLE_USAGE ( .BOTH. , #4847 ) ;
#8000 = CARTESIAN_POINT ( 'NONE',  ( -0.7042370591795649171, 0.8100000000000001643, 0.1417917756095393167 ) ) ;
#8001 = CARTESIAN_POINT ( 'NONE',  ( -1.177360218903335864, 0.8000000000000001554, -0.2820982878962927654 ) ) ;
#8002 = LINE ( 'NONE', #5719, #6433 ) ;
#8003 = CARTESIAN_POINT ( 'NONE',  ( 0.7099674234992096045, 0.7999999999999997113, 0.006321288170787106239 ) ) ;
#8004 = CARTESIAN_POINT ( 'NONE',  ( -1.186680192410700441, 0.8000000000000001554, -0.2797769967080833697 ) ) ;
#8005 = CARTESIAN_POINT ( 'NONE',  ( -1.799999999999999822, 0.7800000000000001377, 0.8000000000000003775 ) ) ;
#8006 = CARTESIAN_POINT ( 'NONE',  ( 0.7339046369363559918, 0.7999999999999998224, -0.3292652807807144866 ) ) ;
#8007 = LINE ( 'NONE', #3342, #7129 ) ;
#8008 = CARTESIAN_POINT ( 'NONE',  ( -1.799999999999999822, 0.7800000000000001377, -1.079999999999999849 ) ) ;
#8009 = ADVANCED_FACE ( 'NONE', ( #8436 ), #1472, .F. ) ;
#8010 = CARTESIAN_POINT ( 'NONE',  ( -1.075612652485838483, 0.8100000000000002753, -0.3266328943915817185 ) ) ;
#8011 = ORIENTED_EDGE ( 'NONE', *, *, #2705, .F. ) ;
#8012 = VECTOR ( 'NONE', #9317, 1000.000000000000000 ) ;
#8013 = SURFACE_STYLE_USAGE ( .BOTH. , #6548 ) ;
#8014 = ORIENTED_EDGE ( 'NONE', *, *, #2396, .T. ) ;
#8015 = CARTESIAN_POINT ( 'NONE',  ( -2.000000000000000000, 0.6100000000000000977, -1.249999999999999556 ) ) ;
#8016 = CARTESIAN_POINT ( 'NONE',  ( -0.7697422482736605565, 0.8100000000000000533, 0.2065145937873865134 ) ) ;
#8017 = CARTESIAN_POINT ( 'NONE',  ( -1.050894387521017714, 0.8099999999999999423, -0.03751968782725362966 ) ) ;
#8018 = CARTESIAN_POINT ( 'NONE',  ( -1.285503026819071026, 0.8100000000000002753, -0.2761353534114605601 ) ) ;
#8019 = CARTESIAN_POINT ( 'NONE',  ( -0.9409499861026539014, 0.8000000000000001554, -0.03835223617422683917 ) ) ;
#8020 = DIRECTION ( 'NONE',  ( -0.0000000000000000000, -1.000000000000000000, -0.0000000000000000000 ) ) ;
#8021 = ORIENTED_EDGE ( 'NONE', *, *, #4421, .T. ) ;
#8022 = CARTESIAN_POINT ( 'NONE',  ( 0.9771987935409162107, 0.8100000000000000533, -0.07573161379730727893 ) ) ;
#8023 = ORIENTED_EDGE ( 'NONE', *, *, #3834, .F. ) ;
#8024 = CARTESIAN_POINT ( 'NONE',  ( -1.065625310777978507, 0.8000000000000001554, -0.1794642491612398194 ) ) ;
#8025 = PRESENTATION_STYLE_ASSIGNMENT (( #4205 ) ) ;
#8026 = CARTESIAN_POINT ( 'NONE',  ( -0.2042210899987577377, 0.8000000000000001554, -0.3463879504599413073 ) ) ;
#8027 = CARTESIAN_POINT ( 'NONE',  ( -1.285503026819071026, 0.8000000000000002665, -0.2761353534114605601 ) ) ;
#8028 = CARTESIAN_POINT ( 'NONE',  ( -0.1205165115792134062, 0.8100000000000000533, 0.2386726592570874717 ) ) ;
#8029 = CARTESIAN_POINT ( 'NONE',  ( -1.007301231735466374, 0.8100000000000001643, -0.1353502566995649359 ) ) ;
#8030 =( GEOMETRIC_REPRESENTATION_CONTEXT ( 3 ) GLOBAL_UNCERTAINTY_ASSIGNED_CONTEXT ( ( #10032 ) ) GLOBAL_UNIT_ASSIGNED_CONTEXT ( ( #8504, #8397, #4420 ) ) REPRESENTATION_CONTEXT ( 'NONE', 'WORKASPACE' ) );
#8031 = CARTESIAN_POINT ( 'NONE',  ( 2.000000000000002220, 0.0000000000000000000, 1.050000000000000044 ) ) ;
#8032 = ORIENTED_EDGE ( 'NONE', *, *, #6887, .F. ) ;
#8033 = FILL_AREA_STYLE_COLOUR ( '', #461 ) ;
#8034 = AXIS2_PLACEMENT_3D ( 'NONE', #4714, #7855, #6350 ) ;
#8035 = CARTESIAN_POINT ( 'NONE',  ( 0.8190837207544214849, 0.8100000000000004974, -0.1110290387136277646 ) ) ;
#8036 = EDGE_CURVE ( 'NONE', #5996, #9022, #8163, .T. ) ;
#8037 = PRESENTATION_STYLE_ASSIGNMENT (( #9536 ) ) ;
#8038 = DIRECTION ( 'NONE',  ( 0.0000000000000000000, 0.0000000000000000000, -1.000000000000000000 ) ) ;
#8039 = VERTEX_POINT ( 'NONE', #6695 ) ;
#8040 = ORIENTED_EDGE ( 'NONE', *, *, #8900, .T. ) ;
#8041 = FILL_AREA_STYLE_COLOUR ( '', #278 ) ;
#8042 = CARTESIAN_POINT ( 'NONE',  ( -0.3016686921880673555, 0.8100000000000000533, -0.004536512551859699788 ) ) ;
#8043 = CARTESIAN_POINT ( 'NONE',  ( 1.156525308719891898, 0.8000000000000001554, 0.1988655995210426020 ) ) ;
#8044 = CARTESIAN_POINT ( 'NONE',  ( -1.177360218903335864, 0.8100000000000001643, -0.2820982878962927654 ) ) ;
#8045 = DIRECTION ( 'NONE',  ( -0.0000000000000000000, -1.000000000000000000, -0.0000000000000000000 ) ) ;
#8046 = FILL_AREA_STYLE ('',( #1027 ) ) ;
#8047 = CARTESIAN_POINT ( 'NONE',  ( 1.258570370001049765, 0.8100000000000000533, -0.3266499269537526118 ) ) ;
#8048 = SURFACE_SIDE_STYLE ('',( #6641 ) ) ;
#8049 = EDGE_CURVE ( 'NONE', #3946, #9667, #9909, .T. ) ;
#8050 = CARTESIAN_POINT ( 'NONE',  ( -0.9405361375293591619, 0.8000000000000001554, 0.001404215689057812869 ) ) ;
#8051 = ORIENTED_EDGE ( 'NONE', *, *, #9624, .F. ) ;
#8052 =( LENGTH_UNIT ( ) NAMED_UNIT ( * ) SI_UNIT ( .MILLI., .METRE. ) );
#8053 = CIRCLE ( 'NONE', #5087, 0.02000000000000005246 ) ;
#8054 = VERTEX_POINT ( 'NONE', #5113 ) ;
#8055 = SURFACE_SIDE_STYLE ('',( #9556 ) ) ;
#8056 = ORIENTED_EDGE ( 'NONE', *, *, #4782, .T. ) ;
#8057 = CARTESIAN_POINT ( 'NONE',  ( -0.6436767621682136786, 0.8000000000000001554, 0.1466102923213735143 ) ) ;
#8058 = LINE ( 'NONE', #1701, #3588 ) ;
#8059 = CARTESIAN_POINT ( 'NONE',  ( -0.3019889471416149496, 0.7999999999999996003, -0.03859574266773357215 ) ) ;
#8060 = EDGE_CURVE ( 'NONE', #2978, #3853, #9024, .T. ) ;
#8061 = CIRCLE ( 'NONE', #4773, 0.2999999999999999334 ) ;
#8062 = CARTESIAN_POINT ( 'NONE',  ( -0.7832927807602165782, 0.8100000000000002753, 0.2067320204147046758 ) ) ;
#8063 = VECTOR ( 'NONE', #913, 1000.000000000000000 ) ;
#8064 =( LENGTH_UNIT ( ) NAMED_UNIT ( * ) SI_UNIT ( .MILLI., .METRE. ) );
#8065 = CARTESIAN_POINT ( 'NONE',  ( -0.2830119744529308035, 0.7999999999999998224, 0.2422586355007999848 ) ) ;
#8066 = FILL_AREA_STYLE ('',( #6512 ) ) ;
#8067 = LINE ( 'NONE', #832, #9986 ) ;
#8068 = ORIENTED_EDGE ( 'NONE', *, *, #6529, .F. ) ;
#8069 = DIRECTION ( 'NONE',  ( 0.0000000000000000000, -0.0000000000000000000, 1.000000000000000000 ) ) ;
#8070 = ORIENTED_EDGE ( 'NONE', *, *, #2650, .F. ) ;
#8071 = MECHANICAL_DESIGN_GEOMETRIC_PRESENTATION_REPRESENTATION (  '', ( #18 ), #5754 ) ;
#8072 = AXIS2_PLACEMENT_3D ( 'NONE', #7355, #7465, #411 ) ;
#8073 = COLOUR_RGB ( '',1.000000000000000000, 0.8078431372549019773, 0.4980392156862745168 ) ;
#8074 = UNCERTAINTY_MEASURE_WITH_UNIT (LENGTH_MEASURE( 1.000000000000000082E-05 ), #4757, 'distance_accuracy_value', 'NONE');
#8075 =( LENGTH_UNIT ( ) NAMED_UNIT ( * ) SI_UNIT ( .MILLI., .METRE. ) );
#8076 = FACE_OUTER_BOUND ( 'NONE', #6655, .T. ) ;
#8077 = FACE_OUTER_BOUND ( 'NONE', #9690, .T. ) ;
#8078 = FILL_AREA_STYLE ('',( #4350 ) ) ;
#8079 = AXIS2_PLACEMENT_3D ( 'NONE', #1942, #7431, #8250 ) ;
#8080 = CARTESIAN_POINT ( 'NONE',  ( -0.1205165115792134062, 0.7999999999999998224, 0.2386726592570874717 ) ) ;
#8081 = CARTESIAN_POINT ( 'NONE',  ( -1.019750596364969564, 0.8100000000000000533, -0.09375644850873438019 ) ) ;
#8082 = DIRECTION ( 'NONE',  ( -2.282530889443168008E-16, 0.0000000000000000000, -1.000000000000000000 ) ) ;
#8083 = VECTOR ( 'NONE', #4929, 1000.000000000000000 ) ;
#8084 = SURFACE_STYLE_FILL_AREA ( #4934 ) ;
#8085 = SURFACE_SIDE_STYLE ('',( #8182 ) ) ;
#8086 = ORIENTED_EDGE ( 'NONE', *, *, #6161, .F. ) ;
#8087 = UNCERTAINTY_MEASURE_WITH_UNIT (LENGTH_MEASURE( 1.000000000000000082E-05 ), #8987, 'distance_accuracy_value', 'NONE');
#8088 = DIRECTION ( 'NONE',  ( 0.0000000000000000000, -0.0000000000000000000, 1.000000000000000000 ) ) ;
#8089 = AXIS2_PLACEMENT_3D ( 'NONE', #8340, #2904, #2755 ) ;
#8090 = B_SPLINE_SURFACE_WITH_KNOTS ( 'NONE', 3, 1, ( 
 ( #4246, #9768 ),
 ( #3495, #7396 ),
 ( #9664, #2009 ),
 ( #2621, #1959 ),
 ( #5067, #8213 ),
 ( #4298, #5736 ),
 ( #5118, #7449 ),
 ( #1862, #399 ),
 ( #3537, #8264 ),
 ( #1246, #1046 ),
 ( #3579, #4340 ),
 ( #2825, #9864 ),
 ( #5945, #9089 ),
 ( #2060, #4499 ),
 ( #6050, #3036 ) ),
 .UNSPECIFIED., .F., .F., .F.,
 ( 4, 1, 1, 1, 1, 1, 1, 1, 1, 1, 1, 1, 4 ),
 ( 2, 2 ),
 ( 0.0000000000000000000, 0.1227371742114029690, 0.2300214414617049730, 0.3227434440745416411, 0.4026375132451765482, 0.4747199933194359289, 0.5458043293954714104, 0.6170739903781965463, 0.6906895413349627422, 0.7648407015843753376, 0.8405411235718838192, 0.9183072761026400688, 1.000000000000000000 ),
 ( 0.0000000000000000000, 1.000000000000000000 ),
 .UNSPECIFIED. ) ;
#8091 = LINE ( 'NONE', #6580, #5660 ) ;
#8092 = CARTESIAN_POINT ( 'NONE',  ( -2.000000000000001776, 0.6000000000000000888, -0.9499999999999996225 ) ) ;
#8093 = FILL_AREA_STYLE ('',( #3264 ) ) ;
#8094 =( LENGTH_UNIT ( ) NAMED_UNIT ( * ) SI_UNIT ( .MILLI., .METRE. ) );
#8095 = FILL_AREA_STYLE_COLOUR ( '', #6354 ) ;
#8096 = CARTESIAN_POINT ( 'NONE',  ( 1.183525839338007923, 0.8000000000000000444, 0.1984287976153097099 ) ) ;
#8097 = CARTESIAN_POINT ( 'NONE',  ( 1.282397321457269923, 0.7999999999999998224, -0.2105001566406548841 ) ) ;
#8098 = ORIENTED_EDGE ( 'NONE', *, *, #2777, .T. ) ;
#8099 = ORIENTED_EDGE ( 'NONE', *, *, #8994, .T. ) ;
#8100 = ADVANCED_FACE ( 'NONE', ( #340 ), #6750, .T. ) ;
#8101 = PLANE ( 'NONE',  #5685 ) ;
#8102 = CARTESIAN_POINT ( 'NONE',  ( -0.7797486874013552782, 0.8100000000000001643, 0.2068588027868120960 ) ) ;
#8103 = AXIS2_PLACEMENT_3D ( 'NONE', #5260, #5311, #3874 ) ;
#8104 = CARTESIAN_POINT ( 'NONE',  ( -0.3005418032616993806, 0.8100000000000002753, 0.02750800674804321916 ) ) ;
#8105 = CARTESIAN_POINT ( 'NONE',  ( -1.252596708716998020, 0.8100000000000001643, -0.1642492628238696184 ) ) ;
#8106 = CARTESIAN_POINT ( 'NONE',  ( -0.9408084333435932090, 0.8100000000000001643, -0.02475394004647214416 ) ) ;
#8107 = CARTESIAN_POINT ( 'NONE',  ( 0.8231809123873484735, 0.8099999999999998312, -0.2221221352736827692 ) ) ;
#8108 = AXIS2_PLACEMENT_3D ( 'NONE', #9875, #8274, #4165 ) ;
#8109 = PLANE ( 'NONE',  #6129 ) ;
#8110 = VERTEX_POINT ( 'NONE', #8258 ) ;
#8111 = EDGE_CURVE ( 'NONE', #1757, #1682, #4536, .T. ) ;
#8112 = CARTESIAN_POINT ( 'NONE',  ( -0.6838215988206240992, 0.8000000000000001554, 0.2251253455114073931 ) ) ;
#8113 = EDGE_CURVE ( 'NONE', #8546, #8481, #166, .T. ) ;
#8114 = CARTESIAN_POINT ( 'NONE',  ( -0.5279629731156409989, 0.8000000000000001554, 0.2614042573322664653 ) ) ;
#8115 =( GEOMETRIC_REPRESENTATION_CONTEXT ( 3 ) GLOBAL_UNCERTAINTY_ASSIGNED_CONTEXT ( ( #57 ) ) GLOBAL_UNIT_ASSIGNED_CONTEXT ( ( #1593, #5622, #78 ) ) REPRESENTATION_CONTEXT ( 'NONE', 'WORKASPACE' ) );
#8116 = CARTESIAN_POINT ( 'NONE',  ( 0.5723211177934495186, 0.8100000000000001643, -0.003530807602798561890 ) ) ;
#8117 = SURFACE_STYLE_FILL_AREA ( #6652 ) ;
#8118 = DIRECTION ( 'NONE',  ( 0.0000000000000000000, 1.000000000000000000, 0.0000000000000000000 ) ) ;
#8119 = CARTESIAN_POINT ( 'NONE',  ( -0.1071837523364201072, 0.8100000000000001643, -0.03859574266773356521 ) ) ;
#8120 = DIRECTION ( 'NONE',  ( 1.000000000000000000, 0.0000000000000000000, 0.0000000000000000000 ) ) ;
#8121 = ORIENTED_EDGE ( 'NONE', *, *, #8749, .F. ) ;
#8122 =( LENGTH_UNIT ( ) NAMED_UNIT ( * ) SI_UNIT ( .MILLI., .METRE. ) );
#8123 =( GEOMETRIC_REPRESENTATION_CONTEXT ( 3 ) GLOBAL_UNCERTAINTY_ASSIGNED_CONTEXT ( ( #2639 ) ) GLOBAL_UNIT_ASSIGNED_CONTEXT ( ( #7622, #8448, #487 ) ) REPRESENTATION_CONTEXT ( 'NONE', 'WORKASPACE' ) );
#8124 = ADVANCED_FACE ( 'NONE', ( #3576 ), #1305, .T. ) ;
#8125 = PLANE ( 'NONE',  #10106 ) ;
#8126 = CARTESIAN_POINT ( 'NONE',  ( 1.800000000000000266, 0.8000000000000001554, 0.7999999999999999334 ) ) ;
#8127 =( NAMED_UNIT ( * ) SI_UNIT ( $, .STERADIAN. ) SOLID_ANGLE_UNIT ( ) );
#8128 = CARTESIAN_POINT ( 'NONE',  ( -0.04513457664301288863, 0.8099999999999999423, -0.002531280794609273681 ) ) ;
#8129 = MECHANICAL_DESIGN_GEOMETRIC_PRESENTATION_REPRESENTATION (  '', ( #1577 ), #3857 ) ;
#8130 = CARTESIAN_POINT ( 'NONE',  ( 0.8278811827285144087, 0.8000000000000001554, -0.1732548335768245018 ) ) ;
#8131 = PLANE ( 'NONE',  #7426 ) ;
#8132 = CARTESIAN_POINT ( 'NONE',  ( 0.6778603854127962514, 0.8100000000000001643, 0.05013188986746398151 ) ) ;
#8133 = LINE ( 'NONE', #1212, #3327 ) ;
#8134 = EDGE_CURVE ( 'NONE', #770, #3026, #3691, .T. ) ;
#8135 = ORIENTED_EDGE ( 'NONE', *, *, #9116, .T. ) ;
#8136 = STYLED_ITEM ( 'NONE', ( #7530 ), #4005 ) ;
#8137 = DIRECTION ( 'NONE',  ( 1.000000000000000000, 0.0000000000000000000, -0.0000000000000000000 ) ) ;
#8138 = FACE_OUTER_BOUND ( 'NONE', #3357, .T. ) ;
#8139 = SURFACE_STYLE_FILL_AREA ( #9681 ) ;
#8140 = CARTESIAN_POINT ( 'NONE',  ( 1.700000000000002176, 0.0000000000000000000, 1.249999999999998890 ) ) ;
#8141 = DIRECTION ( 'NONE',  ( 0.0000000000000000000, 1.000000000000000000, 0.0000000000000000000 ) ) ;
#8142 = VECTOR ( 'NONE', #8334, 1000.000000000000000 ) ;
#8143 = CARTESIAN_POINT ( 'NONE',  ( 0.7316880740195417232, 0.8000000000000002665, 0.02644506841594030516 ) ) ;
#8144 = ORIENTED_EDGE ( 'NONE', *, *, #3585, .T. ) ;
#8145 = EDGE_LOOP ( 'NONE', ( #4272, #9129, #5072, #7292 ) ) ;
#8146 = CARTESIAN_POINT ( 'NONE',  ( -0.3618889182529684279, 0.8000000000000002665, 0.03906791921829739361 ) ) ;
#8147 = CARTESIAN_POINT ( 'NONE',  ( 1.689999999999998836, 0.6800000000000000488, -1.239999999999999991 ) ) ;
#8148 =( GEOMETRIC_REPRESENTATION_CONTEXT ( 3 ) GLOBAL_UNCERTAINTY_ASSIGNED_CONTEXT ( ( #4463 ) ) GLOBAL_UNIT_ASSIGNED_CONTEXT ( ( #6725, #2075, #5138 ) ) REPRESENTATION_CONTEXT ( 'NONE', 'WORKASPACE' ) );
#8149 = CARTESIAN_POINT ( 'NONE',  ( -1.003287648440316149, 0.8000000000000001554, 0.2614042573322666319 ) ) ;
#8150 = EDGE_CURVE ( 'NONE', #7177, #5435, #8, .T. ) ;
#8151 = CARTESIAN_POINT ( 'NONE',  ( 1.175121916503113928, 0.8000000000000004885, -0.2757893948720011035 ) ) ;
#8152 =( NAMED_UNIT ( * ) SI_UNIT ( $, .STERADIAN. ) SOLID_ANGLE_UNIT ( ) );
#8153 = CARTESIAN_POINT ( 'NONE',  ( -1.144399661427329296, 0.8100000000000001643, 0.07475653005953937502 ) ) ;
#8154 = PRESENTATION_LAYER_ASSIGNMENT (  '', '', ( #6331 ) ) ;
#8155 = CARTESIAN_POINT ( 'NONE',  ( -0.7985866764328326539, 0.8100000000000003864, 0.2685517297649686608 ) ) ;
#8156 = CARTESIAN_POINT ( 'NONE',  ( 0.8271341719677763882, 0.8100000000000002753, -0.1981921041820712825 ) ) ;
#8157 = CARTESIAN_POINT ( 'NONE',  ( -1.063039086753878593, 0.8000000000000004885, -0.3177499664388421241 ) ) ;
#8158 = ORIENTED_EDGE ( 'NONE', *, *, #6773, .F. ) ;
#8159 = SURFACE_STYLE_USAGE ( .BOTH. , #8873 ) ;
#8160 =( NAMED_UNIT ( * ) PLANE_ANGLE_UNIT ( ) SI_UNIT ( $, .RADIAN. ) );
#8161 = ORIENTED_EDGE ( 'NONE', *, *, #2485, .T. ) ;
#8162 = CARTESIAN_POINT ( 'NONE',  ( -0.7042370591795649171, 0.8100000000000001643, 0.1417917756095393167 ) ) ;
#8163 = LINE ( 'NONE', #9083, #7719 ) ;
#8164 = EDGE_CURVE ( 'NONE', #2227, #1263, #2645, .T. ) ;
#8165 = CARTESIAN_POINT ( 'NONE',  ( 1.358299573868303689, 0.8100000000000001643, -0.1975423799222012500 ) ) ;
#8166 = CARTESIAN_POINT ( 'NONE',  ( -0.2541007361638827899, 0.7999999999999998224, 0.2597191794654066799 ) ) ;
#8167 = PRESENTATION_STYLE_ASSIGNMENT (( #8832 ) ) ;
#8168 =( NAMED_UNIT ( * ) PLANE_ANGLE_UNIT ( ) SI_UNIT ( $, .RADIAN. ) );
#8169 = VECTOR ( 'NONE', #10077, 1000.000000000000000 ) ;
#8170 = CARTESIAN_POINT ( 'NONE',  ( -0.3016450763010501968, 0.8099999999999998312, -0.3024403533860113846 ) ) ;
#8171 = ORIENTED_EDGE ( 'NONE', *, *, #9261, .T. ) ;
#8172 =( NAMED_UNIT ( * ) PLANE_ANGLE_UNIT ( ) SI_UNIT ( $, .RADIAN. ) );
#8173 = DIRECTION ( 'NONE',  ( 0.0000000000000000000, 0.0000000000000000000, -1.000000000000000000 ) ) ;
#8174 = PLANE ( 'NONE',  #7071 ) ;
#8175 = STYLED_ITEM ( 'NONE', ( #473 ), #5702 ) ;
#8176 = LINE ( 'NONE', #9619, #3633 ) ;
#8177 = DIRECTION ( 'NONE',  ( -1.000000000000000000, -0.0000000000000000000, 1.807003620809173646E-16 ) ) ;
#8178 = FACE_OUTER_BOUND ( 'NONE', #808, .T. ) ;
#8179 = CARTESIAN_POINT ( 'NONE',  ( 1.365543520390852361, 0.8100000000000001643, -0.1671671712391622489 ) ) ;
#8180 = CARTESIAN_POINT ( 'NONE',  ( 0.6364180573805972019, 0.8100000000000001643, 0.009224920050828063281 ) ) ;
#8181 = CARTESIAN_POINT ( 'NONE',  ( -1.075612652485838483, 0.8000000000000002665, -0.3266328943915817185 ) ) ;
#8182 = SURFACE_STYLE_FILL_AREA ( #5650 ) ;
#8183 = ORIENTED_EDGE ( 'NONE', *, *, #8691, .T. ) ;
#8184 = UNCERTAINTY_MEASURE_WITH_UNIT (LENGTH_MEASURE( 1.000000000000000082E-05 ), #9104, 'distance_accuracy_value', 'NONE');
#8185 = FILL_AREA_STYLE_COLOUR ( '', #9979 ) ;
#8186 = AXIS2_PLACEMENT_3D ( 'NONE', #7324, #3438, #9076 ) ;
#8187 = CARTESIAN_POINT ( 'NONE',  ( -0.2604822737575204217, 0.8100000000000000533, -0.2556739235011461497 ) ) ;
#8188 = CARTESIAN_POINT ( 'NONE',  ( -0.3018790361425550683, 0.8000000000000001554, -0.02690666817324881624 ) ) ;
#8189 = SURFACE_SIDE_STYLE ('',( #2646 ) ) ;
#8190 = PLANE ( 'NONE',  #9049 ) ;
#8191 = CARTESIAN_POINT ( 'NONE',  ( 1.244803686854568658, 0.7999999999999997113, 0.1812377336217725898 ) ) ;
#8192 = AXIS2_PLACEMENT_3D ( 'NONE', #5489, #3051, #7761 ) ;
#8193 = ORIENTED_EDGE ( 'NONE', *, *, #549, .T. ) ;
#8194 =( NAMED_UNIT ( * ) PLANE_ANGLE_UNIT ( ) SI_UNIT ( $, .RADIAN. ) );
#8195 =( NAMED_UNIT ( * ) PLANE_ANGLE_UNIT ( ) SI_UNIT ( $, .RADIAN. ) );
#8196 = CARTESIAN_POINT ( 'NONE',  ( -0.2515674503245114435, 0.7999999999999999334, 0.1875297628109896531 ) ) ;
#8197 = CARTESIAN_POINT ( 'NONE',  ( 0.7192805436847531375, 0.8000000000000007105, 0.01302893385769464396 ) ) ;
#8198 = SURFACE_SIDE_STYLE ('',( #2090 ) ) ;
#8199 = DIRECTION ( 'NONE',  ( 0.0000000000000000000, 1.000000000000000000, 0.0000000000000000000 ) ) ;
#8200 = CARTESIAN_POINT ( 'NONE',  ( 1.349157987378030832, 0.8100000000000001643, -0.2247070933635934020 ) ) ;
#8201 = CARTESIAN_POINT ( 'NONE',  ( -0.6804577326221323830, 0.8100000000000001643, -0.2978941788814671310 ) ) ;
#8202 = CARTESIAN_POINT ( 'NONE',  ( -0.8209633711336954409, 0.8100000000000006084, -0.2716150637105989030 ) ) ;
#8203 = ORIENTED_EDGE ( 'NONE', *, *, #4577, .F. ) ;
#8204 = ORIENTED_EDGE ( 'NONE', *, *, #7670, .F. ) ;
#8205 = PRESENTATION_LAYER_ASSIGNMENT (  '', '', ( #3288 ) ) ;
#8206 = VERTEX_POINT ( 'NONE', #4082 ) ;
#8207 = CARTESIAN_POINT ( 'NONE',  ( 1.281958191254419122, 0.8100000000000000533, 0.1616021476931040202 ) ) ;
#8208 = SURFACE_STYLE_USAGE ( .BOTH. , #2723 ) ;
#8209 = CARTESIAN_POINT ( 'NONE',  ( -1.106889507189946720, 0.8000000000000001554, 0.03330218822710366566 ) ) ;
#8210 = CARTESIAN_POINT ( 'NONE',  ( 1.312133333189598794, 0.8000000000000002665, -0.2866069275992829679 ) ) ;
#8211 = CIRCLE ( 'NONE', #7042, 0.2999999999999999334 ) ;
#8212 = CARTESIAN_POINT ( 'NONE',  ( -0.5279629731156409989, 0.8100000000000001643, 0.1756899716179807780 ) ) ;
#8213 = CARTESIAN_POINT ( 'NONE',  ( 0.6971668908031352085, 0.7999999999999999334, -0.07923067316033585716 ) ) ;
#8214 = VECTOR ( 'NONE', #7161, 1000.000000000000000 ) ;
#8215 = CARTESIAN_POINT ( 'NONE',  ( -0.2231333390066195244, 0.8100000000000001643, -0.3457231104876025696 ) ) ;
#8216 = ORIENTED_EDGE ( 'NONE', *, *, #6405, .T. ) ;
#8217 = ORIENTED_EDGE ( 'NONE', *, *, #1103, .T. ) ;
#8218 = EDGE_CURVE ( 'NONE', #3221, #2292, #4398, .T. ) ;
#8219 = VECTOR ( 'NONE', #1988, 1000.000000000000000 ) ;
#8220 = CARTESIAN_POINT ( 'NONE',  ( -1.072165936652592411, 0.8100000000000003864, -0.2214040259377188791 ) ) ;
#8221 = CARTESIAN_POINT ( 'NONE',  ( -0.6517252042724029915, 0.8100000000000001643, 0.1697175101008504272 ) ) ;
#8222 = CARTESIAN_POINT ( 'NONE',  ( -1.255544182972458067, 0.8100000000000001643, -0.3120825703105702953 ) ) ;
#8223 = CARTESIAN_POINT ( 'NONE',  ( -1.799999999999999822, 0.7200000000000001954, 0.8000000000000003775 ) ) ;
#8224 = FILL_AREA_STYLE ('',( #4394 ) ) ;
#8225 = CARTESIAN_POINT ( 'NONE',  ( -1.144399661427329296, 0.8100000000000001643, 0.07475653005953937502 ) ) ;
#8226 = PRESENTATION_STYLE_ASSIGNMENT (( #5083 ) ) ;
#8227 = CARTESIAN_POINT ( 'NONE',  ( -1.149181464174676481, 0.8100000000000000533, -0.3462115599435784952 ) ) ;
#8228 = CARTESIAN_POINT ( 'NONE',  ( -0.7997567156299960622, 0.8100000000000002753, -0.3457231104876023475 ) ) ;
#8229 = PRESENTATION_LAYER_ASSIGNMENT (  '', '', ( #6573 ) ) ;
#8230 =( NAMED_UNIT ( * ) SI_UNIT ( $, .STERADIAN. ) SOLID_ANGLE_UNIT ( ) );
#8231 = STYLED_ITEM ( 'NONE', ( #8652 ), #8361 ) ;
#8232 = EDGE_LOOP ( 'NONE', ( #9482, #9706, #1447, #9272 ) ) ;
#8233 = CARTESIAN_POINT ( 'NONE',  ( 1.290113014819824544, 0.8100000000000003864, -0.1935435592563530538 ) ) ;
#8234 = EDGE_CURVE ( 'NONE', #2368, #1669, #7166, .T. ) ;
#8235 = VECTOR ( 'NONE', #5051, 1000.000000000000227 ) ;
#8236 = STYLED_ITEM ( 'NONE', ( #174 ), #9883 ) ;
#8237 = EDGE_CURVE ( 'NONE', #8533, #71, #5468, .T. ) ;
#8238 = CARTESIAN_POINT ( 'NONE',  ( -0.2067779081805759256, 0.8100000000000001643, -0.2840502881222789489 ) ) ;
#8239 = CARTESIAN_POINT ( 'NONE',  ( -0.2983654328350107132, 0.8000000000000002665, 0.05650560644631870411 ) ) ;
#8240 = CARTESIAN_POINT ( 'NONE',  ( 0.7961276062755868743, 0.8100000000000000533, -0.2832613604665999429 ) ) ;
#8241 = CARTESIAN_POINT ( 'NONE',  ( 1.167085728183060001, 0.8100000000000001643, 0.2691964651244740936 ) ) ;
#8242 = PRESENTATION_LAYER_ASSIGNMENT (  '', '', ( #2179 ) ) ;
#8243 = STYLED_ITEM ( 'NONE', ( #4396 ), #9341 ) ;
#8244 = ORIENTED_EDGE ( 'NONE', *, *, #3168, .F. ) ;
#8245 = CARTESIAN_POINT ( 'NONE',  ( -1.799999999999999822, 0.7800000000000001377, -0.7999999999999999334 ) ) ;
#8246 = ADVANCED_FACE ( 'NONE', ( #8716 ), #1687, .F. ) ;
#8247 = SURFACE_STYLE_USAGE ( .BOTH. , #5101 ) ;
#8248 = FILL_AREA_STYLE_COLOUR ( '', #6594 ) ;
#8249 = FILL_AREA_STYLE ('',( #5868 ) ) ;
#8250 = DIRECTION ( 'NONE',  ( 0.0000000000000000000, 0.0000000000000000000, 1.000000000000000000 ) ) ;
#8251 = DIRECTION ( 'NONE',  ( 0.0000000000000000000, 0.0000000000000000000, -1.000000000000000000 ) ) ;
#8252 = DIRECTION ( 'NONE',  ( -0.0000000000000000000, -1.000000000000000000, -0.0000000000000000000 ) ) ;
#8253 = CARTESIAN_POINT ( 'NONE',  ( -0.8636085151130904469, 0.8100000000000001643, -0.2018945844147104485 ) ) ;
#8254 = ORIENTED_EDGE ( 'NONE', *, *, #7867, .T. ) ;
#8255 = PRESENTATION_STYLE_ASSIGNMENT (( #9757 ) ) ;
#8256 = VERTEX_POINT ( 'NONE', #1277 ) ;
#8257 = CARTESIAN_POINT ( 'NONE',  ( -0.3136544079352439063, 0.8000000000000003775, -0.2864540209262911863 ) ) ;
#8258 = CARTESIAN_POINT ( 'NONE',  ( 0.9759331307804626210, 0.8100000000000001643, -0.03835223617422716530 ) ) ;
#8259 = CARTESIAN_POINT ( 'NONE',  ( -0.8683206072219070704, 0.8000000000000001554, -0.1818803336141376625 ) ) ;
#8260 = FILL_AREA_STYLE ('',( #5115 ) ) ;
#8261 = CARTESIAN_POINT ( 'NONE',  ( 1.162946117793449696, 0.8100000000000001643, -0.3463879504599414183 ) ) ;
#8262 = CARTESIAN_POINT ( 'NONE',  ( -0.3474990490353050965, 0.7999999999999996003, 0.1333922487243913158 ) ) ;
#8263 = CARTESIAN_POINT ( 'NONE',  ( -0.1569025867408395947, 0.8000000000000003775, 0.1871459774479251048 ) ) ;
#8264 = CARTESIAN_POINT ( 'NONE',  ( 0.7435292706374880822, 0.8000000000000002665, -0.1076122491961680888 ) ) ;
#8265 = B_SPLINE_CURVE_WITH_KNOTS ( 'NONE', 3,
 ( #7032, #6217, #8643, #9361, #6171, #10043, #6878 ),
 .UNSPECIFIED., .F., .F.,
 ( 4, 1, 1, 1, 4 ),
 ( 0.0000000000000000000, 0.2455632980715652114, 0.4938879426857762378, 0.7446127763470704597, 1.000000000000000000 ),
 .UNSPECIFIED. ) ;
#8266 = CARTESIAN_POINT ( 'NONE',  ( 1.689999999999999281, 0.6100000000000000977, 0.9400000000000005018 ) ) ;
#8267 = ORIENTED_EDGE ( 'NONE', *, *, #4951, .F. ) ;
#8268 = SURFACE_STYLE_FILL_AREA ( #3582 ) ;
#8269 = ORIENTED_EDGE ( 'NONE', *, *, #9624, .T. ) ;
#8270 = PRESENTATION_LAYER_ASSIGNMENT (  '', '', ( #9260 ) ) ;
#8271 = DIRECTION ( 'NONE',  ( 0.9922778767136675171, 0.0000000000000000000, 0.1240347345892088976 ) ) ;
#8272 = DIRECTION ( 'NONE',  ( -1.000000000000000000, 0.0000000000000000000, 0.0000000000000000000 ) ) ;
#8273 = CARTESIAN_POINT ( 'NONE',  ( 1.800000000000001377, 0.0000000000000000000, -1.249999999999998224 ) ) ;
#8274 = DIRECTION ( 'NONE',  ( -1.000000000000000000, 0.0000000000000000000, 6.023345402697246719E-17 ) ) ;
#8275 = CARTESIAN_POINT ( 'NONE',  ( 0.8231744296792880000, 0.7999999999999999334, -0.1254070665214043201 ) ) ;
#8276 = CARTESIAN_POINT ( 'NONE',  ( 0.6026199043418265511, 0.8000000000000003775, -0.001900569303893620944 ) ) ;
#8277 =( GEOMETRIC_REPRESENTATION_CONTEXT ( 3 ) GLOBAL_UNCERTAINTY_ASSIGNED_CONTEXT ( ( #7255 ) ) GLOBAL_UNIT_ASSIGNED_CONTEXT ( ( #8064, #1087, #1043 ) ) REPRESENTATION_CONTEXT ( 'NONE', 'WORKASPACE' ) );
#8278 = ORIENTED_EDGE ( 'NONE', *, *, #3834, .T. ) ;
#8279 = SURFACE_STYLE_FILL_AREA ( #6720 ) ;
#8280 = ORIENTED_EDGE ( 'NONE', *, *, #8749, .T. ) ;
#8281 = UNCERTAINTY_MEASURE_WITH_UNIT (LENGTH_MEASURE( 1.000000000000000082E-05 ), #8094, 'distance_accuracy_value', 'NONE');
#8282 = CARTESIAN_POINT ( 'NONE',  ( -1.065625310777978507, 0.8000000000000001554, -0.1794642491612398194 ) ) ;
#8283 =( NAMED_UNIT ( * ) PLANE_ANGLE_UNIT ( ) SI_UNIT ( $, .RADIAN. ) );
#8284 = CARTESIAN_POINT ( 'NONE',  ( -2.000000000000002220, 0.05000000000000000278, 0.9500000000000001776 ) ) ;
#8285 = FILL_AREA_STYLE ('',( #1221 ) ) ;
#8286 = EDGE_CURVE ( 'NONE', #8824, #1722, #5865, .T. ) ;
#8287 = CARTESIAN_POINT ( 'NONE',  ( -1.305279984936000393, 0.8000000000000003775, -0.2276011967976178108 ) ) ;
#8288 = STYLED_ITEM ( 'NONE', ( #4726 ), #4586 ) ;
#8289 = ADVANCED_FACE ( 'NONE', ( #1887 ), #5148, .T. ) ;
#8290 = ORIENTED_EDGE ( 'NONE', *, *, #2698, .T. ) ;
#8291 = CARTESIAN_POINT ( 'NONE',  ( 0.6923143799730669956, 0.8000000000000002665, -0.2651590786154660040 ) ) ;
#8292 = CARTESIAN_POINT ( 'NONE',  ( -2.000000000000001776, 0.0000000000000000000, -0.9499999999999996225 ) ) ;
#8293 = CARTESIAN_POINT ( 'NONE',  ( -0.2515674503245114435, 0.8100000000000001643, 0.1875297628109896531 ) ) ;
#8294 =( NAMED_UNIT ( * ) SI_UNIT ( $, .STERADIAN. ) SOLID_ANGLE_UNIT ( ) );
#8295 = CARTESIAN_POINT ( 'NONE',  ( -1.216618443664751137, 0.8000000000000001554, 0.05616803816689309309 ) ) ;
#8296 = CARTESIAN_POINT ( 'NONE',  ( 2.000000000000002220, 0.0000000000000000000, 0.9500000000000000666 ) ) ;
#8297 = FILL_AREA_STYLE ('',( #6890 ) ) ;
#8298 = FILL_AREA_STYLE ('',( #5357 ) ) ;
#8299 = STYLED_ITEM ( 'NONE', ( #7936 ), #5033 ) ;
#8300 = LINE ( 'NONE', #7383, #9348 ) ;
#8301 = ADVANCED_FACE ( 'NONE', ( #7316 ), #3906, .T. ) ;
#8302 = ORIENTED_EDGE ( 'NONE', *, *, #315, .T. ) ;
#8303 = SURFACE_STYLE_FILL_AREA ( #5315 ) ;
#8304 = CARTESIAN_POINT ( 'NONE',  ( -0.2582226382151192601, 0.8000000000000002665, -0.3358419802741366977 ) ) ;
#8305 = CARTESIAN_POINT ( 'NONE',  ( 0.7618558308088644315, 0.8100000000000002753, -0.2035883719779269518 ) ) ;
#8306 = STYLED_ITEM ( 'NONE', ( #9057 ), #5121 ) ;
#8307 = CARTESIAN_POINT ( 'NONE',  ( -1.232419913452722726, 0.8100000000000002753, -0.2434656287323684887 ) ) ;
#8308 = STYLED_ITEM ( 'NONE', ( #9680 ), #4448 ) ;
#8309 = CARTESIAN_POINT ( 'NONE',  ( -0.7042370591795649171, 0.8000000000000001554, 0.1417917756095393167 ) ) ;
#8310 = FILL_AREA_STYLE_COLOUR ( '', #9936 ) ;
#8311 = CARTESIAN_POINT ( 'NONE',  ( 0.9154359647753544937, 0.8000000000000002665, 0.01036776518324370767 ) ) ;
#8312 = ORIENTED_EDGE ( 'NONE', *, *, #5633, .T. ) ;
#8313 = SURFACE_STYLE_USAGE ( .BOTH. , #5166 ) ;
#8314 = ORIENTED_EDGE ( 'NONE', *, *, #1196, .F. ) ;
#8315 = CARTESIAN_POINT ( 'NONE',  ( 2.000000000000000000, 0.6000000000000000888, -1.249999999999997780 ) ) ;
#8316 = CARTESIAN_POINT ( 'NONE',  ( -0.9386721453569570883, 0.8000000000000001554, -0.1089418948871737208 ) ) ;
#8317 =( GEOMETRIC_REPRESENTATION_CONTEXT ( 3 ) GLOBAL_UNCERTAINTY_ASSIGNED_CONTEXT ( ( #4776 ) ) GLOBAL_UNIT_ASSIGNED_CONTEXT ( ( #1489, #6999, #652 ) ) REPRESENTATION_CONTEXT ( 'NONE', 'WORKASPACE' ) );
#8318 = CARTESIAN_POINT ( 'NONE',  ( 1.689999999999999281, 0.7000000000000000666, 1.220000000000000417 ) ) ;
#8319 = PRESENTATION_LAYER_ASSIGNMENT (  '', '', ( #4056 ) ) ;
#8320 = CARTESIAN_POINT ( 'NONE',  ( -1.003287648440316149, 0.8100000000000001643, 0.2614042573322666319 ) ) ;
#8321 = CARTESIAN_POINT ( 'NONE',  ( 0.6846247437894241727, 0.8100000000000000533, 0.05981928404488422862 ) ) ;
#8322 = CARTESIAN_POINT ( 'NONE',  ( -1.003616856303526816, 0.8099999999999999423, -0.1942463942296210055 ) ) ;
#8323 = VERTEX_POINT ( 'NONE', #4416 ) ;
#8324 = AXIS2_PLACEMENT_3D ( 'NONE', #7991, #9477, #9685 ) ;
#8325 = ORIENTED_EDGE ( 'NONE', *, *, #1715, .T. ) ;
#8326 = DIRECTION ( 'NONE',  ( -0.0000000000000000000, 1.000000000000000000, -0.0000000000000000000 ) ) ;
#8327 = FILL_AREA_STYLE ('',( #4312 ) ) ;
#8328 = DIRECTION ( 'NONE',  ( -0.9701425001453318764, 0.0000000000000000000, 0.2425356250363329691 ) ) ;
#8329 = CARTESIAN_POINT ( 'NONE',  ( -1.157549012076679817, 0.8100000000000001643, -0.2840502881222787268 ) ) ;
#8330 = CIRCLE ( 'NONE', #7191, 0.02000000000000005246 ) ;
#8331 = CARTESIAN_POINT ( 'NONE',  ( 0.8278811827285144087, 0.8100000000000001643, -0.1732548335768245018 ) ) ;
#8332 = VECTOR ( 'NONE', #2153, 1000.000000000000000 ) ;
#8333 = PLANE ( 'NONE',  #5261 ) ;
#8334 = DIRECTION ( 'NONE',  ( 1.000000000000000000, 0.0000000000000000000, 0.0000000000000000000 ) ) ;
#8335 = ORIENTED_EDGE ( 'NONE', *, *, #2960, .T. ) ;
#8336 = SURFACE_STYLE_USAGE ( .BOTH. , #7523 ) ;
#8337 = CARTESIAN_POINT ( 'NONE',  ( 0.6596622990490284000, 0.8100000000000001643, -0.2684129298579812639 ) ) ;
#8338 = ADVANCED_FACE ( 'NONE', ( #7621 ), #2244, .F. ) ;
#8339 = FILL_AREA_STYLE ('',( #4636 ) ) ;
#8340 = CARTESIAN_POINT ( 'NONE',  ( -1.990000000000000879, 0.7000000000000000666, 1.240000000000000435 ) ) ;
#8341 = CARTESIAN_POINT ( 'NONE',  ( 0.7268259879233197607, 0.8000000000000001554, 0.02057633525434429331 ) ) ;
#8342 =( LENGTH_UNIT ( ) NAMED_UNIT ( * ) SI_UNIT ( .MILLI., .METRE. ) );
#8343 = FILL_AREA_STYLE_COLOUR ( '', #8773 ) ;
#8344 = CARTESIAN_POINT ( 'NONE',  ( 1.950000000000001510, 0.6100000000000000977, -0.9499999999999991784 ) ) ;
#8345 = MECHANICAL_DESIGN_GEOMETRIC_PRESENTATION_REPRESENTATION (  '', ( #6375 ), #8030 ) ;
#8346 = FACE_OUTER_BOUND ( 'NONE', #7747, .T. ) ;
#8347 = ORIENTED_EDGE ( 'NONE', *, *, #7604, .F. ) ;
#8348 = CARTESIAN_POINT ( 'NONE',  ( -1.106001084612391328, 0.7999999999999999334, -0.2678575659244753493 ) ) ;
#8349 = EDGE_LOOP ( 'NONE', ( #312, #8957, #7303, #6253 ) ) ;
#8350 = CARTESIAN_POINT ( 'NONE',  ( -0.1222291123892727260, 0.7999999999999997113, -0.2030442688890866654 ) ) ;
#8351 = CARTESIAN_POINT ( 'NONE',  ( 1.373335728183060045, 0.8100000000000001643, -0.04249184656383755282 ) ) ;
#8352 = CARTESIAN_POINT ( 'NONE',  ( 1.053438089011889955, 0.8100000000000000533, -0.2438547966822987578 ) ) ;
#8353 = CARTESIAN_POINT ( 'NONE',  ( -0.8786123237649915430, 0.8000000000000001554, -0.03859574266773335011 ) ) ;
#8354 = CARTESIAN_POINT ( 'NONE',  ( -1.249103758813025600, 0.8100000000000001643, -0.2004288458978820686 ) ) ;
#8355 = DIRECTION ( 'NONE',  ( 1.000000000000000000, 0.0000000000000000000, 0.0000000000000000000 ) ) ;
#8356 = CARTESIAN_POINT ( 'NONE',  ( -0.2031253107779785461, 0.7999999999999999334, 0.2068588027868118739 ) ) ;
#8357 = CARTESIAN_POINT ( 'NONE',  ( -0.7259984298019532822, 0.8000000000000002665, -0.2562567862401693430 ) ) ;
#8358 = VERTEX_POINT ( 'NONE', #5307 ) ;
#8359 =( GEOMETRIC_REPRESENTATION_CONTEXT ( 3 ) GLOBAL_UNCERTAINTY_ASSIGNED_CONTEXT ( ( #10122 ) ) GLOBAL_UNIT_ASSIGNED_CONTEXT ( ( #5874, #5009, #6689 ) ) REPRESENTATION_CONTEXT ( 'NONE', 'WORKASPACE' ) );
#8360 = UNCERTAINTY_MEASURE_WITH_UNIT (LENGTH_MEASURE( 1.000000000000000082E-05 ), #2021, 'distance_accuracy_value', 'NONE');
#8361 = ADVANCED_FACE ( 'NONE', ( #694 ), #3776, .F. ) ;
#8362 = PRESENTATION_STYLE_ASSIGNMENT (( #4659 ) ) ;
#8363 = DIRECTION ( 'NONE',  ( 0.0000000000000000000, 1.000000000000000000, 0.0000000000000000000 ) ) ;
#8364 = PRESENTATION_STYLE_ASSIGNMENT (( #1253 ) ) ;
#8365 = STYLED_ITEM ( 'NONE', ( #4469 ), #8009 ) ;
#8366 = CARTESIAN_POINT ( 'NONE',  ( 1.027658874949179735, 0.8000000000000002665, 0.1398890479119450914 ) ) ;
#8367 = CARTESIAN_POINT ( 'NONE',  ( -1.199797388700056588, 0.8000000000000000444, 0.03871756902057833793 ) ) ;
#8368 = DIRECTION ( 'NONE',  ( -0.0000000000000000000, -1.000000000000000000, -0.0000000000000000000 ) ) ;
#8369 = CARTESIAN_POINT ( 'NONE',  ( 0.6971668908031352085, 0.7999999999999999334, -0.07923067316033585716 ) ) ;
#8370 =( NAMED_UNIT ( * ) PLANE_ANGLE_UNIT ( ) SI_UNIT ( $, .RADIAN. ) );
#8371 =( LENGTH_UNIT ( ) NAMED_UNIT ( * ) SI_UNIT ( .MILLI., .METRE. ) );
#8372 = B_SPLINE_CURVE_WITH_KNOTS ( 'NONE', 3,
 ( #9945, #2083, #4412, #1985, #1274, #5918, #2040, #1119, #9743, #4225, #2898, #6029, #2706, #8959, #2141, #8146, #9789, #2752, #3606 ),
 .UNSPECIFIED., .F., .F.,
 ( 4, 1, 1, 1, 1, 1, 1, 1, 1, 1, 1, 1, 1, 1, 1, 1, 4 ),
 ( 0.0000000000000000000, 0.04462120432316457608, 0.08773030866609081435, 0.1302828426876058709, 0.1735028625766600052, 0.2174869261056435188, 0.2633330312022222897, 0.3119087344770221648, 0.3635276317902598753, 0.4195097418097216146, 0.4810945897470161325, 0.5491279075035780943, 0.6241475596264500769, 0.7066025216400910747, 0.7964475463062702376, 0.8941834213832301481, 1.000000000000000000 ),
 .UNSPECIFIED. ) ;
#8373 = VERTEX_POINT ( 'NONE', #4741 ) ;
#8374 = VECTOR ( 'NONE', #6035, 1000.000000000000000 ) ;
#8375 = ORIENTED_EDGE ( 'NONE', *, *, #9934, .T. ) ;
#8376 = UNCERTAINTY_MEASURE_WITH_UNIT (LENGTH_MEASURE( 1.000000000000000082E-05 ), #3850, 'distance_accuracy_value', 'NONE');
#8377 = CARTESIAN_POINT ( 'NONE',  ( -0.8782920688114440599, 0.8100000000000000533, -0.004536512551859485549 ) ) ;
#8378 = DIRECTION ( 'NONE',  ( -0.0000000000000000000, -1.000000000000000000, -0.0000000000000000000 ) ) ;
#8379 = PRESENTATION_STYLE_ASSIGNMENT (( #679 ) ) ;
#8380 =( GEOMETRIC_REPRESENTATION_CONTEXT ( 3 ) GLOBAL_UNCERTAINTY_ASSIGNED_CONTEXT ( ( #3652 ) ) GLOBAL_UNIT_ASSIGNED_CONTEXT ( ( #9275, #3067, #3721 ) ) REPRESENTATION_CONTEXT ( 'NONE', 'WORKASPACE' ) );
#8381 = SURFACE_STYLE_FILL_AREA ( #5242 ) ;
#8382 =( GEOMETRIC_REPRESENTATION_CONTEXT ( 3 ) GLOBAL_UNCERTAINTY_ASSIGNED_CONTEXT ( ( #2830 ) ) GLOBAL_UNIT_ASSIGNED_CONTEXT ( ( #10078, #1457, #4512 ) ) REPRESENTATION_CONTEXT ( 'NONE', 'WORKASPACE' ) );
#8383 = COLOUR_RGB ( '',1.000000000000000000, 0.8078431372549019773, 0.4980392156862745168 ) ;
#8384 =( LENGTH_UNIT ( ) NAMED_UNIT ( * ) SI_UNIT ( .MILLI., .METRE. ) );
#8385 = CARTESIAN_POINT ( 'NONE',  ( 0.8166320199283931824, 0.8100000000000007194, -0.2444883059245302470 ) ) ;
#8386 = LINE ( 'NONE', #6981, #4115 ) ;
#8387 = CARTESIAN_POINT ( 'NONE',  ( 1.131773373681490780, 0.8100000000000002753, 0.2672555925380320496 ) ) ;
#8388 = VERTEX_POINT ( 'NONE', #851 ) ;
#8389 = LINE ( 'NONE', #6175, #8012 ) ;
#8390 = PRESENTATION_LAYER_ASSIGNMENT (  '', '', ( #3163 ) ) ;
#8391 = CARTESIAN_POINT ( 'NONE',  ( 0.7443408449114159442, 0.8100000000000001643, -0.2364231680248657375 ) ) ;
#8392 = CARTESIAN_POINT ( 'NONE',  ( -0.7108345415387581356, 0.8000000000000000444, 0.1560891153966556255 ) ) ;
#8393 = CARTESIAN_POINT ( 'NONE',  ( -0.1138387279643652689, 0.7999999999999999334, 0.08164627790778961058 ) ) ;
#8394 =( NAMED_UNIT ( * ) SI_UNIT ( $, .STERADIAN. ) SOLID_ANGLE_UNIT ( ) );
#8395 = PRESENTATION_STYLE_ASSIGNMENT (( #2145 ) ) ;
#8396 = CIRCLE ( 'NONE', #2841, 0.1999999999999990119 ) ;
#8397 =( NAMED_UNIT ( * ) PLANE_ANGLE_UNIT ( ) SI_UNIT ( $, .RADIAN. ) );
#8398 = ADVANCED_FACE ( 'NONE', ( #7041 ), #901, .F. ) ;
#8399 = CARTESIAN_POINT ( 'NONE',  ( 1.500000000000000222, 0.7800000000000001377, 0.7999999999999999334 ) ) ;
#8400 = VERTEX_POINT ( 'NONE', #63 ) ;
#8401 = CARTESIAN_POINT ( 'NONE',  ( 0.6972363034781918767, 0.8000000000000000444, -0.3363187720446367823 ) ) ;
#8402 = ORIENTED_EDGE ( 'NONE', *, *, #4882, .F. ) ;
#8403 = CARTESIAN_POINT ( 'NONE',  ( -0.2031939353641421253, 0.7999999999999997113, -0.2839201605220321722 ) ) ;
#8404 = STYLED_ITEM ( 'NONE', ( #2374 ), #1828 ) ;
#8405 = CARTESIAN_POINT ( 'NONE',  ( 1.027529648767607107, 0.8100000000000000533, -0.2176970336805246209 ) ) ;
#8406 = DIRECTION ( 'NONE',  ( -1.000000000000000000, 0.0000000000000000000, 0.0000000000000000000 ) ) ;
#8407 = CARTESIAN_POINT ( 'NONE',  ( -1.144399661427329296, 0.8100000000000001643, 0.07475653005953937502 ) ) ;
#8408 = CARTESIAN_POINT ( 'NONE',  ( -0.7797486874013552782, 0.8000000000000001554, 0.2068588027868120960 ) ) ;
#8409 = CARTESIAN_POINT ( 'NONE',  ( -0.2983654328350107132, 0.8100000000000002753, 0.05650560644631870411 ) ) ;
#8410 = DIRECTION ( 'NONE',  ( -0.0000000000000000000, -1.000000000000000000, -0.0000000000000000000 ) ) ;
#8411 = CARTESIAN_POINT ( 'NONE',  ( -0.7343982661848709181, 0.7999999999999998224, -0.2647261486837396705 ) ) ;
#8412 = ORIENTED_EDGE ( 'NONE', *, *, #9220, .F. ) ;
#8413 = CARTESIAN_POINT ( 'NONE',  ( -1.067211776235770238, 0.8099999999999999423, -0.2013995848897354723 ) ) ;
#8414 = VERTEX_POINT ( 'NONE', #4891 ) ;
#8415 = EDGE_CURVE ( 'NONE', #1263, #4645, #6987, .T. ) ;
#8416 = EDGE_CURVE ( 'NONE', #1749, #3487, #6436, .T. ) ;
#8417 = CARTESIAN_POINT ( 'NONE',  ( 2.000000000000001776, 0.05000000000000000278, -0.9499999999999997335 ) ) ;
#8418 = STYLED_ITEM ( 'NONE', ( #9359 ), #2578 ) ;
#8419 = CARTESIAN_POINT ( 'NONE',  ( -0.6738298225803422969, 0.8100000000000003864, -0.2881154959135699967 ) ) ;
#8420 = SURFACE_STYLE_FILL_AREA ( #1408 ) ;
#8421 = CARTESIAN_POINT ( 'NONE',  ( -1.199797388700056588, 0.8100000000000001643, 0.03871756902057833793 ) ) ;
#8422 = CARTESIAN_POINT ( 'NONE',  ( -0.1677107460816930073, 0.8000000000000000444, 0.2648219046847182789 ) ) ;
#8423 = CARTESIAN_POINT ( 'NONE',  ( -1.195261560662674194, 0.8000000000000001554, 0.1300811006393071956 ) ) ;
#8424 = CARTESIAN_POINT ( 'NONE',  ( -1.800000000000000933, 0.6000000000000000888, 1.249999999999998224 ) ) ;
#8425 = EDGE_CURVE ( 'NONE', #3346, #3886, #6324, .T. ) ;
#8426 = VERTEX_POINT ( 'NONE', #4017 ) ;
#8427 = ORIENTED_EDGE ( 'NONE', *, *, #9736, .F. ) ;
#8428 = MECHANICAL_DESIGN_GEOMETRIC_PRESENTATION_REPRESENTATION (  '', ( #5632 ), #6280 ) ;
#8429 = EDGE_LOOP ( 'NONE', ( #4603, #9316, #3989, #1566 ) ) ;
#8430 = CARTESIAN_POINT ( 'NONE',  ( -1.700000000000001732, 0.6100000000000000977, 1.199999999999998623 ) ) ;
#8431 = CARTESIAN_POINT ( 'NONE',  ( 1.780000000000000027, 0.7800000000000001377, -0.8000000000000001554 ) ) ;
#8432 = DIRECTION ( 'NONE',  ( 1.000000000000000000, 0.0000000000000000000, 0.0000000000000000000 ) ) ;
#8433 = CARTESIAN_POINT ( 'NONE',  ( 0.9181242006667502675, 0.8000000000000000444, -0.1051115714039073668 ) ) ;
#8434 = FILL_AREA_STYLE_COLOUR ( '', #2373 ) ;
#8435 = COLOUR_RGB ( '',1.000000000000000000, 0.9490196078431372140, 0.9098039215686274384 ) ;
#8436 = FACE_OUTER_BOUND ( 'NONE', #6121, .T. ) ;
#8437 = CARTESIAN_POINT ( 'NONE',  ( -1.970000000000000862, 0.6800000000000000488, 0.9400000000000005018 ) ) ;
#8438 = DIRECTION ( 'NONE',  ( -0.0000000000000000000, -1.000000000000000000, 0.0000000000000000000 ) ) ;
#8439 = CARTESIAN_POINT ( 'NONE',  ( -0.04751567091220426642, 0.8100000000000003864, -0.1158651187780953135 ) ) ;
#8440 = B_SPLINE_CURVE_WITH_KNOTS ( 'NONE', 3,
 ( #5735, #2207, #4498, #1245, #8409, #3627, #450, #9188, #6699, #5993, #8462, #7688, #9141, #5220, #6049, #2008, #2921, #9088, #9967 ),
 .UNSPECIFIED., .F., .F.,
 ( 4, 1, 1, 1, 1, 1, 1, 1, 1, 1, 1, 1, 1, 1, 1, 1, 4 ),
 ( 0.0000000000000000000, 0.1206675161426108006, 0.2309294132593920357, 0.3309228483128897613, 0.4207704713085047010, 0.5010777902696152974, 0.5717006200233739621, 0.6331727153130469743, 0.6858414944559069193, 0.7330485117757722380, 0.7767032029398724946, 0.8172975603403951350, 0.8554421780553921328, 0.8920848149530554716, 0.9277934961332929831, 0.9634652945205791630, 1.000000000000000000 ),
 .UNSPECIFIED. ) ;
#8441 = ORIENTED_EDGE ( 'NONE', *, *, #2258, .T. ) ;
#8442 = AXIS2_PLACEMENT_3D ( 'NONE', #4221, #8141, #5042 ) ;
#8443 = CARTESIAN_POINT ( 'NONE',  ( -0.6517252042724029915, 0.8000000000000000444, 0.1697175101008504272 ) ) ;
#8444 = DIRECTION ( 'NONE',  ( 0.0000000000000000000, 1.000000000000000000, 0.0000000000000000000 ) ) ;
#8445 = DIRECTION ( 'NONE',  ( 0.0000000000000000000, -0.0000000000000000000, 1.000000000000000000 ) ) ;
#8446 = CARTESIAN_POINT ( 'NONE',  ( 0.4928162476635793987, 0.8100000000000001643, -0.07366067773266866958 ) ) ;
#8447 = SURFACE_STYLE_FILL_AREA ( #6177 ) ;
#8448 =( NAMED_UNIT ( * ) PLANE_ANGLE_UNIT ( ) SI_UNIT ( $, .RADIAN. ) );
#8449 = COLOUR_RGB ( '',0.09803921568627450844, 0.09803921568627450844, 0.09803921568627450844 ) ;
#8450 = CARTESIAN_POINT ( 'NONE',  ( 1.689999999999998836, 0.7000000000000000666, -0.9400000000000000577 ) ) ;
#8451 = CARTESIAN_POINT ( 'NONE',  ( 1.365334992998428421, 0.8000000000000001554, 0.1845536948430110680 ) ) ;
#8452 = CARTESIAN_POINT ( 'NONE',  ( -1.322768167920835847, 0.8100000000000001643, 0.2614042573322666319 ) ) ;
#8453 = ORIENTED_EDGE ( 'NONE', *, *, #2236, .T. ) ;
#8454 = VERTEX_POINT ( 'NONE', #4070 ) ;
#8455 = PRESENTATION_STYLE_ASSIGNMENT (( #7582 ) ) ;
#8456 = CARTESIAN_POINT ( 'NONE',  ( 0.6876214424687742133, 0.8100000000000001643, -0.007426911498902444980 ) ) ;
#8457 = COLOUR_RGB ( '',0.09803921568627450844, 0.09803921568627450844, 0.09803921568627450844 ) ;
#8458 = EDGE_CURVE ( 'NONE', #6385, #4560, #7203, .T. ) ;
#8459 = B_SPLINE_CURVE_WITH_KNOTS ( 'NONE', 3,
 ( #4880, #7874, #6369, #7976, #8029, #945, #151, #8081, #254, #1873, #5796, #8992, #200, #4307, #5031, #3504, #2583, #7299, #8225 ),
 .UNSPECIFIED., .F., .F.,
 ( 4, 1, 1, 1, 1, 1, 1, 1, 1, 1, 1, 1, 1, 1, 1, 1, 4 ),
 ( 0.0000000000000000000, 0.04877955225286675911, 0.09692358648773012619, 0.1450798207785262417, 0.1933822153880904171, 0.2421187392534814853, 0.2911231425843440745, 0.3408314581389071396, 0.3914000804531787003, 0.4455725280638772046, 0.5059083753641087089, 0.5725353768083036865, 0.6452984286108836010, 0.7242521193667444956, 0.8097037230661239260, 0.9016996486733174221, 1.000000000000000000 ),
 .UNSPECIFIED. ) ;
#8460 = CARTESIAN_POINT ( 'NONE',  ( 1.118430476778644378, 0.8000000000000000444, -0.2727415726576095656 ) ) ;
#8461 = LINE ( 'NONE', #7686, #2838 ) ;
#8462 = CARTESIAN_POINT ( 'NONE',  ( -0.2673990348811044471, 0.8100000000000002753, 0.1686973907083550439 ) ) ;
#8463 = DIRECTION ( 'NONE',  ( -1.000000000000000000, 0.0000000000000000000, 0.0000000000000000000 ) ) ;
#8464 =( LENGTH_UNIT ( ) NAMED_UNIT ( * ) SI_UNIT ( .MILLI., .METRE. ) );
#8465 = VECTOR ( 'NONE', #324, 1000.000000000000000 ) ;
#8466 = VERTEX_POINT ( 'NONE', #1775 ) ;
#8467 = CARTESIAN_POINT ( 'NONE',  ( -1.065625310777978507, 0.8100000000000001643, -0.1794642491612398194 ) ) ;
#8468 = ORIENTED_EDGE ( 'NONE', *, *, #4507, .F. ) ;
#8469 = CARTESIAN_POINT ( 'NONE',  ( 1.969999999999997753, 0.6800000000000000488, -1.240000000000000657 ) ) ;
#8470 = UNCERTAINTY_MEASURE_WITH_UNIT (LENGTH_MEASURE( 1.000000000000000082E-05 ), #2585, 'distance_accuracy_value', 'NONE');
#8471 = CARTESIAN_POINT ( 'NONE',  ( -1.799999999999999600, 0.7800000000000001377, 1.080000000000000293 ) ) ;
#8472 = CARTESIAN_POINT ( 'NONE',  ( -0.2604822737575204217, 0.7999999999999993783, -0.2556739235011461497 ) ) ;
#8473 = MECHANICAL_DESIGN_GEOMETRIC_PRESENTATION_REPRESENTATION (  '', ( #2744 ), #4358 ) ;
#8474 = EDGE_CURVE ( 'NONE', #1372, #8400, #10142, .T. ) ;
#8475 = CARTESIAN_POINT ( 'NONE',  ( -0.9009800310819833236, 0.8000000000000001554, -0.2680366577904280123 ) ) ;
#8476 = CARTESIAN_POINT ( 'NONE',  ( -0.04713467419169558442, 0.8000000000000003775, 0.03178970159409351404 ) ) ;
#8477 = LINE ( 'NONE', #8527, #9869 ) ;
#8478 = CARTESIAN_POINT ( 'NONE',  ( -1.201863475298283523, 0.7999999999999999334, 0.1380304192537719077 ) ) ;
#8479 = DIRECTION ( 'NONE',  ( 1.000000000000000000, 0.0000000000000000000, -2.168404344971013207E-15 ) ) ;
#8480 = VECTOR ( 'NONE', #5342, 1000.000000000000000 ) ;
#8481 = VERTEX_POINT ( 'NONE', #7829 ) ;
#8482 = SURFACE_STYLE_FILL_AREA ( #6120 ) ;
#8483 = UNCERTAINTY_MEASURE_WITH_UNIT (LENGTH_MEASURE( 1.000000000000000082E-05 ), #7836, 'distance_accuracy_value', 'NONE');
#8484 = DIRECTION ( 'NONE',  ( 1.000000000000000000, 0.0000000000000000000, 0.0000000000000000000 ) ) ;
#8485 = CARTESIAN_POINT ( 'NONE',  ( -1.700000000000001510, 0.05000000000000002359, -1.149999999999998357 ) ) ;
#8486 = PRESENTATION_LAYER_ASSIGNMENT (  '', '', ( #7168 ) ) ;
#8487 = CARTESIAN_POINT ( 'NONE',  ( -1.690000000000001057, 0.6100000000000000977, 1.240000000000000435 ) ) ;
#8488 = CARTESIAN_POINT ( 'NONE',  ( 0.9967356178280423196, 0.8000000000000003775, -0.2810438384004351198 ) ) ;
#8489 = EDGE_CURVE ( 'NONE', #479, #3475, #683, .T. ) ;
#8490 = CARTESIAN_POINT ( 'NONE',  ( -0.8729472640567168540, 0.8000000000000000444, 0.2303976099240630515 ) ) ;
#8491 = CARTESIAN_POINT ( 'NONE',  ( -0.7044812188522990848, 0.8000000000000001554, -0.3218505470780828603 ) ) ;
#8492 = FILL_AREA_STYLE_COLOUR ( '', #1028 ) ;
#8493 = CARTESIAN_POINT ( 'NONE',  ( 1.157101961949293933, 0.8000000000000002665, -0.2762580803300713206 ) ) ;
#8494 = AXIS2_PLACEMENT_3D ( 'NONE', #2595, #7367, #5711 ) ;
#8495 = COLOUR_RGB ( '',0.09803921568627450844, 0.09803921568627450844, 0.09803921568627450844 ) ;
#8496 = ORIENTED_EDGE ( 'NONE', *, *, #899, .T. ) ;
#8497 = CARTESIAN_POINT ( 'NONE',  ( -0.7625837209586953103, 0.8000000000000000444, 0.2685331899991257876 ) ) ;
#8498 = PRESENTATION_STYLE_ASSIGNMENT (( #4683 ) ) ;
#8499 = PRESENTATION_LAYER_ASSIGNMENT (  '', '', ( #8507 ) ) ;
#8500 =( NAMED_UNIT ( * ) PLANE_ANGLE_UNIT ( ) SI_UNIT ( $, .RADIAN. ) );
#8501 =( NAMED_UNIT ( * ) PLANE_ANGLE_UNIT ( ) SI_UNIT ( $, .RADIAN. ) );
#8502 = SURFACE_STYLE_FILL_AREA ( #9322 ) ;
#8503 = CARTESIAN_POINT ( 'NONE',  ( 1.224461684604282175, 0.8000000000000003775, 0.1890593851361103139 ) ) ;
#8504 =( LENGTH_UNIT ( ) NAMED_UNIT ( * ) SI_UNIT ( .MILLI., .METRE. ) );
#8505 = EDGE_LOOP ( 'NONE', ( #7763, #6106, #2941, #780 ) ) ;
#8506 = CARTESIAN_POINT ( 'NONE',  ( -1.121715165939041636, 0.7999999999999999334, -0.2769164761595588886 ) ) ;
#8507 = STYLED_ITEM ( 'NONE', ( #4666 ), #6749 ) ;
#8508 = ORIENTED_EDGE ( 'NONE', *, *, #7732, .T. ) ;
#8509 = FACE_OUTER_BOUND ( 'NONE', #5659, .T. ) ;
#8510 = CARTESIAN_POINT ( 'NONE',  ( -0.8440224115044809849, 0.8000000000000000444, 0.1686973907083552382 ) ) ;
#8511 =( LENGTH_UNIT ( ) NAMED_UNIT ( * ) SI_UNIT ( .MILLI., .METRE. ) );
#8512 = CARTESIAN_POINT ( 'NONE',  ( 0.9181874791317137241, 0.8000000000000001554, 0.03228606671692317576 ) ) ;
#8513 = CARTESIAN_POINT ( 'NONE',  ( -1.246133868356824381, 0.8100000000000000533, -0.2124742670998519545 ) ) ;
#8514 = SURFACE_SIDE_STYLE ('',( #6287 ) ) ;
#8515 = SURFACE_STYLE_USAGE ( .BOTH. , #7637 ) ;
#8516 = CARTESIAN_POINT ( 'NONE',  ( -0.7184481128831233798, 0.8100000000000000533, -0.2460154612977583366 ) ) ;
#8517 = EDGE_LOOP ( 'NONE', ( #9445, #6208, #4503, #3270 ) ) ;
#8518 = FILL_AREA_STYLE_COLOUR ( '', #6063 ) ;
#8519 = EDGE_LOOP ( 'NONE', ( #5158, #4634, #4621, #6221 ) ) ;
#8520 = SURFACE_SIDE_STYLE ('',( #5425 ) ) ;
#8521 = STYLED_ITEM ( 'NONE', ( #6383 ), #7156 ) ;
#8522 =( NAMED_UNIT ( * ) SI_UNIT ( $, .STERADIAN. ) SOLID_ANGLE_UNIT ( ) );
#8523 = CARTESIAN_POINT ( 'NONE',  ( 0.7267042346765664185, 0.8000000000000001554, 0.1330763352543442857 ) ) ;
#8524 = DIRECTION ( 'NONE',  ( -1.000000000000000000, 0.0000000000000000000, 0.0000000000000000000 ) ) ;
#8525 =( NAMED_UNIT ( * ) PLANE_ANGLE_UNIT ( ) SI_UNIT ( $, .RADIAN. ) );
#8526 =( GEOMETRIC_REPRESENTATION_CONTEXT ( 3 ) GLOBAL_UNCERTAINTY_ASSIGNED_CONTEXT ( ( #799 ) ) GLOBAL_UNIT_ASSIGNED_CONTEXT ( ( #6836, #2958, #4532 ) ) REPRESENTATION_CONTEXT ( 'NONE', 'WORKASPACE' ) );
#8527 = CARTESIAN_POINT ( 'NONE',  ( -1.700000000000001732, 0.6100000000000000977, -1.199999999999998623 ) ) ;
#8528 = DIRECTION ( 'NONE',  ( 1.000000000000000000, -0.0000000000000000000, 0.0000000000000000000 ) ) ;
#8529 = ORIENTED_EDGE ( 'NONE', *, *, #9118, .F. ) ;
#8530 = CARTESIAN_POINT ( 'NONE',  ( 1.083819550285113564, 0.8100000000000001643, -0.2619415521529300239 ) ) ;
#8531 = ORIENTED_EDGE ( 'NONE', *, *, #7876, .T. ) ;
#8532 = ADVANCED_FACE ( 'NONE', ( #4119, #1162 ), #3555, .T. ) ;
#8533 = VERTEX_POINT ( 'NONE', #8140 ) ;
#8534 = STYLED_ITEM ( 'NONE', ( #8226 ), #501 ) ;
#8535 = PRESENTATION_LAYER_ASSIGNMENT (  '', '', ( #153 ) ) ;
#8536 = FACE_OUTER_BOUND ( 'NONE', #5212, .T. ) ;
#8537 = CARTESIAN_POINT ( 'NONE',  ( 1.156894205146562049, 0.8000000000000001554, -0.3463191467530827294 ) ) ;
#8538 = DIRECTION ( 'NONE',  ( 1.807003620809173646E-16, -0.0000000000000000000, 1.000000000000000000 ) ) ;
#8539 = CARTESIAN_POINT ( 'NONE',  ( -0.9302247372026652972, 0.8000000000000000444, 0.1050395506033319770 ) ) ;
#8540 = CARTESIAN_POINT ( 'NONE',  ( 1.365543520390852361, 0.8000000000000001554, -0.1671671712391622489 ) ) ;
#8541 = CARTESIAN_POINT ( 'NONE',  ( -0.8782684529244267901, 0.8099999999999999423, -0.3024403533860111626 ) ) ;
#8542 =( GEOMETRIC_REPRESENTATION_CONTEXT ( 3 ) GLOBAL_UNCERTAINTY_ASSIGNED_CONTEXT ( ( #1723 ) ) GLOBAL_UNIT_ASSIGNED_CONTEXT ( ( #4483, #5928, #6838 ) ) REPRESENTATION_CONTEXT ( 'NONE', 'WORKASPACE' ) );
#8543 = CARTESIAN_POINT ( 'NONE',  ( 0.9138426359379681063, 0.8100000000000004974, -0.01243557831262632855 ) ) ;
#8544 = MECHANICAL_DESIGN_GEOMETRIC_PRESENTATION_REPRESENTATION (  '', ( #7224 ), #1668 ) ;
#8545 = EDGE_CURVE ( 'NONE', #6231, #7326, #485, .T. ) ;
#8546 = VERTEX_POINT ( 'NONE', #2034 ) ;
#8547 = EDGE_CURVE ( 'NONE', #8898, #5305, #5139, .T. ) ;
#8548 = STYLED_ITEM ( 'NONE', ( #9509 ), #9666 ) ;
#8549 = PRESENTATION_LAYER_ASSIGNMENT (  '', '', ( #2983 ) ) ;
#8550 = SURFACE_STYLE_FILL_AREA ( #62 ) ;
#8551 = COLOUR_RGB ( '',1.000000000000000000, 0.8078431372549019773, 0.4980392156862745168 ) ;
#8552 = CARTESIAN_POINT ( 'NONE',  ( -0.1342111649153814312, 0.8099999999999998312, 0.1560891153966553757 ) ) ;
#8553 = CARTESIAN_POINT ( 'NONE',  ( 1.281958191254419122, 0.8000000000000001554, 0.1616021476931040202 ) ) ;
#8554 = CARTESIAN_POINT ( 'NONE',  ( -0.7867461073095276536, 0.8000000000000000444, -0.2839360223559045382 ) ) ;
#8555 = FILL_AREA_STYLE ('',( #3918 ) ) ;
#8556 = PRESENTATION_LAYER_ASSIGNMENT (  '', '', ( #2992 ) ) ;
#8557 = CARTESIAN_POINT ( 'NONE',  ( -0.1985233834264224784, 0.8100000000000001643, -0.3462229863033965405 ) ) ;
#8558 = EDGE_CURVE ( 'NONE', #8039, #1118, #207, .T. ) ;
#8559 = PRESENTATION_LAYER_ASSIGNMENT (  '', '', ( #9052 ) ) ;
#8560 = ORIENTED_EDGE ( 'NONE', *, *, #6166, .T. ) ;
#8561 = CARTESIAN_POINT ( 'NONE',  ( -0.6218245923558896049, 0.8000000000000000444, -0.07807543968415885105 ) ) ;
#8562 = CARTESIAN_POINT ( 'NONE',  ( -0.8102747679499047173, 0.7999999999999999334, 0.2001352369044311075 ) ) ;
#8563 = CARTESIAN_POINT ( 'NONE',  ( 1.035609183826924795, 0.8000000000000002665, -0.2273456089965739946 ) ) ;
#8564 = COLOUR_RGB ( '',0.09803921568627450844, 0.09803921568627450844, 0.09803921568627450844 ) ;
#8565 = VECTOR ( 'NONE', #2934, 1000.000000000000000 ) ;
#8566 = DIRECTION ( 'NONE',  ( 0.0000000000000000000, 1.000000000000000000, 0.0000000000000000000 ) ) ;
#8567 = CARTESIAN_POINT ( 'NONE',  ( 0.6508519619492938446, 0.8000000000000001554, -0.3385957426677336235 ) ) ;
#8568 = FILL_AREA_STYLE ('',( #2164 ) ) ;
#8569 = ORIENTED_EDGE ( 'NONE', *, *, #8489, .F. ) ;
#8570 = CARTESIAN_POINT ( 'NONE',  ( -1.065667435544118913, 0.8100000000000002753, -0.1832439401608575436 ) ) ;
#8571 = ORIENTED_EDGE ( 'NONE', *, *, #4898, .T. ) ;
#8572 =( GEOMETRIC_REPRESENTATION_CONTEXT ( 3 ) GLOBAL_UNCERTAINTY_ASSIGNED_CONTEXT ( ( #5890 ) ) GLOBAL_UNIT_ASSIGNED_CONTEXT ( ( #2616, #4046, #7182 ) ) REPRESENTATION_CONTEXT ( 'NONE', 'WORKASPACE' ) );
#8573 = PRESENTATION_LAYER_ASSIGNMENT (  '', '', ( #6742 ) ) ;
#8574 = CARTESIAN_POINT ( 'NONE',  ( -1.819999999999999840, 0.7000000000000000666, 0.8000000000000003775 ) ) ;
#8575 = CARTESIAN_POINT ( 'NONE',  ( -0.2167433822560864420, 0.7999999999999996003, -0.2837098477758566162 ) ) ;
#8576 = CARTESIAN_POINT ( 'NONE',  ( 0.7081376884986150255, 0.8100000000000002753, 0.09921152490480918129 ) ) ;
#8577 = CARTESIAN_POINT ( 'NONE',  ( -1.293121961817235821, 0.8100000000000001643, -0.2612511604801152076 ) ) ;
#8578 = MECHANICAL_DESIGN_GEOMETRIC_PRESENTATION_REPRESENTATION (  '', ( #3015 ), #43 ) ;
#8579 = CARTESIAN_POINT ( 'NONE',  ( -1.289965903168000638, 0.8100000000000002753, 0.1507629655755072240 ) ) ;
#8580 = LINE ( 'NONE', #830, #1835 ) ;
#8581 = ORIENTED_EDGE ( 'NONE', *, *, #6570, .F. ) ;
#8582 = CARTESIAN_POINT ( 'NONE',  ( -0.8151095141243002162, 0.8000000000000001554, 0.2653701121695657972 ) ) ;
#8583 = PRESENTATION_STYLE_ASSIGNMENT (( #1461 ) ) ;
#8584 = VERTEX_POINT ( 'NONE', #8092 ) ;
#8585 = VERTEX_POINT ( 'NONE', #2643 ) ;
#8586 = UNCERTAINTY_MEASURE_WITH_UNIT (LENGTH_MEASURE( 1.000000000000000082E-05 ), #4529, 'distance_accuracy_value', 'NONE');
#8587 = MECHANICAL_DESIGN_GEOMETRIC_PRESENTATION_REPRESENTATION (  '', ( #3831 ), #9906 ) ;
#8588 = B_SPLINE_SURFACE_WITH_KNOTS ( 'NONE', 3, 1, ( 
 ( #7371, #3112 ),
 ( #2293, #7778 ),
 ( #5249, #3821 ),
 ( #3913, #6222 ),
 ( #745, #6984 ),
 ( #10048, #6938 ),
 ( #9366, #5398 ),
 ( #3719, #2341 ),
 ( #6832, #8443 ),
 ( #638, #1426 ),
 ( #1380, #3774 ),
 ( #10095, #6076 ),
 ( #3012, #10 ),
 ( #6133, #9274 ),
 ( #3161, #3064 ),
 ( #2242, #1478 ),
 ( #6269, #8497 ),
 ( #9424, #4576 ),
 ( #4681, #689 ) ),
 .UNSPECIFIED., .F., .F., .F.,
 ( 4, 1, 1, 1, 1, 1, 1, 1, 1, 1, 1, 1, 1, 1, 1, 1, 4 ),
 ( 2, 2 ),
 ( 0.0000000000000000000, 0.09461484262909478082, 0.1836834623759331930, 0.2670219024662581764, 0.3451095466059844741, 0.4178374162441568784, 0.4855421053389514241, 0.5487752445457690920, 0.6077562862289904722, 0.6628684891831972958, 0.7144579905412643539, 0.7630693177096039559, 0.8100590634505961951, 0.8560639889199529451, 0.9024574209556276427, 0.9500767445819811030, 1.000000000000000000 ),
 ( 0.0000000000000000000, 1.000000000000000000 ),
 .UNSPECIFIED. ) ;
#8589 = EDGE_CURVE ( 'NONE', #491, #4251, #4220, .T. ) ;
#8590 = PRESENTATION_STYLE_ASSIGNMENT (( #9357 ) ) ;
#8591 = SURFACE_SIDE_STYLE ('',( #8744 ) ) ;
#8592 = CARTESIAN_POINT ( 'NONE',  ( 1.156894205146562049, 0.8100000000000001643, -0.3463191467530827294 ) ) ;
#8593 = CARTESIAN_POINT ( 'NONE',  ( 1.500000000000000444, 0.8000000000000001554, 1.079999999999999849 ) ) ;
#8594 = CARTESIAN_POINT ( 'NONE',  ( 1.296076205196468933, 0.8000000000000000444, -0.3020289130498750030 ) ) ;
#8595 = MECHANICAL_DESIGN_GEOMETRIC_PRESENTATION_REPRESENTATION (  '', ( #4478 ), #3995 ) ;
#8596 = CARTESIAN_POINT ( 'NONE',  ( -0.9104113996249624252, 0.7999999999999999334, -0.2472462122259278250 ) ) ;
#8597 = CARTESIAN_POINT ( 'NONE',  ( 1.094828587676615728, 0.8000000000000002665, -0.2664537159938286659 ) ) ;
#8598 = ORIENTED_EDGE ( 'NONE', *, *, #4882, .T. ) ;
#8599 = MECHANICAL_DESIGN_GEOMETRIC_PRESENTATION_REPRESENTATION (  '', ( #6622 ), #2057 ) ;
#8600 = FILL_AREA_STYLE ('',( #2547 ) ) ;
#8601 = ADVANCED_FACE ( 'NONE', ( #2282 ), #9162, .F. ) ;
#8602 = CARTESIAN_POINT ( 'NONE',  ( 0.9218211166493769371, 0.8100000000000004974, -0.1267594068367719484 ) ) ;
#8603 = SURFACE_SIDE_STYLE ('',( #2249 ) ) ;
#8604 = CARTESIAN_POINT ( 'NONE',  ( -0.8721498765794666319, 0.8000000000000001554, -0.1588993942659301661 ) ) ;
#8605 = PRESENTATION_STYLE_ASSIGNMENT (( #5462 ) ) ;
#8606 = CARTESIAN_POINT ( 'NONE',  ( -0.1154746892798361041, 0.8100000000000000533, -0.3107894327021143432 ) ) ;
#8607 = ORIENTED_EDGE ( 'NONE', *, *, #7547, .F. ) ;
#8608 = LINE ( 'NONE', #122, #1660 ) ;
#8609 = ORIENTED_EDGE ( 'NONE', *, *, #2454, .T. ) ;
#8610 = CARTESIAN_POINT ( 'NONE',  ( 0.9760059342589713083, 0.8000000000000001554, -0.04472507952829911371 ) ) ;
#8611 = CARTESIAN_POINT ( 'NONE',  ( -1.079837341215092783, 0.8100000000000002753, -0.1149814546438496510 ) ) ;
#8612 = VECTOR ( 'NONE', #7689, 1000.000000000000000 ) ;
#8613 = EDGE_CURVE ( 'NONE', #559, #2765, #7570, .T. ) ;
#8614 = CARTESIAN_POINT ( 'NONE',  ( 0.9263913164593253757, 0.8000000000000001554, 0.07360686640268428171 ) ) ;
#8615 = CARTESIAN_POINT ( 'NONE',  ( -0.6841304672075357862, 0.8000000000000004885, -0.07269537814073266657 ) ) ;
#8616 = CARTESIAN_POINT ( 'NONE',  ( 0.6972363034781918767, 0.7999999999999999334, -0.3363187720446367823 ) ) ;
#8617 =( NAMED_UNIT ( * ) PLANE_ANGLE_UNIT ( ) SI_UNIT ( $, .RADIAN. ) );
#8618 = ORIENTED_EDGE ( 'NONE', *, *, #7701, .T. ) ;
#8619 = CARTESIAN_POINT ( 'NONE',  ( -1.499999999999999778, 0.7200000000000001954, -1.119999999999999885 ) ) ;
#8620 = PRESENTATION_LAYER_ASSIGNMENT (  '', '', ( #8288 ) ) ;
#8621 = EDGE_LOOP ( 'NONE', ( #6924, #3531, #5627, #5096, #3718, #6792 ) ) ;
#8622 = DIRECTION ( 'NONE',  ( 1.000000000000000000, 0.0000000000000000000, 0.0000000000000000000 ) ) ;
#8623 = DIRECTION ( 'NONE',  ( 1.748713181428232560E-16, -0.0000000000000000000, 1.000000000000000000 ) ) ;
#8624 = CARTESIAN_POINT ( 'NONE',  ( -0.2263468507900016080, 0.7999999999999994893, -0.2811000192437415612 ) ) ;
#8625 =( LENGTH_UNIT ( ) NAMED_UNIT ( * ) SI_UNIT ( .MILLI., .METRE. ) );
#8626 = CARTESIAN_POINT ( 'NONE',  ( -1.065934427985388622, 0.8000000000000001554, -0.1726177480111338314 ) ) ;
#8627 = STYLED_ITEM ( 'NONE', ( #9589 ), #4147 ) ;
#8628 = CARTESIAN_POINT ( 'NONE',  ( -0.2042210899987577377, 0.8000000000000001554, -0.3463879504599413073 ) ) ;
#8629 = CARTESIAN_POINT ( 'NONE',  ( 0.7654145042166987656, 0.8100000000000001643, -0.1678814480715202229 ) ) ;
#8630 =( LENGTH_UNIT ( ) NAMED_UNIT ( * ) SI_UNIT ( .MILLI., .METRE. ) );
#8631 = SURFACE_STYLE_USAGE ( .BOTH. , #9511 ) ;
#8632 = ORIENTED_EDGE ( 'NONE', *, *, #6649, .F. ) ;
#8633 = DIRECTION ( 'NONE',  ( 0.0000000000000000000, 0.0000000000000000000, 1.000000000000000000 ) ) ;
#8634 = FACE_OUTER_BOUND ( 'NONE', #6645, .T. ) ;
#8635 = ORIENTED_EDGE ( 'NONE', *, *, #8982, .T. ) ;
#8636 = DIRECTION ( 'NONE',  ( 0.0000000000000000000, 0.0000000000000000000, 1.000000000000000000 ) ) ;
#8637 = DIRECTION ( 'NONE',  ( -0.0000000000000000000, -1.000000000000000000, -0.0000000000000000000 ) ) ;
#8638 = CARTESIAN_POINT ( 'NONE',  ( 1.144927590533938000, 0.8000000000000002665, -0.3461830992765348447 ) ) ;
#8639 = CARTESIAN_POINT ( 'NONE',  ( -0.1577748895614943525, 0.8100000000000001643, -0.2647261486837399480 ) ) ;
#8640 =( GEOMETRIC_REPRESENTATION_CONTEXT ( 3 ) GLOBAL_UNCERTAINTY_ASSIGNED_CONTEXT ( ( #4161 ) ) GLOBAL_UNIT_ASSIGNED_CONTEXT ( ( #719, #3889, #661 ) ) REPRESENTATION_CONTEXT ( 'NONE', 'WORKASPACE' ) );
#8641 = CARTESIAN_POINT ( 'NONE',  ( -0.1677107460816930073, 0.8100000000000000533, 0.2648219046847182789 ) ) ;
#8642 = DIRECTION ( 'NONE',  ( 1.000000000000000000, 0.0000000000000000000, 0.0000000000000000000 ) ) ;
#8643 = CARTESIAN_POINT ( 'NONE',  ( 0.7414669201178065716, 0.8100000000000001643, 0.03824852833896076609 ) ) ;
#8644 = CARTESIAN_POINT ( 'NONE',  ( -0.5279629731156409989, 0.8100000000000001643, 0.1756899716179807780 ) ) ;
#8645 = CARTESIAN_POINT ( 'NONE',  ( 1.152634989785251696, 0.8000000000000001554, -0.2761984016107592588 ) ) ;
#8646 =( GEOMETRIC_REPRESENTATION_CONTEXT ( 3 ) GLOBAL_UNCERTAINTY_ASSIGNED_CONTEXT ( ( #1713 ) ) GLOBAL_UNIT_ASSIGNED_CONTEXT ( ( #1266, #3001, #5238 ) ) REPRESENTATION_CONTEXT ( 'NONE', 'WORKASPACE' ) );
#8647 = VERTEX_POINT ( 'NONE', #2947 ) ;
#8648 = AXIS2_PLACEMENT_3D ( 'NONE', #2669, #2471, #8823 ) ;
#8649 = SURFACE_STYLE_FILL_AREA ( #3113 ) ;
#8650 = B_SPLINE_SURFACE_WITH_KNOTS ( 'NONE', 3, 1, ( 
 ( #1125, #2657 ),
 ( #8761, #4906 ),
 ( #4954, #220 ),
 ( #8044, #4229 ),
 ( #8864, #8004 ),
 ( #4133, #3433 ),
 ( #971, #2463 ),
 ( #6541, #7376 ),
 ( #4084, #3279 ),
 ( #7217, #328 ),
 ( #1690, #9596 ),
 ( #3482, #9698 ),
 ( #3336, #5721 ),
 ( #7270, #5567 ),
 ( #7170, #6596 ),
 ( #130, #6393 ),
 ( #9548, #6448 ),
 ( #8105, #2557 ),
 ( #1025, #5667 ) ),
 .UNSPECIFIED., .F., .F., .F.,
 ( 4, 1, 1, 1, 1, 1, 1, 1, 1, 1, 1, 1, 1, 1, 1, 1, 4 ),
 ( 2, 2 ),
 ( 0.0000000000000000000, 0.05804980772933921590, 0.1133158893875000905, 0.1675638359149650425, 0.2211445115033658926, 0.2745827087259842259, 0.3295505316163395704, 0.3848123021795484267, 0.4429482342250157245, 0.5031418890768718510, 0.5643598730162427968, 0.6280011847515517553, 0.6950159250723626503, 0.7646631069963485405, 0.8387685532096205154, 0.9171396849374433558, 1.000000000000000000 ),
 ( 0.0000000000000000000, 1.000000000000000000 ),
 .UNSPECIFIED. ) ;
#8651 =( NAMED_UNIT ( * ) SI_UNIT ( $, .STERADIAN. ) SOLID_ANGLE_UNIT ( ) );
#8652 = PRESENTATION_STYLE_ASSIGNMENT (( #7153 ) ) ;
#8653 = SURFACE_STYLE_FILL_AREA ( #4018 ) ;
#8654 = CARTESIAN_POINT ( 'NONE',  ( -0.7622920498210256079, 0.8100000000000002753, -0.2812719115885145005 ) ) ;
#8655 = CARTESIAN_POINT ( 'NONE',  ( 1.183525839338007923, 0.8000000000000001554, 0.1984287976153097099 ) ) ;
#8656 = PRESENTATION_LAYER_ASSIGNMENT (  '', '', ( #6671 ) ) ;
#8657 = CARTESIAN_POINT ( 'NONE',  ( -0.8683206072219070704, 0.8000000000000001554, -0.1818803336141376625 ) ) ;
#8658 = FILL_AREA_STYLE ('',( #1631 ) ) ;
#8659 = LINE ( 'NONE', #4521, #7766 ) ;
#8660 = DIRECTION ( 'NONE',  ( 0.0000000000000000000, 0.0000000000000000000, -1.000000000000000000 ) ) ;
#8661 = VERTEX_POINT ( 'NONE', #6929 ) ;
#8662 = SURFACE_STYLE_FILL_AREA ( #3922 ) ;
#8663 = STYLED_ITEM ( 'NONE', ( #8037 ), #6414 ) ;
#8664 = CARTESIAN_POINT ( 'NONE',  ( 0.6917269607441336454, 0.8100000000000002753, -0.005188983690432373910 ) ) ;
#8665 =( GEOMETRIC_REPRESENTATION_CONTEXT ( 3 ) GLOBAL_UNCERTAINTY_ASSIGNED_CONTEXT ( ( #3245 ) ) GLOBAL_UNIT_ASSIGNED_CONTEXT ( ( #2791, #5753, #5137 ) ) REPRESENTATION_CONTEXT ( 'NONE', 'WORKASPACE' ) );
#8666 = CARTESIAN_POINT ( 'NONE',  ( -1.252515783770460356, 0.8000000000000002665, -0.1737337831281456357 ) ) ;
#8667 = PLANE ( 'NONE',  #7950 ) ;
#8668 = CARTESIAN_POINT ( 'NONE',  ( -0.6988524890126492917, 0.8000000000000002665, -0.2030442688890864156 ) ) ;
#8669 = CARTESIAN_POINT ( 'NONE',  ( 0.8668422216895534937, 0.8000000000000001554, 0.2614042573322663543 ) ) ;
#8670 = DIRECTION ( 'NONE',  ( -0.0000000000000000000, -1.000000000000000000, -0.0000000000000000000 ) ) ;
#8671 = MECHANICAL_DESIGN_GEOMETRIC_PRESENTATION_REPRESENTATION (  '', ( #9659 ), #4063 ) ;
#8672 = SURFACE_STYLE_FILL_AREA ( #6289 ) ;
#8673 = ORIENTED_EDGE ( 'NONE', *, *, #9622, .T. ) ;
#8674 = CARTESIAN_POINT ( 'NONE',  ( -1.690000000000001057, 0.6800000000000000488, 1.240000000000000435 ) ) ;
#8675 = EDGE_LOOP ( 'NONE', ( #1444, #332, #1769, #6765 ) ) ;
#8676 = CARTESIAN_POINT ( 'NONE',  ( -1.215821219225363459, 0.8100000000000004974, 0.1553185206644947525 ) ) ;
#8677 = CARTESIAN_POINT ( 'NONE',  ( -0.8578999523347894396, 0.8000000000000000444, 0.1426182430721538996 ) ) ;
#8678 = EDGE_CURVE ( 'NONE', #4192, #4996, #6168, .T. ) ;
#8679 = COLOUR_RGB ( '',0.09803921568627450844, 0.09803921568627450844, 0.09803921568627450844 ) ;
#8680 = SURFACE_SIDE_STYLE ('',( #87 ) ) ;
#8681 = FACE_OUTER_BOUND ( 'NONE', #3772, .T. ) ;
#8682 = CARTESIAN_POINT ( 'NONE',  ( 0.6026199043418265511, 0.8100000000000003864, -0.001900569303893620944 ) ) ;
#8683 = CARTESIAN_POINT ( 'NONE',  ( -1.690000000000001057, 0.7000000000000000666, 0.9400000000000005018 ) ) ;
#8684 = CARTESIAN_POINT ( 'NONE',  ( 0.7621772843250707030, 0.8100000000000000533, -0.1439633992269067353 ) ) ;
#8685 =( NAMED_UNIT ( * ) PLANE_ANGLE_UNIT ( ) SI_UNIT ( $, .RADIAN. ) );
#8686 = CARTESIAN_POINT ( 'NONE',  ( 0.9552999482041136803, 0.8000000000000002665, 0.1457032507546791311 ) ) ;
#8687 = ORIENTED_EDGE ( 'NONE', *, *, #4368, .F. ) ;
#8688 = SURFACE_SIDE_STYLE ('',( #2625 ) ) ;
#8689 = AXIS2_PLACEMENT_3D ( 'NONE', #5560, #3220, #6330 ) ;
#8690 = EDGE_LOOP ( 'NONE', ( #4042, #6972, #2519, #7064 ) ) ;
#8691 = EDGE_CURVE ( 'NONE', #6603, #4771, #1490, .T. ) ;
#8692 = UNCERTAINTY_MEASURE_WITH_UNIT (LENGTH_MEASURE( 1.000000000000000082E-05 ), #4949, 'distance_accuracy_value', 'NONE');
#8693 = CARTESIAN_POINT ( 'NONE',  ( -0.2739525192568921796, 0.7999999999999999334, -0.3272312879514737705 ) ) ;
#8694 = LINE ( 'NONE', #2439, #6255 ) ;
#8695 = CARTESIAN_POINT ( 'NONE',  ( -0.1086248185274247408, 0.8100000000000002753, -0.1047810790333545128 ) ) ;
#8696 =( LENGTH_UNIT ( ) NAMED_UNIT ( * ) SI_UNIT ( .MILLI., .METRE. ) );
#8697 = CARTESIAN_POINT ( 'NONE',  ( -0.07174682735057068272, 0.8000000000000003775, -0.2385620643775049898 ) ) ;
#8698 = CARTESIAN_POINT ( 'NONE',  ( -0.3203022227111271270, 0.8100000000000001643, 0.1997994325227884505 ) ) ;
#8699 = COLOUR_RGB ( '',1.000000000000000000, 0.8078431372549019773, 0.4980392156862745168 ) ;
#8700 = STYLED_ITEM ( 'NONE', ( #1851 ), #7661 ) ;
#8701 = EDGE_LOOP ( 'NONE', ( #2011, #8571, #6816, #1147, #584, #4693 ) ) ;
#8702 = UNCERTAINTY_MEASURE_WITH_UNIT (LENGTH_MEASURE( 1.000000000000000082E-05 ), #9954, 'distance_accuracy_value', 'NONE');
#8703 = SURFACE_STYLE_FILL_AREA ( #8600 ) ;
#8704 = STYLED_ITEM ( 'NONE', ( #5758 ), #181 ) ;
#8705 = CARTESIAN_POINT ( 'NONE',  ( 1.063093273430145258, 0.8000000000000001554, -0.3272019010111501536 ) ) ;
#8706 = FACE_OUTER_BOUND ( 'NONE', #6122, .T. ) ;
#8707 = AXIS2_PLACEMENT_3D ( 'NONE', #2134, #9709, #444 ) ;
#8708 = CARTESIAN_POINT ( 'NONE',  ( 1.310998065845397464, 0.8000000000000002665, 0.1377029586309676257 ) ) ;
#8709 = CARTESIAN_POINT ( 'NONE',  ( -1.700000000000001954, 0.05000000000000000278, -1.149999999999998357 ) ) ;
#8710 = SURFACE_SIDE_STYLE ('',( #1882 ) ) ;
#8711 = CARTESIAN_POINT ( 'NONE',  ( -1.319769402642289702, 0.8100000000000004974, 0.2275001360886401147 ) ) ;
#8712 = LINE ( 'NONE', #4025, #6271 ) ;
#8713 = ORIENTED_EDGE ( 'NONE', *, *, #8547, .T. ) ;
#8714 = VERTEX_POINT ( 'NONE', #7662 ) ;
#8715 = COLOUR_RGB ( '',0.09803921568627450844, 0.09803921568627450844, 0.09803921568627450844 ) ;
#8716 = FACE_OUTER_BOUND ( 'NONE', #6118, .T. ) ;
#8717 =( LENGTH_UNIT ( ) NAMED_UNIT ( * ) SI_UNIT ( .MILLI., .METRE. ) );
#8718 = EDGE_CURVE ( 'NONE', #8766, #8533, #9888, .T. ) ;
#8719 = COLOUR_RGB ( '',0.09803921568627450844, 0.09803921568627450844, 0.09803921568627450844 ) ;
#8720 = MECHANICAL_DESIGN_GEOMETRIC_PRESENTATION_REPRESENTATION (  '', ( #2983 ), #9218 ) ;
#8721 =( NAMED_UNIT ( * ) PLANE_ANGLE_UNIT ( ) SI_UNIT ( $, .RADIAN. ) );
#8722 = FACE_OUTER_BOUND ( 'NONE', #1961, .T. ) ;
#8723 = EDGE_LOOP ( 'NONE', ( #5531, #3676, #9447, #9353 ) ) ;
#8724 = ORIENTED_EDGE ( 'NONE', *, *, #10047, .T. ) ;
#8725 = FILL_AREA_STYLE ('',( #3287 ) ) ;
#8726 = PRESENTATION_LAYER_ASSIGNMENT (  '', '', ( #2994 ) ) ;
#8727 = AXIS2_PLACEMENT_3D ( 'NONE', #6959, #6198, #7910 ) ;
#8728 = VECTOR ( 'NONE', #3858, 1000.000000000000000 ) ;
#8729 = DIRECTION ( 'NONE',  ( -1.748713181428233054E-16, 0.0000000000000000000, -1.000000000000000000 ) ) ;
#8730 = LINE ( 'NONE', #1704, #9895 ) ;
#8731 = CARTESIAN_POINT ( 'NONE',  ( -1.217508464779416544, 0.8100000000000000533, -0.3354506104212242046 ) ) ;
#8732 = EDGE_CURVE ( 'NONE', #6209, #9078, #3325, .T. ) ;
#8733 = CARTESIAN_POINT ( 'NONE',  ( -0.2031253107779785461, 0.8100000000000001643, 0.2068588027868118739 ) ) ;
#8734 =( NAMED_UNIT ( * ) PLANE_ANGLE_UNIT ( ) SI_UNIT ( $, .RADIAN. ) );
#8735 = CARTESIAN_POINT ( 'NONE',  ( 0.9764066220733336188, 0.8099999999999998312, -0.01017772008526617381 ) ) ;
#8736 = CARTESIAN_POINT ( 'NONE',  ( 1.037200817985892254, 0.8100000000000002753, 0.2335554400722967550 ) ) ;
#8737 = ORIENTED_EDGE ( 'NONE', *, *, #3451, .T. ) ;
#8738 = PLANE ( 'NONE',  #7377 ) ;
#8739 = EDGE_CURVE ( 'NONE', #7592, #84, #9413, .T. ) ;
#8740 = PRESENTATION_LAYER_ASSIGNMENT (  '', '', ( #8243 ) ) ;
#8741 = EDGE_CURVE ( 'NONE', #7777, #4588, #8694, .T. ) ;
#8742 = VERTEX_POINT ( 'NONE', #3310 ) ;
#8743 = CARTESIAN_POINT ( 'NONE',  ( -0.2042210899987577377, 0.8100000000000001643, -0.3463879504599413073 ) ) ;
#8744 = SURFACE_STYLE_FILL_AREA ( #3248 ) ;
#8745 = CARTESIAN_POINT ( 'NONE',  ( -0.1176187575366531707, 0.8100000000000004974, -0.1829673941784973890 ) ) ;
#8746 = EDGE_CURVE ( 'NONE', #2623, #227, #618, .T. ) ;
#8747 = CARTESIAN_POINT ( 'NONE',  ( -0.04513457664301288863, 0.7999999999999997113, -0.002531280794609273681 ) ) ;
#8748 =( NAMED_UNIT ( * ) SI_UNIT ( $, .STERADIAN. ) SOLID_ANGLE_UNIT ( ) );
#8749 = EDGE_CURVE ( 'NONE', #6575, #9916, #101, .T. ) ;
#8750 = EDGE_LOOP ( 'NONE', ( #1850, #7933, #3903, #348 ) ) ;
#8751 =( LENGTH_UNIT ( ) NAMED_UNIT ( * ) SI_UNIT ( .MILLI., .METRE. ) );
#8752 = CARTESIAN_POINT ( 'NONE',  ( 0.7604255151962953097, 0.8000000000000001554, -0.03387163068262751681 ) ) ;
#8753 = EDGE_CURVE ( 'NONE', #8766, #6997, #7138, .T. ) ;
#8754 = CARTESIAN_POINT ( 'NONE',  ( -1.970000000000000862, 0.7000000000000000666, 0.9400000000000005018 ) ) ;
#8755 = ORIENTED_EDGE ( 'NONE', *, *, #9419, .F. ) ;
#8756 = CARTESIAN_POINT ( 'NONE',  ( 1.800000000000000266, 0.7200000000000001954, 1.099999999999999867 ) ) ;
#8757 = FACE_OUTER_BOUND ( 'NONE', #2039, .T. ) ;
#8758 = CARTESIAN_POINT ( 'NONE',  ( -0.7418790895204897540, 0.8100000000000001643, 0.1943476029815419670 ) ) ;
#8759 = CARTESIAN_POINT ( 'NONE',  ( -1.226272414873336380, 0.8100000000000001643, 0.1703338083589631680 ) ) ;
#8760 = FACE_OUTER_BOUND ( 'NONE', #3689, .T. ) ;
#8761 = CARTESIAN_POINT ( 'NONE',  ( -1.160966517191227343, 0.8100000000000002753, -0.2839786991931803617 ) ) ;
#8762 = AXIS2_PLACEMENT_3D ( 'NONE', #7742, #1692, #2412 ) ;
#8763 = LINE ( 'NONE', #7322, #2492 ) ;
#8764 = CARTESIAN_POINT ( 'NONE',  ( 0.8166320199283931824, 0.8100000000000007194, -0.2444883059245302470 ) ) ;
#8765 = CARTESIAN_POINT ( 'NONE',  ( 0.7790581307804623767, 0.8100000000000001643, 0.09740263395564298377 ) ) ;
#8766 = VERTEX_POINT ( 'NONE', #889 ) ;
#8767 = CARTESIAN_POINT ( 'NONE',  ( -1.157549012076679817, 0.8000000000000001554, -0.2840502881222787268 ) ) ;
#8768 = EDGE_LOOP ( 'NONE', ( #6174, #7451, #10104, #4964 ) ) ;
#8769 =( LENGTH_UNIT ( ) NAMED_UNIT ( * ) SI_UNIT ( .MILLI., .METRE. ) );
#8770 = ADVANCED_FACE ( 'NONE', ( #3151 ), #2370, .T. ) ;
#8771 = VERTEX_POINT ( 'NONE', #6471 ) ;
#8772 = CARTESIAN_POINT ( 'NONE',  ( -0.7115491127141063687, 0.8000000000000004885, 0.2499457095371511450 ) ) ;
#8773 = COLOUR_RGB ( '',0.09803921568627450844, 0.09803921568627450844, 0.09803921568627450844 ) ;
#8774 = DIRECTION ( 'NONE',  ( -1.000000000000000000, 0.0000000000000000000, -4.336808689942043768E-15 ) ) ;
#8775 = CARTESIAN_POINT ( 'NONE',  ( -1.025728457475981514, 0.8100000000000000533, -0.08022382599913210899 ) ) ;
#8776 = CARTESIAN_POINT ( 'NONE',  ( -0.1873270309697706026, 0.8100000000000001643, -0.3458988213405396750 ) ) ;
#8777 = CARTESIAN_POINT ( 'NONE',  ( 0.7267042346765665295, 0.8000000000000001554, 0.1330763352543444522 ) ) ;
#8778 = CARTESIAN_POINT ( 'NONE',  ( 0.7031133140398125869, 0.8000000000000000444, -0.2623369835807705663 ) ) ;
#8779 = CARTESIAN_POINT ( 'NONE',  ( 0.9467465098882218433, 0.8000000000000001554, 0.1290100557762437206 ) ) ;
#8780 =( GEOMETRIC_REPRESENTATION_CONTEXT ( 3 ) GLOBAL_UNCERTAINTY_ASSIGNED_CONTEXT ( ( #8376 ) ) GLOBAL_UNIT_ASSIGNED_CONTEXT ( ( #3850, #9347, #7703 ) ) REPRESENTATION_CONTEXT ( 'NONE', 'WORKASPACE' ) );
#8781 = ORIENTED_EDGE ( 'NONE', *, *, #385, .T. ) ;
#8782 = SURFACE_STYLE_USAGE ( .BOTH. , #8688 ) ;
#8783 = EDGE_CURVE ( 'NONE', #1329, #9281, #7349, .T. ) ;
#8784 = UNCERTAINTY_MEASURE_WITH_UNIT (LENGTH_MEASURE( 1.000000000000000082E-05 ), #1885, 'distance_accuracy_value', 'NONE');
#8785 = COLOUR_RGB ( '',1.000000000000000000, 0.9490196078431372140, 0.9098039215686274384 ) ;
#8786 = CARTESIAN_POINT ( 'NONE',  ( -1.700000000000001732, 0.6000000000000000888, 1.249999999999998668 ) ) ;
#8787 = SURFACE_STYLE_FILL_AREA ( #8839 ) ;
#8788 = CARTESIAN_POINT ( 'NONE',  ( -0.3488933262104507160, 0.8099999999999999423, -0.1987699973880089344 ) ) ;
#8789 = CARTESIAN_POINT ( 'NONE',  ( -1.231069746059653580, 0.8100000000000003864, -0.3291559055244503429 ) ) ;
#8790 = CARTESIAN_POINT ( 'NONE',  ( 2.000000000000000000, 0.6000000000000000888, 1.249999999999997780 ) ) ;
#8791 = CARTESIAN_POINT ( 'NONE',  ( -0.04496730426895909072, 0.8000000000000002665, -0.05191086813422765567 ) ) ;
#8792 = VECTOR ( 'NONE', #5706, 1000.000000000000000 ) ;
#8793 = CARTESIAN_POINT ( 'NONE',  ( -0.7872339524727940407, 0.8100000000000001643, -0.3461633348896593354 ) ) ;
#8794 = DIRECTION ( 'NONE',  ( -2.710505431213766508E-16, -0.0000000000000000000, -1.000000000000000000 ) ) ;
#8795 = CIRCLE ( 'NONE', #5663, 0.02000000000000005246 ) ;
#8796 = EDGE_LOOP ( 'NONE', ( #37, #7311, #1477, #10058, #7533, #4710 ) ) ;
#8797 = UNCERTAINTY_MEASURE_WITH_UNIT (LENGTH_MEASURE( 1.000000000000000082E-05 ), #2561, 'distance_accuracy_value', 'NONE');
#8798 = DIRECTION ( 'NONE',  ( 0.0000000000000000000, 0.0000000000000000000, 1.000000000000000000 ) ) ;
#8799 = VECTOR ( 'NONE', #3955, 1000.000000000000000 ) ;
#8800 = SURFACE_STYLE_USAGE ( .BOTH. , #3320 ) ;
#8801 = EDGE_CURVE ( 'NONE', #2505, #2826, #5028, .T. ) ;
#8802 = PRESENTATION_STYLE_ASSIGNMENT (( #3169 ) ) ;
#8803 = B_SPLINE_CURVE_WITH_KNOTS ( 'NONE', 3,
 ( #1314, #514, #6761, #2882, #8369, #6864, #10024, #7126, #7757, #3094, #726, #3300, #142, #9346, #6202 ),
 .UNSPECIFIED., .F., .F.,
 ( 4, 1, 1, 1, 1, 1, 1, 1, 1, 1, 1, 1, 4 ),
 ( 0.0000000000000000000, 0.1227371742114029690, 0.2300214414617049730, 0.3227434440745416411, 0.4026375132451765482, 0.4747199933194359289, 0.5458043293954714104, 0.6170739903781965463, 0.6906895413349627422, 0.7648407015843753376, 0.8405411235718838192, 0.9183072761026400688, 1.000000000000000000 ),
 .UNSPECIFIED. ) ;
#8804 = SURFACE_STYLE_FILL_AREA ( #6326 ) ;
#8805 = CARTESIAN_POINT ( 'NONE',  ( 0.6671782880154635276, 0.8100000000000002753, -0.3385037726533262070 ) ) ;
#8806 =( NAMED_UNIT ( * ) PLANE_ANGLE_UNIT ( ) SI_UNIT ( $, .RADIAN. ) );
#8807 = B_SPLINE_CURVE_WITH_KNOTS ( 'NONE', 3,
 ( #9004, #8188, #6776, #418, #8239, #1981, #9113, #2078, #9890, #2852, #9939, #5806, #5969, #5093, #3556, #2892, #1931, #7365, #3601 ),
 .UNSPECIFIED., .F., .F.,
 ( 4, 1, 1, 1, 1, 1, 1, 1, 1, 1, 1, 1, 1, 1, 1, 1, 4 ),
 ( 0.0000000000000000000, 0.1206675161426108006, 0.2309294132593920357, 0.3309228483128897613, 0.4207704713085047010, 0.5010777902696152974, 0.5717006200233739621, 0.6331727153130469743, 0.6858414944559069193, 0.7330485117757722380, 0.7767032029398724946, 0.8172975603403951350, 0.8554421780553921328, 0.8920848149530554716, 0.9277934961332929831, 0.9634652945205791630, 1.000000000000000000 ),
 .UNSPECIFIED. ) ;
#8808 = ORIENTED_EDGE ( 'NONE', *, *, #2285, .T. ) ;
#8809 = EDGE_CURVE ( 'NONE', #9022, #3144, #7251, .T. ) ;
#8810 = CARTESIAN_POINT ( 'NONE',  ( -0.7108345415387581356, 0.8100000000000000533, 0.1560891153966556255 ) ) ;
#8811 = AXIS2_PLACEMENT_3D ( 'NONE', #8790, #3365, #52 ) ;
#8812 = DIRECTION ( 'NONE',  ( 1.000000000000000000, -0.0000000000000000000, -2.168404344971012812E-15 ) ) ;
#8813 = CARTESIAN_POINT ( 'NONE',  ( -0.3019889471416148941, 0.7999999999999999334, -0.03859574266773356521 ) ) ;
#8814 =( LENGTH_UNIT ( ) NAMED_UNIT ( * ) SI_UNIT ( .MILLI., .METRE. ) );
#8815 = FACE_OUTER_BOUND ( 'NONE', #9093, .T. ) ;
#8816 =( LENGTH_UNIT ( ) NAMED_UNIT ( * ) SI_UNIT ( .MILLI., .METRE. ) );
#8817 = CARTESIAN_POINT ( 'NONE',  ( -0.8307241127872594388, 0.8100000000000001643, 0.2597191794654070129 ) ) ;
#8818 = CARTESIAN_POINT ( 'NONE',  ( 1.989999999999999103, 0.7000000000000000666, 1.240000000000000435 ) ) ;
#8819 = SURFACE_SIDE_STYLE ('',( #8672 ) ) ;
#8820 = CARTESIAN_POINT ( 'NONE',  ( -0.9350152742861419508, 0.8000000000000001554, 0.07360529725343023522 ) ) ;
#8821 = EDGE_LOOP ( 'NONE', ( #7263, #3651, #7343, #6052 ) ) ;
#8822 = VERTEX_POINT ( 'NONE', #3363 ) ;
#8823 = DIRECTION ( 'NONE',  ( 0.0000000000000000000, 0.0000000000000000000, -1.000000000000000000 ) ) ;
#8824 = VERTEX_POINT ( 'NONE', #1051 ) ;
#8825 = CARTESIAN_POINT ( 'NONE',  ( -0.6214694666221345365, 0.8100000000000001643, -0.03835223617422683917 ) ) ;
#8826 = DIRECTION ( 'NONE',  ( -0.0000000000000000000, -1.000000000000000000, -0.0000000000000000000 ) ) ;
#8827 = CARTESIAN_POINT ( 'NONE',  ( 1.800000000000000933, 0.6000000000000000888, -1.249999999999996447 ) ) ;
#8828 =( GEOMETRIC_REPRESENTATION_CONTEXT ( 3 ) GLOBAL_UNCERTAINTY_ASSIGNED_CONTEXT ( ( #7242 ) ) GLOBAL_UNIT_ASSIGNED_CONTEXT ( ( #6073, #1421, #6476 ) ) REPRESENTATION_CONTEXT ( 'NONE', 'WORKASPACE' ) );
#8829 = SURFACE_STYLE_USAGE ( .BOTH. , #2006 ) ;
#8830 = PRESENTATION_LAYER_ASSIGNMENT (  '', '', ( #6041 ) ) ;
#8831 = CARTESIAN_POINT ( 'NONE',  ( -0.1138387279643652689, 0.8100000000000001643, 0.08164627790778961058 ) ) ;
#8832 = SURFACE_STYLE_USAGE ( .BOTH. , #7448 ) ;
#8833 = FILL_AREA_STYLE ('',( #188 ) ) ;
#8834 = ORIENTED_EDGE ( 'NONE', *, *, #1629, .F. ) ;
#8835 =( NAMED_UNIT ( * ) PLANE_ANGLE_UNIT ( ) SI_UNIT ( $, .RADIAN. ) );
#8836 = ORIENTED_EDGE ( 'NONE', *, *, #4268, .T. ) ;
#8837 = STYLED_ITEM ( 'NONE', ( #2010 ), #6914 ) ;
#8838 = CARTESIAN_POINT ( 'NONE',  ( -1.180359550101369948, 0.8000000000000000444, 0.01861455705231504845 ) ) ;
#8839 = FILL_AREA_STYLE ('',( #196 ) ) ;
#8840 = CARTESIAN_POINT ( 'NONE',  ( -1.900000000000001688, 0.05000000000000000278, 0.9499999999999996225 ) ) ;
#8841 = CARTESIAN_POINT ( 'NONE',  ( -0.4656253107779786404, 0.8000000000000001554, 0.1756899716179807780 ) ) ;
#8842 = CARTESIAN_POINT ( 'NONE',  ( -0.1493750531785765501, 0.8100000000000002753, -0.2562567862401695651 ) ) ;
#8843 = CARTESIAN_POINT ( 'NONE',  ( -0.06705338554483704361, 0.8000000000000003775, 0.1466102923213734310 ) ) ;
#8844 = CARTESIAN_POINT ( 'NONE',  ( -0.6399907248941266724, 0.7999999999999999334, -0.2121586914474248020 ) ) ;
#8845 = CARTESIAN_POINT ( 'NONE',  ( -0.08982470329695672884, 0.8000000000000001554, -0.2762953058248670546 ) ) ;
#8846 =( GEOMETRIC_REPRESENTATION_CONTEXT ( 3 ) GLOBAL_UNCERTAINTY_ASSIGNED_CONTEXT ( ( #1519 ) ) GLOBAL_UNIT_ASSIGNED_CONTEXT ( ( #5658, #2597, #2845 ) ) REPRESENTATION_CONTEXT ( 'NONE', 'WORKASPACE' ) );
#8847 = CARTESIAN_POINT ( 'NONE',  ( -0.7997567156299960622, 0.8000000000000000444, -0.3457231104876023475 ) ) ;
#8848 = LINE ( 'NONE', #6428, #2685 ) ;
#8849 = EDGE_LOOP ( 'NONE', ( #2598, #4871, #8737, #1318 ) ) ;
#8850 = CARTESIAN_POINT ( 'NONE',  ( -0.7815749861026538570, 0.8100000000000001643, 0.2691964651244743711 ) ) ;
#8851 = CARTESIAN_POINT ( 'NONE',  ( 0.7342604685838813872, 0.8000000000000002665, -0.02017343985562472866 ) ) ;
#8852 = CARTESIAN_POINT ( 'NONE',  ( -0.2816470877613065915, 0.8100000000000000533, -0.2190615026646614560 ) ) ;
#8853 = PLANE ( 'NONE',  #9531 ) ;
#8854 =( NAMED_UNIT ( * ) PLANE_ANGLE_UNIT ( ) SI_UNIT ( $, .RADIAN. ) );
#8855 = CARTESIAN_POINT ( 'NONE',  ( -0.8771754089246641684, 0.8000000000000000444, -0.1041327010836543970 ) ) ;
#8856 = PRESENTATION_LAYER_ASSIGNMENT (  '', '', ( #10173 ) ) ;
#8857 = ORIENTED_EDGE ( 'NONE', *, *, #759, .T. ) ;
#8858 = EDGE_CURVE ( 'NONE', #2340, #5440, #8176, .T. ) ;
#8859 = ADVANCED_FACE ( 'NONE', ( #1965 ), #3546, .T. ) ;
#8860 = ORIENTED_EDGE ( 'NONE', *, *, #49, .T. ) ;
#8861 = CARTESIAN_POINT ( 'NONE',  ( -0.6841264492185690216, 0.8100000000000000533, -0.004860814952736920366 ) ) ;
#8862 = COLOUR_RGB ( '',0.09803921568627450844, 0.09803921568627450844, 0.09803921568627450844 ) ;
#8863 = PRESENTATION_STYLE_ASSIGNMENT (( #9745 ) ) ;
#8864 = CARTESIAN_POINT ( 'NONE',  ( -1.186680192410700441, 0.8100000000000003864, -0.2797769967080833697 ) ) ;
#8865 = LINE ( 'NONE', #2606, #4824 ) ;
#8866 = ADVANCED_FACE ( 'NONE', ( #8989 ), #3806, .F. ) ;
#8867 = CARTESIAN_POINT ( 'NONE',  ( -0.7815749861026538570, 0.8100000000000001643, 0.2691964651244743711 ) ) ;
#8868 = CARTESIAN_POINT ( 'NONE',  ( 0.7339046369363559918, 0.8099999999999999423, -0.3292652807807144866 ) ) ;
#8869 = CARTESIAN_POINT ( 'NONE',  ( -1.075612652485838483, 0.8000000000000002665, -0.3266328943915817185 ) ) ;
#8870 = CARTESIAN_POINT ( 'NONE',  ( -0.8782875110824873710, 0.8100000000000002753, -0.07232998743971584543 ) ) ;
#8871 = EDGE_LOOP ( 'NONE', ( #7281, #10016, #2165, #949 ) ) ;
#8872 = VECTOR ( 'NONE', #9125, 1000.000000000000000 ) ;
#8873 = SURFACE_SIDE_STYLE ('',( #334 ) ) ;
#8874 = ORIENTED_EDGE ( 'NONE', *, *, #9818, .F. ) ;
#8875 = ORIENTED_EDGE ( 'NONE', *, *, #8801, .T. ) ;
#8876 = DIRECTION ( 'NONE',  ( -0.0000000000000000000, -1.000000000000000000, -0.0000000000000000000 ) ) ;
#8877 = CARTESIAN_POINT ( 'NONE',  ( -0.6874130992615039570, 0.8100000000000000533, 0.05577849536350043547 ) ) ;
#8878 = APPLICATION_PROTOCOL_DEFINITION ( 'draft international standard', 'automotive_design', 1998, #2800 ) ;
#8879 = CARTESIAN_POINT ( 'NONE',  ( -0.3019889471416149496, 0.8100000000000002753, -0.03859574266773357215 ) ) ;
#8880 = VECTOR ( 'NONE', #3669, 1000.000000000000000 ) ;
#8881 = VECTOR ( 'NONE', #668, 999.9999999999998863 ) ;
#8882 = AXIS2_PLACEMENT_3D ( 'NONE', #1115, #6585, #9740 ) ;
#8883 = CARTESIAN_POINT ( 'NONE',  ( -1.040992906325963974, 0.8100000000000002753, -0.05249149452287540929 ) ) ;
#8884 = CARTESIAN_POINT ( 'NONE',  ( 1.188944923959164734, 0.8000000000000000444, -0.3458281715700081693 ) ) ;
#8885 =( LENGTH_UNIT ( ) NAMED_UNIT ( * ) SI_UNIT ( .MILLI., .METRE. ) );
#8886 = CARTESIAN_POINT ( 'NONE',  ( -0.2106105758494173086, 0.8100000000000000533, -0.3461633348896595019 ) ) ;
#8887 = ORIENTED_EDGE ( 'NONE', *, *, #1600, .F. ) ;
#8888 = CARTESIAN_POINT ( 'NONE',  ( 0.8668422216895534937, 0.8100000000000001643, 0.2614042573322663543 ) ) ;
#8889 =( GEOMETRIC_REPRESENTATION_CONTEXT ( 3 ) GLOBAL_UNCERTAINTY_ASSIGNED_CONTEXT ( ( #6430 ) ) GLOBAL_UNIT_ASSIGNED_CONTEXT ( ( #4865, #1802, #4048 ) ) REPRESENTATION_CONTEXT ( 'NONE', 'WORKASPACE' ) );
#8890 = MECHANICAL_DESIGN_GEOMETRIC_PRESENTATION_REPRESENTATION (  '', ( #2994 ), #2335 ) ;
#8891 =( GEOMETRIC_REPRESENTATION_CONTEXT ( 3 ) GLOBAL_UNCERTAINTY_ASSIGNED_CONTEXT ( ( #4171 ) ) GLOBAL_UNIT_ASSIGNED_CONTEXT ( ( #5075, #7697, #8522 ) ) REPRESENTATION_CONTEXT ( 'NONE', 'WORKASPACE' ) );
#8892 = VECTOR ( 'NONE', #305, 1000.000000000000000 ) ;
#8893 = SURFACE_SIDE_STYLE ('',( #6660 ) ) ;
#8894 = DIRECTION ( 'NONE',  ( -0.0000000000000000000, -1.000000000000000000, 0.0000000000000000000 ) ) ;
#8895 = CARTESIAN_POINT ( 'NONE',  ( -1.317155402649199170, 0.8100000000000001643, 0.2155125956829111733 ) ) ;
#8896 = PRESENTATION_LAYER_ASSIGNMENT (  '', '', ( #3162 ) ) ;
#8897 = CARTESIAN_POINT ( 'NONE',  ( -0.4656253107779786404, 0.8100000000000001643, 0.2614042573322664653 ) ) ;
#8898 = VERTEX_POINT ( 'NONE', #2835 ) ;
#8899 = UNCERTAINTY_MEASURE_WITH_UNIT (LENGTH_MEASURE( 1.000000000000000082E-05 ), #1777, 'distance_accuracy_value', 'NONE');
#8900 = EDGE_CURVE ( 'NONE', #2292, #5276, #2066, .T. ) ;
#8901 = COLOUR_RGB ( '',0.09803921568627450844, 0.09803921568627450844, 0.09803921568627450844 ) ;
#8902 = B_SPLINE_SURFACE_WITH_KNOTS ( 'NONE', 3, 1, ( 
 ( #6965, #1458 ),
 ( #1365, #9204 ),
 ( #4665, #617 ),
 ( #4456, #6762 ),
 ( #5434, #7599 ),
 ( #7808, #9924 ),
 ( #6062, #6005 ),
 ( #3755, #6865 ),
 ( #10025, #2991 ),
 ( #6116, #2223 ),
 ( #4558, #6919 ) ),
 .UNSPECIFIED., .F., .F., .F.,
 ( 4, 1, 1, 1, 1, 1, 1, 1, 4 ),
 ( 2, 2 ),
 ( 0.0000000000000000000, 0.09322199291302805946, 0.1938649693116593631, 0.3031733266023045048, 0.4219751466596721734, 0.5505186320220890606, 0.6892477464602378978, 0.8389663890178445937, 1.000000000000000000 ),
 ( 0.0000000000000000000, 1.000000000000000000 ),
 .UNSPECIFIED. ) ;
#8903 = CARTESIAN_POINT ( 'NONE',  ( 0.7196453853598345773, 0.8000000000000000444, -0.01481749818560269827 ) ) ;
#8904 = PRESENTATION_STYLE_ASSIGNMENT (( #371 ) ) ;
#8905 = SURFACE_SIDE_STYLE ('',( #2452 ) ) ;
#8906 = PRESENTATION_LAYER_ASSIGNMENT (  '', '', ( #3015 ) ) ;
#8907 = FILL_AREA_STYLE ('',( #9538 ) ) ;
#8908 = CARTESIAN_POINT ( 'NONE',  ( 1.297565285884650255, 0.8000000000000004885, 0.1502983916697806510 ) ) ;
#8909 = ORIENTED_EDGE ( 'NONE', *, *, #4071, .T. ) ;
#8910 = ORIENTED_EDGE ( 'NONE', *, *, #5092, .F. ) ;
#8911 = CARTESIAN_POINT ( 'NONE',  ( -1.899999999999999911, 0.05000000000000000278, 0.3500000000000004219 ) ) ;
#8912 =( GEOMETRIC_REPRESENTATION_CONTEXT ( 3 ) GLOBAL_UNCERTAINTY_ASSIGNED_CONTEXT ( ( #1215 ) ) GLOBAL_UNIT_ASSIGNED_CONTEXT ( ( #7625, #595, #5208 ) ) REPRESENTATION_CONTEXT ( 'NONE', 'WORKASPACE' ) );
#8913 = EDGE_CURVE ( 'NONE', #7546, #3475, #6916, .T. ) ;
#8914 = CARTESIAN_POINT ( 'NONE',  ( -0.2869403270993012844, 0.8100000000000001643, 0.1256072252334960171 ) ) ;
#8915 = DIRECTION ( 'NONE',  ( -0.0000000000000000000, -1.000000000000000000, -0.0000000000000000000 ) ) ;
#8916 = SURFACE_STYLE_USAGE ( .BOTH. , #1740 ) ;
#8917 =( NAMED_UNIT ( * ) PLANE_ANGLE_UNIT ( ) SI_UNIT ( $, .RADIAN. ) );
#8918 = CARTESIAN_POINT ( 'NONE',  ( 0.8231809123873484735, 0.7999999999999997113, -0.2221221352736827692 ) ) ;
#8919 = CARTESIAN_POINT ( 'NONE',  ( -0.7476931185300802474, 0.8100000000000002753, -0.3426888959405314794 ) ) ;
#8920 = COLOUR_RGB ( '',1.000000000000000000, 0.9490196078431372140, 0.9098039215686274384 ) ;
#8921 =( NAMED_UNIT ( * ) PLANE_ANGLE_UNIT ( ) SI_UNIT ( $, .RADIAN. ) );
#8922 = ORIENTED_EDGE ( 'NONE', *, *, #6518, .T. ) ;
#8923 = FILL_AREA_STYLE ('',( #1288 ) ) ;
#8924 = ORIENTED_EDGE ( 'NONE', *, *, #9579, .F. ) ;
#8925 = PRESENTATION_STYLE_ASSIGNMENT (( #230 ) ) ;
#8926 = ORIENTED_EDGE ( 'NONE', *, *, #9233, .F. ) ;
#8927 = FILL_AREA_STYLE_COLOUR ( '', #4725 ) ;
#8928 = CARTESIAN_POINT ( 'NONE',  ( -0.7255584563704933210, 0.8000000000000004885, 0.1783679799842599334 ) ) ;
#8929 = LINE ( 'NONE', #1702, #4617 ) ;
#8930 = EDGE_CURVE ( 'NONE', #7840, #6293, #666, .T. ) ;
#8931 = CARTESIAN_POINT ( 'NONE',  ( -0.8749888094583874176, 0.8099999999999999423, 0.05650560644631889146 ) ) ;
#8932 = CARTESIAN_POINT ( 'NONE',  ( 1.362173213484014767, 0.8099999999999999423, -0.1826565095977106534 ) ) ;
#8933 = CARTESIAN_POINT ( 'NONE',  ( -0.1072932446615712104, 0.8100000000000000533, -0.02702830974468120248 ) ) ;
#8934 = LINE ( 'NONE', #1045, #7562 ) ;
#8935 = LINE ( 'NONE', #8119, #915 ) ;
#8936 = B_SPLINE_CURVE_WITH_KNOTS ( 'NONE', 3,
 ( #1055, #5085, #6623, #1157, #7301, #1973, #6666, #257, #1875, #9676, #1104, #4985, #3551, #9729, #4168, #2693, #8228, #4261, #2635 ),
 .UNSPECIFIED., .F., .F.,
 ( 4, 1, 1, 1, 1, 1, 1, 1, 1, 1, 1, 1, 1, 1, 1, 1, 4 ),
 ( 0.0000000000000000000, 0.09513606765129915821, 0.1847313633813591482, 0.2682875644224344547, 0.3465971881315638159, 0.4193050250118303679, 0.4872356976528923744, 0.5505021670267862266, 0.6094154834552105715, 0.6641924973930185550, 0.7154708956004394160, 0.7642516598968450703, 0.8109957637662903451, 0.8569478638665044556, 0.9028837686324789891, 0.9504484131495150034, 1.000000000000000000 ),
 .UNSPECIFIED. ) ;
#8937 = CARTESIAN_POINT ( 'NONE',  ( 0.9321019775071114344, 0.8000000000000003775, 0.09297654787666063958 ) ) ;
#8938 = EDGE_LOOP ( 'NONE', ( #6010, #3404, #4562, #5789, #909, #934, #5370, #1425, #5167, #6756, #8068, #706, #9352 ) ) ;
#8939 = EDGE_LOOP ( 'NONE', ( #2817, #6150, #6804, #1531 ) ) ;
#8940 = PRESENTATION_LAYER_ASSIGNMENT (  '', '', ( #2064 ) ) ;
#8941 = CARTESIAN_POINT ( 'NONE',  ( -1.092025898104808324, 0.8100000000000002753, -0.2550240672135434261 ) ) ;
#8942 = CARTESIAN_POINT ( 'NONE',  ( -1.285503026819071026, 0.8100000000000002753, -0.2761353534114605601 ) ) ;
#8943 = CARTESIAN_POINT ( 'NONE',  ( -0.05023753962960290226, 0.8099999999999999423, 0.06388807473244513535 ) ) ;
#8944 = STYLED_ITEM ( 'NONE', ( #4513 ), #3526 ) ;
#8945 = CARTESIAN_POINT ( 'NONE',  ( 0.6931558535562691858, 0.8000000000000001554, -0.008494137099524410109 ) ) ;
#8946 =( NAMED_UNIT ( * ) SI_UNIT ( $, .STERADIAN. ) SOLID_ANGLE_UNIT ( ) );
#8947 = CARTESIAN_POINT ( 'NONE',  ( 0.6263049177773969411, 0.8100000000000001643, 0.004052721147071307838 ) ) ;
#8948 =( LENGTH_UNIT ( ) NAMED_UNIT ( * ) SI_UNIT ( .MILLI., .METRE. ) );
#8949 = STYLED_ITEM ( 'NONE', ( #1096 ), #4711 ) ;
#8950 = CARTESIAN_POINT ( 'NONE',  ( 1.297358275365288360, 0.8100000000000003864, -0.1736853661384413494 ) ) ;
#8951 = FILL_AREA_STYLE ('',( #7469 ) ) ;
#8952 = FILL_AREA_STYLE_COLOUR ( '', #6710 ) ;
#8953 = PLANE ( 'NONE',  #2068 ) ;
#8954 = COLOUR_RGB ( '',0.09803921568627450844, 0.09803921568627450844, 0.09803921568627450844 ) ;
#8955 =( NAMED_UNIT ( * ) SI_UNIT ( $, .STERADIAN. ) SOLID_ANGLE_UNIT ( ) );
#8956 = CARTESIAN_POINT ( 'NONE',  ( -1.990000000000001323, 0.7000000000000000666, -1.119999999999999885 ) ) ;
#8957 = ORIENTED_EDGE ( 'NONE', *, *, #8415, .F. ) ;
#8958 = STYLED_ITEM ( 'NONE', ( #693 ), #4969 ) ;
#8959 = CARTESIAN_POINT ( 'NONE',  ( -0.3536013605792889258, 0.8000000000000003775, 0.1050395506033317272 ) ) ;
#8960 = CARTESIAN_POINT ( 'NONE',  ( 0.7618558308088644315, 0.8000000000000002665, -0.2035883719779269518 ) ) ;
#8961 = SURFACE_STYLE_USAGE ( .BOTH. , #2754 ) ;
#8962 = CARTESIAN_POINT ( 'NONE',  ( -0.2747486982185819437, 0.8000000000000001554, 0.1568634701086526750 ) ) ;
#8963 = LINE ( 'NONE', #5925, #4134 ) ;
#8964 = SURFACE_STYLE_USAGE ( .BOTH. , #8198 ) ;
#8965 =( GEOMETRIC_REPRESENTATION_CONTEXT ( 3 ) GLOBAL_UNCERTAINTY_ASSIGNED_CONTEXT ( ( #9305 ) ) GLOBAL_UNIT_ASSIGNED_CONTEXT ( ( #940, #1599, #6152 ) ) REPRESENTATION_CONTEXT ( 'NONE', 'WORKASPACE' ) );
#8966 = CARTESIAN_POINT ( 'NONE',  ( -0.9241224256586815233, 0.8099999999999998312, 0.1333922487243914823 ) ) ;
#8967 = CARTESIAN_POINT ( 'NONE',  ( 0.7228317532724791716, 0.8100000000000003864, -0.3322803835254024007 ) ) ;
#8968 = FACE_OUTER_BOUND ( 'NONE', #322, .T. ) ;
#8969 = EDGE_CURVE ( 'NONE', #8585, #1896, #5174, .T. ) ;
#8970 = DIRECTION ( 'NONE',  ( 0.4750454889892490318, 0.0000000000000000000, 0.8799612397094348504 ) ) ;
#8971 = VERTEX_POINT ( 'NONE', #2987 ) ;
#8972 = ORIENTED_EDGE ( 'NONE', *, *, #6161, .T. ) ;
#8973 = ORIENTED_EDGE ( 'NONE', *, *, #9553, .F. ) ;
#8974 = CARTESIAN_POINT ( 'NONE',  ( -0.8771754089246641684, 0.8000000000000000444, -0.1041327010836543970 ) ) ;
#8975 = CARTESIAN_POINT ( 'NONE',  ( -1.014574653929261938, 0.8100000000000001643, -0.1074261008384577720 ) ) ;
#8976 = CARTESIAN_POINT ( 'NONE',  ( -0.3583918976627652464, 0.8100000000000001643, 0.07360529725343005480 ) ) ;
#8977 = DIRECTION ( 'NONE',  ( 0.0000000000000000000, 0.0000000000000000000, -1.000000000000000000 ) ) ;
#8978 = CARTESIAN_POINT ( 'NONE',  ( -0.2739525192568921796, 0.8099999999999999423, -0.3272312879514737705 ) ) ;
#8979 = EDGE_CURVE ( 'NONE', #8054, #8898, #23, .T. ) ;
#8980 = ORIENTED_EDGE ( 'NONE', *, *, #636, .T. ) ;
#8981 = ORIENTED_EDGE ( 'NONE', *, *, #6957, .T. ) ;
#8982 = EDGE_CURVE ( 'NONE', #5651, #3663, #2171, .T. ) ;
#8983 = UNCERTAINTY_MEASURE_WITH_UNIT (LENGTH_MEASURE( 1.000000000000000082E-05 ), #286, 'distance_accuracy_value', 'NONE');
#8984 = B_SPLINE_CURVE_WITH_KNOTS ( 'NONE', 3,
 ( #7613, #9891, #9738, #2853, #9114, #3108, #8491, #3008, #4570, #7715, #5447 ),
 .UNSPECIFIED., .F., .F.,
 ( 4, 1, 1, 1, 1, 1, 1, 1, 4 ),
 ( 0.0000000000000000000, 0.1280698975072818990, 0.2516654189496291272, 0.3715299648652440889, 0.4903917349475235832, 0.6102040788373267466, 0.7344390716144034714, 0.8631488921910074330, 1.000000000000000000 ),
 .UNSPECIFIED. ) ;
#8985 =( GEOMETRIC_REPRESENTATION_CONTEXT ( 3 ) GLOBAL_UNCERTAINTY_ASSIGNED_CONTEXT ( ( #146 ) ) GLOBAL_UNIT_ASSIGNED_CONTEXT ( ( #6437, #8854, #3323 ) ) REPRESENTATION_CONTEXT ( 'NONE', 'WORKASPACE' ) );
#8986 =( NAMED_UNIT ( * ) SI_UNIT ( $, .STERADIAN. ) SOLID_ANGLE_UNIT ( ) );
#8987 =( LENGTH_UNIT ( ) NAMED_UNIT ( * ) SI_UNIT ( .MILLI., .METRE. ) );
#8988 = STYLED_ITEM ( 'NONE', ( #4311 ), #5822 ) ;
#8989 = FACE_OUTER_BOUND ( 'NONE', #2323, .T. ) ;
#8990 = DIRECTION ( 'NONE',  ( 1.000000000000000000, 0.0000000000000000000, 0.0000000000000000000 ) ) ;
#8991 = CARTESIAN_POINT ( 'NONE',  ( 0.6876214424687742133, 0.8000000000000001554, -0.007426911498902444980 ) ) ;
#8992 = CARTESIAN_POINT ( 'NONE',  ( -1.050894387521017714, 0.8099999999999999423, -0.03751968782725362966 ) ) ;
#8993 = CARTESIAN_POINT ( 'NONE',  ( 1.689999999999998836, 0.6100000000000000977, -1.239999999999999991 ) ) ;
#8994 = EDGE_CURVE ( 'NONE', #8742, #3244, #5287, .T. ) ;
#8995 =( NAMED_UNIT ( * ) PLANE_ANGLE_UNIT ( ) SI_UNIT ( $, .RADIAN. ) );
#8996 = PRESENTATION_LAYER_ASSIGNMENT (  '', '', ( #4724 ) ) ;
#8997 = ORIENTED_EDGE ( 'NONE', *, *, #1286, .T. ) ;
#8998 = UNCERTAINTY_MEASURE_WITH_UNIT (LENGTH_MEASURE( 1.000000000000000082E-05 ), #711, 'distance_accuracy_value', 'NONE');
#8999 = CARTESIAN_POINT ( 'NONE',  ( 1.163198182263800451, 0.8100000000000002753, -0.2760995222270490324 ) ) ;
#9000 = DIRECTION ( 'NONE',  ( 1.000000000000000000, 0.0000000000000000000, 1.807003620809173646E-16 ) ) ;
#9001 = CARTESIAN_POINT ( 'NONE',  ( 0.6931558535562691858, 0.8000000000000001554, -0.008494137099524410109 ) ) ;
#9002 =( GEOMETRIC_REPRESENTATION_CONTEXT ( 3 ) GLOBAL_UNCERTAINTY_ASSIGNED_CONTEXT ( ( #7656 ) ) GLOBAL_UNIT_ASSIGNED_CONTEXT ( ( #4039, #9495, #3987 ) ) REPRESENTATION_CONTEXT ( 'NONE', 'WORKASPACE' ) );
#9003 = DIRECTION ( 'NONE',  ( 2.830576818109588831E-14, 1.000000000000000000, -2.480744948072527324E-13 ) ) ;
#9004 = CARTESIAN_POINT ( 'NONE',  ( -0.3019889471416148941, 0.8000000000000000444, -0.03859574266773356521 ) ) ;
#9005 =( NAMED_UNIT ( * ) SI_UNIT ( $, .STERADIAN. ) SOLID_ANGLE_UNIT ( ) );
#9006 = PRESENTATION_STYLE_ASSIGNMENT (( #2750 ) ) ;
#9007 = SURFACE_STYLE_USAGE ( .BOTH. , #6586 ) ;
#9008 = VECTOR ( 'NONE', #8729, 1000.000000000000000 ) ;
#9009 = MECHANICAL_DESIGN_GEOMETRIC_PRESENTATION_REPRESENTATION (  '', ( #7695 ), #2472 ) ;
#9010 = ORIENTED_EDGE ( 'NONE', *, *, #2818, .F. ) ;
#9011 = CARTESIAN_POINT ( 'NONE',  ( -0.1038343559987557618, 0.8000000000000001554, -0.2978941788814674640 ) ) ;
#9012 = CARTESIAN_POINT ( 'NONE',  ( 0.6596622990490284000, 0.8000000000000001554, -0.2684129298579812639 ) ) ;
#9013 = CARTESIAN_POINT ( 'NONE',  ( 1.689999999999998836, 0.7000000000000000666, -1.219999999999999973 ) ) ;
#9014 = PRESENTATION_LAYER_ASSIGNMENT (  '', '', ( #3456 ) ) ;
#9015 = PLANE ( 'NONE',  #1867 ) ;
#9016 = AXIS2_PLACEMENT_3D ( 'NONE', #3843, #2979, #9249 ) ;
#9017 = DIRECTION ( 'NONE',  ( 1.000000000000000000, 0.0000000000000000000, 0.0000000000000000000 ) ) ;
#9018 = FILL_AREA_STYLE ('',( #9600 ) ) ;
#9019 = CARTESIAN_POINT ( 'NONE',  ( -0.8445078098372228448, 0.8100000000000004974, -0.2453608769868650397 ) ) ;
#9020 = ORIENTED_EDGE ( 'NONE', *, *, #3640, .T. ) ;
#9021 = CARTESIAN_POINT ( 'NONE',  ( -1.018047233285503728, 0.8100000000000002753, -0.2546224078632182142 ) ) ;
#9022 = VERTEX_POINT ( 'NONE', #8318 ) ;
#9023 = VECTOR ( 'NONE', #5498, 1000.000000000000000 ) ;
#9024 = LINE ( 'NONE', #7390, #4264 ) ;
#9025 = CARTESIAN_POINT ( 'NONE',  ( -0.7933667588794629522, 0.7999999999999999334, -0.2837098477758562831 ) ) ;
#9026 = EDGE_CURVE ( 'NONE', #4680, #1610, #996, .T. ) ;
#9027 = DIRECTION ( 'NONE',  ( 0.0000000000000000000, 0.0000000000000000000, -1.000000000000000000 ) ) ;
#9028 = PRESENTATION_STYLE_ASSIGNMENT (( #8829 ) ) ;
#9029 = CARTESIAN_POINT ( 'NONE',  ( -0.2106869584221105207, 0.7999999999999999334, 0.2689790979968826878 ) ) ;
#9030 = CARTESIAN_POINT ( 'NONE',  ( -0.1174528382861827064, 0.8000000000000002665, 0.1046169461353851082 ) ) ;
#9031 =( NAMED_UNIT ( * ) SI_UNIT ( $, .STERADIAN. ) SOLID_ANGLE_UNIT ( ) );
#9032 = SURFACE_SIDE_STYLE ('',( #3539 ) ) ;
#9033 = EDGE_LOOP ( 'NONE', ( #4286, #8427, #2722, #4345 ) ) ;
#9034 = DIRECTION ( 'NONE',  ( 1.000000000000000000, 0.0000000000000000000, -5.421010862427534003E-16 ) ) ;
#9035 = ORIENTED_EDGE ( 'NONE', *, *, #4787, .F. ) ;
#9036 = AXIS2_PLACEMENT_3D ( 'NONE', #7846, #8566, #3129 ) ;
#9037 = DIRECTION ( 'NONE',  ( -1.000000000000000000, 0.0000000000000000000, 0.0000000000000000000 ) ) ;
#9038 = EDGE_CURVE ( 'NONE', #3946, #3040, #6744, .T. ) ;
#9039 = LINE ( 'NONE', #10021, #7412 ) ;
#9040 = CARTESIAN_POINT ( 'NONE',  ( 1.055748780312817825, 0.8000000000000001554, 0.1658704387259331559 ) ) ;
#9041 = SURFACE_STYLE_USAGE ( .BOTH. , #5896 ) ;
#9042 =( NAMED_UNIT ( * ) PLANE_ANGLE_UNIT ( ) SI_UNIT ( $, .RADIAN. ) );
#9043 = DIRECTION ( 'NONE',  ( -0.0000000000000000000, -1.000000000000000000, -0.0000000000000000000 ) ) ;
#9044 = CARTESIAN_POINT ( 'NONE',  ( -1.089372771033901621, 0.8000000000000002665, -0.3337852312038583902 ) ) ;
#9045 = MECHANICAL_DESIGN_GEOMETRIC_PRESENTATION_REPRESENTATION (  '', ( #3957 ), #8889 ) ;
#9046 = CARTESIAN_POINT ( 'NONE',  ( -2.000000000000002220, 0.0000000000000000000, 0.9500000000000001776 ) ) ;
#9047 = ORIENTED_EDGE ( 'NONE', *, *, #8234, .T. ) ;
#9048 = STYLED_ITEM ( 'NONE', ( #3793 ), #9808 ) ;
#9049 = AXIS2_PLACEMENT_3D ( 'NONE', #4365, #4408, #7520 ) ;
#9050 = DIRECTION ( 'NONE',  ( 2.891205793294680200E-15, 0.0000000000000000000, -1.000000000000000000 ) ) ;
#9051 = CARTESIAN_POINT ( 'NONE',  ( -0.5279629731156409989, 0.8000000000000001554, 0.2614042573322664653 ) ) ;
#9052 = STYLED_ITEM ( 'NONE', ( #8904 ), #8532 ) ;
#9053 = ORIENTED_EDGE ( 'NONE', *, *, #6876, .F. ) ;
#9054 = CARTESIAN_POINT ( 'NONE',  ( 1.192572863005744388, 0.8100000000000000533, -0.2732056537954249409 ) ) ;
#9055 = EDGE_CURVE ( 'NONE', #244, #770, #1739, .T. ) ;
#9056 = VECTOR ( 'NONE', #8774, 1000.000000000000000 ) ;
#9057 = PRESENTATION_STYLE_ASSIGNMENT (( #2794 ) ) ;
#9058 = PRESENTATION_LAYER_ASSIGNMENT (  '', '', ( #6581 ) ) ;
#9059 = CARTESIAN_POINT ( 'NONE',  ( -0.3005520323012877970, 0.8100000000000002753, -0.1041327010836547023 ) ) ;
#9060 = ADVANCED_FACE ( 'NONE', ( #8760 ), #4186, .F. ) ;
#9061 = DIRECTION ( 'NONE',  ( -0.0000000000000000000, -1.000000000000000000, -0.0000000000000000000 ) ) ;
#9062 = LINE ( 'NONE', #2185, #8142 ) ;
#9063 = AXIS2_PLACEMENT_3D ( 'NONE', #1721, #9626, #311 ) ;
#9064 = CIRCLE ( 'NONE', #1540, 0.2800000000000000822 ) ;
#9065 = ORIENTED_EDGE ( 'NONE', *, *, #1665, .T. ) ;
#9066 = LINE ( 'NONE', #6781, #1455 ) ;
#9067 = CARTESIAN_POINT ( 'NONE',  ( 0.7378808712864136643, 0.8100000000000004974, -0.2431844328866938909 ) ) ;
#9068 = EDGE_CURVE ( 'NONE', #8971, #9603, #5666, .T. ) ;
#9069 = SURFACE_STYLE_FILL_AREA ( #429 ) ;
#9070 = CARTESIAN_POINT ( 'NONE',  ( -0.2869403270993012844, 0.7999999999999999334, 0.1256072252334960171 ) ) ;
#9071 = SURFACE_SIDE_STYLE ('',( #6738 ) ) ;
#9072 = FACE_OUTER_BOUND ( 'NONE', #6075, .T. ) ;
#9073 = CYLINDRICAL_SURFACE ( 'NONE', #7617, 0.3041381265149101232 ) ;
#9074 = B_SPLINE_SURFACE_WITH_KNOTS ( 'NONE', 3, 1, ( 
 ( #6510, #4197 ),
 ( #7337, #9029 ),
 ( #1044, #3447 ),
 ( #9087, #449 ),
 ( #6698, #8166 ),
 ( #3493, #9765 ),
 ( #9662, #8065 ),
 ( #9861, #1142 ),
 ( #4154, #2824 ),
 ( #4244, #3535 ),
 ( #7394, #7288 ),
 ( #346, #2007 ),
 ( #5116, #8262 ),
 ( #2728, #5831 ),
 ( #8976, #1957 ),
 ( #4296, #7447 ),
 ( #7833, #7542 ),
 ( #6799, #1351 ),
 ( #6048, #3916 ) ),
 .UNSPECIFIED., .F., .F., .F.,
 ( 4, 1, 1, 1, 1, 1, 1, 1, 1, 1, 1, 1, 1, 1, 1, 1, 4 ),
 ( 2, 2 ),
 ( 0.0000000000000000000, 0.04462120432316457608, 0.08773030866609081435, 0.1302828426876058709, 0.1735028625766600052, 0.2174869261056435188, 0.2633330312022222897, 0.3119087344770221648, 0.3635276317902598753, 0.4195097418097216146, 0.4810945897470161325, 0.5491279075035780943, 0.6241475596264500769, 0.7066025216400910747, 0.7964475463062702376, 0.8941834213832301481, 1.000000000000000000 ),
 ( 0.0000000000000000000, 1.000000000000000000 ),
 .UNSPECIFIED. ) ;
#9075 = DIRECTION ( 'NONE',  ( 0.0000000000000000000, 0.0000000000000000000, 1.000000000000000000 ) ) ;
#9076 = DIRECTION ( 'NONE',  ( 1.000000000000000000, 0.0000000000000000000, -0.0000000000000000000 ) ) ;
#9077 = PRESENTATION_STYLE_ASSIGNMENT (( #1181 ) ) ;
#9078 = VERTEX_POINT ( 'NONE', #6447 ) ;
#9079 = CARTESIAN_POINT ( 'NONE',  ( 1.157101961949293933, 0.8100000000000001643, -0.2762580803300713206 ) ) ;
#9080 = ORIENTED_EDGE ( 'NONE', *, *, #1510, .T. ) ;
#9081 = LINE ( 'NONE', #3619, #6703 ) ;
#9082 = CARTESIAN_POINT ( 'NONE',  ( -0.2739525192568921796, 0.7999999999999999334, -0.3272312879514737705 ) ) ;
#9083 = CARTESIAN_POINT ( 'NONE',  ( 1.689999999999999281, 0.7000000000000000666, 1.220000000000000417 ) ) ;
#9084 = CARTESIAN_POINT ( 'NONE',  ( -0.8749448041573780754, 0.8000000000000001554, -0.1329576365895115408 ) ) ;
#9085 = SURFACE_SIDE_STYLE ('',( #7634 ) ) ;
#9086 = CARTESIAN_POINT ( 'NONE',  ( 1.310998065845397464, 0.8100000000000001643, 0.02763802356603255878 ) ) ;
#9087 = CARTESIAN_POINT ( 'NONE',  ( -0.2384861375009236228, 0.8100000000000003864, 0.2653701121695656862 ) ) ;
#9088 = CARTESIAN_POINT ( 'NONE',  ( -0.2066694041368397905, 0.8100000000000002753, 0.2067320204147045093 ) ) ;
#9089 = CARTESIAN_POINT ( 'NONE',  ( 0.7651626730475316052, 0.8000000000000002665, -0.1581059127556937727 ) ) ;
#9090 = CARTESIAN_POINT ( 'NONE',  ( 0.9215764652520558320, 0.8000000000000001554, 0.05342762561027472601 ) ) ;
#9091 = ORIENTED_EDGE ( 'NONE', *, *, #70, .F. ) ;
#9092 = LINE ( 'NONE', #4249, #5232 ) ;
#9093 = EDGE_LOOP ( 'NONE', ( #2680, #2434, #8040, #1501 ) ) ;
#9094 = UNCERTAINTY_MEASURE_WITH_UNIT (LENGTH_MEASURE( 1.000000000000000082E-05 ), #9404, 'distance_accuracy_value', 'NONE');
#9095 = FACE_OUTER_BOUND ( 'NONE', #9614, .T. ) ;
#9096 = CARTESIAN_POINT ( 'NONE',  ( -0.6612326191529895869, 0.8100000000000001643, 0.1905037987514400233 ) ) ;
#9097 = SURFACE_STYLE_USAGE ( .BOTH. , #9201 ) ;
#9098 = CARTESIAN_POINT ( 'NONE',  ( 0.8190837207544214849, 0.8000000000000004885, -0.1110290387136277646 ) ) ;
#9099 = DIRECTION ( 'NONE',  ( 5.421010862427534003E-16, 0.0000000000000000000, -1.000000000000000000 ) ) ;
#9100 = CARTESIAN_POINT ( 'NONE',  ( 0.6151678478745382650, 0.8100000000000002753, 0.0006484950671333608455 ) ) ;
#9101 = CARTESIAN_POINT ( 'NONE',  ( -1.003616856303526816, 0.7999999999999999334, -0.1942463942296210055 ) ) ;
#9102 = COLOUR_RGB ( '',0.09803921568627450844, 0.09803921568627450844, 0.09803921568627450844 ) ;
#9103 = ORIENTED_EDGE ( 'NONE', *, *, #4848, .F. ) ;
#9104 =( LENGTH_UNIT ( ) NAMED_UNIT ( * ) SI_UNIT ( .MILLI., .METRE. ) );
#9105 = ORIENTED_EDGE ( 'NONE', *, *, #7670, .T. ) ;
#9106 = ADVANCED_FACE ( 'NONE', ( #3278 ), #2032, .T. ) ;
#9107 = ORIENTED_EDGE ( 'NONE', *, *, #8589, .F. ) ;
#9108 = UNCERTAINTY_MEASURE_WITH_UNIT (LENGTH_MEASURE( 1.000000000000000082E-05 ), #1105, 'distance_accuracy_value', 'NONE');
#9109 = CARTESIAN_POINT ( 'NONE',  ( 1.157101961949293933, 0.8100000000000001643, -0.2762580803300713206 ) ) ;
#9110 = CARTESIAN_POINT ( 'NONE',  ( -0.1086248185274247408, 0.8000000000000002665, -0.1047810790333545128 ) ) ;
#9111 = STYLED_ITEM ( 'NONE', ( #7366 ), #3478 ) ;
#9112 = CARTESIAN_POINT ( 'NONE',  ( 1.008696338567053985, 0.8000000000000000444, -0.2926507045620640457 ) ) ;
#9113 = CARTESIAN_POINT ( 'NONE',  ( -0.2915558241555160635, 0.8000000000000000444, 0.1055331639106950742 ) ) ;
#9114 = CARTESIAN_POINT ( 'NONE',  ( -0.7322774501658564361, 0.8000000000000001554, -0.3379037307884834584 ) ) ;
#9115 =( NAMED_UNIT ( * ) SI_UNIT ( $, .STERADIAN. ) SOLID_ANGLE_UNIT ( ) );
#9116 = EDGE_CURVE ( 'NONE', #7401, #3201, #1335, .T. ) ;
#9117 = ORIENTED_EDGE ( 'NONE', *, *, #1138, .F. ) ;
#9118 = EDGE_CURVE ( 'NONE', #231, #6209, #6540, .T. ) ;
#9119 = CARTESIAN_POINT ( 'NONE',  ( 0.7378808712864136643, 0.8000000000000004885, -0.2431844328866938909 ) ) ;
#9120 = SURFACE_SIDE_STYLE ('',( #234 ) ) ;
#9121 = CARTESIAN_POINT ( 'NONE',  ( -0.1107897226381273081, 0.7999999999999998224, 0.05577849536350022730 ) ) ;
#9122 =( GEOMETRIC_REPRESENTATION_CONTEXT ( 3 ) GLOBAL_UNCERTAINTY_ASSIGNED_CONTEXT ( ( #8702 ) ) GLOBAL_UNIT_ASSIGNED_CONTEXT ( ( #9954, #3614, #3726 ) ) REPRESENTATION_CONTEXT ( 'NONE', 'WORKASPACE' ) );
#9123 = DIRECTION ( 'NONE',  ( -1.000000000000000000, 0.0000000000000000000, -0.0000000000000000000 ) ) ;
#9124 = CARTESIAN_POINT ( 'NONE',  ( -1.259392769964347902, 0.8000000000000002665, 0.1062494839043667538 ) ) ;
#9125 = DIRECTION ( 'NONE',  ( 0.0000000000000000000, 0.0000000000000000000, 1.000000000000000000 ) ) ;
#9126 = CARTESIAN_POINT ( 'NONE',  ( 1.273775109089223534, 0.8100000000000001643, 0.2463903738334863869 ) ) ;
#9127 =( NAMED_UNIT ( * ) SI_UNIT ( $, .STERADIAN. ) SOLID_ANGLE_UNIT ( ) );
#9128 = EDGE_CURVE ( 'NONE', #4180, #8373, #8963, .T. ) ;
#9129 = ORIENTED_EDGE ( 'NONE', *, *, #8150, .F. ) ;
#9130 = CARTESIAN_POINT ( 'NONE',  ( 0.8073876772354259268, 0.8000000000000000444, -0.2649985929411538543 ) ) ;
#9131 = ORIENTED_EDGE ( 'NONE', *, *, #5155, .F. ) ;
#9132 = MECHANICAL_DESIGN_GEOMETRIC_PRESENTATION_REPRESENTATION (  '', ( #8627 ), #3866 ) ;
#9133 = CARTESIAN_POINT ( 'NONE',  ( -0.1075070905841588736, 0.7999999999999999334, -0.07269537814073288862 ) ) ;
#9134 = LINE ( 'NONE', #8351, #5213 ) ;
#9135 = CARTESIAN_POINT ( 'NONE',  ( -0.8582704643846834625, 0.8000000000000004885, -0.2190615026646613173 ) ) ;
#9136 = MECHANICAL_DESIGN_GEOMETRIC_PRESENTATION_REPRESENTATION (  '', ( #2082 ), #8640 ) ;
#9137 = SURFACE_STYLE_USAGE ( .BOTH. , #3625 ) ;
#9138 = CARTESIAN_POINT ( 'NONE',  ( -1.237738008173912441, 0.8099999999999999423, -0.2339483547682696674 ) ) ;
#9139 = STYLED_ITEM ( 'NONE', ( #2793 ), #4459 ) ;
#9140 = CARTESIAN_POINT ( 'NONE',  ( -0.6852631498410769462, 0.8000000000000003775, 0.02693884005071258900 ) ) ;
#9141 = CARTESIAN_POINT ( 'NONE',  ( -0.2515674503245114435, 0.8100000000000001643, 0.1875297628109896531 ) ) ;
#9142 = CARTESIAN_POINT ( 'NONE',  ( -0.7726943329369242441, 0.8100000000000001643, -0.2836615379771812440 ) ) ;
#9143 = ORIENTED_EDGE ( 'NONE', *, *, #7521, .F. ) ;
#9144 = CIRCLE ( 'NONE', #9661, 0.2999999999999999334 ) ;
#9145 = ORIENTED_EDGE ( 'NONE', *, *, #6598, .T. ) ;
#9146 =( NAMED_UNIT ( * ) PLANE_ANGLE_UNIT ( ) SI_UNIT ( $, .RADIAN. ) );
#9147 = CARTESIAN_POINT ( 'NONE',  ( -0.6268609162529799050, 0.8100000000000001643, 0.06388807473244538515 ) ) ;
#9148 = CARTESIAN_POINT ( 'NONE',  ( -0.7808444666221344699, 0.8000000000000003775, -0.3463879504599410852 ) ) ;
#9149 = CARTESIAN_POINT ( 'NONE',  ( 0.6552350788324105002, 0.8000000000000001554, -0.2684658725378634703 ) ) ;
#9150 = CARTESIAN_POINT ( 'NONE',  ( -1.281119188400833941, 0.8000000000000001554, 0.1365639947277345889 ) ) ;
#9151 = CARTESIAN_POINT ( 'NONE',  ( -1.950000000000001732, 0.05000000000000002359, 0.9500000000000001776 ) ) ;
#9152 = CARTESIAN_POINT ( 'NONE',  ( -1.237053882206550215, 0.8000000000000001554, 0.1912743872023965064 ) ) ;
#9153 = CARTESIAN_POINT ( 'NONE',  ( 1.105229849574814294, 0.8100000000000001643, 0.1911855693658724986 ) ) ;
#9154 = CARTESIAN_POINT ( 'NONE',  ( -1.018047233285503728, 0.8000000000000002665, -0.2546224078632182142 ) ) ;
#9155 = EDGE_LOOP ( 'NONE', ( #623, #1734, #9181, #8635 ) ) ;
#9156 = SURFACE_SIDE_STYLE ('',( #1213 ) ) ;
#9157 = CARTESIAN_POINT ( 'NONE',  ( 1.290113014819824544, 0.8000000000000002665, -0.1935435592563530538 ) ) ;
#9158 = ORIENTED_EDGE ( 'NONE', *, *, #6199, .T. ) ;
#9159 = VERTEX_POINT ( 'NONE', #4324 ) ;
#9160 = CARTESIAN_POINT ( 'NONE',  ( -0.8513720748419586482, 0.8100000000000004974, 0.1568634701086527861 ) ) ;
#9161 = SURFACE_STYLE_USAGE ( .BOTH. , #7515 ) ;
#9162 = PLANE ( 'NONE',  #1848 ) ;
#9163 = DIRECTION ( 'NONE',  ( -1.000000000000000000, 0.0000000000000000000, 1.748713181428233054E-16 ) ) ;
#9164 = EDGE_CURVE ( 'NONE', #1410, #4391, #9231, .T. ) ;
#9165 = CARTESIAN_POINT ( 'NONE',  ( -1.003287648440316149, 0.8000000000000001554, 0.1912743872023965064 ) ) ;
#9166 =( NAMED_UNIT ( * ) SI_UNIT ( $, .STERADIAN. ) SOLID_ANGLE_UNIT ( ) );
#9167 = CARTESIAN_POINT ( 'NONE',  ( 1.310998065845397464, 0.8100000000000001643, 0.1377029586309676257 ) ) ;
#9168 = CARTESIAN_POINT ( 'NONE',  ( -0.9386721453569570883, 0.7999999999999999334, -0.1089418948871737208 ) ) ;
#9169 = CARTESIAN_POINT ( 'NONE',  ( -0.06336734827075016230, 0.8099999999999998312, -0.2121586914474249963 ) ) ;
#9170 = ORIENTED_EDGE ( 'NONE', *, *, #2454, .F. ) ;
#9171 = CARTESIAN_POINT ( 'NONE',  ( 1.167085728183060001, 0.8000000000000001554, 0.2691964651244740936 ) ) ;
#9172 = CARTESIAN_POINT ( 'NONE',  ( -0.1834140427638129567, 0.8100000000000001643, 0.2038730212101720618 ) ) ;
#9173 = DIRECTION ( 'NONE',  ( 0.0000000000000000000, 1.000000000000000000, 0.0000000000000000000 ) ) ;
#9174 = CARTESIAN_POINT ( 'NONE',  ( 0.9322635528254757942, 0.8100000000000004974, -0.1677048955538710528 ) ) ;
#9175 = SURFACE_SIDE_STYLE ('',( #9952 ) ) ;
#9176 = FACE_OUTER_BOUND ( 'NONE', #440, .T. ) ;
#9177 = FACE_OUTER_BOUND ( 'NONE', #884, .T. ) ;
#9178 = EDGE_CURVE ( 'NONE', #2292, #7499, #9902, .T. ) ;
#9179 = EDGE_CURVE ( 'NONE', #71, #10060, #8396, .T. ) ;
#9180 = CARTESIAN_POINT ( 'NONE',  ( -1.065667435544118913, 0.8000000000000002665, -0.1832439401608575436 ) ) ;
#9181 = ORIENTED_EDGE ( 'NONE', *, *, #1041, .T. ) ;
#9182 = DIRECTION ( 'NONE',  ( 0.0000000000000000000, 0.0000000000000000000, -1.000000000000000000 ) ) ;
#9183 = CARTESIAN_POINT ( 'NONE',  ( -0.2031939353641421253, 0.8100000000000000533, -0.2839201605220321722 ) ) ;
#9184 = CARTESIAN_POINT ( 'NONE',  ( -1.690000000000001057, 0.7000000000000000666, 1.220000000000000417 ) ) ;
#9185 =( GEOMETRIC_REPRESENTATION_CONTEXT ( 3 ) GLOBAL_UNCERTAINTY_ASSIGNED_CONTEXT ( ( #3953 ) ) GLOBAL_UNIT_ASSIGNED_CONTEXT ( ( #10018, #9146, #6857 ) ) REPRESENTATION_CONTEXT ( 'NONE', 'WORKASPACE' ) );
#9186 = CARTESIAN_POINT ( 'NONE',  ( -1.252515783770460356, 0.8100000000000002753, -0.1737337831281456357 ) ) ;
#9187 = LINE ( 'NONE', #1583, #5851 ) ;
#9188 = CARTESIAN_POINT ( 'NONE',  ( -0.2869403270993012844, 0.8100000000000001643, 0.1256072252334960171 ) ) ;
#9189 = CARTESIAN_POINT ( 'NONE',  ( -0.5279629731156409989, 0.8100000000000001643, 0.2614042573322664653 ) ) ;
#9190 =( NAMED_UNIT ( * ) PLANE_ANGLE_UNIT ( ) SI_UNIT ( $, .RADIAN. ) );
#9191 = ORIENTED_EDGE ( 'NONE', *, *, #7935, .T. ) ;
#9192 = PRESENTATION_LAYER_ASSIGNMENT (  '', '', ( #3777 ) ) ;
#9193 = CARTESIAN_POINT ( 'NONE',  ( -1.069203789014291806, 0.8100000000000002753, -0.2116857279612589238 ) ) ;
#9194 = CIRCLE ( 'NONE', #1337, 0.1999999999999992339 ) ;
#9195 = ORIENTED_EDGE ( 'NONE', *, *, #5812, .F. ) ;
#9196 = UNCERTAINTY_MEASURE_WITH_UNIT (LENGTH_MEASURE( 1.000000000000000082E-05 ), #132, 'distance_accuracy_value', 'NONE');
#9197 = LINE ( 'NONE', #5950, #3960 ) ;
#9198 = ADVANCED_FACE ( 'NONE', ( #1990 ), #9015, .F. ) ;
#9199 = PRESENTATION_LAYER_ASSIGNMENT (  '', '', ( #2312 ) ) ;
#9200 = VECTOR ( 'NONE', #10090, 1000.000000000000000 ) ;
#9201 = SURFACE_SIDE_STYLE ('',( #8420 ) ) ;
#9202 = CARTESIAN_POINT ( 'NONE',  ( -0.08460924252961288250, 0.8000000000000001554, 0.1905037987514398290 ) ) ;
#9203 = CARTESIAN_POINT ( 'NONE',  ( 1.989999999999999103, 0.6800000000000000488, 0.9400000000000005018 ) ) ;
#9204 = CARTESIAN_POINT ( 'NONE',  ( -0.08982470329695672884, 0.8000000000000001554, -0.2762953058248670546 ) ) ;
#9205 = DIRECTION ( 'NONE',  ( 2.168404344971013207E-15, -0.0000000000000000000, 1.000000000000000000 ) ) ;
#9206 = PLANE ( 'NONE',  #5296 ) ;
#9207 = DIRECTION ( 'NONE',  ( 0.0000000000000000000, 0.0000000000000000000, -1.000000000000000000 ) ) ;
#9208 = ORIENTED_EDGE ( 'NONE', *, *, #4031, .F. ) ;
#9209 = MECHANICAL_DESIGN_GEOMETRIC_PRESENTATION_REPRESENTATION (  '', ( #5251 ), #1009 ) ;
#9210 = STYLED_ITEM ( 'NONE', ( #6445 ), #8246 ) ;
#9211 = EDGE_LOOP ( 'NONE', ( #6908, #1357, #9541, #259 ) ) ;
#9212 = UNCERTAINTY_MEASURE_WITH_UNIT (LENGTH_MEASURE( 1.000000000000000082E-05 ), #2641, 'distance_accuracy_value', 'NONE');
#9213 = CARTESIAN_POINT ( 'NONE',  ( 1.500000000000000222, 0.7000000000000000666, 0.7999999999999999334 ) ) ;
#9214 = DIRECTION ( 'NONE',  ( 0.0000000000000000000, 0.0000000000000000000, -1.000000000000000000 ) ) ;
#9215 = CARTESIAN_POINT ( 'NONE',  ( 2.000000000000001776, 0.6000000000000000888, 0.9499999999999979572 ) ) ;
#9216 = CARTESIAN_POINT ( 'NONE',  ( 1.373335728183060045, 0.8100000000000001643, 0.1772727638257728111 ) ) ;
#9217 = LINE ( 'NONE', #7713, #4925 ) ;
#9218 =( GEOMETRIC_REPRESENTATION_CONTEXT ( 3 ) GLOBAL_UNCERTAINTY_ASSIGNED_CONTEXT ( ( #9932 ) ) GLOBAL_UNIT_ASSIGNED_CONTEXT ( ( #9374, #269, #5613 ) ) REPRESENTATION_CONTEXT ( 'NONE', 'WORKASPACE' ) );
#9219 = FACE_OUTER_BOUND ( 'NONE', #4003, .T. ) ;
#9220 = EDGE_CURVE ( 'NONE', #4996, #84, #10172, .T. ) ;
#9221 = ORIENTED_EDGE ( 'NONE', *, *, #2354, .T. ) ;
#9222 = STYLED_ITEM ( 'NONE', ( #7319 ), #2018 ) ;
#9223 = COLOUR_RGB ( '',0.09803921568627450844, 0.09803921568627450844, 0.09803921568627450844 ) ;
#9224 =( NAMED_UNIT ( * ) PLANE_ANGLE_UNIT ( ) SI_UNIT ( $, .RADIAN. ) );
#9225 = CARTESIAN_POINT ( 'NONE',  ( -0.1569025867408395947, 0.8000000000000001554, 0.1871459774479251048 ) ) ;
#9226 = CARTESIAN_POINT ( 'NONE',  ( 0.9322635528254757942, 0.8000000000000004885, -0.1677048955538710528 ) ) ;
#9227 = DIRECTION ( 'NONE',  ( -0.9701425001453318764, 0.0000000000000000000, 0.2425356250363329691 ) ) ;
#9228 = CARTESIAN_POINT ( 'NONE',  ( -1.317155402649199170, 0.8000000000000001554, 0.2155125956829111733 ) ) ;
#9229 = CYLINDRICAL_SURFACE ( 'NONE', #6416, 0.2999999999999999334 ) ;
#9230 = CARTESIAN_POINT ( 'NONE',  ( 1.373335728183060045, 0.8100000000000001643, 0.1772727638257728111 ) ) ;
#9231 = CIRCLE ( 'NONE', #6588, 0.2799999999999999711 ) ;
#9232 = CARTESIAN_POINT ( 'NONE',  ( -0.9999999999999997780, 0.05000000000000000278, -0.3500000000000000333 ) ) ;
#9233 = EDGE_CURVE ( 'NONE', #4251, #6205, #4228, .T. ) ;
#9234 = SURFACE_STYLE_FILL_AREA ( #3783 ) ;
#9235 = EDGE_LOOP ( 'NONE', ( #4216, #7679, #8070, #4344 ) ) ;
#9236 = CARTESIAN_POINT ( 'NONE',  ( 0.6827707526385172754, 0.8000000000000003775, -0.3376031945626601360 ) ) ;
#9237 = ORIENTED_EDGE ( 'NONE', *, *, #6598, .F. ) ;
#9238 = ADVANCED_FACE ( 'NONE', ( #4481 ), #3654, .T. ) ;
#9239 = CARTESIAN_POINT ( 'NONE',  ( -0.6704142718169396886, 0.8100000000000001643, -0.2830762621482528218 ) ) ;
#9240 =( LENGTH_UNIT ( ) NAMED_UNIT ( * ) SI_UNIT ( .MILLI., .METRE. ) );
#9241 = CARTESIAN_POINT ( 'NONE',  ( 0.9816857853533632605, 0.8000000000000002665, -0.1103967059749652035 ) ) ;
#9242 = CARTESIAN_POINT ( 'NONE',  ( 1.780000000000000027, 0.8000000000000001554, -0.8000000000000001554 ) ) ;
#9243 =( LENGTH_UNIT ( ) NAMED_UNIT ( * ) SI_UNIT ( .MILLI., .METRE. ) );
#9244 = FILL_AREA_STYLE ('',( #3739 ) ) ;
#9245 = CARTESIAN_POINT ( 'NONE',  ( -0.1489350797471164778, 0.8000000000000001554, 0.1783679799842596836 ) ) ;
#9246 = LINE ( 'NONE', #5320, #8612 ) ;
#9247 =( NAMED_UNIT ( * ) PLANE_ANGLE_UNIT ( ) SI_UNIT ( $, .RADIAN. ) );
#9248 = VERTEX_POINT ( 'NONE', #7819 ) ;
#9249 = DIRECTION ( 'NONE',  ( 1.000000000000000000, 0.0000000000000000000, -0.0000000000000000000 ) ) ;
#9250 = VERTEX_POINT ( 'NONE', #5601 ) ;
#9251 = EDGE_CURVE ( 'NONE', #1994, #8039, #105, .T. ) ;
#9252 = CARTESIAN_POINT ( 'NONE',  ( -0.2526701086553507780, 0.7999999999999996003, -0.2644484180090713177 ) ) ;
#9253 = MECHANICAL_DESIGN_GEOMETRIC_PRESENTATION_REPRESENTATION (  '', ( #6933 ), #8912 ) ;
#9254 = CARTESIAN_POINT ( 'NONE',  ( -0.7872339524727940407, 0.8000000000000001554, -0.3461633348896593354 ) ) ;
#9255 = CARTESIAN_POINT ( 'NONE',  ( 1.071171779996396012, 0.8000000000000001554, 0.1762840365562421407 ) ) ;
#9256 = CARTESIAN_POINT ( 'NONE',  ( -1.162360428063982987, 0.8100000000000002753, -0.0009270763781112342566 ) ) ;
#9257 = CARTESIAN_POINT ( 'NONE',  ( 2.000000000000002220, 0.05000000000000000278, 0.9500000000000000666 ) ) ;
#9258 = CARTESIAN_POINT ( 'NONE',  ( -1.215821219225363459, 0.8000000000000004885, 0.1553185206644947525 ) ) ;
#9259 = ORIENTED_EDGE ( 'NONE', *, *, #5629, .F. ) ;
#9260 = STYLED_ITEM ( 'NONE', ( #7974 ), #2677 ) ;
#9261 = EDGE_CURVE ( 'NONE', #4053, #3221, #8459, .T. ) ;
#9262 = ORIENTED_EDGE ( 'NONE', *, *, #7492, .T. ) ;
#9263 = LINE ( 'NONE', #9980, #4533 ) ;
#9264 = CARTESIAN_POINT ( 'NONE',  ( 2.000000000000001776, 0.6000000000000000888, -0.9499999999999979572 ) ) ;
#9265 = CARTESIAN_POINT ( 'NONE',  ( 0.9390620689355981821, 0.8000000000000000444, -0.1869802145278302019 ) ) ;
#9266 =( NAMED_UNIT ( * ) SI_UNIT ( $, .STERADIAN. ) SOLID_ANGLE_UNIT ( ) );
#9267 = COLOUR_RGB ( '',0.09803921568627450844, 0.09803921568627450844, 0.09803921568627450844 ) ;
#9268 = CARTESIAN_POINT ( 'NONE',  ( -0.8456859172198655239, 0.8099999999999998312, 0.2522336301823542848 ) ) ;
#9269 = PRESENTATION_STYLE_ASSIGNMENT (( #5499 ) ) ;
#9270 = CARTESIAN_POINT ( 'NONE',  ( 1.358299573868303689, 0.8100000000000001643, -0.1975423799222012500 ) ) ;
#9271 = CARTESIAN_POINT ( 'NONE',  ( 1.969999999999997753, 0.6800000000000000488, -0.9400000000000000577 ) ) ;
#9272 = ORIENTED_EDGE ( 'NONE', *, *, #7604, .T. ) ;
#9273 = COLOUR_RGB ( '',0.09803921568627450844, 0.09803921568627450844, 0.09803921568627450844 ) ;
#9274 = CARTESIAN_POINT ( 'NONE',  ( -0.7115491127141063687, 0.8000000000000003775, 0.2499457095371511450 ) ) ;
#9275 =( LENGTH_UNIT ( ) NAMED_UNIT ( * ) SI_UNIT ( .MILLI., .METRE. ) );
#9276 = CARTESIAN_POINT ( 'NONE',  ( 0.9136768659670547743, 0.8100000000000003864, -0.04379324420162934717 ) ) ;
#9277 = DIRECTION ( 'NONE',  ( 1.000000000000000000, 0.0000000000000000000, 2.168404344971021884E-15 ) ) ;
#9278 = CARTESIAN_POINT ( 'NONE',  ( -0.6214694666221345365, 0.8100000000000001643, -0.03835223617422683917 ) ) ;
#9279 = STYLED_ITEM ( 'NONE', ( #9684 ), #3513 ) ;
#9280 = CARTESIAN_POINT ( 'NONE',  ( 0.9999999999999997780, 0.05000000000000000278, -0.3500000000000000333 ) ) ;
#9281 = VERTEX_POINT ( 'NONE', #5846 ) ;
#9282 = CARTESIAN_POINT ( 'NONE',  ( 0.8276278482766556976, 0.8000000000000001554, -0.1817118332770576439 ) ) ;
#9283 = CARTESIAN_POINT ( 'NONE',  ( 1.273775109089223534, 0.8000000000000001554, 0.2463903738334863869 ) ) ;
#9284 = STYLED_ITEM ( 'NONE', ( #7953 ), #3765 ) ;
#9285 = EDGE_CURVE ( 'NONE', #3853, #8771, #1373, .T. ) ;
#9286 = CARTESIAN_POINT ( 'NONE',  ( 1.082215319321230940, 0.8000000000000002665, 0.2553476048428356404 ) ) ;
#9287 = CARTESIAN_POINT ( 'NONE',  ( 0.6508519619492938446, 0.8100000000000002753, -0.3385957426677336235 ) ) ;
#9288 = CARTESIAN_POINT ( 'NONE',  ( -0.6903996260163227650, 0.8100000000000004974, -0.1599104248217347313 ) ) ;
#9289 = VECTOR ( 'NONE', #1530, 1000.000000000000000 ) ;
#9290 = ORIENTED_EDGE ( 'NONE', *, *, #7066, .T. ) ;
#9291 = VERTEX_POINT ( 'NONE', #1210 ) ;
#9292 = DIRECTION ( 'NONE',  ( 0.0000000000000000000, 0.0000000000000000000, -1.000000000000000000 ) ) ;
#9293 = CARTESIAN_POINT ( 'NONE',  ( 0.6026199043418265511, 0.8000000000000003775, -0.001900569303893620944 ) ) ;
#9294 = DIRECTION ( 'NONE',  ( -0.0000000000000000000, -1.000000000000000000, -0.0000000000000000000 ) ) ;
#9295 = LINE ( 'NONE', #7648, #8169 ) ;
#9296 = SURFACE_STYLE_FILL_AREA ( #2839 ) ;
#9297 = SURFACE_STYLE_USAGE ( .BOTH. , #1563 ) ;
#9298 = COLOUR_RGB ( '',1.000000000000000000, 0.9490196078431372140, 0.9098039215686274384 ) ;
#9299 = ORIENTED_EDGE ( 'NONE', *, *, #2786, .T. ) ;
#9300 = CARTESIAN_POINT ( 'NONE',  ( -0.7873103350454871974, 0.8000000000000002665, 0.2689790979968827989 ) ) ;
#9301 = CARTESIAN_POINT ( 'NONE',  ( -0.3019889471416148941, 0.8100000000000001643, -0.03859574266773356521 ) ) ;
#9302 = ADVANCED_FACE ( 'NONE', ( #2783 ), #8131, .T. ) ;
#9303 = ORIENTED_EDGE ( 'NONE', *, *, #7015, .F. ) ;
#9304 = ORIENTED_EDGE ( 'NONE', *, *, #9038, .T. ) ;
#9305 = UNCERTAINTY_MEASURE_WITH_UNIT (LENGTH_MEASURE( 1.000000000000000082E-05 ), #940, 'distance_accuracy_value', 'NONE');
#9306 = CIRCLE ( 'NONE', #8811, 0.3041381265149101232 ) ;
#9307 = FILL_AREA_STYLE ('',( #4517 ) ) ;
#9308 = CARTESIAN_POINT ( 'NONE',  ( -0.3643266094792771970, 0.8000000000000001554, -0.03835223617422705428 ) ) ;
#9309 = DIRECTION ( 'NONE',  ( -1.000000000000000000, 0.0000000000000000000, 1.807003620809173646E-16 ) ) ;
#9310 = CARTESIAN_POINT ( 'NONE',  ( -1.799999999999999822, 0.7800000000000001377, -0.7999999999999999334 ) ) ;
#9311 = EDGE_CURVE ( 'NONE', #9603, #8400, #4279, .T. ) ;
#9312 = SURFACE_STYLE_USAGE ( .BOTH. , #1376 ) ;
#9313 = CARTESIAN_POINT ( 'NONE',  ( -0.9241224256586815233, 0.7999999999999997113, 0.1333922487243914823 ) ) ;
#9314 = PRESENTATION_STYLE_ASSIGNMENT (( #580 ) ) ;
#9315 = CARTESIAN_POINT ( 'NONE',  ( -0.3536013605792889258, 0.8100000000000003864, 0.1050395506033317272 ) ) ;
#9316 = ORIENTED_EDGE ( 'NONE', *, *, #5686, .T. ) ;
#9317 = DIRECTION ( 'NONE',  ( -0.0000000000000000000, 1.000000000000000000, -0.0000000000000000000 ) ) ;
#9318 = B_SPLINE_CURVE_WITH_KNOTS ( 'NONE', 3,
 ( #6138, #4583, #6943, #1582, #2397, #5511, #10100, #3069, #3867, #9995, #750, #6889, #7782, #5456, #9371, #8654, #6988, #2346, #4685 ),
 .UNSPECIFIED., .F., .F.,
 ( 4, 1, 1, 1, 1, 1, 1, 1, 1, 1, 1, 1, 1, 1, 1, 1, 4 ),
 ( 0.0000000000000000000, 0.1203760720986962740, 0.2307892890246536766, 0.3305412134213606690, 0.4205869266342565638, 0.5007002821282953153, 0.5711525390240546063, 0.6324761629055820622, 0.6850177329828035511, 0.7317551824460793997, 0.7753044359569037924, 0.8157921199715244542, 0.8541714020480321023, 0.8907255372625699774, 0.9267356746237943588, 0.9631365825032484063, 1.000000000000000000 ),
 .UNSPECIFIED. ) ;
#9319 = FILL_AREA_STYLE_COLOUR ( '', #10112 ) ;
#9320 = CARTESIAN_POINT ( 'NONE',  ( -0.1489350797471164778, 0.8100000000000001643, 0.1783679799842596836 ) ) ;
#9321 =( NAMED_UNIT ( * ) SI_UNIT ( $, .STERADIAN. ) SOLID_ANGLE_UNIT ( ) );
#9322 = FILL_AREA_STYLE ('',( #4742 ) ) ;
#9323 = CARTESIAN_POINT ( 'NONE',  ( 1.297565285884650255, 0.8000000000000005995, 0.1502983916697806510 ) ) ;
#9324 = SURFACE_STYLE_USAGE ( .BOTH. , #3675 ) ;
#9325 = VERTEX_POINT ( 'NONE', #9151 ) ;
#9326 = CARTESIAN_POINT ( 'NONE',  ( 0.6508519619492935115, 0.8000000000000001554, -0.3385957426677336235 ) ) ;
#9327 = ORIENTED_EDGE ( 'NONE', *, *, #8134, .F. ) ;
#9328 = DIRECTION ( 'NONE',  ( 0.0000000000000000000, -0.0000000000000000000, 1.000000000000000000 ) ) ;
#9329 = CARTESIAN_POINT ( 'NONE',  ( 1.094828587676615728, 0.8100000000000002753, -0.2664537159938286659 ) ) ;
#9330 = SURFACE_SIDE_STYLE ('',( #7895 ) ) ;
#9331 = VECTOR ( 'NONE', #904, 1000.000000000000000 ) ;
#9332 = SURFACE_SIDE_STYLE ('',( #6285 ) ) ;
#9333 = CARTESIAN_POINT ( 'NONE',  ( 1.156525308719891898, 0.8100000000000001643, 0.1988655995210426020 ) ) ;
#9334 = CARTESIAN_POINT ( 'NONE',  ( 1.144927590533938000, 0.8100000000000002753, -0.3461830992765348447 ) ) ;
#9335 = PRESENTATION_STYLE_ASSIGNMENT (( #8515 ) ) ;
#9336 = CARTESIAN_POINT ( 'NONE',  ( -0.7798173119875188020, 0.8000000000000000444, -0.2839201605220320057 ) ) ;
#9337 = EDGE_LOOP ( 'NONE', ( #1197, #2081, #7943, #7966, #6441 ) ) ;
#9338 = CARTESIAN_POINT ( 'NONE',  ( -1.080491967058218927, 0.8000000000000002665, -0.2392933828035247734 ) ) ;
#9339 = ORIENTED_EDGE ( 'NONE', *, *, #5523, .F. ) ;
#9340 = CARTESIAN_POINT ( 'NONE',  ( -1.167872041210175516, 0.8000000000000001554, 0.1000644643274157253 ) ) ;
#9341 = ADVANCED_FACE ( 'NONE', ( #6160 ), #1511, .F. ) ;
#9342 = EDGE_CURVE ( 'NONE', #4103, #675, #6115, .T. ) ;
#9343 = CARTESIAN_POINT ( 'NONE',  ( 1.167085728183060001, 0.8100000000000001643, 0.2691964651244740936 ) ) ;
#9344 = CARTESIAN_POINT ( 'NONE',  ( -1.799999999999999822, 0.7200000000000001954, 1.100000000000000311 ) ) ;
#9345 = CARTESIAN_POINT ( 'NONE',  ( -1.232199153339927689, 0.8099999999999998312, 0.07350993638377058270 ) ) ;
#9346 = CARTESIAN_POINT ( 'NONE',  ( 0.7654145042166987656, 0.8000000000000001554, -0.1678814480715202229 ) ) ;
#9347 =( NAMED_UNIT ( * ) PLANE_ANGLE_UNIT ( ) SI_UNIT ( $, .RADIAN. ) );
#9348 = VECTOR ( 'NONE', #4961, 1000.000000000000000 ) ;
#9349 = CARTESIAN_POINT ( 'NONE',  ( -1.800000000000001599, 0.05000000000000000278, -1.249999999999998224 ) ) ;
#9350 = VERTEX_POINT ( 'NONE', #9975 ) ;
#9351 = FILL_AREA_STYLE_COLOUR ( '', #9514 ) ;
#9352 = ORIENTED_EDGE ( 'NONE', *, *, #759, .F. ) ;
#9353 = ORIENTED_EDGE ( 'NONE', *, *, #695, .T. ) ;
#9354 = EDGE_CURVE ( 'NONE', #9248, #1410, #5333, .T. ) ;
#9355 = PRESENTATION_LAYER_ASSIGNMENT (  '', '', ( #6224 ) ) ;
#9356 = CARTESIAN_POINT ( 'NONE',  ( -0.1960709563135476508, 0.8000000000000003775, -0.2836615379771815215 ) ) ;
#9357 = SURFACE_STYLE_USAGE ( .BOTH. , #6259 ) ;
#9358 = CARTESIAN_POINT ( 'NONE',  ( -1.314333553700720802, 0.8099999999999999423, -0.1744009699872260677 ) ) ;
#9359 = PRESENTATION_STYLE_ASSIGNMENT (( #2891 ) ) ;
#9360 = CARTESIAN_POINT ( 'NONE',  ( -1.700000000000001954, 0.05000000000000000278, -1.249999999999999556 ) ) ;
#9361 = CARTESIAN_POINT ( 'NONE',  ( 0.7548721622043685908, 0.8100000000000001643, 0.05707946870745043283 ) ) ;
#9362 = CARTESIAN_POINT ( 'NONE',  ( -0.9255167028338273649, 0.8100000000000000533, -0.1987699973880086846 ) ) ;
#9363 = CARTESIAN_POINT ( 'NONE',  ( 1.053438089011889955, 0.8000000000000000444, -0.2438547966822987578 ) ) ;
#9364 = AXIS2_PLACEMENT_3D ( 'NONE', #7612, #8538, #3153 ) ;
#9365 = ORIENTED_EDGE ( 'NONE', *, *, #6527, .F. ) ;
#9366 = CARTESIAN_POINT ( 'NONE',  ( -0.6367085372818990230, 0.8100000000000003864, 0.1213210819162676285 ) ) ;
#9367 = MECHANICAL_DESIGN_GEOMETRIC_PRESENTATION_REPRESENTATION (  '', ( #7415 ), #9711 ) ;
#9368 =( LENGTH_UNIT ( ) NAMED_UNIT ( * ) SI_UNIT ( .MILLI., .METRE. ) );
#9369 = CARTESIAN_POINT ( 'NONE',  ( 2.000000000000002220, 0.05000000000000000278, 0.9500000000000000666 ) ) ;
#9370 = CARTESIAN_POINT ( 'NONE',  ( 0.9181242006667502675, 0.8100000000000000533, -0.1051115714039073668 ) ) ;
#9371 = CARTESIAN_POINT ( 'NONE',  ( -0.7524141865341666957, 0.8100000000000002753, -0.2773592022517658018 ) ) ;
#9372 = CARTESIAN_POINT ( 'NONE',  ( 1.989999999999998659, 0.6100000000000000977, -0.9400000000000000577 ) ) ;
#9373 = PLANE ( 'NONE',  #8324 ) ;
#9374 =( LENGTH_UNIT ( ) NAMED_UNIT ( * ) SI_UNIT ( .MILLI., .METRE. ) );
#9375 = CARTESIAN_POINT ( 'NONE',  ( -0.8721498765794666319, 0.8100000000000001643, -0.1588993942659301661 ) ) ;
#9376 = CARTESIAN_POINT ( 'NONE',  ( -1.322812929251530933, 0.8100000000000001643, 0.2503470130810971361 ) ) ;
#9377 =( GEOMETRIC_REPRESENTATION_CONTEXT ( 3 ) GLOBAL_UNCERTAINTY_ASSIGNED_CONTEXT ( ( #7149 ) ) GLOBAL_UNIT_ASSIGNED_CONTEXT ( ( #7002, #5417, #3983 ) ) REPRESENTATION_CONTEXT ( 'NONE', 'WORKASPACE' ) );
#9378 = CARTESIAN_POINT ( 'NONE',  ( -1.010441940208435918, 0.8000000000000000444, -0.1213050910843154473 ) ) ;
#9379 = VERTEX_POINT ( 'NONE', #4455 ) ;
#9380 = VECTOR ( 'NONE', #107, 1000.000000000000000 ) ;
#9381 = CIRCLE ( 'NONE', #858, 0.3041381265149094570 ) ;
#9382 = FACE_OUTER_BOUND ( 'NONE', #8505, .T. ) ;
#9383 = COLOUR_RGB ( '',0.09803921568627450844, 0.09803921568627450844, 0.09803921568627450844 ) ;
#9384 = ORIENTED_EDGE ( 'NONE', *, *, #7354, .T. ) ;
#9385 = PLANE ( 'NONE',  #6828 ) ;
#9386 = CARTESIAN_POINT ( 'NONE',  ( 1.106424468260203575, 0.8000000000000001554, -0.2699731890334267081 ) ) ;
#9387 = LINE ( 'NONE', #4593, #6911 ) ;
#9388 = VECTOR ( 'NONE', #384, 1000.000000000000000 ) ;
#9389 = DIRECTION ( 'NONE',  ( 0.0000000000000000000, 0.0000000000000000000, 1.000000000000000000 ) ) ;
#9390 = CARTESIAN_POINT ( 'NONE',  ( 1.041204508280841212, 0.7999999999999999334, 0.1537793126006191669 ) ) ;
#9391 = CARTESIAN_POINT ( 'NONE',  ( 0.6564134517977617822, 0.8000000000000002665, -0.3385644134942614181 ) ) ;
#9392 = VERTEX_POINT ( 'NONE', #9203 ) ;
#9393 = B_SPLINE_CURVE_WITH_KNOTS ( 'NONE', 3,
 ( #8241, #1223, #4317, #8387, #4474, #7615, #421, #3717, #6827, #9990, #4786, #2291, #1575, #3965, #7931, #3911, #6935, #7878, #796, #3819, #7823, #7093, #7145, #686, #8543, #6173, #742 ),
 .UNSPECIFIED., .F., .F.,
 ( 4, 1, 1, 1, 1, 1, 1, 1, 1, 1, 1, 1, 1, 1, 1, 1, 1, 1, 1, 1, 1, 1, 1, 1, 4 ),
 ( 0.0000000000000000000, 0.04015707013925900321, 0.07963175689378183819, 0.1180974765450480551, 0.1562421158998403004, 0.1938009022709647200, 0.2310648084563612092, 0.2684285966322861317, 0.3059844059670874805, 0.3435431923382120667, 0.3812357019822337212, 0.4192913245035548853, 0.4577328137778334805, 0.4967478585053030637, 0.5365834470033722381, 0.5775072338609630318, 0.6196354727237689541, 0.6626583504527312485, 0.7068841325526998842, 0.7518893019667221012, 0.7984445242630240358, 0.8463359046034960587, 0.8958451065923985768, 0.9470229670397259936, 1.000000000000000000 ),
 .UNSPECIFIED. ) ;
#9394 = FILL_AREA_STYLE ('',( #8518 ) ) ;
#9395 = EDGE_LOOP ( 'NONE', ( #2999, #9143, #6802, #4080 ) ) ;
#9396 = CIRCLE ( 'NONE', #2186, 0.2799999999999999711 ) ;
#9397 =( GEOMETRIC_REPRESENTATION_CONTEXT ( 3 ) GLOBAL_UNCERTAINTY_ASSIGNED_CONTEXT ( ( #9917 ) ) GLOBAL_UNIT_ASSIGNED_CONTEXT ( ( #2604, #4806, #3229 ) ) REPRESENTATION_CONTEXT ( 'NONE', 'WORKASPACE' ) );
#9398 = DIRECTION ( 'NONE',  ( 0.0000000000000000000, 1.000000000000000000, 0.0000000000000000000 ) ) ;
#9399 = CARTESIAN_POINT ( 'NONE',  ( -0.2751182021371599284, 0.8100000000000001643, -0.2333801668200150559 ) ) ;
#9400 = SURFACE_STYLE_USAGE ( .BOTH. , #6299 ) ;
#9401 = CARTESIAN_POINT ( 'NONE',  ( -1.089126333727317375, 0.8100000000000002753, -0.09604842783152381380 ) ) ;
#9402 =( GEOMETRIC_REPRESENTATION_CONTEXT ( 3 ) GLOBAL_UNCERTAINTY_ASSIGNED_CONTEXT ( ( #8797 ) ) GLOBAL_UNIT_ASSIGNED_CONTEXT ( ( #2561, #5436, #3947 ) ) REPRESENTATION_CONTEXT ( 'NONE', 'WORKASPACE' ) );
#9403 = FILL_AREA_STYLE_COLOUR ( '', #3085 ) ;
#9404 =( LENGTH_UNIT ( ) NAMED_UNIT ( * ) SI_UNIT ( .MILLI., .METRE. ) );
#9405 = CARTESIAN_POINT ( 'NONE',  ( 0.7618558308088644315, 0.8000000000000002665, -0.2035883719779269518 ) ) ;
#9406 = DIRECTION ( 'NONE',  ( 0.0000000000000000000, 0.0000000000000000000, 1.000000000000000000 ) ) ;
#9407 = ORIENTED_EDGE ( 'NONE', *, *, #5757, .T. ) ;
#9408 = ORIENTED_EDGE ( 'NONE', *, *, #4208, .F. ) ;
#9409 = UNCERTAINTY_MEASURE_WITH_UNIT (LENGTH_MEASURE( 1.000000000000000082E-05 ), #2827, 'distance_accuracy_value', 'NONE');
#9410 = DIRECTION ( 'NONE',  ( 0.0000000000000000000, 0.0000000000000000000, 1.000000000000000000 ) ) ;
#9411 = PRODUCT_DEFINITION_SHAPE ( 'NONE', 'NONE',  #1074 ) ;
#9412 = LINE ( 'NONE', #6212, #9795 ) ;
#9413 = LINE ( 'NONE', #7194, #5594 ) ;
#9414 = FACE_OUTER_BOUND ( 'NONE', #189, .T. ) ;
#9415 = CARTESIAN_POINT ( 'NONE',  ( -0.06705338554483704361, 0.8100000000000006084, 0.1466102923213734310 ) ) ;
#9416 = CARTESIAN_POINT ( 'NONE',  ( 1.689999999999999281, 0.6100000000000000977, 1.240000000000000435 ) ) ;
#9417 = SURFACE_SIDE_STYLE ('',( #3766 ) ) ;
#9418 = VECTOR ( 'NONE', #6521, 1000.000000000000000 ) ;
#9419 = EDGE_CURVE ( 'NONE', #9771, #6747, #8477, .T. ) ;
#9420 = CARTESIAN_POINT ( 'NONE',  ( 0.7921311989553344590, 0.8100000000000002753, -0.06156365331144025843 ) ) ;
#9421 = CARTESIAN_POINT ( 'NONE',  ( -0.3641850567202165601, 0.8100000000000001643, -0.02475394004647235580 ) ) ;
#9422 = VERTEX_POINT ( 'NONE', #2273 ) ;
#9423 = UNCERTAINTY_MEASURE_WITH_UNIT (LENGTH_MEASURE( 1.000000000000000082E-05 ), #7462, 'distance_accuracy_value', 'NONE');
#9424 = CARTESIAN_POINT ( 'NONE',  ( -0.7751456610732352370, 0.8100000000000001643, 0.2689719191907269935 ) ) ;
#9425 = VECTOR ( 'NONE', #1026, 1000.000000000000000 ) ;
#9426 = DIRECTION ( 'NONE',  ( 0.0000000000000000000, -1.000000000000000000, 0.0000000000000000000 ) ) ;
#9427 =( NAMED_UNIT ( * ) SI_UNIT ( $, .STERADIAN. ) SOLID_ANGLE_UNIT ( ) );
#9428 = CARTESIAN_POINT ( 'NONE',  ( -0.3019889471416148941, 0.8000000000000000444, -0.03859574266773356521 ) ) ;
#9429 = DIRECTION ( 'NONE',  ( -1.000000000000000000, 0.0000000000000000000, 0.0000000000000000000 ) ) ;
#9430 =( NAMED_UNIT ( * ) SI_UNIT ( $, .STERADIAN. ) SOLID_ANGLE_UNIT ( ) );
#9431 = CARTESIAN_POINT ( 'NONE',  ( -0.7108345415387581356, 0.8000000000000000444, 0.1560891153966556255 ) ) ;
#9432 = CARTESIAN_POINT ( 'NONE',  ( -0.8749448041573780754, 0.8100000000000001643, -0.1329576365895115408 ) ) ;
#9433 = CARTESIAN_POINT ( 'NONE',  ( -0.2042210899987577377, 0.8100000000000001643, -0.3463879504599413073 ) ) ;
#9434 = EDGE_LOOP ( 'NONE', ( #8531, #2274, #1064, #1135 ) ) ;
#9435 = DIRECTION ( 'NONE',  ( -1.000000000000000000, 0.0000000000000000000, 0.0000000000000000000 ) ) ;
#9436 = ORIENTED_EDGE ( 'NONE', *, *, #4979, .T. ) ;
#9437 = CARTESIAN_POINT ( 'NONE',  ( -1.799999999999999822, 0.8000000000000001554, -1.099999999999999867 ) ) ;
#9438 = CARTESIAN_POINT ( 'NONE',  ( -1.160966517191227343, 0.8000000000000002665, -0.2839786991931803617 ) ) ;
#9439 = CARTESIAN_POINT ( 'NONE',  ( -1.089126333727317375, 0.8100000000000002753, -0.09604842783152381380 ) ) ;
#9440 = PRESENTATION_LAYER_ASSIGNMENT (  '', '', ( #8944 ) ) ;
#9441 = CARTESIAN_POINT ( 'NONE',  ( 0.9138426359379681063, 0.8000000000000004885, -0.01243557831262632855 ) ) ;
#9442 = CARTESIAN_POINT ( 'NONE',  ( 0.4304785853259170403, 0.8000000000000001554, 0.2614042573322663543 ) ) ;
#9443 = CARTESIAN_POINT ( 'NONE',  ( 1.027658874949179735, 0.8000000000000001554, 0.1398890479119450914 ) ) ;
#9444 = SURFACE_STYLE_USAGE ( .BOTH. , #8819 ) ;
#9445 = ORIENTED_EDGE ( 'NONE', *, *, #6166, .F. ) ;
#9446 = LINE ( 'NONE', #8674, #2480 ) ;
#9447 = ORIENTED_EDGE ( 'NONE', *, *, #883, .F. ) ;
#9448 = AXIS2_PLACEMENT_3D ( 'NONE', #4653, #6452, #768 ) ;
#9449 = CARTESIAN_POINT ( 'NONE',  ( 1.203900344141479284, 0.8100000000000001643, 0.1948600092757132585 ) ) ;
#9450 = CARTESIAN_POINT ( 'NONE',  ( -1.000000000000000222, 0.05000000000000000278, 1.149999999999998801 ) ) ;
#9451 = SURFACE_SIDE_STYLE ('',( #7074 ) ) ;
#9452 = SURFACE_STYLE_USAGE ( .BOTH. , #874 ) ;
#9453 = CARTESIAN_POINT ( 'NONE',  ( 0.6917302621551199016, 0.8000000000000002665, 0.07137405915739543361 ) ) ;
#9454 = CARTESIAN_POINT ( 'NONE',  ( -1.155235700388368203, 0.8100000000000001643, -0.3463879504599410852 ) ) ;
#9455 = VECTOR ( 'NONE', #2393, 1000.000000000000000 ) ;
#9456 = CARTESIAN_POINT ( 'NONE',  ( -0.1038343559987557618, 0.8100000000000001643, -0.2978941788814674640 ) ) ;
#9457 = CARTESIAN_POINT ( 'NONE',  ( 1.700000000000002176, 0.05000000000000002359, 1.199999999999990852 ) ) ;
#9458 = CARTESIAN_POINT ( 'NONE',  ( 0.6682507093429900236, 0.8000000000000002665, -0.2683102258056314637 ) ) ;
#9459 = CARTESIAN_POINT ( 'NONE',  ( 0.9749247721941440847, 0.8000000000000002665, 0.1759873825338998110 ) ) ;
#9460 = ORIENTED_EDGE ( 'NONE', *, *, #6290, .T. ) ;
#9461 = LINE ( 'NONE', #2483, #1328 ) ;
#9462 = VERTEX_POINT ( 'NONE', #2935 ) ;
#9463 = COLOUR_RGB ( '',1.000000000000000000, 0.9490196078431372140, 0.9098039215686274384 ) ;
#9464 = CYLINDRICAL_SURFACE ( 'NONE', #4341, 0.02000000000000005246 ) ;
#9465 = CARTESIAN_POINT ( 'NONE',  ( -1.299891214641170967, 0.8000000000000000444, -0.2451712431717135987 ) ) ;
#9466 = CARTESIAN_POINT ( 'NONE',  ( -0.2067779081805759256, 0.8100000000000001643, -0.2840502881222789489 ) ) ;
#9467 = SURFACE_STYLE_USAGE ( .BOTH. , #2441 ) ;
#9468 = SURFACE_SIDE_STYLE ('',( #5698 ) ) ;
#9469 = CARTESIAN_POINT ( 'NONE',  ( -0.8179017375633762521, 0.8100000000000001643, -0.3419984289488350870 ) ) ;
#9470 = CARTESIAN_POINT ( 'NONE',  ( -0.2384861375009236228, 0.8100000000000003864, 0.2653701121695656862 ) ) ;
#9471 = EDGE_LOOP ( 'NONE', ( #2052, #988, #9557, #5264, #3452, #6937, #1498, #2611 ) ) ;
#9472 =( GEOMETRIC_REPRESENTATION_CONTEXT ( 3 ) GLOBAL_UNCERTAINTY_ASSIGNED_CONTEXT ( ( #6307 ) ) GLOBAL_UNIT_ASSIGNED_CONTEXT ( ( #8769, #8160, #5727 ) ) REPRESENTATION_CONTEXT ( 'NONE', 'WORKASPACE' ) );
#9473 = CARTESIAN_POINT ( 'NONE',  ( 1.000000000000000000, 0.05000000000000000278, -1.149999999999998357 ) ) ;
#9474 = LINE ( 'NONE', #357, #3950 ) ;
#9475 = MECHANICAL_DESIGN_GEOMETRIC_PRESENTATION_REPRESENTATION (  '', ( #4366 ), #5842 ) ;
#9476 = CARTESIAN_POINT ( 'NONE',  ( -0.6704142718169396886, 0.8100000000000001643, -0.2830762621482528218 ) ) ;
#9477 = DIRECTION ( 'NONE',  ( 0.0000000000000000000, 0.0000000000000000000, -1.000000000000000000 ) ) ;
#9478 = SURFACE_SIDE_STYLE ('',( #903 ) ) ;
#9479 = FACE_BOUND ( 'NONE', #3931, .T. ) ;
#9480 = CARTESIAN_POINT ( 'NONE',  ( -1.019750596364969564, 0.8000000000000000444, -0.09375644850873438019 ) ) ;
#9481 = ORIENTED_EDGE ( 'NONE', *, *, #8783, .T. ) ;
#9482 = ORIENTED_EDGE ( 'NONE', *, *, #1841, .F. ) ;
#9483 = CARTESIAN_POINT ( 'NONE',  ( -1.700000000000001954, 0.05000000000000000278, 1.249999999999998890 ) ) ;
#9484 = MECHANICAL_DESIGN_GEOMETRIC_PRESENTATION_REPRESENTATION (  '', ( #8663 ), #5041 ) ;
#9485 = FILL_AREA_STYLE ('',( #4696 ) ) ;
#9486 = MECHANICAL_DESIGN_GEOMETRIC_PRESENTATION_REPRESENTATION (  '', ( #7505 ), #5536 ) ;
#9487 = EDGE_CURVE ( 'NONE', #10014, #5738, #3589, .T. ) ;
#9488 = CARTESIAN_POINT ( 'NONE',  ( -1.201863475298283523, 0.8099999999999999423, 0.1380304192537719077 ) ) ;
#9489 = DIRECTION ( 'NONE',  ( -0.0000000000000000000, -1.000000000000000000, -0.0000000000000000000 ) ) ;
#9490 = CARTESIAN_POINT ( 'NONE',  ( 1.131773373681490780, 0.8000000000000002665, 0.2672555925380320496 ) ) ;
#9491 = PRESENTATION_STYLE_ASSIGNMENT (( #1741 ) ) ;
#9492 = EDGE_CURVE ( 'NONE', #1264, #9603, #3643, .T. ) ;
#9493 = CARTESIAN_POINT ( 'NONE',  ( 1.055748780312817825, 0.8100000000000001643, 0.1658704387259331559 ) ) ;
#9494 = SURFACE_STYLE_FILL_AREA ( #9551 ) ;
#9495 =( NAMED_UNIT ( * ) PLANE_ANGLE_UNIT ( ) SI_UNIT ( $, .RADIAN. ) );
#9496 =( NAMED_UNIT ( * ) PLANE_ANGLE_UNIT ( ) SI_UNIT ( $, .RADIAN. ) );
#9497 = ORIENTED_EDGE ( 'NONE', *, *, #4825, .T. ) ;
#9498 = CARTESIAN_POINT ( 'NONE',  ( -1.799999999999999822, 0.8000000000000001554, -1.099999999999999867 ) ) ;
#9499 = CARTESIAN_POINT ( 'NONE',  ( -0.8749888094583874176, 0.7999999999999998224, 0.05650560644631889146 ) ) ;
#9500 = EDGE_CURVE ( 'NONE', #7487, #1264, #7507, .T. ) ;
#9501 = MECHANICAL_DESIGN_GEOMETRIC_PRESENTATION_REPRESENTATION (  '', ( #3758 ), #1479 ) ;
#9502 = DIRECTION ( 'NONE',  ( -1.000000000000000000, 0.0000000000000000000, 0.0000000000000000000 ) ) ;
#9503 = CARTESIAN_POINT ( 'NONE',  ( -1.700000000000001954, 0.0000000000000000000, -1.149999999999998357 ) ) ;
#9504 = CARTESIAN_POINT ( 'NONE',  ( 2.000000000000000000, 0.6000000000000000888, -1.249999999999997780 ) ) ;
#9505 = EDGE_CURVE ( 'NONE', #6811, #6790, #9923, .T. ) ;
#9506 = CARTESIAN_POINT ( 'NONE',  ( 0.5778026980014429048, 0.8000000000000001554, -0.003446037531902915261 ) ) ;
#9507 = CARTESIAN_POINT ( 'NONE',  ( -1.187883007738987695, 0.8099999999999999423, -0.3438678387351632448 ) ) ;
#9508 = CARTESIAN_POINT ( 'NONE',  ( -0.1740699537575939870, 0.8100000000000002753, 0.2000470469116943373 ) ) ;
#9509 = PRESENTATION_STYLE_ASSIGNMENT (( #10171 ) ) ;
#9510 = CARTESIAN_POINT ( 'NONE',  ( 0.7655435203908520503, 0.8000000000000001554, -0.1728895738365647528 ) ) ;
#9511 = SURFACE_SIDE_STYLE ('',( #4000 ) ) ;
#9512 = ORIENTED_EDGE ( 'NONE', *, *, #10065, .T. ) ;
#9513 = FILL_AREA_STYLE ('',( #4769 ) ) ;
#9514 = COLOUR_RGB ( '',0.09803921568627450844, 0.09803921568627450844, 0.09803921568627450844 ) ;
#9515 = EDGE_LOOP ( 'NONE', ( #3178, #6503, #7466, #8135 ) ) ;
#9516 = UNCERTAINTY_MEASURE_WITH_UNIT (LENGTH_MEASURE( 1.000000000000000082E-05 ), #588, 'distance_accuracy_value', 'NONE');
#9517 = EDGE_CURVE ( 'NONE', #35, #7094, #5176, .T. ) ;
#9518 =( NAMED_UNIT ( * ) SI_UNIT ( $, .STERADIAN. ) SOLID_ANGLE_UNIT ( ) );
#9519 = PRESENTATION_LAYER_ASSIGNMENT (  '', '', ( #5720 ) ) ;
#9520 = COLOUR_RGB ( '',0.7960784313725489669, 0.8235294117647058432, 0.9372549019607843146 ) ;
#9521 = CARTESIAN_POINT ( 'NONE',  ( 0.7268259879233197607, 0.8000000000000003775, 0.02057633525434429331 ) ) ;
#9522 = CARTESIAN_POINT ( 'NONE',  ( -0.1677107460816930073, 0.7999999999999998224, 0.2648219046847182789 ) ) ;
#9523 = CARTESIAN_POINT ( 'NONE',  ( -0.9405361375293591619, 0.8100000000000001643, 0.001404215689057812869 ) ) ;
#9524 = CARTESIAN_POINT ( 'NONE',  ( -0.3643266094792771970, 0.8100000000000001643, -0.03835223617422705428 ) ) ;
#9525 = VECTOR ( 'NONE', #9227, 1000.000000000000114 ) ;
#9526 = MECHANICAL_DESIGN_GEOMETRIC_PRESENTATION_REPRESENTATION (  '', ( #153 ), #8359 ) ;
#9527 = ORIENTED_EDGE ( 'NONE', *, *, #4637, .T. ) ;
#9528 = UNCERTAINTY_MEASURE_WITH_UNIT (LENGTH_MEASURE( 1.000000000000000082E-05 ), #432, 'distance_accuracy_value', 'NONE');
#9529 = FILL_AREA_STYLE ('',( #8033 ) ) ;
#9530 = DIRECTION ( 'NONE',  ( -1.000000000000000000, 0.0000000000000000000, -2.168404344971003346E-15 ) ) ;
#9531 = AXIS2_PLACEMENT_3D ( 'NONE', #3659, #4363, #2700 ) ;
#9532 = CARTESIAN_POINT ( 'NONE',  ( 1.110311750872668091, 0.8000000000000003775, -0.3417631308354374675 ) ) ;
#9533 = SURFACE_STYLE_FILL_AREA ( #4174 ) ;
#9534 = MECHANICAL_DESIGN_GEOMETRIC_PRESENTATION_REPRESENTATION (  '', ( #8365 ), #2967 ) ;
#9535 =( NAMED_UNIT ( * ) PLANE_ANGLE_UNIT ( ) SI_UNIT ( $, .RADIAN. ) );
#9536 = SURFACE_STYLE_USAGE ( .BOTH. , #4022 ) ;
#9537 = EDGE_CURVE ( 'NONE', #1864, #2124, #8803, .T. ) ;
#9538 = FILL_AREA_STYLE_COLOUR ( '', #6090 ) ;
#9539 = CARTESIAN_POINT ( 'NONE',  ( -0.7867461073095276536, 0.8100000000000000533, -0.2839360223559045382 ) ) ;
#9540 = CARTESIAN_POINT ( 'NONE',  ( 1.000000000000000000, 0.05000000000000000278, -1.149999999999998357 ) ) ;
#9541 = ORIENTED_EDGE ( 'NONE', *, *, #8547, .F. ) ;
#9542 = CARTESIAN_POINT ( 'NONE',  ( 0.6552350788324106112, 0.8100000000000002753, -0.2684658725378635258 ) ) ;
#9543 = ORIENTED_EDGE ( 'NONE', *, *, #5189, .F. ) ;
#9544 = DIRECTION ( 'NONE',  ( 1.000000000000000000, -0.0000000000000000000, 0.0000000000000000000 ) ) ;
#9545 = DIRECTION ( 'NONE',  ( -3.252606517456514485E-15, 0.0000000000000000000, 1.000000000000000000 ) ) ;
#9546 = CARTESIAN_POINT ( 'NONE',  ( -1.195480398149911805, 0.8000000000000002665, -0.2761694458504717620 ) ) ;
#9547 = SURFACE_SIDE_STYLE ('',( #970 ) ) ;
#9548 = CARTESIAN_POINT ( 'NONE',  ( -1.252515783770460356, 0.8100000000000002753, -0.1737337831281456357 ) ) ;
#9549 = CARTESIAN_POINT ( 'NONE',  ( -0.7524141865341666957, 0.8000000000000002665, -0.2773592022517658018 ) ) ;
#9550 = FILL_AREA_STYLE ('',( #224 ) ) ;
#9551 = FILL_AREA_STYLE ('',( #6344 ) ) ;
#9552 = MECHANICAL_DESIGN_GEOMETRIC_PRESENTATION_REPRESENTATION (  '', ( #3802 ), #3321 ) ;
#9553 = EDGE_CURVE ( 'NONE', #35, #1633, #92, .T. ) ;
#9554 = ORIENTED_EDGE ( 'NONE', *, *, #4026, .F. ) ;
#9555 = ORIENTED_EDGE ( 'NONE', *, *, #1772, .F. ) ;
#9556 = SURFACE_STYLE_FILL_AREA ( #4043 ) ;
#9557 = ORIENTED_EDGE ( 'NONE', *, *, #8415, .T. ) ;
#9558 = CARTESIAN_POINT ( 'NONE',  ( 1.310998065845397464, 0.8100000000000001643, 0.1377029586309676257 ) ) ;
#9559 =( GEOMETRIC_REPRESENTATION_CONTEXT ( 3 ) GLOBAL_UNCERTAINTY_ASSIGNED_CONTEXT ( ( #8360 ) ) GLOBAL_UNIT_ASSIGNED_CONTEXT ( ( #2021, #5128, #6808 ) ) REPRESENTATION_CONTEXT ( 'NONE', 'WORKASPACE' ) );
#9560 = FILL_AREA_STYLE_COLOUR ( '', #1161 ) ;
#9561 = CARTESIAN_POINT ( 'NONE',  ( -0.2955264999560899830, 0.7999999999999996003, -0.1588993942659304159 ) ) ;
#9562 = SURFACE_STYLE_FILL_AREA ( #9712 ) ;
#9563 = CARTESIAN_POINT ( 'NONE',  ( -1.305279984936000393, 0.8100000000000003864, -0.2276011967976178108 ) ) ;
#9564 = SURFACE_SIDE_STYLE ('',( #5484 ) ) ;
#9565 = CARTESIAN_POINT ( 'NONE',  ( 0.7435292706374880822, 0.8100000000000002753, -0.1076122491961680888 ) ) ;
#9566 = CARTESIAN_POINT ( 'NONE',  ( 0.7549147341443860348, 0.7999999999999999334, -0.2212409438307308129 ) ) ;
#9567 = B_SPLINE_CURVE_WITH_KNOTS ( 'NONE', 3,
 ( #3368, #7033, #7252, #3157, #1001, #3313, #6265, #7198, #2443, #9420, #7978, #5500, #4785, #202, #6477, #7930, #7144, #4831, #795 ),
 .UNSPECIFIED., .F., .F.,
 ( 4, 1, 1, 1, 1, 1, 1, 1, 1, 1, 1, 1, 1, 1, 1, 1, 4 ),
 ( 0.0000000000000000000, 0.07011727593801064806, 0.1369609568469774552, 0.2014968188481068290, 0.2637117777106872119, 0.3237954007412569557, 0.3826104934449570671, 0.4409568623826701228, 0.4989442006097211668, 0.5571489948918736390, 0.6154246194944613668, 0.6744519351137616692, 0.7349780549154415477, 0.7972178732457946282, 0.8621162655498988414, 0.9294958646609361441, 1.000000000000000000 ),
 .UNSPECIFIED. ) ;
#9568 = CARTESIAN_POINT ( 'NONE',  ( 1.023265779056520053, 0.7999999999999999334, 0.2241995966568164078 ) ) ;
#9569 = EDGE_CURVE ( 'NONE', #1896, #3201, #8580, .T. ) ;
#9570 = EDGE_LOOP ( 'NONE', ( #8618, #2909, #9407, #5360 ) ) ;
#9571 = ORIENTED_EDGE ( 'NONE', *, *, #2762, .F. ) ;
#9572 = CARTESIAN_POINT ( 'NONE',  ( -1.131638918273453642, 0.8000000000000002665, -0.03624826544659759398 ) ) ;
#9573 = COLOUR_RGB ( '',0.09803921568627450844, 0.09803921568627450844, 0.09803921568627450844 ) ;
#9574 = CARTESIAN_POINT ( 'NONE',  ( -0.2885008862050205680, 0.8100000000000004974, -0.3161270151794528527 ) ) ;
#9575 = CARTESIAN_POINT ( 'NONE',  ( 0.7192805436847531375, 0.8000000000000007105, 0.01302893385769464396 ) ) ;
#9576 = FILL_AREA_STYLE ('',( #4829 ) ) ;
#9577 =( NAMED_UNIT ( * ) SI_UNIT ( $, .STERADIAN. ) SOLID_ANGLE_UNIT ( ) );
#9578 = CARTESIAN_POINT ( 'NONE',  ( -2.000000000000001776, 0.0000000000000000000, -0.9499999999999996225 ) ) ;
#9579 = EDGE_CURVE ( 'NONE', #4900, #1899, #2320, .T. ) ;
#9580 = FILL_AREA_STYLE_COLOUR ( '', #4434 ) ;
#9581 = CARTESIAN_POINT ( 'NONE',  ( 0.7655435203908520503, 0.8000000000000001554, -0.1728895738365647528 ) ) ;
#9582 = VECTOR ( 'NONE', #1515, 1000.000000000000000 ) ;
#9583 = ORIENTED_EDGE ( 'NONE', *, *, #1138, .T. ) ;
#9584 = DIRECTION ( 'NONE',  ( -0.0000000000000000000, -1.000000000000000000, -0.0000000000000000000 ) ) ;
#9585 = CARTESIAN_POINT ( 'NONE',  ( -1.322768167920835847, 0.8000000000000001554, 0.2614042573322666319 ) ) ;
#9586 = CARTESIAN_POINT ( 'NONE',  ( 0.4928162476635793987, 0.8100000000000001643, 0.2614042573322663543 ) ) ;
#9587 = DIRECTION ( 'NONE',  ( -1.000000000000000000, 0.0000000000000000000, -0.0000000000000000000 ) ) ;
#9588 = DIRECTION ( 'NONE',  ( -0.0000000000000000000, -0.0000000000000000000, -1.000000000000000000 ) ) ;
#9589 = PRESENTATION_STYLE_ASSIGNMENT (( #9007 ) ) ;
#9590 = SURFACE_SIDE_STYLE ('',( #6440 ) ) ;
#9591 = VERTEX_POINT ( 'NONE', #9457 ) ;
#9592 = ORIENTED_EDGE ( 'NONE', *, *, #7428, .T. ) ;
#9593 = FACE_OUTER_BOUND ( 'NONE', #229, .T. ) ;
#9594 = CARTESIAN_POINT ( 'NONE',  ( 0.9997429487942814941, 0.8000000000000002665, -0.1706201170461517647 ) ) ;
#9595 = DIRECTION ( 'NONE',  ( -0.0000000000000000000, -1.000000000000000000, -0.0000000000000000000 ) ) ;
#9596 = CARTESIAN_POINT ( 'NONE',  ( -1.232419913452722726, 0.8000000000000000444, -0.2434656287323684887 ) ) ;
#9597 = FACE_OUTER_BOUND ( 'NONE', #9395, .T. ) ;
#9598 = STYLED_ITEM ( 'NONE', ( #6542 ), #3223 ) ;
#9599 = CARTESIAN_POINT ( 'NONE',  ( 0.7689961185625155959, 0.8099999999999999423, -0.3119796961363203169 ) ) ;
#9600 = FILL_AREA_STYLE_COLOUR ( '', #7304 ) ;
#9601 = FILL_AREA_STYLE_COLOUR ( '', #8679 ) ;
#9602 = CARTESIAN_POINT ( 'NONE',  ( -1.237053882206550215, 0.8000000000000001554, 0.1912743872023965064 ) ) ;
#9603 = VERTEX_POINT ( 'NONE', #8777 ) ;
#9604 = CARTESIAN_POINT ( 'NONE',  ( -1.799999999999999822, 0.8000000000000001554, -1.099999999999999867 ) ) ;
#9605 =( GEOMETRIC_REPRESENTATION_CONTEXT ( 3 ) GLOBAL_UNCERTAINTY_ASSIGNED_CONTEXT ( ( #368 ) ) GLOBAL_UNIT_ASSIGNED_CONTEXT ( ( #3826, #65, #9430 ) ) REPRESENTATION_CONTEXT ( 'NONE', 'WORKASPACE' ) );
#9606 = DIRECTION ( 'NONE',  ( 0.0000000000000000000, -0.0000000000000000000, 1.000000000000000000 ) ) ;
#9607 = CARTESIAN_POINT ( 'NONE',  ( 1.373335728183059823, 0.8000000000000001554, -0.04249184656383766384 ) ) ;
#9608 = CARTESIAN_POINT ( 'NONE',  ( -1.032652843012795918, 0.8099999999999999423, -0.06656928102479039988 ) ) ;
#9609 = CARTESIAN_POINT ( 'NONE',  ( 1.258570370001049765, 0.8000000000000000444, -0.3266499269537526118 ) ) ;
#9610 = CARTESIAN_POINT ( 'NONE',  ( -0.1221854826163050745, 0.8100000000000002753, 0.1246360452344275199 ) ) ;
#9611 = SURFACE_SIDE_STYLE ('',( #3897 ) ) ;
#9612 = PRESENTATION_LAYER_ASSIGNMENT (  '', '', ( #7478 ) ) ;
#9613 = CARTESIAN_POINT ( 'NONE',  ( 0.9388917746557573496, 0.8000000000000001554, 0.1114449333602981901 ) ) ;
#9614 = EDGE_LOOP ( 'NONE', ( #978, #7566, #9638, #2405 ) ) ;
#9615 = CARTESIAN_POINT ( 'NONE',  ( 1.044327435335577814, 0.8100000000000001643, -0.2360145920784587903 ) ) ;
#9616 = UNCERTAINTY_MEASURE_WITH_UNIT (LENGTH_MEASURE( 1.000000000000000082E-05 ), #979, 'distance_accuracy_value', 'NONE');
#9617 = CARTESIAN_POINT ( 'NONE',  ( -2.000000000000002220, 0.05000000000000000278, 0.9500000000000001776 ) ) ;
#9618 = CARTESIAN_POINT ( 'NONE',  ( -0.7797486874013552782, 0.8100000000000001643, 0.2068588027868120960 ) ) ;
#9619 = CARTESIAN_POINT ( 'NONE',  ( -0.2031253107779785461, 0.8100000000000001643, 0.2068588027868118739 ) ) ;
#9620 =( NAMED_UNIT ( * ) SI_UNIT ( $, .STERADIAN. ) SOLID_ANGLE_UNIT ( ) );
#9621 = FILL_AREA_STYLE ('',( #4166 ) ) ;
#9622 = EDGE_CURVE ( 'NONE', #5687, #2576, #1190, .T. ) ;
#9623 = CARTESIAN_POINT ( 'NONE',  ( 0.4304785853259170403, 0.8000000000000001554, -0.3385957426677335680 ) ) ;
#9624 = EDGE_CURVE ( 'NONE', #3132, #1757, #1476, .T. ) ;
#9625 = SURFACE_STYLE_FILL_AREA ( #3964 ) ;
#9626 = DIRECTION ( 'NONE',  ( 0.0000000000000000000, 1.000000000000000000, 0.0000000000000000000 ) ) ;
#9627 = VERTEX_POINT ( 'NONE', #778 ) ;
#9628 = UNCERTAINTY_MEASURE_WITH_UNIT (LENGTH_MEASURE( 1.000000000000000082E-05 ), #8630, 'distance_accuracy_value', 'NONE');
#9629 = AXIS2_PLACEMENT_3D ( 'NONE', #1980, #9982, #6726 ) ;
#9630 = EDGE_CURVE ( 'NONE', #3540, #9078, #1654, .T. ) ;
#9631 = CARTESIAN_POINT ( 'NONE',  ( 0.8277482735661993996, 0.8100000000000001643, -0.1676507290365069902 ) ) ;
#9632 = CARTESIAN_POINT ( 'NONE',  ( -0.9182309932029373289, 0.8100000000000002753, 0.1523561850608664003 ) ) ;
#9633 = DIRECTION ( 'NONE',  ( 3.252606517456515274E-15, 0.0000000000000000000, 1.000000000000000000 ) ) ;
#9634 =( NAMED_UNIT ( * ) SI_UNIT ( $, .STERADIAN. ) SOLID_ANGLE_UNIT ( ) );
#9635 = FILL_AREA_STYLE ('',( #6439 ) ) ;
#9636 = CARTESIAN_POINT ( 'NONE',  ( -2.000000000000000000, 0.6000000000000000888, -1.249999999999999556 ) ) ;
#9637 =( GEOMETRIC_REPRESENTATION_CONTEXT ( 3 ) GLOBAL_UNCERTAINTY_ASSIGNED_CONTEXT ( ( #6517 ) ) GLOBAL_UNIT_ASSIGNED_CONTEXT ( ( #1852, #6401, #4144 ) ) REPRESENTATION_CONTEXT ( 'NONE', 'WORKASPACE' ) );
#9638 = ORIENTED_EDGE ( 'NONE', *, *, #2033, .T. ) ;
#9639 = ORIENTED_EDGE ( 'NONE', *, *, #6009, .F. ) ;
#9640 = SURFACE_STYLE_FILL_AREA ( #164 ) ;
#9641 = CARTESIAN_POINT ( 'NONE',  ( -0.7697422482736605565, 0.8100000000000000533, 0.2065145937873865134 ) ) ;
#9642 = CIRCLE ( 'NONE', #276, 0.1999999999999994282 ) ;
#9643 = CARTESIAN_POINT ( 'NONE',  ( -1.237053882206550215, 0.8100000000000001643, 0.1912743872023965064 ) ) ;
#9644 = LINE ( 'NONE', #4034, #698 ) ;
#9645 = STYLED_ITEM ( 'NONE', ( #3732 ), #5413 ) ;
#9646 = FILL_AREA_STYLE ('',( #6494 ) ) ;
#9647 =( NAMED_UNIT ( * ) SI_UNIT ( $, .STERADIAN. ) SOLID_ANGLE_UNIT ( ) );
#9648 = CARTESIAN_POINT ( 'NONE',  ( 0.7439034895769230937, 0.8100000000000000533, -0.3259812022447761692 ) ) ;
#9649 = CARTESIAN_POINT ( 'NONE',  ( 0.9999999999999997780, 0.05000000000000000278, -0.3500000000000001443 ) ) ;
#9650 = SURFACE_STYLE_FILL_AREA ( #9850 ) ;
#9651 = EDGE_LOOP ( 'NONE', ( #729, #9259, #6631, #6012 ) ) ;
#9652 = SURFACE_STYLE_USAGE ( .BOTH. , #7063 ) ;
#9653 = COLOUR_RGB ( '',0.09803921568627450844, 0.09803921568627450844, 0.09803921568627450844 ) ;
#9654 = ORIENTED_EDGE ( 'NONE', *, *, #4787, .T. ) ;
#9655 = CIRCLE ( 'NONE', #2278, 0.2999999999999999334 ) ;
#9656 = ORIENTED_EDGE ( 'NONE', *, *, #9128, .F. ) ;
#9657 = CARTESIAN_POINT ( 'NONE',  ( -0.7815749861026538570, 0.8000000000000001554, 0.2691964651244743711 ) ) ;
#9658 = CARTESIAN_POINT ( 'NONE',  ( -0.7335259633642162713, 0.8000000000000000444, 0.1871459774479252158 ) ) ;
#9659 = STYLED_ITEM ( 'NONE', ( #1609 ), #6840 ) ;
#9660 = CARTESIAN_POINT ( 'NONE',  ( 1.344085241853858914, 0.8100000000000002753, -0.2370612263724404811 ) ) ;
#9661 = AXIS2_PLACEMENT_3D ( 'NONE', #6692, #4430, #2766 ) ;
#9662 = CARTESIAN_POINT ( 'NONE',  ( -0.2830119744529308035, 0.8100000000000001643, 0.2422586355007999848 ) ) ;
#9663 = CARTESIAN_POINT ( 'NONE',  ( -0.2983214275340011490, 0.8000000000000001554, -0.1329576365895116796 ) ) ;
#9664 = CARTESIAN_POINT ( 'NONE',  ( 0.6606312399241471844, 0.8100000000000001643, -0.07408378445771840459 ) ) ;
#9665 = CARTESIAN_POINT ( 'NONE',  ( 0.9136788009700650415, 0.8000000000000001554, -0.02791964745189350408 ) ) ;
#9666 = ADVANCED_FACE ( 'NONE', ( #3142 ), #7963, .F. ) ;
#9667 = VERTEX_POINT ( 'NONE', #9767 ) ;
#9668 = LINE ( 'NONE', #8888, #149 ) ;
#9669 = ORIENTED_EDGE ( 'NONE', *, *, #5569, .T. ) ;
#9670 = EDGE_CURVE ( 'NONE', #8466, #4575, #1088, .T. ) ;
#9671 = CARTESIAN_POINT ( 'NONE',  ( -1.066571073958949789, 0.8000000000000000444, -0.1585169561894177737 ) ) ;
#9672 = CARTESIAN_POINT ( 'NONE',  ( -0.09528417329224705967, 0.8100000000000001643, 0.2090018205210316393 ) ) ;
#9673 = CARTESIAN_POINT ( 'NONE',  ( -1.322812929251530933, 0.8000000000000001554, 0.2503470130810971361 ) ) ;
#9674 = DIRECTION ( 'NONE',  ( 1.000000000000000000, 0.0000000000000000000, -2.282530889443168008E-16 ) ) ;
#9675 = CIRCLE ( 'NONE', #2132, 0.1999999999999994282 ) ;
#9676 = CARTESIAN_POINT ( 'NONE',  ( -0.9009800310819833236, 0.8100000000000001643, -0.2680366577904280123 ) ) ;
#9677 = CARTESIAN_POINT ( 'NONE',  ( 1.500000000000000222, 0.7200000000000001954, -1.100000000000000089 ) ) ;
#9678 = ORIENTED_EDGE ( 'NONE', *, *, #9753, .T. ) ;
#9679 = CARTESIAN_POINT ( 'NONE',  ( 1.238771301138917424, 0.8100000000000004974, -0.2553041940955312339 ) ) ;
#9680 = PRESENTATION_STYLE_ASSIGNMENT (( #6077 ) ) ;
#9681 = FILL_AREA_STYLE ('',( #7986 ) ) ;
#9682 = CARTESIAN_POINT ( 'NONE',  ( -0.3019889471416148941, 0.8100000000000001643, -0.03859574266773356521 ) ) ;
#9683 = PLANE ( 'NONE',  #4091 ) ;
#9684 = PRESENTATION_STYLE_ASSIGNMENT (( #1061 ) ) ;
#9685 = DIRECTION ( 'NONE',  ( -1.000000000000000000, 0.0000000000000000000, -0.0000000000000000000 ) ) ;
#9686 = FACE_OUTER_BOUND ( 'NONE', #2173, .T. ) ;
#9687 = CARTESIAN_POINT ( 'NONE',  ( 1.163311377533709612, 0.8000000000000002665, 0.1990665949946039959 ) ) ;
#9688 = EDGE_CURVE ( 'NONE', #4749, #559, #6557, .T. ) ;
#9689 = ORIENTED_EDGE ( 'NONE', *, *, #8969, .F. ) ;
#9690 = EDGE_LOOP ( 'NONE', ( #810, #4401, #5439, #4946 ) ) ;
#9691 =( NAMED_UNIT ( * ) PLANE_ANGLE_UNIT ( ) SI_UNIT ( $, .RADIAN. ) );
#9692 = EDGE_CURVE ( 'NONE', #5962, #9422, #4198, .T. ) ;
#9693 = CARTESIAN_POINT ( 'NONE',  ( 0.9851126227641089361, 0.8000000000000001554, -0.1265673582534462827 ) ) ;
#9694 = VECTOR ( 'NONE', #4844, 1000.000000000000000 ) ;
#9695 =( NAMED_UNIT ( * ) SI_UNIT ( $, .STERADIAN. ) SOLID_ANGLE_UNIT ( ) );
#9696 = CARTESIAN_POINT ( 'NONE',  ( -0.2915558241555160635, 0.8100000000000000533, 0.1055331639106950742 ) ) ;
#9697 = CARTESIAN_POINT ( 'NONE',  ( 1.273407091777071676, 0.8000000000000002665, -0.2245624962131211044 ) ) ;
#9698 = CARTESIAN_POINT ( 'NONE',  ( -1.237738008173912441, 0.7999999999999997113, -0.2339483547682696674 ) ) ;
#9699 = CARTESIAN_POINT ( 'NONE',  ( 0.8278811827285144087, 0.8000000000000000444, -0.1732548335768245018 ) ) ;
#9700 = CARTESIAN_POINT ( 'NONE',  ( -0.7322774501658564361, 0.8100000000000001643, -0.3379037307884834584 ) ) ;
#9701 = EDGE_LOOP ( 'NONE', ( #1289, #6667, #3541, #4761 ) ) ;
#9702 = STYLED_ITEM ( 'NONE', ( #7951 ), #505 ) ;
#9703 =( NAMED_UNIT ( * ) PLANE_ANGLE_UNIT ( ) SI_UNIT ( $, .RADIAN. ) );
#9704 = ORIENTED_EDGE ( 'NONE', *, *, #5569, .F. ) ;
#9705 = DIRECTION ( 'NONE',  ( 0.0000000000000000000, 1.000000000000000000, 0.0000000000000000000 ) ) ;
#9706 = ORIENTED_EDGE ( 'NONE', *, *, #6587, .F. ) ;
#9707 = CARTESIAN_POINT ( 'NONE',  ( -0.6268609162529799050, 0.8000000000000001554, 0.06388807473244538515 ) ) ;
#9708 = SURFACE_STYLE_FILL_AREA ( #2086 ) ;
#9709 = DIRECTION ( 'NONE',  ( -0.0000000000000000000, -1.000000000000000000, -0.0000000000000000000 ) ) ;
#9710 = STYLED_ITEM ( 'NONE', ( #8167 ), #9747 ) ;
#9711 =( GEOMETRIC_REPRESENTATION_CONTEXT ( 3 ) GLOBAL_UNCERTAINTY_ASSIGNED_CONTEXT ( ( #1823 ) ) GLOBAL_UNIT_ASSIGNED_CONTEXT ( ( #994, #4927, #5791 ) ) REPRESENTATION_CONTEXT ( 'NONE', 'WORKASPACE' ) );
#9712 = FILL_AREA_STYLE ('',( #344 ) ) ;
#9713 = CARTESIAN_POINT ( 'NONE',  ( 1.338452945971782659, 0.8100000000000000533, -0.2484949036153751567 ) ) ;
#9714 = CARTESIAN_POINT ( 'NONE',  ( 1.143224169393867617, 0.8100000000000002753, 0.1984716352287417829 ) ) ;
#9715 = CARTESIAN_POINT ( 'NONE',  ( -0.8786123237649915430, 0.8000000000000001554, -0.03859574266773335011 ) ) ;
#9716 = EDGE_LOOP ( 'NONE', ( #2964, #7291, #8280, #5058 ) ) ;
#9717 =( NAMED_UNIT ( * ) PLANE_ANGLE_UNIT ( ) SI_UNIT ( $, .RADIAN. ) );
#9718 = ORIENTED_EDGE ( 'NONE', *, *, #6815, .F. ) ;
#9719 = VECTOR ( 'NONE', #406, 1000.000000000000000 ) ;
#9720 = CARTESIAN_POINT ( 'NONE',  ( 0.4928162476635793987, 0.8100000000000001643, -0.2684658725378634703 ) ) ;
#9721 = DIRECTION ( 'NONE',  ( -0.0000000000000000000, -1.000000000000000000, -0.0000000000000000000 ) ) ;
#9722 = CARTESIAN_POINT ( 'NONE',  ( -0.1507694939970798953, 0.8100000000000001643, 0.2585183525809113259 ) ) ;
#9723 = MECHANICAL_DESIGN_GEOMETRIC_PRESENTATION_REPRESENTATION (  '', ( #7079 ), #2013 ) ;
#9724 = CARTESIAN_POINT ( 'NONE',  ( 0.8005790183380978586, 0.8000000000000001554, -0.07269913898183830159 ) ) ;
#9725 = VECTOR ( 'NONE', #6796, 1000.000000000000000 ) ;
#9726 = CARTESIAN_POINT ( 'NONE',  ( 0.6719587195249665523, 0.8000000000000001554, 0.04185595785078267961 ) ) ;
#9727 = CARTESIAN_POINT ( 'NONE',  ( -1.000000000000000000, 0.0000000000000000000, -1.149999999999998357 ) ) ;
#9728 = PRESENTATION_STYLE_ASSIGNMENT (( #5178 ) ) ;
#9729 = CARTESIAN_POINT ( 'NONE',  ( -0.8505758958802689396, 0.8100000000000001643, -0.3272312879514736039 ) ) ;
#9730 = FACE_OUTER_BOUND ( 'NONE', #2544, .T. ) ;
#9731 = EDGE_LOOP ( 'NONE', ( #5156, #7605, #1684, #7903 ) ) ;
#9732 = UNCERTAINTY_MEASURE_WITH_UNIT (LENGTH_MEASURE( 1.000000000000000082E-05 ), #7317, 'distance_accuracy_value', 'NONE');
#9733 = DIRECTION ( 'NONE',  ( -0.0000000000000000000, -1.000000000000000000, -0.0000000000000000000 ) ) ;
#9734 = B_SPLINE_SURFACE_WITH_KNOTS ( 'NONE', 3, 1, ( 
 ( #5407, #67 ),
 ( #9539, #8554 ),
 ( #1541, #2502 ),
 ( #4640, #3219 ),
 ( #3118, #806 ),
 ( #5614, #4842 ),
 ( #7048, #16 ),
 ( #6944, #6329 ),
 ( #4746, #7992 ),
 ( #3827, #3872 ),
 ( #6993, #1630 ),
 ( #3173, #10148 ),
 ( #6228, #8657 ),
 ( #9375, #8604 ),
 ( #9432, #2401 ),
 ( #9741, #8855 ),
 ( #5712, #211 ),
 ( #4895, #1983 ),
 ( #4271, #958 ) ),
 .UNSPECIFIED., .F., .F., .F.,
 ( 4, 1, 1, 1, 1, 1, 1, 1, 1, 1, 1, 1, 1, 1, 1, 1, 4 ),
 ( 2, 2 ),
 ( 0.0000000000000000000, 0.03482063987272221439, 0.06892303662010072773, 0.1030674831944850822, 0.1390259289950690758, 0.1768773708661630639, 0.2173596739505502806, 0.2613252067966569947, 0.3091893022218825671, 0.3632013239127582227, 0.4250772414693028689, 0.4964697288138597564, 0.5776522482993702301, 0.6680098148504958200, 0.7686706938896563646, 0.8792878375891129972, 1.000000000000000000 ),
 ( 0.0000000000000000000, 1.000000000000000000 ),
 .UNSPECIFIED. ) ;
#9735 = CARTESIAN_POINT ( 'NONE',  ( -0.2751182021371599284, 0.8100000000000001643, -0.2333801668200150559 ) ) ;
#9736 = EDGE_CURVE ( 'NONE', #5625, #2139, #8061, .T. ) ;
#9737 =( NAMED_UNIT ( * ) SI_UNIT ( $, .STERADIAN. ) SOLID_ANGLE_UNIT ( ) );
#9738 = CARTESIAN_POINT ( 'NONE',  ( -0.7639504075931471405, 0.8000000000000000444, -0.3458988213405394530 ) ) ;
#9739 = VECTOR ( 'NONE', #9050, 1000.000000000000000 ) ;
#9740 = DIRECTION ( 'NONE',  ( 1.000000000000000000, 0.0000000000000000000, -0.0000000000000000000 ) ) ;
#9741 = CARTESIAN_POINT ( 'NONE',  ( -0.8771754089246641684, 0.8100000000000000533, -0.1041327010836543970 ) ) ;
#9742 = ORIENTED_EDGE ( 'NONE', *, *, #2777, .F. ) ;
#9743 = CARTESIAN_POINT ( 'NONE',  ( -0.3085212060552218194, 0.8000000000000001554, 0.2160824072274388497 ) ) ;
#9744 = SURFACE_STYLE_FILL_AREA ( #4032 ) ;
#9745 = SURFACE_STYLE_USAGE ( .BOTH. , #3481 ) ;
#9746 = CARTESIAN_POINT ( 'NONE',  ( -0.2066694041368397905, 0.8100000000000002753, 0.2067320204147045093 ) ) ;
#9747 = ADVANCED_FACE ( 'NONE', ( #4155 ), #3536, .T. ) ;
#9748 =( NAMED_UNIT ( * ) PLANE_ANGLE_UNIT ( ) SI_UNIT ( $, .RADIAN. ) );
#9749 = SURFACE_SIDE_STYLE ('',( #221 ) ) ;
#9750 = DIRECTION ( 'NONE',  ( 0.0000000000000000000, 0.0000000000000000000, 1.000000000000000000 ) ) ;
#9751 = CARTESIAN_POINT ( 'NONE',  ( 0.7834850372673293206, 0.8000000000000001554, -0.2991730860243702605 ) ) ;
#9752 = CARTESIAN_POINT ( 'NONE',  ( -1.155235700388368203, 0.8000000000000001554, -0.3463879504599410852 ) ) ;
#9753 = EDGE_CURVE ( 'NONE', #7594, #687, #3355, .T. ) ;
#9754 = VECTOR ( 'NONE', #7858, 1000.000000000000227 ) ;
#9755 = CARTESIAN_POINT ( 'NONE',  ( -0.7867461073095276536, 0.8100000000000000533, -0.2839360223559045382 ) ) ;
#9756 = VERTEX_POINT ( 'NONE', #5784 ) ;
#9757 = SURFACE_STYLE_USAGE ( .BOTH. , #4330 ) ;
#9758 = B_SPLINE_CURVE_WITH_KNOTS ( 'NONE', 3,
 ( #6772, #2849, #5964, #9110, #6018, #5186, #4403, #7559, #9935, #2888, #4622, #1467, #1374, #10086, #7767, #10179, #9356, #787, #734 ),
 .UNSPECIFIED., .F., .F.,
 ( 4, 1, 1, 1, 1, 1, 1, 1, 1, 1, 1, 1, 1, 1, 1, 1, 4 ),
 ( 0.0000000000000000000, 0.1203760720986963018, 0.2307892890246537321, 0.3305412134213607245, 0.4205869266342565638, 0.5007002821282953153, 0.5711525390240546063, 0.6324761629055820622, 0.6850177329828034400, 0.7317551824460793997, 0.7753044359569037924, 0.8157921199715243432, 0.8541714020480321023, 0.8907255372625700884, 0.9267356746237944698, 0.9631365825032481842, 1.000000000000000000 ),
 .UNSPECIFIED. ) ;
#9759 = EDGE_LOOP ( 'NONE', ( #5348, #9035, #6643, #3830, #3392, #1975 ) ) ;
#9760 = CARTESIAN_POINT ( 'NONE',  ( 0.7378808712864136643, 0.8100000000000004974, -0.2431844328866938909 ) ) ;
#9761 = CARTESIAN_POINT ( 'NONE',  ( -0.8029702274133784234, 0.8000000000000002665, -0.2811000192437413947 ) ) ;
#9762 = VECTOR ( 'NONE', #4918, 1000.000000000000000 ) ;
#9763 = EDGE_CURVE ( 'NONE', #9591, #7080, #8934, .T. ) ;
#9764 = CARTESIAN_POINT ( 'NONE',  ( -0.6704142718169396886, 0.8100000000000001643, -0.2830762621482528218 ) ) ;
#9765 = CARTESIAN_POINT ( 'NONE',  ( -0.2690625405964887640, 0.7999999999999997113, 0.2522336301823540627 ) ) ;
#9766 = B_SPLINE_CURVE_WITH_KNOTS ( 'NONE', 3,
 ( #7308, #8143, #7207, #1116, #1013, #4223, #2703 ),
 .UNSPECIFIED., .F., .F.,
 ( 4, 1, 1, 1, 4 ),
 ( 0.0000000000000000000, 0.2455632980715652114, 0.4938879426857762378, 0.7446127763470704597, 1.000000000000000000 ),
 .UNSPECIFIED. ) ;
#9767 = CARTESIAN_POINT ( 'NONE',  ( 1.950000000000008837, 0.6000000000000000888, -0.9499999999999979572 ) ) ;
#9768 = CARTESIAN_POINT ( 'NONE',  ( 0.6390418970142287547, 0.8000000000000001554, -0.07366067773266866958 ) ) ;
#9769 = CARTESIAN_POINT ( 'NONE',  ( 0.9136788009700650415, 0.8100000000000001643, -0.02791964745189350408 ) ) ;
#9770 =( NAMED_UNIT ( * ) PLANE_ANGLE_UNIT ( ) SI_UNIT ( $, .RADIAN. ) );
#9771 = VERTEX_POINT ( 'NONE', #6653 ) ;
#9772 =( LENGTH_UNIT ( ) NAMED_UNIT ( * ) SI_UNIT ( .MILLI., .METRE. ) );
#9773 =( NAMED_UNIT ( * ) PLANE_ANGLE_UNIT ( ) SI_UNIT ( $, .RADIAN. ) );
#9774 = FACE_OUTER_BOUND ( 'NONE', #9816, .T. ) ;
#9775 = CARTESIAN_POINT ( 'NONE',  ( -1.293121961817235821, 0.8000000000000001554, -0.2612511604801152076 ) ) ;
#9776 = CARTESIAN_POINT ( 'NONE',  ( -0.2049516094792772358, 0.8100000000000001643, 0.2691964651244741491 ) ) ;
#9777 = MECHANICAL_DESIGN_GEOMETRIC_PRESENTATION_REPRESENTATION (  '', ( #8944 ), #8780 ) ;
#9778 = CARTESIAN_POINT ( 'NONE',  ( 0.8274886604280552449, 0.8000000000000004885, -0.1567041611636912912 ) ) ;
#9779 = CARTESIAN_POINT ( 'NONE',  ( 0.6996425583045730034, 0.8000000000000002665, 0.08446030330299339473 ) ) ;
#9780 = CARTESIAN_POINT ( 'NONE',  ( 0.6026199043418265511, 0.8100000000000003864, -0.001900569303893620944 ) ) ;
#9781 = MECHANICAL_DESIGN_GEOMETRIC_PRESENTATION_REPRESENTATION (  '', ( #6308 ), #3538 ) ;
#9782 = CARTESIAN_POINT ( 'NONE',  ( 0.6552350788324105002, 0.8100000000000001643, -0.2684658725378634703 ) ) ;
#9783 = CARTESIAN_POINT ( 'NONE',  ( -0.2355395803753622119, 0.8100000000000001643, -0.2771381956654688228 ) ) ;
#9784 = PRESENTATION_STYLE_ASSIGNMENT (( #5807 ) ) ;
#9785 = FACE_OUTER_BOUND ( 'NONE', #3991, .T. ) ;
#9786 = EDGE_LOOP ( 'NONE', ( #5618, #4748, #7996, #8598 ) ) ;
#9787 = COLOUR_RGB ( '',0.09803921568627450844, 0.09803921568627450844, 0.09803921568627450844 ) ;
#9788 = EDGE_CURVE ( 'NONE', #7852, #1732, #1107, .T. ) ;
#9789 = CARTESIAN_POINT ( 'NONE',  ( -0.3639127609059824575, 0.8000000000000001554, 0.001404215689057597112 ) ) ;
#9790 = CARTESIAN_POINT ( 'NONE',  ( 0.6923143799730669956, 0.8100000000000002753, -0.2651590786154660040 ) ) ;
#9791 = CIRCLE ( 'NONE', #7988, 0.02000000000000005246 ) ;
#9792 = FILL_AREA_STYLE ('',( #6538 ) ) ;
#9793 = LINE ( 'NONE', #6785, #3476 ) ;
#9794 = CARTESIAN_POINT ( 'NONE',  ( 2.000000000000001776, 0.0000000000000000000, -0.9499999999999997335 ) ) ;
#9795 = VECTOR ( 'NONE', #8432, 1000.000000000000000 ) ;
#9796 = FILL_AREA_STYLE_COLOUR ( '', #4414 ) ;
#9797 = B_SPLINE_CURVE_WITH_KNOTS ( 'NONE', 3,
 ( #2019, #460, #6806, #5892, #9147, #5226, #3636, #3544, #8221, #9096, #2985, #9970, #1406, #7595, #6709, #2065, #6113, #4302, #2778 ),
 .UNSPECIFIED., .F., .F.,
 ( 4, 1, 1, 1, 1, 1, 1, 1, 1, 1, 1, 1, 1, 1, 1, 1, 4 ),
 ( 0.0000000000000000000, 0.09461484262909478082, 0.1836834623759331930, 0.2670219024662581764, 0.3451095466059844741, 0.4178374162441568784, 0.4855421053389514241, 0.5487752445457690920, 0.6077562862289904722, 0.6628684891831972958, 0.7144579905412643539, 0.7630693177096039559, 0.8100590634505961951, 0.8560639889199529451, 0.9024574209556276427, 0.9500767445819811030, 1.000000000000000000 ),
 .UNSPECIFIED. ) ;
#9798 = CARTESIAN_POINT ( 'NONE',  ( -0.5279629731156409989, 0.8100000000000001643, 0.1756899716179807780 ) ) ;
#9799 =( NAMED_UNIT ( * ) PLANE_ANGLE_UNIT ( ) SI_UNIT ( $, .RADIAN. ) );
#9800 = ORIENTED_EDGE ( 'NONE', *, *, #6215, .T. ) ;
#9801 = ORIENTED_EDGE ( 'NONE', *, *, #6153, .T. ) ;
#9802 = EDGE_CURVE ( 'NONE', #7326, #2340, #8440, .T. ) ;
#9803 = ORIENTED_EDGE ( 'NONE', *, *, #7935, .F. ) ;
#9804 = PRESENTATION_LAYER_ASSIGNMENT (  '', '', ( #5194 ) ) ;
#9805 = LINE ( 'NONE', #6043, #10143 ) ;
#9806 = MECHANICAL_DESIGN_GEOMETRIC_PRESENTATION_REPRESENTATION (  '', ( #111 ), #9637 ) ;
#9807 = EDGE_CURVE ( 'NONE', #5440, #2732, #7087, .T. ) ;
#9808 = ADVANCED_FACE ( 'NONE', ( #5163 ), #9912, .T. ) ;
#9809 = CARTESIAN_POINT ( 'NONE',  ( 1.700000000000001288, 0.05000000000000000278, 1.199999999999998623 ) ) ;
#9810 = CARTESIAN_POINT ( 'NONE',  ( -0.2101227306861511157, 0.8000000000000002665, -0.2839360223559048713 ) ) ;
#9811 = SURFACE_STYLE_USAGE ( .BOTH. , #3402 ) ;
#9812 = VECTOR ( 'NONE', #1114, 1000.000000000000000 ) ;
#9813 = CARTESIAN_POINT ( 'NONE',  ( 0.9138426359379681063, 0.8000000000000004885, -0.01243557831262632855 ) ) ;
#9814 = ORIENTED_EDGE ( 'NONE', *, *, #5686, .F. ) ;
#9815 = FILL_AREA_STYLE_COLOUR ( '', #6694 ) ;
#9816 = EDGE_LOOP ( 'NONE', ( #9237, #6402, #1302, #3615 ) ) ;
#9817 = B_SPLINE_SURFACE_WITH_KNOTS ( 'NONE', 3, 1, ( 
 ( #1387, #3222 ),
 ( #6333, #2506 ),
 ( #859, #4028 ),
 ( #6278, #3271 ),
 ( #5516, #809 ),
 ( #3977, #1586 ),
 ( #22, #908 ) ),
 .UNSPECIFIED., .F., .F., .F.,
 ( 4, 1, 1, 1, 4 ),
 ( 2, 2 ),
 ( 0.0000000000000000000, 0.2455632980715652114, 0.4938879426857762378, 0.7446127763470704597, 1.000000000000000000 ),
 ( 0.0000000000000000000, 1.000000000000000000 ),
 .UNSPECIFIED. ) ;
#9818 = EDGE_CURVE ( 'NONE', #231, #3540, #5977, .T. ) ;
#9819 = UNCERTAINTY_MEASURE_WITH_UNIT (LENGTH_MEASURE( 1.000000000000000082E-05 ), #5630, 'distance_accuracy_value', 'NONE');
#9820 = EDGE_CURVE ( 'NONE', #9851, #20, #7114, .T. ) ;
#9821 = AXIS2_PLACEMENT_3D ( 'NONE', #8266, #1144, #6611 ) ;
#9822 = SURFACE_STYLE_USAGE ( .BOTH. , #3246 ) ;
#9823 = LINE ( 'NONE', #8417, #5272 ) ;
#9824 = STYLED_ITEM ( 'NONE', ( #4834 ), #5643 ) ;
#9825 = CARTESIAN_POINT ( 'NONE',  ( -0.9104113996249624252, 0.8000000000000001554, -0.2472462122259278250 ) ) ;
#9826 = CARTESIAN_POINT ( 'NONE',  ( -1.203094978612625043, 0.8000000000000005995, -0.3403587380326948963 ) ) ;
#9827 = CARTESIAN_POINT ( 'NONE',  ( -0.06705338554483704361, 0.8100000000000006084, 0.1466102923213734310 ) ) ;
#9828 = CARTESIAN_POINT ( 'NONE',  ( -1.303558259522544560, 0.8100000000000004974, 0.1777836982661313292 ) ) ;
#9829 = CARTESIAN_POINT ( 'NONE',  ( -0.6483702039739476231, 0.8000000000000007105, -0.2385620643775048511 ) ) ;
#9830 = CARTESIAN_POINT ( 'NONE',  ( 1.689999999999999281, 0.7000000000000000666, 0.9400000000000005018 ) ) ;
#9831 = DIRECTION ( 'NONE',  ( 0.0000000000000000000, 0.0000000000000000000, -1.000000000000000000 ) ) ;
#9832 = CARTESIAN_POINT ( 'NONE',  ( 1.192572863005744388, 0.7999999999999999334, -0.2732056537954249409 ) ) ;
#9833 = ORIENTED_EDGE ( 'NONE', *, *, #7995, .F. ) ;
#9834 = UNCERTAINTY_MEASURE_WITH_UNIT (LENGTH_MEASURE( 1.000000000000000082E-05 ), #6839, 'distance_accuracy_value', 'NONE');
#9835 = SURFACE_STYLE_FILL_AREA ( #8327 ) ;
#9836 = VECTOR ( 'NONE', #2518, 1000.000000000000000 ) ;
#9837 = CARTESIAN_POINT ( 'NONE',  ( 1.689999999999998836, 0.6100000000000000977, -0.9400000000000000577 ) ) ;
#9838 = SURFACE_STYLE_FILL_AREA ( #6730 ) ;
#9839 = COLOUR_RGB ( '',0.09803921568627450844, 0.09803921568627450844, 0.09803921568627450844 ) ;
#9840 = AXIS2_PLACEMENT_3D ( 'NONE', #959, #17, #2402 ) ;
#9841 = DIRECTION ( 'NONE',  ( -0.0000000000000000000, -1.000000000000000000, -0.0000000000000000000 ) ) ;
#9842 = CARTESIAN_POINT ( 'NONE',  ( 0.7500828611045904371, 0.8000000000000000444, -0.2291685178030359871 ) ) ;
#9843 = CARTESIAN_POINT ( 'NONE',  ( -0.2812765757114126797, 0.8100000000000001643, 0.1426182430721536776 ) ) ;
#9844 = EDGE_CURVE ( 'NONE', #9281, #4391, #2982, .T. ) ;
#9845 = COLOUR_RGB ( '',1.000000000000000000, 0.9490196078431372140, 0.9098039215686274384 ) ;
#9846 = CARTESIAN_POINT ( 'NONE',  ( -1.700000000000001954, 0.05000000000000000278, -1.249999999999998446 ) ) ;
#9847 = SURFACE_SIDE_STYLE ('',( #2605 ) ) ;
#9848 = PRESENTATION_LAYER_ASSIGNMENT (  '', '', ( #10166 ) ) ;
#9849 = CARTESIAN_POINT ( 'NONE',  ( -1.321816549582753852, 0.8000000000000000444, 0.2390602048920075218 ) ) ;
#9850 = FILL_AREA_STYLE ('',( #1849 ) ) ;
#9851 = VERTEX_POINT ( 'NONE', #5420 ) ;
#9852 = DIRECTION ( 'NONE',  ( 2.710505431213766508E-16, 0.0000000000000000000, 1.000000000000000000 ) ) ;
#9853 = ORIENTED_EDGE ( 'NONE', *, *, #4518, .T. ) ;
#9854 = MECHANICAL_DESIGN_GEOMETRIC_PRESENTATION_REPRESENTATION (  '', ( #8534 ), #3314 ) ;
#9855 = FACE_OUTER_BOUND ( 'NONE', #96, .T. ) ;
#9856 = DIRECTION ( 'NONE',  ( -0.0000000000000000000, -1.000000000000000000, -0.0000000000000000000 ) ) ;
#9857 =( NAMED_UNIT ( * ) PLANE_ANGLE_UNIT ( ) SI_UNIT ( $, .RADIAN. ) );
#9858 = CARTESIAN_POINT ( 'NONE',  ( -1.700000000000001954, 0.05000000000000000278, 1.249999999999998890 ) ) ;
#9859 = B_SPLINE_CURVE_WITH_KNOTS ( 'NONE', 3,
 ( #5907, #4267, #8950, #8233, #3468, #3653, #1216, #5963, #9679, #5854, #1926, #9054, #1110, #8999, #9109 ),
 .UNSPECIFIED., .F., .F.,
 ( 4, 1, 1, 1, 1, 1, 1, 1, 1, 1, 1, 1, 4 ),
 ( 0.0000000000000000000, 0.1127637884701892523, 0.2122965935194748854, 0.3003597345435974897, 0.3772258941717883118, 0.4488605810418261899, 0.5212542585843975562, 0.5947535958431323655, 0.6711958399937263398, 0.7497814487269274242, 0.8304411004918744732, 0.9133100095204436109, 1.000000000000000000 ),
 .UNSPECIFIED. ) ;
#9860 = EDGE_CURVE ( 'NONE', #9291, #1264, #3928, .T. ) ;
#9861 = CARTESIAN_POINT ( 'NONE',  ( -0.2963238874333399275, 0.8100000000000000533, 0.2303976099240628295 ) ) ;
#9862 = CIRCLE ( 'NONE', #5920, 0.2999999999999999334 ) ;
#9863 =( LENGTH_UNIT ( ) NAMED_UNIT ( * ) SI_UNIT ( .MILLI., .METRE. ) );
#9864 = CARTESIAN_POINT ( 'NONE',  ( 0.7621772843250707030, 0.8000000000000000444, -0.1439633992269067353 ) ) ;
#9865 = PRESENTATION_LAYER_ASSIGNMENT (  '', '', ( #2152 ) ) ;
#9866 = SURFACE_STYLE_USAGE ( .BOTH. , #9032 ) ;
#9867 = ORIENTED_EDGE ( 'NONE', *, *, #5135, .F. ) ;
#9868 = ORIENTED_EDGE ( 'NONE', *, *, #4908, .F. ) ;
#9869 = VECTOR ( 'NONE', #3045, 1000.000000000000000 ) ;
#9870 = COLOUR_RGB ( '',1.000000000000000000, 0.8078431372549019773, 0.4980392156862745168 ) ;
#9871 = COLOUR_RGB ( '',0.09803921568627450844, 0.09803921568627450844, 0.09803921568627450844 ) ;
#9872 = SURFACE_STYLE_USAGE ( .BOTH. , #5170 ) ;
#9873 = CARTESIAN_POINT ( 'NONE',  ( -0.8651242628283973835, 0.8000000000000004885, -0.3161270151794526306 ) ) ;
#9874 = DIRECTION ( 'NONE',  ( 0.0000000000000000000, 0.0000000000000000000, -1.000000000000000000 ) ) ;
#9875 = CARTESIAN_POINT ( 'NONE',  ( 1.800000000000000266, 0.7200000000000001954, -1.120000000000000107 ) ) ;
#9876 = ADVANCED_FACE ( 'NONE', ( #3130 ), #805, .T. ) ;
#9877 = CARTESIAN_POINT ( 'NONE',  ( 0.7478760932401522510, 0.8000000000000001554, -0.02651821235046915651 ) ) ;
#9878 = CARTESIAN_POINT ( 'NONE',  ( 1.700000000000002176, 0.05000000000000000278, 1.149999999999998801 ) ) ;
#9879 = CARTESIAN_POINT ( 'NONE',  ( 0.9764066220733336188, 0.8099999999999998312, -0.01017772008526617381 ) ) ;
#9880 =( GEOMETRIC_REPRESENTATION_CONTEXT ( 3 ) GLOBAL_UNCERTAINTY_ASSIGNED_CONTEXT ( ( #3258 ) ) GLOBAL_UNIT_ASSIGNED_CONTEXT ( ( #8717, #5003, #8152 ) ) REPRESENTATION_CONTEXT ( 'NONE', 'WORKASPACE' ) );
#9881 = VECTOR ( 'NONE', #5580, 1000.000000000000000 ) ;
#9882 = FILL_AREA_STYLE_COLOUR ( '', #3181 ) ;
#9883 = ADVANCED_FACE ( 'NONE', ( #1076 ), #2560, .F. ) ;
#9884 = STYLED_ITEM ( 'NONE', ( #2077 ), #8601 ) ;
#9885 = EDGE_LOOP ( 'NONE', ( #5012, #73, #7437, #7279 ) ) ;
#9886 = DIRECTION ( 'NONE',  ( -1.807003620809173646E-16, 0.0000000000000000000, 1.000000000000000000 ) ) ;
#9887 = TOROIDAL_SURFACE ( 'NONE', #8079, 0.2799999999999999711, 0.02000000000000000042 ) ;
#9888 = LINE ( 'NONE', #6070, #7061 ) ;
#9889 = EDGE_CURVE ( 'NONE', #3540, #9462, #4263, .T. ) ;
#9890 = CARTESIAN_POINT ( 'NONE',  ( -0.2812765757114126797, 0.8000000000000001554, 0.1426182430721536776 ) ) ;
#9891 = CARTESIAN_POINT ( 'NONE',  ( -0.7751467600497990995, 0.8000000000000001554, -0.3462229863033962629 ) ) ;
#9892 = LINE ( 'NONE', #7472, #10041 ) ;
#9893 = DIRECTION ( 'NONE',  ( -1.000000000000000000, 0.0000000000000000000, 0.0000000000000000000 ) ) ;
#9894 = COLOUR_RGB ( '',1.000000000000000000, 0.8078431372549019773, 0.4980392156862745168 ) ;
#9895 = VECTOR ( 'NONE', #4816, 1000.000000000000000 ) ;
#9896 = VECTOR ( 'NONE', #7527, 1000.000000000000000 ) ;
#9897 = VERTEX_POINT ( 'NONE', #741 ) ;
#9898 = CARTESIAN_POINT ( 'NONE',  ( 0.7587636270348183665, 0.8000000000000001554, -0.2127153644053295101 ) ) ;
#9899 = CARTESIAN_POINT ( 'NONE',  ( 1.162946117793449696, 0.8100000000000001643, -0.04249184656383755282 ) ) ;
#9900 = CARTESIAN_POINT ( 'NONE',  ( -0.1221854826163050745, 0.8100000000000002753, 0.1246360452344275199 ) ) ;
#9901 = PRESENTATION_STYLE_ASSIGNMENT (( #6592 ) ) ;
#9902 = LINE ( 'NONE', #1941, #701 ) ;
#9903 = SURFACE_SIDE_STYLE ('',( #7624 ) ) ;
#9904 = CARTESIAN_POINT ( 'NONE',  ( 2.000000000000001776, 0.6000000000000000888, -1.049999999999998268 ) ) ;
#9905 = ORIENTED_EDGE ( 'NONE', *, *, #391, .F. ) ;
#9906 =( GEOMETRIC_REPRESENTATION_CONTEXT ( 3 ) GLOBAL_UNCERTAINTY_ASSIGNED_CONTEXT ( ( #1004 ) ) GLOBAL_UNIT_ASSIGNED_CONTEXT ( ( #6545, #8921, #3023 ) ) REPRESENTATION_CONTEXT ( 'NONE', 'WORKASPACE' ) );
#9907 = FILL_AREA_STYLE_COLOUR ( '', #1812 ) ;
#9908 = CARTESIAN_POINT ( 'NONE',  ( 1.700000000000001732, 0.6100000000000000977, -1.199999999999996847 ) ) ;
#9909 = LINE ( 'NONE', #3444, #1346 ) ;
#9910 = FILL_AREA_STYLE_COLOUR ( '', #3154 ) ;
#9911 = CARTESIAN_POINT ( 'NONE',  ( -1.990000000000000879, 0.6100000000000000977, 0.9400000000000005018 ) ) ;
#9912 = PLANE ( 'NONE',  #6089 ) ;
#9913 = CARTESIAN_POINT ( 'NONE',  ( -0.7045288038924701901, 0.8100000000000003864, -0.2200471004612732651 ) ) ;
#9914 = ORIENTED_EDGE ( 'NONE', *, *, #10118, .F. ) ;
#9915 = FILL_AREA_STYLE_COLOUR ( '', #1978 ) ;
#9916 = VERTEX_POINT ( 'NONE', #9798 ) ;
#9917 = UNCERTAINTY_MEASURE_WITH_UNIT (LENGTH_MEASURE( 1.000000000000000082E-05 ), #2604, 'distance_accuracy_value', 'NONE');
#9918 = STYLED_ITEM ( 'NONE', ( #9028 ), #3010 ) ;
#9919 = CARTESIAN_POINT ( 'NONE',  ( -1.065667435544118913, 0.8100000000000002753, -0.1832439401608575436 ) ) ;
#9920 = PRESENTATION_STYLE_ASSIGNMENT (( #1964 ) ) ;
#9921 = CARTESIAN_POINT ( 'NONE',  ( -0.8179017375633762521, 0.8000000000000001554, -0.3419984289488350870 ) ) ;
#9922 = CARTESIAN_POINT ( 'NONE',  ( -1.690000000000001501, 0.6100000000000000977, -0.9399999999999996136 ) ) ;
#9923 = LINE ( 'NONE', #616, #681 ) ;
#9924 = CARTESIAN_POINT ( 'NONE',  ( -0.05667367302309494342, 0.8000000000000004885, -0.1828574044858319037 ) ) ;
#9925 = CARTESIAN_POINT ( 'NONE',  ( -1.012759598405133188, 0.8100000000000003864, -0.2401459548941218825 ) ) ;
#9926 = VERTEX_POINT ( 'NONE', #6130 ) ;
#9927 = B_SPLINE_CURVE_WITH_KNOTS ( 'NONE', 3,
 ( #5473, #5418, #8615, #1596, #32, #3184, #918, #8668, #1639, #7897, #866, #3984, #3484, #2660, #9549, #6543, #1789, #6450, #4909 ),
 .UNSPECIFIED., .F., .F.,
 ( 4, 1, 1, 1, 1, 1, 1, 1, 1, 1, 1, 1, 1, 1, 1, 1, 4 ),
 ( 0.0000000000000000000, 0.1203760720986962740, 0.2307892890246536766, 0.3305412134213606690, 0.4205869266342565638, 0.5007002821282953153, 0.5711525390240546063, 0.6324761629055820622, 0.6850177329828035511, 0.7317551824460793997, 0.7753044359569037924, 0.8157921199715244542, 0.8541714020480321023, 0.8907255372625699774, 0.9267356746237943588, 0.9631365825032484063, 1.000000000000000000 ),
 .UNSPECIFIED. ) ;
#9928 = CARTESIAN_POINT ( 'NONE',  ( -1.899999999999999911, 0.05000000000000000278, 0.3500000000000004219 ) ) ;
#9929 = CARTESIAN_POINT ( 'NONE',  ( 1.290113014819824544, 0.8100000000000003864, -0.1935435592563530538 ) ) ;
#9930 = VERTEX_POINT ( 'NONE', #6025 ) ;
#9931 = EDGE_LOOP ( 'NONE', ( #2187, #1518, #8171, #2469 ) ) ;
#9932 = UNCERTAINTY_MEASURE_WITH_UNIT (LENGTH_MEASURE( 1.000000000000000082E-05 ), #9374, 'distance_accuracy_value', 'NONE');
#9933 = CARTESIAN_POINT ( 'NONE',  ( -0.8782920688114440599, 0.7999999999999999334, -0.004536512551859485549 ) ) ;
#9934 = EDGE_CURVE ( 'NONE', #2576, #5435, #8386, .T. ) ;
#9935 = CARTESIAN_POINT ( 'NONE',  ( -0.1279054272690933192, 0.8000000000000000444, -0.2200471004612733483 ) ) ;
#9936 = COLOUR_RGB ( '',1.000000000000000000, 0.8078431372549019773, 0.4980392156862745168 ) ;
#9937 = LINE ( 'NONE', #4466, #6810 ) ;
#9938 = PLANE ( 'NONE',  #3360 ) ;
#9939 = CARTESIAN_POINT ( 'NONE',  ( -0.2673990348811044471, 0.8000000000000002665, 0.1686973907083550439 ) ) ;
#9940 =( NAMED_UNIT ( * ) PLANE_ANGLE_UNIT ( ) SI_UNIT ( $, .RADIAN. ) );
#9941 = CARTESIAN_POINT ( 'NONE',  ( -1.187883007738987695, 0.7999999999999999334, -0.3438678387351632448 ) ) ;
#9942 = MECHANICAL_DESIGN_GEOMETRIC_PRESENTATION_REPRESENTATION (  '', ( #7478 ), #4509 ) ;
#9943 = VECTOR ( 'NONE', #8670, 1000.000000000000000 ) ;
#9944 = VERTEX_POINT ( 'NONE', #10044 ) ;
#9945 = CARTESIAN_POINT ( 'NONE',  ( -0.2049516094792772358, 0.7999999999999999334, 0.2691964651244741491 ) ) ;
#9946 = EDGE_CURVE ( 'NONE', #571, #5962, #2894, .T. ) ;
#9947 = CARTESIAN_POINT ( 'NONE',  ( 0.7130756925424757142, 0.8100000000000003864, -0.2587335401215697939 ) ) ;
#9948 = SURFACE_STYLE_USAGE ( .BOTH. , #3667 ) ;
#9949 = CARTESIAN_POINT ( 'NONE',  ( -0.1834140427638129567, 0.7999999999999999334, 0.2038730212101720618 ) ) ;
#9950 = DIRECTION ( 'NONE',  ( 0.0000000000000000000, 0.0000000000000000000, 1.000000000000000000 ) ) ;
#9951 = CARTESIAN_POINT ( 'NONE',  ( 0.9135954684428003736, 0.8100000000000002753, -0.03579541799240900518 ) ) ;
#9952 = SURFACE_STYLE_FILL_AREA ( #3671 ) ;
#9953 = LINE ( 'NONE', #434, #8374 ) ;
#9954 =( LENGTH_UNIT ( ) NAMED_UNIT ( * ) SI_UNIT ( .MILLI., .METRE. ) );
#9955 = SURFACE_STYLE_USAGE ( .BOTH. , #10102 ) ;
#9956 = VERTEX_POINT ( 'NONE', #5244 ) ;
#9957 = CARTESIAN_POINT ( 'NONE',  ( 1.899999999999999911, 0.05000000000000000278, -0.3500000000000001998 ) ) ;
#9958 = ORIENTED_EDGE ( 'NONE', *, *, #3585, .F. ) ;
#9959 = AXIS2_PLACEMENT_3D ( 'NONE', #3905, #6819, #2178 ) ;
#9960 = CARTESIAN_POINT ( 'NONE',  ( -0.1757908099107899635, 0.8100000000000002753, -0.2773592022517659683 ) ) ;
#9961 = CARTESIAN_POINT ( 'NONE',  ( 1.143845975200104448, 0.8000000000000000444, -0.2760809804325662919 ) ) ;
#9962 = SURFACE_STYLE_FILL_AREA ( #550 ) ;
#9963 = LINE ( 'NONE', #9858, #3800 ) ;
#9964 = CARTESIAN_POINT ( 'NONE',  ( 1.365543520390852361, 0.8000000000000001554, -0.1671671712391622489 ) ) ;
#9965 = AXIS2_PLACEMENT_3D ( 'NONE', #6873, #2330, #9410 ) ;
#9966 = CARTESIAN_POINT ( 'NONE',  ( -0.7255584563704933210, 0.8000000000000004885, 0.1783679799842599334 ) ) ;
#9967 = CARTESIAN_POINT ( 'NONE',  ( -0.2031253107779785461, 0.8100000000000001643, 0.2068588027868118739 ) ) ;
#9968 = CARTESIAN_POINT ( 'NONE',  ( -0.7343982661848709181, 0.8099999999999999423, -0.2647261486837396705 ) ) ;
#9969 = ORIENTED_EDGE ( 'NONE', *, *, #7086, .F. ) ;
#9970 = CARTESIAN_POINT ( 'NONE',  ( -0.6838215988206240992, 0.8100000000000001643, 0.2251253455114073931 ) ) ;
#9971 = CARTESIAN_POINT ( 'NONE',  ( -0.7044812188522990848, 0.8100000000000001643, -0.3218505470780828603 ) ) ;
#9972 = DIRECTION ( 'NONE',  ( -0.0000000000000000000, -1.000000000000000000, -0.0000000000000000000 ) ) ;
#9973 = CARTESIAN_POINT ( 'NONE',  ( -1.259392769964347902, 0.8000000000000002665, 0.1062494839043667538 ) ) ;
#9974 = ADVANCED_FACE ( 'NONE', ( #1474 ), #5298, .T. ) ;
#9975 = CARTESIAN_POINT ( 'NONE',  ( -0.04484608999875776270, 0.8100000000000001643, -0.03835223617422705428 ) ) ;
#9976 = FILL_AREA_STYLE ('',( #9882 ) ) ;
#9977 = CARTESIAN_POINT ( 'NONE',  ( 1.163198182263800451, 0.8100000000000002753, -0.2760995222270490324 ) ) ;
#9978 = VERTEX_POINT ( 'NONE', #3208 ) ;
#9979 = COLOUR_RGB ( '',0.09803921568627450844, 0.09803921568627450844, 0.09803921568627450844 ) ;
#9980 = CARTESIAN_POINT ( 'NONE',  ( 0.4304785853259170403, 0.8100000000000001643, -0.3385957426677335680 ) ) ;
#9981 = PLANE ( 'NONE',  #10124 ) ;
#9982 = DIRECTION ( 'NONE',  ( -1.000000000000000000, -0.0000000000000000000, -0.0000000000000000000 ) ) ;
#9983 = DIRECTION ( 'NONE',  ( -1.807003620809173646E-16, 0.0000000000000000000, -1.000000000000000000 ) ) ;
#9984 = LINE ( 'NONE', #4468, #6135 ) ;
#9985 = CARTESIAN_POINT ( 'NONE',  ( -0.8456859172198655239, 0.7999999999999997113, 0.2522336301823542848 ) ) ;
#9986 = VECTOR ( 'NONE', #8020, 1000.000000000000000 ) ;
#9987 = CARTESIAN_POINT ( 'NONE',  ( 1.364402559834032580, 0.8000000000000002665, -0.1724108254839678278 ) ) ;
#9988 = CIRCLE ( 'NONE', #5027, 0.3199999999999999512 ) ;
#9989 = CARTESIAN_POINT ( 'NONE',  ( 1.353900499534719026, 0.8099999999999999423, -0.2115424283432368879 ) ) ;
#9990 = CARTESIAN_POINT ( 'NONE',  ( 1.037200817985892254, 0.8100000000000002753, 0.2335554400722967550 ) ) ;
#9991 = ORIENTED_EDGE ( 'NONE', *, *, #6034, .F. ) ;
#9992 = SURFACE_STYLE_USAGE ( .BOTH. , #7618 ) ;
#9993 = CARTESIAN_POINT ( 'NONE',  ( -0.7108345415387581356, 0.8100000000000000533, 0.1560891153966556255 ) ) ;
#9994 =( NAMED_UNIT ( * ) SI_UNIT ( $, .STERADIAN. ) SOLID_ANGLE_UNIT ( ) );
#9995 = CARTESIAN_POINT ( 'NONE',  ( -0.7110050564462127021, 0.8100000000000001643, -0.2342854547357039741 ) ) ;
#9996 = FILL_AREA_STYLE ('',( #2092 ) ) ;
#9997 =( NAMED_UNIT ( * ) SI_UNIT ( $, .STERADIAN. ) SOLID_ANGLE_UNIT ( ) );
#9998 = SURFACE_STYLE_USAGE ( .BOTH. , #9903 ) ;
#9999 = CIRCLE ( 'NONE', #8689, 0.2999999999999999334 ) ;
#10000 = CARTESIAN_POINT ( 'NONE',  ( 1.700000000000001288, 0.05000000000000000278, 1.149999999999997025 ) ) ;
#10001 = PRESENTATION_STYLE_ASSIGNMENT (( #9324 ) ) ;
#10002 = FILL_AREA_STYLE ('',( #597 ) ) ;
#10003 = EDGE_CURVE ( 'NONE', #658, #1403, #9567, .T. ) ;
#10004 = ORIENTED_EDGE ( 'NONE', *, *, #2786, .F. ) ;
#10005 = CARTESIAN_POINT ( 'NONE',  ( -0.1086248185274247408, 0.8100000000000002753, -0.1047810790333545128 ) ) ;
#10006 = CARTESIAN_POINT ( 'NONE',  ( -0.3589160607799363745, 0.8000000000000003775, -0.1411969333653854408 ) ) ;
#10007 =( GEOMETRIC_REPRESENTATION_CONTEXT ( 3 ) GLOBAL_UNCERTAINTY_ASSIGNED_CONTEXT ( ( #9409 ) ) GLOBAL_UNIT_ASSIGNED_CONTEXT ( ( #2827, #9770, #402 ) ) REPRESENTATION_CONTEXT ( 'NONE', 'WORKASPACE' ) );
#10008 = CARTESIAN_POINT ( 'NONE',  ( 0.9940876355125620734, 0.7999999999999999334, -0.1567077664659033143 ) ) ;
#10009 = CARTESIAN_POINT ( 'NONE',  ( -1.107900835312578991, 0.8100000000000001643, -0.06663106220582315498 ) ) ;
#10010 = CARTESIAN_POINT ( 'NONE',  ( 1.820000000000000284, 0.7200000000000001954, -0.8000000000000001554 ) ) ;
#10011 = EDGE_CURVE ( 'NONE', #9956, #2980, #1819, .T. ) ;
#10012 = CARTESIAN_POINT ( 'NONE',  ( 0.9136768659670547743, 0.8100000000000003864, -0.04379324420162934717 ) ) ;
#10013 = CARTESIAN_POINT ( 'NONE',  ( -0.7815749861026538570, 0.8000000000000001554, 0.2691964651244743711 ) ) ;
#10014 = VERTEX_POINT ( 'NONE', #947 ) ;
#10015 = B_SPLINE_CURVE_WITH_KNOTS ( 'NONE', 3,
 ( #2631, #7350, #8128, #1256, #8943, #1052, #1918, #9827, #6618, #5745, #9672, #306, #463, #2836, #9722, #3459, #358, #5954, #9776 ),
 .UNSPECIFIED., .F., .F.,
 ( 4, 1, 1, 1, 1, 1, 1, 1, 1, 1, 1, 1, 1, 1, 1, 1, 4 ),
 ( 0.0000000000000000000, 0.09461484262909476695, 0.1836834623759331098, 0.2670219024662580654, 0.3451095466059843075, 0.4178374162441567674, 0.4855421053389512576, 0.5487752445457689809, 0.6077562862289902501, 0.6628684891831970738, 0.7144579905412640208, 0.7630693177096038449, 0.8100590634505960841, 0.8560639889199529451, 0.9024574209556276427, 0.9500767445819809920, 0.9999999999999998890 ),
 .UNSPECIFIED. ) ;
#10016 = ORIENTED_EDGE ( 'NONE', *, *, #8150, .T. ) ;
#10017 = UNCERTAINTY_MEASURE_WITH_UNIT (LENGTH_MEASURE( 1.000000000000000082E-05 ), #9863, 'distance_accuracy_value', 'NONE');
#10018 =( LENGTH_UNIT ( ) NAMED_UNIT ( * ) SI_UNIT ( .MILLI., .METRE. ) );
#10019 = DIRECTION ( 'NONE',  ( -0.0000000000000000000, -1.000000000000000000, -0.0000000000000000000 ) ) ;
#10020 = VECTOR ( 'NONE', #5393, 1000.000000000000000 ) ;
#10021 = CARTESIAN_POINT ( 'NONE',  ( 1.700000000000000844, 0.6100000000000000977, 1.199999999999998401 ) ) ;
#10022 = CARTESIAN_POINT ( 'NONE',  ( 1.041204508280841212, 0.8000000000000000444, 0.1537793126006191669 ) ) ;
#10023 = CARTESIAN_POINT ( 'NONE',  ( -0.1859603443353187724, 0.8000000000000001554, 0.2685331899991256210 ) ) ;
#10024 = CARTESIAN_POINT ( 'NONE',  ( 0.7235475243941774659, 0.8000000000000000444, -0.09039334122994710508 ) ) ;
#10025 = CARTESIAN_POINT ( 'NONE',  ( -0.04520121573251319191, 0.8100000000000002753, -0.07807543968415905922 ) ) ;
#10026 = CARTESIAN_POINT ( 'NONE',  ( 1.689999999999998836, 0.7000000000000000666, -1.239999999999999991 ) ) ;
#10027 = VERTEX_POINT ( 'NONE', #3253 ) ;
#10028 = FACE_OUTER_BOUND ( 'NONE', #2534, .T. ) ;
#10029 = TOROIDAL_SURFACE ( 'NONE', #9036, 0.2799999999999999711, 0.02000000000000000042 ) ;
#10030 = AXIS2_PLACEMENT_3D ( 'NONE', #1175, #7525, #4276 ) ;
#10031 = ORIENTED_EDGE ( 'NONE', *, *, #6957, .F. ) ;
#10032 = UNCERTAINTY_MEASURE_WITH_UNIT (LENGTH_MEASURE( 1.000000000000000082E-05 ), #8504, 'distance_accuracy_value', 'NONE');
#10033 = CARTESIAN_POINT ( 'NONE',  ( -0.8005336656107711057, 0.8000000000000003775, 0.2040627350160153231 ) ) ;
#10034 = DIRECTION ( 'NONE',  ( -1.000000000000000000, 0.0000000000000000000, 0.0000000000000000000 ) ) ;
#10035 = CARTESIAN_POINT ( 'NONE',  ( -0.3589160607799363745, 0.8100000000000003864, -0.1411969333653854408 ) ) ;
#10036 = CARTESIAN_POINT ( 'NONE',  ( 1.299504657903268967, 0.8100000000000004974, 0.2333817041199026943 ) ) ;
#10037 = PLANE ( 'NONE',  #382 ) ;
#10038 = MECHANICAL_DESIGN_GEOMETRIC_PRESENTATION_REPRESENTATION (  '', ( #8404 ), #1865 ) ;
#10039 =( NAMED_UNIT ( * ) SI_UNIT ( $, .STERADIAN. ) SOLID_ANGLE_UNIT ( ) );
#10040 = VECTOR ( 'NONE', #7395, 1000.000000000000000 ) ;
#10041 = VECTOR ( 'NONE', #3602, 1000.000000000000000 ) ;
#10042 = VECTOR ( 'NONE', #8328, 1000.000000000000114 ) ;
#10043 = CARTESIAN_POINT ( 'NONE',  ( 0.7752531383805759679, 0.8100000000000002753, 0.09044907889121650557 ) ) ;
#10044 = CARTESIAN_POINT ( 'NONE',  ( 1.373335728183060045, 0.8100000000000001643, -0.04249184656383755282 ) ) ;
#10045 = DIRECTION ( 'NONE',  ( 0.0000000000000000000, 0.0000000000000000000, -1.000000000000000000 ) ) ;
#10046 = ORIENTED_EDGE ( 'NONE', *, *, #9220, .T. ) ;
#10047 = EDGE_CURVE ( 'NONE', #9916, #4897, #2392, .T. ) ;
#10048 = CARTESIAN_POINT ( 'NONE',  ( -0.6312085470810466781, 0.8100000000000000533, 0.09372027392458531780 ) ) ;
#10049 =( GEOMETRIC_REPRESENTATION_CONTEXT ( 3 ) GLOBAL_UNCERTAINTY_ASSIGNED_CONTEXT ( ( #5282 ) ) GLOBAL_UNIT_ASSIGNED_CONTEXT ( ( #5079, #4982, #8127 ) ) REPRESENTATION_CONTEXT ( 'NONE', 'WORKASPACE' ) );
#10050 = ADVANCED_FACE ( 'NONE', ( #6427 ), #4061, .T. ) ;
#10051 = PLANE ( 'NONE',  #417 ) ;
#10052 = CARTESIAN_POINT ( 'NONE',  ( -0.1086397732177001585, 0.8100000000000001643, 0.02693884005071236695 ) ) ;
#10053 = FILL_AREA_STYLE ('',( #8248 ) ) ;
#10054 = CARTESIAN_POINT ( 'NONE',  ( 0.9390620689355981821, 0.8000000000000000444, -0.1869802145278302019 ) ) ;
#10055 = CARTESIAN_POINT ( 'NONE',  ( 1.800000000000001377, 0.05000000000000000278, -1.249999999999998224 ) ) ;
#10056 = STYLED_ITEM ( 'NONE', ( #4150 ), #470 ) ;
#10057 = CARTESIAN_POINT ( 'NONE',  ( -1.003287648440316149, 0.8000000000000001554, -0.1782467166937073688 ) ) ;
#10058 = ORIENTED_EDGE ( 'NONE', *, *, #5019, .T. ) ;
#10059 = CARTESIAN_POINT ( 'NONE',  ( 0.8271341719677763882, 0.8000000000000002665, -0.1981921041820712825 ) ) ;
#10060 = VERTEX_POINT ( 'NONE', #8031 ) ;
#10061 = CARTESIAN_POINT ( 'NONE',  ( -0.1577748895614943525, 0.8100000000000001643, -0.2647261486837399480 ) ) ;
#10062 = CARTESIAN_POINT ( 'NONE',  ( 1.373335728183060267, 0.8000000000000001554, 0.1772727638257728389 ) ) ;
#10063 = CARTESIAN_POINT ( 'NONE',  ( 1.118430476778644378, 0.8100000000000001643, -0.2727415726576095656 ) ) ;
#10064 = CARTESIAN_POINT ( 'NONE',  ( -1.199797388700056588, 0.8100000000000001643, 0.03871756902057833793 ) ) ;
#10065 = EDGE_CURVE ( 'NONE', #7840, #625, #8936, .T. ) ;
#10066 = LINE ( 'NONE', #2058, #2216 ) ;
#10067 = EDGE_CURVE ( 'NONE', #1757, #2124, #8133, .T. ) ;
#10068 = MECHANICAL_DESIGN_GEOMETRIC_PRESENTATION_REPRESENTATION (  '', ( #1870 ), #6755 ) ;
#10069 = ORIENTED_EDGE ( 'NONE', *, *, #8732, .T. ) ;
#10070 = CARTESIAN_POINT ( 'NONE',  ( -1.067211776235770238, 0.7999999999999999334, -0.2013995848897354723 ) ) ;
#10071 = EDGE_LOOP ( 'NONE', ( #8781, #2325, #8098, #4616 ) ) ;
#10072 = PLANE ( 'NONE',  #4862 ) ;
#10073 = ADVANCED_FACE ( 'NONE', ( #3416 ), #7239, .T. ) ;
#10074 = FILL_AREA_STYLE ('',( #3803 ) ) ;
#10075 = CARTESIAN_POINT ( 'NONE',  ( 0.6778603854127962514, 0.8100000000000001643, 0.05013188986746398151 ) ) ;
#10076 = PRESENTATION_STYLE_ASSIGNMENT (( #3384 ) ) ;
#10077 = DIRECTION ( 'NONE',  ( 0.0000000000000000000, 0.0000000000000000000, 1.000000000000000000 ) ) ;
#10078 =( LENGTH_UNIT ( ) NAMED_UNIT ( * ) SI_UNIT ( .MILLI., .METRE. ) );
#10079 = CARTESIAN_POINT ( 'NONE',  ( -1.167872041210175516, 0.8000000000000001554, 0.1000644643274157253 ) ) ;
#10080 = SURFACE_SIDE_STYLE ('',( #7649 ) ) ;
#10081 = ORIENTED_EDGE ( 'NONE', *, *, #7143, .F. ) ;
#10082 = LINE ( 'NONE', #3050, #5126 ) ;
#10083 = CARTESIAN_POINT ( 'NONE',  ( -0.4656253107779786404, 0.8100000000000001643, 0.1756899716179807780 ) ) ;
#10084 = ORIENTED_EDGE ( 'NONE', *, *, #8558, .F. ) ;
#10085 = AXIS2_PLACEMENT_3D ( 'NONE', #1152, #4257, #7406 ) ;
#10086 = CARTESIAN_POINT ( 'NONE',  ( -0.1665668410627549056, 0.8000000000000001554, -0.2717092412022345527 ) ) ;
#10087 = LINE ( 'NONE', #838, #1928 ) ;
#10088 =( NAMED_UNIT ( * ) SI_UNIT ( $, .STERADIAN. ) SOLID_ANGLE_UNIT ( ) );
#10089 = AXIS2_PLACEMENT_3D ( 'NONE', #5869, #9017, #280 ) ;
#10090 = DIRECTION ( 'NONE',  ( 0.0000000000000000000, 0.0000000000000000000, 1.000000000000000000 ) ) ;
#10091 = CARTESIAN_POINT ( 'NONE',  ( -0.9165349270669702619, 0.8000000000000002665, 0.1586085643082465746 ) ) ;
#10092 = CARTESIAN_POINT ( 'NONE',  ( -0.9312765738876136457, 0.8100000000000004974, -0.1711366949307232266 ) ) ;
#10093 = CARTESIAN_POINT ( 'NONE',  ( -0.3474990490353050965, 0.8099999999999999423, 0.1333922487243913158 ) ) ;
#10094 = VERTEX_POINT ( 'NONE', #4309 ) ;
#10095 = CARTESIAN_POINT ( 'NONE',  ( -0.6838215988206240992, 0.8100000000000001643, 0.2251253455114073931 ) ) ;
#10096 = SURFACE_SIDE_STYLE ('',( #6884 ) ) ;
#10097 = CARTESIAN_POINT ( 'NONE',  ( -0.1221854826163050745, 0.8000000000000000444, 0.1246360452344275199 ) ) ;
#10098 = PRESENTATION_STYLE_ASSIGNMENT (( #4581 ) ) ;
#10099 = CARTESIAN_POINT ( 'NONE',  ( 0.9136768659670547743, 0.8000000000000003775, -0.04379324420162934717 ) ) ;
#10100 = CARTESIAN_POINT ( 'NONE',  ( -0.6942421341600300000, 0.8100000000000001643, -0.1829673941784971392 ) ) ;
#10101 = CARTESIAN_POINT ( 'NONE',  ( 1.203900344141479284, 0.8000000000000002665, 0.1948600092757132585 ) ) ;
#10102 = SURFACE_SIDE_STYLE ('',( #3070 ) ) ;
#10103 =( NAMED_UNIT ( * ) PLANE_ANGLE_UNIT ( ) SI_UNIT ( $, .RADIAN. ) );
#10104 = ORIENTED_EDGE ( 'NONE', *, *, #1163, .F. ) ;
#10105 = CARTESIAN_POINT ( 'NONE',  ( -0.6399907248941266724, 0.7999999999999999334, -0.2121586914474248020 ) ) ;
#10106 = AXIS2_PLACEMENT_3D ( 'NONE', #6563, #1869, #8271 ) ;
#10107 = CARTESIAN_POINT ( 'NONE',  ( 1.221148142981639761, 0.8000000000000002665, 0.2639327839366536477 ) ) ;
#10108 = MECHANICAL_DESIGN_GEOMETRIC_PRESENTATION_REPRESENTATION (  '', ( #1090 ), #9122 ) ;
#10109 = PLANE ( 'NONE',  #5280 ) ;
#10110 = CARTESIAN_POINT ( 'NONE',  ( 1.023265779056520053, 0.7999999999999999334, 0.2241995966568164078 ) ) ;
#10111 = CARTESIAN_POINT ( 'NONE',  ( -1.990000000000001323, 0.6800000000000000488, -0.9399999999999996136 ) ) ;
#10112 = COLOUR_RGB ( '',0.09803921568627450844, 0.09803921568627450844, 0.09803921568627450844 ) ;
#10113 = CARTESIAN_POINT ( 'NONE',  ( 1.123747088249460235, 0.7999999999999999334, 0.1957876896143228296 ) ) ;
#10114 = DIRECTION ( 'NONE',  ( 1.000000000000000000, -0.0000000000000000000, 0.0000000000000000000 ) ) ;
#10115 = DIRECTION ( 'NONE',  ( -0.0000000000000000000, -1.000000000000000000, -0.0000000000000000000 ) ) ;
#10116 = PRESENTATION_STYLE_ASSIGNMENT (( #4442 ) ) ;
#10117 = AXIS2_PLACEMENT_3D ( 'NONE', #9271, #10045, #9893 ) ;
#10118 = EDGE_CURVE ( 'NONE', #9022, #3285, #9064, .T. ) ;
#10119 = ORIENTED_EDGE ( 'NONE', *, *, #2154, .T. ) ;
#10120 = CARTESIAN_POINT ( 'NONE',  ( -1.075777645401378990, 0.8100000000000001643, -0.2306812735306203455 ) ) ;
#10121 = ADVANCED_FACE ( 'NONE', ( #3464 ), #2025, .F. ) ;
#10122 = UNCERTAINTY_MEASURE_WITH_UNIT (LENGTH_MEASURE( 1.000000000000000082E-05 ), #5874, 'distance_accuracy_value', 'NONE');
#10123 = FILL_AREA_STYLE ('',( #6958 ) ) ;
#10124 = AXIS2_PLACEMENT_3D ( 'NONE', #2232, #5441, #5341 ) ;
#10125 = CARTESIAN_POINT ( 'NONE',  ( -1.281119188400833941, 0.8100000000000001643, 0.1365639947277345889 ) ) ;
#10126 = DIRECTION ( 'NONE',  ( -0.0000000000000000000, -1.000000000000000000, -0.0000000000000000000 ) ) ;
#10127 = VERTEX_POINT ( 'NONE', #9046 ) ;
#10128 = CARTESIAN_POINT ( 'NONE',  ( -0.7815749861026538570, 0.8000000000000001554, 0.2691964651244743711 ) ) ;
#10129 = VERTEX_POINT ( 'NONE', #9503 ) ;
#10130 = VERTEX_POINT ( 'NONE', #40 ) ;
#10131 = UNCERTAINTY_MEASURE_WITH_UNIT (LENGTH_MEASURE( 1.000000000000000082E-05 ), #8075, 'distance_accuracy_value', 'NONE');
#10132 = SURFACE_STYLE_USAGE ( .BOTH. , #1520 ) ;
#10133 = CARTESIAN_POINT ( 'NONE',  ( -1.970000000000000862, 0.7000000000000000666, 0.9400000000000005018 ) ) ;
#10134 = FILL_AREA_STYLE_COLOUR ( '', #5108 ) ;
#10135 = DIRECTION ( 'NONE',  ( 1.000000000000000000, -0.0000000000000000000, 2.710505431213766508E-16 ) ) ;
#10136 = DIRECTION ( 'NONE',  ( -1.000000000000000000, -0.0000000000000000000, -0.0000000000000000000 ) ) ;
#10137 = CARTESIAN_POINT ( 'NONE',  ( -0.7815749861026538570, 0.8100000000000001643, 0.2691964651244743711 ) ) ;
#10138 = CARTESIAN_POINT ( 'NONE',  ( 1.073267744298122217, 0.7999999999999998224, -0.2566400379139825993 ) ) ;
#10139 = ORIENTED_EDGE ( 'NONE', *, *, #315, .F. ) ;
#10140 =( LENGTH_UNIT ( ) NAMED_UNIT ( * ) SI_UNIT ( .MILLI., .METRE. ) );
#10141 = DIRECTION ( 'NONE',  ( 0.0000000000000000000, 7.905186020114155214E-14, 1.000000000000000000 ) ) ;
#10142 = LINE ( 'NONE', #3115, #7241 ) ;
#10143 = VECTOR ( 'NONE', #7630, 1000.000000000000000 ) ;
#10144 = FILL_AREA_STYLE_COLOUR ( '', #4626 ) ;
#10145 = LINE ( 'NONE', #2192, #6381 ) ;
#10146 = CARTESIAN_POINT ( 'NONE',  ( -0.6215906808923359339, 0.8100000000000003864, -0.05191086813422744750 ) ) ;
#10147 = CARTESIAN_POINT ( 'NONE',  ( -1.700000000000001954, 0.0000000000000000000, 1.149999999999998801 ) ) ;
#10148 = CARTESIAN_POINT ( 'NONE',  ( -0.8636085151130904469, 0.8000000000000001554, -0.2018945844147104485 ) ) ;
#10149 = CARTESIAN_POINT ( 'NONE',  ( -0.9999999999999997780, 0.05000000000000000278, -0.3500000000000000333 ) ) ;
#10150 = CARTESIAN_POINT ( 'NONE',  ( -1.106889507189946720, 0.8000000000000001554, 0.03330218822710366566 ) ) ;
#10151 = ORIENTED_EDGE ( 'NONE', *, *, #8234, .F. ) ;
#10152 = SURFACE_STYLE_USAGE ( .BOTH. , #4692 ) ;
#10153 = PRESENTATION_LAYER_ASSIGNMENT (  '', '', ( #5217 ) ) ;
#10154 = ORIENTED_EDGE ( 'NONE', *, *, #6701, .T. ) ;
#10155 = SURFACE_STYLE_FILL_AREA ( #7734 ) ;
#10156 = CARTESIAN_POINT ( 'NONE',  ( -0.8786123237649915430, 0.8000000000000001554, -0.03859574266773335011 ) ) ;
#10157 = CARTESIAN_POINT ( 'NONE',  ( 0.9997429487942814941, 0.8100000000000002753, -0.1706201170461517647 ) ) ;
#10158 = CARTESIAN_POINT ( 'NONE',  ( -1.066571073958949789, 0.8100000000000000533, -0.1585169561894177737 ) ) ;
#10159 = FILL_AREA_STYLE ('',( #4545 ) ) ;
#10160 = CARTESIAN_POINT ( 'NONE',  ( 1.156894205146562049, 0.8100000000000001643, -0.3463191467530827294 ) ) ;
#10161 =( LENGTH_UNIT ( ) NAMED_UNIT ( * ) SI_UNIT ( .MILLI., .METRE. ) );
#10162 = ORIENTED_EDGE ( 'NONE', *, *, #1471, .T. ) ;
#10163 = ORIENTED_EDGE ( 'NONE', *, *, #6773, .T. ) ;
#10164 = SURFACE_STYLE_USAGE ( .BOTH. , #8520 ) ;
#10165 = CIRCLE ( 'NONE', #8034, 0.3041381265149101232 ) ;
#10166 = STYLED_ITEM ( 'NONE', ( #4052 ), #7372 ) ;
#10167 = LINE ( 'NONE', #3138, #5559 ) ;
#10168 = CARTESIAN_POINT ( 'NONE',  ( 0.6151678478745382650, 0.8100000000000002753, 0.0006484950671333608455 ) ) ;
#10169 = CARTESIAN_POINT ( 'NONE',  ( -0.09379089519356294258, 0.8000000000000001554, -0.2830762621482530439 ) ) ;
#10170 = COLOUR_RGB ( '',1.000000000000000000, 0.8078431372549019773, 0.4980392156862745168 ) ;
#10171 = SURFACE_STYLE_USAGE ( .BOTH. , #3944 ) ;
#10172 = B_SPLINE_CURVE_WITH_KNOTS ( 'NONE', 3,
 ( #4374, #484, #2711, #5050, #2859, #9697, #5203, #279, #3432, #2656, #1889, #5002, #8151, #6637, #1124 ),
 .UNSPECIFIED., .F., .F.,
 ( 4, 1, 1, 1, 1, 1, 1, 1, 1, 1, 1, 1, 4 ),
 ( 0.0000000000000000000, 0.1127637884701892523, 0.2122965935194748854, 0.3003597345435974897, 0.3772258941717883118, 0.4488605810418261899, 0.5212542585843975562, 0.5947535958431323655, 0.6711958399937263398, 0.7497814487269274242, 0.8304411004918744732, 0.9133100095204436109, 1.000000000000000000 ),
 .UNSPECIFIED. ) ;
#10173 = STYLED_ITEM ( 'NONE', ( #5313 ), #7727 ) ;
#10174 = LINE ( 'NONE', #10026, #7357 ) ;
#10175 = ORIENTED_EDGE ( 'NONE', *, *, #4185, .F. ) ;
#10176 = CARTESIAN_POINT ( 'NONE',  ( -0.9385122948763453543, 0.8000000000000002665, 0.03906791921829761566 ) ) ;
#10177 = ORIENTED_EDGE ( 'NONE', *, *, #9419, .T. ) ;
#10178 =( GEOMETRIC_REPRESENTATION_CONTEXT ( 3 ) GLOBAL_UNCERTAINTY_ASSIGNED_CONTEXT ( ( #3063 ) ) GLOBAL_UNIT_ASSIGNED_CONTEXT ( ( #7300, #3252, #5602 ) ) REPRESENTATION_CONTEXT ( 'NONE', 'WORKASPACE' ) );
#10179 = CARTESIAN_POINT ( 'NONE',  ( -0.1856686731976486537, 0.7999999999999999334, -0.2812719115885146670 ) ) ;
#10180 = EDGE_CURVE ( 'NONE', #9897, #717, #7960, .T. ) ;
#10181 = CARTESIAN_POINT ( 'NONE',  ( 0.6876214424687742133, 0.8000000000000001554, -0.007426911498902444980 ) ) ;
ENDSEC;
END-ISO-10303-21;
